method,training_year,holding_year,evaluation,codes,sharpe,maximum_within_group_correlation,phase,restart,removed,added
rolling_multi_start_hill,2021,2022,1,159865.SZ|159901.SZ|159920.SZ|159980.SZ|159985.SZ|501018.SH|513030.SH|513080.SH|513180.SH|513500.SH|513880.SH|515210.SH|518880.SH,-0.04141558142205041,0.910284859375849,restart,0,,
rolling_multi_start_hill,2021,2022,2,159865.SZ|159901.SZ|159920.SZ|159980.SZ|159981.SZ|159985.SZ|501018.SH|513030.SH|513080.SH|513180.SH|513500.SH|513880.SH|515210.SH,0.6521923424089844,0.910284859375849,neighbor,0,518880.SH,159981.SZ
rolling_multi_start_hill,2021,2022,3,159865.SZ|159901.SZ|159920.SZ|159980.SZ|159981.SZ|159985.SZ|164824.SZ|501018.SH|513030.SH|513080.SH|513180.SH|513500.SH|515210.SH,0.6396720765830668,0.910284859375849,neighbor,0,513880.SH,164824.SZ
rolling_multi_start_hill,2021,2022,4,159865.SZ|159901.SZ|159920.SZ|159980.SZ|159981.SZ|159985.SZ|501018.SH|513030.SH|513080.SH|513180.SH|513500.SH|513880.SH|516150.SH,0.6809922945291886,0.910284859375849,neighbor,0,515210.SH,516150.SH
rolling_multi_start_hill,2021,2022,5,159865.SZ|159901.SZ|159920.SZ|159980.SZ|159981.SZ|159985.SZ|164824.SZ|501018.SH|513030.SH|513080.SH|513180.SH|513500.SH|516150.SH,0.7601322431634413,0.910284859375849,neighbor,0,513880.SH,164824.SZ
rolling_multi_start_hill,2021,2022,6,159865.SZ|159920.SZ|159980.SZ|159981.SZ|159985.SZ|164824.SZ|501018.SH|510500.SH|513030.SH|513080.SH|513180.SH|513500.SH|516150.SH,0.8336260233261608,0.910284859375849,neighbor,0,159901.SZ,510500.SH
rolling_multi_start_hill,2021,2022,7,159865.SZ|159920.SZ|159980.SZ|159981.SZ|159985.SZ|164824.SZ|501018.SH|513030.SH|513080.SH|513180.SH|513500.SH|515880.SH|516150.SH,1.2916658977240076,0.910284859375849,neighbor,0,510500.SH,515880.SH
rolling_multi_start_hill,2021,2022,8,159865.SZ|159920.SZ|159980.SZ|159981.SZ|159985.SZ|501018.SH|513030.SH|513080.SH|513180.SH|513500.SH|513880.SH|515880.SH|516150.SH,1.1332852968529952,0.910284859375849,neighbor,0,164824.SZ,513880.SH
rolling_multi_start_hill,2021,2022,9,159865.SZ|159920.SZ|159981.SZ|159985.SZ|161226.SZ|164824.SZ|501018.SH|513030.SH|513080.SH|513180.SH|513500.SH|515880.SH|516150.SH,1.291215900688198,0.910284859375849,neighbor,0,159980.SZ,161226.SZ
rolling_multi_start_hill,2021,2022,10,159865.SZ|159920.SZ|159980.SZ|159981.SZ|159985.SZ|164824.SZ|501018.SH|513030.SH|513080.SH|513180.SH|513880.SH|515880.SH|516150.SH,1.3112590470988799,0.910284859375849,neighbor,0,513500.SH,513880.SH
rolling_multi_start_hill,2021,2022,11,159865.SZ|159920.SZ|159980.SZ|159985.SZ|161226.SZ|164824.SZ|501018.SH|513030.SH|513080.SH|513180.SH|513880.SH|515880.SH|516150.SH,0.44097348657237506,0.910284859375849,neighbor,0,159981.SZ,161226.SZ
rolling_multi_start_hill,2021,2022,12,159865.SZ|159920.SZ|159980.SZ|159981.SZ|159985.SZ|164824.SZ|501018.SH|512980.SH|513030.SH|513080.SH|513180.SH|513880.SH|515880.SH,1.3051340308356356,0.910284859375849,neighbor,0,516150.SH,512980.SH
rolling_multi_start_hill,2021,2022,13,159901.SZ|159920.SZ|159980.SZ|159981.SZ|159985.SZ|164824.SZ|501018.SH|513030.SH|513080.SH|513180.SH|513880.SH|515880.SH|516150.SH,0.7638165753984981,0.910284859375849,neighbor,0,159865.SZ,159901.SZ
rolling_multi_start_hill,2021,2022,14,159865.SZ|159920.SZ|159980.SZ|159981.SZ|159985.SZ|161226.SZ|164824.SZ|513030.SH|513080.SH|513180.SH|513880.SH|515880.SH|516150.SH,0.4013700129811903,0.910284859375849,neighbor,0,501018.SH,161226.SZ
rolling_multi_start_hill,2021,2022,15,159865.SZ|159920.SZ|159980.SZ|159981.SZ|159985.SZ|164824.SZ|513030.SH|513080.SH|513180.SH|513880.SH|515880.SH|516150.SH|518880.SH,0.11270251457850107,0.910284859375849,neighbor,0,501018.SH,518880.SH
rolling_multi_start_hill,2021,2022,16,159865.SZ|159920.SZ|159980.SZ|159981.SZ|159985.SZ|164824.SZ|501018.SH|512100.SH|513030.SH|513080.SH|513180.SH|513880.SH|516150.SH,1.075370941793724,0.910284859375849,neighbor,0,515880.SH,512100.SH
rolling_multi_start_hill,2021,2022,17,159865.SZ|159920.SZ|159981.SZ|159985.SZ|161226.SZ|164824.SZ|501018.SH|513030.SH|513080.SH|513180.SH|513880.SH|515880.SH|516150.SH,0.9195614535346586,0.910284859375849,neighbor,0,159980.SZ,161226.SZ
rolling_multi_start_hill,2021,2022,18,159865.SZ|159920.SZ|159980.SZ|159981.SZ|159985.SZ|164824.SZ|501018.SH|510880.SH|513030.SH|513080.SH|513180.SH|513880.SH|516150.SH,1.094969704693964,0.910284859375849,neighbor,0,515880.SH,510880.SH
rolling_multi_start_hill,2021,2022,19,159865.SZ|159920.SZ|159980.SZ|159981.SZ|161226.SZ|164824.SZ|501018.SH|513030.SH|513080.SH|513180.SH|513880.SH|515880.SH|516150.SH,0.6121426996015117,0.910284859375849,neighbor,0,159985.SZ,161226.SZ
rolling_multi_start_hill,2021,2022,20,159865.SZ|159920.SZ|159980.SZ|159981.SZ|159985.SZ|164824.SZ|501018.SH|510210.SH|513030.SH|513080.SH|513180.SH|513880.SH|515880.SH,1.3130233238372295,0.910284859375849,neighbor,0,516150.SH,510210.SH
rolling_multi_start_hill,2021,2022,21,159825.SZ|159865.SZ|159920.SZ|159980.SZ|159981.SZ|159985.SZ|160644.SZ|164824.SZ|501018.SH|512100.SH|513030.SH|513180.SH|513500.SH,1.531161439470518,0.910284859375849,restart,1,,
rolling_multi_start_hill,2021,2022,22,159825.SZ|159865.SZ|159920.SZ|159980.SZ|159981.SZ|159985.SZ|160644.SZ|164824.SZ|501018.SH|510300.SH|513030.SH|513180.SH|513500.SH,1.0688298842641846,0.910284859375849,neighbor,1,512100.SH,510300.SH
rolling_multi_start_hill,2021,2022,23,159825.SZ|159865.SZ|159920.SZ|159980.SZ|159981.SZ|160644.SZ|164824.SZ|501018.SH|512100.SH|513030.SH|513180.SH|513500.SH|518880.SH,0.7828883965467128,0.910284859375849,neighbor,1,159985.SZ,518880.SH
rolling_multi_start_hill,2021,2022,24,159825.SZ|159865.SZ|159920.SZ|159980.SZ|159981.SZ|159985.SZ|160644.SZ|164824.SZ|501018.SH|512100.SH|513030.SH|513080.SH|513180.SH,1.383234392492009,0.910284859375849,neighbor,1,513500.SH,513080.SH
rolling_multi_start_hill,2021,2022,25,159825.SZ|159865.SZ|159920.SZ|159980.SZ|159981.SZ|159985.SZ|160644.SZ|164824.SZ|512100.SH|513030.SH|513180.SH|513500.SH|518880.SH,0.18607389272873623,0.910284859375849,neighbor,1,501018.SH,518880.SH
rolling_multi_start_hill,2021,2022,26,159825.SZ|159865.SZ|159920.SZ|159980.SZ|159981.SZ|159985.SZ|160644.SZ|501018.SH|512100.SH|513030.SH|513180.SH|513500.SH|513880.SH,1.682588967663429,0.910284859375849,neighbor,1,164824.SZ,513880.SH
rolling_multi_start_hill,2021,2022,27,159825.SZ|159865.SZ|159920.SZ|159980.SZ|159981.SZ|159985.SZ|501018.SH|512100.SH|513030.SH|513100.SH|513180.SH|513500.SH|513880.SH,1.1601245293155882,0.910284859375849,neighbor,1,160644.SZ,513100.SH
rolling_multi_start_hill,2021,2022,28,159865.SZ|159920.SZ|159980.SZ|159981.SZ|159985.SZ|160644.SZ|501018.SH|512100.SH|512400.SH|513030.SH|513180.SH|513500.SH|513880.SH,1.338834736246665,0.910284859375849,neighbor,1,159825.SZ,512400.SH
rolling_multi_start_hill,2021,2022,29,159825.SZ|159865.SZ|159920.SZ|159980.SZ|159981.SZ|159985.SZ|501018.SH|512100.SH|513030.SH|513080.SH|513180.SH|513500.SH|513880.SH,1.4410340560973993,0.910284859375849,neighbor,1,160644.SZ,513080.SH
rolling_multi_start_hill,2021,2022,30,159825.SZ|159865.SZ|159920.SZ|159981.SZ|159985.SZ|160644.SZ|161226.SZ|501018.SH|512100.SH|513030.SH|513180.SH|513500.SH|513880.SH,1.2549761906263317,0.910284859375849,neighbor,1,159980.SZ,161226.SZ
rolling_multi_start_hill,2021,2022,31,159825.SZ|159865.SZ|159920.SZ|159980.SZ|159981.SZ|159985.SZ|160644.SZ|512100.SH|513030.SH|513180.SH|513500.SH|513880.SH|518880.SH,0.13886127846821308,0.910284859375849,neighbor,1,501018.SH,518880.SH
rolling_multi_start_hill,2021,2022,32,159825.SZ|159865.SZ|159920.SZ|159980.SZ|159981.SZ|160644.SZ|161226.SZ|501018.SH|512100.SH|513030.SH|513180.SH|513500.SH|513880.SH,1.0060276069465761,0.910284859375849,neighbor,1,159985.SZ,161226.SZ
rolling_multi_start_hill,2021,2022,33,159825.SZ|159865.SZ|159901.SZ|159920.SZ|159980.SZ|159981.SZ|159985.SZ|160644.SZ|501018.SH|513030.SH|513180.SH|513500.SH|513880.SH,0.8134468903480774,0.910284859375849,neighbor,1,512100.SH,159901.SZ
rolling_multi_start_hill,2021,2022,34,159825.SZ|159865.SZ|159920.SZ|159980.SZ|159981.SZ|159985.SZ|164824.SZ|501018.SH|512100.SH|513030.SH|513180.SH|513500.SH|513880.SH,1.3898739636968311,0.910284859375849,neighbor,1,160644.SZ,164824.SZ
rolling_multi_start_hill,2021,2022,35,159825.SZ|159865.SZ|159920.SZ|159980.SZ|159985.SZ|160644.SZ|161226.SZ|501018.SH|512100.SH|513030.SH|513180.SH|513500.SH|513880.SH,0.8015382879059492,0.910284859375849,neighbor,1,159981.SZ,161226.SZ
rolling_multi_start_hill,2021,2022,36,159825.SZ|159920.SZ|159980.SZ|159981.SZ|159985.SZ|160644.SZ|501018.SH|512040.SH|512100.SH|513030.SH|513180.SH|513500.SH|513880.SH,1.3948053011147594,0.910284859375849,neighbor,1,159865.SZ,512040.SH
rolling_multi_start_hill,2021,2022,37,159825.SZ|159865.SZ|159920.SZ|159980.SZ|159981.SZ|159985.SZ|160644.SZ|501018.SH|512100.SH|513030.SH|513080.SH|513180.SH|513880.SH,1.5849017662265865,0.910284859375849,neighbor,1,513500.SH,513080.SH
rolling_multi_start_hill,2021,2022,38,159825.SZ|159865.SZ|159920.SZ|159981.SZ|159985.SZ|160644.SZ|501018.SH|512100.SH|513030.SH|513180.SH|513500.SH|513880.SH|518880.SH,0.800982387656025,0.910284859375849,neighbor,1,159980.SZ,518880.SH
rolling_multi_start_hill,2021,2022,39,159825.SZ|159865.SZ|159920.SZ|159980.SZ|159981.SZ|159985.SZ|160644.SZ|164824.SZ|501018.SH|512100.SH|513180.SH|513500.SH|513880.SH,1.4374356504238355,0.910284859375849,neighbor,1,513030.SH,164824.SZ
rolling_multi_start_hill,2021,2022,40,159825.SZ|159865.SZ|159920.SZ|159980.SZ|159981.SZ|160644.SZ|501018.SH|512100.SH|513030.SH|513180.SH|513500.SH|513880.SH|518880.SH,0.6471136914476614,0.910284859375849,neighbor,1,159985.SZ,518880.SH
rolling_multi_start_hill,2021,2022,41,159851.SZ|159920.SZ|159980.SZ|159981.SZ|160644.SZ|164824.SZ|501018.SH|512170.SH|513030.SH|513080.SH|513180.SH|516150.SH|518880.SH,0.6867422077313897,0.910284859375849,restart,2,,
rolling_multi_start_hill,2021,2022,42,159852.SZ|159920.SZ|159980.SZ|159981.SZ|160644.SZ|164824.SZ|501018.SH|512170.SH|513030.SH|513080.SH|513180.SH|516150.SH|518880.SH,0.21484882100432387,0.910284859375849,neighbor,2,159851.SZ,159852.SZ
rolling_multi_start_hill,2021,2022,43,159851.SZ|159920.SZ|159981.SZ|159985.SZ|160644.SZ|164824.SZ|501018.SH|512170.SH|513030.SH|513080.SH|513180.SH|516150.SH|518880.SH,0.9189726523388831,0.910284859375849,neighbor,2,159980.SZ,159985.SZ
rolling_multi_start_hill,2021,2022,44,159851.SZ|159920.SZ|159981.SZ|159985.SZ|164824.SZ|501018.SH|512170.SH|513030.SH|513080.SH|513180.SH|513880.SH|516150.SH|518880.SH,0.34811358998096475,0.910284859375849,neighbor,2,160644.SZ,513880.SH
rolling_multi_start_hill,2021,2022,45,159851.SZ|159920.SZ|159981.SZ|159985.SZ|160644.SZ|164824.SZ|501018.SH|512170.SH|513080.SH|513100.SH|513180.SH|516150.SH|518880.SH,0.8286151176059641,0.910284859375849,neighbor,2,513030.SH,513100.SH
rolling_multi_start_hill,2021,2022,46,159851.SZ|159869.SZ|159920.SZ|159981.SZ|159985.SZ|160644.SZ|164824.SZ|501018.SH|513030.SH|513080.SH|513180.SH|516150.SH|518880.SH,0.9935764525668197,0.910284859375849,neighbor,2,512170.SH,159869.SZ
rolling_multi_start_hill,2021,2022,47,159851.SZ|159869.SZ|159920.SZ|159980.SZ|159985.SZ|160644.SZ|164824.SZ|501018.SH|513030.SH|513080.SH|513180.SH|516150.SH|518880.SH,0.5426714681974923,0.910284859375849,neighbor,2,159981.SZ,159980.SZ
rolling_multi_start_hill,2021,2022,48,159851.SZ|159869.SZ|159920.SZ|159981.SZ|159985.SZ|160644.SZ|164824.SZ|501018.SH|513080.SH|513180.SH|513880.SH|516150.SH|518880.SH,0.7166227692280297,0.910284859375849,neighbor,2,513030.SH,513880.SH
rolling_multi_start_hill,2021,2022,49,159851.SZ|159869.SZ|159920.SZ|159980.SZ|159981.SZ|159985.SZ|160644.SZ|164824.SZ|501018.SH|513030.SH|513080.SH|513180.SH|516150.SH,1.484412157493887,0.910284859375849,neighbor,2,518880.SH,159980.SZ
rolling_multi_start_hill,2021,2022,50,159851.SZ|159869.SZ|159920.SZ|159980.SZ|159981.SZ|159985.SZ|160644.SZ|161226.SZ|164824.SZ|513030.SH|513080.SH|513180.SH|516150.SH,1.0921912103622837,0.910284859375849,neighbor,2,501018.SH,161226.SZ
rolling_multi_start_hill,2021,2022,51,159851.SZ|159869.SZ|159920.SZ|159980.SZ|159981.SZ|159985.SZ|160644.SZ|164824.SZ|501018.SH|513030.SH|513180.SH|513880.SH|516150.SH,1.0831200009148707,0.910284859375849,neighbor,2,513080.SH,513880.SH
rolling_multi_start_hill,2021,2022,52,159851.SZ|159869.SZ|159920.SZ|159980.SZ|159981.SZ|159985.SZ|160644.SZ|164824.SZ|501018.SH|513030.SH|513100.SH|513180.SH|516150.SH,1.666674679296589,0.910284859375849,neighbor,2,513080.SH,513100.SH
rolling_multi_start_hill,2021,2022,53,159869.SZ|159920.SZ|159980.SZ|159981.SZ|159985.SZ|160644.SZ|164824.SZ|501018.SH|512170.SH|513030.SH|513100.SH|513180.SH|516150.SH,1.3675203679568626,0.910284859375849,neighbor,2,159851.SZ,512170.SH
rolling_multi_start_hill,2021,2022,54,159851.SZ|159869.SZ|159920.SZ|159980.SZ|159981.SZ|159985.SZ|160644.SZ|164824.SZ|501018.SH|513100.SH|513180.SH|513880.SH|516150.SH,1.3391880825233855,0.910284859375849,neighbor,2,513030.SH,513880.SH
rolling_multi_start_hill,2021,2022,55,159869.SZ|159920.SZ|159980.SZ|159981.SZ|159985.SZ|160644.SZ|164824.SZ|501018.SH|512200.SH|513030.SH|513100.SH|513180.SH|516150.SH,1.2588170996499022,0.910284859375849,neighbor,2,159851.SZ,512200.SH
rolling_multi_start_hill,2021,2022,56,159851.SZ|159869.SZ|159920.SZ|159980.SZ|159981.SZ|160644.SZ|164824.SZ|501018.SH|513030.SH|513100.SH|513180.SH|516150.SH|518880.SH,1.2291758380303563,0.910284859375849,neighbor,2,159985.SZ,518880.SH
rolling_multi_start_hill,2021,2022,57,159851.SZ|159869.SZ|159920.SZ|159980.SZ|159981.SZ|159985.SZ|160644.SZ|164824.SZ|501018.SH|513100.SH|513180.SH|513500.SH|516150.SH,1.6662271450322828,0.910284859375849,neighbor,2,513030.SH,513500.SH
rolling_multi_start_hill,2021,2022,58,159851.SZ|159869.SZ|159920.SZ|159980.SZ|159981.SZ|159985.SZ|164824.SZ|501018.SH|513030.SH|513100.SH|513180.SH|513880.SH|516150.SH,1.080897250318127,0.910284859375849,neighbor,2,160644.SZ,513880.SH
rolling_multi_start_hill,2021,2022,59,159851.SZ|159865.SZ|159869.SZ|159920.SZ|159980.SZ|159981.SZ|159985.SZ|160644.SZ|164824.SZ|501018.SH|513030.SH|513100.SH|513180.SH,1.8228317486941006,0.910284859375849,neighbor,2,516150.SH,159865.SZ
rolling_multi_start_hill,2021,2022,60,159851.SZ|159865.SZ|159869.SZ|159920.SZ|159980.SZ|159981.SZ|159985.SZ|160644.SZ|164824.SZ|501018.SH|513030.SH|513180.SH|513880.SH,1.0275247599396955,0.910284859375849,neighbor,2,513100.SH,513880.SH
rolling_multi_start_hill,2021,2022,61,159870.SZ|159920.SZ|159928.SZ|159980.SZ|159985.SZ|160644.SZ|161226.SZ|164824.SZ|501018.SH|510180.SH|513180.SH|513500.SH|513880.SH,-0.3864587001068587,0.910284859375849,restart,3,,
rolling_multi_start_hill,2021,2022,62,159870.SZ|159920.SZ|159928.SZ|159980.SZ|159985.SZ|160644.SZ|161226.SZ|164824.SZ|501018.SH|510050.SH|513180.SH|513500.SH|513880.SH,-0.4794647092090399,0.910284859375849,neighbor,3,510180.SH,510050.SH
rolling_multi_start_hill,2021,2022,63,159870.SZ|159920.SZ|159928.SZ|159980.SZ|159985.SZ|161226.SZ|164824.SZ|501018.SH|510180.SH|513100.SH|513180.SH|513500.SH|513880.SH,-0.5336401393740964,0.910284859375849,neighbor,3,160644.SZ,513100.SH
rolling_multi_start_hill,2021,2022,64,159870.SZ|159920.SZ|159928.SZ|159980.SZ|159985.SZ|160644.SZ|161226.SZ|164824.SZ|510180.SH|513180.SH|513500.SH|513880.SH|518880.SH,-1.6079624825974894,0.910284859375849,neighbor,3,501018.SH,518880.SH
rolling_multi_start_hill,2021,2022,65,159901.SZ|159920.SZ|159928.SZ|159980.SZ|159985.SZ|160644.SZ|161226.SZ|164824.SZ|501018.SH|510180.SH|513180.SH|513500.SH|513880.SH,-0.35455698536953495,0.910284859375849,neighbor,3,159870.SZ,159901.SZ
rolling_multi_start_hill,2021,2022,66,159901.SZ|159920.SZ|159928.SZ|159980.SZ|159985.SZ|160644.SZ|161226.SZ|164824.SZ|501018.SH|510180.SH|513100.SH|513180.SH|513880.SH,-0.4414299906670509,0.910284859375849,neighbor,3,513500.SH,513100.SH
rolling_multi_start_hill,2021,2022,67,159901.SZ|159920.SZ|159949.SZ|159980.SZ|159985.SZ|160644.SZ|161226.SZ|164824.SZ|501018.SH|510180.SH|513180.SH|513500.SH|513880.SH,0.5708847481375787,0.910284859375849,neighbor,3,159928.SZ,159949.SZ
rolling_multi_start_hill,2021,2022,68,159901.SZ|159920.SZ|159949.SZ|159980.SZ|159985.SZ|160644.SZ|161226.SZ|164824.SZ|501018.SH|510180.SH|513030.SH|513180.SH|513880.SH,-0.12286891358670005,0.910284859375849,neighbor,3,513500.SH,513030.SH
rolling_multi_start_hill,2021,2022,69,159901.SZ|159920.SZ|159949.SZ|159980.SZ|159985.SZ|160644.SZ|161226.SZ|501018.SH|510180.SH|513100.SH|513180.SH|513500.SH|513880.SH,0.22730426444335822,0.910284859375849,neighbor,3,164824.SZ,513100.SH
rolling_multi_start_hill,2021,2022,70,159901.SZ|159920.SZ|159949.SZ|159980.SZ|159981.SZ|159985.SZ|160644.SZ|161226.SZ|164824.SZ|510180.SH|513180.SH|513500.SH|513880.SH,0.014378918860359944,0.910284859375849,neighbor,3,501018.SH,159981.SZ
rolling_multi_start_hill,2021,2022,71,159901.SZ|159920.SZ|159949.SZ|159980.SZ|159985.SZ|160644.SZ|161226.SZ|164824.SZ|501018.SH|513180.SH|513500.SH|513880.SH|516150.SH,0.5827316578964342,0.910284859375849,neighbor,3,510180.SH,516150.SH
rolling_multi_start_hill,2021,2022,72,159901.SZ|159915.SZ|159920.SZ|159980.SZ|159985.SZ|160644.SZ|161226.SZ|164824.SZ|501018.SH|513180.SH|513500.SH|513880.SH|516150.SH,0.3771197660153237,0.910284859375849,neighbor,3,159949.SZ,159915.SZ
rolling_multi_start_hill,2021,2022,73,159901.SZ|159920.SZ|159949.SZ|159980.SZ|159981.SZ|159985.SZ|160644.SZ|164824.SZ|501018.SH|513180.SH|513500.SH|513880.SH|516150.SH,0.8053890553166627,0.910284859375849,neighbor,3,161226.SZ,159981.SZ
rolling_multi_start_hill,2021,2022,74,159901.SZ|159920.SZ|159949.SZ|159981.SZ|159985.SZ|160644.SZ|164824.SZ|501018.SH|513180.SH|513500.SH|513880.SH|516150.SH|518880.SH,0.745886609632776,0.910284859375849,neighbor,3,159980.SZ,518880.SH
rolling_multi_start_hill,2021,2022,75,159920.SZ|159949.SZ|159980.SZ|159981.SZ|159985.SZ|160644.SZ|164824.SZ|501018.SH|510050.SH|513180.SH|513500.SH|513880.SH|516150.SH,0.9094213926734231,0.910284859375849,neighbor,3,159901.SZ,510050.SH
rolling_multi_start_hill,2021,2022,76,159920.SZ|159949.SZ|159980.SZ|159981.SZ|159985.SZ|160644.SZ|164824.SZ|501018.SH|510050.SH|513100.SH|513180.SH|513500.SH|516150.SH,1.1583276072704214,0.910284859375849,neighbor,3,513880.SH,513100.SH
rolling_multi_start_hill,2021,2022,77,159920.SZ|159928.SZ|159949.SZ|159980.SZ|159981.SZ|159985.SZ|160644.SZ|164824.SZ|501018.SH|513100.SH|513180.SH|513500.SH|516150.SH,1.1560045552707046,0.910284859375849,neighbor,3,510050.SH,159928.SZ
rolling_multi_start_hill,2021,2022,78,159865.SZ|159920.SZ|159949.SZ|159980.SZ|159981.SZ|159985.SZ|160644.SZ|164824.SZ|501018.SH|513100.SH|513180.SH|513500.SH|516150.SH,1.422193201348224,0.910284859375849,neighbor,3,510050.SH,159865.SZ
rolling_multi_start_hill,2021,2022,79,159865.SZ|159920.SZ|159949.SZ|159980.SZ|159981.SZ|160644.SZ|164824.SZ|501018.SH|513100.SH|513180.SH|513500.SH|516150.SH|518880.SH,0.9752836766460549,0.910284859375849,neighbor,3,159985.SZ,518880.SH
rolling_multi_start_hill,2021,2022,80,159865.SZ|159920.SZ|159949.SZ|159980.SZ|159981.SZ|159985.SZ|160644.SZ|501018.SH|513080.SH|513100.SH|513180.SH|513500.SH|516150.SH,1.089381184879091,0.910284859375849,neighbor,3,164824.SZ,513080.SH
rolling_multi_start_hill,2021,2022,81,159825.SZ|159920.SZ|159981.SZ|160644.SZ|161226.SZ|164824.SZ|501018.SH|512880.SH|512980.SH|513180.SH|513500.SH|513880.SH|518880.SH,0.058842018046799,0.910284859375849,restart,4,,
rolling_multi_start_hill,2021,2022,82,159825.SZ|159920.SZ|159981.SZ|160644.SZ|161226.SZ|164824.SZ|501018.SH|510300.SH|512980.SH|513180.SH|513500.SH|513880.SH|518880.SH,-0.10216981977463858,0.910284859375849,neighbor,4,512880.SH,510300.SH
rolling_multi_start_hill,2021,2022,83,159825.SZ|159920.SZ|159981.SZ|159985.SZ|160644.SZ|164824.SZ|501018.SH|512880.SH|512980.SH|513180.SH|513500.SH|513880.SH|518880.SH,0.36960882226613134,0.910284859375849,neighbor,4,161226.SZ,159985.SZ
rolling_multi_start_hill,2021,2022,84,159825.SZ|159920.SZ|159980.SZ|159981.SZ|160644.SZ|164824.SZ|501018.SH|512880.SH|512980.SH|513180.SH|513500.SH|513880.SH|518880.SH,-0.08071132457885716,0.910284859375849,neighbor,4,159985.SZ,159980.SZ
rolling_multi_start_hill,2021,2022,85,159825.SZ|159920.SZ|159981.SZ|159985.SZ|160644.SZ|164824.SZ|501018.SH|512880.SH|512980.SH|513100.SH|513180.SH|513880.SH|518880.SH,0.36842315252493757,0.910284859375849,neighbor,4,513500.SH,513100.SH
rolling_multi_start_hill,2021,2022,86,159825.SZ|159920.SZ|159980.SZ|159981.SZ|159985.SZ|160644.SZ|164824.SZ|512880.SH|512980.SH|513180.SH|513500.SH|513880.SH|518880.SH,-0.15189627886284165,0.910284859375849,neighbor,4,501018.SH,159980.SZ
rolling_multi_start_hill,2021,2022,87,159825.SZ|159920.SZ|159981.SZ|159985.SZ|160644.SZ|164824.SZ|501018.SH|510180.SH|512980.SH|513180.SH|513500.SH|513880.SH|518880.SH,0.2829786916638559,0.910284859375849,neighbor,4,512880.SH,510180.SH
rolling_multi_start_hill,2021,2022,88,159825.SZ|159920.SZ|159981.SZ|159985.SZ|160644.SZ|164824.SZ|501018.SH|512980.SH|513180.SH|513500.SH|513880.SH|518880.SH|588000.SH,0.7806841528678782,0.910284859375849,neighbor,4,512880.SH,588000.SH
rolling_multi_start_hill,2021,2022,89,159825.SZ|159920.SZ|159981.SZ|159985.SZ|160644.SZ|164824.SZ|501018.SH|512980.SH|513100.SH|513180.SH|513500.SH|518880.SH|588000.SH,0.6498105133665868,0.910284859375849,neighbor,4,513880.SH,513100.SH
rolling_multi_start_hill,2021,2022,90,159825.SZ|159920.SZ|159981.SZ|159985.SZ|160644.SZ|501018.SH|512980.SH|513100.SH|513180.SH|513500.SH|513880.SH|518880.SH|588000.SH,0.6531771924416508,0.910284859375849,neighbor,4,164824.SZ,513100.SH
rolling_multi_start_hill,2021,2022,91,159825.SZ|159920.SZ|159981.SZ|159985.SZ|164824.SZ|501018.SH|512980.SH|513030.SH|513180.SH|513500.SH|513880.SH|518880.SH|588000.SH,0.7061798400956332,0.910284859375849,neighbor,4,160644.SZ,513030.SH
rolling_multi_start_hill,2021,2022,92,159825.SZ|159920.SZ|159981.SZ|159985.SZ|160644.SZ|164824.SZ|501018.SH|512400.SH|512980.SH|513180.SH|513500.SH|513880.SH|518880.SH,0.3780659401910297,0.910284859375849,neighbor,4,588000.SH,512400.SH
rolling_multi_start_hill,2021,2022,93,159825.SZ|159920.SZ|159981.SZ|159985.SZ|160644.SZ|164824.SZ|501018.SH|512980.SH|513080.SH|513180.SH|513880.SH|518880.SH|588000.SH,0.7312569820418027,0.910284859375849,neighbor,4,513500.SH,513080.SH
rolling_multi_start_hill,2021,2022,94,159825.SZ|159920.SZ|159981.SZ|159985.SZ|160644.SZ|164824.SZ|501018.SH|512980.SH|513100.SH|513180.SH|513880.SH|518880.SH|588000.SH,0.7840127391926678,0.910284859375849,neighbor,4,513500.SH,513100.SH
rolling_multi_start_hill,2021,2022,95,159825.SZ|159920.SZ|159981.SZ|159985.SZ|160644.SZ|501018.SH|512980.SH|513080.SH|513100.SH|513180.SH|513880.SH|518880.SH|588000.SH,0.6075557214039595,0.910284859375849,neighbor,4,164824.SZ,513080.SH
rolling_multi_start_hill,2021,2022,96,159825.SZ|159920.SZ|159981.SZ|159985.SZ|160644.SZ|164824.SZ|501018.SH|512980.SH|513080.SH|513100.SH|513180.SH|518880.SH|588000.SH,0.7710832955349336,0.910284859375849,neighbor,4,513880.SH,513080.SH
rolling_multi_start_hill,2021,2022,97,159825.SZ|159920.SZ|159980.SZ|159981.SZ|159985.SZ|160644.SZ|164824.SZ|512980.SH|513100.SH|513180.SH|513880.SH|518880.SH|588000.SH,0.296619757357609,0.910284859375849,neighbor,4,501018.SH,159980.SZ
rolling_multi_start_hill,2021,2022,98,159825.SZ|159869.SZ|159920.SZ|159981.SZ|159985.SZ|160644.SZ|164824.SZ|501018.SH|512980.SH|513100.SH|513180.SH|513880.SH|518880.SH,0.5440824346077685,0.910284859375849,neighbor,4,588000.SH,159869.SZ
rolling_multi_start_hill,2021,2022,99,159825.SZ|159920.SZ|159981.SZ|159985.SZ|160644.SZ|164824.SZ|501018.SH|512980.SH|513030.SH|513100.SH|513180.SH|518880.SH|588000.SH,0.9440699918290076,0.910284859375849,neighbor,4,513880.SH,513030.SH
rolling_multi_start_hill,2021,2022,100,159825.SZ|159915.SZ|159920.SZ|159981.SZ|159985.SZ|160644.SZ|164824.SZ|501018.SH|512980.SH|513030.SH|513100.SH|513180.SH|518880.SH,0.67772531562242,0.910284859375849,neighbor,4,588000.SH,159915.SZ
rolling_multi_start_hill,2022,2023,1,159852.SZ|159920.SZ|159928.SZ|159985.SZ|160644.SZ|161226.SZ|164824.SZ|501018.SH|513030.SH|513070.SH|513500.SH|518880.SH|562500.SH,0.6968028654995929,0.9184217642745492,restart,0,,
rolling_multi_start_hill,2022,2023,2,159852.SZ|159920.SZ|159928.SZ|159985.SZ|160644.SZ|161226.SZ|164824.SZ|501018.SH|513070.SH|513080.SH|513500.SH|518880.SH|562500.SH,0.7696100426178293,0.9184217642745492,neighbor,0,513030.SH,513080.SH
rolling_multi_start_hill,2022,2023,3,159611.SZ|159920.SZ|159928.SZ|159985.SZ|160644.SZ|161226.SZ|164824.SZ|501018.SH|513070.SH|513080.SH|513500.SH|518880.SH|562500.SH,0.14532076342752362,0.9184217642745492,neighbor,0,159852.SZ,159611.SZ
rolling_multi_start_hill,2022,2023,4,159865.SZ|159920.SZ|159928.SZ|159985.SZ|160644.SZ|161226.SZ|164824.SZ|501018.SH|513070.SH|513080.SH|513500.SH|518880.SH|562500.SH,0.15824569387417525,0.9184217642745492,neighbor,0,159852.SZ,159865.SZ
rolling_multi_start_hill,2022,2023,5,159920.SZ|159928.SZ|159985.SZ|160644.SZ|161226.SZ|164824.SZ|501018.SH|510500.SH|513070.SH|513080.SH|513500.SH|518880.SH|562500.SH,0.6302354341367431,0.9184217642745492,neighbor,0,159852.SZ,510500.SH
rolling_multi_start_hill,2022,2023,6,159852.SZ|159920.SZ|159928.SZ|159985.SZ|160644.SZ|161226.SZ|164824.SZ|501018.SH|510500.SH|513070.SH|513080.SH|513500.SH|518880.SH,0.7392283951441364,0.9184217642745492,neighbor,0,562500.SH,510500.SH
rolling_multi_start_hill,2022,2023,7,159852.SZ|159920.SZ|159928.SZ|159985.SZ|160644.SZ|161226.SZ|501018.SH|513070.SH|513080.SH|513500.SH|513880.SH|518880.SH|562500.SH,0.19722927361087422,0.9184217642745492,neighbor,0,164824.SZ,513880.SH
rolling_multi_start_hill,2022,2023,8,159852.SZ|159920.SZ|159928.SZ|159985.SZ|161226.SZ|164824.SZ|501018.SH|513070.SH|513080.SH|513500.SH|513880.SH|518880.SH|562500.SH,0.6171122367190194,0.9184217642745492,neighbor,0,160644.SZ,513880.SH
rolling_multi_start_hill,2022,2023,9,159920.SZ|159928.SZ|159985.SZ|160644.SZ|161226.SZ|164824.SZ|501018.SH|513070.SH|513080.SH|513500.SH|518880.SH|562500.SH|588000.SH,0.546692984873772,0.9184217642745492,neighbor,0,159852.SZ,588000.SH
rolling_multi_start_hill,2022,2023,10,159852.SZ|159920.SZ|159928.SZ|159981.SZ|159985.SZ|160644.SZ|161226.SZ|164824.SZ|513070.SH|513080.SH|513500.SH|518880.SH|562500.SH,0.6352735717196217,0.9184217642745492,neighbor,0,501018.SH,159981.SZ
rolling_multi_start_hill,2022,2023,11,159852.SZ|159920.SZ|159928.SZ|159985.SZ|160644.SZ|161226.SZ|164824.SZ|501018.SH|512100.SH|513070.SH|513080.SH|513500.SH|518880.SH,0.5139587164072267,0.9184217642745492,neighbor,0,562500.SH,512100.SH
rolling_multi_start_hill,2022,2023,12,159852.SZ|159920.SZ|159928.SZ|159981.SZ|160644.SZ|161226.SZ|164824.SZ|501018.SH|513070.SH|513080.SH|513500.SH|518880.SH|562500.SH,0.23090864320648297,0.9184217642745492,neighbor,0,159985.SZ,159981.SZ
rolling_multi_start_hill,2022,2023,13,159852.SZ|159920.SZ|159985.SZ|160644.SZ|161226.SZ|164824.SZ|501018.SH|513070.SH|513080.SH|513500.SH|518880.SH|562500.SH|588000.SH,0.8129704576806738,0.9184217642745492,neighbor,0,159928.SZ,588000.SH
rolling_multi_start_hill,2022,2023,14,159852.SZ|159920.SZ|159981.SZ|160644.SZ|161226.SZ|164824.SZ|501018.SH|513070.SH|513080.SH|513500.SH|518880.SH|562500.SH|588000.SH,0.29296263060131866,0.9184217642745492,neighbor,0,159985.SZ,159981.SZ
rolling_multi_start_hill,2022,2023,15,159852.SZ|159920.SZ|159985.SZ|160644.SZ|161226.SZ|164824.SZ|501018.SH|513070.SH|513500.SH|513880.SH|518880.SH|562500.SH|588000.SH,0.8031386707115157,0.9184217642745492,neighbor,0,513080.SH,513880.SH
rolling_multi_start_hill,2022,2023,16,159852.SZ|159920.SZ|159981.SZ|159985.SZ|160644.SZ|161226.SZ|164824.SZ|501018.SH|513070.SH|513080.SH|513500.SH|562500.SH|588000.SH,0.2856132665691241,0.9184217642745492,neighbor,0,518880.SH,159981.SZ
rolling_multi_start_hill,2022,2023,17,159852.SZ|159920.SZ|159985.SZ|160644.SZ|161226.SZ|501018.SH|513070.SH|513080.SH|513500.SH|513880.SH|518880.SH|562500.SH|588000.SH,0.32583547032258553,0.9184217642745492,neighbor,0,164824.SZ,513880.SH
rolling_multi_start_hill,2022,2023,18,159852.SZ|159920.SZ|159985.SZ|160644.SZ|161226.SZ|164824.SZ|501018.SH|513070.SH|513080.SH|513880.SH|518880.SH|562500.SH|588000.SH,0.7627216814603514,0.9184217642745492,neighbor,0,513500.SH,513880.SH
rolling_multi_start_hill,2022,2023,19,159920.SZ|159985.SZ|160644.SZ|161226.SZ|164824.SZ|501018.SH|512100.SH|513070.SH|513080.SH|513500.SH|518880.SH|562500.SH|588000.SH,0.6819055981723104,0.9184217642745492,neighbor,0,159852.SZ,512100.SH
rolling_multi_start_hill,2022,2023,20,159852.SZ|159920.SZ|159985.SZ|160644.SZ|161226.SZ|164824.SZ|501018.SH|510050.SH|513070.SH|513080.SH|513500.SH|518880.SH|562500.SH,0.7493415707226158,0.9184217642745492,neighbor,0,588000.SH,510050.SH
rolling_multi_start_hill,2022,2023,21,159852.SZ|159920.SZ|159981.SZ|159985.SZ|160644.SZ|164824.SZ|501018.SH|510180.SH|512200.SH|513070.SH|513080.SH|513880.SH|518880.SH,0.5371255244483394,0.9184217642745492,restart,1,,
rolling_multi_start_hill,2022,2023,22,159852.SZ|159865.SZ|159920.SZ|159981.SZ|159985.SZ|160644.SZ|164824.SZ|501018.SH|512200.SH|513070.SH|513080.SH|513880.SH|518880.SH,0.35868366957760534,0.9184217642745492,neighbor,1,510180.SH,159865.SZ
rolling_multi_start_hill,2022,2023,23,159852.SZ|159920.SZ|159981.SZ|159985.SZ|160644.SZ|161226.SZ|164824.SZ|501018.SH|510180.SH|512200.SH|513070.SH|513080.SH|513880.SH,0.13012511957418713,0.9184217642745492,neighbor,1,518880.SH,161226.SZ
rolling_multi_start_hill,2022,2023,24,159852.SZ|159920.SZ|159980.SZ|159981.SZ|159985.SZ|160644.SZ|164824.SZ|510180.SH|512200.SH|513070.SH|513080.SH|513880.SH|518880.SH,0.4326568627074757,0.9184217642745492,neighbor,1,501018.SH,159980.SZ
rolling_multi_start_hill,2022,2023,25,159852.SZ|159920.SZ|159980.SZ|159985.SZ|160644.SZ|164824.SZ|501018.SH|510180.SH|512200.SH|513070.SH|513080.SH|513880.SH|518880.SH,0.5453287386000008,0.9184217642745492,neighbor,1,159981.SZ,159980.SZ
rolling_multi_start_hill,2022,2023,26,159852.SZ|159920.SZ|159980.SZ|159985.SZ|160644.SZ|164824.SZ|501018.SH|510180.SH|512200.SH|513070.SH|513500.SH|513880.SH|518880.SH,0.475188256562713,0.9184217642745492,neighbor,1,513080.SH,513500.SH
rolling_multi_start_hill,2022,2023,27,159766.SZ|159852.SZ|159920.SZ|159980.SZ|159985.SZ|160644.SZ|164824.SZ|501018.SH|510180.SH|513070.SH|513080.SH|513880.SH|518880.SH,0.39944514866472086,0.9184217642745492,neighbor,1,512200.SH,159766.SZ
rolling_multi_start_hill,2022,2023,28,159852.SZ|159920.SZ|159980.SZ|159981.SZ|159985.SZ|160644.SZ|164824.SZ|501018.SH|510180.SH|512200.SH|513070.SH|513080.SH|513880.SH,0.662940256444885,0.9184217642745492,neighbor,1,518880.SH,159981.SZ
rolling_multi_start_hill,2022,2023,29,159851.SZ|159920.SZ|159980.SZ|159981.SZ|159985.SZ|160644.SZ|164824.SZ|501018.SH|510180.SH|512200.SH|513070.SH|513080.SH|513880.SH,0.49924242324318535,0.9184217642745492,neighbor,1,159852.SZ,159851.SZ
rolling_multi_start_hill,2022,2023,30,159852.SZ|159920.SZ|159980.SZ|159981.SZ|159985.SZ|160644.SZ|161226.SZ|164824.SZ|510180.SH|512200.SH|513070.SH|513080.SH|513880.SH,-0.023919620523560895,0.9184217642745492,neighbor,1,501018.SH,161226.SZ
rolling_multi_start_hill,2022,2023,31,159852.SZ|159920.SZ|159980.SZ|159981.SZ|160644.SZ|164824.SZ|501018.SH|510180.SH|512200.SH|513070.SH|513080.SH|513880.SH|518880.SH,0.18655431908256145,0.9184217642745492,neighbor,1,159985.SZ,518880.SH
rolling_multi_start_hill,2022,2023,32,159611.SZ|159852.SZ|159920.SZ|159980.SZ|159981.SZ|159985.SZ|160644.SZ|164824.SZ|501018.SH|512200.SH|513070.SH|513080.SH|513880.SH,0.2732837007929375,0.9184217642745492,neighbor,1,510180.SH,159611.SZ
rolling_multi_start_hill,2022,2023,33,159865.SZ|159920.SZ|159980.SZ|159981.SZ|159985.SZ|160644.SZ|164824.SZ|501018.SH|510180.SH|512200.SH|513070.SH|513080.SH|513880.SH,0.0067017925749206135,0.9184217642745492,neighbor,1,159852.SZ,159865.SZ
rolling_multi_start_hill,2022,2023,34,159852.SZ|159920.SZ|159980.SZ|159981.SZ|159985.SZ|160644.SZ|164824.SZ|501018.SH|510180.SH|512200.SH|513030.SH|513070.SH|513880.SH,0.6683664891478294,0.9184217642745492,neighbor,1,513080.SH,513030.SH
rolling_multi_start_hill,2022,2023,35,159852.SZ|159920.SZ|159980.SZ|159981.SZ|159985.SZ|160644.SZ|161226.SZ|164824.SZ|510180.SH|512200.SH|513030.SH|513070.SH|513880.SH,-0.06855838478043523,0.9184217642745492,neighbor,1,501018.SH,161226.SZ
rolling_multi_start_hill,2022,2023,36,159901.SZ|159920.SZ|159980.SZ|159981.SZ|159985.SZ|160644.SZ|164824.SZ|501018.SH|510180.SH|512200.SH|513030.SH|513070.SH|513880.SH,0.2517182590864509,0.9184217642745492,neighbor,1,159852.SZ,159901.SZ
rolling_multi_start_hill,2022,2023,37,159852.SZ|159920.SZ|159980.SZ|159985.SZ|160644.SZ|164824.SZ|501018.SH|510180.SH|512200.SH|513030.SH|513070.SH|513880.SH|518880.SH,0.5642868298224042,0.9184217642745492,neighbor,1,159981.SZ,518880.SH
rolling_multi_start_hill,2022,2023,38,159852.SZ|159920.SZ|159981.SZ|159985.SZ|160644.SZ|161226.SZ|164824.SZ|501018.SH|510180.SH|512200.SH|513030.SH|513070.SH|513880.SH,0.13449543521502805,0.9184217642745492,neighbor,1,159980.SZ,161226.SZ
rolling_multi_start_hill,2022,2023,39,159852.SZ|159920.SZ|159980.SZ|159981.SZ|159985.SZ|164824.SZ|501018.SH|510180.SH|512200.SH|513030.SH|513070.SH|513100.SH|513880.SH,0.628400278200518,0.9184217642745492,neighbor,1,160644.SZ,513100.SH
rolling_multi_start_hill,2022,2023,40,159920.SZ|159980.SZ|159981.SZ|159985.SZ|160644.SZ|164824.SZ|501018.SH|510180.SH|512200.SH|513030.SH|513070.SH|513880.SH|515790.SH,0.24302130164095545,0.9184217642745492,neighbor,1,159852.SZ,515790.SH
rolling_multi_start_hill,2022,2023,41,159825.SZ|159915.SZ|159920.SZ|159980.SZ|159985.SZ|160644.SZ|161226.SZ|164824.SZ|501018.SH|512170.SH|513030.SH|513070.SH|513100.SH,-0.10326882114160428,0.9184217642745492,restart,2,,
rolling_multi_start_hill,2022,2023,42,159825.SZ|159915.SZ|159920.SZ|159980.SZ|159985.SZ|160644.SZ|161226.SZ|501018.SH|512170.SH|513030.SH|513070.SH|513100.SH|513880.SH,-0.0203615379111116,0.9184217642745492,neighbor,2,164824.SZ,513880.SH
rolling_multi_start_hill,2022,2023,43,159825.SZ|159915.SZ|159920.SZ|159980.SZ|159985.SZ|160644.SZ|501018.SH|512170.SH|513030.SH|513070.SH|513100.SH|513880.SH|518880.SH,0.2603441965024341,0.9184217642745492,neighbor,2,161226.SZ,518880.SH
rolling_multi_start_hill,2022,2023,44,159825.SZ|159915.SZ|159920.SZ|159980.SZ|159985.SZ|160644.SZ|161226.SZ|512170.SH|513030.SH|513070.SH|513100.SH|513880.SH|518880.SH,0.000510378950338973,0.9184217642745492,neighbor,2,501018.SH,161226.SZ
rolling_multi_start_hill,2022,2023,45,159825.SZ|159915.SZ|159920.SZ|159980.SZ|159981.SZ|159985.SZ|160644.SZ|512170.SH|513030.SH|513070.SH|513100.SH|513880.SH|518880.SH,-0.01792551923786086,0.9184217642745492,neighbor,2,501018.SH,159981.SZ
rolling_multi_start_hill,2022,2023,46,159825.SZ|159915.SZ|159920.SZ|159980.SZ|159985.SZ|164824.SZ|501018.SH|512170.SH|513030.SH|513070.SH|513100.SH|513880.SH|518880.SH,-0.1140584008155196,0.9184217642745492,neighbor,2,160644.SZ,164824.SZ
rolling_multi_start_hill,2022,2023,47,159825.SZ|159915.SZ|159920.SZ|159980.SZ|159985.SZ|160644.SZ|164824.SZ|501018.SH|512170.SH|513030.SH|513070.SH|513100.SH|518880.SH,0.011183976789699472,0.9184217642745492,neighbor,2,513880.SH,164824.SZ
rolling_multi_start_hill,2022,2023,48,159825.SZ|159915.SZ|159920.SZ|159980.SZ|159985.SZ|160644.SZ|501018.SH|512170.SH|513070.SH|513080.SH|513100.SH|513880.SH|518880.SH,0.24938077421192043,0.9184217642745492,neighbor,2,513030.SH,513080.SH
rolling_multi_start_hill,2022,2023,49,159915.SZ|159920.SZ|159980.SZ|159985.SZ|160644.SZ|501018.SH|512170.SH|512880.SH|513030.SH|513070.SH|513100.SH|513880.SH|518880.SH,0.0861736392446599,0.9184217642745492,neighbor,2,159825.SZ,512880.SH
rolling_multi_start_hill,2022,2023,50,159825.SZ|159920.SZ|159980.SZ|159985.SZ|160644.SZ|501018.SH|510050.SH|512170.SH|513030.SH|513070.SH|513100.SH|513880.SH|518880.SH,-0.00959485310191471,0.9184217642745492,neighbor,2,159915.SZ,510050.SH
rolling_multi_start_hill,2022,2023,51,159825.SZ|159915.SZ|159920.SZ|159980.SZ|159985.SZ|160644.SZ|501018.SH|512200.SH|513030.SH|513070.SH|513100.SH|513880.SH|518880.SH,0.01593156669696287,0.9184217642745492,neighbor,2,512170.SH,512200.SH
rolling_multi_start_hill,2022,2023,52,159825.SZ|159915.SZ|159920.SZ|159980.SZ|159981.SZ|159985.SZ|160644.SZ|501018.SH|512170.SH|513030.SH|513070.SH|513100.SH|513880.SH,0.08444760518859519,0.9184217642745492,neighbor,2,518880.SH,159981.SZ
rolling_multi_start_hill,2022,2023,53,159915.SZ|159920.SZ|159980.SZ|159985.SZ|160644.SZ|501018.SH|512170.SH|512400.SH|513030.SH|513070.SH|513100.SH|513880.SH|518880.SH,0.3085871104209426,0.9184217642745492,neighbor,2,159825.SZ,512400.SH
rolling_multi_start_hill,2022,2023,54,159915.SZ|159920.SZ|159980.SZ|160644.SZ|161226.SZ|501018.SH|512170.SH|512400.SH|513030.SH|513070.SH|513100.SH|513880.SH|518880.SH,-0.287300729965875,0.9184217642745492,neighbor,2,159985.SZ,161226.SZ
rolling_multi_start_hill,2022,2023,55,159915.SZ|159920.SZ|159980.SZ|159985.SZ|164824.SZ|501018.SH|512170.SH|512400.SH|513030.SH|513070.SH|513100.SH|513880.SH|518880.SH,0.35284146485031415,0.9184217642745492,neighbor,2,160644.SZ,164824.SZ
rolling_multi_start_hill,2022,2023,56,159915.SZ|159920.SZ|159980.SZ|159985.SZ|164824.SZ|501018.SH|512170.SH|512880.SH|513030.SH|513070.SH|513100.SH|513880.SH|518880.SH,0.27897608144738195,0.9184217642745492,neighbor,2,512400.SH,512880.SH
rolling_multi_start_hill,2022,2023,57,159915.SZ|159920.SZ|159980.SZ|159985.SZ|161226.SZ|164824.SZ|501018.SH|512170.SH|512400.SH|513030.SH|513070.SH|513100.SH|513880.SH,0.28330233638660385,0.9184217642745492,neighbor,2,518880.SH,161226.SZ
rolling_multi_start_hill,2022,2023,58,159915.SZ|159920.SZ|159981.SZ|159985.SZ|164824.SZ|501018.SH|512170.SH|512400.SH|513030.SH|513070.SH|513100.SH|513880.SH|518880.SH,0.20485967812620434,0.9184217642745492,neighbor,2,159980.SZ,159981.SZ
rolling_multi_start_hill,2022,2023,59,159915.SZ|159920.SZ|159980.SZ|161226.SZ|164824.SZ|501018.SH|512170.SH|512400.SH|513030.SH|513070.SH|513100.SH|513880.SH|518880.SH,-0.3270888625460741,0.9184217642745492,neighbor,2,159985.SZ,161226.SZ
rolling_multi_start_hill,2022,2023,60,159915.SZ|159920.SZ|159980.SZ|159985.SZ|160644.SZ|164824.SZ|501018.SH|512170.SH|512400.SH|513030.SH|513070.SH|513880.SH|518880.SH,0.4326723214924116,0.9184217642745492,neighbor,2,513100.SH,160644.SZ
rolling_multi_start_hill,2022,2023,61,159852.SZ|159920.SZ|159980.SZ|159981.SZ|159985.SZ|160644.SZ|164824.SZ|501018.SH|510880.SH|513070.SH|513100.SH|513880.SH|515210.SH,0.5907683675848769,0.9184217642745492,restart,3,,
rolling_multi_start_hill,2022,2023,62,159920.SZ|159980.SZ|159981.SZ|159985.SZ|160644.SZ|164824.SZ|501018.SH|510880.SH|512100.SH|513070.SH|513100.SH|513880.SH|515210.SH,0.26345835523734196,0.9184217642745492,neighbor,3,159852.SZ,512100.SH
rolling_multi_start_hill,2022,2023,63,159852.SZ|159920.SZ|159980.SZ|159981.SZ|159985.SZ|164824.SZ|501018.SH|510880.SH|513070.SH|513080.SH|513100.SH|513880.SH|515210.SH,0.4867051637749799,0.9184217642745492,neighbor,3,160644.SZ,513080.SH
rolling_multi_start_hill,2022,2023,64,159852.SZ|159920.SZ|159980.SZ|159985.SZ|160644.SZ|161226.SZ|164824.SZ|501018.SH|510880.SH|513070.SH|513100.SH|513880.SH|515210.SH,0.20139686723664443,0.9184217642745492,neighbor,3,159981.SZ,161226.SZ
rolling_multi_start_hill,2022,2023,65,159852.SZ|159920.SZ|159980.SZ|159981.SZ|160644.SZ|161226.SZ|164824.SZ|501018.SH|510880.SH|513070.SH|513100.SH|513880.SH|515210.SH,-0.02409555151921081,0.9184217642745492,neighbor,3,159985.SZ,161226.SZ
rolling_multi_start_hill,2022,2023,66,159852.SZ|159920.SZ|159980.SZ|159981.SZ|159985.SZ|160644.SZ|164824.SZ|501018.SH|510880.SH|513030.SH|513070.SH|513100.SH|515210.SH,0.573343859664065,0.9184217642745492,neighbor,3,513880.SH,513030.SH
rolling_multi_start_hill,2022,2023,67,159865.SZ|159920.SZ|159980.SZ|159981.SZ|159985.SZ|160644.SZ|164824.SZ|501018.SH|510880.SH|513070.SH|513100.SH|513880.SH|515210.SH,0.1842302892693647,0.9184217642745492,neighbor,3,159852.SZ,159865.SZ
rolling_multi_start_hill,2022,2023,68,159920.SZ|159980.SZ|159981.SZ|159985.SZ|160644.SZ|164824.SZ|501018.SH|510880.SH|512980.SH|513070.SH|513100.SH|513880.SH|515210.SH,0.08107303110442238,0.9184217642745492,neighbor,3,159852.SZ,512980.SH
rolling_multi_start_hill,2022,2023,69,159920.SZ|159980.SZ|159981.SZ|159985.SZ|160644.SZ|164824.SZ|501018.SH|510880.SH|512170.SH|513070.SH|513100.SH|513880.SH|515210.SH,0.3972342479732895,0.9184217642745492,neighbor,3,159852.SZ,512170.SH
rolling_multi_start_hill,2022,2023,70,159852.SZ|159920.SZ|159980.SZ|159981.SZ|159985.SZ|160644.SZ|164824.SZ|501018.SH|513070.SH|513100.SH|513880.SH|515210.SH|515220.SH,0.6454281462896135,0.9184217642745492,neighbor,3,510880.SH,515220.SH
rolling_multi_start_hill,2022,2023,71,159852.SZ|159920.SZ|159980.SZ|159981.SZ|160644.SZ|164824.SZ|501018.SH|513070.SH|513100.SH|513880.SH|515210.SH|515220.SH|518880.SH,0.1573066734028274,0.9184217642745492,neighbor,3,159985.SZ,518880.SH
rolling_multi_start_hill,2022,2023,72,159852.SZ|159920.SZ|159981.SZ|159985.SZ|160644.SZ|161226.SZ|164824.SZ|501018.SH|513070.SH|513100.SH|513880.SH|515210.SH|515220.SH,0.4480351840281946,0.9184217642745492,neighbor,3,159980.SZ,161226.SZ
rolling_multi_start_hill,2022,2023,73,159852.SZ|159869.SZ|159920.SZ|159980.SZ|159981.SZ|159985.SZ|160644.SZ|164824.SZ|501018.SH|513070.SH|513100.SH|513880.SH|515220.SH,0.4983180369189425,0.9184217642745492,neighbor,3,515210.SH,159869.SZ
rolling_multi_start_hill,2022,2023,74,159852.SZ|159920.SZ|159980.SZ|159985.SZ|160644.SZ|164824.SZ|501018.SH|513070.SH|513100.SH|513880.SH|515210.SH|515220.SH|518880.SH,0.35021686332054985,0.9184217642745492,neighbor,3,159981.SZ,518880.SH
rolling_multi_start_hill,2022,2023,75,159852.SZ|159920.SZ|159981.SZ|159985.SZ|160644.SZ|164824.SZ|501018.SH|513070.SH|513100.SH|513880.SH|515210.SH|515220.SH|518880.SH,0.5976917971032286,0.9184217642745492,neighbor,3,159980.SZ,518880.SH
rolling_multi_start_hill,2022,2023,76,159870.SZ|159920.SZ|159980.SZ|159981.SZ|159985.SZ|160644.SZ|164824.SZ|501018.SH|513070.SH|513100.SH|513880.SH|515210.SH|515220.SH,0.35788338145241977,0.9184217642745492,neighbor,3,159852.SZ,159870.SZ
rolling_multi_start_hill,2022,2023,77,159852.SZ|159920.SZ|159980.SZ|159981.SZ|159985.SZ|160644.SZ|164824.SZ|501018.SH|513070.SH|513500.SH|513880.SH|515210.SH|515220.SH,0.6664416970178352,0.9184217642745492,neighbor,3,513100.SH,513500.SH
rolling_multi_start_hill,2022,2023,78,159852.SZ|159920.SZ|159980.SZ|159981.SZ|159985.SZ|160644.SZ|161226.SZ|164824.SZ|513070.SH|513500.SH|513880.SH|515210.SH|515220.SH,0.12395028052219004,0.9184217642745492,neighbor,3,501018.SH,161226.SZ
rolling_multi_start_hill,2022,2023,79,159852.SZ|159920.SZ|159980.SZ|159981.SZ|159985.SZ|160644.SZ|164824.SZ|501018.SH|513070.SH|513500.SH|513880.SH|515220.SH|588000.SH,0.647777931509918,0.9184217642745492,neighbor,3,515210.SH,588000.SH
rolling_multi_start_hill,2022,2023,80,159611.SZ|159852.SZ|159920.SZ|159980.SZ|159981.SZ|159985.SZ|160644.SZ|164824.SZ|501018.SH|513070.SH|513500.SH|513880.SH|515210.SH,0.38866291346288495,0.9184217642745492,neighbor,3,515220.SH,159611.SZ
rolling_multi_start_hill,2022,2023,81,159851.SZ|159920.SZ|159928.SZ|159980.SZ|159981.SZ|160644.SZ|164824.SZ|501018.SH|512880.SH|513030.SH|513070.SH|513880.SH|518880.SH,-0.05526252914264496,0.9184217642745492,restart,4,,
rolling_multi_start_hill,2022,2023,82,159851.SZ|159920.SZ|159928.SZ|159980.SZ|159981.SZ|159985.SZ|160644.SZ|164824.SZ|512880.SH|513030.SH|513070.SH|513880.SH|518880.SH,0.18410594940216857,0.9184217642745492,neighbor,4,501018.SH,159985.SZ
rolling_multi_start_hill,2022,2023,83,159851.SZ|159901.SZ|159920.SZ|159980.SZ|159981.SZ|159985.SZ|160644.SZ|164824.SZ|512880.SH|513030.SH|513070.SH|513880.SH|518880.SH,0.24290500466257753,0.9184217642745492,neighbor,4,159928.SZ,159901.SZ
rolling_multi_start_hill,2022,2023,84,159851.SZ|159920.SZ|159980.SZ|159981.SZ|159985.SZ|160644.SZ|164824.SZ|510210.SH|512880.SH|513030.SH|513070.SH|513880.SH|518880.SH,-0.04668811317535952,0.9184217642745492,neighbor,4,159901.SZ,510210.SH
rolling_multi_start_hill,2022,2023,85,159766.SZ|159851.SZ|159901.SZ|159920.SZ|159980.SZ|159981.SZ|159985.SZ|160644.SZ|164824.SZ|513030.SH|513070.SH|513880.SH|518880.SH,0.12716357713973392,0.9184217642745492,neighbor,4,512880.SH,159766.SZ
rolling_multi_start_hill,2022,2023,86,159851.SZ|159901.SZ|159920.SZ|159980.SZ|159981.SZ|159985.SZ|160644.SZ|512880.SH|513030.SH|513070.SH|513500.SH|513880.SH|518880.SH,-0.017046685068109833,0.9184217642745492,neighbor,4,164824.SZ,513500.SH
rolling_multi_start_hill,2022,2023,87,159851.SZ|159901.SZ|159920.SZ|159980.SZ|159981.SZ|159985.SZ|160644.SZ|161226.SZ|164824.SZ|512880.SH|513030.SH|513070.SH|513880.SH,-0.24650207685409914,0.9184217642745492,neighbor,4,518880.SH,161226.SZ
rolling_multi_start_hill,2022,2023,88,159851.SZ|159901.SZ|159920.SZ|159980.SZ|159981.SZ|160644.SZ|164824.SZ|501018.SH|512880.SH|513030.SH|513070.SH|513880.SH|518880.SH,0.1127176382111532,0.9184217642745492,neighbor,4,159985.SZ,501018.SH
rolling_multi_start_hill,2022,2023,89,159851.SZ|159901.SZ|159920.SZ|159980.SZ|159981.SZ|159985.SZ|160644.SZ|164824.SZ|513030.SH|513070.SH|513880.SH|516150.SH|518880.SH,0.22228172852008032,0.9184217642745492,neighbor,4,512880.SH,516150.SH
rolling_multi_start_hill,2022,2023,90,159851.SZ|159901.SZ|159920.SZ|159980.SZ|159981.SZ|159985.SZ|160644.SZ|164824.SZ|512880.SH|513070.SH|513080.SH|513880.SH|518880.SH,0.27097322302959653,0.9184217642745492,neighbor,4,513030.SH,513080.SH
rolling_multi_start_hill,2022,2023,91,159825.SZ|159901.SZ|159920.SZ|159980.SZ|159981.SZ|159985.SZ|160644.SZ|164824.SZ|512880.SH|513070.SH|513080.SH|513880.SH|518880.SH,-0.2713261529629476,0.9184217642745492,neighbor,4,159851.SZ,159825.SZ
rolling_multi_start_hill,2022,2023,92,159851.SZ|159920.SZ|159980.SZ|159981.SZ|159985.SZ|160644.SZ|164824.SZ|510210.SH|512880.SH|513070.SH|513080.SH|513880.SH|518880.SH,-0.020867440884765727,0.9184217642745492,neighbor,4,159901.SZ,510210.SH
rolling_multi_start_hill,2022,2023,93,159851.SZ|159901.SZ|159920.SZ|159980.SZ|159981.SZ|159985.SZ|160644.SZ|164824.SZ|512880.SH|513070.SH|513100.SH|513880.SH|518880.SH,0.4055490296345996,0.9184217642745492,neighbor,4,513080.SH,513100.SH
rolling_multi_start_hill,2022,2023,94,159796.SZ|159901.SZ|159920.SZ|159980.SZ|159981.SZ|159985.SZ|160644.SZ|164824.SZ|512880.SH|513070.SH|513100.SH|513880.SH|518880.SH,0.34546896491289847,0.9184217642745492,neighbor,4,159851.SZ,159796.SZ
rolling_multi_start_hill,2022,2023,95,159851.SZ|159901.SZ|159920.SZ|159980.SZ|159981.SZ|159985.SZ|164824.SZ|512880.SH|513030.SH|513070.SH|513100.SH|513880.SH|518880.SH,0.18282812787767466,0.9184217642745492,neighbor,4,160644.SZ,513030.SH
rolling_multi_start_hill,2022,2023,96,159851.SZ|159901.SZ|159920.SZ|159980.SZ|159981.SZ|160644.SZ|164824.SZ|501018.SH|512880.SH|513070.SH|513100.SH|513880.SH|518880.SH,0.20124169050030244,0.9184217642745492,neighbor,4,159985.SZ,501018.SH
rolling_multi_start_hill,2022,2023,97,159851.SZ|159901.SZ|159920.SZ|159980.SZ|159981.SZ|159985.SZ|160644.SZ|161226.SZ|164824.SZ|512880.SH|513070.SH|513100.SH|513880.SH,0.17700837052110588,0.9184217642745492,neighbor,4,518880.SH,161226.SZ
rolling_multi_start_hill,2022,2023,98,159851.SZ|159901.SZ|159920.SZ|159980.SZ|159981.SZ|159985.SZ|160644.SZ|164824.SZ|512880.SH|513030.SH|513070.SH|513100.SH|518880.SH,0.34243670542492477,0.9184217642745492,neighbor,4,513880.SH,513030.SH
rolling_multi_start_hill,2022,2023,99,159851.SZ|159901.SZ|159920.SZ|159980.SZ|159981.SZ|159985.SZ|160644.SZ|512880.SH|513070.SH|513080.SH|513100.SH|513880.SH|518880.SH,0.198236744918235,0.9184217642745492,neighbor,4,164824.SZ,513080.SH
rolling_multi_start_hill,2022,2023,100,159851.SZ|159901.SZ|159920.SZ|159980.SZ|159981.SZ|159985.SZ|160644.SZ|164824.SZ|512880.SH|513070.SH|513080.SH|513100.SH|518880.SH,0.39292850637730453,0.9184217642745492,neighbor,4,513880.SH,513080.SH
rolling_multi_start_hill,2023,2024,1,159920.SZ|159980.SZ|159981.SZ|160644.SZ|164824.SZ|501018.SH|510210.SH|510500.SH|512800.SH|513080.SH|513180.SH|513880.SH|518880.SH,0.7828166799176898,0.9130217366562248,restart,0,,
rolling_multi_start_hill,2023,2024,2,159920.SZ|159980.SZ|159981.SZ|160644.SZ|164824.SZ|501018.SH|510210.SH|510500.SH|512800.SH|513180.SH|513310.SH|513880.SH|518880.SH,0.6162033939367234,0.9130217366562248,neighbor,0,513080.SH,513310.SH
rolling_multi_start_hill,2023,2024,3,159825.SZ|159920.SZ|159980.SZ|159981.SZ|160644.SZ|164824.SZ|501018.SH|510210.SH|510500.SH|513080.SH|513180.SH|513880.SH|518880.SH,0.3890701962724945,0.9130217366562248,neighbor,0,512800.SH,159825.SZ
rolling_multi_start_hill,2023,2024,4,159920.SZ|159980.SZ|159981.SZ|160644.SZ|501018.SH|510210.SH|510500.SH|512800.SH|513080.SH|513180.SH|513310.SH|513880.SH|518880.SH,0.6921068136420332,0.9130217366562248,neighbor,0,164824.SZ,513310.SH
rolling_multi_start_hill,2023,2024,5,159920.SZ|159980.SZ|159981.SZ|159985.SZ|160644.SZ|164824.SZ|510210.SH|510500.SH|512800.SH|513080.SH|513180.SH|513880.SH|518880.SH,1.0948230749219598,0.9130217366562248,neighbor,0,501018.SH,159985.SZ
rolling_multi_start_hill,2023,2024,6,159920.SZ|159980.SZ|159981.SZ|159985.SZ|160644.SZ|164824.SZ|510210.SH|510500.SH|512800.SH|513180.SH|513500.SH|513880.SH|518880.SH,1.0877723701121047,0.9130217366562248,neighbor,0,513080.SH,513500.SH
rolling_multi_start_hill,2023,2024,7,159869.SZ|159920.SZ|159980.SZ|159981.SZ|159985.SZ|160644.SZ|164824.SZ|510210.SH|512800.SH|513080.SH|513180.SH|513880.SH|518880.SH,1.1436557936077663,0.9130217366562248,neighbor,0,510500.SH,159869.SZ
rolling_multi_start_hill,2023,2024,8,159869.SZ|159920.SZ|159980.SZ|159981.SZ|159985.SZ|160644.SZ|164824.SZ|510210.SH|512800.SH|513080.SH|513180.SH|513310.SH|518880.SH,1.0572997579299606,0.9130217366562248,neighbor,0,513880.SH,513310.SH
rolling_multi_start_hill,2023,2024,9,159869.SZ|159920.SZ|159980.SZ|159981.SZ|159985.SZ|160644.SZ|164824.SZ|510210.SH|512800.SH|513080.SH|513120.SH|513880.SH|518880.SH,1.4179621858335578,0.6457164455868383,neighbor,0,513180.SH,513120.SH
rolling_multi_start_hill,2023,2024,10,159869.SZ|159920.SZ|159981.SZ|159985.SZ|160644.SZ|164824.SZ|501018.SH|510210.SH|512800.SH|513080.SH|513120.SH|513880.SH|518880.SH,1.6992550663355865,0.6457164455868383,neighbor,0,159980.SZ,501018.SH
rolling_multi_start_hill,2023,2024,11,159920.SZ|159981.SZ|159985.SZ|160644.SZ|164824.SZ|501018.SH|510210.SH|512800.SH|513080.SH|513120.SH|513880.SH|518880.SH|588200.SH,1.6194192220236179,0.6457164455868383,neighbor,0,159869.SZ,588200.SH
rolling_multi_start_hill,2023,2024,12,159869.SZ|159920.SZ|159981.SZ|159985.SZ|160644.SZ|164824.SZ|501018.SH|510210.SH|512800.SH|513100.SH|513120.SH|513880.SH|518880.SH,1.2801581961252382,0.6457164455868383,neighbor,0,513080.SH,513100.SH
rolling_multi_start_hill,2023,2024,13,159687.SZ|159869.SZ|159920.SZ|159981.SZ|159985.SZ|160644.SZ|501018.SH|510210.SH|512800.SH|513080.SH|513120.SH|513880.SH|518880.SH,1.5688229358839594,0.8055829520541524,neighbor,0,164824.SZ,159687.SZ
rolling_multi_start_hill,2023,2024,14,159869.SZ|159920.SZ|159981.SZ|159985.SZ|164824.SZ|501018.SH|510210.SH|512800.SH|513080.SH|513120.SH|513290.SH|513880.SH|518880.SH,1.653954370525822,0.6457164455868383,neighbor,0,160644.SZ,513290.SH
rolling_multi_start_hill,2023,2024,15,159869.SZ|159920.SZ|159980.SZ|159981.SZ|160644.SZ|164824.SZ|501018.SH|510210.SH|512800.SH|513080.SH|513120.SH|513880.SH|518880.SH,1.3940342162691906,0.6457164455868383,neighbor,0,159985.SZ,159980.SZ
rolling_multi_start_hill,2023,2024,16,159869.SZ|159920.SZ|159980.SZ|159985.SZ|160644.SZ|164824.SZ|501018.SH|510210.SH|512800.SH|513080.SH|513120.SH|513880.SH|518880.SH,1.6181457457916293,0.6457164455868383,neighbor,0,159981.SZ,159980.SZ
rolling_multi_start_hill,2023,2024,17,159869.SZ|159920.SZ|159981.SZ|159985.SZ|160644.SZ|164824.SZ|501018.SH|510210.SH|512800.SH|513080.SH|513120.SH|513290.SH|518880.SH,1.184413400164789,0.6457164455868383,neighbor,0,513880.SH,513290.SH
rolling_multi_start_hill,2023,2024,18,159869.SZ|159920.SZ|159981.SZ|159985.SZ|164824.SZ|501018.SH|510210.SH|512800.SH|513080.SH|513120.SH|513500.SH|513880.SH|518880.SH,1.6947297299003732,0.7040106538277557,neighbor,0,160644.SZ,513500.SH
rolling_multi_start_hill,2023,2024,19,159920.SZ|159981.SZ|159985.SZ|160644.SZ|164824.SZ|501018.SH|510210.SH|512800.SH|513080.SH|513120.SH|513880.SH|518880.SH|588000.SH,1.4011956062342734,0.6457164455868383,neighbor,0,159869.SZ,588000.SH
rolling_multi_start_hill,2023,2024,20,159869.SZ|159920.SZ|159981.SZ|159985.SZ|160644.SZ|164824.SZ|501018.SH|510210.SH|512800.SH|513120.SH|513500.SH|513880.SH|518880.SH,1.5255865053999051,0.6457164455868383,neighbor,0,513080.SH,513500.SH
rolling_multi_start_hill,2023,2024,21,159920.SZ|159980.SZ|159985.SZ|164824.SZ|501018.SH|512040.SH|512980.SH|513080.SH|513100.SH|513120.SH|513500.SH|518880.SH|562500.SH,0.6165767744462226,0.8876334498348947,restart,1,,
rolling_multi_start_hill,2023,2024,22,159920.SZ|159980.SZ|159985.SZ|164824.SZ|501018.SH|512040.SH|512980.SH|513030.SH|513100.SH|513120.SH|513500.SH|518880.SH|562500.SH,0.8248224803510642,0.8876334498348947,neighbor,1,513080.SH,513030.SH
rolling_multi_start_hill,2023,2024,23,159980.SZ|159985.SZ|164824.SZ|501018.SH|512040.SH|512980.SH|513030.SH|513100.SH|513120.SH|513180.SH|513500.SH|518880.SH|562500.SH,0.6135084052639831,0.8876334498348947,neighbor,1,159920.SZ,513180.SH
rolling_multi_start_hill,2023,2024,24,159920.SZ|159980.SZ|159985.SZ|164824.SZ|501018.SH|510880.SH|512040.SH|513030.SH|513100.SH|513120.SH|513500.SH|518880.SH|562500.SH,0.8240847581386147,0.8876334498348947,neighbor,1,512980.SH,510880.SH
rolling_multi_start_hill,2023,2024,25,159920.SZ|159980.SZ|159985.SZ|160644.SZ|164824.SZ|501018.SH|512040.SH|512980.SH|513030.SH|513120.SH|513500.SH|518880.SH|562500.SH,0.5198764192494157,0.7197588332800243,neighbor,1,513100.SH,160644.SZ
rolling_multi_start_hill,2023,2024,26,159920.SZ|159980.SZ|159985.SZ|164824.SZ|501018.SH|512040.SH|512980.SH|513030.SH|513100.SH|513120.SH|513310.SH|518880.SH|562500.SH,0.722361692602081,0.6550899267519877,neighbor,1,513500.SH,513310.SH
rolling_multi_start_hill,2023,2024,27,159920.SZ|159980.SZ|159985.SZ|501018.SH|512040.SH|512980.SH|513030.SH|513100.SH|513120.SH|513500.SH|513880.SH|518880.SH|562500.SH,0.8482685156288464,0.8876334498348947,neighbor,1,164824.SZ,513880.SH
rolling_multi_start_hill,2023,2024,28,159920.SZ|159980.SZ|159985.SZ|501018.SH|512040.SH|512980.SH|513030.SH|513100.SH|513120.SH|513500.SH|513880.SH|515880.SH|518880.SH,1.4171923425322042,0.8876334498348947,neighbor,1,562500.SH,515880.SH
rolling_multi_start_hill,2023,2024,29,159920.SZ|159980.SZ|159981.SZ|501018.SH|512040.SH|512980.SH|513030.SH|513100.SH|513120.SH|513500.SH|513880.SH|515880.SH|518880.SH,1.2468928746314434,0.8876334498348947,neighbor,1,159985.SZ,159981.SZ
rolling_multi_start_hill,2023,2024,30,159980.SZ|159985.SZ|501018.SH|512040.SH|512980.SH|513030.SH|513100.SH|513120.SH|513180.SH|513500.SH|513880.SH|515880.SH|518880.SH,1.2253499812385271,0.8876334498348947,neighbor,1,159920.SZ,513180.SH
rolling_multi_start_hill,2023,2024,31,159920.SZ|159980.SZ|159985.SZ|501018.SH|512040.SH|512980.SH|513030.SH|513080.SH|513100.SH|513120.SH|513880.SH|515880.SH|518880.SH,1.3579851971918664,0.9172474776669125,neighbor,1,513500.SH,513080.SH
rolling_multi_start_hill,2023,2024,32,159920.SZ|159980.SZ|159985.SZ|501018.SH|512040.SH|512980.SH|513030.SH|513100.SH|513180.SH|513500.SH|513880.SH|515880.SH|518880.SH,1.3451456236011332,0.9130217366562248,neighbor,1,513120.SH,513180.SH
rolling_multi_start_hill,2023,2024,33,159920.SZ|159980.SZ|159985.SZ|501018.SH|512040.SH|512980.SH|513030.SH|513070.SH|513100.SH|513500.SH|513880.SH|515880.SH|518880.SH,1.27523836292076,0.9196494911995831,neighbor,1,513120.SH,513070.SH
rolling_multi_start_hill,2023,2024,34,159920.SZ|159980.SZ|159985.SZ|501018.SH|512040.SH|512980.SH|513030.SH|513120.SH|513290.SH|513500.SH|513880.SH|515880.SH|518880.SH,1.406519390981668,0.7197588332800243,neighbor,1,513100.SH,513290.SH
rolling_multi_start_hill,2023,2024,35,159920.SZ|159980.SZ|159985.SZ|501018.SH|512980.SH|513030.SH|513100.SH|513120.SH|513500.SH|513880.SH|515880.SH|518880.SH|588000.SH,1.4562135981312978,0.8876334498348947,neighbor,1,512040.SH,588000.SH
rolling_multi_start_hill,2023,2024,36,159920.SZ|159980.SZ|159981.SZ|159985.SZ|512980.SH|513030.SH|513100.SH|513120.SH|513500.SH|513880.SH|515880.SH|518880.SH|588000.SH,1.716091017689648,0.8876334498348947,neighbor,1,501018.SH,159981.SZ
rolling_multi_start_hill,2023,2024,37,159920.SZ|159980.SZ|159981.SZ|159985.SZ|512980.SH|513030.SH|513120.SH|513290.SH|513500.SH|513880.SH|515880.SH|518880.SH|588000.SH,1.5457006849360864,0.7197588332800243,neighbor,1,513100.SH,513290.SH
rolling_multi_start_hill,2023,2024,38,159920.SZ|159980.SZ|159981.SZ|159985.SZ|512880.SH|512980.SH|513030.SH|513100.SH|513120.SH|513500.SH|513880.SH|518880.SH|588000.SH,1.2138411001834717,0.8876334498348947,neighbor,1,515880.SH,512880.SH
rolling_multi_start_hill,2023,2024,39,159920.SZ|159980.SZ|159981.SZ|159985.SZ|161226.SZ|512980.SH|513030.SH|513100.SH|513120.SH|513500.SH|513880.SH|515880.SH|588000.SH,1.2688265389751763,0.8876334498348947,neighbor,1,518880.SH,161226.SZ
rolling_multi_start_hill,2023,2024,40,159920.SZ|159980.SZ|159981.SZ|159985.SZ|164824.SZ|512980.SH|513030.SH|513100.SH|513120.SH|513880.SH|515880.SH|518880.SH|588000.SH,1.7000855440056626,0.7033707413010769,neighbor,1,513500.SH,164824.SZ
rolling_multi_start_hill,2023,2024,41,159611.SZ|159766.SZ|159920.SZ|159980.SZ|159981.SZ|159985.SZ|160644.SZ|161226.SZ|510050.SH|513120.SH|513290.SH|513500.SH|513880.SH,-0.07995671271616944,0.6169939678265955,restart,2,,
rolling_multi_start_hill,2023,2024,42,159611.SZ|159766.SZ|159920.SZ|159980.SZ|159985.SZ|160644.SZ|161226.SZ|501018.SH|510050.SH|513120.SH|513290.SH|513500.SH|513880.SH,-0.22170276608311787,0.6169939678265955,neighbor,2,159981.SZ,501018.SH
rolling_multi_start_hill,2023,2024,43,159611.SZ|159766.SZ|159920.SZ|159981.SZ|159985.SZ|160644.SZ|161226.SZ|501018.SH|510050.SH|513120.SH|513290.SH|513500.SH|513880.SH,0.10937314607937867,0.6169939678265955,neighbor,2,159980.SZ,501018.SH
rolling_multi_start_hill,2023,2024,44,159611.SZ|159766.SZ|159920.SZ|159981.SZ|159985.SZ|160644.SZ|161226.SZ|164824.SZ|501018.SH|510050.SH|513120.SH|513500.SH|513880.SH,0.4831062271346143,0.6169939678265955,neighbor,2,513290.SH,164824.SZ
rolling_multi_start_hill,2023,2024,45,159611.SZ|159766.SZ|159920.SZ|159981.SZ|159985.SZ|160644.SZ|161226.SZ|501018.SH|510050.SH|513030.SH|513120.SH|513500.SH|513880.SH,0.20501447646490462,0.7197588332800243,neighbor,2,164824.SZ,513030.SH
rolling_multi_start_hill,2023,2024,46,159766.SZ|159920.SZ|159981.SZ|159985.SZ|160644.SZ|161226.SZ|164824.SZ|501018.SH|510050.SH|510500.SH|513120.SH|513500.SH|513880.SH,0.3982280216513028,0.7171213159893393,neighbor,2,159611.SZ,510500.SH
rolling_multi_start_hill,2023,2024,47,159611.SZ|159920.SZ|159981.SZ|159985.SZ|160644.SZ|161226.SZ|164824.SZ|501018.SH|510050.SH|510210.SH|513120.SH|513500.SH|513880.SH,0.7489134083173269,0.8745287894626734,neighbor,2,159766.SZ,510210.SH
rolling_multi_start_hill,2023,2024,48,159611.SZ|159920.SZ|159981.SZ|159985.SZ|160644.SZ|161226.SZ|164824.SZ|501018.SH|510050.SH|510210.SH|513080.SH|513120.SH|513880.SH,0.6565965257440425,0.8745287894626734,neighbor,2,513500.SH,513080.SH
rolling_multi_start_hill,2023,2024,49,159611.SZ|159920.SZ|159981.SZ|159985.SZ|161226.SZ|164824.SZ|501018.SH|510050.SH|510210.SH|513100.SH|513120.SH|513500.SH|513880.SH,0.6074501299426031,0.8876334498348947,neighbor,2,160644.SZ,513100.SH
rolling_multi_start_hill,2023,2024,50,159920.SZ|159981.SZ|159985.SZ|160644.SZ|161226.SZ|164824.SZ|501018.SH|510050.SH|510210.SH|513120.SH|513500.SH|513880.SH|588200.SH,0.7316222166345321,0.8745287894626734,neighbor,2,159611.SZ,588200.SH
rolling_multi_start_hill,2023,2024,51,159611.SZ|159981.SZ|159985.SZ|160644.SZ|161226.SZ|164824.SZ|501018.SH|510050.SH|510210.SH|513120.SH|513180.SH|513500.SH|513880.SH,0.5409453614513252,0.8745287894626734,neighbor,2,159920.SZ,513180.SH
rolling_multi_start_hill,2023,2024,52,159611.SZ|159920.SZ|159981.SZ|159985.SZ|160644.SZ|161226.SZ|164824.SZ|501018.SH|510050.SH|510210.SH|513080.SH|513120.SH|513500.SH,0.32418210202218717,0.8745287894626734,neighbor,2,513880.SH,513080.SH
rolling_multi_start_hill,2023,2024,53,159611.SZ|159920.SZ|159980.SZ|159981.SZ|159985.SZ|160644.SZ|161226.SZ|164824.SZ|510050.SH|510210.SH|513120.SH|513500.SH|513880.SH,0.47980275431223496,0.8745287894626734,neighbor,2,501018.SH,159980.SZ
rolling_multi_start_hill,2023,2024,54,159611.SZ|159920.SZ|159981.SZ|159985.SZ|160644.SZ|161226.SZ|164824.SZ|501018.SH|510050.SH|513120.SH|513500.SH|513880.SH|516150.SH,0.5160386383098546,0.6169939678265955,neighbor,2,510210.SH,516150.SH
rolling_multi_start_hill,2023,2024,55,159611.SZ|159920.SZ|159981.SZ|159985.SZ|160644.SZ|161226.SZ|164824.SZ|501018.SH|510210.SH|512660.SH|513120.SH|513500.SH|513880.SH,0.5890460410835093,0.6169939678265955,neighbor,2,510050.SH,512660.SH
rolling_multi_start_hill,2023,2024,56,159611.SZ|159920.SZ|159981.SZ|159985.SZ|160644.SZ|161226.SZ|501018.SH|510050.SH|510210.SH|513030.SH|513120.SH|513500.SH|513880.SH,0.3698414513487277,0.8745287894626734,neighbor,2,164824.SZ,513030.SH
rolling_multi_start_hill,2023,2024,57,159611.SZ|159920.SZ|159928.SZ|159981.SZ|159985.SZ|160644.SZ|161226.SZ|164824.SZ|501018.SH|510050.SH|513120.SH|513500.SH|513880.SH,0.5588765062583065,0.7839054927067619,neighbor,2,510210.SH,159928.SZ
rolling_multi_start_hill,2023,2024,58,159920.SZ|159981.SZ|159985.SZ|160644.SZ|161226.SZ|164824.SZ|501018.SH|510050.SH|510210.SH|512170.SH|513120.SH|513500.SH|513880.SH,0.7235375853874859,0.8745287894626734,neighbor,2,159611.SZ,512170.SH
rolling_multi_start_hill,2023,2024,59,159611.SZ|159920.SZ|159981.SZ|159985.SZ|160644.SZ|164824.SZ|501018.SH|510050.SH|510210.SH|513120.SH|513500.SH|513880.SH|518880.SH,1.3322055767307803,0.8745287894626734,neighbor,2,161226.SZ,518880.SH
rolling_multi_start_hill,2023,2024,60,159611.SZ|159981.SZ|159985.SZ|160644.SZ|164824.SZ|501018.SH|510050.SH|510210.SH|513120.SH|513180.SH|513500.SH|513880.SH|518880.SH,1.137269719076023,0.8745287894626734,neighbor,2,159920.SZ,513180.SH
rolling_multi_start_hill,2023,2024,61,159687.SZ|159766.SZ|159865.SZ|159920.SZ|159981.SZ|159985.SZ|164824.SZ|501018.SH|512400.SH|513070.SH|513100.SH|513500.SH|518880.SH,0.28617869490077813,0.9196494911995831,restart,3,,
rolling_multi_start_hill,2023,2024,62,159687.SZ|159766.SZ|159865.SZ|159920.SZ|159981.SZ|159985.SZ|160644.SZ|164824.SZ|501018.SH|512400.SH|513070.SH|513100.SH|518880.SH,0.2848373964281081,0.9196494911995831,neighbor,3,513500.SH,160644.SZ
rolling_multi_start_hill,2023,2024,63,159687.SZ|159766.SZ|159865.SZ|159920.SZ|159981.SZ|159985.SZ|164824.SZ|501018.SH|512400.SH|513070.SH|513100.SH|513880.SH|518880.SH,0.6885167372383084,0.9196494911995831,neighbor,3,513500.SH,513880.SH
rolling_multi_start_hill,2023,2024,64,159687.SZ|159766.SZ|159865.SZ|159920.SZ|159981.SZ|159985.SZ|164824.SZ|501018.SH|512170.SH|513070.SH|513100.SH|513880.SH|518880.SH,0.6591737844436297,0.9196494911995831,neighbor,3,512400.SH,512170.SH
rolling_multi_start_hill,2023,2024,65,159687.SZ|159865.SZ|159920.SZ|159981.SZ|159985.SZ|164824.SZ|501018.SH|512400.SH|513070.SH|513100.SH|513880.SH|515880.SH|518880.SH,1.1614632273801389,0.9196494911995831,neighbor,3,159766.SZ,515880.SH
rolling_multi_start_hill,2023,2024,66,159687.SZ|159865.SZ|159920.SZ|159981.SZ|159985.SZ|164824.SZ|501018.SH|512040.SH|513070.SH|513100.SH|513880.SH|515880.SH|518880.SH,1.5475933769992236,0.9196494911995831,neighbor,3,512400.SH,512040.SH
rolling_multi_start_hill,2023,2024,67,159687.SZ|159865.SZ|159920.SZ|159981.SZ|159985.SZ|164824.SZ|501018.SH|512040.SH|513030.SH|513070.SH|513100.SH|515880.SH|518880.SH,1.670072572810369,0.9196494911995831,neighbor,3,513880.SH,513030.SH
rolling_multi_start_hill,2023,2024,68,159687.SZ|159865.SZ|159920.SZ|159980.SZ|159981.SZ|164824.SZ|501018.SH|512040.SH|513030.SH|513070.SH|513100.SH|515880.SH|518880.SH,1.2289479453308418,0.9196494911995831,neighbor,3,159985.SZ,159980.SZ
rolling_multi_start_hill,2023,2024,69,159687.SZ|159865.SZ|159920.SZ|159981.SZ|161226.SZ|164824.SZ|501018.SH|512040.SH|513030.SH|513070.SH|513100.SH|515880.SH|518880.SH,1.0359599240304305,0.9196494911995831,neighbor,3,159985.SZ,161226.SZ
rolling_multi_start_hill,2023,2024,70,159687.SZ|159865.SZ|159920.SZ|159985.SZ|161226.SZ|164824.SZ|501018.SH|512040.SH|513030.SH|513070.SH|513100.SH|515880.SH|518880.SH,0.9535940095995831,0.9196494911995831,neighbor,3,159981.SZ,161226.SZ
rolling_multi_start_hill,2023,2024,71,159687.SZ|159865.SZ|159920.SZ|159981.SZ|159985.SZ|164824.SZ|501018.SH|512040.SH|512800.SH|513030.SH|513070.SH|513100.SH|518880.SH,1.0249853301350822,0.9196494911995831,neighbor,3,515880.SH,512800.SH
rolling_multi_start_hill,2023,2024,72,159687.SZ|159865.SZ|159920.SZ|159981.SZ|159985.SZ|164824.SZ|501018.SH|512040.SH|513030.SH|513100.SH|513120.SH|515880.SH|518880.SH,2.0802842632295393,0.6755480123658768,neighbor,3,513070.SH,513120.SH
rolling_multi_start_hill,2023,2024,73,159611.SZ|159687.SZ|159920.SZ|159981.SZ|159985.SZ|164824.SZ|501018.SH|512040.SH|513030.SH|513100.SH|513120.SH|515880.SH|518880.SH,1.5243430833732523,0.6755480123658768,neighbor,3,159865.SZ,159611.SZ
rolling_multi_start_hill,2023,2024,74,159687.SZ|159901.SZ|159920.SZ|159981.SZ|159985.SZ|164824.SZ|501018.SH|512040.SH|513030.SH|513100.SH|513120.SH|515880.SH|518880.SH,1.8032552686851846,0.6755480123658768,neighbor,3,159865.SZ,159901.SZ
rolling_multi_start_hill,2023,2024,75,159687.SZ|159865.SZ|159920.SZ|159981.SZ|159985.SZ|501018.SH|512040.SH|513030.SH|513100.SH|513120.SH|513310.SH|515880.SH|518880.SH,1.5324854469295233,0.6755480123658768,neighbor,3,164824.SZ,513310.SH
rolling_multi_start_hill,2023,2024,76,159687.SZ|159865.SZ|159920.SZ|159981.SZ|159985.SZ|161226.SZ|164824.SZ|512040.SH|513030.SH|513100.SH|513120.SH|515880.SH|518880.SH,1.3307614807712098,0.6755480123658768,neighbor,3,501018.SH,161226.SZ
rolling_multi_start_hill,2023,2024,77,159687.SZ|159865.SZ|159920.SZ|159981.SZ|159985.SZ|164824.SZ|501018.SH|512040.SH|513100.SH|513120.SH|513500.SH|515880.SH|518880.SH,1.8318851596361334,0.8876334498348947,neighbor,3,513030.SH,513500.SH
rolling_multi_start_hill,2023,2024,78,159865.SZ|159920.SZ|159981.SZ|159985.SZ|164824.SZ|501018.SH|512040.SH|513030.SH|513100.SH|513120.SH|513310.SH|515880.SH|518880.SH,1.6385938224905936,0.6550899267519877,neighbor,3,159687.SZ,513310.SH
rolling_multi_start_hill,2023,2024,79,159687.SZ|159865.SZ|159920.SZ|159981.SZ|159985.SZ|164824.SZ|501018.SH|512040.SH|513080.SH|513100.SH|513120.SH|515880.SH|518880.SH,2.1220252173749783,0.6492703843734722,neighbor,3,513030.SH,513080.SH
rolling_multi_start_hill,2023,2024,80,159687.SZ|159865.SZ|159920.SZ|159981.SZ|159985.SZ|160644.SZ|164824.SZ|501018.SH|512040.SH|513100.SH|513120.SH|515880.SH|518880.SH,1.8581393297414617,0.6464045202816908,neighbor,3,513080.SH,160644.SZ
rolling_multi_start_hill,2023,2024,81,159980.SZ|159981.SZ|159985.SZ|164824.SZ|512170.SH|512890.SH|513070.SH|513120.SH|513310.SH|513500.SH|513880.SH|518880.SH|588200.SH,1.5350438715584673,0.6169939678265955,restart,4,,
rolling_multi_start_hill,2023,2024,82,159980.SZ|159985.SZ|161226.SZ|164824.SZ|512170.SH|512890.SH|513070.SH|513120.SH|513310.SH|513500.SH|513880.SH|518880.SH|588200.SH,1.2259138885564267,0.6565224325624922,neighbor,4,159981.SZ,161226.SZ
rolling_multi_start_hill,2023,2024,83,159981.SZ|159985.SZ|164824.SZ|501018.SH|512170.SH|512890.SH|513070.SH|513120.SH|513310.SH|513500.SH|513880.SH|518880.SH|588200.SH,1.5058660761937677,0.6169939678265955,neighbor,4,159980.SZ,501018.SH
rolling_multi_start_hill,2023,2024,84,159980.SZ|159981.SZ|159985.SZ|164824.SZ|512170.SH|512890.SH|513070.SH|513120.SH|513290.SH|513310.SH|513880.SH|518880.SH|588200.SH,1.170747558168658,0.5606215077566773,neighbor,4,513500.SH,513290.SH
rolling_multi_start_hill,2023,2024,85,159687.SZ|159980.SZ|159981.SZ|159985.SZ|164824.SZ|512170.SH|512890.SH|513070.SH|513120.SH|513310.SH|513500.SH|518880.SH|588200.SH,1.630900981835453,0.6437982087707868,neighbor,4,513880.SH,159687.SZ
rolling_multi_start_hill,2023,2024,86,159687.SZ|159920.SZ|159980.SZ|159981.SZ|159985.SZ|164824.SZ|512170.SH|512890.SH|513120.SH|513310.SH|513500.SH|518880.SH|588200.SH,1.6135838299818963,0.6437982087707868,neighbor,4,513070.SH,159920.SZ
rolling_multi_start_hill,2023,2024,87,159687.SZ|159981.SZ|159985.SZ|161226.SZ|164824.SZ|512170.SH|512890.SH|513070.SH|513120.SH|513310.SH|513500.SH|518880.SH|588200.SH,1.347534139684998,0.6565224325624922,neighbor,4,159980.SZ,161226.SZ
rolling_multi_start_hill,2023,2024,88,159687.SZ|159980.SZ|159981.SZ|159985.SZ|164824.SZ|512170.SH|512890.SH|513070.SH|513080.SH|513120.SH|513310.SH|518880.SH|588200.SH,1.2913651120363034,0.6492703843734722,neighbor,4,513500.SH,513080.SH
rolling_multi_start_hill,2023,2024,89,159687.SZ|159980.SZ|159985.SZ|161226.SZ|164824.SZ|512170.SH|512890.SH|513070.SH|513120.SH|513310.SH|513500.SH|518880.SH|588200.SH,0.9545120264622151,0.6565224325624922,neighbor,4,159981.SZ,161226.SZ
rolling_multi_start_hill,2023,2024,90,159687.SZ|159980.SZ|159981.SZ|159985.SZ|164824.SZ|512170.SH|512890.SH|513070.SH|513120.SH|513500.SH|513880.SH|518880.SH|588200.SH,1.6824334253765123,0.8055829520541524,neighbor,4,513310.SH,513880.SH
rolling_multi_start_hill,2023,2024,91,159687.SZ|159980.SZ|159981.SZ|159985.SZ|164824.SZ|512170.SH|512660.SH|513070.SH|513120.SH|513500.SH|513880.SH|518880.SH|588200.SH,1.4188600986564333,0.8055829520541524,neighbor,4,512890.SH,512660.SH
rolling_multi_start_hill,2023,2024,92,159687.SZ|159980.SZ|159981.SZ|159985.SZ|164824.SZ|510210.SH|512890.SH|513070.SH|513120.SH|513500.SH|513880.SH|518880.SH|588200.SH,1.482314652499797,0.8055829520541524,neighbor,4,512170.SH,510210.SH
rolling_multi_start_hill,2023,2024,93,159687.SZ|159980.SZ|159981.SZ|159985.SZ|512170.SH|512890.SH|513070.SH|513080.SH|513120.SH|513500.SH|513880.SH|518880.SH|588200.SH,1.4923873218212662,0.8055829520541524,neighbor,4,164824.SZ,513080.SH
rolling_multi_start_hill,2023,2024,94,159687.SZ|159980.SZ|159981.SZ|159985.SZ|164824.SZ|512890.SH|513070.SH|513120.SH|513500.SH|513880.SH|518880.SH|588000.SH|588200.SH,1.4777483996447756,0.9016880112355453,neighbor,4,512170.SH,588000.SH
rolling_multi_start_hill,2023,2024,95,159687.SZ|159967.SZ|159980.SZ|159981.SZ|159985.SZ|164824.SZ|512890.SH|513070.SH|513120.SH|513500.SH|513880.SH|518880.SH|588200.SH,1.5203878497680587,0.8055829520541524,neighbor,4,512170.SH,159967.SZ
rolling_multi_start_hill,2023,2024,96,159980.SZ|159981.SZ|159985.SZ|164824.SZ|512170.SH|512890.SH|513070.SH|513080.SH|513120.SH|513500.SH|513880.SH|518880.SH|588200.SH,1.5291716240189994,0.7040106538277557,neighbor,4,159687.SZ,513080.SH
rolling_multi_start_hill,2023,2024,97,159687.SZ|159920.SZ|159980.SZ|159981.SZ|159985.SZ|164824.SZ|512170.SH|512890.SH|513120.SH|513500.SH|513880.SH|518880.SH|588200.SH,1.6905882181746574,0.8055829520541524,neighbor,4,513070.SH,159920.SZ
rolling_multi_start_hill,2023,2024,98,159687.SZ|159920.SZ|159980.SZ|159981.SZ|159985.SZ|164824.SZ|512170.SH|513120.SH|513500.SH|513880.SH|515210.SH|518880.SH|588200.SH,1.5815853613500834,0.8055829520541524,neighbor,4,512890.SH,515210.SH
rolling_multi_start_hill,2023,2024,99,159687.SZ|159920.SZ|159980.SZ|159981.SZ|159985.SZ|164824.SZ|512170.SH|512890.SH|513120.SH|513500.SH|513880.SH|515790.SH|518880.SH,1.6093142536304754,0.8055829520541524,neighbor,4,588200.SH,515790.SH
rolling_multi_start_hill,2023,2024,100,159687.SZ|159920.SZ|159980.SZ|159981.SZ|159985.SZ|160644.SZ|164824.SZ|512170.SH|512890.SH|513120.SH|513500.SH|518880.SH|588200.SH,1.7658191754970551,0.6437982087707868,neighbor,4,513880.SH,160644.SZ
rolling_multi_start_hill,2024,2025,1,159518.SZ|159869.SZ|159980.SZ|159985.SZ|160644.SZ|161226.SZ|510210.SH|510500.SH|513120.SH|513180.SH|513290.SH|513500.SH|518880.SH,0.4613105888035345,0.8477233449865794,restart,0,,
rolling_multi_start_hill,2024,2025,2,159518.SZ|159869.SZ|159980.SZ|159985.SZ|160644.SZ|161226.SZ|510500.SH|512890.SH|513120.SH|513180.SH|513290.SH|513500.SH|518880.SH,0.3385440683224948,0.7889425391722841,neighbor,0,510210.SH,512890.SH
rolling_multi_start_hill,2024,2025,3,159518.SZ|159869.SZ|159980.SZ|160644.SZ|161226.SZ|501018.SH|510210.SH|510500.SH|513120.SH|513180.SH|513290.SH|513500.SH|518880.SH,1.122003784797626,0.8477233449865794,neighbor,0,159985.SZ,501018.SH
rolling_multi_start_hill,2024,2025,4,159518.SZ|159869.SZ|159980.SZ|159985.SZ|160644.SZ|501018.SH|510210.SH|510500.SH|513120.SH|513180.SH|513290.SH|513500.SH|518880.SH,0.5901418522692559,0.8477233449865794,neighbor,0,161226.SZ,159985.SZ
rolling_multi_start_hill,2024,2025,5,159509.SZ|159518.SZ|159869.SZ|159980.SZ|160644.SZ|161226.SZ|501018.SH|510210.SH|510500.SH|513120.SH|513180.SH|513290.SH|518880.SH,0.8747756863013813,0.8477233449865794,neighbor,0,513500.SH,159509.SZ
rolling_multi_start_hill,2024,2025,6,159869.SZ|159980.SZ|160644.SZ|161226.SZ|501018.SH|510210.SH|510500.SH|513120.SH|513180.SH|513290.SH|513400.SH|513500.SH|518880.SH,1.3691215011043854,0.8477233449865794,neighbor,0,159518.SZ,513400.SH
rolling_multi_start_hill,2024,2025,7,159869.SZ|159980.SZ|160644.SZ|161226.SZ|501018.SH|510500.SH|512890.SH|513120.SH|513180.SH|513290.SH|513400.SH|513500.SH|518880.SH,1.352094161107069,0.7889425391722841,neighbor,0,510210.SH,512890.SH
rolling_multi_start_hill,2024,2025,8,159869.SZ|159980.SZ|159981.SZ|160644.SZ|501018.SH|510210.SH|510500.SH|513120.SH|513180.SH|513290.SH|513400.SH|513500.SH|518880.SH,0.9172424195827493,0.8477233449865794,neighbor,0,161226.SZ,159981.SZ
rolling_multi_start_hill,2024,2025,9,159869.SZ|159980.SZ|159981.SZ|160644.SZ|161226.SZ|501018.SH|510210.SH|510500.SH|513120.SH|513180.SH|513290.SH|513400.SH|513500.SH,0.32019883482804334,0.8477233449865794,neighbor,0,518880.SH,159981.SZ
rolling_multi_start_hill,2024,2025,10,159509.SZ|159869.SZ|159980.SZ|160644.SZ|161226.SZ|501018.SH|510210.SH|510500.SH|513120.SH|513180.SH|513290.SH|513500.SH|518880.SH,0.9554447026760409,0.8477233449865794,neighbor,0,513400.SH,159509.SZ
rolling_multi_start_hill,2024,2025,11,159869.SZ|159980.SZ|160644.SZ|161226.SZ|501018.SH|510210.SH|510500.SH|513100.SH|513120.SH|513180.SH|513400.SH|513500.SH|518880.SH,1.50408394232466,0.8532903457695046,neighbor,0,513290.SH,513100.SH
rolling_multi_start_hill,2024,2025,12,159869.SZ|159980.SZ|159981.SZ|160644.SZ|161226.SZ|501018.SH|510210.SH|510500.SH|513100.SH|513120.SH|513180.SH|513400.SH|513500.SH,0.8599712536148331,0.8532903457695046,neighbor,0,518880.SH,159981.SZ
rolling_multi_start_hill,2024,2025,13,159980.SZ|160644.SZ|161226.SZ|501018.SH|510210.SH|510500.SH|513100.SH|513120.SH|513180.SH|513400.SH|513500.SH|518880.SH|588000.SH,1.169388494127824,0.8532903457695046,neighbor,0,159869.SZ,588000.SH
rolling_multi_start_hill,2024,2025,14,159869.SZ|159980.SZ|159985.SZ|160644.SZ|161226.SZ|501018.SH|510210.SH|510500.SH|513100.SH|513120.SH|513180.SH|513400.SH|513500.SH,1.4556610290245413,0.8532903457695046,neighbor,0,518880.SH,159985.SZ
rolling_multi_start_hill,2024,2025,15,159869.SZ|159981.SZ|160644.SZ|161226.SZ|501018.SH|510210.SH|510500.SH|513100.SH|513120.SH|513180.SH|513400.SH|513500.SH|518880.SH,0.8012045744321266,0.8532903457695046,neighbor,0,159980.SZ,159981.SZ
rolling_multi_start_hill,2024,2025,16,159869.SZ|159980.SZ|159981.SZ|160644.SZ|501018.SH|510210.SH|510500.SH|513100.SH|513120.SH|513180.SH|513400.SH|513500.SH|518880.SH,1.1808789051976403,0.8532903457695046,neighbor,0,161226.SZ,159981.SZ
rolling_multi_start_hill,2024,2025,17,159509.SZ|159869.SZ|159980.SZ|160644.SZ|161226.SZ|501018.SH|510210.SH|510500.SH|513120.SH|513180.SH|513400.SH|513500.SH|518880.SH,1.4950720631845518,0.8477233449865794,neighbor,0,513100.SH,159509.SZ
rolling_multi_start_hill,2024,2025,18,159518.SZ|159869.SZ|159980.SZ|160644.SZ|161226.SZ|501018.SH|510210.SH|510500.SH|513100.SH|513120.SH|513180.SH|513400.SH|518880.SH,1.1870302259507854,0.8477233449865794,neighbor,0,513500.SH,159518.SZ
rolling_multi_start_hill,2024,2025,19,159980.SZ|160644.SZ|161226.SZ|501018.SH|510210.SH|510500.SH|512400.SH|513100.SH|513120.SH|513180.SH|513400.SH|513500.SH|518880.SH,1.0865302243478825,0.8532903457695046,neighbor,0,159869.SZ,512400.SH
rolling_multi_start_hill,2024,2025,20,159687.SZ|159869.SZ|159980.SZ|161226.SZ|501018.SH|510210.SH|510500.SH|513100.SH|513120.SH|513180.SH|513400.SH|513500.SH|518880.SH,1.5046179413729592,0.8532903457695046,neighbor,0,160644.SZ,159687.SZ
rolling_multi_start_hill,2024,2025,21,159901.SZ|159980.SZ|161226.SZ|164824.SZ|501018.SH|510500.SH|513080.SH|513120.SH|513290.SH|513500.SH|513750.SH|516150.SH|518880.SH,0.9956296356620362,0.8727654538508456,restart,1,,
rolling_multi_start_hill,2024,2025,22,159980.SZ|161226.SZ|164824.SZ|501018.SH|510500.SH|513080.SH|513120.SH|513290.SH|513500.SH|513750.SH|516150.SH|518880.SH|588000.SH,0.6505391668610513,0.8505183305935091,neighbor,1,159901.SZ,588000.SH
rolling_multi_start_hill,2024,2025,23,159901.SZ|159920.SZ|159980.SZ|161226.SZ|164824.SZ|501018.SH|510500.SH|513080.SH|513290.SH|513500.SH|513750.SH|516150.SH|518880.SH,1.0134118691387817,0.8920130717054932,neighbor,1,513120.SH,159920.SZ
rolling_multi_start_hill,2024,2025,24,159901.SZ|159980.SZ|161226.SZ|164824.SZ|501018.SH|510500.SH|513070.SH|513080.SH|513290.SH|513500.SH|513750.SH|516150.SH|518880.SH,0.8803659071807957,0.8727654538508456,neighbor,1,159920.SZ,513070.SH
rolling_multi_start_hill,2024,2025,25,159901.SZ|159920.SZ|159980.SZ|160644.SZ|161226.SZ|164824.SZ|501018.SH|510500.SH|513080.SH|513290.SH|513750.SH|516150.SH|518880.SH,0.6422826348636281,0.8920130717054932,neighbor,1,513500.SH,160644.SZ
rolling_multi_start_hill,2024,2025,26,159901.SZ|159920.SZ|159980.SZ|160644.SZ|161226.SZ|164824.SZ|501018.SH|510500.SH|513290.SH|513500.SH|513750.SH|516150.SH|518880.SH,0.6770739472927123,0.8920130717054932,neighbor,1,513080.SH,160644.SZ
rolling_multi_start_hill,2024,2025,27,159901.SZ|159920.SZ|159980.SZ|159985.SZ|161226.SZ|164824.SZ|510500.SH|513080.SH|513290.SH|513500.SH|513750.SH|516150.SH|518880.SH,0.5398141230248109,0.8920130717054932,neighbor,1,501018.SH,159985.SZ
rolling_multi_start_hill,2024,2025,28,159901.SZ|159920.SZ|159980.SZ|159985.SZ|164824.SZ|501018.SH|510500.SH|513080.SH|513290.SH|513500.SH|513750.SH|516150.SH|518880.SH,0.9209470787213715,0.8920130717054932,neighbor,1,161226.SZ,159985.SZ
rolling_multi_start_hill,2024,2025,29,159901.SZ|159920.SZ|159985.SZ|161226.SZ|164824.SZ|501018.SH|510500.SH|513080.SH|513290.SH|513500.SH|513750.SH|516150.SH|518880.SH,1.2143058160239881,0.8920130717054932,neighbor,1,159980.SZ,159985.SZ
rolling_multi_start_hill,2024,2025,30,159901.SZ|159920.SZ|159985.SZ|161226.SZ|164824.SZ|501018.SH|510500.SH|513080.SH|513290.SH|513730.SH|513750.SH|516150.SH|518880.SH,0.9496687048358642,0.8920130717054932,neighbor,1,513500.SH,513730.SH
rolling_multi_start_hill,2024,2025,31,159518.SZ|159901.SZ|159920.SZ|159985.SZ|161226.SZ|164824.SZ|501018.SH|510500.SH|513290.SH|513500.SH|513750.SH|516150.SH|518880.SH,1.205812305138711,0.8920130717054932,neighbor,1,513080.SH,159518.SZ
rolling_multi_start_hill,2024,2025,32,159901.SZ|159920.SZ|159980.SZ|159985.SZ|161226.SZ|164824.SZ|501018.SH|510500.SH|513080.SH|513290.SH|513500.SH|513750.SH|516150.SH,1.0365957203748333,0.8920130717054932,neighbor,1,518880.SH,159980.SZ
rolling_multi_start_hill,2024,2025,33,159901.SZ|159920.SZ|159985.SZ|161226.SZ|164824.SZ|501018.SH|510500.SH|513080.SH|513500.SH|513750.SH|513880.SH|516150.SH|518880.SH,1.0226052760210464,0.8920130717054932,neighbor,1,513290.SH,513880.SH
rolling_multi_start_hill,2024,2025,34,159901.SZ|159920.SZ|159985.SZ|161226.SZ|164824.SZ|501018.SH|510500.SH|513290.SH|513310.SH|513500.SH|513750.SH|516150.SH|518880.SH,1.1484105538056992,0.8920130717054932,neighbor,1,513080.SH,513310.SH
rolling_multi_start_hill,2024,2025,35,159509.SZ|159901.SZ|159920.SZ|159985.SZ|161226.SZ|164824.SZ|501018.SH|510500.SH|513080.SH|513290.SH|513750.SH|516150.SH|518880.SH,0.904563562268673,0.8920130717054932,neighbor,1,513500.SH,159509.SZ
rolling_multi_start_hill,2024,2025,36,159901.SZ|159920.SZ|159985.SZ|161226.SZ|164824.SZ|501018.SH|510500.SH|510880.SH|513080.SH|513290.SH|513500.SH|513750.SH|518880.SH,1.4119517221427231,0.8920130717054932,neighbor,1,516150.SH,510880.SH
rolling_multi_start_hill,2024,2025,37,159901.SZ|159920.SZ|159985.SZ|161226.SZ|501018.SH|510500.SH|510880.SH|513080.SH|513290.SH|513500.SH|513750.SH|513880.SH|518880.SH,1.5784805727254372,0.8920130717054932,neighbor,1,164824.SZ,513880.SH
rolling_multi_start_hill,2024,2025,38,159920.SZ|159985.SZ|161226.SZ|501018.SH|510500.SH|510880.SH|513080.SH|513290.SH|513500.SH|513750.SH|513880.SH|518880.SH|562500.SH,1.4923316125137553,0.8920130717054932,neighbor,1,159901.SZ,562500.SH
rolling_multi_start_hill,2024,2025,39,159901.SZ|159920.SZ|159981.SZ|161226.SZ|501018.SH|510500.SH|510880.SH|513080.SH|513290.SH|513500.SH|513750.SH|513880.SH|518880.SH,1.1314308732530924,0.8920130717054932,neighbor,1,159985.SZ,159981.SZ
rolling_multi_start_hill,2024,2025,40,159901.SZ|159920.SZ|159980.SZ|159985.SZ|501018.SH|510500.SH|510880.SH|513080.SH|513290.SH|513500.SH|513750.SH|513880.SH|518880.SH,1.3374065754521012,0.8920130717054932,neighbor,1,161226.SZ,159980.SZ
rolling_multi_start_hill,2024,2025,41,159687.SZ|159796.SZ|159980.SZ|159985.SZ|160644.SZ|161226.SZ|510050.SH|513080.SH|513180.SH|513750.SH|513880.SH|518880.SH|562500.SH,0.04659461819213919,0.8415836756152468,restart,2,,
rolling_multi_start_hill,2024,2025,42,159687.SZ|159796.SZ|159980.SZ|159985.SZ|160644.SZ|161226.SZ|510050.SH|512040.SH|513080.SH|513180.SH|513750.SH|513880.SH|518880.SH,0.4079826218258581,0.8415836756152468,neighbor,2,562500.SH,512040.SH
rolling_multi_start_hill,2024,2025,43,159687.SZ|159967.SZ|159980.SZ|159985.SZ|160644.SZ|161226.SZ|510050.SH|512040.SH|513080.SH|513180.SH|513750.SH|513880.SH|518880.SH,0.493469980525751,0.8415836756152468,neighbor,2,159796.SZ,159967.SZ
rolling_multi_start_hill,2024,2025,44,159687.SZ|159967.SZ|159980.SZ|159985.SZ|160644.SZ|501018.SH|510050.SH|512040.SH|513080.SH|513180.SH|513750.SH|513880.SH|518880.SH,0.825787695807754,0.8415836756152468,neighbor,2,161226.SZ,501018.SH
rolling_multi_start_hill,2024,2025,45,159687.SZ|159851.SZ|159980.SZ|159985.SZ|160644.SZ|501018.SH|510050.SH|512040.SH|513080.SH|513180.SH|513750.SH|513880.SH|518880.SH,1.165529302914318,0.8415836756152468,neighbor,2,159967.SZ,159851.SZ
rolling_multi_start_hill,2024,2025,46,159687.SZ|159851.SZ|159980.SZ|159985.SZ|160644.SZ|501018.SH|510050.SH|513080.SH|513180.SH|513750.SH|513880.SH|516150.SH|518880.SH,1.0047040852836178,0.8415836756152468,neighbor,2,512040.SH,516150.SH
rolling_multi_start_hill,2024,2025,47,159509.SZ|159687.SZ|159851.SZ|159980.SZ|159985.SZ|160644.SZ|501018.SH|510050.SH|512040.SH|513180.SH|513750.SH|513880.SH|518880.SH,1.6466872095593177,0.8415836756152468,neighbor,2,513080.SH,159509.SZ
rolling_multi_start_hill,2024,2025,48,159509.SZ|159687.SZ|159796.SZ|159851.SZ|159980.SZ|159985.SZ|160644.SZ|501018.SH|510050.SH|513180.SH|513750.SH|513880.SH|518880.SH,1.0662186822316733,0.8415836756152468,neighbor,2,512040.SH,159796.SZ
rolling_multi_start_hill,2024,2025,49,159509.SZ|159687.SZ|159851.SZ|159980.SZ|159985.SZ|160644.SZ|501018.SH|510050.SH|513180.SH|513750.SH|513880.SH|515790.SH|518880.SH,1.3053450549984174,0.8415836756152468,neighbor,2,512040.SH,515790.SH
rolling_multi_start_hill,2024,2025,50,159509.SZ|159518.SZ|159687.SZ|159851.SZ|159980.SZ|159985.SZ|501018.SH|510050.SH|512040.SH|513180.SH|513750.SH|513880.SH|518880.SH,1.2029622075362536,0.8415836756152468,neighbor,2,160644.SZ,159518.SZ
rolling_multi_start_hill,2024,2025,51,159509.SZ|159687.SZ|159851.SZ|159980.SZ|159985.SZ|160644.SZ|501018.SH|510050.SH|512040.SH|513120.SH|513750.SH|513880.SH|518880.SH,1.5917478155831122,0.8232321276327066,neighbor,2,513180.SH,513120.SH
rolling_multi_start_hill,2024,2025,52,159509.SZ|159687.SZ|159851.SZ|159980.SZ|159985.SZ|501018.SH|510050.SH|512040.SH|513030.SH|513180.SH|513750.SH|513880.SH|518880.SH,1.0877036851534616,0.8415836756152468,neighbor,2,160644.SZ,513030.SH
rolling_multi_start_hill,2024,2025,53,159509.SZ|159687.SZ|159851.SZ|159980.SZ|159981.SZ|160644.SZ|501018.SH|510050.SH|512040.SH|513180.SH|513750.SH|513880.SH|518880.SH,1.630954025427204,0.8415836756152468,neighbor,2,159985.SZ,159981.SZ
rolling_multi_start_hill,2024,2025,54,159509.SZ|159687.SZ|159980.SZ|159985.SZ|160644.SZ|501018.SH|510050.SH|510880.SH|512040.SH|513180.SH|513750.SH|513880.SH|518880.SH,1.6706619496750665,0.8415836756152468,neighbor,2,159851.SZ,510880.SH
rolling_multi_start_hill,2024,2025,55,159509.SZ|159687.SZ|159980.SZ|159981.SZ|160644.SZ|501018.SH|510050.SH|510880.SH|512040.SH|513180.SH|513750.SH|513880.SH|518880.SH,1.1388160399522784,0.8415836756152468,neighbor,2,159985.SZ,159981.SZ
rolling_multi_start_hill,2024,2025,56,159509.SZ|159687.SZ|159980.SZ|159985.SZ|160644.SZ|501018.SH|510500.SH|510880.SH|512040.SH|513180.SH|513750.SH|513880.SH|518880.SH,1.711050129925001,0.8451141238641433,neighbor,2,510050.SH,510500.SH
rolling_multi_start_hill,2024,2025,57,159509.SZ|159687.SZ|159980.SZ|159985.SZ|160644.SZ|164824.SZ|501018.SH|510500.SH|510880.SH|512040.SH|513180.SH|513750.SH|518880.SH,1.431594440179335,0.8451141238641433,neighbor,2,513880.SH,164824.SZ
rolling_multi_start_hill,2024,2025,58,159509.SZ|159980.SZ|159985.SZ|160644.SZ|501018.SH|510500.SH|510880.SH|512040.SH|513080.SH|513180.SH|513750.SH|513880.SH|518880.SH,1.1352396038276393,0.8451141238641433,neighbor,2,159687.SZ,513080.SH
rolling_multi_start_hill,2024,2025,59,159509.SZ|159687.SZ|159980.SZ|159981.SZ|159985.SZ|160644.SZ|510500.SH|510880.SH|512040.SH|513180.SH|513750.SH|513880.SH|518880.SH,1.0273465930938515,0.8451141238641433,neighbor,2,501018.SH,159981.SZ
rolling_multi_start_hill,2024,2025,60,159509.SZ|159687.SZ|159980.SZ|159985.SZ|160644.SZ|501018.SH|510500.SH|510880.SH|513180.SH|513750.SH|513880.SH|516150.SH|518880.SH,1.4998003814843022,0.8505183305935091,neighbor,2,512040.SH,516150.SH
rolling_multi_start_hill,2024,2025,61,159518.SZ|159901.SZ|159920.SZ|159981.SZ|161226.SZ|501018.SH|512200.SH|512800.SH|513080.SH|513120.SH|513290.SH|513880.SH|518880.SH,1.1770194823823295,0.7889425391722841,restart,3,,
rolling_multi_start_hill,2024,2025,62,159901.SZ|159920.SZ|159981.SZ|161226.SZ|501018.SH|512200.SH|512800.SH|513080.SH|513120.SH|513290.SH|513730.SH|513880.SH|518880.SH,1.6625284171779278,0.7889425391722841,neighbor,3,159518.SZ,513730.SH
rolling_multi_start_hill,2024,2025,63,159901.SZ|159920.SZ|159981.SZ|161226.SZ|501018.SH|512040.SH|512800.SH|513080.SH|513120.SH|513290.SH|513730.SH|513880.SH|518880.SH,1.2830645990956726,0.7921615306444358,neighbor,3,512200.SH,512040.SH
rolling_multi_start_hill,2024,2025,64,159901.SZ|159920.SZ|159981.SZ|161226.SZ|501018.SH|512200.SH|512800.SH|513080.SH|513120.SH|513290.SH|513500.SH|513730.SH|518880.SH,1.7159728680872224,0.7889425391722841,neighbor,3,513880.SH,513500.SH
rolling_multi_start_hill,2024,2025,65,159901.SZ|159920.SZ|159980.SZ|161226.SZ|501018.SH|512200.SH|512800.SH|513080.SH|513120.SH|513290.SH|513500.SH|513730.SH|518880.SH,1.6583849264196138,0.7889425391722841,neighbor,3,159981.SZ,159980.SZ
rolling_multi_start_hill,2024,2025,66,159870.SZ|159901.SZ|159920.SZ|159981.SZ|161226.SZ|501018.SH|512800.SH|513080.SH|513120.SH|513290.SH|513500.SH|513730.SH|518880.SH,1.3166953701596391,0.8640693096799983,neighbor,3,512200.SH,159870.SZ
rolling_multi_start_hill,2024,2025,67,159901.SZ|159920.SZ|159981.SZ|161226.SZ|501018.SH|512200.SH|512800.SH|513080.SH|513290.SH|513500.SH|513730.SH|513750.SH|518880.SH,1.7829082509051821,0.8920130717054932,neighbor,3,513120.SH,513750.SH
rolling_multi_start_hill,2024,2025,68,159901.SZ|159981.SZ|161226.SZ|501018.SH|512200.SH|512800.SH|513080.SH|513120.SH|513290.SH|513500.SH|513730.SH|513750.SH|518880.SH,1.837893052265927,0.7889425391722841,neighbor,3,159920.SZ,513120.SH
rolling_multi_start_hill,2024,2025,69,159901.SZ|159981.SZ|161226.SZ|501018.SH|512800.SH|513080.SH|513120.SH|513290.SH|513500.SH|513730.SH|513750.SH|515790.SH|518880.SH,1.5875748612981868,0.8263182883268914,neighbor,3,512200.SH,515790.SH
rolling_multi_start_hill,2024,2025,70,159901.SZ|159981.SZ|161226.SZ|501018.SH|512200.SH|512800.SH|513070.SH|513080.SH|513290.SH|513500.SH|513730.SH|513750.SH|518880.SH,1.5911388746186845,0.8109949251878138,neighbor,3,513120.SH,513070.SH
rolling_multi_start_hill,2024,2025,71,159901.SZ|159981.SZ|159985.SZ|161226.SZ|501018.SH|512200.SH|512800.SH|513080.SH|513120.SH|513290.SH|513500.SH|513730.SH|513750.SH,1.469336412299042,0.706441678609349,neighbor,3,518880.SH,159985.SZ
rolling_multi_start_hill,2024,2025,72,159901.SZ|159980.SZ|161226.SZ|501018.SH|512200.SH|512800.SH|513080.SH|513120.SH|513290.SH|513500.SH|513730.SH|513750.SH|518880.SH,1.7795183679595448,0.7889425391722841,neighbor,3,159981.SZ,159980.SZ
rolling_multi_start_hill,2024,2025,73,159901.SZ|159981.SZ|161226.SZ|501018.SH|512200.SH|512800.SH|513120.SH|513290.SH|513400.SH|513500.SH|513730.SH|513750.SH|518880.SH,1.8086986322834668,0.7889425391722841,neighbor,3,513080.SH,513400.SH
rolling_multi_start_hill,2024,2025,74,159687.SZ|159901.SZ|159981.SZ|161226.SZ|501018.SH|512200.SH|512800.SH|513080.SH|513120.SH|513290.SH|513730.SH|513750.SH|518880.SH,1.6143477925785712,0.7889425391722841,neighbor,3,513500.SH,159687.SZ
rolling_multi_start_hill,2024,2025,75,159901.SZ|159981.SZ|160644.SZ|161226.SZ|501018.SH|512200.SH|512800.SH|513080.SH|513120.SH|513290.SH|513730.SH|513750.SH|518880.SH,1.2756405492154643,0.7889425391722841,neighbor,3,513500.SH,160644.SZ
rolling_multi_start_hill,2024,2025,76,159518.SZ|159901.SZ|159981.SZ|161226.SZ|501018.SH|512200.SH|512800.SH|513120.SH|513290.SH|513500.SH|513730.SH|513750.SH|518880.SH,1.7074632996091403,0.7889425391722841,neighbor,3,513080.SH,159518.SZ
rolling_multi_start_hill,2024,2025,77,159852.SZ|159901.SZ|159981.SZ|161226.SZ|501018.SH|512800.SH|513080.SH|513120.SH|513290.SH|513500.SH|513730.SH|513750.SH|518880.SH,1.9359237770002213,0.7889425391722841,neighbor,3,512200.SH,159852.SZ
rolling_multi_start_hill,2024,2025,78,159852.SZ|159901.SZ|159985.SZ|161226.SZ|501018.SH|512800.SH|513080.SH|513120.SH|513290.SH|513500.SH|513730.SH|513750.SH|518880.SH,2.0590125623398245,0.7889425391722841,neighbor,3,159981.SZ,159985.SZ
rolling_multi_start_hill,2024,2025,79,159852.SZ|159901.SZ|159980.SZ|159985.SZ|501018.SH|512800.SH|513080.SH|513120.SH|513290.SH|513500.SH|513730.SH|513750.SH|518880.SH,1.8176162903178088,0.7142515793923824,neighbor,3,161226.SZ,159980.SZ
rolling_multi_start_hill,2024,2025,80,159852.SZ|159901.SZ|159985.SZ|161226.SZ|501018.SH|512800.SH|513080.SH|513100.SH|513120.SH|513290.SH|513500.SH|513750.SH|518880.SH,1.9542521582567214,0.8532903457695046,neighbor,3,513730.SH,513100.SH
rolling_multi_start_hill,2024,2025,81,159509.SZ|159529.SZ|159687.SZ|159901.SZ|159967.SZ|159981.SZ|159985.SZ|161226.SZ|510180.SH|513070.SH|513120.SH|513730.SH|518880.SH,0.908449330926534,0.9199793683104046,restart,4,,
rolling_multi_start_hill,2024,2025,82,159509.SZ|159529.SZ|159687.SZ|159901.SZ|159967.SZ|159981.SZ|159985.SZ|501018.SH|510180.SH|513070.SH|513120.SH|513730.SH|518880.SH,1.0429319202140042,0.9199793683104046,neighbor,4,161226.SZ,501018.SH
rolling_multi_start_hill,2024,2025,83,159509.SZ|159529.SZ|159687.SZ|159901.SZ|159967.SZ|159981.SZ|159985.SZ|501018.SH|510180.SH|513120.SH|513730.SH|513750.SH|518880.SH,0.8679276144307773,0.9199793683104046,neighbor,4,513070.SH,513750.SH
rolling_multi_start_hill,2024,2025,84,159509.SZ|159529.SZ|159687.SZ|159901.SZ|159967.SZ|159981.SZ|161226.SZ|501018.SH|510180.SH|513070.SH|513120.SH|513730.SH|518880.SH,1.3793425884344686,0.9199793683104046,neighbor,4,159985.SZ,161226.SZ
rolling_multi_start_hill,2024,2025,85,159529.SZ|159687.SZ|159901.SZ|159967.SZ|159981.SZ|161226.SZ|501018.SH|510180.SH|513070.SH|513100.SH|513120.SH|513730.SH|518880.SH,1.5960860051223111,0.9199793683104046,neighbor,4,159509.SZ,513100.SH
rolling_multi_start_hill,2024,2025,86,159529.SZ|159901.SZ|159967.SZ|159981.SZ|161226.SZ|501018.SH|510180.SH|513030.SH|513070.SH|513100.SH|513120.SH|513730.SH|518880.SH,1.180297099518623,0.9199793683104046,neighbor,4,159687.SZ,513030.SH
rolling_multi_start_hill,2024,2025,87,159529.SZ|159687.SZ|159901.SZ|159967.SZ|159980.SZ|159981.SZ|501018.SH|510180.SH|513070.SH|513100.SH|513120.SH|513730.SH|518880.SH,1.28490098972857,0.9199793683104046,neighbor,4,161226.SZ,159980.SZ
rolling_multi_start_hill,2024,2025,88,159529.SZ|159611.SZ|159687.SZ|159901.SZ|159981.SZ|161226.SZ|501018.SH|510180.SH|513070.SH|513100.SH|513120.SH|513730.SH|518880.SH,1.5101711515694978,0.9103720370355958,neighbor,4,159967.SZ,159611.SZ
rolling_multi_start_hill,2024,2025,89,159518.SZ|159529.SZ|159901.SZ|159967.SZ|159981.SZ|161226.SZ|501018.SH|510180.SH|513070.SH|513100.SH|513120.SH|513730.SH|518880.SH,1.7486145280681162,0.9199793683104046,neighbor,4,159687.SZ,159518.SZ
rolling_multi_start_hill,2024,2025,90,159518.SZ|159529.SZ|159901.SZ|159967.SZ|159981.SZ|161226.SZ|501018.SH|513070.SH|513100.SH|513120.SH|513730.SH|515220.SH|518880.SH,1.0453914591776177,0.9199793683104046,neighbor,4,510180.SH,515220.SH
rolling_multi_start_hill,2024,2025,91,159529.SZ|159901.SZ|159967.SZ|159981.SZ|161226.SZ|164824.SZ|501018.SH|510180.SH|513070.SH|513100.SH|513120.SH|513730.SH|518880.SH,1.681428137833932,0.9199793683104046,neighbor,4,159518.SZ,164824.SZ
rolling_multi_start_hill,2024,2025,92,159518.SZ|159529.SZ|159901.SZ|159967.SZ|159981.SZ|161226.SZ|501018.SH|510180.SH|513030.SH|513070.SH|513100.SH|513120.SH|518880.SH,0.9795844939555358,0.9199793683104046,neighbor,4,513730.SH,513030.SH
rolling_multi_start_hill,2024,2025,93,159518.SZ|159529.SZ|159967.SZ|159981.SZ|161226.SZ|501018.SH|510180.SH|513070.SH|513100.SH|513120.SH|513730.SH|518880.SH|588200.SH,1.5032267764601481,0.8093957606365428,neighbor,4,159901.SZ,588200.SH
rolling_multi_start_hill,2024,2025,94,159518.SZ|159529.SZ|159901.SZ|159967.SZ|159981.SZ|161226.SZ|501018.SH|510180.SH|513070.SH|513080.SH|513100.SH|513120.SH|518880.SH,1.03426589299253,0.9199793683104046,neighbor,4,513730.SH,513080.SH
rolling_multi_start_hill,2024,2025,95,159518.SZ|159529.SZ|159901.SZ|159981.SZ|161226.SZ|501018.SH|510180.SH|512170.SH|513070.SH|513100.SH|513120.SH|513730.SH|518880.SH,1.912149265848504,0.9103720370355958,neighbor,4,159967.SZ,512170.SH
rolling_multi_start_hill,2024,2025,96,159518.SZ|159529.SZ|159870.SZ|159901.SZ|159981.SZ|161226.SZ|501018.SH|510180.SH|513070.SH|513100.SH|513120.SH|513730.SH|518880.SH,2.0719140255586277,0.9103720370355958,neighbor,4,512170.SH,159870.SZ
rolling_multi_start_hill,2024,2025,97,159518.SZ|159529.SZ|159870.SZ|159901.SZ|159981.SZ|159985.SZ|161226.SZ|510180.SH|513070.SH|513100.SH|513120.SH|513730.SH|518880.SH,1.4173280913252109,0.9103720370355958,neighbor,4,501018.SH,159985.SZ
rolling_multi_start_hill,2024,2025,98,159518.SZ|159870.SZ|159901.SZ|159981.SZ|161226.SZ|164824.SZ|501018.SH|510180.SH|513070.SH|513100.SH|513120.SH|513730.SH|518880.SH,1.5366416022389284,0.9103720370355958,neighbor,4,159529.SZ,164824.SZ
rolling_multi_start_hill,2024,2025,99,159518.SZ|159529.SZ|159870.SZ|159901.SZ|159981.SZ|161226.SZ|164824.SZ|501018.SH|510180.SH|513070.SH|513120.SH|513730.SH|518880.SH,1.2543927268198263,0.9103720370355958,neighbor,4,513100.SH,164824.SZ
rolling_multi_start_hill,2024,2025,100,159518.SZ|159529.SZ|159901.SZ|159981.SZ|161226.SZ|501018.SH|510180.SH|513070.SH|513100.SH|513120.SH|513730.SH|516150.SH|518880.SH,1.8912580848427802,0.9103720370355958,neighbor,4,159870.SZ,516150.SH
rolling_multi_start_hill,2025,2026,1,159326.SZ|159985.SZ|161226.SZ|164824.SZ|501018.SH|512170.SH|513030.SH|513120.SH|513290.SH|513500.SH|513750.SH|515790.SH|518880.SH,2.166937085769898,0.7900315992395573,restart,0,,
rolling_multi_start_hill,2025,2026,2,159326.SZ|159985.SZ|161226.SZ|501018.SH|512170.SH|513030.SH|513120.SH|513290.SH|513500.SH|513730.SH|513750.SH|515790.SH|518880.SH,2.0273717203873476,0.7900315992395573,neighbor,0,164824.SZ,513730.SH
rolling_multi_start_hill,2025,2026,3,159326.SZ|159980.SZ|159985.SZ|164824.SZ|501018.SH|512170.SH|513030.SH|513120.SH|513290.SH|513500.SH|513750.SH|515790.SH|518880.SH,1.2864255068942392,0.7900315992395573,neighbor,0,161226.SZ,159980.SZ
rolling_multi_start_hill,2025,2026,4,159326.SZ|159980.SZ|161226.SZ|164824.SZ|501018.SH|512170.SH|513030.SH|513120.SH|513290.SH|513500.SH|513750.SH|515790.SH|518880.SH,1.891522810829149,0.7900315992395573,neighbor,0,159985.SZ,159980.SZ
rolling_multi_start_hill,2025,2026,5,159326.SZ|159980.SZ|159985.SZ|161226.SZ|164824.SZ|512170.SH|513030.SH|513120.SH|513290.SH|513500.SH|513750.SH|515790.SH|518880.SH,2.0381906331599575,0.7900315992395573,neighbor,0,501018.SH,159980.SZ
rolling_multi_start_hill,2025,2026,6,159326.SZ|159981.SZ|161226.SZ|164824.SZ|501018.SH|512170.SH|513030.SH|513120.SH|513290.SH|513500.SH|513750.SH|515790.SH|518880.SH,1.8927823081941875,0.7900315992395573,neighbor,0,159985.SZ,159981.SZ
rolling_multi_start_hill,2025,2026,7,159326.SZ|159985.SZ|161226.SZ|164824.SZ|501018.SH|512170.SH|513030.SH|513070.SH|513290.SH|513500.SH|513750.SH|515790.SH|518880.SH,1.3674610910726177,0.7900315992395573,neighbor,0,513120.SH,513070.SH
rolling_multi_start_hill,2025,2026,8,159326.SZ|159985.SZ|161226.SZ|164824.SZ|501018.SH|512170.SH|513030.SH|513120.SH|513500.SH|513730.SH|513750.SH|515790.SH|518880.SH,1.8648660586917627,0.7900315992395573,neighbor,0,513290.SH,513730.SH
rolling_multi_start_hill,2025,2026,9,159326.SZ|159985.SZ|161226.SZ|501018.SH|512170.SH|513030.SH|513080.SH|513120.SH|513290.SH|513500.SH|513750.SH|515790.SH|518880.SH,1.8003916160355073,0.8203596986693006,neighbor,0,164824.SZ,513080.SH
rolling_multi_start_hill,2025,2026,10,159326.SZ|159329.SZ|159985.SZ|161226.SZ|164824.SZ|501018.SH|512170.SH|513030.SH|513120.SH|513500.SH|513750.SH|515790.SH|518880.SH,1.6591268882428771,0.7900315992395573,neighbor,0,513290.SH,159329.SZ
rolling_multi_start_hill,2025,2026,11,159326.SZ|159985.SZ|161226.SZ|164824.SZ|501018.SH|510210.SH|512170.SH|513030.SH|513120.SH|513290.SH|513500.SH|513750.SH|518880.SH,2.228386196097241,0.758603051297002,neighbor,0,515790.SH,510210.SH
rolling_multi_start_hill,2025,2026,12,159326.SZ|159985.SZ|161226.SZ|164824.SZ|501018.SH|510210.SH|512170.SH|513030.SH|513120.SH|513290.SH|513750.SH|513880.SH|518880.SH,2.4556810300715703,0.758603051297002,neighbor,0,513500.SH,513880.SH
rolling_multi_start_hill,2025,2026,13,159326.SZ|159980.SZ|159985.SZ|161226.SZ|164824.SZ|510210.SH|512170.SH|513030.SH|513120.SH|513290.SH|513750.SH|513880.SH|518880.SH,2.2601245851506615,0.758603051297002,neighbor,0,501018.SH,159980.SZ
rolling_multi_start_hill,2025,2026,14,159326.SZ|159981.SZ|159985.SZ|164824.SZ|501018.SH|510210.SH|512170.SH|513030.SH|513120.SH|513290.SH|513750.SH|513880.SH|518880.SH,1.5398752037756818,0.758603051297002,neighbor,0,161226.SZ,159981.SZ
rolling_multi_start_hill,2025,2026,15,159326.SZ|159985.SZ|161226.SZ|164824.SZ|501018.SH|510210.SH|512170.SH|513120.SH|513290.SH|513500.SH|513750.SH|513880.SH|518880.SH,2.2389509559033223,0.758603051297002,neighbor,0,513030.SH,513500.SH
rolling_multi_start_hill,2025,2026,16,159326.SZ|159985.SZ|161226.SZ|164824.SZ|501018.SH|510300.SH|512170.SH|513030.SH|513120.SH|513290.SH|513750.SH|513880.SH|518880.SH,2.316778012819377,0.7504571187484106,neighbor,0,510210.SH,510300.SH
rolling_multi_start_hill,2025,2026,17,159326.SZ|159985.SZ|161226.SZ|164824.SZ|501018.SH|512170.SH|513030.SH|513120.SH|513290.SH|513750.SH|513880.SH|515220.SH|518880.SH,2.136104856132054,0.6384964115398334,neighbor,0,510210.SH,515220.SH
rolling_multi_start_hill,2025,2026,18,159326.SZ|159985.SZ|161226.SZ|501018.SH|510210.SH|512170.SH|513030.SH|513120.SH|513290.SH|513730.SH|513750.SH|513880.SH|518880.SH,2.157235047985137,0.758603051297002,neighbor,0,164824.SZ,513730.SH
rolling_multi_start_hill,2025,2026,19,159326.SZ|159687.SZ|159985.SZ|161226.SZ|164824.SZ|501018.SH|510210.SH|512170.SH|513120.SH|513290.SH|513750.SH|513880.SH|518880.SH,2.327752336754009,0.758603051297002,neighbor,0,513030.SH,159687.SZ
rolling_multi_start_hill,2025,2026,20,159326.SZ|159985.SZ|161226.SZ|164824.SZ|501018.SH|510210.SH|513030.SH|513120.SH|513290.SH|513750.SH|513880.SH|515880.SH|518880.SH,2.7445331792665013,0.758603051297002,neighbor,0,512170.SH,515880.SH
rolling_multi_start_hill,2025,2026,21,159326.SZ|159518.SZ|159766.SZ|159915.SZ|159980.SZ|159981.SZ|159985.SZ|513180.SH|513310.SH|513500.SH|513750.SH|513880.SH|518880.SH,0.5775275132942123,0.7384858899110562,restart,1,,
rolling_multi_start_hill,2025,2026,22,159326.SZ|159518.SZ|159766.SZ|159915.SZ|159980.SZ|159981.SZ|159985.SZ|513030.SH|513180.SH|513310.SH|513750.SH|513880.SH|518880.SH,0.5549330732609171,0.7384858899110562,neighbor,1,513500.SH,513030.SH
rolling_multi_start_hill,2025,2026,23,159326.SZ|159329.SZ|159766.SZ|159915.SZ|159980.SZ|159981.SZ|159985.SZ|513180.SH|513310.SH|513500.SH|513750.SH|513880.SH|518880.SH,0.8652229249445886,0.7384858899110562,neighbor,1,159518.SZ,159329.SZ
rolling_multi_start_hill,2025,2026,24,159326.SZ|159329.SZ|159852.SZ|159915.SZ|159980.SZ|159981.SZ|159985.SZ|513180.SH|513310.SH|513500.SH|513750.SH|513880.SH|518880.SH,0.5401713612708475,0.7384858899110562,neighbor,1,159766.SZ,159852.SZ
rolling_multi_start_hill,2025,2026,25,159326.SZ|159329.SZ|159766.SZ|159915.SZ|159980.SZ|159981.SZ|159985.SZ|513180.SH|513310.SH|513400.SH|513750.SH|513880.SH|518880.SH,1.136808575357153,0.7384858899110562,neighbor,1,513500.SH,513400.SH
rolling_multi_start_hill,2025,2026,26,159326.SZ|159329.SZ|159915.SZ|159980.SZ|159981.SZ|159985.SZ|510300.SH|513180.SH|513310.SH|513400.SH|513750.SH|513880.SH|518880.SH,0.8505068426774667,0.9040385058076315,neighbor,1,159766.SZ,510300.SH
rolling_multi_start_hill,2025,2026,27,159326.SZ|159329.SZ|159766.SZ|159915.SZ|159980.SZ|159985.SZ|161226.SZ|513180.SH|513310.SH|513400.SH|513750.SH|513880.SH|518880.SH,1.5749856579379713,0.7384858899110562,neighbor,1,159981.SZ,161226.SZ
rolling_multi_start_hill,2025,2026,28,159326.SZ|159329.SZ|159529.SZ|159766.SZ|159915.SZ|159980.SZ|159985.SZ|161226.SZ|513180.SH|513400.SH|513750.SH|513880.SH|518880.SH,1.6270966541118603,0.7384858899110562,neighbor,1,513310.SH,159529.SZ
rolling_multi_start_hill,2025,2026,29,159326.SZ|159329.SZ|159529.SZ|159766.SZ|159915.SZ|159920.SZ|159980.SZ|159985.SZ|161226.SZ|513400.SH|513750.SH|513880.SH|518880.SH,1.636580536821681,0.8342956687363152,neighbor,1,513180.SH,159920.SZ
rolling_multi_start_hill,2025,2026,30,159326.SZ|159329.SZ|159529.SZ|159766.SZ|159915.SZ|159920.SZ|159980.SZ|159981.SZ|159985.SZ|513400.SH|513750.SH|513880.SH|518880.SH,1.2235449942197176,0.8342956687363152,neighbor,1,161226.SZ,159981.SZ
rolling_multi_start_hill,2025,2026,31,159326.SZ|159329.SZ|159529.SZ|159611.SZ|159766.SZ|159920.SZ|159980.SZ|159985.SZ|161226.SZ|513400.SH|513750.SH|513880.SH|518880.SH,1.7505783033404159,0.8342956687363152,neighbor,1,159915.SZ,159611.SZ
rolling_multi_start_hill,2025,2026,32,159326.SZ|159529.SZ|159611.SZ|159766.SZ|159920.SZ|159980.SZ|159985.SZ|161226.SZ|164824.SZ|513400.SH|513750.SH|513880.SH|518880.SH,1.6319730889047588,0.8342956687363152,neighbor,1,159329.SZ,164824.SZ
rolling_multi_start_hill,2025,2026,33,159326.SZ|159329.SZ|159529.SZ|159611.SZ|159870.SZ|159920.SZ|159980.SZ|159985.SZ|161226.SZ|513400.SH|513750.SH|513880.SH|518880.SH,1.6318698665426319,0.8342956687363152,neighbor,1,159766.SZ,159870.SZ
rolling_multi_start_hill,2025,2026,34,159326.SZ|159329.SZ|159529.SZ|159611.SZ|159766.SZ|159920.SZ|159980.SZ|161226.SZ|501018.SH|513400.SH|513750.SH|513880.SH|518880.SH,2.079335921139403,0.8342956687363152,neighbor,1,159985.SZ,501018.SH
rolling_multi_start_hill,2025,2026,35,159326.SZ|159329.SZ|159529.SZ|159611.SZ|159766.SZ|159920.SZ|159980.SZ|159981.SZ|161226.SZ|513400.SH|513750.SH|513880.SH|518880.SH,1.9988209706470748,0.8342956687363152,neighbor,1,501018.SH,159981.SZ
rolling_multi_start_hill,2025,2026,36,159326.SZ|159329.SZ|159529.SZ|159611.SZ|159766.SZ|159920.SZ|159980.SZ|161226.SZ|501018.SH|513120.SH|513400.SH|513880.SH|518880.SH,2.032939846067403,0.6998965492931684,neighbor,1,513750.SH,513120.SH
rolling_multi_start_hill,2025,2026,37,159326.SZ|159529.SZ|159611.SZ|159766.SZ|159920.SZ|159980.SZ|160644.SZ|161226.SZ|501018.SH|513400.SH|513750.SH|513880.SH|518880.SH,1.318487224950294,0.8342956687363152,neighbor,1,159329.SZ,160644.SZ
rolling_multi_start_hill,2025,2026,38,159326.SZ|159329.SZ|159529.SZ|159611.SZ|159766.SZ|159920.SZ|159980.SZ|161226.SZ|501018.SH|513100.SH|513750.SH|513880.SH|518880.SH,1.5379235673645013,0.8342956687363152,neighbor,1,513400.SH,513100.SH
rolling_multi_start_hill,2025,2026,39,159326.SZ|159329.SZ|159611.SZ|159766.SZ|159920.SZ|159980.SZ|161226.SZ|501018.SH|513080.SH|513400.SH|513750.SH|513880.SH|518880.SH,1.7257802542560472,0.8342956687363152,neighbor,1,159529.SZ,513080.SH
rolling_multi_start_hill,2025,2026,40,159326.SZ|159329.SZ|159529.SZ|159611.SZ|159920.SZ|159980.SZ|161226.SZ|501018.SH|513400.SH|513750.SH|513880.SH|516150.SH|518880.SH,1.90481215197649,0.8342956687363152,neighbor,1,159766.SZ,516150.SH
rolling_multi_start_hill,2025,2026,41,159329.SZ|159518.SZ|159825.SZ|159980.SZ|159981.SZ|501018.SH|512100.SH|512980.SH|513080.SH|513180.SH|513290.SH|513750.SH|518880.SH,0.8169004343093462,0.7750006289685014,restart,2,,
rolling_multi_start_hill,2025,2026,42,159329.SZ|159518.SZ|159825.SZ|159980.SZ|159981.SZ|159985.SZ|501018.SH|512100.SH|512980.SH|513080.SH|513180.SH|513290.SH|513750.SH,-0.7906367685056317,0.7750006289685014,neighbor,2,518880.SH,159985.SZ
rolling_multi_start_hill,2025,2026,43,159329.SZ|159518.SZ|159825.SZ|159928.SZ|159980.SZ|159981.SZ|501018.SH|512100.SH|513080.SH|513180.SH|513290.SH|513750.SH|518880.SH,1.0620475444693946,0.7369415508190277,neighbor,2,512980.SH,159928.SZ
rolling_multi_start_hill,2025,2026,44,159329.SZ|159518.SZ|159529.SZ|159825.SZ|159928.SZ|159980.SZ|159981.SZ|501018.SH|512100.SH|513080.SH|513180.SH|513750.SH|518880.SH,0.41102933192881985,0.7369415508190277,neighbor,2,513290.SH,159529.SZ
rolling_multi_start_hill,2025,2026,45,159329.SZ|159518.SZ|159825.SZ|159928.SZ|159980.SZ|159981.SZ|501018.SH|512100.SH|513080.SH|513120.SH|513180.SH|513290.SH|518880.SH,0.8482609942424181,0.7193123250760916,neighbor,2,513750.SH,513120.SH
rolling_multi_start_hill,2025,2026,46,159329.SZ|159518.SZ|159825.SZ|159928.SZ|159980.SZ|159981.SZ|501018.SH|512100.SH|513030.SH|513180.SH|513290.SH|513750.SH|518880.SH,1.1576945006789094,0.7369415508190277,neighbor,2,513080.SH,513030.SH
rolling_multi_start_hill,2025,2026,47,159329.SZ|159518.SZ|159825.SZ|159928.SZ|159980.SZ|159981.SZ|501018.SH|512100.SH|513030.SH|513120.SH|513180.SH|513290.SH|518880.SH,0.8900423275760793,0.7193123250760916,neighbor,2,513750.SH,513120.SH
rolling_multi_start_hill,2025,2026,48,159329.SZ|159518.SZ|159825.SZ|159928.SZ|159980.SZ|159981.SZ|159985.SZ|512100.SH|513030.SH|513180.SH|513290.SH|513750.SH|518880.SH,0.2235633175480686,0.7369415508190277,neighbor,2,501018.SH,159985.SZ
rolling_multi_start_hill,2025,2026,49,159329.SZ|159518.SZ|159825.SZ|159928.SZ|159980.SZ|159981.SZ|501018.SH|510210.SH|513030.SH|513180.SH|513290.SH|513750.SH|518880.SH,0.9884827822179842,0.7369415508190277,neighbor,2,512100.SH,510210.SH
rolling_multi_start_hill,2025,2026,50,159329.SZ|159518.SZ|159825.SZ|159980.SZ|159981.SZ|501018.SH|512100.SH|513030.SH|513180.SH|513290.SH|513750.SH|518880.SH|588000.SH,0.8387009369988485,0.7715394942194718,neighbor,2,159928.SZ,588000.SH
rolling_multi_start_hill,2025,2026,51,159329.SZ|159518.SZ|159825.SZ|159928.SZ|159980.SZ|159985.SZ|501018.SH|512100.SH|513030.SH|513180.SH|513290.SH|513750.SH|518880.SH,0.2934716671245841,0.7369415508190277,neighbor,2,159981.SZ,159985.SZ
rolling_multi_start_hill,2025,2026,52,159329.SZ|159518.SZ|159825.SZ|159928.SZ|159980.SZ|159981.SZ|501018.SH|512100.SH|513030.SH|513180.SH|513500.SH|513750.SH|518880.SH,0.9181001427513854,0.7369415508190277,neighbor,2,513290.SH,513500.SH
rolling_multi_start_hill,2025,2026,53,159329.SZ|159518.SZ|159825.SZ|159852.SZ|159980.SZ|159981.SZ|501018.SH|512100.SH|513030.SH|513180.SH|513290.SH|513750.SH|518880.SH,1.0891238620405692,0.8130579110091012,neighbor,2,159928.SZ,159852.SZ
rolling_multi_start_hill,2025,2026,54,159518.SZ|159825.SZ|159928.SZ|159980.SZ|159981.SZ|501018.SH|512100.SH|513030.SH|513100.SH|513180.SH|513290.SH|513750.SH|518880.SH,0.8120860069871835,0.7369415508190277,neighbor,2,159329.SZ,513100.SH
rolling_multi_start_hill,2025,2026,55,159329.SZ|159518.SZ|159796.SZ|159825.SZ|159928.SZ|159980.SZ|159981.SZ|501018.SH|513030.SH|513180.SH|513290.SH|513750.SH|518880.SH,1.1248591912995098,0.7369415508190277,neighbor,2,512100.SH,159796.SZ
rolling_multi_start_hill,2025,2026,56,159329.SZ|159518.SZ|159825.SZ|159928.SZ|159980.SZ|159981.SZ|161226.SZ|501018.SH|512100.SH|513030.SH|513180.SH|513290.SH|513750.SH,0.3795300512765823,0.7369415508190277,neighbor,2,518880.SH,161226.SZ
rolling_multi_start_hill,2025,2026,57,159201.SZ|159329.SZ|159518.SZ|159928.SZ|159980.SZ|159981.SZ|501018.SH|512100.SH|513030.SH|513180.SH|513290.SH|513750.SH|518880.SH,1.1996393888857415,0.7510756688752649,neighbor,2,159825.SZ,159201.SZ
rolling_multi_start_hill,2025,2026,58,159201.SZ|159329.SZ|159518.SZ|159928.SZ|159980.SZ|159985.SZ|501018.SH|512100.SH|513030.SH|513180.SH|513290.SH|513750.SH|518880.SH,0.5504109290533505,0.7510756688752649,neighbor,2,159981.SZ,159985.SZ
rolling_multi_start_hill,2025,2026,59,159201.SZ|159329.SZ|159518.SZ|159928.SZ|159981.SZ|161226.SZ|501018.SH|512100.SH|513030.SH|513180.SH|513290.SH|513750.SH|518880.SH,1.2319516049957941,0.7510756688752649,neighbor,2,159980.SZ,161226.SZ
rolling_multi_start_hill,2025,2026,60,159201.SZ|159329.SZ|159928.SZ|159981.SZ|161226.SZ|501018.SH|512100.SH|513030.SH|513180.SH|513290.SH|513310.SH|513750.SH|518880.SH,1.0556288677369865,0.7510756688752649,neighbor,2,159518.SZ,513310.SH
rolling_multi_start_hill,2025,2026,61,159518.SZ|159687.SZ|159981.SZ|159985.SZ|160644.SZ|161226.SZ|501018.SH|510880.SH|513100.SH|513180.SH|513750.SH|562500.SH|588000.SH,0.47493718655184364,0.7369415508190277,restart,3,,
rolling_multi_start_hill,2025,2026,62,159518.SZ|159687.SZ|159981.SZ|159985.SZ|160644.SZ|161226.SZ|501018.SH|510880.SH|513100.SH|513180.SH|513750.SH|516150.SH|562500.SH,0.4379885810960165,0.7369415508190277,neighbor,3,588000.SH,516150.SH
rolling_multi_start_hill,2025,2026,63,159518.SZ|159981.SZ|159985.SZ|160644.SZ|161226.SZ|501018.SH|510880.SH|513080.SH|513100.SH|513180.SH|513750.SH|562500.SH|588000.SH,0.26215335768049763,0.7369415508190277,neighbor,3,159687.SZ,513080.SH
rolling_multi_start_hill,2025,2026,64,159518.SZ|159687.SZ|159981.SZ|159985.SZ|160644.SZ|501018.SH|510880.SH|513100.SH|513180.SH|513750.SH|518880.SH|562500.SH|588000.SH,0.49672864201028216,0.7369415508190277,neighbor,3,161226.SZ,518880.SH
rolling_multi_start_hill,2025,2026,65,159518.SZ|159687.SZ|159981.SZ|159985.SZ|160644.SZ|501018.SH|510880.SH|513070.SH|513100.SH|513180.SH|518880.SH|562500.SH|588000.SH,0.40163571059994585,0.9189240922360594,neighbor,3,513750.SH,513070.SH
rolling_multi_start_hill,2025,2026,66,159518.SZ|159687.SZ|159981.SZ|159985.SZ|160644.SZ|161226.SZ|510880.SH|513100.SH|513180.SH|513750.SH|518880.SH|562500.SH|588000.SH,0.7049966079656225,0.7369415508190277,neighbor,3,501018.SH,161226.SZ
rolling_multi_start_hill,2025,2026,67,159518.SZ|159687.SZ|159981.SZ|159985.SZ|160644.SZ|161226.SZ|513100.SH|513180.SH|513750.SH|515210.SH|518880.SH|562500.SH|588000.SH,0.5218145920352035,0.7369415508190277,neighbor,3,510880.SH,515210.SH
rolling_multi_start_hill,2025,2026,68,159518.SZ|159687.SZ|159870.SZ|159981.SZ|159985.SZ|160644.SZ|161226.SZ|510880.SH|513100.SH|513180.SH|513750.SH|518880.SH|588000.SH,0.478291063119811,0.7369415508190277,neighbor,3,562500.SH,159870.SZ
rolling_multi_start_hill,2025,2026,69,159518.SZ|159687.SZ|159981.SZ|160644.SZ|161226.SZ|501018.SH|510880.SH|513100.SH|513180.SH|513750.SH|518880.SH|562500.SH|588000.SH,0.904998113985524,0.7369415508190277,neighbor,3,159985.SZ,501018.SH
rolling_multi_start_hill,2025,2026,70,159518.SZ|159687.SZ|159980.SZ|160644.SZ|161226.SZ|501018.SH|510880.SH|513100.SH|513180.SH|513750.SH|518880.SH|562500.SH|588000.SH,0.9146726531126208,0.7369415508190277,neighbor,3,159981.SZ,159980.SZ
rolling_multi_start_hill,2025,2026,71,159518.SZ|159980.SZ|160644.SZ|161226.SZ|501018.SH|510880.SH|513100.SH|513180.SH|513400.SH|513750.SH|518880.SH|562500.SH|588000.SH,1.0668250108103905,0.8435159933897625,neighbor,3,159687.SZ,513400.SH
rolling_multi_start_hill,2025,2026,72,159518.SZ|159980.SZ|160644.SZ|161226.SZ|501018.SH|510880.SH|513070.SH|513100.SH|513400.SH|513750.SH|518880.SH|562500.SH|588000.SH,1.4335480400709766,0.8435159933897625,neighbor,3,513180.SH,513070.SH
rolling_multi_start_hill,2025,2026,73,159518.SZ|159980.SZ|159985.SZ|160644.SZ|161226.SZ|501018.SH|510880.SH|513070.SH|513100.SH|513400.SH|513750.SH|562500.SH|588000.SH,0.510185786092516,0.8435159933897625,neighbor,3,518880.SH,159985.SZ
rolling_multi_start_hill,2025,2026,74,159518.SZ|159980.SZ|159981.SZ|160644.SZ|161226.SZ|510880.SH|513070.SH|513100.SH|513400.SH|513750.SH|518880.SH|562500.SH|588000.SH,1.1433760740910768,0.8435159933897625,neighbor,3,501018.SH,159981.SZ
rolling_multi_start_hill,2025,2026,75,159518.SZ|159980.SZ|160644.SZ|161226.SZ|501018.SH|510880.SH|513070.SH|513400.SH|513500.SH|513750.SH|518880.SH|562500.SH|588000.SH,1.2043964315600435,0.9181393430680445,neighbor,3,513100.SH,513500.SH
rolling_multi_start_hill,2025,2026,76,159518.SZ|159981.SZ|160644.SZ|161226.SZ|501018.SH|510880.SH|513070.SH|513100.SH|513400.SH|513750.SH|518880.SH|562500.SH|588000.SH,1.5059451788934854,0.8435159933897625,neighbor,3,159980.SZ,159981.SZ
rolling_multi_start_hill,2025,2026,77,159518.SZ|159981.SZ|159985.SZ|160644.SZ|161226.SZ|501018.SH|510880.SH|513070.SH|513100.SH|513400.SH|513750.SH|562500.SH|588000.SH,0.6739518208626967,0.8435159933897625,neighbor,3,518880.SH,159985.SZ
rolling_multi_start_hill,2025,2026,78,159518.SZ|159981.SZ|160644.SZ|161226.SZ|501018.SH|510880.SH|513070.SH|513310.SH|513400.SH|513750.SH|518880.SH|562500.SH|588000.SH,1.2377582999453276,0.7410296767805958,neighbor,3,513100.SH,513310.SH
rolling_multi_start_hill,2025,2026,79,159518.SZ|159981.SZ|160644.SZ|161226.SZ|501018.SH|510880.SH|513070.SH|513100.SH|513180.SH|513400.SH|518880.SH|562500.SH|588000.SH,0.8350183416651132,0.9189240922360594,neighbor,3,513750.SH,513180.SH
rolling_multi_start_hill,2025,2026,80,159326.SZ|159518.SZ|159981.SZ|160644.SZ|161226.SZ|501018.SH|513070.SH|513100.SH|513400.SH|513750.SH|518880.SH|562500.SH|588000.SH,1.2221901651016849,0.8435159933897625,neighbor,3,510880.SH,159326.SZ
rolling_multi_start_hill,2025,2026,81,159920.SZ|159980.SZ|159981.SZ|159985.SZ|160644.SZ|161226.SZ|510880.SH|512100.SH|513100.SH|513120.SH|513290.SH|513310.SH|515210.SH,0.9582005915115188,0.6944219174941428,restart,4,,
rolling_multi_start_hill,2025,2026,82,159920.SZ|159949.SZ|159980.SZ|159981.SZ|159985.SZ|160644.SZ|161226.SZ|510880.SH|512100.SH|513100.SH|513120.SH|513290.SH|513310.SH,1.1499987645482175,0.8304063399047802,neighbor,4,515210.SH,159949.SZ
rolling_multi_start_hill,2025,2026,83,159920.SZ|159949.SZ|159980.SZ|159985.SZ|160644.SZ|161226.SZ|501018.SH|510880.SH|512100.SH|513100.SH|513120.SH|513290.SH|513310.SH,1.02483444825276,0.8304063399047802,neighbor,4,159981.SZ,501018.SH
rolling_multi_start_hill,2025,2026,84,159865.SZ|159920.SZ|159949.SZ|159980.SZ|159981.SZ|159985.SZ|160644.SZ|161226.SZ|512100.SH|513100.SH|513120.SH|513290.SH|513310.SH,1.7388052434024455,0.8304063399047802,neighbor,4,510880.SH,159865.SZ
rolling_multi_start_hill,2025,2026,85,159865.SZ|159920.SZ|159949.SZ|159980.SZ|159981.SZ|159985.SZ|160644.SZ|161226.SZ|512100.SH|513080.SH|513120.SH|513290.SH|513310.SH,1.5698564816903198,0.8304063399047802,neighbor,4,513100.SH,513080.SH
rolling_multi_start_hill,2025,2026,86,159865.SZ|159949.SZ|159980.SZ|159981.SZ|159985.SZ|160644.SZ|161226.SZ|512100.SH|513100.SH|513120.SH|513290.SH|513310.SH|513750.SH,1.7552767528959499,0.8304063399047802,neighbor,4,159920.SZ,513750.SH
rolling_multi_start_hill,2025,2026,87,159865.SZ|159949.SZ|159980.SZ|159981.SZ|160644.SZ|161226.SZ|512100.SH|513100.SH|513120.SH|513290.SH|513310.SH|513750.SH|518880.SH,2.3794397915285193,0.8304063399047802,neighbor,4,159985.SZ,518880.SH
rolling_multi_start_hill,2025,2026,88,159865.SZ|159949.SZ|159980.SZ|160644.SZ|161226.SZ|501018.SH|512100.SH|513100.SH|513120.SH|513290.SH|513310.SH|513750.SH|518880.SH,1.6990694690015729,0.8304063399047802,neighbor,4,159981.SZ,501018.SH
rolling_multi_start_hill,2025,2026,89,159865.SZ|159949.SZ|159980.SZ|159981.SZ|160644.SZ|161226.SZ|501018.SH|512100.SH|513100.SH|513120.SH|513290.SH|513310.SH|513750.SH,1.5347270298546343,0.8304063399047802,neighbor,4,518880.SH,501018.SH
rolling_multi_start_hill,2025,2026,90,159865.SZ|159949.SZ|159980.SZ|159981.SZ|161226.SZ|512100.SH|513100.SH|513120.SH|513290.SH|513310.SH|513750.SH|513880.SH|518880.SH,2.5403253799603687,0.8304063399047802,neighbor,4,160644.SZ,513880.SH
rolling_multi_start_hill,2025,2026,91,159865.SZ|159949.SZ|159980.SZ|159981.SZ|161226.SZ|512100.SH|513120.SH|513290.SH|513310.SH|513500.SH|513750.SH|513880.SH|518880.SH,2.465584095581263,0.8304063399047802,neighbor,4,513100.SH,513500.SH
rolling_multi_start_hill,2025,2026,92,159865.SZ|159949.SZ|159980.SZ|159981.SZ|161226.SZ|512660.SH|513100.SH|513120.SH|513290.SH|513310.SH|513750.SH|513880.SH|518880.SH,2.5758963310806138,0.7221670969211322,neighbor,4,512100.SH,512660.SH
rolling_multi_start_hill,2025,2026,93,159687.SZ|159865.SZ|159949.SZ|159980.SZ|159981.SZ|161226.SZ|512660.SH|513100.SH|513120.SH|513290.SH|513310.SH|513750.SH|518880.SH,2.5903561351404023,0.6102494732985178,neighbor,4,513880.SH,159687.SZ
rolling_multi_start_hill,2025,2026,94,159687.SZ|159865.SZ|159949.SZ|159980.SZ|159981.SZ|159985.SZ|512660.SH|513100.SH|513120.SH|513290.SH|513310.SH|513750.SH|518880.SH,2.323877755817206,0.6102494732985178,neighbor,4,161226.SZ,159985.SZ
rolling_multi_start_hill,2025,2026,95,159687.SZ|159865.SZ|159949.SZ|159980.SZ|159981.SZ|161226.SZ|512660.SH|513120.SH|513290.SH|513310.SH|513500.SH|513750.SH|518880.SH,2.4846903024216194,0.6730653748886845,neighbor,4,513100.SH,513500.SH
rolling_multi_start_hill,2025,2026,96,159687.SZ|159865.SZ|159949.SZ|159980.SZ|159981.SZ|161226.SZ|512660.SH|513030.SH|513100.SH|513120.SH|513290.SH|513750.SH|518880.SH,2.4319517057521876,0.6102494732985178,neighbor,4,513310.SH,513030.SH
rolling_multi_start_hill,2025,2026,97,159687.SZ|159865.SZ|159980.SZ|159981.SZ|161226.SZ|512660.SH|513100.SH|513120.SH|513290.SH|513310.SH|513750.SH|515220.SH|518880.SH,2.4774956624766906,0.6102494732985178,neighbor,4,159949.SZ,515220.SH
rolling_multi_start_hill,2025,2026,98,159687.SZ|159865.SZ|159870.SZ|159949.SZ|159980.SZ|159981.SZ|161226.SZ|513100.SH|513120.SH|513290.SH|513310.SH|513750.SH|518880.SH,2.493440937332896,0.6266917548848433,neighbor,4,512660.SH,159870.SZ
rolling_multi_start_hill,2025,2026,99,159687.SZ|159865.SZ|159949.SZ|159980.SZ|159981.SZ|161226.SZ|513100.SH|513120.SH|513290.SH|513310.SH|513750.SH|516150.SH|518880.SH,2.706819618153978,0.6420582039576904,neighbor,4,512660.SH,516150.SH
rolling_multi_start_hill,2025,2026,100,159518.SZ|159687.SZ|159865.SZ|159949.SZ|159980.SZ|159981.SZ|161226.SZ|513100.SH|513120.SH|513290.SH|513750.SH|516150.SH|518880.SH,1.6868659685142198,0.6420582039576904,neighbor,4,513310.SH,159518.SZ
