training_year,trial,codes,sharpe
2019,1,159915.SZ|159928.SZ|164824.SZ|501018.SH|510050.SH|510180.SH|510300.SH|510880.SH|512040.SH|512400.SH|512660.SH|512800.SH|512890.SH|512980.SH|518880.SH,1.2456746269878394
2019,2,159901.SZ|159928.SZ|159949.SZ|160644.SZ|161226.SZ|164824.SZ|510210.SH|510300.SH|510500.SH|510880.SH|512100.SH|512170.SH|512880.SH|512980.SH|518880.SH,1.4719012148134998
2019,3,159920.SZ|159928.SZ|160644.SZ|161226.SZ|510050.SH|510500.SH|510880.SH|512100.SH|512400.SH|512890.SH|512980.SH|513030.SH|513100.SH|513500.SH|518880.SH,1.5754573532947878
2019,4,159901.SZ|160644.SZ|161226.SZ|164824.SZ|501018.SH|510210.SH|510300.SH|512100.SH|512800.SH|512890.SH|512980.SH|513030.SH|513100.SH|513500.SH|518880.SH,1.037265988037006
2019,5,159920.SZ|159928.SZ|159949.SZ|161226.SZ|510050.SH|510210.SH|510300.SH|512170.SH|512200.SH|512400.SH|512800.SH|512880.SH|512890.SH|513100.SH|518880.SH,1.7062944380038247
2019,6,159915.SZ|159920.SZ|159928.SZ|159949.SZ|161226.SZ|510050.SH|510500.SH|510880.SH|512100.SH|512170.SH|512890.SH|513030.SH|513500.SH|513880.SH|518880.SH,1.838406448987413
2019,7,159901.SZ|159928.SZ|159949.SZ|160644.SZ|161226.SZ|510050.SH|510210.SH|512040.SH|512100.SH|512170.SH|512200.SH|512660.SH|513030.SH|513500.SH|518880.SH,1.2611039095629972
2019,8,159920.SZ|159928.SZ|164824.SZ|501018.SH|510180.SH|510210.SH|510300.SH|512040.SH|512100.SH|512400.SH|512660.SH|512800.SH|512880.SH|513100.SH|518880.SH,0.9922209708602583
2019,9,159920.SZ|159928.SZ|160644.SZ|161226.SZ|164824.SZ|510300.SH|510500.SH|510880.SH|512040.SH|512170.SH|512400.SH|512800.SH|512880.SH|512980.SH|513030.SH,1.1830717482580217
2019,10,159928.SZ|159949.SZ|161226.SZ|501018.SH|510050.SH|510210.SH|510880.SH|512040.SH|512100.SH|512170.SH|512400.SH|512880.SH|512980.SH|513030.SH|513880.SH,1.6275694745105236
2019,11,159901.SZ|159928.SZ|160644.SZ|164824.SZ|501018.SH|510210.SH|510500.SH|510880.SH|512040.SH|512170.SH|512400.SH|512660.SH|512880.SH|513500.SH|513880.SH,1.4646732948382977
2019,12,159920.SZ|159928.SZ|159949.SZ|164824.SZ|510050.SH|510210.SH|510300.SH|510880.SH|512200.SH|512880.SH|512890.SH|512980.SH|513030.SH|513100.SH|513500.SH,1.1358881021456078
2019,13,159901.SZ|159915.SZ|159920.SZ|160644.SZ|161226.SZ|501018.SH|510210.SH|510300.SH|510500.SH|510880.SH|512100.SH|512400.SH|512880.SH|513030.SH|513880.SH,1.5021713903740421
2019,14,159915.SZ|159949.SZ|160644.SZ|164824.SZ|510050.SH|510180.SH|510880.SH|512200.SH|512400.SH|512660.SH|512800.SH|513030.SH|513500.SH|513880.SH|518880.SH,1.4559096493706534
2019,15,159901.SZ|159920.SZ|159928.SZ|164824.SZ|510300.SH|510500.SH|510880.SH|512040.SH|512100.SH|512200.SH|512880.SH|513030.SH|513100.SH|513500.SH|513880.SH,1.607790458651047
2019,16,161226.SZ|164824.SZ|510050.SH|510300.SH|512040.SH|512200.SH|512400.SH|512880.SH|512890.SH|512980.SH|513030.SH|513100.SH|513500.SH|513880.SH|518880.SH,1.8005991018276606
2019,17,159901.SZ|159920.SZ|159928.SZ|501018.SH|510050.SH|510180.SH|510300.SH|510500.SH|510880.SH|512170.SH|512800.SH|512880.SH|512890.SH|513100.SH|513500.SH,1.3489458385088464
2019,18,159915.SZ|159949.SZ|160644.SZ|161226.SZ|510180.SH|510210.SH|510500.SH|510880.SH|512040.SH|512170.SH|512200.SH|513030.SH|513100.SH|513500.SH|513880.SH,1.4437543851947918
2019,19,159949.SZ|160644.SZ|161226.SZ|164824.SZ|510180.SH|510300.SH|512040.SH|512100.SH|512200.SH|512660.SH|512880.SH|512890.SH|512980.SH|513030.SH|518880.SH,0.9956645470003612
2019,20,159901.SZ|159920.SZ|159949.SZ|161226.SZ|501018.SH|510050.SH|510180.SH|510210.SH|512200.SH|512400.SH|512800.SH|512880.SH|513030.SH|513100.SH|518880.SH,1.5590041220852016
2019,21,159901.SZ|159949.SZ|501018.SH|510050.SH|510180.SH|510210.SH|510300.SH|510500.SH|510880.SH|512400.SH|512660.SH|512880.SH|512890.SH|513100.SH|513880.SH,1.32689811062245
2019,22,159920.SZ|159949.SZ|160644.SZ|164824.SZ|510050.SH|510300.SH|510880.SH|512040.SH|512200.SH|512660.SH|512800.SH|512880.SH|513100.SH|513500.SH|518880.SH,1.1605370018380476
2019,23,159915.SZ|159920.SZ|159928.SZ|160644.SZ|164824.SZ|510050.SH|510180.SH|510500.SH|512040.SH|512400.SH|512660.SH|512800.SH|512880.SH|513030.SH|518880.SH,1.1214575205350858
2019,24,159901.SZ|159928.SZ|161226.SZ|501018.SH|510180.SH|510210.SH|510300.SH|510500.SH|512040.SH|512170.SH|512800.SH|512880.SH|513100.SH|513880.SH|518880.SH,1.5998146559472166
2019,25,159901.SZ|159915.SZ|159920.SZ|159949.SZ|161226.SZ|510500.SH|510880.SH|512040.SH|512170.SH|512660.SH|512800.SH|512890.SH|512980.SH|513880.SH|518880.SH,1.7169194935472856
2019,26,159901.SZ|164824.SZ|510050.SH|510180.SH|510210.SH|510880.SH|512100.SH|512170.SH|512400.SH|512800.SH|512880.SH|512890.SH|512980.SH|513030.SH|518880.SH,1.6618974241645508
2019,27,159915.SZ|159920.SZ|159928.SZ|160644.SZ|161226.SZ|501018.SH|510180.SH|510210.SH|512040.SH|512170.SH|512890.SH|512980.SH|513030.SH|513500.SH|513880.SH,1.245652291665072
2019,28,159901.SZ|159915.SZ|160644.SZ|164824.SZ|510050.SH|510210.SH|510300.SH|510500.SH|510880.SH|512100.SH|512660.SH|512800.SH|512880.SH|513100.SH|518880.SH,1.437418369285334
2019,29,159901.SZ|159915.SZ|159920.SZ|159928.SZ|501018.SH|510210.SH|510300.SH|510500.SH|510880.SH|512660.SH|512880.SH|512890.SH|512980.SH|513030.SH|513880.SH,1.5087875496229768
2019,30,159915.SZ|159920.SZ|159949.SZ|510210.SH|510300.SH|510500.SH|512040.SH|512170.SH|512200.SH|512400.SH|512660.SH|512880.SH|513500.SH|513880.SH|518880.SH,1.552178307504101
2019,31,159901.SZ|159915.SZ|159920.SZ|160644.SZ|161226.SZ|501018.SH|510180.SH|512040.SH|512170.SH|512400.SH|512880.SH|513030.SH|513100.SH|513500.SH|518880.SH,1.4445874919584512
2019,32,159901.SZ|159928.SZ|160644.SZ|161226.SZ|164824.SZ|501018.SH|510050.SH|510500.SH|512100.SH|512400.SH|512660.SH|512800.SH|512980.SH|513030.SH|518880.SH,0.7119627792363958
2019,33,159915.SZ|160644.SZ|161226.SZ|501018.SH|510180.SH|510300.SH|512100.SH|512170.SH|512400.SH|512800.SH|512890.SH|513030.SH|513100.SH|513880.SH|518880.SH,1.7879040427717705
2019,34,159901.SZ|159915.SZ|159928.SZ|161226.SZ|510050.SH|510300.SH|510500.SH|510880.SH|512040.SH|512170.SH|512200.SH|512660.SH|512800.SH|512880.SH|512980.SH,1.8436798825316134
2019,35,159901.SZ|159915.SZ|159949.SZ|160644.SZ|161226.SZ|501018.SH|510180.SH|510210.SH|510300.SH|512040.SH|512170.SH|512660.SH|512980.SH|513030.SH|518880.SH,1.1723313659344834
2019,36,159901.SZ|159920.SZ|159928.SZ|164824.SZ|510050.SH|510210.SH|510300.SH|510500.SH|512040.SH|512200.SH|512400.SH|512880.SH|513100.SH|513500.SH|513880.SH,1.5319778558924244
2019,37,159949.SZ|160644.SZ|164824.SZ|501018.SH|510050.SH|510180.SH|510210.SH|510500.SH|510880.SH|512040.SH|512200.SH|512800.SH|513030.SH|513500.SH|518880.SH,1.2321617520206158
2019,38,159901.SZ|159928.SZ|159949.SZ|160644.SZ|161226.SZ|501018.SH|510180.SH|510500.SH|510880.SH|512040.SH|512170.SH|512400.SH|512890.SH|513030.SH|518880.SH,1.2342879074977438
2019,39,159901.SZ|159920.SZ|159928.SZ|164824.SZ|510050.SH|510180.SH|510300.SH|510500.SH|512040.SH|512100.SH|512170.SH|512890.SH|513100.SH|513500.SH|518880.SH,1.3874040477629859
2019,40,159901.SZ|159915.SZ|159920.SZ|510050.SH|510210.SH|510300.SH|510500.SH|510880.SH|512040.SH|512100.SH|512400.SH|512880.SH|512890.SH|513500.SH|518880.SH,1.6023747075767645
2019,41,159901.SZ|159949.SZ|161226.SZ|510050.SH|510180.SH|510210.SH|510300.SH|510500.SH|510880.SH|512040.SH|512100.SH|512400.SH|513030.SH|513100.SH|513880.SH,1.8539774872375345
2019,42,159915.SZ|159920.SZ|159949.SZ|510180.SH|510880.SH|512040.SH|512100.SH|512170.SH|512660.SH|512800.SH|512880.SH|512890.SH|512980.SH|513500.SH|518880.SH,1.6446639566874592
2019,43,159901.SZ|159920.SZ|161226.SZ|164824.SZ|510050.SH|510300.SH|510880.SH|512100.SH|512170.SH|512200.SH|512880.SH|512890.SH|512980.SH|513100.SH|518880.SH,1.4345924125993224
2019,44,159915.SZ|159920.SZ|159928.SZ|159949.SZ|160644.SZ|164824.SZ|510050.SH|510210.SH|510880.SH|512100.SH|512660.SH|512800.SH|512880.SH|513030.SH|513500.SH,0.8368535929574027
2019,45,159915.SZ|160644.SZ|501018.SH|510050.SH|510210.SH|510880.SH|512040.SH|512200.SH|512400.SH|512660.SH|512880.SH|513100.SH|513500.SH|513880.SH|518880.SH,1.5538039671054138
2019,46,159901.SZ|159915.SZ|159949.SZ|160644.SZ|510180.SH|510500.SH|510880.SH|512040.SH|512100.SH|512170.SH|512660.SH|512980.SH|513500.SH|513880.SH|518880.SH,1.6569483759941546
2019,47,159901.SZ|159915.SZ|159949.SZ|501018.SH|510050.SH|510180.SH|510210.SH|510500.SH|512170.SH|512400.SH|512660.SH|512890.SH|513500.SH|513880.SH|518880.SH,1.5190311407354358
2019,48,159901.SZ|159920.SZ|159928.SZ|159949.SZ|160644.SZ|510050.SH|510210.SH|510300.SH|510500.SH|512040.SH|512100.SH|512170.SH|513100.SH|513880.SH|518880.SH,2.0048895014794526
2019,49,159901.SZ|159949.SZ|161226.SZ|164824.SZ|510180.SH|510300.SH|510500.SH|512040.SH|512100.SH|512170.SH|512660.SH|512890.SH|512980.SH|513030.SH|513100.SH,1.4728314286942301
2019,50,159901.SZ|159920.SZ|159928.SZ|510210.SH|510300.SH|510880.SH|512040.SH|512100.SH|512170.SH|512800.SH|512880.SH|512980.SH|513100.SH|513880.SH|518880.SH,1.946909213599593
2019,51,159915.SZ|159928.SZ|160644.SZ|161226.SZ|501018.SH|510050.SH|510210.SH|510300.SH|510500.SH|512040.SH|512100.SH|512170.SH|512800.SH|513500.SH|513880.SH,1.538095336369621
2019,52,159901.SZ|159920.SZ|159928.SZ|160644.SZ|161226.SZ|164824.SZ|510050.SH|510210.SH|512400.SH|512800.SH|512880.SH|512890.SH|513100.SH|513880.SH|518880.SH,1.3705282026822831
2019,53,159901.SZ|159915.SZ|159920.SZ|159949.SZ|160644.SZ|501018.SH|510180.SH|510210.SH|512100.SH|512170.SH|512800.SH|512880.SH|512980.SH|513030.SH|513880.SH,1.6172904768715068
2019,54,159915.SZ|159920.SZ|159928.SZ|160644.SZ|161226.SZ|164824.SZ|510210.SH|512200.SH|512660.SH|512890.SH|512980.SH|513030.SH|513100.SH|513500.SH|513880.SH,0.9665466466241219
2019,55,159915.SZ|159928.SZ|160644.SZ|164824.SZ|510050.SH|510180.SH|510210.SH|510500.SH|510880.SH|512100.SH|512400.SH|512880.SH|512890.SH|513100.SH|513500.SH,1.238807750236242
2019,56,159901.SZ|159915.SZ|159928.SZ|160644.SZ|510210.SH|510880.SH|512040.SH|512100.SH|512170.SH|512200.SH|512800.SH|512880.SH|512890.SH|513500.SH|518880.SH,2.0555355103184407
2019,57,159901.SZ|159915.SZ|160644.SZ|161226.SZ|510050.SH|510180.SH|510210.SH|510500.SH|512040.SH|512100.SH|512400.SH|512880.SH|512980.SH|513030.SH|513100.SH,1.634677537592215
2019,58,159928.SZ|159949.SZ|160644.SZ|161226.SZ|164824.SZ|501018.SH|510050.SH|510180.SH|510300.SH|510500.SH|510880.SH|512170.SH|512660.SH|513500.SH|518880.SH,1.0319822976759208
2019,59,159920.SZ|161226.SZ|164824.SZ|510180.SH|510300.SH|510500.SH|510880.SH|512040.SH|512100.SH|512200.SH|512800.SH|512890.SH|512980.SH|513500.SH|513880.SH,1.3847988539507308
2019,60,159915.SZ|159920.SZ|160644.SZ|161226.SZ|510500.SH|510880.SH|512100.SH|512170.SH|512200.SH|512400.SH|512800.SH|512890.SH|513030.SH|513100.SH|513500.SH,1.2453443360915455
2019,61,159915.SZ|159920.SZ|159928.SZ|159949.SZ|161226.SZ|510050.SH|510180.SH|510300.SH|510880.SH|512040.SH|512100.SH|512170.SH|513030.SH|513100.SH|513500.SH,1.6719987450415612
2019,62,159901.SZ|159920.SZ|159928.SZ|160644.SZ|510210.SH|510300.SH|512040.SH|512100.SH|512660.SH|512800.SH|512890.SH|512980.SH|513100.SH|513880.SH|518880.SH,1.731938500602329
2019,63,159901.SZ|159920.SZ|159928.SZ|159949.SZ|160644.SZ|164824.SZ|510050.SH|510300.SH|510880.SH|512400.SH|512660.SH|512800.SH|512890.SH|512980.SH|518880.SH,1.5453661162690666
2019,64,159901.SZ|159915.SZ|159920.SZ|159928.SZ|159949.SZ|160644.SZ|501018.SH|510050.SH|510210.SH|512100.SH|512170.SH|512200.SH|512890.SH|512980.SH|513100.SH,1.0234363136659375
2019,65,159901.SZ|159915.SZ|159920.SZ|159928.SZ|510180.SH|510300.SH|510500.SH|512100.SH|512400.SH|512660.SH|512800.SH|512890.SH|513030.SH|513500.SH|518880.SH,1.487365406129524
2019,66,159901.SZ|159920.SZ|159928.SZ|160644.SZ|161226.SZ|164824.SZ|501018.SH|510050.SH|510180.SH|510300.SH|510880.SH|512100.SH|512200.SH|512800.SH|513100.SH,0.5415615815666951
2019,67,159901.SZ|160644.SZ|161226.SZ|510210.SH|510300.SH|510500.SH|510880.SH|512040.SH|512100.SH|512660.SH|512880.SH|512980.SH|513030.SH|513100.SH|518880.SH,1.496961973072017
2019,68,159901.SZ|159920.SZ|159928.SZ|160644.SZ|161226.SZ|164824.SZ|510050.SH|510210.SH|510300.SH|510500.SH|512170.SH|512400.SH|512980.SH|513100.SH|518880.SH,1.5943508597877185
2019,69,159901.SZ|159928.SZ|161226.SZ|164824.SZ|510050.SH|510180.SH|512040.SH|512100.SH|512200.SH|512660.SH|512800.SH|512890.SH|513100.SH|513880.SH|518880.SH,1.4362308326879287
2019,70,159915.SZ|159920.SZ|159928.SZ|159949.SZ|160644.SZ|164824.SZ|510210.SH|510500.SH|510880.SH|512040.SH|512400.SH|512660.SH|512880.SH|513880.SH|518880.SH,1.2583607065818936
2019,71,159928.SZ|159949.SZ|160644.SZ|161226.SZ|501018.SH|510180.SH|510210.SH|512040.SH|512100.SH|512200.SH|512400.SH|512800.SH|512890.SH|512980.SH|513880.SH,1.395160216988893
2019,72,159901.SZ|159928.SZ|159949.SZ|161226.SZ|164824.SZ|510050.SH|510210.SH|510300.SH|512040.SH|512200.SH|512400.SH|512660.SH|513100.SH|513500.SH|518880.SH,1.4342056708954527
2019,73,159901.SZ|159920.SZ|159928.SZ|160644.SZ|501018.SH|510210.SH|512040.SH|512100.SH|512170.SH|512200.SH|512660.SH|512890.SH|513030.SH|513100.SH|513880.SH,1.061299083836828
2019,74,159901.SZ|159928.SZ|161226.SZ|164824.SZ|501018.SH|510180.SH|510210.SH|510300.SH|512040.SH|512400.SH|512660.SH|512800.SH|512880.SH|512890.SH|513880.SH,1.0628739774784117
2019,75,159901.SZ|159915.SZ|160644.SZ|161226.SZ|501018.SH|510500.SH|510880.SH|512100.SH|512170.SH|512400.SH|512880.SH|512980.SH|513030.SH|513100.SH|513500.SH,1.5128014659880737
2019,76,159901.SZ|159915.SZ|159920.SZ|159949.SZ|161226.SZ|501018.SH|510180.SH|510300.SH|510500.SH|512170.SH|512660.SH|512800.SH|512980.SH|513030.SH|518880.SH,1.4367219350745941
2019,77,159901.SZ|159928.SZ|159949.SZ|161226.SZ|510050.SH|510180.SH|510300.SH|510500.SH|512040.SH|512100.SH|512200.SH|512400.SH|512890.SH|512980.SH|513100.SH,1.2336996135082987
2019,78,159901.SZ|159915.SZ|159920.SZ|159949.SZ|510180.SH|510880.SH|512200.SH|512400.SH|512660.SH|512890.SH|512980.SH|513100.SH|513500.SH|513880.SH|518880.SH,1.7010290556254857
2019,79,159915.SZ|164824.SZ|510050.SH|510180.SH|510300.SH|512040.SH|512100.SH|512170.SH|512400.SH|512880.SH|512890.SH|513030.SH|513100.SH|513500.SH|513880.SH,1.809022933540373
2019,80,159901.SZ|159928.SZ|160644.SZ|501018.SH|510180.SH|510210.SH|510500.SH|512040.SH|512100.SH|512170.SH|512400.SH|512660.SH|512800.SH|513030.SH|513100.SH,1.2558311341992274
2019,81,159901.SZ|159920.SZ|159928.SZ|159949.SZ|160644.SZ|161226.SZ|501018.SH|510180.SH|510210.SH|510300.SH|512170.SH|512880.SH|512980.SH|513100.SH|513500.SH,0.9716402852208503
2019,82,159920.SZ|159949.SZ|161226.SZ|501018.SH|510180.SH|510210.SH|510500.SH|512040.SH|512100.SH|512400.SH|512800.SH|512880.SH|513030.SH|513880.SH|518880.SH,1.594924876011329
2019,83,159901.SZ|160644.SZ|161226.SZ|501018.SH|510210.SH|510300.SH|510500.SH|510880.SH|512040.SH|512100.SH|512170.SH|512200.SH|512660.SH|512880.SH|518880.SH,1.5258542177775467
2019,84,159920.SZ|159949.SZ|164824.SZ|501018.SH|510050.SH|510210.SH|510880.SH|512040.SH|512400.SH|512660.SH|512880.SH|512980.SH|513030.SH|513100.SH|518880.SH,1.173663556188051
2019,85,159920.SZ|159928.SZ|160644.SZ|161226.SZ|510180.SH|510210.SH|512100.SH|512400.SH|512800.SH|512880.SH|512890.SH|513030.SH|513100.SH|513500.SH|513880.SH,1.3131214355380627
2019,86,159901.SZ|159915.SZ|159920.SZ|164824.SZ|501018.SH|510050.SH|510210.SH|510300.SH|510880.SH|512040.SH|512200.SH|512660.SH|512980.SH|513030.SH|513500.SH,0.9442590567548516
2019,87,159901.SZ|159949.SZ|160644.SZ|164824.SZ|501018.SH|510050.SH|510300.SH|510500.SH|510880.SH|512040.SH|512200.SH|512890.SH|512980.SH|513030.SH|513500.SH,0.9866669120804257
2019,88,161226.SZ|501018.SH|510050.SH|510180.SH|510300.SH|510500.SH|512100.SH|512200.SH|512400.SH|512800.SH|512880.SH|512890.SH|513500.SH|513880.SH|518880.SH,1.7234121850048503
2019,89,159915.SZ|159928.SZ|160644.SZ|161226.SZ|510180.SH|510300.SH|510880.SH|512040.SH|512170.SH|512660.SH|512800.SH|512980.SH|513030.SH|513500.SH|518880.SH,1.328802319258872
2019,90,159920.SZ|159928.SZ|160644.SZ|164824.SZ|510050.SH|510880.SH|512100.SH|512200.SH|512660.SH|512800.SH|512880.SH|512890.SH|512980.SH|513030.SH|513880.SH,1.0301180695665866
2019,91,159920.SZ|159928.SZ|159949.SZ|510180.SH|510300.SH|510880.SH|512040.SH|512100.SH|512170.SH|512400.SH|512660.SH|512880.SH|512980.SH|513500.SH|518880.SH,1.568465996799561
2019,92,159915.SZ|159928.SZ|164824.SZ|501018.SH|510050.SH|510180.SH|510300.SH|510500.SH|512040.SH|512100.SH|512170.SH|512200.SH|512660.SH|512800.SH|513030.SH,1.0232552381983275
2019,93,159915.SZ|159920.SZ|161226.SZ|164824.SZ|501018.SH|510050.SH|510180.SH|510500.SH|512040.SH|512170.SH|512660.SH|512880.SH|512890.SH|513100.SH|513880.SH,1.2115769258195903
2019,94,159901.SZ|159949.SZ|160644.SZ|161226.SZ|501018.SH|510050.SH|510210.SH|510880.SH|512100.SH|512170.SH|512200.SH|512800.SH|512880.SH|512980.SH|513100.SH,1.3027328230468542
2019,95,159915.SZ|159920.SZ|159928.SZ|159949.SZ|160644.SZ|510050.SH|510210.SH|510300.SH|510500.SH|512100.SH|512170.SH|512890.SH|513100.SH|513880.SH|518880.SH,1.8585580561842079
2019,96,159901.SZ|159949.SZ|164824.SZ|510050.SH|510180.SH|510300.SH|510880.SH|512040.SH|512100.SH|512400.SH|512800.SH|512890.SH|513030.SH|513100.SH|513500.SH,1.443802010588728
2019,97,159915.SZ|159920.SZ|160644.SZ|164824.SZ|501018.SH|510210.SH|510500.SH|510880.SH|512100.SH|512170.SH|512660.SH|512880.SH|513500.SH|513880.SH|518880.SH,1.2567342060397209
2019,98,159901.SZ|159915.SZ|159928.SZ|159949.SZ|161226.SZ|501018.SH|510050.SH|510210.SH|510880.SH|512100.SH|512170.SH|512660.SH|512890.SH|512980.SH|513500.SH,1.0713321395949404
2019,99,159901.SZ|159915.SZ|160644.SZ|161226.SZ|501018.SH|510050.SH|510210.SH|510300.SH|512040.SH|512100.SH|512400.SH|512660.SH|512800.SH|512890.SH|518880.SH,1.4052053857395908
2019,100,159915.SZ|160644.SZ|161226.SZ|164824.SZ|510050.SH|510180.SH|510300.SH|510500.SH|510880.SH|512170.SH|512880.SH|512980.SH|513030.SH|513100.SH|513880.SH,1.5652779516926336
2020,1,159901.SZ|159920.SZ|159928.SZ|159967.SZ|160644.SZ|510880.SH|512040.SH|512170.SH|512400.SH|512800.SH|512880.SH|512890.SH|513880.SH|515220.SH|518880.SH,0.7867104900766988
2020,2,159901.SZ|159985.SZ|161226.SZ|164824.SZ|501018.SH|510050.SH|510500.SH|512040.SH|512100.SH|512200.SH|512880.SH|512890.SH|512980.SH|513500.SH|518880.SH,0.7250273143741665
2020,3,159915.SZ|159928.SZ|161226.SZ|510050.SH|510180.SH|512040.SH|512100.SH|512660.SH|512880.SH|512980.SH|513080.SH|513500.SH|513880.SH|515220.SH|518880.SH,0.7711009193628368
2020,4,159920.SZ|159949.SZ|159980.SZ|159985.SZ|161226.SZ|164824.SZ|510180.SH|510210.SH|510500.SH|510880.SH|513030.SH|513100.SH|513880.SH|515880.SH|518880.SH,1.984494488823995
2020,5,159901.SZ|159928.SZ|159967.SZ|160644.SZ|510050.SH|510300.SH|512100.SH|512660.SH|512800.SH|512880.SH|512890.SH|513080.SH|513500.SH|513880.SH|518880.SH,0.7610970852645544
2020,6,159920.SZ|159980.SZ|160644.SZ|501018.SH|510180.SH|510300.SH|510500.SH|510880.SH|512200.SH|512400.SH|512800.SH|512880.SH|512980.SH|513030.SH|513100.SH,1.2337727457286771
2020,7,159920.SZ|159928.SZ|159967.SZ|159980.SZ|161226.SZ|164824.SZ|501018.SH|510210.SH|510300.SH|512170.SH|512800.SH|513080.SH|513100.SH|513880.SH|515210.SH,0.9790753173283075
2020,8,159901.SZ|159915.SZ|159985.SZ|164824.SZ|510050.SH|510210.SH|510500.SH|510880.SH|512100.SH|512400.SH|512880.SH|512980.SH|513030.SH|513100.SH|515880.SH,1.6279124917366636
2020,9,159920.SZ|159949.SZ|159980.SZ|160644.SZ|510180.SH|510300.SH|510500.SH|510880.SH|512040.SH|512100.SH|512170.SH|512400.SH|512660.SH|515880.SH|518880.SH,0.9036145135655892
2020,10,159915.SZ|159920.SZ|159928.SZ|159949.SZ|159980.SZ|161226.SZ|510050.SH|510210.SH|510300.SH|512400.SH|512660.SH|512880.SH|512890.SH|512980.SH|513880.SH,0.8827647191175876
2020,11,159901.SZ|159915.SZ|159920.SZ|159928.SZ|160644.SZ|164824.SZ|510180.SH|510500.SH|512200.SH|512660.SH|512800.SH|512880.SH|513100.SH|513880.SH|518880.SH,1.3415903989680549
2020,12,159901.SZ|159915.SZ|501018.SH|510050.SH|510210.SH|510880.SH|512100.SH|512170.SH|512200.SH|512880.SH|512890.SH|513030.SH|513080.SH|513500.SH|515210.SH,0.661778030245809
2020,13,159901.SZ|159928.SZ|159949.SZ|159985.SZ|160644.SZ|161226.SZ|501018.SH|510210.SH|510300.SH|510500.SH|512100.SH|512890.SH|513030.SH|515880.SH|518880.SH,1.1594557895663715
2020,14,159949.SZ|159980.SZ|159985.SZ|160644.SZ|501018.SH|510300.SH|510500.SH|512100.SH|512170.SH|512200.SH|512800.SH|513030.SH|513880.SH|515220.SH|515880.SH,1.2825864508176892
2020,15,159928.SZ|159949.SZ|159967.SZ|159980.SZ|159981.SZ|161226.SZ|510050.SH|510210.SH|512040.SH|512890.SH|512980.SH|513030.SH|513500.SH|515210.SH|515880.SH,0.7519984731793139
2020,16,159920.SZ|159967.SZ|161226.SZ|501018.SH|510050.SH|510180.SH|510210.SH|510880.SH|512040.SH|512170.SH|512880.SH|512890.SH|513030.SH|513080.SH|515220.SH,0.980496722862858
2020,17,159920.SZ|159949.SZ|159981.SZ|164824.SZ|501018.SH|510500.SH|510880.SH|512040.SH|512100.SH|512800.SH|513030.SH|513080.SH|513100.SH|513500.SH|515880.SH,1.1529835323606175
2020,18,159915.SZ|159920.SZ|159981.SZ|159985.SZ|501018.SH|510050.SH|510300.SH|512100.SH|512170.SH|512880.SH|513100.SH|513500.SH|515210.SH|515220.SH|515880.SH,1.5151439879763564
2020,19,159915.SZ|159928.SZ|159967.SZ|159981.SZ|164824.SZ|501018.SH|510050.SH|510210.SH|510300.SH|512040.SH|512200.SH|512800.SH|513030.SH|515210.SH|515220.SH,0.6124044044691677
2020,20,159901.SZ|159928.SZ|159949.SZ|159981.SZ|159985.SZ|510180.SH|510210.SH|510500.SH|512100.SH|512400.SH|512800.SH|512880.SH|512890.SH|515210.SH|515220.SH,0.8073349297587136
2020,21,159901.SZ|159928.SZ|159981.SZ|160644.SZ|510210.SH|510500.SH|510880.SH|512100.SH|512800.SH|512880.SH|512980.SH|513080.SH|513100.SH|513880.SH|515880.SH,1.1517651117822854
2020,22,159901.SZ|159967.SZ|159981.SZ|160644.SZ|161226.SZ|510880.SH|512040.SH|512200.SH|512800.SH|512880.SH|512890.SH|513100.SH|513500.SH|513880.SH|515220.SH,1.2268161288424704
2020,23,159901.SZ|159920.SZ|159949.SZ|159967.SZ|510180.SH|510210.SH|510300.SH|510880.SH|512100.SH|512200.SH|513030.SH|513100.SH|513500.SH|513880.SH|515220.SH,1.6933735786554138
2020,24,159949.SZ|164824.SZ|501018.SH|510180.SH|510210.SH|510500.SH|510880.SH|512100.SH|512400.SH|512800.SH|513080.SH|513100.SH|513500.SH|515210.SH|515880.SH,0.7502893720615648
2020,25,159915.SZ|159967.SZ|159985.SZ|160644.SZ|501018.SH|510180.SH|510210.SH|512100.SH|512170.SH|512660.SH|512890.SH|513080.SH|513880.SH|515210.SH|518880.SH,1.0156848106061784
2020,26,159901.SZ|159920.SZ|160644.SZ|161226.SZ|510050.SH|510210.SH|510300.SH|510500.SH|512660.SH|512800.SH|512980.SH|513030.SH|513500.SH|515220.SH|515880.SH,0.6617334548566954
2020,27,159901.SZ|159928.SZ|159985.SZ|161226.SZ|510210.SH|510300.SH|510500.SH|510880.SH|512200.SH|512400.SH|512800.SH|512880.SH|512980.SH|513030.SH|515220.SH,0.3366046964679516
2020,28,159967.SZ|159981.SZ|159985.SZ|161226.SZ|510300.SH|512170.SH|512200.SH|512660.SH|512880.SH|512980.SH|513030.SH|513080.SH|513500.SH|515210.SH|515880.SH,0.6472666277753157
2020,29,159915.SZ|159920.SZ|159928.SZ|159980.SZ|159985.SZ|161226.SZ|510210.SH|510500.SH|512100.SH|512200.SH|512660.SH|513030.SH|513080.SH|513500.SH|515210.SH,0.7848852276597841
2020,30,159901.SZ|159915.SZ|159967.SZ|159985.SZ|510050.SH|510180.SH|510500.SH|512100.SH|512170.SH|512660.SH|512800.SH|513030.SH|515210.SH|515880.SH|518880.SH,0.9794247044967632
2020,31,159901.SZ|159915.SZ|159967.SZ|161226.SZ|510180.SH|510500.SH|512170.SH|512200.SH|512660.SH|512880.SH|512890.SH|512980.SH|513080.SH|513500.SH|518880.SH,0.5130353234975831
2020,32,159915.SZ|159920.SZ|159967.SZ|159980.SZ|159981.SZ|160644.SZ|164824.SZ|501018.SH|510500.SH|512100.SH|512400.SH|512660.SH|513030.SH|513880.SH|518880.SH,1.5441674481548746
2020,33,159915.SZ|159920.SZ|159928.SZ|159967.SZ|159981.SZ|160644.SZ|164824.SZ|510180.SH|512040.SH|512100.SH|512200.SH|512880.SH|512890.SH|512980.SH|518880.SH,1.0194617929975893
2020,34,159901.SZ|159915.SZ|159920.SZ|159928.SZ|161226.SZ|510050.SH|510300.SH|510880.SH|512170.SH|512800.SH|512890.SH|513030.SH|513080.SH|513880.SH|515220.SH,0.4031772615493308
2020,35,159920.SZ|159928.SZ|159949.SZ|159985.SZ|164824.SZ|501018.SH|510050.SH|512100.SH|512200.SH|512400.SH|512800.SH|512880.SH|512890.SH|513100.SH|515880.SH,1.357573333386574
2020,36,159901.SZ|159915.SZ|159920.SZ|159928.SZ|159949.SZ|159967.SZ|501018.SH|510880.SH|512100.SH|512200.SH|512800.SH|512890.SH|513030.SH|513500.SH|515880.SH,0.9146981999490432
2020,37,159949.SZ|159967.SZ|160644.SZ|501018.SH|510300.SH|512040.SH|512170.SH|512200.SH|512880.SH|512890.SH|512980.SH|513100.SH|513880.SH|515210.SH|515880.SH,1.3464015296753862
2020,38,159901.SZ|159915.SZ|159920.SZ|160644.SZ|164824.SZ|501018.SH|510300.SH|512880.SH|512980.SH|513030.SH|513100.SH|513880.SH|515210.SH|515880.SH|518880.SH,1.5056225916174133
2020,39,159901.SZ|159915.SZ|159980.SZ|501018.SH|510050.SH|512100.SH|512200.SH|512660.SH|512800.SH|512890.SH|513100.SH|513500.SH|513880.SH|515220.SH|518880.SH,1.0333435328411336
2020,40,159928.SZ|159980.SZ|501018.SH|510050.SH|510880.SH|512170.SH|512200.SH|512880.SH|512980.SH|513030.SH|513080.SH|513500.SH|515210.SH|515220.SH|515880.SH,0.4700650317657976
2020,41,159915.SZ|159928.SZ|159967.SZ|159980.SZ|160644.SZ|161226.SZ|510180.SH|510300.SH|510500.SH|510880.SH|512200.SH|512800.SH|513100.SH|515210.SH|515880.SH,1.2699421392190255
2020,42,159901.SZ|159915.SZ|159920.SZ|159967.SZ|160644.SZ|164824.SZ|501018.SH|510180.SH|510500.SH|512040.SH|512200.SH|512800.SH|512890.SH|513080.SH|515880.SH,0.9067957792326862
2020,43,159915.SZ|159928.SZ|159949.SZ|160644.SZ|510050.SH|510180.SH|510210.SH|510500.SH|512040.SH|512200.SH|512400.SH|512800.SH|513100.SH|513500.SH|515220.SH,1.4974252086406183
2020,44,159901.SZ|159915.SZ|159967.SZ|160644.SZ|161226.SZ|510050.SH|510300.SH|510500.SH|512100.SH|512170.SH|512660.SH|512800.SH|513030.SH|515220.SH|518880.SH,0.9633764944785417
2020,45,159928.SZ|159949.SZ|159980.SZ|159981.SZ|159985.SZ|510050.SH|510300.SH|512040.SH|512100.SH|512800.SH|512890.SH|513080.SH|513100.SH|515220.SH|518880.SH,1.6750431991552908
2020,46,159901.SZ|159980.SZ|159981.SZ|510210.SH|510500.SH|512040.SH|512170.SH|512400.SH|512660.SH|512890.SH|512980.SH|513030.SH|513080.SH|513880.SH|515220.SH,0.6943581636970999
2020,47,159901.SZ|159967.SZ|159985.SZ|161226.SZ|510210.SH|510300.SH|510880.SH|512040.SH|512100.SH|512890.SH|512980.SH|513080.SH|513100.SH|513880.SH|515220.SH,1.8299146401114328
2020,48,159901.SZ|159915.SZ|159967.SZ|159980.SZ|159981.SZ|160644.SZ|161226.SZ|510050.SH|510180.SH|510880.SH|512100.SH|513030.SH|515210.SH|515220.SH|518880.SH,1.4709974227645801
2020,49,159949.SZ|159967.SZ|159980.SZ|159981.SZ|164824.SZ|501018.SH|510050.SH|510180.SH|510880.SH|512040.SH|512200.SH|512400.SH|512660.SH|513100.SH|515220.SH,1.5725992315189392
2020,50,159920.SZ|159928.SZ|159949.SZ|159967.SZ|159980.SZ|159981.SZ|160644.SZ|161226.SZ|510500.SH|510880.SH|512170.SH|512200.SH|512660.SH|512880.SH|518880.SH,0.9113641660896687
2020,51,159949.SZ|159980.SZ|160644.SZ|161226.SZ|164824.SZ|510300.SH|512040.SH|512100.SH|512400.SH|512660.SH|512800.SH|512880.SH|513500.SH|515220.SH|518880.SH,0.8252849667340858
2020,52,159915.SZ|159920.SZ|159928.SZ|159980.SZ|159981.SZ|161226.SZ|164824.SZ|510210.SH|510300.SH|510500.SH|512100.SH|512170.SH|512890.SH|513100.SH|513880.SH,1.4261824398731116
2020,53,159915.SZ|159920.SZ|159980.SZ|159981.SZ|510210.SH|510880.SH|512040.SH|512200.SH|512660.SH|512880.SH|513030.SH|513080.SH|513500.SH|513880.SH|518880.SH,1.0204138033829286
2020,54,159901.SZ|159915.SZ|159920.SZ|159980.SZ|159985.SZ|161226.SZ|164824.SZ|510050.SH|510180.SH|510210.SH|512170.SH|512660.SH|512890.SH|513500.SH|515220.SH,1.0361565529078347
2020,55,159901.SZ|159915.SZ|161226.SZ|501018.SH|510050.SH|510300.SH|512100.SH|512170.SH|512200.SH|512800.SH|513030.SH|513500.SH|515210.SH|515220.SH|518880.SH,0.8346933603639912
2020,56,159901.SZ|159928.SZ|159949.SZ|159967.SZ|159980.SZ|160644.SZ|510180.SH|512100.SH|512880.SH|513080.SH|513500.SH|513880.SH|515210.SH|515880.SH|518880.SH,0.855477916441243
2020,57,159915.SZ|159920.SZ|159928.SZ|159980.SZ|510180.SH|510210.SH|510500.SH|510880.SH|512100.SH|512170.SH|513080.SH|513500.SH|513880.SH|515880.SH|518880.SH,0.9908229794814672
2020,58,159915.SZ|159920.SZ|159967.SZ|159980.SZ|159981.SZ|510180.SH|510210.SH|510300.SH|510500.SH|512040.SH|512100.SH|512980.SH|513080.SH|515210.SH|515880.SH,0.9762532983740628
2020,59,159915.SZ|159920.SZ|159928.SZ|159980.SZ|161226.SZ|501018.SH|510050.SH|510180.SH|512200.SH|512400.SH|513030.SH|513100.SH|515210.SH|515220.SH|515880.SH,0.9559480652327642
2020,60,159915.SZ|159985.SZ|161226.SZ|164824.SZ|501018.SH|510300.SH|512040.SH|512660.SH|512880.SH|512890.SH|513080.SH|513100.SH|513500.SH|515210.SH|518880.SH,1.5026366348301534
2020,61,159901.SZ|159949.SZ|159967.SZ|159980.SZ|161226.SZ|512100.SH|512660.SH|512800.SH|512880.SH|512890.SH|513080.SH|513880.SH|515220.SH|515880.SH|518880.SH,0.5524913163047164
2020,62,159915.SZ|159920.SZ|159985.SZ|501018.SH|510300.SH|512040.SH|512100.SH|512400.SH|512800.SH|512880.SH|512890.SH|512980.SH|513880.SH|515220.SH|518880.SH,0.8504959314846884
2020,63,159915.SZ|159949.SZ|159985.SZ|164824.SZ|501018.SH|510210.SH|510300.SH|510500.SH|512100.SH|512660.SH|513030.SH|513080.SH|513500.SH|515210.SH|515220.SH,1.354947177590561
2020,64,159928.SZ|159981.SZ|159985.SZ|501018.SH|510210.SH|512170.SH|512400.SH|512660.SH|512800.SH|512880.SH|512890.SH|512980.SH|513880.SH|515210.SH|515880.SH,0.7594184258801377
2020,65,159920.SZ|159949.SZ|159967.SZ|159980.SZ|159981.SZ|159985.SZ|510300.SH|510500.SH|512660.SH|512890.SH|512980.SH|513030.SH|513100.SH|515210.SH|515220.SH,1.9711936230918912
2020,66,159915.SZ|159928.SZ|159949.SZ|159967.SZ|159980.SZ|159981.SZ|160644.SZ|510500.SH|510880.SH|512170.SH|512400.SH|512800.SH|512890.SH|512980.SH|513500.SH,1.0327221530222113
2020,67,159901.SZ|159915.SZ|159949.SZ|159980.SZ|501018.SH|510300.SH|510500.SH|510880.SH|512040.SH|512100.SH|512170.SH|512880.SH|513030.SH|513080.SH|515880.SH,1.2944845811773573
2020,68,159915.SZ|159920.SZ|159967.SZ|159985.SZ|164824.SZ|510050.SH|510180.SH|510210.SH|512170.SH|512660.SH|512980.SH|513080.SH|515210.SH|515220.SH|518880.SH,1.079270617560625
2020,69,159915.SZ|159920.SZ|159928.SZ|159980.SZ|501018.SH|510050.SH|510180.SH|512100.SH|512170.SH|512400.SH|512880.SH|512890.SH|513030.SH|513880.SH|515210.SH,0.7554755281663275
2020,70,159928.SZ|159949.SZ|159985.SZ|164824.SZ|510050.SH|510180.SH|510880.SH|512100.SH|512660.SH|512880.SH|513030.SH|513080.SH|515220.SH|515880.SH|518880.SH,1.176230414702656
2020,71,159901.SZ|159915.SZ|159920.SZ|159949.SZ|159981.SZ|161226.SZ|510500.SH|512400.SH|512800.SH|512880.SH|513080.SH|513880.SH|515210.SH|515880.SH|518880.SH,0.7018785914640918
2020,72,159949.SZ|159980.SZ|160644.SZ|501018.SH|510180.SH|510300.SH|510880.SH|512040.SH|512100.SH|512170.SH|512800.SH|512880.SH|513030.SH|513080.SH|513880.SH,1.0528944967242824
2020,73,159915.SZ|159949.SZ|161226.SZ|164824.SZ|501018.SH|510180.SH|510210.SH|510500.SH|512100.SH|512200.SH|512880.SH|513080.SH|513500.SH|513880.SH|515880.SH,0.5971111563387311
2020,74,159901.SZ|159980.SZ|159985.SZ|161226.SZ|501018.SH|510210.SH|510500.SH|510880.SH|512100.SH|512660.SH|512880.SH|513500.SH|515210.SH|515880.SH|518880.SH,0.793511065107842
2020,75,159915.SZ|159949.SZ|159967.SZ|159981.SZ|159985.SZ|160644.SZ|510050.SH|510180.SH|510300.SH|510880.SH|512660.SH|512800.SH|513080.SH|515210.SH|518880.SH,1.1732782818563816
2020,76,159901.SZ|159928.SZ|159967.SZ|160644.SZ|161226.SZ|164824.SZ|510180.SH|510210.SH|512100.SH|512170.SH|512660.SH|512800.SH|512890.SH|512980.SH|513080.SH,0.7318312103915523
2020,77,159920.SZ|159981.SZ|160644.SZ|164824.SZ|501018.SH|510210.SH|510300.SH|512040.SH|512170.SH|512400.SH|512880.SH|512890.SH|512980.SH|513030.SH|515880.SH,1.241425218840338
2020,78,159901.SZ|159928.SZ|164824.SZ|510050.SH|510210.SH|510500.SH|512170.SH|512200.SH|512660.SH|512880.SH|513030.SH|513100.SH|513500.SH|515880.SH|518880.SH,1.2652067738480512
2020,79,159901.SZ|159915.SZ|160644.SZ|510050.SH|510180.SH|510300.SH|510880.SH|512040.SH|512170.SH|512200.SH|512400.SH|512980.SH|513100.SH|513880.SH|515210.SH,1.3022689857036804
2020,80,159901.SZ|159920.SZ|159928.SZ|159980.SZ|159981.SZ|159985.SZ|160644.SZ|164824.SZ|501018.SH|510180.SH|510210.SH|512200.SH|512400.SH|512980.SH|515880.SH,0.9625573876336295
2020,81,159901.SZ|159915.SZ|159949.SZ|159967.SZ|159981.SZ|159985.SZ|501018.SH|510880.SH|512170.SH|512800.SH|512890.SH|513030.SH|513100.SH|513880.SH|515210.SH,1.4669789218426914
2020,82,159915.SZ|159967.SZ|161226.SZ|164824.SZ|501018.SH|510180.SH|510500.SH|510880.SH|512170.SH|512800.SH|512880.SH|512890.SH|513030.SH|513080.SH|515220.SH,0.6494365871157312
2020,83,159901.SZ|159915.SZ|159920.SZ|160644.SZ|510050.SH|510300.SH|510500.SH|512170.SH|512400.SH|512660.SH|512880.SH|512980.SH|513080.SH|513100.SH|515220.SH,1.5785024500079021
2020,84,159901.SZ|159928.SZ|159967.SZ|159980.SZ|159981.SZ|159985.SZ|161226.SZ|512400.SH|512800.SH|512880.SH|512890.SH|513030.SH|513100.SH|513500.SH|513880.SH,1.2166975506412443
2020,85,159949.SZ|159967.SZ|159980.SZ|159985.SZ|161226.SZ|510880.SH|512040.SH|512170.SH|512800.SH|512880.SH|512890.SH|512980.SH|513030.SH|513080.SH|515880.SH,0.9760032767721636
2020,86,159901.SZ|159980.SZ|161226.SZ|164824.SZ|510050.SH|510210.SH|512200.SH|512400.SH|512660.SH|512880.SH|512890.SH|512980.SH|513500.SH|513880.SH|515880.SH,0.21979825583855425
2020,87,159901.SZ|159981.SZ|160644.SZ|501018.SH|510050.SH|510180.SH|510210.SH|510300.SH|512170.SH|512200.SH|512800.SH|513030.SH|515210.SH|515220.SH|515880.SH,0.7150801937148555
2020,88,159949.SZ|159967.SZ|159981.SZ|159985.SZ|161226.SZ|164824.SZ|510210.SH|510300.SH|512040.SH|512200.SH|512800.SH|512880.SH|513880.SH|515880.SH|518880.SH,1.1519114097533854
2020,89,159901.SZ|159928.SZ|159949.SZ|159980.SZ|160644.SZ|510210.SH|510500.SH|510880.SH|512040.SH|512100.SH|512170.SH|512200.SH|512660.SH|515210.SH|515880.SH,0.7413882904714675
2020,90,159901.SZ|159915.SZ|159928.SZ|159967.SZ|159985.SZ|160644.SZ|161226.SZ|164824.SZ|501018.SH|510500.SH|512040.SH|512200.SH|512890.SH|513030.SH|518880.SH,1.0854226131761306
2020,91,159915.SZ|159920.SZ|159980.SZ|160644.SZ|164824.SZ|510050.SH|510300.SH|512040.SH|512100.SH|512400.SH|512890.SH|513080.SH|513100.SH|513880.SH|515210.SH,1.0398885717420918
2020,92,159915.SZ|159981.SZ|160644.SZ|161226.SZ|164824.SZ|501018.SH|510180.SH|512040.SH|512400.SH|512660.SH|512800.SH|513080.SH|513500.SH|513880.SH|515220.SH,0.8083096483032225
2020,93,159920.SZ|159928.SZ|159949.SZ|161226.SZ|510050.SH|510300.SH|512660.SH|512890.SH|512980.SH|513080.SH|513100.SH|513500.SH|513880.SH|515220.SH|518880.SH,1.4228039969175788
2020,94,159901.SZ|159915.SZ|159928.SZ|159985.SZ|501018.SH|510050.SH|510180.SH|510500.SH|512100.SH|512200.SH|512800.SH|513080.SH|513500.SH|515210.SH|515880.SH,0.71025962688162
2020,95,159901.SZ|159920.SZ|159949.SZ|159980.SZ|161226.SZ|501018.SH|510210.SH|510500.SH|512170.SH|512200.SH|512660.SH|512800.SH|513100.SH|515210.SH|518880.SH,1.1558322457026224
2020,96,159901.SZ|159928.SZ|159949.SZ|159980.SZ|164824.SZ|510180.SH|510210.SH|510300.SH|512100.SH|512400.SH|512800.SH|512980.SH|513080.SH|513100.SH|515210.SH,0.8462102449433088
2020,97,159915.SZ|159949.SZ|159967.SZ|164824.SZ|510180.SH|510300.SH|512040.SH|512100.SH|512200.SH|512400.SH|512880.SH|512890.SH|512980.SH|513880.SH|515880.SH,1.2562948913140501
2020,98,159901.SZ|159915.SZ|159928.SZ|159949.SZ|159967.SZ|159980.SZ|161226.SZ|164824.SZ|512170.SH|512660.SH|512880.SH|512980.SH|513030.SH|513080.SH|513100.SH,1.3793290550837356
2020,99,159915.SZ|159928.SZ|159949.SZ|159981.SZ|159985.SZ|161226.SZ|501018.SH|510210.SH|512100.SH|512660.SH|512890.SH|512980.SH|513080.SH|513500.SH|515220.SH,0.9688434836498913
2020,100,159901.SZ|159920.SZ|159967.SZ|164824.SZ|510210.SH|510300.SH|510500.SH|512040.SH|512400.SH|512890.SH|512980.SH|513100.SH|513880.SH|515220.SH|518880.SH,1.4413727684545943
2021,1,159915.SZ|159980.SZ|159985.SZ|160644.SZ|161226.SZ|510880.SH|512040.SH|512100.SH|512800.SH|512880.SH|513180.SH|515210.SH|515220.SH|515880.SH|518880.SH,0.10959232630638113
2021,2,159825.SZ|159852.SZ|159981.SZ|160644.SZ|510180.SH|512100.SH|512400.SH|512800.SH|512880.SH|512890.SH|513030.SH|513500.SH|515220.SH|515880.SH|516150.SH,0.8871125280118645
2021,3,159825.SZ|159851.SZ|159980.SZ|164824.SZ|510300.SH|510880.SH|512200.SH|512400.SH|513030.SH|513100.SH|513500.SH|515790.SH|516150.SH|518880.SH|588000.SH,0.6129392187744592
2021,4,159825.SZ|159851.SZ|159852.SZ|159901.SZ|159967.SZ|159981.SZ|159985.SZ|501018.SH|512040.SH|512890.SH|512980.SH|513080.SH|513880.SH|515210.SH|518880.SH,0.08219500626216784
2021,5,159852.SZ|159865.SZ|159920.SZ|159981.SZ|510050.SH|510180.SH|510210.SH|512040.SH|512200.SH|512880.SH|512980.SH|513080.SH|513100.SH|515880.SH|588000.SH,0.46604548096182963
2021,6,159852.SZ|159865.SZ|159920.SZ|159980.SZ|160644.SZ|510050.SH|510300.SH|510500.SH|512880.SH|513080.SH|513180.SH|515790.SH|515880.SH|516150.SH|588000.SH,-0.09621246005226394
2021,7,159825.SZ|159851.SZ|159869.SZ|161226.SZ|164824.SZ|501018.SH|510210.SH|510880.SH|512880.SH|512980.SH|513100.SH|513500.SH|515220.SH|516150.SH|588000.SH,1.3140344084454325
2021,8,159865.SZ|159915.SZ|159928.SZ|159985.SZ|510050.SH|510300.SH|510500.SH|510880.SH|512040.SH|512100.SH|512200.SH|512800.SH|513030.SH|513080.SH|513180.SH,-0.15899283309928264
2021,9,159825.SZ|159870.SZ|159915.SZ|161226.SZ|164824.SZ|510300.SH|512040.SH|512200.SH|512400.SH|512660.SH|512800.SH|512980.SH|515220.SH|518880.SH|588000.SH,0.01600111195409064
2021,10,159870.SZ|159928.SZ|160644.SZ|161226.SZ|510050.SH|510300.SH|510880.SH|512040.SH|512100.SH|512200.SH|512660.SH|512800.SH|512980.SH|513180.SH|518880.SH,-1.0657289895761088
2021,11,159825.SZ|159851.SZ|159949.SZ|159967.SZ|159981.SZ|510300.SH|510500.SH|510880.SH|512100.SH|512200.SH|512800.SH|513080.SH|515220.SH|515880.SH|588000.SH,0.7606834009592175
2021,12,159825.SZ|159851.SZ|159869.SZ|159870.SZ|159967.SZ|160644.SZ|161226.SZ|501018.SH|510180.SH|512200.SH|512660.SH|512800.SH|513880.SH|515210.SH|588000.SH,0.21707125345100028
2021,13,159865.SZ|159869.SZ|159915.SZ|159981.SZ|164824.SZ|501018.SH|510180.SH|510300.SH|510880.SH|512170.SH|512660.SH|513100.SH|513180.SH|513880.SH|515880.SH,1.5483059832627197
2021,14,159851.SZ|159869.SZ|159981.SZ|159985.SZ|510050.SH|510210.SH|510300.SH|512100.SH|512400.SH|512880.SH|512890.SH|513180.SH|515220.SH|516150.SH|588000.SH,0.5101489330090831
2021,15,159825.SZ|159851.SZ|159901.SZ|159928.SZ|159980.SZ|159985.SZ|160644.SZ|164824.SZ|510210.SH|512170.SH|512400.SH|512800.SH|515790.SH|515880.SH|518880.SH,-0.9037340941022581
2021,16,159825.SZ|159851.SZ|159869.SZ|159901.SZ|159949.SZ|164824.SZ|510180.SH|510210.SH|512800.SH|512890.SH|513030.SH|513080.SH|515210.SH|516150.SH|588000.SH,0.34947758840439597
2021,17,159825.SZ|159865.SZ|159980.SZ|159981.SZ|159985.SZ|160644.SZ|501018.SH|510880.SH|512040.SH|512100.SH|515210.SH|515220.SH|515790.SH|515880.SH|588000.SH,1.6747540513180958
2021,18,159825.SZ|159852.SZ|159980.SZ|161226.SZ|510050.SH|510180.SH|510300.SH|510880.SH|512400.SH|512800.SH|515210.SH|515220.SH|516150.SH|518880.SH|588000.SH,-0.11288395583391275
2021,19,159852.SZ|159865.SZ|159920.SZ|159967.SZ|159980.SZ|159981.SZ|501018.SH|510180.SH|512040.SH|512880.SH|513180.SH|513500.SH|515210.SH|515220.SH|515880.SH,1.4504195630305081
2021,20,159851.SZ|159870.SZ|159949.SZ|159981.SZ|164824.SZ|501018.SH|510050.SH|510300.SH|512200.SH|512660.SH|513030.SH|513880.SH|515220.SH|515790.SH|516150.SH,0.6264795078282539
2021,21,159825.SZ|159901.SZ|159920.SZ|159928.SZ|159981.SZ|159985.SZ|164824.SZ|510050.SH|510180.SH|510880.SH|512400.SH|512800.SH|513080.SH|513100.SH|513500.SH,0.0575544133601284
2021,22,161226.SZ|501018.SH|510180.SH|510210.SH|510300.SH|510500.SH|510880.SH|512100.SH|512660.SH|512890.SH|512980.SH|513030.SH|515210.SH|515790.SH|515880.SH,0.8919617403773795
2021,23,159851.SZ|159865.SZ|159967.SZ|161226.SZ|164824.SZ|510050.SH|510500.SH|510880.SH|512880.SH|512890.SH|512980.SH|513880.SH|515220.SH|515790.SH|516150.SH,0.07836298278782522
2021,24,159825.SZ|159865.SZ|159901.SZ|159920.SZ|159928.SZ|159967.SZ|159985.SZ|510180.SH|510880.SH|512100.SH|512170.SH|512880.SH|513030.SH|513080.SH|515880.SH,-0.5440421261618829
2021,25,159870.SZ|159920.SZ|159980.SZ|159981.SZ|161226.SZ|510500.SH|510880.SH|512100.SH|512400.SH|512660.SH|512890.SH|512980.SH|513030.SH|513880.SH|515220.SH,0.35772538305484747
2021,26,159825.SZ|159852.SZ|159967.SZ|159981.SZ|164824.SZ|501018.SH|512100.SH|512170.SH|512400.SH|512660.SH|512800.SH|513030.SH|513080.SH|515880.SH|518880.SH,0.6710109691433923
2021,27,159852.SZ|159901.SZ|159915.SZ|159985.SZ|161226.SZ|510210.SH|510300.SH|510500.SH|512660.SH|512800.SH|512880.SH|512980.SH|513030.SH|513100.SH|513500.SH,-0.05957433455701895
2021,28,159851.SZ|159920.SZ|159928.SZ|159985.SZ|501018.SH|510500.SH|512100.SH|512880.SH|512890.SH|512980.SH|513500.SH|513880.SH|515210.SH|516150.SH|518880.SH,0.053699203239963265
2021,29,159825.SZ|159851.SZ|159852.SZ|159870.SZ|159949.SZ|510880.SH|512170.SH|512200.SH|512400.SH|512660.SH|512890.SH|512980.SH|513030.SH|513180.SH|515220.SH,0.3308390056645316
2021,30,159825.SZ|159869.SZ|159901.SZ|159920.SZ|159967.SZ|161226.SZ|510050.SH|510500.SH|512040.SH|512200.SH|512800.SH|512880.SH|513080.SH|513180.SH|516150.SH,-0.702034217166738
2021,31,159865.SZ|159915.SZ|159985.SZ|161226.SZ|501018.SH|510050.SH|510500.SH|512100.SH|512980.SH|513100.SH|513180.SH|513500.SH|515210.SH|515220.SH|515880.SH,0.7056516375470643
2021,32,159851.SZ|159852.SZ|159869.SZ|159980.SZ|510050.SH|512040.SH|512170.SH|512890.SH|513030.SH|513180.SH|513500.SH|515210.SH|515220.SH|515790.SH|518880.SH,0.4634519169765242
2021,33,159920.SZ|159949.SZ|159980.SZ|159985.SZ|510180.SH|510300.SH|510880.SH|512040.SH|512400.SH|512890.SH|513100.SH|513180.SH|513500.SH|515220.SH|515880.SH,0.4373511031732561
2021,34,159825.SZ|159865.SZ|159869.SZ|159928.SZ|159949.SZ|161226.SZ|164824.SZ|510880.SH|512170.SH|512800.SH|513080.SH|513180.SH|515220.SH|515880.SH|588000.SH,0.24142217672818816
2021,35,159865.SZ|159901.SZ|159915.SZ|159920.SZ|159928.SZ|159949.SZ|160644.SZ|501018.SH|510500.SH|510880.SH|513030.SH|513180.SH|515220.SH|516150.SH|588000.SH,0.9551795727446519
2021,36,159825.SZ|159869.SZ|159870.SZ|159967.SZ|159981.SZ|159985.SZ|510180.SH|510210.SH|510300.SH|512100.SH|512170.SH|512660.SH|515790.SH|515880.SH|518880.SH,-0.4016553934563461
2021,37,159825.SZ|159915.SZ|159928.SZ|159967.SZ|160644.SZ|501018.SH|512170.SH|512400.SH|512890.SH|512980.SH|513100.SH|515220.SH|515790.SH|515880.SH|588000.SH,1.3939084828165733
2021,38,159981.SZ|159985.SZ|161226.SZ|164824.SZ|510300.SH|512400.SH|512660.SH|512800.SH|512890.SH|512980.SH|513030.SH|513100.SH|515210.SH|516150.SH|518880.SH,0.6015420620897663
2021,39,159851.SZ|159915.SZ|159920.SZ|159967.SZ|161226.SZ|510050.SH|510180.SH|510210.SH|512100.SH|512200.SH|512660.SH|513180.SH|513880.SH|515880.SH|588000.SH,-0.6559858885358852
2021,40,159865.SZ|159920.SZ|159928.SZ|159949.SZ|160644.SZ|510180.SH|510500.SH|512400.SH|512800.SH|512890.SH|512980.SH|513080.SH|513500.SH|515880.SH|588000.SH,0.14397554505258822
2021,41,159852.SZ|159870.SZ|159901.SZ|159928.SZ|159949.SZ|510180.SH|510500.SH|512170.SH|512660.SH|512800.SH|512880.SH|512980.SH|513030.SH|516150.SH|588000.SH,-0.38957154690017276
2021,42,159851.SZ|159865.SZ|159869.SZ|159901.SZ|159915.SZ|164824.SZ|510210.SH|510500.SH|512660.SH|512980.SH|513180.SH|513500.SH|515220.SH|515790.SH|588000.SH,0.5760415318369532
2021,43,159825.SZ|159851.SZ|159870.SZ|159901.SZ|159967.SZ|159981.SZ|161226.SZ|164824.SZ|510050.SH|510180.SH|510880.SH|512880.SH|512890.SH|512980.SH|515790.SH,0.717813462266724
2021,44,159865.SZ|159870.SZ|159901.SZ|159949.SZ|159981.SZ|510210.SH|510500.SH|513100.SH|513180.SH|513500.SH|515220.SH|515790.SH|516150.SH|518880.SH|588000.SH,0.2171861819470672
2021,45,159825.SZ|159870.SZ|159901.SZ|159915.SZ|159928.SZ|159980.SZ|161226.SZ|501018.SH|512100.SH|512400.SH|513030.SH|513100.SH|513180.SH|513880.SH|515880.SH,-0.3371094247913513
2021,46,159852.SZ|159865.SZ|159870.SZ|160644.SZ|510180.SH|510210.SH|510300.SH|510880.SH|512040.SH|512100.SH|512200.SH|513180.SH|515210.SH|516150.SH|588000.SH,0.49319937188160007
2021,47,159825.SZ|159870.SZ|159920.SZ|159981.SZ|501018.SH|510050.SH|510180.SH|512400.SH|512880.SH|513080.SH|513100.SH|513880.SH|515210.SH|515790.SH|515880.SH,0.40309466788263204
2021,48,159851.SZ|159869.SZ|159915.SZ|160644.SZ|501018.SH|510050.SH|510210.SH|512100.SH|512400.SH|512980.SH|513030.SH|513180.SH|515210.SH|515220.SH|516150.SH,0.6795090313679419
2021,49,159865.SZ|159915.SZ|159967.SZ|161226.SZ|164824.SZ|510210.SH|510500.SH|510880.SH|512660.SH|512890.SH|513180.SH|513880.SH|515210.SH|515880.SH|588000.SH,0.33281505399019423
2021,50,159851.SZ|159852.SZ|159870.SZ|159981.SZ|159985.SZ|160644.SZ|161226.SZ|501018.SH|510300.SH|512880.SH|512890.SH|513030.SH|513100.SH|515220.SH|518880.SH,0.8097936558130315
2021,51,159825.SZ|159865.SZ|159920.SZ|159967.SZ|159980.SZ|510300.SH|512100.SH|512170.SH|512200.SH|512400.SH|512660.SH|513030.SH|513080.SH|513100.SH|588000.SH,0.11408140382595446
2021,52,159852.SZ|159869.SZ|159928.SZ|164824.SZ|501018.SH|510180.SH|510500.SH|512170.SH|512400.SH|512880.SH|512890.SH|513880.SH|515210.SH|515220.SH|516150.SH,0.3215039900410257
2021,53,159852.SZ|159949.SZ|159980.SZ|164824.SZ|510180.SH|512040.SH|512400.SH|512800.SH|512880.SH|512890.SH|513500.SH|515220.SH|515790.SH|515880.SH|516150.SH,1.0123156332884675
2021,54,159852.SZ|159920.SZ|159928.SZ|159967.SZ|159985.SZ|510050.SH|510210.SH|510300.SH|512800.SH|512980.SH|513030.SH|513180.SH|513500.SH|518880.SH|588000.SH,-1.3509942584446981
2021,55,159920.SZ|159928.SZ|159981.SZ|510180.SH|510300.SH|512100.SH|512200.SH|512400.SH|512660.SH|512800.SH|512890.SH|513500.SH|513880.SH|515790.SH|518880.SH,-0.48043911152582813
2021,56,159851.SZ|159915.SZ|159967.SZ|510300.SH|512040.SH|512100.SH|512400.SH|512660.SH|512890.SH|513030.SH|513080.SH|513180.SH|513880.SH|515790.SH|518880.SH,0.06866252635284963
2021,57,159825.SZ|159865.SZ|159870.SZ|159901.SZ|159980.SZ|159981.SZ|510500.SH|510880.SH|512880.SH|512890.SH|513500.SH|513880.SH|515220.SH|515880.SH|518880.SH,0.36031156032632916
2021,58,159851.SZ|159852.SZ|159870.SZ|159901.SZ|159920.SZ|159949.SZ|160644.SZ|510210.SH|512800.SH|513180.SH|513500.SH|515220.SH|515790.SH|516150.SH|588000.SH,0.5312034417195792
2021,59,159851.SZ|159865.SZ|159869.SZ|161226.SZ|164824.SZ|510050.SH|510300.SH|510500.SH|512200.SH|512880.SH|512980.SH|513500.SH|513880.SH|515220.SH|516150.SH,-0.022874058157805886
2021,60,159949.SZ|159981.SZ|160644.SZ|510050.SH|510300.SH|510880.SH|512100.SH|512890.SH|513030.SH|513100.SH|513180.SH|515210.SH|515220.SH|515790.SH|588000.SH,0.8637353871251957
2021,61,159851.SZ|159915.SZ|159980.SZ|160644.SZ|510050.SH|510210.SH|512170.SH|512400.SH|512660.SH|512980.SH|513030.SH|513080.SH|513180.SH|513500.SH|515790.SH,0.4024822181418379
2021,62,159825.SZ|159869.SZ|159915.SZ|159949.SZ|159980.SZ|164824.SZ|510050.SH|510500.SH|510880.SH|512200.SH|512400.SH|513500.SH|515220.SH|515880.SH|516150.SH,0.5636254140984341
2021,63,159949.SZ|159967.SZ|164824.SZ|501018.SH|510050.SH|510180.SH|510500.SH|510880.SH|512170.SH|512660.SH|512800.SH|512980.SH|513880.SH|515210.SH|515220.SH,0.49402268413393163
2021,64,159825.SZ|159851.SZ|159869.SZ|159901.SZ|159985.SZ|510210.SH|510300.SH|510880.SH|512400.SH|512800.SH|513080.SH|513500.SH|515210.SH|515880.SH|588000.SH,0.25435276756402514
2021,65,159865.SZ|159949.SZ|159985.SZ|160644.SZ|510050.SH|510500.SH|512100.SH|512660.SH|512800.SH|512980.SH|513080.SH|515210.SH|515220.SH|515880.SH|588000.SH,0.012770925400166853
2021,66,159851.SZ|159869.SZ|159915.SZ|159980.SZ|159985.SZ|501018.SH|510050.SH|510180.SH|512040.SH|512100.SH|513500.SH|513880.SH|515220.SH|515880.SH|518880.SH,0.6583302885633003
2021,67,159851.SZ|159852.SZ|159870.SZ|159915.SZ|159920.SZ|159985.SZ|510500.SH|512880.SH|512890.SH|512980.SH|513080.SH|513180.SH|515220.SH|516150.SH|518880.SH,-0.5618250437351866
2021,68,159949.SZ|159967.SZ|159985.SZ|161226.SZ|501018.SH|510300.SH|510500.SH|512100.SH|512170.SH|512200.SH|512880.SH|512890.SH|513100.SH|513500.SH|513880.SH,0.5596711353685965
2021,69,159870.SZ|159915.SZ|159920.SZ|159981.SZ|164824.SZ|510210.SH|512040.SH|512100.SH|512170.SH|512200.SH|512660.SH|512890.SH|513100.SH|515210.SH|515880.SH,1.0114521496399747
2021,70,159825.SZ|159901.SZ|159949.SZ|159967.SZ|159985.SZ|510050.SH|510500.SH|510880.SH|512040.SH|512660.SH|513030.SH|513180.SH|513880.SH|515880.SH|518880.SH,-0.7753783183858853
2021,71,159869.SZ|159949.SZ|159985.SZ|164824.SZ|501018.SH|510180.SH|510210.SH|510500.SH|512400.SH|512880.SH|512890.SH|513100.SH|513180.SH|513880.SH|515880.SH,0.9694632881428404
2021,72,159915.SZ|159949.SZ|159981.SZ|161226.SZ|510050.SH|512040.SH|512200.SH|512400.SH|512880.SH|512980.SH|513100.SH|513180.SH|513880.SH|515790.SH|518880.SH,0.025978812509221287
2021,73,159851.SZ|159852.SZ|159869.SZ|510300.SH|510880.SH|512100.SH|512200.SH|513030.SH|513100.SH|513500.SH|513880.SH|515790.SH|515880.SH|518880.SH|588000.SH,-0.9871547913574981
2021,74,159852.SZ|159865.SZ|159981.SZ|159985.SZ|161226.SZ|510050.SH|510500.SH|512400.SH|513100.SH|513180.SH|513500.SH|515210.SH|515880.SH|516150.SH|588000.SH,0.3015935412749878
2021,75,159851.SZ|159852.SZ|159870.SZ|159915.SZ|159928.SZ|159949.SZ|159967.SZ|159980.SZ|501018.SH|510050.SH|510180.SH|510210.SH|512100.SH|513500.SH|515880.SH,0.6003765047779008
2021,76,159851.SZ|159865.SZ|160644.SZ|501018.SH|510180.SH|510500.SH|510880.SH|512400.SH|512880.SH|512890.SH|513030.SH|513100.SH|513500.SH|513880.SH|518880.SH,0.39455920774124914
2021,77,159825.SZ|159869.SZ|159870.SZ|159915.SZ|159981.SZ|510050.SH|510210.SH|510500.SH|512200.SH|512800.SH|512880.SH|512980.SH|513030.SH|513100.SH|588000.SH,-0.16733546385616652
2021,78,159851.SZ|159852.SZ|159967.SZ|159981.SZ|160644.SZ|164824.SZ|501018.SH|510210.SH|513080.SH|513100.SH|513880.SH|515210.SH|515220.SH|516150.SH|588000.SH,0.8307556469957825
2021,79,159869.SZ|159870.SZ|159949.SZ|159985.SZ|501018.SH|510050.SH|510180.SH|510300.SH|510880.SH|512170.SH|512200.SH|512400.SH|512660.SH|512880.SH|513030.SH,0.13631402734784903
2021,80,159825.SZ|159852.SZ|160644.SZ|501018.SH|510050.SH|510180.SH|510300.SH|512040.SH|512400.SH|512880.SH|512890.SH|512980.SH|513080.SH|515210.SH|515880.SH,0.8060574607161424
2021,81,159851.SZ|159852.SZ|159928.SZ|159967.SZ|160644.SZ|164824.SZ|501018.SH|512170.SH|512660.SH|512980.SH|513180.SH|513500.SH|513880.SH|515790.SH|588000.SH,1.5435624157612662
2021,82,159825.SZ|159869.SZ|159901.SZ|159915.SZ|159920.SZ|159949.SZ|159980.SZ|160644.SZ|510180.SH|512100.SH|512660.SH|512890.SH|513030.SH|515790.SH|515880.SH,-0.010552430190114185
2021,83,159865.SZ|159869.SZ|159870.SZ|159928.SZ|159980.SZ|159985.SZ|160644.SZ|510180.SH|510210.SH|510880.SH|512660.SH|512880.SH|515220.SH|518880.SH|588000.SH,0.0010166644186728423
2021,84,159869.SZ|159870.SZ|159981.SZ|159985.SZ|161226.SZ|510180.SH|510300.SH|510500.SH|512400.SH|512660.SH|512800.SH|512890.SH|513080.SH|513100.SH|515880.SH,-0.024017876328878147
2021,85,159852.SZ|159869.SZ|159901.SZ|159985.SZ|512200.SH|512800.SH|512880.SH|512890.SH|513030.SH|513080.SH|513100.SH|513180.SH|513500.SH|513880.SH|588000.SH,-0.5816761925568907
2021,86,159825.SZ|159865.SZ|159928.SZ|510180.SH|510500.SH|512040.SH|512200.SH|512400.SH|512880.SH|512980.SH|513080.SH|513880.SH|515210.SH|515880.SH|516150.SH,0.09410874564152481
2021,87,159825.SZ|159869.SZ|159928.SZ|159949.SZ|161226.SZ|510180.SH|510210.SH|512880.SH|513080.SH|513180.SH|515790.SH|515880.SH|516150.SH|518880.SH|588000.SH,-0.9719636916836566
2021,88,159851.SZ|159869.SZ|159920.SZ|159980.SZ|164824.SZ|501018.SH|510210.SH|510500.SH|512100.SH|512200.SH|512400.SH|512660.SH|512980.SH|515880.SH|516150.SH,1.0743068882104274
2021,89,159825.SZ|159852.SZ|159901.SZ|159920.SZ|159928.SZ|159981.SZ|159985.SZ|160644.SZ|501018.SH|510300.SH|512040.SH|512100.SH|512800.SH|512980.SH|513030.SH,0.5883298940125736
2021,90,159870.SZ|159980.SZ|159981.SZ|159985.SZ|510180.SH|510210.SH|510880.SH|512040.SH|512400.SH|512880.SH|512890.SH|512980.SH|513030.SH|513500.SH|588000.SH,1.0098493842276188
2021,91,159852.SZ|159915.SZ|159949.SZ|159980.SZ|159981.SZ|164824.SZ|510180.SH|510210.SH|510880.SH|512100.SH|512200.SH|512400.SH|512800.SH|512980.SH|513500.SH,0.8340393375288307
2021,92,159869.SZ|159870.SZ|159901.SZ|159920.SZ|159967.SZ|161226.SZ|501018.SH|510500.SH|512100.SH|512400.SH|512980.SH|513080.SH|515220.SH|515880.SH|588000.SH,0.5215127522450345
2021,93,159825.SZ|159870.SZ|159901.SZ|159928.SZ|159949.SZ|164824.SZ|510050.SH|510180.SH|510210.SH|512040.SH|512100.SH|512170.SH|513100.SH|513500.SH|515880.SH,0.3998788799650624
2021,94,159869.SZ|159967.SZ|159985.SZ|161226.SZ|510210.SH|510880.SH|512040.SH|512100.SH|512880.SH|513080.SH|513180.SH|513880.SH|516150.SH|518880.SH|588000.SH,-0.4733718535614615
2021,95,159851.SZ|159928.SZ|159967.SZ|159981.SZ|159985.SZ|501018.SH|510300.SH|512100.SH|512980.SH|513030.SH|513080.SH|513180.SH|513500.SH|515790.SH|518880.SH,-0.13962111961976748
2021,96,159851.SZ|160644.SZ|161226.SZ|164824.SZ|510210.SH|510300.SH|512100.SH|512170.SH|512200.SH|512880.SH|513500.SH|515210.SH|515220.SH|515880.SH|518880.SH,-0.1458916982550596
2021,97,159825.SZ|159851.SZ|159869.SZ|159870.SZ|159920.SZ|159928.SZ|159949.SZ|159981.SZ|164824.SZ|512400.SH|513100.SH|513500.SH|515220.SH|515790.SH|518880.SH,-0.023902650965957017
2021,98,159869.SZ|159870.SZ|159901.SZ|159980.SZ|159985.SZ|160644.SZ|161226.SZ|164824.SZ|501018.SH|510180.SH|512200.SH|512880.SH|513100.SH|513500.SH|516150.SH,0.6921667666174668
2021,99,159825.SZ|159865.SZ|159920.SZ|159928.SZ|159949.SZ|161226.SZ|510050.SH|510300.SH|512040.SH|512200.SH|512400.SH|513100.SH|513500.SH|515880.SH|518880.SH,-0.16925072985367995
2021,100,159851.SZ|159870.SZ|159901.SZ|159928.SZ|159949.SZ|159980.SZ|510050.SH|510210.SH|510880.SH|512170.SH|512800.SH|512890.SH|513100.SH|515880.SH|588000.SH,0.4356577956381067
2022,1,159851.SZ|159865.SZ|159869.SZ|159901.SZ|159949.SZ|159980.SZ|159985.SZ|160644.SZ|501018.SH|510300.SH|510500.SH|512400.SH|512800.SH|512980.SH|513100.SH,-0.24734325975327173
2022,2,159611.SZ|159766.SZ|159825.SZ|159865.SZ|159915.SZ|160644.SZ|510210.SH|512170.SH|512660.SH|513070.SH|513880.SH|515790.SH|516150.SH|562500.SH|588000.SH,-2.4438682389356194
2022,3,159825.SZ|159869.SZ|159901.SZ|159928.SZ|159980.SZ|159985.SZ|160644.SZ|501018.SH|510050.SH|512400.SH|512890.SH|513070.SH|513080.SH|515880.SH|562500.SH,-0.6332973651444185
2022,4,159825.SZ|159851.SZ|159869.SZ|159928.SZ|159985.SZ|501018.SH|510050.SH|512100.SH|512400.SH|512890.SH|512980.SH|513070.SH|513080.SH|516150.SH|588000.SH,-0.472527186615253
2022,5,159901.SZ|159928.SZ|159981.SZ|501018.SH|510500.SH|510880.SH|512170.SH|512800.SH|512880.SH|512890.SH|513500.SH|515210.SH|515790.SH|516150.SH|562500.SH,-0.12891695233039105
2022,6,159865.SZ|159920.SZ|159949.SZ|159981.SZ|159985.SZ|161226.SZ|501018.SH|510050.SH|510180.SH|512890.SH|512980.SH|513180.SH|513880.SH|515220.SH|516150.SH,-0.5243232030648639
2022,7,159611.SZ|159852.SZ|159869.SZ|159928.SZ|159949.SZ|159967.SZ|160644.SZ|510210.SH|512800.SH|512980.SH|513030.SH|513100.SH|515220.SH|562500.SH|588000.SH,-1.7750595870221717
2022,8,159766.SZ|159796.SZ|159967.SZ|501018.SH|510180.SH|510500.SH|512200.SH|512400.SH|512660.SH|513080.SH|513180.SH|515790.SH|515880.SH|516150.SH|562500.SH,-0.6988887588045896
2022,9,159865.SZ|159949.SZ|159967.SZ|161226.SZ|510300.SH|510880.SH|512040.SH|512100.SH|512400.SH|512800.SH|512890.SH|513180.SH|513500.SH|513880.SH|588000.SH,-1.356674537646974
2022,10,159611.SZ|159766.SZ|159869.SZ|159870.SZ|159915.SZ|159967.SZ|159980.SZ|159985.SZ|160644.SZ|510180.SH|510210.SH|512100.SH|513080.SH|515220.SH|562500.SH,-0.8391648523054859
2022,11,159611.SZ|159852.SZ|159869.SZ|159920.SZ|159967.SZ|160644.SZ|510180.SH|510210.SH|512660.SH|512890.SH|513070.SH|513080.SH|515790.SH|562500.SH|588000.SH,-2.3125274371204636
2022,12,159796.SZ|159851.SZ|159920.SZ|159949.SZ|159985.SZ|501018.SH|510210.SH|512100.SH|512170.SH|513070.SH|513080.SH|513880.SH|515220.SH|516150.SH|588000.SH,-0.05214705677984464
2022,13,159611.SZ|159852.SZ|159865.SZ|159901.SZ|159915.SZ|159920.SZ|159981.SZ|164824.SZ|510050.SH|510210.SH|512800.SH|513030.SH|513100.SH|513880.SH|515880.SH,-1.054546009888798
2022,14,159611.SZ|159766.SZ|159915.SZ|159949.SZ|159985.SZ|510300.SH|512040.SH|512100.SH|512170.SH|512660.SH|512890.SH|513080.SH|515210.SH|515220.SH|518880.SH,-0.6824069640216052
2022,15,159796.SZ|159865.SZ|159869.SZ|159870.SZ|159901.SZ|159915.SZ|159920.SZ|159980.SZ|164824.SZ|510180.SH|512200.SH|512880.SH|513080.SH|515880.SH|588000.SH,-1.3678070481333875
2022,16,159766.SZ|159825.SZ|159901.SZ|159915.SZ|159980.SZ|161226.SZ|510180.SH|510300.SH|510500.SH|510880.SH|512400.SH|513030.SH|513100.SH|513180.SH|518880.SH,-0.9267881879720035
2022,17,159766.SZ|159796.SZ|159851.SZ|159985.SZ|164824.SZ|512100.SH|512170.SH|512400.SH|512980.SH|513030.SH|513100.SH|513500.SH|513880.SH|515220.SH|515790.SH,-0.1940956024228622
2022,18,159796.SZ|159825.SZ|159869.SZ|159870.SZ|159920.SZ|159967.SZ|159981.SZ|161226.SZ|510500.SH|512890.SH|512980.SH|513180.SH|513500.SH|515790.SH|562500.SH,-1.3263079144198544
2022,19,159611.SZ|159796.SZ|159852.SZ|159915.SZ|159928.SZ|159949.SZ|161226.SZ|164824.SZ|501018.SH|512170.SH|512400.SH|512980.SH|515880.SH|562500.SH|588000.SH,-1.4870805399692926
2022,20,159865.SZ|159928.SZ|159980.SZ|161226.SZ|501018.SH|510300.SH|512100.SH|512170.SH|512400.SH|512660.SH|513070.SH|513500.SH|513880.SH|515790.SH|588000.SH,-1.7043810148197363
2022,21,159766.SZ|159796.SZ|159825.SZ|159852.SZ|159869.SZ|159980.SZ|159981.SZ|164824.SZ|510210.SH|512200.SH|512400.SH|512800.SH|513030.SH|513180.SH|518880.SH,-0.5720540740555807
2022,22,159611.SZ|159766.SZ|159796.SZ|159851.SZ|164824.SZ|501018.SH|510050.SH|512100.SH|512400.SH|512800.SH|513030.SH|513080.SH|513100.SH|515220.SH|515790.SH,-0.14660427310732801
2022,23,159766.SZ|159796.SZ|159851.SZ|159920.SZ|159928.SZ|160644.SZ|510180.SH|510210.SH|510880.SH|512040.SH|512100.SH|512880.SH|512890.SH|512980.SH|513080.SH,-1.303925121089472
2022,24,159766.SZ|159825.SZ|159901.SZ|159967.SZ|159981.SZ|159985.SZ|510300.SH|510500.SH|512100.SH|512170.SH|512200.SH|512890.SH|512980.SH|513500.SH|588000.SH,-0.0960061464728901
2022,25,159766.SZ|159852.SZ|159915.SZ|159920.SZ|159967.SZ|164824.SZ|501018.SH|510500.SH|510880.SH|512170.SH|512200.SH|512660.SH|512800.SH|513500.SH|515210.SH,-0.7691078232695082
2022,26,159611.SZ|159825.SZ|159869.SZ|159901.SZ|159915.SZ|159928.SZ|159949.SZ|159980.SZ|501018.SH|512040.SH|513070.SH|513100.SH|515210.SH|515220.SH|516150.SH,-0.9653122452450765
2022,27,159869.SZ|159901.SZ|159915.SZ|159949.SZ|510050.SH|510210.SH|510500.SH|510880.SH|512100.SH|512200.SH|513030.SH|513080.SH|513100.SH|513880.SH|518880.SH,-1.4162465524863181
2022,28,159611.SZ|159825.SZ|159865.SZ|159870.SZ|159981.SZ|159985.SZ|161226.SZ|164824.SZ|510210.SH|510880.SH|512100.SH|512660.SH|513880.SH|515220.SH|588000.SH,-1.2247269622137928
2022,29,159851.SZ|159865.SZ|159869.SZ|159870.SZ|159915.SZ|159920.SZ|159928.SZ|159985.SZ|164824.SZ|512040.SH|512800.SH|513180.SH|513880.SH|518880.SH|562500.SH,-0.5313025479620828
2022,30,159869.SZ|159915.SZ|159985.SZ|510050.SH|510180.SH|510210.SH|512100.SH|512170.SH|512800.SH|512890.SH|513100.SH|513180.SH|513880.SH|515790.SH|516150.SH,-0.28838098612915675
2022,31,159869.SZ|159870.SZ|159928.SZ|159949.SZ|160644.SZ|161226.SZ|164824.SZ|510210.SH|512040.SH|513070.SH|513100.SH|513180.SH|513500.SH|515880.SH|518880.SH,-1.0121253894044213
2022,32,159611.SZ|159796.SZ|159825.SZ|159869.SZ|159870.SZ|159901.SZ|161226.SZ|510050.SH|512200.SH|512400.SH|512800.SH|512980.SH|513070.SH|513880.SH|562500.SH,-1.9087497573467918
2022,33,159611.SZ|159825.SZ|159852.SZ|159869.SZ|159967.SZ|501018.SH|510180.SH|512800.SH|512880.SH|513030.SH|513080.SH|513500.SH|515210.SH|515790.SH|515880.SH,-1.0812829475524968
2022,34,159766.SZ|159825.SZ|159852.SZ|159865.SZ|159967.SZ|159981.SZ|164824.SZ|501018.SH|510180.SH|510880.SH|512890.SH|512980.SH|513030.SH|562500.SH|588000.SH,-0.7239445132294315
2022,35,159796.SZ|159825.SZ|159920.SZ|159928.SZ|159949.SZ|159985.SZ|512100.SH|512170.SH|512400.SH|512660.SH|512880.SH|512980.SH|513100.SH|513880.SH|515880.SH,-0.9522275627557526
2022,36,159611.SZ|159869.SZ|159901.SZ|159920.SZ|510050.SH|510500.SH|510880.SH|512100.SH|512170.SH|512660.SH|512800.SH|513180.SH|513500.SH|515790.SH|516150.SH,-1.5618593739389013
2022,37,159766.SZ|159825.SZ|159869.SZ|159920.SZ|159949.SZ|159967.SZ|512400.SH|512660.SH|512890.SH|513030.SH|513070.SH|513080.SH|513100.SH|516150.SH|518880.SH,-1.4344955430787207
2022,38,159611.SZ|159825.SZ|159865.SZ|159869.SZ|159915.SZ|159920.SZ|159928.SZ|159985.SZ|510500.SH|512040.SH|513100.SH|513500.SH|515790.SH|518880.SH|588000.SH,-1.2313624189442924
2022,39,159611.SZ|159766.SZ|159851.SZ|159870.SZ|159901.SZ|159980.SZ|501018.SH|510180.SH|510500.SH|512100.SH|512660.SH|513080.SH|515210.SH|515220.SH|516150.SH,-1.1081086114642404
2022,40,159611.SZ|159901.SZ|159915.SZ|159920.SZ|159928.SZ|160644.SZ|161226.SZ|510050.SH|512040.SH|512200.SH|513070.SH|515210.SH|515790.SH|515880.SH|562500.SH,-1.683080863117192
2022,41,159611.SZ|159766.SZ|159851.SZ|159852.SZ|159870.SZ|159920.SZ|159928.SZ|159985.SZ|164824.SZ|510180.SH|512170.SH|512660.SH|513180.SH|513500.SH|516150.SH,-0.5959427202289485
2022,42,159865.SZ|159915.SZ|159928.SZ|159967.SZ|161226.SZ|501018.SH|510180.SH|510210.SH|510880.SH|512170.SH|512800.SH|512980.SH|513030.SH|513880.SH|515880.SH,-1.0001135779220447
2022,43,159611.SZ|159949.SZ|159981.SZ|510050.SH|510210.SH|512100.SH|512200.SH|512800.SH|512880.SH|512980.SH|513100.SH|515220.SH|515880.SH|516150.SH|588000.SH,-1.1268256364172335
2022,44,159766.SZ|159825.SZ|159852.SZ|159980.SZ|160644.SZ|510050.SH|510180.SH|512040.SH|512200.SH|512890.SH|512980.SH|515220.SH|515880.SH|562500.SH|588000.SH,-1.04317894101463
2022,45,159611.SZ|159949.SZ|159985.SZ|160644.SZ|161226.SZ|510050.SH|510180.SH|510880.SH|512170.SH|512200.SH|512660.SH|512890.SH|513080.SH|513880.SH|588000.SH,-0.8071425759373956
2022,46,159865.SZ|159915.SZ|159949.SZ|160644.SZ|161226.SZ|501018.SH|512400.SH|512660.SH|512890.SH|512980.SH|513070.SH|513080.SH|515790.SH|516150.SH|588000.SH,-1.589750563891275
2022,47,159766.SZ|159796.SZ|159865.SZ|159869.SZ|159928.SZ|159949.SZ|159980.SZ|159981.SZ|510180.SH|510300.SH|510500.SH|513880.SH|515880.SH|518880.SH|562500.SH,-0.9669187491400252
2022,48,159915.SZ|159949.SZ|161226.SZ|501018.SH|510300.SH|512100.SH|512170.SH|512200.SH|512400.SH|512800.SH|512980.SH|513100.SH|513500.SH|516150.SH|518880.SH,-0.05343916422266499
2022,49,159766.SZ|159967.SZ|159980.SZ|160644.SZ|510180.SH|510210.SH|512170.SH|512200.SH|512400.SH|512890.SH|515790.SH|516150.SH|518880.SH|562500.SH|588000.SH,-0.5206402978263083
2022,50,159611.SZ|159851.SZ|159852.SZ|159865.SZ|159869.SZ|159915.SZ|159985.SZ|512100.SH|512170.SH|512400.SH|513070.SH|513100.SH|513180.SH|513880.SH|515790.SH,-1.2713375594856762
2022,51,159825.SZ|159851.SZ|159852.SZ|159865.SZ|159869.SZ|159870.SZ|159981.SZ|510210.SH|510300.SH|512040.SH|512400.SH|512800.SH|515790.SH|515880.SH|518880.SH,-1.4177215364418179
2022,52,159825.SZ|159852.SZ|159928.SZ|159980.SZ|164824.SZ|501018.SH|510050.SH|510180.SH|512170.SH|512200.SH|513180.SH|513500.SH|515210.SH|562500.SH|588000.SH,-0.5718984410763784
2022,53,159611.SZ|159766.SZ|159851.SZ|159852.SZ|159915.SZ|159920.SZ|159985.SZ|164824.SZ|501018.SH|510500.SH|510880.SH|513080.SH|515790.SH|516150.SH|562500.SH,0.1470704743672065
2022,54,159825.SZ|159865.SZ|159870.SZ|159920.SZ|159980.SZ|160644.SZ|161226.SZ|501018.SH|510050.SH|510500.SH|512400.SH|512880.SH|513080.SH|513180.SH|515880.SH,-1.160649259091657
2022,55,159825.SZ|159865.SZ|159870.SZ|159901.SZ|159920.SZ|159928.SZ|159949.SZ|159981.SZ|159985.SZ|510300.SH|512170.SH|512400.SH|512980.SH|518880.SH|562500.SH,-0.47865808450907954
2022,56,159766.SZ|159869.SZ|159870.SZ|159920.SZ|159980.SZ|159981.SZ|161226.SZ|164824.SZ|510180.SH|510880.SH|512040.SH|512880.SH|513080.SH|513500.SH|516150.SH,-1.478426167876732
2022,57,159611.SZ|159766.SZ|159865.SZ|159870.SZ|159901.SZ|159949.SZ|159980.SZ|161226.SZ|510180.SH|510500.SH|512200.SH|512880.SH|513500.SH|515220.SH|516150.SH,-1.3026780819150854
2022,58,159870.SZ|159928.SZ|159981.SZ|510050.SH|510180.SH|510210.SH|510300.SH|512660.SH|512800.SH|512880.SH|513070.SH|515880.SH|518880.SH|562500.SH|588000.SH,-1.672309017045702
2022,59,159865.SZ|159915.SZ|159928.SZ|160644.SZ|510500.SH|510880.SH|512040.SH|512100.SH|512400.SH|513100.SH|515790.SH|516150.SH|518880.SH|562500.SH|588000.SH,-1.6620666522234206
2022,60,159901.SZ|159915.SZ|159981.SZ|159985.SZ|161226.SZ|510880.SH|512100.SH|512200.SH|512800.SH|513180.SH|513500.SH|513880.SH|518880.SH|562500.SH|588000.SH,0.04777505962911134
2022,61,159766.SZ|159825.SZ|159870.SZ|159949.SZ|159985.SZ|161226.SZ|164824.SZ|501018.SH|512660.SH|513100.SH|513880.SH|515210.SH|515220.SH|518880.SH|588000.SH,-0.3444035656155327
2022,62,159825.SZ|159920.SZ|159967.SZ|159981.SZ|159985.SZ|160644.SZ|164824.SZ|510300.SH|510500.SH|512660.SH|512880.SH|513080.SH|513100.SH|516150.SH|518880.SH,-0.20794621387643505
2022,63,159766.SZ|159852.SZ|159869.SZ|159920.SZ|159928.SZ|159949.SZ|161226.SZ|510300.SH|512400.SH|512980.SH|515210.SH|515790.SH|515880.SH|516150.SH|588000.SH,-2.168246943024518
2022,64,159611.SZ|159766.SZ|159796.SZ|159851.SZ|159869.SZ|159980.SZ|161226.SZ|501018.SH|512400.SH|512880.SH|512890.SH|512980.SH|513030.SH|513180.SH|515790.SH,-0.6655243496047111
2022,65,159766.SZ|159865.SZ|159949.SZ|159967.SZ|164824.SZ|510180.SH|510500.SH|510880.SH|512400.SH|512800.SH|512980.SH|513880.SH|515880.SH|518880.SH|588000.SH,-1.5471883316842328
2022,66,159611.SZ|159796.SZ|159851.SZ|159901.SZ|159915.SZ|159967.SZ|510300.SH|510500.SH|512170.SH|512660.SH|512800.SH|512890.SH|513030.SH|516150.SH|588000.SH,-1.6057626646861245
2022,67,159611.SZ|159825.SZ|159865.SZ|159869.SZ|501018.SH|510300.SH|512200.SH|512660.SH|512800.SH|512890.SH|512980.SH|513100.SH|513500.SH|516150.SH|562500.SH,-1.4236426951607402
2022,68,159825.SZ|159851.SZ|159865.SZ|159901.SZ|159949.SZ|159980.SZ|501018.SH|512100.SH|512660.SH|512800.SH|512980.SH|513030.SH|513080.SH|515220.SH|562500.SH,-1.049685612459884
2022,69,159825.SZ|159980.SZ|161226.SZ|510050.SH|510210.SH|510500.SH|510880.SH|512040.SH|512880.SH|513030.SH|513180.SH|513500.SH|515220.SH|515790.SH|588000.SH,-0.927436554972208
2022,70,159852.SZ|159869.SZ|159901.SZ|159967.SZ|159981.SZ|510180.SH|512170.SH|512200.SH|512890.SH|513070.SH|515220.SH|515790.SH|516150.SH|562500.SH|588000.SH,-0.6697399549215296
2022,71,159915.SZ|159928.SZ|159967.SZ|159981.SZ|164824.SZ|510050.SH|510300.SH|512040.SH|512400.SH|512800.SH|513030.SH|513080.SH|513100.SH|515210.SH|515220.SH,-0.49618854677665963
2022,72,159851.SZ|159967.SZ|159980.SZ|164824.SZ|510180.SH|510210.SH|512100.SH|512800.SH|513100.SH|513180.SH|513500.SH|515880.SH|516150.SH|562500.SH|588000.SH,-0.8738588439558276
2022,73,159766.SZ|159851.SZ|159870.SZ|159915.SZ|159920.SZ|159967.SZ|159980.SZ|160644.SZ|512170.SH|512400.SH|512890.SH|513500.SH|515210.SH|515220.SH|562500.SH,-0.7356513278057465
2022,74,159796.SZ|159825.SZ|159865.SZ|159967.SZ|159980.SZ|159981.SZ|161226.SZ|510210.SH|510300.SH|510880.SH|512170.SH|512400.SH|513070.SH|518880.SH|588000.SH,-0.6728733733308842
2022,75,159611.SZ|159796.SZ|159852.SZ|159865.SZ|159869.SZ|159870.SZ|159949.SZ|159985.SZ|512660.SH|512800.SH|512980.SH|513070.SH|513180.SH|513500.SH|515790.SH,-1.4614025938318869
2022,76,159851.SZ|159870.SZ|159920.SZ|159928.SZ|164824.SZ|510180.SH|510210.SH|510880.SH|512400.SH|512890.SH|512980.SH|513080.SH|513100.SH|515210.SH|515790.SH,-1.2742052941593518
2022,77,159611.SZ|159870.SZ|159915.SZ|159949.SZ|159981.SZ|510180.SH|510300.SH|512200.SH|512890.SH|513070.SH|513080.SH|513500.SH|515210.SH|515220.SH|515880.SH,-0.9848200365653392
2022,78,159611.SZ|159869.SZ|164824.SZ|501018.SH|510210.SH|510500.SH|510880.SH|512170.SH|512200.SH|513030.SH|513080.SH|513100.SH|513180.SH|515220.SH|515880.SH,-0.5699059379869782
2022,79,159852.SZ|159869.SZ|159901.SZ|159928.SZ|159949.SZ|510180.SH|510210.SH|512040.SH|512400.SH|512880.SH|512890.SH|513070.SH|513180.SH|515210.SH|562500.SH,-2.1133410105629844
2022,80,159611.SZ|159766.SZ|159851.SZ|159915.SZ|159920.SZ|159985.SZ|501018.SH|512170.SH|512660.SH|513070.SH|515210.SH|515880.SH|518880.SH|562500.SH|588000.SH,-0.6831135737967623
2022,81,159796.SZ|159865.SZ|159869.SZ|159967.SZ|160644.SZ|510180.SH|512660.SH|512890.SH|513030.SH|513070.SH|513100.SH|513500.SH|515210.SH|518880.SH|588000.SH,-1.4452498702910948
2022,82,159766.SZ|159851.SZ|159920.SZ|159980.SZ|160644.SZ|510500.SH|510880.SH|512100.SH|512800.SH|513030.SH|513500.SH|515220.SH|515790.SH|515880.SH|518880.SH,-0.5387138634541334
2022,83,159865.SZ|159901.SZ|159915.SZ|159967.SZ|501018.SH|510300.SH|510500.SH|512040.SH|512170.SH|512400.SH|512660.SH|513030.SH|515880.SH|518880.SH|588000.SH,-1.1211057487699267
2022,84,159825.SZ|159865.SZ|159901.SZ|159980.SZ|160644.SZ|161226.SZ|501018.SH|510210.SH|512100.SH|512660.SH|513100.SH|513180.SH|515220.SH|518880.SH|562500.SH,-0.5728608345706558
2022,85,159766.SZ|159851.SZ|159869.SZ|159928.SZ|159949.SZ|159980.SZ|510180.SH|510880.SH|512100.SH|512200.SH|512660.SH|512880.SH|513100.SH|515220.SH|518880.SH,-0.6199887019102496
2022,86,159796.SZ|159852.SZ|159869.SZ|159870.SZ|159915.SZ|159920.SZ|159928.SZ|159949.SZ|512100.SH|513070.SH|513500.SH|515210.SH|516150.SH|518880.SH|588000.SH,-1.9568318498625437
2022,87,159869.SZ|159920.SZ|159981.SZ|164824.SZ|510050.SH|510500.SH|510880.SH|512040.SH|512170.SH|512660.SH|512880.SH|513080.SH|513500.SH|518880.SH|562500.SH,-0.8921055715113129
2022,88,159766.SZ|159796.SZ|159869.SZ|159870.SZ|159980.SZ|159981.SZ|161226.SZ|501018.SH|512100.SH|512890.SH|513080.SH|513100.SH|513500.SH|516150.SH|588000.SH,-1.100331096998413
2022,89,159766.SZ|159825.SZ|159869.SZ|159915.SZ|159928.SZ|159949.SZ|501018.SH|510300.SH|513100.SH|513500.SH|515220.SH|515790.SH|515880.SH|518880.SH|588000.SH,-0.6893504363995118
2022,90,159611.SZ|159796.SZ|159869.SZ|159901.SZ|159928.SZ|164824.SZ|510050.SH|510300.SH|510500.SH|512200.SH|512800.SH|512890.SH|513030.SH|513880.SH|518880.SH,-0.9700547371507945
2022,91,159611.SZ|159825.SZ|159851.SZ|159949.SZ|159967.SZ|159985.SZ|510300.SH|510500.SH|512040.SH|512400.SH|512660.SH|512800.SH|512880.SH|512890.SH|513080.SH,-1.1234700689406183
2022,92,159869.SZ|159870.SZ|159915.SZ|159985.SZ|164824.SZ|501018.SH|510210.SH|510880.SH|512170.SH|512980.SH|513070.SH|515210.SH|518880.SH|562500.SH|588000.SH,0.32218647023843855
2022,93,159796.SZ|159928.SZ|159967.SZ|159985.SZ|164824.SZ|510300.SH|510880.SH|512040.SH|512100.SH|512170.SH|512800.SH|512980.SH|513030.SH|513080.SH|513880.SH,-0.13750610410160038
2022,94,159796.SZ|159851.SZ|159865.SZ|159870.SZ|159928.SZ|159967.SZ|510050.SH|512040.SH|512100.SH|512200.SH|512660.SH|512880.SH|512890.SH|515210.SH|588000.SH,-1.7021802337643817
2022,95,159611.SZ|159851.SZ|159869.SZ|159928.SZ|159949.SZ|160644.SZ|164824.SZ|510050.SH|512040.SH|512100.SH|512800.SH|512980.SH|513080.SH|515210.SH|562500.SH,-1.7092114207937876
2022,96,159611.SZ|159915.SZ|159949.SZ|159981.SZ|161226.SZ|510050.SH|512040.SH|512170.SH|512200.SH|512400.SH|512660.SH|512890.SH|512980.SH|516150.SH|518880.SH,-1.0369636134284879
2022,97,159611.SZ|159796.SZ|159852.SZ|159915.SZ|159920.SZ|159949.SZ|159985.SZ|160644.SZ|161226.SZ|512400.SH|512800.SH|513080.SH|515210.SH|515220.SH|518880.SH,-0.14539125553897694
2022,98,159611.SZ|159852.SZ|159901.SZ|160644.SZ|510500.SH|512200.SH|512400.SH|512800.SH|513080.SH|513180.SH|513500.SH|513880.SH|515220.SH|515790.SH|518880.SH,-0.6171058759354907
2022,99,159825.SZ|159920.SZ|159928.SZ|159967.SZ|160644.SZ|510050.SH|510210.SH|510880.SH|512660.SH|512880.SH|513880.SH|515790.SH|515880.SH|516150.SH|562500.SH,-2.0929069930842634
2022,100,159611.SZ|159825.SZ|159865.SZ|159869.SZ|159901.SZ|159915.SZ|159980.SZ|159981.SZ|510880.SH|512170.SH|512660.SH|512800.SH|512980.SH|513030.SH|515790.SH,-1.5942299574531744
2023,1,159920.SZ|159980.SZ|164824.SZ|510210.SH|510500.SH|512040.SH|512100.SH|512170.SH|513100.SH|513120.SH|513180.SH|513290.SH|515790.SH|562500.SH|588000.SH,0.1866654104217652
2023,2,159825.SZ|159915.SZ|159981.SZ|160644.SZ|164824.SZ|510210.SH|510880.SH|512100.SH|512170.SH|512400.SH|512660.SH|513290.SH|513500.SH|515790.SH|588000.SH,-0.0058835553235003285
2023,3,159611.SZ|159796.SZ|159870.SZ|159920.SZ|161226.SZ|501018.SH|510180.SH|510300.SH|512040.SH|512980.SH|513120.SH|513290.SH|515880.SH|518880.SH|588200.SH,-0.37153853688982247
2023,4,159766.SZ|159852.SZ|159865.SZ|159870.SZ|159920.SZ|161226.SZ|510300.SH|512040.SH|512100.SH|513030.SH|513100.SH|513120.SH|513290.SH|513310.SH|513500.SH,-0.4989883340281996
2023,5,159687.SZ|159796.SZ|159865.SZ|159920.SZ|164824.SZ|512660.SH|512880.SH|512980.SH|513080.SH|513120.SH|513880.SH|515220.SH|515790.SH|562500.SH|588200.SH,-0.19400748714180563
2023,6,159796.SZ|159865.SZ|159869.SZ|159901.SZ|159915.SZ|159985.SZ|510180.SH|510300.SH|512100.SH|513030.SH|513310.SH|515210.SH|515220.SH|515880.SH|516150.SH,-0.38517094209154407
2023,7,159687.SZ|159766.SZ|159796.SZ|159870.SZ|159928.SZ|164824.SZ|512200.SH|512800.SH|513100.SH|513120.SH|513180.SH|513290.SH|513880.SH|515210.SH|515880.SH,0.6134236227661937
2023,8,159901.SZ|159920.SZ|159980.SZ|510180.SH|510300.SH|512100.SH|512170.SH|513070.SH|513080.SH|513120.SH|513180.SH|515220.SH|515790.SH|516150.SH|588000.SH,-1.9237635139041087
2023,9,159851.SZ|159870.SZ|159920.SZ|159928.SZ|159985.SZ|161226.SZ|164824.SZ|510050.SH|510210.SH|510300.SH|512880.SH|512980.SH|513180.SH|515220.SH|518880.SH,-0.3094665974441277
2023,10,159851.SZ|159865.SZ|159901.SZ|159928.SZ|159980.SZ|160644.SZ|510050.SH|510500.SH|510880.SH|512100.SH|512170.SH|512660.SH|512800.SH|513100.SH|513310.SH,-0.5361530713380885
2023,11,159869.SZ|159901.SZ|159981.SZ|164824.SZ|510210.SH|510500.SH|512170.SH|512200.SH|512800.SH|512880.SH|512890.SH|513120.SH|513290.SH|515880.SH|588200.SH,0.8162084963917529
2023,12,159766.SZ|159796.SZ|159967.SZ|160644.SZ|510180.SH|512660.SH|512980.SH|513100.SH|513120.SH|513880.SH|515210.SH|515220.SH|516150.SH|562500.SH|588200.SH,-0.6451622168412798
2023,13,159870.SZ|159967.SZ|159980.SZ|159985.SZ|164824.SZ|510050.SH|512100.SH|512170.SH|512660.SH|512890.SH|512980.SH|513030.SH|513310.SH|515220.SH|515880.SH,0.7091485891168807
2023,14,159611.SZ|159766.SZ|159825.SZ|159901.SZ|159915.SZ|159949.SZ|160644.SZ|161226.SZ|501018.SH|510500.SH|512100.SH|513070.SH|513120.SH|516150.SH|588200.SH,-2.019165047794959
2023,15,159796.SZ|159825.SZ|159870.SZ|159980.SZ|159981.SZ|161226.SZ|510500.SH|512100.SH|512660.SH|512800.SH|512890.SH|513070.SH|513080.SH|513310.SH|515220.SH,-1.545271211897314
2023,16,159766.SZ|159901.SZ|159915.SZ|159920.SZ|159928.SZ|159967.SZ|159981.SZ|161226.SZ|512980.SH|513030.SH|513120.SH|513310.SH|513500.SH|515210.SH|515220.SH,-0.9878626498545101
2023,17,159851.SZ|159865.SZ|159901.SZ|159915.SZ|159920.SZ|159967.SZ|510050.SH|510180.SH|510880.SH|512400.SH|512660.SH|513120.SH|515210.SH|562500.SH|588200.SH,-1.5959777272434292
2023,18,159796.SZ|159825.SZ|159870.SZ|159928.SZ|159985.SZ|160644.SZ|512200.SH|512880.SH|513030.SH|513070.SH|513180.SH|513290.SH|518880.SH|562500.SH|588000.SH,-0.8504529489342875
2023,19,159687.SZ|159766.SZ|159869.SZ|510050.SH|510180.SH|510300.SH|510880.SH|512040.SH|512660.SH|512800.SH|512890.SH|513180.SH|515220.SH|515880.SH|516150.SH,-0.49517411328578814
2023,20,159611.SZ|159766.SZ|159870.SZ|159981.SZ|159985.SZ|160644.SZ|501018.SH|510880.SH|512800.SH|513030.SH|513310.SH|513880.SH|515220.SH|515790.SH|562500.SH,-0.1889679223058986
2023,21,161226.SZ|510050.SH|510300.SH|510500.SH|510880.SH|512100.SH|512170.SH|512800.SH|512880.SH|513100.SH|513120.SH|513290.SH|513500.SH|515790.SH|518880.SH,-0.11318064450436198
2023,22,159687.SZ|159869.SZ|159870.SZ|159985.SZ|501018.SH|510050.SH|510180.SH|510210.SH|512170.SH|513030.SH|513070.SH|513100.SH|513120.SH|513290.SH|515210.SH,0.3429256186296147
2023,23,159766.SZ|159825.SZ|159870.SZ|160644.SZ|164824.SZ|510300.SH|510500.SH|510880.SH|512100.SH|512800.SH|513880.SH|515790.SH|518880.SH|588000.SH|588200.SH,0.28113649356791975
2023,24,159766.SZ|159869.SZ|159928.SZ|159949.SZ|160644.SZ|512800.SH|512890.SH|512980.SH|513080.SH|513100.SH|513180.SH|513290.SH|513310.SH|515790.SH|588200.SH,-0.11419220333178069
2023,25,159825.SZ|159852.SZ|159870.SZ|159915.SZ|159949.SZ|159980.SZ|159985.SZ|510210.SH|512100.SH|512890.SH|513290.SH|513500.SH|515210.SH|515790.SH|588000.SH,-0.7606682092326249
2023,26,159611.SZ|159766.SZ|159851.SZ|159967.SZ|159980.SZ|159981.SZ|161226.SZ|510180.SH|512100.SH|512400.SH|513290.SH|513310.SH|513500.SH|515880.SH|518880.SH,-0.3457934635701586
2023,27,159611.SZ|159687.SZ|159980.SZ|510210.SH|512040.SH|512100.SH|512890.SH|513070.SH|513100.SH|513180.SH|513310.SH|515210.SH|515790.SH|518880.SH|588000.SH,0.1570987002334497
2023,28,159869.SZ|159901.SZ|159949.SZ|159980.SZ|160644.SZ|510500.SH|512040.SH|512890.SH|513030.SH|513100.SH|513120.SH|513880.SH|516150.SH|518880.SH|562500.SH,0.11961180868635217
2023,29,159825.SZ|159865.SZ|159915.SZ|159949.SZ|159967.SZ|510300.SH|510500.SH|512660.SH|513080.SH|513100.SH|513120.SH|513310.SH|515790.SH|562500.SH|588000.SH,-1.0410678475512087
2023,30,159766.SZ|159869.SZ|159901.SZ|159920.SZ|159949.SZ|159980.SZ|501018.SH|510500.SH|510880.SH|512880.SH|513120.SH|515210.SH|515880.SH|588000.SH|588200.SH,-0.4826722812885196
2023,31,159766.SZ|159796.SZ|159869.SZ|159870.SZ|159928.SZ|159967.SZ|512040.SH|512100.SH|512200.SH|512400.SH|512660.SH|513080.SH|515220.SH|515790.SH|518880.SH,-1.9012979905870127
2023,32,159796.SZ|159870.SZ|159980.SZ|160644.SZ|161226.SZ|510050.SH|510210.SH|510500.SH|512040.SH|512170.SH|512890.SH|513030.SH|513070.SH|513120.SH|513290.SH,-0.7934680096090041
2023,33,159851.SZ|159852.SZ|159870.SZ|159915.SZ|159949.SZ|510210.SH|510880.SH|512040.SH|512880.SH|512890.SH|513310.SH|515210.SH|515220.SH|515880.SH|518880.SH,-0.7517880120385423
2023,34,159687.SZ|159851.SZ|159852.SZ|159901.SZ|159915.SZ|159920.SZ|510180.SH|510300.SH|512890.SH|513070.SH|513100.SH|513180.SH|515790.SH|562500.SH|588000.SH,-0.5854712493305451
2023,35,159825.SZ|159851.SZ|159870.SZ|160644.SZ|161226.SZ|512040.SH|512200.SH|512400.SH|512800.SH|512880.SH|513290.SH|513880.SH|515210.SH|515790.SH|515880.SH,-0.3554982426551133
2023,36,159825.SZ|159865.SZ|159928.SZ|159985.SZ|510050.SH|510210.SH|510500.SH|510880.SH|512100.SH|512890.SH|513070.SH|513120.SH|513180.SH|513290.SH|516150.SH,-0.31016010769884383
2023,37,159687.SZ|159851.SZ|159949.SZ|159980.SZ|160644.SZ|501018.SH|510210.SH|510880.SH|512100.SH|512200.SH|512660.SH|512800.SH|512880.SH|513070.SH|513120.SH,-0.7559498189223328
2023,38,159796.SZ|159901.SZ|159928.SZ|159949.SZ|159980.SZ|160644.SZ|161226.SZ|510210.SH|510500.SH|512200.SH|512880.SH|512890.SH|513100.SH|513290.SH|562500.SH,-0.582725517483605
2023,39,159766.SZ|159851.SZ|159967.SZ|161226.SZ|164824.SZ|510180.SH|512040.SH|512170.SH|512660.SH|512980.SH|513500.SH|513880.SH|515210.SH|516150.SH|588000.SH,-0.7498895784208381
2023,40,159611.SZ|159851.SZ|159865.SZ|159869.SZ|159870.SZ|159928.SZ|159980.SZ|161226.SZ|510300.SH|512170.SH|512400.SH|513080.SH|513500.SH|518880.SH|588200.SH,-1.2857901953728206
2023,41,159766.SZ|159852.SZ|159901.SZ|164824.SZ|510500.SH|510880.SH|512100.SH|512170.SH|512200.SH|512980.SH|513180.SH|515790.SH|518880.SH|562500.SH|588200.SH,-0.34750245061716933
2023,42,159611.SZ|159687.SZ|159981.SZ|510050.SH|510180.SH|510880.SH|512040.SH|512100.SH|512170.SH|512800.SH|512890.SH|513030.SH|513080.SH|513310.SH|516150.SH,0.300963718299313
2023,43,159611.SZ|159851.SZ|159901.SZ|159920.SZ|159967.SZ|159980.SZ|510050.SH|510210.SH|510300.SH|510880.SH|512800.SH|512880.SH|512890.SH|513180.SH|513310.SH,-0.9192063611795985
2023,44,159611.SZ|159766.SZ|159796.SZ|159851.SZ|159870.SZ|159980.SZ|159981.SZ|160644.SZ|510180.SH|510210.SH|510300.SH|512170.SH|512800.SH|513100.SH|588200.SH,-0.8452706300944415
2023,45,159870.SZ|159967.SZ|501018.SH|510300.SH|512800.SH|512880.SH|512890.SH|513100.SH|513310.SH|513500.SH|515220.SH|515880.SH|516150.SH|518880.SH|588000.SH,0.7055888912099322
2023,46,159851.SZ|159869.SZ|159915.SZ|159920.SZ|159967.SZ|159985.SZ|510180.SH|512200.SH|512400.SH|512800.SH|512890.SH|515210.SH|515880.SH|562500.SH|588000.SH,-0.638880919992367
2023,47,159687.SZ|159796.SZ|159851.SZ|159869.SZ|159870.SZ|159967.SZ|159981.SZ|510180.SH|512040.SH|512100.SH|512170.SH|512980.SH|513290.SH|515790.SH|562500.SH,-0.0016748879802339033
2023,48,159687.SZ|159796.SZ|159825.SZ|159851.SZ|159870.SZ|159949.SZ|510050.SH|512100.SH|512880.SH|512980.SH|513030.SH|513120.SH|515220.SH|515790.SH|518880.SH,-0.7973299314914462
2023,49,159611.SZ|159766.SZ|159851.SZ|159852.SZ|159865.SZ|159920.SZ|159949.SZ|159980.SZ|501018.SH|510050.SH|510500.SH|513180.SH|513290.SH|515220.SH|516150.SH,-1.774565212926016
2023,50,159766.SZ|159851.SZ|159980.SZ|160644.SZ|510300.SH|512170.SH|512660.SH|512890.SH|512980.SH|513070.SH|515210.SH|515790.SH|515880.SH|518880.SH|588000.SH,-1.2460141824095408
2023,51,159766.SZ|159901.SZ|159949.SZ|159967.SZ|159981.SZ|510180.SH|510500.SH|512170.SH|512660.SH|512800.SH|513290.SH|513310.SH|515220.SH|515790.SH|515880.SH,-0.8383322360201413
2023,52,159687.SZ|159928.SZ|160644.SZ|501018.SH|510500.SH|512170.SH|512400.SH|512980.SH|513080.SH|513100.SH|513290.SH|515790.SH|515880.SH|588000.SH|588200.SH,0.2660479107218548
2023,53,159611.SZ|159687.SZ|159851.SZ|159865.SZ|159901.SZ|159920.SZ|164824.SZ|510500.SH|512100.SH|512880.SH|513080.SH|513120.SH|513290.SH|518880.SH|562500.SH,0.257190569370005
2023,54,159865.SZ|159915.SZ|159928.SZ|159949.SZ|510180.SH|510210.SH|510300.SH|512880.SH|512890.SH|512980.SH|513080.SH|513100.SH|515210.SH|516150.SH|518880.SH,-0.35203982131200795
2023,55,159825.SZ|159851.SZ|159901.SZ|159981.SZ|161226.SZ|510050.SH|512040.SH|512100.SH|512170.SH|512400.SH|512660.SH|512880.SH|512980.SH|513030.SH|513290.SH,-1.1207309127844451
2023,56,159687.SZ|159915.SZ|159980.SZ|160644.SZ|164824.SZ|510050.SH|510210.SH|510500.SH|512100.SH|512880.SH|513080.SH|513180.SH|513880.SH|515220.SH|518880.SH,0.18166971937105397
2023,57,159852.SZ|159865.SZ|159949.SZ|159967.SZ|159981.SZ|510180.SH|510500.SH|512100.SH|512660.SH|512800.SH|513120.SH|513180.SH|513500.SH|513880.SH|516150.SH,-0.4710316529843773
2023,58,159611.SZ|159852.SZ|159928.SZ|159967.SZ|510180.SH|510300.SH|510880.SH|512100.SH|512890.SH|513100.SH|513180.SH|513310.SH|515790.SH|515880.SH|562500.SH,-0.5450646780585211
2023,59,159687.SZ|159920.SZ|160644.SZ|164824.SZ|510180.SH|510210.SH|510880.SH|512040.SH|512170.SH|512400.SH|512890.SH|513080.SH|562500.SH|588000.SH|588200.SH,0.11251766137141168
2023,60,159796.SZ|160644.SZ|510050.SH|512100.SH|512200.SH|512880.SH|512890.SH|513030.SH|513070.SH|513080.SH|513100.SH|513500.SH|515880.SH|562500.SH|588200.SH,0.29661071301711345
2023,61,159796.SZ|159870.SZ|159915.SZ|159928.SZ|159981.SZ|510500.SH|510880.SH|512400.SH|512890.SH|512980.SH|513030.SH|513310.SH|513500.SH|515220.SH|516150.SH,-0.169360544065636
2023,62,159687.SZ|159852.SZ|159901.SZ|159915.SZ|159928.SZ|161226.SZ|510050.SH|512800.SH|512880.SH|513070.SH|513180.SH|513500.SH|515790.SH|562500.SH|588200.SH,-0.8328659270948525
2023,63,159852.SZ|159870.SZ|159920.SZ|159967.SZ|159985.SZ|501018.SH|512800.SH|512890.SH|513080.SH|513100.SH|513500.SH|515220.SH|515790.SH|518880.SH|588200.SH,0.4714868049357274
2023,64,159611.SZ|159870.SZ|159915.SZ|159981.SZ|501018.SH|510300.SH|510880.SH|512170.SH|512800.SH|513030.SH|513070.SH|513120.SH|513180.SH|515210.SH|515790.SH,-0.912270094072038
2023,65,159611.SZ|159825.SZ|159869.SZ|159870.SZ|159949.SZ|159981.SZ|159985.SZ|160644.SZ|161226.SZ|510500.SH|512100.SH|513500.SH|515210.SH|515220.SH|516150.SH,-1.0821279202851006
2023,66,159851.SZ|159865.SZ|159901.SZ|159915.SZ|159985.SZ|160644.SZ|510210.SH|512040.SH|513030.SH|513310.SH|515210.SH|515880.SH|518880.SH|562500.SH|588000.SH,0.26461981127247847
2023,67,159611.SZ|159687.SZ|159796.SZ|159825.SZ|159981.SZ|510300.SH|510880.SH|512040.SH|512100.SH|512660.SH|512880.SH|513080.SH|515210.SH|516150.SH|518880.SH,-1.094489867282557
2023,68,159611.SZ|159687.SZ|159796.SZ|159949.SZ|159980.SZ|159981.SZ|159985.SZ|160644.SZ|161226.SZ|510180.SH|512040.SH|512800.SH|513080.SH|515880.SH|518880.SH,-0.1413753948281252
2023,69,159766.SZ|159869.SZ|159870.SZ|161226.SZ|510300.SH|512040.SH|512200.SH|512890.SH|513030.SH|513070.SH|513080.SH|513120.SH|513290.SH|515880.SH|588000.SH,-0.048926014415959465
2023,70,159687.SZ|159825.SZ|159869.SZ|159949.SZ|161226.SZ|510050.SH|512040.SH|512880.SH|513100.SH|513180.SH|513310.SH|513500.SH|515220.SH|518880.SH|588200.SH,0.24784699940853036
2023,71,159611.SZ|159915.SZ|159980.SZ|501018.SH|510180.SH|510210.SH|510300.SH|510500.SH|512100.SH|512400.SH|512800.SH|513310.SH|515220.SH|515790.SH|515880.SH,-1.6248590828982628
2023,72,159687.SZ|159766.SZ|159851.SZ|159865.SZ|159901.SZ|159928.SZ|159981.SZ|510300.SH|512800.SH|512880.SH|512890.SH|512980.SH|513310.SH|516150.SH|588000.SH,-0.44595526869624175
2023,73,159825.SZ|159852.SZ|159869.SZ|159981.SZ|159985.SZ|510300.SH|512200.SH|512800.SH|512880.SH|512890.SH|512980.SH|513080.SH|513180.SH|515880.SH|588000.SH,-0.19143134998826758
2023,74,159851.SZ|159865.SZ|159920.SZ|159949.SZ|159985.SZ|510210.SH|512100.SH|512200.SH|512980.SH|513080.SH|513500.SH|515210.SH|515220.SH|516150.SH|562500.SH,-0.8126888756896489
2023,75,159825.SZ|159869.SZ|159915.SZ|159928.SZ|159967.SZ|160644.SZ|164824.SZ|512660.SH|512800.SH|512880.SH|513030.SH|513070.SH|513100.SH|513500.SH|515790.SH,-0.07333408534927344
2023,76,159796.SZ|159851.SZ|159915.SZ|159928.SZ|159949.SZ|501018.SH|510050.SH|510300.SH|512200.SH|513180.SH|513310.SH|515210.SH|515880.SH|588000.SH|588200.SH,-0.7347900596642728
2023,77,159687.SZ|159901.SZ|159967.SZ|160644.SZ|501018.SH|510210.SH|512100.SH|512170.SH|512800.SH|512980.SH|513030.SH|513070.SH|513080.SH|513100.SH|588000.SH,0.2891855525323064
2023,78,159967.SZ|164824.SZ|510300.SH|512040.SH|512400.SH|512880.SH|512980.SH|513030.SH|513180.SH|513500.SH|515210.SH|515790.SH|515880.SH|516150.SH|518880.SH,0.3529119362417434
2023,79,159766.SZ|159796.SZ|159852.SZ|159901.SZ|159980.SZ|160644.SZ|510050.SH|512200.SH|512400.SH|512800.SH|512880.SH|513100.SH|515220.SH|515880.SH|518880.SH,-0.5631995166089576
2023,80,159766.SZ|159870.SZ|159901.SZ|159967.SZ|159981.SZ|510300.SH|510880.SH|512100.SH|512170.SH|512800.SH|513070.SH|513100.SH|513120.SH|515210.SH|518880.SH,-0.37538525869083134
2023,81,159611.SZ|159865.SZ|159915.SZ|159920.SZ|159980.SZ|161226.SZ|510050.SH|510300.SH|512400.SH|512980.SH|513030.SH|513070.SH|513290.SH|513500.SH|588000.SH,-1.1020249519559746
2023,82,159687.SZ|159870.SZ|159928.SZ|159985.SZ|164824.SZ|510050.SH|510180.SH|510210.SH|510500.SH|510880.SH|512400.SH|512880.SH|513070.SH|515880.SH|518880.SH,0.3008606046248142
2023,83,159611.SZ|159687.SZ|159766.SZ|159915.SZ|159920.SZ|501018.SH|510300.SH|512100.SH|512170.SH|512200.SH|513120.SH|513310.SH|515210.SH|516150.SH|588200.SH,-0.9827000760733606
2023,84,159611.SZ|159766.SZ|159852.SZ|159901.SZ|159920.SZ|159949.SZ|161226.SZ|510210.SH|510300.SH|510880.SH|512040.SH|512100.SH|512660.SH|512980.SH|515880.SH,-1.5288664685436042
2023,85,159920.SZ|159928.SZ|159981.SZ|161226.SZ|164824.SZ|510210.SH|510880.SH|512040.SH|512660.SH|513030.SH|513310.SH|513500.SH|515210.SH|515790.SH|518880.SH,-0.20335010178996782
2023,86,159687.SZ|159915.SZ|159928.SZ|159949.SZ|159980.SZ|160644.SZ|164824.SZ|510500.SH|512040.SH|512100.SH|512400.SH|513120.SH|513500.SH|515210.SH|515880.SH,-0.48882071491695084
2023,87,159796.SZ|159851.SZ|159852.SZ|159869.SZ|159901.SZ|161226.SZ|510180.SH|512040.SH|512200.SH|512400.SH|513070.SH|513310.SH|515210.SH|515220.SH|588000.SH,-1.65487627208244
2023,88,159796.SZ|159852.SZ|159869.SZ|159870.SZ|159949.SZ|159981.SZ|160644.SZ|164824.SZ|510050.SH|512100.SH|513030.SH|513120.SH|515210.SH|515220.SH|515790.SH,-0.06142610234800772
2023,89,159851.SZ|159901.SZ|159915.SZ|160644.SZ|164824.SZ|501018.SH|510180.SH|512100.SH|513080.SH|513100.SH|513180.SH|513290.SH|516150.SH|518880.SH|588000.SH,0.2362943747260215
2023,90,159687.SZ|159915.SZ|159981.SZ|159985.SZ|160644.SZ|161226.SZ|510880.SH|513030.SH|513080.SH|513100.SH|513120.SH|513290.SH|515790.SH|516150.SH|562500.SH,0.48564226927256726
2023,91,159687.SZ|159796.SZ|159851.SZ|159980.SZ|510180.SH|510210.SH|510300.SH|510880.SH|512200.SH|512400.SH|512880.SH|513100.SH|513290.SH|513500.SH|562500.SH,-0.26791417340039153
2023,92,159766.SZ|159796.SZ|159865.SZ|159928.SZ|160644.SZ|161226.SZ|501018.SH|510180.SH|510500.SH|510880.SH|512980.SH|513100.SH|515220.SH|515880.SH|516150.SH,-0.5923812464319965
2023,93,159796.SZ|159865.SZ|161226.SZ|164824.SZ|510180.SH|510210.SH|512660.SH|512880.SH|513080.SH|513100.SH|513120.SH|513290.SH|515220.SH|562500.SH|588200.SH,-0.5936498779684622
2023,94,159865.SZ|159901.SZ|159915.SZ|159920.SZ|159928.SZ|164824.SZ|510210.SH|510500.SH|512040.SH|512800.SH|512980.SH|513030.SH|513180.SH|515220.SH|515790.SH,-0.9631323827528263
2023,95,159611.SZ|159687.SZ|159825.SZ|159851.SZ|159870.SZ|159949.SZ|159981.SZ|161226.SZ|501018.SH|510180.SH|510210.SH|512880.SH|513500.SH|515790.SH|516150.SH,-0.7795484434478074
2023,96,159766.SZ|159915.SZ|159920.SZ|159949.SZ|159967.SZ|159985.SZ|501018.SH|512890.SH|512980.SH|513120.SH|513500.SH|513880.SH|515210.SH|515790.SH|515880.SH,0.33506768583821495
2023,97,159869.SZ|159901.SZ|159949.SZ|161226.SZ|510300.SH|510500.SH|512800.SH|512890.SH|513070.SH|515210.SH|516150.SH|518880.SH|562500.SH|588000.SH|588200.SH,-1.1513970542930263
2023,98,159825.SZ|159851.SZ|159865.SZ|159915.SZ|159949.SZ|159981.SZ|161226.SZ|510880.SH|512040.SH|512660.SH|512890.SH|513290.SH|515210.SH|515220.SH|588000.SH,-0.7415633618342152
2023,99,159687.SZ|159865.SZ|159901.SZ|159949.SZ|501018.SH|510180.SH|510300.SH|512040.SH|513070.SH|513100.SH|513310.SH|513880.SH|515220.SH|588000.SH|588200.SH,0.5206890326193869
2023,100,159687.SZ|159825.SZ|159851.SZ|159865.SZ|159869.SZ|159901.SZ|159980.SZ|159985.SZ|510210.SH|510300.SH|510500.SH|512200.SH|512660.SH|513120.SH|513180.SH,-0.7025908141131408
2024,1,159611.SZ|159825.SZ|159865.SZ|159870.SZ|159928.SZ|510050.SH|510300.SH|512100.SH|512170.SH|513400.SH|513730.SH|513750.SH|515880.SH|516150.SH|563300.SH,-0.5111407422744172
2024,2,159611.SZ|159825.SZ|159852.SZ|159915.SZ|159980.SZ|159985.SZ|510050.SH|510180.SH|512880.SH|513030.SH|513400.SH|515220.SH|516150.SH|562500.SH|588000.SH,-1.0568641204078388
2024,3,159852.SZ|159869.SZ|159928.SZ|159949.SZ|159985.SZ|510180.SH|510210.SH|510500.SH|512040.SH|512880.SH|512890.SH|513500.SH|513880.SH|515790.SH|562500.SH,-0.09442399292998338
2024,4,159509.SZ|159851.SZ|159865.SZ|159915.SZ|510050.SH|510180.SH|510880.SH|512100.SH|512200.SH|512660.SH|512980.SH|513070.SH|563300.SH|588200.SH|588220.SH,0.23715945932767524
2024,5,159611.SZ|159766.SZ|159852.SZ|159865.SZ|159915.SZ|159928.SZ|161226.SZ|510180.SH|512400.SH|512880.SH|513120.SH|513290.SH|513400.SH|513730.SH|513750.SH,0.6169973878780286
2024,6,159851.SZ|159852.SZ|159865.SZ|159869.SZ|159901.SZ|159915.SZ|510180.SH|510300.SH|512880.SH|513290.SH|513400.SH|513750.SH|516150.SH|518880.SH|588200.SH,0.5970187221895193
2024,7,159509.SZ|159766.SZ|159852.SZ|159865.SZ|510050.SH|512040.SH|512100.SH|512400.SH|512800.SH|512880.SH|512980.SH|513030.SH|513880.SH|515210.SH|588200.SH,0.8035077378059184
2024,8,159766.SZ|159825.SZ|159851.SZ|159865.SZ|159869.SZ|159928.SZ|159949.SZ|159967.SZ|159980.SZ|161226.SZ|510210.SH|512040.SH|512200.SH|515210.SH|588200.SH,-0.6261610518683739
2024,9,159509.SZ|159687.SZ|159766.SZ|159825.SZ|159869.SZ|159928.SZ|159980.SZ|160644.SZ|501018.SH|512040.SH|512400.SH|513100.SH|513180.SH|518880.SH|588000.SH,1.171662015187691
2024,10,159766.SZ|159796.SZ|159825.SZ|159865.SZ|159869.SZ|159870.SZ|159915.SZ|159920.SZ|159928.SZ|160644.SZ|512800.SH|513290.SH|513730.SH|513880.SH|518880.SH,0.24898025972483845
2024,11,159687.SZ|159869.SZ|159928.SZ|159981.SZ|161226.SZ|164824.SZ|501018.SH|510880.SH|513070.SH|513120.SH|513310.SH|513500.SH|515790.SH|563300.SH|588220.SH,0.4865033679591327
2024,12,159509.SZ|159766.SZ|159825.SZ|159870.SZ|159901.SZ|159915.SZ|510050.SH|510180.SH|512660.SH|512880.SH|513030.SH|513080.SH|513750.SH|513880.SH|515210.SH,-0.0720287343093917
2024,13,159518.SZ|159611.SZ|159766.SZ|159851.SZ|159870.SZ|510050.SH|512040.SH|512200.SH|512660.SH|512880.SH|512890.SH|512980.SH|513500.SH|513880.SH|588200.SH,-0.1761073755276482
2024,14,159509.SZ|159766.SZ|159865.SZ|159920.SZ|510050.SH|510210.SH|512660.SH|513030.SH|513080.SH|513120.SH|513730.SH|513750.SH|518880.SH|563300.SH|588220.SH,0.3190703545244199
2024,15,159687.SZ|159796.SZ|159825.SZ|159967.SZ|164824.SZ|501018.SH|510300.SH|510500.SH|510880.SH|512170.SH|513120.SH|513180.SH|513290.SH|513880.SH|562500.SH,0.7923599874787354
2024,16,159611.SZ|159796.SZ|159920.SZ|159928.SZ|164824.SZ|510300.SH|510500.SH|512100.SH|512890.SH|513120.SH|513310.SH|513730.SH|516150.SH|518880.SH|588220.SH,0.273875102581966
2024,17,159518.SZ|159529.SZ|159825.SZ|159851.SZ|159852.SZ|159915.SZ|159928.SZ|160644.SZ|510880.SH|512100.SH|513030.SH|513290.SH|513400.SH|563300.SH|588220.SH,0.29313393945949145
2024,18,159796.SZ|159870.SZ|159920.SZ|159980.SZ|159985.SZ|161226.SZ|510210.SH|510500.SH|512170.SH|513070.SH|513310.SH|513750.SH|515210.SH|515880.SH|588220.SH,-1.116877216062361
2024,19,159611.SZ|159870.SZ|159915.SZ|160644.SZ|501018.SH|510300.SH|510500.SH|510880.SH|512800.SH|512890.SH|513500.SH|513750.SH|516150.SH|518880.SH|588000.SH,1.0784938100492525
2024,20,159518.SZ|159851.SZ|159852.SZ|159870.SZ|159949.SZ|510300.SH|510880.SH|512100.SH|512400.SH|513030.SH|513180.SH|513750.SH|515210.SH|515880.SH|588200.SH,-0.2892339806355756
2024,21,159509.SZ|159901.SZ|159949.SZ|159967.SZ|159980.SZ|501018.SH|510180.SH|510300.SH|512890.SH|512980.SH|513080.SH|513180.SH|515220.SH|515880.SH|516150.SH,0.47385713618678665
2024,22,159518.SZ|159985.SZ|510500.SH|512100.SH|512890.SH|512980.SH|513070.SH|513080.SH|513120.SH|513290.SH|513880.SH|515790.SH|516150.SH|562500.SH|588220.SH,0.0022221191836776246
2024,23,159509.SZ|159915.SZ|159967.SZ|159980.SZ|164824.SZ|510180.SH|510880.SH|512660.SH|512800.SH|512890.SH|513030.SH|513730.SH|515220.SH|515790.SH|516150.SH,0.3684043582995824
2024,24,159611.SZ|159852.SZ|159865.SZ|159870.SZ|159915.SZ|159967.SZ|161226.SZ|501018.SH|510210.SH|510500.SH|512200.SH|513070.SH|513310.SH|513500.SH|513880.SH,0.6960864694803269
2024,25,159509.SZ|159870.SZ|159980.SZ|160644.SZ|512400.SH|512660.SH|512880.SH|513180.SH|513730.SH|513880.SH|515220.SH|515880.SH|562500.SH|588000.SH|588200.SH,0.47666843706739503
2024,26,159825.SZ|159851.SZ|159869.SZ|159870.SZ|159928.SZ|160644.SZ|161226.SZ|510210.SH|510300.SH|512980.SH|513400.SH|513500.SH|513750.SH|515210.SH|515220.SH,0.15824252275207903
2024,27,159687.SZ|159920.SZ|159949.SZ|160644.SZ|501018.SH|510210.SH|510300.SH|512660.SH|512890.SH|513080.SH|513500.SH|516150.SH|562500.SH|588000.SH|588220.SH,0.5577315366762675
2024,28,159687.SZ|159851.SZ|159915.SZ|159949.SZ|159967.SZ|161226.SZ|501018.SH|512040.SH|512170.SH|512660.SH|512880.SH|513030.SH|513180.SH|518880.SH|588200.SH,0.7184371203331383
2024,29,159509.SZ|159687.SZ|159766.SZ|159915.SZ|159981.SZ|159985.SZ|161226.SZ|510300.SH|512400.SH|513120.SH|513180.SH|513310.SH|513730.SH|513880.SH|515220.SH,0.5455101406388883
2024,30,159529.SZ|159611.SZ|159825.SZ|159865.SZ|159901.SZ|159915.SZ|159967.SZ|159980.SZ|501018.SH|510500.SH|512100.SH|513500.SH|513750.SH|513880.SH|515790.SH,0.35977927826461464
2024,31,159518.SZ|159687.SZ|159865.SZ|159869.SZ|159915.SZ|159928.SZ|510210.SH|510300.SH|510500.SH|512400.SH|513080.SH|513500.SH|513730.SH|513880.SH|588000.SH,0.3865594038239605
2024,32,159915.SZ|159928.SZ|159981.SZ|159985.SZ|160644.SZ|161226.SZ|164824.SZ|510180.SH|512040.SH|512980.SH|513290.SH|513310.SH|562500.SH|563300.SH|588200.SH,-0.8312767002649339
2024,33,159766.SZ|159796.SZ|159851.SZ|159901.SZ|160644.SZ|161226.SZ|510210.SH|510300.SH|512100.SH|512880.SH|513030.SH|513500.SH|516150.SH|563300.SH|588200.SH,0.15228203609058488
2024,34,159851.SZ|159865.SZ|159870.SZ|159915.SZ|159949.SZ|510180.SH|512100.SH|513070.SH|513400.SH|513730.SH|513750.SH|513880.SH|515880.SH|518880.SH|562500.SH,1.0759604312748465
2024,35,159509.SZ|159687.SZ|159851.SZ|159852.SZ|159901.SZ|159920.SZ|159928.SZ|159949.SZ|159967.SZ|510210.SH|512660.SH|513070.SH|513290.SH|513730.SH|588200.SH,1.3219778578764376
2024,36,159852.SZ|159981.SZ|160644.SZ|510180.SH|510880.SH|512800.SH|512880.SH|512890.SH|513030.SH|513730.SH|513750.SH|513880.SH|515880.SH|516150.SH|588000.SH,0.9893692397133725
2024,37,159529.SZ|159825.SZ|159870.SZ|159920.SZ|159949.SZ|161226.SZ|501018.SH|510180.SH|512040.SH|512660.SH|512890.SH|513080.SH|513290.SH|516150.SH|588000.SH,0.49987813202987985
2024,38,159518.SZ|159766.SZ|159796.SZ|159852.SZ|159949.SZ|159967.SZ|512170.SH|512890.SH|512980.SH|513030.SH|513070.SH|513310.SH|515220.SH|518880.SH|588200.SH,-0.39301697625512994
2024,39,159509.SZ|159851.SZ|161226.SZ|501018.SH|512200.SH|512400.SH|512980.SH|513030.SH|513070.SH|513120.SH|513290.SH|515210.SH|515220.SH|516150.SH|562500.SH,0.770919537493534
2024,40,159852.SZ|159869.SZ|159920.SZ|160644.SZ|501018.SH|510210.SH|510300.SH|510880.SH|512100.SH|512880.SH|513100.SH|513310.SH|516150.SH|518880.SH|588200.SH,1.196063810552754
2024,41,159518.SZ|159869.SZ|159870.SZ|159928.SZ|159981.SZ|160644.SZ|164824.SZ|501018.SH|510880.SH|512040.SH|512170.SH|513080.SH|513400.SH|513730.SH|515210.SH,-0.6790367916560491
2024,42,159529.SZ|159611.SZ|159949.SZ|159967.SZ|160644.SZ|161226.SZ|164824.SZ|510180.SH|510300.SH|512400.SH|512800.SH|512890.SH|513500.SH|513750.SH|588000.SH,0.8248317188479284
2024,43,159766.SZ|159825.SZ|159851.SZ|159869.SZ|159870.SZ|159920.SZ|159928.SZ|159967.SZ|510210.SH|512890.SH|512980.SH|513080.SH|513290.SH|513500.SH|588000.SH,0.07354290247925248
2024,44,159869.SZ|159901.SZ|159980.SZ|159985.SZ|512170.SH|512400.SH|512660.SH|512890.SH|512980.SH|513120.SH|513310.SH|513500.SH|513880.SH|518880.SH|563300.SH,0.3978444288421141
2024,45,159796.SZ|159915.SZ|159949.SZ|159980.SZ|159985.SZ|510500.SH|510880.SH|513030.SH|513310.SH|513500.SH|515210.SH|518880.SH|588000.SH|588200.SH|588220.SH,0.1142494664297899
2024,46,159509.SZ|159529.SZ|159687.SZ|159928.SZ|161226.SZ|501018.SH|512040.SH|512170.SH|512660.SH|512800.SH|513120.SH|513400.SH|513500.SH|513730.SH|513880.SH,1.3689197892559168
2024,47,159529.SZ|159611.SZ|159851.SZ|159852.SZ|159869.SZ|159901.SZ|159915.SZ|159980.SZ|510500.SH|512040.SH|512100.SH|513070.SH|513120.SH|513400.SH|588000.SH,0.2475958423904438
2024,48,159509.SZ|159529.SZ|159796.SZ|159851.SZ|159852.SZ|159920.SZ|164824.SZ|510210.SH|513080.SH|513100.SH|513180.SH|515880.SH|516150.SH|588000.SH|588220.SH,0.7341325734012655
2024,49,159518.SZ|159529.SZ|159852.SZ|159865.SZ|159901.SZ|159949.SZ|159981.SZ|512890.SH|513030.SH|513500.SH|515210.SH|515220.SH|515880.SH|516150.SH|588220.SH,-0.6431527303343878
2024,50,159518.SZ|159687.SZ|159852.SZ|159865.SZ|159920.SZ|159949.SZ|164824.SZ|510050.SH|510880.SH|512400.SH|512980.SH|513070.SH|513730.SH|513750.SH|588200.SH,0.9189867429922397
2024,51,159509.SZ|159825.SZ|159901.SZ|159915.SZ|159920.SZ|159949.SZ|160644.SZ|510050.SH|510880.SH|512040.SH|512100.SH|513080.SH|513500.SH|515220.SH|516150.SH,0.024583359232814586
2024,52,159518.SZ|161226.SZ|164824.SZ|510180.SH|510210.SH|510300.SH|510880.SH|512100.SH|512400.SH|512880.SH|512890.SH|512980.SH|513120.SH|513290.SH|513500.SH,0.847027842688422
2024,53,159509.SZ|159766.SZ|159851.SZ|159901.SZ|159985.SZ|510210.SH|512400.SH|512890.SH|513030.SH|513070.SH|513080.SH|513290.SH|513310.SH|513500.SH|515220.SH,0.6632816950873669
2024,54,159687.SZ|159796.SZ|159949.SZ|159967.SZ|160644.SZ|161226.SZ|501018.SH|510180.SH|510880.SH|512400.SH|513100.SH|513730.SH|515220.SH|562500.SH|563300.SH,0.6347997178492203
2024,55,159529.SZ|159796.SZ|159915.SZ|159967.SZ|159980.SZ|501018.SH|510210.SH|510880.SH|512890.SH|513180.SH|513290.SH|513400.SH|515790.SH|562500.SH|588000.SH,-0.05417437596151733
2024,56,159509.SZ|159687.SZ|159949.SZ|159967.SZ|159980.SZ|512040.SH|512170.SH|512660.SH|513070.SH|513080.SH|513120.SH|513290.SH|513880.SH|516150.SH|588220.SH,0.9228606296722888
2024,57,159509.SZ|159825.SZ|159851.SZ|159852.SZ|159869.SZ|159967.SZ|159980.SZ|159981.SZ|512660.SH|512880.SH|513290.SH|513400.SH|513730.SH|515210.SH|515220.SH,-0.13157446931961858
2024,58,159529.SZ|159796.SZ|159870.SZ|159981.SZ|160644.SZ|161226.SZ|510180.SH|512100.SH|512660.SH|513080.SH|513180.SH|513290.SH|513310.SH|516150.SH|588000.SH,-0.6295846811588801
2024,59,159518.SZ|159611.SZ|159852.SZ|159901.SZ|161226.SZ|501018.SH|512040.SH|512400.SH|512880.SH|513030.SH|513070.SH|513180.SH|513400.SH|515880.SH|588220.SH,-0.13722936402579844
2024,60,159796.SZ|159920.SZ|159981.SZ|164824.SZ|510180.SH|510210.SH|510300.SH|510500.SH|512800.SH|513070.SH|513120.SH|513180.SH|513750.SH|515220.SH|588200.SH,0.12603348465245143
2024,61,159509.SZ|159687.SZ|159852.SZ|159901.SZ|159980.SZ|159981.SZ|161226.SZ|510210.SH|513100.SH|513880.SH|515220.SH|518880.SH|562500.SH|563300.SH|588200.SH,0.861582484139581
2024,62,159518.SZ|159915.SZ|159949.SZ|501018.SH|512100.SH|512200.SH|512880.SH|513030.SH|513100.SH|513290.SH|513400.SH|513500.SH|513880.SH|515210.SH|563300.SH,0.5063197551517082
2024,63,159687.SZ|159869.SZ|159915.SZ|159980.SZ|159981.SZ|159985.SZ|164824.SZ|510180.SH|510300.SH|512400.SH|512800.SH|513310.SH|513750.SH|515220.SH|518880.SH,0.32009271740880846
2024,64,159518.SZ|159611.SZ|159766.SZ|159851.SZ|159869.SZ|159920.SZ|159981.SZ|159985.SZ|510210.SH|512170.SH|513400.SH|515220.SH|562500.SH|563300.SH|588220.SH,-1.4162572003865144
2024,65,159852.SZ|159865.SZ|159869.SZ|159901.SZ|159985.SZ|510880.SH|512040.SH|512660.SH|512890.SH|513070.SH|513180.SH|515210.SH|515220.SH|588000.SH|588200.SH,-0.46416808354450223
2024,66,159766.SZ|159796.SZ|159825.SZ|159869.SZ|159920.SZ|159985.SZ|510050.SH|510880.SH|512170.SH|512400.SH|512890.SH|513180.SH|513290.SH|515210.SH|563300.SH,-0.5128623103291248
2024,67,159518.SZ|159687.SZ|159928.SZ|159980.SZ|160644.SZ|501018.SH|510180.SH|510500.SH|512400.SH|513030.SH|513750.SH|515210.SH|562500.SH|588000.SH|588220.SH,-0.5340202911140569
2024,68,159687.SZ|159796.SZ|159901.SZ|159949.SZ|501018.SH|510180.SH|510300.SH|510880.SH|512800.SH|512980.SH|513310.SH|513400.SH|513730.SH|515790.SH|588000.SH,0.21934427663667727
2024,69,159687.SZ|159852.SZ|159949.SZ|159981.SZ|160644.SZ|510050.SH|512400.SH|512980.SH|513070.SH|513290.SH|513500.SH|513750.SH|515790.SH|563300.SH|588200.SH,0.1354196690294787
2024,70,159509.SZ|159518.SZ|159529.SZ|159766.SZ|159851.SZ|159920.SZ|510050.SH|510300.SH|512800.SH|512880.SH|512980.SH|513080.SH|515790.SH|563300.SH|588000.SH,0.8448932131708218
2024,71,159509.SZ|159518.SZ|159529.SZ|159851.SZ|159915.SZ|159920.SZ|159949.SZ|159985.SZ|510180.SH|510210.SH|512200.SH|512890.SH|513500.SH|515880.SH|588200.SH,0.6912678018689671
2024,72,159928.SZ|160644.SZ|510880.SH|512040.SH|512100.SH|512980.SH|513070.SH|513180.SH|513400.SH|513880.SH|515210.SH|515220.SH|518880.SH|563300.SH|588220.SH,0.5282364878550422
2024,73,159611.SZ|159852.SZ|159865.SZ|159869.SZ|159915.SZ|159980.SZ|160644.SZ|510050.SH|510300.SH|513030.SH|513070.SH|513080.SH|513400.SH|515210.SH|515790.SH,-0.5082031953439227
2024,74,159509.SZ|159529.SZ|159611.SZ|159981.SZ|164824.SZ|510180.SH|510300.SH|510880.SH|512880.SH|513030.SH|513100.SH|513750.SH|515210.SH|515220.SH|588220.SH,1.3521376842674224
2024,75,159518.SZ|159529.SZ|159687.SZ|159825.SZ|159852.SZ|159949.SZ|161226.SZ|501018.SH|510050.SH|510500.SH|512170.SH|513080.SH|513100.SH|513730.SH|513880.SH,1.317684076931273
2024,76,159529.SZ|159852.SZ|159901.SZ|159928.SZ|159981.SZ|160644.SZ|510050.SH|510210.SH|512100.SH|512200.SH|513100.SH|513120.SH|515210.SH|516150.SH|563300.SH,0.49560229109506965
2024,77,159509.SZ|159687.SZ|159766.SZ|159852.SZ|159901.SZ|159949.SZ|160644.SZ|501018.SH|510300.SH|512660.SH|512880.SH|513120.SH|515210.SH|515220.SH|515790.SH,0.950645037235121
2024,78,159766.SZ|159865.SZ|159901.SZ|159920.SZ|510180.SH|510210.SH|512170.SH|512800.SH|513080.SH|513180.SH|513500.SH|513750.SH|515790.SH|515880.SH|563300.SH,0.3963251729371087
2024,79,159518.SZ|159529.SZ|159825.SZ|159915.SZ|159981.SZ|159985.SZ|501018.SH|510210.SH|512200.SH|513180.SH|513730.SH|513750.SH|518880.SH|563300.SH|588220.SH,-0.014089935665545226
2024,80,159687.SZ|159825.SZ|159915.SZ|159920.SZ|159981.SZ|501018.SH|510210.SH|512100.SH|512200.SH|512880.SH|513070.SH|513120.SH|513290.SH|513730.SH|515210.SH,0.9669581109369842
2024,81,159852.SZ|159949.SZ|159980.SZ|160644.SZ|164824.SZ|510180.SH|512200.SH|512660.SH|512800.SH|513100.SH|515210.SH|515880.SH|562500.SH|563300.SH|588200.SH,0.9157152003502934
2024,82,159796.SZ|159852.SZ|159870.SZ|159980.SZ|159985.SZ|160644.SZ|512100.SH|512890.SH|512980.SH|513100.SH|513180.SH|513750.SH|515790.SH|515880.SH|588220.SH,0.15502700505367467
2024,83,159796.SZ|159985.SZ|164824.SZ|510180.SH|510210.SH|510300.SH|512890.SH|513030.SH|513080.SH|513120.SH|513400.SH|513750.SH|515880.SH|563300.SH|588000.SH,-0.1584509214976463
2024,84,159529.SZ|159611.SZ|159796.SZ|159920.SZ|159985.SZ|510180.SH|510500.SH|510880.SH|512400.SH|512660.SH|513030.SH|513080.SH|513120.SH|513290.SH|515790.SH,-0.3438373518082825
2024,85,159509.SZ|159518.SZ|159825.SZ|159901.SZ|159928.SZ|161226.SZ|510500.SH|512200.SH|512880.SH|513080.SH|513310.SH|513400.SH|513880.SH|515790.SH|588000.SH,0.06769522177882721
2024,86,159509.SZ|159687.SZ|159825.SZ|159865.SZ|159915.SZ|159985.SZ|510500.SH|512100.SH|512170.SH|512400.SH|513180.SH|513500.SH|515790.SH|516150.SH|588200.SH,0.45328009413934806
2024,87,159611.SZ|159766.SZ|159825.SZ|159865.SZ|159901.SZ|159928.SZ|512170.SH|512660.SH|513080.SH|513120.SH|513180.SH|562500.SH|563300.SH|588200.SH|588220.SH,-0.8583442439709117
2024,88,159518.SZ|159529.SZ|159766.SZ|159825.SZ|159920.SZ|159967.SZ|159980.SZ|510050.SH|510300.SH|512040.SH|512170.SH|512400.SH|513030.SH|513880.SH|563300.SH,-0.3511299906097925
2024,89,159851.SZ|159901.SZ|159985.SZ|160644.SZ|161226.SZ|164824.SZ|501018.SH|510180.SH|510300.SH|510880.SH|512100.SH|512880.SH|515210.SH|515790.SH|515880.SH,0.5940885601832172
2024,90,159766.SZ|159825.SZ|159852.SZ|159967.SZ|159985.SZ|161226.SZ|510050.SH|510210.SH|512400.SH|513070.SH|513400.SH|513750.SH|515210.SH|516150.SH|563300.SH,-0.045369861283293386
2024,91,159611.SZ|159928.SZ|159981.SZ|160644.SZ|164824.SZ|510210.SH|510500.SH|512100.SH|512200.SH|512400.SH|513120.SH|513750.SH|515880.SH|562500.SH|588000.SH,-0.049356867936440604
2024,92,159796.SZ|159851.SZ|159928.SZ|159949.SZ|501018.SH|510050.SH|510180.SH|510500.SH|512200.SH|513030.SH|513310.SH|513400.SH|515210.SH|515220.SH|562500.SH,-0.8326016923816769
2024,93,159518.SZ|159611.SZ|159901.SZ|159915.SZ|159981.SZ|160644.SZ|510050.SH|510300.SH|510500.SH|512040.SH|512400.SH|513100.SH|513750.SH|516150.SH|588000.SH,0.384139236291218
2024,94,159687.SZ|159766.SZ|159796.SZ|160644.SZ|161226.SZ|501018.SH|512100.SH|512200.SH|512400.SH|512660.SH|512800.SH|513080.SH|513500.SH|518880.SH|562500.SH,0.5028841071748288
2024,95,159869.SZ|160644.SZ|510050.SH|512040.SH|512170.SH|512660.SH|512880.SH|512890.SH|513070.SH|513500.SH|515790.SH|515880.SH|518880.SH|562500.SH|588200.SH,0.7571977521482897
2024,96,159509.SZ|159687.SZ|159865.SZ|159901.SZ|159949.SZ|161226.SZ|510050.SH|512170.SH|512980.SH|513180.SH|513500.SH|513880.SH|515210.SH|515220.SH|588200.SH,0.628554954043115
2024,97,159529.SZ|159796.SZ|159852.SZ|159915.SZ|161226.SZ|510500.SH|512040.SH|512200.SH|512400.SH|512880.SH|512890.SH|513100.SH|513730.SH|515210.SH|515880.SH,0.8612709641251713
2024,98,159852.SZ|159870.SZ|159928.SZ|159980.SZ|164824.SZ|510210.SH|512200.SH|512800.SH|513310.SH|513500.SH|513730.SH|513880.SH|515790.SH|516150.SH|588200.SH,0.8542715855083026
2024,99,159869.SZ|159915.SZ|159949.SZ|159985.SZ|510500.SH|513030.SH|513080.SH|513100.SH|513120.SH|513180.SH|513500.SH|515220.SH|562500.SH|588000.SH|588200.SH,0.2964160098382421
2024,100,159766.SZ|159796.SZ|159915.SZ|159980.SZ|159985.SZ|510180.SH|512040.SH|512660.SH|512800.SH|512980.SH|513180.SH|513290.SH|513310.SH|513400.SH|562500.SH,-0.32996587783995546
2025,1,159529.SZ|159851.SZ|159920.SZ|159928.SZ|159967.SZ|161226.SZ|510880.SH|512100.SH|512170.SH|512400.SH|512880.SH|512980.SH|513030.SH|513730.SH|513880.SH,0.7519913261920298
2025,2,159329.SZ|159518.SZ|159687.SZ|159766.SZ|159851.SZ|159869.SZ|159870.SZ|159928.SZ|164824.SZ|510210.SH|512400.SH|512890.SH|513030.SH|513750.SH|516150.SH,0.42264315552295306
2025,3,159326.SZ|159529.SZ|159766.SZ|159825.SZ|159851.SZ|159949.SZ|510210.SH|510300.SH|510880.SH|512200.SH|512400.SH|512800.SH|512880.SH|513400.SH|563300.SH,1.0448857969907608
2025,4,159209.SZ|159796.SZ|159920.SZ|510880.SH|512170.SH|512660.SH|512890.SH|512980.SH|513070.SH|513290.SH|513500.SH|513730.SH|513880.SH|516150.SH|563300.SH,0.7157394118302269
2025,5,159201.SZ|159326.SZ|159825.SZ|159851.SZ|159980.SZ|159985.SZ|510210.SH|510300.SH|512040.SH|512400.SH|512980.SH|513070.SH|515210.SH|563300.SH|588200.SH,0.4907400670093595
2025,6,159201.SZ|159209.SZ|159329.SZ|159766.SZ|159920.SZ|159967.SZ|159985.SZ|510050.SH|510210.SH|512980.SH|513030.SH|513080.SH|513120.SH|563300.SH|588000.SH,0.3383794781478924
2025,7,159209.SZ|159870.SZ|159980.SZ|160644.SZ|161226.SZ|510180.SH|512400.SH|512660.SH|512980.SH|513120.SH|513310.SH|513400.SH|513730.SH|513750.SH|516150.SH,0.9324672719833333
2025,8,159206.SZ|159518.SZ|159529.SZ|159901.SZ|159985.SZ|512100.SH|512200.SH|512800.SH|513180.SH|513290.SH|513750.SH|515220.SH|515790.SH|516150.SH|588220.SH,0.7054206670733231
2025,9,159326.SZ|159329.SZ|159611.SZ|159766.SZ|159796.SZ|159851.SZ|159915.SZ|159920.SZ|161226.SZ|510210.SH|512040.SH|513030.SH|513310.SH|513400.SH|588000.SH,1.962417431384666
2025,10,159201.SZ|159329.SZ|159518.SZ|159611.SZ|159687.SZ|159920.SZ|501018.SH|510210.SH|512040.SH|512100.SH|512170.SH|512800.SH|513030.SH|513310.SH|515220.SH,-0.0502975967933525
2025,11,159329.SZ|159796.SZ|159869.SZ|159870.SZ|159949.SZ|164824.SZ|510210.SH|510500.SH|513100.SH|513180.SH|513290.SH|513750.SH|515210.SH|515880.SH|518880.SH,2.4241790917795423
2025,12,159326.SZ|159766.SZ|159825.SZ|159870.SZ|159920.SZ|159928.SZ|159949.SZ|159985.SZ|510210.SH|512880.SH|512890.SH|513070.SH|513290.SH|513500.SH|562500.SH,1.2086124338462003
2025,13,159529.SZ|159687.SZ|159865.SZ|159869.SZ|159870.SZ|159915.SZ|159967.SZ|510300.SH|512170.SH|512400.SH|512880.SH|513100.SH|513400.SH|513750.SH|562500.SH,1.046889396432534
2025,14,159329.SZ|159901.SZ|159915.SZ|159981.SZ|159985.SZ|160644.SZ|510210.SH|512100.SH|512200.SH|512400.SH|512980.SH|513400.SH|513730.SH|515220.SH|515880.SH,0.06323109828447111
2025,15,159611.SZ|159766.SZ|159865.SZ|159869.SZ|159901.SZ|159967.SZ|159981.SZ|161226.SZ|510300.SH|512170.SH|512660.SH|513290.SH|513730.SH|515210.SH|588220.SH,1.778418336127899
2025,16,159518.SZ|159766.SZ|159825.SZ|159865.SZ|159869.SZ|510050.SH|512400.SH|512800.SH|512890.SH|513070.SH|513080.SH|513310.SH|513400.SH|588200.SH|588220.SH,0.5713244686733353
2025,17,159209.SZ|159329.SZ|159766.SZ|159796.SZ|159869.SZ|159980.SZ|512200.SH|512400.SH|512800.SH|512980.SH|513070.SH|513290.SH|513880.SH|515220.SH|518880.SH,1.7934313416034975
2025,18,159326.SZ|159509.SZ|159687.SZ|159766.SZ|159851.SZ|159852.SZ|159920.SZ|159985.SZ|512100.SH|513100.SH|513120.SH|513180.SH|513730.SH|513750.SH|513880.SH,1.1244999210706963
2025,19,159206.SZ|159611.SZ|159796.SZ|159851.SZ|159901.SZ|159949.SZ|159967.SZ|159981.SZ|160644.SZ|510050.SH|510300.SH|513100.SH|513750.SH|516150.SH|563300.SH,0.7381903634807209
2025,20,159509.SZ|159766.SZ|159796.SZ|159870.SZ|160644.SZ|161226.SZ|510180.SH|510210.SH|512660.SH|512880.SH|513070.SH|513180.SH|513730.SH|516150.SH|562500.SH,1.4778892479803913
2025,21,159796.SZ|159825.SZ|159869.SZ|159915.SZ|159967.SZ|159980.SZ|161226.SZ|510300.SH|512040.SH|512890.SH|513750.SH|515880.SH|518880.SH|562500.SH|563300.SH,2.2528304022785792
2025,22,159326.SZ|159509.SZ|159851.SZ|159901.SZ|159981.SZ|160644.SZ|510300.SH|512100.SH|512170.SH|512800.SH|513030.SH|513080.SH|513500.SH|515210.SH|588200.SH,0.4769231550734495
2025,23,159326.SZ|159851.SZ|159920.SZ|159949.SZ|159981.SZ|164824.SZ|510300.SH|510500.SH|512400.SH|513080.SH|513120.SH|513290.SH|513750.SH|518880.SH|563300.SH,1.450950297335181
2025,24,159611.SZ|159865.SZ|159920.SZ|159985.SZ|510050.SH|512040.SH|512170.SH|512800.SH|512890.SH|513030.SH|513290.SH|513730.SH|515880.SH|563300.SH|588000.SH,1.6675198442861026
2025,25,159206.SZ|159326.SZ|159949.SZ|159967.SZ|159985.SZ|501018.SH|512170.SH|512200.SH|512400.SH|513070.SH|513120.SH|513180.SH|513730.SH|515790.SH|588220.SH,0.802982161438446
2025,26,159509.SZ|159869.SZ|159980.SZ|160644.SZ|510180.SH|510300.SH|510500.SH|510880.SH|512170.SH|512400.SH|513310.SH|513400.SH|513730.SH|513880.SH|515880.SH,0.6119803923306133
2025,27,159206.SZ|159326.SZ|159518.SZ|159869.SZ|159981.SZ|159985.SZ|512040.SH|513070.SH|513100.SH|513750.SH|515210.SH|515220.SH|515790.SH|516150.SH|588220.SH,0.29974333392972335
2025,28,159326.SZ|159509.SZ|159766.SZ|159865.SZ|159915.SZ|159980.SZ|159981.SZ|510500.SH|512200.SH|512980.SH|513120.SH|513290.SH|513310.SH|513750.SH|518880.SH,2.1864202874357535
2025,29,159206.SZ|159518.SZ|159529.SZ|159915.SZ|159928.SZ|510210.SH|510300.SH|510500.SH|512880.SH|513180.SH|513290.SH|513750.SH|513880.SH|516150.SH|588000.SH,1.0140369764516648
2025,30,159509.SZ|501018.SH|510050.SH|510300.SH|512400.SH|512800.SH|513080.SH|513120.SH|513290.SH|513500.SH|513880.SH|515220.SH|515880.SH|563300.SH|588220.SH,0.967967850078636
2025,31,159611.SZ|159825.SZ|159852.SZ|159865.SZ|159915.SZ|159928.SZ|159967.SZ|159985.SZ|501018.SH|510050.SH|510210.SH|510500.SH|512660.SH|513070.SH|515880.SH,0.8164734672564691
2025,32,159529.SZ|159687.SZ|159766.SZ|159901.SZ|164824.SZ|510050.SH|512170.SH|513030.SH|513080.SH|513120.SH|513180.SH|513290.SH|513500.SH|513750.SH|516150.SH,1.0628257005397612
2025,33,159326.SZ|159529.SZ|159865.SZ|159870.SZ|160644.SZ|510050.SH|510180.SH|510300.SH|510500.SH|510880.SH|513730.SH|515790.SH|515880.SH|516150.SH|588000.SH,1.0422229234144382
2025,34,159206.SZ|159209.SZ|159509.SZ|159766.SZ|159981.SZ|160644.SZ|510180.SH|510300.SH|512040.SH|512100.SH|513120.SH|513290.SH|513310.SH|518880.SH|588200.SH,2.0261920435923635
2025,35,159326.SZ|159518.SZ|159611.SZ|159687.SZ|159870.SZ|510050.SH|510180.SH|510210.SH|510500.SH|512400.SH|513120.SH|513400.SH|513730.SH|515210.SH|515790.SH,0.7389344885284524
2025,36,159766.SZ|159796.SZ|159851.SZ|159865.SZ|510050.SH|510210.SH|510880.SH|512100.SH|512200.SH|513030.SH|513120.SH|513180.SH|513290.SH|513730.SH|515220.SH,1.389719698284822
2025,37,159611.SZ|159796.SZ|159920.SZ|159985.SZ|164824.SZ|510300.SH|512040.SH|512200.SH|513030.SH|513100.SH|513290.SH|513310.SH|513400.SH|513730.SH|516150.SH,0.9602832771830789
2025,38,159206.SZ|159209.SZ|159329.SZ|159509.SZ|159865.SZ|159901.SZ|159920.SZ|164824.SZ|510050.SH|510500.SH|513030.SH|513070.SH|513500.SH|518880.SH|563300.SH,2.429227497104867
2025,39,159206.SZ|159825.SZ|159865.SZ|159920.SZ|510180.SH|512200.SH|512880.SH|513070.SH|513100.SH|513120.SH|513180.SH|513290.SH|515210.SH|515790.SH|518880.SH,2.786084160779539
2025,40,159326.SZ|159825.SZ|159852.SZ|159949.SZ|160644.SZ|510500.SH|510880.SH|512400.SH|512800.SH|512880.SH|513180.SH|513500.SH|513880.SH|516150.SH|588000.SH,0.5252623281233646
2025,41,159206.SZ|159518.SZ|159529.SZ|159687.SZ|159766.SZ|159796.SZ|159851.SZ|159869.SZ|159985.SZ|160644.SZ|510050.SH|510300.SH|510500.SH|513290.SH|513310.SH,0.5302135595905983
2025,42,159209.SZ|159825.SZ|159865.SZ|159869.SZ|159981.SZ|510210.SH|512040.SH|512170.SH|512400.SH|512660.SH|512980.SH|513290.SH|513730.SH|518880.SH|588000.SH,1.837505496942952
2025,43,159326.SZ|159518.SZ|159766.SZ|159865.SZ|159949.SZ|159981.SZ|512100.SH|512170.SH|512980.SH|513180.SH|513310.SH|515790.SH|515880.SH|588000.SH|588200.SH,1.0964778828058226
2025,44,159326.SZ|159329.SZ|159518.SZ|159825.SZ|159901.SZ|159920.SZ|159985.SZ|161226.SZ|501018.SH|510500.SH|512040.SH|513100.SH|513750.SH|515880.SH|588220.SH,0.7068878998190394
2025,45,159509.SZ|159518.SZ|159611.SZ|159825.SZ|159901.SZ|159949.SZ|159981.SZ|160644.SZ|510180.SH|510500.SH|512040.SH|513400.SH|513750.SH|563300.SH|588220.SH,0.07128682003231201
2025,46,159206.SZ|159518.SZ|159796.SZ|159825.SZ|159870.SZ|159949.SZ|159967.SZ|161226.SZ|164824.SZ|510180.SH|512890.SH|513030.SH|516150.SH|588000.SH|588200.SH,0.6710427664499704
2025,47,159201.SZ|159209.SZ|159509.SZ|159518.SZ|159796.SZ|159870.SZ|159967.SZ|159980.SZ|512400.SH|512880.SH|512980.SH|513030.SH|513880.SH|515790.SH|588200.SH,0.2969502030639002
2025,48,159201.SZ|159209.SZ|159687.SZ|159796.SZ|159869.SZ|159920.SZ|160644.SZ|510880.SH|512100.SH|512170.SH|512800.SH|512890.SH|513180.SH|515220.SH|563300.SH,0.850553871601285
2025,49,159209.SZ|159509.SZ|159611.SZ|159901.SZ|159967.SZ|159985.SZ|512200.SH|512880.SH|513120.SH|513500.SH|513750.SH|515210.SH|518880.SH|562500.SH|588220.SH,1.7260665818798933
2025,50,159209.SZ|159509.SZ|159518.SZ|159611.SZ|159852.SZ|159869.SZ|159901.SZ|159920.SZ|159980.SZ|510180.SH|512660.SH|513400.SH|515790.SH|518880.SH|562500.SH,1.1365929188539887
2025,51,159209.SZ|159329.SZ|159529.SZ|159611.SZ|159825.SZ|159852.SZ|159869.SZ|160644.SZ|510300.SH|512880.SH|513070.SH|513290.SH|515880.SH|562500.SH|588000.SH,1.0953946812532758
2025,52,159201.SZ|159326.SZ|159687.SZ|159766.SZ|159796.SZ|159915.SZ|159967.SZ|161226.SZ|512400.SH|513180.SH|513290.SH|513400.SH|515210.SH|515790.SH|518880.SH,1.7622838706350046
2025,53,159206.SZ|159518.SZ|159687.SZ|159851.SZ|161226.SZ|164824.SZ|510500.SH|512040.SH|512800.SH|512890.SH|513070.SH|513120.SH|513500.SH|515220.SH|518880.SH,1.9568900552266935
2025,54,159201.SZ|159518.SZ|159766.SZ|159851.SZ|159852.SZ|159870.SZ|159967.SZ|510180.SH|512400.SH|512800.SH|512880.SH|515210.SH|515220.SH|515880.SH|588220.SH,0.5549482042599303
2025,55,159687.SZ|159865.SZ|159870.SZ|159980.SZ|160644.SZ|510500.SH|510880.SH|512040.SH|512200.SH|512800.SH|513120.SH|513400.SH|515220.SH|588200.SH|588220.SH,0.590082077333613
2025,56,159329.SZ|159509.SZ|159915.SZ|159980.SZ|510050.SH|510210.SH|512170.SH|512800.SH|513070.SH|513100.SH|513180.SH|513290.SH|513400.SH|515210.SH|562500.SH,1.1517714779783201
2025,57,159209.SZ|159869.SZ|159915.SZ|159920.SZ|159949.SZ|160644.SZ|501018.SH|510210.SH|512170.SH|512880.SH|513100.SH|513290.SH|513500.SH|515220.SH|562500.SH,0.6381699638641039
2025,58,159509.SZ|159766.SZ|159825.SZ|159851.SZ|159865.SZ|159981.SZ|510180.SH|512100.SH|512400.SH|512980.SH|513030.SH|513500.SH|513730.SH|515880.SH|588200.SH,1.1746271151856733
2025,59,159518.SZ|159611.SZ|159851.SZ|159852.SZ|159928.SZ|159967.SZ|159980.SZ|501018.SH|510050.SH|510180.SH|510210.SH|512800.SH|513100.SH|513730.SH|588000.SH,0.12446854463295556
2025,60,159611.SZ|159825.SZ|159901.SZ|159915.SZ|159985.SZ|160644.SZ|164824.SZ|510180.SH|512400.SH|512980.SH|513180.SH|513730.SH|515220.SH|563300.SH|588000.SH,0.1602112625981907
2025,61,159529.SZ|159687.SZ|159766.SZ|159920.SZ|164824.SZ|510300.SH|513180.SH|513290.SH|513310.SH|515790.SH|515880.SH|518880.SH|562500.SH|563300.SH|588200.SH,2.3604576434045694
2025,62,159326.SZ|159518.SZ|159796.SZ|159852.SZ|160644.SZ|510210.SH|512800.SH|512890.SH|512980.SH|513100.SH|513290.SH|515210.SH|515220.SH|515880.SH|518880.SH,1.7051672734930092
2025,63,159509.SZ|159529.SZ|159865.SZ|159920.SZ|501018.SH|512040.SH|512200.SH|512400.SH|512660.SH|513030.SH|513070.SH|513080.SH|513290.SH|516150.SH|563300.SH,0.46861101207884726
2025,64,159326.SZ|159529.SZ|159766.SZ|159796.SZ|159928.SZ|159981.SZ|160644.SZ|510880.SH|512400.SH|512880.SH|513180.SH|513400.SH|515880.SH|518880.SH|588000.SH,1.2635223565688154
2025,65,159509.SZ|159529.SZ|159852.SZ|159901.SZ|159915.SZ|159928.SZ|159967.SZ|159980.SZ|510210.SH|512040.SH|512100.SH|513100.SH|513400.SH|515210.SH|563300.SH,0.48031491226698136
2025,66,159851.SZ|159869.SZ|159870.SZ|159981.SZ|161226.SZ|164824.SZ|512100.SH|512400.SH|512800.SH|513070.SH|513500.SH|513730.SH|513880.SH|515880.SH|588200.SH,1.022337859191534
2025,67,159326.SZ|159915.SZ|159928.SZ|160644.SZ|164824.SZ|510050.SH|510210.SH|510880.SH|513030.SH|513080.SH|513100.SH|513500.SH|515220.SH|516150.SH|588220.SH,0.5500807218649986
2025,68,159201.SZ|159206.SZ|159209.SZ|159326.SZ|159518.SZ|159687.SZ|501018.SH|510050.SH|510300.SH|512880.SH|513500.SH|515220.SH|515790.SH|515880.SH|563300.SH,0.32809268345165365
2025,69,159326.SZ|159329.SZ|159852.SZ|159869.SZ|159870.SZ|159915.SZ|159967.SZ|161226.SZ|510050.SH|512660.SH|513070.SH|513400.SH|513750.SH|562500.SH|588200.SH,1.6060066005713005
2025,70,159201.SZ|159209.SZ|159509.SZ|159529.SZ|159687.SZ|160644.SZ|161226.SZ|510180.SH|512040.SH|513070.SH|513100.SH|513730.SH|515210.SH|515790.SH|518880.SH,1.295456206598646
2025,71,159329.SZ|159529.SZ|159851.SZ|159949.SZ|161226.SZ|510880.SH|512800.SH|513030.SH|513100.SH|513180.SH|515220.SH|515880.SH|518880.SH|562500.SH|588000.SH,1.840014863675973
2025,72,159201.SZ|159766.SZ|159870.SZ|159920.SZ|159928.SZ|160644.SZ|164824.SZ|510300.SH|510880.SH|512400.SH|512980.SH|513310.SH|513500.SH|515790.SH|562500.SH,0.45288478296863016
2025,73,159529.SZ|159611.SZ|159687.SZ|159825.SZ|159865.SZ|159901.SZ|159920.SZ|510180.SH|512040.SH|512800.SH|513400.SH|513750.SH|515220.SH|516150.SH|518880.SH,2.161850525722976
2025,74,159326.SZ|159518.SZ|159796.SZ|159870.SZ|159928.SZ|159980.SZ|161226.SZ|510880.SH|512200.SH|512980.SH|513100.SH|513120.SH|513180.SH|513290.SH|588200.SH,0.5604091536245909
2025,75,159529.SZ|159851.SZ|159869.SZ|159915.SZ|159949.SZ|159985.SZ|164824.SZ|510180.SH|510880.SH|512170.SH|512200.SH|513120.SH|513290.SH|515880.SH|516150.SH,0.4698001244044288
2025,76,159209.SZ|159529.SZ|159766.SZ|159796.SZ|159865.SZ|159901.SZ|159928.SZ|159949.SZ|510300.SH|510880.SH|512880.SH|512980.SH|513290.SH|563300.SH|588200.SH,1.5463148881651152
2025,77,159201.SZ|159329.SZ|159529.SZ|159611.SZ|159865.SZ|159870.SZ|159901.SZ|159920.SZ|159949.SZ|510880.SH|513070.SH|513080.SH|515210.SH|518880.SH|563300.SH,1.6668157187263
2025,78,159209.SZ|159326.SZ|159509.SZ|159518.SZ|159611.SZ|159825.SZ|159852.SZ|159901.SZ|510500.SH|512980.SH|513500.SH|513750.SH|515880.SH|516150.SH|562500.SH,1.446968585163216
2025,79,159825.SZ|159869.SZ|159870.SZ|159920.SZ|159928.SZ|510180.SH|510210.SH|510500.SH|510880.SH|512100.SH|512880.SH|512980.SH|513070.SH|513310.SH|513730.SH,1.3667747403552208
2025,80,159518.SZ|159796.SZ|159869.SZ|159901.SZ|159928.SZ|501018.SH|512040.SH|512170.SH|512200.SH|512800.SH|513310.SH|513500.SH|515210.SH|515790.SH|516150.SH,-0.08148906467353648
2025,81,159611.SZ|159687.SZ|159766.SZ|159825.SZ|159869.SZ|159985.SZ|160644.SZ|510050.SH|510300.SH|512800.SH|513070.SH|513290.SH|513750.SH|515880.SH|588200.SH,1.5512063522198392
2025,82,159206.SZ|159611.SZ|159825.SZ|159851.SZ|159920.SZ|510180.SH|510300.SH|512800.SH|512880.SH|512890.SH|513070.SH|513100.SH|513180.SH|515790.SH|588220.SH,1.6001128500045028
2025,83,159201.SZ|159611.SZ|159766.SZ|159901.SZ|159949.SZ|159967.SZ|510180.SH|510300.SH|510500.SH|512170.SH|513750.SH|515210.SH|562500.SH|588200.SH|588220.SH,0.9429617436537175
2025,84,159687.SZ|159901.SZ|501018.SH|510180.SH|512040.SH|512100.SH|512800.SH|513120.SH|513290.SH|513500.SH|513750.SH|518880.SH|563300.SH|588000.SH|588200.SH,1.4657121078103204
2025,85,159209.SZ|159529.SZ|159611.SZ|159796.SZ|159870.SZ|160644.SZ|512040.SH|512980.SH|513070.SH|513290.SH|513310.SH|515210.SH|515220.SH|588000.SH|588220.SH,0.915619981082127
2025,86,159509.SZ|159518.SZ|159851.SZ|159870.SZ|159920.SZ|512200.SH|512400.SH|512880.SH|513100.SH|513120.SH|513290.SH|513310.SH|513750.SH|516150.SH|588200.SH,0.9393107277800905
2025,87,159206.SZ|159825.SZ|159852.SZ|159870.SZ|164824.SZ|510210.SH|512660.SH|513100.SH|513180.SH|513290.SH|513310.SH|513400.SH|513750.SH|515210.SH|515880.SH,1.6059512521453514
2025,88,159206.SZ|159209.SZ|159509.SZ|159687.SZ|159851.SZ|159852.SZ|160644.SZ|510050.SH|510300.SH|512100.SH|512200.SH|512800.SH|512880.SH|513290.SH|513400.SH,0.960188529506898
2025,89,159209.SZ|159766.SZ|159796.SZ|159949.SZ|159967.SZ|159985.SZ|510880.SH|512400.SH|513030.SH|513070.SH|513750.SH|515220.SH|563300.SH|588000.SH|588200.SH,0.7047077403696321
2025,90,159766.SZ|159852.SZ|159870.SZ|159985.SZ|160644.SZ|512170.SH|512400.SH|512800.SH|512880.SH|512890.SH|513070.SH|513310.SH|515220.SH|516150.SH|563300.SH,0.4198427432024273
2025,91,159209.SZ|159329.SZ|159852.SZ|159915.SZ|159928.SZ|159949.SZ|159967.SZ|512200.SH|512800.SH|513080.SH|515210.SH|515220.SH|518880.SH|563300.SH|588200.SH,1.670243225238136
2025,92,159518.SZ|159611.SZ|159851.SZ|160644.SZ|512200.SH|512400.SH|512980.SH|513030.SH|513180.SH|513310.SH|515210.SH|515220.SH|516150.SH|518880.SH|588220.SH,0.71677059405587
2025,93,159329.SZ|159529.SZ|159611.SZ|159852.SZ|159865.SZ|159949.SZ|510180.SH|510300.SH|512040.SH|513080.SH|513290.SH|513750.SH|513880.SH|515210.SH|518880.SH,2.180900117425296
2025,94,159206.SZ|159611.SZ|159852.SZ|159928.SZ|159980.SZ|160644.SZ|501018.SH|510050.SH|512040.SH|512100.SH|512400.SH|512980.SH|513100.SH|588200.SH|588220.SH,0.21236313629636294
2025,95,159201.SZ|159209.SZ|159915.SZ|159928.SZ|501018.SH|510180.SH|510300.SH|510880.SH|512040.SH|512170.SH|512200.SH|513310.SH|513500.SH|515220.SH|562500.SH,0.0016388342536124971
2025,96,159509.SZ|159529.SZ|159611.SZ|159796.SZ|159852.SZ|159869.SZ|510050.SH|510210.SH|512040.SH|512400.SH|513730.SH|515220.SH|515880.SH|588200.SH|588220.SH,1.321068068620534
2025,97,159206.SZ|159509.SZ|159796.SZ|159851.SZ|159980.SZ|510050.SH|512040.SH|512880.SH|512890.SH|513070.SH|513080.SH|513400.SH|515210.SH|562500.SH|588000.SH,1.2090089824151644
2025,98,159206.SZ|159518.SZ|159611.SZ|159869.SZ|159928.SZ|159981.SZ|510500.SH|512660.SH|512800.SH|512890.SH|512980.SH|513080.SH|513100.SH|513120.SH|515790.SH,0.3193725143724732
2025,99,159329.SZ|159825.SZ|159852.SZ|159915.SZ|159920.SZ|160644.SZ|512100.SH|512660.SH|513080.SH|513180.SH|513290.SH|513730.SH|515220.SH|515880.SH|562500.SH,0.9407318919957091
2025,100,159201.SZ|159509.SZ|159529.SZ|159611.SZ|159901.SZ|159915.SZ|164824.SZ|510180.SH|512880.SH|513080.SH|513100.SH|515220.SH|515790.SH|518880.SH|588220.SH,1.533521055271441
