method,training_period,holding_period,evaluation,codes,sharpe,maximum_within_group_correlation,phase,temperature,removed,added
rolling_simulated_annealing,2021-07-01/2021-12-31,2022-01-01/2022-06-30,1,159901.SZ|159920.SZ|159980.SZ|159985.SZ|501018.SH|512200.SH|513030.SH|513080.SH|513180.SH|513500.SH|513880.SH|516150.SH|518880.SH,-1.3809150180987266,0.9194433972050108,initial,,,
rolling_simulated_annealing,2021-07-01/2021-12-31,2022-01-01/2022-06-30,2,159901.SZ|159920.SZ|159980.SZ|159981.SZ|159985.SZ|501018.SH|512200.SH|513030.SH|513080.SH|513180.SH|513500.SH|513880.SH|516150.SH,-0.19910924570860905,0.9194433972050108,annealing,0.4840044985514857,518880.SH,159981.SZ
rolling_simulated_annealing,2021-07-01/2021-12-31,2022-01-01/2022-06-30,3,159901.SZ|159920.SZ|159980.SZ|159981.SZ|159985.SZ|164824.SZ|501018.SH|512200.SH|513030.SH|513080.SH|513180.SH|513500.SH|516150.SH,0.51981942654732,0.9194433972050108,annealing,0.4685207092361502,513880.SH,164824.SZ
rolling_simulated_annealing,2021-07-01/2021-12-31,2022-01-01/2022-06-30,4,159766.SZ|159901.SZ|159920.SZ|159980.SZ|159981.SZ|159985.SZ|164824.SZ|501018.SH|512200.SH|513030.SH|513080.SH|513180.SH|513500.SH,0.46960243360510884,0.9194433972050108,annealing,0.4535322618696586,516150.SH,159766.SZ
rolling_simulated_annealing,2021-07-01/2021-12-31,2022-01-01/2022-06-30,5,159901.SZ|159920.SZ|159980.SZ|159981.SZ|159985.SZ|164824.SZ|501018.SH|512200.SH|512800.SH|513030.SH|513080.SH|513180.SH|513500.SH,0.13596040298557982,0.9194433972050108,annealing,0.4390233099662904,159766.SZ,512800.SH
rolling_simulated_annealing,2021-07-01/2021-12-31,2022-01-01/2022-06-30,6,159766.SZ|159920.SZ|159980.SZ|159981.SZ|159985.SZ|164824.SZ|501018.SH|512200.SH|513030.SH|513080.SH|513180.SH|513500.SH|515790.SH,0.4293366215472356,0.9194433972050108,annealing,0.42497851398529574,159901.SZ,515790.SH
rolling_simulated_annealing,2021-07-01/2021-12-31,2022-01-01/2022-06-30,7,159766.SZ|159920.SZ|159981.SZ|159985.SZ|161226.SZ|164824.SZ|501018.SH|512200.SH|513030.SH|513080.SH|513180.SH|513500.SH|515790.SH,0.1129659942677346,0.9194433972050108,annealing,0.41138302511321717,159980.SZ,161226.SZ
rolling_simulated_annealing,2021-07-01/2021-12-31,2022-01-01/2022-06-30,8,159766.SZ|159920.SZ|159980.SZ|159981.SZ|159985.SZ|164824.SZ|501018.SH|512200.SH|512980.SH|513030.SH|513080.SH|513180.SH|513500.SH,0.8059250165719399,0.9194433972050108,annealing,0.3982224695650319,515790.SH,512980.SH
rolling_simulated_annealing,2021-07-01/2021-12-31,2022-01-01/2022-06-30,9,159901.SZ|159920.SZ|159980.SZ|159981.SZ|159985.SZ|164824.SZ|501018.SH|512200.SH|512980.SH|513030.SH|513080.SH|513180.SH|513500.SH,0.36616191269771164,0.9194433972050108,annealing,0.385482933387515,159766.SZ,159901.SZ
rolling_simulated_annealing,2021-07-01/2021-12-31,2022-01-01/2022-06-30,10,159766.SZ|159920.SZ|159980.SZ|159981.SZ|159985.SZ|161226.SZ|164824.SZ|512200.SH|512980.SH|513030.SH|513080.SH|513180.SH|513500.SH,0.06519485144801597,0.9194433972050108,annealing,0.37315094774875995,501018.SH,161226.SZ
rolling_simulated_annealing,2021-07-01/2021-12-31,2022-01-01/2022-06-30,11,159766.SZ|159920.SZ|159980.SZ|159981.SZ|159985.SZ|164824.SZ|501018.SH|512200.SH|512660.SH|513030.SH|513080.SH|513180.SH|513500.SH,0.7645224583999838,0.9194433972050108,annealing,0.3612134746983004,512980.SH,512660.SH
rolling_simulated_annealing,2021-07-01/2021-12-31,2022-01-01/2022-06-30,12,159766.SZ|159920.SZ|159980.SZ|159981.SZ|159985.SZ|164824.SZ|512200.SH|512660.SH|513030.SH|513080.SH|513180.SH|513500.SH|518880.SH,0.06893030134837189,0.9194433972050108,annealing,0.34965789338278125,501018.SH,518880.SH
rolling_simulated_annealing,2021-07-01/2021-12-31,2022-01-01/2022-06-30,13,159766.SZ|159920.SZ|159980.SZ|159981.SZ|159985.SZ|164824.SZ|501018.SH|512660.SH|513030.SH|513080.SH|513180.SH|513500.SH|515210.SH,0.6672170770842445,0.9194433972050108,annealing,0.33847198670260376,512200.SH,515210.SH
rolling_simulated_annealing,2021-07-01/2021-12-31,2022-01-01/2022-06-30,14,159766.SZ|159920.SZ|159980.SZ|159981.SZ|159985.SZ|164824.SZ|501018.SH|512660.SH|513030.SH|513080.SH|513100.SH|513180.SH|515210.SH,0.8282747248071406,0.9194433972050108,annealing,0.3276439283954377,513500.SH,513100.SH
rolling_simulated_annealing,2021-07-01/2021-12-31,2022-01-01/2022-06-30,15,159766.SZ|159920.SZ|159980.SZ|159981.SZ|159985.SZ|164824.SZ|501018.SH|512660.SH|513080.SH|513100.SH|513180.SH|513880.SH|515210.SH,0.17484109939420472,0.9194433972050108,annealing,0.31716227053294543,513030.SH,513880.SH
rolling_simulated_annealing,2021-07-01/2021-12-31,2022-01-01/2022-06-30,16,159766.SZ|159920.SZ|159980.SZ|159981.SZ|159985.SZ|160644.SZ|164824.SZ|501018.SH|512660.SH|513030.SH|513100.SH|513180.SH|515210.SH,0.9057321477018293,0.9194433972050108,annealing,0.3070159314174978,513080.SH,160644.SZ
rolling_simulated_annealing,2021-07-01/2021-12-31,2022-01-01/2022-06-30,17,159766.SZ|159920.SZ|159980.SZ|159985.SZ|160644.SZ|161226.SZ|164824.SZ|501018.SH|512660.SH|513030.SH|513100.SH|513180.SH|515210.SH,-0.21284114390823503,0.9194433972050108,annealing,0.2971941838660867,159981.SZ,161226.SZ
rolling_simulated_annealing,2021-07-01/2021-12-31,2022-01-01/2022-06-30,18,159766.SZ|159920.SZ|159980.SZ|159981.SZ|159985.SZ|160644.SZ|164824.SZ|501018.SH|510050.SH|512660.SH|513030.SH|513100.SH|513180.SH,0.792033566870542,0.9194433972050108,annealing,0.28768664386904663,515210.SH,510050.SH
rolling_simulated_annealing,2021-07-01/2021-12-31,2022-01-01/2022-06-30,19,159766.SZ|159920.SZ|159980.SZ|159981.SZ|159985.SZ|160644.SZ|164824.SZ|501018.SH|510050.SH|512660.SH|513100.SH|513180.SH|513500.SH,1.1969543043801314,0.9194433972050108,annealing,0.27848325961159553,513030.SH,513500.SH
rolling_simulated_annealing,2021-07-01/2021-12-31,2022-01-01/2022-06-30,20,159766.SZ|159920.SZ|159980.SZ|159981.SZ|159985.SZ|160644.SZ|164824.SZ|501018.SH|510050.SH|512660.SH|513030.SH|513180.SH|513500.SH,0.654345582899321,0.9194433972050108,annealing,0.269574300846587,513100.SH,513030.SH
rolling_simulated_annealing,2021-07-01/2021-12-31,2022-01-01/2022-06-30,21,159920.SZ|159980.SZ|159981.SZ|159985.SZ|160644.SZ|164824.SZ|501018.SH|510050.SH|512660.SH|512880.SH|513100.SH|513180.SH|513500.SH,1.2351753995873993,0.9194433972050108,annealing,0.26095034860723937,159766.SZ,512880.SH
rolling_simulated_annealing,2021-07-01/2021-12-31,2022-01-01/2022-06-30,22,159920.SZ|159980.SZ|159981.SZ|159985.SZ|160644.SZ|501018.SH|510050.SH|512660.SH|512880.SH|513080.SH|513100.SH|513180.SH|513500.SH,0.43732723231539755,0.9194433972050108,annealing,0.25260228524896455,164824.SZ,513080.SH
rolling_simulated_annealing,2021-07-01/2021-12-31,2022-01-01/2022-06-30,23,159920.SZ|159980.SZ|159981.SZ|159985.SZ|160644.SZ|164824.SZ|501018.SH|510050.SH|512660.SH|512880.SH|513030.SH|513180.SH|513500.SH,0.842288255466035,0.9194433972050108,annealing,0.24452128480976887,513100.SH,513030.SH
rolling_simulated_annealing,2021-07-01/2021-12-31,2022-01-01/2022-06-30,24,159920.SZ|159980.SZ|159981.SZ|159985.SZ|160644.SZ|164824.SZ|501018.SH|510050.SH|512800.SH|512880.SH|513100.SH|513180.SH|513500.SH,0.6009300201479021,0.9194433972050108,annealing,0.23669880367903437,512660.SH,512800.SH
rolling_simulated_annealing,2021-07-01/2021-12-31,2022-01-01/2022-06-30,25,159920.SZ|159980.SZ|159981.SZ|159985.SZ|164824.SZ|501018.SH|510050.SH|512660.SH|512880.SH|513100.SH|513180.SH|513500.SH|513880.SH,0.1264931611493458,0.9194433972050108,annealing,0.22912657156481517,160644.SZ,513880.SH
rolling_simulated_annealing,2021-07-01/2021-12-31,2022-01-01/2022-06-30,26,159920.SZ|159980.SZ|159981.SZ|159985.SZ|160644.SZ|164824.SZ|510050.SH|512660.SH|512880.SH|513100.SH|513180.SH|513500.SH|518880.SH,0.36318926203191243,0.9194433972050108,annealing,0.22179658275009892,501018.SH,518880.SH
rolling_simulated_annealing,2021-07-01/2021-12-31,2022-01-01/2022-06-30,27,159920.SZ|159980.SZ|159981.SZ|160644.SZ|161226.SZ|164824.SZ|501018.SH|510050.SH|512660.SH|512880.SH|513100.SH|513180.SH|513500.SH,1.1411220963930255,0.9194433972050108,annealing,0.21470108762878945,159985.SZ,161226.SZ
rolling_simulated_annealing,2021-07-01/2021-12-31,2022-01-01/2022-06-30,28,159920.SZ|159980.SZ|159981.SZ|160644.SZ|161226.SZ|164824.SZ|501018.SH|512100.SH|512660.SH|512880.SH|513100.SH|513180.SH|513500.SH,0.8916701734258202,0.9194433972050108,annealing,0.20783258451246167,510050.SH,512100.SH
rolling_simulated_annealing,2021-07-01/2021-12-31,2022-01-01/2022-06-30,29,159920.SZ|159980.SZ|159981.SZ|160644.SZ|161226.SZ|164824.SZ|501018.SH|512660.SH|512880.SH|513100.SH|513180.SH|513500.SH|588000.SH,1.0429440543675823,0.9194433972050108,annealing,0.20118381169922656,510050.SH,588000.SH
rolling_simulated_annealing,2021-07-01/2021-12-31,2022-01-01/2022-06-30,30,159901.SZ|159920.SZ|159980.SZ|159981.SZ|160644.SZ|161226.SZ|164824.SZ|501018.SH|512660.SH|513100.SH|513180.SH|513500.SH|588000.SH,1.1132186932757318,0.9194433972050108,annealing,0.19474773979632132,512880.SH,159901.SZ
rolling_simulated_annealing,2021-07-01/2021-12-31,2022-01-01/2022-06-30,31,159901.SZ|159920.SZ|159980.SZ|159981.SZ|160644.SZ|161226.SZ|164824.SZ|501018.SH|512100.SH|512660.SH|513100.SH|513180.SH|513500.SH,0.9997851623842994,0.9194433972050108,annealing,0.18851756428830743,588000.SH,512100.SH
rolling_simulated_annealing,2021-07-01/2021-12-31,2022-01-01/2022-06-30,32,159901.SZ|159920.SZ|159980.SZ|159981.SZ|160644.SZ|161226.SZ|164824.SZ|501018.SH|512660.SH|513030.SH|513100.SH|513180.SH|588000.SH,1.3067633705285506,0.9194433972050108,annealing,0.1824866983430194,513500.SH,513030.SH
rolling_simulated_annealing,2021-07-01/2021-12-31,2022-01-01/2022-06-30,33,159901.SZ|159920.SZ|159980.SZ|160644.SZ|161226.SZ|164824.SZ|501018.SH|512660.SH|513030.SH|513100.SH|513180.SH|518880.SH|588000.SH,0.2528489735980815,0.9194433972050108,annealing,0.17664876584765868,159981.SZ,518880.SH
rolling_simulated_annealing,2021-07-01/2021-12-31,2022-01-01/2022-06-30,34,159901.SZ|159920.SZ|159980.SZ|159981.SZ|160644.SZ|161226.SZ|164824.SZ|501018.SH|512980.SH|513030.SH|513100.SH|513180.SH|588000.SH,1.112910491101699,0.9194433972050108,annealing,0.1709975946676697,512660.SH,512980.SH
rolling_simulated_annealing,2021-07-01/2021-12-31,2022-01-01/2022-06-30,35,159901.SZ|159920.SZ|159980.SZ|159985.SZ|160644.SZ|161226.SZ|164824.SZ|501018.SH|512660.SH|513030.SH|513100.SH|513180.SH|588000.SH,0.30651934653441926,0.9194433972050108,annealing,0.16552721012127136,159981.SZ,159985.SZ
rolling_simulated_annealing,2021-07-01/2021-12-31,2022-01-01/2022-06-30,36,159920.SZ|159980.SZ|159981.SZ|160644.SZ|161226.SZ|164824.SZ|501018.SH|512660.SH|512980.SH|513030.SH|513100.SH|513180.SH|588000.SH,1.3987202879147003,0.9194433972050108,annealing,0.16023182866274469,159901.SZ,512980.SH
rolling_simulated_annealing,2021-07-01/2021-12-31,2022-01-01/2022-06-30,37,159920.SZ|159981.SZ|159985.SZ|160644.SZ|161226.SZ|164824.SZ|501018.SH|512660.SH|512980.SH|513030.SH|513100.SH|513180.SH|588000.SH,0.5682923372798011,0.9194433972050108,annealing,0.15510585176779862,159980.SZ,159985.SZ
rolling_simulated_annealing,2021-07-01/2021-12-31,2022-01-01/2022-06-30,38,159920.SZ|159928.SZ|159980.SZ|159981.SZ|160644.SZ|161226.SZ|164824.SZ|501018.SH|512980.SH|513030.SH|513100.SH|513180.SH|588000.SH,0.7415213943543294,0.9194433972050108,annealing,0.15014386001454888,512660.SH,159928.SZ
rolling_simulated_annealing,2021-07-01/2021-12-31,2022-01-01/2022-06-30,39,159920.SZ|159980.SZ|159981.SZ|160644.SZ|161226.SZ|501018.SH|512660.SH|512980.SH|513030.SH|513100.SH|513180.SH|513500.SH|588000.SH,0.7644375122214377,0.9194433972050108,annealing,0.1453406073538524,164824.SZ,513500.SH
rolling_simulated_annealing,2021-07-01/2021-12-31,2022-01-01/2022-06-30,40,159920.SZ|159981.SZ|160644.SZ|161226.SZ|164824.SZ|501018.SH|512660.SH|512980.SH|513030.SH|513100.SH|513180.SH|518880.SH|588000.SH,-0.0602999121700857,0.9194433972050108,annealing,0.1406910155629394,159980.SZ,518880.SH
rolling_simulated_annealing,2021-07-01/2021-12-31,2022-01-01/2022-06-30,41,159920.SZ|159980.SZ|159981.SZ|160644.SZ|161226.SZ|164824.SZ|501018.SH|510210.SH|512660.SH|512980.SH|513030.SH|513100.SH|513180.SH,1.1544398096756643,0.9194433972050108,annealing,0.1361901688764795,588000.SH,510210.SH
rolling_simulated_annealing,2021-07-01/2021-12-31,2022-01-01/2022-06-30,42,159920.SZ|159980.SZ|159981.SZ|160644.SZ|161226.SZ|164824.SZ|501018.SH|510050.SH|512660.SH|513030.SH|513100.SH|513180.SH|588000.SH,1.2551782060172074,0.9194433972050108,annealing,0.13183330878940522,512980.SH,510050.SH
rolling_simulated_annealing,2021-07-01/2021-12-31,2022-01-01/2022-06-30,43,159920.SZ|159980.SZ|159981.SZ|159985.SZ|160644.SZ|164824.SZ|501018.SH|512660.SH|512980.SH|513030.SH|513100.SH|513180.SH|588000.SH,1.161221623686512,0.9194433972050108,annealing,0.1276158290259985,161226.SZ,159985.SZ
rolling_simulated_annealing,2021-07-01/2021-12-31,2022-01-01/2022-06-30,44,159865.SZ|159920.SZ|159980.SZ|159981.SZ|160644.SZ|161226.SZ|164824.SZ|501018.SH|512660.SH|513030.SH|513100.SH|513180.SH|588000.SH,1.3204383845543084,0.9194433972050108,annealing,0.12353327066992105,512980.SH,159865.SZ
rolling_simulated_annealing,2021-07-01/2021-12-31,2022-01-01/2022-06-30,45,159865.SZ|159920.SZ|159980.SZ|159981.SZ|160644.SZ|161226.SZ|164824.SZ|501018.SH|512660.SH|512800.SH|513030.SH|513100.SH|513180.SH,-0.20880998070589682,0.9194433972050108,annealing,0.1195813174500402,588000.SH,512800.SH
rolling_simulated_annealing,2021-07-01/2021-12-31,2022-01-01/2022-06-30,46,159865.SZ|159920.SZ|159980.SZ|159981.SZ|160644.SZ|161226.SZ|164824.SZ|501018.SH|512660.SH|513030.SH|513180.SH|513880.SH|588000.SH,0.418708490119906,0.9194433972050108,annealing,0.11575579117706547,513100.SH,513880.SH
rolling_simulated_annealing,2021-07-01/2021-12-31,2022-01-01/2022-06-30,47,159920.SZ|159980.SZ|159981.SZ|160644.SZ|161226.SZ|164824.SZ|501018.SH|512660.SH|513030.SH|513100.SH|513180.SH|515790.SH|588000.SH,1.0607739614326326,0.9194433972050108,annealing,0.11205264732617212,159865.SZ,515790.SH
rolling_simulated_annealing,2021-07-01/2021-12-31,2022-01-01/2022-06-30,48,159865.SZ|159920.SZ|159980.SZ|159981.SZ|159985.SZ|160644.SZ|164824.SZ|501018.SH|512660.SH|513030.SH|513100.SH|513180.SH|588000.SH,1.2860091138394278,0.9194433972050108,annealing,0.10846797076094081,161226.SZ,159985.SZ
rolling_simulated_annealing,2021-07-01/2021-12-31,2022-01-01/2022-06-30,49,159865.SZ|159920.SZ|159981.SZ|160644.SZ|161226.SZ|164824.SZ|501018.SH|512660.SH|513030.SH|513100.SH|513180.SH|518880.SH|588000.SH,0.19892018600995023,0.9194433972050108,annealing,0.10499797159409273,159980.SZ,518880.SH
rolling_simulated_annealing,2021-07-01/2021-12-31,2022-01-01/2022-06-30,50,159865.SZ|159920.SZ|159980.SZ|159981.SZ|160644.SZ|161226.SZ|501018.SH|512660.SH|513030.SH|513080.SH|513100.SH|513180.SH|588000.SH,1.038813441450698,0.9194433972050108,annealing,0.10163898118064398,164824.SZ,513080.SH
rolling_simulated_annealing,2021-07-01/2021-12-31,2022-01-01/2022-06-30,51,159865.SZ|159920.SZ|159980.SZ|159981.SZ|160644.SZ|161226.SZ|164824.SZ|501018.SH|512400.SH|512660.SH|513030.SH|513100.SH|513180.SH,0.6055585833742458,0.9194433972050108,annealing,0.09838744823924296,588000.SH,512400.SH
rolling_simulated_annealing,2021-07-01/2021-12-31,2022-01-01/2022-06-30,52,159865.SZ|159920.SZ|159980.SZ|159981.SZ|160644.SZ|161226.SZ|164824.SZ|501018.SH|512660.SH|513100.SH|513180.SH|513500.SH|588000.SH,0.9582931110942761,0.9194433972050108,annealing,0.09523993509759009,513030.SH,513500.SH
rolling_simulated_annealing,2021-07-01/2021-12-31,2022-01-01/2022-06-30,53,159865.SZ|159920.SZ|159980.SZ|159981.SZ|160644.SZ|161226.SZ|164824.SZ|501018.SH|512660.SH|513100.SH|513180.SH|513880.SH|588000.SH,1.600271935871514,0.9194433972050108,annealing,0.09219311405797025,513030.SH,513880.SH
rolling_simulated_annealing,2021-07-01/2021-12-31,2022-01-01/2022-06-30,54,159865.SZ|159920.SZ|159980.SZ|159981.SZ|160644.SZ|161226.SZ|501018.SH|512660.SH|513080.SH|513100.SH|513180.SH|513880.SH|588000.SH,0.5304642036335944,0.9194433972050108,annealing,0.08924376387905565,164824.SZ,513080.SH
rolling_simulated_annealing,2021-07-01/2021-12-31,2022-01-01/2022-06-30,55,159865.SZ|159920.SZ|159928.SZ|159980.SZ|159981.SZ|160644.SZ|161226.SZ|164824.SZ|501018.SH|512660.SH|513100.SH|513180.SH|513880.SH,0.42349309952342473,0.9194433972050108,annealing,0.08638876637025905,588000.SH,159928.SZ
rolling_simulated_annealing,2021-07-01/2021-12-31,2022-01-01/2022-06-30,56,159865.SZ|159920.SZ|159980.SZ|159981.SZ|160644.SZ|161226.SZ|164824.SZ|501018.SH|512400.SH|512660.SH|513100.SH|513180.SH|513880.SH,0.7556232657618213,0.9194433972050108,annealing,0.08362510309503735,588000.SH,512400.SH
rolling_simulated_annealing,2021-07-01/2021-12-31,2022-01-01/2022-06-30,57,159865.SZ|159920.SZ|159980.SZ|159981.SZ|161226.SZ|164824.SZ|501018.SH|512660.SH|513080.SH|513100.SH|513180.SH|513880.SH|588000.SH,0.682969371729772,0.9194433972050108,annealing,0.08094985217965969,160644.SZ,513080.SH
rolling_simulated_annealing,2021-07-01/2021-12-31,2022-01-01/2022-06-30,58,159865.SZ|159920.SZ|159980.SZ|159981.SZ|159985.SZ|160644.SZ|161226.SZ|164824.SZ|512660.SH|513100.SH|513180.SH|513880.SH|588000.SH,0.6837457844233645,0.9194433972050108,annealing,0.07836018522406615,501018.SH,159985.SZ
rolling_simulated_annealing,2021-07-01/2021-12-31,2022-01-01/2022-06-30,59,159865.SZ|159920.SZ|159980.SZ|159981.SZ|160644.SZ|164824.SZ|501018.SH|512660.SH|513100.SH|513180.SH|513880.SH|518880.SH|588000.SH,0.6350594483170496,0.9194433972050108,annealing,0.07585336431155136,161226.SZ,518880.SH
rolling_simulated_annealing,2021-07-01/2021-12-31,2022-01-01/2022-06-30,60,159865.SZ|159920.SZ|159980.SZ|159981.SZ|160644.SZ|161226.SZ|164824.SZ|501018.SH|510050.SH|513100.SH|513180.SH|513880.SH|588000.SH,1.1032228292067636,0.9194433972050108,annealing,0.07342673911411116,512660.SH,510050.SH
rolling_simulated_annealing,2021-07-01/2021-12-31,2022-01-01/2022-06-30,61,159865.SZ|159920.SZ|159981.SZ|160644.SZ|161226.SZ|164824.SZ|501018.SH|512660.SH|513100.SH|513180.SH|513880.SH|518880.SH|588000.SH,0.17982915114633435,0.9194433972050108,annealing,0.07107774409039225,159980.SZ,518880.SH
rolling_simulated_annealing,2021-07-01/2021-12-31,2022-01-01/2022-06-30,62,159865.SZ|159920.SZ|159980.SZ|159981.SZ|160644.SZ|161226.SZ|164824.SZ|501018.SH|512660.SH|513080.SH|513100.SH|513180.SH|588000.SH,0.9547828406077855,0.9194433972050108,annealing,0.06880389577328226,513880.SH,513080.SH
rolling_simulated_annealing,2021-07-01/2021-12-31,2022-01-01/2022-06-30,63,159865.SZ|159920.SZ|159980.SZ|159981.SZ|161226.SZ|164824.SZ|501018.SH|512660.SH|513100.SH|513180.SH|513500.SH|513880.SH|588000.SH,0.9871599205841654,0.9194433972050108,annealing,0.06660279014427231,160644.SZ,513500.SH
rolling_simulated_annealing,2021-07-01/2021-12-31,2022-01-01/2022-06-30,64,159865.SZ|159920.SZ|159980.SZ|160644.SZ|161226.SZ|164824.SZ|501018.SH|512660.SH|513100.SH|513180.SH|513880.SH|518880.SH|588000.SH,-0.33001190871663333,0.9194433972050108,annealing,0.06447210009181673,159981.SZ,518880.SH
rolling_simulated_annealing,2021-07-01/2021-12-31,2022-01-01/2022-06-30,65,159865.SZ|159920.SZ|159928.SZ|159980.SZ|159981.SZ|160644.SZ|161226.SZ|164824.SZ|501018.SH|513100.SH|513180.SH|513880.SH|588000.SH,0.9003917368677407,0.9194433972050108,annealing,0.06240957295100188,512660.SH,159928.SZ
rolling_simulated_annealing,2021-07-01/2021-12-31,2022-01-01/2022-06-30,66,159865.SZ|159920.SZ|159980.SZ|159981.SZ|160644.SZ|161226.SZ|164824.SZ|512660.SH|513100.SH|513180.SH|513880.SH|518880.SH|588000.SH,-0.19340180718740965,0.9194433972050108,annealing,0.06041302812192407,501018.SH,518880.SH
rolling_simulated_annealing,2021-07-01/2021-12-31,2022-01-01/2022-06-30,67,159865.SZ|159920.SZ|159980.SZ|159981.SZ|161226.SZ|164824.SZ|501018.SH|512660.SH|513030.SH|513100.SH|513180.SH|513880.SH|588000.SH,1.0214863563073413,0.9194433972050108,annealing,0.05848035476425733,160644.SZ,513030.SH
rolling_simulated_annealing,2021-07-01/2021-12-31,2022-01-01/2022-06-30,68,159865.SZ|159920.SZ|159981.SZ|159985.SZ|160644.SZ|161226.SZ|164824.SZ|501018.SH|512660.SH|513100.SH|513180.SH|513880.SH|588000.SH,1.514722354692597,0.9194433972050108,annealing,0.0566095095655747,159980.SZ,159985.SZ
rolling_simulated_annealing,2021-07-01/2021-12-31,2022-01-01/2022-06-30,69,159825.SZ|159920.SZ|159980.SZ|159981.SZ|160644.SZ|161226.SZ|164824.SZ|501018.SH|512660.SH|513100.SH|513180.SH|513880.SH|588000.SH,1.1206563453907137,0.9194433972050108,annealing,0.05479851458106304,159865.SZ,159825.SZ
rolling_simulated_annealing,2021-07-01/2021-12-31,2022-01-01/2022-06-30,70,159865.SZ|159920.SZ|159980.SZ|159981.SZ|160644.SZ|161226.SZ|501018.SH|512660.SH|513030.SH|513100.SH|513180.SH|513880.SH|588000.SH,0.7312627956452246,0.9194433972050108,annealing,0.05304545514234737,164824.SZ,513030.SH
rolling_simulated_annealing,2021-07-01/2021-12-31,2022-01-01/2022-06-30,71,159920.SZ|159980.SZ|159981.SZ|160644.SZ|161226.SZ|164824.SZ|501018.SH|510050.SH|512660.SH|513100.SH|513180.SH|513880.SH|588000.SH,0.8769789169464243,0.9194433972050108,annealing,0.05134847783321434,159865.SZ,510050.SH
rolling_simulated_annealing,2021-07-01/2021-12-31,2022-01-01/2022-06-30,72,159920.SZ|159980.SZ|159981.SZ|160644.SZ|161226.SZ|164824.SZ|501018.SH|512660.SH|513100.SH|513180.SH|513880.SH|515210.SH|588000.SH,0.8898917096164581,0.9194433972050108,annealing,0.049705788530093976,159865.SZ,515210.SH
rolling_simulated_annealing,2021-07-01/2021-12-31,2022-01-01/2022-06-30,73,159920.SZ|159928.SZ|159980.SZ|159981.SZ|160644.SZ|161226.SZ|164824.SZ|501018.SH|512660.SH|513100.SH|513180.SH|513880.SH|588000.SH,1.1262117900910493,0.9194433972050108,annealing,0.04811565050522864,159865.SZ,159928.SZ
rolling_simulated_annealing,2021-07-01/2021-12-31,2022-01-01/2022-06-30,74,159865.SZ|159920.SZ|159980.SZ|159981.SZ|160644.SZ|161226.SZ|164824.SZ|501018.SH|512660.SH|513080.SH|513180.SH|513880.SH|588000.SH,0.3359175697565853,0.9194433972050108,annealing,0.046576382590523456,513100.SH,513080.SH
rolling_simulated_annealing,2021-07-01/2021-12-31,2022-01-01/2022-06-30,75,159865.SZ|159920.SZ|159980.SZ|159981.SZ|160644.SZ|161226.SZ|164824.SZ|501018.SH|512660.SH|513180.SH|513500.SH|513880.SH|588000.SH,1.227789602757016,0.9194433972050108,annealing,0.045086357400136896,513100.SH,513500.SH
rolling_simulated_annealing,2021-07-01/2021-12-31,2022-01-01/2022-06-30,76,159865.SZ|159920.SZ|159980.SZ|159981.SZ|159985.SZ|160644.SZ|164824.SZ|501018.SH|512660.SH|513100.SH|513180.SH|513880.SH|588000.SH,1.4509158382903145,0.9194433972050108,annealing,0.043643999609932656,161226.SZ,159985.SZ
rolling_simulated_annealing,2021-07-01/2021-12-31,2022-01-01/2022-06-30,77,159865.SZ|159920.SZ|159980.SZ|159985.SZ|160644.SZ|161226.SZ|164824.SZ|501018.SH|512660.SH|513100.SH|513180.SH|513880.SH|588000.SH,0.973607799888433,0.9194433972050108,annealing,0.04224778429197339,159981.SZ,159985.SZ
rolling_simulated_annealing,2021-07-01/2021-12-31,2022-01-01/2022-06-30,78,159920.SZ|159980.SZ|159981.SZ|160644.SZ|161226.SZ|164824.SZ|501018.SH|510880.SH|512660.SH|513100.SH|513180.SH|513880.SH|588000.SH,1.0470064608860636,0.9194433972050108,annealing,0.04089623530229582,159865.SZ,510880.SH
rolling_simulated_annealing,2021-07-01/2021-12-31,2022-01-01/2022-06-30,79,159865.SZ|159920.SZ|159980.SZ|159981.SZ|160644.SZ|161226.SZ|164824.SZ|501018.SH|512200.SH|513100.SH|513180.SH|513880.SH|588000.SH,1.3777363504207312,0.9194433972050108,annealing,0.03958792372026251,512660.SH,512200.SH
rolling_simulated_annealing,2021-07-01/2021-12-31,2022-01-01/2022-06-30,80,159865.SZ|159870.SZ|159920.SZ|159980.SZ|159981.SZ|160644.SZ|161226.SZ|164824.SZ|501018.SH|513100.SH|513180.SH|513880.SH|588000.SH,0.5374628079335451,0.9194433972050108,annealing,0.03832146633784024,512660.SH,159870.SZ
rolling_simulated_annealing,2021-07-01/2021-12-31,2022-01-01/2022-06-30,81,159920.SZ|159980.SZ|159981.SZ|160644.SZ|161226.SZ|164824.SZ|501018.SH|510500.SH|512660.SH|513100.SH|513180.SH|513880.SH|588000.SH,0.678060451949703,0.9194433972050108,annealing,0.03709552419720801,159865.SZ,510500.SH
rolling_simulated_annealing,2021-07-01/2021-12-31,2022-01-01/2022-06-30,82,159920.SZ|159980.SZ|159981.SZ|160644.SZ|161226.SZ|164824.SZ|501018.SH|512400.SH|512660.SH|513100.SH|513180.SH|513880.SH|588000.SH,0.6268614493430562,0.9194433972050108,annealing,0.03590880117514833,159865.SZ,512400.SH
rolling_simulated_annealing,2021-07-01/2021-12-31,2022-01-01/2022-06-30,83,159865.SZ|159920.SZ|159980.SZ|159981.SZ|160644.SZ|161226.SZ|164824.SZ|501018.SH|510300.SH|513100.SH|513180.SH|513880.SH|588000.SH,1.419179879033367,0.9194433972050108,annealing,0.03476004261272534,512660.SH,510300.SH
rolling_simulated_annealing,2021-07-01/2021-12-31,2022-01-01/2022-06-30,84,159865.SZ|159920.SZ|159980.SZ|159981.SZ|160644.SZ|161226.SZ|164824.SZ|501018.SH|512660.SH|512800.SH|513100.SH|513180.SH|513880.SH,-0.2611754510582238,0.9194433972050108,annealing,0.033648033988800806,588000.SH,512800.SH
rolling_simulated_annealing,2021-07-01/2021-12-31,2022-01-01/2022-06-30,85,159865.SZ|159920.SZ|159980.SZ|159981.SZ|160644.SZ|161226.SZ|164824.SZ|501018.SH|512100.SH|512660.SH|513100.SH|513180.SH|513880.SH,1.2210265877729165,0.9194433972050108,annealing,0.03257159963598576,588000.SH,512100.SH
rolling_simulated_annealing,2021-07-01/2021-12-31,2022-01-01/2022-06-30,86,159852.SZ|159865.SZ|159920.SZ|159980.SZ|159981.SZ|160644.SZ|161226.SZ|164824.SZ|501018.SH|512660.SH|513100.SH|513180.SH|513880.SH,0.4313240161961086,0.9194433972050108,annealing,0.03152960149767008,588000.SH,159852.SZ
rolling_simulated_annealing,2021-07-01/2021-12-31,2022-01-01/2022-06-30,87,159920.SZ|159980.SZ|159981.SZ|160644.SZ|161226.SZ|164824.SZ|501018.SH|512660.SH|512880.SH|513100.SH|513180.SH|513880.SH|588000.SH,0.8242147905455106,0.9194433972050108,annealing,0.030520937924815954,159865.SZ,512880.SH
rolling_simulated_annealing,2021-07-01/2021-12-31,2022-01-01/2022-06-30,88,159865.SZ|159901.SZ|159920.SZ|159980.SZ|159981.SZ|160644.SZ|161226.SZ|164824.SZ|501018.SH|512660.SH|513100.SH|513180.SH|513880.SH,0.9128979502637279,0.9194433972050108,annealing,0.02954454251124314,588000.SH,159901.SZ
rolling_simulated_annealing,2021-07-01/2021-12-31,2022-01-01/2022-06-30,89,159865.SZ|159901.SZ|159920.SZ|159980.SZ|159981.SZ|160644.SZ|161226.SZ|164824.SZ|501018.SH|513100.SH|513180.SH|513880.SH|588000.SH,1.2367978715493133,0.9194433972050108,annealing,0.02859938296617458,512660.SH,159901.SZ
rolling_simulated_annealing,2021-07-01/2021-12-31,2022-01-01/2022-06-30,90,159920.SZ|159980.SZ|159981.SZ|160644.SZ|161226.SZ|164824.SZ|501018.SH|512170.SH|512660.SH|513100.SH|513180.SH|513880.SH|588000.SH,1.297187289988988,0.9194433972050108,annealing,0.02768446002285045,159865.SZ,512170.SH
rolling_simulated_annealing,2021-07-01/2021-12-31,2022-01-01/2022-06-30,91,159920.SZ|159980.SZ|159981.SZ|160644.SZ|161226.SZ|164824.SZ|501018.SH|512660.SH|513100.SH|513180.SH|513880.SH|516150.SH|588000.SH,0.9047937078919931,0.9194433972050108,annealing,0.026798806382056773,159865.SZ,516150.SH
rolling_simulated_annealing,2021-07-01/2021-12-31,2022-01-01/2022-06-30,92,159865.SZ|159920.SZ|159980.SZ|159981.SZ|160644.SZ|161226.SZ|164824.SZ|501018.SH|510050.SH|512660.SH|513100.SH|513180.SH|513880.SH,0.4675218847678662,0.9194433972050108,annealing,0.02594148568945148,588000.SH,510050.SH
rolling_simulated_annealing,2021-07-01/2021-12-31,2022-01-01/2022-06-30,93,159865.SZ|159920.SZ|159980.SZ|159981.SZ|160644.SZ|161226.SZ|164824.SZ|501018.SH|510180.SH|512660.SH|513100.SH|513180.SH|513880.SH,0.8172495420411152,0.9194433972050108,annealing,0.025111591545607014,588000.SH,510180.SH
rolling_simulated_annealing,2021-07-01/2021-12-31,2022-01-01/2022-06-30,94,159865.SZ|159920.SZ|159980.SZ|159981.SZ|160644.SZ|161226.SZ|164824.SZ|501018.SH|510500.SH|513100.SH|513180.SH|513880.SH|588000.SH,1.3644237319232215,0.9194433972050108,annealing,0.024308246547722494,512660.SH,510500.SH
rolling_simulated_annealing,2021-07-01/2021-12-31,2022-01-01/2022-06-30,95,159865.SZ|159920.SZ|159980.SZ|159981.SZ|160644.SZ|161226.SZ|164824.SZ|501018.SH|512800.SH|513100.SH|513180.SH|513880.SH|588000.SH,0.32402583425744186,0.9194433972050108,annealing,0.02353060136199262,512660.SH,512800.SH
rolling_simulated_annealing,2021-07-01/2021-12-31,2022-01-01/2022-06-30,96,159920.SZ|159980.SZ|159981.SZ|160644.SZ|161226.SZ|164824.SZ|501018.SH|512660.SH|512800.SH|513100.SH|513180.SH|513880.SH|588000.SH,0.14184855302792435,0.9194433972050108,annealing,0.022777833825652294,159865.SZ,512800.SH
rolling_simulated_annealing,2021-07-01/2021-12-31,2022-01-01/2022-06-30,97,159865.SZ|159920.SZ|159980.SZ|159981.SZ|160644.SZ|161226.SZ|164824.SZ|501018.SH|513100.SH|513180.SH|513880.SH|516150.SH|588000.SH,1.6595923858444994,0.9194433972050108,annealing,0.02204914807774781,512660.SH,516150.SH
rolling_simulated_annealing,2021-07-01/2021-12-31,2022-01-01/2022-06-30,98,159865.SZ|159920.SZ|159980.SZ|159981.SZ|160644.SZ|161226.SZ|164824.SZ|501018.SH|513080.SH|513100.SH|513180.SH|516150.SH|588000.SH,1.3698385321185513,0.9194433972050108,annealing,0.021343773717715567,513880.SH,513080.SH
rolling_simulated_annealing,2021-07-01/2021-12-31,2022-01-01/2022-06-30,99,159865.SZ|159920.SZ|159980.SZ|159981.SZ|160644.SZ|161226.SZ|164824.SZ|501018.SH|513030.SH|513180.SH|513880.SH|516150.SH|588000.SH,0.44908506118329816,0.9194433972050108,annealing,0.020660964990878602,513100.SH,513030.SH
rolling_simulated_annealing,2021-07-01/2021-12-31,2022-01-01/2022-06-30,100,159865.SZ|159920.SZ|159980.SZ|159981.SZ|161226.SZ|164824.SZ|501018.SH|513030.SH|513100.SH|513180.SH|513880.SH|516150.SH|588000.SH,0.7147508223952009,0.9194433972050108,annealing,0.02,160644.SZ,513030.SH
rolling_simulated_annealing,2022-01-01/2022-06-30,2022-07-01/2022-12-31,1,159611.SZ|159825.SZ|159981.SZ|159985.SZ|160644.SZ|164824.SZ|501018.SH|513070.SH|513100.SH|513180.SH|513880.SH|515210.SH|518880.SH,0.21496314024391522,0.9123874319228055,initial,,,
rolling_simulated_annealing,2022-01-01/2022-06-30,2022-07-01/2022-12-31,2,159611.SZ|159825.SZ|159980.SZ|159981.SZ|159985.SZ|160644.SZ|164824.SZ|501018.SH|513070.SH|513100.SH|513180.SH|513880.SH|515210.SH,0.4230685187895641,0.9123874319228055,annealing,0.4840044985514857,518880.SH,159980.SZ
rolling_simulated_annealing,2022-01-01/2022-06-30,2022-07-01/2022-12-31,3,159611.SZ|159825.SZ|159980.SZ|159981.SZ|159985.SZ|160644.SZ|164824.SZ|501018.SH|513070.SH|513080.SH|513100.SH|513180.SH|515210.SH,0.2803401554821437,0.9123874319228055,annealing,0.4685207092361502,513880.SH,513080.SH
rolling_simulated_annealing,2022-01-01/2022-06-30,2022-07-01/2022-12-31,4,159611.SZ|159825.SZ|159980.SZ|159981.SZ|159985.SZ|160644.SZ|164824.SZ|501018.SH|512400.SH|513070.SH|513080.SH|513100.SH|513180.SH,0.5366258237310553,0.9123874319228055,annealing,0.4535322618696586,515210.SH,512400.SH
rolling_simulated_annealing,2022-01-01/2022-06-30,2022-07-01/2022-12-31,5,159825.SZ|159870.SZ|159980.SZ|159981.SZ|159985.SZ|160644.SZ|164824.SZ|501018.SH|512400.SH|513070.SH|513080.SH|513100.SH|513180.SH,0.56958270720141,0.9123874319228055,annealing,0.4390233099662904,159611.SZ,159870.SZ
rolling_simulated_annealing,2022-01-01/2022-06-30,2022-07-01/2022-12-31,6,159825.SZ|159870.SZ|159980.SZ|159981.SZ|159985.SZ|160644.SZ|164824.SZ|512400.SH|513070.SH|513080.SH|513100.SH|513180.SH|518880.SH,-0.22050827947256585,0.9123874319228055,annealing,0.42497851398529574,501018.SH,518880.SH
rolling_simulated_annealing,2022-01-01/2022-06-30,2022-07-01/2022-12-31,7,159825.SZ|159870.SZ|159980.SZ|159981.SZ|159985.SZ|160644.SZ|164824.SZ|501018.SH|510500.SH|513070.SH|513080.SH|513100.SH|513180.SH,0.5355159580214508,0.9123874319228055,annealing,0.41138302511321717,512400.SH,510500.SH
rolling_simulated_annealing,2022-01-01/2022-06-30,2022-07-01/2022-12-31,8,159870.SZ|159980.SZ|159981.SZ|159985.SZ|160644.SZ|164824.SZ|501018.SH|510180.SH|510500.SH|513070.SH|513080.SH|513100.SH|513180.SH,0.7178005238101192,0.9123874319228055,annealing,0.3982224695650319,159825.SZ,510180.SH
rolling_simulated_annealing,2022-01-01/2022-06-30,2022-07-01/2022-12-31,9,159870.SZ|159980.SZ|159981.SZ|160644.SZ|161226.SZ|164824.SZ|501018.SH|510180.SH|510500.SH|513070.SH|513080.SH|513100.SH|513180.SH,0.4825132926088197,0.9123874319228055,annealing,0.385482933387515,159985.SZ,161226.SZ
rolling_simulated_annealing,2022-01-01/2022-06-30,2022-07-01/2022-12-31,10,159870.SZ|159980.SZ|159981.SZ|159985.SZ|160644.SZ|164824.SZ|501018.SH|510180.SH|510500.SH|513030.SH|513070.SH|513100.SH|513180.SH,0.6975120695932668,0.9123874319228055,annealing,0.37315094774875995,513080.SH,513030.SH
rolling_simulated_annealing,2022-01-01/2022-06-30,2022-07-01/2022-12-31,11,159851.SZ|159870.SZ|159980.SZ|159981.SZ|159985.SZ|160644.SZ|164824.SZ|501018.SH|510180.SH|513030.SH|513070.SH|513100.SH|513180.SH,0.582980404487422,0.9123874319228055,annealing,0.3612134746983004,510500.SH,159851.SZ
rolling_simulated_annealing,2022-01-01/2022-06-30,2022-07-01/2022-12-31,12,159870.SZ|159980.SZ|159981.SZ|159985.SZ|160644.SZ|164824.SZ|501018.SH|510500.SH|512880.SH|513030.SH|513070.SH|513100.SH|513180.SH,0.5953395476216823,0.9123874319228055,annealing,0.34965789338278125,510180.SH,512880.SH
rolling_simulated_annealing,2022-01-01/2022-06-30,2022-07-01/2022-12-31,13,159870.SZ|159980.SZ|159981.SZ|159985.SZ|160644.SZ|164824.SZ|501018.SH|510500.SH|512200.SH|513030.SH|513070.SH|513100.SH|513180.SH,0.6466191075996514,0.9123874319228055,annealing,0.33847198670260376,512880.SH,512200.SH
rolling_simulated_annealing,2022-01-01/2022-06-30,2022-07-01/2022-12-31,14,159870.SZ|159920.SZ|159980.SZ|159981.SZ|159985.SZ|160644.SZ|164824.SZ|501018.SH|510500.SH|512200.SH|513030.SH|513070.SH|513100.SH,0.22469239904206148,0.902954449056628,annealing,0.3276439283954377,513180.SH,159920.SZ
rolling_simulated_annealing,2022-01-01/2022-06-30,2022-07-01/2022-12-31,15,159870.SZ|159980.SZ|159981.SZ|159985.SZ|164824.SZ|501018.SH|510500.SH|512200.SH|513030.SH|513070.SH|513100.SH|513180.SH|513880.SH,0.6143138774094999,0.9123874319228055,annealing,0.31716227053294543,160644.SZ,513880.SH
rolling_simulated_annealing,2022-01-01/2022-06-30,2022-07-01/2022-12-31,16,159980.SZ|159981.SZ|159985.SZ|164824.SZ|501018.SH|510500.SH|512200.SH|513030.SH|513070.SH|513100.SH|513180.SH|513880.SH|515220.SH,0.8496996450742599,0.9123874319228055,annealing,0.3070159314174978,159870.SZ,515220.SH
rolling_simulated_annealing,2022-01-01/2022-06-30,2022-07-01/2022-12-31,17,159980.SZ|159981.SZ|159985.SZ|161226.SZ|164824.SZ|510500.SH|512200.SH|513030.SH|513070.SH|513100.SH|513180.SH|513880.SH|515220.SH,-0.2912559145580579,0.9123874319228055,annealing,0.2971941838660867,501018.SH,161226.SZ
rolling_simulated_annealing,2022-01-01/2022-06-30,2022-07-01/2022-12-31,18,159980.SZ|159981.SZ|159985.SZ|164824.SZ|501018.SH|510180.SH|512200.SH|513030.SH|513070.SH|513100.SH|513180.SH|513880.SH|515220.SH,0.8547564211834594,0.9123874319228055,annealing,0.28768664386904663,510500.SH,510180.SH
rolling_simulated_annealing,2022-01-01/2022-06-30,2022-07-01/2022-12-31,19,159980.SZ|159981.SZ|159985.SZ|164824.SZ|501018.SH|510180.SH|512200.SH|513030.SH|513070.SH|513180.SH|513500.SH|513880.SH|515220.SH,0.8587929240260369,0.9123874319228055,annealing,0.27848325961159553,513100.SH,513500.SH
rolling_simulated_annealing,2022-01-01/2022-06-30,2022-07-01/2022-12-31,20,159915.SZ|159980.SZ|159981.SZ|159985.SZ|164824.SZ|501018.SH|510180.SH|513030.SH|513070.SH|513180.SH|513500.SH|513880.SH|515220.SH,1.098346499655902,0.9123874319228055,annealing,0.269574300846587,512200.SH,159915.SZ
rolling_simulated_annealing,2022-01-01/2022-06-30,2022-07-01/2022-12-31,21,159915.SZ|159981.SZ|159985.SZ|164824.SZ|501018.SH|510180.SH|513030.SH|513070.SH|513180.SH|513500.SH|513880.SH|515220.SH|518880.SH,0.7224065627107246,0.9123874319228055,annealing,0.26095034860723937,159980.SZ,518880.SH
rolling_simulated_annealing,2022-01-01/2022-06-30,2022-07-01/2022-12-31,22,159981.SZ|159985.SZ|164824.SZ|501018.SH|510180.SH|513030.SH|513070.SH|513180.SH|513500.SH|513880.SH|515210.SH|515220.SH|518880.SH,0.41359463713281586,0.9123874319228055,annealing,0.25260228524896455,159915.SZ,515210.SH
rolling_simulated_annealing,2022-01-01/2022-06-30,2022-07-01/2022-12-31,23,159949.SZ|159981.SZ|159985.SZ|164824.SZ|501018.SH|510180.SH|513030.SH|513070.SH|513180.SH|513500.SH|513880.SH|515220.SH|518880.SH,0.6898978974289118,0.9123874319228055,annealing,0.24452128480976887,515210.SH,159949.SZ
rolling_simulated_annealing,2022-01-01/2022-06-30,2022-07-01/2022-12-31,24,159949.SZ|159981.SZ|159985.SZ|164824.SZ|501018.SH|510180.SH|513070.SH|513080.SH|513180.SH|513500.SH|513880.SH|515220.SH|518880.SH,0.7822115543162335,0.9123874319228055,annealing,0.23669880367903437,513030.SH,513080.SH
rolling_simulated_annealing,2022-01-01/2022-06-30,2022-07-01/2022-12-31,25,159949.SZ|159981.SZ|159985.SZ|160644.SZ|164824.SZ|501018.SH|510180.SH|513070.SH|513080.SH|513180.SH|513500.SH|515220.SH|518880.SH,0.7463097773341169,0.9123874319228055,annealing,0.22912657156481517,513880.SH,160644.SZ
rolling_simulated_annealing,2022-01-01/2022-06-30,2022-07-01/2022-12-31,26,159949.SZ|159981.SZ|159985.SZ|161226.SZ|164824.SZ|510180.SH|513070.SH|513080.SH|513180.SH|513500.SH|513880.SH|515220.SH|518880.SH,0.09528054333077145,0.9123874319228055,annealing,0.22179658275009892,501018.SH,161226.SZ
rolling_simulated_annealing,2022-01-01/2022-06-30,2022-07-01/2022-12-31,27,159949.SZ|159981.SZ|159985.SZ|160644.SZ|501018.SH|510180.SH|513070.SH|513080.SH|513180.SH|513500.SH|513880.SH|515220.SH|518880.SH,0.6321662894143271,0.9123874319228055,annealing,0.21470108762878945,164824.SZ,160644.SZ
rolling_simulated_annealing,2022-01-01/2022-06-30,2022-07-01/2022-12-31,28,159949.SZ|159980.SZ|159985.SZ|160644.SZ|501018.SH|510180.SH|513070.SH|513080.SH|513180.SH|513500.SH|513880.SH|515220.SH|518880.SH,1.2648743329287382,0.9123874319228055,annealing,0.20783258451246167,159981.SZ,159980.SZ
rolling_simulated_annealing,2022-01-01/2022-06-30,2022-07-01/2022-12-31,29,159949.SZ|159980.SZ|159985.SZ|160644.SZ|501018.SH|510210.SH|513070.SH|513080.SH|513180.SH|513500.SH|513880.SH|515220.SH|518880.SH,0.9940173608206885,0.9123874319228055,annealing,0.20118381169922656,510180.SH,510210.SH
rolling_simulated_annealing,2022-01-01/2022-06-30,2022-07-01/2022-12-31,30,159865.SZ|159980.SZ|159985.SZ|160644.SZ|501018.SH|510180.SH|513070.SH|513080.SH|513180.SH|513500.SH|513880.SH|515220.SH|518880.SH,0.4250015545472232,0.9123874319228055,annealing,0.19474773979632132,159949.SZ,159865.SZ
rolling_simulated_annealing,2022-01-01/2022-06-30,2022-07-01/2022-12-31,31,159949.SZ|159980.SZ|159981.SZ|160644.SZ|501018.SH|510180.SH|513070.SH|513080.SH|513180.SH|513500.SH|513880.SH|515220.SH|518880.SH,1.051676361329133,0.9123874319228055,annealing,0.18851756428830743,159985.SZ,159981.SZ
rolling_simulated_annealing,2022-01-01/2022-06-30,2022-07-01/2022-12-31,32,159980.SZ|159981.SZ|160644.SZ|501018.SH|510180.SH|512800.SH|513070.SH|513080.SH|513180.SH|513500.SH|513880.SH|515220.SH|518880.SH,0.8662108305070646,0.9123874319228055,annealing,0.1824866983430194,159949.SZ,512800.SH
rolling_simulated_annealing,2022-01-01/2022-06-30,2022-07-01/2022-12-31,33,159949.SZ|159980.SZ|159981.SZ|160644.SZ|164824.SZ|501018.SH|510180.SH|513070.SH|513080.SH|513180.SH|513880.SH|515220.SH|518880.SH,0.6052212216328209,0.9123874319228055,annealing,0.17664876584765868,513500.SH,164824.SZ
rolling_simulated_annealing,2022-01-01/2022-06-30,2022-07-01/2022-12-31,34,159949.SZ|159981.SZ|159985.SZ|160644.SZ|164824.SZ|501018.SH|510180.SH|513070.SH|513080.SH|513180.SH|513880.SH|515220.SH|518880.SH,0.5405202907285763,0.9123874319228055,annealing,0.1709975946676697,159980.SZ,159985.SZ
rolling_simulated_annealing,2022-01-01/2022-06-30,2022-07-01/2022-12-31,35,159949.SZ|159985.SZ|160644.SZ|161226.SZ|164824.SZ|501018.SH|510180.SH|513070.SH|513080.SH|513180.SH|513880.SH|515220.SH|518880.SH,0.2958382091314766,0.9123874319228055,annealing,0.16552721012127136,159981.SZ,161226.SZ
rolling_simulated_annealing,2022-01-01/2022-06-30,2022-07-01/2022-12-31,36,159796.SZ|159949.SZ|159981.SZ|159985.SZ|160644.SZ|164824.SZ|501018.SH|510180.SH|513070.SH|513080.SH|513180.SH|513880.SH|518880.SH,1.2032583357903104,0.9123874319228055,annealing,0.16023182866274469,515220.SH,159796.SZ
rolling_simulated_annealing,2022-01-01/2022-06-30,2022-07-01/2022-12-31,37,159949.SZ|159981.SZ|159985.SZ|160644.SZ|164824.SZ|501018.SH|510180.SH|513070.SH|513080.SH|513180.SH|513880.SH|516150.SH|518880.SH,0.7097711039244291,0.9123874319228055,annealing,0.15510585176779862,159796.SZ,516150.SH
rolling_simulated_annealing,2022-01-01/2022-06-30,2022-07-01/2022-12-31,38,159796.SZ|159981.SZ|159985.SZ|160644.SZ|164824.SZ|501018.SH|510180.SH|512040.SH|513070.SH|513080.SH|513180.SH|513880.SH|518880.SH,0.865831136803665,0.9123874319228055,annealing,0.15014386001454888,159949.SZ,512040.SH
rolling_simulated_annealing,2022-01-01/2022-06-30,2022-07-01/2022-12-31,39,159796.SZ|159981.SZ|159985.SZ|160644.SZ|164824.SZ|501018.SH|510180.SH|512890.SH|513070.SH|513080.SH|513180.SH|513880.SH|518880.SH,0.8466175860717123,0.9123874319228055,annealing,0.1453406073538524,159949.SZ,512890.SH
rolling_simulated_annealing,2022-01-01/2022-06-30,2022-07-01/2022-12-31,40,159796.SZ|159949.SZ|159980.SZ|159981.SZ|160644.SZ|164824.SZ|501018.SH|510180.SH|513070.SH|513080.SH|513180.SH|513880.SH|518880.SH,1.4508201217520784,0.9123874319228055,annealing,0.1406910155629394,159985.SZ,159980.SZ
rolling_simulated_annealing,2022-01-01/2022-06-30,2022-07-01/2022-12-31,41,159796.SZ|159980.SZ|159981.SZ|160644.SZ|164824.SZ|501018.SH|510180.SH|510500.SH|513070.SH|513080.SH|513180.SH|513880.SH|518880.SH,0.7885195162442422,0.9123874319228055,annealing,0.1361901688764795,159949.SZ,510500.SH
rolling_simulated_annealing,2022-01-01/2022-06-30,2022-07-01/2022-12-31,42,159796.SZ|159825.SZ|159980.SZ|159981.SZ|160644.SZ|164824.SZ|501018.SH|510180.SH|513070.SH|513080.SH|513180.SH|513880.SH|518880.SH,0.43386684896617,0.9123874319228055,annealing,0.13183330878940522,159949.SZ,159825.SZ
rolling_simulated_annealing,2022-01-01/2022-06-30,2022-07-01/2022-12-31,43,159949.SZ|159980.SZ|159981.SZ|160644.SZ|164824.SZ|501018.SH|510180.SH|513070.SH|513080.SH|513180.SH|513880.SH|515210.SH|518880.SH,0.7947309688648307,0.9123874319228055,annealing,0.1276158290259985,159796.SZ,515210.SH
rolling_simulated_annealing,2022-01-01/2022-06-30,2022-07-01/2022-12-31,44,159796.SZ|159949.SZ|159980.SZ|159981.SZ|160644.SZ|164824.SZ|501018.SH|512660.SH|513070.SH|513080.SH|513180.SH|513880.SH|518880.SH,1.1767264400868092,0.9123874319228055,annealing,0.12353327066992105,510180.SH,512660.SH
rolling_simulated_annealing,2022-01-01/2022-06-30,2022-07-01/2022-12-31,45,159796.SZ|159949.SZ|159980.SZ|159981.SZ|160644.SZ|501018.SH|510180.SH|513070.SH|513080.SH|513100.SH|513180.SH|513880.SH|518880.SH,1.4582216923870999,0.9123874319228055,annealing,0.1195813174500402,164824.SZ,513100.SH
rolling_simulated_annealing,2022-01-01/2022-06-30,2022-07-01/2022-12-31,46,159796.SZ|159949.SZ|159980.SZ|159981.SZ|160644.SZ|501018.SH|510180.SH|513030.SH|513070.SH|513100.SH|513180.SH|513880.SH|518880.SH,1.291990688932405,0.9123874319228055,annealing,0.11575579117706547,513080.SH,513030.SH
rolling_simulated_annealing,2022-01-01/2022-06-30,2022-07-01/2022-12-31,47,159796.SZ|159949.SZ|159980.SZ|159985.SZ|160644.SZ|501018.SH|510180.SH|513030.SH|513070.SH|513100.SH|513180.SH|513880.SH|518880.SH,1.582471796993792,0.9123874319228055,annealing,0.11205264732617212,159981.SZ,159985.SZ
rolling_simulated_annealing,2022-01-01/2022-06-30,2022-07-01/2022-12-31,48,159796.SZ|159949.SZ|159980.SZ|159981.SZ|159985.SZ|160644.SZ|501018.SH|510180.SH|513030.SH|513070.SH|513100.SH|513180.SH|513880.SH,1.2892806595752884,0.9123874319228055,annealing,0.10846797076094081,518880.SH,159981.SZ
rolling_simulated_annealing,2022-01-01/2022-06-30,2022-07-01/2022-12-31,49,159796.SZ|159949.SZ|159980.SZ|159985.SZ|160644.SZ|164824.SZ|501018.SH|510180.SH|513030.SH|513070.SH|513180.SH|513880.SH|518880.SH,1.4758509330677134,0.9123874319228055,annealing,0.10499797159409273,513100.SH,164824.SZ
rolling_simulated_annealing,2022-01-01/2022-06-30,2022-07-01/2022-12-31,50,159796.SZ|159949.SZ|159980.SZ|159981.SZ|160644.SZ|164824.SZ|501018.SH|510180.SH|513030.SH|513070.SH|513180.SH|513880.SH|518880.SH,1.394934478557808,0.9123874319228055,annealing,0.10163898118064398,159985.SZ,159981.SZ
rolling_simulated_annealing,2022-01-01/2022-06-30,2022-07-01/2022-12-31,51,159796.SZ|159949.SZ|159980.SZ|160644.SZ|161226.SZ|164824.SZ|501018.SH|510180.SH|513030.SH|513070.SH|513180.SH|513880.SH|518880.SH,0.7617091170064786,0.9123874319228055,annealing,0.09838744823924296,159985.SZ,161226.SZ
rolling_simulated_annealing,2022-01-01/2022-06-30,2022-07-01/2022-12-31,52,159796.SZ|159949.SZ|159980.SZ|159985.SZ|164824.SZ|501018.SH|510180.SH|513030.SH|513070.SH|513100.SH|513180.SH|513880.SH|518880.SH,1.487567607778779,0.9123874319228055,annealing,0.09523993509759009,160644.SZ,513100.SH
rolling_simulated_annealing,2022-01-01/2022-06-30,2022-07-01/2022-12-31,53,159796.SZ|159865.SZ|159949.SZ|159980.SZ|159985.SZ|164824.SZ|501018.SH|513030.SH|513070.SH|513100.SH|513180.SH|513880.SH|518880.SH,1.028765870449451,0.9123874319228055,annealing,0.09219311405797025,510180.SH,159865.SZ
rolling_simulated_annealing,2022-01-01/2022-06-30,2022-07-01/2022-12-31,54,159796.SZ|159949.SZ|159985.SZ|161226.SZ|164824.SZ|501018.SH|510180.SH|513030.SH|513070.SH|513100.SH|513180.SH|513880.SH|518880.SH,1.0801380769625917,0.9123874319228055,annealing,0.08924376387905565,159980.SZ,161226.SZ
rolling_simulated_annealing,2022-01-01/2022-06-30,2022-07-01/2022-12-31,55,159796.SZ|159949.SZ|159980.SZ|159985.SZ|164824.SZ|501018.SH|510180.SH|513070.SH|513080.SH|513100.SH|513180.SH|513880.SH|518880.SH,1.566554454004569,0.9123874319228055,annealing,0.08638876637025905,513030.SH,513080.SH
rolling_simulated_annealing,2022-01-01/2022-06-30,2022-07-01/2022-12-31,56,159796.SZ|159949.SZ|159980.SZ|159985.SZ|161226.SZ|164824.SZ|501018.SH|510180.SH|513070.SH|513080.SH|513100.SH|513180.SH|513880.SH,1.2185063165447119,0.9123874319228055,annealing,0.08362510309503735,518880.SH,161226.SZ
rolling_simulated_annealing,2022-01-01/2022-06-30,2022-07-01/2022-12-31,57,159796.SZ|159980.SZ|159985.SZ|164824.SZ|501018.SH|510180.SH|512170.SH|513070.SH|513080.SH|513100.SH|513180.SH|513880.SH|518880.SH,1.5682087410464947,0.9123874319228055,annealing,0.08094985217965969,159949.SZ,512170.SH
rolling_simulated_annealing,2022-01-01/2022-06-30,2022-07-01/2022-12-31,58,159796.SZ|159980.SZ|159985.SZ|164824.SZ|501018.SH|510180.SH|513070.SH|513080.SH|513100.SH|513180.SH|513880.SH|516150.SH|518880.SH,1.2621691482624091,0.9123874319228055,annealing,0.07836018522406615,512170.SH,516150.SH
rolling_simulated_annealing,2022-01-01/2022-06-30,2022-07-01/2022-12-31,59,159796.SZ|159980.SZ|159985.SZ|164824.SZ|501018.SH|512100.SH|512170.SH|513070.SH|513080.SH|513100.SH|513180.SH|513880.SH|518880.SH,1.1310366202325128,0.9123874319228055,annealing,0.07585336431155136,510180.SH,512100.SH
rolling_simulated_annealing,2022-01-01/2022-06-30,2022-07-01/2022-12-31,60,159796.SZ|159980.SZ|159985.SZ|164824.SZ|501018.SH|510180.SH|513070.SH|513080.SH|513100.SH|513180.SH|513880.SH|518880.SH|562500.SH,1.610105179746722,0.9123874319228055,annealing,0.07342673911411116,512170.SH,562500.SH
rolling_simulated_annealing,2022-01-01/2022-06-30,2022-07-01/2022-12-31,61,159796.SZ|159949.SZ|159980.SZ|159985.SZ|164824.SZ|501018.SH|513070.SH|513080.SH|513100.SH|513180.SH|513880.SH|518880.SH|562500.SH,1.5255974687279983,0.9123874319228055,annealing,0.07107774409039225,510180.SH,159949.SZ
rolling_simulated_annealing,2022-01-01/2022-06-30,2022-07-01/2022-12-31,62,159796.SZ|159985.SZ|161226.SZ|164824.SZ|501018.SH|510180.SH|513070.SH|513080.SH|513100.SH|513180.SH|513880.SH|518880.SH|562500.SH,1.2142962659925938,0.9123874319228055,annealing,0.06880389577328226,159980.SZ,161226.SZ
rolling_simulated_annealing,2022-01-01/2022-06-30,2022-07-01/2022-12-31,63,159796.SZ|159980.SZ|159985.SZ|160644.SZ|501018.SH|510180.SH|513070.SH|513080.SH|513100.SH|513180.SH|513880.SH|518880.SH|562500.SH,1.6286106435700647,0.9123874319228055,annealing,0.06660279014427231,164824.SZ,160644.SZ
rolling_simulated_annealing,2022-01-01/2022-06-30,2022-07-01/2022-12-31,64,159796.SZ|159851.SZ|159980.SZ|159985.SZ|160644.SZ|501018.SH|513070.SH|513080.SH|513100.SH|513180.SH|513880.SH|518880.SH|562500.SH,1.5992309140152614,0.9123874319228055,annealing,0.06447210009181673,510180.SH,159851.SZ
rolling_simulated_annealing,2022-01-01/2022-06-30,2022-07-01/2022-12-31,65,159796.SZ|159980.SZ|159981.SZ|160644.SZ|501018.SH|510180.SH|513070.SH|513080.SH|513100.SH|513180.SH|513880.SH|518880.SH|562500.SH,1.5672248812636078,0.9123874319228055,annealing,0.06240957295100188,159985.SZ,159981.SZ
rolling_simulated_annealing,2022-01-01/2022-06-30,2022-07-01/2022-12-31,66,159796.SZ|159980.SZ|159981.SZ|159985.SZ|160644.SZ|510180.SH|513070.SH|513080.SH|513100.SH|513180.SH|513880.SH|518880.SH|562500.SH,1.1761709447905737,0.9123874319228055,annealing,0.06041302812192407,501018.SH,159985.SZ
rolling_simulated_annealing,2022-01-01/2022-06-30,2022-07-01/2022-12-31,67,159796.SZ|159825.SZ|159980.SZ|159981.SZ|160644.SZ|501018.SH|510180.SH|513070.SH|513080.SH|513100.SH|513180.SH|513880.SH|518880.SH,0.7987923702445959,0.9123874319228055,annealing,0.05848035476425733,562500.SH,159825.SZ
rolling_simulated_annealing,2022-01-01/2022-06-30,2022-07-01/2022-12-31,68,159796.SZ|159869.SZ|159980.SZ|159981.SZ|160644.SZ|501018.SH|510180.SH|513070.SH|513080.SH|513100.SH|513180.SH|513880.SH|518880.SH,1.0828187381021943,0.9123874319228055,annealing,0.0566095095655747,562500.SH,159869.SZ
rolling_simulated_annealing,2022-01-01/2022-06-30,2022-07-01/2022-12-31,69,159980.SZ|159981.SZ|160644.SZ|501018.SH|510180.SH|510500.SH|513070.SH|513080.SH|513100.SH|513180.SH|513880.SH|518880.SH|562500.SH,0.7105386034198444,0.9123874319228055,annealing,0.05479851458106304,159796.SZ,510500.SH
rolling_simulated_annealing,2022-01-01/2022-06-30,2022-07-01/2022-12-31,70,159796.SZ|159981.SZ|159985.SZ|160644.SZ|501018.SH|510180.SH|513070.SH|513080.SH|513100.SH|513180.SH|513880.SH|518880.SH|562500.SH,1.3493342808529025,0.9123874319228055,annealing,0.05304545514234737,159980.SZ,159985.SZ
rolling_simulated_annealing,2022-01-01/2022-06-30,2022-07-01/2022-12-31,71,159796.SZ|159980.SZ|159981.SZ|160644.SZ|501018.SH|510180.SH|513070.SH|513080.SH|513180.SH|513500.SH|513880.SH|518880.SH|562500.SH,1.6402527852542599,0.9123874319228055,annealing,0.05134847783321434,513100.SH,513500.SH
rolling_simulated_annealing,2022-01-01/2022-06-30,2022-07-01/2022-12-31,72,159796.SZ|159980.SZ|159981.SZ|160644.SZ|501018.SH|510180.SH|513030.SH|513070.SH|513180.SH|513500.SH|513880.SH|518880.SH|562500.SH,1.4678597233037636,0.9123874319228055,annealing,0.049705788530093976,513080.SH,513030.SH
rolling_simulated_annealing,2022-01-01/2022-06-30,2022-07-01/2022-12-31,73,159796.SZ|159980.SZ|160644.SZ|161226.SZ|501018.SH|510180.SH|513070.SH|513080.SH|513180.SH|513500.SH|513880.SH|518880.SH|562500.SH,1.3469192006819206,0.9123874319228055,annealing,0.04811565050522864,159981.SZ,161226.SZ
rolling_simulated_annealing,2022-01-01/2022-06-30,2022-07-01/2022-12-31,74,159796.SZ|159980.SZ|159981.SZ|160644.SZ|501018.SH|512980.SH|513070.SH|513080.SH|513180.SH|513500.SH|513880.SH|518880.SH|562500.SH,1.4987766320540443,0.9123874319228055,annealing,0.046576382590523456,510180.SH,512980.SH
rolling_simulated_annealing,2022-01-01/2022-06-30,2022-07-01/2022-12-31,75,159796.SZ|159980.SZ|159981.SZ|160644.SZ|501018.SH|510180.SH|510500.SH|513070.SH|513080.SH|513180.SH|513500.SH|513880.SH|518880.SH,0.8590670111862878,0.9123874319228055,annealing,0.045086357400136896,562500.SH,510500.SH
rolling_simulated_annealing,2022-01-01/2022-06-30,2022-07-01/2022-12-31,76,159796.SZ|159980.SZ|159981.SZ|164824.SZ|501018.SH|510180.SH|513070.SH|513080.SH|513180.SH|513500.SH|513880.SH|518880.SH|562500.SH,1.728629136247377,0.9123874319228055,annealing,0.043643999609932656,160644.SZ,164824.SZ
rolling_simulated_annealing,2022-01-01/2022-06-30,2022-07-01/2022-12-31,77,159796.SZ|159980.SZ|159985.SZ|164824.SZ|501018.SH|510180.SH|513070.SH|513080.SH|513180.SH|513500.SH|513880.SH|518880.SH|562500.SH,1.6560215495708963,0.9123874319228055,annealing,0.04224778429197339,159981.SZ,159985.SZ
rolling_simulated_annealing,2022-01-01/2022-06-30,2022-07-01/2022-12-31,78,159796.SZ|159980.SZ|159981.SZ|160644.SZ|164824.SZ|501018.SH|510180.SH|513070.SH|513180.SH|513500.SH|513880.SH|518880.SH|562500.SH,1.6968806139453336,0.9123874319228055,annealing,0.04089623530229582,513080.SH,160644.SZ
rolling_simulated_annealing,2022-01-01/2022-06-30,2022-07-01/2022-12-31,79,159796.SZ|159980.SZ|159981.SZ|159985.SZ|164824.SZ|501018.SH|510180.SH|513070.SH|513080.SH|513180.SH|513500.SH|513880.SH|562500.SH,1.4934881886666374,0.9123874319228055,annealing,0.03958792372026251,518880.SH,159985.SZ
rolling_simulated_annealing,2022-01-01/2022-06-30,2022-07-01/2022-12-31,80,159796.SZ|159869.SZ|159980.SZ|159981.SZ|164824.SZ|501018.SH|510180.SH|513070.SH|513080.SH|513180.SH|513500.SH|513880.SH|518880.SH,1.2534324627908882,0.9123874319228055,annealing,0.03832146633784024,562500.SH,159869.SZ
rolling_simulated_annealing,2022-01-01/2022-06-30,2022-07-01/2022-12-31,81,159796.SZ|159980.SZ|159981.SZ|159985.SZ|164824.SZ|510180.SH|513070.SH|513080.SH|513180.SH|513500.SH|513880.SH|518880.SH|562500.SH,1.1360870038607884,0.9123874319228055,annealing,0.03709552419720801,501018.SH,159985.SZ
rolling_simulated_annealing,2022-01-01/2022-06-30,2022-07-01/2022-12-31,82,159766.SZ|159796.SZ|159980.SZ|159981.SZ|164824.SZ|501018.SH|510180.SH|513070.SH|513080.SH|513180.SH|513500.SH|513880.SH|518880.SH,0.9290352646473596,0.9123874319228055,annealing,0.03590880117514833,562500.SH,159766.SZ
rolling_simulated_annealing,2022-01-01/2022-06-30,2022-07-01/2022-12-31,83,159796.SZ|159920.SZ|159980.SZ|159981.SZ|164824.SZ|501018.SH|510180.SH|513070.SH|513080.SH|513500.SH|513880.SH|518880.SH|562500.SH,1.4412405101174652,0.902954449056628,annealing,0.03476004261272534,513180.SH,159920.SZ
rolling_simulated_annealing,2022-01-01/2022-06-30,2022-07-01/2022-12-31,84,159796.SZ|159980.SZ|159981.SZ|164824.SZ|501018.SH|512660.SH|513070.SH|513080.SH|513180.SH|513500.SH|513880.SH|518880.SH|562500.SH,1.4094938537753838,0.9123874319228055,annealing,0.033648033988800806,510180.SH,512660.SH
rolling_simulated_annealing,2022-01-01/2022-06-30,2022-07-01/2022-12-31,85,159796.SZ|159980.SZ|159981.SZ|164824.SZ|501018.SH|510180.SH|512880.SH|513070.SH|513080.SH|513180.SH|513500.SH|513880.SH|518880.SH,1.2892646273910422,0.9123874319228055,annealing,0.03257159963598576,562500.SH,512880.SH
rolling_simulated_annealing,2022-01-01/2022-06-30,2022-07-01/2022-12-31,86,159796.SZ|159980.SZ|159981.SZ|160644.SZ|164824.SZ|501018.SH|510180.SH|513070.SH|513080.SH|513180.SH|513880.SH|518880.SH|562500.SH,1.5623888652971036,0.9123874319228055,annealing,0.03152960149767008,513500.SH,160644.SZ
rolling_simulated_annealing,2022-01-01/2022-06-30,2022-07-01/2022-12-31,87,159796.SZ|159981.SZ|161226.SZ|164824.SZ|501018.SH|510180.SH|513070.SH|513080.SH|513180.SH|513500.SH|513880.SH|518880.SH|562500.SH,1.377800452619696,0.9123874319228055,annealing,0.030520937924815954,159980.SZ,161226.SZ
rolling_simulated_annealing,2022-01-01/2022-06-30,2022-07-01/2022-12-31,88,159796.SZ|159980.SZ|159981.SZ|164824.SZ|501018.SH|510180.SH|512660.SH|513070.SH|513080.SH|513180.SH|513500.SH|513880.SH|518880.SH,1.2696138097287502,0.9123874319228055,annealing,0.02954454251124314,562500.SH,512660.SH
rolling_simulated_annealing,2022-01-01/2022-06-30,2022-07-01/2022-12-31,89,159980.SZ|159981.SZ|164824.SZ|501018.SH|510180.SH|510500.SH|513070.SH|513080.SH|513180.SH|513500.SH|513880.SH|518880.SH|562500.SH,0.8877258395860923,0.9123874319228055,annealing,0.02859938296617458,159796.SZ,510500.SH
rolling_simulated_annealing,2022-01-01/2022-06-30,2022-07-01/2022-12-31,90,159915.SZ|159980.SZ|159981.SZ|164824.SZ|501018.SH|510180.SH|513070.SH|513080.SH|513180.SH|513500.SH|513880.SH|518880.SH|562500.SH,1.556234623333565,0.9123874319228055,annealing,0.02768446002285045,159796.SZ,159915.SZ
rolling_simulated_annealing,2022-01-01/2022-06-30,2022-07-01/2022-12-31,91,159796.SZ|159928.SZ|159980.SZ|159981.SZ|164824.SZ|501018.SH|510180.SH|513070.SH|513080.SH|513180.SH|513500.SH|513880.SH|518880.SH,1.4080232486518687,0.9123874319228055,annealing,0.026798806382056773,562500.SH,159928.SZ
rolling_simulated_annealing,2022-01-01/2022-06-30,2022-07-01/2022-12-31,92,159980.SZ|159981.SZ|164824.SZ|501018.SH|510180.SH|512170.SH|513070.SH|513080.SH|513180.SH|513500.SH|513880.SH|518880.SH|562500.SH,1.3912518024871035,0.9123874319228055,annealing,0.02594148568945148,159796.SZ,512170.SH
rolling_simulated_annealing,2022-01-01/2022-06-30,2022-07-01/2022-12-31,93,159980.SZ|159981.SZ|164824.SZ|501018.SH|510180.SH|512100.SH|513070.SH|513080.SH|513180.SH|513500.SH|513880.SH|518880.SH|562500.SH,1.0471408325028067,0.9123874319228055,annealing,0.025111591545607014,159796.SZ,512100.SH
rolling_simulated_annealing,2022-01-01/2022-06-30,2022-07-01/2022-12-31,94,159796.SZ|159980.SZ|159981.SZ|164824.SZ|501018.SH|510180.SH|510500.SH|513070.SH|513080.SH|513180.SH|513500.SH|513880.SH|518880.SH,0.9675564192214092,0.9123874319228055,annealing,0.024308246547722494,562500.SH,510500.SH
rolling_simulated_annealing,2022-01-01/2022-06-30,2022-07-01/2022-12-31,95,159796.SZ|159980.SZ|159981.SZ|161226.SZ|164824.SZ|501018.SH|510180.SH|513070.SH|513080.SH|513180.SH|513500.SH|513880.SH|562500.SH,1.4354483362537522,0.9123874319228055,annealing,0.02353060136199262,518880.SH,161226.SZ
rolling_simulated_annealing,2022-01-01/2022-06-30,2022-07-01/2022-12-31,96,159796.SZ|159851.SZ|159980.SZ|159981.SZ|164824.SZ|501018.SH|510180.SH|513070.SH|513080.SH|513180.SH|513500.SH|513880.SH|518880.SH,1.406145947425205,0.9123874319228055,annealing,0.022777833825652294,562500.SH,159851.SZ
rolling_simulated_annealing,2022-01-01/2022-06-30,2022-07-01/2022-12-31,97,159796.SZ|159980.SZ|159981.SZ|164824.SZ|501018.SH|510180.SH|513030.SH|513070.SH|513180.SH|513500.SH|513880.SH|518880.SH|562500.SH,1.6661541864807878,0.9123874319228055,annealing,0.02204914807774781,513080.SH,513030.SH
rolling_simulated_annealing,2022-01-01/2022-06-30,2022-07-01/2022-12-31,98,159611.SZ|159796.SZ|159980.SZ|159981.SZ|164824.SZ|501018.SH|513070.SH|513080.SH|513180.SH|513500.SH|513880.SH|518880.SH|562500.SH,1.7654242913417324,0.9123874319228055,annealing,0.021343773717715567,510180.SH,159611.SZ
rolling_simulated_annealing,2022-01-01/2022-06-30,2022-07-01/2022-12-31,99,159611.SZ|159796.SZ|159920.SZ|159980.SZ|159981.SZ|164824.SZ|501018.SH|513070.SH|513080.SH|513500.SH|513880.SH|518880.SH|562500.SH,1.3930529070163042,0.902954449056628,annealing,0.020660964990878602,513180.SH,159920.SZ
rolling_simulated_annealing,2022-01-01/2022-06-30,2022-07-01/2022-12-31,100,159611.SZ|159980.SZ|159981.SZ|164824.SZ|501018.SH|512660.SH|513070.SH|513080.SH|513180.SH|513500.SH|513880.SH|518880.SH|562500.SH,1.136411773763802,0.9123874319228055,annealing,0.02,159796.SZ,512660.SH
rolling_simulated_annealing,2022-07-01/2022-12-31,2023-01-01/2023-06-30,1,159766.SZ|159796.SZ|159920.SZ|159981.SZ|159985.SZ|164824.SZ|501018.SH|513030.SH|513100.SH|513120.SH|513880.SH|516150.SH|518880.SH,0.5682386950020412,0.7805308310639488,initial,,,
rolling_simulated_annealing,2022-07-01/2022-12-31,2023-01-01/2023-06-30,2,159766.SZ|159796.SZ|159920.SZ|159981.SZ|161226.SZ|164824.SZ|501018.SH|513030.SH|513100.SH|513120.SH|513880.SH|516150.SH|518880.SH,-0.017504494211877254,0.7805308310639488,annealing,0.4840044985514857,159985.SZ,161226.SZ
rolling_simulated_annealing,2022-07-01/2022-12-31,2023-01-01/2023-06-30,3,159766.SZ|159796.SZ|159920.SZ|159981.SZ|160644.SZ|161226.SZ|164824.SZ|501018.SH|513100.SH|513120.SH|513880.SH|516150.SH|518880.SH,-0.21049515639804023,0.7520854374286099,annealing,0.4685207092361502,513030.SH,160644.SZ
rolling_simulated_annealing,2022-07-01/2022-12-31,2023-01-01/2023-06-30,4,159766.SZ|159796.SZ|159920.SZ|159980.SZ|159981.SZ|160644.SZ|161226.SZ|164824.SZ|513100.SH|513120.SH|513880.SH|516150.SH|518880.SH,-0.044420347232606225,0.7520854374286099,annealing,0.4535322618696586,501018.SH,159980.SZ
rolling_simulated_annealing,2022-07-01/2022-12-31,2023-01-01/2023-06-30,5,159766.SZ|159796.SZ|159980.SZ|159981.SZ|160644.SZ|161226.SZ|164824.SZ|513100.SH|513120.SH|513180.SH|513880.SH|516150.SH|518880.SH,0.2173182019974983,0.7520854374286099,annealing,0.4390233099662904,159920.SZ,513180.SH
rolling_simulated_annealing,2022-07-01/2022-12-31,2023-01-01/2023-06-30,6,159766.SZ|159796.SZ|159980.SZ|159981.SZ|161226.SZ|164824.SZ|513080.SH|513100.SH|513120.SH|513180.SH|513880.SH|516150.SH|518880.SH,0.18150269752439033,0.8020701325811442,annealing,0.42497851398529574,160644.SZ,513080.SH
rolling_simulated_annealing,2022-07-01/2022-12-31,2023-01-01/2023-06-30,7,159766.SZ|159796.SZ|159980.SZ|159981.SZ|159985.SZ|164824.SZ|513080.SH|513100.SH|513120.SH|513180.SH|513880.SH|516150.SH|518880.SH,0.6962182198143066,0.8020701325811442,annealing,0.41138302511321717,161226.SZ,159985.SZ
rolling_simulated_annealing,2022-07-01/2022-12-31,2023-01-01/2023-06-30,8,159766.SZ|159796.SZ|159980.SZ|159981.SZ|159985.SZ|160644.SZ|164824.SZ|513100.SH|513120.SH|513180.SH|513880.SH|516150.SH|518880.SH,0.6923425623057394,0.7520854374286099,annealing,0.3982224695650319,513080.SH,160644.SZ
rolling_simulated_annealing,2022-07-01/2022-12-31,2023-01-01/2023-06-30,9,159766.SZ|159796.SZ|159980.SZ|159981.SZ|159985.SZ|160644.SZ|161226.SZ|164824.SZ|513100.SH|513120.SH|513180.SH|513880.SH|516150.SH,0.6617526739736924,0.7520854374286099,annealing,0.385482933387515,518880.SH,161226.SZ
rolling_simulated_annealing,2022-07-01/2022-12-31,2023-01-01/2023-06-30,10,159766.SZ|159796.SZ|159981.SZ|159985.SZ|160644.SZ|161226.SZ|164824.SZ|513100.SH|513120.SH|513180.SH|513880.SH|516150.SH|518880.SH,1.1347777825351173,0.7520854374286099,annealing,0.37315094774875995,159980.SZ,518880.SH
rolling_simulated_annealing,2022-07-01/2022-12-31,2023-01-01/2023-06-30,11,159766.SZ|159796.SZ|159981.SZ|160644.SZ|161226.SZ|164824.SZ|501018.SH|513100.SH|513120.SH|513180.SH|513880.SH|516150.SH|518880.SH,0.07101036419668821,0.7520854374286099,annealing,0.3612134746983004,159985.SZ,501018.SH
rolling_simulated_annealing,2022-07-01/2022-12-31,2023-01-01/2023-06-30,12,159796.SZ|159870.SZ|159981.SZ|159985.SZ|160644.SZ|161226.SZ|164824.SZ|513100.SH|513120.SH|513180.SH|513880.SH|516150.SH|518880.SH,1.2258251663352797,0.8174625327685824,annealing,0.34965789338278125,159766.SZ,159870.SZ
rolling_simulated_annealing,2022-07-01/2022-12-31,2023-01-01/2023-06-30,13,159796.SZ|159870.SZ|159981.SZ|159985.SZ|161226.SZ|164824.SZ|513100.SH|513120.SH|513180.SH|513290.SH|513880.SH|516150.SH|518880.SH,0.45384768111219964,0.8174625327685824,annealing,0.33847198670260376,160644.SZ,513290.SH
rolling_simulated_annealing,2022-07-01/2022-12-31,2023-01-01/2023-06-30,14,159796.SZ|159870.SZ|159980.SZ|159981.SZ|159985.SZ|160644.SZ|161226.SZ|164824.SZ|513100.SH|513120.SH|513180.SH|513880.SH|516150.SH,1.1140245420759365,0.8174625327685824,annealing,0.3276439283954377,518880.SH,159980.SZ
rolling_simulated_annealing,2022-07-01/2022-12-31,2023-01-01/2023-06-30,15,159870.SZ|159980.SZ|159981.SZ|159985.SZ|160644.SZ|161226.SZ|164824.SZ|512400.SH|513100.SH|513120.SH|513180.SH|513880.SH|516150.SH,1.3684237301487536,0.8877741788739847,annealing,0.31716227053294543,159796.SZ,512400.SH
rolling_simulated_annealing,2022-07-01/2022-12-31,2023-01-01/2023-06-30,16,159870.SZ|159980.SZ|159981.SZ|159985.SZ|160644.SZ|161226.SZ|164824.SZ|512400.SH|513100.SH|513120.SH|513180.SH|513880.SH|588000.SH,0.690628104461264,0.8877741788739847,annealing,0.3070159314174978,516150.SH,588000.SH
rolling_simulated_annealing,2022-07-01/2022-12-31,2023-01-01/2023-06-30,17,159870.SZ|159980.SZ|159981.SZ|159985.SZ|161226.SZ|164824.SZ|512400.SH|513030.SH|513100.SH|513120.SH|513180.SH|513880.SH|516150.SH,1.0373858848300845,0.8877741788739847,annealing,0.2971941838660867,160644.SZ,513030.SH
rolling_simulated_annealing,2022-07-01/2022-12-31,2023-01-01/2023-06-30,18,159870.SZ|159980.SZ|159981.SZ|159985.SZ|161226.SZ|164824.SZ|512400.SH|513100.SH|513120.SH|513180.SH|513290.SH|513880.SH|516150.SH,0.9308300431854363,0.8877741788739847,annealing,0.28768664386904663,160644.SZ,513290.SH
rolling_simulated_annealing,2022-07-01/2022-12-31,2023-01-01/2023-06-30,19,159870.SZ|159980.SZ|159981.SZ|159985.SZ|161226.SZ|164824.SZ|510210.SH|512400.SH|513100.SH|513120.SH|513180.SH|513290.SH|513880.SH,1.0500723790974666,0.8877741788739847,annealing,0.27848325961159553,516150.SH,510210.SH
rolling_simulated_annealing,2022-07-01/2022-12-31,2023-01-01/2023-06-30,20,159870.SZ|159981.SZ|159985.SZ|161226.SZ|164824.SZ|501018.SH|510210.SH|512400.SH|513100.SH|513120.SH|513180.SH|513290.SH|513880.SH,1.5158520240930402,0.8877741788739847,annealing,0.269574300846587,159980.SZ,501018.SH
rolling_simulated_annealing,2022-07-01/2022-12-31,2023-01-01/2023-06-30,21,159870.SZ|159981.SZ|159985.SZ|164824.SZ|501018.SH|510210.SH|512400.SH|513100.SH|513120.SH|513180.SH|513290.SH|513880.SH|518880.SH,1.0595805989457314,0.8877741788739847,annealing,0.26095034860723937,161226.SZ,518880.SH
rolling_simulated_annealing,2022-07-01/2022-12-31,2023-01-01/2023-06-30,22,159870.SZ|159981.SZ|159985.SZ|161226.SZ|164824.SZ|501018.SH|510210.SH|510500.SH|513100.SH|513120.SH|513180.SH|513290.SH|513880.SH,1.2338155788511473,0.8454082139969015,annealing,0.25260228524896455,512400.SH,510500.SH
rolling_simulated_annealing,2022-07-01/2022-12-31,2023-01-01/2023-06-30,23,159981.SZ|159985.SZ|161226.SZ|164824.SZ|501018.SH|510210.SH|510500.SH|512400.SH|513100.SH|513120.SH|513180.SH|513290.SH|513880.SH,1.2300850775490564,0.8454082139969015,annealing,0.24452128480976887,159870.SZ,510500.SH
rolling_simulated_annealing,2022-07-01/2022-12-31,2023-01-01/2023-06-30,24,159981.SZ|159985.SZ|160644.SZ|161226.SZ|501018.SH|510210.SH|510500.SH|512400.SH|513100.SH|513120.SH|513180.SH|513290.SH|513880.SH,0.1779383644719165,0.8454082139969015,annealing,0.23669880367903437,164824.SZ,160644.SZ
rolling_simulated_annealing,2022-07-01/2022-12-31,2023-01-01/2023-06-30,25,159981.SZ|159985.SZ|161226.SZ|164824.SZ|501018.SH|510500.SH|512200.SH|512400.SH|513100.SH|513120.SH|513180.SH|513290.SH|513880.SH,1.0449463125643546,0.7970660309157028,annealing,0.22912657156481517,510210.SH,512200.SH
rolling_simulated_annealing,2022-07-01/2022-12-31,2023-01-01/2023-06-30,26,159980.SZ|159981.SZ|159985.SZ|164824.SZ|501018.SH|510210.SH|510500.SH|512400.SH|513100.SH|513120.SH|513180.SH|513290.SH|513880.SH,1.0033137108882513,0.8454082139969015,annealing,0.22179658275009892,161226.SZ,159980.SZ
rolling_simulated_annealing,2022-07-01/2022-12-31,2023-01-01/2023-06-30,27,159981.SZ|159985.SZ|161226.SZ|164824.SZ|501018.SH|510210.SH|512400.SH|512890.SH|513100.SH|513120.SH|513180.SH|513290.SH|513880.SH,1.1850587295990855,0.7599788068936458,annealing,0.21470108762878945,510500.SH,512890.SH
rolling_simulated_annealing,2022-07-01/2022-12-31,2023-01-01/2023-06-30,28,159981.SZ|159985.SZ|161226.SZ|164824.SZ|510210.SH|510500.SH|512400.SH|513100.SH|513120.SH|513180.SH|513290.SH|513880.SH|518880.SH,0.9705910126419572,0.8454082139969015,annealing,0.20783258451246167,501018.SH,518880.SH
rolling_simulated_annealing,2022-07-01/2022-12-31,2023-01-01/2023-06-30,29,159981.SZ|159985.SZ|161226.SZ|164824.SZ|510210.SH|510500.SH|512400.SH|513080.SH|513100.SH|513120.SH|513180.SH|513290.SH|518880.SH,1.3024025781589021,0.8454082139969015,annealing,0.20118381169922656,513880.SH,513080.SH
rolling_simulated_annealing,2022-07-01/2022-12-31,2023-01-01/2023-06-30,30,159981.SZ|159985.SZ|160644.SZ|161226.SZ|510210.SH|510500.SH|512400.SH|513080.SH|513100.SH|513120.SH|513180.SH|513290.SH|518880.SH,0.745770325822516,0.8454082139969015,annealing,0.19474773979632132,164824.SZ,160644.SZ
rolling_simulated_annealing,2022-07-01/2022-12-31,2023-01-01/2023-06-30,31,159967.SZ|159981.SZ|159985.SZ|161226.SZ|164824.SZ|510210.SH|512400.SH|513080.SH|513100.SH|513120.SH|513180.SH|513290.SH|518880.SH,1.1775114292691762,0.7655141320931955,annealing,0.18851756428830743,510500.SH,159967.SZ
rolling_simulated_annealing,2022-07-01/2022-12-31,2023-01-01/2023-06-30,32,159967.SZ|159981.SZ|159985.SZ|161226.SZ|164824.SZ|510210.SH|512400.SH|513100.SH|513120.SH|513180.SH|513290.SH|513880.SH|518880.SH,1.066302040771139,0.7599788068936458,annealing,0.1824866983430194,513080.SH,513880.SH
rolling_simulated_annealing,2022-07-01/2022-12-31,2023-01-01/2023-06-30,33,159967.SZ|159985.SZ|161226.SZ|164824.SZ|501018.SH|510210.SH|512400.SH|513100.SH|513120.SH|513180.SH|513290.SH|513880.SH|518880.SH,1.2190862588780689,0.7599788068936458,annealing,0.17664876584765868,159981.SZ,501018.SH
rolling_simulated_annealing,2022-07-01/2022-12-31,2023-01-01/2023-06-30,34,159967.SZ|159985.SZ|161226.SZ|164824.SZ|501018.SH|510210.SH|512400.SH|513070.SH|513100.SH|513120.SH|513290.SH|513880.SH|518880.SH,1.2835748543773329,0.7599788068936458,annealing,0.1709975946676697,513180.SH,513070.SH
rolling_simulated_annealing,2022-07-01/2022-12-31,2023-01-01/2023-06-30,35,159967.SZ|159985.SZ|161226.SZ|164824.SZ|501018.SH|510300.SH|512400.SH|513070.SH|513100.SH|513120.SH|513290.SH|513880.SH|518880.SH,1.0526934048013226,0.7599788068936458,annealing,0.16552721012127136,510210.SH,510300.SH
rolling_simulated_annealing,2022-07-01/2022-12-31,2023-01-01/2023-06-30,36,159920.SZ|159967.SZ|159985.SZ|161226.SZ|164824.SZ|501018.SH|510210.SH|512400.SH|513100.SH|513120.SH|513290.SH|513880.SH|518880.SH,1.2786561776533156,0.7599788068936458,annealing,0.16023182866274469,513070.SH,159920.SZ
rolling_simulated_annealing,2022-07-01/2022-12-31,2023-01-01/2023-06-30,37,159920.SZ|159967.SZ|159985.SZ|161226.SZ|164824.SZ|501018.SH|510210.SH|512400.SH|513030.SH|513120.SH|513290.SH|513880.SH|518880.SH,0.7509077564586678,0.7768884409244624,annealing,0.15510585176779862,513100.SH,513030.SH
rolling_simulated_annealing,2022-07-01/2022-12-31,2023-01-01/2023-06-30,38,159920.SZ|159967.SZ|159980.SZ|159985.SZ|161226.SZ|164824.SZ|510210.SH|512400.SH|513100.SH|513120.SH|513290.SH|513880.SH|518880.SH,0.9118779314713376,0.7599788068936458,annealing,0.15014386001454888,501018.SH,159980.SZ
rolling_simulated_annealing,2022-07-01/2022-12-31,2023-01-01/2023-06-30,39,159920.SZ|159967.SZ|159985.SZ|161226.SZ|164824.SZ|501018.SH|510210.SH|512400.SH|513030.SH|513100.SH|513120.SH|513290.SH|518880.SH,0.8736882873518388,0.7805308310639488,annealing,0.1453406073538524,513880.SH,513030.SH
rolling_simulated_annealing,2022-07-01/2022-12-31,2023-01-01/2023-06-30,40,159920.SZ|159967.SZ|159980.SZ|159985.SZ|164824.SZ|501018.SH|510210.SH|512400.SH|513100.SH|513120.SH|513290.SH|513880.SH|518880.SH,0.8467447172970518,0.7599788068936458,annealing,0.1406910155629394,161226.SZ,159980.SZ
rolling_simulated_annealing,2022-07-01/2022-12-31,2023-01-01/2023-06-30,41,159920.SZ|159967.SZ|159980.SZ|161226.SZ|164824.SZ|501018.SH|510210.SH|512400.SH|513100.SH|513120.SH|513290.SH|513880.SH|518880.SH,0.06790808103720772,0.7599788068936458,annealing,0.1361901688764795,159985.SZ,159980.SZ
rolling_simulated_annealing,2022-07-01/2022-12-31,2023-01-01/2023-06-30,42,159920.SZ|159928.SZ|159985.SZ|161226.SZ|164824.SZ|501018.SH|510210.SH|512400.SH|513100.SH|513120.SH|513290.SH|513880.SH|518880.SH,1.3522952911485917,0.7599788068936458,annealing,0.13183330878940522,159967.SZ,159928.SZ
rolling_simulated_annealing,2022-07-01/2022-12-31,2023-01-01/2023-06-30,43,159928.SZ|159985.SZ|161226.SZ|164824.SZ|501018.SH|510210.SH|512400.SH|513100.SH|513120.SH|513180.SH|513290.SH|513880.SH|518880.SH,1.2623496350077956,0.7599788068936458,annealing,0.1276158290259985,159920.SZ,513180.SH
rolling_simulated_annealing,2022-07-01/2022-12-31,2023-01-01/2023-06-30,44,159928.SZ|159985.SZ|161226.SZ|164824.SZ|501018.SH|512400.SH|513100.SH|513120.SH|513180.SH|513290.SH|513880.SH|515790.SH|518880.SH,0.7795341228450446,0.7599788068936458,annealing,0.12353327066992105,510210.SH,515790.SH
rolling_simulated_annealing,2022-07-01/2022-12-31,2023-01-01/2023-06-30,45,159985.SZ|161226.SZ|164824.SZ|501018.SH|510210.SH|512400.SH|513100.SH|513120.SH|513180.SH|513290.SH|513880.SH|515220.SH|518880.SH,1.2034290304379887,0.7599788068936458,annealing,0.1195813174500402,159928.SZ,515220.SH
rolling_simulated_annealing,2022-07-01/2022-12-31,2023-01-01/2023-06-30,46,159928.SZ|159985.SZ|161226.SZ|164824.SZ|501018.SH|510210.SH|512400.SH|513070.SH|513100.SH|513120.SH|513290.SH|513880.SH|518880.SH,1.3785887924426845,0.7599788068936458,annealing,0.11575579117706547,513180.SH,513070.SH
rolling_simulated_annealing,2022-07-01/2022-12-31,2023-01-01/2023-06-30,47,159928.SZ|159980.SZ|159985.SZ|161226.SZ|164824.SZ|501018.SH|510210.SH|512400.SH|513070.SH|513100.SH|513120.SH|513290.SH|513880.SH,1.2717504973825844,0.7599788068936458,annealing,0.11205264732617212,518880.SH,159980.SZ
rolling_simulated_annealing,2022-07-01/2022-12-31,2023-01-01/2023-06-30,48,159928.SZ|159981.SZ|159985.SZ|161226.SZ|164824.SZ|501018.SH|510210.SH|512400.SH|513070.SH|513100.SH|513120.SH|513290.SH|513880.SH,1.4049350285247457,0.7599788068936458,annealing,0.10846797076094081,159980.SZ,159981.SZ
rolling_simulated_annealing,2022-07-01/2022-12-31,2023-01-01/2023-06-30,49,159928.SZ|159980.SZ|159981.SZ|159985.SZ|164824.SZ|501018.SH|510210.SH|512400.SH|513070.SH|513100.SH|513120.SH|513290.SH|513880.SH,1.3547152200108983,0.7599788068936458,annealing,0.10499797159409273,161226.SZ,159980.SZ
rolling_simulated_annealing,2022-07-01/2022-12-31,2023-01-01/2023-06-30,50,159920.SZ|159928.SZ|159980.SZ|159981.SZ|159985.SZ|164824.SZ|501018.SH|510210.SH|512400.SH|513100.SH|513120.SH|513290.SH|513880.SH,1.0768449964874471,0.7599788068936458,annealing,0.10163898118064398,513070.SH,159920.SZ
rolling_simulated_annealing,2022-07-01/2022-12-31,2023-01-01/2023-06-30,51,159928.SZ|159980.SZ|159981.SZ|159985.SZ|164824.SZ|510210.SH|512400.SH|513070.SH|513100.SH|513120.SH|513290.SH|513880.SH|518880.SH,0.9176125940610215,0.7599788068936458,annealing,0.09838744823924296,501018.SH,518880.SH
rolling_simulated_annealing,2022-07-01/2022-12-31,2023-01-01/2023-06-30,52,159928.SZ|159980.SZ|159981.SZ|159985.SZ|164824.SZ|501018.SH|510210.SH|512400.SH|513070.SH|513080.SH|513120.SH|513290.SH|513880.SH,1.3018170829719908,0.8020701325811442,annealing,0.09523993509759009,513100.SH,513080.SH
rolling_simulated_annealing,2022-07-01/2022-12-31,2023-01-01/2023-06-30,53,159928.SZ|159980.SZ|159981.SZ|159985.SZ|501018.SH|510210.SH|512400.SH|513070.SH|513080.SH|513100.SH|513120.SH|513290.SH|513880.SH,0.7953860120392009,0.8020701325811442,annealing,0.09219311405797025,164824.SZ,513100.SH
rolling_simulated_annealing,2022-07-01/2022-12-31,2023-01-01/2023-06-30,54,159928.SZ|159980.SZ|159985.SZ|164824.SZ|501018.SH|510210.SH|512400.SH|513070.SH|513080.SH|513120.SH|513290.SH|513880.SH|518880.SH,0.9138373750723302,0.8020701325811442,annealing,0.08924376387905565,159981.SZ,518880.SH
rolling_simulated_annealing,2022-07-01/2022-12-31,2023-01-01/2023-06-30,55,159928.SZ|159980.SZ|159981.SZ|159985.SZ|164824.SZ|501018.SH|512040.SH|512400.SH|513070.SH|513080.SH|513120.SH|513290.SH|513880.SH,1.0128052137318926,0.8020701325811442,annealing,0.08638876637025905,510210.SH,512040.SH
rolling_simulated_annealing,2022-07-01/2022-12-31,2023-01-01/2023-06-30,56,159928.SZ|159980.SZ|159981.SZ|159985.SZ|164824.SZ|501018.SH|510210.SH|512400.SH|513080.SH|513120.SH|513180.SH|513290.SH|513880.SH,1.2473562420267064,0.8020701325811442,annealing,0.08362510309503735,513070.SH,513180.SH
rolling_simulated_annealing,2022-07-01/2022-12-31,2023-01-01/2023-06-30,57,159928.SZ|159980.SZ|159985.SZ|161226.SZ|164824.SZ|501018.SH|510210.SH|512400.SH|513080.SH|513120.SH|513180.SH|513290.SH|513880.SH,1.004882035075723,0.8020701325811442,annealing,0.08094985217965969,159981.SZ,161226.SZ
rolling_simulated_annealing,2022-07-01/2022-12-31,2023-01-01/2023-06-30,58,159928.SZ|159980.SZ|159981.SZ|159985.SZ|164824.SZ|501018.SH|510210.SH|512400.SH|513080.SH|513120.SH|513180.SH|513500.SH|513880.SH,0.5028239236155793,0.8316275404607769,annealing,0.07836018522406615,513290.SH,513500.SH
rolling_simulated_annealing,2022-07-01/2022-12-31,2023-01-01/2023-06-30,59,159928.SZ|159980.SZ|159981.SZ|159985.SZ|164824.SZ|501018.SH|510210.SH|512400.SH|513080.SH|513120.SH|513180.SH|513290.SH|513500.SH,1.1154550602955702,0.8316275404607769,annealing,0.07585336431155136,513880.SH,513500.SH
rolling_simulated_annealing,2022-07-01/2022-12-31,2023-01-01/2023-06-30,60,159928.SZ|159980.SZ|159981.SZ|159985.SZ|164824.SZ|501018.SH|510210.SH|513080.SH|513120.SH|513180.SH|513290.SH|513880.SH|516150.SH,1.1772836813265861,0.8020701325811442,annealing,0.07342673911411116,512400.SH,516150.SH
rolling_simulated_annealing,2022-07-01/2022-12-31,2023-01-01/2023-06-30,61,159928.SZ|159980.SZ|159981.SZ|159985.SZ|164824.SZ|501018.SH|512040.SH|512400.SH|513080.SH|513120.SH|513180.SH|513290.SH|513880.SH,0.9709490358038144,0.8020701325811442,annealing,0.07107774409039225,510210.SH,512040.SH
rolling_simulated_annealing,2022-07-01/2022-12-31,2023-01-01/2023-06-30,62,159928.SZ|159980.SZ|159985.SZ|164824.SZ|501018.SH|510210.SH|512400.SH|513080.SH|513120.SH|513180.SH|513290.SH|513880.SH|518880.SH,0.8598510398683733,0.8020701325811442,annealing,0.06880389577328226,159981.SZ,518880.SH
rolling_simulated_annealing,2022-07-01/2022-12-31,2023-01-01/2023-06-30,63,159928.SZ|159980.SZ|159981.SZ|159985.SZ|164824.SZ|501018.SH|512170.SH|512400.SH|513080.SH|513120.SH|513180.SH|513290.SH|513880.SH,1.4865928112536428,0.8020701325811442,annealing,0.06660279014427231,510210.SH,512170.SH
rolling_simulated_annealing,2022-07-01/2022-12-31,2023-01-01/2023-06-30,64,159928.SZ|159980.SZ|159981.SZ|159985.SZ|501018.SH|512170.SH|512400.SH|513080.SH|513100.SH|513120.SH|513180.SH|513290.SH|513880.SH,0.623751814227139,0.8020701325811442,annealing,0.06447210009181673,164824.SZ,513100.SH
rolling_simulated_annealing,2022-07-01/2022-12-31,2023-01-01/2023-06-30,65,159928.SZ|159980.SZ|159985.SZ|164824.SZ|501018.SH|512170.SH|512400.SH|513080.SH|513120.SH|513180.SH|513290.SH|513880.SH|518880.SH,0.695599635972373,0.8020701325811442,annealing,0.06240957295100188,159981.SZ,518880.SH
rolling_simulated_annealing,2022-07-01/2022-12-31,2023-01-01/2023-06-30,66,159928.SZ|159980.SZ|159981.SZ|159985.SZ|164824.SZ|501018.SH|512170.SH|512400.SH|513100.SH|513120.SH|513180.SH|513290.SH|513880.SH,1.5692687203386877,0.7599788068936458,annealing,0.06041302812192407,513080.SH,513100.SH
rolling_simulated_annealing,2022-07-01/2022-12-31,2023-01-01/2023-06-30,67,159869.SZ|159928.SZ|159980.SZ|159981.SZ|159985.SZ|164824.SZ|501018.SH|512400.SH|513100.SH|513120.SH|513180.SH|513290.SH|513880.SH,0.733773016698884,0.7599788068936458,annealing,0.05848035476425733,512170.SH,159869.SZ
rolling_simulated_annealing,2022-07-01/2022-12-31,2023-01-01/2023-06-30,68,159928.SZ|159980.SZ|159981.SZ|159985.SZ|164824.SZ|501018.SH|512170.SH|512400.SH|513030.SH|513100.SH|513120.SH|513180.SH|513290.SH,1.4010735967865082,0.7805308310639488,annealing,0.0566095095655747,513880.SH,513030.SH
rolling_simulated_annealing,2022-07-01/2022-12-31,2023-01-01/2023-06-30,69,159980.SZ|159981.SZ|159985.SZ|164824.SZ|501018.SH|512170.SH|512400.SH|512980.SH|513100.SH|513120.SH|513180.SH|513290.SH|513880.SH,0.8397534423986925,0.7599788068936458,annealing,0.05479851458106304,159928.SZ,512980.SH
rolling_simulated_annealing,2022-07-01/2022-12-31,2023-01-01/2023-06-30,70,159920.SZ|159928.SZ|159980.SZ|159981.SZ|159985.SZ|164824.SZ|501018.SH|512170.SH|512400.SH|513100.SH|513120.SH|513290.SH|513880.SH,1.2765310453266523,0.7599788068936458,annealing,0.05304545514234737,513180.SH,159920.SZ
rolling_simulated_annealing,2022-07-01/2022-12-31,2023-01-01/2023-06-30,71,159928.SZ|159980.SZ|159981.SZ|164824.SZ|501018.SH|512170.SH|512400.SH|513100.SH|513120.SH|513180.SH|513290.SH|513880.SH|518880.SH,0.17047887818322036,0.7599788068936458,annealing,0.05134847783321434,159985.SZ,518880.SH
rolling_simulated_annealing,2022-07-01/2022-12-31,2023-01-01/2023-06-30,72,159928.SZ|159980.SZ|159981.SZ|159985.SZ|164824.SZ|501018.SH|512170.SH|512400.SH|513030.SH|513100.SH|513120.SH|513180.SH|513880.SH,0.7835083019228539,0.7805308310639488,annealing,0.049705788530093976,513290.SH,513030.SH
rolling_simulated_annealing,2022-07-01/2022-12-31,2023-01-01/2023-06-30,73,159928.SZ|159981.SZ|159985.SZ|161226.SZ|164824.SZ|501018.SH|512170.SH|512400.SH|513100.SH|513120.SH|513180.SH|513290.SH|513880.SH,1.4947836317901988,0.7599788068936458,annealing,0.04811565050522864,159980.SZ,161226.SZ
rolling_simulated_annealing,2022-07-01/2022-12-31,2023-01-01/2023-06-30,74,159928.SZ|159980.SZ|159981.SZ|159985.SZ|164824.SZ|501018.SH|512400.SH|513100.SH|513120.SH|513180.SH|513290.SH|513880.SH|515880.SH,1.1429755551600917,0.7599788068936458,annealing,0.046576382590523456,512170.SH,515880.SH
rolling_simulated_annealing,2022-07-01/2022-12-31,2023-01-01/2023-06-30,75,159928.SZ|159980.SZ|159981.SZ|159985.SZ|164824.SZ|501018.SH|512170.SH|512400.SH|513080.SH|513100.SH|513120.SH|513180.SH|513290.SH,1.5667332152717774,0.7655141320931955,annealing,0.045086357400136896,513880.SH,513080.SH
rolling_simulated_annealing,2022-07-01/2022-12-31,2023-01-01/2023-06-30,76,159928.SZ|159980.SZ|159981.SZ|159985.SZ|160644.SZ|164824.SZ|501018.SH|512170.SH|512400.SH|513080.SH|513100.SH|513120.SH|513180.SH,0.904681411531101,0.7655141320931955,annealing,0.043643999609932656,513290.SH,160644.SZ
rolling_simulated_annealing,2022-07-01/2022-12-31,2023-01-01/2023-06-30,77,159928.SZ|159981.SZ|159985.SZ|161226.SZ|164824.SZ|501018.SH|512170.SH|512400.SH|513080.SH|513100.SH|513120.SH|513180.SH|513290.SH,1.2889956187870502,0.7655141320931955,annealing,0.04224778429197339,159980.SZ,161226.SZ
rolling_simulated_annealing,2022-07-01/2022-12-31,2023-01-01/2023-06-30,78,159928.SZ|159980.SZ|159981.SZ|159985.SZ|164824.SZ|512170.SH|512400.SH|513080.SH|513100.SH|513120.SH|513180.SH|513290.SH|518880.SH,1.0864194525986912,0.7655141320931955,annealing,0.04089623530229582,501018.SH,518880.SH
rolling_simulated_annealing,2022-07-01/2022-12-31,2023-01-01/2023-06-30,79,159928.SZ|159981.SZ|159985.SZ|164824.SZ|501018.SH|512170.SH|512400.SH|513080.SH|513100.SH|513120.SH|513180.SH|513290.SH|518880.SH,1.1638472728227987,0.7655141320931955,annealing,0.03958792372026251,159980.SZ,518880.SH
rolling_simulated_annealing,2022-07-01/2022-12-31,2023-01-01/2023-06-30,80,159928.SZ|159980.SZ|159981.SZ|159985.SZ|164824.SZ|501018.SH|512170.SH|512400.SH|513070.SH|513080.SH|513100.SH|513120.SH|513290.SH,1.601543655932352,0.7655141320931955,annealing,0.03832146633784024,513180.SH,513070.SH
rolling_simulated_annealing,2022-07-01/2022-12-31,2023-01-01/2023-06-30,81,159980.SZ|159981.SZ|159985.SZ|164824.SZ|501018.SH|512170.SH|512400.SH|512890.SH|513070.SH|513080.SH|513100.SH|513120.SH|513290.SH,1.2052876034207154,0.7655141320931955,annealing,0.03709552419720801,159928.SZ,512890.SH
rolling_simulated_annealing,2022-07-01/2022-12-31,2023-01-01/2023-06-30,82,159928.SZ|159980.SZ|159985.SZ|164824.SZ|501018.SH|512170.SH|512400.SH|513070.SH|513080.SH|513100.SH|513120.SH|513290.SH|518880.SH,0.9103170643112259,0.7655141320931955,annealing,0.03590880117514833,159981.SZ,518880.SH
rolling_simulated_annealing,2022-07-01/2022-12-31,2023-01-01/2023-06-30,83,159928.SZ|159980.SZ|159981.SZ|159985.SZ|501018.SH|512170.SH|512400.SH|513070.SH|513080.SH|513100.SH|513120.SH|513290.SH|513880.SH,0.5060280629131054,0.8020701325811442,annealing,0.03476004261272534,164824.SZ,513880.SH
rolling_simulated_annealing,2022-07-01/2022-12-31,2023-01-01/2023-06-30,84,159928.SZ|159980.SZ|159981.SZ|159985.SZ|164824.SZ|512170.SH|512400.SH|513070.SH|513080.SH|513100.SH|513120.SH|513290.SH|518880.SH,0.8394043346543102,0.7655141320931955,annealing,0.033648033988800806,501018.SH,518880.SH
rolling_simulated_annealing,2022-07-01/2022-12-31,2023-01-01/2023-06-30,85,159928.SZ|159980.SZ|159985.SZ|161226.SZ|164824.SZ|501018.SH|512170.SH|512400.SH|513070.SH|513080.SH|513100.SH|513120.SH|513290.SH,1.324743858927586,0.7655141320931955,annealing,0.03257159963598576,159981.SZ,161226.SZ
rolling_simulated_annealing,2022-07-01/2022-12-31,2023-01-01/2023-06-30,86,159928.SZ|159980.SZ|159981.SZ|159985.SZ|164824.SZ|501018.SH|512170.SH|512400.SH|513070.SH|513080.SH|513100.SH|513120.SH|513880.SH,0.7601006361865159,0.8020701325811442,annealing,0.03152960149767008,513290.SH,513880.SH
rolling_simulated_annealing,2022-07-01/2022-12-31,2023-01-01/2023-06-30,87,159928.SZ|159980.SZ|159981.SZ|159985.SZ|164824.SZ|501018.SH|512170.SH|512400.SH|513070.SH|513080.SH|513120.SH|513290.SH|513880.SH,1.5230646883208268,0.8020701325811442,annealing,0.030520937924815954,513100.SH,513880.SH
rolling_simulated_annealing,2022-07-01/2022-12-31,2023-01-01/2023-06-30,88,159920.SZ|159928.SZ|159980.SZ|159981.SZ|159985.SZ|164824.SZ|501018.SH|512170.SH|512400.SH|513080.SH|513100.SH|513120.SH|513290.SH,1.2738110083080256,0.7655141320931955,annealing,0.02954454251124314,513070.SH,159920.SZ
rolling_simulated_annealing,2022-07-01/2022-12-31,2023-01-01/2023-06-30,89,159928.SZ|159980.SZ|159981.SZ|159985.SZ|164824.SZ|501018.SH|512170.SH|512400.SH|513070.SH|513080.SH|513120.SH|513290.SH|513500.SH,1.4500045207725396,0.8316275404607769,annealing,0.02859938296617458,513100.SH,513500.SH
rolling_simulated_annealing,2022-07-01/2022-12-31,2023-01-01/2023-06-30,90,159928.SZ|159980.SZ|159981.SZ|159985.SZ|164824.SZ|501018.SH|512040.SH|512400.SH|513070.SH|513080.SH|513100.SH|513120.SH|513290.SH,1.3285158848953065,0.7655141320931955,annealing,0.02768446002285045,512170.SH,512040.SH
rolling_simulated_annealing,2022-07-01/2022-12-31,2023-01-01/2023-06-30,91,159928.SZ|159980.SZ|159981.SZ|159985.SZ|164824.SZ|501018.SH|510180.SH|512170.SH|513070.SH|513080.SH|513100.SH|513120.SH|513290.SH,1.311831744333769,0.8007402219285243,annealing,0.026798806382056773,512400.SH,510180.SH
rolling_simulated_annealing,2022-07-01/2022-12-31,2023-01-01/2023-06-30,92,159928.SZ|159980.SZ|159981.SZ|161226.SZ|164824.SZ|501018.SH|512170.SH|512400.SH|513070.SH|513080.SH|513100.SH|513120.SH|513290.SH,0.006467384691499241,0.7655141320931955,annealing,0.02594148568945148,159985.SZ,161226.SZ
rolling_simulated_annealing,2022-07-01/2022-12-31,2023-01-01/2023-06-30,93,159928.SZ|159980.SZ|159981.SZ|159985.SZ|164824.SZ|501018.SH|512170.SH|513070.SH|513080.SH|513100.SH|513120.SH|513290.SH|515880.SH,1.1370959025933005,0.7655141320931955,annealing,0.025111591545607014,512400.SH,515880.SH
rolling_simulated_annealing,2022-07-01/2022-12-31,2023-01-01/2023-06-30,94,159928.SZ|159980.SZ|159981.SZ|159985.SZ|164824.SZ|501018.SH|512040.SH|512170.SH|513070.SH|513080.SH|513100.SH|513120.SH|513290.SH,1.2830919243889904,0.7655141320931955,annealing,0.024308246547722494,512400.SH,512040.SH
rolling_simulated_annealing,2022-07-01/2022-12-31,2023-01-01/2023-06-30,95,159865.SZ|159980.SZ|159981.SZ|159985.SZ|164824.SZ|501018.SH|512170.SH|512400.SH|513070.SH|513080.SH|513100.SH|513120.SH|513290.SH,1.5469034378938396,0.7655141320931955,annealing,0.02353060136199262,159928.SZ,159865.SZ
rolling_simulated_annealing,2022-07-01/2022-12-31,2023-01-01/2023-06-30,96,159928.SZ|159980.SZ|159981.SZ|164824.SZ|501018.SH|512170.SH|512400.SH|513070.SH|513080.SH|513100.SH|513120.SH|513290.SH|518880.SH,-0.16640209608243667,0.7655141320931955,annealing,0.022777833825652294,159985.SZ,518880.SH
rolling_simulated_annealing,2022-07-01/2022-12-31,2023-01-01/2023-06-30,97,159928.SZ|159980.SZ|159981.SZ|159985.SZ|164824.SZ|501018.SH|512170.SH|512400.SH|513030.SH|513070.SH|513100.SH|513120.SH|513290.SH,1.4406028189081197,0.7805308310639488,annealing,0.02204914807774781,513080.SH,513030.SH
rolling_simulated_annealing,2022-07-01/2022-12-31,2023-01-01/2023-06-30,98,159928.SZ|159980.SZ|159981.SZ|159985.SZ|160644.SZ|164824.SZ|501018.SH|512170.SH|512400.SH|513070.SH|513100.SH|513120.SH|513290.SH,1.6443818251942937,0.7599788068936458,annealing,0.021343773717715567,513080.SH,160644.SZ
rolling_simulated_annealing,2022-07-01/2022-12-31,2023-01-01/2023-06-30,99,159901.SZ|159980.SZ|159981.SZ|159985.SZ|160644.SZ|164824.SZ|501018.SH|512170.SH|512400.SH|513070.SH|513100.SH|513120.SH|513290.SH,1.50130198502771,0.7599788068936458,annealing,0.020660964990878602,159928.SZ,159901.SZ
rolling_simulated_annealing,2022-07-01/2022-12-31,2023-01-01/2023-06-30,100,159980.SZ|159981.SZ|159985.SZ|160644.SZ|164824.SZ|501018.SH|512170.SH|512400.SH|512890.SH|513070.SH|513100.SH|513120.SH|513290.SH,1.0566728433105188,0.7599788068936458,annealing,0.02,159928.SZ,512890.SH
rolling_simulated_annealing,2023-01-01/2023-06-30,2023-07-01/2023-12-31,1,159852.SZ|159980.SZ|159985.SZ|161226.SZ|164824.SZ|512980.SH|513030.SH|513120.SH|513180.SH|513310.SH|513500.SH|515880.SH|518880.SH,2.5033145155600383,0.7106873422882997,initial,,,
rolling_simulated_annealing,2023-01-01/2023-06-30,2023-07-01/2023-12-31,2,159852.SZ|159980.SZ|159985.SZ|161226.SZ|164824.SZ|512980.SH|513030.SH|513100.SH|513120.SH|513180.SH|513500.SH|515880.SH|518880.SH,3.3463692924073407,0.8866258135554016,annealing,0.4840044985514857,513310.SH,513100.SH
rolling_simulated_annealing,2023-01-01/2023-06-30,2023-07-01/2023-12-31,3,159852.SZ|159980.SZ|159981.SZ|161226.SZ|164824.SZ|512980.SH|513030.SH|513100.SH|513120.SH|513180.SH|513500.SH|515880.SH|518880.SH,3.0578140254088857,0.8866258135554016,annealing,0.4685207092361502,159985.SZ,159981.SZ
rolling_simulated_annealing,2023-01-01/2023-06-30,2023-07-01/2023-12-31,4,159852.SZ|159980.SZ|159981.SZ|161226.SZ|512980.SH|513030.SH|513080.SH|513100.SH|513120.SH|513180.SH|513500.SH|515880.SH|518880.SH,2.51153244051132,0.9096396735534105,annealing,0.4535322618696586,164824.SZ,513080.SH
rolling_simulated_annealing,2023-01-01/2023-06-30,2023-07-01/2023-12-31,5,159852.SZ|159920.SZ|159980.SZ|159981.SZ|161226.SZ|164824.SZ|512980.SH|513030.SH|513100.SH|513180.SH|513500.SH|515880.SH|518880.SH,2.9357149713279775,0.8931243278220744,annealing,0.4390233099662904,513120.SH,159920.SZ
rolling_simulated_annealing,2023-01-01/2023-06-30,2023-07-01/2023-12-31,6,159852.SZ|159920.SZ|159980.SZ|159981.SZ|161226.SZ|164824.SZ|512980.SH|513080.SH|513100.SH|513180.SH|513500.SH|515880.SH|518880.SH,2.7294290608599905,0.8931243278220744,annealing,0.42497851398529574,513030.SH,513080.SH
rolling_simulated_annealing,2023-01-01/2023-06-30,2023-07-01/2023-12-31,7,159852.SZ|159920.SZ|159980.SZ|159981.SZ|161226.SZ|164824.SZ|512400.SH|513080.SH|513100.SH|513180.SH|513500.SH|515880.SH|518880.SH,2.7469535703728067,0.8931243278220744,annealing,0.41138302511321717,512980.SH,512400.SH
rolling_simulated_annealing,2023-01-01/2023-06-30,2023-07-01/2023-12-31,8,159852.SZ|159920.SZ|159980.SZ|159981.SZ|161226.SZ|164824.SZ|512400.SH|513080.SH|513100.SH|513180.SH|513290.SH|515880.SH|518880.SH,2.5726135958766188,0.8931243278220744,annealing,0.3982224695650319,513500.SH,513290.SH
rolling_simulated_annealing,2023-01-01/2023-06-30,2023-07-01/2023-12-31,9,159611.SZ|159920.SZ|159980.SZ|159981.SZ|161226.SZ|164824.SZ|512400.SH|513080.SH|513100.SH|513180.SH|513290.SH|515880.SH|518880.SH,2.709627633630947,0.8931243278220744,annealing,0.385482933387515,159852.SZ,159611.SZ
rolling_simulated_annealing,2023-01-01/2023-06-30,2023-07-01/2023-12-31,10,159611.SZ|159920.SZ|159980.SZ|159981.SZ|161226.SZ|164824.SZ|512400.SH|513080.SH|513100.SH|513120.SH|513290.SH|515880.SH|518880.SH,2.8343859552906685,0.6871488226207012,annealing,0.37315094774875995,513180.SH,513120.SH
rolling_simulated_annealing,2023-01-01/2023-06-30,2023-07-01/2023-12-31,11,159611.SZ|159920.SZ|159980.SZ|159981.SZ|161226.SZ|164824.SZ|512400.SH|513030.SH|513100.SH|513120.SH|513290.SH|515880.SH|518880.SH,3.0749343569782903,0.6871488226207012,annealing,0.3612134746983004,513080.SH,513030.SH
rolling_simulated_annealing,2023-01-01/2023-06-30,2023-07-01/2023-12-31,12,159611.SZ|159920.SZ|159980.SZ|159981.SZ|161226.SZ|164824.SZ|501018.SH|512400.SH|513030.SH|513100.SH|513120.SH|513290.SH|515880.SH,1.8215927413965933,0.6186640087669161,annealing,0.34965789338278125,518880.SH,501018.SH
rolling_simulated_annealing,2023-01-01/2023-06-30,2023-07-01/2023-12-31,13,159611.SZ|159920.SZ|159981.SZ|159985.SZ|161226.SZ|164824.SZ|512400.SH|513030.SH|513100.SH|513120.SH|513290.SH|515880.SH|518880.SH,3.0689040350659553,0.6871488226207012,annealing,0.33847198670260376,159980.SZ,159985.SZ
rolling_simulated_annealing,2023-01-01/2023-06-30,2023-07-01/2023-12-31,14,159611.SZ|159920.SZ|159981.SZ|159985.SZ|161226.SZ|164824.SZ|510880.SH|513030.SH|513100.SH|513120.SH|513290.SH|515880.SH|518880.SH,3.1881277986375154,0.6871488226207012,annealing,0.3276439283954377,512400.SH,510880.SH
rolling_simulated_annealing,2023-01-01/2023-06-30,2023-07-01/2023-12-31,15,159611.SZ|159920.SZ|159981.SZ|159985.SZ|161226.SZ|164824.SZ|513030.SH|513100.SH|513120.SH|513290.SH|515210.SH|515880.SH|518880.SH,3.0980992713315003,0.6871488226207012,annealing,0.31716227053294543,510880.SH,515210.SH
rolling_simulated_annealing,2023-01-01/2023-06-30,2023-07-01/2023-12-31,16,159611.SZ|159920.SZ|159985.SZ|161226.SZ|164824.SZ|501018.SH|513030.SH|513100.SH|513120.SH|513290.SH|515210.SH|515880.SH|518880.SH,3.0154749137404844,0.6871488226207012,annealing,0.3070159314174978,159981.SZ,501018.SH
rolling_simulated_annealing,2023-01-01/2023-06-30,2023-07-01/2023-12-31,17,159611.SZ|159687.SZ|159920.SZ|159985.SZ|161226.SZ|164824.SZ|501018.SH|513030.SH|513120.SH|513290.SH|515210.SH|515880.SH|518880.SH,2.6970341774180886,0.6871488226207012,annealing,0.2971941838660867,513100.SH,159687.SZ
rolling_simulated_annealing,2023-01-01/2023-06-30,2023-07-01/2023-12-31,18,159611.SZ|159687.SZ|159920.SZ|159985.SZ|161226.SZ|164824.SZ|501018.SH|513030.SH|513100.SH|513120.SH|515210.SH|515880.SH|518880.SH,3.6258928665615837,0.6871488226207012,annealing,0.28768664386904663,513290.SH,513100.SH
rolling_simulated_annealing,2023-01-01/2023-06-30,2023-07-01/2023-12-31,19,159611.SZ|159920.SZ|159985.SZ|161226.SZ|164824.SZ|501018.SH|513030.SH|513100.SH|513120.SH|513310.SH|515210.SH|515880.SH|518880.SH,3.310576513196467,0.6871488226207012,annealing,0.27848325961159553,159687.SZ,513310.SH
rolling_simulated_annealing,2023-01-01/2023-06-30,2023-07-01/2023-12-31,20,159611.SZ|159687.SZ|159796.SZ|159920.SZ|159985.SZ|161226.SZ|164824.SZ|501018.SH|513030.SH|513100.SH|513120.SH|515210.SH|518880.SH,1.9870758795471863,0.6871488226207012,annealing,0.269574300846587,515880.SH,159796.SZ
rolling_simulated_annealing,2023-01-01/2023-06-30,2023-07-01/2023-12-31,21,159611.SZ|159687.SZ|159920.SZ|159980.SZ|159985.SZ|161226.SZ|164824.SZ|501018.SH|513030.SH|513100.SH|513120.SH|515210.SH|515880.SH,2.4834121840824337,0.6089212065229541,annealing,0.26095034860723937,518880.SH,159980.SZ
rolling_simulated_annealing,2023-01-01/2023-06-30,2023-07-01/2023-12-31,22,159611.SZ|159687.SZ|159920.SZ|159949.SZ|159985.SZ|161226.SZ|164824.SZ|501018.SH|513030.SH|513100.SH|513120.SH|515210.SH|518880.SH,1.8180812747406003,0.6871488226207012,annealing,0.25260228524896455,515880.SH,159949.SZ
rolling_simulated_annealing,2023-01-01/2023-06-30,2023-07-01/2023-12-31,23,159611.SZ|159687.SZ|159920.SZ|159981.SZ|159985.SZ|161226.SZ|164824.SZ|501018.SH|513030.SH|513100.SH|513120.SH|515210.SH|515880.SH,2.6695404093443966,0.6089212065229541,annealing,0.24452128480976887,518880.SH,159981.SZ
rolling_simulated_annealing,2023-01-01/2023-06-30,2023-07-01/2023-12-31,24,159611.SZ|159687.SZ|159920.SZ|159985.SZ|161226.SZ|164824.SZ|501018.SH|513030.SH|513100.SH|513120.SH|515210.SH|518880.SH|588200.SH,2.0700117385477403,0.6871488226207012,annealing,0.23669880367903437,515880.SH,588200.SH
rolling_simulated_annealing,2023-01-01/2023-06-30,2023-07-01/2023-12-31,25,159611.SZ|159920.SZ|159985.SZ|161226.SZ|164824.SZ|501018.SH|513030.SH|513080.SH|513100.SH|513120.SH|515210.SH|515880.SH|518880.SH,3.263858700225837,0.9096396735534105,annealing,0.22912657156481517,159687.SZ,513080.SH
rolling_simulated_annealing,2023-01-01/2023-06-30,2023-07-01/2023-12-31,26,159611.SZ|159920.SZ|159985.SZ|161226.SZ|164824.SZ|501018.SH|513030.SH|513080.SH|513120.SH|513310.SH|515210.SH|515880.SH|518880.SH,2.498990646108743,0.9096396735534105,annealing,0.22179658275009892,513100.SH,513310.SH
rolling_simulated_annealing,2023-01-01/2023-06-30,2023-07-01/2023-12-31,27,159611.SZ|159920.SZ|159985.SZ|161226.SZ|164824.SZ|501018.SH|510300.SH|513030.SH|513080.SH|513100.SH|513120.SH|515210.SH|518880.SH,1.8385394908265607,0.9096396735534105,annealing,0.21470108762878945,515880.SH,510300.SH
rolling_simulated_annealing,2023-01-01/2023-06-30,2023-07-01/2023-12-31,28,159611.SZ|159920.SZ|159985.SZ|160644.SZ|161226.SZ|164824.SZ|501018.SH|513080.SH|513100.SH|513120.SH|515210.SH|515880.SH|518880.SH,3.4421358850616666,0.6871488226207012,annealing,0.20783258451246167,513030.SH,160644.SZ
rolling_simulated_annealing,2023-01-01/2023-06-30,2023-07-01/2023-12-31,29,159611.SZ|159920.SZ|159985.SZ|160644.SZ|161226.SZ|164824.SZ|501018.SH|510180.SH|513080.SH|513100.SH|513120.SH|515880.SH|518880.SH,3.189677769015852,0.6871488226207012,annealing,0.20118381169922656,515210.SH,510180.SH
rolling_simulated_annealing,2023-01-01/2023-06-30,2023-07-01/2023-12-31,30,159611.SZ|159920.SZ|159980.SZ|159985.SZ|160644.SZ|161226.SZ|164824.SZ|513080.SH|513100.SH|513120.SH|515210.SH|515880.SH|518880.SH,3.8391784712164556,0.6871488226207012,annealing,0.19474773979632132,501018.SH,159980.SZ
rolling_simulated_annealing,2023-01-01/2023-06-30,2023-07-01/2023-12-31,31,159611.SZ|159920.SZ|159980.SZ|159985.SZ|160644.SZ|164824.SZ|501018.SH|513080.SH|513100.SH|513120.SH|515210.SH|515880.SH|518880.SH,3.3959545474845902,0.560103773549188,annealing,0.18851756428830743,161226.SZ,501018.SH
rolling_simulated_annealing,2023-01-01/2023-06-30,2023-07-01/2023-12-31,32,159611.SZ|159920.SZ|159980.SZ|159985.SZ|160644.SZ|161226.SZ|513080.SH|513100.SH|513120.SH|513880.SH|515210.SH|515880.SH|518880.SH,3.5455762129023807,0.6871488226207012,annealing,0.1824866983430194,164824.SZ,513880.SH
rolling_simulated_annealing,2023-01-01/2023-06-30,2023-07-01/2023-12-31,33,159611.SZ|159920.SZ|159980.SZ|159985.SZ|160644.SZ|161226.SZ|513080.SH|513100.SH|513120.SH|513880.SH|515210.SH|515220.SH|518880.SH,2.6107153827682934,0.6871488226207012,annealing,0.17664876584765868,515880.SH,515220.SH
rolling_simulated_annealing,2023-01-01/2023-06-30,2023-07-01/2023-12-31,34,159611.SZ|159920.SZ|159985.SZ|160644.SZ|161226.SZ|501018.SH|513080.SH|513100.SH|513120.SH|513880.SH|515210.SH|515880.SH|518880.SH,3.158351298462007,0.6871488226207012,annealing,0.1709975946676697,159980.SZ,501018.SH
rolling_simulated_annealing,2023-01-01/2023-06-30,2023-07-01/2023-12-31,35,159611.SZ|159920.SZ|159980.SZ|159985.SZ|160644.SZ|501018.SH|513080.SH|513100.SH|513120.SH|513880.SH|515210.SH|515880.SH|518880.SH,3.393539793326997,0.5628846436607052,annealing,0.16552721012127136,161226.SZ,159980.SZ
rolling_simulated_annealing,2023-01-01/2023-06-30,2023-07-01/2023-12-31,36,159611.SZ|159920.SZ|159980.SZ|159985.SZ|160644.SZ|164824.SZ|501018.SH|513080.SH|513120.SH|513880.SH|515210.SH|515880.SH|518880.SH,3.35101318304144,0.5524371446271131,annealing,0.16023182866274469,513100.SH,164824.SZ
rolling_simulated_annealing,2023-01-01/2023-06-30,2023-07-01/2023-12-31,37,159611.SZ|159920.SZ|159980.SZ|159985.SZ|501018.SH|513080.SH|513100.SH|513120.SH|513310.SH|513880.SH|515210.SH|515880.SH|518880.SH,3.075709493427633,0.5628846436607052,annealing,0.15510585176779862,160644.SZ,513310.SH
rolling_simulated_annealing,2023-01-01/2023-06-30,2023-07-01/2023-12-31,38,159611.SZ|159920.SZ|159949.SZ|159980.SZ|159985.SZ|160644.SZ|501018.SH|513080.SH|513100.SH|513120.SH|513880.SH|515880.SH|518880.SH,3.652858467580159,0.5628846436607052,annealing,0.15014386001454888,515210.SH,159949.SZ
rolling_simulated_annealing,2023-01-01/2023-06-30,2023-07-01/2023-12-31,39,159611.SZ|159920.SZ|159949.SZ|159980.SZ|159985.SZ|160644.SZ|164824.SZ|501018.SH|513080.SH|513100.SH|513120.SH|515880.SH|518880.SH,3.301338499747195,0.560103773549188,annealing,0.1453406073538524,513880.SH,164824.SZ
rolling_simulated_annealing,2023-01-01/2023-06-30,2023-07-01/2023-12-31,40,159611.SZ|159920.SZ|159980.SZ|159985.SZ|160644.SZ|501018.SH|513080.SH|513100.SH|513120.SH|513880.SH|515220.SH|515880.SH|518880.SH,3.520882472836208,0.5628846436607052,annealing,0.1406910155629394,159949.SZ,515220.SH
rolling_simulated_annealing,2023-01-01/2023-06-30,2023-07-01/2023-12-31,41,159611.SZ|159920.SZ|159949.SZ|159980.SZ|159985.SZ|160644.SZ|164824.SZ|501018.SH|513080.SH|513120.SH|513880.SH|515880.SH|518880.SH,3.329785585419785,0.5524371446271131,annealing,0.1361901688764795,513100.SH,164824.SZ
rolling_simulated_annealing,2023-01-01/2023-06-30,2023-07-01/2023-12-31,42,159611.SZ|159920.SZ|159949.SZ|159980.SZ|159985.SZ|160644.SZ|501018.SH|513100.SH|513120.SH|513310.SH|513880.SH|515880.SH|518880.SH,3.054123212479333,0.5628846436607052,annealing,0.13183330878940522,513080.SH,513310.SH
rolling_simulated_annealing,2023-01-01/2023-06-30,2023-07-01/2023-12-31,43,159611.SZ|159920.SZ|159949.SZ|159980.SZ|159985.SZ|160644.SZ|501018.SH|513080.SH|513100.SH|513120.SH|513880.SH|515220.SH|518880.SH,1.7029675172591077,0.5628846436607052,annealing,0.1276158290259985,515880.SH,515220.SH
rolling_simulated_annealing,2023-01-01/2023-06-30,2023-07-01/2023-12-31,44,159611.SZ|159920.SZ|159949.SZ|159980.SZ|159985.SZ|160644.SZ|501018.SH|512890.SH|513080.SH|513100.SH|513120.SH|513880.SH|518880.SH,2.4687785802908704,0.5628846436607052,annealing,0.12353327066992105,515880.SH,512890.SH
rolling_simulated_annealing,2023-01-01/2023-06-30,2023-07-01/2023-12-31,45,159611.SZ|159920.SZ|159949.SZ|159980.SZ|159985.SZ|160644.SZ|501018.SH|513080.SH|513100.SH|513180.SH|513880.SH|515880.SH|518880.SH,3.461172404087676,0.8931243278220744,annealing,0.1195813174500402,513120.SH,513180.SH
rolling_simulated_annealing,2023-01-01/2023-06-30,2023-07-01/2023-12-31,46,159851.SZ|159920.SZ|159949.SZ|159980.SZ|159985.SZ|160644.SZ|501018.SH|513080.SH|513100.SH|513120.SH|513880.SH|515880.SH|518880.SH,2.9011131463313626,0.7043062162601477,annealing,0.11575579117706547,159611.SZ,159851.SZ
rolling_simulated_annealing,2023-01-01/2023-06-30,2023-07-01/2023-12-31,47,159611.SZ|159920.SZ|159949.SZ|159981.SZ|159985.SZ|160644.SZ|501018.SH|513080.SH|513100.SH|513120.SH|513880.SH|515880.SH|518880.SH,3.4804108295726466,0.5628846436607052,annealing,0.11205264732617212,159980.SZ,159981.SZ
rolling_simulated_annealing,2023-01-01/2023-06-30,2023-07-01/2023-12-31,48,159611.SZ|159920.SZ|159949.SZ|159980.SZ|159981.SZ|160644.SZ|501018.SH|513080.SH|513100.SH|513120.SH|513880.SH|515880.SH|518880.SH,3.5184146713926037,0.6186640087669161,annealing,0.10846797076094081,159985.SZ,159981.SZ
rolling_simulated_annealing,2023-01-01/2023-06-30,2023-07-01/2023-12-31,49,159611.SZ|159825.SZ|159920.SZ|159980.SZ|159985.SZ|160644.SZ|501018.SH|513080.SH|513100.SH|513120.SH|513880.SH|515880.SH|518880.SH,3.4096832700726627,0.5628846436607052,annealing,0.10499797159409273,159949.SZ,159825.SZ
rolling_simulated_annealing,2023-01-01/2023-06-30,2023-07-01/2023-12-31,50,159611.SZ|159920.SZ|159949.SZ|159980.SZ|159981.SZ|159985.SZ|160644.SZ|501018.SH|513080.SH|513100.SH|513120.SH|513880.SH|515880.SH,2.7398066928388665,0.6186640087669161,annealing,0.10163898118064398,518880.SH,159981.SZ
rolling_simulated_annealing,2023-01-01/2023-06-30,2023-07-01/2023-12-31,51,159611.SZ|159920.SZ|159949.SZ|159980.SZ|159985.SZ|501018.SH|513080.SH|513100.SH|513120.SH|513290.SH|513880.SH|515880.SH|518880.SH,3.059047820802336,0.5628846436607052,annealing,0.09838744823924296,160644.SZ,513290.SH
rolling_simulated_annealing,2023-01-01/2023-06-30,2023-07-01/2023-12-31,52,159611.SZ|159920.SZ|159949.SZ|159980.SZ|159985.SZ|160644.SZ|501018.SH|513080.SH|513120.SH|513290.SH|513880.SH|515880.SH|518880.SH,2.4142351712017267,0.5524371446271131,annealing,0.09523993509759009,513100.SH,513290.SH
rolling_simulated_annealing,2023-01-01/2023-06-30,2023-07-01/2023-12-31,53,159611.SZ|159766.SZ|159920.SZ|159980.SZ|159985.SZ|160644.SZ|501018.SH|513080.SH|513100.SH|513120.SH|513880.SH|515880.SH|518880.SH,3.5646161031099672,0.5628846436607052,annealing,0.09219311405797025,159949.SZ,159766.SZ
rolling_simulated_annealing,2023-01-01/2023-06-30,2023-07-01/2023-12-31,54,159611.SZ|159766.SZ|159920.SZ|159980.SZ|159985.SZ|501018.SH|513080.SH|513100.SH|513120.SH|513310.SH|513880.SH|515880.SH|518880.SH,2.762916544302615,0.5628846436607052,annealing,0.08924376387905565,160644.SZ,513310.SH
rolling_simulated_annealing,2023-01-01/2023-06-30,2023-07-01/2023-12-31,55,159611.SZ|159766.SZ|159920.SZ|159980.SZ|159985.SZ|160644.SZ|501018.SH|513080.SH|513100.SH|513120.SH|513310.SH|515880.SH|518880.SH,3.063952259868765,0.560103773549188,annealing,0.08638876637025905,513880.SH,513310.SH
rolling_simulated_annealing,2023-01-01/2023-06-30,2023-07-01/2023-12-31,56,159611.SZ|159766.SZ|159920.SZ|159980.SZ|159985.SZ|160644.SZ|501018.SH|513080.SH|513100.SH|513120.SH|513290.SH|515880.SH|518880.SH,2.2443638028445085,0.560103773549188,annealing,0.08362510309503735,513880.SH,513290.SH
rolling_simulated_annealing,2023-01-01/2023-06-30,2023-07-01/2023-12-31,57,159766.SZ|159920.SZ|159980.SZ|159985.SZ|160644.SZ|501018.SH|512040.SH|513080.SH|513100.SH|513120.SH|513880.SH|515880.SH|518880.SH,3.5600598941998998,0.5628846436607052,annealing,0.08094985217965969,159611.SZ,512040.SH
rolling_simulated_annealing,2023-01-01/2023-06-30,2023-07-01/2023-12-31,58,159611.SZ|159766.SZ|159920.SZ|159980.SZ|159985.SZ|160644.SZ|501018.SH|513080.SH|513100.SH|513180.SH|513880.SH|515880.SH|518880.SH,3.2608120399153515,0.8931243278220744,annealing,0.07836018522406615,513120.SH,513180.SH
rolling_simulated_annealing,2023-01-01/2023-06-30,2023-07-01/2023-12-31,59,159611.SZ|159766.SZ|159920.SZ|159980.SZ|159985.SZ|160644.SZ|164824.SZ|501018.SH|513100.SH|513120.SH|513880.SH|515880.SH|518880.SH,3.679986964519842,0.5628846436607052,annealing,0.07585336431155136,513080.SH,164824.SZ
rolling_simulated_annealing,2023-01-01/2023-06-30,2023-07-01/2023-12-31,60,159611.SZ|159766.SZ|159920.SZ|159980.SZ|159985.SZ|160644.SZ|501018.SH|513100.SH|513120.SH|513310.SH|513880.SH|515880.SH|518880.SH,2.9221252691025166,0.5628846436607052,annealing,0.07342673911411116,164824.SZ,513310.SH
rolling_simulated_annealing,2023-01-01/2023-06-30,2023-07-01/2023-12-31,61,159611.SZ|159766.SZ|159920.SZ|159980.SZ|159981.SZ|159985.SZ|160644.SZ|164824.SZ|513100.SH|513120.SH|513880.SH|515880.SH|518880.SH,3.659389048278352,0.6186640087669161,annealing,0.07107774409039225,501018.SH,159981.SZ
rolling_simulated_annealing,2023-01-01/2023-06-30,2023-07-01/2023-12-31,62,159611.SZ|159766.SZ|159920.SZ|159980.SZ|159981.SZ|159985.SZ|160644.SZ|164824.SZ|501018.SH|513100.SH|513120.SH|513880.SH|515880.SH,2.7276730354687366,0.6186640087669161,annealing,0.06880389577328226,518880.SH,501018.SH
rolling_simulated_annealing,2023-01-01/2023-06-30,2023-07-01/2023-12-31,63,159611.SZ|159766.SZ|159920.SZ|159980.SZ|159981.SZ|159985.SZ|160644.SZ|164824.SZ|513030.SH|513100.SH|513120.SH|515880.SH|518880.SH,3.5598179986459497,0.6186640087669161,annealing,0.06660279014427231,513880.SH,513030.SH
rolling_simulated_annealing,2023-01-01/2023-06-30,2023-07-01/2023-12-31,64,159611.SZ|159766.SZ|159920.SZ|159980.SZ|159981.SZ|159985.SZ|160644.SZ|164824.SZ|512890.SH|513100.SH|513120.SH|513880.SH|518880.SH,2.908065862669594,0.6186640087669161,annealing,0.06447210009181673,515880.SH,512890.SH
rolling_simulated_annealing,2023-01-01/2023-06-30,2023-07-01/2023-12-31,65,159611.SZ|159920.SZ|159980.SZ|159981.SZ|159985.SZ|160644.SZ|164824.SZ|512040.SH|513100.SH|513120.SH|513880.SH|515880.SH|518880.SH,3.633314323001397,0.6186640087669161,annealing,0.06240957295100188,159766.SZ,512040.SH
rolling_simulated_annealing,2023-01-01/2023-06-30,2023-07-01/2023-12-31,66,159611.SZ|159920.SZ|159980.SZ|159985.SZ|160644.SZ|164824.SZ|501018.SH|512040.SH|513100.SH|513120.SH|513880.SH|515880.SH|518880.SH,3.486702896780418,0.5628846436607052,annealing,0.06041302812192407,159981.SZ,501018.SH
rolling_simulated_annealing,2023-01-01/2023-06-30,2023-07-01/2023-12-31,67,159920.SZ|159980.SZ|159985.SZ|160644.SZ|164824.SZ|501018.SH|512040.SH|513100.SH|513120.SH|513880.SH|515790.SH|515880.SH|518880.SH,3.9091430041412774,0.5628846436607052,annealing,0.05848035476425733,159611.SZ,515790.SH
rolling_simulated_annealing,2023-01-01/2023-06-30,2023-07-01/2023-12-31,68,159920.SZ|159980.SZ|159985.SZ|160644.SZ|164824.SZ|501018.SH|512040.SH|513080.SH|513120.SH|513880.SH|515790.SH|515880.SH|518880.SH,2.6441387597988566,0.5524371446271131,annealing,0.0566095095655747,513100.SH,513080.SH
rolling_simulated_annealing,2023-01-01/2023-06-30,2023-07-01/2023-12-31,69,159920.SZ|159980.SZ|159985.SZ|160644.SZ|164824.SZ|501018.SH|512040.SH|513100.SH|513180.SH|513880.SH|515790.SH|515880.SH|518880.SH,3.984101958785639,0.8931243278220744,annealing,0.05479851458106304,513120.SH,513180.SH
rolling_simulated_annealing,2023-01-01/2023-06-30,2023-07-01/2023-12-31,70,159687.SZ|159920.SZ|159980.SZ|159985.SZ|160644.SZ|501018.SH|512040.SH|513100.SH|513180.SH|513880.SH|515790.SH|515880.SH|518880.SH,3.160969701752372,0.8931243278220744,annealing,0.05304545514234737,164824.SZ,159687.SZ
rolling_simulated_annealing,2023-01-01/2023-06-30,2023-07-01/2023-12-31,71,159687.SZ|159920.SZ|159980.SZ|159985.SZ|164824.SZ|501018.SH|512040.SH|513100.SH|513180.SH|513880.SH|515790.SH|515880.SH|518880.SH,3.8901093726737375,0.8931243278220744,annealing,0.05134847783321434,160644.SZ,159687.SZ
rolling_simulated_annealing,2023-01-01/2023-06-30,2023-07-01/2023-12-31,72,159920.SZ|159980.SZ|159985.SZ|160644.SZ|164824.SZ|501018.SH|512040.SH|513180.SH|513500.SH|513880.SH|515790.SH|515880.SH|518880.SH,3.536022628522337,0.8931243278220744,annealing,0.049705788530093976,513100.SH,513500.SH
rolling_simulated_annealing,2023-01-01/2023-06-30,2023-07-01/2023-12-31,73,159980.SZ|159985.SZ|160644.SZ|164824.SZ|501018.SH|512040.SH|513100.SH|513120.SH|513180.SH|513880.SH|515790.SH|515880.SH|518880.SH,3.9427433304796016,0.5628846436607052,annealing,0.04811565050522864,159920.SZ,513120.SH
rolling_simulated_annealing,2023-01-01/2023-06-30,2023-07-01/2023-12-31,74,159980.SZ|159981.SZ|160644.SZ|164824.SZ|501018.SH|512040.SH|513100.SH|513120.SH|513180.SH|513880.SH|515790.SH|515880.SH|518880.SH,3.7558414521479,0.6186640087669161,annealing,0.046576382590523456,159985.SZ,159981.SZ
rolling_simulated_annealing,2023-01-01/2023-06-30,2023-07-01/2023-12-31,75,159980.SZ|159981.SZ|159985.SZ|160644.SZ|164824.SZ|512040.SH|513100.SH|513120.SH|513180.SH|513880.SH|515790.SH|515880.SH|518880.SH,3.9986975439383694,0.6186640087669161,annealing,0.045086357400136896,501018.SH,159981.SZ
rolling_simulated_annealing,2023-01-01/2023-06-30,2023-07-01/2023-12-31,76,159980.SZ|159981.SZ|159985.SZ|160644.SZ|164824.SZ|510210.SH|512040.SH|513100.SH|513120.SH|513180.SH|513880.SH|515790.SH|518880.SH,2.857896421617668,0.7616089023452407,annealing,0.043643999609932656,515880.SH,510210.SH
rolling_simulated_annealing,2023-01-01/2023-06-30,2023-07-01/2023-12-31,77,159980.SZ|159981.SZ|159985.SZ|160644.SZ|164824.SZ|512040.SH|513030.SH|513120.SH|513180.SH|513880.SH|515790.SH|515880.SH|518880.SH,3.697667858480929,0.6186640087669161,annealing,0.04224778429197339,513100.SH,513030.SH
rolling_simulated_annealing,2023-01-01/2023-06-30,2023-07-01/2023-12-31,78,159981.SZ|159985.SZ|160644.SZ|164824.SZ|501018.SH|512040.SH|513100.SH|513120.SH|513180.SH|513880.SH|515790.SH|515880.SH|518880.SH,3.8735734067179948,0.5628846436607052,annealing,0.04089623530229582,159980.SZ,501018.SH
rolling_simulated_annealing,2023-01-01/2023-06-30,2023-07-01/2023-12-31,79,159980.SZ|159981.SZ|159985.SZ|160644.SZ|164824.SZ|512880.SH|513100.SH|513120.SH|513180.SH|513880.SH|515790.SH|515880.SH|518880.SH,3.105643909250911,0.6186640087669161,annealing,0.03958792372026251,512040.SH,512880.SH
rolling_simulated_annealing,2023-01-01/2023-06-30,2023-07-01/2023-12-31,80,159980.SZ|159981.SZ|159985.SZ|160644.SZ|164824.SZ|512040.SH|513120.SH|513180.SH|513310.SH|513880.SH|515790.SH|515880.SH|518880.SH,2.932531476482161,0.6186640087669161,annealing,0.03832146633784024,513100.SH,513310.SH
rolling_simulated_annealing,2023-01-01/2023-06-30,2023-07-01/2023-12-31,81,159980.SZ|159981.SZ|159985.SZ|160644.SZ|164824.SZ|510500.SH|512040.SH|513100.SH|513120.SH|513180.SH|513880.SH|515790.SH|518880.SH,3.0098313633259104,0.6929585794773003,annealing,0.03709552419720801,515880.SH,510500.SH
rolling_simulated_annealing,2023-01-01/2023-06-30,2023-07-01/2023-12-31,82,159980.SZ|159981.SZ|159985.SZ|160644.SZ|164824.SZ|512100.SH|513100.SH|513120.SH|513180.SH|513880.SH|515790.SH|515880.SH|518880.SH,3.310549458800031,0.6561903747487745,annealing,0.03590880117514833,512040.SH,512100.SH
rolling_simulated_annealing,2023-01-01/2023-06-30,2023-07-01/2023-12-31,83,159687.SZ|159980.SZ|159981.SZ|159985.SZ|164824.SZ|512040.SH|513100.SH|513120.SH|513180.SH|513880.SH|515790.SH|515880.SH|518880.SH,3.8907392800615805,0.6995802811180952,annealing,0.03476004261272534,160644.SZ,159687.SZ
rolling_simulated_annealing,2023-01-01/2023-06-30,2023-07-01/2023-12-31,84,159687.SZ|159980.SZ|159981.SZ|159985.SZ|160644.SZ|512040.SH|513100.SH|513120.SH|513180.SH|513880.SH|515790.SH|515880.SH|518880.SH,3.1576258088275946,0.6995802811180952,annealing,0.033648033988800806,164824.SZ,159687.SZ
rolling_simulated_annealing,2023-01-01/2023-06-30,2023-07-01/2023-12-31,85,159980.SZ|159981.SZ|159985.SZ|160644.SZ|164824.SZ|512040.SH|513100.SH|513120.SH|513180.SH|513290.SH|515790.SH|515880.SH|518880.SH,3.4569559804498313,0.6186640087669161,annealing,0.03257159963598576,513880.SH,513290.SH
rolling_simulated_annealing,2023-01-01/2023-06-30,2023-07-01/2023-12-31,86,159980.SZ|159981.SZ|159985.SZ|160644.SZ|164824.SZ|512660.SH|513100.SH|513120.SH|513180.SH|513880.SH|515790.SH|515880.SH|518880.SH,3.576192785499674,0.6186640087669161,annealing,0.03152960149767008,512040.SH,512660.SH
rolling_simulated_annealing,2023-01-01/2023-06-30,2023-07-01/2023-12-31,87,159980.SZ|159981.SZ|159985.SZ|160644.SZ|164824.SZ|512040.SH|513120.SH|513180.SH|513290.SH|513880.SH|515790.SH|515880.SH|518880.SH,3.178779358329477,0.6186640087669161,annealing,0.030520937924815954,513100.SH,513290.SH
rolling_simulated_annealing,2023-01-01/2023-06-30,2023-07-01/2023-12-31,88,159980.SZ|159981.SZ|159985.SZ|160644.SZ|164824.SZ|512040.SH|513100.SH|513120.SH|513180.SH|513310.SH|515790.SH|515880.SH|518880.SH,3.457964532463048,0.6186640087669161,annealing,0.02954454251124314,513880.SH,513310.SH
rolling_simulated_annealing,2023-01-01/2023-06-30,2023-07-01/2023-12-31,89,159980.SZ|159985.SZ|160644.SZ|161226.SZ|164824.SZ|512040.SH|513100.SH|513120.SH|513180.SH|513880.SH|515790.SH|515880.SH|518880.SH,3.762552928127844,0.6871488226207012,annealing,0.02859938296617458,159981.SZ,161226.SZ
rolling_simulated_annealing,2023-01-01/2023-06-30,2023-07-01/2023-12-31,90,159980.SZ|159981.SZ|159985.SZ|160644.SZ|164824.SZ|512040.SH|513100.SH|513120.SH|513180.SH|513880.SH|515220.SH|515790.SH|518880.SH,2.8371183840470646,0.642610011175908,annealing,0.02768446002285045,515880.SH,515220.SH
rolling_simulated_annealing,2023-01-01/2023-06-30,2023-07-01/2023-12-31,91,159928.SZ|159980.SZ|159981.SZ|159985.SZ|160644.SZ|164824.SZ|512040.SH|513100.SH|513120.SH|513180.SH|513880.SH|515880.SH|518880.SH,3.9401744260579292,0.6186640087669161,annealing,0.026798806382056773,515790.SH,159928.SZ
rolling_simulated_annealing,2023-01-01/2023-06-30,2023-07-01/2023-12-31,92,159687.SZ|159980.SZ|159981.SZ|159985.SZ|160644.SZ|164824.SZ|512040.SH|513120.SH|513180.SH|513880.SH|515790.SH|515880.SH|518880.SH,3.4740871217005647,0.6995802811180952,annealing,0.02594148568945148,513100.SH,159687.SZ
rolling_simulated_annealing,2023-01-01/2023-06-30,2023-07-01/2023-12-31,93,159980.SZ|159981.SZ|159985.SZ|160644.SZ|161226.SZ|164824.SZ|512040.SH|513100.SH|513120.SH|513180.SH|513880.SH|515790.SH|515880.SH,2.702034763938775,0.6186640087669161,annealing,0.025111591545607014,518880.SH,161226.SZ
rolling_simulated_annealing,2023-01-01/2023-06-30,2023-07-01/2023-12-31,94,159980.SZ|159981.SZ|159985.SZ|160644.SZ|512040.SH|513100.SH|513120.SH|513180.SH|513500.SH|513880.SH|515790.SH|515880.SH|518880.SH,3.647738339238837,0.8866258135554016,annealing,0.024308246547722494,164824.SZ,513500.SH
rolling_simulated_annealing,2023-01-01/2023-06-30,2023-07-01/2023-12-31,95,159980.SZ|159981.SZ|159985.SZ|160644.SZ|164824.SZ|512980.SH|513100.SH|513120.SH|513180.SH|513880.SH|515790.SH|515880.SH|518880.SH,3.256470533095326,0.629514964881252,annealing,0.02353060136199262,512040.SH,512980.SH
rolling_simulated_annealing,2023-01-01/2023-06-30,2023-07-01/2023-12-31,96,159980.SZ|159981.SZ|160644.SZ|161226.SZ|164824.SZ|512040.SH|513100.SH|513120.SH|513180.SH|513880.SH|515790.SH|515880.SH|518880.SH,3.815776007101176,0.6871488226207012,annealing,0.022777833825652294,159985.SZ,161226.SZ
rolling_simulated_annealing,2023-01-01/2023-06-30,2023-07-01/2023-12-31,97,159980.SZ|159981.SZ|159985.SZ|160644.SZ|164824.SZ|512040.SH|513080.SH|513120.SH|513180.SH|513880.SH|515790.SH|515880.SH|518880.SH,3.4979259695357747,0.6186640087669161,annealing,0.02204914807774781,513100.SH,513080.SH
rolling_simulated_annealing,2023-01-01/2023-06-30,2023-07-01/2023-12-31,98,159980.SZ|159981.SZ|159985.SZ|160644.SZ|164824.SZ|512200.SH|513100.SH|513120.SH|513180.SH|513880.SH|515790.SH|515880.SH|518880.SH,3.3022585466387326,0.6186640087669161,annealing,0.021343773717715567,512040.SH,512200.SH
rolling_simulated_annealing,2023-01-01/2023-06-30,2023-07-01/2023-12-31,99,159981.SZ|159985.SZ|160644.SZ|161226.SZ|164824.SZ|512040.SH|513100.SH|513120.SH|513180.SH|513880.SH|515790.SH|515880.SH|518880.SH,3.826702933927651,0.6871488226207012,annealing,0.020660964990878602,159980.SZ,161226.SZ
rolling_simulated_annealing,2023-01-01/2023-06-30,2023-07-01/2023-12-31,100,159980.SZ|159981.SZ|159985.SZ|160644.SZ|164824.SZ|512040.SH|513030.SH|513100.SH|513120.SH|513180.SH|515790.SH|515880.SH|518880.SH,3.946090013020522,0.6186640087669161,annealing,0.02,513880.SH,513030.SH
rolling_simulated_annealing,2023-07-01/2023-12-31,2024-01-01/2024-06-30,1,159509.SZ|159687.SZ|159766.SZ|159920.SZ|159980.SZ|159981.SZ|161226.SZ|501018.SH|510500.SH|513030.SH|513120.SH|513290.SH|563300.SH,0.1711844123649842,0.8640350519958893,initial,,,
rolling_simulated_annealing,2023-07-01/2023-12-31,2024-01-01/2024-06-30,2,159509.SZ|159687.SZ|159766.SZ|159980.SZ|159981.SZ|161226.SZ|501018.SH|510500.SH|513030.SH|513120.SH|513180.SH|513290.SH|563300.SH,-0.21712896457801423,0.8640350519958893,annealing,0.4840044985514857,159920.SZ,513180.SH
rolling_simulated_annealing,2023-07-01/2023-12-31,2024-01-01/2024-06-30,3,159509.SZ|159687.SZ|159766.SZ|159980.SZ|159981.SZ|161226.SZ|501018.SH|510180.SH|513030.SH|513120.SH|513180.SH|513290.SH|563300.SH,-0.19162779435210167,0.7579092133299615,annealing,0.4685207092361502,510500.SH,510180.SH
rolling_simulated_annealing,2023-07-01/2023-12-31,2024-01-01/2024-06-30,4,159687.SZ|159766.SZ|159980.SZ|159981.SZ|161226.SZ|501018.SH|510180.SH|513030.SH|513120.SH|513180.SH|513290.SH|513880.SH|563300.SH,0.022852591693159407,0.8806115882628334,annealing,0.4535322618696586,159509.SZ,513880.SH
rolling_simulated_annealing,2023-07-01/2023-12-31,2024-01-01/2024-06-30,5,159687.SZ|159766.SZ|159851.SZ|159980.SZ|159981.SZ|161226.SZ|501018.SH|513030.SH|513120.SH|513180.SH|513290.SH|513880.SH|563300.SH,-0.04619283816650088,0.8806115882628334,annealing,0.4390233099662904,510180.SH,159851.SZ
rolling_simulated_annealing,2023-07-01/2023-12-31,2024-01-01/2024-06-30,6,159687.SZ|159766.SZ|159851.SZ|159980.SZ|159981.SZ|501018.SH|513030.SH|513120.SH|513180.SH|513290.SH|513880.SH|518880.SH|563300.SH,-0.05993471703311988,0.8806115882628334,annealing,0.42497851398529574,161226.SZ,518880.SH
rolling_simulated_annealing,2023-07-01/2023-12-31,2024-01-01/2024-06-30,7,159687.SZ|159766.SZ|159851.SZ|159980.SZ|159981.SZ|501018.SH|510210.SH|513030.SH|513120.SH|513180.SH|513290.SH|513880.SH|518880.SH,-0.5947785601650922,0.8806115882628334,annealing,0.41138302511321717,563300.SH,510210.SH
rolling_simulated_annealing,2023-07-01/2023-12-31,2024-01-01/2024-06-30,8,159766.SZ|159851.SZ|159980.SZ|159981.SZ|501018.SH|513030.SH|513100.SH|513120.SH|513180.SH|513290.SH|513880.SH|518880.SH|563300.SH,-0.2774285340257987,0.7824059319979025,annealing,0.3982224695650319,159687.SZ,513100.SH
rolling_simulated_annealing,2023-07-01/2023-12-31,2024-01-01/2024-06-30,9,159766.SZ|159980.SZ|159981.SZ|501018.SH|512170.SH|513030.SH|513100.SH|513120.SH|513180.SH|513290.SH|513880.SH|518880.SH|563300.SH,0.018236123037167772,0.7824059319979025,annealing,0.385482933387515,159851.SZ,512170.SH
rolling_simulated_annealing,2023-07-01/2023-12-31,2024-01-01/2024-06-30,10,159766.SZ|159901.SZ|159980.SZ|159981.SZ|501018.SH|512170.SH|513030.SH|513100.SH|513120.SH|513180.SH|513290.SH|513880.SH|518880.SH,-0.5231761201101068,0.7824059319979025,annealing,0.37315094774875995,563300.SH,159901.SZ
rolling_simulated_annealing,2023-07-01/2023-12-31,2024-01-01/2024-06-30,11,159687.SZ|159766.SZ|159980.SZ|159981.SZ|501018.SH|512170.SH|513030.SH|513100.SH|513120.SH|513180.SH|513290.SH|518880.SH|563300.SH,-0.19713242761094876,0.7579092133299615,annealing,0.3612134746983004,513880.SH,159687.SZ
rolling_simulated_annealing,2023-07-01/2023-12-31,2024-01-01/2024-06-30,12,159766.SZ|159980.SZ|159981.SZ|501018.SH|512170.SH|513030.SH|513100.SH|513120.SH|513180.SH|513290.SH|513310.SH|518880.SH|563300.SH,0.01684363931685839,0.7182503628120884,annealing,0.34965789338278125,159687.SZ,513310.SH
rolling_simulated_annealing,2023-07-01/2023-12-31,2024-01-01/2024-06-30,13,159766.SZ|159980.SZ|159981.SZ|160644.SZ|501018.SH|512170.SH|513030.SH|513100.SH|513120.SH|513180.SH|513290.SH|518880.SH|563300.SH,-0.20759238335677416,0.7182503628120884,annealing,0.33847198670260376,513310.SH,160644.SZ
rolling_simulated_annealing,2023-07-01/2023-12-31,2024-01-01/2024-06-30,14,159766.SZ|159980.SZ|159981.SZ|160644.SZ|501018.SH|512170.SH|513030.SH|513100.SH|513120.SH|513180.SH|513310.SH|518880.SH|563300.SH,-0.05558503029347089,0.7182503628120884,annealing,0.3276439283954377,513290.SH,160644.SZ
rolling_simulated_annealing,2023-07-01/2023-12-31,2024-01-01/2024-06-30,15,159766.SZ|159980.SZ|159981.SZ|501018.SH|512170.SH|513030.SH|513100.SH|513120.SH|513180.SH|513310.SH|513880.SH|518880.SH|563300.SH,0.06519650459785882,0.7824059319979025,annealing,0.31716227053294543,160644.SZ,513880.SH
rolling_simulated_annealing,2023-07-01/2023-12-31,2024-01-01/2024-06-30,16,159980.SZ|159981.SZ|501018.SH|510050.SH|512170.SH|513030.SH|513100.SH|513120.SH|513180.SH|513310.SH|513880.SH|518880.SH|563300.SH,0.43634146012599306,0.7824059319979025,annealing,0.3070159314174978,159766.SZ,510050.SH
rolling_simulated_annealing,2023-07-01/2023-12-31,2024-01-01/2024-06-30,17,159980.SZ|159981.SZ|164824.SZ|501018.SH|510050.SH|512170.SH|513030.SH|513120.SH|513180.SH|513310.SH|513880.SH|518880.SH|563300.SH,0.39723425921393896,0.7824059319979025,annealing,0.2971941838660867,513100.SH,164824.SZ
rolling_simulated_annealing,2023-07-01/2023-12-31,2024-01-01/2024-06-30,18,159980.SZ|159981.SZ|501018.SH|510050.SH|512170.SH|513030.SH|513100.SH|513120.SH|513180.SH|513290.SH|513310.SH|518880.SH|563300.SH,0.5648156585599213,0.7182503628120884,annealing,0.28768664386904663,513880.SH,513290.SH
rolling_simulated_annealing,2023-07-01/2023-12-31,2024-01-01/2024-06-30,19,159980.SZ|159981.SZ|501018.SH|510050.SH|512170.SH|513100.SH|513120.SH|513180.SH|513290.SH|513310.SH|513500.SH|518880.SH|563300.SH,0.551867424437509,0.8909152686603402,annealing,0.27848325961159553,513030.SH,513500.SH
rolling_simulated_annealing,2023-07-01/2023-12-31,2024-01-01/2024-06-30,20,159980.SZ|159981.SZ|501018.SH|510500.SH|512170.SH|513100.SH|513120.SH|513180.SH|513290.SH|513310.SH|513500.SH|518880.SH|563300.SH,0.5594854791367891,0.8909152686603402,annealing,0.269574300846587,510050.SH,510500.SH
rolling_simulated_annealing,2023-07-01/2023-12-31,2024-01-01/2024-06-30,21,159980.SZ|159981.SZ|501018.SH|510300.SH|512170.SH|513100.SH|513120.SH|513180.SH|513290.SH|513310.SH|513500.SH|518880.SH|563300.SH,0.5337707730463854,0.8909152686603402,annealing,0.26095034860723937,510500.SH,510300.SH
rolling_simulated_annealing,2023-07-01/2023-12-31,2024-01-01/2024-06-30,22,159980.SZ|159981.SZ|161226.SZ|501018.SH|510300.SH|512170.SH|513100.SH|513120.SH|513180.SH|513290.SH|513310.SH|513500.SH|563300.SH,0.5508583515042768,0.8909152686603402,annealing,0.25260228524896455,518880.SH,161226.SZ
rolling_simulated_annealing,2023-07-01/2023-12-31,2024-01-01/2024-06-30,23,159980.SZ|159981.SZ|161226.SZ|501018.SH|510300.SH|512170.SH|513080.SH|513100.SH|513120.SH|513180.SH|513290.SH|513500.SH|563300.SH,0.4157361068752971,0.8909152686603402,annealing,0.24452128480976887,513310.SH,513080.SH
rolling_simulated_annealing,2023-07-01/2023-12-31,2024-01-01/2024-06-30,24,159865.SZ|159980.SZ|159981.SZ|161226.SZ|501018.SH|510300.SH|512170.SH|513080.SH|513100.SH|513120.SH|513180.SH|513290.SH|513500.SH,0.2008468802508454,0.8909152686603402,annealing,0.23669880367903437,563300.SH,159865.SZ
rolling_simulated_annealing,2023-07-01/2023-12-31,2024-01-01/2024-06-30,25,159980.SZ|159981.SZ|161226.SZ|501018.SH|510300.SH|512170.SH|512200.SH|513080.SH|513100.SH|513120.SH|513180.SH|513290.SH|513500.SH,0.10899198088122444,0.8909152686603402,annealing,0.22912657156481517,563300.SH,512200.SH
rolling_simulated_annealing,2023-07-01/2023-12-31,2024-01-01/2024-06-30,26,159980.SZ|159981.SZ|161226.SZ|501018.SH|510300.SH|512170.SH|512200.SH|513080.SH|513100.SH|513120.SH|513180.SH|513290.SH|513310.SH,0.35684799199042955,0.6626523644365334,annealing,0.22179658275009892,513500.SH,513310.SH
rolling_simulated_annealing,2023-07-01/2023-12-31,2024-01-01/2024-06-30,27,159687.SZ|159980.SZ|159981.SZ|161226.SZ|501018.SH|510300.SH|512170.SH|512200.SH|513080.SH|513100.SH|513120.SH|513180.SH|513290.SH,0.29673028420465136,0.7366857191376772,annealing,0.21470108762878945,513310.SH,159687.SZ
rolling_simulated_annealing,2023-07-01/2023-12-31,2024-01-01/2024-06-30,28,159687.SZ|159980.SZ|159981.SZ|161226.SZ|501018.SH|510300.SH|512170.SH|512200.SH|513070.SH|513080.SH|513100.SH|513120.SH|513290.SH,-0.04550823373526486,0.7366857191376772,annealing,0.20783258451246167,513180.SH,513070.SH
rolling_simulated_annealing,2023-07-01/2023-12-31,2024-01-01/2024-06-30,29,159687.SZ|159980.SZ|159981.SZ|161226.SZ|501018.SH|510300.SH|512170.SH|513070.SH|513080.SH|513100.SH|513120.SH|513290.SH|588220.SH,0.4707715266608848,0.7976708818902254,annealing,0.20118381169922656,512200.SH,588220.SH
rolling_simulated_annealing,2023-07-01/2023-12-31,2024-01-01/2024-06-30,30,159687.SZ|159980.SZ|159981.SZ|159985.SZ|161226.SZ|510300.SH|512170.SH|513070.SH|513080.SH|513100.SH|513120.SH|513290.SH|588220.SH,-0.2356451345937902,0.7976708818902254,annealing,0.19474773979632132,501018.SH,159985.SZ
rolling_simulated_annealing,2023-07-01/2023-12-31,2024-01-01/2024-06-30,31,159509.SZ|159687.SZ|159980.SZ|159981.SZ|161226.SZ|501018.SH|510300.SH|512170.SH|513070.SH|513080.SH|513120.SH|513290.SH|588220.SH,0.404654675583838,0.7976708818902254,annealing,0.18851756428830743,513100.SH,159509.SZ
rolling_simulated_annealing,2023-07-01/2023-12-31,2024-01-01/2024-06-30,32,159509.SZ|159687.SZ|159980.SZ|159981.SZ|161226.SZ|501018.SH|510300.SH|513070.SH|513080.SH|513120.SH|513290.SH|588200.SH|588220.SH,0.3326443917707151,0.8156224838300064,annealing,0.1824866983430194,512170.SH,588200.SH
rolling_simulated_annealing,2023-07-01/2023-12-31,2024-01-01/2024-06-30,33,159509.SZ|159687.SZ|159980.SZ|159981.SZ|161226.SZ|501018.SH|510300.SH|512170.SH|512980.SH|513070.SH|513080.SH|513120.SH|513290.SH,0.08865259019519373,0.7366857191376772,annealing,0.17664876584765868,588220.SH,512980.SH
rolling_simulated_annealing,2023-07-01/2023-12-31,2024-01-01/2024-06-30,34,159509.SZ|159687.SZ|159928.SZ|159980.SZ|159981.SZ|161226.SZ|501018.SH|510300.SH|512170.SH|513070.SH|513080.SH|513120.SH|513290.SH,0.021065384683445546,0.8324427965201131,annealing,0.1709975946676697,588220.SH,159928.SZ
rolling_simulated_annealing,2023-07-01/2023-12-31,2024-01-01/2024-06-30,35,159509.SZ|159687.SZ|159980.SZ|159981.SZ|161226.SZ|164824.SZ|501018.SH|510300.SH|512170.SH|513070.SH|513080.SH|513120.SH|588220.SH,-0.05651185575248581,0.7976708818902254,annealing,0.16552721012127136,513290.SH,164824.SZ
rolling_simulated_annealing,2023-07-01/2023-12-31,2024-01-01/2024-06-30,36,159687.SZ|159980.SZ|159981.SZ|161226.SZ|501018.SH|510300.SH|512170.SH|513070.SH|513080.SH|513120.SH|513290.SH|513500.SH|588220.SH,0.2707404662786899,0.7976708818902254,annealing,0.16023182866274469,159509.SZ,513500.SH
rolling_simulated_annealing,2023-07-01/2023-12-31,2024-01-01/2024-06-30,37,159687.SZ|159980.SZ|159985.SZ|161226.SZ|501018.SH|510300.SH|512170.SH|513070.SH|513080.SH|513120.SH|513290.SH|513500.SH|588220.SH,0.3902161442841588,0.7976708818902254,annealing,0.15510585176779862,159981.SZ,159985.SZ
rolling_simulated_annealing,2023-07-01/2023-12-31,2024-01-01/2024-06-30,38,159687.SZ|159980.SZ|161226.SZ|501018.SH|510300.SH|512170.SH|513070.SH|513080.SH|513120.SH|513290.SH|513500.SH|518880.SH|588220.SH,-0.43499134660591937,0.7976708818902254,annealing,0.15014386001454888,159985.SZ,518880.SH
rolling_simulated_annealing,2023-07-01/2023-12-31,2024-01-01/2024-06-30,39,159509.SZ|159980.SZ|159985.SZ|161226.SZ|501018.SH|510300.SH|512170.SH|513070.SH|513080.SH|513120.SH|513290.SH|513500.SH|588220.SH,0.44172749285725404,0.7976708818902254,annealing,0.1453406073538524,159687.SZ,159509.SZ
rolling_simulated_annealing,2023-07-01/2023-12-31,2024-01-01/2024-06-30,40,159509.SZ|159980.SZ|159981.SZ|159985.SZ|501018.SH|510300.SH|512170.SH|513070.SH|513080.SH|513120.SH|513290.SH|513500.SH|588220.SH,0.9216903233532739,0.7976708818902254,annealing,0.1406910155629394,161226.SZ,159981.SZ
rolling_simulated_annealing,2023-07-01/2023-12-31,2024-01-01/2024-06-30,41,159509.SZ|159687.SZ|159980.SZ|159981.SZ|159985.SZ|501018.SH|510300.SH|512170.SH|513070.SH|513120.SH|513290.SH|513500.SH|588220.SH,0.9659721511043593,0.7976708818902254,annealing,0.1361901688764795,513080.SH,159687.SZ
rolling_simulated_annealing,2023-07-01/2023-12-31,2024-01-01/2024-06-30,42,159509.SZ|159687.SZ|159980.SZ|159981.SZ|159985.SZ|501018.SH|510300.SH|513070.SH|513120.SH|513290.SH|513500.SH|588000.SH|588220.SH,0.8250344373687041,0.8741801543755703,annealing,0.13183330878940522,512170.SH,588000.SH
rolling_simulated_annealing,2023-07-01/2023-12-31,2024-01-01/2024-06-30,43,159509.SZ|159687.SZ|159949.SZ|159980.SZ|159981.SZ|159985.SZ|501018.SH|510300.SH|513070.SH|513120.SH|513290.SH|513500.SH|588220.SH,0.6318385005815758,0.8481398115676427,annealing,0.1276158290259985,512170.SH,159949.SZ
rolling_simulated_annealing,2023-07-01/2023-12-31,2024-01-01/2024-06-30,44,159509.SZ|159687.SZ|159980.SZ|159981.SZ|161226.SZ|501018.SH|510300.SH|512170.SH|513070.SH|513120.SH|513290.SH|513500.SH|588220.SH,0.17288197760838084,0.7976708818902254,annealing,0.12353327066992105,159985.SZ,161226.SZ
rolling_simulated_annealing,2023-07-01/2023-12-31,2024-01-01/2024-06-30,45,159687.SZ|159980.SZ|159981.SZ|159985.SZ|160644.SZ|501018.SH|510300.SH|512170.SH|513070.SH|513120.SH|513290.SH|513500.SH|588220.SH,0.9187060484669682,0.7976708818902254,annealing,0.1195813174500402,159509.SZ,160644.SZ
rolling_simulated_annealing,2023-07-01/2023-12-31,2024-01-01/2024-06-30,46,159509.SZ|159687.SZ|159980.SZ|159981.SZ|159985.SZ|510300.SH|512170.SH|513070.SH|513120.SH|513290.SH|513500.SH|518880.SH|588220.SH,-0.23091624887246032,0.7976708818902254,annealing,0.11575579117706547,501018.SH,518880.SH
rolling_simulated_annealing,2023-07-01/2023-12-31,2024-01-01/2024-06-30,47,159509.SZ|159980.SZ|159981.SZ|159985.SZ|501018.SH|510300.SH|512170.SH|513030.SH|513070.SH|513120.SH|513290.SH|513500.SH|588220.SH,1.0334380457961887,0.7976708818902254,annealing,0.11205264732617212,159687.SZ,513030.SH
rolling_simulated_annealing,2023-07-01/2023-12-31,2024-01-01/2024-06-30,48,159509.SZ|159980.SZ|159981.SZ|159985.SZ|164824.SZ|501018.SH|510300.SH|512170.SH|513070.SH|513120.SH|513290.SH|513500.SH|588220.SH,1.5534776895554403,0.7976708818902254,annealing,0.10846797076094081,513030.SH,164824.SZ
rolling_simulated_annealing,2023-07-01/2023-12-31,2024-01-01/2024-06-30,49,159509.SZ|159980.SZ|159981.SZ|159985.SZ|160644.SZ|164824.SZ|501018.SH|510300.SH|512170.SH|513070.SH|513120.SH|513290.SH|588220.SH,1.7526618073981899,0.7976708818902254,annealing,0.10499797159409273,513500.SH,160644.SZ
rolling_simulated_annealing,2023-07-01/2023-12-31,2024-01-01/2024-06-30,50,159509.SZ|159980.SZ|159985.SZ|160644.SZ|164824.SZ|501018.SH|510300.SH|512170.SH|513070.SH|513120.SH|513290.SH|518880.SH|588220.SH,0.558560669340783,0.7976708818902254,annealing,0.10163898118064398,159981.SZ,518880.SH
rolling_simulated_annealing,2023-07-01/2023-12-31,2024-01-01/2024-06-30,51,159509.SZ|159980.SZ|159981.SZ|159985.SZ|160644.SZ|164824.SZ|510300.SH|512170.SH|513070.SH|513120.SH|513290.SH|518880.SH|588220.SH,0.2734532877590804,0.7976708818902254,annealing,0.09838744823924296,501018.SH,518880.SH
rolling_simulated_annealing,2023-07-01/2023-12-31,2024-01-01/2024-06-30,52,159509.SZ|159949.SZ|159980.SZ|159981.SZ|159985.SZ|160644.SZ|164824.SZ|501018.SH|510300.SH|512170.SH|513070.SH|513120.SH|513290.SH,1.5453210792606022,0.8481398115676427,annealing,0.09523993509759009,588220.SH,159949.SZ
rolling_simulated_annealing,2023-07-01/2023-12-31,2024-01-01/2024-06-30,53,159687.SZ|159980.SZ|159981.SZ|159985.SZ|160644.SZ|164824.SZ|501018.SH|510300.SH|512170.SH|513070.SH|513120.SH|513290.SH|588220.SH,1.556394197239624,0.7976708818902254,annealing,0.09219311405797025,159509.SZ,159687.SZ
rolling_simulated_annealing,2023-07-01/2023-12-31,2024-01-01/2024-06-30,54,159980.SZ|159981.SZ|159985.SZ|160644.SZ|164824.SZ|501018.SH|510300.SH|512170.SH|513030.SH|513070.SH|513120.SH|513290.SH|588220.SH,1.7105305763683778,0.7976708818902254,annealing,0.08924376387905565,159687.SZ,513030.SH
rolling_simulated_annealing,2023-07-01/2023-12-31,2024-01-01/2024-06-30,55,159865.SZ|159980.SZ|159981.SZ|159985.SZ|160644.SZ|164824.SZ|501018.SH|512170.SH|513030.SH|513070.SH|513120.SH|513290.SH|588220.SH,1.845009432918094,0.7976708818902254,annealing,0.08638876637025905,510300.SH,159865.SZ
rolling_simulated_annealing,2023-07-01/2023-12-31,2024-01-01/2024-06-30,56,159980.SZ|159981.SZ|159985.SZ|160644.SZ|164824.SZ|501018.SH|512170.SH|513030.SH|513070.SH|513120.SH|513290.SH|516150.SH|588220.SH,1.4221656573365642,0.7976708818902254,annealing,0.08362510309503735,159865.SZ,516150.SH
rolling_simulated_annealing,2023-07-01/2023-12-31,2024-01-01/2024-06-30,57,159865.SZ|159980.SZ|159981.SZ|159985.SZ|160644.SZ|164824.SZ|501018.SH|512170.SH|513030.SH|513070.SH|513120.SH|513500.SH|588220.SH,1.2476340195296152,0.7976708818902254,annealing,0.08094985217965969,513290.SH,513500.SH
rolling_simulated_annealing,2023-07-01/2023-12-31,2024-01-01/2024-06-30,58,159865.SZ|159980.SZ|159981.SZ|159985.SZ|160644.SZ|164824.SZ|501018.SH|510300.SH|513030.SH|513070.SH|513120.SH|513290.SH|588220.SH,1.4267117038553758,0.7061895905832899,annealing,0.07836018522406615,512170.SH,510300.SH
rolling_simulated_annealing,2023-07-01/2023-12-31,2024-01-01/2024-06-30,59,159865.SZ|159980.SZ|159981.SZ|160644.SZ|161226.SZ|164824.SZ|501018.SH|512170.SH|513030.SH|513070.SH|513120.SH|513290.SH|588220.SH,0.5502540002166876,0.7976708818902254,annealing,0.07585336431155136,159985.SZ,161226.SZ
rolling_simulated_annealing,2023-07-01/2023-12-31,2024-01-01/2024-06-30,60,159509.SZ|159865.SZ|159980.SZ|159981.SZ|159985.SZ|160644.SZ|501018.SH|512170.SH|513030.SH|513070.SH|513120.SH|513290.SH|588220.SH,0.752892162533083,0.7976708818902254,annealing,0.07342673911411116,164824.SZ,159509.SZ
rolling_simulated_annealing,2023-07-01/2023-12-31,2024-01-01/2024-06-30,61,159865.SZ|159980.SZ|159981.SZ|159985.SZ|160644.SZ|164824.SZ|501018.SH|512170.SH|513070.SH|513120.SH|513290.SH|513310.SH|588220.SH,1.8045449955165045,0.7976708818902254,annealing,0.07107774409039225,513030.SH,513310.SH
rolling_simulated_annealing,2023-07-01/2023-12-31,2024-01-01/2024-06-30,62,159865.SZ|159980.SZ|159981.SZ|159985.SZ|160644.SZ|164824.SZ|501018.SH|512170.SH|513030.SH|513070.SH|513120.SH|513310.SH|588220.SH,1.892662684653052,0.7976708818902254,annealing,0.06880389577328226,513290.SH,513030.SH
rolling_simulated_annealing,2023-07-01/2023-12-31,2024-01-01/2024-06-30,63,159865.SZ|159980.SZ|159981.SZ|159985.SZ|160644.SZ|501018.SH|512170.SH|513030.SH|513070.SH|513120.SH|513310.SH|513880.SH|588220.SH,0.6941936563664823,0.7976708818902254,annealing,0.06660279014427231,164824.SZ,513880.SH
rolling_simulated_annealing,2023-07-01/2023-12-31,2024-01-01/2024-06-30,64,159865.SZ|159980.SZ|159981.SZ|159985.SZ|160644.SZ|164824.SZ|501018.SH|512170.SH|513030.SH|513070.SH|513120.SH|513880.SH|588220.SH,1.2821776648855225,0.7976708818902254,annealing,0.06447210009181673,513310.SH,513880.SH
rolling_simulated_annealing,2023-07-01/2023-12-31,2024-01-01/2024-06-30,65,159865.SZ|159980.SZ|159981.SZ|159985.SZ|164824.SZ|501018.SH|512170.SH|513030.SH|513070.SH|513120.SH|513290.SH|513310.SH|588220.SH,1.8740489756795968,0.7976708818902254,annealing,0.06240957295100188,160644.SZ,513290.SH
rolling_simulated_annealing,2023-07-01/2023-12-31,2024-01-01/2024-06-30,66,159865.SZ|159980.SZ|159981.SZ|159985.SZ|164824.SZ|501018.SH|512170.SH|513070.SH|513120.SH|513290.SH|513310.SH|513880.SH|588220.SH,1.7895352695830051,0.7976708818902254,annealing,0.06041302812192407,513030.SH,513880.SH
rolling_simulated_annealing,2023-07-01/2023-12-31,2024-01-01/2024-06-30,67,159865.SZ|159980.SZ|159981.SZ|159985.SZ|164824.SZ|501018.SH|512170.SH|513030.SH|513070.SH|513120.SH|513310.SH|513500.SH|588220.SH,1.6150154785665798,0.7976708818902254,annealing,0.05848035476425733,513290.SH,513500.SH
rolling_simulated_annealing,2023-07-01/2023-12-31,2024-01-01/2024-06-30,68,159611.SZ|159865.SZ|159980.SZ|159981.SZ|159985.SZ|164824.SZ|501018.SH|513030.SH|513070.SH|513120.SH|513290.SH|513310.SH|588220.SH,1.1649686920035054,0.5868313982039095,annealing,0.0566095095655747,512170.SH,159611.SZ
rolling_simulated_annealing,2023-07-01/2023-12-31,2024-01-01/2024-06-30,69,159865.SZ|159980.SZ|159981.SZ|159985.SZ|164824.SZ|501018.SH|512170.SH|513030.SH|513070.SH|513120.SH|513290.SH|513310.SH|515790.SH,1.277491955456473,0.5868313982039095,annealing,0.05479851458106304,588220.SH,515790.SH
rolling_simulated_annealing,2023-07-01/2023-12-31,2024-01-01/2024-06-30,70,159766.SZ|159980.SZ|159981.SZ|159985.SZ|164824.SZ|501018.SH|512170.SH|513030.SH|513070.SH|513120.SH|513290.SH|513310.SH|588220.SH,1.5518853382753885,0.7976708818902254,annealing,0.05304545514234737,159865.SZ,159766.SZ
rolling_simulated_annealing,2023-07-01/2023-12-31,2024-01-01/2024-06-30,71,159865.SZ|159980.SZ|159981.SZ|159985.SZ|164824.SZ|512170.SH|513030.SH|513070.SH|513120.SH|513290.SH|513310.SH|518880.SH|588220.SH,0.7745528490487927,0.7976708818902254,annealing,0.05134847783321434,501018.SH,518880.SH
rolling_simulated_annealing,2023-07-01/2023-12-31,2024-01-01/2024-06-30,72,159865.SZ|159980.SZ|159981.SZ|159985.SZ|164824.SZ|501018.SH|512170.SH|513030.SH|513070.SH|513100.SH|513120.SH|513290.SH|588220.SH,1.8849397882356782,0.7976708818902254,annealing,0.049705788530093976,513310.SH,513100.SH
rolling_simulated_annealing,2023-07-01/2023-12-31,2024-01-01/2024-06-30,73,159865.SZ|159980.SZ|159981.SZ|159985.SZ|501018.SH|512170.SH|513030.SH|513070.SH|513100.SH|513120.SH|513290.SH|513500.SH|588220.SH,1.1192815212828018,0.8909152686603402,annealing,0.04811565050522864,164824.SZ,513500.SH
rolling_simulated_annealing,2023-07-01/2023-12-31,2024-01-01/2024-06-30,74,159865.SZ|159980.SZ|159981.SZ|159985.SZ|164824.SZ|501018.SH|512170.SH|513030.SH|513070.SH|513100.SH|513120.SH|513500.SH|588220.SH,1.297479597893571,0.8909152686603402,annealing,0.046576382590523456,513290.SH,513500.SH
rolling_simulated_annealing,2023-07-01/2023-12-31,2024-01-01/2024-06-30,75,159865.SZ|159981.SZ|159985.SZ|164824.SZ|501018.SH|512170.SH|513030.SH|513070.SH|513100.SH|513120.SH|513290.SH|518880.SH|588220.SH,0.8569373251757028,0.7976708818902254,annealing,0.045086357400136896,159980.SZ,518880.SH
rolling_simulated_annealing,2023-07-01/2023-12-31,2024-01-01/2024-06-30,76,159980.SZ|159981.SZ|159985.SZ|164824.SZ|501018.SH|512170.SH|512880.SH|513030.SH|513070.SH|513100.SH|513120.SH|513290.SH|588220.SH,1.732193780984647,0.7976708818902254,annealing,0.043643999609932656,159865.SZ,512880.SH
rolling_simulated_annealing,2023-07-01/2023-12-31,2024-01-01/2024-06-30,77,159980.SZ|159981.SZ|159985.SZ|164824.SZ|501018.SH|512170.SH|512890.SH|513030.SH|513070.SH|513100.SH|513120.SH|513290.SH|588220.SH,2.0434903704261016,0.7976708818902254,annealing,0.04224778429197339,159865.SZ,512890.SH
rolling_simulated_annealing,2023-07-01/2023-12-31,2024-01-01/2024-06-30,78,159980.SZ|159981.SZ|159985.SZ|160644.SZ|501018.SH|512170.SH|512890.SH|513030.SH|513070.SH|513100.SH|513120.SH|513290.SH|588220.SH,1.6431574725780893,0.7976708818902254,annealing,0.04089623530229582,164824.SZ,160644.SZ
rolling_simulated_annealing,2023-07-01/2023-12-31,2024-01-01/2024-06-30,79,159687.SZ|159980.SZ|159981.SZ|159985.SZ|164824.SZ|501018.SH|512170.SH|512890.SH|513070.SH|513100.SH|513120.SH|513290.SH|588220.SH,1.9416168194029857,0.7976708818902254,annealing,0.03958792372026251,513030.SH,159687.SZ
rolling_simulated_annealing,2023-07-01/2023-12-31,2024-01-01/2024-06-30,80,159980.SZ|159981.SZ|159985.SZ|164824.SZ|501018.SH|512170.SH|512890.SH|513070.SH|513100.SH|513120.SH|513290.SH|513880.SH|588220.SH,1.8916054349620337,0.7976708818902254,annealing,0.03832146633784024,513030.SH,513880.SH
rolling_simulated_annealing,2023-07-01/2023-12-31,2024-01-01/2024-06-30,81,159611.SZ|159980.SZ|159981.SZ|159985.SZ|164824.SZ|501018.SH|512890.SH|513030.SH|513070.SH|513100.SH|513120.SH|513290.SH|588220.SH,1.513016063558827,0.7182503628120884,annealing,0.03709552419720801,512170.SH,159611.SZ
rolling_simulated_annealing,2023-07-01/2023-12-31,2024-01-01/2024-06-30,82,159980.SZ|159981.SZ|159985.SZ|164824.SZ|501018.SH|510300.SH|512890.SH|513030.SH|513070.SH|513100.SH|513120.SH|513290.SH|588220.SH,1.4995885678929024,0.7182503628120884,annealing,0.03590880117514833,512170.SH,510300.SH
rolling_simulated_annealing,2023-07-01/2023-12-31,2024-01-01/2024-06-30,83,159980.SZ|159981.SZ|159985.SZ|164824.SZ|501018.SH|512170.SH|512800.SH|512890.SH|513030.SH|513070.SH|513100.SH|513120.SH|513290.SH,1.344678322879515,0.7694234921156977,annealing,0.03476004261272534,588220.SH,512800.SH
rolling_simulated_annealing,2023-07-01/2023-12-31,2024-01-01/2024-06-30,84,159980.SZ|159981.SZ|159985.SZ|501018.SH|512170.SH|512890.SH|513030.SH|513070.SH|513100.SH|513120.SH|513290.SH|513880.SH|588220.SH,1.6502935845318552,0.7976708818902254,annealing,0.033648033988800806,164824.SZ,513880.SH
rolling_simulated_annealing,2023-07-01/2023-12-31,2024-01-01/2024-06-30,85,159980.SZ|159981.SZ|164824.SZ|501018.SH|512170.SH|512890.SH|513030.SH|513070.SH|513100.SH|513120.SH|513290.SH|518880.SH|588220.SH,0.8190980057538367,0.7976708818902254,annealing,0.03257159963598576,159985.SZ,518880.SH
rolling_simulated_annealing,2023-07-01/2023-12-31,2024-01-01/2024-06-30,86,159509.SZ|159980.SZ|159981.SZ|159985.SZ|164824.SZ|501018.SH|512170.SH|512890.SH|513030.SH|513070.SH|513120.SH|513290.SH|588220.SH,2.1485890899849904,0.7976708818902254,annealing,0.03152960149767008,513100.SH,159509.SZ
rolling_simulated_annealing,2023-07-01/2023-12-31,2024-01-01/2024-06-30,87,159509.SZ|159980.SZ|159981.SZ|159985.SZ|164824.SZ|512170.SH|512890.SH|513030.SH|513070.SH|513120.SH|513290.SH|518880.SH|588220.SH,0.7202064681796903,0.7976708818902254,annealing,0.030520937924815954,501018.SH,518880.SH
rolling_simulated_annealing,2023-07-01/2023-12-31,2024-01-01/2024-06-30,88,159509.SZ|159980.SZ|159981.SZ|159985.SZ|501018.SH|512170.SH|512890.SH|513030.SH|513070.SH|513120.SH|513290.SH|513310.SH|588220.SH,1.0074491966121515,0.7976708818902254,annealing,0.02954454251124314,164824.SZ,513310.SH
rolling_simulated_annealing,2023-07-01/2023-12-31,2024-01-01/2024-06-30,89,159509.SZ|159981.SZ|159985.SZ|164824.SZ|501018.SH|512170.SH|512890.SH|513030.SH|513070.SH|513120.SH|513290.SH|518880.SH|588220.SH,1.2793802053476695,0.7976708818902254,annealing,0.02859938296617458,159980.SZ,518880.SH
rolling_simulated_annealing,2023-07-01/2023-12-31,2024-01-01/2024-06-30,90,159509.SZ|159981.SZ|159985.SZ|161226.SZ|164824.SZ|501018.SH|512170.SH|512890.SH|513030.SH|513070.SH|513120.SH|513290.SH|588220.SH,1.1531374405296433,0.7976708818902254,annealing,0.02768446002285045,159980.SZ,161226.SZ
rolling_simulated_annealing,2023-07-01/2023-12-31,2024-01-01/2024-06-30,91,159509.SZ|159980.SZ|159985.SZ|164824.SZ|501018.SH|512170.SH|512890.SH|513030.SH|513070.SH|513120.SH|513290.SH|518880.SH|588220.SH,1.1215299358817614,0.7976708818902254,annealing,0.026798806382056773,159981.SZ,518880.SH
rolling_simulated_annealing,2023-07-01/2023-12-31,2024-01-01/2024-06-30,92,159509.SZ|159980.SZ|159981.SZ|164824.SZ|501018.SH|512170.SH|512890.SH|513030.SH|513070.SH|513120.SH|513290.SH|518880.SH|588220.SH,0.6924152103376339,0.7976708818902254,annealing,0.02594148568945148,159985.SZ,518880.SH
rolling_simulated_annealing,2023-07-01/2023-12-31,2024-01-01/2024-06-30,93,159509.SZ|159870.SZ|159980.SZ|159981.SZ|159985.SZ|164824.SZ|501018.SH|512170.SH|512890.SH|513030.SH|513070.SH|513120.SH|513290.SH,1.8431110025206645,0.6367968444072951,annealing,0.025111591545607014,588220.SH,159870.SZ
rolling_simulated_annealing,2023-07-01/2023-12-31,2024-01-01/2024-06-30,94,159509.SZ|159980.SZ|159981.SZ|159985.SZ|164824.SZ|501018.SH|512170.SH|512890.SH|513030.SH|513070.SH|513120.SH|513500.SH|588220.SH,1.8786512871400132,0.7976708818902254,annealing,0.024308246547722494,513290.SH,513500.SH
rolling_simulated_annealing,2023-07-01/2023-12-31,2024-01-01/2024-06-30,95,159509.SZ|159687.SZ|159980.SZ|159981.SZ|159985.SZ|501018.SH|512170.SH|512890.SH|513030.SH|513070.SH|513120.SH|513290.SH|588220.SH,1.3490420936333105,0.7976708818902254,annealing,0.02353060136199262,164824.SZ,159687.SZ
rolling_simulated_annealing,2023-07-01/2023-12-31,2024-01-01/2024-06-30,96,159509.SZ|159920.SZ|159980.SZ|159981.SZ|159985.SZ|164824.SZ|501018.SH|512170.SH|512890.SH|513030.SH|513120.SH|513290.SH|588220.SH,2.3167301146506056,0.7976708818902254,annealing,0.022777833825652294,513070.SH,159920.SZ
rolling_simulated_annealing,2023-07-01/2023-12-31,2024-01-01/2024-06-30,97,159509.SZ|159920.SZ|159980.SZ|159981.SZ|159985.SZ|164824.SZ|501018.SH|512170.SH|512890.SH|513030.SH|513120.SH|513500.SH|588220.SH,1.8926402941142044,0.7976708818902254,annealing,0.02204914807774781,513290.SH,513500.SH
rolling_simulated_annealing,2023-07-01/2023-12-31,2024-01-01/2024-06-30,98,159509.SZ|159980.SZ|159981.SZ|159985.SZ|164824.SZ|501018.SH|512170.SH|512890.SH|513030.SH|513120.SH|513180.SH|513290.SH|588220.SH,2.2348585224239366,0.7976708818902254,annealing,0.021343773717715567,159920.SZ,513180.SH
rolling_simulated_annealing,2023-07-01/2023-12-31,2024-01-01/2024-06-30,99,159509.SZ|159920.SZ|159980.SZ|159981.SZ|159985.SZ|160644.SZ|164824.SZ|501018.SH|512170.SH|512890.SH|513120.SH|513290.SH|588220.SH,2.2200378537502283,0.7976708818902254,annealing,0.020660964990878602,513030.SH,160644.SZ
rolling_simulated_annealing,2023-07-01/2023-12-31,2024-01-01/2024-06-30,100,159509.SZ|159920.SZ|159980.SZ|159985.SZ|161226.SZ|164824.SZ|501018.SH|512170.SH|512890.SH|513030.SH|513120.SH|513290.SH|588220.SH,0.9765468174216725,0.7976708818902254,annealing,0.02,159981.SZ,161226.SZ
rolling_simulated_annealing,2024-01-01/2024-06-30,2024-07-01/2024-12-31,1,159529.SZ|159687.SZ|159865.SZ|159985.SZ|161226.SZ|164824.SZ|501018.SH|510210.SH|512660.SH|513120.SH|513180.SH|513500.SH|518880.SH,2.0516927361126935,0.809756851832685,initial,,,
rolling_simulated_annealing,2024-01-01/2024-06-30,2024-07-01/2024-12-31,2,159529.SZ|159687.SZ|159865.SZ|159985.SZ|160644.SZ|161226.SZ|164824.SZ|501018.SH|510210.SH|512660.SH|513120.SH|513180.SH|518880.SH,2.0514343139236395,0.809756851832685,annealing,0.4840044985514857,513500.SH,160644.SZ
rolling_simulated_annealing,2024-01-01/2024-06-30,2024-07-01/2024-12-31,3,159529.SZ|159687.SZ|159865.SZ|159985.SZ|160644.SZ|161226.SZ|501018.SH|510210.SH|512660.SH|513120.SH|513180.SH|513290.SH|518880.SH,1.6514259242806923,0.809756851832685,annealing,0.4685207092361502,164824.SZ,513290.SH
rolling_simulated_annealing,2024-01-01/2024-06-30,2024-07-01/2024-12-31,4,159529.SZ|159687.SZ|159865.SZ|159981.SZ|159985.SZ|160644.SZ|161226.SZ|164824.SZ|510210.SH|512660.SH|513120.SH|513180.SH|518880.SH,-0.017762489926377904,0.809756851832685,annealing,0.4535322618696586,501018.SH,159981.SZ
rolling_simulated_annealing,2024-01-01/2024-06-30,2024-07-01/2024-12-31,5,159529.SZ|159687.SZ|159985.SZ|160644.SZ|161226.SZ|164824.SZ|501018.SH|510210.SH|512660.SH|512880.SH|513120.SH|513180.SH|518880.SH,2.0361333221553948,0.809756851832685,annealing,0.4390233099662904,159865.SZ,512880.SH
rolling_simulated_annealing,2024-01-01/2024-06-30,2024-07-01/2024-12-31,6,159529.SZ|159985.SZ|160644.SZ|161226.SZ|164824.SZ|501018.SH|510210.SH|512660.SH|512880.SH|513120.SH|513180.SH|513290.SH|518880.SH,2.2949173686495272,0.809756851832685,annealing,0.42497851398529574,159687.SZ,513290.SH
rolling_simulated_annealing,2024-01-01/2024-06-30,2024-07-01/2024-12-31,7,159529.SZ|159985.SZ|160644.SZ|161226.SZ|164824.SZ|501018.SH|510210.SH|512040.SH|512660.SH|513120.SH|513180.SH|513290.SH|518880.SH,2.259841844057237,0.8676062267115368,annealing,0.41138302511321717,512880.SH,512040.SH
rolling_simulated_annealing,2024-01-01/2024-06-30,2024-07-01/2024-12-31,8,159529.SZ|159981.SZ|159985.SZ|160644.SZ|161226.SZ|164824.SZ|501018.SH|510210.SH|512040.SH|512660.SH|513120.SH|513180.SH|513290.SH,0.2821317579296892,0.8676062267115368,annealing,0.3982224695650319,518880.SH,159981.SZ
rolling_simulated_annealing,2024-01-01/2024-06-30,2024-07-01/2024-12-31,9,159529.SZ|159985.SZ|160644.SZ|161226.SZ|164824.SZ|501018.SH|510210.SH|512040.SH|512660.SH|513180.SH|513290.SH|513750.SH|518880.SH,2.163400262092584,0.8676062267115368,annealing,0.385482933387515,513120.SH,513750.SH
rolling_simulated_annealing,2024-01-01/2024-06-30,2024-07-01/2024-12-31,10,159529.SZ|159985.SZ|160644.SZ|161226.SZ|501018.SH|510210.SH|512040.SH|512660.SH|513080.SH|513180.SH|513290.SH|513750.SH|518880.SH,1.7112620423565483,0.8676062267115368,annealing,0.37315094774875995,164824.SZ,513080.SH
rolling_simulated_annealing,2024-01-01/2024-06-30,2024-07-01/2024-12-31,11,159985.SZ|160644.SZ|161226.SZ|164824.SZ|501018.SH|510210.SH|512040.SH|512660.SH|513180.SH|513290.SH|513500.SH|513750.SH|518880.SH,2.0885996010918344,0.8676062267115368,annealing,0.3612134746983004,159529.SZ,513500.SH
rolling_simulated_annealing,2024-01-01/2024-06-30,2024-07-01/2024-12-31,12,159985.SZ|160644.SZ|161226.SZ|164824.SZ|501018.SH|510210.SH|512040.SH|512660.SH|513080.SH|513180.SH|513290.SH|513750.SH|518880.SH,1.8829592142106415,0.8676062267115368,annealing,0.34965789338278125,513500.SH,513080.SH
rolling_simulated_annealing,2024-01-01/2024-06-30,2024-07-01/2024-12-31,13,159985.SZ|160644.SZ|161226.SZ|501018.SH|510210.SH|512040.SH|512660.SH|513080.SH|513180.SH|513290.SH|513750.SH|513880.SH|518880.SH,1.677706087819635,0.8676062267115368,annealing,0.33847198670260376,164824.SZ,513880.SH
rolling_simulated_annealing,2024-01-01/2024-06-30,2024-07-01/2024-12-31,14,159981.SZ|159985.SZ|160644.SZ|161226.SZ|510210.SH|512040.SH|512660.SH|513080.SH|513180.SH|513290.SH|513750.SH|513880.SH|518880.SH,0.6608035491227867,0.8676062267115368,annealing,0.3276439283954377,501018.SH,159981.SZ
rolling_simulated_annealing,2024-01-01/2024-06-30,2024-07-01/2024-12-31,15,159981.SZ|160644.SZ|161226.SZ|501018.SH|510210.SH|512040.SH|512660.SH|513080.SH|513180.SH|513290.SH|513750.SH|513880.SH|518880.SH,1.0071811715623205,0.8676062267115368,annealing,0.31716227053294543,159985.SZ,159981.SZ
rolling_simulated_annealing,2024-01-01/2024-06-30,2024-07-01/2024-12-31,16,159980.SZ|159981.SZ|160644.SZ|161226.SZ|510210.SH|512040.SH|512660.SH|513080.SH|513180.SH|513290.SH|513750.SH|513880.SH|518880.SH,0.5874077978405389,0.8676062267115368,annealing,0.3070159314174978,501018.SH,159980.SZ
rolling_simulated_annealing,2024-01-01/2024-06-30,2024-07-01/2024-12-31,17,159981.SZ|159985.SZ|160644.SZ|501018.SH|510210.SH|512040.SH|512660.SH|513080.SH|513180.SH|513290.SH|513750.SH|513880.SH|518880.SH,0.9306032160881509,0.8676062267115368,annealing,0.2971941838660867,161226.SZ,159985.SZ
rolling_simulated_annealing,2024-01-01/2024-06-30,2024-07-01/2024-12-31,18,159687.SZ|159981.SZ|160644.SZ|161226.SZ|501018.SH|510210.SH|512040.SH|512660.SH|513080.SH|513180.SH|513750.SH|513880.SH|518880.SH,0.9609409966663243,0.8676062267115368,annealing,0.28768664386904663,513290.SH,159687.SZ
rolling_simulated_annealing,2024-01-01/2024-06-30,2024-07-01/2024-12-31,19,159687.SZ|159981.SZ|161226.SZ|501018.SH|510210.SH|512040.SH|512660.SH|513030.SH|513080.SH|513180.SH|513750.SH|513880.SH|518880.SH,0.1993596155686811,0.8794774846866373,annealing,0.27848325961159553,160644.SZ,513030.SH
rolling_simulated_annealing,2024-01-01/2024-06-30,2024-07-01/2024-12-31,20,159687.SZ|159981.SZ|160644.SZ|161226.SZ|501018.SH|510210.SH|512040.SH|512660.SH|513180.SH|513500.SH|513750.SH|513880.SH|518880.SH,1.3276944448085006,0.8676062267115368,annealing,0.269574300846587,513080.SH,513500.SH
rolling_simulated_annealing,2024-01-01/2024-06-30,2024-07-01/2024-12-31,21,159687.SZ|159980.SZ|159981.SZ|160644.SZ|501018.SH|510210.SH|512040.SH|512660.SH|513180.SH|513500.SH|513750.SH|513880.SH|518880.SH,1.7327695329442794,0.8676062267115368,annealing,0.26095034860723937,161226.SZ,159980.SZ
rolling_simulated_annealing,2024-01-01/2024-06-30,2024-07-01/2024-12-31,22,159687.SZ|159980.SZ|159981.SZ|160644.SZ|501018.SH|510210.SH|512660.SH|513180.SH|513500.SH|513750.SH|513880.SH|518880.SH|562500.SH,1.1431939550082297,0.8434659997881514,annealing,0.25260228524896455,512040.SH,562500.SH
rolling_simulated_annealing,2024-01-01/2024-06-30,2024-07-01/2024-12-31,23,159687.SZ|159980.SZ|159981.SZ|159985.SZ|160644.SZ|510210.SH|512040.SH|512660.SH|513180.SH|513500.SH|513750.SH|513880.SH|518880.SH,1.056138948250602,0.8676062267115368,annealing,0.24452128480976887,501018.SH,159985.SZ
rolling_simulated_annealing,2024-01-01/2024-06-30,2024-07-01/2024-12-31,24,159687.SZ|159980.SZ|159981.SZ|160644.SZ|501018.SH|510210.SH|512040.SH|512660.SH|513070.SH|513500.SH|513750.SH|513880.SH|518880.SH,1.759961190807213,0.8676062267115368,annealing,0.23669880367903437,513180.SH,513070.SH
rolling_simulated_annealing,2024-01-01/2024-06-30,2024-07-01/2024-12-31,25,159518.SZ|159687.SZ|159980.SZ|159981.SZ|160644.SZ|501018.SH|510210.SH|512040.SH|512660.SH|513070.SH|513500.SH|513750.SH|518880.SH,1.2167210409318914,0.8676062267115368,annealing,0.22912657156481517,513880.SH,159518.SZ
rolling_simulated_annealing,2024-01-01/2024-06-30,2024-07-01/2024-12-31,26,159687.SZ|159980.SZ|159981.SZ|160644.SZ|501018.SH|510210.SH|512040.SH|512660.SH|513070.SH|513120.SH|513500.SH|513880.SH|518880.SH,1.601733939074851,0.8676062267115368,annealing,0.22179658275009892,513750.SH,513120.SH
rolling_simulated_annealing,2024-01-01/2024-06-30,2024-07-01/2024-12-31,27,159687.SZ|159980.SZ|159981.SZ|159985.SZ|160644.SZ|501018.SH|510210.SH|512040.SH|512660.SH|513070.SH|513120.SH|513500.SH|513880.SH,1.3338328231506718,0.8676062267115368,annealing,0.21470108762878945,518880.SH,159985.SZ
rolling_simulated_annealing,2024-01-01/2024-06-30,2024-07-01/2024-12-31,28,159687.SZ|159980.SZ|159981.SZ|160644.SZ|501018.SH|510210.SH|512040.SH|512880.SH|513070.SH|513120.SH|513500.SH|513880.SH|518880.SH,1.679036929038976,0.8676062267115368,annealing,0.20783258451246167,512660.SH,512880.SH
rolling_simulated_annealing,2024-01-01/2024-06-30,2024-07-01/2024-12-31,29,159687.SZ|159980.SZ|159981.SZ|501018.SH|510210.SH|512040.SH|512880.SH|513070.SH|513120.SH|513400.SH|513500.SH|513880.SH|518880.SH,0.7400071339312496,0.8676062267115368,annealing,0.20118381169922656,160644.SZ,513400.SH
rolling_simulated_annealing,2024-01-01/2024-06-30,2024-07-01/2024-12-31,30,159687.SZ|159980.SZ|160644.SZ|161226.SZ|501018.SH|510210.SH|512040.SH|512880.SH|513070.SH|513120.SH|513500.SH|513880.SH|518880.SH,1.7845742754478853,0.8676062267115368,annealing,0.19474773979632132,159981.SZ,161226.SZ
rolling_simulated_annealing,2024-01-01/2024-06-30,2024-07-01/2024-12-31,31,159687.SZ|159980.SZ|159985.SZ|160644.SZ|161226.SZ|510210.SH|512040.SH|512880.SH|513070.SH|513120.SH|513500.SH|513880.SH|518880.SH,1.9838896274691895,0.8676062267115368,annealing,0.18851756428830743,501018.SH,159985.SZ
rolling_simulated_annealing,2024-01-01/2024-06-30,2024-07-01/2024-12-31,32,159687.SZ|159980.SZ|159985.SZ|161226.SZ|510210.SH|512040.SH|512880.SH|513070.SH|513120.SH|513400.SH|513500.SH|513880.SH|518880.SH,1.7108614413462377,0.8676062267115368,annealing,0.1824866983430194,160644.SZ,513400.SH
rolling_simulated_annealing,2024-01-01/2024-06-30,2024-07-01/2024-12-31,33,159687.SZ|159985.SZ|160644.SZ|161226.SZ|501018.SH|510210.SH|512040.SH|512880.SH|513070.SH|513120.SH|513500.SH|513880.SH|518880.SH,2.5675000646517003,0.8676062267115368,annealing,0.17664876584765868,159980.SZ,501018.SH
rolling_simulated_annealing,2024-01-01/2024-06-30,2024-07-01/2024-12-31,34,159611.SZ|159687.SZ|159985.SZ|160644.SZ|161226.SZ|501018.SH|510210.SH|512040.SH|513070.SH|513120.SH|513500.SH|513880.SH|518880.SH,1.8578045908345786,0.8676062267115368,annealing,0.1709975946676697,512880.SH,159611.SZ
rolling_simulated_annealing,2024-01-01/2024-06-30,2024-07-01/2024-12-31,35,159687.SZ|159985.SZ|160644.SZ|161226.SZ|501018.SH|510210.SH|512040.SH|512880.SH|513120.SH|513180.SH|513500.SH|513880.SH|518880.SH,2.7060560536345486,0.8676062267115368,annealing,0.16552721012127136,513070.SH,513180.SH
rolling_simulated_annealing,2024-01-01/2024-06-30,2024-07-01/2024-12-31,36,159687.SZ|159985.SZ|161226.SZ|501018.SH|510210.SH|512040.SH|512880.SH|513120.SH|513180.SH|513310.SH|513500.SH|513880.SH|518880.SH,2.358391608984553,0.8676062267115368,annealing,0.16023182866274469,160644.SZ,513310.SH
rolling_simulated_annealing,2024-01-01/2024-06-30,2024-07-01/2024-12-31,37,159687.SZ|159901.SZ|159985.SZ|160644.SZ|161226.SZ|501018.SH|510210.SH|512880.SH|513120.SH|513180.SH|513500.SH|513880.SH|518880.SH,2.2985503029446073,0.8170712656203459,annealing,0.15510585176779862,512040.SH,159901.SZ
rolling_simulated_annealing,2024-01-01/2024-06-30,2024-07-01/2024-12-31,38,159687.SZ|159985.SZ|160644.SZ|161226.SZ|501018.SH|510210.SH|512040.SH|512200.SH|513120.SH|513180.SH|513500.SH|513880.SH|518880.SH,2.424101252570304,0.8676062267115368,annealing,0.15014386001454888,512880.SH,512200.SH
rolling_simulated_annealing,2024-01-01/2024-06-30,2024-07-01/2024-12-31,39,159687.SZ|159985.SZ|160644.SZ|161226.SZ|501018.SH|510050.SH|512040.SH|512880.SH|513120.SH|513180.SH|513500.SH|513880.SH|518880.SH,2.7398964908298953,0.8170712656203459,annealing,0.1453406073538524,510210.SH,510050.SH
rolling_simulated_annealing,2024-01-01/2024-06-30,2024-07-01/2024-12-31,40,159687.SZ|159985.SZ|160644.SZ|161226.SZ|501018.SH|510050.SH|512040.SH|512880.SH|513180.SH|513500.SH|513750.SH|513880.SH|518880.SH,2.8039682676927344,0.8170712656203459,annealing,0.1406910155629394,513120.SH,513750.SH
rolling_simulated_annealing,2024-01-01/2024-06-30,2024-07-01/2024-12-31,41,159687.SZ|159920.SZ|159985.SZ|160644.SZ|161226.SZ|501018.SH|510050.SH|512040.SH|512880.SH|513180.SH|513500.SH|513880.SH|518880.SH,2.892155593830394,0.9194110626548546,annealing,0.1361901688764795,513750.SH,159920.SZ
rolling_simulated_annealing,2024-01-01/2024-06-30,2024-07-01/2024-12-31,42,159687.SZ|159920.SZ|159985.SZ|160644.SZ|161226.SZ|501018.SH|510050.SH|512170.SH|512880.SH|513180.SH|513500.SH|513880.SH|518880.SH,2.41570830875978,0.9194110626548546,annealing,0.13183330878940522,512040.SH,512170.SH
rolling_simulated_annealing,2024-01-01/2024-06-30,2024-07-01/2024-12-31,43,159687.SZ|159920.SZ|159985.SZ|161226.SZ|501018.SH|510050.SH|512040.SH|512880.SH|513180.SH|513500.SH|513730.SH|513880.SH|518880.SH,2.658165291864972,0.9194110626548546,annealing,0.1276158290259985,160644.SZ,513730.SH
rolling_simulated_annealing,2024-01-01/2024-06-30,2024-07-01/2024-12-31,44,159687.SZ|159920.SZ|159980.SZ|159985.SZ|160644.SZ|161226.SZ|501018.SH|510050.SH|512040.SH|512880.SH|513180.SH|513500.SH|513880.SH,2.6564619603178494,0.9194110626548546,annealing,0.12353327066992105,518880.SH,159980.SZ
rolling_simulated_annealing,2024-01-01/2024-06-30,2024-07-01/2024-12-31,45,159687.SZ|159920.SZ|159985.SZ|160644.SZ|161226.SZ|501018.SH|510050.SH|512880.SH|512890.SH|513180.SH|513500.SH|513880.SH|518880.SH,2.6383051733996363,0.9194110626548546,annealing,0.1195813174500402,512040.SH,512890.SH
rolling_simulated_annealing,2024-01-01/2024-06-30,2024-07-01/2024-12-31,46,159687.SZ|159920.SZ|159981.SZ|159985.SZ|160644.SZ|161226.SZ|501018.SH|510050.SH|512040.SH|512880.SH|513180.SH|513500.SH|513880.SH,1.0199926437385163,0.9194110626548546,annealing,0.11575579117706547,518880.SH,159981.SZ
rolling_simulated_annealing,2024-01-01/2024-06-30,2024-07-01/2024-12-31,47,159529.SZ|159687.SZ|159920.SZ|159985.SZ|161226.SZ|501018.SH|510050.SH|512040.SH|512880.SH|513180.SH|513500.SH|513880.SH|518880.SH,2.7306279740570556,0.9194110626548546,annealing,0.11205264732617212,160644.SZ,159529.SZ
rolling_simulated_annealing,2024-01-01/2024-06-30,2024-07-01/2024-12-31,48,159529.SZ|159687.SZ|159920.SZ|159981.SZ|159985.SZ|161226.SZ|501018.SH|510050.SH|512040.SH|512880.SH|513180.SH|513500.SH|513880.SH,1.70325769730349,0.9194110626548546,annealing,0.10846797076094081,518880.SH,159981.SZ
rolling_simulated_annealing,2024-01-01/2024-06-30,2024-07-01/2024-12-31,49,159529.SZ|159687.SZ|159920.SZ|159985.SZ|160644.SZ|161226.SZ|501018.SH|510050.SH|512040.SH|512880.SH|513180.SH|513500.SH|518880.SH,3.046154749022214,0.9194110626548546,annealing,0.10499797159409273,513880.SH,160644.SZ
rolling_simulated_annealing,2024-01-01/2024-06-30,2024-07-01/2024-12-31,50,159529.SZ|159687.SZ|159920.SZ|159985.SZ|160644.SZ|161226.SZ|501018.SH|510050.SH|510210.SH|512040.SH|513180.SH|513500.SH|518880.SH,3.1294514767153454,0.9194110626548546,annealing,0.10163898118064398,512880.SH,510210.SH
rolling_simulated_annealing,2024-01-01/2024-06-30,2024-07-01/2024-12-31,51,159529.SZ|159687.SZ|159920.SZ|159985.SZ|160644.SZ|161226.SZ|501018.SH|510050.SH|512040.SH|512200.SH|513180.SH|513500.SH|518880.SH,2.9412957323473767,0.9194110626548546,annealing,0.09838744823924296,510210.SH,512200.SH
rolling_simulated_annealing,2024-01-01/2024-06-30,2024-07-01/2024-12-31,52,159529.SZ|159687.SZ|159920.SZ|159981.SZ|159985.SZ|160644.SZ|161226.SZ|501018.SH|510050.SH|510210.SH|512040.SH|513180.SH|513500.SH,1.0624963584225326,0.9194110626548546,annealing,0.09523993509759009,518880.SH,159981.SZ
rolling_simulated_annealing,2024-01-01/2024-06-30,2024-07-01/2024-12-31,53,159529.SZ|159687.SZ|159920.SZ|159985.SZ|160644.SZ|161226.SZ|501018.SH|510050.SH|510210.SH|512040.SH|513100.SH|513180.SH|518880.SH,3.1286827713504555,0.9194110626548546,annealing,0.09219311405797025,513500.SH,513100.SH
rolling_simulated_annealing,2024-01-01/2024-06-30,2024-07-01/2024-12-31,54,159518.SZ|159687.SZ|159920.SZ|159985.SZ|160644.SZ|161226.SZ|501018.SH|510050.SH|510210.SH|512040.SH|513100.SH|513180.SH|518880.SH,2.8744340308607175,0.9194110626548546,annealing,0.08924376387905565,159529.SZ,159518.SZ
rolling_simulated_annealing,2024-01-01/2024-06-30,2024-07-01/2024-12-31,55,159529.SZ|159687.SZ|159796.SZ|159920.SZ|159985.SZ|160644.SZ|161226.SZ|501018.SH|510210.SH|512040.SH|513100.SH|513180.SH|518880.SH,2.401068475451416,0.9194110626548546,annealing,0.08638876637025905,510050.SH,159796.SZ
rolling_simulated_annealing,2024-01-01/2024-06-30,2024-07-01/2024-12-31,56,159529.SZ|159687.SZ|159920.SZ|159980.SZ|159985.SZ|160644.SZ|161226.SZ|501018.SH|510050.SH|510210.SH|512040.SH|513100.SH|513180.SH,2.854392193438953,0.9194110626548546,annealing,0.08362510309503735,518880.SH,159980.SZ
rolling_simulated_annealing,2024-01-01/2024-06-30,2024-07-01/2024-12-31,57,159529.SZ|159687.SZ|159825.SZ|159920.SZ|159985.SZ|160644.SZ|161226.SZ|501018.SH|510210.SH|512040.SH|513100.SH|513180.SH|518880.SH,2.84086377093068,0.9194110626548546,annealing,0.08094985217965969,510050.SH,159825.SZ
rolling_simulated_annealing,2024-01-01/2024-06-30,2024-07-01/2024-12-31,58,159529.SZ|159687.SZ|159920.SZ|159981.SZ|159985.SZ|160644.SZ|161226.SZ|510050.SH|510210.SH|512040.SH|513100.SH|513180.SH|518880.SH,1.5171504537275384,0.9194110626548546,annealing,0.07836018522406615,501018.SH,159981.SZ
rolling_simulated_annealing,2024-01-01/2024-06-30,2024-07-01/2024-12-31,59,159529.SZ|159687.SZ|159920.SZ|159949.SZ|159985.SZ|160644.SZ|161226.SZ|501018.SH|510050.SH|510210.SH|513100.SH|513180.SH|518880.SH,2.786765388179991,0.9194110626548546,annealing,0.07585336431155136,512040.SH,159949.SZ
rolling_simulated_annealing,2024-01-01/2024-06-30,2024-07-01/2024-12-31,60,159529.SZ|159687.SZ|159920.SZ|159985.SZ|160644.SZ|161226.SZ|501018.SH|510050.SH|512040.SH|512890.SH|513100.SH|513180.SH|518880.SH,2.653883769135552,0.9194110626548546,annealing,0.07342673911411116,510210.SH,512890.SH
rolling_simulated_annealing,2024-01-01/2024-06-30,2024-07-01/2024-12-31,61,159529.SZ|159687.SZ|159920.SZ|159985.SZ|160644.SZ|161226.SZ|501018.SH|510050.SH|510210.SH|512040.SH|513180.SH|513400.SH|518880.SH,1.8856966494037162,0.9194110626548546,annealing,0.07107774409039225,513100.SH,513400.SH
rolling_simulated_annealing,2024-01-01/2024-06-30,2024-07-01/2024-12-31,62,159529.SZ|159687.SZ|159920.SZ|159980.SZ|159985.SZ|160644.SZ|501018.SH|510050.SH|510210.SH|512040.SH|513100.SH|513180.SH|518880.SH,2.847146248923369,0.9194110626548546,annealing,0.06880389577328226,161226.SZ,159980.SZ
rolling_simulated_annealing,2024-01-01/2024-06-30,2024-07-01/2024-12-31,63,159529.SZ|159687.SZ|159920.SZ|159985.SZ|160644.SZ|161226.SZ|501018.SH|510050.SH|510210.SH|512040.SH|513100.SH|513120.SH|518880.SH,3.0449571011327317,0.8676062267115368,annealing,0.06660279014427231,513180.SH,513120.SH
rolling_simulated_annealing,2024-01-01/2024-06-30,2024-07-01/2024-12-31,64,159687.SZ|159920.SZ|159985.SZ|160644.SZ|161226.SZ|164824.SZ|501018.SH|510050.SH|510210.SH|512040.SH|513100.SH|513180.SH|518880.SH,2.575870456053595,0.9194110626548546,annealing,0.06447210009181673,159529.SZ,164824.SZ
rolling_simulated_annealing,2024-01-01/2024-06-30,2024-07-01/2024-12-31,65,159529.SZ|159687.SZ|159920.SZ|159985.SZ|161226.SZ|501018.SH|510050.SH|510210.SH|512040.SH|513100.SH|513180.SH|513730.SH|518880.SH,2.7302703679581968,0.9194110626548546,annealing,0.06240957295100188,160644.SZ,513730.SH
rolling_simulated_annealing,2024-01-01/2024-06-30,2024-07-01/2024-12-31,66,159529.SZ|159687.SZ|159796.SZ|159920.SZ|159985.SZ|160644.SZ|161226.SZ|501018.SH|510050.SH|512040.SH|513100.SH|513180.SH|518880.SH,2.6618979724615235,0.9194110626548546,annealing,0.06041302812192407,510210.SH,159796.SZ
rolling_simulated_annealing,2024-01-01/2024-06-30,2024-07-01/2024-12-31,67,159687.SZ|159920.SZ|159985.SZ|160644.SZ|161226.SZ|501018.SH|510050.SH|510210.SH|512040.SH|513100.SH|513180.SH|513730.SH|518880.SH,2.5646281555980845,0.9194110626548546,annealing,0.05848035476425733,159529.SZ,513730.SH
rolling_simulated_annealing,2024-01-01/2024-06-30,2024-07-01/2024-12-31,68,159529.SZ|159687.SZ|159920.SZ|159985.SZ|160644.SZ|161226.SZ|501018.SH|510210.SH|512040.SH|513100.SH|513180.SH|518880.SH|562500.SH,2.773143498229817,0.9194110626548546,annealing,0.0566095095655747,510050.SH,562500.SH
rolling_simulated_annealing,2024-01-01/2024-06-30,2024-07-01/2024-12-31,69,159518.SZ|159529.SZ|159920.SZ|159985.SZ|160644.SZ|161226.SZ|501018.SH|510050.SH|510210.SH|512040.SH|513100.SH|513180.SH|518880.SH,2.964270523542446,0.9194110626548546,annealing,0.05479851458106304,159687.SZ,159518.SZ
rolling_simulated_annealing,2024-01-01/2024-06-30,2024-07-01/2024-12-31,70,159529.SZ|159687.SZ|159920.SZ|159928.SZ|159985.SZ|160644.SZ|161226.SZ|501018.SH|510050.SH|510210.SH|513100.SH|513180.SH|518880.SH,2.825286626709849,0.9194110626548546,annealing,0.05304545514234737,512040.SH,159928.SZ
rolling_simulated_annealing,2024-01-01/2024-06-30,2024-07-01/2024-12-31,71,159529.SZ|159920.SZ|159985.SZ|160644.SZ|161226.SZ|501018.SH|510050.SH|510210.SH|512040.SH|513100.SH|513180.SH|513400.SH|518880.SH,2.861869175351894,0.9194110626548546,annealing,0.05134847783321434,159687.SZ,513400.SH
rolling_simulated_annealing,2024-01-01/2024-06-30,2024-07-01/2024-12-31,72,159529.SZ|159687.SZ|159825.SZ|159920.SZ|159985.SZ|160644.SZ|161226.SZ|501018.SH|510050.SH|512040.SH|513100.SH|513180.SH|518880.SH,3.082890443709075,0.9194110626548546,annealing,0.049705788530093976,510210.SH,159825.SZ
rolling_simulated_annealing,2024-01-01/2024-06-30,2024-07-01/2024-12-31,73,159518.SZ|159529.SZ|159825.SZ|159920.SZ|159985.SZ|160644.SZ|161226.SZ|501018.SH|510050.SH|512040.SH|513100.SH|513180.SH|518880.SH,2.8463474868124274,0.9194110626548546,annealing,0.04811565050522864,159687.SZ,159518.SZ
rolling_simulated_annealing,2024-01-01/2024-06-30,2024-07-01/2024-12-31,74,159687.SZ|159825.SZ|159920.SZ|159985.SZ|160644.SZ|161226.SZ|501018.SH|510050.SH|512040.SH|513100.SH|513180.SH|513310.SH|518880.SH,2.2792904350164633,0.9194110626548546,annealing,0.046576382590523456,159529.SZ,513310.SH
rolling_simulated_annealing,2024-01-01/2024-06-30,2024-07-01/2024-12-31,75,159529.SZ|159687.SZ|159825.SZ|159920.SZ|159985.SZ|160644.SZ|161226.SZ|501018.SH|510050.SH|512040.SH|513100.SH|513120.SH|518880.SH,2.9191163787765038,0.809756851832685,annealing,0.045086357400136896,513180.SH,513120.SH
rolling_simulated_annealing,2024-01-01/2024-06-30,2024-07-01/2024-12-31,76,159529.SZ|159687.SZ|159825.SZ|159920.SZ|159980.SZ|160644.SZ|161226.SZ|501018.SH|510050.SH|512040.SH|513100.SH|513180.SH|518880.SH,2.502232235390351,0.9194110626548546,annealing,0.043643999609932656,159985.SZ,159980.SZ
rolling_simulated_annealing,2024-01-01/2024-06-30,2024-07-01/2024-12-31,77,159509.SZ|159687.SZ|159825.SZ|159920.SZ|159985.SZ|160644.SZ|161226.SZ|501018.SH|510050.SH|512040.SH|513100.SH|513180.SH|518880.SH,2.8835832087119946,0.9194110626548546,annealing,0.04224778429197339,159529.SZ,159509.SZ
rolling_simulated_annealing,2024-01-01/2024-06-30,2024-07-01/2024-12-31,78,159529.SZ|159825.SZ|159920.SZ|159985.SZ|160644.SZ|161226.SZ|501018.SH|510050.SH|512040.SH|513100.SH|513180.SH|513310.SH|518880.SH,3.0825122317371494,0.9194110626548546,annealing,0.04089623530229582,159687.SZ,513310.SH
rolling_simulated_annealing,2024-01-01/2024-06-30,2024-07-01/2024-12-31,79,159529.SZ|159825.SZ|159920.SZ|159980.SZ|159985.SZ|160644.SZ|161226.SZ|501018.SH|510050.SH|512040.SH|513100.SH|513180.SH|513310.SH,2.6949483280637883,0.9194110626548546,annealing,0.03958792372026251,518880.SH,159980.SZ
rolling_simulated_annealing,2024-01-01/2024-06-30,2024-07-01/2024-12-31,80,159529.SZ|159825.SZ|159920.SZ|159985.SZ|160644.SZ|161226.SZ|501018.SH|512040.SH|512200.SH|513100.SH|513180.SH|513310.SH|518880.SH,2.4636044410756397,0.9194110626548546,annealing,0.03832146633784024,510050.SH,512200.SH
rolling_simulated_annealing,2024-01-01/2024-06-30,2024-07-01/2024-12-31,81,159529.SZ|159825.SZ|159920.SZ|159981.SZ|159985.SZ|160644.SZ|161226.SZ|501018.SH|510050.SH|512040.SH|513100.SH|513180.SH|513310.SH,1.4691229597414222,0.9194110626548546,annealing,0.03709552419720801,518880.SH,159981.SZ
rolling_simulated_annealing,2024-01-01/2024-06-30,2024-07-01/2024-12-31,82,159529.SZ|159825.SZ|159920.SZ|159980.SZ|159985.SZ|160644.SZ|501018.SH|510050.SH|512040.SH|513100.SH|513180.SH|513310.SH|518880.SH,2.411429633582802,0.9194110626548546,annealing,0.03590880117514833,161226.SZ,159980.SZ
rolling_simulated_annealing,2024-01-01/2024-06-30,2024-07-01/2024-12-31,83,159529.SZ|159825.SZ|159985.SZ|160644.SZ|161226.SZ|501018.SH|510050.SH|512040.SH|513100.SH|513180.SH|513310.SH|513750.SH|518880.SH,3.1263660456090676,0.809756851832685,annealing,0.03476004261272534,159920.SZ,513750.SH
rolling_simulated_annealing,2024-01-01/2024-06-30,2024-07-01/2024-12-31,84,159529.SZ|159825.SZ|159981.SZ|160644.SZ|161226.SZ|501018.SH|510050.SH|512040.SH|513100.SH|513180.SH|513310.SH|513750.SH|518880.SH,1.6604366902480097,0.809756851832685,annealing,0.033648033988800806,159985.SZ,159981.SZ
rolling_simulated_annealing,2024-01-01/2024-06-30,2024-07-01/2024-12-31,85,159529.SZ|159825.SZ|159869.SZ|159985.SZ|160644.SZ|161226.SZ|501018.SH|510050.SH|513100.SH|513180.SH|513310.SH|513750.SH|518880.SH,2.9513704856991847,0.809756851832685,annealing,0.03257159963598576,512040.SH,159869.SZ
rolling_simulated_annealing,2024-01-01/2024-06-30,2024-07-01/2024-12-31,86,159509.SZ|159529.SZ|159825.SZ|159985.SZ|160644.SZ|161226.SZ|501018.SH|510050.SH|512040.SH|513180.SH|513310.SH|513750.SH|518880.SH,3.3179230652113745,0.809756851832685,annealing,0.03152960149767008,513100.SH,159509.SZ
rolling_simulated_annealing,2024-01-01/2024-06-30,2024-07-01/2024-12-31,87,159509.SZ|159529.SZ|159825.SZ|159981.SZ|160644.SZ|161226.SZ|501018.SH|510050.SH|512040.SH|513180.SH|513310.SH|513750.SH|518880.SH,1.8394045808334616,0.809756851832685,annealing,0.030520937924815954,159985.SZ,159981.SZ
rolling_simulated_annealing,2024-01-01/2024-06-30,2024-07-01/2024-12-31,88,159509.SZ|159529.SZ|159825.SZ|159985.SZ|160644.SZ|161226.SZ|501018.SH|510050.SH|512040.SH|513070.SH|513310.SH|513750.SH|518880.SH,3.624949119237895,0.809756851832685,annealing,0.02954454251124314,513180.SH,513070.SH
rolling_simulated_annealing,2024-01-01/2024-06-30,2024-07-01/2024-12-31,89,159509.SZ|159825.SZ|159985.SZ|160644.SZ|161226.SZ|501018.SH|510050.SH|512040.SH|513030.SH|513070.SH|513310.SH|513750.SH|518880.SH,2.998396340566643,0.809756851832685,annealing,0.02859938296617458,159529.SZ,513030.SH
rolling_simulated_annealing,2024-01-01/2024-06-30,2024-07-01/2024-12-31,90,159529.SZ|159825.SZ|159985.SZ|160644.SZ|161226.SZ|501018.SH|510050.SH|512040.SH|513070.SH|513310.SH|513400.SH|513750.SH|518880.SH,2.297598804386174,0.809756851832685,annealing,0.02768446002285045,159509.SZ,513400.SH
rolling_simulated_annealing,2024-01-01/2024-06-30,2024-07-01/2024-12-31,91,159509.SZ|159529.SZ|159825.SZ|159985.SZ|160644.SZ|161226.SZ|501018.SH|512040.SH|512800.SH|513070.SH|513310.SH|513750.SH|518880.SH,3.7762562405434874,0.809756851832685,annealing,0.026798806382056773,510050.SH,512800.SH
rolling_simulated_annealing,2024-01-01/2024-06-30,2024-07-01/2024-12-31,92,159509.SZ|159529.SZ|159865.SZ|159985.SZ|160644.SZ|161226.SZ|501018.SH|512040.SH|512800.SH|513070.SH|513310.SH|513750.SH|518880.SH,3.6822430243289554,0.809756851832685,annealing,0.02594148568945148,159825.SZ,159865.SZ
rolling_simulated_annealing,2024-01-01/2024-06-30,2024-07-01/2024-12-31,93,159509.SZ|159529.SZ|159825.SZ|159981.SZ|159985.SZ|160644.SZ|161226.SZ|512040.SH|512800.SH|513070.SH|513310.SH|513750.SH|518880.SH,2.7402229871582837,0.809756851832685,annealing,0.025111591545607014,501018.SH,159981.SZ
rolling_simulated_annealing,2024-01-01/2024-06-30,2024-07-01/2024-12-31,94,159509.SZ|159529.SZ|159825.SZ|159985.SZ|161226.SZ|501018.SH|512040.SH|512800.SH|513070.SH|513290.SH|513310.SH|513750.SH|518880.SH,3.303914936988967,0.809756851832685,annealing,0.024308246547722494,160644.SZ,513290.SH
rolling_simulated_annealing,2024-01-01/2024-06-30,2024-07-01/2024-12-31,95,159509.SZ|159529.SZ|159825.SZ|159985.SZ|160644.SZ|161226.SZ|501018.SH|512040.SH|513070.SH|513310.SH|513750.SH|518880.SH|562500.SH,3.1483056026423415,0.809756851832685,annealing,0.02353060136199262,512800.SH,562500.SH
rolling_simulated_annealing,2024-01-01/2024-06-30,2024-07-01/2024-12-31,96,159509.SZ|159529.SZ|159825.SZ|159985.SZ|160644.SZ|161226.SZ|501018.SH|512040.SH|512800.SH|513070.SH|513120.SH|513310.SH|518880.SH,3.687408141615447,0.809756851832685,annealing,0.022777833825652294,513750.SH,513120.SH
rolling_simulated_annealing,2024-01-01/2024-06-30,2024-07-01/2024-12-31,97,159509.SZ|159518.SZ|159529.SZ|159825.SZ|159985.SZ|160644.SZ|161226.SZ|501018.SH|512040.SH|512800.SH|513070.SH|513750.SH|518880.SH,3.3699791008541844,0.809756851832685,annealing,0.02204914807774781,513310.SH,159518.SZ
rolling_simulated_annealing,2024-01-01/2024-06-30,2024-07-01/2024-12-31,98,159509.SZ|159529.SZ|159825.SZ|159920.SZ|159985.SZ|160644.SZ|161226.SZ|501018.SH|512040.SH|512800.SH|513310.SH|513750.SH|518880.SH,3.6482263295943564,0.8926225266665948,annealing,0.021343773717715567,513070.SH,159920.SZ
rolling_simulated_annealing,2024-01-01/2024-06-30,2024-07-01/2024-12-31,99,159509.SZ|159825.SZ|159985.SZ|160644.SZ|161226.SZ|501018.SH|512040.SH|512800.SH|513070.SH|513310.SH|513750.SH|513880.SH|518880.SH,3.63038021897477,0.809756851832685,annealing,0.020660964990878602,159529.SZ,513880.SH
rolling_simulated_annealing,2024-01-01/2024-06-30,2024-07-01/2024-12-31,100,159509.SZ|159529.SZ|159825.SZ|159985.SZ|160644.SZ|161226.SZ|501018.SH|512200.SH|512800.SH|513070.SH|513310.SH|513750.SH|518880.SH,3.715737504673757,0.809756851832685,annealing,0.02,512040.SH,512200.SH
rolling_simulated_annealing,2024-07-01/2024-12-31,2025-01-01/2025-06-30,1,159329.SZ|159687.SZ|159825.SZ|159901.SZ|159980.SZ|161226.SZ|501018.SH|512170.SH|513100.SH|513180.SH|513400.SH|513750.SH|518880.SH,0.37176562390462686,0.9093229281804768,initial,,,
rolling_simulated_annealing,2024-07-01/2024-12-31,2025-01-01/2025-06-30,2,159329.SZ|159687.SZ|159825.SZ|159901.SZ|159980.SZ|159985.SZ|501018.SH|512170.SH|513100.SH|513180.SH|513400.SH|513750.SH|518880.SH,0.558534958671034,0.9093229281804768,annealing,0.4840044985514857,161226.SZ,159985.SZ
rolling_simulated_annealing,2024-07-01/2024-12-31,2025-01-01/2025-06-30,3,159329.SZ|159687.SZ|159825.SZ|159980.SZ|159985.SZ|501018.SH|512170.SH|513100.SH|513180.SH|513400.SH|513750.SH|516150.SH|518880.SH,0.3720830971508851,0.8861226651551434,annealing,0.4685207092361502,159901.SZ,516150.SH
rolling_simulated_annealing,2024-07-01/2024-12-31,2025-01-01/2025-06-30,4,159329.SZ|159825.SZ|159980.SZ|159985.SZ|501018.SH|512170.SH|513080.SH|513100.SH|513180.SH|513400.SH|513750.SH|516150.SH|518880.SH,0.2598218496729784,0.8861226651551434,annealing,0.4535322618696586,159687.SZ,513080.SH
rolling_simulated_annealing,2024-07-01/2024-12-31,2025-01-01/2025-06-30,5,159825.SZ|159980.SZ|159985.SZ|164824.SZ|501018.SH|512170.SH|513080.SH|513100.SH|513180.SH|513400.SH|513750.SH|516150.SH|518880.SH,0.13652005799636166,0.8861226651551434,annealing,0.4390233099662904,159329.SZ,164824.SZ
rolling_simulated_annealing,2024-07-01/2024-12-31,2025-01-01/2025-06-30,6,159980.SZ|159985.SZ|164824.SZ|501018.SH|512100.SH|512170.SH|513080.SH|513100.SH|513180.SH|513400.SH|513750.SH|516150.SH|518880.SH,0.39389988979421187,0.891987230397051,annealing,0.42497851398529574,159825.SZ,512100.SH
rolling_simulated_annealing,2024-07-01/2024-12-31,2025-01-01/2025-06-30,7,159980.SZ|159981.SZ|164824.SZ|501018.SH|512100.SH|512170.SH|513080.SH|513100.SH|513180.SH|513400.SH|513750.SH|516150.SH|518880.SH,0.5675739998176238,0.891987230397051,annealing,0.41138302511321717,159985.SZ,159981.SZ
rolling_simulated_annealing,2024-07-01/2024-12-31,2025-01-01/2025-06-30,8,159980.SZ|159981.SZ|164824.SZ|501018.SH|512170.SH|513080.SH|513100.SH|513180.SH|513400.SH|513750.SH|515790.SH|516150.SH|518880.SH,0.47331896073539453,0.8861226651551434,annealing,0.3982224695650319,512100.SH,515790.SH
rolling_simulated_annealing,2024-07-01/2024-12-31,2025-01-01/2025-06-30,9,159687.SZ|159980.SZ|159981.SZ|164824.SZ|501018.SH|512170.SH|513100.SH|513180.SH|513400.SH|513750.SH|515790.SH|516150.SH|518880.SH,0.5859965219082495,0.8861226651551434,annealing,0.385482933387515,513080.SH,159687.SZ
rolling_simulated_annealing,2024-07-01/2024-12-31,2025-01-01/2025-06-30,10,159687.SZ|159865.SZ|159980.SZ|159981.SZ|164824.SZ|501018.SH|513100.SH|513180.SH|513400.SH|513750.SH|515790.SH|516150.SH|518880.SH,0.5378476578386507,0.8861226651551434,annealing,0.37315094774875995,512170.SH,159865.SZ
rolling_simulated_annealing,2024-07-01/2024-12-31,2025-01-01/2025-06-30,11,159687.SZ|159980.SZ|159981.SZ|164824.SZ|501018.SH|512100.SH|513100.SH|513180.SH|513400.SH|513750.SH|515790.SH|516150.SH|518880.SH,0.5010015540125358,0.8861226651551434,annealing,0.3612134746983004,159865.SZ,512100.SH
rolling_simulated_annealing,2024-07-01/2024-12-31,2025-01-01/2025-06-30,12,159687.SZ|159980.SZ|159981.SZ|164824.SZ|501018.SH|512100.SH|513180.SH|513400.SH|513750.SH|513880.SH|515790.SH|516150.SH|518880.SH,0.27481259804677355,0.8861226651551434,annealing,0.34965789338278125,513100.SH,513880.SH
rolling_simulated_annealing,2024-07-01/2024-12-31,2025-01-01/2025-06-30,13,159687.SZ|159980.SZ|159981.SZ|161226.SZ|164824.SZ|501018.SH|512100.SH|513100.SH|513180.SH|513400.SH|513750.SH|515790.SH|516150.SH,-0.06061505852694199,0.8861226651551434,annealing,0.33847198670260376,518880.SH,161226.SZ
rolling_simulated_annealing,2024-07-01/2024-12-31,2025-01-01/2025-06-30,14,159326.SZ|159687.SZ|159980.SZ|159981.SZ|164824.SZ|501018.SH|513100.SH|513180.SH|513400.SH|513750.SH|515790.SH|516150.SH|518880.SH,0.8983916990913515,0.8861226651551434,annealing,0.3276439283954377,512100.SH,159326.SZ
rolling_simulated_annealing,2024-07-01/2024-12-31,2025-01-01/2025-06-30,15,159326.SZ|159687.SZ|159980.SZ|159981.SZ|161226.SZ|164824.SZ|513100.SH|513180.SH|513400.SH|513750.SH|515790.SH|516150.SH|518880.SH,0.5126123721388772,0.8861226651551434,annealing,0.31716227053294543,501018.SH,161226.SZ
rolling_simulated_annealing,2024-07-01/2024-12-31,2025-01-01/2025-06-30,16,159326.SZ|159329.SZ|159687.SZ|159980.SZ|159981.SZ|161226.SZ|513100.SH|513180.SH|513400.SH|513750.SH|515790.SH|516150.SH|518880.SH,0.25902750568167543,0.8861226651551434,annealing,0.3070159314174978,164824.SZ,159329.SZ
rolling_simulated_annealing,2024-07-01/2024-12-31,2025-01-01/2025-06-30,17,159326.SZ|159329.SZ|159687.SZ|159980.SZ|159981.SZ|161226.SZ|512800.SH|513100.SH|513180.SH|513400.SH|513750.SH|516150.SH|518880.SH,0.6603095046524786,0.8861226651551434,annealing,0.2971941838660867,515790.SH,512800.SH
rolling_simulated_annealing,2024-07-01/2024-12-31,2025-01-01/2025-06-30,18,159326.SZ|159329.SZ|159687.SZ|159901.SZ|159980.SZ|159981.SZ|161226.SZ|513100.SH|513180.SH|513400.SH|513750.SH|516150.SH|518880.SH,0.7790876987760613,0.8861226651551434,annealing,0.28768664386904663,512800.SH,159901.SZ
rolling_simulated_annealing,2024-07-01/2024-12-31,2025-01-01/2025-06-30,19,159326.SZ|159329.SZ|159687.SZ|159901.SZ|159981.SZ|161226.SZ|501018.SH|513100.SH|513180.SH|513400.SH|513750.SH|516150.SH|518880.SH,0.9788784628205334,0.8861226651551434,annealing,0.27848325961159553,159980.SZ,501018.SH
rolling_simulated_annealing,2024-07-01/2024-12-31,2025-01-01/2025-06-30,20,159329.SZ|159687.SZ|159766.SZ|159901.SZ|159981.SZ|161226.SZ|501018.SH|513100.SH|513180.SH|513400.SH|513750.SH|516150.SH|518880.SH,0.6841336789527329,0.8861226651551434,annealing,0.269574300846587,159326.SZ,159766.SZ
rolling_simulated_annealing,2024-07-01/2024-12-31,2025-01-01/2025-06-30,21,159326.SZ|159329.SZ|159687.SZ|159901.SZ|159980.SZ|159981.SZ|501018.SH|513100.SH|513180.SH|513400.SH|513750.SH|516150.SH|518880.SH,1.1415230638117944,0.8861226651551434,annealing,0.26095034860723937,161226.SZ,159980.SZ
rolling_simulated_annealing,2024-07-01/2024-12-31,2025-01-01/2025-06-30,22,159326.SZ|159329.SZ|159687.SZ|159901.SZ|159980.SZ|159981.SZ|501018.SH|513180.SH|513290.SH|513400.SH|513750.SH|516150.SH|518880.SH,1.1438249371506295,0.8861226651551434,annealing,0.25260228524896455,513100.SH,513290.SH
rolling_simulated_annealing,2024-07-01/2024-12-31,2025-01-01/2025-06-30,23,159326.SZ|159329.SZ|159687.SZ|159901.SZ|159980.SZ|159981.SZ|501018.SH|513180.SH|513290.SH|513310.SH|513750.SH|516150.SH|518880.SH,0.41062093583056536,0.8861226651551434,annealing,0.24452128480976887,513400.SH,513310.SH
rolling_simulated_annealing,2024-07-01/2024-12-31,2025-01-01/2025-06-30,24,159326.SZ|159329.SZ|159687.SZ|159901.SZ|159980.SZ|159981.SZ|501018.SH|513070.SH|513290.SH|513400.SH|513750.SH|516150.SH|518880.SH,0.9587167144441701,0.8526887864575059,annealing,0.23669880367903437,513180.SH,513070.SH
rolling_simulated_annealing,2024-07-01/2024-12-31,2025-01-01/2025-06-30,25,159329.SZ|159687.SZ|159865.SZ|159901.SZ|159980.SZ|159981.SZ|501018.SH|513180.SH|513290.SH|513400.SH|513750.SH|516150.SH|518880.SH,0.7461523935464544,0.8861226651551434,annealing,0.22912657156481517,159326.SZ,159865.SZ
rolling_simulated_annealing,2024-07-01/2024-12-31,2025-01-01/2025-06-30,26,159687.SZ|159865.SZ|159901.SZ|159980.SZ|159981.SZ|160644.SZ|501018.SH|513180.SH|513290.SH|513400.SH|513750.SH|516150.SH|518880.SH,0.5011367999472875,0.8861226651551434,annealing,0.22179658275009892,159329.SZ,160644.SZ
rolling_simulated_annealing,2024-07-01/2024-12-31,2025-01-01/2025-06-30,27,159687.SZ|159865.SZ|159901.SZ|159980.SZ|159981.SZ|159985.SZ|160644.SZ|501018.SH|513180.SH|513290.SH|513400.SH|513750.SH|516150.SH,0.41054731277026585,0.8861226651551434,annealing,0.21470108762878945,518880.SH,159985.SZ
rolling_simulated_annealing,2024-07-01/2024-12-31,2025-01-01/2025-06-30,28,159687.SZ|159901.SZ|159980.SZ|159981.SZ|159985.SZ|160644.SZ|501018.SH|513180.SH|513290.SH|513400.SH|513750.SH|515790.SH|516150.SH,0.5886964352656961,0.8861226651551434,annealing,0.20783258451246167,159865.SZ,515790.SH
rolling_simulated_annealing,2024-07-01/2024-12-31,2025-01-01/2025-06-30,29,159687.SZ|159980.SZ|159981.SZ|159985.SZ|160644.SZ|501018.SH|513180.SH|513290.SH|513400.SH|513750.SH|515790.SH|516150.SH|563300.SH,0.49012926245310284,0.8861226651551434,annealing,0.20118381169922656,159901.SZ,563300.SH
rolling_simulated_annealing,2024-07-01/2024-12-31,2025-01-01/2025-06-30,30,159687.SZ|159901.SZ|159980.SZ|159985.SZ|160644.SZ|501018.SH|513180.SH|513290.SH|513400.SH|513750.SH|515790.SH|516150.SH|518880.SH,0.4571896000000513,0.8861226651551434,annealing,0.19474773979632132,159981.SZ,518880.SH
rolling_simulated_annealing,2024-07-01/2024-12-31,2025-01-01/2025-06-30,31,159687.SZ|159901.SZ|159981.SZ|159985.SZ|160644.SZ|501018.SH|513180.SH|513290.SH|513400.SH|513750.SH|515790.SH|516150.SH|518880.SH,0.6181805103991845,0.8861226651551434,annealing,0.18851756428830743,159980.SZ,518880.SH
rolling_simulated_annealing,2024-07-01/2024-12-31,2025-01-01/2025-06-30,32,159687.SZ|159901.SZ|159981.SZ|159985.SZ|160644.SZ|164824.SZ|501018.SH|513180.SH|513400.SH|513750.SH|515790.SH|516150.SH|518880.SH,0.11529337041864762,0.8861226651551434,annealing,0.1824866983430194,513290.SH,164824.SZ
rolling_simulated_annealing,2024-07-01/2024-12-31,2025-01-01/2025-06-30,33,159687.SZ|159901.SZ|159981.SZ|159985.SZ|160644.SZ|501018.SH|513100.SH|513180.SH|513400.SH|513750.SH|515790.SH|516150.SH|518880.SH,0.8235223826537537,0.8861226651551434,annealing,0.17664876584765868,513290.SH,513100.SH
rolling_simulated_annealing,2024-07-01/2024-12-31,2025-01-01/2025-06-30,34,159687.SZ|159901.SZ|159981.SZ|159985.SZ|160644.SZ|501018.SH|513180.SH|513310.SH|513400.SH|513750.SH|515790.SH|516150.SH|518880.SH,-0.05510451255563752,0.8861226651551434,annealing,0.1709975946676697,513100.SH,513310.SH
rolling_simulated_annealing,2024-07-01/2024-12-31,2025-01-01/2025-06-30,35,159687.SZ|159901.SZ|159981.SZ|159985.SZ|160644.SZ|501018.SH|513080.SH|513180.SH|513400.SH|513750.SH|515790.SH|516150.SH|518880.SH,-0.10110873158695269,0.8861226651551434,annealing,0.16552721012127136,513100.SH,513080.SH
rolling_simulated_annealing,2024-07-01/2024-12-31,2025-01-01/2025-06-30,36,159329.SZ|159687.SZ|159901.SZ|159981.SZ|159985.SZ|501018.SH|513100.SH|513180.SH|513400.SH|513750.SH|515790.SH|516150.SH|518880.SH,0.8340119634417139,0.8861226651551434,annealing,0.16023182866274469,160644.SZ,159329.SZ
rolling_simulated_annealing,2024-07-01/2024-12-31,2025-01-01/2025-06-30,37,159518.SZ|159687.SZ|159901.SZ|159981.SZ|159985.SZ|501018.SH|513100.SH|513180.SH|513400.SH|513750.SH|515790.SH|516150.SH|518880.SH,0.8519048052084169,0.8861226651551434,annealing,0.15510585176779862,159329.SZ,159518.SZ
rolling_simulated_annealing,2024-07-01/2024-12-31,2025-01-01/2025-06-30,38,159518.SZ|159687.SZ|159901.SZ|159981.SZ|159985.SZ|501018.SH|513100.SH|513180.SH|513290.SH|513750.SH|515790.SH|516150.SH|518880.SH,0.9960056003328803,0.8861226651551434,annealing,0.15014386001454888,513400.SH,513290.SH
rolling_simulated_annealing,2024-07-01/2024-12-31,2025-01-01/2025-06-30,39,159518.SZ|159687.SZ|159901.SZ|159980.SZ|159981.SZ|159985.SZ|501018.SH|513100.SH|513180.SH|513290.SH|513750.SH|515790.SH|516150.SH,0.5781481004162096,0.8861226651551434,annealing,0.1453406073538524,518880.SH,159980.SZ
rolling_simulated_annealing,2024-07-01/2024-12-31,2025-01-01/2025-06-30,40,159518.SZ|159687.SZ|159901.SZ|159985.SZ|161226.SZ|501018.SH|513100.SH|513180.SH|513290.SH|513750.SH|515790.SH|516150.SH|518880.SH,0.3022953792242057,0.8861226651551434,annealing,0.1406910155629394,159981.SZ,161226.SZ
rolling_simulated_annealing,2024-07-01/2024-12-31,2025-01-01/2025-06-30,41,159518.SZ|159529.SZ|159901.SZ|159981.SZ|159985.SZ|501018.SH|513100.SH|513180.SH|513290.SH|513750.SH|515790.SH|516150.SH|518880.SH,1.1526445487840988,0.8861226651551434,annealing,0.1361901688764795,159687.SZ,159529.SZ
rolling_simulated_annealing,2024-07-01/2024-12-31,2025-01-01/2025-06-30,42,159529.SZ|159901.SZ|159981.SZ|159985.SZ|501018.SH|513030.SH|513100.SH|513180.SH|513290.SH|513750.SH|515790.SH|516150.SH|518880.SH,0.8345320937422913,0.8861226651551434,annealing,0.13183330878940522,159518.SZ,513030.SH
rolling_simulated_annealing,2024-07-01/2024-12-31,2025-01-01/2025-06-30,43,159529.SZ|159901.SZ|159981.SZ|159985.SZ|501018.SH|512980.SH|513030.SH|513100.SH|513180.SH|513290.SH|513750.SH|516150.SH|518880.SH,0.6114221793172296,0.8861226651551434,annealing,0.1276158290259985,515790.SH,512980.SH
rolling_simulated_annealing,2024-07-01/2024-12-31,2025-01-01/2025-06-30,44,159529.SZ|159901.SZ|159981.SZ|159985.SZ|164824.SZ|501018.SH|513030.SH|513100.SH|513180.SH|513750.SH|515790.SH|516150.SH|518880.SH,0.3504744994155075,0.8861226651551434,annealing,0.12353327066992105,513290.SH,164824.SZ
rolling_simulated_annealing,2024-07-01/2024-12-31,2025-01-01/2025-06-30,45,159529.SZ|159901.SZ|159981.SZ|159985.SZ|501018.SH|512800.SH|513030.SH|513100.SH|513180.SH|513290.SH|513750.SH|516150.SH|518880.SH,0.691137287650541,0.8861226651551434,annealing,0.1195813174500402,515790.SH,512800.SH
rolling_simulated_annealing,2024-07-01/2024-12-31,2025-01-01/2025-06-30,46,159509.SZ|159529.SZ|159901.SZ|159981.SZ|159985.SZ|501018.SH|512800.SH|513030.SH|513100.SH|513180.SH|513750.SH|516150.SH|518880.SH,0.43131210320252505,0.9103349868626713,annealing,0.11575579117706547,513290.SH,159509.SZ
rolling_simulated_annealing,2024-07-01/2024-12-31,2025-01-01/2025-06-30,47,159529.SZ|159766.SZ|159901.SZ|159981.SZ|159985.SZ|501018.SH|513030.SH|513100.SH|513180.SH|513290.SH|513750.SH|516150.SH|518880.SH,0.7626898592559036,0.8861226651551434,annealing,0.11205264732617212,512800.SH,159766.SZ
rolling_simulated_annealing,2024-07-01/2024-12-31,2025-01-01/2025-06-30,48,159529.SZ|159766.SZ|159901.SZ|159981.SZ|159985.SZ|501018.SH|512040.SH|513030.SH|513100.SH|513180.SH|513290.SH|513750.SH|518880.SH,0.6221752170806821,0.8861226651551434,annealing,0.10846797076094081,516150.SH,512040.SH
rolling_simulated_annealing,2024-07-01/2024-12-31,2025-01-01/2025-06-30,49,159529.SZ|159766.SZ|159901.SZ|159981.SZ|159985.SZ|161226.SZ|513030.SH|513100.SH|513180.SH|513290.SH|513750.SH|516150.SH|518880.SH,0.34532363920808473,0.8861226651551434,annealing,0.10499797159409273,501018.SH,161226.SZ
rolling_simulated_annealing,2024-07-01/2024-12-31,2025-01-01/2025-06-30,50,159529.SZ|159766.SZ|159901.SZ|159981.SZ|159985.SZ|161226.SZ|501018.SH|513030.SH|513100.SH|513180.SH|513290.SH|513750.SH|516150.SH,1.2260906478918296,0.8861226651551434,annealing,0.10163898118064398,518880.SH,161226.SZ
rolling_simulated_annealing,2024-07-01/2024-12-31,2025-01-01/2025-06-30,51,159518.SZ|159529.SZ|159766.SZ|159901.SZ|159981.SZ|159985.SZ|161226.SZ|501018.SH|513030.SH|513180.SH|513290.SH|513750.SH|516150.SH,0.8062276329678774,0.8861226651551434,annealing,0.09838744823924296,513100.SH,159518.SZ
rolling_simulated_annealing,2024-07-01/2024-12-31,2025-01-01/2025-06-30,52,159529.SZ|159766.SZ|159901.SZ|159981.SZ|159985.SZ|161226.SZ|501018.SH|513030.SH|513100.SH|513120.SH|513290.SH|513750.SH|516150.SH,1.4403886206498664,0.8024893666032176,annealing,0.09523993509759009,513180.SH,513120.SH
rolling_simulated_annealing,2024-07-01/2024-12-31,2025-01-01/2025-06-30,53,159518.SZ|159529.SZ|159766.SZ|159901.SZ|159981.SZ|159985.SZ|161226.SZ|501018.SH|513030.SH|513100.SH|513120.SH|513750.SH|516150.SH,0.9007243987520862,0.8024893666032176,annealing,0.09219311405797025,513290.SH,159518.SZ
rolling_simulated_annealing,2024-07-01/2024-12-31,2025-01-01/2025-06-30,54,159518.SZ|159529.SZ|159766.SZ|159901.SZ|159981.SZ|159985.SZ|161226.SZ|501018.SH|513030.SH|513120.SH|513290.SH|513750.SH|516150.SH,0.9624727774638547,0.8024893666032176,annealing,0.08924376387905565,513100.SH,159518.SZ
rolling_simulated_annealing,2024-07-01/2024-12-31,2025-01-01/2025-06-30,55,159529.SZ|159766.SZ|159901.SZ|159981.SZ|159985.SZ|161226.SZ|501018.SH|513080.SH|513100.SH|513120.SH|513290.SH|513750.SH|516150.SH,1.433824410284777,0.8024893666032176,annealing,0.08638876637025905,513030.SH,513080.SH
rolling_simulated_annealing,2024-07-01/2024-12-31,2025-01-01/2025-06-30,56,159766.SZ|159901.SZ|159981.SZ|159985.SZ|161226.SZ|501018.SH|513080.SH|513100.SH|513120.SH|513290.SH|513310.SH|513750.SH|516150.SH,0.18417100762806063,0.8024893666032176,annealing,0.08362510309503735,159529.SZ,513310.SH
rolling_simulated_annealing,2024-07-01/2024-12-31,2025-01-01/2025-06-30,57,159529.SZ|159766.SZ|159901.SZ|159981.SZ|159985.SZ|161226.SZ|501018.SH|513080.SH|513100.SH|513180.SH|513290.SH|513750.SH|516150.SH,1.3864107991457293,0.8861226651551434,annealing,0.08094985217965969,513120.SH,513180.SH
rolling_simulated_annealing,2024-07-01/2024-12-31,2025-01-01/2025-06-30,58,159529.SZ|159766.SZ|159901.SZ|159985.SZ|161226.SZ|501018.SH|513080.SH|513100.SH|513180.SH|513290.SH|513750.SH|516150.SH|518880.SH,0.47147690227226674,0.8861226651551434,annealing,0.07836018522406615,159981.SZ,518880.SH
rolling_simulated_annealing,2024-07-01/2024-12-31,2025-01-01/2025-06-30,59,159529.SZ|159766.SZ|159981.SZ|159985.SZ|161226.SZ|501018.SH|513080.SH|513100.SH|513180.SH|513290.SH|513750.SH|515880.SH|516150.SH,1.0782902517641741,0.8861226651551434,annealing,0.07585336431155136,159901.SZ,515880.SH
rolling_simulated_annealing,2024-07-01/2024-12-31,2025-01-01/2025-06-30,60,159529.SZ|159766.SZ|159901.SZ|159981.SZ|159985.SZ|161226.SZ|513080.SH|513100.SH|513180.SH|513290.SH|513750.SH|516150.SH|518880.SH,0.4675320860397363,0.8861226651551434,annealing,0.07342673911411116,501018.SH,518880.SH
rolling_simulated_annealing,2024-07-01/2024-12-31,2025-01-01/2025-06-30,61,159529.SZ|159766.SZ|159901.SZ|159981.SZ|161226.SZ|501018.SH|513080.SH|513100.SH|513180.SH|513290.SH|513750.SH|516150.SH|518880.SH,1.148476715206856,0.8861226651551434,annealing,0.07107774409039225,159985.SZ,518880.SH
rolling_simulated_annealing,2024-07-01/2024-12-31,2025-01-01/2025-06-30,62,159529.SZ|159766.SZ|159901.SZ|159981.SZ|159985.SZ|501018.SH|513080.SH|513100.SH|513180.SH|513290.SH|513750.SH|516150.SH|518880.SH,0.9605513406963154,0.8861226651551434,annealing,0.06880389577328226,161226.SZ,518880.SH
rolling_simulated_annealing,2024-07-01/2024-12-31,2025-01-01/2025-06-30,63,159529.SZ|159766.SZ|159901.SZ|159981.SZ|159985.SZ|161226.SZ|501018.SH|513080.SH|513180.SH|513290.SH|513310.SH|513750.SH|516150.SH,0.4321502553109806,0.8861226651551434,annealing,0.06660279014427231,513100.SH,513310.SH
rolling_simulated_annealing,2024-07-01/2024-12-31,2025-01-01/2025-06-30,64,159529.SZ|159687.SZ|159766.SZ|159901.SZ|159981.SZ|159985.SZ|161226.SZ|501018.SH|513100.SH|513180.SH|513290.SH|513750.SH|516150.SH,1.3791032974057276,0.8861226651551434,annealing,0.06447210009181673,513080.SH,159687.SZ
rolling_simulated_annealing,2024-07-01/2024-12-31,2025-01-01/2025-06-30,65,159529.SZ|159687.SZ|159901.SZ|159981.SZ|159985.SZ|161226.SZ|501018.SH|512170.SH|513100.SH|513180.SH|513290.SH|513750.SH|516150.SH,1.2623918388989361,0.9093229281804768,annealing,0.06240957295100188,159766.SZ,512170.SH
rolling_simulated_annealing,2024-07-01/2024-12-31,2025-01-01/2025-06-30,66,159529.SZ|159687.SZ|159766.SZ|159901.SZ|159981.SZ|159985.SZ|161226.SZ|513100.SH|513180.SH|513290.SH|513750.SH|516150.SH|518880.SH,0.8451187018507579,0.8861226651551434,annealing,0.06041302812192407,501018.SH,518880.SH
rolling_simulated_annealing,2024-07-01/2024-12-31,2025-01-01/2025-06-30,67,159529.SZ|159687.SZ|159766.SZ|159901.SZ|159920.SZ|159981.SZ|159985.SZ|161226.SZ|501018.SH|513100.SH|513290.SH|513750.SH|516150.SH,1.041941288016928,0.8958197259318315,annealing,0.05848035476425733,513180.SH,159920.SZ
rolling_simulated_annealing,2024-07-01/2024-12-31,2025-01-01/2025-06-30,68,159529.SZ|159687.SZ|159901.SZ|159981.SZ|159985.SZ|161226.SZ|501018.SH|512400.SH|513100.SH|513180.SH|513290.SH|513750.SH|516150.SH,1.4950196729240897,0.8861226651551434,annealing,0.0566095095655747,159766.SZ,512400.SH
rolling_simulated_annealing,2024-07-01/2024-12-31,2025-01-01/2025-06-30,69,159529.SZ|159687.SZ|159901.SZ|159981.SZ|161226.SZ|501018.SH|512400.SH|513100.SH|513180.SH|513290.SH|513750.SH|516150.SH|518880.SH,1.1360105454486664,0.8861226651551434,annealing,0.05479851458106304,159985.SZ,518880.SH
rolling_simulated_annealing,2024-07-01/2024-12-31,2025-01-01/2025-06-30,70,159529.SZ|159687.SZ|159901.SZ|159980.SZ|159981.SZ|159985.SZ|501018.SH|512400.SH|513100.SH|513180.SH|513290.SH|513750.SH|516150.SH,1.8234148551238534,0.8861226651551434,annealing,0.05304545514234737,161226.SZ,159980.SZ
rolling_simulated_annealing,2024-07-01/2024-12-31,2025-01-01/2025-06-30,71,159529.SZ|159687.SZ|159980.SZ|159981.SZ|159985.SZ|501018.SH|510210.SH|512400.SH|513100.SH|513180.SH|513290.SH|513750.SH|516150.SH,1.6472155839396556,0.8861226651551434,annealing,0.05134847783321434,159901.SZ,510210.SH
rolling_simulated_annealing,2024-07-01/2024-12-31,2025-01-01/2025-06-30,72,159329.SZ|159529.SZ|159901.SZ|159980.SZ|159981.SZ|159985.SZ|501018.SH|512400.SH|513100.SH|513180.SH|513290.SH|513750.SH|516150.SH,1.5050917482097874,0.8861226651551434,annealing,0.049705788530093976,159687.SZ,159329.SZ
rolling_simulated_annealing,2024-07-01/2024-12-31,2025-01-01/2025-06-30,73,159529.SZ|159687.SZ|159901.SZ|159980.SZ|159981.SZ|159985.SZ|512400.SH|513100.SH|513180.SH|513290.SH|513750.SH|516150.SH|518880.SH,1.1783583318520405,0.8861226651551434,annealing,0.04811565050522864,501018.SH,518880.SH
rolling_simulated_annealing,2024-07-01/2024-12-31,2025-01-01/2025-06-30,74,159529.SZ|159687.SZ|159980.SZ|159981.SZ|159985.SZ|501018.SH|510880.SH|512400.SH|513100.SH|513180.SH|513290.SH|513750.SH|516150.SH,1.648033974956065,0.8861226651551434,annealing,0.046576382590523456,159901.SZ,510880.SH
rolling_simulated_annealing,2024-07-01/2024-12-31,2025-01-01/2025-06-30,75,159529.SZ|159687.SZ|159901.SZ|159980.SZ|159981.SZ|159985.SZ|164824.SZ|501018.SH|512400.SH|513100.SH|513180.SH|513750.SH|516150.SH,1.4285900249974068,0.8861226651551434,annealing,0.045086357400136896,513290.SH,164824.SZ
rolling_simulated_annealing,2024-07-01/2024-12-31,2025-01-01/2025-06-30,76,159529.SZ|159687.SZ|159901.SZ|159981.SZ|159985.SZ|501018.SH|512400.SH|513100.SH|513180.SH|513290.SH|513750.SH|516150.SH|518880.SH,1.034049893026345,0.8861226651551434,annealing,0.043643999609932656,159980.SZ,518880.SH
rolling_simulated_annealing,2024-07-01/2024-12-31,2025-01-01/2025-06-30,77,159529.SZ|159687.SZ|159901.SZ|159980.SZ|159981.SZ|161226.SZ|501018.SH|512400.SH|513100.SH|513180.SH|513290.SH|513750.SH|516150.SH,1.4945144654031788,0.8861226651551434,annealing,0.04224778429197339,159985.SZ,161226.SZ
rolling_simulated_annealing,2024-07-01/2024-12-31,2025-01-01/2025-06-30,78,159518.SZ|159529.SZ|159901.SZ|159980.SZ|159981.SZ|159985.SZ|501018.SH|512400.SH|513100.SH|513180.SH|513290.SH|513750.SH|516150.SH,1.721723923453629,0.8861226651551434,annealing,0.04089623530229582,159687.SZ,159518.SZ
rolling_simulated_annealing,2024-07-01/2024-12-31,2025-01-01/2025-06-30,79,159529.SZ|159687.SZ|159901.SZ|159980.SZ|159981.SZ|159985.SZ|501018.SH|513100.SH|513180.SH|513290.SH|513750.SH|516150.SH|562500.SH,1.6162385070159218,0.8861226651551434,annealing,0.03958792372026251,512400.SH,562500.SH
rolling_simulated_annealing,2024-07-01/2024-12-31,2025-01-01/2025-06-30,80,159529.SZ|159687.SZ|159901.SZ|159980.SZ|159981.SZ|159985.SZ|501018.SH|513100.SH|513180.SH|513290.SH|513750.SH|516150.SH|588200.SH,1.4706454252264576,0.8861226651551434,annealing,0.03832146633784024,512400.SH,588200.SH
rolling_simulated_annealing,2024-07-01/2024-12-31,2025-01-01/2025-06-30,81,159529.SZ|159687.SZ|159851.SZ|159901.SZ|159980.SZ|159981.SZ|159985.SZ|501018.SH|512400.SH|513100.SH|513180.SH|513290.SH|513750.SH,2.046090798330401,0.8861226651551434,annealing,0.03709552419720801,516150.SH,159851.SZ
rolling_simulated_annealing,2024-07-01/2024-12-31,2025-01-01/2025-06-30,82,159529.SZ|159687.SZ|159901.SZ|159928.SZ|159980.SZ|159981.SZ|159985.SZ|501018.SH|512400.SH|513100.SH|513180.SH|513290.SH|513750.SH,1.4729757300572885,0.8861226651551434,annealing,0.03590880117514833,159851.SZ,159928.SZ
rolling_simulated_annealing,2024-07-01/2024-12-31,2025-01-01/2025-06-30,83,159529.SZ|159687.SZ|159851.SZ|159901.SZ|159980.SZ|159981.SZ|501018.SH|512400.SH|513100.SH|513180.SH|513290.SH|513750.SH|518880.SH,1.6571571307294253,0.8861226651551434,annealing,0.03476004261272534,159985.SZ,518880.SH
rolling_simulated_annealing,2024-07-01/2024-12-31,2025-01-01/2025-06-30,84,159529.SZ|159687.SZ|159851.SZ|159901.SZ|159980.SZ|159981.SZ|159985.SZ|501018.SH|512400.SH|513100.SH|513180.SH|513730.SH|513750.SH,1.945980948182139,0.8861226651551434,annealing,0.033648033988800806,513290.SH,513730.SH
rolling_simulated_annealing,2024-07-01/2024-12-31,2025-01-01/2025-06-30,85,159529.SZ|159687.SZ|159851.SZ|159901.SZ|159980.SZ|159985.SZ|161226.SZ|501018.SH|512400.SH|513100.SH|513180.SH|513290.SH|513750.SH,1.5623303683231438,0.8861226651551434,annealing,0.03257159963598576,159981.SZ,161226.SZ
rolling_simulated_annealing,2024-07-01/2024-12-31,2025-01-01/2025-06-30,86,159529.SZ|159687.SZ|159851.SZ|159901.SZ|159980.SZ|159981.SZ|159985.SZ|501018.SH|512400.SH|513030.SH|513100.SH|513180.SH|513750.SH,1.8581124917761709,0.8861226651551434,annealing,0.03152960149767008,513290.SH,513030.SH
rolling_simulated_annealing,2024-07-01/2024-12-31,2025-01-01/2025-06-30,87,159529.SZ|159687.SZ|159901.SZ|159980.SZ|159981.SZ|159985.SZ|501018.SH|512400.SH|513100.SH|513180.SH|513290.SH|513750.SH|562500.SH,1.600258066939279,0.8861226651551434,annealing,0.030520937924815954,159851.SZ,562500.SH
rolling_simulated_annealing,2024-07-01/2024-12-31,2025-01-01/2025-06-30,88,159529.SZ|159687.SZ|159851.SZ|159901.SZ|159980.SZ|159981.SZ|159985.SZ|501018.SH|512880.SH|513100.SH|513180.SH|513290.SH|513750.SH,2.5228253861938605,0.8861226651551434,annealing,0.02954454251124314,512400.SH,512880.SH
rolling_simulated_annealing,2024-07-01/2024-12-31,2025-01-01/2025-06-30,89,159529.SZ|159687.SZ|159851.SZ|159901.SZ|159981.SZ|159985.SZ|161226.SZ|501018.SH|512880.SH|513100.SH|513180.SH|513290.SH|513750.SH,2.1927403300221098,0.8861226651551434,annealing,0.02859938296617458,159980.SZ,161226.SZ
rolling_simulated_annealing,2024-07-01/2024-12-31,2025-01-01/2025-06-30,90,159529.SZ|159687.SZ|159901.SZ|159980.SZ|159981.SZ|159985.SZ|501018.SH|512660.SH|512880.SH|513100.SH|513180.SH|513290.SH|513750.SH,2.225862102733832,0.8861226651551434,annealing,0.02768446002285045,159851.SZ,512660.SH
rolling_simulated_annealing,2024-07-01/2024-12-31,2025-01-01/2025-06-30,91,159529.SZ|159687.SZ|159851.SZ|159901.SZ|159981.SZ|159985.SZ|501018.SH|512880.SH|513100.SH|513180.SH|513290.SH|513750.SH|518880.SH,2.0108220109842128,0.8861226651551434,annealing,0.026798806382056773,159980.SZ,518880.SH
rolling_simulated_annealing,2024-07-01/2024-12-31,2025-01-01/2025-06-30,92,159509.SZ|159687.SZ|159851.SZ|159901.SZ|159980.SZ|159981.SZ|159985.SZ|501018.SH|512880.SH|513100.SH|513180.SH|513290.SH|513750.SH,1.690006842750984,0.9103349868626713,annealing,0.02594148568945148,159529.SZ,159509.SZ
rolling_simulated_annealing,2024-07-01/2024-12-31,2025-01-01/2025-06-30,93,159529.SZ|159687.SZ|159851.SZ|159901.SZ|159980.SZ|159981.SZ|159985.SZ|501018.SH|512880.SH|513100.SH|513120.SH|513180.SH|513290.SH,2.5075490934037297,0.8562027294288218,annealing,0.025111591545607014,513750.SH,513120.SH
rolling_simulated_annealing,2024-07-01/2024-12-31,2025-01-01/2025-06-30,94,159529.SZ|159687.SZ|159851.SZ|159901.SZ|159980.SZ|159981.SZ|159985.SZ|501018.SH|512880.SH|513100.SH|513120.SH|513290.SH|513750.SH,2.4715085870239446,0.8562027294288218,annealing,0.024308246547722494,513180.SH,513120.SH
rolling_simulated_annealing,2024-07-01/2024-12-31,2025-01-01/2025-06-30,95,159529.SZ|159687.SZ|159851.SZ|159901.SZ|159980.SZ|159981.SZ|159985.SZ|501018.SH|513100.SH|513180.SH|513290.SH|513750.SH|516150.SH,2.123931758366483,0.8861226651551434,annealing,0.02353060136199262,512880.SH,516150.SH
rolling_simulated_annealing,2024-07-01/2024-12-31,2025-01-01/2025-06-30,96,159529.SZ|159851.SZ|159901.SZ|159980.SZ|159981.SZ|159985.SZ|501018.SH|512880.SH|513100.SH|513180.SH|513290.SH|513500.SH|513750.SH,2.275343128274472,0.8861226651551434,annealing,0.022777833825652294,159687.SZ,513500.SH
rolling_simulated_annealing,2024-07-01/2024-12-31,2025-01-01/2025-06-30,97,159687.SZ|159851.SZ|159901.SZ|159980.SZ|159981.SZ|159985.SZ|501018.SH|512880.SH|513100.SH|513180.SH|513290.SH|513730.SH|513750.SH,1.9675381371097405,0.8861226651551434,annealing,0.02204914807774781,159529.SZ,513730.SH
rolling_simulated_annealing,2024-07-01/2024-12-31,2025-01-01/2025-06-30,98,159687.SZ|159851.SZ|159901.SZ|159980.SZ|159981.SZ|159985.SZ|501018.SH|512880.SH|513080.SH|513100.SH|513180.SH|513290.SH|513750.SH,1.8993244354811825,0.8861226651551434,annealing,0.021343773717715567,159529.SZ,513080.SH
rolling_simulated_annealing,2024-07-01/2024-12-31,2025-01-01/2025-06-30,99,159518.SZ|159687.SZ|159851.SZ|159901.SZ|159980.SZ|159981.SZ|159985.SZ|501018.SH|512880.SH|513100.SH|513180.SH|513290.SH|513750.SH,1.457182247711995,0.8861226651551434,annealing,0.020660964990878602,159529.SZ,159518.SZ
rolling_simulated_annealing,2024-07-01/2024-12-31,2025-01-01/2025-06-30,100,159529.SZ|159687.SZ|159851.SZ|159901.SZ|159980.SZ|159985.SZ|161226.SZ|501018.SH|512880.SH|513100.SH|513180.SH|513290.SH|513750.SH,2.069456856668299,0.8861226651551434,annealing,0.02,159981.SZ,161226.SZ
rolling_simulated_annealing,2025-01-01/2025-06-30,2025-07-01/2025-12-31,1,159326.SZ|159329.SZ|159509.SZ|159687.SZ|159852.SZ|159920.SZ|159981.SZ|159985.SZ|161226.SZ|513120.SH|513310.SH|518880.SH|588200.SH,0.2255544136442906,0.7542917931029249,initial,,,
rolling_simulated_annealing,2025-01-01/2025-06-30,2025-07-01/2025-12-31,2,159326.SZ|159329.SZ|159509.SZ|159687.SZ|159852.SZ|159920.SZ|159981.SZ|159985.SZ|160644.SZ|161226.SZ|513120.SH|518880.SH|588200.SH,-0.4757614187891507,0.7639156138443662,annealing,0.4840044985514857,513310.SH,160644.SZ
rolling_simulated_annealing,2025-01-01/2025-06-30,2025-07-01/2025-12-31,3,159326.SZ|159329.SZ|159509.SZ|159687.SZ|159852.SZ|159920.SZ|159981.SZ|159985.SZ|501018.SH|513120.SH|513310.SH|518880.SH|588200.SH,0.2621209431846379,0.7542917931029249,annealing,0.4685207092361502,161226.SZ,501018.SH
rolling_simulated_annealing,2025-01-01/2025-06-30,2025-07-01/2025-12-31,4,159326.SZ|159329.SZ|159509.SZ|159687.SZ|159852.SZ|159981.SZ|159985.SZ|501018.SH|513120.SH|513180.SH|513310.SH|518880.SH|588200.SH,0.12705395864615598,0.7542917931029249,annealing,0.4535322618696586,159920.SZ,513180.SH
rolling_simulated_annealing,2025-01-01/2025-06-30,2025-07-01/2025-12-31,5,159326.SZ|159329.SZ|159509.SZ|159687.SZ|159852.SZ|159920.SZ|159980.SZ|159981.SZ|159985.SZ|501018.SH|513120.SH|513310.SH|588200.SH,-0.900345664170868,0.7542917931029249,annealing,0.4390233099662904,518880.SH,159980.SZ
rolling_simulated_annealing,2025-01-01/2025-06-30,2025-07-01/2025-12-31,6,159326.SZ|159329.SZ|159687.SZ|159852.SZ|159920.SZ|159981.SZ|159985.SZ|501018.SH|513120.SH|513310.SH|513500.SH|518880.SH|588200.SH,0.24964016992622248,0.7542917931029249,annealing,0.42497851398529574,159509.SZ,513500.SH
rolling_simulated_annealing,2025-01-01/2025-06-30,2025-07-01/2025-12-31,7,159326.SZ|159687.SZ|159852.SZ|159920.SZ|159981.SZ|159985.SZ|164824.SZ|501018.SH|513120.SH|513310.SH|513500.SH|518880.SH|588200.SH,0.75854966905504,0.7542917931029249,annealing,0.41138302511321717,159329.SZ,164824.SZ
rolling_simulated_annealing,2025-01-01/2025-06-30,2025-07-01/2025-12-31,8,159326.SZ|159687.SZ|159852.SZ|159920.SZ|159981.SZ|161226.SZ|164824.SZ|501018.SH|513120.SH|513310.SH|513500.SH|518880.SH|588200.SH,1.422344043436883,0.7542917931029249,annealing,0.3982224695650319,159985.SZ,161226.SZ
rolling_simulated_annealing,2025-01-01/2025-06-30,2025-07-01/2025-12-31,9,159326.SZ|159687.SZ|159852.SZ|159920.SZ|159981.SZ|161226.SZ|164824.SZ|501018.SH|513120.SH|513290.SH|513310.SH|518880.SH|588200.SH,1.420000153543755,0.7542917931029249,annealing,0.385482933387515,513500.SH,513290.SH
rolling_simulated_annealing,2025-01-01/2025-06-30,2025-07-01/2025-12-31,10,159326.SZ|159687.SZ|159852.SZ|159920.SZ|159980.SZ|159981.SZ|164824.SZ|501018.SH|513120.SH|513290.SH|513310.SH|518880.SH|588200.SH,1.1629642033815148,0.7542917931029249,annealing,0.37315094774875995,161226.SZ,159980.SZ
rolling_simulated_annealing,2025-01-01/2025-06-30,2025-07-01/2025-12-31,11,159326.SZ|159687.SZ|159852.SZ|159920.SZ|159980.SZ|159985.SZ|164824.SZ|501018.SH|513120.SH|513290.SH|513310.SH|518880.SH|588200.SH,0.5643471647298035,0.7542917931029249,annealing,0.3612134746983004,159981.SZ,159985.SZ
rolling_simulated_annealing,2025-01-01/2025-06-30,2025-07-01/2025-12-31,12,159326.SZ|159852.SZ|159920.SZ|159980.SZ|159981.SZ|160644.SZ|164824.SZ|501018.SH|513120.SH|513290.SH|513310.SH|518880.SH|588200.SH,0.6622786241469811,0.7542917931029249,annealing,0.34965789338278125,159687.SZ,160644.SZ
rolling_simulated_annealing,2025-01-01/2025-06-30,2025-07-01/2025-12-31,13,159326.SZ|159852.SZ|159920.SZ|159980.SZ|159981.SZ|160644.SZ|164824.SZ|501018.SH|513120.SH|513290.SH|513730.SH|518880.SH|588200.SH,-0.04731906061387418,0.7542917931029249,annealing,0.33847198670260376,513310.SH,513730.SH
rolling_simulated_annealing,2025-01-01/2025-06-30,2025-07-01/2025-12-31,14,159326.SZ|159852.SZ|159920.SZ|159981.SZ|160644.SZ|161226.SZ|164824.SZ|501018.SH|513120.SH|513290.SH|513310.SH|518880.SH|588200.SH,0.9347957988424357,0.7542917931029249,annealing,0.3276439283954377,159980.SZ,161226.SZ
rolling_simulated_annealing,2025-01-01/2025-06-30,2025-07-01/2025-12-31,15,159326.SZ|159852.SZ|159920.SZ|159980.SZ|160644.SZ|161226.SZ|164824.SZ|501018.SH|513120.SH|513290.SH|513310.SH|518880.SH|588200.SH,0.9236978795369101,0.7542917931029249,annealing,0.31716227053294543,159981.SZ,159980.SZ
rolling_simulated_annealing,2025-01-01/2025-06-30,2025-07-01/2025-12-31,16,159326.SZ|159852.SZ|159920.SZ|159980.SZ|160644.SZ|161226.SZ|164824.SZ|501018.SH|513120.SH|513290.SH|513400.SH|518880.SH|588200.SH,0.3833070226367357,0.7870258146774196,annealing,0.3070159314174978,513310.SH,513400.SH
rolling_simulated_annealing,2025-01-01/2025-06-30,2025-07-01/2025-12-31,17,159326.SZ|159920.SZ|159980.SZ|160644.SZ|161226.SZ|164824.SZ|501018.SH|513120.SH|513290.SH|513310.SH|515210.SH|518880.SH|588200.SH,0.7752634639596034,0.7293753740945512,annealing,0.2971941838660867,159852.SZ,515210.SH
rolling_simulated_annealing,2025-01-01/2025-06-30,2025-07-01/2025-12-31,18,159326.SZ|159980.SZ|160644.SZ|161226.SZ|164824.SZ|501018.SH|513070.SH|513120.SH|513290.SH|513310.SH|515210.SH|518880.SH|588200.SH,0.5941280832750212,0.7293753740945512,annealing,0.28768664386904663,159920.SZ,513070.SH
rolling_simulated_annealing,2025-01-01/2025-06-30,2025-07-01/2025-12-31,19,159326.SZ|159920.SZ|159980.SZ|159981.SZ|160644.SZ|164824.SZ|501018.SH|513120.SH|513290.SH|513310.SH|515210.SH|518880.SH|588200.SH,0.5936755083119595,0.7293753740945512,annealing,0.27848325961159553,161226.SZ,159981.SZ
rolling_simulated_annealing,2025-01-01/2025-06-30,2025-07-01/2025-12-31,20,159326.SZ|159920.SZ|159980.SZ|160644.SZ|161226.SZ|164824.SZ|501018.SH|513120.SH|513310.SH|513500.SH|515210.SH|518880.SH|588200.SH,0.9300216088442576,0.7293753740945512,annealing,0.269574300846587,513290.SH,513500.SH
rolling_simulated_annealing,2025-01-01/2025-06-30,2025-07-01/2025-12-31,21,159326.SZ|159920.SZ|159980.SZ|160644.SZ|161226.SZ|164824.SZ|501018.SH|513120.SH|513310.SH|513730.SH|515210.SH|518880.SH|588200.SH,0.830288632535317,0.7293753740945512,annealing,0.26095034860723937,513500.SH,513730.SH
rolling_simulated_annealing,2025-01-01/2025-06-30,2025-07-01/2025-12-31,22,159326.SZ|159920.SZ|159980.SZ|160644.SZ|161226.SZ|164824.SZ|501018.SH|510500.SH|513120.SH|513310.SH|513500.SH|518880.SH|588200.SH,1.0060308756141623,0.9103909576662992,annealing,0.25260228524896455,515210.SH,510500.SH
rolling_simulated_annealing,2025-01-01/2025-06-30,2025-07-01/2025-12-31,23,159326.SZ|159920.SZ|159980.SZ|160644.SZ|161226.SZ|164824.SZ|501018.SH|510500.SH|513120.SH|513500.SH|513880.SH|518880.SH|588200.SH,0.6548335478854884,0.9103909576662992,annealing,0.24452128480976887,513310.SH,513880.SH
rolling_simulated_annealing,2025-01-01/2025-06-30,2025-07-01/2025-12-31,24,159326.SZ|159920.SZ|159980.SZ|161226.SZ|164824.SZ|501018.SH|510500.SH|513120.SH|513290.SH|513310.SH|513500.SH|518880.SH|588200.SH,1.1148743404280492,0.9103909576662992,annealing,0.23669880367903437,160644.SZ,513290.SH
rolling_simulated_annealing,2025-01-01/2025-06-30,2025-07-01/2025-12-31,25,159326.SZ|159920.SZ|159980.SZ|159981.SZ|164824.SZ|501018.SH|510500.SH|513120.SH|513290.SH|513310.SH|513500.SH|518880.SH|588200.SH,0.8143169431012266,0.9103909576662992,annealing,0.22912657156481517,161226.SZ,159981.SZ
rolling_simulated_annealing,2025-01-01/2025-06-30,2025-07-01/2025-12-31,26,159326.SZ|159518.SZ|159920.SZ|159980.SZ|161226.SZ|164824.SZ|501018.SH|510500.SH|513120.SH|513290.SH|513310.SH|518880.SH|588200.SH,-0.07477909838999737,0.9103909576662992,annealing,0.22179658275009892,513500.SH,159518.SZ
rolling_simulated_annealing,2025-01-01/2025-06-30,2025-07-01/2025-12-31,27,159326.SZ|159920.SZ|159980.SZ|161226.SZ|164824.SZ|501018.SH|510500.SH|513290.SH|513310.SH|513500.SH|513750.SH|518880.SH|588200.SH,0.7985005803802747,0.9103909576662992,annealing,0.21470108762878945,513120.SH,513750.SH
rolling_simulated_annealing,2025-01-01/2025-06-30,2025-07-01/2025-12-31,28,159326.SZ|159980.SZ|161226.SZ|164824.SZ|501018.SH|510500.SH|513120.SH|513180.SH|513290.SH|513310.SH|513500.SH|518880.SH|588200.SH,0.78148327091123,0.9103909576662992,annealing,0.20783258451246167,159920.SZ,513180.SH
rolling_simulated_annealing,2025-01-01/2025-06-30,2025-07-01/2025-12-31,29,159326.SZ|159920.SZ|159980.SZ|159985.SZ|161226.SZ|164824.SZ|501018.SH|510500.SH|513120.SH|513290.SH|513310.SH|513500.SH|588200.SH,-0.42050214381403545,0.9103909576662992,annealing,0.20118381169922656,518880.SH,159985.SZ
rolling_simulated_annealing,2025-01-01/2025-06-30,2025-07-01/2025-12-31,30,159326.SZ|159920.SZ|159980.SZ|161226.SZ|164824.SZ|501018.SH|510500.SH|513120.SH|513290.SH|513310.SH|513400.SH|518880.SH|588200.SH,1.0212613268378803,0.9103909576662992,annealing,0.19474773979632132,513500.SH,513400.SH
rolling_simulated_annealing,2025-01-01/2025-06-30,2025-07-01/2025-12-31,31,159326.SZ|159920.SZ|159980.SZ|161226.SZ|164824.SZ|501018.SH|510500.SH|513030.SH|513120.SH|513290.SH|513500.SH|518880.SH|588200.SH,0.936807180556688,0.9103909576662992,annealing,0.18851756428830743,513310.SH,513030.SH
rolling_simulated_annealing,2025-01-01/2025-06-30,2025-07-01/2025-12-31,32,159326.SZ|159920.SZ|159981.SZ|161226.SZ|164824.SZ|501018.SH|510500.SH|513030.SH|513120.SH|513290.SH|513500.SH|518880.SH|588200.SH,0.9090430613611359,0.9103909576662992,annealing,0.1824866983430194,159980.SZ,159981.SZ
rolling_simulated_annealing,2025-01-01/2025-06-30,2025-07-01/2025-12-31,33,159206.SZ|159920.SZ|159981.SZ|161226.SZ|164824.SZ|501018.SH|510500.SH|513030.SH|513120.SH|513290.SH|513500.SH|518880.SH|588200.SH,1.1235881921886108,0.8687187968798249,annealing,0.17664876584765868,159326.SZ,159206.SZ
rolling_simulated_annealing,2025-01-01/2025-06-30,2025-07-01/2025-12-31,34,159206.SZ|159981.SZ|161226.SZ|164824.SZ|501018.SH|510500.SH|513030.SH|513070.SH|513120.SH|513290.SH|513500.SH|518880.SH|588200.SH,1.0386603222448278,0.8687187968798249,annealing,0.1709975946676697,159920.SZ,513070.SH
rolling_simulated_annealing,2025-01-01/2025-06-30,2025-07-01/2025-12-31,35,159206.SZ|159687.SZ|159981.SZ|161226.SZ|501018.SH|510500.SH|513030.SH|513070.SH|513120.SH|513290.SH|513500.SH|518880.SH|588200.SH,0.6063907023949606,0.8687187968798249,annealing,0.16552721012127136,164824.SZ,159687.SZ
rolling_simulated_annealing,2025-01-01/2025-06-30,2025-07-01/2025-12-31,36,159206.SZ|159326.SZ|159981.SZ|161226.SZ|164824.SZ|501018.SH|510500.SH|513030.SH|513070.SH|513120.SH|513290.SH|513500.SH|518880.SH,1.1448217433363805,0.9103909576662992,annealing,0.16023182866274469,588200.SH,159326.SZ
rolling_simulated_annealing,2025-01-01/2025-06-30,2025-07-01/2025-12-31,37,159206.SZ|159326.SZ|159920.SZ|159981.SZ|161226.SZ|164824.SZ|501018.SH|510500.SH|513030.SH|513120.SH|513290.SH|513500.SH|518880.SH,1.2229674480107657,0.9103909576662992,annealing,0.15510585176779862,513070.SH,159920.SZ
rolling_simulated_annealing,2025-01-01/2025-06-30,2025-07-01/2025-12-31,38,159206.SZ|159326.SZ|159529.SZ|159920.SZ|159981.SZ|161226.SZ|164824.SZ|501018.SH|510500.SH|513120.SH|513290.SH|513500.SH|518880.SH,1.296335340661225,0.9103909576662992,annealing,0.15014386001454888,513030.SH,159529.SZ
rolling_simulated_annealing,2025-01-01/2025-06-30,2025-07-01/2025-12-31,39,159206.SZ|159326.SZ|159529.SZ|159920.SZ|159981.SZ|161226.SZ|164824.SZ|501018.SH|512400.SH|513120.SH|513290.SH|513500.SH|518880.SH,1.3507681711103698,0.8147728193980998,annealing,0.1453406073538524,510500.SH,512400.SH
rolling_simulated_annealing,2025-01-01/2025-06-30,2025-07-01/2025-12-31,40,159206.SZ|159326.SZ|159329.SZ|159529.SZ|159920.SZ|159981.SZ|161226.SZ|164824.SZ|501018.SH|512400.SH|513120.SH|513290.SH|518880.SH,0.418787468577986,0.8147728193980998,annealing,0.1406910155629394,513500.SH,159329.SZ
rolling_simulated_annealing,2025-01-01/2025-06-30,2025-07-01/2025-12-31,41,159326.SZ|159529.SZ|159920.SZ|159981.SZ|161226.SZ|164824.SZ|501018.SH|512400.SH|512890.SH|513120.SH|513290.SH|513500.SH|518880.SH,1.0959615369368545,0.7613998744945906,annealing,0.1361901688764795,159206.SZ,512890.SH
rolling_simulated_annealing,2025-01-01/2025-06-30,2025-07-01/2025-12-31,42,159206.SZ|159326.SZ|159529.SZ|159687.SZ|159920.SZ|159981.SZ|161226.SZ|164824.SZ|501018.SH|512400.SH|513120.SH|513290.SH|518880.SH,1.0068169773247762,0.8147728193980998,annealing,0.13183330878940522,513500.SH,159687.SZ
rolling_simulated_annealing,2025-01-01/2025-06-30,2025-07-01/2025-12-31,43,159206.SZ|159326.SZ|159529.SZ|159920.SZ|159985.SZ|161226.SZ|164824.SZ|501018.SH|512400.SH|513120.SH|513290.SH|513500.SH|518880.SH,1.1388598298258028,0.8147728193980998,annealing,0.1276158290259985,159981.SZ,159985.SZ
rolling_simulated_annealing,2025-01-01/2025-06-30,2025-07-01/2025-12-31,44,159206.SZ|159326.SZ|159529.SZ|159920.SZ|159980.SZ|159981.SZ|164824.SZ|501018.SH|512400.SH|513120.SH|513290.SH|513500.SH|518880.SH,1.0760941656737977,0.8147728193980998,annealing,0.12353327066992105,161226.SZ,159980.SZ
rolling_simulated_annealing,2025-01-01/2025-06-30,2025-07-01/2025-12-31,45,159206.SZ|159326.SZ|159920.SZ|159980.SZ|159981.SZ|164824.SZ|501018.SH|512400.SH|513120.SH|513290.SH|513310.SH|513500.SH|518880.SH,1.2445089815808859,0.8147728193980998,annealing,0.1195813174500402,159529.SZ,513310.SH
rolling_simulated_annealing,2025-01-01/2025-06-30,2025-07-01/2025-12-31,46,159326.SZ|159865.SZ|159920.SZ|159980.SZ|159981.SZ|164824.SZ|501018.SH|512400.SH|513120.SH|513290.SH|513310.SH|513500.SH|518880.SH,0.7786830681487122,0.7613998744945906,annealing,0.11575579117706547,159206.SZ,159865.SZ
rolling_simulated_annealing,2025-01-01/2025-06-30,2025-07-01/2025-12-31,47,159206.SZ|159326.SZ|159920.SZ|159980.SZ|159981.SZ|501018.SH|512400.SH|513080.SH|513120.SH|513290.SH|513310.SH|513500.SH|518880.SH,0.8426760704930752,0.8147728193980998,annealing,0.11205264732617212,164824.SZ,513080.SH
rolling_simulated_annealing,2025-01-01/2025-06-30,2025-07-01/2025-12-31,48,159206.SZ|159920.SZ|159928.SZ|159980.SZ|159981.SZ|164824.SZ|501018.SH|512400.SH|513120.SH|513290.SH|513310.SH|513500.SH|518880.SH,1.2230103968572983,0.7613998744945906,annealing,0.10846797076094081,159326.SZ,159928.SZ
rolling_simulated_annealing,2025-01-01/2025-06-30,2025-07-01/2025-12-31,49,159206.SZ|159920.SZ|159928.SZ|159980.SZ|159981.SZ|164824.SZ|501018.SH|510050.SH|513120.SH|513290.SH|513310.SH|513500.SH|518880.SH,0.9651093943460438,0.7613998744945906,annealing,0.10499797159409273,512400.SH,510050.SH
rolling_simulated_annealing,2025-01-01/2025-06-30,2025-07-01/2025-12-31,50,159206.SZ|159529.SZ|159920.SZ|159928.SZ|159980.SZ|159981.SZ|164824.SZ|501018.SH|512400.SH|513120.SH|513290.SH|513310.SH|518880.SH,1.4070275471208098,0.6690906029707654,annealing,0.10163898118064398,513500.SH,159529.SZ
rolling_simulated_annealing,2025-01-01/2025-06-30,2025-07-01/2025-12-31,51,159206.SZ|159529.SZ|159920.SZ|159928.SZ|159980.SZ|159981.SZ|501018.SH|512400.SH|513100.SH|513120.SH|513290.SH|513310.SH|518880.SH,1.0181329710548879,0.6771187149313193,annealing,0.09838744823924296,164824.SZ,513100.SH
rolling_simulated_annealing,2025-01-01/2025-06-30,2025-07-01/2025-12-31,52,159206.SZ|159529.SZ|159920.SZ|159928.SZ|159980.SZ|159981.SZ|164824.SZ|501018.SH|512400.SH|513080.SH|513120.SH|513290.SH|518880.SH,0.468136422059476,0.6690906029707654,annealing,0.09523993509759009,513310.SH,513080.SH
rolling_simulated_annealing,2025-01-01/2025-06-30,2025-07-01/2025-12-31,53,159206.SZ|159209.SZ|159529.SZ|159920.SZ|159980.SZ|159981.SZ|164824.SZ|501018.SH|512400.SH|513120.SH|513290.SH|513310.SH|518880.SH,1.5942266217876413,0.8219638991068389,annealing,0.09219311405797025,159928.SZ,159209.SZ
rolling_simulated_annealing,2025-01-01/2025-06-30,2025-07-01/2025-12-31,54,159206.SZ|159209.SZ|159329.SZ|159529.SZ|159920.SZ|159980.SZ|159981.SZ|164824.SZ|501018.SH|512400.SH|513120.SH|513310.SH|518880.SH,1.309814343781929,0.8219638991068389,annealing,0.08924376387905565,513290.SH,159329.SZ
rolling_simulated_annealing,2025-01-01/2025-06-30,2025-07-01/2025-12-31,55,159206.SZ|159209.SZ|159509.SZ|159529.SZ|159920.SZ|159980.SZ|159981.SZ|501018.SH|512400.SH|513120.SH|513290.SH|513310.SH|518880.SH,1.064783434993208,0.8219638991068389,annealing,0.08638876637025905,164824.SZ,159509.SZ
rolling_simulated_annealing,2025-01-01/2025-06-30,2025-07-01/2025-12-31,56,159206.SZ|159209.SZ|159529.SZ|159920.SZ|159980.SZ|159981.SZ|161226.SZ|164824.SZ|501018.SH|512400.SH|513120.SH|513290.SH|513310.SH,0.20590165792290877,0.8219638991068389,annealing,0.08362510309503735,518880.SH,161226.SZ
rolling_simulated_annealing,2025-01-01/2025-06-30,2025-07-01/2025-12-31,57,159206.SZ|159209.SZ|159529.SZ|159920.SZ|159981.SZ|159985.SZ|164824.SZ|501018.SH|512400.SH|513120.SH|513290.SH|513310.SH|518880.SH,0.7979459804706758,0.8219638991068389,annealing,0.08094985217965969,159980.SZ,159985.SZ
rolling_simulated_annealing,2025-01-01/2025-06-30,2025-07-01/2025-12-31,58,159206.SZ|159209.SZ|159529.SZ|159920.SZ|159980.SZ|159981.SZ|164824.SZ|501018.SH|512400.SH|513030.SH|513120.SH|513310.SH|518880.SH,1.341965741357494,0.8219638991068389,annealing,0.07836018522406615,513290.SH,513030.SH
rolling_simulated_annealing,2025-01-01/2025-06-30,2025-07-01/2025-12-31,59,159206.SZ|159529.SZ|159920.SZ|159980.SZ|159981.SZ|164824.SZ|501018.SH|512400.SH|513120.SH|513290.SH|513310.SH|518880.SH|588200.SH,1.3631347857488523,0.8029549690147915,annealing,0.07585336431155136,159209.SZ,588200.SH
rolling_simulated_annealing,2025-01-01/2025-06-30,2025-07-01/2025-12-31,60,159206.SZ|159209.SZ|159529.SZ|159920.SZ|159980.SZ|159985.SZ|164824.SZ|501018.SH|512400.SH|513120.SH|513290.SH|513310.SH|518880.SH,1.1139238011320358,0.8219638991068389,annealing,0.07342673911411116,159981.SZ,159985.SZ
rolling_simulated_annealing,2025-01-01/2025-06-30,2025-07-01/2025-12-31,61,159206.SZ|159209.SZ|159529.SZ|159920.SZ|159980.SZ|159981.SZ|164824.SZ|501018.SH|510880.SH|513120.SH|513290.SH|513310.SH|518880.SH,1.7823925365873667,0.8259898742661069,annealing,0.07107774409039225,512400.SH,510880.SH
rolling_simulated_annealing,2025-01-01/2025-06-30,2025-07-01/2025-12-31,62,159209.SZ|159529.SZ|159920.SZ|159980.SZ|159981.SZ|164824.SZ|501018.SH|510880.SH|512200.SH|513120.SH|513290.SH|513310.SH|518880.SH,1.476938812603309,0.8259898742661069,annealing,0.06880389577328226,159206.SZ,512200.SH
rolling_simulated_annealing,2025-01-01/2025-06-30,2025-07-01/2025-12-31,63,159206.SZ|159209.SZ|159529.SZ|159920.SZ|159981.SZ|159985.SZ|164824.SZ|501018.SH|510880.SH|513120.SH|513290.SH|513310.SH|518880.SH,1.076716271988834,0.8259898742661069,annealing,0.06660279014427231,159980.SZ,159985.SZ
rolling_simulated_annealing,2025-01-01/2025-06-30,2025-07-01/2025-12-31,64,159206.SZ|159209.SZ|159529.SZ|159920.SZ|159980.SZ|159981.SZ|164824.SZ|501018.SH|510880.SH|513030.SH|513120.SH|513310.SH|518880.SH,2.0165864866468186,0.8259898742661069,annealing,0.06447210009181673,513290.SH,513030.SH
rolling_simulated_annealing,2025-01-01/2025-06-30,2025-07-01/2025-12-31,65,159206.SZ|159209.SZ|159529.SZ|159920.SZ|159980.SZ|159981.SZ|164824.SZ|501018.SH|510880.SH|513080.SH|513120.SH|513310.SH|518880.SH,1.8161973274837764,0.8259898742661069,annealing,0.06240957295100188,513030.SH,513080.SH
rolling_simulated_annealing,2025-01-01/2025-06-30,2025-07-01/2025-12-31,66,159206.SZ|159209.SZ|159518.SZ|159529.SZ|159920.SZ|159980.SZ|159981.SZ|164824.SZ|501018.SH|510880.SH|513120.SH|513310.SH|518880.SH,1.0125518600803307,0.8259898742661069,annealing,0.06041302812192407,513030.SH,159518.SZ
rolling_simulated_annealing,2025-01-01/2025-06-30,2025-07-01/2025-12-31,67,159209.SZ|159529.SZ|159920.SZ|159980.SZ|159981.SZ|164824.SZ|501018.SH|510880.SH|512200.SH|513030.SH|513120.SH|513310.SH|518880.SH,1.3154028533779312,0.8259898742661069,annealing,0.05848035476425733,159206.SZ,512200.SH
rolling_simulated_annealing,2025-01-01/2025-06-30,2025-07-01/2025-12-31,68,159206.SZ|159209.SZ|159529.SZ|159920.SZ|159980.SZ|159981.SZ|160644.SZ|501018.SH|510880.SH|513030.SH|513120.SH|513310.SH|518880.SH,1.6385526567108004,0.8259898742661069,annealing,0.0566095095655747,164824.SZ,160644.SZ
rolling_simulated_annealing,2025-01-01/2025-06-30,2025-07-01/2025-12-31,69,159206.SZ|159209.SZ|159920.SZ|159980.SZ|159981.SZ|164824.SZ|501018.SH|510880.SH|513030.SH|513120.SH|513310.SH|513500.SH|518880.SH,1.5636977668586935,0.8259898742661069,annealing,0.05479851458106304,159529.SZ,513500.SH
rolling_simulated_annealing,2025-01-01/2025-06-30,2025-07-01/2025-12-31,70,159206.SZ|159209.SZ|159529.SZ|159920.SZ|159980.SZ|159981.SZ|164824.SZ|501018.SH|510880.SH|513100.SH|513120.SH|513310.SH|518880.SH,1.9011641892413258,0.8259898742661069,annealing,0.05304545514234737,513030.SH,513100.SH
rolling_simulated_annealing,2025-01-01/2025-06-30,2025-07-01/2025-12-31,71,159206.SZ|159209.SZ|159529.SZ|159920.SZ|159981.SZ|161226.SZ|164824.SZ|501018.SH|510880.SH|513100.SH|513120.SH|513310.SH|518880.SH,1.612141246119778,0.8259898742661069,annealing,0.05134847783321434,159980.SZ,161226.SZ
rolling_simulated_annealing,2025-01-01/2025-06-30,2025-07-01/2025-12-31,72,159206.SZ|159209.SZ|159529.SZ|159980.SZ|159981.SZ|164824.SZ|501018.SH|510880.SH|513100.SH|513120.SH|513180.SH|513310.SH|518880.SH,1.5109765027048505,0.8259898742661069,annealing,0.049705788530093976,159920.SZ,513180.SH
rolling_simulated_annealing,2025-01-01/2025-06-30,2025-07-01/2025-12-31,73,159206.SZ|159209.SZ|159529.SZ|159920.SZ|159980.SZ|159981.SZ|159985.SZ|164824.SZ|510880.SH|513100.SH|513120.SH|513310.SH|518880.SH,1.757708059747197,0.8259898742661069,annealing,0.04811565050522864,501018.SH,159985.SZ
rolling_simulated_annealing,2025-01-01/2025-06-30,2025-07-01/2025-12-31,74,159206.SZ|159209.SZ|159329.SZ|159529.SZ|159920.SZ|159980.SZ|159981.SZ|164824.SZ|501018.SH|510880.SH|513100.SH|513120.SH|518880.SH,1.1057044619877814,0.8259898742661069,annealing,0.046576382590523456,513310.SH,159329.SZ
rolling_simulated_annealing,2025-01-01/2025-06-30,2025-07-01/2025-12-31,75,159206.SZ|159209.SZ|159529.SZ|159920.SZ|159980.SZ|159981.SZ|164824.SZ|501018.SH|512880.SH|513100.SH|513120.SH|513310.SH|518880.SH,1.614319833522476,0.7695986810414892,annealing,0.045086357400136896,510880.SH,512880.SH
rolling_simulated_annealing,2025-01-01/2025-06-30,2025-07-01/2025-12-31,76,159206.SZ|159209.SZ|159529.SZ|159980.SZ|159981.SZ|164824.SZ|501018.SH|510880.SH|513100.SH|513120.SH|513310.SH|513750.SH|518880.SH,2.1559546921024433,0.8259898742661069,annealing,0.043643999609932656,159920.SZ,513750.SH
rolling_simulated_annealing,2025-01-01/2025-06-30,2025-07-01/2025-12-31,77,159206.SZ|159209.SZ|159529.SZ|159981.SZ|159985.SZ|164824.SZ|501018.SH|510880.SH|513100.SH|513120.SH|513310.SH|513750.SH|518880.SH,1.5333816175053514,0.8259898742661069,annealing,0.04224778429197339,159980.SZ,159985.SZ
rolling_simulated_annealing,2025-01-01/2025-06-30,2025-07-01/2025-12-31,78,159206.SZ|159209.SZ|159529.SZ|159687.SZ|159980.SZ|159981.SZ|164824.SZ|501018.SH|510880.SH|513120.SH|513310.SH|513750.SH|518880.SH,2.187307978625337,0.8259898742661069,annealing,0.04089623530229582,513100.SH,159687.SZ
rolling_simulated_annealing,2025-01-01/2025-06-30,2025-07-01/2025-12-31,79,159201.SZ|159206.SZ|159529.SZ|159687.SZ|159980.SZ|159981.SZ|164824.SZ|501018.SH|510880.SH|513120.SH|513310.SH|513750.SH|518880.SH,2.2028776132118058,0.8402043027587869,annealing,0.03958792372026251,159209.SZ,159201.SZ
rolling_simulated_annealing,2025-01-01/2025-06-30,2025-07-01/2025-12-31,80,159201.SZ|159206.SZ|159529.SZ|159687.SZ|159980.SZ|159981.SZ|161226.SZ|164824.SZ|510880.SH|513120.SH|513310.SH|513750.SH|518880.SH,1.709252441851391,0.8402043027587869,annealing,0.03832146633784024,501018.SH,161226.SZ
rolling_simulated_annealing,2025-01-01/2025-06-30,2025-07-01/2025-12-31,81,159201.SZ|159206.SZ|159529.SZ|159687.SZ|159980.SZ|159981.SZ|501018.SH|510880.SH|513120.SH|513310.SH|513400.SH|513750.SH|518880.SH,1.9283223535132705,0.8402043027587869,annealing,0.03709552419720801,164824.SZ,513400.SH
rolling_simulated_annealing,2025-01-01/2025-06-30,2025-07-01/2025-12-31,82,159201.SZ|159206.SZ|159529.SZ|159687.SZ|159920.SZ|159980.SZ|159981.SZ|164824.SZ|501018.SH|510880.SH|513310.SH|513750.SH|518880.SH,1.8837424740969828,0.9042601594691357,annealing,0.03590880117514833,513120.SH,159920.SZ
rolling_simulated_annealing,2025-01-01/2025-06-30,2025-07-01/2025-12-31,83,159201.SZ|159206.SZ|159529.SZ|159687.SZ|159980.SZ|159981.SZ|164824.SZ|501018.SH|510880.SH|513180.SH|513310.SH|513750.SH|518880.SH,1.7954769736364615,0.8402043027587869,annealing,0.03476004261272534,513120.SH,513180.SH
rolling_simulated_annealing,2025-01-01/2025-06-30,2025-07-01/2025-12-31,84,159201.SZ|159206.SZ|159518.SZ|159529.SZ|159980.SZ|159981.SZ|164824.SZ|501018.SH|510880.SH|513120.SH|513310.SH|513750.SH|518880.SH,1.29891918722798,0.8402043027587869,annealing,0.033648033988800806,159687.SZ,159518.SZ
rolling_simulated_annealing,2025-01-01/2025-06-30,2025-07-01/2025-12-31,85,159201.SZ|159206.SZ|159529.SZ|159687.SZ|159981.SZ|159985.SZ|164824.SZ|501018.SH|510880.SH|513120.SH|513310.SH|513750.SH|518880.SH,1.535124789911113,0.8402043027587869,annealing,0.03257159963598576,159980.SZ,159985.SZ
rolling_simulated_annealing,2025-01-01/2025-06-30,2025-07-01/2025-12-31,86,159201.SZ|159529.SZ|159687.SZ|159980.SZ|159981.SZ|164824.SZ|501018.SH|510880.SH|512200.SH|513120.SH|513310.SH|513750.SH|518880.SH,1.8650174223922136,0.8402043027587869,annealing,0.03152960149767008,159206.SZ,512200.SH
rolling_simulated_annealing,2025-01-01/2025-06-30,2025-07-01/2025-12-31,87,159201.SZ|159206.SZ|159529.SZ|159687.SZ|159980.SZ|159981.SZ|164824.SZ|501018.SH|510880.SH|513070.SH|513120.SH|513310.SH|518880.SH,2.0504464160424987,0.8402043027587869,annealing,0.030520937924815954,513750.SH,513070.SH
rolling_simulated_annealing,2025-01-01/2025-06-30,2025-07-01/2025-12-31,88,159201.SZ|159529.SZ|159687.SZ|159980.SZ|159981.SZ|164824.SZ|501018.SH|510880.SH|513120.SH|513310.SH|513750.SH|518880.SH|588200.SH,1.9161602133595892,0.8402043027587869,annealing,0.02954454251124314,159206.SZ,588200.SH
rolling_simulated_annealing,2025-01-01/2025-06-30,2025-07-01/2025-12-31,89,159201.SZ|159206.SZ|159529.SZ|159980.SZ|159981.SZ|164824.SZ|501018.SH|510880.SH|513120.SH|513310.SH|513500.SH|513750.SH|518880.SH,2.226125232872334,0.8402043027587869,annealing,0.02859938296617458,159687.SZ,513500.SH
rolling_simulated_annealing,2025-01-01/2025-06-30,2025-07-01/2025-12-31,90,159201.SZ|159206.SZ|159529.SZ|159980.SZ|159981.SZ|164824.SZ|501018.SH|510880.SH|513180.SH|513310.SH|513500.SH|513750.SH|518880.SH,2.2140911586371264,0.8402043027587869,annealing,0.02768446002285045,513120.SH,513180.SH
rolling_simulated_annealing,2025-01-01/2025-06-30,2025-07-01/2025-12-31,91,159201.SZ|159206.SZ|159529.SZ|159611.SZ|159980.SZ|159981.SZ|164824.SZ|501018.SH|513180.SH|513310.SH|513500.SH|513750.SH|518880.SH,2.1962407521471397,0.829117026530356,annealing,0.026798806382056773,510880.SH,159611.SZ
rolling_simulated_annealing,2025-01-01/2025-06-30,2025-07-01/2025-12-31,92,159201.SZ|159206.SZ|159509.SZ|159529.SZ|159980.SZ|159981.SZ|501018.SH|510880.SH|513180.SH|513310.SH|513500.SH|513750.SH|518880.SH,1.3147663683012867,0.9127168100554361,annealing,0.02594148568945148,164824.SZ,159509.SZ
rolling_simulated_annealing,2025-01-01/2025-06-30,2025-07-01/2025-12-31,93,159201.SZ|159206.SZ|159529.SZ|159980.SZ|159981.SZ|164824.SZ|501018.SH|510880.SH|513120.SH|513180.SH|513310.SH|513500.SH|518880.SH,2.077799458943518,0.8402043027587869,annealing,0.025111591545607014,513750.SH,513120.SH
rolling_simulated_annealing,2025-01-01/2025-06-30,2025-07-01/2025-12-31,94,159201.SZ|159529.SZ|159980.SZ|159981.SZ|164824.SZ|501018.SH|510300.SH|510880.SH|513180.SH|513310.SH|513500.SH|513750.SH|518880.SH,2.060816394513972,0.8715866426458393,annealing,0.024308246547722494,159206.SZ,510300.SH
rolling_simulated_annealing,2025-01-01/2025-06-30,2025-07-01/2025-12-31,95,159201.SZ|159206.SZ|159529.SZ|159687.SZ|159980.SZ|159981.SZ|164824.SZ|501018.SH|510880.SH|513180.SH|513500.SH|513750.SH|518880.SH,1.7346795540155053,0.8402043027587869,annealing,0.02353060136199262,513310.SH,159687.SZ
rolling_simulated_annealing,2025-01-01/2025-06-30,2025-07-01/2025-12-31,96,159201.SZ|159206.SZ|159529.SZ|159687.SZ|159980.SZ|159981.SZ|501018.SH|510880.SH|513180.SH|513310.SH|513500.SH|513750.SH|518880.SH,1.5113758487567246,0.8402043027587869,annealing,0.022777833825652294,164824.SZ,159687.SZ
rolling_simulated_annealing,2025-01-01/2025-06-30,2025-07-01/2025-12-31,97,159201.SZ|159206.SZ|159529.SZ|159980.SZ|159981.SZ|159985.SZ|164824.SZ|510880.SH|513180.SH|513310.SH|513500.SH|513750.SH|518880.SH,1.350365914110597,0.8402043027587869,annealing,0.02204914807774781,501018.SH,159985.SZ
rolling_simulated_annealing,2025-01-01/2025-06-30,2025-07-01/2025-12-31,98,159201.SZ|159206.SZ|159529.SZ|159980.SZ|159981.SZ|164824.SZ|501018.SH|510880.SH|513180.SH|513310.SH|513730.SH|513750.SH|518880.SH,2.2816240348000862,0.8402043027587869,annealing,0.021343773717715567,513500.SH,513730.SH
rolling_simulated_annealing,2025-01-01/2025-06-30,2025-07-01/2025-12-31,99,159201.SZ|159206.SZ|159529.SZ|159980.SZ|159981.SZ|164824.SZ|501018.SH|510880.SH|513120.SH|513310.SH|513730.SH|513750.SH|518880.SH,2.1728457312460705,0.8402043027587869,annealing,0.020660964990878602,513180.SH,513120.SH
rolling_simulated_annealing,2025-01-01/2025-06-30,2025-07-01/2025-12-31,100,159201.SZ|159529.SZ|159852.SZ|159980.SZ|159981.SZ|164824.SZ|501018.SH|510880.SH|513180.SH|513310.SH|513730.SH|513750.SH|518880.SH,2.1296504702605428,0.8402043027587869,annealing,0.02,159206.SZ,159852.SZ
rolling_simulated_annealing,2025-07-01/2025-12-31,2026-01-01/2026-06-30,1,159915.SZ|159981.SZ|160644.SZ|161226.SZ|501018.SH|512890.SH|513070.SH|513080.SH|513100.SH|513180.SH|513310.SH|518880.SH|563300.SH,2.0514557038537777,0.830842807816761,initial,,,
rolling_simulated_annealing,2025-07-01/2025-12-31,2026-01-01/2026-06-30,2,159915.SZ|159981.SZ|160644.SZ|161226.SZ|501018.SH|512890.SH|513080.SH|513100.SH|513120.SH|513180.SH|513310.SH|518880.SH|563300.SH,2.160088656740846,0.668878422418779,annealing,0.4840044985514857,513070.SH,513120.SH
rolling_simulated_annealing,2025-07-01/2025-12-31,2026-01-01/2026-06-30,3,159915.SZ|159985.SZ|160644.SZ|161226.SZ|501018.SH|512890.SH|513080.SH|513100.SH|513120.SH|513180.SH|513310.SH|518880.SH|563300.SH,2.362692682782504,0.668878422418779,annealing,0.4685207092361502,159981.SZ,159985.SZ
rolling_simulated_annealing,2025-07-01/2025-12-31,2026-01-01/2026-06-30,4,159915.SZ|159980.SZ|159985.SZ|160644.SZ|501018.SH|512890.SH|513080.SH|513100.SH|513120.SH|513180.SH|513310.SH|518880.SH|563300.SH,1.4119037834594867,0.668878422418779,annealing,0.4535322618696586,161226.SZ,159980.SZ
rolling_simulated_annealing,2025-07-01/2025-12-31,2026-01-01/2026-06-30,5,159915.SZ|159985.SZ|160644.SZ|161226.SZ|501018.SH|512890.SH|513080.SH|513120.SH|513180.SH|513290.SH|513310.SH|518880.SH|563300.SH,2.1813946864521196,0.668878422418779,annealing,0.4390233099662904,513100.SH,513290.SH
rolling_simulated_annealing,2025-07-01/2025-12-31,2026-01-01/2026-06-30,6,159915.SZ|159985.SZ|160644.SZ|161226.SZ|501018.SH|512890.SH|513080.SH|513120.SH|513180.SH|513290.SH|513310.SH|518880.SH|562500.SH,2.660292961748905,0.6792271373423051,annealing,0.42497851398529574,563300.SH,562500.SH
rolling_simulated_annealing,2025-07-01/2025-12-31,2026-01-01/2026-06-30,7,159915.SZ|159985.SZ|160644.SZ|161226.SZ|501018.SH|510300.SH|512890.SH|513080.SH|513120.SH|513180.SH|513290.SH|513310.SH|518880.SH,2.476402072944083,0.8814310199079025,annealing,0.41138302511321717,562500.SH,510300.SH
rolling_simulated_annealing,2025-07-01/2025-12-31,2026-01-01/2026-06-30,8,159985.SZ|160644.SZ|161226.SZ|501018.SH|510300.SH|512890.SH|513080.SH|513120.SH|513180.SH|513290.SH|513310.SH|518880.SH|588200.SH,2.3696557213592646,0.733761316670825,annealing,0.3982224695650319,159915.SZ,588200.SH
rolling_simulated_annealing,2025-07-01/2025-12-31,2026-01-01/2026-06-30,9,159915.SZ|159985.SZ|161226.SZ|501018.SH|510300.SH|512890.SH|513080.SH|513120.SH|513180.SH|513290.SH|513310.SH|513400.SH|518880.SH,2.367151424420283,0.8814310199079025,annealing,0.385482933387515,160644.SZ,513400.SH
rolling_simulated_annealing,2025-07-01/2025-12-31,2026-01-01/2026-06-30,10,159915.SZ|159985.SZ|160644.SZ|161226.SZ|501018.SH|510300.SH|512890.SH|513120.SH|513180.SH|513290.SH|513310.SH|513400.SH|518880.SH,2.1881370225198666,0.8814310199079025,annealing,0.37315094774875995,513080.SH,160644.SZ
rolling_simulated_annealing,2025-07-01/2025-12-31,2026-01-01/2026-06-30,11,159518.SZ|159915.SZ|159985.SZ|160644.SZ|161226.SZ|501018.SH|510300.SH|512890.SH|513120.SH|513180.SH|513310.SH|513400.SH|518880.SH,1.932907502703229,0.8814310199079025,annealing,0.3612134746983004,513290.SH,159518.SZ
rolling_simulated_annealing,2025-07-01/2025-12-31,2026-01-01/2026-06-30,12,159915.SZ|159985.SZ|160644.SZ|161226.SZ|501018.SH|510300.SH|512890.SH|513120.SH|513290.SH|513310.SH|513400.SH|513750.SH|518880.SH,2.5346267492500836,0.8814310199079025,annealing,0.34965789338278125,513180.SH,513750.SH
rolling_simulated_annealing,2025-07-01/2025-12-31,2026-01-01/2026-06-30,13,159915.SZ|159981.SZ|160644.SZ|161226.SZ|501018.SH|510300.SH|512890.SH|513120.SH|513290.SH|513310.SH|513400.SH|513750.SH|518880.SH,2.447909650040844,0.8814310199079025,annealing,0.33847198670260376,159985.SZ,159981.SZ
rolling_simulated_annealing,2025-07-01/2025-12-31,2026-01-01/2026-06-30,14,159870.SZ|159915.SZ|159985.SZ|160644.SZ|161226.SZ|501018.SH|510300.SH|513120.SH|513290.SH|513310.SH|513400.SH|513750.SH|518880.SH,2.5033627669121414,0.8814310199079025,annealing,0.3276439283954377,512890.SH,159870.SZ
rolling_simulated_annealing,2025-07-01/2025-12-31,2026-01-01/2026-06-30,15,159870.SZ|159915.SZ|159985.SZ|160644.SZ|161226.SZ|501018.SH|510300.SH|513120.SH|513290.SH|513400.SH|513730.SH|513750.SH|518880.SH,2.451519086844947,0.8814310199079025,annealing,0.31716227053294543,513310.SH,513730.SH
rolling_simulated_annealing,2025-07-01/2025-12-31,2026-01-01/2026-06-30,16,159915.SZ|159985.SZ|160644.SZ|161226.SZ|501018.SH|510300.SH|510880.SH|513120.SH|513290.SH|513400.SH|513730.SH|513750.SH|518880.SH,2.354701850815837,0.8814310199079025,annealing,0.3070159314174978,159870.SZ,510880.SH
rolling_simulated_annealing,2025-07-01/2025-12-31,2026-01-01/2026-06-30,17,159329.SZ|159870.SZ|159915.SZ|159985.SZ|160644.SZ|161226.SZ|501018.SH|510300.SH|513120.SH|513400.SH|513730.SH|513750.SH|518880.SH,2.1778166310275546,0.8814310199079025,annealing,0.2971941838660867,513290.SH,159329.SZ
rolling_simulated_annealing,2025-07-01/2025-12-31,2026-01-01/2026-06-30,18,159870.SZ|159915.SZ|159985.SZ|160644.SZ|161226.SZ|501018.SH|510300.SH|513080.SH|513120.SH|513400.SH|513730.SH|513750.SH|518880.SH,1.9330532651086356,0.8814310199079025,annealing,0.28768664386904663,159329.SZ,513080.SH
rolling_simulated_annealing,2025-07-01/2025-12-31,2026-01-01/2026-06-30,19,159329.SZ|159870.SZ|159915.SZ|159981.SZ|159985.SZ|160644.SZ|501018.SH|510300.SH|513120.SH|513400.SH|513730.SH|513750.SH|518880.SH,1.8202405549129368,0.8814310199079025,annealing,0.27848325961159553,161226.SZ,159981.SZ
rolling_simulated_annealing,2025-07-01/2025-12-31,2026-01-01/2026-06-30,20,159329.SZ|159852.SZ|159870.SZ|159915.SZ|159981.SZ|159985.SZ|160644.SZ|501018.SH|513120.SH|513400.SH|513730.SH|513750.SH|518880.SH,1.731201322049618,0.665887822572901,annealing,0.269574300846587,510300.SH,159852.SZ
rolling_simulated_annealing,2025-07-01/2025-12-31,2026-01-01/2026-06-30,21,159329.SZ|159870.SZ|159915.SZ|159981.SZ|160644.SZ|161226.SZ|501018.SH|510300.SH|513120.SH|513400.SH|513730.SH|513750.SH|518880.SH,1.8703729497945865,0.8814310199079025,annealing,0.26095034860723937,159985.SZ,161226.SZ
rolling_simulated_annealing,2025-07-01/2025-12-31,2026-01-01/2026-06-30,22,159329.SZ|159870.SZ|159915.SZ|159981.SZ|160644.SZ|161226.SZ|501018.SH|510300.SH|513180.SH|513400.SH|513730.SH|513750.SH|518880.SH,1.2455357509585978,0.8814310199079025,annealing,0.25260228524896455,513120.SH,513180.SH
rolling_simulated_annealing,2025-07-01/2025-12-31,2026-01-01/2026-06-30,23,159329.SZ|159870.SZ|159915.SZ|159980.SZ|159981.SZ|160644.SZ|161226.SZ|501018.SH|510300.SH|513120.SH|513400.SH|513730.SH|513750.SH,1.843398990328298,0.8814310199079025,annealing,0.24452128480976887,518880.SH,159980.SZ
rolling_simulated_annealing,2025-07-01/2025-12-31,2026-01-01/2026-06-30,24,159329.SZ|159870.SZ|159915.SZ|159980.SZ|159981.SZ|159985.SZ|160644.SZ|501018.SH|510300.SH|513120.SH|513400.SH|513730.SH|513750.SH,1.294312717569784,0.8814310199079025,annealing,0.23669880367903437,161226.SZ,159985.SZ
rolling_simulated_annealing,2025-07-01/2025-12-31,2026-01-01/2026-06-30,25,159329.SZ|159870.SZ|159980.SZ|159981.SZ|159985.SZ|160644.SZ|501018.SH|510300.SH|512980.SH|513120.SH|513400.SH|513730.SH|513750.SH,1.2058877974045499,0.6612221997753119,annealing,0.22912657156481517,159915.SZ,512980.SH
rolling_simulated_annealing,2025-07-01/2025-12-31,2026-01-01/2026-06-30,26,159329.SZ|159870.SZ|159980.SZ|159985.SZ|160644.SZ|161226.SZ|501018.SH|510300.SH|512980.SH|513120.SH|513400.SH|513730.SH|513750.SH,2.2075343025066303,0.6612221997753119,annealing,0.22179658275009892,159981.SZ,161226.SZ
rolling_simulated_annealing,2025-07-01/2025-12-31,2026-01-01/2026-06-30,27,159329.SZ|159870.SZ|159980.SZ|159985.SZ|160644.SZ|161226.SZ|501018.SH|510300.SH|512980.SH|513120.SH|513730.SH|513750.SH|513880.SH,2.49712546080642,0.6612221997753119,annealing,0.21470108762878945,513400.SH,513880.SH
rolling_simulated_annealing,2025-07-01/2025-12-31,2026-01-01/2026-06-30,28,159329.SZ|159980.SZ|159985.SZ|160644.SZ|161226.SZ|501018.SH|510300.SH|512890.SH|512980.SH|513120.SH|513730.SH|513750.SH|513880.SH,2.6670254045724295,0.5884337854605235,annealing,0.20783258451246167,159870.SZ,512890.SH
rolling_simulated_annealing,2025-07-01/2025-12-31,2026-01-01/2026-06-30,29,159329.SZ|159980.SZ|159981.SZ|160644.SZ|161226.SZ|501018.SH|510300.SH|512890.SH|512980.SH|513120.SH|513730.SH|513750.SH|513880.SH,2.372537978431042,0.5884337854605235,annealing,0.20118381169922656,159985.SZ,159981.SZ
rolling_simulated_annealing,2025-07-01/2025-12-31,2026-01-01/2026-06-30,30,159329.SZ|159980.SZ|159985.SZ|160644.SZ|161226.SZ|501018.SH|510300.SH|512890.SH|512980.SH|513070.SH|513730.SH|513750.SH|513880.SH,2.776676847281808,0.5884337854605235,annealing,0.19474773979632132,513120.SH,513070.SH
rolling_simulated_annealing,2025-07-01/2025-12-31,2026-01-01/2026-06-30,31,159329.SZ|159980.SZ|159985.SZ|160644.SZ|161226.SZ|501018.SH|510300.SH|510500.SH|512890.SH|513070.SH|513730.SH|513750.SH|513880.SH,2.6815371818135745,0.8982131902462297,annealing,0.18851756428830743,512980.SH,510500.SH
rolling_simulated_annealing,2025-07-01/2025-12-31,2026-01-01/2026-06-30,32,159329.SZ|159928.SZ|159980.SZ|159985.SZ|160644.SZ|161226.SZ|501018.SH|510300.SH|510500.SH|513070.SH|513730.SH|513750.SH|513880.SH,2.5427070741896878,0.8982131902462297,annealing,0.1824866983430194,512890.SH,159928.SZ
rolling_simulated_annealing,2025-07-01/2025-12-31,2026-01-01/2026-06-30,33,159329.SZ|159980.SZ|159985.SZ|160644.SZ|161226.SZ|501018.SH|510300.SH|510500.SH|512890.SH|513070.SH|513310.SH|513730.SH|513750.SH,2.5313639423200334,0.8982131902462297,annealing,0.17664876584765868,513880.SH,513310.SH
rolling_simulated_annealing,2025-07-01/2025-12-31,2026-01-01/2026-06-30,34,159329.SZ|159980.SZ|159985.SZ|160644.SZ|161226.SZ|501018.SH|510500.SH|512890.SH|513070.SH|513730.SH|513750.SH|513880.SH|515880.SH,3.2686238937362595,0.6567026432082769,annealing,0.1709975946676697,510300.SH,515880.SH
rolling_simulated_annealing,2025-07-01/2025-12-31,2026-01-01/2026-06-30,35,159329.SZ|159529.SZ|159980.SZ|159985.SZ|160644.SZ|161226.SZ|501018.SH|510500.SH|512890.SH|513070.SH|513750.SH|513880.SH|515880.SH,3.3504822806040204,0.6567026432082769,annealing,0.16552721012127136,513730.SH,159529.SZ
rolling_simulated_annealing,2025-07-01/2025-12-31,2026-01-01/2026-06-30,36,159329.SZ|159529.SZ|159980.SZ|159985.SZ|160644.SZ|161226.SZ|501018.SH|510500.SH|512800.SH|512890.SH|513070.SH|513750.SH|513880.SH,2.284963998587775,0.8506159542299097,annealing,0.16023182866274469,515880.SH,512800.SH
rolling_simulated_annealing,2025-07-01/2025-12-31,2026-01-01/2026-06-30,37,159329.SZ|159529.SZ|159980.SZ|159985.SZ|160644.SZ|161226.SZ|501018.SH|510500.SH|512890.SH|513070.SH|513100.SH|513750.SH|515880.SH,3.341117676536645,0.6567026432082769,annealing,0.15510585176779862,513880.SH,513100.SH
rolling_simulated_annealing,2025-07-01/2025-12-31,2026-01-01/2026-06-30,38,159329.SZ|159529.SZ|159980.SZ|159985.SZ|160644.SZ|161226.SZ|501018.SH|510500.SH|512890.SH|513070.SH|513100.SH|513120.SH|515880.SH,3.4410533004113306,0.6567026432082769,annealing,0.15014386001454888,513750.SH,513120.SH
rolling_simulated_annealing,2025-07-01/2025-12-31,2026-01-01/2026-06-30,39,159329.SZ|159529.SZ|159980.SZ|159985.SZ|160644.SZ|161226.SZ|501018.SH|512100.SH|512890.SH|513070.SH|513100.SH|513120.SH|515880.SH,3.4144540327859776,0.618179797491068,annealing,0.1453406073538524,510500.SH,512100.SH
rolling_simulated_annealing,2025-07-01/2025-12-31,2026-01-01/2026-06-30,40,159329.SZ|159529.SZ|159980.SZ|159985.SZ|160644.SZ|161226.SZ|501018.SH|512100.SH|513070.SH|513100.SH|513120.SH|515220.SH|515880.SH,2.9143561375835767,0.618179797491068,annealing,0.1406910155629394,512890.SH,515220.SH
rolling_simulated_annealing,2025-07-01/2025-12-31,2026-01-01/2026-06-30,41,159329.SZ|159529.SZ|159985.SZ|160644.SZ|161226.SZ|501018.SH|512100.SH|512890.SH|513070.SH|513100.SH|513120.SH|515880.SH|518880.SH,3.554071986090668,0.618179797491068,annealing,0.1361901688764795,159980.SZ,518880.SH
rolling_simulated_annealing,2025-07-01/2025-12-31,2026-01-01/2026-06-30,42,159329.SZ|159985.SZ|160644.SZ|161226.SZ|164824.SZ|501018.SH|512100.SH|512890.SH|513070.SH|513100.SH|513120.SH|515880.SH|518880.SH,3.5271073511922926,0.618179797491068,annealing,0.13183330878940522,159529.SZ,164824.SZ
rolling_simulated_annealing,2025-07-01/2025-12-31,2026-01-01/2026-06-30,43,159209.SZ|159329.SZ|159529.SZ|159985.SZ|160644.SZ|161226.SZ|501018.SH|512890.SH|513070.SH|513100.SH|513120.SH|515880.SH|518880.SH,3.4615255723547422,0.5489078219078787,annealing,0.1276158290259985,512100.SH,159209.SZ
rolling_simulated_annealing,2025-07-01/2025-12-31,2026-01-01/2026-06-30,44,159329.SZ|159529.SZ|159967.SZ|159985.SZ|160644.SZ|161226.SZ|501018.SH|512100.SH|513070.SH|513100.SH|513120.SH|515880.SH|518880.SH,3.3527090312469823,0.8179414793264438,annealing,0.12353327066992105,512890.SH,159967.SZ
rolling_simulated_annealing,2025-07-01/2025-12-31,2026-01-01/2026-06-30,45,159329.SZ|159529.SZ|159967.SZ|159985.SZ|160644.SZ|161226.SZ|501018.SH|512100.SH|513070.SH|513100.SH|513120.SH|515220.SH|518880.SH,2.5337490853951055,0.7502189667295373,annealing,0.1195813174500402,515880.SH,515220.SH
rolling_simulated_annealing,2025-07-01/2025-12-31,2026-01-01/2026-06-30,46,159329.SZ|159529.SZ|159967.SZ|159980.SZ|159985.SZ|160644.SZ|161226.SZ|512100.SH|513070.SH|513100.SH|513120.SH|515880.SH|518880.SH,3.3110649977199627,0.8179414793264438,annealing,0.11575579117706547,501018.SH,159980.SZ
rolling_simulated_annealing,2025-07-01/2025-12-31,2026-01-01/2026-06-30,47,159329.SZ|159529.SZ|159920.SZ|159967.SZ|159980.SZ|159985.SZ|160644.SZ|161226.SZ|512100.SH|513100.SH|513120.SH|515880.SH|518880.SH,3.264831914719015,0.8179414793264438,annealing,0.11205264732617212,513070.SH,159920.SZ
rolling_simulated_annealing,2025-07-01/2025-12-31,2026-01-01/2026-06-30,48,159329.SZ|159529.SZ|159920.SZ|159967.SZ|159980.SZ|159985.SZ|160644.SZ|161226.SZ|512100.SH|512660.SH|513100.SH|513120.SH|518880.SH,2.552525640179893,0.7502189667295373,annealing,0.10846797076094081,515880.SH,512660.SH
rolling_simulated_annealing,2025-07-01/2025-12-31,2026-01-01/2026-06-30,49,159329.SZ|159529.SZ|159920.SZ|159967.SZ|159980.SZ|159985.SZ|160644.SZ|161226.SZ|512400.SH|513100.SH|513120.SH|515880.SH|518880.SH,3.074467262504252,0.8179414793264438,annealing,0.10499797159409273,512100.SH,512400.SH
rolling_simulated_annealing,2025-07-01/2025-12-31,2026-01-01/2026-06-30,50,159529.SZ|159920.SZ|159967.SZ|159980.SZ|159985.SZ|160644.SZ|161226.SZ|512100.SH|513030.SH|513100.SH|513120.SH|515880.SH|518880.SH,3.2070900831634233,0.8179414793264438,annealing,0.10163898118064398,159329.SZ,513030.SH
rolling_simulated_annealing,2025-07-01/2025-12-31,2026-01-01/2026-06-30,51,159329.SZ|159529.SZ|159920.SZ|159980.SZ|159985.SZ|160644.SZ|161226.SZ|512100.SH|512880.SH|513100.SH|513120.SH|515880.SH|518880.SH,3.1614045804920856,0.7149300878508795,annealing,0.09838744823924296,159967.SZ,512880.SH
rolling_simulated_annealing,2025-07-01/2025-12-31,2026-01-01/2026-06-30,52,159329.SZ|159529.SZ|159920.SZ|159967.SZ|159980.SZ|159985.SZ|161226.SZ|512100.SH|513100.SH|513120.SH|513290.SH|515880.SH|518880.SH,3.7504745111862365,0.8179414793264438,annealing,0.09523993509759009,160644.SZ,513290.SH
rolling_simulated_annealing,2025-07-01/2025-12-31,2026-01-01/2026-06-30,53,159329.SZ|159529.SZ|159920.SZ|159967.SZ|159980.SZ|159985.SZ|161226.SZ|512100.SH|513100.SH|513120.SH|513290.SH|518880.SH|588220.SH,3.147188011222361,0.8820759359846061,annealing,0.09219311405797025,515880.SH,588220.SH
rolling_simulated_annealing,2025-07-01/2025-12-31,2026-01-01/2026-06-30,54,159329.SZ|159529.SZ|159920.SZ|159967.SZ|159980.SZ|159981.SZ|159985.SZ|512100.SH|513100.SH|513120.SH|513290.SH|515880.SH|518880.SH,2.8388107722234217,0.8179414793264438,annealing,0.08924376387905565,161226.SZ,159981.SZ
rolling_simulated_annealing,2025-07-01/2025-12-31,2026-01-01/2026-06-30,55,159329.SZ|159529.SZ|159920.SZ|159967.SZ|159980.SZ|159985.SZ|161226.SZ|512100.SH|513100.SH|513180.SH|513290.SH|515880.SH|518880.SH,3.081132778194617,0.896611122646074,annealing,0.08638876637025905,513120.SH,513180.SH
rolling_simulated_annealing,2025-07-01/2025-12-31,2026-01-01/2026-06-30,56,159329.SZ|159529.SZ|159920.SZ|159967.SZ|159980.SZ|159985.SZ|161226.SZ|501018.SH|512100.SH|513100.SH|513120.SH|513290.SH|515880.SH,3.4602672791673115,0.8179414793264438,annealing,0.08362510309503735,518880.SH,501018.SH
rolling_simulated_annealing,2025-07-01/2025-12-31,2026-01-01/2026-06-30,57,159329.SZ|159920.SZ|159967.SZ|159980.SZ|159985.SZ|161226.SZ|512100.SH|513100.SH|513120.SH|513290.SH|513730.SH|515880.SH|518880.SH,3.461722044027707,0.8179414793264438,annealing,0.08094985217965969,159529.SZ,513730.SH
rolling_simulated_annealing,2025-07-01/2025-12-31,2026-01-01/2026-06-30,58,159329.SZ|159920.SZ|159949.SZ|159967.SZ|159980.SZ|159985.SZ|161226.SZ|513100.SH|513120.SH|513290.SH|513730.SH|515880.SH|518880.SH,3.5200400958780276,0.919503894301262,annealing,0.07836018522406615,512100.SH,159949.SZ
rolling_simulated_annealing,2025-07-01/2025-12-31,2026-01-01/2026-06-30,59,159329.SZ|159920.SZ|159949.SZ|159967.SZ|159980.SZ|159985.SZ|501018.SH|513100.SH|513120.SH|513290.SH|513730.SH|515880.SH|518880.SH,3.1471217652056147,0.919503894301262,annealing,0.07585336431155136,161226.SZ,501018.SH
rolling_simulated_annealing,2025-07-01/2025-12-31,2026-01-01/2026-06-30,60,159329.SZ|159518.SZ|159920.SZ|159949.SZ|159967.SZ|159980.SZ|159985.SZ|161226.SZ|513100.SH|513120.SH|513730.SH|515880.SH|518880.SH,3.015630884504549,0.919503894301262,annealing,0.07342673911411116,513290.SH,159518.SZ
rolling_simulated_annealing,2025-07-01/2025-12-31,2026-01-01/2026-06-30,61,159329.SZ|159920.SZ|159949.SZ|159967.SZ|159980.SZ|159981.SZ|161226.SZ|513100.SH|513120.SH|513290.SH|513730.SH|515880.SH|518880.SH,3.3600847326355168,0.919503894301262,annealing,0.07107774409039225,159985.SZ,159981.SZ
rolling_simulated_annealing,2025-07-01/2025-12-31,2026-01-01/2026-06-30,62,159920.SZ|159949.SZ|159967.SZ|159980.SZ|159985.SZ|161226.SZ|513100.SH|513120.SH|513290.SH|513500.SH|513730.SH|515880.SH|518880.SH,3.0653452976252837,0.919503894301262,annealing,0.06880389577328226,159329.SZ,513500.SH
rolling_simulated_annealing,2025-07-01/2025-12-31,2026-01-01/2026-06-30,63,159329.SZ|159920.SZ|159928.SZ|159967.SZ|159980.SZ|159985.SZ|161226.SZ|513100.SH|513120.SH|513290.SH|513730.SH|515880.SH|518880.SH,3.1618297900066348,0.8179414793264438,annealing,0.06660279014427231,159949.SZ,159928.SZ
rolling_simulated_annealing,2025-07-01/2025-12-31,2026-01-01/2026-06-30,64,159329.SZ|159687.SZ|159920.SZ|159949.SZ|159967.SZ|159980.SZ|159985.SZ|161226.SZ|513100.SH|513120.SH|513290.SH|515880.SH|518880.SH,3.67051620110778,0.919503894301262,annealing,0.06447210009181673,513730.SH,159687.SZ
rolling_simulated_annealing,2025-07-01/2025-12-31,2026-01-01/2026-06-30,65,159329.SZ|159509.SZ|159920.SZ|159949.SZ|159967.SZ|159980.SZ|159985.SZ|161226.SZ|513100.SH|513120.SH|513290.SH|515880.SH|518880.SH,3.8504534822158942,0.919503894301262,annealing,0.06240957295100188,159687.SZ,159509.SZ
rolling_simulated_annealing,2025-07-01/2025-12-31,2026-01-01/2026-06-30,66,159509.SZ|159529.SZ|159920.SZ|159949.SZ|159967.SZ|159980.SZ|159985.SZ|161226.SZ|513100.SH|513120.SH|513290.SH|515880.SH|518880.SH,4.06846912926854,0.919503894301262,annealing,0.06041302812192407,159329.SZ,159529.SZ
rolling_simulated_annealing,2025-07-01/2025-12-31,2026-01-01/2026-06-30,67,159509.SZ|159529.SZ|159920.SZ|159949.SZ|159967.SZ|159980.SZ|159985.SZ|161226.SZ|513070.SH|513100.SH|513290.SH|515880.SH|518880.SH,3.9469756484613097,0.919503894301262,annealing,0.05848035476425733,513120.SH,513070.SH
rolling_simulated_annealing,2025-07-01/2025-12-31,2026-01-01/2026-06-30,68,159509.SZ|159529.SZ|159920.SZ|159949.SZ|159967.SZ|159980.SZ|159985.SZ|161226.SZ|513100.SH|513290.SH|513750.SH|515880.SH|518880.SH,3.766809700759115,0.919503894301262,annealing,0.0566095095655747,513120.SH,513750.SH
rolling_simulated_annealing,2025-07-01/2025-12-31,2026-01-01/2026-06-30,69,159509.SZ|159529.SZ|159920.SZ|159949.SZ|159967.SZ|159980.SZ|159985.SZ|161226.SZ|513100.SH|513180.SH|513290.SH|515880.SH|518880.SH,3.6633741632291557,0.919503894301262,annealing,0.05479851458106304,513120.SH,513180.SH
rolling_simulated_annealing,2025-07-01/2025-12-31,2026-01-01/2026-06-30,70,159326.SZ|159509.SZ|159529.SZ|159920.SZ|159949.SZ|159980.SZ|159985.SZ|161226.SZ|513100.SH|513120.SH|513290.SH|515880.SH|518880.SH,3.6879128030288846,0.8496577034190855,annealing,0.05304545514234737,159967.SZ,159326.SZ
rolling_simulated_annealing,2025-07-01/2025-12-31,2026-01-01/2026-06-30,71,159509.SZ|159529.SZ|159920.SZ|159949.SZ|159967.SZ|159980.SZ|159981.SZ|161226.SZ|513100.SH|513120.SH|513290.SH|515880.SH|518880.SH,3.8986595192475444,0.919503894301262,annealing,0.05134847783321434,159985.SZ,159981.SZ
rolling_simulated_annealing,2025-07-01/2025-12-31,2026-01-01/2026-06-30,72,159509.SZ|159529.SZ|159920.SZ|159949.SZ|159967.SZ|159980.SZ|159981.SZ|159985.SZ|513100.SH|513120.SH|513290.SH|515880.SH|518880.SH,4.132000373774209,0.919503894301262,annealing,0.049705788530093976,161226.SZ,159981.SZ
rolling_simulated_annealing,2025-07-01/2025-12-31,2026-01-01/2026-06-30,73,159509.SZ|159920.SZ|159949.SZ|159967.SZ|159980.SZ|159981.SZ|159985.SZ|164824.SZ|513100.SH|513120.SH|513290.SH|515880.SH|518880.SH,3.931875486806049,0.919503894301262,annealing,0.04811565050522864,159529.SZ,164824.SZ
rolling_simulated_annealing,2025-07-01/2025-12-31,2026-01-01/2026-06-30,74,159529.SZ|159687.SZ|159920.SZ|159949.SZ|159967.SZ|159980.SZ|159981.SZ|159985.SZ|513100.SH|513120.SH|513290.SH|515880.SH|518880.SH,3.2463979180127267,0.919503894301262,annealing,0.046576382590523456,159509.SZ,159687.SZ
rolling_simulated_annealing,2025-07-01/2025-12-31,2026-01-01/2026-06-30,75,159509.SZ|159529.SZ|159920.SZ|159949.SZ|159967.SZ|159980.SZ|159981.SZ|159985.SZ|513070.SH|513100.SH|513290.SH|515880.SH|518880.SH,4.27481345535399,0.919503894301262,annealing,0.045086357400136896,513120.SH,513070.SH
rolling_simulated_annealing,2025-07-01/2025-12-31,2026-01-01/2026-06-30,76,159509.SZ|159529.SZ|159949.SZ|159967.SZ|159980.SZ|159981.SZ|159985.SZ|513070.SH|513100.SH|513120.SH|513290.SH|515880.SH|518880.SH,4.2143949399764145,0.919503894301262,annealing,0.043643999609932656,159920.SZ,513120.SH
rolling_simulated_annealing,2025-07-01/2025-12-31,2026-01-01/2026-06-30,77,159509.SZ|159529.SZ|159949.SZ|159967.SZ|159980.SZ|159985.SZ|161226.SZ|513070.SH|513100.SH|513120.SH|513290.SH|515880.SH|518880.SH,4.135674232634076,0.919503894301262,annealing,0.04224778429197339,159981.SZ,161226.SZ
rolling_simulated_annealing,2025-07-01/2025-12-31,2026-01-01/2026-06-30,78,159509.SZ|159529.SZ|159949.SZ|159967.SZ|159980.SZ|159985.SZ|160644.SZ|161226.SZ|513070.SH|513120.SH|513290.SH|515880.SH|518880.SH,4.051096940898499,0.919503894301262,annealing,0.04089623530229582,513100.SH,160644.SZ
rolling_simulated_annealing,2025-07-01/2025-12-31,2026-01-01/2026-06-30,79,159509.SZ|159529.SZ|159949.SZ|159967.SZ|159980.SZ|159985.SZ|161226.SZ|513070.SH|513100.SH|513180.SH|513290.SH|515880.SH|518880.SH,3.6488676508352462,0.919503894301262,annealing,0.03958792372026251,513120.SH,513180.SH
rolling_simulated_annealing,2025-07-01/2025-12-31,2026-01-01/2026-06-30,80,159509.SZ|159529.SZ|159796.SZ|159967.SZ|159980.SZ|159985.SZ|161226.SZ|513070.SH|513100.SH|513120.SH|513290.SH|515880.SH|518880.SH,4.152021176066382,0.8496577034190855,annealing,0.03832146633784024,159949.SZ,159796.SZ
rolling_simulated_annealing,2025-07-01/2025-12-31,2026-01-01/2026-06-30,81,159509.SZ|159529.SZ|159796.SZ|159967.SZ|159980.SZ|159981.SZ|161226.SZ|513070.SH|513100.SH|513120.SH|513290.SH|515880.SH|518880.SH,3.9213865177359803,0.8496577034190855,annealing,0.03709552419720801,159985.SZ,159981.SZ
rolling_simulated_annealing,2025-07-01/2025-12-31,2026-01-01/2026-06-30,82,159509.SZ|159529.SZ|159796.SZ|159967.SZ|159980.SZ|159985.SZ|161226.SZ|513070.SH|513100.SH|513180.SH|513290.SH|515880.SH|518880.SH,3.33386990772096,0.8496577034190855,annealing,0.03590880117514833,513120.SH,513180.SH
rolling_simulated_annealing,2025-07-01/2025-12-31,2026-01-01/2026-06-30,83,159206.SZ|159509.SZ|159529.SZ|159796.SZ|159980.SZ|159985.SZ|161226.SZ|513070.SH|513100.SH|513120.SH|513290.SH|515880.SH|518880.SH,4.635730387073868,0.8496577034190855,annealing,0.03476004261272534,159967.SZ,159206.SZ
rolling_simulated_annealing,2025-07-01/2025-12-31,2026-01-01/2026-06-30,84,159206.SZ|159509.SZ|159529.SZ|159796.SZ|159980.SZ|159985.SZ|161226.SZ|513070.SH|513100.SH|513120.SH|513290.SH|518880.SH|588200.SH,3.8968277480860243,0.8496577034190855,annealing,0.033648033988800806,515880.SH,588200.SH
rolling_simulated_annealing,2025-07-01/2025-12-31,2026-01-01/2026-06-30,85,159206.SZ|159509.SZ|159529.SZ|159796.SZ|159980.SZ|159985.SZ|501018.SH|513070.SH|513100.SH|513120.SH|513290.SH|515880.SH|518880.SH,4.501277164419886,0.8496577034190855,annealing,0.03257159963598576,161226.SZ,501018.SH
rolling_simulated_annealing,2025-07-01/2025-12-31,2026-01-01/2026-06-30,86,159206.SZ|159509.SZ|159529.SZ|159796.SZ|159980.SZ|159985.SZ|161226.SZ|513070.SH|513080.SH|513100.SH|513120.SH|515880.SH|518880.SH,3.8933727267698415,0.8496577034190855,annealing,0.03152960149767008,513290.SH,513080.SH
rolling_simulated_annealing,2025-07-01/2025-12-31,2026-01-01/2026-06-30,87,159206.SZ|159509.SZ|159529.SZ|159980.SZ|159985.SZ|161226.SZ|512980.SH|513070.SH|513100.SH|513120.SH|513290.SH|515880.SH|518880.SH,4.577535070150679,0.8496577034190855,annealing,0.030520937924815954,159796.SZ,512980.SH
rolling_simulated_annealing,2025-07-01/2025-12-31,2026-01-01/2026-06-30,88,159206.SZ|159509.SZ|159529.SZ|159796.SZ|159980.SZ|161226.SZ|501018.SH|513070.SH|513100.SH|513120.SH|513290.SH|515880.SH|518880.SH,4.369344437846322,0.8496577034190855,annealing,0.02954454251124314,159985.SZ,501018.SH
rolling_simulated_annealing,2025-07-01/2025-12-31,2026-01-01/2026-06-30,89,159206.SZ|159509.SZ|159529.SZ|159796.SZ|159980.SZ|159985.SZ|161226.SZ|510880.SH|513070.SH|513100.SH|513120.SH|513290.SH|518880.SH,3.1179857172342498,0.8496577034190855,annealing,0.02859938296617458,515880.SH,510880.SH
rolling_simulated_annealing,2025-07-01/2025-12-31,2026-01-01/2026-06-30,90,159206.SZ|159529.SZ|159796.SZ|159980.SZ|159985.SZ|161226.SZ|513070.SH|513100.SH|513120.SH|513290.SH|513500.SH|515880.SH|518880.SH,3.8224901780259475,0.8694020646184932,annealing,0.02768446002285045,159509.SZ,513500.SH
rolling_simulated_annealing,2025-07-01/2025-12-31,2026-01-01/2026-06-30,91,159206.SZ|159529.SZ|159796.SZ|159980.SZ|159985.SZ|160644.SZ|161226.SZ|513070.SH|513100.SH|513120.SH|513290.SH|515880.SH|518880.SH,4.4190457607272435,0.5489078219078787,annealing,0.026798806382056773,159509.SZ,160644.SZ
rolling_simulated_annealing,2025-07-01/2025-12-31,2026-01-01/2026-06-30,92,159206.SZ|159529.SZ|159796.SZ|159980.SZ|159985.SZ|161226.SZ|513070.SH|513080.SH|513100.SH|513120.SH|513290.SH|515880.SH|518880.SH,4.136520929851585,0.5738650477355564,annealing,0.02594148568945148,159509.SZ,513080.SH
rolling_simulated_annealing,2025-07-01/2025-12-31,2026-01-01/2026-06-30,93,159206.SZ|159509.SZ|159529.SZ|159796.SZ|159980.SZ|159981.SZ|159985.SZ|161226.SZ|513070.SH|513100.SH|513120.SH|513290.SH|515880.SH,4.9738673431953,0.8496577034190855,annealing,0.025111591545607014,518880.SH,159981.SZ
rolling_simulated_annealing,2025-07-01/2025-12-31,2026-01-01/2026-06-30,94,159206.SZ|159509.SZ|159529.SZ|159796.SZ|159980.SZ|159981.SZ|159985.SZ|161226.SZ|513070.SH|513100.SH|513120.SH|513310.SH|515880.SH,4.520705656422991,0.8496577034190855,annealing,0.024308246547722494,513290.SH,513310.SH
rolling_simulated_annealing,2025-07-01/2025-12-31,2026-01-01/2026-06-30,95,159206.SZ|159329.SZ|159509.SZ|159529.SZ|159796.SZ|159980.SZ|159981.SZ|159985.SZ|161226.SZ|513070.SH|513120.SH|513290.SH|515880.SH,4.813227308606826,0.5188950868485037,annealing,0.02353060136199262,513100.SH,159329.SZ
rolling_simulated_annealing,2025-07-01/2025-12-31,2026-01-01/2026-06-30,96,159206.SZ|159509.SZ|159529.SZ|159796.SZ|159980.SZ|159981.SZ|161226.SZ|513070.SH|513100.SH|513120.SH|513290.SH|515880.SH|518880.SH,4.369344437846322,0.8496577034190855,annealing,0.022777833825652294,159985.SZ,518880.SH
rolling_simulated_annealing,2025-07-01/2025-12-31,2026-01-01/2026-06-30,97,159206.SZ|159509.SZ|159529.SZ|159796.SZ|159980.SZ|159981.SZ|161226.SZ|501018.SH|513070.SH|513100.SH|513120.SH|513290.SH|515880.SH,4.885172557586787,0.8496577034190855,annealing,0.02204914807774781,159985.SZ,501018.SH
rolling_simulated_annealing,2025-07-01/2025-12-31,2026-01-01/2026-06-30,98,159206.SZ|159509.SZ|159796.SZ|159980.SZ|159981.SZ|159985.SZ|161226.SZ|513070.SH|513080.SH|513100.SH|513120.SH|513290.SH|515880.SH,4.78508879537351,0.8496577034190855,annealing,0.021343773717715567,159529.SZ,513080.SH
rolling_simulated_annealing,2025-07-01/2025-12-31,2026-01-01/2026-06-30,99,159206.SZ|159509.SZ|159529.SZ|159980.SZ|159981.SZ|159985.SZ|161226.SZ|510210.SH|513070.SH|513100.SH|513120.SH|513290.SH|515880.SH,4.814040843203661,0.8496577034190855,annealing,0.020660964990878602,159796.SZ,510210.SH
rolling_simulated_annealing,2025-07-01/2025-12-31,2026-01-01/2026-06-30,100,159206.SZ|159509.SZ|159529.SZ|159796.SZ|159920.SZ|159980.SZ|159981.SZ|159985.SZ|161226.SZ|513070.SH|513100.SH|513290.SH|515880.SH,4.864003227740538,0.8781907596410816,annealing,0.02,513120.SH,159920.SZ
rolling_simulated_annealing,2026-01-01/2026-06-30,2026-07-01/2026-07-26,1,159206.SZ|159509.SZ|159920.SZ|159981.SZ|159985.SZ|161226.SZ|164824.SZ|510880.SH|513030.SH|513100.SH|513180.SH|518880.SH|588200.SH,0.12462997276792437,0.8901497039450326,initial,,,
rolling_simulated_annealing,2026-01-01/2026-06-30,2026-07-01/2026-07-26,2,159206.SZ|159509.SZ|159981.SZ|159985.SZ|161226.SZ|164824.SZ|510880.SH|513030.SH|513100.SH|513180.SH|513750.SH|518880.SH|588200.SH,0.16628261422689214,0.8901497039450326,annealing,0.4840044985514857,159920.SZ,513750.SH
rolling_simulated_annealing,2026-01-01/2026-06-30,2026-07-01/2026-07-26,3,159509.SZ|159981.SZ|159985.SZ|161226.SZ|164824.SZ|510880.SH|512800.SH|513030.SH|513100.SH|513180.SH|513750.SH|518880.SH|588200.SH,-0.397271814653744,0.8901497039450326,annealing,0.4685207092361502,159206.SZ,512800.SH
rolling_simulated_annealing,2026-01-01/2026-06-30,2026-07-01/2026-07-26,4,159206.SZ|159509.SZ|159981.SZ|159985.SZ|160644.SZ|161226.SZ|164824.SZ|510880.SH|513030.SH|513180.SH|513750.SH|518880.SH|588200.SH,0.060046270951779,0.7189227787528806,annealing,0.4535322618696586,513100.SH,160644.SZ
rolling_simulated_annealing,2026-01-01/2026-06-30,2026-07-01/2026-07-26,5,159206.SZ|159509.SZ|159529.SZ|159981.SZ|159985.SZ|160644.SZ|161226.SZ|164824.SZ|510880.SH|513180.SH|513750.SH|518880.SH|588200.SH,0.8588644520831303,0.6755348862101989,annealing,0.4390233099662904,513030.SH,159529.SZ
rolling_simulated_annealing,2026-01-01/2026-06-30,2026-07-01/2026-07-26,6,159206.SZ|159509.SZ|159529.SZ|159981.SZ|159985.SZ|160644.SZ|161226.SZ|510880.SH|513180.SH|513310.SH|513750.SH|518880.SH|588200.SH,1.611515950444162,0.7047547740338291,annealing,0.42497851398529574,164824.SZ,513310.SH
rolling_simulated_annealing,2026-01-01/2026-06-30,2026-07-01/2026-07-26,7,159509.SZ|159529.SZ|159981.SZ|159985.SZ|160644.SZ|161226.SZ|510880.SH|512100.SH|513180.SH|513310.SH|513750.SH|518880.SH|588200.SH,1.5701187046584881,0.7371879473636238,annealing,0.41138302511321717,159206.SZ,512100.SH
rolling_simulated_annealing,2026-01-01/2026-06-30,2026-07-01/2026-07-26,8,159201.SZ|159509.SZ|159529.SZ|159981.SZ|159985.SZ|160644.SZ|161226.SZ|512100.SH|513180.SH|513310.SH|513750.SH|518880.SH|588200.SH,2.2166950629102966,0.7371879473636238,annealing,0.3982224695650319,510880.SH,159201.SZ
rolling_simulated_annealing,2026-01-01/2026-06-30,2026-07-01/2026-07-26,9,159201.SZ|159509.SZ|159529.SZ|159981.SZ|159985.SZ|160644.SZ|501018.SH|512100.SH|513180.SH|513310.SH|513750.SH|518880.SH|588200.SH,2.880616846571365,0.7371879473636238,annealing,0.385482933387515,161226.SZ,501018.SH
rolling_simulated_annealing,2026-01-01/2026-06-30,2026-07-01/2026-07-26,10,159201.SZ|159509.SZ|159529.SZ|159980.SZ|159981.SZ|159985.SZ|160644.SZ|512100.SH|513180.SH|513310.SH|513750.SH|518880.SH|588200.SH,1.9093842022364242,0.7522587312090414,annealing,0.37315094774875995,501018.SH,159980.SZ
rolling_simulated_annealing,2026-01-01/2026-06-30,2026-07-01/2026-07-26,11,159201.SZ|159329.SZ|159529.SZ|159981.SZ|159985.SZ|160644.SZ|501018.SH|512100.SH|513180.SH|513310.SH|513750.SH|518880.SH|588200.SH,2.4534632952093043,0.7371879473636238,annealing,0.3612134746983004,159509.SZ,159329.SZ
rolling_simulated_annealing,2026-01-01/2026-06-30,2026-07-01/2026-07-26,12,159201.SZ|159329.SZ|159529.SZ|159981.SZ|159985.SZ|160644.SZ|161226.SZ|512100.SH|513180.SH|513310.SH|513750.SH|518880.SH|588200.SH,1.297423445741936,0.7371879473636238,annealing,0.34965789338278125,501018.SH,161226.SZ
rolling_simulated_annealing,2026-01-01/2026-06-30,2026-07-01/2026-07-26,13,159201.SZ|159329.SZ|159529.SZ|159981.SZ|159985.SZ|160644.SZ|501018.SH|512100.SH|513030.SH|513180.SH|513750.SH|518880.SH|588200.SH,0.9565192491270771,0.7371879473636238,annealing,0.33847198670260376,513310.SH,513030.SH
rolling_simulated_annealing,2026-01-01/2026-06-30,2026-07-01/2026-07-26,14,159201.SZ|159329.SZ|159529.SZ|159687.SZ|159981.SZ|159985.SZ|160644.SZ|501018.SH|512100.SH|513180.SH|513750.SH|518880.SH|588200.SH,1.7811781673065488,0.7371879473636238,annealing,0.3276439283954377,513310.SH,159687.SZ
rolling_simulated_annealing,2026-01-01/2026-06-30,2026-07-01/2026-07-26,15,159329.SZ|159529.SZ|159825.SZ|159981.SZ|159985.SZ|160644.SZ|501018.SH|512100.SH|513180.SH|513310.SH|513750.SH|518880.SH|588200.SH,1.9662787385770095,0.7371879473636238,annealing,0.31716227053294543,159201.SZ,159825.SZ
rolling_simulated_annealing,2026-01-01/2026-06-30,2026-07-01/2026-07-26,16,159201.SZ|159329.SZ|159529.SZ|159981.SZ|159985.SZ|160644.SZ|501018.SH|512980.SH|513180.SH|513310.SH|513750.SH|518880.SH|588200.SH,2.317839201789171,0.665760968479371,annealing,0.3070159314174978,512100.SH,512980.SH
rolling_simulated_annealing,2026-01-01/2026-06-30,2026-07-01/2026-07-26,17,159201.SZ|159329.SZ|159529.SZ|159920.SZ|159981.SZ|159985.SZ|160644.SZ|501018.SH|512100.SH|513180.SH|513310.SH|518880.SH|588200.SH,2.4183165076100805,0.8614689435973625,annealing,0.2971941838660867,513750.SH,159920.SZ
rolling_simulated_annealing,2026-01-01/2026-06-30,2026-07-01/2026-07-26,18,159201.SZ|159329.SZ|159529.SZ|159920.SZ|159981.SZ|159985.SZ|160644.SZ|161226.SZ|501018.SH|512100.SH|513180.SH|513310.SH|588200.SH,2.6055882093171308,0.8614689435973625,annealing,0.28768664386904663,518880.SH,161226.SZ
rolling_simulated_annealing,2026-01-01/2026-06-30,2026-07-01/2026-07-26,19,159201.SZ|159329.SZ|159529.SZ|159920.SZ|159981.SZ|159985.SZ|160644.SZ|161226.SZ|501018.SH|512100.SH|513070.SH|513310.SH|588200.SH,2.2762572008999613,0.7371879473636238,annealing,0.27848325961159553,513180.SH,513070.SH
rolling_simulated_annealing,2026-01-01/2026-06-30,2026-07-01/2026-07-26,20,159201.SZ|159329.SZ|159529.SZ|159920.SZ|159980.SZ|159981.SZ|159985.SZ|160644.SZ|501018.SH|512100.SH|513180.SH|513310.SH|588200.SH,2.400972066106937,0.8614689435973625,annealing,0.269574300846587,161226.SZ,159980.SZ
rolling_simulated_annealing,2026-01-01/2026-06-30,2026-07-01/2026-07-26,21,159201.SZ|159329.SZ|159529.SZ|159920.SZ|159981.SZ|159985.SZ|160644.SZ|161226.SZ|164824.SZ|501018.SH|512100.SH|513180.SH|588200.SH,0.8970159292795676,0.8614689435973625,annealing,0.26095034860723937,513310.SH,164824.SZ
rolling_simulated_annealing,2026-01-01/2026-06-30,2026-07-01/2026-07-26,22,159201.SZ|159329.SZ|159529.SZ|159920.SZ|159980.SZ|159981.SZ|159985.SZ|160644.SZ|161226.SZ|512100.SH|513180.SH|513310.SH|588200.SH,1.1225781810630564,0.8614689435973625,annealing,0.25260228524896455,501018.SH,159980.SZ
rolling_simulated_annealing,2026-01-01/2026-06-30,2026-07-01/2026-07-26,23,159201.SZ|159329.SZ|159529.SZ|159920.SZ|159981.SZ|159985.SZ|160644.SZ|161226.SZ|501018.SH|512800.SH|513180.SH|513310.SH|588200.SH,1.9024529223779674,0.8614689435973625,annealing,0.24452128480976887,512100.SH,512800.SH
rolling_simulated_annealing,2026-01-01/2026-06-30,2026-07-01/2026-07-26,24,159329.SZ|159529.SZ|159920.SZ|159981.SZ|159985.SZ|160644.SZ|161226.SZ|501018.SH|512100.SH|512800.SH|513180.SH|513310.SH|588200.SH,1.9212314284954066,0.8614689435973625,annealing,0.23669880367903437,159201.SZ,512800.SH
rolling_simulated_annealing,2026-01-01/2026-06-30,2026-07-01/2026-07-26,25,159201.SZ|159329.SZ|159529.SZ|159920.SZ|159981.SZ|159985.SZ|160644.SZ|161226.SZ|512100.SH|513180.SH|513310.SH|518880.SH|588200.SH,1.2557404832271155,0.8614689435973625,annealing,0.22912657156481517,501018.SH,518880.SH
rolling_simulated_annealing,2026-01-01/2026-06-30,2026-07-01/2026-07-26,26,159329.SZ|159529.SZ|159920.SZ|159981.SZ|159985.SZ|160644.SZ|161226.SZ|501018.SH|512100.SH|513180.SH|513310.SH|588200.SH|588220.SH,3.072058524021776,0.8962680546181492,annealing,0.22179658275009892,159201.SZ,588220.SH
rolling_simulated_annealing,2026-01-01/2026-06-30,2026-07-01/2026-07-26,27,159329.SZ|159529.SZ|159920.SZ|159980.SZ|159981.SZ|159985.SZ|160644.SZ|161226.SZ|512100.SH|513180.SH|513310.SH|588200.SH|588220.SH,2.301911279786293,0.8962680546181492,annealing,0.21470108762878945,501018.SH,159980.SZ
rolling_simulated_annealing,2026-01-01/2026-06-30,2026-07-01/2026-07-26,28,159329.SZ|159529.SZ|159920.SZ|159980.SZ|159981.SZ|160644.SZ|161226.SZ|501018.SH|512100.SH|513180.SH|513310.SH|588200.SH|588220.SH,2.285608498490316,0.8962680546181492,annealing,0.20783258451246167,159985.SZ,159980.SZ
rolling_simulated_annealing,2026-01-01/2026-06-30,2026-07-01/2026-07-26,29,159329.SZ|159529.SZ|159920.SZ|159981.SZ|159985.SZ|160644.SZ|161226.SZ|501018.SH|510300.SH|512100.SH|513180.SH|513310.SH|588220.SH,2.2993920102081367,0.869385573102232,annealing,0.20118381169922656,588200.SH,510300.SH
rolling_simulated_annealing,2026-01-01/2026-06-30,2026-07-01/2026-07-26,30,159329.SZ|159529.SZ|159920.SZ|159981.SZ|159985.SZ|160644.SZ|161226.SZ|501018.SH|512100.SH|513100.SH|513180.SH|588200.SH|588220.SH,2.3835648818506376,0.8962680546181492,annealing,0.19474773979632132,513310.SH,513100.SH
rolling_simulated_annealing,2026-01-01/2026-06-30,2026-07-01/2026-07-26,31,159329.SZ|159529.SZ|159920.SZ|159981.SZ|159985.SZ|160644.SZ|501018.SH|512100.SH|513180.SH|513310.SH|518880.SH|588200.SH|588220.SH,2.6580020508944204,0.8962680546181492,annealing,0.18851756428830743,161226.SZ,518880.SH
rolling_simulated_annealing,2026-01-01/2026-06-30,2026-07-01/2026-07-26,32,159329.SZ|159529.SZ|159852.SZ|159920.SZ|159981.SZ|159985.SZ|160644.SZ|161226.SZ|501018.SH|513180.SH|513310.SH|588200.SH|588220.SH,2.794230669589116,0.8962680546181492,annealing,0.1824866983430194,512100.SH,159852.SZ
rolling_simulated_annealing,2026-01-01/2026-06-30,2026-07-01/2026-07-26,33,159329.SZ|159529.SZ|159920.SZ|159981.SZ|159985.SZ|161226.SZ|501018.SH|512100.SH|513100.SH|513180.SH|513310.SH|588200.SH|588220.SH,3.232613993679729,0.8962680546181492,annealing,0.17664876584765868,160644.SZ,513100.SH
rolling_simulated_annealing,2026-01-01/2026-06-30,2026-07-01/2026-07-26,34,159329.SZ|159529.SZ|159920.SZ|159981.SZ|161226.SZ|501018.SH|512100.SH|513100.SH|513180.SH|513310.SH|518880.SH|588200.SH|588220.SH,2.211731443245731,0.8962680546181492,annealing,0.1709975946676697,159985.SZ,518880.SH
rolling_simulated_annealing,2026-01-01/2026-06-30,2026-07-01/2026-07-26,35,159329.SZ|159529.SZ|159920.SZ|159980.SZ|159981.SZ|159985.SZ|161226.SZ|512100.SH|513100.SH|513180.SH|513310.SH|588200.SH|588220.SH,2.631671297815179,0.8962680546181492,annealing,0.16552721012127136,501018.SH,159980.SZ
rolling_simulated_annealing,2026-01-01/2026-06-30,2026-07-01/2026-07-26,36,159529.SZ|159920.SZ|159981.SZ|159985.SZ|160644.SZ|161226.SZ|501018.SH|512100.SH|513100.SH|513180.SH|513310.SH|588200.SH|588220.SH,2.861003196910305,0.8962680546181492,annealing,0.16023182866274469,159329.SZ,160644.SZ
rolling_simulated_annealing,2026-01-01/2026-06-30,2026-07-01/2026-07-26,37,159329.SZ|159529.SZ|159920.SZ|159981.SZ|159985.SZ|161226.SZ|501018.SH|510210.SH|512100.SH|513100.SH|513180.SH|513310.SH|588220.SH,2.5055940495533275,0.8729744573499794,annealing,0.15510585176779862,588200.SH,510210.SH
rolling_simulated_annealing,2026-01-01/2026-06-30,2026-07-01/2026-07-26,38,159329.SZ|159529.SZ|159920.SZ|159980.SZ|159985.SZ|161226.SZ|501018.SH|512100.SH|513100.SH|513180.SH|513310.SH|588200.SH|588220.SH,3.0106505291149754,0.8962680546181492,annealing,0.15014386001454888,159981.SZ,159980.SZ
rolling_simulated_annealing,2026-01-01/2026-06-30,2026-07-01/2026-07-26,39,159329.SZ|159529.SZ|159920.SZ|159985.SZ|161226.SZ|501018.SH|512100.SH|513100.SH|513180.SH|513310.SH|518880.SH|588200.SH|588220.SH,2.7882034563278113,0.8962680546181492,annealing,0.1453406073538524,159980.SZ,518880.SH
rolling_simulated_annealing,2026-01-01/2026-06-30,2026-07-01/2026-07-26,40,159329.SZ|159920.SZ|159980.SZ|159985.SZ|161226.SZ|501018.SH|512100.SH|513100.SH|513180.SH|513310.SH|513400.SH|588200.SH|588220.SH,2.850045939397266,0.8962680546181492,annealing,0.1406910155629394,159529.SZ,513400.SH
rolling_simulated_annealing,2026-01-01/2026-06-30,2026-07-01/2026-07-26,41,159329.SZ|159529.SZ|159796.SZ|159920.SZ|159980.SZ|159985.SZ|161226.SZ|501018.SH|513100.SH|513180.SH|513310.SH|588200.SH|588220.SH,3.30948910711523,0.8962680546181492,annealing,0.1361901688764795,512100.SH,159796.SZ
rolling_simulated_annealing,2026-01-01/2026-06-30,2026-07-01/2026-07-26,42,159329.SZ|159529.SZ|159796.SZ|159920.SZ|159980.SZ|159981.SZ|161226.SZ|501018.SH|513100.SH|513180.SH|513310.SH|588200.SH|588220.SH,2.4361041890399884,0.8962680546181492,annealing,0.13183330878940522,159985.SZ,159981.SZ
rolling_simulated_annealing,2026-01-01/2026-06-30,2026-07-01/2026-07-26,43,159329.SZ|159529.SZ|159796.SZ|159980.SZ|159985.SZ|161226.SZ|501018.SH|513100.SH|513180.SH|513310.SH|513750.SH|588200.SH|588220.SH,3.30948910711523,0.8962680546181492,annealing,0.1276158290259985,159920.SZ,513750.SH
rolling_simulated_annealing,2026-01-01/2026-06-30,2026-07-01/2026-07-26,44,159329.SZ|159529.SZ|159796.SZ|159980.SZ|159981.SZ|161226.SZ|501018.SH|513100.SH|513180.SH|513310.SH|513750.SH|588200.SH|588220.SH,2.4043816968814626,0.8962680546181492,annealing,0.12353327066992105,159985.SZ,159981.SZ
rolling_simulated_annealing,2026-01-01/2026-06-30,2026-07-01/2026-07-26,45,159329.SZ|159529.SZ|159796.SZ|159980.SZ|159985.SZ|161226.SZ|501018.SH|513100.SH|513180.SH|513500.SH|513750.SH|588200.SH|588220.SH,2.026854536834285,0.8962680546181492,annealing,0.1195813174500402,513310.SH,513500.SH
rolling_simulated_annealing,2026-01-01/2026-06-30,2026-07-01/2026-07-26,46,159329.SZ|159529.SZ|159796.SZ|159980.SZ|159985.SZ|501018.SH|513100.SH|513180.SH|513310.SH|513750.SH|518880.SH|588200.SH|588220.SH,3.195002800550551,0.8962680546181492,annealing,0.11575579117706547,161226.SZ,518880.SH
rolling_simulated_annealing,2026-01-01/2026-06-30,2026-07-01/2026-07-26,47,159329.SZ|159529.SZ|159796.SZ|159852.SZ|159980.SZ|159985.SZ|161226.SZ|501018.SH|513100.SH|513180.SH|513310.SH|513750.SH|588220.SH,2.2347385447799675,0.6400634184272969,annealing,0.11205264732617212,588200.SH,159852.SZ
rolling_simulated_annealing,2026-01-01/2026-06-30,2026-07-01/2026-07-26,48,159529.SZ|159796.SZ|159980.SZ|159985.SZ|161226.SZ|164824.SZ|501018.SH|513100.SH|513180.SH|513310.SH|513750.SH|588200.SH|588220.SH,2.5904952408712196,0.8962680546181492,annealing,0.10846797076094081,159329.SZ,164824.SZ
rolling_simulated_annealing,2026-01-01/2026-06-30,2026-07-01/2026-07-26,49,159329.SZ|159529.SZ|159796.SZ|159981.SZ|159985.SZ|161226.SZ|501018.SH|513100.SH|513180.SH|513310.SH|513750.SH|588200.SH|588220.SH,2.9744650350041093,0.8962680546181492,annealing,0.10499797159409273,159980.SZ,159981.SZ
rolling_simulated_annealing,2026-01-01/2026-06-30,2026-07-01/2026-07-26,50,159329.SZ|159529.SZ|159796.SZ|159980.SZ|159985.SZ|161226.SZ|501018.SH|513180.SH|513290.SH|513310.SH|513750.SH|588200.SH|588220.SH,3.3906543220784147,0.8962680546181492,annealing,0.10163898118064398,513100.SH,513290.SH
rolling_simulated_annealing,2026-01-01/2026-06-30,2026-07-01/2026-07-26,51,159329.SZ|159529.SZ|159796.SZ|159980.SZ|159985.SZ|161226.SZ|501018.SH|513030.SH|513180.SH|513290.SH|513750.SH|588200.SH|588220.SH,1.2743825465769294,0.8962680546181492,annealing,0.09838744823924296,513310.SH,513030.SH
rolling_simulated_annealing,2026-01-01/2026-06-30,2026-07-01/2026-07-26,52,159329.SZ|159529.SZ|159796.SZ|159980.SZ|159985.SZ|501018.SH|513180.SH|513290.SH|513310.SH|513750.SH|518880.SH|588200.SH|588220.SH,3.2151671452956077,0.8962680546181492,annealing,0.09523993509759009,161226.SZ,518880.SH
rolling_simulated_annealing,2026-01-01/2026-06-30,2026-07-01/2026-07-26,53,159329.SZ|159529.SZ|159796.SZ|159980.SZ|159985.SZ|161226.SZ|501018.SH|513180.SH|513290.SH|513310.SH|513750.SH|515880.SH|588220.SH,2.7783409326568824,0.7305177976181892,annealing,0.09219311405797025,588200.SH,515880.SH
rolling_simulated_annealing,2026-01-01/2026-06-30,2026-07-01/2026-07-26,54,159329.SZ|159509.SZ|159529.SZ|159796.SZ|159980.SZ|159985.SZ|161226.SZ|501018.SH|513180.SH|513290.SH|513750.SH|588200.SH|588220.SH,1.8590853362352893,0.8962680546181492,annealing,0.08924376387905565,513310.SH,159509.SZ
rolling_simulated_annealing,2026-01-01/2026-06-30,2026-07-01/2026-07-26,55,159329.SZ|159529.SZ|159796.SZ|159980.SZ|159981.SZ|159985.SZ|501018.SH|513180.SH|513290.SH|513310.SH|513750.SH|588200.SH|588220.SH,2.2541752108199744,0.8962680546181492,annealing,0.08638876637025905,161226.SZ,159981.SZ
rolling_simulated_annealing,2026-01-01/2026-06-30,2026-07-01/2026-07-26,56,159329.SZ|159529.SZ|159796.SZ|159980.SZ|159985.SZ|160644.SZ|161226.SZ|501018.SH|513180.SH|513290.SH|513750.SH|588200.SH|588220.SH,2.6557971780650638,0.8962680546181492,annealing,0.08362510309503735,513310.SH,160644.SZ
rolling_simulated_annealing,2026-01-01/2026-06-30,2026-07-01/2026-07-26,57,159329.SZ|159529.SZ|159796.SZ|159825.SZ|159980.SZ|159985.SZ|161226.SZ|501018.SH|513180.SH|513290.SH|513310.SH|513750.SH|588220.SH,2.085160494181386,0.6347501798009353,annealing,0.08094985217965969,588200.SH,159825.SZ
rolling_simulated_annealing,2026-01-01/2026-06-30,2026-07-01/2026-07-26,58,159329.SZ|159529.SZ|159796.SZ|159980.SZ|159985.SZ|161226.SZ|501018.SH|513070.SH|513180.SH|513290.SH|513310.SH|588200.SH|588220.SH,3.2837943084788153,0.8962680546181492,annealing,0.07836018522406615,513750.SH,513070.SH
rolling_simulated_annealing,2026-01-01/2026-06-30,2026-07-01/2026-07-26,59,159329.SZ|159529.SZ|159796.SZ|159980.SZ|159985.SZ|161226.SZ|501018.SH|513180.SH|513290.SH|513500.SH|513750.SH|588200.SH|588220.SH,1.7287548876810817,0.8962680546181492,annealing,0.07585336431155136,513310.SH,513500.SH
rolling_simulated_annealing,2026-01-01/2026-06-30,2026-07-01/2026-07-26,60,159329.SZ|159529.SZ|159796.SZ|159980.SZ|159985.SZ|161226.SZ|501018.SH|512170.SH|513180.SH|513290.SH|513310.SH|513750.SH|588200.SH,1.871257907874947,0.6347501798009353,annealing,0.07342673911411116,588220.SH,512170.SH
rolling_simulated_annealing,2026-01-01/2026-06-30,2026-07-01/2026-07-26,61,159329.SZ|159796.SZ|159980.SZ|159985.SZ|161226.SZ|501018.SH|513180.SH|513290.SH|513310.SH|513400.SH|513750.SH|588200.SH|588220.SH,3.760846842679746,0.8962680546181492,annealing,0.07107774409039225,159529.SZ,513400.SH
rolling_simulated_annealing,2026-01-01/2026-06-30,2026-07-01/2026-07-26,62,159329.SZ|159796.SZ|159980.SZ|159985.SZ|161226.SZ|501018.SH|513120.SH|513290.SH|513310.SH|513400.SH|513750.SH|588200.SH|588220.SH,3.6594900050828154,0.8962680546181492,annealing,0.06880389577328226,513180.SH,513120.SH
rolling_simulated_annealing,2026-01-01/2026-06-30,2026-07-01/2026-07-26,63,159796.SZ|159980.SZ|159985.SZ|161226.SZ|501018.SH|513100.SH|513180.SH|513290.SH|513310.SH|513400.SH|513750.SH|588200.SH|588220.SH,2.739475748904849,0.8962680546181492,annealing,0.06660279014427231,159329.SZ,513100.SH
rolling_simulated_annealing,2026-01-01/2026-06-30,2026-07-01/2026-07-26,64,159329.SZ|159796.SZ|159980.SZ|159985.SZ|161226.SZ|501018.SH|512200.SH|513180.SH|513290.SH|513310.SH|513400.SH|513750.SH|588200.SH,2.299144170735872,0.6347501798009353,annealing,0.06447210009181673,588220.SH,512200.SH
rolling_simulated_annealing,2026-01-01/2026-06-30,2026-07-01/2026-07-26,65,159329.SZ|159796.SZ|159980.SZ|159985.SZ|161226.SZ|501018.SH|513180.SH|513290.SH|513400.SH|513750.SH|513880.SH|588200.SH|588220.SH,2.1742115279582213,0.8962680546181492,annealing,0.06240957295100188,513310.SH,513880.SH
rolling_simulated_annealing,2026-01-01/2026-06-30,2026-07-01/2026-07-26,66,159329.SZ|159796.SZ|159980.SZ|159985.SZ|161226.SZ|501018.SH|513070.SH|513290.SH|513310.SH|513400.SH|513750.SH|588200.SH|588220.SH,3.164962944051272,0.8962680546181492,annealing,0.06041302812192407,513180.SH,513070.SH
rolling_simulated_annealing,2026-01-01/2026-06-30,2026-07-01/2026-07-26,67,159329.SZ|159796.SZ|159980.SZ|159981.SZ|159985.SZ|501018.SH|513180.SH|513290.SH|513310.SH|513400.SH|513750.SH|588200.SH|588220.SH,2.3370588554829457,0.8962680546181492,annealing,0.05848035476425733,161226.SZ,159981.SZ
rolling_simulated_annealing,2026-01-01/2026-06-30,2026-07-01/2026-07-26,68,159329.SZ|159796.SZ|159980.SZ|159985.SZ|161226.SZ|501018.SH|513180.SH|513310.SH|513400.SH|513750.SH|513880.SH|588200.SH|588220.SH,2.765842859298503,0.8962680546181492,annealing,0.0566095095655747,513290.SH,513880.SH
rolling_simulated_annealing,2026-01-01/2026-06-30,2026-07-01/2026-07-26,69,159329.SZ|159980.SZ|159985.SZ|161226.SZ|501018.SH|512890.SH|513180.SH|513290.SH|513310.SH|513400.SH|513750.SH|588200.SH|588220.SH,2.7852731220953824,0.8962680546181492,annealing,0.05479851458106304,159796.SZ,512890.SH
rolling_simulated_annealing,2026-01-01/2026-06-30,2026-07-01/2026-07-26,70,159329.SZ|159980.SZ|159985.SZ|161226.SZ|501018.SH|512170.SH|513180.SH|513290.SH|513310.SH|513400.SH|513750.SH|588200.SH|588220.SH,2.7812141760391667,0.8962680546181492,annealing,0.05304545514234737,159796.SZ,512170.SH
rolling_simulated_annealing,2026-01-01/2026-06-30,2026-07-01/2026-07-26,71,159329.SZ|159796.SZ|159981.SZ|159985.SZ|161226.SZ|501018.SH|513180.SH|513290.SH|513310.SH|513400.SH|513750.SH|588200.SH|588220.SH,3.4372271433586548,0.8962680546181492,annealing,0.05134847783321434,159980.SZ,159981.SZ
rolling_simulated_annealing,2026-01-01/2026-06-30,2026-07-01/2026-07-26,72,159329.SZ|159796.SZ|159980.SZ|159985.SZ|161226.SZ|501018.SH|513180.SH|513310.SH|513400.SH|513750.SH|520870.SH|588200.SH|588220.SH,3.1826741746726275,0.8962680546181492,annealing,0.049705788530093976,513290.SH,520870.SH
rolling_simulated_annealing,2026-01-01/2026-06-30,2026-07-01/2026-07-26,73,159518.SZ|159796.SZ|159980.SZ|159985.SZ|161226.SZ|501018.SH|513180.SH|513290.SH|513310.SH|513400.SH|513750.SH|588200.SH|588220.SH,3.275591878657063,0.8962680546181492,annealing,0.04811565050522864,159329.SZ,159518.SZ
rolling_simulated_annealing,2026-01-01/2026-06-30,2026-07-01/2026-07-26,74,159329.SZ|159796.SZ|159980.SZ|159985.SZ|161226.SZ|501018.SH|513180.SH|513310.SH|513400.SH|513500.SH|513750.SH|588200.SH|588220.SH,2.772092176697327,0.8962680546181492,annealing,0.046576382590523456,513290.SH,513500.SH
rolling_simulated_annealing,2026-01-01/2026-06-30,2026-07-01/2026-07-26,75,159329.SZ|159796.SZ|159980.SZ|159985.SZ|161226.SZ|501018.SH|512880.SH|513180.SH|513290.SH|513310.SH|513400.SH|513750.SH|588220.SH,2.400922406684345,0.6347501798009353,annealing,0.045086357400136896,588200.SH,512880.SH
rolling_simulated_annealing,2026-01-01/2026-06-30,2026-07-01/2026-07-26,76,159329.SZ|159796.SZ|159980.SZ|159985.SZ|161226.SZ|513180.SH|513290.SH|513310.SH|513400.SH|513750.SH|518880.SH|588200.SH|588220.SH,2.044518915225905,0.8962680546181492,annealing,0.043643999609932656,501018.SH,518880.SH
rolling_simulated_annealing,2026-01-01/2026-06-30,2026-07-01/2026-07-26,77,159329.SZ|159796.SZ|159980.SZ|159985.SZ|161226.SZ|501018.SH|510880.SH|513180.SH|513290.SH|513310.SH|513400.SH|513750.SH|588200.SH,1.8971940716300533,0.6347501798009353,annealing,0.04224778429197339,588220.SH,510880.SH
rolling_simulated_annealing,2026-01-01/2026-06-30,2026-07-01/2026-07-26,78,159687.SZ|159796.SZ|159980.SZ|159985.SZ|161226.SZ|501018.SH|513180.SH|513290.SH|513310.SH|513400.SH|513750.SH|588200.SH|588220.SH,2.2300925291531137,0.8962680546181492,annealing,0.04089623530229582,159329.SZ,159687.SZ
rolling_simulated_annealing,2026-01-01/2026-06-30,2026-07-01/2026-07-26,79,159329.SZ|159851.SZ|159980.SZ|159985.SZ|161226.SZ|501018.SH|513180.SH|513290.SH|513310.SH|513400.SH|513750.SH|588200.SH|588220.SH,2.923726760275298,0.8962680546181492,annealing,0.03958792372026251,159796.SZ,159851.SZ
rolling_simulated_annealing,2026-01-01/2026-06-30,2026-07-01/2026-07-26,80,159329.SZ|159796.SZ|159980.SZ|159985.SZ|161226.SZ|501018.SH|513100.SH|513180.SH|513290.SH|513310.SH|513750.SH|588200.SH|588220.SH,3.919626815217029,0.8962680546181492,annealing,0.03832146633784024,513400.SH,513100.SH
rolling_simulated_annealing,2026-01-01/2026-06-30,2026-07-01/2026-07-26,81,159329.SZ|159796.SZ|159980.SZ|159981.SZ|159985.SZ|501018.SH|513100.SH|513180.SH|513290.SH|513310.SH|513750.SH|588200.SH|588220.SH,2.520170875105859,0.8962680546181492,annealing,0.03709552419720801,161226.SZ,159981.SZ
rolling_simulated_annealing,2026-01-01/2026-06-30,2026-07-01/2026-07-26,82,159329.SZ|159796.SZ|159980.SZ|161226.SZ|501018.SH|513100.SH|513180.SH|513290.SH|513310.SH|513750.SH|518880.SH|588200.SH|588220.SH,2.4581947403728734,0.8962680546181492,annealing,0.03590880117514833,159985.SZ,518880.SH
rolling_simulated_annealing,2026-01-01/2026-06-30,2026-07-01/2026-07-26,83,159329.SZ|159796.SZ|159920.SZ|159980.SZ|159985.SZ|161226.SZ|501018.SH|513100.SH|513180.SH|513290.SH|513310.SH|588200.SH|588220.SH,3.919626815217029,0.8962680546181492,annealing,0.03476004261272534,513750.SH,159920.SZ
rolling_simulated_annealing,2026-01-01/2026-06-30,2026-07-01/2026-07-26,84,159796.SZ|159920.SZ|159980.SZ|159985.SZ|161226.SZ|501018.SH|513080.SH|513100.SH|513180.SH|513290.SH|513310.SH|588200.SH|588220.SH,2.5519944207292227,0.8962680546181492,annealing,0.033648033988800806,159329.SZ,513080.SH
rolling_simulated_annealing,2026-01-01/2026-06-30,2026-07-01/2026-07-26,85,159329.SZ|159687.SZ|159796.SZ|159920.SZ|159980.SZ|159985.SZ|161226.SZ|501018.SH|513100.SH|513180.SH|513290.SH|588200.SH|588220.SH,2.151267450790214,0.8962680546181492,annealing,0.03257159963598576,513310.SH,159687.SZ
rolling_simulated_annealing,2026-01-01/2026-06-30,2026-07-01/2026-07-26,86,159329.SZ|159796.SZ|159920.SZ|159980.SZ|159981.SZ|161226.SZ|501018.SH|513100.SH|513180.SH|513290.SH|513310.SH|588200.SH|588220.SH,2.903244655553268,0.8962680546181492,annealing,0.03152960149767008,159985.SZ,159981.SZ
rolling_simulated_annealing,2026-01-01/2026-06-30,2026-07-01/2026-07-26,87,159796.SZ|159920.SZ|159980.SZ|159985.SZ|161226.SZ|164824.SZ|501018.SH|513100.SH|513180.SH|513290.SH|513310.SH|588200.SH|588220.SH,2.7097629252719537,0.8962680546181492,annealing,0.030520937924815954,159329.SZ,164824.SZ
rolling_simulated_annealing,2026-01-01/2026-06-30,2026-07-01/2026-07-26,88,159329.SZ|159796.SZ|159980.SZ|159985.SZ|161226.SZ|501018.SH|513070.SH|513100.SH|513180.SH|513290.SH|513310.SH|588200.SH|588220.SH,3.8038941898503214,0.8962680546181492,annealing,0.02954454251124314,159920.SZ,513070.SH
rolling_simulated_annealing,2026-01-01/2026-06-30,2026-07-01/2026-07-26,89,159329.SZ|159796.SZ|159920.SZ|159980.SZ|159981.SZ|159985.SZ|501018.SH|513100.SH|513180.SH|513290.SH|513310.SH|588200.SH|588220.SH,2.5587868217018293,0.8962680546181492,annealing,0.02859938296617458,161226.SZ,159981.SZ
rolling_simulated_annealing,2026-01-01/2026-06-30,2026-07-01/2026-07-26,90,159329.SZ|159796.SZ|159920.SZ|159981.SZ|159985.SZ|161226.SZ|501018.SH|513100.SH|513180.SH|513290.SH|513310.SH|588200.SH|588220.SH,3.496954657137323,0.8962680546181492,annealing,0.02768446002285045,159980.SZ,159981.SZ
rolling_simulated_annealing,2026-01-01/2026-06-30,2026-07-01/2026-07-26,91,159329.SZ|159796.SZ|159920.SZ|159980.SZ|161226.SZ|501018.SH|513100.SH|513180.SH|513290.SH|513310.SH|518880.SH|588200.SH|588220.SH,2.4581947403728734,0.8962680546181492,annealing,0.026798806382056773,159985.SZ,518880.SH
rolling_simulated_annealing,2026-01-01/2026-06-30,2026-07-01/2026-07-26,92,159796.SZ|159920.SZ|159980.SZ|159985.SZ|161226.SZ|501018.SH|513100.SH|513180.SH|513290.SH|513310.SH|513500.SH|588200.SH|588220.SH,2.7215720697627495,0.8962680546181492,annealing,0.02594148568945148,159329.SZ,513500.SH
rolling_simulated_annealing,2026-01-01/2026-06-30,2026-07-01/2026-07-26,93,159329.SZ|159796.SZ|159852.SZ|159920.SZ|159980.SZ|159985.SZ|161226.SZ|501018.SH|513100.SH|513180.SH|513290.SH|513310.SH|588200.SH,3.3843331395553133,0.8614689435973625,annealing,0.025111591545607014,588220.SH,159852.SZ
rolling_simulated_annealing,2026-01-01/2026-06-30,2026-07-01/2026-07-26,94,159326.SZ|159329.SZ|159920.SZ|159980.SZ|159985.SZ|161226.SZ|501018.SH|513100.SH|513180.SH|513290.SH|513310.SH|588200.SH|588220.SH,3.7416750341283236,0.8962680546181492,annealing,0.024308246547722494,159796.SZ,159326.SZ
rolling_simulated_annealing,2026-01-01/2026-06-30,2026-07-01/2026-07-26,95,159329.SZ|159796.SZ|159920.SZ|159980.SZ|159985.SZ|161226.SZ|501018.SH|513100.SH|513180.SH|513290.SH|513880.SH|588200.SH|588220.SH,2.2871439072965374,0.8962680546181492,annealing,0.02353060136199262,513310.SH,513880.SH
rolling_simulated_annealing,2026-01-01/2026-06-30,2026-07-01/2026-07-26,96,159329.SZ|159687.SZ|159796.SZ|159920.SZ|159980.SZ|159985.SZ|161226.SZ|501018.SH|513100.SH|513180.SH|513310.SH|588200.SH|588220.SH,3.1235187988708892,0.8962680546181492,annealing,0.022777833825652294,513290.SH,159687.SZ
rolling_simulated_annealing,2026-01-01/2026-06-30,2026-07-01/2026-07-26,97,159329.SZ|159796.SZ|159920.SZ|159980.SZ|159985.SZ|501018.SH|513100.SH|513180.SH|513290.SH|513310.SH|518880.SH|588200.SH|588220.SH,3.7050805530587074,0.8962680546181492,annealing,0.02204914807774781,161226.SZ,518880.SH
rolling_simulated_annealing,2026-01-01/2026-06-30,2026-07-01/2026-07-26,98,159329.SZ|159518.SZ|159796.SZ|159920.SZ|159980.SZ|159985.SZ|161226.SZ|501018.SH|513180.SH|513290.SH|513310.SH|588200.SH|588220.SH,3.499431236632092,0.8962680546181492,annealing,0.021343773717715567,513100.SH,159518.SZ
rolling_simulated_annealing,2026-01-01/2026-06-30,2026-07-01/2026-07-26,99,159329.SZ|159796.SZ|159980.SZ|159985.SZ|161226.SZ|501018.SH|513100.SH|513120.SH|513180.SH|513290.SH|513310.SH|588200.SH|588220.SH,3.7265788361832337,0.8962680546181492,annealing,0.020660964990878602,159920.SZ,513120.SH
rolling_simulated_annealing,2026-01-01/2026-06-30,2026-07-01/2026-07-26,100,159329.SZ|159920.SZ|159980.SZ|159985.SZ|161226.SZ|501018.SH|513100.SH|513180.SH|513290.SH|513310.SH|562500.SH|588200.SH|588220.SH,3.2434967207327965,0.8962680546181492,annealing,0.02,159796.SZ,562500.SH
