method,training_period,holding_period,evaluation,codes,sharpe,maximum_within_group_correlation,phase,generation
rolling_evolution_strategy,2021-07-01/2021-12-31,2022-01-01/2022-06-30,1,159901.SZ|159920.SZ|159980.SZ|159985.SZ|501018.SH|512200.SH|513030.SH|513080.SH|513180.SH|513500.SH|513880.SH|516150.SH|518880.SH,-1.3809150180987266,0.9194433972050108,initial_parents,
rolling_evolution_strategy,2021-07-01/2021-12-31,2022-01-01/2022-06-30,2,159825.SZ|159869.SZ|159920.SZ|159949.SZ|159980.SZ|159981.SZ|159985.SZ|160644.SZ|161226.SZ|164824.SZ|513030.SH|513100.SH|513180.SH,-0.09507470222157471,0.9194433972050108,initial_parents,
rolling_evolution_strategy,2021-07-01/2021-12-31,2022-01-01/2022-06-30,3,159920.SZ|159980.SZ|159985.SZ|160644.SZ|161226.SZ|501018.SH|510180.SH|512660.SH|512880.SH|513030.SH|513100.SH|513180.SH|513500.SH,-0.2136423291269693,0.9194433972050108,initial_parents,
rolling_evolution_strategy,2021-07-01/2021-12-31,2022-01-01/2022-06-30,4,159825.SZ|159870.SZ|159920.SZ|159980.SZ|159981.SZ|160644.SZ|161226.SZ|164824.SZ|512040.SH|513080.SH|513180.SH|513880.SH|518880.SH,-0.9191750884189797,0.9194433972050108,initial_parents,
rolling_evolution_strategy,2021-07-01/2021-12-31,2022-01-01/2022-06-30,5,159865.SZ|159920.SZ|159980.SZ|159981.SZ|159985.SZ|164824.SZ|501018.SH|510210.SH|512100.SH|513030.SH|513080.SH|513180.SH|513500.SH,0.4828387088919193,0.9194433972050108,initial_parents,
rolling_evolution_strategy,2021-07-01/2021-12-31,2022-01-01/2022-06-30,6,159870.SZ|159920.SZ|159967.SZ|159981.SZ|159985.SZ|161226.SZ|164824.SZ|510880.SH|513030.SH|513080.SH|513180.SH|513880.SH|518880.SH,-0.8921474599190523,0.9194433972050108,initial_parents,
rolling_evolution_strategy,2021-07-01/2021-12-31,2022-01-01/2022-06-30,7,159920.SZ|159980.SZ|160644.SZ|161226.SZ|164824.SZ|501018.SH|512800.SH|513180.SH|513500.SH|513880.SH|515210.SH|518880.SH|588000.SH,-0.5372583885678947,0.9194433972050108,initial_parents,
rolling_evolution_strategy,2021-07-01/2021-12-31,2022-01-01/2022-06-30,8,159825.SZ|159865.SZ|159920.SZ|159980.SZ|159985.SZ|160644.SZ|161226.SZ|164824.SZ|512400.SH|513030.SH|513180.SH|513880.SH|518880.SH,-2.0844356569807267,0.9194433972050108,initial_parents,
rolling_evolution_strategy,2021-07-01/2021-12-31,2022-01-01/2022-06-30,9,159920.SZ|159980.SZ|159985.SZ|160644.SZ|164824.SZ|501018.SH|510180.SH|512170.SH|513080.SH|513180.SH|513880.SH|516150.SH|518880.SH,-1.512153716437847,0.9194433972050108,initial_parents,
rolling_evolution_strategy,2021-07-01/2021-12-31,2022-01-01/2022-06-30,10,159852.SZ|159920.SZ|159980.SZ|159985.SZ|160644.SZ|161226.SZ|512200.SH|513030.SH|513080.SH|513100.SH|513180.SH|515880.SH|518880.SH,-2.0400869126818373,0.9194433972050108,initial_parents,
rolling_evolution_strategy,2021-07-01/2021-12-31,2022-01-01/2022-06-30,11,159920.SZ|159980.SZ|159985.SZ|160644.SZ|161226.SZ|164824.SZ|501018.SH|512800.SH|513180.SH|513500.SH|513880.SH|515210.SH|588000.SH,0.41482187359281736,0.9194433972050108,offspring,0.0
rolling_evolution_strategy,2021-07-01/2021-12-31,2022-01-01/2022-06-30,12,159825.SZ|159869.SZ|159920.SZ|159949.SZ|159980.SZ|159981.SZ|159985.SZ|160644.SZ|164824.SZ|501018.SH|513030.SH|513100.SH|513180.SH,0.48032521532150646,0.9194433972050108,offspring,0.0
rolling_evolution_strategy,2021-07-01/2021-12-31,2022-01-01/2022-06-30,13,159865.SZ|159920.SZ|159980.SZ|159985.SZ|160644.SZ|161226.SZ|164824.SZ|512400.SH|512880.SH|513030.SH|513180.SH|513880.SH|518880.SH,-1.5149212779608252,0.9194433972050108,offspring,0.0
rolling_evolution_strategy,2021-07-01/2021-12-31,2022-01-01/2022-06-30,14,159825.SZ|159870.SZ|159920.SZ|159980.SZ|159981.SZ|160644.SZ|161226.SZ|164824.SZ|512040.SH|513100.SH|513180.SH|513880.SH|518880.SH,-0.5285483825939724,0.9194433972050108,offspring,0.0
rolling_evolution_strategy,2021-07-01/2021-12-31,2022-01-01/2022-06-30,15,159825.SZ|159865.SZ|159920.SZ|159980.SZ|159981.SZ|159985.SZ|160644.SZ|164824.SZ|512400.SH|513030.SH|513180.SH|513880.SH|518880.SH,-0.6599074176402759,0.9194433972050108,offspring,0.0
rolling_evolution_strategy,2021-07-01/2021-12-31,2022-01-01/2022-06-30,16,159825.SZ|159865.SZ|159920.SZ|159980.SZ|159981.SZ|159985.SZ|160644.SZ|161226.SZ|164824.SZ|512400.SH|513030.SH|513180.SH|513880.SH,-0.17311378713165992,0.9194433972050108,offspring,0.0
rolling_evolution_strategy,2021-07-01/2021-12-31,2022-01-01/2022-06-30,17,159852.SZ|159915.SZ|159920.SZ|159980.SZ|159985.SZ|160644.SZ|161226.SZ|513030.SH|513080.SH|513100.SH|513180.SH|515880.SH|518880.SH,-1.9081655187125928,0.9194433972050108,offspring,0.0
rolling_evolution_strategy,2021-07-01/2021-12-31,2022-01-01/2022-06-30,18,159920.SZ|159980.SZ|159981.SZ|159985.SZ|160644.SZ|164824.SZ|501018.SH|510180.SH|512170.SH|513080.SH|513180.SH|513880.SH|516150.SH,-0.07058330645467559,0.9194433972050108,offspring,0.0
rolling_evolution_strategy,2021-07-01/2021-12-31,2022-01-01/2022-06-30,19,159825.SZ|159870.SZ|159920.SZ|159980.SZ|159981.SZ|161226.SZ|164824.SZ|512040.SH|513080.SH|513100.SH|513180.SH|513880.SH|518880.SH,-0.6140406481329133,0.9194433972050108,offspring,0.0
rolling_evolution_strategy,2021-07-01/2021-12-31,2022-01-01/2022-06-30,20,159865.SZ|159920.SZ|159980.SZ|159981.SZ|159985.SZ|164824.SZ|501018.SH|510210.SH|512100.SH|513030.SH|513180.SH|513500.SH|513880.SH,0.7372363794159442,0.9194433972050108,offspring,0.0
rolling_evolution_strategy,2021-07-01/2021-12-31,2022-01-01/2022-06-30,21,159825.SZ|159869.SZ|159920.SZ|159949.SZ|159980.SZ|159981.SZ|159985.SZ|160644.SZ|164824.SZ|513030.SH|513180.SH|513880.SH|518880.SH,-0.5852396570492703,0.9194433972050108,offspring,0.0
rolling_evolution_strategy,2021-07-01/2021-12-31,2022-01-01/2022-06-30,22,159851.SZ|159901.SZ|159920.SZ|159980.SZ|159985.SZ|501018.SH|512200.SH|513030.SH|513080.SH|513180.SH|513500.SH|513880.SH|518880.SH,-1.132026176907801,0.9194433972050108,offspring,0.0
rolling_evolution_strategy,2021-07-01/2021-12-31,2022-01-01/2022-06-30,23,159825.SZ|159870.SZ|159920.SZ|159980.SZ|159981.SZ|160644.SZ|161226.SZ|512040.SH|513080.SH|513100.SH|513180.SH|513880.SH|518880.SH,-0.5065946844224396,0.9194433972050108,offspring,0.0
rolling_evolution_strategy,2021-07-01/2021-12-31,2022-01-01/2022-06-30,24,159920.SZ|159980.SZ|160644.SZ|161226.SZ|501018.SH|512800.SH|513080.SH|513180.SH|513500.SH|513880.SH|515790.SH|518880.SH|588000.SH,-1.4471149690378173,0.9194433972050108,offspring,0.0
rolling_evolution_strategy,2021-07-01/2021-12-31,2022-01-01/2022-06-30,25,159825.SZ|159865.SZ|159920.SZ|159980.SZ|159981.SZ|160644.SZ|161226.SZ|164824.SZ|512040.SH|513080.SH|513180.SH|513880.SH|518880.SH,-0.8255097160716982,0.9194433972050108,offspring,0.0
rolling_evolution_strategy,2021-07-01/2021-12-31,2022-01-01/2022-06-30,26,159870.SZ|159920.SZ|159928.SZ|159980.SZ|159981.SZ|160644.SZ|161226.SZ|164824.SZ|510180.SH|513080.SH|513180.SH|513880.SH|518880.SH,-2.203292198348002,0.9194433972050108,offspring,0.0
rolling_evolution_strategy,2021-07-01/2021-12-31,2022-01-01/2022-06-30,27,159920.SZ|159980.SZ|159985.SZ|160644.SZ|164824.SZ|501018.SH|510180.SH|512170.SH|513030.SH|513080.SH|513180.SH|516150.SH|518880.SH,-1.0443409828927086,0.9194433972050108,offspring,0.0
rolling_evolution_strategy,2021-07-01/2021-12-31,2022-01-01/2022-06-30,28,159870.SZ|159920.SZ|159980.SZ|159985.SZ|160644.SZ|161226.SZ|501018.SH|510180.SH|512880.SH|513030.SH|513100.SH|513180.SH|513500.SH,-0.9886375763292976,0.9194433972050108,offspring,0.0
rolling_evolution_strategy,2021-07-01/2021-12-31,2022-01-01/2022-06-30,29,159825.SZ|159869.SZ|159920.SZ|159949.SZ|159980.SZ|159981.SZ|159985.SZ|160644.SZ|164824.SZ|501018.SH|513030.SH|513080.SH|513180.SH,0.04241091940445554,0.9194433972050108,offspring,0.0
rolling_evolution_strategy,2021-07-01/2021-12-31,2022-01-01/2022-06-30,30,159920.SZ|159980.SZ|160644.SZ|161226.SZ|164824.SZ|501018.SH|510500.SH|513180.SH|513500.SH|513880.SH|515210.SH|518880.SH|588000.SH,0.3713427295654997,0.9194433972050108,offspring,0.0
rolling_evolution_strategy,2021-07-01/2021-12-31,2022-01-01/2022-06-30,31,159865.SZ|159920.SZ|159980.SZ|159985.SZ|164824.SZ|501018.SH|510210.SH|512100.SH|513030.SH|513080.SH|513180.SH|513500.SH|518880.SH,0.007754846936702967,0.9194433972050108,offspring,1.0
rolling_evolution_strategy,2021-07-01/2021-12-31,2022-01-01/2022-06-30,32,159825.SZ|159865.SZ|159920.SZ|159980.SZ|159981.SZ|159985.SZ|160644.SZ|161226.SZ|164824.SZ|512400.SH|513100.SH|513180.SH|513880.SH,-0.17165859628860008,0.9194433972050108,offspring,1.0
rolling_evolution_strategy,2021-07-01/2021-12-31,2022-01-01/2022-06-30,33,159825.SZ|159869.SZ|159920.SZ|159949.SZ|159980.SZ|159981.SZ|159985.SZ|161226.SZ|164824.SZ|513030.SH|513100.SH|513180.SH|513500.SH,-0.5436443721606377,0.9194433972050108,offspring,1.0
rolling_evolution_strategy,2021-07-01/2021-12-31,2022-01-01/2022-06-30,34,159920.SZ|159980.SZ|159981.SZ|159985.SZ|160644.SZ|161226.SZ|164824.SZ|512170.SH|512400.SH|513030.SH|513180.SH|513880.SH|515210.SH,-1.1404887560098138,0.9194433972050108,offspring,1.0
rolling_evolution_strategy,2021-07-01/2021-12-31,2022-01-01/2022-06-30,35,159825.SZ|159869.SZ|159920.SZ|159949.SZ|159980.SZ|159981.SZ|159985.SZ|161226.SZ|164824.SZ|513030.SH|513100.SH|513180.SH|513880.SH,-0.005057428165296739,0.9194433972050108,offspring,1.0
rolling_evolution_strategy,2021-07-01/2021-12-31,2022-01-01/2022-06-30,36,159865.SZ|159920.SZ|159980.SZ|159981.SZ|159985.SZ|501018.SH|510210.SH|512100.SH|513030.SH|513080.SH|513180.SH|513500.SH|513880.SH,-0.0697947020516197,0.9194433972050108,offspring,1.0
rolling_evolution_strategy,2021-07-01/2021-12-31,2022-01-01/2022-06-30,37,159825.SZ|159869.SZ|159920.SZ|159949.SZ|159980.SZ|159985.SZ|160644.SZ|161226.SZ|164824.SZ|501018.SH|513030.SH|513100.SH|513180.SH,-0.4957861288812617,0.9194433972050108,offspring,1.0
rolling_evolution_strategy,2021-07-01/2021-12-31,2022-01-01/2022-06-30,38,159825.SZ|159869.SZ|159920.SZ|159949.SZ|159980.SZ|159981.SZ|159985.SZ|160644.SZ|501018.SH|513030.SH|513080.SH|513180.SH|513500.SH,-0.019456268383635893,0.9194433972050108,offspring,1.0
rolling_evolution_strategy,2021-07-01/2021-12-31,2022-01-01/2022-06-30,39,159865.SZ|159920.SZ|159980.SZ|159981.SZ|164824.SZ|501018.SH|510210.SH|512100.SH|513030.SH|513180.SH|513500.SH|513880.SH|518880.SH,0.5625361303441381,0.9194433972050108,offspring,1.0
rolling_evolution_strategy,2021-07-01/2021-12-31,2022-01-01/2022-06-30,40,159865.SZ|159920.SZ|159980.SZ|159981.SZ|159985.SZ|164824.SZ|510210.SH|512100.SH|513030.SH|513080.SH|513180.SH|513500.SH|518880.SH,-0.03543974977899221,0.9194433972050108,offspring,1.0
rolling_evolution_strategy,2021-07-01/2021-12-31,2022-01-01/2022-06-30,41,159825.SZ|159852.SZ|159920.SZ|159949.SZ|159980.SZ|159981.SZ|159985.SZ|160644.SZ|164824.SZ|501018.SH|513030.SH|513080.SH|513180.SH,-0.2802281758506468,0.9194433972050108,offspring,1.0
rolling_evolution_strategy,2021-07-01/2021-12-31,2022-01-01/2022-06-30,42,159920.SZ|159980.SZ|159981.SZ|159985.SZ|160644.SZ|164824.SZ|501018.SH|510180.SH|512170.SH|513180.SH|513500.SH|513880.SH|516150.SH,0.3499599450033985,0.9194433972050108,offspring,1.0
rolling_evolution_strategy,2021-07-01/2021-12-31,2022-01-01/2022-06-30,43,159920.SZ|159981.SZ|159985.SZ|160644.SZ|164824.SZ|501018.SH|510180.SH|512170.SH|513080.SH|513180.SH|513880.SH|516150.SH|518880.SH,-0.45577563918894143,0.9194433972050108,offspring,1.0
rolling_evolution_strategy,2021-07-01/2021-12-31,2022-01-01/2022-06-30,44,159920.SZ|159980.SZ|160644.SZ|161226.SZ|164824.SZ|501018.SH|510500.SH|512200.SH|513180.SH|513500.SH|513880.SH|515210.SH|518880.SH,0.18919972533064164,0.9194433972050108,offspring,1.0
rolling_evolution_strategy,2021-07-01/2021-12-31,2022-01-01/2022-06-30,45,159869.SZ|159920.SZ|159949.SZ|159980.SZ|159981.SZ|159985.SZ|160644.SZ|164824.SZ|501018.SH|513030.SH|513180.SH|513500.SH|588000.SH,0.07272302389225076,0.9194433972050108,offspring,1.0
rolling_evolution_strategy,2021-07-01/2021-12-31,2022-01-01/2022-06-30,46,159920.SZ|159980.SZ|159985.SZ|160644.SZ|161226.SZ|501018.SH|510180.SH|512660.SH|513030.SH|513100.SH|513180.SH|513500.SH|515880.SH,-0.4551481652907211,0.9194433972050108,offspring,1.0
rolling_evolution_strategy,2021-07-01/2021-12-31,2022-01-01/2022-06-30,47,159825.SZ|159869.SZ|159920.SZ|159949.SZ|159980.SZ|159981.SZ|159985.SZ|164824.SZ|501018.SH|513030.SH|513100.SH|513180.SH|513500.SH,0.43175285585971035,0.9194433972050108,offspring,1.0
rolling_evolution_strategy,2021-07-01/2021-12-31,2022-01-01/2022-06-30,48,159920.SZ|159980.SZ|159985.SZ|160644.SZ|161226.SZ|164824.SZ|501018.SH|510880.SH|512800.SH|513180.SH|513500.SH|513880.SH|515210.SH,0.04984771641537657,0.9194433972050108,offspring,1.0
rolling_evolution_strategy,2021-07-01/2021-12-31,2022-01-01/2022-06-30,49,159920.SZ|159980.SZ|159985.SZ|160644.SZ|161226.SZ|164824.SZ|501018.SH|510180.SH|512170.SH|513080.SH|513180.SH|513880.SH|516150.SH,-1.3236919945880534,0.9194433972050108,offspring,1.0
rolling_evolution_strategy,2021-07-01/2021-12-31,2022-01-01/2022-06-30,50,159825.SZ|159869.SZ|159920.SZ|159949.SZ|159980.SZ|159981.SZ|159985.SZ|160644.SZ|164824.SZ|501018.SH|513030.SH|513180.SH|513500.SH,0.7049883706722159,0.9194433972050108,offspring,1.0
rolling_evolution_strategy,2021-07-01/2021-12-31,2022-01-01/2022-06-30,51,159865.SZ|159920.SZ|159980.SZ|159981.SZ|159985.SZ|164824.SZ|501018.SH|510210.SH|512100.SH|513030.SH|513100.SH|513180.SH|513500.SH,0.6698115700214616,0.9194433972050108,offspring,2.0
rolling_evolution_strategy,2021-07-01/2021-12-31,2022-01-01/2022-06-30,52,159865.SZ|159920.SZ|159980.SZ|159981.SZ|160644.SZ|501018.SH|510210.SH|512100.SH|513030.SH|513180.SH|513500.SH|513880.SH|518880.SH,-0.09383939048360808,0.9194433972050108,offspring,2.0
rolling_evolution_strategy,2021-07-01/2021-12-31,2022-01-01/2022-06-30,53,159920.SZ|159928.SZ|159980.SZ|159981.SZ|164824.SZ|501018.SH|510210.SH|512100.SH|513030.SH|513180.SH|513500.SH|513880.SH|518880.SH,0.4131901318444215,0.9194433972050108,offspring,2.0
rolling_evolution_strategy,2021-07-01/2021-12-31,2022-01-01/2022-06-30,54,159920.SZ|159980.SZ|159981.SZ|160644.SZ|161226.SZ|164824.SZ|510500.SH|512200.SH|513100.SH|513180.SH|513880.SH|515210.SH|518880.SH,0.7319737649830145,0.9194433972050108,offspring,2.0
rolling_evolution_strategy,2021-07-01/2021-12-31,2022-01-01/2022-06-30,55,159825.SZ|159869.SZ|159920.SZ|159949.SZ|159981.SZ|159985.SZ|160644.SZ|161226.SZ|164824.SZ|501018.SH|513030.SH|513180.SH|513500.SH,0.4806928501794082,0.9194433972050108,offspring,2.0
rolling_evolution_strategy,2021-07-01/2021-12-31,2022-01-01/2022-06-30,56,159920.SZ|159980.SZ|159981.SZ|159985.SZ|160644.SZ|164824.SZ|501018.SH|512170.SH|512880.SH|513180.SH|513500.SH|513880.SH|516150.SH,0.26917553276048534,0.9194433972050108,offspring,2.0
rolling_evolution_strategy,2021-07-01/2021-12-31,2022-01-01/2022-06-30,57,159920.SZ|159980.SZ|159981.SZ|159985.SZ|164824.SZ|501018.SH|510180.SH|512170.SH|513080.SH|513180.SH|513500.SH|513880.SH|516150.SH,-0.2785934751838858,0.9194433972050108,offspring,2.0
rolling_evolution_strategy,2021-07-01/2021-12-31,2022-01-01/2022-06-30,58,159865.SZ|159920.SZ|159980.SZ|159981.SZ|164824.SZ|501018.SH|512100.SH|512890.SH|513030.SH|513180.SH|513500.SH|513880.SH|518880.SH,0.659233750418456,0.9194433972050108,offspring,2.0
rolling_evolution_strategy,2021-07-01/2021-12-31,2022-01-01/2022-06-30,59,159920.SZ|159981.SZ|159985.SZ|160644.SZ|501018.SH|510180.SH|512170.SH|513080.SH|513180.SH|513500.SH|513880.SH|516150.SH|518880.SH,-0.30711497890015127,0.9194433972050108,offspring,2.0
rolling_evolution_strategy,2021-07-01/2021-12-31,2022-01-01/2022-06-30,60,159865.SZ|159869.SZ|159920.SZ|159980.SZ|159981.SZ|159985.SZ|164824.SZ|501018.SH|510210.SH|513030.SH|513080.SH|513180.SH|513500.SH,0.6232712824320437,0.9194433972050108,offspring,2.0
rolling_evolution_strategy,2021-07-01/2021-12-31,2022-01-01/2022-06-30,61,159825.SZ|159869.SZ|159920.SZ|159949.SZ|159980.SZ|159985.SZ|164824.SZ|501018.SH|513030.SH|513100.SH|513180.SH|513500.SH|518880.SH,-0.689443554632137,0.9194433972050108,offspring,2.0
rolling_evolution_strategy,2021-07-01/2021-12-31,2022-01-01/2022-06-30,62,159825.SZ|159869.SZ|159920.SZ|159949.SZ|159980.SZ|159981.SZ|160644.SZ|161226.SZ|164824.SZ|501018.SH|513030.SH|513180.SH|513500.SH,0.23787155743665897,0.9194433972050108,offspring,2.0
rolling_evolution_strategy,2021-07-01/2021-12-31,2022-01-01/2022-06-30,63,159825.SZ|159869.SZ|159920.SZ|159949.SZ|159980.SZ|159981.SZ|159985.SZ|164824.SZ|501018.SH|513080.SH|513100.SH|513180.SH|513500.SH,0.29028758857066883,0.9194433972050108,offspring,2.0
rolling_evolution_strategy,2021-07-01/2021-12-31,2022-01-01/2022-06-30,64,159825.SZ|159869.SZ|159920.SZ|159949.SZ|159980.SZ|159981.SZ|159985.SZ|160644.SZ|164824.SZ|501018.SH|513180.SH|513500.SH|513880.SH,0.695885243290754,0.9194433972050108,offspring,2.0
rolling_evolution_strategy,2021-07-01/2021-12-31,2022-01-01/2022-06-30,65,159825.SZ|159869.SZ|159920.SZ|159949.SZ|159981.SZ|159985.SZ|161226.SZ|164824.SZ|501018.SH|513030.SH|513100.SH|513180.SH|513500.SH,0.34477708123471,0.9194433972050108,offspring,2.0
rolling_evolution_strategy,2021-07-01/2021-12-31,2022-01-01/2022-06-30,66,159851.SZ|159869.SZ|159920.SZ|159949.SZ|159980.SZ|159981.SZ|159985.SZ|160644.SZ|164824.SZ|501018.SH|513030.SH|513080.SH|513180.SH,0.5371626924636174,0.9194433972050108,offspring,2.0
rolling_evolution_strategy,2021-07-01/2021-12-31,2022-01-01/2022-06-30,67,159825.SZ|159869.SZ|159920.SZ|159949.SZ|159980.SZ|159981.SZ|159985.SZ|160644.SZ|501018.SH|513030.SH|513100.SH|513180.SH|513500.SH,-0.12494217340730268,0.9194433972050108,offspring,2.0
rolling_evolution_strategy,2021-07-01/2021-12-31,2022-01-01/2022-06-30,68,159825.SZ|159865.SZ|159920.SZ|159980.SZ|159981.SZ|159985.SZ|164824.SZ|501018.SH|510210.SH|513030.SH|513080.SH|513180.SH|513500.SH,0.3171622292091066,0.9194433972050108,offspring,2.0
rolling_evolution_strategy,2021-07-01/2021-12-31,2022-01-01/2022-06-30,69,159851.SZ|159920.SZ|159980.SZ|159985.SZ|160644.SZ|161226.SZ|164824.SZ|501018.SH|512800.SH|513180.SH|513500.SH|513880.SH|515210.SH,0.4344866724628204,0.9194433972050108,offspring,2.0
rolling_evolution_strategy,2021-07-01/2021-12-31,2022-01-01/2022-06-30,70,159865.SZ|159920.SZ|159980.SZ|159981.SZ|159985.SZ|164824.SZ|501018.SH|510210.SH|512100.SH|513030.SH|513080.SH|513180.SH|513880.SH,0.271156846039053,0.9194433972050108,offspring,2.0
rolling_evolution_strategy,2021-07-01/2021-12-31,2022-01-01/2022-06-30,71,159901.SZ|159920.SZ|159980.SZ|159981.SZ|159985.SZ|160644.SZ|164824.SZ|501018.SH|510210.SH|512100.SH|513030.SH|513080.SH|513180.SH,0.7165777727120807,0.9194433972050108,offspring,3.0
rolling_evolution_strategy,2021-07-01/2021-12-31,2022-01-01/2022-06-30,72,159920.SZ|159980.SZ|160644.SZ|161226.SZ|164824.SZ|501018.SH|510500.SH|512200.SH|513030.SH|513100.SH|513180.SH|515210.SH|518880.SH,0.24624399701885047,0.9194433972050108,offspring,3.0
rolling_evolution_strategy,2021-07-01/2021-12-31,2022-01-01/2022-06-30,73,159865.SZ|159920.SZ|159980.SZ|159981.SZ|159985.SZ|164824.SZ|501018.SH|510210.SH|512400.SH|513030.SH|513100.SH|513180.SH|513500.SH,0.40552166975656384,0.9194433972050108,offspring,3.0
rolling_evolution_strategy,2021-07-01/2021-12-31,2022-01-01/2022-06-30,74,159865.SZ|159869.SZ|159920.SZ|159980.SZ|159981.SZ|159985.SZ|164824.SZ|501018.SH|510210.SH|513030.SH|513080.SH|513180.SH|513880.SH,-0.18935629784554245,0.9194433972050108,offspring,3.0
rolling_evolution_strategy,2021-07-01/2021-12-31,2022-01-01/2022-06-30,75,159851.SZ|159869.SZ|159920.SZ|159949.SZ|159980.SZ|159981.SZ|159985.SZ|160644.SZ|501018.SH|513030.SH|513080.SH|513180.SH|513880.SH,0.1672583864199577,0.9194433972050108,offspring,3.0
rolling_evolution_strategy,2021-07-01/2021-12-31,2022-01-01/2022-06-30,76,159865.SZ|159920.SZ|159980.SZ|159981.SZ|159985.SZ|160644.SZ|501018.SH|510210.SH|512100.SH|513030.SH|513180.SH|513500.SH|513880.SH,0.33324929686049837,0.9194433972050108,offspring,3.0
rolling_evolution_strategy,2021-07-01/2021-12-31,2022-01-01/2022-06-30,77,159920.SZ|159981.SZ|159985.SZ|160644.SZ|161226.SZ|164824.SZ|510500.SH|512200.SH|513100.SH|513180.SH|513880.SH|515210.SH|518880.SH,0.05518840693663519,0.9194433972050108,offspring,3.0
rolling_evolution_strategy,2021-07-01/2021-12-31,2022-01-01/2022-06-30,78,159825.SZ|159869.SZ|159920.SZ|159980.SZ|159981.SZ|159985.SZ|160644.SZ|164824.SZ|501018.SH|512890.SH|513030.SH|513180.SH|513500.SH,0.4962403344447604,0.9194433972050108,offspring,3.0
rolling_evolution_strategy,2021-07-01/2021-12-31,2022-01-01/2022-06-30,79,159851.SZ|159869.SZ|159920.SZ|159980.SZ|159981.SZ|159985.SZ|160644.SZ|164824.SZ|501018.SH|512880.SH|513030.SH|513080.SH|513180.SH,0.48028139568563216,0.9194433972050108,offspring,3.0
rolling_evolution_strategy,2021-07-01/2021-12-31,2022-01-01/2022-06-30,80,159825.SZ|159869.SZ|159920.SZ|159949.SZ|159980.SZ|159981.SZ|159985.SZ|164824.SZ|501018.SH|513080.SH|513180.SH|513500.SH|513880.SH,0.48999450780815385,0.9194433972050108,offspring,3.0
rolling_evolution_strategy,2021-07-01/2021-12-31,2022-01-01/2022-06-30,81,159851.SZ|159869.SZ|159920.SZ|159949.SZ|159980.SZ|159981.SZ|159985.SZ|164824.SZ|501018.SH|513030.SH|513080.SH|513180.SH|513500.SH,0.7338334540468562,0.9194433972050108,offspring,3.0
rolling_evolution_strategy,2021-07-01/2021-12-31,2022-01-01/2022-06-30,82,159865.SZ|159920.SZ|159980.SZ|159981.SZ|164824.SZ|501018.SH|512100.SH|512890.SH|513030.SH|513100.SH|513180.SH|513500.SH|518880.SH,0.9876218691725894,0.9194433972050108,offspring,3.0
rolling_evolution_strategy,2021-07-01/2021-12-31,2022-01-01/2022-06-30,83,159865.SZ|159920.SZ|159980.SZ|159981.SZ|164824.SZ|501018.SH|512100.SH|513030.SH|513180.SH|513500.SH|513880.SH|515210.SH|518880.SH,0.5787757467027234,0.9194433972050108,offspring,3.0
rolling_evolution_strategy,2021-07-01/2021-12-31,2022-01-01/2022-06-30,84,159865.SZ|159920.SZ|159980.SZ|159981.SZ|160644.SZ|164824.SZ|501018.SH|510210.SH|512100.SH|513030.SH|513180.SH|513880.SH|518880.SH,-0.05780584827408699,0.9194433972050108,offspring,3.0
rolling_evolution_strategy,2021-07-01/2021-12-31,2022-01-01/2022-06-30,85,159869.SZ|159920.SZ|159949.SZ|159980.SZ|159981.SZ|159985.SZ|160644.SZ|164824.SZ|501018.SH|513030.SH|513080.SH|513180.SH|515790.SH,0.14985616227273707,0.9194433972050108,offspring,3.0
rolling_evolution_strategy,2021-07-01/2021-12-31,2022-01-01/2022-06-30,86,159766.SZ|159851.SZ|159869.SZ|159920.SZ|159980.SZ|159981.SZ|159985.SZ|160644.SZ|164824.SZ|501018.SH|513030.SH|513080.SH|513180.SH,0.3833798264176202,0.9194433972050108,offspring,3.0
rolling_evolution_strategy,2021-07-01/2021-12-31,2022-01-01/2022-06-30,87,159870.SZ|159920.SZ|159980.SZ|159981.SZ|159985.SZ|164824.SZ|510210.SH|512100.SH|513030.SH|513080.SH|513180.SH|513500.SH|518880.SH,-0.9217919923380098,0.9194433972050108,offspring,3.0
rolling_evolution_strategy,2021-07-01/2021-12-31,2022-01-01/2022-06-30,88,159865.SZ|159920.SZ|159981.SZ|159985.SZ|164824.SZ|501018.SH|510210.SH|513030.SH|513180.SH|513500.SH|513880.SH|515210.SH|518880.SH,0.42323918780841396,0.9194433972050108,offspring,3.0
rolling_evolution_strategy,2021-07-01/2021-12-31,2022-01-01/2022-06-30,89,159865.SZ|159920.SZ|159980.SZ|159981.SZ|159985.SZ|160644.SZ|164824.SZ|501018.SH|510210.SH|512100.SH|513080.SH|513180.SH|513500.SH,0.7986808281530073,0.9194433972050108,offspring,3.0
rolling_evolution_strategy,2021-07-01/2021-12-31,2022-01-01/2022-06-30,90,159920.SZ|159980.SZ|159981.SZ|159985.SZ|164824.SZ|501018.SH|510050.SH|510210.SH|512100.SH|513030.SH|513180.SH|513500.SH|513880.SH,0.19477610741846135,0.9194433972050108,offspring,3.0
rolling_evolution_strategy,2021-07-01/2021-12-31,2022-01-01/2022-06-30,91,159865.SZ|159920.SZ|159980.SZ|159981.SZ|164824.SZ|501018.SH|512890.SH|513030.SH|513100.SH|513180.SH|513500.SH|515790.SH|518880.SH,1.2279290407935908,0.9194433972050108,offspring,4.0
rolling_evolution_strategy,2021-07-01/2021-12-31,2022-01-01/2022-06-30,92,159920.SZ|159980.SZ|159981.SZ|160644.SZ|161226.SZ|510500.SH|512200.SH|513100.SH|513180.SH|513500.SH|513880.SH|515210.SH|518880.SH,-0.3125885729443068,0.9194433972050108,offspring,4.0
rolling_evolution_strategy,2021-07-01/2021-12-31,2022-01-01/2022-06-30,93,159825.SZ|159869.SZ|159920.SZ|159980.SZ|159981.SZ|159985.SZ|160644.SZ|164824.SZ|501018.SH|512100.SH|513180.SH|513500.SH|513880.SH,0.8648375405082684,0.9194433972050108,offspring,4.0
rolling_evolution_strategy,2021-07-01/2021-12-31,2022-01-01/2022-06-30,94,159901.SZ|159920.SZ|159980.SZ|159981.SZ|159985.SZ|164824.SZ|501018.SH|510210.SH|513030.SH|513080.SH|513180.SH|513500.SH|516150.SH,0.5727590296414443,0.9194433972050108,offspring,4.0
rolling_evolution_strategy,2021-07-01/2021-12-31,2022-01-01/2022-06-30,95,159865.SZ|159920.SZ|159980.SZ|159981.SZ|159985.SZ|160644.SZ|164824.SZ|501018.SH|510210.SH|512100.SH|513180.SH|513500.SH|513880.SH,1.0634741732542707,0.9194433972050108,offspring,4.0
rolling_evolution_strategy,2021-07-01/2021-12-31,2022-01-01/2022-06-30,96,159865.SZ|159869.SZ|159920.SZ|159949.SZ|159980.SZ|159981.SZ|159985.SZ|160644.SZ|164824.SZ|501018.SH|513030.SH|513180.SH|513500.SH,0.3995912610164441,0.9194433972050108,offspring,4.0
rolling_evolution_strategy,2021-07-01/2021-12-31,2022-01-01/2022-06-30,97,159865.SZ|159920.SZ|159980.SZ|159981.SZ|160644.SZ|161226.SZ|501018.SH|512100.SH|512890.SH|513030.SH|513100.SH|513180.SH|513500.SH,1.4680145905412334,0.9194433972050108,offspring,4.0
rolling_evolution_strategy,2021-07-01/2021-12-31,2022-01-01/2022-06-30,98,159825.SZ|159920.SZ|159980.SZ|159981.SZ|159985.SZ|160644.SZ|164824.SZ|501018.SH|510500.SH|513030.SH|513180.SH|513500.SH|588000.SH,0.1341553434099981,0.9194433972050108,offspring,4.0
rolling_evolution_strategy,2021-07-01/2021-12-31,2022-01-01/2022-06-30,99,159865.SZ|159920.SZ|159980.SZ|159981.SZ|161226.SZ|164824.SZ|510210.SH|512100.SH|513030.SH|513180.SH|513500.SH|513880.SH|518880.SH,-0.4469590705499111,0.9194433972050108,offspring,4.0
rolling_evolution_strategy,2021-07-01/2021-12-31,2022-01-01/2022-06-30,100,159920.SZ|159980.SZ|159981.SZ|160644.SZ|161226.SZ|164824.SZ|510500.SH|513100.SH|513180.SH|513880.SH|515210.SH|516150.SH|518880.SH,0.07731543903825805,0.9194433972050108,offspring,4.0
rolling_evolution_strategy,2022-01-01/2022-06-30,2022-07-01/2022-12-31,1,159985.SZ|161226.SZ|164824.SZ|501018.SH|510880.SH|512880.SH|513070.SH|513080.SH|513180.SH|513500.SH|513880.SH|518880.SH|588000.SH,0.1931276844072113,0.9123874319228055,initial_parents,
rolling_evolution_strategy,2022-01-01/2022-06-30,2022-07-01/2022-12-31,2,159825.SZ|159865.SZ|159870.SZ|159980.SZ|159985.SZ|160644.SZ|161226.SZ|513070.SH|513080.SH|513180.SH|513500.SH|513880.SH|518880.SH,-0.979133453584459,0.9123874319228055,initial_parents,
rolling_evolution_strategy,2022-01-01/2022-06-30,2022-07-01/2022-12-31,3,159920.SZ|159949.SZ|159981.SZ|159985.SZ|164824.SZ|501018.SH|512040.SH|512400.SH|513030.SH|513070.SH|513100.SH|513880.SH|518880.SH,0.007388994832947088,0.902954449056628,initial_parents,
rolling_evolution_strategy,2022-01-01/2022-06-30,2022-07-01/2022-12-31,4,159901.SZ|159981.SZ|159985.SZ|160644.SZ|161226.SZ|164824.SZ|512660.SH|512980.SH|513070.SH|513080.SH|513180.SH|513880.SH|518880.SH,-0.6935269900895984,0.9123874319228055,initial_parents,
rolling_evolution_strategy,2022-01-01/2022-06-30,2022-07-01/2022-12-31,5,159825.SZ|159920.SZ|159981.SZ|159985.SZ|160644.SZ|161226.SZ|164824.SZ|501018.SH|512400.SH|513030.SH|513070.SH|513880.SH|515880.SH,-0.4300259313234082,0.902954449056628,initial_parents,
rolling_evolution_strategy,2022-01-01/2022-06-30,2022-07-01/2022-12-31,6,159920.SZ|159981.SZ|159985.SZ|160644.SZ|161226.SZ|512200.SH|512980.SH|513030.SH|513070.SH|513500.SH|513880.SH|515790.SH|518880.SH,-0.4867899688709969,0.902954449056628,initial_parents,
rolling_evolution_strategy,2022-01-01/2022-06-30,2022-07-01/2022-12-31,7,159915.SZ|159920.SZ|159981.SZ|159985.SZ|160644.SZ|164824.SZ|501018.SH|510050.SH|512100.SH|513030.SH|513070.SH|513100.SH|518880.SH,0.233496091091637,0.902954449056628,initial_parents,
rolling_evolution_strategy,2022-01-01/2022-06-30,2022-07-01/2022-12-31,8,159901.SZ|159920.SZ|159980.SZ|160644.SZ|161226.SZ|164824.SZ|501018.SH|513030.SH|513070.SH|513880.SH|515220.SH|515880.SH|518880.SH,-0.13662667719205485,0.902954449056628,initial_parents,
rolling_evolution_strategy,2022-01-01/2022-06-30,2022-07-01/2022-12-31,9,159766.SZ|159920.SZ|159967.SZ|159981.SZ|159985.SZ|164824.SZ|501018.SH|510880.SH|513030.SH|513070.SH|513100.SH|513880.SH|518880.SH,-0.22406190485258184,0.902954449056628,initial_parents,
rolling_evolution_strategy,2022-01-01/2022-06-30,2022-07-01/2022-12-31,10,159766.SZ|159851.SZ|159980.SZ|159981.SZ|160644.SZ|161226.SZ|164824.SZ|501018.SH|512880.SH|513030.SH|513070.SH|513180.SH|513880.SH,-0.5051966314254397,0.9123874319228055,initial_parents,
rolling_evolution_strategy,2022-01-01/2022-06-30,2022-07-01/2022-12-31,11,159825.SZ|159865.SZ|159920.SZ|159980.SZ|159985.SZ|160644.SZ|161226.SZ|513070.SH|513080.SH|513500.SH|513880.SH|515220.SH|518880.SH,-1.0056999130643678,0.9039323248975308,offspring,0.0
rolling_evolution_strategy,2022-01-01/2022-06-30,2022-07-01/2022-12-31,12,159915.SZ|159920.SZ|159981.SZ|159985.SZ|160644.SZ|161226.SZ|164824.SZ|510050.SH|512100.SH|513030.SH|513070.SH|513100.SH|518880.SH,-0.3788926766831297,0.902954449056628,offspring,0.0
rolling_evolution_strategy,2022-01-01/2022-06-30,2022-07-01/2022-12-31,13,159825.SZ|159920.SZ|159981.SZ|159985.SZ|160644.SZ|164824.SZ|501018.SH|510050.SH|512100.SH|513030.SH|513070.SH|513100.SH|518880.SH,0.004643584985679142,0.902954449056628,offspring,0.0
rolling_evolution_strategy,2022-01-01/2022-06-30,2022-07-01/2022-12-31,14,159825.SZ|159915.SZ|159920.SZ|159981.SZ|159985.SZ|160644.SZ|164824.SZ|501018.SH|512100.SH|513030.SH|513070.SH|513100.SH|518880.SH,0.0032756755692136064,0.902954449056628,offspring,0.0
rolling_evolution_strategy,2022-01-01/2022-06-30,2022-07-01/2022-12-31,15,159825.SZ|159920.SZ|159981.SZ|160644.SZ|161226.SZ|164824.SZ|501018.SH|512400.SH|513030.SH|513070.SH|513880.SH|515880.SH|518880.SH,-0.41854436971897924,0.902954449056628,offspring,0.0
rolling_evolution_strategy,2022-01-01/2022-06-30,2022-07-01/2022-12-31,16,159915.SZ|159920.SZ|159980.SZ|159981.SZ|159985.SZ|160644.SZ|164824.SZ|501018.SH|510050.SH|512100.SH|513030.SH|513070.SH|513100.SH,0.44218714774798407,0.902954449056628,offspring,0.0
rolling_evolution_strategy,2022-01-01/2022-06-30,2022-07-01/2022-12-31,17,159901.SZ|159981.SZ|159985.SZ|160644.SZ|161226.SZ|164824.SZ|512660.SH|512980.SH|513070.SH|513100.SH|513180.SH|513880.SH|518880.SH,-0.42648089222587554,0.9123874319228055,offspring,0.0
rolling_evolution_strategy,2022-01-01/2022-06-30,2022-07-01/2022-12-31,18,159901.SZ|159920.SZ|159981.SZ|159985.SZ|160644.SZ|161226.SZ|164824.SZ|510880.SH|512980.SH|513070.SH|513080.SH|513880.SH|518880.SH,-0.95073956276829,0.902954449056628,offspring,0.0
rolling_evolution_strategy,2022-01-01/2022-06-30,2022-07-01/2022-12-31,19,159915.SZ|159920.SZ|159985.SZ|160644.SZ|161226.SZ|164824.SZ|501018.SH|510050.SH|512100.SH|513030.SH|513070.SH|513100.SH|518880.SH,0.28102637008411513,0.902954449056628,offspring,0.0
rolling_evolution_strategy,2022-01-01/2022-06-30,2022-07-01/2022-12-31,20,159920.SZ|159981.SZ|160644.SZ|161226.SZ|501018.SH|512200.SH|512980.SH|513030.SH|513070.SH|513500.SH|513880.SH|515790.SH|518880.SH,0.11656051570987826,0.902954449056628,offspring,0.0
rolling_evolution_strategy,2022-01-01/2022-06-30,2022-07-01/2022-12-31,21,159920.SZ|159981.SZ|159985.SZ|160644.SZ|161226.SZ|510210.SH|512980.SH|513030.SH|513070.SH|513500.SH|513880.SH|515790.SH|518880.SH,-0.3288129371338211,0.902954449056628,offspring,0.0
rolling_evolution_strategy,2022-01-01/2022-06-30,2022-07-01/2022-12-31,22,159901.SZ|159981.SZ|159985.SZ|160644.SZ|161226.SZ|512660.SH|512980.SH|513070.SH|513080.SH|513180.SH|513500.SH|513880.SH|518880.SH,-0.5968635405225633,0.9123874319228055,offspring,0.0
rolling_evolution_strategy,2022-01-01/2022-06-30,2022-07-01/2022-12-31,23,159920.SZ|159981.SZ|159985.SZ|160644.SZ|161226.SZ|512200.SH|512980.SH|513070.SH|513080.SH|513500.SH|513880.SH|515790.SH|518880.SH,-0.44387237558466475,0.902954449056628,offspring,0.0
rolling_evolution_strategy,2022-01-01/2022-06-30,2022-07-01/2022-12-31,24,159851.SZ|159980.SZ|159981.SZ|160644.SZ|161226.SZ|164824.SZ|501018.SH|510050.SH|512880.SH|513030.SH|513070.SH|513180.SH|513880.SH,0.19879999704275345,0.9123874319228055,offspring,0.0
rolling_evolution_strategy,2022-01-01/2022-06-30,2022-07-01/2022-12-31,25,159920.SZ|159981.SZ|159985.SZ|164824.SZ|501018.SH|512040.SH|512400.SH|512800.SH|513030.SH|513070.SH|513100.SH|513880.SH|518880.SH,-0.4663080259499634,0.902954449056628,offspring,0.0
rolling_evolution_strategy,2022-01-01/2022-06-30,2022-07-01/2022-12-31,26,159915.SZ|159985.SZ|161226.SZ|164824.SZ|501018.SH|510880.SH|512880.SH|513070.SH|513080.SH|513180.SH|513500.SH|513880.SH|518880.SH,0.3792811552490135,0.9123874319228055,offspring,0.0
rolling_evolution_strategy,2022-01-01/2022-06-30,2022-07-01/2022-12-31,27,159825.SZ|159920.SZ|159981.SZ|159985.SZ|160644.SZ|161226.SZ|164824.SZ|501018.SH|512400.SH|513030.SH|513070.SH|513500.SH|515880.SH,-0.14051547588836655,0.902954449056628,offspring,0.0
rolling_evolution_strategy,2022-01-01/2022-06-30,2022-07-01/2022-12-31,28,159985.SZ|161226.SZ|164824.SZ|501018.SH|512880.SH|513070.SH|513080.SH|513180.SH|513500.SH|513880.SH|516150.SH|518880.SH|588000.SH,0.5352721829041969,0.9123874319228055,offspring,0.0
rolling_evolution_strategy,2022-01-01/2022-06-30,2022-07-01/2022-12-31,29,159928.SZ|159985.SZ|161226.SZ|164824.SZ|501018.SH|510880.SH|512880.SH|513070.SH|513080.SH|513180.SH|513500.SH|513880.SH|518880.SH,0.5036327827744845,0.9123874319228055,offspring,0.0
rolling_evolution_strategy,2022-01-01/2022-06-30,2022-07-01/2022-12-31,30,159981.SZ|161226.SZ|164824.SZ|501018.SH|510880.SH|512880.SH|513070.SH|513080.SH|513100.SH|513180.SH|513880.SH|518880.SH|588000.SH,-0.15575401164208683,0.9123874319228055,offspring,0.0
rolling_evolution_strategy,2022-01-01/2022-06-30,2022-07-01/2022-12-31,31,159915.SZ|159920.SZ|159980.SZ|159981.SZ|159985.SZ|160644.SZ|164824.SZ|501018.SH|510050.SH|513030.SH|513070.SH|513100.SH|588000.SH,0.409363867941167,0.902954449056628,offspring,1.0
rolling_evolution_strategy,2022-01-01/2022-06-30,2022-07-01/2022-12-31,32,159980.SZ|159981.SZ|160644.SZ|161226.SZ|164824.SZ|501018.SH|510050.SH|512880.SH|513030.SH|513070.SH|513180.SH|513880.SH|515210.SH,-0.042477209224463276,0.9123874319228055,offspring,1.0
rolling_evolution_strategy,2022-01-01/2022-06-30,2022-07-01/2022-12-31,33,159928.SZ|159981.SZ|159985.SZ|164824.SZ|501018.SH|510880.SH|513070.SH|513080.SH|513180.SH|513500.SH|513880.SH|516150.SH|518880.SH,0.4773692471715958,0.9123874319228055,offspring,1.0
rolling_evolution_strategy,2022-01-01/2022-06-30,2022-07-01/2022-12-31,34,159920.SZ|159980.SZ|159985.SZ|160644.SZ|164824.SZ|501018.SH|510050.SH|512100.SH|512170.SH|513030.SH|513070.SH|513100.SH|518880.SH,0.5634196253964635,0.902954449056628,offspring,1.0
rolling_evolution_strategy,2022-01-01/2022-06-30,2022-07-01/2022-12-31,35,159915.SZ|159920.SZ|159981.SZ|160644.SZ|161226.SZ|164824.SZ|501018.SH|510050.SH|512100.SH|513030.SH|513070.SH|513100.SH|518880.SH,-0.0974019332174283,0.902954449056628,offspring,1.0
rolling_evolution_strategy,2022-01-01/2022-06-30,2022-07-01/2022-12-31,36,159915.SZ|159980.SZ|159985.SZ|161226.SZ|164824.SZ|501018.SH|510880.SH|512880.SH|513070.SH|513080.SH|513180.SH|513500.SH|513880.SH,0.4183031801096745,0.9123874319228055,offspring,1.0
rolling_evolution_strategy,2022-01-01/2022-06-30,2022-07-01/2022-12-31,37,159980.SZ|159985.SZ|164824.SZ|501018.SH|510880.SH|512880.SH|513070.SH|513080.SH|513180.SH|513500.SH|513880.SH|518880.SH|588000.SH,0.5120552884829671,0.9123874319228055,offspring,1.0
rolling_evolution_strategy,2022-01-01/2022-06-30,2022-07-01/2022-12-31,38,159796.SZ|159985.SZ|161226.SZ|164824.SZ|501018.SH|512880.SH|513070.SH|513080.SH|513180.SH|513500.SH|513880.SH|518880.SH|588000.SH,1.0185935497757046,0.9123874319228055,offspring,1.0
rolling_evolution_strategy,2022-01-01/2022-06-30,2022-07-01/2022-12-31,39,159851.SZ|159980.SZ|159981.SZ|160644.SZ|161226.SZ|501018.SH|510050.SH|512880.SH|513030.SH|513070.SH|513100.SH|513180.SH|513880.SH,0.21616083043723833,0.9123874319228055,offspring,1.0
rolling_evolution_strategy,2022-01-01/2022-06-30,2022-07-01/2022-12-31,40,159980.SZ|159985.SZ|161226.SZ|164824.SZ|501018.SH|510880.SH|513070.SH|513080.SH|513180.SH|513500.SH|513880.SH|515880.SH|588000.SH,-0.15961639628492408,0.9123874319228055,offspring,1.0
rolling_evolution_strategy,2022-01-01/2022-06-30,2022-07-01/2022-12-31,41,159928.SZ|159981.SZ|159985.SZ|164824.SZ|501018.SH|510880.SH|512880.SH|513070.SH|513080.SH|513180.SH|513500.SH|513880.SH|518880.SH,0.3089083962370456,0.9123874319228055,offspring,1.0
rolling_evolution_strategy,2022-01-01/2022-06-30,2022-07-01/2022-12-31,42,159870.SZ|159920.SZ|159985.SZ|160644.SZ|161226.SZ|164824.SZ|501018.SH|510050.SH|512100.SH|513030.SH|513070.SH|513100.SH|518880.SH,0.18696687357968012,0.902954449056628,offspring,1.0
rolling_evolution_strategy,2022-01-01/2022-06-30,2022-07-01/2022-12-31,43,159920.SZ|159949.SZ|159980.SZ|159981.SZ|164824.SZ|501018.SH|510050.SH|512400.SH|513030.SH|513070.SH|513100.SH|513880.SH|518880.SH,0.4166517038547001,0.902954449056628,offspring,1.0
rolling_evolution_strategy,2022-01-01/2022-06-30,2022-07-01/2022-12-31,44,159915.SZ|159920.SZ|159985.SZ|160644.SZ|161226.SZ|501018.SH|510880.SH|512880.SH|513070.SH|513080.SH|513500.SH|513880.SH|518880.SH,0.4803576314552407,0.902954449056628,offspring,1.0
rolling_evolution_strategy,2022-01-01/2022-06-30,2022-07-01/2022-12-31,45,159901.SZ|159985.SZ|161226.SZ|164824.SZ|501018.SH|510880.SH|513070.SH|513080.SH|513180.SH|513500.SH|513880.SH|518880.SH|588000.SH,0.3173808485205175,0.9123874319228055,offspring,1.0
rolling_evolution_strategy,2022-01-01/2022-06-30,2022-07-01/2022-12-31,46,159915.SZ|159920.SZ|159985.SZ|160644.SZ|161226.SZ|501018.SH|510050.SH|512100.SH|513030.SH|513070.SH|513100.SH|513880.SH|518880.SH,0.2305739568402034,0.902954449056628,offspring,1.0
rolling_evolution_strategy,2022-01-01/2022-06-30,2022-07-01/2022-12-31,47,159915.SZ|159920.SZ|159980.SZ|159981.SZ|159985.SZ|160644.SZ|501018.SH|510050.SH|512100.SH|513030.SH|513070.SH|513100.SH|513880.SH,0.38422730670081784,0.902954449056628,offspring,1.0
rolling_evolution_strategy,2022-01-01/2022-06-30,2022-07-01/2022-12-31,48,159915.SZ|159920.SZ|159985.SZ|160644.SZ|161226.SZ|164824.SZ|501018.SH|510050.SH|513030.SH|513070.SH|513100.SH|518880.SH|562500.SH,0.7976496835296617,0.902954449056628,offspring,1.0
rolling_evolution_strategy,2022-01-01/2022-06-30,2022-07-01/2022-12-31,49,159915.SZ|159985.SZ|161226.SZ|164824.SZ|501018.SH|512880.SH|513070.SH|513080.SH|513180.SH|513500.SH|513880.SH|515220.SH|518880.SH,0.5742800560559342,0.9123874319228055,offspring,1.0
rolling_evolution_strategy,2022-01-01/2022-06-30,2022-07-01/2022-12-31,50,159985.SZ|161226.SZ|164824.SZ|501018.SH|510880.SH|512660.SH|513070.SH|513080.SH|513180.SH|513500.SH|513880.SH|518880.SH|588000.SH,-0.08184042634151631,0.9123874319228055,offspring,1.0
rolling_evolution_strategy,2022-01-01/2022-06-30,2022-07-01/2022-12-31,51,159920.SZ|159980.SZ|159985.SZ|160644.SZ|164824.SZ|501018.SH|510050.SH|512170.SH|513030.SH|513070.SH|513100.SH|515210.SH|518880.SH,0.619695390641099,0.902954449056628,offspring,2.0
rolling_evolution_strategy,2022-01-01/2022-06-30,2022-07-01/2022-12-31,52,159920.SZ|159980.SZ|159985.SZ|164824.SZ|501018.SH|510880.SH|512880.SH|513070.SH|513080.SH|513500.SH|513880.SH|518880.SH|588000.SH,0.19051073812097152,0.902954449056628,offspring,2.0
rolling_evolution_strategy,2022-01-01/2022-06-30,2022-07-01/2022-12-31,53,159928.SZ|159985.SZ|161226.SZ|164824.SZ|501018.SH|510880.SH|513070.SH|513080.SH|513180.SH|513500.SH|513880.SH|516150.SH|518880.SH,0.21532982772889644,0.9123874319228055,offspring,2.0
rolling_evolution_strategy,2022-01-01/2022-06-30,2022-07-01/2022-12-31,54,159949.SZ|159980.SZ|159985.SZ|164824.SZ|501018.SH|510880.SH|513070.SH|513080.SH|513180.SH|513500.SH|513880.SH|518880.SH|588000.SH,0.6972339749784839,0.9123874319228055,offspring,2.0
rolling_evolution_strategy,2022-01-01/2022-06-30,2022-07-01/2022-12-31,55,159915.SZ|159920.SZ|159980.SZ|159981.SZ|159985.SZ|160644.SZ|164824.SZ|510050.SH|512100.SH|513030.SH|513070.SH|513100.SH|518880.SH,-0.11720005539755712,0.902954449056628,offspring,2.0
rolling_evolution_strategy,2022-01-01/2022-06-30,2022-07-01/2022-12-31,56,159796.SZ|159985.SZ|160644.SZ|161226.SZ|164824.SZ|501018.SH|512880.SH|513070.SH|513080.SH|513180.SH|513500.SH|518880.SH|588000.SH,1.0516814444340536,0.9123874319228055,offspring,2.0
rolling_evolution_strategy,2022-01-01/2022-06-30,2022-07-01/2022-12-31,57,159920.SZ|159980.SZ|159981.SZ|159985.SZ|160644.SZ|164824.SZ|510050.SH|512100.SH|512170.SH|513030.SH|513070.SH|513100.SH|518880.SH,-0.27141194892273823,0.902954449056628,offspring,2.0
rolling_evolution_strategy,2022-01-01/2022-06-30,2022-07-01/2022-12-31,58,159920.SZ|159980.SZ|159985.SZ|160644.SZ|501018.SH|510050.SH|512100.SH|512170.SH|513030.SH|513070.SH|513100.SH|513880.SH|518880.SH,0.7730876037229764,0.902954449056628,offspring,2.0
rolling_evolution_strategy,2022-01-01/2022-06-30,2022-07-01/2022-12-31,59,159928.SZ|159980.SZ|159985.SZ|161226.SZ|164824.SZ|510880.SH|512880.SH|513070.SH|513080.SH|513180.SH|513500.SH|513880.SH|518880.SH,0.06314709699313545,0.9123874319228055,offspring,2.0
rolling_evolution_strategy,2022-01-01/2022-06-30,2022-07-01/2022-12-31,60,159980.SZ|159981.SZ|159985.SZ|164824.SZ|501018.SH|510880.SH|512040.SH|512880.SH|513070.SH|513080.SH|513180.SH|513500.SH|513880.SH,0.0969226813857449,0.9123874319228055,offspring,2.0
rolling_evolution_strategy,2022-01-01/2022-06-30,2022-07-01/2022-12-31,61,159796.SZ|159985.SZ|160644.SZ|161226.SZ|164824.SZ|501018.SH|512880.SH|513070.SH|513180.SH|513500.SH|513880.SH|518880.SH|588000.SH,0.9340856049846038,0.9123874319228055,offspring,2.0
rolling_evolution_strategy,2022-01-01/2022-06-30,2022-07-01/2022-12-31,62,159915.SZ|159980.SZ|161226.SZ|164824.SZ|501018.SH|512880.SH|513070.SH|513080.SH|513180.SH|513500.SH|513880.SH|515220.SH|518880.SH,0.3818528479940821,0.9123874319228055,offspring,2.0
rolling_evolution_strategy,2022-01-01/2022-06-30,2022-07-01/2022-12-31,63,159920.SZ|159980.SZ|159981.SZ|159985.SZ|160644.SZ|164824.SZ|501018.SH|510050.SH|510880.SH|512100.SH|513030.SH|513070.SH|513100.SH,0.28483145140698946,0.902954449056628,offspring,2.0
rolling_evolution_strategy,2022-01-01/2022-06-30,2022-07-01/2022-12-31,64,159920.SZ|159980.SZ|159985.SZ|160644.SZ|501018.SH|510050.SH|512100.SH|512170.SH|513030.SH|513070.SH|513500.SH|513880.SH|518880.SH,0.8203475762105054,0.902954449056628,offspring,2.0
rolling_evolution_strategy,2022-01-01/2022-06-30,2022-07-01/2022-12-31,65,159915.SZ|159980.SZ|159981.SZ|159985.SZ|160644.SZ|164824.SZ|501018.SH|512100.SH|513030.SH|513070.SH|513100.SH|513180.SH|588000.SH,0.5619907505351153,0.9123874319228055,offspring,2.0
rolling_evolution_strategy,2022-01-01/2022-06-30,2022-07-01/2022-12-31,66,159915.SZ|159985.SZ|160644.SZ|161226.SZ|501018.SH|510880.SH|512170.SH|513070.SH|513080.SH|513180.SH|513500.SH|513880.SH|518880.SH,0.6955928080227258,0.9123874319228055,offspring,2.0
rolling_evolution_strategy,2022-01-01/2022-06-30,2022-07-01/2022-12-31,67,159915.SZ|159985.SZ|160644.SZ|161226.SZ|501018.SH|510880.SH|512880.SH|513070.SH|513080.SH|513180.SH|513500.SH|513880.SH|518880.SH,0.5865767776289498,0.9123874319228055,offspring,2.0
rolling_evolution_strategy,2022-01-01/2022-06-30,2022-07-01/2022-12-31,68,159928.SZ|159981.SZ|159985.SZ|160644.SZ|164824.SZ|501018.SH|510880.SH|513070.SH|513080.SH|513180.SH|513500.SH|516150.SH|518880.SH,0.4531560370233755,0.9123874319228055,offspring,2.0
rolling_evolution_strategy,2022-01-01/2022-06-30,2022-07-01/2022-12-31,69,159920.SZ|159985.SZ|160644.SZ|161226.SZ|164824.SZ|501018.SH|510050.SH|512890.SH|513030.SH|513070.SH|513100.SH|518880.SH|562500.SH,0.47817679688865605,0.902954449056628,offspring,2.0
rolling_evolution_strategy,2022-01-01/2022-06-30,2022-07-01/2022-12-31,70,159928.SZ|159980.SZ|159981.SZ|159985.SZ|164824.SZ|510880.SH|513070.SH|513080.SH|513180.SH|513500.SH|513880.SH|516150.SH|518880.SH,-0.06293918228256298,0.9123874319228055,offspring,2.0
rolling_evolution_strategy,2022-01-01/2022-06-30,2022-07-01/2022-12-31,71,159920.SZ|159980.SZ|159985.SZ|160644.SZ|501018.SH|510050.SH|512100.SH|513030.SH|513070.SH|513500.SH|513880.SH|515210.SH|518880.SH,0.451003434454615,0.902954449056628,offspring,3.0
rolling_evolution_strategy,2022-01-01/2022-06-30,2022-07-01/2022-12-31,72,159796.SZ|159985.SZ|161226.SZ|164824.SZ|501018.SH|512880.SH|512980.SH|513070.SH|513080.SH|513100.SH|513180.SH|513880.SH|518880.SH,0.6204257032487835,0.9123874319228055,offspring,3.0
rolling_evolution_strategy,2022-01-01/2022-06-30,2022-07-01/2022-12-31,73,159985.SZ|160644.SZ|161226.SZ|501018.SH|510300.SH|510880.SH|512880.SH|513070.SH|513080.SH|513180.SH|513500.SH|513880.SH|518880.SH,0.3449698788996729,0.9123874319228055,offspring,3.0
rolling_evolution_strategy,2022-01-01/2022-06-30,2022-07-01/2022-12-31,74,159796.SZ|159981.SZ|159985.SZ|160644.SZ|161226.SZ|164824.SZ|512880.SH|513070.SH|513080.SH|513180.SH|513500.SH|518880.SH|588000.SH,0.22090048519118016,0.9123874319228055,offspring,3.0
rolling_evolution_strategy,2022-01-01/2022-06-30,2022-07-01/2022-12-31,75,159949.SZ|159980.SZ|159985.SZ|164824.SZ|501018.SH|513070.SH|513080.SH|513180.SH|513500.SH|513880.SH|515880.SH|518880.SH|588000.SH,1.0044937485979668,0.9123874319228055,offspring,3.0
rolling_evolution_strategy,2022-01-01/2022-06-30,2022-07-01/2022-12-31,76,159915.SZ|159985.SZ|160644.SZ|161226.SZ|501018.SH|512170.SH|512400.SH|513070.SH|513080.SH|513180.SH|513500.SH|513880.SH|518880.SH,0.6001580802182552,0.9123874319228055,offspring,3.0
rolling_evolution_strategy,2022-01-01/2022-06-30,2022-07-01/2022-12-31,77,159920.SZ|159981.SZ|159985.SZ|160644.SZ|501018.SH|510050.SH|512100.SH|512170.SH|513030.SH|513070.SH|513100.SH|513880.SH|518880.SH,0.3093739433956984,0.902954449056628,offspring,3.0
rolling_evolution_strategy,2022-01-01/2022-06-30,2022-07-01/2022-12-31,78,159949.SZ|159981.SZ|159985.SZ|164824.SZ|501018.SH|510880.SH|513070.SH|513080.SH|513180.SH|513500.SH|513880.SH|518880.SH|588000.SH,0.6051400775591667,0.9123874319228055,offspring,3.0
rolling_evolution_strategy,2022-01-01/2022-06-30,2022-07-01/2022-12-31,79,159869.SZ|159949.SZ|159980.SZ|161226.SZ|164824.SZ|501018.SH|513070.SH|513080.SH|513180.SH|513500.SH|513880.SH|518880.SH|588000.SH,0.35628246027401356,0.9123874319228055,offspring,3.0
rolling_evolution_strategy,2022-01-01/2022-06-30,2022-07-01/2022-12-31,80,159796.SZ|159980.SZ|159985.SZ|160644.SZ|161226.SZ|164824.SZ|512880.SH|513070.SH|513180.SH|513500.SH|513880.SH|518880.SH|588000.SH,0.4834977466431944,0.9123874319228055,offspring,3.0
rolling_evolution_strategy,2022-01-01/2022-06-30,2022-07-01/2022-12-31,81,159796.SZ|159985.SZ|161226.SZ|164824.SZ|501018.SH|512800.SH|512880.SH|513070.SH|513080.SH|513180.SH|513500.SH|513880.SH|518880.SH,0.6057837207169782,0.9123874319228055,offspring,3.0
rolling_evolution_strategy,2022-01-01/2022-06-30,2022-07-01/2022-12-31,82,159796.SZ|159981.SZ|159985.SZ|160644.SZ|161226.SZ|164824.SZ|501018.SH|512880.SH|513070.SH|513080.SH|513180.SH|513880.SH|588000.SH,0.5310496043671232,0.9123874319228055,offspring,3.0
rolling_evolution_strategy,2022-01-01/2022-06-30,2022-07-01/2022-12-31,83,159852.SZ|159920.SZ|159980.SZ|159985.SZ|160644.SZ|164824.SZ|501018.SH|510050.SH|513030.SH|513070.SH|513100.SH|515210.SH|518880.SH,0.657883830241368,0.902954449056628,offspring,3.0
rolling_evolution_strategy,2022-01-01/2022-06-30,2022-07-01/2022-12-31,84,159980.SZ|159985.SZ|160644.SZ|161226.SZ|510050.SH|512100.SH|512170.SH|513030.SH|513070.SH|513180.SH|513500.SH|513880.SH|518880.SH,-0.11818999848444854,0.9123874319228055,offspring,3.0
rolling_evolution_strategy,2022-01-01/2022-06-30,2022-07-01/2022-12-31,85,159901.SZ|159985.SZ|160644.SZ|161226.SZ|501018.SH|510880.SH|512880.SH|513070.SH|513080.SH|513180.SH|513500.SH|513880.SH|518880.SH,0.5424362469703996,0.9123874319228055,offspring,3.0
rolling_evolution_strategy,2022-01-01/2022-06-30,2022-07-01/2022-12-31,86,159796.SZ|159985.SZ|160644.SZ|161226.SZ|164824.SZ|501018.SH|510210.SH|512880.SH|513070.SH|513080.SH|513180.SH|513500.SH|518880.SH,1.0520034607898363,0.9123874319228055,offspring,3.0
rolling_evolution_strategy,2022-01-01/2022-06-30,2022-07-01/2022-12-31,87,159920.SZ|159949.SZ|159980.SZ|159985.SZ|164824.SZ|501018.SH|510880.SH|513070.SH|513080.SH|513500.SH|513880.SH|518880.SH|588000.SH,0.32420549631065115,0.902954449056628,offspring,3.0
rolling_evolution_strategy,2022-01-01/2022-06-30,2022-07-01/2022-12-31,88,159920.SZ|159980.SZ|159985.SZ|160644.SZ|501018.SH|510050.SH|512170.SH|513030.SH|513070.SH|513100.SH|513880.SH|515210.SH|518880.SH,0.5701506309650245,0.902954449056628,offspring,3.0
rolling_evolution_strategy,2022-01-01/2022-06-30,2022-07-01/2022-12-31,89,159920.SZ|159980.SZ|159985.SZ|160644.SZ|164824.SZ|501018.SH|512100.SH|512170.SH|512400.SH|513030.SH|513070.SH|513880.SH|518880.SH,0.8387792360076742,0.902954449056628,offspring,3.0
rolling_evolution_strategy,2022-01-01/2022-06-30,2022-07-01/2022-12-31,90,159920.SZ|159980.SZ|159985.SZ|164824.SZ|501018.SH|510050.SH|512170.SH|513030.SH|513070.SH|513100.SH|513880.SH|515210.SH|518880.SH,0.4893140810732789,0.902954449056628,offspring,3.0
rolling_evolution_strategy,2022-01-01/2022-06-30,2022-07-01/2022-12-31,91,159915.SZ|159920.SZ|159981.SZ|159985.SZ|160644.SZ|164824.SZ|501018.SH|510050.SH|513030.SH|513070.SH|513100.SH|518880.SH|562500.SH,0.7864597610268872,0.902954449056628,offspring,4.0
rolling_evolution_strategy,2022-01-01/2022-06-30,2022-07-01/2022-12-31,92,159915.SZ|159920.SZ|159980.SZ|159985.SZ|160644.SZ|161226.SZ|164824.SZ|513030.SH|513070.SH|513100.SH|515880.SH|518880.SH|562500.SH,-0.204216217988306,0.902954449056628,offspring,4.0
rolling_evolution_strategy,2022-01-01/2022-06-30,2022-07-01/2022-12-31,93,159920.SZ|159980.SZ|159985.SZ|160644.SZ|164824.SZ|501018.SH|510050.SH|512100.SH|512170.SH|513070.SH|513100.SH|513880.SH|518880.SH,0.7630489457908685,0.902954449056628,offspring,4.0
rolling_evolution_strategy,2022-01-01/2022-06-30,2022-07-01/2022-12-31,94,159920.SZ|159980.SZ|159985.SZ|160644.SZ|161226.SZ|164824.SZ|501018.SH|512100.SH|512170.SH|512400.SH|513030.SH|513070.SH|513880.SH,-0.0002907015549099186,0.902954449056628,offspring,4.0
rolling_evolution_strategy,2022-01-01/2022-06-30,2022-07-01/2022-12-31,95,159949.SZ|159980.SZ|159985.SZ|160644.SZ|164824.SZ|501018.SH|513070.SH|513080.SH|513180.SH|513880.SH|515880.SH|518880.SH|588000.SH,1.069752154648707,0.9123874319228055,offspring,4.0
rolling_evolution_strategy,2022-01-01/2022-06-30,2022-07-01/2022-12-31,96,159949.SZ|159980.SZ|159985.SZ|160644.SZ|501018.SH|513070.SH|513080.SH|513180.SH|513500.SH|513880.SH|515880.SH|518880.SH|588000.SH,1.1875003909502417,0.9123874319228055,offspring,4.0
rolling_evolution_strategy,2022-01-01/2022-06-30,2022-07-01/2022-12-31,97,159915.SZ|159920.SZ|159985.SZ|160644.SZ|161226.SZ|164824.SZ|501018.SH|512890.SH|513030.SH|513070.SH|513100.SH|518880.SH|562500.SH,0.4870264074627358,0.902954449056628,offspring,4.0
rolling_evolution_strategy,2022-01-01/2022-06-30,2022-07-01/2022-12-31,98,159949.SZ|159980.SZ|161226.SZ|164824.SZ|501018.SH|513070.SH|513080.SH|513180.SH|513500.SH|513880.SH|515880.SH|518880.SH|588000.SH,0.19067396874561476,0.9123874319228055,offspring,4.0
rolling_evolution_strategy,2022-01-01/2022-06-30,2022-07-01/2022-12-31,99,159796.SZ|159985.SZ|160644.SZ|161226.SZ|501018.SH|510210.SH|512880.SH|513070.SH|513080.SH|513100.SH|513180.SH|513880.SH|518880.SH,0.5451123345801432,0.9123874319228055,offspring,4.0
rolling_evolution_strategy,2022-01-01/2022-06-30,2022-07-01/2022-12-31,100,159920.SZ|159981.SZ|159985.SZ|160644.SZ|164824.SZ|501018.SH|510050.SH|512100.SH|512170.SH|513030.SH|513070.SH|513880.SH|518880.SH,0.11224842894476203,0.902954449056628,offspring,4.0
rolling_evolution_strategy,2022-07-01/2022-12-31,2023-01-01/2023-06-30,1,159865.SZ|159901.SZ|159920.SZ|159980.SZ|159985.SZ|160644.SZ|501018.SH|512400.SH|513030.SH|513100.SH|513120.SH|513290.SH|518880.SH,0.173806088900495,0.7805308310639488,initial_parents,
rolling_evolution_strategy,2022-07-01/2022-12-31,2023-01-01/2023-06-30,2,159915.SZ|159981.SZ|160644.SZ|161226.SZ|164824.SZ|501018.SH|512660.SH|512880.SH|513070.SH|513100.SH|513120.SH|513290.SH|518880.SH,-0.4356266860525594,0.7599788068936458,initial_parents,
rolling_evolution_strategy,2022-07-01/2022-12-31,2023-01-01/2023-06-30,3,159825.SZ|159980.SZ|159981.SZ|501018.SH|512660.SH|513030.SH|513120.SH|513180.SH|513290.SH|513500.SH|513880.SH|515220.SH|518880.SH,-0.9722940277302878,0.84582438159002,initial_parents,
rolling_evolution_strategy,2022-07-01/2022-12-31,2023-01-01/2023-06-30,4,159825.SZ|159870.SZ|159920.SZ|159980.SZ|159981.SZ|160644.SZ|161226.SZ|164824.SZ|513030.SH|513100.SH|513120.SH|516150.SH|518880.SH,0.1316479966581001,0.8174625327685824,initial_parents,
rolling_evolution_strategy,2022-07-01/2022-12-31,2023-01-01/2023-06-30,5,159870.SZ|159928.SZ|159980.SZ|159981.SZ|159985.SZ|164824.SZ|501018.SH|510880.SH|513070.SH|513120.SH|513290.SH|513500.SH|513880.SH,1.0435565491576244,0.8251090976449644,initial_parents,
rolling_evolution_strategy,2022-07-01/2022-12-31,2023-01-01/2023-06-30,6,159928.SZ|159985.SZ|160644.SZ|161226.SZ|164824.SZ|501018.SH|513080.SH|513120.SH|513180.SH|513500.SH|515880.SH|518880.SH|562500.SH,0.18042925047962036,0.8316275404607769,initial_parents,
rolling_evolution_strategy,2022-07-01/2022-12-31,2023-01-01/2023-06-30,7,159920.SZ|159981.SZ|159985.SZ|160644.SZ|161226.SZ|510210.SH|510880.SH|513080.SH|513120.SH|513500.SH|513880.SH|515790.SH|518880.SH,0.0858856185812959,0.8316275404607769,initial_parents,
rolling_evolution_strategy,2022-07-01/2022-12-31,2023-01-01/2023-06-30,8,159920.SZ|159980.SZ|159985.SZ|161226.SZ|164824.SZ|510050.SH|513030.SH|513120.SH|513290.SH|513500.SH|515790.SH|515880.SH|518880.SH,0.36571771667558084,0.84582438159002,initial_parents,
rolling_evolution_strategy,2022-07-01/2022-12-31,2023-01-01/2023-06-30,9,159928.SZ|159980.SZ|159981.SZ|161226.SZ|164824.SZ|510050.SH|513070.SH|513080.SH|513100.SH|513120.SH|513290.SH|515210.SH|518880.SH,0.3155459226649132,0.8441949392380412,initial_parents,
rolling_evolution_strategy,2022-07-01/2022-12-31,2023-01-01/2023-06-30,10,159796.SZ|159920.SZ|159980.SZ|159981.SZ|160644.SZ|161226.SZ|501018.SH|510880.SH|513080.SH|513100.SH|513120.SH|513290.SH|516150.SH,-0.011399591532332224,0.7655141320931955,initial_parents,
rolling_evolution_strategy,2022-07-01/2022-12-31,2023-01-01/2023-06-30,11,159825.SZ|159870.SZ|159920.SZ|159980.SZ|160644.SZ|161226.SZ|164824.SZ|501018.SH|513030.SH|513100.SH|513120.SH|516150.SH|518880.SH,-0.22038445099517978,0.8174625327685824,offspring,0.0
rolling_evolution_strategy,2022-07-01/2022-12-31,2023-01-01/2023-06-30,12,159928.SZ|159980.SZ|159981.SZ|159985.SZ|164824.SZ|501018.SH|510880.SH|513070.SH|513120.SH|513290.SH|513500.SH|513880.SH|588000.SH,0.5779897744924224,0.8251090976449644,offspring,0.0
rolling_evolution_strategy,2022-07-01/2022-12-31,2023-01-01/2023-06-30,13,159915.SZ|159981.SZ|161226.SZ|164824.SZ|501018.SH|510300.SH|512660.SH|513070.SH|513080.SH|513100.SH|513120.SH|513290.SH|518880.SH,-0.5180145962785562,0.7691912766207186,offspring,0.0
rolling_evolution_strategy,2022-07-01/2022-12-31,2023-01-01/2023-06-30,14,159920.SZ|159980.SZ|159981.SZ|160644.SZ|161226.SZ|501018.SH|510300.SH|510880.SH|513080.SH|513120.SH|513290.SH|513500.SH|516150.SH,-0.4094717057241152,0.8316275404607769,offspring,0.0
rolling_evolution_strategy,2022-07-01/2022-12-31,2023-01-01/2023-06-30,15,159825.SZ|159870.SZ|159920.SZ|159980.SZ|159981.SZ|159985.SZ|161226.SZ|164824.SZ|513030.SH|513100.SH|513120.SH|513880.SH|516150.SH,0.5656169022886623,0.8174625327685824,offspring,0.0
rolling_evolution_strategy,2022-07-01/2022-12-31,2023-01-01/2023-06-30,16,159920.SZ|159981.SZ|159985.SZ|501018.SH|510210.SH|510880.SH|513080.SH|513120.SH|513290.SH|513500.SH|513880.SH|515790.SH|518880.SH,-0.17296927026413653,0.8316275404607769,offspring,0.0
rolling_evolution_strategy,2022-07-01/2022-12-31,2023-01-01/2023-06-30,17,159920.SZ|159980.SZ|159985.SZ|161226.SZ|164824.SZ|510500.SH|513030.SH|513120.SH|513290.SH|513500.SH|515790.SH|518880.SH|562500.SH,0.842759768496627,0.84582438159002,offspring,0.0
rolling_evolution_strategy,2022-07-01/2022-12-31,2023-01-01/2023-06-30,18,159865.SZ|159901.SZ|159920.SZ|159980.SZ|159985.SZ|160644.SZ|501018.SH|512200.SH|513030.SH|513100.SH|513120.SH|513290.SH|518880.SH,0.31070622688269567,0.7805308310639488,offspring,0.0
rolling_evolution_strategy,2022-07-01/2022-12-31,2023-01-01/2023-06-30,19,159825.SZ|159869.SZ|159980.SZ|159981.SZ|160644.SZ|501018.SH|513030.SH|513120.SH|513180.SH|513290.SH|513500.SH|515220.SH|518880.SH,-0.876958033336639,0.84582438159002,offspring,0.0
rolling_evolution_strategy,2022-07-01/2022-12-31,2023-01-01/2023-06-30,20,159928.SZ|159980.SZ|159985.SZ|160644.SZ|161226.SZ|164824.SZ|501018.SH|513080.SH|513120.SH|513180.SH|513500.SH|515880.SH|562500.SH,0.468191824395971,0.8316275404607769,offspring,0.0
rolling_evolution_strategy,2022-07-01/2022-12-31,2023-01-01/2023-06-30,21,159852.SZ|159980.SZ|159985.SZ|501018.SH|512660.SH|513030.SH|513120.SH|513180.SH|513290.SH|513500.SH|513880.SH|515220.SH|518880.SH,0.08121376711780463,0.84582438159002,offspring,0.0
rolling_evolution_strategy,2022-07-01/2022-12-31,2023-01-01/2023-06-30,22,159796.SZ|159920.SZ|159980.SZ|159981.SZ|160644.SZ|161226.SZ|510880.SH|513080.SH|513100.SH|513120.SH|513290.SH|516150.SH|518880.SH,0.1713183072564265,0.7655141320931955,offspring,0.0
rolling_evolution_strategy,2022-07-01/2022-12-31,2023-01-01/2023-06-30,23,159865.SZ|159928.SZ|159980.SZ|159985.SZ|160644.SZ|501018.SH|512400.SH|513030.SH|513070.SH|513100.SH|513120.SH|513290.SH|518880.SH,0.6469564991966162,0.7805308310639488,offspring,0.0
rolling_evolution_strategy,2022-07-01/2022-12-31,2023-01-01/2023-06-30,24,159915.SZ|159980.SZ|159981.SZ|160644.SZ|161226.SZ|510050.SH|513070.SH|513080.SH|513100.SH|513120.SH|513290.SH|515210.SH|518880.SH,-0.5316270224882025,0.7655141320931955,offspring,0.0
rolling_evolution_strategy,2022-07-01/2022-12-31,2023-01-01/2023-06-30,25,159920.SZ|159981.SZ|159985.SZ|160644.SZ|161226.SZ|510210.SH|510880.SH|513080.SH|513120.SH|513290.SH|513500.SH|515790.SH|518880.SH,-0.24980408635688187,0.8316275404607769,offspring,0.0
rolling_evolution_strategy,2022-07-01/2022-12-31,2023-01-01/2023-06-30,26,159980.SZ|159981.SZ|164824.SZ|501018.SH|510050.SH|513070.SH|513080.SH|513100.SH|513120.SH|513290.SH|515210.SH|515880.SH|518880.SH,-0.49830428678964067,0.7655141320931955,offspring,0.0
rolling_evolution_strategy,2022-07-01/2022-12-31,2023-01-01/2023-06-30,27,159920.SZ|159980.SZ|159985.SZ|161226.SZ|510050.SH|513030.SH|513120.SH|513290.SH|513500.SH|513880.SH|515790.SH|515880.SH|518880.SH,-0.9109707632479893,0.84582438159002,offspring,0.0
rolling_evolution_strategy,2022-07-01/2022-12-31,2023-01-01/2023-06-30,28,159796.SZ|159920.SZ|159980.SZ|159981.SZ|160644.SZ|161226.SZ|501018.SH|512400.SH|513080.SH|513100.SH|513120.SH|513290.SH|516150.SH,-0.0806905004099817,0.8631302891326726,offspring,0.0
rolling_evolution_strategy,2022-07-01/2022-12-31,2023-01-01/2023-06-30,29,159920.SZ|159980.SZ|159985.SZ|161226.SZ|164824.SZ|513030.SH|513120.SH|513290.SH|513500.SH|515220.SH|515790.SH|515880.SH|518880.SH,0.857995534767143,0.84582438159002,offspring,0.0
rolling_evolution_strategy,2022-07-01/2022-12-31,2023-01-01/2023-06-30,30,159980.SZ|159981.SZ|501018.SH|512040.SH|512660.SH|513030.SH|513120.SH|513180.SH|513290.SH|513500.SH|513880.SH|515220.SH|518880.SH,-0.5236011318501426,0.84582438159002,offspring,0.0
rolling_evolution_strategy,2022-07-01/2022-12-31,2023-01-01/2023-06-30,31,159852.SZ|159980.SZ|159981.SZ|161226.SZ|164824.SZ|510050.SH|513070.SH|513080.SH|513100.SH|513120.SH|513290.SH|515210.SH|518880.SH,0.3962949701742145,0.7655141320931955,offspring,1.0
rolling_evolution_strategy,2022-07-01/2022-12-31,2023-01-01/2023-06-30,32,159865.SZ|159928.SZ|159980.SZ|159985.SZ|160644.SZ|164824.SZ|501018.SH|512400.SH|513030.SH|513070.SH|513120.SH|513290.SH|518880.SH,0.703357811184993,0.7091623327353709,offspring,1.0
rolling_evolution_strategy,2022-07-01/2022-12-31,2023-01-01/2023-06-30,33,159928.SZ|159981.SZ|159985.SZ|164824.SZ|501018.SH|510880.SH|513120.SH|513180.SH|513290.SH|513500.SH|513880.SH|518880.SH|588000.SH,0.814594204506629,0.8251090976449644,offspring,1.0
rolling_evolution_strategy,2022-07-01/2022-12-31,2023-01-01/2023-06-30,34,159928.SZ|159980.SZ|159985.SZ|160644.SZ|161226.SZ|501018.SH|513080.SH|513120.SH|513180.SH|513500.SH|513880.SH|515880.SH|562500.SH,-0.41652736245934924,0.8316275404607769,offspring,1.0
rolling_evolution_strategy,2022-07-01/2022-12-31,2023-01-01/2023-06-30,35,159825.SZ|159920.SZ|159980.SZ|159981.SZ|159985.SZ|161226.SZ|164824.SZ|512800.SH|513030.SH|513100.SH|513120.SH|513880.SH|516150.SH,0.6609235712386249,0.7805308310639488,offspring,1.0
rolling_evolution_strategy,2022-07-01/2022-12-31,2023-01-01/2023-06-30,36,159920.SZ|159980.SZ|159985.SZ|161226.SZ|164824.SZ|510500.SH|513030.SH|513100.SH|513120.SH|513290.SH|515790.SH|518880.SH|562500.SH,0.8585096324991421,0.7805308310639488,offspring,1.0
rolling_evolution_strategy,2022-07-01/2022-12-31,2023-01-01/2023-06-30,37,159928.SZ|159980.SZ|159981.SZ|159985.SZ|164824.SZ|510050.SH|513070.SH|513080.SH|513100.SH|513120.SH|513290.SH|515210.SH|518880.SH,0.9897565672795862,0.8441949392380412,offspring,1.0
rolling_evolution_strategy,2022-07-01/2022-12-31,2023-01-01/2023-06-30,38,159928.SZ|159980.SZ|159981.SZ|159985.SZ|161226.SZ|164824.SZ|510050.SH|512660.SH|513070.SH|513080.SH|513100.SH|513120.SH|513290.SH,0.809189368546564,0.8441949392380412,offspring,1.0
rolling_evolution_strategy,2022-07-01/2022-12-31,2023-01-01/2023-06-30,39,159928.SZ|159980.SZ|159985.SZ|164824.SZ|501018.SH|510880.SH|513070.SH|513100.SH|513120.SH|513290.SH|513880.SH|518880.SH|588000.SH,0.8897459434690859,0.7599788068936458,offspring,1.0
rolling_evolution_strategy,2022-07-01/2022-12-31,2023-01-01/2023-06-30,40,159928.SZ|159980.SZ|160644.SZ|161226.SZ|164824.SZ|501018.SH|513080.SH|513120.SH|513180.SH|513500.SH|515880.SH|518880.SH|562500.SH,-0.5347952166686761,0.8316275404607769,offspring,1.0
rolling_evolution_strategy,2022-07-01/2022-12-31,2023-01-01/2023-06-30,41,159865.SZ|159928.SZ|159980.SZ|159985.SZ|160644.SZ|501018.SH|512400.SH|513070.SH|513100.SH|513120.SH|513290.SH|513880.SH|518880.SH,0.468609817132013,0.7599788068936458,offspring,1.0
rolling_evolution_strategy,2022-07-01/2022-12-31,2023-01-01/2023-06-30,42,159611.SZ|159920.SZ|159980.SZ|159985.SZ|161226.SZ|164824.SZ|513030.SH|513120.SH|513290.SH|513500.SH|515790.SH|515880.SH|518880.SH,-0.07548784385730445,0.84582438159002,offspring,1.0
rolling_evolution_strategy,2022-07-01/2022-12-31,2023-01-01/2023-06-30,43,159825.SZ|159870.SZ|159920.SZ|159928.SZ|159980.SZ|159981.SZ|159985.SZ|161226.SZ|164824.SZ|513030.SH|513100.SH|513120.SH|513880.SH,0.4142442794129202,0.7805308310639488,offspring,1.0
rolling_evolution_strategy,2022-07-01/2022-12-31,2023-01-01/2023-06-30,44,159901.SZ|159920.SZ|159980.SZ|159985.SZ|160644.SZ|501018.SH|510180.SH|512200.SH|513030.SH|513100.SH|513120.SH|513290.SH|518880.SH,0.19115699345636042,0.8738534541132639,offspring,1.0
rolling_evolution_strategy,2022-07-01/2022-12-31,2023-01-01/2023-06-30,45,159870.SZ|159920.SZ|159928.SZ|159980.SZ|159981.SZ|159985.SZ|164824.SZ|501018.SH|510880.SH|513120.SH|513290.SH|513500.SH|513880.SH,0.6821365570441916,0.8251090976449644,offspring,1.0
rolling_evolution_strategy,2022-07-01/2022-12-31,2023-01-01/2023-06-30,46,159870.SZ|159980.SZ|159981.SZ|159985.SZ|164824.SZ|510880.SH|513070.SH|513120.SH|513290.SH|513500.SH|513880.SH|515880.SH|518880.SH,0.4013909805390301,0.8251090976449644,offspring,1.0
rolling_evolution_strategy,2022-07-01/2022-12-31,2023-01-01/2023-06-30,47,159920.SZ|159980.SZ|159985.SZ|160644.SZ|161226.SZ|164824.SZ|513030.SH|513120.SH|513500.SH|515220.SH|515790.SH|515880.SH|518880.SH,1.074172203200059,0.84582438159002,offspring,1.0
rolling_evolution_strategy,2022-07-01/2022-12-31,2023-01-01/2023-06-30,48,159980.SZ|159985.SZ|161226.SZ|164824.SZ|501018.SH|513030.SH|513120.SH|513180.SH|513290.SH|513500.SH|515220.SH|515790.SH|515880.SH,1.1952694110523858,0.84582438159002,offspring,1.0
rolling_evolution_strategy,2022-07-01/2022-12-31,2023-01-01/2023-06-30,49,159825.SZ|159870.SZ|159920.SZ|159949.SZ|159980.SZ|159981.SZ|159985.SZ|161226.SZ|164824.SZ|513030.SH|513100.SH|513120.SH|513880.SH,0.6214507062810395,0.7805308310639488,offspring,1.0
rolling_evolution_strategy,2022-07-01/2022-12-31,2023-01-01/2023-06-30,50,159870.SZ|159928.SZ|159980.SZ|159981.SZ|159985.SZ|164824.SZ|501018.SH|510880.SH|513030.SH|513070.SH|513120.SH|513290.SH|513500.SH,1.177677785668043,0.84582438159002,offspring,1.0
rolling_evolution_strategy,2022-07-01/2022-12-31,2023-01-01/2023-06-30,51,159980.SZ|159985.SZ|161226.SZ|164824.SZ|501018.SH|513030.SH|513070.SH|513120.SH|513290.SH|513500.SH|515220.SH|515790.SH|515880.SH,1.2196708756678447,0.84582438159002,offspring,2.0
rolling_evolution_strategy,2022-07-01/2022-12-31,2023-01-01/2023-06-30,52,159920.SZ|159980.SZ|159985.SZ|160644.SZ|161226.SZ|164824.SZ|510300.SH|513030.SH|513120.SH|513500.SH|515220.SH|515790.SH|518880.SH,1.0163082617991963,0.84582438159002,offspring,2.0
rolling_evolution_strategy,2022-07-01/2022-12-31,2023-01-01/2023-06-30,53,159980.SZ|159985.SZ|164824.SZ|501018.SH|510500.SH|510880.SH|513070.SH|513100.SH|513120.SH|513290.SH|513880.SH|518880.SH|588000.SH,0.9431858445808626,0.7599788068936458,offspring,2.0
rolling_evolution_strategy,2022-07-01/2022-12-31,2023-01-01/2023-06-30,54,159870.SZ|159928.SZ|159980.SZ|159981.SZ|159985.SZ|164824.SZ|501018.SH|510880.SH|513030.SH|513070.SH|513120.SH|513290.SH|513880.SH,1.2105737572206796,0.7768884409244624,offspring,2.0
rolling_evolution_strategy,2022-07-01/2022-12-31,2023-01-01/2023-06-30,55,159920.SZ|159980.SZ|161226.SZ|164824.SZ|501018.SH|510500.SH|513030.SH|513120.SH|513290.SH|513500.SH|515790.SH|518880.SH|562500.SH,-0.17806484961557906,0.84582438159002,offspring,2.0
rolling_evolution_strategy,2022-07-01/2022-12-31,2023-01-01/2023-06-30,56,159928.SZ|159980.SZ|159985.SZ|161226.SZ|164824.SZ|510050.SH|513070.SH|513080.SH|513100.SH|513120.SH|513290.SH|515210.SH|518880.SH,1.007546049596162,0.8441949392380412,offspring,2.0
rolling_evolution_strategy,2022-07-01/2022-12-31,2023-01-01/2023-06-30,57,159920.SZ|159980.SZ|159985.SZ|161226.SZ|164824.SZ|510500.SH|513080.SH|513120.SH|513290.SH|513500.SH|515790.SH|518880.SH|562500.SH,0.9122491616447583,0.8316275404607769,offspring,2.0
rolling_evolution_strategy,2022-07-01/2022-12-31,2023-01-01/2023-06-30,58,159928.SZ|159980.SZ|159985.SZ|160644.SZ|164824.SZ|501018.SH|510880.SH|513070.SH|513100.SH|513120.SH|513880.SH|518880.SH|588000.SH,0.6190796038211752,0.7520854374286099,offspring,2.0
rolling_evolution_strategy,2022-07-01/2022-12-31,2023-01-01/2023-06-30,59,159928.SZ|159981.SZ|159985.SZ|501018.SH|510880.SH|513030.SH|513120.SH|513180.SH|513290.SH|513500.SH|513880.SH|518880.SH|588000.SH,0.2205861004893596,0.84582438159002,offspring,2.0
rolling_evolution_strategy,2022-07-01/2022-12-31,2023-01-01/2023-06-30,60,159920.SZ|159980.SZ|159985.SZ|161226.SZ|164824.SZ|501018.SH|513030.SH|513120.SH|513290.SH|513880.SH|515220.SH|515790.SH|515880.SH,0.7513796831231305,0.7768884409244624,offspring,2.0
rolling_evolution_strategy,2022-07-01/2022-12-31,2023-01-01/2023-06-30,61,159870.SZ|159928.SZ|159980.SZ|159981.SZ|161226.SZ|164824.SZ|501018.SH|510880.SH|513030.SH|513070.SH|513120.SH|513290.SH|513500.SH,0.2064299455634826,0.84582438159002,offspring,2.0
rolling_evolution_strategy,2022-07-01/2022-12-31,2023-01-01/2023-06-30,62,159920.SZ|159980.SZ|159985.SZ|160644.SZ|161226.SZ|513030.SH|513120.SH|513290.SH|513500.SH|515220.SH|515790.SH|515880.SH|518880.SH,0.29897124457660235,0.84582438159002,offspring,2.0
rolling_evolution_strategy,2022-07-01/2022-12-31,2023-01-01/2023-06-30,63,159928.SZ|159980.SZ|159985.SZ|161226.SZ|164824.SZ|512660.SH|513070.SH|513080.SH|513100.SH|513120.SH|513290.SH|515210.SH|518880.SH,0.7413516502845101,0.7655141320931955,offspring,2.0
rolling_evolution_strategy,2022-07-01/2022-12-31,2023-01-01/2023-06-30,64,159980.SZ|159985.SZ|161226.SZ|164824.SZ|501018.SH|513030.SH|513120.SH|513180.SH|513500.SH|513880.SH|515220.SH|515790.SH|515880.SH,1.1325483633747986,0.84582438159002,offspring,2.0
rolling_evolution_strategy,2022-07-01/2022-12-31,2023-01-01/2023-06-30,65,159920.SZ|159980.SZ|159985.SZ|160644.SZ|161226.SZ|164824.SZ|510050.SH|513030.SH|513120.SH|513500.SH|515220.SH|515790.SH|518880.SH,1.0212251099296221,0.84582438159002,offspring,2.0
rolling_evolution_strategy,2022-07-01/2022-12-31,2023-01-01/2023-06-30,66,159825.SZ|159920.SZ|159980.SZ|159985.SZ|160644.SZ|161226.SZ|164824.SZ|513030.SH|513120.SH|513500.SH|515220.SH|515880.SH|518880.SH,0.8297631796476532,0.84582438159002,offspring,2.0
rolling_evolution_strategy,2022-07-01/2022-12-31,2023-01-01/2023-06-30,67,159928.SZ|159980.SZ|159985.SZ|164824.SZ|501018.SH|513070.SH|513080.SH|513120.SH|513290.SH|513880.SH|518880.SH|562500.SH|588000.SH,0.5241824102697528,0.8020701325811442,offspring,2.0
rolling_evolution_strategy,2022-07-01/2022-12-31,2023-01-01/2023-06-30,68,159865.SZ|159928.SZ|159980.SZ|159981.SZ|159985.SZ|164824.SZ|501018.SH|510880.SH|513070.SH|513120.SH|513290.SH|513500.SH|513880.SH,0.24309826500764878,0.8251090976449644,offspring,2.0
rolling_evolution_strategy,2022-07-01/2022-12-31,2023-01-01/2023-06-30,69,159920.SZ|159980.SZ|159981.SZ|161226.SZ|164824.SZ|513030.SH|513120.SH|513290.SH|513500.SH|515220.SH|515790.SH|515880.SH|518880.SH,0.38043599650830323,0.84582438159002,offspring,2.0
rolling_evolution_strategy,2022-07-01/2022-12-31,2023-01-01/2023-06-30,70,159920.SZ|159928.SZ|159981.SZ|159985.SZ|164824.SZ|501018.SH|510880.SH|513120.SH|513290.SH|513500.SH|513880.SH|518880.SH|588000.SH,0.47440189401963884,0.8251090976449644,offspring,2.0
rolling_evolution_strategy,2022-07-01/2022-12-31,2023-01-01/2023-06-30,71,159870.SZ|159928.SZ|159980.SZ|159985.SZ|164824.SZ|501018.SH|510880.SH|513030.SH|513070.SH|513100.SH|513120.SH|513290.SH|518880.SH,0.9321387615099673,0.7805308310639488,offspring,3.0
rolling_evolution_strategy,2022-07-01/2022-12-31,2023-01-01/2023-06-30,72,159980.SZ|159985.SZ|161226.SZ|164824.SZ|501018.SH|513030.SH|513100.SH|513120.SH|513180.SH|513290.SH|515220.SH|515790.SH|515880.SH,1.4646604239465015,0.7805308310639488,offspring,3.0
rolling_evolution_strategy,2022-07-01/2022-12-31,2023-01-01/2023-06-30,73,159920.SZ|159985.SZ|160644.SZ|161226.SZ|164824.SZ|501018.SH|510300.SH|513030.SH|513120.SH|513290.SH|515220.SH|515790.SH|518880.SH,0.3371946706013116,0.7050666337742449,offspring,3.0
rolling_evolution_strategy,2022-07-01/2022-12-31,2023-01-01/2023-06-30,74,159980.SZ|161226.SZ|164824.SZ|501018.SH|513030.SH|513070.SH|513120.SH|513290.SH|513500.SH|515220.SH|515790.SH|515880.SH|518880.SH,0.40612085896738637,0.84582438159002,offspring,3.0
rolling_evolution_strategy,2022-07-01/2022-12-31,2023-01-01/2023-06-30,75,159870.SZ|159928.SZ|159981.SZ|159985.SZ|164824.SZ|501018.SH|510880.SH|513070.SH|513080.SH|513120.SH|513290.SH|513500.SH|518880.SH,0.918961355307371,0.8316275404607769,offspring,3.0
rolling_evolution_strategy,2022-07-01/2022-12-31,2023-01-01/2023-06-30,76,159980.SZ|159985.SZ|160644.SZ|161226.SZ|164824.SZ|510050.SH|510500.SH|513070.SH|513080.SH|513120.SH|513290.SH|515210.SH|518880.SH,0.9609495257241647,0.7799912145204781,offspring,3.0
rolling_evolution_strategy,2022-07-01/2022-12-31,2023-01-01/2023-06-30,77,159920.SZ|159980.SZ|159985.SZ|160644.SZ|164824.SZ|501018.SH|513030.SH|513120.SH|513500.SH|515220.SH|515790.SH|515880.SH|518880.SH,0.42482155577406716,0.84582438159002,offspring,3.0
rolling_evolution_strategy,2022-07-01/2022-12-31,2023-01-01/2023-06-30,78,159920.SZ|159980.SZ|159985.SZ|160644.SZ|161226.SZ|164824.SZ|510050.SH|513030.SH|513120.SH|513880.SH|515220.SH|515790.SH|518880.SH,0.7467256147739246,0.7768884409244624,offspring,3.0
rolling_evolution_strategy,2022-07-01/2022-12-31,2023-01-01/2023-06-30,79,159980.SZ|159985.SZ|161226.SZ|164824.SZ|513030.SH|513070.SH|513120.SH|513290.SH|513500.SH|515220.SH|515790.SH|515880.SH|518880.SH,1.1369218936351362,0.84582438159002,offspring,3.0
rolling_evolution_strategy,2022-07-01/2022-12-31,2023-01-01/2023-06-30,80,159980.SZ|159985.SZ|160644.SZ|161226.SZ|164824.SZ|501018.SH|513120.SH|513180.SH|513500.SH|513880.SH|515220.SH|515790.SH|515880.SH,0.7935721775576914,0.8251090976449644,offspring,3.0
rolling_evolution_strategy,2022-07-01/2022-12-31,2023-01-01/2023-06-30,81,159928.SZ|159980.SZ|159985.SZ|161226.SZ|164824.SZ|501018.SH|513030.SH|513120.SH|513180.SH|513290.SH|513500.SH|515220.SH|515880.SH,1.2070460261327993,0.84582438159002,offspring,3.0
rolling_evolution_strategy,2022-07-01/2022-12-31,2023-01-01/2023-06-30,82,159852.SZ|159985.SZ|161226.SZ|164824.SZ|501018.SH|513030.SH|513120.SH|513180.SH|513500.SH|513880.SH|515220.SH|515790.SH|518880.SH,0.9679070500923442,0.84582438159002,offspring,3.0
rolling_evolution_strategy,2022-07-01/2022-12-31,2023-01-01/2023-06-30,83,159870.SZ|159928.SZ|159980.SZ|159981.SZ|159985.SZ|164824.SZ|510880.SH|513030.SH|513070.SH|513120.SH|513290.SH|513500.SH|518880.SH,1.2376449857446625,0.84582438159002,offspring,3.0
rolling_evolution_strategy,2022-07-01/2022-12-31,2023-01-01/2023-06-30,84,159981.SZ|159985.SZ|161226.SZ|164824.SZ|501018.SH|513030.SH|513120.SH|513180.SH|513290.SH|513500.SH|515220.SH|515790.SH|515880.SH,1.270264563916469,0.84582438159002,offspring,3.0
rolling_evolution_strategy,2022-07-01/2022-12-31,2023-01-01/2023-06-30,85,159870.SZ|159928.SZ|159980.SZ|159981.SZ|159985.SZ|164824.SZ|501018.SH|513030.SH|513070.SH|513120.SH|513290.SH|513500.SH|515790.SH,1.0860516970167846,0.84582438159002,offspring,3.0
rolling_evolution_strategy,2022-07-01/2022-12-31,2023-01-01/2023-06-30,86,159920.SZ|159980.SZ|159981.SZ|160644.SZ|161226.SZ|164824.SZ|510300.SH|513030.SH|513120.SH|513290.SH|515220.SH|515790.SH|518880.SH,-0.017022924516536444,0.7050666337742449,offspring,3.0
rolling_evolution_strategy,2022-07-01/2022-12-31,2023-01-01/2023-06-30,87,159870.SZ|159928.SZ|159980.SZ|159981.SZ|159985.SZ|160644.SZ|164824.SZ|501018.SH|512400.SH|513070.SH|513120.SH|513290.SH|513500.SH,1.32060827066507,0.8877741788739847,offspring,3.0
rolling_evolution_strategy,2022-07-01/2022-12-31,2023-01-01/2023-06-30,88,159920.SZ|159928.SZ|159980.SZ|159981.SZ|159985.SZ|164824.SZ|501018.SH|510880.SH|512980.SH|513030.SH|513120.SH|513290.SH|513500.SH,0.7145019388869577,0.84582438159002,offspring,3.0
rolling_evolution_strategy,2022-07-01/2022-12-31,2023-01-01/2023-06-30,89,159980.SZ|159985.SZ|160644.SZ|161226.SZ|501018.SH|512880.SH|513030.SH|513120.SH|513180.SH|513500.SH|513880.SH|515220.SH|515880.SH,0.4630203110668155,0.84582438159002,offspring,3.0
rolling_evolution_strategy,2022-07-01/2022-12-31,2023-01-01/2023-06-30,90,159980.SZ|159985.SZ|161226.SZ|164824.SZ|501018.SH|512980.SH|513030.SH|513070.SH|513120.SH|513290.SH|513500.SH|515220.SH|515790.SH,0.8293616416484806,0.84582438159002,offspring,3.0
rolling_evolution_strategy,2022-07-01/2022-12-31,2023-01-01/2023-06-30,91,159928.SZ|159949.SZ|159980.SZ|159985.SZ|164824.SZ|501018.SH|510880.SH|513030.SH|513070.SH|513120.SH|513290.SH|513880.SH|518880.SH,0.5034427608908946,0.7768884409244624,offspring,4.0
rolling_evolution_strategy,2022-07-01/2022-12-31,2023-01-01/2023-06-30,92,159870.SZ|159928.SZ|159980.SZ|159981.SZ|159985.SZ|161226.SZ|164824.SZ|510880.SH|513030.SH|513070.SH|513120.SH|513290.SH|513880.SH,1.1315575957472916,0.7768884409244624,offspring,4.0
rolling_evolution_strategy,2022-07-01/2022-12-31,2023-01-01/2023-06-30,93,159980.SZ|159985.SZ|164824.SZ|501018.SH|513030.SH|513120.SH|513180.SH|513290.SH|513500.SH|515220.SH|515790.SH|515880.SH|518880.SH,0.7548840124933458,0.84582438159002,offspring,4.0
rolling_evolution_strategy,2022-07-01/2022-12-31,2023-01-01/2023-06-30,94,159980.SZ|159985.SZ|161226.SZ|164824.SZ|501018.SH|512890.SH|513030.SH|513100.SH|513120.SH|513180.SH|513290.SH|515790.SH|515880.SH,0.8303162557903704,0.7805308310639488,offspring,4.0
rolling_evolution_strategy,2022-07-01/2022-12-31,2023-01-01/2023-06-30,95,159981.SZ|159985.SZ|161226.SZ|501018.SH|513030.SH|513120.SH|513180.SH|513290.SH|513500.SH|513880.SH|515220.SH|515790.SH|515880.SH,0.5072197242692509,0.84582438159002,offspring,4.0
rolling_evolution_strategy,2022-07-01/2022-12-31,2023-01-01/2023-06-30,96,159825.SZ|159870.SZ|159928.SZ|159980.SZ|159981.SZ|159985.SZ|164824.SZ|513030.SH|513070.SH|513120.SH|513290.SH|513500.SH|518880.SH,0.6952131136462293,0.84582438159002,offspring,4.0
rolling_evolution_strategy,2022-07-01/2022-12-31,2023-01-01/2023-06-30,97,159928.SZ|159980.SZ|159985.SZ|160644.SZ|161226.SZ|164824.SZ|501018.SH|513030.SH|513120.SH|513180.SH|513290.SH|515220.SH|515880.SH,0.965665331844903,0.7051191112834191,offspring,4.0
rolling_evolution_strategy,2022-07-01/2022-12-31,2023-01-01/2023-06-30,98,159870.SZ|159920.SZ|159928.SZ|159980.SZ|159981.SZ|159985.SZ|164824.SZ|501018.SH|510880.SH|513030.SH|513120.SH|513290.SH|513880.SH,0.8302685824867987,0.7768884409244624,offspring,4.0
rolling_evolution_strategy,2022-07-01/2022-12-31,2023-01-01/2023-06-30,99,159980.SZ|159985.SZ|161226.SZ|164824.SZ|501018.SH|513030.SH|513120.SH|513180.SH|513290.SH|513500.SH|515210.SH|515220.SH|515790.SH,1.1410376793632349,0.84582438159002,offspring,4.0
rolling_evolution_strategy,2022-07-01/2022-12-31,2023-01-01/2023-06-30,100,159851.SZ|159980.SZ|159985.SZ|161226.SZ|164824.SZ|501018.SH|513030.SH|513120.SH|513180.SH|513500.SH|513880.SH|515220.SH|515880.SH,0.8215555451810068,0.84582438159002,offspring,4.0
rolling_evolution_strategy,2023-01-01/2023-06-30,2023-07-01/2023-12-31,1,159920.SZ|159980.SZ|159985.SZ|160644.SZ|161226.SZ|510210.SH|512040.SH|512170.SH|513100.SH|513120.SH|513290.SH|513500.SH|518880.SH,2.3217176793865995,0.8866258135554016,initial_parents,
rolling_evolution_strategy,2023-01-01/2023-06-30,2023-07-01/2023-12-31,2,159687.SZ|159852.SZ|159920.SZ|159980.SZ|159981.SZ|159985.SZ|512800.SH|513030.SH|513070.SH|513100.SH|513880.SH|515220.SH|518880.SH,2.228233016172757,0.9035245733924316,initial_parents,
rolling_evolution_strategy,2023-01-01/2023-06-30,2023-07-01/2023-12-31,3,159687.SZ|159920.SZ|159949.SZ|159980.SZ|159981.SZ|159985.SZ|161226.SZ|510210.SH|513070.SH|513100.SH|513290.SH|513500.SH|562500.SH,1.5801421891585739,0.9035245733924316,initial_parents,
rolling_evolution_strategy,2023-01-01/2023-06-30,2023-07-01/2023-12-31,4,159687.SZ|159920.SZ|159980.SZ|159981.SZ|160644.SZ|161226.SZ|164824.SZ|510300.SH|512100.SH|512170.SH|513070.SH|513310.SH|518880.SH,1.7142436616497982,0.9035245733924316,initial_parents,
rolling_evolution_strategy,2023-01-01/2023-06-30,2023-07-01/2023-12-31,5,159687.SZ|159796.SZ|159920.SZ|159980.SZ|159985.SZ|161226.SZ|164824.SZ|501018.SH|510500.SH|512890.SH|513070.SH|513310.SH|513880.SH,0.9218898749317949,0.9035245733924316,initial_parents,
rolling_evolution_strategy,2023-01-01/2023-06-30,2023-07-01/2023-12-31,6,159611.SZ|159687.SZ|159980.SZ|159981.SZ|160644.SZ|501018.SH|510500.SH|510880.SH|513070.SH|513080.SH|513100.SH|513120.SH|518880.SH,1.6207183549751607,0.6186640087669161,initial_parents,
rolling_evolution_strategy,2023-01-01/2023-06-30,2023-07-01/2023-12-31,7,159687.SZ|159901.SZ|159920.SZ|159981.SZ|159985.SZ|160644.SZ|161226.SZ|164824.SZ|501018.SH|510180.SH|512980.SH|513070.SH|513310.SH,0.5267809584027047,0.9035245733924316,initial_parents,
rolling_evolution_strategy,2023-01-01/2023-06-30,2023-07-01/2023-12-31,8,159865.SZ|159901.SZ|159920.SZ|159980.SZ|159985.SZ|164824.SZ|501018.SH|513070.SH|513290.SH|513310.SH|513500.SH|518880.SH|588000.SH,0.3098034073634809,0.9035245733924316,initial_parents,
rolling_evolution_strategy,2023-01-01/2023-06-30,2023-07-01/2023-12-31,9,159825.SZ|159981.SZ|159985.SZ|160644.SZ|501018.SH|510180.SH|513070.SH|513100.SH|513120.SH|513290.SH|513880.SH|515210.SH|518880.SH,1.5811101795748352,0.7293587522947999,initial_parents,
rolling_evolution_strategy,2023-01-01/2023-06-30,2023-07-01/2023-12-31,10,159865.SZ|159920.SZ|159980.SZ|159981.SZ|160644.SZ|161226.SZ|512400.SH|512660.SH|513100.SH|513120.SH|513310.SH|513880.SH|518880.SH,1.9311048313319972,0.6871488226207012,initial_parents,
rolling_evolution_strategy,2023-01-01/2023-06-30,2023-07-01/2023-12-31,11,159687.SZ|159901.SZ|159920.SZ|159980.SZ|159985.SZ|160644.SZ|161226.SZ|164824.SZ|501018.SH|510180.SH|512980.SH|513070.SH|513310.SH,0.27816251863526226,0.9035245733924316,offspring,0.0
rolling_evolution_strategy,2023-01-01/2023-06-30,2023-07-01/2023-12-31,12,159865.SZ|159901.SZ|159920.SZ|159980.SZ|159985.SZ|164824.SZ|501018.SH|513070.SH|513100.SH|513310.SH|513500.SH|518880.SH|588000.SH,1.734562168738262,0.9035245733924316,offspring,0.0
rolling_evolution_strategy,2023-01-01/2023-06-30,2023-07-01/2023-12-31,13,159980.SZ|159985.SZ|160644.SZ|161226.SZ|510210.SH|512040.SH|513070.SH|513100.SH|513120.SH|513290.SH|513500.SH|518880.SH|588200.SH,2.335385185622595,0.8866258135554016,offspring,0.0
rolling_evolution_strategy,2023-01-01/2023-06-30,2023-07-01/2023-12-31,14,159611.SZ|159687.SZ|159852.SZ|159920.SZ|159980.SZ|159981.SZ|159985.SZ|513030.SH|513070.SH|513100.SH|513880.SH|515220.SH|518880.SH,2.3727644697199044,0.9035245733924316,offspring,0.0
rolling_evolution_strategy,2023-01-01/2023-06-30,2023-07-01/2023-12-31,15,159687.SZ|159920.SZ|159980.SZ|159981.SZ|160644.SZ|161226.SZ|164824.SZ|510300.SH|512100.SH|512170.SH|513070.SH|513500.SH|518880.SH,2.032335546747926,0.9035245733924316,offspring,0.0
rolling_evolution_strategy,2023-01-01/2023-06-30,2023-07-01/2023-12-31,16,159611.SZ|159980.SZ|159981.SZ|160644.SZ|501018.SH|510500.SH|510880.SH|513070.SH|513080.SH|513100.SH|513120.SH|513290.SH|518880.SH,1.189685628214324,0.6186640087669161,offspring,0.0
rolling_evolution_strategy,2023-01-01/2023-06-30,2023-07-01/2023-12-31,17,159687.SZ|159852.SZ|159920.SZ|159980.SZ|159981.SZ|160644.SZ|161226.SZ|512100.SH|512170.SH|513070.SH|513310.SH|513880.SH|518880.SH,1.835180022967162,0.9035245733924316,offspring,0.0
rolling_evolution_strategy,2023-01-01/2023-06-30,2023-07-01/2023-12-31,18,159865.SZ|159920.SZ|159980.SZ|159981.SZ|160644.SZ|161226.SZ|512400.SH|512660.SH|513100.SH|513120.SH|513290.SH|513310.SH|518880.SH,1.7717901149012125,0.6871488226207012,offspring,0.0
rolling_evolution_strategy,2023-01-01/2023-06-30,2023-07-01/2023-12-31,19,159611.SZ|159687.SZ|159980.SZ|160644.SZ|161226.SZ|501018.SH|510500.SH|510880.SH|513070.SH|513080.SH|513100.SH|513120.SH|518880.SH,1.3405719763302184,0.6871488226207012,offspring,0.0
rolling_evolution_strategy,2023-01-01/2023-06-30,2023-07-01/2023-12-31,20,159920.SZ|159949.SZ|159980.SZ|159981.SZ|159985.SZ|161226.SZ|510210.SH|513070.SH|513100.SH|513290.SH|513500.SH|513880.SH|562500.SH,1.7952748540072165,0.9035245733924316,offspring,0.0
rolling_evolution_strategy,2023-01-01/2023-06-30,2023-07-01/2023-12-31,21,159852.SZ|159920.SZ|159980.SZ|159981.SZ|159985.SZ|164824.SZ|512800.SH|513030.SH|513070.SH|513100.SH|513880.SH|515220.SH|518880.SH,2.6533085430546426,0.9035245733924316,offspring,0.0
rolling_evolution_strategy,2023-01-01/2023-06-30,2023-07-01/2023-12-31,22,159687.SZ|159825.SZ|159920.SZ|159980.SZ|159981.SZ|159985.SZ|161226.SZ|510210.SH|513070.SH|513100.SH|513290.SH|513500.SH|562500.SH,1.2712872890525113,0.9035245733924316,offspring,0.0
rolling_evolution_strategy,2023-01-01/2023-06-30,2023-07-01/2023-12-31,23,159920.SZ|159980.SZ|159981.SZ|160644.SZ|161226.SZ|510210.SH|512040.SH|512170.SH|513100.SH|513120.SH|513290.SH|513500.SH|518880.SH,2.276651125194786,0.8866258135554016,offspring,0.0
rolling_evolution_strategy,2023-01-01/2023-06-30,2023-07-01/2023-12-31,24,159825.SZ|159981.SZ|159985.SZ|164824.SZ|501018.SH|510180.SH|513070.SH|513100.SH|513120.SH|513290.SH|513880.SH|515210.SH|518880.SH,1.3194592251224861,0.7293587522947999,offspring,0.0
rolling_evolution_strategy,2023-01-01/2023-06-30,2023-07-01/2023-12-31,25,159920.SZ|159980.SZ|160644.SZ|161226.SZ|501018.SH|510500.SH|512040.SH|512170.SH|513100.SH|513120.SH|513290.SH|513500.SH|518880.SH,1.6814123814709863,0.8866258135554016,offspring,0.0
rolling_evolution_strategy,2023-01-01/2023-06-30,2023-07-01/2023-12-31,26,159920.SZ|159985.SZ|160644.SZ|161226.SZ|501018.SH|510210.SH|512040.SH|512170.SH|513100.SH|513120.SH|513290.SH|513500.SH|518880.SH,1.4030722702023604,0.8866258135554016,offspring,0.0
rolling_evolution_strategy,2023-01-01/2023-06-30,2023-07-01/2023-12-31,27,159870.SZ|159920.SZ|159980.SZ|159985.SZ|160644.SZ|161226.SZ|512040.SH|512170.SH|513100.SH|513120.SH|513290.SH|513500.SH|518880.SH,2.424198748428451,0.8866258135554016,offspring,0.0
rolling_evolution_strategy,2023-01-01/2023-06-30,2023-07-01/2023-12-31,28,159687.SZ|159920.SZ|159981.SZ|159985.SZ|161226.SZ|164824.SZ|501018.SH|510180.SH|512100.SH|512980.SH|513070.SH|513310.SH|513880.SH,1.41011753056694,0.9035245733924316,offspring,0.0
rolling_evolution_strategy,2023-01-01/2023-06-30,2023-07-01/2023-12-31,29,159687.SZ|159796.SZ|159920.SZ|159980.SZ|159985.SZ|161226.SZ|164824.SZ|501018.SH|510500.SH|512890.SH|513030.SH|513070.SH|513310.SH,0.6637423437089418,0.9035245733924316,offspring,0.0
rolling_evolution_strategy,2023-01-01/2023-06-30,2023-07-01/2023-12-31,30,159687.SZ|159901.SZ|159920.SZ|159980.SZ|159981.SZ|159985.SZ|160644.SZ|161226.SZ|164824.SZ|510180.SH|512980.SH|513070.SH|513310.SH,0.6424702638306938,0.9035245733924316,offspring,0.0
rolling_evolution_strategy,2023-01-01/2023-06-30,2023-07-01/2023-12-31,31,159687.SZ|159920.SZ|159980.SZ|159985.SZ|160644.SZ|161226.SZ|510210.SH|512040.SH|512170.SH|513100.SH|513120.SH|513290.SH|518880.SH,1.8630660256123257,0.7616089023452407,offspring,1.0
rolling_evolution_strategy,2023-01-01/2023-06-30,2023-07-01/2023-12-31,32,159687.SZ|159920.SZ|159981.SZ|159985.SZ|160644.SZ|161226.SZ|164824.SZ|510300.SH|512100.SH|512170.SH|513070.SH|513500.SH|518880.SH,1.4205893533530152,0.9035245733924316,offspring,1.0
rolling_evolution_strategy,2023-01-01/2023-06-30,2023-07-01/2023-12-31,33,159687.SZ|159852.SZ|159901.SZ|159920.SZ|159981.SZ|159985.SZ|161226.SZ|513030.SH|513070.SH|513100.SH|513880.SH|515220.SH|518880.SH,2.4786353360027285,0.9035245733924316,offspring,1.0
rolling_evolution_strategy,2023-01-01/2023-06-30,2023-07-01/2023-12-31,34,159920.SZ|159980.SZ|159985.SZ|160644.SZ|161226.SZ|510210.SH|512040.SH|512170.SH|513120.SH|513290.SH|513310.SH|513500.SH|518880.SH,1.7098310064255933,0.7616089023452407,offspring,1.0
rolling_evolution_strategy,2023-01-01/2023-06-30,2023-07-01/2023-12-31,35,159870.SZ|159920.SZ|159980.SZ|159985.SZ|160644.SZ|161226.SZ|164824.SZ|512040.SH|512170.SH|513100.SH|513120.SH|513500.SH|518880.SH,2.836359512750469,0.8866258135554016,offspring,1.0
rolling_evolution_strategy,2023-01-01/2023-06-30,2023-07-01/2023-12-31,36,159687.SZ|159852.SZ|159920.SZ|159980.SZ|159981.SZ|160644.SZ|161226.SZ|510300.SH|512100.SH|513070.SH|513310.SH|513500.SH|518880.SH,2.2811097945148764,0.9035245733924316,offspring,1.0
rolling_evolution_strategy,2023-01-01/2023-06-30,2023-07-01/2023-12-31,37,159870.SZ|159920.SZ|159980.SZ|159985.SZ|160644.SZ|161226.SZ|512040.SH|512170.SH|513100.SH|513120.SH|513310.SH|513500.SH|518880.SH,2.1250107963416927,0.8866258135554016,offspring,1.0
rolling_evolution_strategy,2023-01-01/2023-06-30,2023-07-01/2023-12-31,38,159852.SZ|159920.SZ|159981.SZ|159985.SZ|164824.SZ|501018.SH|512800.SH|513030.SH|513070.SH|513100.SH|513880.SH|515220.SH|518880.SH,2.3173100846170764,0.9035245733924316,offspring,1.0
rolling_evolution_strategy,2023-01-01/2023-06-30,2023-07-01/2023-12-31,39,159901.SZ|159980.SZ|159985.SZ|160644.SZ|161226.SZ|510210.SH|512040.SH|513100.SH|513120.SH|513180.SH|513290.SH|513500.SH|518880.SH,2.1770732744680323,0.8866258135554016,offspring,1.0
rolling_evolution_strategy,2023-01-01/2023-06-30,2023-07-01/2023-12-31,40,159980.SZ|159985.SZ|161226.SZ|164824.SZ|510210.SH|512040.SH|513070.SH|513100.SH|513120.SH|513290.SH|513500.SH|518880.SH|588200.SH,2.265751257040619,0.8866258135554016,offspring,1.0
rolling_evolution_strategy,2023-01-01/2023-06-30,2023-07-01/2023-12-31,41,159687.SZ|159852.SZ|159920.SZ|159980.SZ|159981.SZ|159985.SZ|160644.SZ|512100.SH|512170.SH|513070.SH|513310.SH|513880.SH|518880.SH,1.3864885592266434,0.9035245733924316,offspring,1.0
rolling_evolution_strategy,2023-01-01/2023-06-30,2023-07-01/2023-12-31,42,159687.SZ|159852.SZ|159920.SZ|159980.SZ|159981.SZ|159985.SZ|510300.SH|513030.SH|513070.SH|513100.SH|513880.SH|515220.SH|518880.SH,2.336756500480823,0.9035245733924316,offspring,1.0
rolling_evolution_strategy,2023-01-01/2023-06-30,2023-07-01/2023-12-31,43,159920.SZ|159980.SZ|159985.SZ|160644.SZ|161226.SZ|510210.SH|512040.SH|512170.SH|513120.SH|513290.SH|513500.SH|513880.SH|518880.SH,1.8167344571014885,0.7616089023452407,offspring,1.0
rolling_evolution_strategy,2023-01-01/2023-06-30,2023-07-01/2023-12-31,44,159920.SZ|159980.SZ|159981.SZ|160644.SZ|161226.SZ|510050.SH|512400.SH|512660.SH|513100.SH|513120.SH|513310.SH|513880.SH|518880.SH,1.7331914490866338,0.6871488226207012,offspring,1.0
rolling_evolution_strategy,2023-01-01/2023-06-30,2023-07-01/2023-12-31,45,159687.SZ|159852.SZ|159920.SZ|159981.SZ|159985.SZ|161226.SZ|512800.SH|513030.SH|513070.SH|513100.SH|513880.SH|515220.SH|518880.SH,2.4131609533147467,0.9035245733924316,offspring,1.0
rolling_evolution_strategy,2023-01-01/2023-06-30,2023-07-01/2023-12-31,46,159980.SZ|159985.SZ|160644.SZ|161226.SZ|164824.SZ|510210.SH|512040.SH|513070.SH|513100.SH|513120.SH|513500.SH|518880.SH|588200.SH,2.757606314585339,0.8866258135554016,offspring,1.0
rolling_evolution_strategy,2023-01-01/2023-06-30,2023-07-01/2023-12-31,47,159865.SZ|159980.SZ|159981.SZ|160644.SZ|161226.SZ|512400.SH|512660.SH|513070.SH|513100.SH|513120.SH|513310.SH|513880.SH|518880.SH,1.9126517547964825,0.6871488226207012,offspring,1.0
rolling_evolution_strategy,2023-01-01/2023-06-30,2023-07-01/2023-12-31,48,159611.SZ|159687.SZ|159920.SZ|159980.SZ|159981.SZ|159985.SZ|512800.SH|513030.SH|513070.SH|513100.SH|513880.SH|515220.SH|518880.SH,2.0110766124000365,0.9035245733924316,offspring,1.0
rolling_evolution_strategy,2023-01-01/2023-06-30,2023-07-01/2023-12-31,49,159920.SZ|159980.SZ|159981.SZ|160644.SZ|161226.SZ|164824.SZ|510210.SH|512040.SH|512170.SH|513100.SH|513120.SH|513500.SH|518880.SH,2.48416347937447,0.8866258135554016,offspring,1.0
rolling_evolution_strategy,2023-01-01/2023-06-30,2023-07-01/2023-12-31,50,159920.SZ|159980.SZ|159981.SZ|160644.SZ|161226.SZ|510210.SH|512040.SH|512170.SH|513100.SH|513180.SH|513290.SH|513500.SH|518880.SH,2.2668781790710724,0.8931243278220744,offspring,1.0
rolling_evolution_strategy,2023-01-01/2023-06-30,2023-07-01/2023-12-31,51,159611.SZ|159687.SZ|159852.SZ|159920.SZ|159981.SZ|159985.SZ|161226.SZ|513030.SH|513070.SH|513100.SH|513880.SH|515220.SH|518880.SH,2.616642530176351,0.9035245733924316,offspring,2.0
rolling_evolution_strategy,2023-01-01/2023-06-30,2023-07-01/2023-12-31,52,159852.SZ|159920.SZ|159980.SZ|159981.SZ|159985.SZ|164824.SZ|512800.SH|512890.SH|513030.SH|513070.SH|513100.SH|513880.SH|518880.SH,2.9727136895581587,0.9035245733924316,offspring,2.0
rolling_evolution_strategy,2023-01-01/2023-06-30,2023-07-01/2023-12-31,53,159920.SZ|159980.SZ|159981.SZ|160644.SZ|161226.SZ|164824.SZ|510210.SH|512040.SH|512170.SH|513070.SH|513100.SH|513500.SH|518880.SH,2.8323931393084893,0.9035245733924316,offspring,2.0
rolling_evolution_strategy,2023-01-01/2023-06-30,2023-07-01/2023-12-31,54,159870.SZ|159920.SZ|159985.SZ|160644.SZ|161226.SZ|164824.SZ|501018.SH|512040.SH|512170.SH|513030.SH|513120.SH|513500.SH|518880.SH,1.2973779843749766,0.6871488226207012,offspring,2.0
rolling_evolution_strategy,2023-01-01/2023-06-30,2023-07-01/2023-12-31,55,159611.SZ|159687.SZ|159920.SZ|159980.SZ|159981.SZ|159985.SZ|513030.SH|513070.SH|513100.SH|513880.SH|515220.SH|515790.SH|518880.SH,1.8931493084932756,0.9035245733924316,offspring,2.0
rolling_evolution_strategy,2023-01-01/2023-06-30,2023-07-01/2023-12-31,56,159920.SZ|159980.SZ|159981.SZ|160644.SZ|161226.SZ|164824.SZ|510210.SH|512170.SH|513100.SH|513120.SH|513500.SH|515220.SH|518880.SH,2.1505086697091764,0.8866258135554016,offspring,2.0
rolling_evolution_strategy,2023-01-01/2023-06-30,2023-07-01/2023-12-31,57,159870.SZ|159920.SZ|159980.SZ|159985.SZ|160644.SZ|161226.SZ|164824.SZ|512170.SH|513100.SH|513120.SH|513500.SH|518880.SH|562500.SH,2.433342903639925,0.8866258135554016,offspring,2.0
rolling_evolution_strategy,2023-01-01/2023-06-30,2023-07-01/2023-12-31,58,159611.SZ|159687.SZ|159852.SZ|159920.SZ|159980.SZ|159981.SZ|159985.SZ|513030.SH|513070.SH|513080.SH|513880.SH|515220.SH|518880.SH,2.2100069695120634,0.9096396735534105,offspring,2.0
rolling_evolution_strategy,2023-01-01/2023-06-30,2023-07-01/2023-12-31,59,159852.SZ|159920.SZ|159980.SZ|159981.SZ|159985.SZ|164824.SZ|512800.SH|513030.SH|513070.SH|513100.SH|513290.SH|515220.SH|518880.SH,1.9108884833145765,0.9035245733924316,offspring,2.0
rolling_evolution_strategy,2023-01-01/2023-06-30,2023-07-01/2023-12-31,60,159920.SZ|159980.SZ|159981.SZ|160644.SZ|161226.SZ|164824.SZ|512040.SH|512100.SH|512170.SH|513100.SH|513120.SH|513500.SH|518880.SH,3.0127222242699054,0.8866258135554016,offspring,2.0
rolling_evolution_strategy,2023-01-01/2023-06-30,2023-07-01/2023-12-31,61,159920.SZ|159980.SZ|159981.SZ|160644.SZ|161226.SZ|164824.SZ|510210.SH|512040.SH|512170.SH|513100.SH|513180.SH|513500.SH|518880.SH,2.6492981928592547,0.8931243278220744,offspring,2.0
rolling_evolution_strategy,2023-01-01/2023-06-30,2023-07-01/2023-12-31,62,159852.SZ|159920.SZ|159980.SZ|159981.SZ|159985.SZ|510300.SH|513030.SH|513070.SH|513100.SH|513310.SH|513880.SH|515220.SH|518880.SH,2.097432872231346,0.9035245733924316,offspring,2.0
rolling_evolution_strategy,2023-01-01/2023-06-30,2023-07-01/2023-12-31,63,159852.SZ|159920.SZ|159980.SZ|159981.SZ|159985.SZ|164824.SZ|512800.SH|513070.SH|513100.SH|513310.SH|513880.SH|515220.SH|518880.SH,2.384995791182408,0.9035245733924316,offspring,2.0
rolling_evolution_strategy,2023-01-01/2023-06-30,2023-07-01/2023-12-31,64,159687.SZ|159852.SZ|159920.SZ|159980.SZ|159981.SZ|161226.SZ|512800.SH|513030.SH|513070.SH|513100.SH|513880.SH|515220.SH|518880.SH,2.3278330761868475,0.9035245733924316,offspring,2.0
rolling_evolution_strategy,2023-01-01/2023-06-30,2023-07-01/2023-12-31,65,159852.SZ|159980.SZ|159981.SZ|159985.SZ|164824.SZ|512800.SH|513030.SH|513070.SH|513120.SH|513310.SH|513880.SH|515220.SH|518880.SH,2.226659296050831,0.6186640087669161,offspring,2.0
rolling_evolution_strategy,2023-01-01/2023-06-30,2023-07-01/2023-12-31,66,159687.SZ|159852.SZ|159901.SZ|159920.SZ|159985.SZ|161226.SZ|501018.SH|513030.SH|513070.SH|513100.SH|513880.SH|515220.SH|518880.SH,2.232753290064018,0.9035245733924316,offspring,2.0
rolling_evolution_strategy,2023-01-01/2023-06-30,2023-07-01/2023-12-31,67,159687.SZ|159852.SZ|159920.SZ|159981.SZ|159985.SZ|161226.SZ|512400.SH|513030.SH|513100.SH|513180.SH|513880.SH|515220.SH|518880.SH,2.5251574305586315,0.8931243278220744,offspring,2.0
rolling_evolution_strategy,2023-01-01/2023-06-30,2023-07-01/2023-12-31,68,159687.SZ|159852.SZ|159920.SZ|159928.SZ|159981.SZ|159985.SZ|161226.SZ|164824.SZ|513030.SH|513070.SH|513100.SH|515220.SH|518880.SH,2.0830020171543255,0.9035245733924316,offspring,2.0
rolling_evolution_strategy,2023-01-01/2023-06-30,2023-07-01/2023-12-31,69,159852.SZ|159920.SZ|159980.SZ|159981.SZ|159985.SZ|512800.SH|513030.SH|513070.SH|513100.SH|513310.SH|513500.SH|515220.SH|518880.SH,1.8570074800748215,0.9035245733924316,offspring,2.0
rolling_evolution_strategy,2023-01-01/2023-06-30,2023-07-01/2023-12-31,70,159920.SZ|159980.SZ|159985.SZ|160644.SZ|161226.SZ|164824.SZ|510210.SH|512040.SH|513100.SH|513120.SH|513500.SH|518880.SH|588200.SH,2.829810008169811,0.8866258135554016,offspring,2.0
rolling_evolution_strategy,2023-01-01/2023-06-30,2023-07-01/2023-12-31,71,159920.SZ|159949.SZ|159980.SZ|159985.SZ|161226.SZ|164824.SZ|512040.SH|512170.SH|513100.SH|513120.SH|513500.SH|513880.SH|518880.SH,3.1005164708135857,0.8866258135554016,offspring,3.0
rolling_evolution_strategy,2023-01-01/2023-06-30,2023-07-01/2023-12-31,72,159611.SZ|159687.SZ|159852.SZ|159920.SZ|159981.SZ|159985.SZ|501018.SH|513030.SH|513070.SH|513100.SH|513880.SH|516150.SH|518880.SH,2.7397475926699104,0.9035245733924316,offspring,3.0
rolling_evolution_strategy,2023-01-01/2023-06-30,2023-07-01/2023-12-31,73,159920.SZ|159981.SZ|159985.SZ|160644.SZ|161226.SZ|164824.SZ|510210.SH|512040.SH|513100.SH|513120.SH|513500.SH|518880.SH|588200.SH,2.501245207880619,0.8866258135554016,offspring,3.0
rolling_evolution_strategy,2023-01-01/2023-06-30,2023-07-01/2023-12-31,74,159870.SZ|159920.SZ|159980.SZ|159981.SZ|159985.SZ|164824.SZ|512800.SH|512890.SH|513030.SH|513070.SH|513100.SH|513880.SH|518880.SH,2.618529025248062,0.9035245733924316,offspring,3.0
rolling_evolution_strategy,2023-01-01/2023-06-30,2023-07-01/2023-12-31,75,159852.SZ|159920.SZ|159980.SZ|159981.SZ|159985.SZ|164824.SZ|512800.SH|512890.SH|513030.SH|513100.SH|513120.SH|513880.SH|518880.SH,2.89951576035502,0.7410887643729421,offspring,3.0
rolling_evolution_strategy,2023-01-01/2023-06-30,2023-07-01/2023-12-31,76,159870.SZ|159920.SZ|159928.SZ|159980.SZ|159985.SZ|160644.SZ|161226.SZ|164824.SZ|512170.SH|513100.SH|513120.SH|513500.SH|518880.SH,2.280580401628818,0.8866258135554016,offspring,3.0
rolling_evolution_strategy,2023-01-01/2023-06-30,2023-07-01/2023-12-31,77,159611.SZ|159687.SZ|159920.SZ|159981.SZ|159985.SZ|161226.SZ|512880.SH|513030.SH|513070.SH|513100.SH|513880.SH|515220.SH|518880.SH,1.8661681915108992,0.9035245733924316,offspring,3.0
rolling_evolution_strategy,2023-01-01/2023-06-30,2023-07-01/2023-12-31,78,159920.SZ|159980.SZ|159981.SZ|161226.SZ|164824.SZ|510210.SH|512040.SH|512170.SH|513030.SH|513070.SH|513100.SH|513500.SH|518880.SH,2.7839870166125027,0.9035245733924316,offspring,3.0
rolling_evolution_strategy,2023-01-01/2023-06-30,2023-07-01/2023-12-31,79,159980.SZ|159981.SZ|160644.SZ|161226.SZ|512040.SH|512100.SH|512170.SH|513100.SH|513120.SH|513180.SH|513310.SH|513500.SH|518880.SH,2.4999542710307523,0.8866258135554016,offspring,3.0
rolling_evolution_strategy,2023-01-01/2023-06-30,2023-07-01/2023-12-31,80,159687.SZ|159852.SZ|159920.SZ|159981.SZ|159985.SZ|161226.SZ|512400.SH|513030.SH|513100.SH|513180.SH|513880.SH|516150.SH|518880.SH,2.794724653071432,0.8931243278220744,offspring,3.0
rolling_evolution_strategy,2023-01-01/2023-06-30,2023-07-01/2023-12-31,81,159852.SZ|159920.SZ|159980.SZ|159981.SZ|159985.SZ|164824.SZ|501018.SH|512800.SH|512890.SH|513030.SH|513070.SH|513100.SH|513880.SH,1.8424481367159071,0.9035245733924316,offspring,3.0
rolling_evolution_strategy,2023-01-01/2023-06-30,2023-07-01/2023-12-31,82,159920.SZ|159980.SZ|159985.SZ|160644.SZ|161226.SZ|164824.SZ|512040.SH|512100.SH|512170.SH|513100.SH|513120.SH|513500.SH|518880.SH,2.9814059582812065,0.8866258135554016,offspring,3.0
rolling_evolution_strategy,2023-01-01/2023-06-30,2023-07-01/2023-12-31,83,159920.SZ|159981.SZ|160644.SZ|161226.SZ|164824.SZ|501018.SH|512040.SH|512100.SH|512170.SH|513100.SH|513120.SH|513500.SH|518880.SH,2.1136116748645533,0.8866258135554016,offspring,3.0
rolling_evolution_strategy,2023-01-01/2023-06-30,2023-07-01/2023-12-31,84,159920.SZ|159980.SZ|159981.SZ|160644.SZ|161226.SZ|510210.SH|512040.SH|512400.SH|513080.SH|513100.SH|513180.SH|513500.SH|518880.SH,1.970800213038469,0.8931243278220744,offspring,3.0
rolling_evolution_strategy,2023-01-01/2023-06-30,2023-07-01/2023-12-31,85,159920.SZ|159980.SZ|159981.SZ|160644.SZ|164824.SZ|501018.SH|512040.SH|512100.SH|512170.SH|513100.SH|513120.SH|513500.SH|518880.SH,2.3021127717762604,0.8866258135554016,offspring,3.0
rolling_evolution_strategy,2023-01-01/2023-06-30,2023-07-01/2023-12-31,86,159920.SZ|159980.SZ|159985.SZ|160644.SZ|161226.SZ|164824.SZ|510210.SH|512040.SH|512170.SH|513100.SH|513180.SH|513500.SH|518880.SH,2.5751732991848493,0.8931243278220744,offspring,3.0
rolling_evolution_strategy,2023-01-01/2023-06-30,2023-07-01/2023-12-31,87,159980.SZ|159981.SZ|160644.SZ|161226.SZ|164824.SZ|510210.SH|512040.SH|512170.SH|513070.SH|513100.SH|513120.SH|513500.SH|518880.SH,2.7386305745443367,0.8866258135554016,offspring,3.0
rolling_evolution_strategy,2023-01-01/2023-06-30,2023-07-01/2023-12-31,88,159920.SZ|159980.SZ|159981.SZ|160644.SZ|161226.SZ|164824.SZ|510210.SH|512170.SH|513100.SH|513180.SH|513500.SH|515210.SH|518880.SH,2.7725034563953384,0.8931243278220744,offspring,3.0
rolling_evolution_strategy,2023-01-01/2023-06-30,2023-07-01/2023-12-31,89,159611.SZ|159687.SZ|159852.SZ|159920.SZ|159985.SZ|161226.SZ|501018.SH|513030.SH|513070.SH|513100.SH|513880.SH|515220.SH|518880.SH,2.200880144289513,0.9035245733924316,offspring,3.0
rolling_evolution_strategy,2023-01-01/2023-06-30,2023-07-01/2023-12-31,90,159870.SZ|159920.SZ|159980.SZ|159981.SZ|160644.SZ|161226.SZ|164824.SZ|512040.SH|512170.SH|513100.SH|513120.SH|513500.SH|518880.SH,2.9407225748402297,0.8866258135554016,offspring,3.0
rolling_evolution_strategy,2023-01-01/2023-06-30,2023-07-01/2023-12-31,91,159851.SZ|159920.SZ|159980.SZ|159981.SZ|160644.SZ|161226.SZ|164824.SZ|512040.SH|512170.SH|513070.SH|513100.SH|513500.SH|518880.SH,2.7822940987851865,0.9035245733924316,offspring,4.0
rolling_evolution_strategy,2023-01-01/2023-06-30,2023-07-01/2023-12-31,92,159920.SZ|159980.SZ|159985.SZ|160644.SZ|161226.SZ|164824.SZ|512040.SH|512170.SH|512400.SH|513100.SH|513120.SH|513500.SH|518880.SH,2.1900657558584733,0.8866258135554016,offspring,4.0
rolling_evolution_strategy,2023-01-01/2023-06-30,2023-07-01/2023-12-31,93,159870.SZ|159920.SZ|159980.SZ|159985.SZ|160644.SZ|161226.SZ|164824.SZ|512040.SH|512170.SH|513100.SH|513180.SH|513500.SH|518880.SH,2.7338122574821218,0.8931243278220744,offspring,4.0
rolling_evolution_strategy,2023-01-01/2023-06-30,2023-07-01/2023-12-31,94,159920.SZ|159985.SZ|160644.SZ|161226.SZ|164824.SZ|501018.SH|512040.SH|512100.SH|512170.SH|513100.SH|513120.SH|513500.SH|518880.SH,2.1876261843500933,0.8866258135554016,offspring,4.0
rolling_evolution_strategy,2023-01-01/2023-06-30,2023-07-01/2023-12-31,95,159870.SZ|159920.SZ|159980.SZ|159981.SZ|159985.SZ|160644.SZ|161226.SZ|164824.SZ|512040.SH|512170.SH|513100.SH|513120.SH|513500.SH,1.8418404377905442,0.8866258135554016,offspring,4.0
rolling_evolution_strategy,2023-01-01/2023-06-30,2023-07-01/2023-12-31,96,159687.SZ|159852.SZ|159920.SZ|159985.SZ|161226.SZ|501018.SH|512400.SH|513030.SH|513100.SH|513180.SH|513880.SH|516150.SH|518880.SH,2.5224260917062717,0.8931243278220744,offspring,4.0
rolling_evolution_strategy,2023-01-01/2023-06-30,2023-07-01/2023-12-31,97,159852.SZ|159920.SZ|159980.SZ|159981.SZ|159985.SZ|161226.SZ|164824.SZ|512800.SH|512890.SH|513030.SH|513070.SH|513100.SH|513290.SH,2.1938378684456814,0.9035245733924316,offspring,4.0
rolling_evolution_strategy,2023-01-01/2023-06-30,2023-07-01/2023-12-31,98,159852.SZ|159920.SZ|159980.SZ|159985.SZ|164824.SZ|501018.SH|512800.SH|512890.SH|513030.SH|513070.SH|513100.SH|513880.SH|518880.SH,2.5430411793973153,0.9035245733924316,offspring,4.0
rolling_evolution_strategy,2023-01-01/2023-06-30,2023-07-01/2023-12-31,99,159980.SZ|159985.SZ|160644.SZ|161226.SZ|164824.SZ|510210.SH|512040.SH|513100.SH|513120.SH|513180.SH|513500.SH|518880.SH|588200.SH,2.6029413874386584,0.8866258135554016,offspring,4.0
rolling_evolution_strategy,2023-01-01/2023-06-30,2023-07-01/2023-12-31,100,159870.SZ|159980.SZ|159981.SZ|160644.SZ|161226.SZ|164824.SZ|512040.SH|512170.SH|513100.SH|513120.SH|513180.SH|513500.SH|518880.SH,2.8987251824862814,0.8866258135554016,offspring,4.0
rolling_evolution_strategy,2023-07-01/2023-12-31,2024-01-01/2024-06-30,1,159852.SZ|159920.SZ|159981.SZ|159985.SZ|160644.SZ|161226.SZ|164824.SZ|501018.SH|510500.SH|513030.SH|513120.SH|513500.SH|562500.SH,-0.9367780169944305,0.8173459180487914,initial_parents,
rolling_evolution_strategy,2023-07-01/2023-12-31,2024-01-01/2024-06-30,2,159766.SZ|159920.SZ|159980.SZ|159985.SZ|161226.SZ|501018.SH|510880.SH|512660.SH|513080.SH|513120.SH|513310.SH|513500.SH|513880.SH,-0.7832817480163591,0.7739538917479323,initial_parents,
rolling_evolution_strategy,2023-07-01/2023-12-31,2024-01-01/2024-06-30,3,159980.SZ|159981.SZ|159985.SZ|160644.SZ|510880.SH|512400.SH|513100.SH|513120.SH|513180.SH|513310.SH|513500.SH|516150.SH|518880.SH,-0.6898860604362402,0.8909152686603402,initial_parents,
rolling_evolution_strategy,2023-07-01/2023-12-31,2024-01-01/2024-06-30,4,159825.SZ|159980.SZ|159981.SZ|160644.SZ|161226.SZ|164824.SZ|501018.SH|510180.SH|513030.SH|513100.SH|513120.SH|513180.SH|515220.SH,-0.6372351774864995,0.7182503628120884,initial_parents,
rolling_evolution_strategy,2023-07-01/2023-12-31,2024-01-01/2024-06-30,5,159967.SZ|159980.SZ|159985.SZ|161226.SZ|501018.SH|512170.SH|512660.SH|513030.SH|513100.SH|513120.SH|513180.SH|513290.SH|513310.SH,0.1219982259060334,0.7182503628120884,initial_parents,
rolling_evolution_strategy,2023-07-01/2023-12-31,2024-01-01/2024-06-30,6,159509.SZ|159687.SZ|159766.SZ|159865.SZ|159980.SZ|159981.SZ|161226.SZ|501018.SH|513030.SH|513070.SH|513120.SH|513290.SH|588200.SH,-0.2285848240133793,0.7579092133299615,initial_parents,
rolling_evolution_strategy,2023-07-01/2023-12-31,2024-01-01/2024-06-30,7,159509.SZ|159687.SZ|159766.SZ|159980.SZ|159981.SZ|161226.SZ|512100.SH|513070.SH|513120.SH|513290.SH|513500.SH|515210.SH|518880.SH,-2.164419054652651,0.7799027480940437,initial_parents,
rolling_evolution_strategy,2023-07-01/2023-12-31,2024-01-01/2024-06-30,8,159687.SZ|159766.SZ|159870.SZ|159980.SZ|160644.SZ|161226.SZ|501018.SH|510500.SH|513030.SH|513120.SH|513180.SH|513290.SH|518880.SH,-0.9787530446653507,0.7579092133299615,initial_parents,
rolling_evolution_strategy,2023-07-01/2023-12-31,2024-01-01/2024-06-30,9,159865.SZ|159920.SZ|159981.SZ|160644.SZ|161226.SZ|501018.SH|512980.SH|513100.SH|513120.SH|513290.SH|513880.SH|518880.SH|562500.SH,-0.989064031900856,0.679900570954732,initial_parents,
rolling_evolution_strategy,2023-07-01/2023-12-31,2024-01-01/2024-06-30,10,159509.SZ|159865.SZ|159870.SZ|159980.SZ|161226.SZ|501018.SH|513070.SH|513120.SH|513290.SH|513500.SH|513880.SH|518880.SH|588000.SH,-0.9304989039767985,0.7799027480940437,initial_parents,
rolling_evolution_strategy,2023-07-01/2023-12-31,2024-01-01/2024-06-30,11,159825.SZ|159920.SZ|159980.SZ|159985.SZ|161226.SZ|501018.SH|512100.SH|512660.SH|513080.SH|513120.SH|513310.SH|513500.SH|513880.SH,-0.541129289173745,0.7739538917479323,offspring,0.0
rolling_evolution_strategy,2023-07-01/2023-12-31,2024-01-01/2024-06-30,12,159915.SZ|159980.SZ|159981.SZ|159985.SZ|160644.SZ|510880.SH|512400.SH|513100.SH|513120.SH|513180.SH|513310.SH|513500.SH|518880.SH,-0.36306409677980317,0.8909152686603402,offspring,0.0
rolling_evolution_strategy,2023-07-01/2023-12-31,2024-01-01/2024-06-30,13,159980.SZ|159981.SZ|159985.SZ|160644.SZ|510880.SH|512400.SH|513100.SH|513120.SH|513180.SH|513500.SH|513880.SH|516150.SH|518880.SH,-0.6817552442327979,0.8909152686603402,offspring,0.0
rolling_evolution_strategy,2023-07-01/2023-12-31,2024-01-01/2024-06-30,14,159687.SZ|159825.SZ|159980.SZ|159981.SZ|160644.SZ|161226.SZ|501018.SH|510180.SH|513030.SH|513100.SH|513120.SH|513180.SH|515220.SH,-0.8723287125609541,0.7579092133299615,offspring,0.0
rolling_evolution_strategy,2023-07-01/2023-12-31,2024-01-01/2024-06-30,15,159980.SZ|159981.SZ|159985.SZ|160644.SZ|164824.SZ|510880.SH|512400.SH|513120.SH|513180.SH|513310.SH|513500.SH|516150.SH|518880.SH,-0.5001035283563341,0.8408566165483314,offspring,0.0
rolling_evolution_strategy,2023-07-01/2023-12-31,2024-01-01/2024-06-30,16,159865.SZ|159981.SZ|160644.SZ|161226.SZ|501018.SH|512980.SH|513100.SH|513120.SH|513180.SH|513290.SH|513880.SH|518880.SH|562500.SH,-1.3622227620900573,0.679900570954732,offspring,0.0
rolling_evolution_strategy,2023-07-01/2023-12-31,2024-01-01/2024-06-30,17,159852.SZ|159920.SZ|159967.SZ|159981.SZ|159985.SZ|160644.SZ|161226.SZ|164824.SZ|501018.SH|510500.SH|513030.SH|513120.SH|513500.SH,-0.8238934856407086,0.8537700010467473,offspring,0.0
rolling_evolution_strategy,2023-07-01/2023-12-31,2024-01-01/2024-06-30,18,159766.SZ|159825.SZ|159920.SZ|159980.SZ|159985.SZ|161226.SZ|501018.SH|512660.SH|513080.SH|513120.SH|513310.SH|513500.SH|513880.SH,-0.8562023026287573,0.7739538917479323,offspring,0.0
rolling_evolution_strategy,2023-07-01/2023-12-31,2024-01-01/2024-06-30,19,159920.SZ|159967.SZ|159980.SZ|159985.SZ|161226.SZ|501018.SH|512170.SH|512660.SH|513030.SH|513100.SH|513120.SH|513290.SH|513310.SH,0.011138458937031229,0.7182503628120884,offspring,0.0
rolling_evolution_strategy,2023-07-01/2023-12-31,2024-01-01/2024-06-30,20,159852.SZ|159920.SZ|159981.SZ|159985.SZ|160644.SZ|161226.SZ|164824.SZ|501018.SH|510500.SH|513030.SH|513100.SH|513120.SH|562500.SH,-1.2232062140922533,0.8173459180487914,offspring,0.0
rolling_evolution_strategy,2023-07-01/2023-12-31,2024-01-01/2024-06-30,21,159766.SZ|159980.SZ|159985.SZ|161226.SZ|501018.SH|510880.SH|512660.SH|513070.SH|513080.SH|513120.SH|513310.SH|513500.SH|513880.SH,-0.9703197904121345,0.7739538917479323,offspring,0.0
rolling_evolution_strategy,2023-07-01/2023-12-31,2024-01-01/2024-06-30,22,159687.SZ|159766.SZ|159980.SZ|159981.SZ|161226.SZ|512100.SH|513070.SH|513120.SH|513290.SH|513500.SH|513880.SH|515210.SH|518880.SH,-2.2811267709112752,0.8806115882628334,offspring,0.0
rolling_evolution_strategy,2023-07-01/2023-12-31,2024-01-01/2024-06-30,23,159865.SZ|159920.SZ|159980.SZ|160644.SZ|161226.SZ|501018.SH|512980.SH|513100.SH|513120.SH|513290.SH|513880.SH|518880.SH|562500.SH,-1.1340417931798608,0.679900570954732,offspring,0.0
rolling_evolution_strategy,2023-07-01/2023-12-31,2024-01-01/2024-06-30,24,159687.SZ|159766.SZ|159870.SZ|159985.SZ|160644.SZ|161226.SZ|501018.SH|510500.SH|513030.SH|513120.SH|513180.SH|513290.SH|518880.SH,-0.5252425662659459,0.7579092133299615,offspring,0.0
rolling_evolution_strategy,2023-07-01/2023-12-31,2024-01-01/2024-06-30,25,159865.SZ|159920.SZ|159985.SZ|160644.SZ|161226.SZ|501018.SH|512980.SH|513100.SH|513120.SH|513290.SH|513880.SH|518880.SH|562500.SH,-1.089004767666508,0.679900570954732,offspring,0.0
rolling_evolution_strategy,2023-07-01/2023-12-31,2024-01-01/2024-06-30,26,159766.SZ|159865.SZ|159980.SZ|159981.SZ|161226.SZ|164824.SZ|501018.SH|513030.SH|513070.SH|513120.SH|513290.SH|513500.SH|588200.SH,0.18847145638187143,0.7597995185455373,offspring,0.0
rolling_evolution_strategy,2023-07-01/2023-12-31,2024-01-01/2024-06-30,27,159980.SZ|159981.SZ|159985.SZ|160644.SZ|510880.SH|512400.SH|513080.SH|513120.SH|513180.SH|513310.SH|513500.SH|516150.SH|518880.SH,-0.5660196495980643,0.8408566165483314,offspring,0.0
rolling_evolution_strategy,2023-07-01/2023-12-31,2024-01-01/2024-06-30,28,159766.SZ|159920.SZ|159980.SZ|159985.SZ|161226.SZ|510880.SH|512660.SH|513080.SH|513120.SH|513290.SH|513310.SH|513500.SH|518880.SH,-1.4478155762279539,0.7408368521193833,offspring,0.0
rolling_evolution_strategy,2023-07-01/2023-12-31,2024-01-01/2024-06-30,29,159980.SZ|159981.SZ|159985.SZ|510880.SH|512400.SH|513100.SH|513120.SH|513180.SH|513290.SH|513310.SH|513500.SH|516150.SH|518880.SH,-0.9245643608763372,0.8909152686603402,offspring,0.0
rolling_evolution_strategy,2023-07-01/2023-12-31,2024-01-01/2024-06-30,30,159865.SZ|159920.SZ|159985.SZ|160644.SZ|161226.SZ|501018.SH|513100.SH|513120.SH|513290.SH|513880.SH|515880.SH|518880.SH|562500.SH,-1.0649187954479291,0.7562394096878535,offspring,0.0
rolling_evolution_strategy,2023-07-01/2023-12-31,2024-01-01/2024-06-30,31,159870.SZ|159985.SZ|160644.SZ|161226.SZ|501018.SH|510500.SH|513030.SH|513120.SH|513180.SH|513290.SH|513310.SH|518880.SH|563300.SH,-0.01125088433667803,0.8640350519958893,offspring,1.0
rolling_evolution_strategy,2023-07-01/2023-12-31,2024-01-01/2024-06-30,32,159981.SZ|159985.SZ|160644.SZ|501018.SH|510880.SH|512400.SH|513080.SH|513120.SH|513180.SH|513310.SH|513500.SH|516150.SH|518880.SH,-0.24925133373785552,0.8408566165483314,offspring,1.0
rolling_evolution_strategy,2023-07-01/2023-12-31,2024-01-01/2024-06-30,33,159825.SZ|159980.SZ|159981.SZ|161226.SZ|164824.SZ|501018.SH|510180.SH|513030.SH|513100.SH|513120.SH|513180.SH|513290.SH|515220.SH,-0.15775388407241925,0.7182503628120884,offspring,1.0
rolling_evolution_strategy,2023-07-01/2023-12-31,2024-01-01/2024-06-30,34,159687.SZ|159766.SZ|159869.SZ|159985.SZ|160644.SZ|161226.SZ|501018.SH|510500.SH|513030.SH|513120.SH|513180.SH|513290.SH|518880.SH,-0.7647763749460679,0.7579092133299615,offspring,1.0
rolling_evolution_strategy,2023-07-01/2023-12-31,2024-01-01/2024-06-30,35,159825.SZ|159869.SZ|159920.SZ|159980.SZ|159985.SZ|161226.SZ|501018.SH|512660.SH|513080.SH|513120.SH|513310.SH|513500.SH|513880.SH,-0.713561685459151,0.7739538917479323,offspring,1.0
rolling_evolution_strategy,2023-07-01/2023-12-31,2024-01-01/2024-06-30,36,159687.SZ|159980.SZ|159981.SZ|159985.SZ|160644.SZ|510880.SH|512400.SH|513080.SH|513120.SH|513180.SH|513500.SH|516150.SH|518880.SH,-1.200580584374493,0.8408566165483314,offspring,1.0
rolling_evolution_strategy,2023-07-01/2023-12-31,2024-01-01/2024-06-30,37,159687.SZ|159967.SZ|159980.SZ|159985.SZ|161226.SZ|501018.SH|512170.SH|512660.SH|513030.SH|513100.SH|513120.SH|513180.SH|513500.SH,-0.7735308902368471,0.8909152686603402,offspring,1.0
rolling_evolution_strategy,2023-07-01/2023-12-31,2024-01-01/2024-06-30,38,159980.SZ|159981.SZ|160644.SZ|161226.SZ|164824.SZ|501018.SH|510180.SH|510500.SH|513030.SH|513100.SH|513120.SH|513180.SH|515220.SH,-0.8238979312466231,0.8283522994657805,offspring,1.0
rolling_evolution_strategy,2023-07-01/2023-12-31,2024-01-01/2024-06-30,39,159980.SZ|159981.SZ|160644.SZ|161226.SZ|164824.SZ|512400.SH|512660.SH|513120.SH|513180.SH|513310.SH|513500.SH|516150.SH|518880.SH,-1.5021497014897893,0.8408566165483314,offspring,1.0
rolling_evolution_strategy,2023-07-01/2023-12-31,2024-01-01/2024-06-30,40,159825.SZ|159920.SZ|159980.SZ|159985.SZ|161226.SZ|501018.SH|512100.SH|512660.SH|513080.SH|513120.SH|513290.SH|513310.SH|513500.SH,-0.2947543949775696,0.7584694804314782,offspring,1.0
rolling_evolution_strategy,2023-07-01/2023-12-31,2024-01-01/2024-06-30,41,159980.SZ|159981.SZ|159985.SZ|160644.SZ|510880.SH|512400.SH|513120.SH|513180.SH|513290.SH|513310.SH|513500.SH|516150.SH|518880.SH,-0.6261062244588546,0.8408566165483314,offspring,1.0
rolling_evolution_strategy,2023-07-01/2023-12-31,2024-01-01/2024-06-30,42,159687.SZ|159870.SZ|159985.SZ|160644.SZ|161226.SZ|501018.SH|510500.SH|512040.SH|513030.SH|513120.SH|513180.SH|513290.SH|518880.SH,-0.5648747478987274,0.8007576930610146,offspring,1.0
rolling_evolution_strategy,2023-07-01/2023-12-31,2024-01-01/2024-06-30,43,159920.SZ|159967.SZ|159980.SZ|159981.SZ|159985.SZ|161226.SZ|512170.SH|512660.SH|513030.SH|513100.SH|513120.SH|513290.SH|513310.SH,-0.3932491779344108,0.7182503628120884,offspring,1.0
rolling_evolution_strategy,2023-07-01/2023-12-31,2024-01-01/2024-06-30,44,159825.SZ|159980.SZ|159981.SZ|160644.SZ|161226.SZ|164824.SZ|501018.SH|512400.SH|513030.SH|513120.SH|513180.SH|513310.SH|515220.SH,-0.4001311142323534,0.6149005769491303,offspring,1.0
rolling_evolution_strategy,2023-07-01/2023-12-31,2024-01-01/2024-06-30,45,159687.SZ|159766.SZ|159870.SZ|159985.SZ|161226.SZ|501018.SH|510500.SH|513030.SH|513120.SH|513180.SH|513290.SH|513310.SH|518880.SH,-0.5243319968829948,0.7579092133299615,offspring,1.0
rolling_evolution_strategy,2023-07-01/2023-12-31,2024-01-01/2024-06-30,46,159915.SZ|159981.SZ|159985.SZ|160644.SZ|161226.SZ|510880.SH|512400.SH|513100.SH|513120.SH|513180.SH|513310.SH|513500.SH|518880.SH,-1.1924766473971555,0.8909152686603402,offspring,1.0
rolling_evolution_strategy,2023-07-01/2023-12-31,2024-01-01/2024-06-30,47,159825.SZ|159920.SZ|159980.SZ|161226.SZ|501018.SH|512660.SH|512800.SH|513080.SH|513120.SH|513310.SH|513500.SH|513880.SH|518880.SH,-0.675167420066436,0.7739538917479323,offspring,1.0
rolling_evolution_strategy,2023-07-01/2023-12-31,2024-01-01/2024-06-30,48,159967.SZ|159980.SZ|159985.SZ|160644.SZ|161226.SZ|501018.SH|512170.SH|512660.SH|513030.SH|513100.SH|513120.SH|513180.SH|513310.SH,-0.4517987808180775,0.7182503628120884,offspring,1.0
rolling_evolution_strategy,2023-07-01/2023-12-31,2024-01-01/2024-06-30,49,159981.SZ|159985.SZ|160644.SZ|161226.SZ|164824.SZ|510880.SH|512400.SH|513120.SH|513180.SH|513310.SH|513500.SH|516150.SH|518880.SH,-1.257206622277432,0.8408566165483314,offspring,1.0
rolling_evolution_strategy,2023-07-01/2023-12-31,2024-01-01/2024-06-30,50,159687.SZ|159901.SZ|159967.SZ|159985.SZ|160644.SZ|161226.SZ|501018.SH|510500.SH|513030.SH|513120.SH|513180.SH|513290.SH|518880.SH,-0.4625604737257513,0.8785623455711242,offspring,1.0
rolling_evolution_strategy,2023-07-01/2023-12-31,2024-01-01/2024-06-30,51,159981.SZ|159985.SZ|160644.SZ|161226.SZ|501018.SH|510880.SH|512400.SH|513080.SH|513120.SH|513180.SH|513310.SH|513500.SH|516150.SH,-0.3205442619211808,0.8408566165483314,offspring,2.0
rolling_evolution_strategy,2023-07-01/2023-12-31,2024-01-01/2024-06-30,52,159920.SZ|159967.SZ|159980.SZ|159985.SZ|161226.SZ|501018.SH|512040.SH|512660.SH|513030.SH|513100.SH|513120.SH|513290.SH|513310.SH,-0.4790484196175013,0.7182503628120884,offspring,2.0
rolling_evolution_strategy,2023-07-01/2023-12-31,2024-01-01/2024-06-30,53,159509.SZ|159687.SZ|159766.SZ|159865.SZ|159980.SZ|159981.SZ|161226.SZ|501018.SH|510050.SH|513030.SH|513070.SH|513120.SH|513290.SH,-0.5734207053459996,0.7579092133299615,offspring,2.0
rolling_evolution_strategy,2023-07-01/2023-12-31,2024-01-01/2024-06-30,54,159687.SZ|159967.SZ|159980.SZ|159985.SZ|161226.SZ|501018.SH|512170.SH|512660.SH|513120.SH|513180.SH|513290.SH|513310.SH|513880.SH,-0.13061260852274212,0.8806115882628334,offspring,2.0
rolling_evolution_strategy,2023-07-01/2023-12-31,2024-01-01/2024-06-30,55,159870.SZ|159980.SZ|159985.SZ|160644.SZ|161226.SZ|501018.SH|510500.SH|513030.SH|513120.SH|513180.SH|513290.SH|513310.SH|563300.SH,-0.20580004807347194,0.8640350519958893,offspring,2.0
rolling_evolution_strategy,2023-07-01/2023-12-31,2024-01-01/2024-06-30,56,159509.SZ|159981.SZ|159985.SZ|160644.SZ|501018.SH|510880.SH|512400.SH|513120.SH|513180.SH|513310.SH|513500.SH|516150.SH|518880.SH,-0.501532586055638,0.8408566165483314,offspring,2.0
rolling_evolution_strategy,2023-07-01/2023-12-31,2024-01-01/2024-06-30,57,159687.SZ|159915.SZ|159980.SZ|159981.SZ|159985.SZ|160644.SZ|510880.SH|512400.SH|513100.SH|513120.SH|513180.SH|513310.SH|518880.SH,-0.6513363033909497,0.6800005945881478,offspring,2.0
rolling_evolution_strategy,2023-07-01/2023-12-31,2024-01-01/2024-06-30,58,159825.SZ|159920.SZ|159980.SZ|159985.SZ|161226.SZ|501018.SH|512100.SH|513080.SH|513120.SH|513290.SH|513310.SH|513500.SH|588000.SH,-0.13232246487445087,0.8606585780020943,offspring,2.0
rolling_evolution_strategy,2023-07-01/2023-12-31,2024-01-01/2024-06-30,59,159509.SZ|159687.SZ|159766.SZ|159915.SZ|159980.SZ|159981.SZ|161226.SZ|501018.SH|513030.SH|513070.SH|513120.SH|513290.SH|588200.SH,-0.18873732372428387,0.7579092133299615,offspring,2.0
rolling_evolution_strategy,2023-07-01/2023-12-31,2024-01-01/2024-06-30,60,159967.SZ|159980.SZ|159985.SZ|161226.SZ|501018.SH|512170.SH|512660.SH|513100.SH|513120.SH|513180.SH|513290.SH|513310.SH|513880.SH,-0.15708972584701894,0.6840072582759038,offspring,2.0
rolling_evolution_strategy,2023-07-01/2023-12-31,2024-01-01/2024-06-30,61,159825.SZ|159920.SZ|159981.SZ|159985.SZ|161226.SZ|501018.SH|512100.SH|512660.SH|513080.SH|513120.SH|513290.SH|513310.SH|513500.SH,-0.0565430833161676,0.7584694804314782,offspring,2.0
rolling_evolution_strategy,2023-07-01/2023-12-31,2024-01-01/2024-06-30,62,159870.SZ|159980.SZ|159981.SZ|159985.SZ|160644.SZ|164824.SZ|510880.SH|512400.SH|513100.SH|513120.SH|513180.SH|513500.SH|518880.SH,-0.1402517801494878,0.8909152686603402,offspring,2.0
rolling_evolution_strategy,2023-07-01/2023-12-31,2024-01-01/2024-06-30,63,159967.SZ|159980.SZ|159985.SZ|501018.SH|512170.SH|512660.SH|513030.SH|513100.SH|513120.SH|513180.SH|513310.SH|513880.SH|518880.SH,0.09667868989043202,0.7824059319979025,offspring,2.0
rolling_evolution_strategy,2023-07-01/2023-12-31,2024-01-01/2024-06-30,64,159509.SZ|159766.SZ|159980.SZ|159981.SZ|161226.SZ|501018.SH|510500.SH|513030.SH|513070.SH|513120.SH|513290.SH|513500.SH|588200.SH,-0.5655838743474055,0.7799027480940437,offspring,2.0
rolling_evolution_strategy,2023-07-01/2023-12-31,2024-01-01/2024-06-30,65,159928.SZ|159985.SZ|160644.SZ|161226.SZ|501018.SH|510500.SH|513030.SH|513120.SH|513180.SH|513290.SH|513310.SH|518880.SH|563300.SH,0.11945578451867037,0.8640350519958893,offspring,2.0
rolling_evolution_strategy,2023-07-01/2023-12-31,2024-01-01/2024-06-30,66,159766.SZ|159865.SZ|159980.SZ|159981.SZ|164824.SZ|501018.SH|513030.SH|513070.SH|513120.SH|513290.SH|513500.SH|518880.SH|588200.SH,0.056620524073098366,0.7597995185455373,offspring,2.0
rolling_evolution_strategy,2023-07-01/2023-12-31,2024-01-01/2024-06-30,67,159920.SZ|159967.SZ|159981.SZ|159985.SZ|161226.SZ|501018.SH|512170.SH|512660.SH|513030.SH|513100.SH|513120.SH|513290.SH|513310.SH,0.450621562102725,0.7182503628120884,offspring,2.0
rolling_evolution_strategy,2023-07-01/2023-12-31,2024-01-01/2024-06-30,68,159509.SZ|159687.SZ|159865.SZ|159870.SZ|159980.SZ|159981.SZ|161226.SZ|501018.SH|513030.SH|513070.SH|513120.SH|513290.SH|588200.SH,0.04791860015700306,0.7579092133299615,offspring,2.0
rolling_evolution_strategy,2023-07-01/2023-12-31,2024-01-01/2024-06-30,69,159915.SZ|159980.SZ|159981.SZ|159985.SZ|160644.SZ|164824.SZ|510880.SH|513120.SH|513180.SH|513310.SH|513500.SH|518880.SH|563300.SH,-0.17675679858502188,0.7222456658756357,offspring,2.0
rolling_evolution_strategy,2023-07-01/2023-12-31,2024-01-01/2024-06-30,70,159509.SZ|159687.SZ|159766.SZ|159865.SZ|159920.SZ|159980.SZ|159981.SZ|161226.SZ|501018.SH|513030.SH|513120.SH|513290.SH|588200.SH,0.17732600078588828,0.7579092133299615,offspring,2.0
rolling_evolution_strategy,2023-07-01/2023-12-31,2024-01-01/2024-06-30,71,159825.SZ|159985.SZ|160644.SZ|161226.SZ|501018.SH|510500.SH|513030.SH|513120.SH|513180.SH|513290.SH|513310.SH|518880.SH|563300.SH,-0.04043560379320014,0.8640350519958893,offspring,3.0
rolling_evolution_strategy,2023-07-01/2023-12-31,2024-01-01/2024-06-30,72,159687.SZ|159870.SZ|159985.SZ|161226.SZ|501018.SH|512890.SH|513030.SH|513120.SH|513180.SH|513290.SH|513310.SH|518880.SH|563300.SH,0.46040651042772185,0.7579092133299615,offspring,3.0
rolling_evolution_strategy,2023-07-01/2023-12-31,2024-01-01/2024-06-30,73,159870.SZ|159985.SZ|161226.SZ|501018.SH|510500.SH|513030.SH|513120.SH|513180.SH|513290.SH|513310.SH|513500.SH|518880.SH|563300.SH,-0.2055435872944032,0.8640350519958893,offspring,3.0
rolling_evolution_strategy,2023-07-01/2023-12-31,2024-01-01/2024-06-30,74,159766.SZ|159865.SZ|159980.SZ|159985.SZ|164824.SZ|501018.SH|513030.SH|513120.SH|513180.SH|513290.SH|513500.SH|518880.SH|588200.SH,0.5015192712304768,0.7597995185455373,offspring,3.0
rolling_evolution_strategy,2023-07-01/2023-12-31,2024-01-01/2024-06-30,75,159509.SZ|159687.SZ|159766.SZ|159865.SZ|159920.SZ|159980.SZ|159981.SZ|159985.SZ|161226.SZ|513030.SH|513120.SH|513290.SH|588200.SH,-0.44107774855881443,0.7579092133299615,offspring,3.0
rolling_evolution_strategy,2023-07-01/2023-12-31,2024-01-01/2024-06-30,76,159981.SZ|159985.SZ|161226.SZ|501018.SH|512170.SH|512660.SH|513030.SH|513100.SH|513120.SH|513180.SH|513290.SH|513310.SH|515880.SH,-0.2930084423613415,0.7182503628120884,offspring,3.0
rolling_evolution_strategy,2023-07-01/2023-12-31,2024-01-01/2024-06-30,77,159920.SZ|159967.SZ|159980.SZ|159981.SZ|159985.SZ|501018.SH|512170.SH|512660.SH|513030.SH|513100.SH|513120.SH|513290.SH|513310.SH,0.49639560462886206,0.7182503628120884,offspring,3.0
rolling_evolution_strategy,2023-07-01/2023-12-31,2024-01-01/2024-06-30,78,159967.SZ|159980.SZ|159985.SZ|161226.SZ|501018.SH|512660.SH|513030.SH|513100.SH|513120.SH|513180.SH|513290.SH|513310.SH|563300.SH,-0.5133376927055078,0.7182503628120884,offspring,3.0
rolling_evolution_strategy,2023-07-01/2023-12-31,2024-01-01/2024-06-30,79,159920.SZ|159967.SZ|159980.SZ|159981.SZ|159985.SZ|161226.SZ|512170.SH|512660.SH|513030.SH|513100.SH|513120.SH|513310.SH|513500.SH,-0.7800539081974035,0.8909152686603402,offspring,3.0
rolling_evolution_strategy,2023-07-01/2023-12-31,2024-01-01/2024-06-30,80,159920.SZ|159967.SZ|159985.SZ|161226.SZ|501018.SH|512170.SH|512660.SH|513030.SH|513100.SH|513120.SH|513290.SH|513310.SH|518880.SH,-0.2832626188140344,0.7182503628120884,offspring,3.0
rolling_evolution_strategy,2023-07-01/2023-12-31,2024-01-01/2024-06-30,81,159967.SZ|159980.SZ|159985.SZ|161226.SZ|164824.SZ|501018.SH|512170.SH|512660.SH|513030.SH|513100.SH|513120.SH|513180.SH|513290.SH,-0.22292555786714277,0.7182503628120884,offspring,3.0
rolling_evolution_strategy,2023-07-01/2023-12-31,2024-01-01/2024-06-30,82,159852.SZ|159985.SZ|160644.SZ|161226.SZ|501018.SH|510500.SH|513030.SH|513120.SH|513180.SH|513290.SH|513310.SH|518880.SH|563300.SH,-0.5375298654664111,0.8640350519958893,offspring,3.0
rolling_evolution_strategy,2023-07-01/2023-12-31,2024-01-01/2024-06-30,83,159509.SZ|159687.SZ|159865.SZ|159870.SZ|159980.SZ|159985.SZ|160644.SZ|161226.SZ|501018.SH|513070.SH|513120.SH|513290.SH|588200.SH,-0.4206935627409098,0.5902042957877984,offspring,3.0
rolling_evolution_strategy,2023-07-01/2023-12-31,2024-01-01/2024-06-30,84,159920.SZ|159967.SZ|159980.SZ|159985.SZ|161226.SZ|501018.SH|512400.SH|512660.SH|513030.SH|513100.SH|513120.SH|513290.SH|513310.SH,-0.2912409495510664,0.7182503628120884,offspring,3.0
rolling_evolution_strategy,2023-07-01/2023-12-31,2024-01-01/2024-06-30,85,159967.SZ|159980.SZ|159981.SZ|159985.SZ|161226.SZ|512170.SH|512660.SH|513030.SH|513100.SH|513120.SH|513180.SH|513290.SH|513310.SH,-0.28121431382356965,0.7182503628120884,offspring,3.0
rolling_evolution_strategy,2023-07-01/2023-12-31,2024-01-01/2024-06-30,86,159920.SZ|159967.SZ|159981.SZ|159985.SZ|161226.SZ|164824.SZ|501018.SH|512170.SH|512660.SH|513030.SH|513100.SH|513120.SH|513290.SH,0.49802093207267967,0.7182503628120884,offspring,3.0
rolling_evolution_strategy,2023-07-01/2023-12-31,2024-01-01/2024-06-30,87,159766.SZ|159865.SZ|159920.SZ|159980.SZ|159981.SZ|160644.SZ|164824.SZ|501018.SH|513030.SH|513120.SH|513290.SH|518880.SH|588200.SH,0.449557028959552,0.6019295917804911,offspring,3.0
rolling_evolution_strategy,2023-07-01/2023-12-31,2024-01-01/2024-06-30,88,159920.SZ|159967.SZ|159980.SZ|159985.SZ|501018.SH|512170.SH|513030.SH|513100.SH|513120.SH|513290.SH|513310.SH|518880.SH|563300.SH,0.5903948962963044,0.7182503628120884,offspring,3.0
rolling_evolution_strategy,2023-07-01/2023-12-31,2024-01-01/2024-06-30,89,159920.SZ|159967.SZ|159980.SZ|159981.SZ|161226.SZ|501018.SH|512170.SH|512660.SH|513030.SH|513100.SH|513120.SH|513290.SH|513310.SH,0.06285927520835619,0.7182503628120884,offspring,3.0
rolling_evolution_strategy,2023-07-01/2023-12-31,2024-01-01/2024-06-30,90,159687.SZ|159865.SZ|159870.SZ|159980.SZ|159981.SZ|161226.SZ|501018.SH|513030.SH|513070.SH|513120.SH|513290.SH|513880.SH|588200.SH,0.11752369803107166,0.8806115882628334,offspring,3.0
rolling_evolution_strategy,2023-07-01/2023-12-31,2024-01-01/2024-06-30,91,159766.SZ|159865.SZ|159920.SZ|159980.SZ|159981.SZ|159985.SZ|160644.SZ|164824.SZ|501018.SH|513030.SH|513120.SH|513290.SH|588200.SH,1.3603362094736329,0.6019295917804911,offspring,4.0
rolling_evolution_strategy,2023-07-01/2023-12-31,2024-01-01/2024-06-30,92,159920.SZ|159967.SZ|159981.SZ|159985.SZ|161226.SZ|501018.SH|512660.SH|512880.SH|513030.SH|513100.SH|513120.SH|513290.SH|513880.SH,-0.27277665085200464,0.7824059319979025,offspring,4.0
rolling_evolution_strategy,2023-07-01/2023-12-31,2024-01-01/2024-06-30,93,159766.SZ|159920.SZ|159980.SZ|159981.SZ|160644.SZ|164824.SZ|501018.SH|513030.SH|513120.SH|513290.SH|515210.SH|518880.SH|588200.SH,-0.34604730833258385,0.6019295917804911,offspring,4.0
rolling_evolution_strategy,2023-07-01/2023-12-31,2024-01-01/2024-06-30,94,159967.SZ|159980.SZ|159985.SZ|161226.SZ|501018.SH|512170.SH|513030.SH|513100.SH|513120.SH|513180.SH|513290.SH|513310.SH|515210.SH,-0.19004618886965116,0.7182503628120884,offspring,4.0
rolling_evolution_strategy,2023-07-01/2023-12-31,2024-01-01/2024-06-30,95,159766.SZ|159865.SZ|159980.SZ|159985.SZ|164824.SZ|501018.SH|513030.SH|513120.SH|513180.SH|513310.SH|513500.SH|518880.SH|588200.SH,0.5026436797268504,0.7597995185455373,offspring,4.0
rolling_evolution_strategy,2023-07-01/2023-12-31,2024-01-01/2024-06-30,96,159766.SZ|159920.SZ|159967.SZ|159980.SZ|159981.SZ|159985.SZ|501018.SH|512660.SH|513030.SH|513120.SH|513290.SH|513310.SH|513880.SH,-0.07911035064550342,0.7824059319979025,offspring,4.0
rolling_evolution_strategy,2023-07-01/2023-12-31,2024-01-01/2024-06-30,97,159687.SZ|159920.SZ|159967.SZ|159981.SZ|159985.SZ|161226.SZ|501018.SH|512170.SH|512660.SH|513030.SH|513120.SH|513290.SH|513310.SH,0.4421076939017783,0.7579092133299615,offspring,4.0
rolling_evolution_strategy,2023-07-01/2023-12-31,2024-01-01/2024-06-30,98,159509.SZ|159687.SZ|159766.SZ|159865.SZ|159920.SZ|159980.SZ|159981.SZ|161226.SZ|501018.SH|513030.SH|513120.SH|513310.SH|588200.SH,-0.06190830623634607,0.7579092133299615,offspring,4.0
rolling_evolution_strategy,2023-07-01/2023-12-31,2024-01-01/2024-06-30,99,159920.SZ|159967.SZ|159980.SZ|159985.SZ|160644.SZ|161226.SZ|501018.SH|512170.SH|512660.SH|513030.SH|513100.SH|513120.SH|513290.SH,-0.39646044795978014,0.7182503628120884,offspring,4.0
rolling_evolution_strategy,2023-07-01/2023-12-31,2024-01-01/2024-06-30,100,159920.SZ|159967.SZ|159981.SZ|159985.SZ|161226.SZ|164824.SZ|501018.SH|512170.SH|512400.SH|513030.SH|513100.SH|513120.SH|513290.SH,0.8350349603603584,0.7182503628120884,offspring,4.0
rolling_evolution_strategy,2024-01-01/2024-06-30,2024-07-01/2024-12-31,1,159687.SZ|159980.SZ|159981.SZ|159985.SZ|160644.SZ|161226.SZ|164824.SZ|513120.SH|513730.SH|513750.SH|515210.SH|562500.SH|588220.SH,-0.4896879770316549,0.8794778444146951,initial_parents,
rolling_evolution_strategy,2024-01-01/2024-06-30,2024-07-01/2024-12-31,2,159687.SZ|159851.SZ|159980.SZ|159981.SZ|164824.SZ|501018.SH|513030.SH|513120.SH|513180.SH|513500.SH|515210.SH|515880.SH|518880.SH,1.1780656345553817,0.763303340072328,initial_parents,
rolling_evolution_strategy,2024-01-01/2024-06-30,2024-07-01/2024-12-31,3,159509.SZ|159518.SZ|159851.SZ|159870.SZ|159980.SZ|159985.SZ|160644.SZ|501018.SH|510210.SH|513070.SH|513120.SH|513310.SH|518880.SH,2.0418427545938553,0.8220061841474703,initial_parents,
rolling_evolution_strategy,2024-01-01/2024-06-30,2024-07-01/2024-12-31,4,159687.SZ|159967.SZ|159980.SZ|160644.SZ|161226.SZ|501018.SH|512400.SH|513120.SH|513180.SH|513400.SH|513500.SH|518880.SH|588200.SH,-0.018240114348847068,0.8567934447580456,initial_parents,
rolling_evolution_strategy,2024-01-01/2024-06-30,2024-07-01/2024-12-31,5,159509.SZ|159985.SZ|161226.SZ|164824.SZ|501018.SH|510210.SH|513030.SH|513120.SH|513400.SH|513750.SH|515210.SH|518880.SH|562500.SH,1.800544887936489,0.809756851832685,initial_parents,
rolling_evolution_strategy,2024-01-01/2024-06-30,2024-07-01/2024-12-31,6,159509.SZ|159851.SZ|159869.SZ|159981.SZ|161226.SZ|501018.SH|513070.SH|513400.SH|513730.SH|513750.SH|513880.SH|518880.SH|588000.SH,1.5474757047286303,0.8781486191688416,initial_parents,
rolling_evolution_strategy,2024-01-01/2024-06-30,2024-07-01/2024-12-31,7,159509.SZ|159980.SZ|159985.SZ|164824.SZ|501018.SH|512660.SH|513070.SH|513290.SH|513750.SH|513880.SH|518880.SH|562500.SH|588220.SH,2.4252977117119334,0.8794778444146951,initial_parents,
rolling_evolution_strategy,2024-01-01/2024-06-30,2024-07-01/2024-12-31,8,159509.SZ|159796.SZ|159967.SZ|159980.SZ|159981.SZ|159985.SZ|501018.SH|513180.SH|513290.SH|513310.SH|513750.SH|513880.SH|515210.SH,0.34927597537551575,0.7985055969042496,initial_parents,
rolling_evolution_strategy,2024-01-01/2024-06-30,2024-07-01/2024-12-31,9,159920.SZ|159967.SZ|159980.SZ|159981.SZ|159985.SZ|164824.SZ|501018.SH|510880.SH|513100.SH|513180.SH|513400.SH|513880.SH|515220.SH,0.2202550997353873,0.9194110626548546,initial_parents,
rolling_evolution_strategy,2024-01-01/2024-06-30,2024-07-01/2024-12-31,10,159980.SZ|159985.SZ|160644.SZ|501018.SH|510050.SH|512170.SH|512880.SH|513120.SH|513290.SH|513500.SH|513750.SH|513880.SH|518880.SH,2.0292753962789276,0.6928580559734028,initial_parents,
rolling_evolution_strategy,2024-01-01/2024-06-30,2024-07-01/2024-12-31,11,159980.SZ|160644.SZ|161226.SZ|501018.SH|510050.SH|512170.SH|512880.SH|513070.SH|513290.SH|513500.SH|513750.SH|513880.SH|518880.SH,2.346371041156801,0.809756851832685,offspring,0.0
rolling_evolution_strategy,2024-01-01/2024-06-30,2024-07-01/2024-12-31,12,159509.SZ|159518.SZ|159851.SZ|159870.SZ|159980.SZ|159981.SZ|159985.SZ|160644.SZ|501018.SH|510210.SH|513070.SH|513120.SH|513400.SH,0.5739892685256709,0.8220061841474703,offspring,0.0
rolling_evolution_strategy,2024-01-01/2024-06-30,2024-07-01/2024-12-31,13,159509.SZ|159851.SZ|159870.SZ|159980.SZ|159985.SZ|160644.SZ|501018.SH|510210.SH|513070.SH|513120.SH|513310.SH|513730.SH|518880.SH,2.5537077533024957,0.8220061841474703,offspring,0.0
rolling_evolution_strategy,2024-01-01/2024-06-30,2024-07-01/2024-12-31,14,159509.SZ|159869.SZ|159981.SZ|161226.SZ|501018.SH|512100.SH|513070.SH|513400.SH|513730.SH|513750.SH|513880.SH|518880.SH|588000.SH,1.3506884293202397,0.823639841266624,offspring,0.0
rolling_evolution_strategy,2024-01-01/2024-06-30,2024-07-01/2024-12-31,15,159980.SZ|159985.SZ|160644.SZ|501018.SH|510050.SH|512170.SH|512880.SH|513120.SH|513290.SH|513310.SH|513500.SH|513750.SH|518880.SH,2.1336254292495007,0.6928580559734028,offspring,0.0
rolling_evolution_strategy,2024-01-01/2024-06-30,2024-07-01/2024-12-31,16,159980.SZ|159981.SZ|159985.SZ|160644.SZ|161226.SZ|164824.SZ|513070.SH|513080.SH|513120.SH|513730.SH|515210.SH|562500.SH|588220.SH,-0.6698638519061024,0.8794778444146951,offspring,0.0
rolling_evolution_strategy,2024-01-01/2024-06-30,2024-07-01/2024-12-31,17,159687.SZ|159980.SZ|159981.SZ|164824.SZ|501018.SH|512170.SH|513030.SH|513070.SH|513120.SH|513500.SH|515210.SH|515880.SH|518880.SH,0.9066571856652361,0.7262374580009411,offspring,0.0
rolling_evolution_strategy,2024-01-01/2024-06-30,2024-07-01/2024-12-31,18,159687.SZ|159851.SZ|159980.SZ|159981.SZ|164824.SZ|501018.SH|512100.SH|513030.SH|513120.SH|513180.SH|513500.SH|515880.SH|518880.SH,0.7254506182919728,0.9169724669206432,offspring,0.0
rolling_evolution_strategy,2024-01-01/2024-06-30,2024-07-01/2024-12-31,19,159687.SZ|159915.SZ|159967.SZ|159980.SZ|160644.SZ|161226.SZ|501018.SH|512400.SH|513120.SH|513180.SH|513400.SH|513500.SH|518880.SH,1.0168955304485032,0.9176697438711434,offspring,0.0
rolling_evolution_strategy,2024-01-01/2024-06-30,2024-07-01/2024-12-31,20,159509.SZ|159851.SZ|159980.SZ|159981.SZ|164824.SZ|501018.SH|513030.SH|513120.SH|513180.SH|513500.SH|515210.SH|515880.SH|518880.SH,1.7024774918812462,0.763303340072328,offspring,0.0
rolling_evolution_strategy,2024-01-01/2024-06-30,2024-07-01/2024-12-31,21,159509.SZ|159920.SZ|159967.SZ|159980.SZ|159981.SZ|159985.SZ|164824.SZ|501018.SH|510880.SH|513180.SH|513400.SH|513880.SH|515220.SH,0.4264239675116267,0.9194110626548546,offspring,0.0
rolling_evolution_strategy,2024-01-01/2024-06-30,2024-07-01/2024-12-31,22,159967.SZ|159980.SZ|160644.SZ|161226.SZ|501018.SH|512400.SH|513120.SH|513180.SH|513400.SH|513500.SH|513730.SH|518880.SH|588200.SH,0.06762471867949132,0.8567934447580456,offspring,0.0
rolling_evolution_strategy,2024-01-01/2024-06-30,2024-07-01/2024-12-31,23,159509.SZ|159518.SZ|159985.SZ|161226.SZ|164824.SZ|501018.SH|510210.SH|513120.SH|513400.SH|513750.SH|515210.SH|518880.SH|562500.SH,2.2135908460104847,0.809756851832685,offspring,0.0
rolling_evolution_strategy,2024-01-01/2024-06-30,2024-07-01/2024-12-31,24,159920.SZ|159967.SZ|159980.SZ|159985.SZ|161226.SZ|164824.SZ|501018.SH|510880.SH|513100.SH|513180.SH|513400.SH|513880.SH|515220.SH,1.2764878784657943,0.9194110626548546,offspring,0.0
rolling_evolution_strategy,2024-01-01/2024-06-30,2024-07-01/2024-12-31,25,159687.SZ|159980.SZ|159981.SZ|160644.SZ|161226.SZ|164824.SZ|513120.SH|513500.SH|513750.SH|515210.SH|518880.SH|562500.SH|588220.SH,0.44326109847324074,0.8794778444146951,offspring,0.0
rolling_evolution_strategy,2024-01-01/2024-06-30,2024-07-01/2024-12-31,26,159980.SZ|159985.SZ|164824.SZ|501018.SH|512660.SH|513070.SH|513100.SH|513290.SH|513750.SH|513880.SH|518880.SH|562500.SH|588220.SH,2.1434314639340686,0.8794778444146951,offspring,0.0
rolling_evolution_strategy,2024-01-01/2024-06-30,2024-07-01/2024-12-31,27,159980.SZ|159985.SZ|160644.SZ|501018.SH|510050.SH|512170.SH|512880.SH|513100.SH|513120.SH|513290.SH|513750.SH|513880.SH|518880.SH,2.083554475523715,0.6928580559734028,offspring,0.0
rolling_evolution_strategy,2024-01-01/2024-06-30,2024-07-01/2024-12-31,28,159920.SZ|159967.SZ|159981.SZ|159985.SZ|164824.SZ|501018.SH|510880.SH|513100.SH|513180.SH|513400.SH|513880.SH|515220.SH|518880.SH,0.5398606336365953,0.9194110626548546,offspring,0.0
rolling_evolution_strategy,2024-01-01/2024-06-30,2024-07-01/2024-12-31,29,159509.SZ|159518.SZ|159851.SZ|159870.SZ|159980.SZ|159985.SZ|160644.SZ|161226.SZ|510210.SH|513070.SH|513120.SH|513310.SH|518880.SH,2.1000447552780694,0.8220061841474703,offspring,0.0
rolling_evolution_strategy,2024-01-01/2024-06-30,2024-07-01/2024-12-31,30,159509.SZ|159851.SZ|159869.SZ|159980.SZ|159981.SZ|161226.SZ|501018.SH|513070.SH|513400.SH|513730.SH|513750.SH|513880.SH|588000.SH,1.0862988902724375,0.8781486191688416,offspring,0.0
rolling_evolution_strategy,2024-01-01/2024-06-30,2024-07-01/2024-12-31,31,159980.SZ|159985.SZ|160644.SZ|501018.SH|510050.SH|512170.SH|512880.SH|513100.SH|513120.SH|513400.SH|513750.SH|513880.SH|518880.SH,1.8944706543808414,0.6928580559734028,offspring,1.0
rolling_evolution_strategy,2024-01-01/2024-06-30,2024-07-01/2024-12-31,32,159509.SZ|159529.SZ|159985.SZ|161226.SZ|164824.SZ|501018.SH|510210.SH|513120.SH|513400.SH|513750.SH|515210.SH|518880.SH|562500.SH,2.318333450009054,0.809756851832685,offspring,1.0
rolling_evolution_strategy,2024-01-01/2024-06-30,2024-07-01/2024-12-31,33,159509.SZ|159518.SZ|159985.SZ|161226.SZ|164824.SZ|501018.SH|510210.SH|510500.SH|513120.SH|513400.SH|513750.SH|515210.SH|518880.SH,2.100611617703019,0.8646812760137823,offspring,1.0
rolling_evolution_strategy,2024-01-01/2024-06-30,2024-07-01/2024-12-31,34,159509.SZ|159796.SZ|159870.SZ|159980.SZ|159985.SZ|160644.SZ|501018.SH|510210.SH|513070.SH|513120.SH|513310.SH|513730.SH|518880.SH,1.7725143023980015,0.8220061841474703,offspring,1.0
rolling_evolution_strategy,2024-01-01/2024-06-30,2024-07-01/2024-12-31,35,159509.SZ|159518.SZ|159851.SZ|159870.SZ|159920.SZ|159980.SZ|159985.SZ|160644.SZ|501018.SH|510210.SH|513120.SH|513310.SH|518880.SH,2.164880458284209,0.8220061841474703,offspring,1.0
rolling_evolution_strategy,2024-01-01/2024-06-30,2024-07-01/2024-12-31,36,159980.SZ|159985.SZ|160644.SZ|161226.SZ|501018.SH|510050.SH|512170.SH|512880.SH|513070.SH|513290.SH|513500.SH|513750.SH|513880.SH,2.407069449413285,0.7694161263312431,offspring,1.0
rolling_evolution_strategy,2024-01-01/2024-06-30,2024-07-01/2024-12-31,37,159980.SZ|159985.SZ|160644.SZ|161226.SZ|510050.SH|512170.SH|512880.SH|513070.SH|513290.SH|513500.SH|513750.SH|513880.SH|518880.SH,1.805277697525373,0.809756851832685,offspring,1.0
rolling_evolution_strategy,2024-01-01/2024-06-30,2024-07-01/2024-12-31,38,159509.SZ|159851.SZ|159870.SZ|159980.SZ|160644.SZ|161226.SZ|501018.SH|510210.SH|513070.SH|513120.SH|513310.SH|513730.SH|518880.SH,2.1731821226123977,0.8220061841474703,offspring,1.0
rolling_evolution_strategy,2024-01-01/2024-06-30,2024-07-01/2024-12-31,39,159980.SZ|159985.SZ|160644.SZ|501018.SH|510050.SH|510210.SH|512880.SH|513120.SH|513290.SH|513310.SH|513500.SH|513750.SH|518880.SH,2.2483901991281785,0.8244624884107091,offspring,1.0
rolling_evolution_strategy,2024-01-01/2024-06-30,2024-07-01/2024-12-31,40,159980.SZ|161226.SZ|501018.SH|510050.SH|512170.SH|512880.SH|513070.SH|513290.SH|513400.SH|513500.SH|513750.SH|513880.SH|518880.SH,1.7185425893213078,0.809756851832685,offspring,1.0
rolling_evolution_strategy,2024-01-01/2024-06-30,2024-07-01/2024-12-31,41,159509.SZ|159687.SZ|159851.SZ|159870.SZ|159980.SZ|159985.SZ|160644.SZ|501018.SH|510210.SH|513070.SH|513120.SH|513310.SH|518880.SH,2.28190752905272,0.8220061841474703,offspring,1.0
rolling_evolution_strategy,2024-01-01/2024-06-30,2024-07-01/2024-12-31,42,159870.SZ|159980.SZ|160644.SZ|161226.SZ|501018.SH|510050.SH|512880.SH|513100.SH|513120.SH|513290.SH|513750.SH|513880.SH|518880.SH,2.654999879564841,0.809756851832685,offspring,1.0
rolling_evolution_strategy,2024-01-01/2024-06-30,2024-07-01/2024-12-31,43,159980.SZ|159985.SZ|160644.SZ|501018.SH|510050.SH|512170.SH|512880.SH|513100.SH|513120.SH|513500.SH|513750.SH|513880.SH|518880.SH,2.5346866950025055,0.8284455626917091,offspring,1.0
rolling_evolution_strategy,2024-01-01/2024-06-30,2024-07-01/2024-12-31,44,159980.SZ|159985.SZ|160644.SZ|501018.SH|510050.SH|512170.SH|512880.SH|513100.SH|513120.SH|513290.SH|513500.SH|513750.SH|518880.SH,2.159422263644144,0.8284455626917091,offspring,1.0
rolling_evolution_strategy,2024-01-01/2024-06-30,2024-07-01/2024-12-31,45,159509.SZ|159518.SZ|159851.SZ|159870.SZ|159980.SZ|160644.SZ|161226.SZ|501018.SH|510210.SH|513070.SH|513120.SH|513310.SH|518880.SH,2.6140318925343053,0.8220061841474703,offspring,1.0
rolling_evolution_strategy,2024-01-01/2024-06-30,2024-07-01/2024-12-31,46,159980.SZ|159985.SZ|160644.SZ|501018.SH|510050.SH|512170.SH|512880.SH|513100.SH|513120.SH|513180.SH|513290.SH|513880.SH|518880.SH,2.0745513018453137,0.763303340072328,offspring,1.0
rolling_evolution_strategy,2024-01-01/2024-06-30,2024-07-01/2024-12-31,47,159509.SZ|159980.SZ|159981.SZ|164824.SZ|501018.SH|512660.SH|513070.SH|513290.SH|513750.SH|513880.SH|518880.SH|562500.SH|588220.SH,1.5723964697471486,0.8794778444146951,offspring,1.0
rolling_evolution_strategy,2024-01-01/2024-06-30,2024-07-01/2024-12-31,48,159509.SZ|159518.SZ|159825.SZ|159851.SZ|159870.SZ|159980.SZ|159985.SZ|160644.SZ|501018.SH|513070.SH|513120.SH|513310.SH|518880.SH,1.8937442670612101,0.7262374580009411,offspring,1.0
rolling_evolution_strategy,2024-01-01/2024-06-30,2024-07-01/2024-12-31,49,159509.SZ|159611.SZ|159980.SZ|159985.SZ|161226.SZ|164824.SZ|513070.SH|513290.SH|513750.SH|513880.SH|518880.SH|562500.SH|588220.SH,2.261214607298084,0.8794778444146951,offspring,1.0
rolling_evolution_strategy,2024-01-01/2024-06-30,2024-07-01/2024-12-31,50,159509.SZ|159518.SZ|159529.SZ|159851.SZ|159870.SZ|159980.SZ|159985.SZ|161226.SZ|510210.SH|513070.SH|513120.SH|513400.SH|518880.SH,1.0121085929768956,0.8220061841474703,offspring,1.0
rolling_evolution_strategy,2024-01-01/2024-06-30,2024-07-01/2024-12-31,51,159980.SZ|159981.SZ|160644.SZ|161226.SZ|501018.SH|510050.SH|512170.SH|512880.SH|513070.SH|513290.SH|513500.SH|513750.SH|513880.SH,0.726108075173249,0.7694161263312431,offspring,2.0
rolling_evolution_strategy,2024-01-01/2024-06-30,2024-07-01/2024-12-31,52,159870.SZ|159980.SZ|160644.SZ|161226.SZ|164824.SZ|501018.SH|510050.SH|512880.SH|513100.SH|513180.SH|513750.SH|513880.SH|518880.SH,2.8391523151410736,0.809756851832685,offspring,2.0
rolling_evolution_strategy,2024-01-01/2024-06-30,2024-07-01/2024-12-31,53,159980.SZ|159985.SZ|160644.SZ|501018.SH|512170.SH|512880.SH|513100.SH|513120.SH|513500.SH|513750.SH|513880.SH|518880.SH|588220.SH,2.2454204001106666,0.8284455626917091,offspring,2.0
rolling_evolution_strategy,2024-01-01/2024-06-30,2024-07-01/2024-12-31,54,159509.SZ|159611.SZ|159980.SZ|159985.SZ|161226.SZ|164824.SZ|510210.SH|513070.SH|513290.SH|513750.SH|513880.SH|518880.SH|562500.SH,2.2831334349540686,0.809756851832685,offspring,2.0
rolling_evolution_strategy,2024-01-01/2024-06-30,2024-07-01/2024-12-31,55,159980.SZ|160644.SZ|161226.SZ|501018.SH|512170.SH|512880.SH|512980.SH|513070.SH|513290.SH|513500.SH|513750.SH|513880.SH|518880.SH,2.231862992136956,0.809756851832685,offspring,2.0
rolling_evolution_strategy,2024-01-01/2024-06-30,2024-07-01/2024-12-31,56,159920.SZ|159980.SZ|160644.SZ|161226.SZ|501018.SH|510050.SH|512880.SH|513290.SH|513500.SH|513750.SH|513880.SH|515220.SH|518880.SH,0.9921308793830902,0.8926225266665948,offspring,2.0
rolling_evolution_strategy,2024-01-01/2024-06-30,2024-07-01/2024-12-31,57,159509.SZ|159529.SZ|159985.SZ|161226.SZ|164824.SZ|501018.SH|510210.SH|512200.SH|513120.SH|513400.SH|513750.SH|518880.SH|562500.SH,1.6733454787107798,0.809756851832685,offspring,2.0
rolling_evolution_strategy,2024-01-01/2024-06-30,2024-07-01/2024-12-31,58,159509.SZ|159870.SZ|159949.SZ|159980.SZ|159985.SZ|160644.SZ|501018.SH|510210.SH|513070.SH|513120.SH|513310.SH|513730.SH|518880.SH,2.5843729848337973,0.8220061841474703,offspring,2.0
rolling_evolution_strategy,2024-01-01/2024-06-30,2024-07-01/2024-12-31,59,159980.SZ|159985.SZ|160644.SZ|161226.SZ|510050.SH|512170.SH|512880.SH|513100.SH|513120.SH|513500.SH|513750.SH|513880.SH|518880.SH,2.2092066804616266,0.8284455626917091,offspring,2.0
rolling_evolution_strategy,2024-01-01/2024-06-30,2024-07-01/2024-12-31,60,159509.SZ|159687.SZ|159980.SZ|159985.SZ|164824.SZ|501018.SH|512660.SH|513070.SH|513290.SH|513750.SH|515790.SH|518880.SH|588220.SH,1.8230766190776282,0.8652839566701115,offspring,2.0
rolling_evolution_strategy,2024-01-01/2024-06-30,2024-07-01/2024-12-31,61,159851.SZ|159980.SZ|160644.SZ|161226.SZ|501018.SH|512170.SH|512880.SH|513070.SH|513290.SH|513500.SH|513750.SH|513880.SH|518880.SH,2.2893236894742586,0.809756851832685,offspring,2.0
rolling_evolution_strategy,2024-01-01/2024-06-30,2024-07-01/2024-12-31,62,159980.SZ|159985.SZ|501018.SH|510050.SH|512170.SH|512880.SH|513070.SH|513080.SH|513290.SH|513500.SH|513750.SH|513880.SH|518880.SH,1.8726587356123097,0.7694161263312431,offspring,2.0
rolling_evolution_strategy,2024-01-01/2024-06-30,2024-07-01/2024-12-31,63,159980.SZ|160644.SZ|161226.SZ|501018.SH|510050.SH|512170.SH|512880.SH|513070.SH|513290.SH|513500.SH|513730.SH|513750.SH|518880.SH,1.5978573574895947,0.809756851832685,offspring,2.0
rolling_evolution_strategy,2024-01-01/2024-06-30,2024-07-01/2024-12-31,64,159509.SZ|159687.SZ|159980.SZ|161226.SZ|501018.SH|512660.SH|513070.SH|513290.SH|513750.SH|513880.SH|518880.SH|562500.SH|588220.SH,1.6442468684413087,0.8794778444146951,offspring,2.0
rolling_evolution_strategy,2024-01-01/2024-06-30,2024-07-01/2024-12-31,65,159985.SZ|160644.SZ|161226.SZ|501018.SH|510050.SH|512170.SH|512880.SH|513070.SH|513290.SH|513500.SH|513750.SH|513880.SH|518880.SH,2.6359592312589175,0.809756851832685,offspring,2.0
rolling_evolution_strategy,2024-01-01/2024-06-30,2024-07-01/2024-12-31,66,159509.SZ|159687.SZ|159851.SZ|159870.SZ|159981.SZ|159985.SZ|160644.SZ|501018.SH|510210.SH|513070.SH|513120.SH|513310.SH|518880.SH,1.3196160558588665,0.8220061841474703,offspring,2.0
rolling_evolution_strategy,2024-01-01/2024-06-30,2024-07-01/2024-12-31,67,159980.SZ|159985.SZ|160644.SZ|161226.SZ|501018.SH|512170.SH|512880.SH|513100.SH|513120.SH|513500.SH|513750.SH|513880.SH|588000.SH,2.3900413206947446,0.8284455626917091,offspring,2.0
rolling_evolution_strategy,2024-01-01/2024-06-30,2024-07-01/2024-12-31,68,159509.SZ|159611.SZ|159980.SZ|159985.SZ|161226.SZ|164824.SZ|513070.SH|513290.SH|513750.SH|513880.SH|515880.SH|518880.SH|562500.SH,2.2050024616781867,0.809756851832685,offspring,2.0
rolling_evolution_strategy,2024-01-01/2024-06-30,2024-07-01/2024-12-31,69,159509.SZ|159687.SZ|159851.SZ|159870.SZ|159949.SZ|159980.SZ|159985.SZ|160644.SZ|501018.SH|513070.SH|513120.SH|513310.SH|518880.SH,2.2870961056739336,0.7360881740988016,offspring,2.0
rolling_evolution_strategy,2024-01-01/2024-06-30,2024-07-01/2024-12-31,70,159980.SZ|159985.SZ|160644.SZ|501018.SH|510050.SH|512880.SH|513100.SH|513120.SH|513500.SH|513750.SH|513880.SH|515790.SH|518880.SH,2.590028730258486,0.8284455626917091,offspring,2.0
rolling_evolution_strategy,2024-01-01/2024-06-30,2024-07-01/2024-12-31,71,159985.SZ|160644.SZ|161226.SZ|501018.SH|510050.SH|512880.SH|513070.SH|513290.SH|513500.SH|513750.SH|513880.SH|518880.SH|588200.SH,2.026597346083606,0.809756851832685,offspring,3.0
rolling_evolution_strategy,2024-01-01/2024-06-30,2024-07-01/2024-12-31,72,159509.SZ|159870.SZ|159949.SZ|159980.SZ|159985.SZ|160644.SZ|501018.SH|510210.SH|513070.SH|513120.SH|513730.SH|513880.SH|518880.SH,2.610311926865993,0.8220061841474703,offspring,3.0
rolling_evolution_strategy,2024-01-01/2024-06-30,2024-07-01/2024-12-31,73,159981.SZ|159985.SZ|160644.SZ|161226.SZ|501018.SH|510050.SH|512170.SH|512880.SH|513070.SH|513290.SH|513500.SH|513750.SH|513880.SH,1.0279101674472977,0.7694161263312431,offspring,3.0
rolling_evolution_strategy,2024-01-01/2024-06-30,2024-07-01/2024-12-31,74,159870.SZ|159980.SZ|161226.SZ|164824.SZ|501018.SH|510050.SH|513100.SH|513180.SH|513500.SH|513750.SH|513880.SH|518880.SH|588200.SH,2.4641266232168193,0.8284455626917091,offspring,3.0
rolling_evolution_strategy,2024-01-01/2024-06-30,2024-07-01/2024-12-31,75,159509.SZ|159851.SZ|159870.SZ|159980.SZ|159981.SZ|160644.SZ|501018.SH|510210.SH|513070.SH|513120.SH|513310.SH|513730.SH|518880.SH,1.3117103950800313,0.8220061841474703,offspring,3.0
rolling_evolution_strategy,2024-01-01/2024-06-30,2024-07-01/2024-12-31,76,159518.SZ|159851.SZ|159870.SZ|159980.SZ|160644.SZ|161226.SZ|501018.SH|510210.SH|513070.SH|513120.SH|513310.SH|513500.SH|518880.SH,2.4729854087444716,0.8220061841474703,offspring,3.0
rolling_evolution_strategy,2024-01-01/2024-06-30,2024-07-01/2024-12-31,77,159980.SZ|160644.SZ|161226.SZ|501018.SH|510050.SH|512880.SH|513100.SH|513120.SH|513500.SH|513750.SH|513880.SH|515790.SH|518880.SH,2.6262582457893515,0.8284455626917091,offspring,3.0
rolling_evolution_strategy,2024-01-01/2024-06-30,2024-07-01/2024-12-31,78,159509.SZ|159687.SZ|159980.SZ|159985.SZ|501018.SH|512660.SH|513070.SH|513290.SH|513750.SH|513880.SH|518880.SH|562500.SH|588220.SH,1.7409876080700661,0.8794778444146951,offspring,3.0
rolling_evolution_strategy,2024-01-01/2024-06-30,2024-07-01/2024-12-31,79,159509.SZ|159980.SZ|159985.SZ|161226.SZ|164824.SZ|501018.SH|512660.SH|513070.SH|513290.SH|513750.SH|513880.SH|562500.SH|588220.SH,2.7792703234863483,0.8794778444146951,offspring,3.0
rolling_evolution_strategy,2024-01-01/2024-06-30,2024-07-01/2024-12-31,80,159687.SZ|159985.SZ|160644.SZ|161226.SZ|501018.SH|510050.SH|512170.SH|512880.SH|513070.SH|513500.SH|513750.SH|513880.SH|518880.SH,2.724328060942305,0.8170712656203459,offspring,3.0
rolling_evolution_strategy,2024-01-01/2024-06-30,2024-07-01/2024-12-31,81,159980.SZ|159985.SZ|160644.SZ|161226.SZ|501018.SH|510050.SH|512170.SH|512880.SH|513070.SH|513120.SH|513290.SH|513500.SH|513880.SH,2.211603962314296,0.7262374580009411,offspring,3.0
rolling_evolution_strategy,2024-01-01/2024-06-30,2024-07-01/2024-12-31,82,159980.SZ|159985.SZ|160644.SZ|501018.SH|510050.SH|512880.SH|513120.SH|513400.SH|513500.SH|513750.SH|513880.SH|515790.SH|518880.SH,1.446873727775561,0.6664023003294686,offspring,3.0
rolling_evolution_strategy,2024-01-01/2024-06-30,2024-07-01/2024-12-31,83,159509.SZ|159870.SZ|159949.SZ|159980.SZ|159981.SZ|159985.SZ|160644.SZ|510210.SH|513070.SH|513120.SH|513310.SH|513730.SH|518880.SH,0.3420966528074671,0.8220061841474703,offspring,3.0
rolling_evolution_strategy,2024-01-01/2024-06-30,2024-07-01/2024-12-31,84,159509.SZ|159851.SZ|159870.SZ|159967.SZ|159980.SZ|159985.SZ|160644.SZ|501018.SH|513070.SH|513120.SH|513310.SH|513730.SH|518880.SH,2.633441537189944,0.797127096331732,offspring,3.0
rolling_evolution_strategy,2024-01-01/2024-06-30,2024-07-01/2024-12-31,85,159509.SZ|159851.SZ|159870.SZ|159981.SZ|159985.SZ|160644.SZ|501018.SH|510210.SH|513070.SH|513120.SH|513310.SH|513730.SH|518880.SH,1.4987060524173383,0.8220061841474703,offspring,3.0
rolling_evolution_strategy,2024-01-01/2024-06-30,2024-07-01/2024-12-31,86,159509.SZ|159851.SZ|159980.SZ|159985.SZ|160644.SZ|501018.SH|510210.SH|513070.SH|513120.SH|513310.SH|513730.SH|515790.SH|518880.SH,2.191074118184022,0.7756436790137468,offspring,3.0
rolling_evolution_strategy,2024-01-01/2024-06-30,2024-07-01/2024-12-31,87,159687.SZ|159870.SZ|159980.SZ|159981.SZ|160644.SZ|164824.SZ|501018.SH|510050.SH|512880.SH|513180.SH|513750.SH|513880.SH|518880.SH,1.3469133108829097,0.8170712656203459,offspring,3.0
rolling_evolution_strategy,2024-01-01/2024-06-30,2024-07-01/2024-12-31,88,159870.SZ|159980.SZ|161226.SZ|164824.SZ|501018.SH|510050.SH|512880.SH|513100.SH|513180.SH|513290.SH|513750.SH|513880.SH|518880.SH,2.280473119348216,0.809756851832685,offspring,3.0
rolling_evolution_strategy,2024-01-01/2024-06-30,2024-07-01/2024-12-31,89,159870.SZ|159980.SZ|160644.SZ|161226.SZ|501018.SH|510050.SH|513100.SH|513120.SH|513290.SH|513750.SH|513880.SH|515790.SH|518880.SH,2.447287212055143,0.809756851832685,offspring,3.0
rolling_evolution_strategy,2024-01-01/2024-06-30,2024-07-01/2024-12-31,90,159509.SZ|159870.SZ|159980.SZ|159985.SZ|160644.SZ|501018.SH|510210.SH|513120.SH|513180.SH|513310.SH|513730.SH|518880.SH|563300.SH,2.970361781523493,0.8220061841474703,offspring,3.0
rolling_evolution_strategy,2024-01-01/2024-06-30,2024-07-01/2024-12-31,91,159509.SZ|159851.SZ|159870.SZ|159967.SZ|159980.SZ|159985.SZ|160644.SZ|501018.SH|513070.SH|513310.SH|513730.SH|513750.SH|518880.SH,2.9276471637741124,0.797127096331732,offspring,4.0
rolling_evolution_strategy,2024-01-01/2024-06-30,2024-07-01/2024-12-31,92,159870.SZ|159981.SZ|161226.SZ|164824.SZ|501018.SH|510050.SH|512880.SH|513100.SH|513180.SH|513730.SH|513750.SH|513880.SH|518880.SH,2.131481825289249,0.809756851832685,offspring,4.0
rolling_evolution_strategy,2024-01-01/2024-06-30,2024-07-01/2024-12-31,93,159870.SZ|159920.SZ|159980.SZ|160644.SZ|161226.SZ|501018.SH|510050.SH|512880.SH|513100.SH|513290.SH|513750.SH|513880.SH|518880.SH,2.759545263557215,0.8926225266665948,offspring,4.0
rolling_evolution_strategy,2024-01-01/2024-06-30,2024-07-01/2024-12-31,94,159509.SZ|159980.SZ|159985.SZ|160644.SZ|501018.SH|510210.SH|512800.SH|513120.SH|513180.SH|513310.SH|513730.SH|518880.SH|563300.SH,4.015719245948399,0.763303340072328,offspring,4.0
rolling_evolution_strategy,2024-01-01/2024-06-30,2024-07-01/2024-12-31,95,159509.SZ|159870.SZ|159949.SZ|159980.SZ|159985.SZ|160644.SZ|501018.SH|510210.SH|513070.SH|513730.SH|513750.SH|513880.SH|518880.SH,2.9099425114029804,0.8220061841474703,offspring,4.0
rolling_evolution_strategy,2024-01-01/2024-06-30,2024-07-01/2024-12-31,96,159687.SZ|159870.SZ|159980.SZ|160644.SZ|161226.SZ|164824.SZ|501018.SH|510050.SH|512880.SH|513180.SH|513750.SH|513880.SH|518880.SH,2.0325111263459426,0.8170712656203459,offspring,4.0
rolling_evolution_strategy,2024-01-01/2024-06-30,2024-07-01/2024-12-31,97,159509.SZ|159518.SZ|159851.SZ|159870.SZ|159920.SZ|159980.SZ|160644.SZ|161226.SZ|501018.SH|510500.SH|513120.SH|513310.SH|518880.SH,2.884921736462183,0.8939093618457863,offspring,4.0
rolling_evolution_strategy,2024-01-01/2024-06-30,2024-07-01/2024-12-31,98,159509.SZ|159518.SZ|159529.SZ|159851.SZ|159870.SZ|159980.SZ|161226.SZ|501018.SH|510210.SH|513070.SH|513120.SH|513310.SH|518880.SH,2.374361049752941,0.8220061841474703,offspring,4.0
rolling_evolution_strategy,2024-01-01/2024-06-30,2024-07-01/2024-12-31,99,159509.SZ|159870.SZ|159980.SZ|159985.SZ|501018.SH|510210.SH|513120.SH|513180.SH|513310.SH|513500.SH|513730.SH|518880.SH|563300.SH,2.3665726180594433,0.8220061841474703,offspring,4.0
rolling_evolution_strategy,2024-01-01/2024-06-30,2024-07-01/2024-12-31,100,159509.SZ|159518.SZ|159851.SZ|159870.SZ|159980.SZ|160644.SZ|161226.SZ|501018.SH|510210.SH|513070.SH|513120.SH|513400.SH|518880.SH,1.9054274981517758,0.8220061841474703,offspring,4.0
rolling_evolution_strategy,2024-07-01/2024-12-31,2025-01-01/2025-06-30,1,159529.SZ|159766.SZ|159920.SZ|159980.SZ|159981.SZ|160644.SZ|161226.SZ|501018.SH|512660.SH|513120.SH|513310.SH|513730.SH|588000.SH,0.7641895938611338,0.8069924608770991,initial_parents,
rolling_evolution_strategy,2024-07-01/2024-12-31,2025-01-01/2025-06-30,2,159518.SZ|159865.SZ|159980.SZ|159981.SZ|159985.SZ|510300.SH|512660.SH|513030.SH|513070.SH|513400.SH|513730.SH|513750.SH|518880.SH,0.08666938351441263,0.8406231432114443,initial_parents,
rolling_evolution_strategy,2024-07-01/2024-12-31,2025-01-01/2025-06-30,3,159865.SZ|159920.SZ|159980.SZ|159981.SZ|160644.SZ|161226.SZ|512400.SH|513100.SH|513400.SH|513500.SH|513750.SH|518880.SH|588000.SH,-0.412207304759026,0.8958197259318315,initial_parents,
rolling_evolution_strategy,2024-07-01/2024-12-31,2025-01-01/2025-06-30,4,159518.SZ|159529.SZ|159825.SZ|159870.SZ|159980.SZ|159981.SZ|159985.SZ|161226.SZ|164824.SZ|512800.SH|513080.SH|513180.SH|513750.SH,-0.216906175728663,0.8953178803407231,initial_parents,
rolling_evolution_strategy,2024-07-01/2024-12-31,2025-01-01/2025-06-30,5,159687.SZ|159915.SZ|159980.SZ|159981.SZ|159985.SZ|164824.SZ|510500.SH|513120.SH|513310.SH|513730.SH|513750.SH|518880.SH|588000.SH,0.5642631562875167,0.9179251225992219,initial_parents,
rolling_evolution_strategy,2024-07-01/2024-12-31,2025-01-01/2025-06-30,6,159329.SZ|159509.SZ|159766.SZ|159869.SZ|159901.SZ|159980.SZ|161226.SZ|501018.SH|513180.SH|513400.SH|513730.SH|513750.SH|518880.SH,0.845139816461438,0.8861226651551434,initial_parents,
rolling_evolution_strategy,2024-07-01/2024-12-31,2025-01-01/2025-06-30,7,159796.SZ|159920.SZ|159980.SZ|159985.SZ|160644.SZ|164824.SZ|501018.SH|510300.SH|512100.SH|513080.SH|513120.SH|513500.SH|518880.SH,-0.7213399504214282,0.8762618282865456,initial_parents,
rolling_evolution_strategy,2024-07-01/2024-12-31,2025-01-01/2025-06-30,8,159326.SZ|159329.SZ|159509.SZ|159518.SZ|159967.SZ|159980.SZ|159981.SZ|159985.SZ|164824.SZ|501018.SH|513120.SH|513750.SH|588000.SH,-0.5718673251753014,0.9076258260410772,initial_parents,
rolling_evolution_strategy,2024-07-01/2024-12-31,2025-01-01/2025-06-30,9,159329.SZ|159509.SZ|159518.SZ|159985.SZ|161226.SZ|501018.SH|510300.SH|512660.SH|513120.SH|513290.SH|513750.SH|518880.SH|563300.SH,-0.05594589565788599,0.8417305736110513,initial_parents,
rolling_evolution_strategy,2024-07-01/2024-12-31,2025-01-01/2025-06-30,10,159509.SZ|159529.SZ|159915.SZ|159981.SZ|159985.SZ|161226.SZ|501018.SH|512100.SH|512800.SH|513120.SH|513500.SH|513730.SH|513750.SH,1.3889498391480977,0.8853534766638758,initial_parents,
rolling_evolution_strategy,2024-07-01/2024-12-31,2025-01-01/2025-06-30,11,159329.SZ|159509.SZ|159518.SZ|159967.SZ|159980.SZ|159981.SZ|159985.SZ|164824.SZ|501018.SH|510880.SH|513120.SH|513750.SH|588000.SH,0.08504440339173065,0.9076258260410772,offspring,0.0
rolling_evolution_strategy,2024-07-01/2024-12-31,2025-01-01/2025-06-30,12,159687.SZ|159915.SZ|159980.SZ|159981.SZ|161226.SZ|164824.SZ|510500.SH|513120.SH|513310.SH|513730.SH|513750.SH|518880.SH|588000.SH,0.36724615540598454,0.9179251225992219,offspring,0.0
rolling_evolution_strategy,2024-07-01/2024-12-31,2025-01-01/2025-06-30,13,159518.SZ|159529.SZ|159825.SZ|159870.SZ|159981.SZ|159985.SZ|161226.SZ|164824.SZ|501018.SH|512800.SH|513080.SH|513120.SH|513750.SH,0.21064747982743529,0.8953178803407231,offspring,0.0
rolling_evolution_strategy,2024-07-01/2024-12-31,2025-01-01/2025-06-30,14,159518.SZ|159529.SZ|159865.SZ|159870.SZ|159980.SZ|159981.SZ|159985.SZ|161226.SZ|164824.SZ|512800.SH|513080.SH|513180.SH|513750.SH,-0.21905979018305977,0.8861226651551434,offspring,0.0
rolling_evolution_strategy,2024-07-01/2024-12-31,2025-01-01/2025-06-30,15,159329.SZ|159509.SZ|159518.SZ|159985.SZ|161226.SZ|501018.SH|510300.SH|512400.SH|513120.SH|513730.SH|513750.SH|518880.SH|563300.SH,-0.14037539460642445,0.8396509007691003,offspring,0.0
rolling_evolution_strategy,2024-07-01/2024-12-31,2025-01-01/2025-06-30,16,159509.SZ|159529.SZ|159915.SZ|159981.SZ|159985.SZ|160644.SZ|161226.SZ|501018.SH|512100.SH|512800.SH|513120.SH|513500.SH|513750.SH,0.5972828138475196,0.8853534766638758,offspring,0.0
rolling_evolution_strategy,2024-07-01/2024-12-31,2025-01-01/2025-06-30,17,159518.SZ|159529.SZ|159825.SZ|159870.SZ|159980.SZ|159981.SZ|159985.SZ|161226.SZ|164824.SZ|513080.SH|513180.SH|513750.SH|515210.SH,-0.7365498864609531,0.8953178803407231,offspring,0.0
rolling_evolution_strategy,2024-07-01/2024-12-31,2025-01-01/2025-06-30,18,159529.SZ|159901.SZ|159920.SZ|159980.SZ|159981.SZ|160644.SZ|161226.SZ|501018.SH|512660.SH|513120.SH|513310.SH|513730.SH|588000.SH,0.7110912608567134,0.881417886912985,offspring,0.0
rolling_evolution_strategy,2024-07-01/2024-12-31,2025-01-01/2025-06-30,19,159796.SZ|159920.SZ|159980.SZ|159985.SZ|160644.SZ|161226.SZ|164824.SZ|501018.SH|510300.SH|512100.SH|513080.SH|513120.SH|513500.SH,-0.6038512964652044,0.8762618282865456,offspring,0.0
rolling_evolution_strategy,2024-07-01/2024-12-31,2025-01-01/2025-06-30,20,159796.SZ|159920.SZ|159980.SZ|159985.SZ|160644.SZ|164824.SZ|501018.SH|510300.SH|512100.SH|513120.SH|513500.SH|513880.SH|518880.SH,-0.5743314713894876,0.8762618282865456,offspring,0.0
rolling_evolution_strategy,2024-07-01/2024-12-31,2025-01-01/2025-06-30,21,159529.SZ|159766.SZ|159920.SZ|159980.SZ|159981.SZ|160644.SZ|161226.SZ|501018.SH|512660.SH|512890.SH|513120.SH|513310.SH|513730.SH,0.5357638146092284,0.7338236006588396,offspring,0.0
rolling_evolution_strategy,2024-07-01/2024-12-31,2025-01-01/2025-06-30,22,159509.SZ|159529.SZ|159915.SZ|159981.SZ|159985.SZ|161226.SZ|501018.SH|512100.SH|512800.SH|513030.SH|513120.SH|513730.SH|513750.SH,1.3975758016372193,0.8853534766638758,offspring,0.0
rolling_evolution_strategy,2024-07-01/2024-12-31,2025-01-01/2025-06-30,23,159865.SZ|159920.SZ|159980.SZ|159981.SZ|160644.SZ|161226.SZ|510880.SH|513100.SH|513400.SH|513500.SH|513750.SH|518880.SH|588000.SH,-0.0188415443489601,0.8958197259318315,offspring,0.0
rolling_evolution_strategy,2024-07-01/2024-12-31,2025-01-01/2025-06-30,24,159509.SZ|159529.SZ|159981.SZ|159985.SZ|161226.SZ|501018.SH|512100.SH|512800.SH|513120.SH|513500.SH|513730.SH|513750.SH|516150.SH,1.2176605691264086,0.8042605341192945,offspring,0.0
rolling_evolution_strategy,2024-07-01/2024-12-31,2025-01-01/2025-06-30,25,159529.SZ|159766.SZ|159920.SZ|159980.SZ|159981.SZ|160644.SZ|161226.SZ|501018.SH|512660.SH|513030.SH|513120.SH|513310.SH|588000.SH,-0.442118317722218,0.8069924608770991,offspring,0.0
rolling_evolution_strategy,2024-07-01/2024-12-31,2025-01-01/2025-06-30,26,159796.SZ|159920.SZ|159980.SZ|159985.SZ|160644.SZ|164824.SZ|501018.SH|510180.SH|512100.SH|513080.SH|513120.SH|513500.SH|518880.SH,-0.583400560800072,0.8748255254402321,offspring,0.0
rolling_evolution_strategy,2024-07-01/2024-12-31,2025-01-01/2025-06-30,27,159326.SZ|159329.SZ|159509.SZ|159518.SZ|159967.SZ|159980.SZ|159981.SZ|159985.SZ|164824.SZ|501018.SH|513120.SH|513750.SH|516150.SH,-0.6988588201816303,0.7999779847265246,offspring,0.0
rolling_evolution_strategy,2024-07-01/2024-12-31,2025-01-01/2025-06-30,28,159518.SZ|159529.SZ|159825.SZ|159980.SZ|159981.SZ|159985.SZ|161226.SZ|164824.SZ|512100.SH|512800.SH|513080.SH|513180.SH|513750.SH,-0.17030739822130195,0.8861226651551434,offspring,0.0
rolling_evolution_strategy,2024-07-01/2024-12-31,2025-01-01/2025-06-30,29,159329.SZ|159509.SZ|159518.SZ|159980.SZ|159985.SZ|161226.SZ|501018.SH|510300.SH|513120.SH|513290.SH|513750.SH|515880.SH|563300.SH,-0.3596817839787832,0.7935630184134768,offspring,0.0
rolling_evolution_strategy,2024-07-01/2024-12-31,2025-01-01/2025-06-30,30,159518.SZ|159529.SZ|159825.SZ|159870.SZ|159980.SZ|159981.SZ|159985.SZ|161226.SZ|164824.SZ|512800.SH|513080.SH|513120.SH|513180.SH,-0.021380576804271627,0.8953178803407231,offspring,0.0
rolling_evolution_strategy,2024-07-01/2024-12-31,2025-01-01/2025-06-30,31,159329.SZ|159509.SZ|159766.SZ|159869.SZ|159901.SZ|159980.SZ|161226.SZ|164824.SZ|501018.SH|513180.SH|513400.SH|513750.SH|518880.SH,0.4113859276889117,0.8861226651551434,offspring,1.0
rolling_evolution_strategy,2024-07-01/2024-12-31,2025-01-01/2025-06-30,32,159529.SZ|159766.SZ|159920.SZ|159980.SZ|159981.SZ|160644.SZ|161226.SZ|501018.SH|513120.SH|513310.SH|513730.SH|563300.SH|588000.SH,0.5334501260707907,0.7743724687667471,offspring,1.0
rolling_evolution_strategy,2024-07-01/2024-12-31,2025-01-01/2025-06-30,33,159509.SZ|159529.SZ|159915.SZ|159985.SZ|160644.SZ|161226.SZ|501018.SH|512100.SH|512800.SH|513120.SH|513500.SH|513750.SH|518880.SH,0.03389296861631864,0.8853534766638758,offspring,1.0
rolling_evolution_strategy,2024-07-01/2024-12-31,2025-01-01/2025-06-30,34,159529.SZ|159766.SZ|159920.SZ|159980.SZ|159985.SZ|160644.SZ|161226.SZ|501018.SH|512660.SH|512890.SH|513120.SH|513310.SH|513730.SH,-0.10038903081465848,0.7338236006588396,offspring,1.0
rolling_evolution_strategy,2024-07-01/2024-12-31,2025-01-01/2025-06-30,35,159509.SZ|159529.SZ|159915.SZ|159981.SZ|159985.SZ|160644.SZ|161226.SZ|501018.SH|512100.SH|512800.SH|513100.SH|513120.SH|513750.SH,1.220868332747504,0.9103349868626713,offspring,1.0
rolling_evolution_strategy,2024-07-01/2024-12-31,2025-01-01/2025-06-30,36,159509.SZ|159529.SZ|159981.SZ|159985.SZ|161226.SZ|501018.SH|510050.SH|512100.SH|512800.SH|513120.SH|513500.SH|513730.SH|513750.SH,1.0832316294340134,0.8042605341192945,offspring,1.0
rolling_evolution_strategy,2024-07-01/2024-12-31,2025-01-01/2025-06-30,37,159329.SZ|159509.SZ|159766.SZ|159869.SZ|159901.SZ|159980.SZ|159981.SZ|501018.SH|513180.SH|513400.SH|513730.SH|513750.SH|518880.SH,1.4788169557819064,0.8861226651551434,offspring,1.0
rolling_evolution_strategy,2024-07-01/2024-12-31,2025-01-01/2025-06-30,38,159529.SZ|159687.SZ|159915.SZ|159980.SZ|159981.SZ|159985.SZ|510500.SH|513120.SH|513310.SH|513730.SH|513750.SH|518880.SH|588000.SH,0.5354490339115022,0.9179251225992219,offspring,1.0
rolling_evolution_strategy,2024-07-01/2024-12-31,2025-01-01/2025-06-30,39,159509.SZ|159529.SZ|159825.SZ|159915.SZ|159981.SZ|159985.SZ|160644.SZ|161226.SZ|501018.SH|512100.SH|513120.SH|513500.SH|513750.SH,0.5458146182389584,0.8853534766638758,offspring,1.0
rolling_evolution_strategy,2024-07-01/2024-12-31,2025-01-01/2025-06-30,40,159687.SZ|159915.SZ|159980.SZ|159981.SZ|159985.SZ|161226.SZ|164824.SZ|510500.SH|513120.SH|513310.SH|513730.SH|513750.SH|588000.SH,0.0975270583027992,0.9179251225992219,offspring,1.0
rolling_evolution_strategy,2024-07-01/2024-12-31,2025-01-01/2025-06-30,41,159529.SZ|159766.SZ|159920.SZ|159980.SZ|159981.SZ|161226.SZ|501018.SH|512660.SH|513120.SH|513310.SH|513400.SH|513730.SH|588000.SH,0.5090183311050512,0.8069924608770991,offspring,1.0
rolling_evolution_strategy,2024-07-01/2024-12-31,2025-01-01/2025-06-30,42,159509.SZ|159981.SZ|159985.SZ|160644.SZ|161226.SZ|501018.SH|512100.SH|512800.SH|513120.SH|513500.SH|513730.SH|513750.SH|516150.SH,0.2654777305050992,0.8042605341192945,offspring,1.0
rolling_evolution_strategy,2024-07-01/2024-12-31,2025-01-01/2025-06-30,43,159509.SZ|159529.SZ|159915.SZ|159981.SZ|159985.SZ|160644.SZ|161226.SZ|501018.SH|512200.SH|512800.SH|513070.SH|513500.SH|513750.SH,0.25957804737162454,0.8406231432114443,offspring,1.0
rolling_evolution_strategy,2024-07-01/2024-12-31,2025-01-01/2025-06-30,44,159687.SZ|159915.SZ|159980.SZ|159981.SZ|159985.SZ|164824.SZ|510500.SH|512800.SH|513120.SH|513310.SH|513730.SH|513750.SH|518880.SH,0.532375411884067,0.8760658578917687,offspring,1.0
rolling_evolution_strategy,2024-07-01/2024-12-31,2025-01-01/2025-06-30,45,159509.SZ|159529.SZ|159915.SZ|159981.SZ|159985.SZ|161226.SZ|501018.SH|512100.SH|512800.SH|513030.SH|513120.SH|513180.SH|513730.SH,1.2680093617379986,0.8853534766638758,offspring,1.0
rolling_evolution_strategy,2024-07-01/2024-12-31,2025-01-01/2025-06-30,46,159529.SZ|159766.SZ|159920.SZ|159981.SZ|159985.SZ|160644.SZ|161226.SZ|501018.SH|512660.SH|512890.SH|513120.SH|513310.SH|513730.SH,-0.0941508818992096,0.7338236006588396,offspring,1.0
rolling_evolution_strategy,2024-07-01/2024-12-31,2025-01-01/2025-06-30,47,159509.SZ|159529.SZ|159915.SZ|159981.SZ|159985.SZ|161226.SZ|501018.SH|510180.SH|512800.SH|513030.SH|513120.SH|513730.SH|513750.SH,1.2140925592743261,0.8679847137083343,offspring,1.0
rolling_evolution_strategy,2024-07-01/2024-12-31,2025-01-01/2025-06-30,48,159687.SZ|159915.SZ|159980.SZ|159981.SZ|161226.SZ|164824.SZ|510500.SH|513030.SH|513120.SH|513310.SH|513750.SH|518880.SH|588000.SH,0.07983099353556646,0.9179251225992219,offspring,1.0
rolling_evolution_strategy,2024-07-01/2024-12-31,2025-01-01/2025-06-30,49,159509.SZ|159529.SZ|159981.SZ|159985.SZ|161226.SZ|512100.SH|512800.SH|513120.SH|513500.SH|513730.SH|513750.SH|516150.SH|518880.SH,0.18148258631775904,0.8042605341192945,offspring,1.0
rolling_evolution_strategy,2024-07-01/2024-12-31,2025-01-01/2025-06-30,50,159529.SZ|159920.SZ|159980.SZ|159981.SZ|160644.SZ|161226.SZ|501018.SH|512660.SH|513120.SH|513310.SH|513730.SH|563300.SH|588000.SH,0.9328949717560828,0.8417305736110513,offspring,1.0
rolling_evolution_strategy,2024-07-01/2024-12-31,2025-01-01/2025-06-30,51,159509.SZ|159529.SZ|159981.SZ|159985.SZ|161226.SZ|501018.SH|512100.SH|512880.SH|513120.SH|513500.SH|513730.SH|513750.SH|516150.SH,1.243658139867255,0.8156013607608792,offspring,2.0
rolling_evolution_strategy,2024-07-01/2024-12-31,2025-01-01/2025-06-30,52,159329.SZ|159509.SZ|159766.SZ|159852.SZ|159901.SZ|159980.SZ|159981.SZ|501018.SH|513180.SH|513400.SH|513730.SH|513750.SH|518880.SH,1.780011607273347,0.8861226651551434,offspring,2.0
rolling_evolution_strategy,2024-07-01/2024-12-31,2025-01-01/2025-06-30,53,159326.SZ|159509.SZ|159529.SZ|159981.SZ|159985.SZ|161226.SZ|501018.SH|512100.SH|512800.SH|513120.SH|513500.SH|513730.SH|513750.SH,1.2746193362987102,0.8500311151233316,offspring,2.0
rolling_evolution_strategy,2024-07-01/2024-12-31,2025-01-01/2025-06-30,54,159329.SZ|159509.SZ|159766.SZ|159869.SZ|159901.SZ|159980.SZ|159981.SZ|159985.SZ|513180.SH|513400.SH|513730.SH|513750.SH|518880.SH,0.8666987843519883,0.8861226651551434,offspring,2.0
rolling_evolution_strategy,2024-07-01/2024-12-31,2025-01-01/2025-06-30,55,159509.SZ|159687.SZ|159981.SZ|159985.SZ|161226.SZ|501018.SH|510050.SH|512100.SH|512800.SH|513120.SH|513500.SH|513730.SH|513750.SH,0.6810083979951895,0.8042605341192945,offspring,2.0
rolling_evolution_strategy,2024-07-01/2024-12-31,2025-01-01/2025-06-30,56,159509.SZ|159529.SZ|159611.SZ|159915.SZ|159981.SZ|159985.SZ|161226.SZ|501018.SH|512800.SH|513030.SH|513120.SH|513730.SH|513750.SH,0.8593396904026402,0.7579535481871515,offspring,2.0
rolling_evolution_strategy,2024-07-01/2024-12-31,2025-01-01/2025-06-30,57,159509.SZ|159529.SZ|159915.SZ|159981.SZ|159985.SZ|160644.SZ|161226.SZ|501018.SH|512100.SH|512980.SH|513100.SH|513120.SH|513750.SH,0.9219751567814591,0.9103349868626713,offspring,2.0
rolling_evolution_strategy,2024-07-01/2024-12-31,2025-01-01/2025-06-30,58,159509.SZ|159529.SZ|159915.SZ|159981.SZ|159985.SZ|160644.SZ|161226.SZ|501018.SH|512100.SH|513100.SH|513120.SH|513750.SH|516150.SH,1.0742310953863161,0.9103349868626713,offspring,2.0
rolling_evolution_strategy,2024-07-01/2024-12-31,2025-01-01/2025-06-30,59,159509.SZ|159529.SZ|159915.SZ|159981.SZ|159985.SZ|161226.SZ|512100.SH|512800.SH|513120.SH|513500.SH|513730.SH|513750.SH|518880.SH,0.39954937969465687,0.8853534766638758,offspring,2.0
rolling_evolution_strategy,2024-07-01/2024-12-31,2025-01-01/2025-06-30,60,159509.SZ|159529.SZ|159981.SZ|159985.SZ|161226.SZ|501018.SH|512100.SH|512800.SH|513100.SH|513120.SH|513500.SH|513750.SH|516150.SH,0.7705309300394345,0.9103349868626713,offspring,2.0
rolling_evolution_strategy,2024-07-01/2024-12-31,2025-01-01/2025-06-30,61,159329.SZ|159509.SZ|159766.SZ|159869.SZ|159901.SZ|159980.SZ|159981.SZ|159985.SZ|501018.SH|513180.SH|513400.SH|513730.SH|513750.SH,1.3466880267627452,0.8861226651551434,offspring,2.0
rolling_evolution_strategy,2024-07-01/2024-12-31,2025-01-01/2025-06-30,62,159329.SZ|159529.SZ|159915.SZ|159981.SZ|159985.SZ|161226.SZ|501018.SH|512100.SH|512800.SH|513030.SH|513120.SH|513730.SH|513750.SH,1.3720822110422823,0.8853534766638758,offspring,2.0
rolling_evolution_strategy,2024-07-01/2024-12-31,2025-01-01/2025-06-30,63,159329.SZ|159529.SZ|159980.SZ|159981.SZ|161226.SZ|501018.SH|512100.SH|512800.SH|513120.SH|513500.SH|513730.SH|513750.SH|516150.SH,1.3089849388248067,0.8019146475104755,offspring,2.0
rolling_evolution_strategy,2024-07-01/2024-12-31,2025-01-01/2025-06-30,64,159329.SZ|159509.SZ|159766.SZ|159869.SZ|159901.SZ|159980.SZ|159985.SZ|161226.SZ|501018.SH|513180.SH|513400.SH|513730.SH|513750.SH,0.8373459724283776,0.8861226651551434,offspring,2.0
rolling_evolution_strategy,2024-07-01/2024-12-31,2025-01-01/2025-06-30,65,159509.SZ|159529.SZ|159869.SZ|159980.SZ|159981.SZ|159985.SZ|501018.SH|512800.SH|513120.SH|513500.SH|513730.SH|513750.SH|516150.SH,0.7576447191249406,0.8042605341192945,offspring,2.0
rolling_evolution_strategy,2024-07-01/2024-12-31,2025-01-01/2025-06-30,66,159509.SZ|159529.SZ|159915.SZ|159981.SZ|159985.SZ|161226.SZ|501018.SH|510180.SH|512800.SH|513030.SH|513070.SH|513730.SH|513750.SH,0.7916291285892294,0.8679847137083343,offspring,2.0
rolling_evolution_strategy,2024-07-01/2024-12-31,2025-01-01/2025-06-30,67,159509.SZ|159529.SZ|159870.SZ|159981.SZ|159985.SZ|160644.SZ|161226.SZ|501018.SH|512100.SH|512800.SH|513100.SH|513120.SH|513750.SH,1.1557571604385104,0.9103349868626713,offspring,2.0
rolling_evolution_strategy,2024-07-01/2024-12-31,2025-01-01/2025-06-30,68,159509.SZ|159529.SZ|159870.SZ|159915.SZ|159981.SZ|159985.SZ|161226.SZ|510180.SH|513030.SH|513120.SH|513730.SH|513750.SH|518880.SH,0.2223981771597951,0.8755207872965671,offspring,2.0
rolling_evolution_strategy,2024-07-01/2024-12-31,2025-01-01/2025-06-30,69,159529.SZ|159981.SZ|159985.SZ|160644.SZ|161226.SZ|501018.SH|510050.SH|512800.SH|513120.SH|513500.SH|513730.SH|513750.SH|515790.SH,0.6600415614533155,0.7635810671878148,offspring,2.0
rolling_evolution_strategy,2024-07-01/2024-12-31,2025-01-01/2025-06-30,70,159529.SZ|159687.SZ|159915.SZ|159981.SZ|159985.SZ|161226.SZ|501018.SH|512100.SH|512800.SH|513030.SH|513120.SH|513180.SH|513730.SH,1.3429738804668385,0.8853534766638758,offspring,2.0
rolling_evolution_strategy,2024-07-01/2024-12-31,2025-01-01/2025-06-30,71,159329.SZ|159529.SZ|159915.SZ|159981.SZ|159985.SZ|161226.SZ|501018.SH|512100.SH|512800.SH|513030.SH|513180.SH|513730.SH|513750.SH,1.1032493602305675,0.8861226651551434,offspring,3.0
rolling_evolution_strategy,2024-07-01/2024-12-31,2025-01-01/2025-06-30,72,159329.SZ|159509.SZ|159766.SZ|159869.SZ|159901.SZ|159981.SZ|159985.SZ|161226.SZ|501018.SH|513180.SH|513400.SH|513730.SH|513750.SH,1.1013290329029979,0.8861226651551434,offspring,3.0
rolling_evolution_strategy,2024-07-01/2024-12-31,2025-01-01/2025-06-30,73,159509.SZ|159529.SZ|159915.SZ|159985.SZ|161226.SZ|501018.SH|512100.SH|512800.SH|513180.SH|513500.SH|513730.SH|513750.SH|518880.SH,0.45808936103317244,0.8861226651551434,offspring,3.0
rolling_evolution_strategy,2024-07-01/2024-12-31,2025-01-01/2025-06-30,74,159329.SZ|159518.SZ|159529.SZ|159980.SZ|159981.SZ|161226.SZ|501018.SH|512100.SH|512800.SH|513120.SH|513730.SH|513750.SH|516150.SH,0.8358760464354881,0.8019146475104755,offspring,3.0
rolling_evolution_strategy,2024-07-01/2024-12-31,2025-01-01/2025-06-30,75,159509.SZ|159529.SZ|159870.SZ|159981.SZ|159985.SZ|161226.SZ|501018.SH|512100.SH|512800.SH|513120.SH|513500.SH|513730.SH|513750.SH,1.163585247358602,0.9000511022628488,offspring,3.0
rolling_evolution_strategy,2024-07-01/2024-12-31,2025-01-01/2025-06-30,76,159329.SZ|159509.SZ|159766.SZ|159869.SZ|159901.SZ|159981.SZ|159985.SZ|501018.SH|513180.SH|513400.SH|513730.SH|513750.SH|518880.SH,1.2592815603173797,0.8861226651551434,offspring,3.0
rolling_evolution_strategy,2024-07-01/2024-12-31,2025-01-01/2025-06-30,77,159329.SZ|159509.SZ|159766.SZ|159852.SZ|159901.SZ|159980.SZ|161226.SZ|501018.SH|513180.SH|513400.SH|513730.SH|513750.SH|518880.SH,1.1807343973659137,0.8861226651551434,offspring,3.0
rolling_evolution_strategy,2024-07-01/2024-12-31,2025-01-01/2025-06-30,78,159509.SZ|159529.SZ|159915.SZ|159920.SZ|159981.SZ|159985.SZ|161226.SZ|501018.SH|512100.SH|512800.SH|513030.SH|513730.SH|513750.SH,0.6209518079933547,0.8958197259318315,offspring,3.0
rolling_evolution_strategy,2024-07-01/2024-12-31,2025-01-01/2025-06-30,79,159509.SZ|159529.SZ|159915.SZ|159981.SZ|159985.SZ|161226.SZ|501018.SH|512100.SH|512800.SH|513030.SH|513070.SH|513730.SH|513750.SH,0.8464541419644658,0.8853534766638758,offspring,3.0
rolling_evolution_strategy,2024-07-01/2024-12-31,2025-01-01/2025-06-30,80,159529.SZ|159687.SZ|159915.SZ|159981.SZ|159985.SZ|161226.SZ|501018.SH|512100.SH|512800.SH|513030.SH|513100.SH|513120.SH|513180.SH,1.2634581875915007,0.8853534766638758,offspring,3.0
rolling_evolution_strategy,2024-07-01/2024-12-31,2025-01-01/2025-06-30,81,159329.SZ|159509.SZ|159869.SZ|159901.SZ|159980.SZ|159981.SZ|159985.SZ|501018.SH|513180.SH|513400.SH|513730.SH|513750.SH|515220.SH,1.0677882986405498,0.8861226651551434,offspring,3.0
rolling_evolution_strategy,2024-07-01/2024-12-31,2025-01-01/2025-06-30,82,159509.SZ|159529.SZ|159915.SZ|159981.SZ|159985.SZ|161226.SZ|501018.SH|512400.SH|512800.SH|513120.SH|513500.SH|513730.SH|513750.SH,0.9294688545712467,0.8042605341192945,offspring,3.0
rolling_evolution_strategy,2024-07-01/2024-12-31,2025-01-01/2025-06-30,83,159329.SZ|159529.SZ|159980.SZ|159981.SZ|161226.SZ|501018.SH|512100.SH|512170.SH|513120.SH|513180.SH|513500.SH|513730.SH|516150.SH,1.164862753920205,0.891987230397051,offspring,3.0
rolling_evolution_strategy,2024-07-01/2024-12-31,2025-01-01/2025-06-30,84,159509.SZ|159529.SZ|159915.SZ|159981.SZ|159985.SZ|160644.SZ|161226.SZ|501018.SH|512100.SH|512800.SH|513030.SH|513120.SH|513750.SH,0.39867944867142646,0.8853534766638758,offspring,3.0
rolling_evolution_strategy,2024-07-01/2024-12-31,2025-01-01/2025-06-30,85,159529.SZ|159687.SZ|159915.SZ|159981.SZ|159985.SZ|161226.SZ|501018.SH|512100.SH|512800.SH|513080.SH|513120.SH|513180.SH|513730.SH,1.4843607485228718,0.8853534766638758,offspring,3.0
rolling_evolution_strategy,2024-07-01/2024-12-31,2025-01-01/2025-06-30,86,159329.SZ|159509.SZ|159766.SZ|159869.SZ|159901.SZ|159980.SZ|159981.SZ|159985.SZ|501018.SH|513180.SH|513310.SH|513400.SH|513750.SH,0.9138498478587567,0.8861226651551434,offspring,3.0
rolling_evolution_strategy,2024-07-01/2024-12-31,2025-01-01/2025-06-30,87,159329.SZ|159529.SZ|159980.SZ|159981.SZ|161226.SZ|512100.SH|512800.SH|513120.SH|513500.SH|513730.SH|513750.SH|516150.SH|518880.SH,0.9477490288771411,0.8019146475104755,offspring,3.0
rolling_evolution_strategy,2024-07-01/2024-12-31,2025-01-01/2025-06-30,88,159326.SZ|159509.SZ|159529.SZ|159915.SZ|159981.SZ|159985.SZ|161226.SZ|501018.SH|512100.SH|513030.SH|513120.SH|513730.SH|513750.SH,1.0927654227131094,0.8853534766638758,offspring,3.0
rolling_evolution_strategy,2024-07-01/2024-12-31,2025-01-01/2025-06-30,89,159509.SZ|159915.SZ|159981.SZ|159985.SZ|161226.SZ|501018.SH|512100.SH|512800.SH|513120.SH|513400.SH|513500.SH|513730.SH|513750.SH,1.2106101127295967,0.8853534766638758,offspring,3.0
rolling_evolution_strategy,2024-07-01/2024-12-31,2025-01-01/2025-06-30,90,159329.SZ|159529.SZ|159915.SZ|159980.SZ|159981.SZ|159985.SZ|161226.SZ|512040.SH|512100.SH|513030.SH|513120.SH|513730.SH|513750.SH,0.7672575965922114,0.8853534766638758,offspring,3.0
rolling_evolution_strategy,2024-07-01/2024-12-31,2025-01-01/2025-06-30,91,159329.SZ|159509.SZ|159869.SZ|159901.SZ|159980.SZ|159981.SZ|159985.SZ|501018.SH|512880.SH|513180.SH|513400.SH|513730.SH|513750.SH,1.35869473473771,0.8861226651551434,offspring,4.0
rolling_evolution_strategy,2024-07-01/2024-12-31,2025-01-01/2025-06-30,92,159509.SZ|159529.SZ|159915.SZ|159980.SZ|159985.SZ|161226.SZ|501018.SH|512100.SH|512800.SH|513030.SH|513120.SH|513730.SH|513750.SH,1.4391966428018832,0.8853534766638758,offspring,4.0
rolling_evolution_strategy,2024-07-01/2024-12-31,2025-01-01/2025-06-30,93,159529.SZ|159687.SZ|159915.SZ|159980.SZ|159981.SZ|159985.SZ|501018.SH|512100.SH|512800.SH|513080.SH|513120.SH|513180.SH|513730.SH,1.4983683102512961,0.8853534766638758,offspring,4.0
rolling_evolution_strategy,2024-07-01/2024-12-31,2025-01-01/2025-06-30,94,159329.SZ|159518.SZ|159915.SZ|159981.SZ|159985.SZ|161226.SZ|501018.SH|512100.SH|512800.SH|513030.SH|513120.SH|513730.SH|513750.SH,0.140223367372516,0.8853534766638758,offspring,4.0
rolling_evolution_strategy,2024-07-01/2024-12-31,2025-01-01/2025-06-30,95,159329.SZ|159529.SZ|159980.SZ|159981.SZ|161226.SZ|501018.SH|512100.SH|512800.SH|513120.SH|513500.SH|513750.SH|513880.SH|516150.SH,1.0069632238193453,0.8019146475104755,offspring,4.0
rolling_evolution_strategy,2024-07-01/2024-12-31,2025-01-01/2025-06-30,96,159329.SZ|159509.SZ|159766.SZ|159852.SZ|159901.SZ|159920.SZ|159980.SZ|159981.SZ|501018.SH|513400.SH|513730.SH|513750.SH|518880.SH,1.3450921116317487,0.8958197259318315,offspring,4.0
rolling_evolution_strategy,2024-07-01/2024-12-31,2025-01-01/2025-06-30,97,159329.SZ|159509.SZ|159766.SZ|159901.SZ|159980.SZ|159981.SZ|159985.SZ|501018.SH|512400.SH|513180.SH|513400.SH|513730.SH|513750.SH,1.0831021462840777,0.8861226651551434,offspring,4.0
rolling_evolution_strategy,2024-07-01/2024-12-31,2025-01-01/2025-06-30,98,159529.SZ|159687.SZ|159915.SZ|159981.SZ|159985.SZ|161226.SZ|512100.SH|513030.SH|513120.SH|513180.SH|513730.SH|518880.SH|588000.SH,0.2674363774591976,0.9179251225992219,offspring,4.0
rolling_evolution_strategy,2024-07-01/2024-12-31,2025-01-01/2025-06-30,99,159509.SZ|159529.SZ|159915.SZ|159981.SZ|159985.SZ|161226.SZ|501018.SH|512100.SH|512800.SH|513080.SH|513120.SH|513180.SH|513730.SH,1.2856905932703344,0.8853534766638758,offspring,4.0
rolling_evolution_strategy,2024-07-01/2024-12-31,2025-01-01/2025-06-30,100,159326.SZ|159529.SZ|159981.SZ|159985.SZ|160644.SZ|161226.SZ|501018.SH|512800.SH|512980.SH|513120.SH|513500.SH|513730.SH|513750.SH,0.6708940137913906,0.7579535481871515,offspring,4.0
rolling_evolution_strategy,2025-01-01/2025-06-30,2025-07-01/2025-12-31,1,159209.SZ|159529.SZ|159687.SZ|159915.SZ|159980.SZ|159985.SZ|161226.SZ|164824.SZ|512880.SH|513070.SH|513310.SH|513750.SH|518880.SH,0.8213462813278035,0.9069207080351152,initial_parents,
rolling_evolution_strategy,2025-01-01/2025-06-30,2025-07-01/2025-12-31,2,159329.SZ|159687.SZ|159949.SZ|159981.SZ|159985.SZ|501018.SH|512170.SH|513030.SH|513100.SH|513120.SH|513180.SH|515880.SH|518880.SH,-0.046546464669731516,0.8028527403415398,initial_parents,
rolling_evolution_strategy,2025-01-01/2025-06-30,2025-07-01/2025-12-31,3,159509.SZ|159766.SZ|159870.SZ|159980.SZ|160644.SZ|161226.SZ|164824.SZ|501018.SH|512400.SH|513120.SH|513750.SH|513880.SH|518880.SH,0.7408066537705971,0.7651942362974979,initial_parents,
rolling_evolution_strategy,2025-01-01/2025-06-30,2025-07-01/2025-12-31,4,159329.SZ|159851.SZ|159870.SZ|159980.SZ|161226.SZ|501018.SH|512170.SH|513180.SH|513290.SH|513310.SH|513500.SH|513750.SH|518880.SH,1.173902070359013,0.829117026530356,initial_parents,
rolling_evolution_strategy,2025-01-01/2025-06-30,2025-07-01/2025-12-31,5,159209.SZ|159920.SZ|159967.SZ|159985.SZ|161226.SZ|501018.SH|513080.SH|513120.SH|513290.SH|513310.SH|513400.SH|515880.SH|518880.SH,1.0664092509897514,0.8507863450277371,initial_parents,
rolling_evolution_strategy,2025-01-01/2025-06-30,2025-07-01/2025-12-31,6,159201.SZ|159329.SZ|159851.SZ|159865.SZ|159980.SZ|159981.SZ|159985.SZ|513030.SH|513080.SH|513180.SH|513730.SH|513750.SH|518880.SH,0.6772613917822418,0.829117026530356,initial_parents,
rolling_evolution_strategy,2025-01-01/2025-06-30,2025-07-01/2025-12-31,7,159329.SZ|159518.SZ|159529.SZ|159796.SZ|159865.SZ|159985.SZ|161226.SZ|501018.SH|510500.SH|513100.SH|513120.SH|513750.SH|518880.SH,-0.2443238551438259,0.8294401757576448,initial_parents,
rolling_evolution_strategy,2025-01-01/2025-06-30,2025-07-01/2025-12-31,8,159326.SZ|159329.SZ|159980.SZ|159981.SZ|159985.SZ|161226.SZ|164824.SZ|510050.SH|512170.SH|513100.SH|513120.SH|513180.SH|513730.SH,-1.1356393208409596,0.8627541750814681,initial_parents,
rolling_evolution_strategy,2025-01-01/2025-06-30,2025-07-01/2025-12-31,9,159329.SZ|159518.SZ|159869.SZ|159920.SZ|159980.SZ|159981.SZ|159985.SZ|501018.SH|512400.SH|513290.SH|513730.SH|513750.SH|588200.SH,-1.0804261675344282,0.9042601594691357,initial_parents,
rolling_evolution_strategy,2025-01-01/2025-06-30,2025-07-01/2025-12-31,10,159509.SZ|159529.SZ|159865.SZ|159870.SZ|159928.SZ|159980.SZ|159981.SZ|159985.SZ|161226.SZ|513070.SH|513120.SH|513400.SH|513880.SH,-0.09887910669523661,0.8208512885877406,initial_parents,
rolling_evolution_strategy,2025-01-01/2025-06-30,2025-07-01/2025-12-31,11,159509.SZ|159518.SZ|159529.SZ|159865.SZ|159870.SZ|159928.SZ|159980.SZ|159981.SZ|159985.SZ|161226.SZ|513070.SH|513120.SH|513400.SH,-0.7074605792180514,0.8208512885877406,offspring,0.0
rolling_evolution_strategy,2025-01-01/2025-06-30,2025-07-01/2025-12-31,12,159201.SZ|159329.SZ|159851.SZ|159980.SZ|159981.SZ|159985.SZ|513030.SH|513080.SH|513180.SH|513730.SH|513750.SH|518880.SH|588200.SH,-0.8125807281096575,0.829117026530356,offspring,0.0
rolling_evolution_strategy,2025-01-01/2025-06-30,2025-07-01/2025-12-31,13,159851.SZ|159870.SZ|159980.SZ|161226.SZ|501018.SH|512170.SH|513180.SH|513290.SH|513310.SH|513500.SH|513750.SH|513880.SH|518880.SH,0.5782386887245065,0.829117026530356,offspring,0.0
rolling_evolution_strategy,2025-01-01/2025-06-30,2025-07-01/2025-12-31,14,159209.SZ|159920.SZ|159967.SZ|159985.SZ|161226.SZ|501018.SH|513030.SH|513080.SH|513120.SH|513290.SH|513400.SH|515880.SH|518880.SH,1.093231533825305,0.8507863450277371,offspring,0.0
rolling_evolution_strategy,2025-01-01/2025-06-30,2025-07-01/2025-12-31,15,159209.SZ|159529.SZ|159687.SZ|159915.SZ|159980.SZ|159985.SZ|161226.SZ|164824.SZ|512880.SH|513070.SH|513100.SH|513750.SH|518880.SH,0.7914980425937337,0.9069207080351152,offspring,0.0
rolling_evolution_strategy,2025-01-01/2025-06-30,2025-07-01/2025-12-31,16,159329.SZ|159518.SZ|159869.SZ|159920.SZ|159980.SZ|159981.SZ|159985.SZ|512400.SH|513290.SH|513730.SH|513750.SH|518880.SH|588200.SH,-0.7155140056559559,0.9042601594691357,offspring,0.0
rolling_evolution_strategy,2025-01-01/2025-06-30,2025-07-01/2025-12-31,17,159201.SZ|159329.SZ|159851.SZ|159865.SZ|159980.SZ|159981.SZ|159985.SZ|501018.SH|513030.SH|513080.SH|513120.SH|513730.SH|513750.SH,-0.398291551718322,0.8248864925491514,offspring,0.0
rolling_evolution_strategy,2025-01-01/2025-06-30,2025-07-01/2025-12-31,18,159326.SZ|159920.SZ|159985.SZ|161226.SZ|501018.SH|513080.SH|513120.SH|513290.SH|513310.SH|513400.SH|515880.SH|518880.SH|562500.SH,0.8908891634799808,0.7870258146774196,offspring,0.0
rolling_evolution_strategy,2025-01-01/2025-06-30,2025-07-01/2025-12-31,19,159329.SZ|159518.SZ|159869.SZ|159920.SZ|159981.SZ|159985.SZ|161226.SZ|501018.SH|512400.SH|513290.SH|513730.SH|513750.SH|588200.SH,-1.2608042883751183,0.9042601594691357,offspring,0.0
rolling_evolution_strategy,2025-01-01/2025-06-30,2025-07-01/2025-12-31,20,159329.SZ|159687.SZ|159949.SZ|159981.SZ|159985.SZ|161226.SZ|501018.SH|512170.SH|513030.SH|513100.SH|513120.SH|513180.SH|515880.SH,-0.2536284396902458,0.8028527403415398,offspring,0.0
rolling_evolution_strategy,2025-01-01/2025-06-30,2025-07-01/2025-12-31,21,159329.SZ|159509.SZ|159851.SZ|159870.SZ|159980.SZ|161226.SZ|501018.SH|512170.SH|513180.SH|513290.SH|513310.SH|513750.SH|518880.SH,0.36205474211641625,0.829117026530356,offspring,0.0
rolling_evolution_strategy,2025-01-01/2025-06-30,2025-07-01/2025-12-31,22,159329.SZ|159518.SZ|159529.SZ|159796.SZ|159865.SZ|159981.SZ|161226.SZ|501018.SH|510500.SH|513100.SH|513120.SH|513750.SH|518880.SH,-0.008563625480221831,0.8294401757576448,offspring,0.0
rolling_evolution_strategy,2025-01-01/2025-06-30,2025-07-01/2025-12-31,23,159201.SZ|159329.SZ|159851.SZ|159865.SZ|159980.SZ|159981.SZ|159985.SZ|513080.SH|513180.SH|513400.SH|513730.SH|513750.SH|518880.SH,1.1603449136524613,0.829117026530356,offspring,0.0
rolling_evolution_strategy,2025-01-01/2025-06-30,2025-07-01/2025-12-31,24,159209.SZ|159529.SZ|159687.SZ|159915.SZ|159980.SZ|161226.SZ|164824.SZ|501018.SH|512880.SH|513070.SH|513310.SH|513750.SH|518880.SH,1.3569193336182026,0.9069207080351152,offspring,0.0
rolling_evolution_strategy,2025-01-01/2025-06-30,2025-07-01/2025-12-31,25,159201.SZ|159329.SZ|159851.SZ|159980.SZ|159981.SZ|159985.SZ|512170.SH|513030.SH|513080.SH|513180.SH|513730.SH|513750.SH|518880.SH,0.14011655009816898,0.829117026530356,offspring,0.0
rolling_evolution_strategy,2025-01-01/2025-06-30,2025-07-01/2025-12-31,26,159509.SZ|159766.SZ|159870.SZ|159980.SZ|161226.SZ|164824.SZ|501018.SH|512400.SH|513030.SH|513120.SH|513750.SH|513880.SH|518880.SH,1.129146840347444,0.7651942362974979,offspring,0.0
rolling_evolution_strategy,2025-01-01/2025-06-30,2025-07-01/2025-12-31,27,159209.SZ|159920.SZ|159967.SZ|159981.SZ|159985.SZ|501018.SH|513080.SH|513120.SH|513290.SH|513310.SH|513400.SH|515880.SH|518880.SH,0.919997729539827,0.8507863450277371,offspring,0.0
rolling_evolution_strategy,2025-01-01/2025-06-30,2025-07-01/2025-12-31,28,159329.SZ|159825.SZ|159851.SZ|159870.SZ|159980.SZ|161226.SZ|501018.SH|513180.SH|513290.SH|513310.SH|513500.SH|513750.SH|518880.SH,1.123497802514055,0.829117026530356,offspring,0.0
rolling_evolution_strategy,2025-01-01/2025-06-30,2025-07-01/2025-12-31,29,159329.SZ|159851.SZ|159870.SZ|159980.SZ|160644.SZ|161226.SZ|501018.SH|512170.SH|513180.SH|513290.SH|513500.SH|513750.SH|518880.SH,0.6413346184048949,0.829117026530356,offspring,0.0
rolling_evolution_strategy,2025-01-01/2025-06-30,2025-07-01/2025-12-31,30,159209.SZ|159920.SZ|159967.SZ|159985.SZ|161226.SZ|164824.SZ|501018.SH|513080.SH|513120.SH|513290.SH|513310.SH|515880.SH|518880.SH,1.6475531757647426,0.8507863450277371,offspring,0.0
rolling_evolution_strategy,2025-01-01/2025-06-30,2025-07-01/2025-12-31,31,159326.SZ|159329.SZ|159851.SZ|159870.SZ|159980.SZ|161226.SZ|501018.SH|513180.SH|513290.SH|513310.SH|513500.SH|513750.SH|518880.SH,1.1816973973240803,0.829117026530356,offspring,1.0
rolling_evolution_strategy,2025-01-01/2025-06-30,2025-07-01/2025-12-31,32,159209.SZ|159920.SZ|159981.SZ|159985.SZ|501018.SH|513080.SH|513120.SH|513290.SH|513310.SH|513400.SH|515880.SH|518880.SH|563300.SH,0.8672898662132348,0.7902112261406272,offspring,1.0
rolling_evolution_strategy,2025-01-01/2025-06-30,2025-07-01/2025-12-31,33,159209.SZ|159920.SZ|159967.SZ|159985.SZ|161226.SZ|501018.SH|513030.SH|513080.SH|513120.SH|513290.SH|513400.SH|518880.SH|562500.SH,0.43560568874309935,0.8248864925491514,offspring,1.0
rolling_evolution_strategy,2025-01-01/2025-06-30,2025-07-01/2025-12-31,34,159209.SZ|159687.SZ|159920.SZ|159967.SZ|159981.SZ|159985.SZ|501018.SH|513080.SH|513120.SH|513290.SH|513310.SH|515880.SH|518880.SH,0.6315766561128952,0.8507863450277371,offspring,1.0
rolling_evolution_strategy,2025-01-01/2025-06-30,2025-07-01/2025-12-31,35,159967.SZ|159985.SZ|161226.SZ|501018.SH|512100.SH|513030.SH|513080.SH|513120.SH|513290.SH|513400.SH|513750.SH|515880.SH|518880.SH,1.1510547323801437,0.9045679701972807,offspring,1.0
rolling_evolution_strategy,2025-01-01/2025-06-30,2025-07-01/2025-12-31,36,159326.SZ|159611.SZ|159920.SZ|159985.SZ|161226.SZ|501018.SH|513080.SH|513120.SH|513290.SH|513310.SH|513400.SH|515880.SH|518880.SH,1.716851372278203,0.7870258146774196,offspring,1.0
rolling_evolution_strategy,2025-01-01/2025-06-30,2025-07-01/2025-12-31,37,159209.SZ|159529.SZ|159920.SZ|159967.SZ|159985.SZ|161226.SZ|501018.SH|512890.SH|513080.SH|513120.SH|513310.SH|513400.SH|518880.SH,0.7264425772389752,0.8134471847703058,offspring,1.0
rolling_evolution_strategy,2025-01-01/2025-06-30,2025-07-01/2025-12-31,38,159509.SZ|159766.SZ|159870.SZ|159920.SZ|159980.SZ|161226.SZ|164824.SZ|501018.SH|512400.SH|513030.SH|513750.SH|513880.SH|518880.SH,0.620991011007861,0.9042601594691357,offspring,1.0
rolling_evolution_strategy,2025-01-01/2025-06-30,2025-07-01/2025-12-31,39,159326.SZ|159920.SZ|159985.SZ|161226.SZ|501018.SH|512400.SH|513080.SH|513120.SH|513290.SH|513310.SH|513400.SH|518880.SH|562500.SH,0.174750164211535,0.7870258146774196,offspring,1.0
rolling_evolution_strategy,2025-01-01/2025-06-30,2025-07-01/2025-12-31,40,159201.SZ|159329.SZ|159851.SZ|159980.SZ|159985.SZ|161226.SZ|513080.SH|513180.SH|513400.SH|513730.SH|513750.SH|518880.SH|562500.SH,1.0221609714311923,0.829117026530356,offspring,1.0
rolling_evolution_strategy,2025-01-01/2025-06-30,2025-07-01/2025-12-31,41,159209.SZ|159529.SZ|159920.SZ|159967.SZ|159981.SZ|159985.SZ|501018.SH|510050.SH|513080.SH|513120.SH|513310.SH|513400.SH|518880.SH,0.6683114960161277,0.859366961089309,offspring,1.0
rolling_evolution_strategy,2025-01-01/2025-06-30,2025-07-01/2025-12-31,42,159509.SZ|159870.SZ|159980.SZ|161226.SZ|164824.SZ|501018.SH|512400.SH|513030.SH|513120.SH|513750.SH|513880.SH|515790.SH|518880.SH,1.179870045746135,0.7651942362974979,offspring,1.0
rolling_evolution_strategy,2025-01-01/2025-06-30,2025-07-01/2025-12-31,43,159766.SZ|159870.SZ|159980.SZ|161226.SZ|164824.SZ|501018.SH|512400.SH|513030.SH|513100.SH|513120.SH|513750.SH|513880.SH|518880.SH,1.0634328877947254,0.7935214657978767,offspring,1.0
rolling_evolution_strategy,2025-01-01/2025-06-30,2025-07-01/2025-12-31,44,159209.SZ|159920.SZ|159967.SZ|159985.SZ|161226.SZ|501018.SH|510050.SH|513080.SH|513120.SH|513290.SH|513310.SH|513500.SH|518880.SH,0.4775006722961475,0.859366961089309,offspring,1.0
rolling_evolution_strategy,2025-01-01/2025-06-30,2025-07-01/2025-12-31,45,159509.SZ|159766.SZ|159980.SZ|161226.SZ|164824.SZ|501018.SH|510500.SH|512400.SH|513030.SH|513120.SH|513750.SH|513880.SH|518880.SH,1.2128319459169337,0.7500392681675007,offspring,1.0
rolling_evolution_strategy,2025-01-01/2025-06-30,2025-07-01/2025-12-31,46,159326.SZ|159329.SZ|159851.SZ|159980.SZ|161226.SZ|501018.SH|512170.SH|513180.SH|513290.SH|513310.SH|513500.SH|513750.SH|518880.SH,1.1629839639049926,0.829117026530356,offspring,1.0
rolling_evolution_strategy,2025-01-01/2025-06-30,2025-07-01/2025-12-31,47,159209.SZ|159920.SZ|159967.SZ|159981.SZ|161226.SZ|501018.SH|513080.SH|513120.SH|513290.SH|513310.SH|513400.SH|515880.SH|518880.SH,0.8729090220220886,0.8507863450277371,offspring,1.0
rolling_evolution_strategy,2025-01-01/2025-06-30,2025-07-01/2025-12-31,48,159209.SZ|159920.SZ|159980.SZ|159981.SZ|501018.SH|513080.SH|513120.SH|513290.SH|513310.SH|513400.SH|515880.SH|518880.SH|588000.SH,0.8882629860947729,0.7980615879726966,offspring,1.0
rolling_evolution_strategy,2025-01-01/2025-06-30,2025-07-01/2025-12-31,49,159209.SZ|159529.SZ|159687.SZ|159915.SZ|159980.SZ|159981.SZ|161226.SZ|164824.SZ|512880.SH|513070.SH|513310.SH|513750.SH|518880.SH,1.5966034010993644,0.9069207080351152,offspring,1.0
rolling_evolution_strategy,2025-01-01/2025-06-30,2025-07-01/2025-12-31,50,159209.SZ|159329.SZ|159920.SZ|159967.SZ|159980.SZ|159981.SZ|501018.SH|513080.SH|513120.SH|513290.SH|513400.SH|515880.SH|518880.SH,0.4477785372432146,0.8507863450277371,offspring,1.0
rolling_evolution_strategy,2025-01-01/2025-06-30,2025-07-01/2025-12-31,51,159329.SZ|159518.SZ|159851.SZ|159870.SZ|159980.SZ|161226.SZ|501018.SH|512170.SH|513180.SH|513290.SH|513500.SH|513750.SH|518880.SH,0.0571030149409898,0.829117026530356,offspring,2.0
rolling_evolution_strategy,2025-01-01/2025-06-30,2025-07-01/2025-12-31,52,159209.SZ|159529.SZ|159687.SZ|159915.SZ|159980.SZ|159981.SZ|161226.SZ|512880.SH|513070.SH|513310.SH|513500.SH|513750.SH|518880.SH,1.6908540074531355,0.9069207080351152,offspring,2.0
rolling_evolution_strategy,2025-01-01/2025-06-30,2025-07-01/2025-12-31,53,159329.SZ|159851.SZ|159980.SZ|161226.SZ|501018.SH|512170.SH|512890.SH|513180.SH|513290.SH|513310.SH|513500.SH|513750.SH|518880.SH,0.8941691626594118,0.829117026530356,offspring,2.0
rolling_evolution_strategy,2025-01-01/2025-06-30,2025-07-01/2025-12-31,54,159209.SZ|159920.SZ|159967.SZ|159980.SZ|161226.SZ|164824.SZ|501018.SH|513080.SH|513120.SH|513290.SH|513310.SH|515880.SH|518880.SH,1.7994298201822867,0.8507863450277371,offspring,2.0
rolling_evolution_strategy,2025-01-01/2025-06-30,2025-07-01/2025-12-31,55,159201.SZ|159851.SZ|159865.SZ|159980.SZ|159981.SZ|159985.SZ|513080.SH|513100.SH|513120.SH|513180.SH|513400.SH|513730.SH|518880.SH,0.8639589507060771,0.8896514833819045,offspring,2.0
rolling_evolution_strategy,2025-01-01/2025-06-30,2025-07-01/2025-12-31,56,159209.SZ|159529.SZ|159687.SZ|159915.SZ|159980.SZ|159981.SZ|159985.SZ|164824.SZ|512880.SH|513070.SH|513310.SH|513750.SH|518880.SH,0.6276086935447872,0.9069207080351152,offspring,2.0
rolling_evolution_strategy,2025-01-01/2025-06-30,2025-07-01/2025-12-31,57,159326.SZ|159611.SZ|159985.SZ|161226.SZ|501018.SH|513080.SH|513120.SH|513180.SH|513290.SH|513310.SH|513400.SH|515880.SH|518880.SH,1.2772119749503241,0.7870258146774196,offspring,2.0
rolling_evolution_strategy,2025-01-01/2025-06-30,2025-07-01/2025-12-31,58,159509.SZ|159985.SZ|161226.SZ|164824.SZ|501018.SH|510050.SH|512400.SH|513030.SH|513120.SH|513750.SH|513880.SH|515790.SH|518880.SH,1.2819854922082001,0.7500392681675007,offspring,2.0
rolling_evolution_strategy,2025-01-01/2025-06-30,2025-07-01/2025-12-31,59,159509.SZ|159870.SZ|159980.SZ|161226.SZ|164824.SZ|501018.SH|512400.SH|513030.SH|513120.SH|513750.SH|513880.SH|515880.SH|518880.SH,1.1873377531649414,0.7651942362974979,offspring,2.0
rolling_evolution_strategy,2025-01-01/2025-06-30,2025-07-01/2025-12-31,60,159329.SZ|159851.SZ|159870.SZ|159920.SZ|159980.SZ|161226.SZ|501018.SH|512170.SH|513120.SH|513290.SH|513310.SH|513500.SH|518880.SH,1.7813562490989046,0.7613998744945906,offspring,2.0
rolling_evolution_strategy,2025-01-01/2025-06-30,2025-07-01/2025-12-31,61,159209.SZ|159529.SZ|159915.SZ|159980.SZ|161226.SZ|164824.SZ|501018.SH|512880.SH|513070.SH|513310.SH|513500.SH|513750.SH|518880.SH,1.1194088862072746,0.9069207080351152,offspring,2.0
rolling_evolution_strategy,2025-01-01/2025-06-30,2025-07-01/2025-12-31,62,159201.SZ|159329.SZ|159851.SZ|159865.SZ|159980.SZ|159981.SZ|159985.SZ|513030.SH|513180.SH|513400.SH|513730.SH|513750.SH|518880.SH,1.2302103644462143,0.829117026530356,offspring,2.0
rolling_evolution_strategy,2025-01-01/2025-06-30,2025-07-01/2025-12-31,63,159509.SZ|159766.SZ|159980.SZ|159985.SZ|161226.SZ|164824.SZ|510500.SH|512400.SH|513030.SH|513120.SH|513750.SH|513880.SH|518880.SH,1.3027562069164742,0.7500392681675007,offspring,2.0
rolling_evolution_strategy,2025-01-01/2025-06-30,2025-07-01/2025-12-31,64,159201.SZ|159326.SZ|159611.SZ|159920.SZ|159985.SZ|161226.SZ|501018.SH|513080.SH|513120.SH|513290.SH|513310.SH|513400.SH|518880.SH,1.0084623081064796,0.9063841116951161,offspring,2.0
rolling_evolution_strategy,2025-01-01/2025-06-30,2025-07-01/2025-12-31,65,159326.SZ|159329.SZ|159851.SZ|159980.SZ|159981.SZ|161226.SZ|512170.SH|513180.SH|513290.SH|513310.SH|513500.SH|513750.SH|518880.SH,1.5859363312228498,0.829117026530356,offspring,2.0
rolling_evolution_strategy,2025-01-01/2025-06-30,2025-07-01/2025-12-31,66,159329.SZ|159851.SZ|159870.SZ|159980.SZ|159981.SZ|161226.SZ|501018.SH|512170.SH|513180.SH|513290.SH|513310.SH|513500.SH|513750.SH,-0.7337635502031654,0.829117026530356,offspring,2.0
rolling_evolution_strategy,2025-01-01/2025-06-30,2025-07-01/2025-12-31,67,159329.SZ|159851.SZ|159980.SZ|161226.SZ|501018.SH|512170.SH|513180.SH|513290.SH|513310.SH|513500.SH|513750.SH|515880.SH|518880.SH,0.542796960899877,0.829117026530356,offspring,2.0
rolling_evolution_strategy,2025-01-01/2025-06-30,2025-07-01/2025-12-31,68,159201.SZ|159329.SZ|159687.SZ|159851.SZ|159865.SZ|159980.SZ|159981.SZ|159985.SZ|513080.SH|513180.SH|513400.SH|513750.SH|518880.SH,0.9096909527472797,0.829117026530356,offspring,2.0
rolling_evolution_strategy,2025-01-01/2025-06-30,2025-07-01/2025-12-31,69,159209.SZ|159529.SZ|159687.SZ|159980.SZ|159981.SZ|161226.SZ|164824.SZ|512880.SH|513070.SH|513120.SH|513310.SH|518880.SH|588000.SH,1.901312921606661,0.7980615879726966,offspring,2.0
rolling_evolution_strategy,2025-01-01/2025-06-30,2025-07-01/2025-12-31,70,159209.SZ|159529.SZ|159687.SZ|159915.SZ|159980.SZ|159981.SZ|164824.SZ|501018.SH|512880.SH|513070.SH|513310.SH|513750.SH|518880.SH,1.440597808422401,0.9069207080351152,offspring,2.0
rolling_evolution_strategy,2025-01-01/2025-06-30,2025-07-01/2025-12-31,71,159209.SZ|159967.SZ|159985.SZ|161226.SZ|164824.SZ|501018.SH|513070.SH|513080.SH|513120.SH|513290.SH|513310.SH|515880.SH|518880.SH,1.5026985867523495,0.8507863450277371,offspring,3.0
rolling_evolution_strategy,2025-01-01/2025-06-30,2025-07-01/2025-12-31,72,159851.SZ|159870.SZ|159920.SZ|159980.SZ|161226.SZ|501018.SH|512170.SH|513080.SH|513120.SH|513290.SH|513310.SH|513500.SH|518880.SH,1.1071285074356543,0.7613998744945906,offspring,3.0
rolling_evolution_strategy,2025-01-01/2025-06-30,2025-07-01/2025-12-31,73,159209.SZ|159509.SZ|159529.SZ|159687.SZ|159915.SZ|159980.SZ|159981.SZ|161226.SZ|512880.SH|513070.SH|513500.SH|513750.SH|518880.SH,1.2235875126540678,0.9127168100554361,offspring,3.0
rolling_evolution_strategy,2025-01-01/2025-06-30,2025-07-01/2025-12-31,74,159920.SZ|159967.SZ|159980.SZ|161226.SZ|164824.SZ|501018.SH|513100.SH|513120.SH|513290.SH|513310.SH|515880.SH|518880.SH|588000.SH,1.5847586224484147,0.8507863450277371,offspring,3.0
rolling_evolution_strategy,2025-01-01/2025-06-30,2025-07-01/2025-12-31,75,159329.SZ|159509.SZ|159851.SZ|159870.SZ|159920.SZ|159980.SZ|161226.SZ|501018.SH|512170.SH|513120.SH|513310.SH|513500.SH|518880.SH,0.9581675372599504,0.9127168100554361,offspring,3.0
rolling_evolution_strategy,2025-01-01/2025-06-30,2025-07-01/2025-12-31,76,159329.SZ|159851.SZ|159870.SZ|159920.SZ|159980.SZ|161226.SZ|501018.SH|512980.SH|513120.SH|513290.SH|513310.SH|513500.SH|518880.SH,1.5183241269940242,0.832730832055089,offspring,3.0
rolling_evolution_strategy,2025-01-01/2025-06-30,2025-07-01/2025-12-31,77,159209.SZ|159529.SZ|159687.SZ|159915.SZ|159985.SZ|161226.SZ|164824.SZ|501018.SH|512880.SH|513070.SH|513310.SH|513750.SH|518880.SH,0.4839021382002259,0.9069207080351152,offspring,3.0
rolling_evolution_strategy,2025-01-01/2025-06-30,2025-07-01/2025-12-31,78,159209.SZ|159967.SZ|159985.SZ|161226.SZ|164824.SZ|501018.SH|513080.SH|513120.SH|513290.SH|513310.SH|513750.SH|515880.SH|518880.SH,1.3932422177572301,0.8507863450277371,offspring,3.0
rolling_evolution_strategy,2025-01-01/2025-06-30,2025-07-01/2025-12-31,79,159329.SZ|159851.SZ|159870.SZ|159980.SZ|159985.SZ|501018.SH|512170.SH|513120.SH|513290.SH|513310.SH|513500.SH|513750.SH|518880.SH,1.4267577474631012,0.7613998744945906,offspring,3.0
rolling_evolution_strategy,2025-01-01/2025-06-30,2025-07-01/2025-12-31,80,159209.SZ|159967.SZ|159985.SZ|161226.SZ|164824.SZ|501018.SH|513080.SH|513120.SH|513180.SH|513290.SH|513310.SH|515880.SH|518880.SH,1.3217482301781076,0.8507863450277371,offspring,3.0
rolling_evolution_strategy,2025-01-01/2025-06-30,2025-07-01/2025-12-31,81,159209.SZ|159687.SZ|159920.SZ|159967.SZ|159980.SZ|161226.SZ|501018.SH|513080.SH|513120.SH|513290.SH|513310.SH|515880.SH|518880.SH,1.3392266549032552,0.8507863450277371,offspring,3.0
rolling_evolution_strategy,2025-01-01/2025-06-30,2025-07-01/2025-12-31,82,159326.SZ|159329.SZ|159851.SZ|159980.SZ|159981.SZ|161226.SZ|512170.SH|513180.SH|513290.SH|513500.SH|513750.SH|513880.SH|518880.SH,1.2396716861070958,0.829117026530356,offspring,3.0
rolling_evolution_strategy,2025-01-01/2025-06-30,2025-07-01/2025-12-31,83,159529.SZ|159687.SZ|159915.SZ|159980.SZ|159981.SZ|164824.SZ|501018.SH|510050.SH|512880.SH|513070.SH|513750.SH|513880.SH|518880.SH,1.0773195684020676,0.9069207080351152,offspring,3.0
rolling_evolution_strategy,2025-01-01/2025-06-30,2025-07-01/2025-12-31,84,159518.SZ|159611.SZ|159901.SZ|159920.SZ|159985.SZ|161226.SZ|501018.SH|513080.SH|513120.SH|513310.SH|513400.SH|515880.SH|518880.SH,0.3545348514250898,0.7452009663524677,offspring,3.0
rolling_evolution_strategy,2025-01-01/2025-06-30,2025-07-01/2025-12-31,85,159209.SZ|159529.SZ|159687.SZ|159915.SZ|159980.SZ|159981.SZ|501018.SH|512880.SH|513070.SH|513310.SH|513500.SH|513750.SH|518880.SH,1.3084776091436132,0.9069207080351152,offspring,3.0
rolling_evolution_strategy,2025-01-01/2025-06-30,2025-07-01/2025-12-31,86,159209.SZ|159920.SZ|159967.SZ|159985.SZ|161226.SZ|164824.SZ|501018.SH|513080.SH|513120.SH|513310.SH|513730.SH|515880.SH|518880.SH,1.5540160690168687,0.8507863450277371,offspring,3.0
rolling_evolution_strategy,2025-01-01/2025-06-30,2025-07-01/2025-12-31,87,159209.SZ|159529.SZ|159920.SZ|159967.SZ|159981.SZ|159985.SZ|161226.SZ|164824.SZ|501018.SH|513080.SH|513120.SH|513310.SH|515880.SH,0.5006273524347492,0.8507863450277371,offspring,3.0
rolling_evolution_strategy,2025-01-01/2025-06-30,2025-07-01/2025-12-31,88,159209.SZ|159518.SZ|159687.SZ|159915.SZ|159980.SZ|159985.SZ|164824.SZ|501018.SH|512880.SH|513070.SH|513310.SH|513750.SH|518880.SH,-0.09028021390335572,0.9069207080351152,offspring,3.0
rolling_evolution_strategy,2025-01-01/2025-06-30,2025-07-01/2025-12-31,89,159326.SZ|159329.SZ|159851.SZ|159980.SZ|159981.SZ|161226.SZ|512170.SH|513120.SH|513180.SH|513290.SH|513310.SH|513500.SH|518880.SH,1.727492736430984,0.7613998744945906,offspring,3.0
rolling_evolution_strategy,2025-01-01/2025-06-30,2025-07-01/2025-12-31,90,159209.SZ|159529.SZ|159687.SZ|159980.SZ|159981.SZ|161226.SZ|164824.SZ|512880.SH|512980.SH|513070.SH|513120.SH|513310.SH|518880.SH,1.7407471631835156,0.7695986810414892,offspring,3.0
rolling_evolution_strategy,2025-01-01/2025-06-30,2025-07-01/2025-12-31,91,159209.SZ|159518.SZ|159920.SZ|159967.SZ|159980.SZ|161226.SZ|501018.SH|513080.SH|513120.SH|513290.SH|513400.SH|515880.SH|518880.SH,0.9481543780763462,0.8507863450277371,offspring,4.0
rolling_evolution_strategy,2025-01-01/2025-06-30,2025-07-01/2025-12-31,92,159209.SZ|159920.SZ|159967.SZ|159980.SZ|161226.SZ|164824.SZ|501018.SH|513080.SH|513120.SH|513290.SH|513310.SH|518880.SH|588220.SH,1.8975721308555744,0.8663459131824982,offspring,4.0
rolling_evolution_strategy,2025-01-01/2025-06-30,2025-07-01/2025-12-31,93,159529.SZ|159687.SZ|159915.SZ|159981.SZ|161226.SZ|164824.SZ|501018.SH|512880.SH|513070.SH|513310.SH|513750.SH|518880.SH|588220.SH,0.9721957095232485,0.9069207080351152,offspring,4.0
rolling_evolution_strategy,2025-01-01/2025-06-30,2025-07-01/2025-12-31,94,159326.SZ|159329.SZ|159980.SZ|159981.SZ|161226.SZ|512170.SH|512400.SH|513120.SH|513180.SH|513290.SH|513310.SH|513500.SH|518880.SH,1.547821534779048,0.7613998744945906,offspring,4.0
rolling_evolution_strategy,2025-01-01/2025-06-30,2025-07-01/2025-12-31,95,159209.SZ|159920.SZ|159967.SZ|159980.SZ|161226.SZ|164824.SZ|501018.SH|513080.SH|513120.SH|513290.SH|513400.SH|515880.SH|518880.SH,1.3849964982187712,0.8507863450277371,offspring,4.0
rolling_evolution_strategy,2025-01-01/2025-06-30,2025-07-01/2025-12-31,96,159209.SZ|159529.SZ|159687.SZ|159915.SZ|159980.SZ|159981.SZ|161226.SZ|164824.SZ|512880.SH|513070.SH|513120.SH|513310.SH|518880.SH,1.8508257144956126,0.9069207080351152,offspring,4.0
rolling_evolution_strategy,2025-01-01/2025-06-30,2025-07-01/2025-12-31,97,159326.SZ|159329.SZ|159851.SZ|159949.SZ|159980.SZ|159981.SZ|161226.SZ|513120.SH|513180.SH|513290.SH|513310.SH|513500.SH|518880.SH,1.7882098710949357,0.8779030394902476,offspring,4.0
rolling_evolution_strategy,2025-01-01/2025-06-30,2025-07-01/2025-12-31,98,159209.SZ|159529.SZ|159687.SZ|159915.SZ|159981.SZ|159985.SZ|161226.SZ|512880.SH|513070.SH|513310.SH|513500.SH|513750.SH|518880.SH,0.48837802107336054,0.9069207080351152,offspring,4.0
rolling_evolution_strategy,2025-01-01/2025-06-30,2025-07-01/2025-12-31,99,159920.SZ|159967.SZ|159980.SZ|161226.SZ|164824.SZ|501018.SH|512980.SH|513080.SH|513120.SH|513290.SH|513310.SH|515880.SH|518880.SH,1.8273731772198956,0.8507863450277371,offspring,4.0
rolling_evolution_strategy,2025-01-01/2025-06-30,2025-07-01/2025-12-31,100,159869.SZ|159920.SZ|159967.SZ|159980.SZ|161226.SZ|501018.SH|513080.SH|513120.SH|513290.SH|513310.SH|513880.SH|515880.SH|518880.SH,1.6181793598836456,0.8507863450277371,offspring,4.0
rolling_evolution_strategy,2025-07-01/2025-12-31,2026-01-01/2026-06-30,1,159329.SZ|159518.SZ|159980.SZ|159981.SZ|159985.SZ|161226.SZ|510180.SH|510880.SH|512880.SH|513030.SH|513080.SH|513180.SH|513750.SH,1.402789348557293,0.8206353307771239,initial_parents,
rolling_evolution_strategy,2025-07-01/2025-12-31,2026-01-01/2026-06-30,2,159326.SZ|159329.SZ|159920.SZ|159981.SZ|159985.SZ|501018.SH|512170.SH|513080.SH|513180.SH|513310.SH|513500.SH|518880.SH|588200.SH,1.6145813673285558,0.896611122646074,initial_parents,
rolling_evolution_strategy,2025-07-01/2025-12-31,2026-01-01/2026-06-30,3,159329.SZ|159509.SZ|159796.SZ|159915.SZ|159981.SZ|159985.SZ|161226.SZ|501018.SH|512660.SH|513100.SH|513120.SH|513180.SH|513400.SH,2.647377862076252,0.8496577034190855,initial_parents,
rolling_evolution_strategy,2025-07-01/2025-12-31,2026-01-01/2026-06-30,4,159329.SZ|159518.SZ|159687.SZ|159851.SZ|159920.SZ|159981.SZ|161226.SZ|501018.SH|510180.SH|512880.SH|513180.SH|513730.SH|518880.SH,1.5794963315830044,0.896611122646074,initial_parents,
rolling_evolution_strategy,2025-07-01/2025-12-31,2026-01-01/2026-06-30,5,159766.SZ|159796.SZ|159967.SZ|159985.SZ|160644.SZ|161226.SZ|501018.SH|513070.SH|513080.SH|513400.SH|513750.SH|513880.SH|518880.SH,2.3037430541289092,0.674730513299569,initial_parents,
rolling_evolution_strategy,2025-07-01/2025-12-31,2026-01-01/2026-06-30,6,159920.SZ|159980.SZ|159981.SZ|159985.SZ|160644.SZ|164824.SZ|501018.SH|510300.SH|513100.SH|513750.SH|513880.SH|562500.SH|588220.SH,1.0844892108772421,0.7906335613652875,initial_parents,
rolling_evolution_strategy,2025-07-01/2025-12-31,2026-01-01/2026-06-30,7,159920.SZ|159980.SZ|159981.SZ|161226.SZ|501018.SH|510180.SH|512800.SH|513030.SH|513070.SH|513080.SH|513290.SH|513400.SH|515220.SH,1.4180822127813557,0.8781907596410816,initial_parents,
rolling_evolution_strategy,2025-07-01/2025-12-31,2026-01-01/2026-06-30,8,159209.SZ|159981.SZ|159985.SZ|160644.SZ|161226.SZ|501018.SH|512980.SH|513030.SH|513070.SH|513100.SH|513120.SH|513310.SH|588200.SH,2.636510371776024,0.6598207812310083,initial_parents,
rolling_evolution_strategy,2025-07-01/2025-12-31,2026-01-01/2026-06-30,9,159611.SZ|159869.SZ|159920.SZ|159980.SZ|161226.SZ|501018.SH|512170.SH|513070.SH|513080.SH|513100.SH|513290.SH|513500.SH|518880.SH,1.5649769732197332,0.8781907596410816,initial_parents,
rolling_evolution_strategy,2025-07-01/2025-12-31,2026-01-01/2026-06-30,10,159201.SZ|159529.SZ|159766.SZ|159981.SZ|161226.SZ|164824.SZ|501018.SH|513080.SH|513120.SH|513180.SH|513290.SH|518880.SH|563300.SH,2.1579775471052547,0.574834142255095,initial_parents,
rolling_evolution_strategy,2025-07-01/2025-12-31,2026-01-01/2026-06-30,11,159611.SZ|159796.SZ|159967.SZ|159981.SZ|159985.SZ|160644.SZ|161226.SZ|501018.SH|513070.SH|513080.SH|513400.SH|513750.SH|513880.SH,2.1392073628664865,0.674730513299569,offspring,0.0
rolling_evolution_strategy,2025-07-01/2025-12-31,2026-01-01/2026-06-30,12,159329.SZ|159518.SZ|159687.SZ|159851.SZ|159920.SZ|159980.SZ|159981.SZ|161226.SZ|501018.SH|510180.SH|512880.SH|513180.SH|513730.SH,1.8711712281962638,0.896611122646074,offspring,0.0
rolling_evolution_strategy,2025-07-01/2025-12-31,2026-01-01/2026-06-30,13,159326.SZ|159329.SZ|159981.SZ|159985.SZ|501018.SH|512170.SH|513080.SH|513180.SH|513310.SH|513500.SH|513750.SH|518880.SH|588200.SH,1.3852208736393044,0.6129633153868286,offspring,0.0
rolling_evolution_strategy,2025-07-01/2025-12-31,2026-01-01/2026-06-30,14,159981.SZ|159985.SZ|160644.SZ|161226.SZ|501018.SH|512980.SH|513030.SH|513070.SH|513100.SH|513120.SH|513310.SH|588200.SH|588220.SH,2.7619803183026854,0.8498833324563035,offspring,0.0
rolling_evolution_strategy,2025-07-01/2025-12-31,2026-01-01/2026-06-30,15,159326.SZ|159329.SZ|159920.SZ|159981.SZ|159985.SZ|161226.SZ|512170.SH|513080.SH|513180.SH|513310.SH|513500.SH|518880.SH|588200.SH,1.4914134054610881,0.896611122646074,offspring,0.0
rolling_evolution_strategy,2025-07-01/2025-12-31,2026-01-01/2026-06-30,16,159329.SZ|159518.SZ|159851.SZ|159980.SZ|159981.SZ|159985.SZ|161226.SZ|510180.SH|510880.SH|513030.SH|513080.SH|513180.SH|513750.SH,1.3608241707847677,0.8206353307771239,offspring,0.0
rolling_evolution_strategy,2025-07-01/2025-12-31,2026-01-01/2026-06-30,17,159326.SZ|159329.SZ|159920.SZ|159980.SZ|159981.SZ|161226.SZ|501018.SH|512170.SH|513080.SH|513180.SH|513310.SH|513500.SH|588200.SH,1.7730209872951361,0.896611122646074,offspring,0.0
rolling_evolution_strategy,2025-07-01/2025-12-31,2026-01-01/2026-06-30,18,159981.SZ|159985.SZ|160644.SZ|161226.SZ|501018.SH|512980.SH|513030.SH|513070.SH|513100.SH|513120.SH|513310.SH|515210.SH|588200.SH,2.864899930579732,0.6598207812310083,offspring,0.0
rolling_evolution_strategy,2025-07-01/2025-12-31,2026-01-01/2026-06-30,19,159980.SZ|159981.SZ|159985.SZ|160644.SZ|164824.SZ|501018.SH|510300.SH|513100.SH|513180.SH|513750.SH|513880.SH|562500.SH|588220.SH,1.1187261495832985,0.7906335613652875,offspring,0.0
rolling_evolution_strategy,2025-07-01/2025-12-31,2026-01-01/2026-06-30,20,159869.SZ|159920.SZ|159980.SZ|161226.SZ|501018.SH|512100.SH|512170.SH|513070.SH|513080.SH|513100.SH|513290.SH|513500.SH|518880.SH,2.6601775091317736,0.8781907596410816,offspring,0.0
rolling_evolution_strategy,2025-07-01/2025-12-31,2026-01-01/2026-06-30,21,159329.SZ|159509.SZ|159687.SZ|159796.SZ|159915.SZ|159920.SZ|159981.SZ|159985.SZ|161226.SZ|501018.SH|512660.SH|513100.SH|513120.SH,3.16149341303484,0.8496577034190855,offspring,0.0
rolling_evolution_strategy,2025-07-01/2025-12-31,2026-01-01/2026-06-30,22,159209.SZ|159981.SZ|159985.SZ|160644.SZ|161226.SZ|501018.SH|512980.SH|513030.SH|513070.SH|513120.SH|513290.SH|513310.SH|588200.SH,2.685336555526849,0.5258881313549336,offspring,0.0
rolling_evolution_strategy,2025-07-01/2025-12-31,2026-01-01/2026-06-30,23,159209.SZ|159981.SZ|159985.SZ|160644.SZ|161226.SZ|501018.SH|512980.SH|513030.SH|513100.SH|513120.SH|513310.SH|513750.SH|588200.SH,2.5041417877959695,0.6598207812310083,offspring,0.0
rolling_evolution_strategy,2025-07-01/2025-12-31,2026-01-01/2026-06-30,24,159329.SZ|159518.SZ|159980.SZ|159981.SZ|159985.SZ|161226.SZ|510180.SH|510880.SH|512200.SH|513030.SH|513180.SH|513750.SH|513880.SH,1.6459625530607496,0.5867092248569664,offspring,0.0
rolling_evolution_strategy,2025-07-01/2025-12-31,2026-01-01/2026-06-30,25,159611.SZ|159869.SZ|159980.SZ|161226.SZ|501018.SH|512170.SH|513070.SH|513080.SH|513100.SH|513180.SH|513290.SH|513500.SH|518880.SH,1.0817893655810022,0.8694020646184932,offspring,0.0
rolling_evolution_strategy,2025-07-01/2025-12-31,2026-01-01/2026-06-30,26,159329.SZ|159518.SZ|159980.SZ|159981.SZ|159985.SZ|161226.SZ|510180.SH|510880.SH|512880.SH|513080.SH|513180.SH|513500.SH|513750.SH,1.1989784311971179,0.6898788108113348,offspring,0.0
rolling_evolution_strategy,2025-07-01/2025-12-31,2026-01-01/2026-06-30,27,159920.SZ|159980.SZ|159981.SZ|159985.SZ|160644.SZ|501018.SH|510300.SH|513080.SH|513100.SH|513750.SH|513880.SH|562500.SH|588220.SH,1.0790753513984164,0.7906335613652875,offspring,0.0
rolling_evolution_strategy,2025-07-01/2025-12-31,2026-01-01/2026-06-30,28,159509.SZ|159920.SZ|159980.SZ|159981.SZ|159985.SZ|160644.SZ|164824.SZ|501018.SH|510300.SH|513080.SH|513750.SH|562500.SH|588220.SH,1.0452458891543748,0.7906335613652875,offspring,0.0
rolling_evolution_strategy,2025-07-01/2025-12-31,2026-01-01/2026-06-30,29,159201.SZ|159529.SZ|159766.SZ|159967.SZ|159980.SZ|159981.SZ|164824.SZ|501018.SH|513080.SH|513120.SH|513180.SH|513290.SH|518880.SH,1.8354116168312378,0.512640248956539,offspring,0.0
rolling_evolution_strategy,2025-07-01/2025-12-31,2026-01-01/2026-06-30,30,159326.SZ|159329.SZ|159851.SZ|159920.SZ|159981.SZ|159985.SZ|501018.SH|512170.SH|513080.SH|513180.SH|513310.SH|513500.SH|518880.SH,0.57045252682418,0.896611122646074,offspring,0.0
rolling_evolution_strategy,2025-07-01/2025-12-31,2026-01-01/2026-06-30,31,159981.SZ|159985.SZ|160644.SZ|161226.SZ|501018.SH|510210.SH|510880.SH|513030.SH|513070.SH|513100.SH|513120.SH|513310.SH|588200.SH,3.0676089239263233,0.6598207812310083,offspring,1.0
rolling_evolution_strategy,2025-07-01/2025-12-31,2026-01-01/2026-06-30,32,159209.SZ|159981.SZ|159985.SZ|160644.SZ|161226.SZ|501018.SH|512980.SH|513030.SH|513070.SH|513120.SH|513290.SH|513310.SH|515880.SH,2.8688518121955022,0.5258881313549336,offspring,1.0
rolling_evolution_strategy,2025-07-01/2025-12-31,2026-01-01/2026-06-30,33,159611.SZ|159825.SZ|159981.SZ|159985.SZ|160644.SZ|161226.SZ|501018.SH|512980.SH|513030.SH|513100.SH|513120.SH|513310.SH|513750.SH,2.7819645501156725,0.6598207812310083,offspring,1.0
rolling_evolution_strategy,2025-07-01/2025-12-31,2026-01-01/2026-06-30,34,159869.SZ|159980.SZ|161226.SZ|501018.SH|512100.SH|512170.SH|513070.SH|513080.SH|513100.SH|513290.SH|513500.SH|513750.SH|518880.SH,2.745419483440971,0.8694020646184932,offspring,1.0
rolling_evolution_strategy,2025-07-01/2025-12-31,2026-01-01/2026-06-30,35,159329.SZ|159509.SZ|159687.SZ|159796.SZ|159915.SZ|159920.SZ|159981.SZ|159985.SZ|161226.SZ|501018.SH|513100.SH|513120.SH|563300.SH,2.587588815804361,0.8496577034190855,offspring,1.0
rolling_evolution_strategy,2025-07-01/2025-12-31,2026-01-01/2026-06-30,36,159329.SZ|159509.SZ|159687.SZ|159796.SZ|159915.SZ|159920.SZ|159981.SZ|159985.SZ|161226.SZ|164824.SZ|501018.SH|512660.SH|513120.SH,2.5131009863104965,0.7905316454889175,offspring,1.0
rolling_evolution_strategy,2025-07-01/2025-12-31,2026-01-01/2026-06-30,37,159980.SZ|159981.SZ|159985.SZ|160644.SZ|501018.SH|512980.SH|513030.SH|513070.SH|513100.SH|513120.SH|513400.SH|515210.SH|588200.SH,1.5190408281429852,0.7210958925798221,offspring,1.0
rolling_evolution_strategy,2025-07-01/2025-12-31,2026-01-01/2026-06-30,38,159980.SZ|159981.SZ|159985.SZ|160644.SZ|501018.SH|512980.SH|513030.SH|513070.SH|513120.SH|513310.SH|513730.SH|515210.SH|588200.SH,1.693263374778802,0.6147506487636801,offspring,1.0
rolling_evolution_strategy,2025-07-01/2025-12-31,2026-01-01/2026-06-30,39,159509.SZ|159796.SZ|159915.SZ|159981.SZ|159985.SZ|160644.SZ|161226.SZ|501018.SH|512660.SH|513100.SH|513120.SH|513180.SH|513400.SH,2.8150020533436395,0.8496577034190855,offspring,1.0
rolling_evolution_strategy,2025-07-01/2025-12-31,2026-01-01/2026-06-30,40,159981.SZ|159985.SZ|161226.SZ|501018.SH|512980.SH|513030.SH|513100.SH|513120.SH|513310.SH|513750.SH|513880.SH|515210.SH|588200.SH,2.484568654143264,0.689940881109717,offspring,1.0
rolling_evolution_strategy,2025-07-01/2025-12-31,2026-01-01/2026-06-30,41,159209.SZ|159920.SZ|159981.SZ|159985.SZ|160644.SZ|161226.SZ|501018.SH|512980.SH|513030.SH|513070.SH|513290.SH|513310.SH|588200.SH,2.329872443367344,0.8781907596410816,offspring,1.0
rolling_evolution_strategy,2025-07-01/2025-12-31,2026-01-01/2026-06-30,42,159329.SZ|159509.SZ|159687.SZ|159796.SZ|159915.SZ|159920.SZ|159981.SZ|159985.SZ|161226.SZ|501018.SH|512660.SH|513100.SH|513180.SH,2.4958025740955088,0.896611122646074,offspring,1.0
rolling_evolution_strategy,2025-07-01/2025-12-31,2026-01-01/2026-06-30,43,159981.SZ|159985.SZ|160644.SZ|161226.SZ|501018.SH|512980.SH|513030.SH|513070.SH|513120.SH|513310.SH|513500.SH|515210.SH|588200.SH,2.521999685054771,0.6546092645179226,offspring,1.0
rolling_evolution_strategy,2025-07-01/2025-12-31,2026-01-01/2026-06-30,44,159851.SZ|159869.SZ|159920.SZ|159980.SZ|161226.SZ|501018.SH|512100.SH|513070.SH|513080.SH|513100.SH|513290.SH|513500.SH|518880.SH,1.9892529491370055,0.8781907596410816,offspring,1.0
rolling_evolution_strategy,2025-07-01/2025-12-31,2026-01-01/2026-06-30,45,159329.SZ|159509.SZ|159796.SZ|159915.SZ|159981.SZ|159985.SZ|161226.SZ|501018.SH|512660.SH|513100.SH|513120.SH|513400.SH|513750.SH,3.108994266604057,0.8496577034190855,offspring,1.0
rolling_evolution_strategy,2025-07-01/2025-12-31,2026-01-01/2026-06-30,46,159329.SZ|159509.SZ|159796.SZ|159915.SZ|159980.SZ|159981.SZ|159985.SZ|161226.SZ|512660.SH|513100.SH|513180.SH|513400.SH|513750.SH,2.9248958217632524,0.8496577034190855,offspring,1.0
rolling_evolution_strategy,2025-07-01/2025-12-31,2026-01-01/2026-06-30,47,159869.SZ|159920.SZ|159980.SZ|159981.SZ|159985.SZ|501018.SH|512100.SH|512170.SH|513070.SH|513080.SH|513100.SH|513290.SH|513500.SH,1.3307582051153237,0.8781907596410816,offspring,1.0
rolling_evolution_strategy,2025-07-01/2025-12-31,2026-01-01/2026-06-30,48,159980.SZ|159981.SZ|160644.SZ|161226.SZ|501018.SH|512980.SH|513030.SH|513070.SH|513100.SH|513120.SH|513500.SH|588200.SH|588220.SH,2.3845932403314505,0.8694020646184932,offspring,1.0
rolling_evolution_strategy,2025-07-01/2025-12-31,2026-01-01/2026-06-30,49,159329.SZ|159509.SZ|159687.SZ|159796.SZ|159920.SZ|159981.SZ|159985.SZ|161226.SZ|501018.SH|512660.SH|513100.SH|513120.SH|563300.SH,2.239773373634247,0.8496577034190855,offspring,1.0
rolling_evolution_strategy,2025-07-01/2025-12-31,2026-01-01/2026-06-30,50,159209.SZ|159981.SZ|159985.SZ|160644.SZ|161226.SZ|501018.SH|512980.SH|513030.SH|513070.SH|513080.SH|513120.SH|513310.SH|588200.SH,2.122291225944961,0.8206353307771239,offspring,1.0
rolling_evolution_strategy,2025-07-01/2025-12-31,2026-01-01/2026-06-30,51,159329.SZ|159509.SZ|159796.SZ|159915.SZ|159980.SZ|159981.SZ|159985.SZ|161226.SZ|512660.SH|513070.SH|513100.SH|513400.SH|513750.SH,3.371424342730731,0.8496577034190855,offspring,2.0
rolling_evolution_strategy,2025-07-01/2025-12-31,2026-01-01/2026-06-30,52,159329.SZ|159509.SZ|159796.SZ|159915.SZ|159981.SZ|159985.SZ|161226.SZ|501018.SH|513100.SH|513120.SH|513400.SH|513750.SH|515790.SH,2.684556614490689,0.8496577034190855,offspring,2.0
rolling_evolution_strategy,2025-07-01/2025-12-31,2026-01-01/2026-06-30,53,159329.SZ|159796.SZ|159915.SZ|159981.SZ|159985.SZ|161226.SZ|501018.SH|512660.SH|513100.SH|513120.SH|513400.SH|513500.SH|513750.SH,2.6177315968226296,0.8694020646184932,offspring,2.0
rolling_evolution_strategy,2025-07-01/2025-12-31,2026-01-01/2026-06-30,54,159509.SZ|159796.SZ|159915.SZ|159980.SZ|159981.SZ|159985.SZ|161226.SZ|513100.SH|513180.SH|513290.SH|513400.SH|513750.SH|588220.SH,3.137123393633876,0.8496577034190855,offspring,2.0
rolling_evolution_strategy,2025-07-01/2025-12-31,2026-01-01/2026-06-30,55,159326.SZ|159509.SZ|159915.SZ|159981.SZ|159985.SZ|160644.SZ|161226.SZ|501018.SH|512660.SH|513100.SH|513120.SH|513180.SH|513400.SH,2.4518667390572753,0.8496577034190855,offspring,2.0
rolling_evolution_strategy,2025-07-01/2025-12-31,2026-01-01/2026-06-30,56,159980.SZ|159981.SZ|159985.SZ|160644.SZ|501018.SH|512980.SH|513030.SH|513070.SH|513100.SH|513120.SH|513310.SH|515210.SH|588200.SH,2.2275059636605676,0.6598207812310083,offspring,2.0
rolling_evolution_strategy,2025-07-01/2025-12-31,2026-01-01/2026-06-30,57,159329.SZ|159509.SZ|159687.SZ|159796.SZ|159851.SZ|159915.SZ|159981.SZ|159985.SZ|161226.SZ|501018.SH|513100.SH|513120.SH|513750.SH,2.829344971915197,0.8496577034190855,offspring,2.0
rolling_evolution_strategy,2025-07-01/2025-12-31,2026-01-01/2026-06-30,58,159869.SZ|159980.SZ|161226.SZ|501018.SH|512100.SH|512170.SH|513080.SH|513100.SH|513180.SH|513290.SH|513500.SH|513750.SH|518880.SH,2.2421419407015097,0.8694020646184932,offspring,2.0
rolling_evolution_strategy,2025-07-01/2025-12-31,2026-01-01/2026-06-30,59,159980.SZ|159981.SZ|159985.SZ|160644.SZ|161226.SZ|510210.SH|510880.SH|513030.SH|513070.SH|513100.SH|513120.SH|513310.SH|588200.SH,2.7375960026951884,0.6598207812310083,offspring,2.0
rolling_evolution_strategy,2025-07-01/2025-12-31,2026-01-01/2026-06-30,60,159509.SZ|159981.SZ|160644.SZ|161226.SZ|501018.SH|512980.SH|513030.SH|513070.SH|513120.SH|513310.SH|518880.SH|588200.SH|588220.SH,2.254062773002795,0.8498833324563035,offspring,2.0
rolling_evolution_strategy,2025-07-01/2025-12-31,2026-01-01/2026-06-30,61,159509.SZ|159796.SZ|159981.SZ|159985.SZ|160644.SZ|161226.SZ|501018.SH|510500.SH|512660.SH|513100.SH|513120.SH|513180.SH|513400.SH,3.0522984177255386,0.8496577034190855,offspring,2.0
rolling_evolution_strategy,2025-07-01/2025-12-31,2026-01-01/2026-06-30,62,159869.SZ|159980.SZ|161226.SZ|501018.SH|512100.SH|512880.SH|513070.SH|513080.SH|513100.SH|513290.SH|513500.SH|513750.SH|518880.SH,2.2947815350423277,0.8694020646184932,offspring,2.0
rolling_evolution_strategy,2025-07-01/2025-12-31,2026-01-01/2026-06-30,63,159509.SZ|159687.SZ|159796.SZ|159915.SZ|159920.SZ|159981.SZ|159985.SZ|161226.SZ|501018.SH|512660.SH|513080.SH|513100.SH|513120.SH,3.0961735349716,0.8496577034190855,offspring,2.0
rolling_evolution_strategy,2025-07-01/2025-12-31,2026-01-01/2026-06-30,64,159329.SZ|159509.SZ|159518.SZ|159796.SZ|159915.SZ|159920.SZ|159981.SZ|159985.SZ|161226.SZ|501018.SH|512660.SH|513100.SH|513120.SH,2.9227020948246114,0.8496577034190855,offspring,2.0
rolling_evolution_strategy,2025-07-01/2025-12-31,2026-01-01/2026-06-30,65,159928.SZ|159981.SZ|159985.SZ|160644.SZ|161226.SZ|501018.SH|512980.SH|513030.SH|513070.SH|513100.SH|513120.SH|513310.SH|563300.SH,2.3735377625438474,0.6598207812310083,offspring,2.0
rolling_evolution_strategy,2025-07-01/2025-12-31,2026-01-01/2026-06-30,66,159329.SZ|159509.SZ|159915.SZ|159981.SZ|159985.SZ|161226.SZ|510050.SH|512660.SH|513100.SH|513120.SH|513400.SH|513750.SH|518880.SH,2.697960778622398,0.8496577034190855,offspring,2.0
rolling_evolution_strategy,2025-07-01/2025-12-31,2026-01-01/2026-06-30,67,159509.SZ|159869.SZ|159980.SZ|161226.SZ|501018.SH|512100.SH|512170.SH|513070.SH|513100.SH|513290.SH|513500.SH|513750.SH|518880.SH,3.48048294613966,0.8694020646184932,offspring,2.0
rolling_evolution_strategy,2025-07-01/2025-12-31,2026-01-01/2026-06-30,68,159509.SZ|159796.SZ|159915.SZ|159981.SZ|159985.SZ|160644.SZ|161226.SZ|501018.SH|512660.SH|513100.SH|513120.SH|513180.SH|513730.SH,2.693935492903218,0.8496577034190855,offspring,2.0
rolling_evolution_strategy,2025-07-01/2025-12-31,2026-01-01/2026-06-30,69,159329.SZ|159509.SZ|159796.SZ|159915.SZ|159920.SZ|159981.SZ|159985.SZ|161226.SZ|501018.SH|512660.SH|513100.SH|513120.SH|513400.SH,2.9181422104238397,0.8496577034190855,offspring,2.0
rolling_evolution_strategy,2025-07-01/2025-12-31,2026-01-01/2026-06-30,70,159509.SZ|159766.SZ|159796.SZ|159981.SZ|159985.SZ|160644.SZ|161226.SZ|501018.SH|512660.SH|513100.SH|513120.SH|513180.SH|513400.SH,2.421472231761533,0.8496577034190855,offspring,2.0
rolling_evolution_strategy,2025-07-01/2025-12-31,2026-01-01/2026-06-30,71,159329.SZ|159509.SZ|159611.SZ|159796.SZ|159915.SZ|159981.SZ|159985.SZ|161226.SZ|501018.SH|513100.SH|513120.SH|513400.SH|513750.SH,3.0543105226087004,0.8496577034190855,offspring,3.0
rolling_evolution_strategy,2025-07-01/2025-12-31,2026-01-01/2026-06-30,72,159329.SZ|159509.SZ|159687.SZ|159796.SZ|159915.SZ|159920.SZ|159980.SZ|159981.SZ|159985.SZ|501018.SH|512800.SH|513100.SH|513120.SH,1.8695687645250822,0.8496577034190855,offspring,3.0
rolling_evolution_strategy,2025-07-01/2025-12-31,2026-01-01/2026-06-30,73,159329.SZ|159509.SZ|159518.SZ|159915.SZ|159920.SZ|159981.SZ|159985.SZ|161226.SZ|501018.SH|510500.SH|512660.SH|513100.SH|513120.SH,3.5041343407666936,0.8806213571324049,offspring,3.0
rolling_evolution_strategy,2025-07-01/2025-12-31,2026-01-01/2026-06-30,74,159985.SZ|160644.SZ|161226.SZ|501018.SH|510210.SH|510880.SH|513030.SH|513070.SH|513100.SH|513120.SH|513310.SH|518880.SH|588200.SH,2.821750939402639,0.6598207812310083,offspring,3.0
rolling_evolution_strategy,2025-07-01/2025-12-31,2026-01-01/2026-06-30,75,159509.SZ|159687.SZ|159796.SZ|159915.SZ|159920.SZ|159981.SZ|159985.SZ|161226.SZ|501018.SH|512660.SH|513100.SH|513120.SH|513400.SH,3.137637095113144,0.8496577034190855,offspring,3.0
rolling_evolution_strategy,2025-07-01/2025-12-31,2026-01-01/2026-06-30,76,159329.SZ|159509.SZ|159796.SZ|159980.SZ|159981.SZ|159985.SZ|161226.SZ|512100.SH|512660.SH|513100.SH|513180.SH|513400.SH|513750.SH,2.7166494599394984,0.8496577034190855,offspring,3.0
rolling_evolution_strategy,2025-07-01/2025-12-31,2026-01-01/2026-06-30,77,159329.SZ|159509.SZ|159796.SZ|159915.SZ|159980.SZ|159981.SZ|159985.SZ|501018.SH|512660.SH|513100.SH|513120.SH|513400.SH|513750.SH,2.2947419874933646,0.8496577034190855,offspring,3.0
rolling_evolution_strategy,2025-07-01/2025-12-31,2026-01-01/2026-06-30,78,159509.SZ|159796.SZ|159915.SZ|159980.SZ|159981.SZ|161226.SZ|501018.SH|513100.SH|513180.SH|513290.SH|513400.SH|513750.SH|588220.SH,3.2549387823262435,0.8496577034190855,offspring,3.0
rolling_evolution_strategy,2025-07-01/2025-12-31,2026-01-01/2026-06-30,79,159509.SZ|159796.SZ|159920.SZ|159981.SZ|159985.SZ|160644.SZ|161226.SZ|501018.SH|510500.SH|512660.SH|513100.SH|513120.SH|513400.SH,3.394200549981776,0.8496577034190855,offspring,3.0
rolling_evolution_strategy,2025-07-01/2025-12-31,2026-01-01/2026-06-30,80,159329.SZ|159509.SZ|159796.SZ|159915.SZ|159980.SZ|159985.SZ|161226.SZ|501018.SH|512660.SH|513070.SH|513100.SH|513400.SH|513750.SH,3.5128175034647735,0.8496577034190855,offspring,3.0
rolling_evolution_strategy,2025-07-01/2025-12-31,2026-01-01/2026-06-30,81,159329.SZ|159796.SZ|159915.SZ|159980.SZ|159981.SZ|159985.SZ|161226.SZ|512660.SH|513070.SH|513100.SH|513290.SH|513400.SH|513750.SH,3.5501910845034814,0.7905316454889175,offspring,3.0
rolling_evolution_strategy,2025-07-01/2025-12-31,2026-01-01/2026-06-30,82,159329.SZ|159509.SZ|159687.SZ|159796.SZ|159915.SZ|159920.SZ|159981.SZ|159985.SZ|160644.SZ|161226.SZ|501018.SH|512660.SH|513120.SH,2.9910268293491864,0.7905316454889175,offspring,3.0
rolling_evolution_strategy,2025-07-01/2025-12-31,2026-01-01/2026-06-30,83,159329.SZ|159509.SZ|159687.SZ|159796.SZ|159915.SZ|159920.SZ|159981.SZ|161226.SZ|501018.SH|512660.SH|513100.SH|513120.SH|518880.SH,2.7321659133080773,0.8496577034190855,offspring,3.0
rolling_evolution_strategy,2025-07-01/2025-12-31,2026-01-01/2026-06-30,84,159509.SZ|159529.SZ|159796.SZ|159981.SZ|159985.SZ|160644.SZ|161226.SZ|501018.SH|510500.SH|512660.SH|513100.SH|513120.SH|513180.SH,2.8867978261837575,0.8496577034190855,offspring,3.0
rolling_evolution_strategy,2025-07-01/2025-12-31,2026-01-01/2026-06-30,85,159509.SZ|159869.SZ|159980.SZ|161226.SZ|501018.SH|512100.SH|512170.SH|513070.SH|513100.SH|513290.SH|513400.SH|513750.SH|518880.SH,3.8586263379836394,0.8496577034190855,offspring,3.0
rolling_evolution_strategy,2025-07-01/2025-12-31,2026-01-01/2026-06-30,86,159509.SZ|159766.SZ|159796.SZ|159981.SZ|159985.SZ|160644.SZ|161226.SZ|501018.SH|510500.SH|513100.SH|513120.SH|513180.SH|513400.SH,2.8193254770918683,0.8496577034190855,offspring,3.0
rolling_evolution_strategy,2025-07-01/2025-12-31,2026-01-01/2026-06-30,87,159980.SZ|159981.SZ|160644.SZ|161226.SZ|501018.SH|510210.SH|510880.SH|513030.SH|513070.SH|513100.SH|513120.SH|513310.SH|588200.SH,2.7814469168605993,0.6598207812310083,offspring,3.0
rolling_evolution_strategy,2025-07-01/2025-12-31,2026-01-01/2026-06-30,88,159981.SZ|159985.SZ|160644.SZ|161226.SZ|501018.SH|510210.SH|510880.SH|513030.SH|513070.SH|513100.SH|513310.SH|513750.SH|588200.SH,2.393631199604398,0.6598207812310083,offspring,3.0
rolling_evolution_strategy,2025-07-01/2025-12-31,2026-01-01/2026-06-30,89,159509.SZ|159687.SZ|159796.SZ|159920.SZ|159981.SZ|159985.SZ|161226.SZ|501018.SH|510210.SH|512660.SH|513080.SH|513100.SH|513120.SH,3.093252449703394,0.8496577034190855,offspring,3.0
rolling_evolution_strategy,2025-07-01/2025-12-31,2026-01-01/2026-06-30,90,159329.SZ|159509.SZ|159796.SZ|159980.SZ|159981.SZ|159985.SZ|161226.SZ|510500.SH|512660.SH|513070.SH|513100.SH|513400.SH|513750.SH,3.422298769378044,0.8496577034190855,offspring,3.0
rolling_evolution_strategy,2025-07-01/2025-12-31,2026-01-01/2026-06-30,91,159329.SZ|159509.SZ|159928.SZ|159980.SZ|159981.SZ|159985.SZ|161226.SZ|510500.SH|512660.SH|513070.SH|513100.SH|513400.SH|513750.SH,3.1454642138934488,0.8496577034190855,offspring,4.0
rolling_evolution_strategy,2025-07-01/2025-12-31,2026-01-01/2026-06-30,92,159206.SZ|159509.SZ|159869.SZ|159980.SZ|159985.SZ|501018.SH|512170.SH|513070.SH|513100.SH|513290.SH|513500.SH|513750.SH|518880.SH,3.027627016165062,0.8694020646184932,offspring,4.0
rolling_evolution_strategy,2025-07-01/2025-12-31,2026-01-01/2026-06-30,93,159509.SZ|159518.SZ|159915.SZ|159920.SZ|159981.SZ|159985.SZ|160644.SZ|161226.SZ|501018.SH|510500.SH|512660.SH|513100.SH|513120.SH,3.1198877687270476,0.8806213571324049,offspring,4.0
rolling_evolution_strategy,2025-07-01/2025-12-31,2026-01-01/2026-06-30,94,159329.SZ|159509.SZ|159518.SZ|159915.SZ|159920.SZ|159981.SZ|159985.SZ|161226.SZ|501018.SH|510500.SH|512660.SH|513100.SH|513750.SH,3.1940126067066896,0.8806213571324049,offspring,4.0
rolling_evolution_strategy,2025-07-01/2025-12-31,2026-01-01/2026-06-30,95,159509.SZ|159869.SZ|159980.SZ|161226.SZ|501018.SH|512040.SH|512100.SH|513070.SH|513100.SH|513290.SH|513500.SH|513750.SH|518880.SH,3.164758943796003,0.8694020646184932,offspring,4.0
rolling_evolution_strategy,2025-07-01/2025-12-31,2026-01-01/2026-06-30,96,159329.SZ|159509.SZ|159518.SZ|159915.SZ|159920.SZ|159981.SZ|159985.SZ|161226.SZ|501018.SH|510500.SH|512660.SH|513070.SH|513100.SH,3.741846712547199,0.8806213571324049,offspring,4.0
rolling_evolution_strategy,2025-07-01/2025-12-31,2026-01-01/2026-06-30,97,159329.SZ|159687.SZ|159796.SZ|159915.SZ|159980.SZ|159981.SZ|159985.SZ|161226.SZ|512660.SH|513070.SH|513100.SH|513290.SH|513750.SH,3.435020684648081,0.7905316454889175,offspring,4.0
rolling_evolution_strategy,2025-07-01/2025-12-31,2026-01-01/2026-06-30,98,159509.SZ|159796.SZ|159920.SZ|159981.SZ|159985.SZ|161226.SZ|501018.SH|510500.SH|512660.SH|513100.SH|513120.SH|513310.SH|513400.SH,3.3829102713406547,0.8496577034190855,offspring,4.0
rolling_evolution_strategy,2025-07-01/2025-12-31,2026-01-01/2026-06-30,99,159329.SZ|159796.SZ|159915.SZ|159980.SZ|159985.SZ|161226.SZ|501018.SH|512660.SH|513070.SH|513100.SH|513290.SH|513400.SH|513750.SH,3.6869226090025657,0.7905316454889175,offspring,4.0
rolling_evolution_strategy,2025-07-01/2025-12-31,2026-01-01/2026-06-30,100,159509.SZ|159796.SZ|159915.SZ|159980.SZ|159981.SZ|159985.SZ|161226.SZ|512660.SH|513070.SH|513100.SH|513310.SH|513400.SH|513750.SH,3.451614873208413,0.8496577034190855,offspring,4.0
rolling_evolution_strategy,2026-01-01/2026-06-30,2026-07-01/2026-07-26,1,159687.SZ|159852.SZ|159920.SZ|159928.SZ|159985.SZ|161226.SZ|164824.SZ|501018.SH|510050.SH|513070.SH|513310.SH|513400.SH|518880.SH,0.6378298116363545,0.7252532423263615,initial_parents,
rolling_evolution_strategy,2026-01-01/2026-06-30,2026-07-01/2026-07-26,2,159209.SZ|159529.SZ|159851.SZ|159981.SZ|161226.SZ|164824.SZ|501018.SH|513070.SH|513120.SH|513500.SH|513880.SH|518880.SH|562500.SH,-0.7671325461023212,0.7824809592486331,initial_parents,
rolling_evolution_strategy,2026-01-01/2026-06-30,2026-07-01/2026-07-26,3,159209.SZ|159329.SZ|159529.SZ|159611.SZ|159915.SZ|159981.SZ|159985.SZ|161226.SZ|164824.SZ|501018.SH|513120.SH|513290.SH|513750.SH,0.48320154528818715,0.665760968479371,initial_parents,
rolling_evolution_strategy,2026-01-01/2026-06-30,2026-07-01/2026-07-26,4,159509.SZ|159611.SZ|159687.SZ|159967.SZ|159981.SZ|159985.SZ|161226.SZ|512980.SH|513080.SH|513100.SH|513120.SH|513750.SH|518880.SH,1.921121189882784,0.8901497039450326,initial_parents,
rolling_evolution_strategy,2026-01-01/2026-06-30,2026-07-01/2026-07-26,5,159529.SZ|159920.SZ|159980.SZ|159981.SZ|164824.SZ|501018.SH|510500.SH|512880.SH|513120.SH|513500.SH|513730.SH|515210.SH|518880.SH,-0.13271646933259829,0.7802658508638117,initial_parents,
rolling_evolution_strategy,2026-01-01/2026-06-30,2026-07-01/2026-07-26,6,159201.SZ|159529.SZ|159920.SZ|159985.SZ|161226.SZ|501018.SH|512100.SH|512800.SH|513080.SH|513290.SH|513500.SH|513750.SH|518880.SH,0.74186151763301,0.8225381952022786,initial_parents,
rolling_evolution_strategy,2026-01-01/2026-06-30,2026-07-01/2026-07-26,7,159518.SZ|159825.SZ|159949.SZ|159981.SZ|159985.SZ|161226.SZ|510880.SH|513070.SH|513310.SH|513730.SH|513750.SH|513880.SH|518880.SH,-0.6737315885623201,0.7609825374948022,initial_parents,
rolling_evolution_strategy,2026-01-01/2026-06-30,2026-07-01/2026-07-26,8,159206.SZ|159509.SZ|159980.SZ|159985.SZ|160644.SZ|501018.SH|512800.SH|513070.SH|513080.SH|513100.SH|513180.SH|516150.SH|518880.SH,0.11013361316215106,0.8901497039450326,initial_parents,
rolling_evolution_strategy,2026-01-01/2026-06-30,2026-07-01/2026-07-26,9,159209.SZ|159329.SZ|159509.SZ|159687.SZ|159920.SZ|159981.SZ|159985.SZ|501018.SH|513180.SH|513290.SH|518880.SH|563300.SH|588200.SH,2.112121793593147,0.8614689435973625,initial_parents,
rolling_evolution_strategy,2026-01-01/2026-06-30,2026-07-01/2026-07-26,10,159329.SZ|159509.SZ|159869.SZ|159981.SZ|159985.SZ|161226.SZ|501018.SH|512400.SH|512660.SH|513120.SH|513400.SH|513730.SH|513750.SH,-0.9505727457317847,0.7894230253883981,initial_parents,
rolling_evolution_strategy,2026-01-01/2026-06-30,2026-07-01/2026-07-26,11,159518.SZ|159825.SZ|159949.SZ|159980.SZ|159981.SZ|161226.SZ|510880.SH|513070.SH|513120.SH|513310.SH|513730.SH|513880.SH|518880.SH,-0.4784291306620247,0.7609825374948022,offspring,0.0
rolling_evolution_strategy,2026-01-01/2026-06-30,2026-07-01/2026-07-26,12,159209.SZ|159329.SZ|159529.SZ|159870.SZ|159915.SZ|159920.SZ|159981.SZ|159985.SZ|161226.SZ|164824.SZ|501018.SH|513290.SH|513750.SH,0.43050950275033056,0.8225381952022786,offspring,0.0
rolling_evolution_strategy,2026-01-01/2026-06-30,2026-07-01/2026-07-26,13,159518.SZ|159825.SZ|159949.SZ|159981.SZ|159985.SZ|161226.SZ|510880.SH|513070.SH|513080.SH|513730.SH|513750.SH|513880.SH|518880.SH,-1.1643169132342097,0.7609825374948022,offspring,0.0
rolling_evolution_strategy,2026-01-01/2026-06-30,2026-07-01/2026-07-26,14,159209.SZ|159329.SZ|159509.SZ|159687.SZ|159920.SZ|159981.SZ|159985.SZ|164824.SZ|501018.SH|513180.SH|518880.SH|563300.SH|588200.SH,1.5624419542464618,0.8614689435973625,offspring,0.0
rolling_evolution_strategy,2026-01-01/2026-06-30,2026-07-01/2026-07-26,15,159529.SZ|159920.SZ|159980.SZ|159981.SZ|164824.SZ|501018.SH|510500.SH|512880.SH|513070.SH|513500.SH|513730.SH|515210.SH|518880.SH,-0.3758546725689905,0.7802658508638117,offspring,0.0
rolling_evolution_strategy,2026-01-01/2026-06-30,2026-07-01/2026-07-26,16,159509.SZ|159529.SZ|159967.SZ|159981.SZ|159985.SZ|161226.SZ|512200.SH|512980.SH|513080.SH|513100.SH|513120.SH|513750.SH|518880.SH,0.809937867598839,0.8901497039450326,offspring,0.0
rolling_evolution_strategy,2026-01-01/2026-06-30,2026-07-01/2026-07-26,17,159201.SZ|159529.SZ|159920.SZ|159985.SZ|161226.SZ|501018.SH|512100.SH|512800.SH|513080.SH|513180.SH|513290.SH|513500.SH|518880.SH,0.7684823361263574,0.8614689435973625,offspring,0.0
rolling_evolution_strategy,2026-01-01/2026-06-30,2026-07-01/2026-07-26,18,159209.SZ|159329.SZ|159509.SZ|159687.SZ|159920.SZ|159980.SZ|159981.SZ|159985.SZ|513180.SH|513290.SH|518880.SH|563300.SH|588200.SH,1.4316533684633161,0.8614689435973625,offspring,0.0
rolling_evolution_strategy,2026-01-01/2026-06-30,2026-07-01/2026-07-26,19,159201.SZ|159518.SZ|159920.SZ|159985.SZ|161226.SZ|501018.SH|512100.SH|512800.SH|513080.SH|513290.SH|513500.SH|513750.SH|518880.SH,0.6524505770434811,0.8225381952022786,offspring,0.0
rolling_evolution_strategy,2026-01-01/2026-06-30,2026-07-01/2026-07-26,20,159209.SZ|159529.SZ|159851.SZ|159981.SZ|161226.SZ|501018.SH|513030.SH|513070.SH|513120.SH|513500.SH|513880.SH|518880.SH|562500.SH,-0.5367628006494901,0.7824809592486331,offspring,0.0
rolling_evolution_strategy,2026-01-01/2026-06-30,2026-07-01/2026-07-26,21,159209.SZ|159329.SZ|159509.SZ|159687.SZ|159920.SZ|159981.SZ|159985.SZ|161226.SZ|513120.SH|513290.SH|518880.SH|563300.SH|588200.SH,1.5407539048378034,0.8150040766128622,offspring,0.0
rolling_evolution_strategy,2026-01-01/2026-06-30,2026-07-01/2026-07-26,22,159529.SZ|159920.SZ|159981.SZ|159985.SZ|164824.SZ|501018.SH|510500.SH|512880.SH|513120.SH|513500.SH|513730.SH|515210.SH|518880.SH,0.35844900686158016,0.7802658508638117,offspring,0.0
rolling_evolution_strategy,2026-01-01/2026-06-30,2026-07-01/2026-07-26,23,159329.SZ|159509.SZ|159869.SZ|159980.SZ|159981.SZ|159985.SZ|501018.SH|512400.SH|512660.SH|513120.SH|513400.SH|513730.SH|513750.SH,-0.5296839592806275,0.7894230253883981,offspring,0.0
rolling_evolution_strategy,2026-01-01/2026-06-30,2026-07-01/2026-07-26,24,159329.SZ|159529.SZ|159611.SZ|159915.SZ|159981.SZ|159985.SZ|161226.SZ|164824.SZ|501018.SH|513120.SH|513290.SH|513750.SH|515880.SH,0.4072769962208152,0.856601388914163,offspring,0.0
rolling_evolution_strategy,2026-01-01/2026-06-30,2026-07-01/2026-07-26,25,159209.SZ|159529.SZ|159981.SZ|161226.SZ|164824.SZ|501018.SH|510300.SH|513070.SH|513120.SH|513500.SH|513880.SH|518880.SH|562500.SH,0.5833462802674751,0.7824809592486331,offspring,0.0
rolling_evolution_strategy,2026-01-01/2026-06-30,2026-07-01/2026-07-26,26,159529.SZ|159851.SZ|159920.SZ|159980.SZ|161226.SZ|164824.SZ|501018.SH|510500.SH|513120.SH|513500.SH|513730.SH|515210.SH|518880.SH,-0.7195811983160194,0.7802658508638117,offspring,0.0
rolling_evolution_strategy,2026-01-01/2026-06-30,2026-07-01/2026-07-26,27,159687.SZ|159852.SZ|159920.SZ|159928.SZ|159980.SZ|161226.SZ|164824.SZ|501018.SH|510050.SH|513070.SH|513310.SH|513400.SH|518880.SH,0.6716859460514027,0.7522587312090414,offspring,0.0
rolling_evolution_strategy,2026-01-01/2026-06-30,2026-07-01/2026-07-26,28,159518.SZ|159825.SZ|159949.SZ|159981.SZ|159985.SZ|161226.SZ|510880.SH|513070.SH|513290.SH|513310.SH|513750.SH|513880.SH|518880.SH,-0.07742505515282923,0.6587961154966347,offspring,0.0
rolling_evolution_strategy,2026-01-01/2026-06-30,2026-07-01/2026-07-26,29,159206.SZ|159329.SZ|159509.SZ|159980.SZ|159985.SZ|160644.SZ|501018.SH|512800.SH|513070.SH|513100.SH|513180.SH|516150.SH|518880.SH,0.6531042121290782,0.8901497039450326,offspring,0.0
rolling_evolution_strategy,2026-01-01/2026-06-30,2026-07-01/2026-07-26,30,159206.SZ|159509.SZ|159980.SZ|159985.SZ|160644.SZ|161226.SZ|501018.SH|512800.SH|513070.SH|513080.SH|513100.SH|513180.SH|516150.SH,0.32034810320919177,0.8901497039450326,offspring,0.0
rolling_evolution_strategy,2026-01-01/2026-06-30,2026-07-01/2026-07-26,31,159509.SZ|159529.SZ|159870.SZ|159901.SZ|159981.SZ|159985.SZ|161226.SZ|512980.SH|513080.SH|513100.SH|513120.SH|513750.SH|518880.SH,0.5499363907718783,0.8901497039450326,offspring,1.0
rolling_evolution_strategy,2026-01-01/2026-06-30,2026-07-01/2026-07-26,32,159206.SZ|159509.SZ|159611.SZ|159980.SZ|159985.SZ|160644.SZ|501018.SH|513030.SH|513070.SH|513100.SH|513180.SH|516150.SH|518880.SH,0.9147240272595809,0.8901497039450326,offspring,1.0
rolling_evolution_strategy,2026-01-01/2026-06-30,2026-07-01/2026-07-26,33,159509.SZ|159611.SZ|159687.SZ|159967.SZ|159980.SZ|159981.SZ|159985.SZ|161226.SZ|512980.SH|513080.SH|513100.SH|513120.SH|513750.SH,2.149726381919258,0.8901497039450326,offspring,1.0
rolling_evolution_strategy,2026-01-01/2026-06-30,2026-07-01/2026-07-26,34,159201.SZ|159529.SZ|159920.SZ|159980.SZ|159985.SZ|161226.SZ|501018.SH|512100.SH|512800.SH|513080.SH|513290.SH|513500.SH|513750.SH,0.5434867417374878,0.8225381952022786,offspring,1.0
rolling_evolution_strategy,2026-01-01/2026-06-30,2026-07-01/2026-07-26,35,159687.SZ|159852.SZ|159920.SZ|159928.SZ|159980.SZ|161226.SZ|164824.SZ|501018.SH|510050.SH|513310.SH|513400.SH|513750.SH|518880.SH,0.767591017423598,0.8225381952022786,offspring,1.0
rolling_evolution_strategy,2026-01-01/2026-06-30,2026-07-01/2026-07-26,36,159329.SZ|159509.SZ|159687.SZ|159920.SZ|159981.SZ|159985.SZ|161226.SZ|513120.SH|513290.SH|515880.SH|518880.SH|563300.SH|588200.SH,1.8330257786697033,0.8150040766128622,offspring,1.0
rolling_evolution_strategy,2026-01-01/2026-06-30,2026-07-01/2026-07-26,37,159201.SZ|159529.SZ|159920.SZ|159981.SZ|159985.SZ|501018.SH|512100.SH|512660.SH|513080.SH|513290.SH|513500.SH|513750.SH|518880.SH,0.708661651956699,0.8225381952022786,offspring,1.0
rolling_evolution_strategy,2026-01-01/2026-06-30,2026-07-01/2026-07-26,38,159209.SZ|159329.SZ|159509.SZ|159687.SZ|159869.SZ|159920.SZ|159980.SZ|159981.SZ|159985.SZ|513180.SH|513290.SH|518880.SH|563300.SH,0.27190125688933336,0.8614689435973625,offspring,1.0
rolling_evolution_strategy,2026-01-01/2026-06-30,2026-07-01/2026-07-26,39,159518.SZ|159611.SZ|159687.SZ|159967.SZ|159981.SZ|159985.SZ|161226.SZ|512980.SH|513080.SH|513100.SH|513120.SH|513750.SH|518880.SH,1.4883236570295573,0.8329328713285479,offspring,1.0
rolling_evolution_strategy,2026-01-01/2026-06-30,2026-07-01/2026-07-26,40,159201.SZ|159529.SZ|159611.SZ|159920.SZ|159985.SZ|161226.SZ|501018.SH|512100.SH|513080.SH|513180.SH|513290.SH|513500.SH|518880.SH,0.9465825105845602,0.8614689435973625,offspring,1.0
rolling_evolution_strategy,2026-01-01/2026-06-30,2026-07-01/2026-07-26,41,159209.SZ|159329.SZ|159687.SZ|159920.SZ|159981.SZ|159985.SZ|160644.SZ|161226.SZ|513120.SH|513290.SH|518880.SH|563300.SH|588200.SH,1.6341595379571248,0.6857799325295836,offspring,1.0
rolling_evolution_strategy,2026-01-01/2026-06-30,2026-07-01/2026-07-26,42,159209.SZ|159329.SZ|159509.SZ|159687.SZ|159920.SZ|159981.SZ|161226.SZ|164824.SZ|501018.SH|513070.SH|518880.SH|563300.SH|588200.SH,0.7241119333771107,0.8150040766128622,offspring,1.0
rolling_evolution_strategy,2026-01-01/2026-06-30,2026-07-01/2026-07-26,43,159209.SZ|159329.SZ|159509.SZ|159687.SZ|159865.SZ|159920.SZ|159981.SZ|159985.SZ|501018.SH|513180.SH|513290.SH|518880.SH|588200.SH,1.4686618288587994,0.8614689435973625,offspring,1.0
rolling_evolution_strategy,2026-01-01/2026-06-30,2026-07-01/2026-07-26,44,159209.SZ|159329.SZ|159509.SZ|159687.SZ|159920.SZ|159981.SZ|159985.SZ|501018.SH|513290.SH|513750.SH|518880.SH|563300.SH|588200.SH,2.284895989484208,0.8225381952022786,offspring,1.0
rolling_evolution_strategy,2026-01-01/2026-06-30,2026-07-01/2026-07-26,45,159209.SZ|159329.SZ|159509.SZ|159920.SZ|159980.SZ|159981.SZ|161226.SZ|513180.SH|513290.SH|513310.SH|518880.SH|563300.SH|588200.SH,1.005954659220705,0.8614689435973625,offspring,1.0
rolling_evolution_strategy,2026-01-01/2026-06-30,2026-07-01/2026-07-26,46,159509.SZ|159611.SZ|159687.SZ|159967.SZ|159981.SZ|159985.SZ|161226.SZ|512980.SH|513080.SH|513120.SH|513400.SH|513750.SH|518880.SH,1.5295717735861503,0.8150040766128622,offspring,1.0
rolling_evolution_strategy,2026-01-01/2026-06-30,2026-07-01/2026-07-26,47,159209.SZ|159329.SZ|159509.SZ|159687.SZ|159920.SZ|159981.SZ|159985.SZ|161226.SZ|513070.SH|513290.SH|518880.SH|563300.SH|588200.SH,1.1275263456604903,0.8150040766128622,offspring,1.0
rolling_evolution_strategy,2026-01-01/2026-06-30,2026-07-01/2026-07-26,48,159206.SZ|159329.SZ|159980.SZ|159985.SZ|160644.SZ|501018.SH|512800.SH|513070.SH|513100.SH|513180.SH|513730.SH|516150.SH|518880.SH,0.09193579891746906,0.7965634434938876,offspring,1.0
rolling_evolution_strategy,2026-01-01/2026-06-30,2026-07-01/2026-07-26,49,159687.SZ|159852.SZ|159920.SZ|159928.SZ|159980.SZ|159985.SZ|161226.SZ|164824.SZ|501018.SH|510050.SH|513070.SH|513310.SH|513400.SH,0.6623327953838687,0.7252532423263615,offspring,1.0
rolling_evolution_strategy,2026-01-01/2026-06-30,2026-07-01/2026-07-26,50,159329.SZ|159509.SZ|159687.SZ|159901.SZ|159920.SZ|159981.SZ|159985.SZ|501018.SH|513180.SH|513290.SH|518880.SH|563300.SH|588200.SH,1.673520557280225,0.8614689435973625,offspring,1.0
rolling_evolution_strategy,2026-01-01/2026-06-30,2026-07-01/2026-07-26,51,159329.SZ|159509.SZ|159687.SZ|159920.SZ|159981.SZ|159985.SZ|501018.SH|512040.SH|513180.SH|513290.SH|518880.SH|563300.SH|588200.SH,1.817659779066886,0.8614689435973625,offspring,2.0
rolling_evolution_strategy,2026-01-01/2026-06-30,2026-07-01/2026-07-26,52,159329.SZ|159509.SZ|159687.SZ|159920.SZ|159985.SZ|161226.SZ|501018.SH|513120.SH|513400.SH|515880.SH|518880.SH|563300.SH|588200.SH,2.40425521835834,0.8150040766128622,offspring,2.0
rolling_evolution_strategy,2026-01-01/2026-06-30,2026-07-01/2026-07-26,53,159209.SZ|159329.SZ|159509.SZ|159687.SZ|159920.SZ|159981.SZ|159985.SZ|501018.SH|512980.SH|513290.SH|513750.SH|518880.SH|588200.SH,2.0025622981012825,0.8225381952022786,offspring,2.0
rolling_evolution_strategy,2026-01-01/2026-06-30,2026-07-01/2026-07-26,54,159209.SZ|159329.SZ|159509.SZ|159687.SZ|159920.SZ|159980.SZ|159981.SZ|159985.SZ|161226.SZ|510210.SH|513120.SH|513290.SH|563300.SH,0.8038622801333729,0.8150040766128622,offspring,2.0
rolling_evolution_strategy,2026-01-01/2026-06-30,2026-07-01/2026-07-26,55,159509.SZ|159611.SZ|159687.SZ|159967.SZ|159981.SZ|159985.SZ|160644.SZ|161226.SZ|512980.SH|513080.SH|513120.SH|513750.SH|518880.SH,1.3468600246604963,0.8150040766128622,offspring,2.0
rolling_evolution_strategy,2026-01-01/2026-06-30,2026-07-01/2026-07-26,56,159509.SZ|159611.SZ|159687.SZ|159920.SZ|159967.SZ|159981.SZ|159985.SZ|161226.SZ|512980.SH|513080.SH|513100.SH|513120.SH|518880.SH,2.053921856555424,0.8901497039450326,offspring,2.0
rolling_evolution_strategy,2026-01-01/2026-06-30,2026-07-01/2026-07-26,57,159209.SZ|159329.SZ|159509.SZ|159529.SZ|159687.SZ|159920.SZ|159981.SZ|159985.SZ|501018.SH|513180.SH|518880.SH|563300.SH|588200.SH,1.6119401448570658,0.8614689435973625,offspring,2.0
rolling_evolution_strategy,2026-01-01/2026-06-30,2026-07-01/2026-07-26,58,159509.SZ|159611.SZ|159981.SZ|159985.SZ|161226.SZ|510180.SH|512980.SH|513030.SH|513080.SH|513100.SH|513120.SH|513750.SH|518880.SH,-0.29987762069837276,0.8901497039450326,offspring,2.0
rolling_evolution_strategy,2026-01-01/2026-06-30,2026-07-01/2026-07-26,59,159209.SZ|159329.SZ|159687.SZ|159915.SZ|159920.SZ|159981.SZ|159985.SZ|160644.SZ|161226.SZ|513120.SH|513290.SH|518880.SH|588200.SH,1.5564904903771368,0.728254921761492,offspring,2.0
rolling_evolution_strategy,2026-01-01/2026-06-30,2026-07-01/2026-07-26,60,159509.SZ|159611.SZ|159687.SZ|159967.SZ|159981.SZ|161226.SZ|501018.SH|512980.SH|513080.SH|513100.SH|513120.SH|513750.SH|518880.SH,1.7196668519769618,0.8901497039450326,offspring,2.0
rolling_evolution_strategy,2026-01-01/2026-06-30,2026-07-01/2026-07-26,61,159509.SZ|159611.SZ|159687.SZ|159967.SZ|159981.SZ|159985.SZ|161226.SZ|512980.SH|513120.SH|513400.SH|513730.SH|513750.SH|518880.SH,1.8149897670816901,0.8150040766128622,offspring,2.0
rolling_evolution_strategy,2026-01-01/2026-06-30,2026-07-01/2026-07-26,62,159329.SZ|159687.SZ|159901.SZ|159920.SZ|159981.SZ|159985.SZ|501018.SH|513180.SH|513290.SH|513880.SH|518880.SH|563300.SH|588200.SH,1.9017929617305172,0.8614689435973625,offspring,2.0
rolling_evolution_strategy,2026-01-01/2026-06-30,2026-07-01/2026-07-26,63,159509.SZ|159611.SZ|159687.SZ|159967.SZ|159980.SZ|159985.SZ|161226.SZ|501018.SH|510500.SH|513080.SH|513100.SH|513120.SH|513750.SH,1.9624788111484301,0.8901497039450326,offspring,2.0
rolling_evolution_strategy,2026-01-01/2026-06-30,2026-07-01/2026-07-26,64,159209.SZ|159329.SZ|159509.SZ|159687.SZ|159920.SZ|159981.SZ|159985.SZ|161226.SZ|512100.SH|513120.SH|513290.SH|518880.SH|588200.SH,1.4587667702288345,0.8150040766128622,offspring,2.0
rolling_evolution_strategy,2026-01-01/2026-06-30,2026-07-01/2026-07-26,65,159509.SZ|159687.SZ|159865.SZ|159967.SZ|159985.SZ|161226.SZ|501018.SH|512980.SH|513080.SH|513120.SH|513400.SH|513750.SH|518880.SH,1.4777657924252627,0.8150040766128622,offspring,2.0
rolling_evolution_strategy,2026-01-01/2026-06-30,2026-07-01/2026-07-26,66,159329.SZ|159509.SZ|159687.SZ|159852.SZ|159920.SZ|159981.SZ|159985.SZ|501018.SH|513180.SH|513290.SH|518880.SH|563300.SH|588200.SH,2.0357700106242524,0.8614689435973625,offspring,2.0
rolling_evolution_strategy,2026-01-01/2026-06-30,2026-07-01/2026-07-26,67,159326.SZ|159509.SZ|159611.SZ|159687.SZ|159920.SZ|159981.SZ|159985.SZ|161226.SZ|512980.SH|513080.SH|513120.SH|513400.SH|518880.SH,0.7108723499159022,0.8150040766128622,offspring,2.0
rolling_evolution_strategy,2026-01-01/2026-06-30,2026-07-01/2026-07-26,68,159209.SZ|159687.SZ|159920.SZ|159981.SZ|159985.SZ|164824.SZ|501018.SH|513080.SH|513290.SH|513750.SH|518880.SH|563300.SH|588200.SH,1.0244423216389598,0.8225381952022786,offspring,2.0
rolling_evolution_strategy,2026-01-01/2026-06-30,2026-07-01/2026-07-26,69,159209.SZ|159329.SZ|159509.SZ|159687.SZ|159920.SZ|159981.SZ|161226.SZ|501018.SH|513180.SH|513290.SH|518880.SH|563300.SH|588200.SH,1.4088611307631085,0.8614689435973625,offspring,2.0
rolling_evolution_strategy,2026-01-01/2026-06-30,2026-07-01/2026-07-26,70,159509.SZ|159518.SZ|159687.SZ|159851.SZ|159920.SZ|159981.SZ|159985.SZ|161226.SZ|513120.SH|513290.SH|518880.SH|563300.SH|588200.SH,1.5448905968487245,0.8150040766128622,offspring,2.0
rolling_evolution_strategy,2026-01-01/2026-06-30,2026-07-01/2026-07-26,71,159509.SZ|159611.SZ|159920.SZ|159967.SZ|159981.SZ|161226.SZ|501018.SH|512980.SH|513080.SH|513100.SH|513120.SH|513310.SH|518880.SH,2.296606883193149,0.8901497039450326,offspring,3.0
rolling_evolution_strategy,2026-01-01/2026-06-30,2026-07-01/2026-07-26,72,159209.SZ|159329.SZ|159509.SZ|159920.SZ|159981.SZ|159985.SZ|501018.SH|513100.SH|513290.SH|513750.SH|518880.SH|563300.SH|588200.SH,2.1090525644458453,0.8901497039450326,offspring,3.0
rolling_evolution_strategy,2026-01-01/2026-06-30,2026-07-01/2026-07-26,73,159329.SZ|159509.SZ|159687.SZ|159852.SZ|159920.SZ|159981.SZ|159985.SZ|501018.SH|513180.SH|518880.SH|520870.SH|563300.SH|588200.SH,1.2626997833739806,0.8614689435973625,offspring,3.0
rolling_evolution_strategy,2026-01-01/2026-06-30,2026-07-01/2026-07-26,74,159509.SZ|159611.SZ|159920.SZ|159967.SZ|159981.SZ|159985.SZ|161226.SZ|512980.SH|513030.SH|513080.SH|513100.SH|513120.SH|518880.SH,0.8724849660259199,0.8901497039450326,offspring,3.0
rolling_evolution_strategy,2026-01-01/2026-06-30,2026-07-01/2026-07-26,75,159509.SZ|159687.SZ|159920.SZ|159967.SZ|159980.SZ|159985.SZ|161226.SZ|501018.SH|510300.SH|510500.SH|513080.SH|513100.SH|513120.SH,1.7102117440683222,0.8901497039450326,offspring,3.0
rolling_evolution_strategy,2026-01-01/2026-06-30,2026-07-01/2026-07-26,76,159326.SZ|159329.SZ|159509.SZ|159687.SZ|159920.SZ|159985.SZ|161226.SZ|501018.SH|513120.SH|513400.SH|515880.SH|518880.SH|588200.SH,3.09554821713032,0.8150040766128622,offspring,3.0
rolling_evolution_strategy,2026-01-01/2026-06-30,2026-07-01/2026-07-26,77,159209.SZ|159329.SZ|159509.SZ|159687.SZ|159852.SZ|159920.SZ|159981.SZ|159985.SZ|501018.SH|512980.SH|513290.SH|513750.SH|518880.SH,1.1850546732414389,0.8617510825893612,offspring,3.0
rolling_evolution_strategy,2026-01-01/2026-06-30,2026-07-01/2026-07-26,78,159329.SZ|159509.SZ|159687.SZ|159920.SZ|159981.SZ|159985.SZ|501018.SH|513120.SH|513400.SH|515880.SH|518880.SH|563300.SH|588200.SH,2.027822900568572,0.8150040766128622,offspring,3.0
rolling_evolution_strategy,2026-01-01/2026-06-30,2026-07-01/2026-07-26,79,159509.SZ|159611.SZ|159967.SZ|159980.SZ|159981.SZ|159985.SZ|160644.SZ|161226.SZ|512980.SH|513100.SH|513120.SH|513730.SH|513750.SH,1.8122471076953117,0.8901497039450326,offspring,3.0
rolling_evolution_strategy,2026-01-01/2026-06-30,2026-07-01/2026-07-26,80,159329.SZ|159687.SZ|159920.SZ|159928.SZ|159981.SZ|159985.SZ|501018.SH|513180.SH|513290.SH|513880.SH|518880.SH|563300.SH|588200.SH,1.696361377851092,0.8614689435973625,offspring,3.0
rolling_evolution_strategy,2026-01-01/2026-06-30,2026-07-01/2026-07-26,81,159329.SZ|159509.SZ|159611.SZ|159687.SZ|159852.SZ|159920.SZ|159981.SZ|159985.SZ|501018.SH|513180.SH|513290.SH|518880.SH|563300.SH,0.8590092698999279,0.8614689435973625,offspring,3.0
rolling_evolution_strategy,2026-01-01/2026-06-30,2026-07-01/2026-07-26,82,159209.SZ|159329.SZ|159509.SZ|159687.SZ|159920.SZ|159981.SZ|159985.SZ|501018.SH|512980.SH|513310.SH|513750.SH|518880.SH|563300.SH,2.390972434180611,0.8225381952022786,offspring,3.0
rolling_evolution_strategy,2026-01-01/2026-06-30,2026-07-01/2026-07-26,83,159329.SZ|159509.SZ|159687.SZ|159967.SZ|159981.SZ|159985.SZ|501018.SH|513070.SH|513180.SH|513290.SH|518880.SH|563300.SH|588200.SH,1.6451271416965392,0.8150040766128622,offspring,3.0
rolling_evolution_strategy,2026-01-01/2026-06-30,2026-07-01/2026-07-26,84,159209.SZ|159329.SZ|159509.SZ|159687.SZ|159920.SZ|159981.SZ|159985.SZ|501018.SH|512980.SH|513120.SH|513290.SH|518880.SH|588200.SH,1.6222480455985624,0.8150040766128622,offspring,3.0
rolling_evolution_strategy,2026-01-01/2026-06-30,2026-07-01/2026-07-26,85,159509.SZ|159611.SZ|159687.SZ|159967.SZ|159980.SZ|159981.SZ|159985.SZ|161226.SZ|512660.SH|513080.SH|513100.SH|513120.SH|513750.SH,1.7456336858257542,0.8901497039450326,offspring,3.0
rolling_evolution_strategy,2026-01-01/2026-06-30,2026-07-01/2026-07-26,86,159209.SZ|159329.SZ|159509.SZ|159687.SZ|159920.SZ|159981.SZ|159985.SZ|501018.SH|513070.SH|513290.SH|518880.SH|563300.SH|588200.SH,1.9537340608085925,0.8150040766128622,offspring,3.0
rolling_evolution_strategy,2026-01-01/2026-06-30,2026-07-01/2026-07-26,87,159509.SZ|159611.SZ|159687.SZ|159980.SZ|159981.SZ|159985.SZ|161226.SZ|512980.SH|513080.SH|513100.SH|513120.SH|513750.SH|588000.SH,1.2539706714994006,0.8901497039450326,offspring,3.0
rolling_evolution_strategy,2026-01-01/2026-06-30,2026-07-01/2026-07-26,88,159509.SZ|159518.SZ|159611.SZ|159967.SZ|159981.SZ|159985.SZ|161226.SZ|164824.SZ|512980.SH|513100.SH|513120.SH|513750.SH|518880.SH,1.6006576869437283,0.8901497039450326,offspring,3.0
rolling_evolution_strategy,2026-01-01/2026-06-30,2026-07-01/2026-07-26,89,159209.SZ|159329.SZ|159509.SZ|159687.SZ|159920.SZ|159981.SZ|159985.SZ|501018.SH|510180.SH|512980.SH|513290.SH|513750.SH|518880.SH,0.9828883679842774,0.8225381952022786,offspring,3.0
rolling_evolution_strategy,2026-01-01/2026-06-30,2026-07-01/2026-07-26,90,159329.SZ|159509.SZ|159687.SZ|159852.SZ|159865.SZ|159920.SZ|159981.SZ|159985.SZ|161226.SZ|513180.SH|513290.SH|518880.SH|588200.SH,0.9343587996282232,0.8614689435973625,offspring,3.0
rolling_evolution_strategy,2026-01-01/2026-06-30,2026-07-01/2026-07-26,91,159206.SZ|159509.SZ|159611.SZ|159920.SZ|159981.SZ|161226.SZ|501018.SH|512980.SH|513080.SH|513100.SH|513120.SH|513310.SH|518880.SH,1.8311240450662767,0.8901497039450326,offspring,4.0
rolling_evolution_strategy,2026-01-01/2026-06-30,2026-07-01/2026-07-26,92,159509.SZ|159611.SZ|159687.SZ|159980.SZ|159985.SZ|161226.SZ|501018.SH|512040.SH|512980.SH|513080.SH|513100.SH|513120.SH|513750.SH,1.5556673488819068,0.8901497039450326,offspring,4.0
rolling_evolution_strategy,2026-01-01/2026-06-30,2026-07-01/2026-07-26,93,159209.SZ|159329.SZ|159509.SZ|159687.SZ|159981.SZ|159985.SZ|501018.SH|512980.SH|513120.SH|513310.SH|513750.SH|518880.SH|563300.SH,2.0078434687652797,0.8150040766128622,offspring,4.0
rolling_evolution_strategy,2026-01-01/2026-06-30,2026-07-01/2026-07-26,94,159329.SZ|159509.SZ|159687.SZ|159920.SZ|159985.SZ|161226.SZ|501018.SH|513180.SH|513400.SH|515880.SH|518880.SH|563300.SH|588200.SH,2.678416582919722,0.8614689435973625,offspring,4.0
rolling_evolution_strategy,2026-01-01/2026-06-30,2026-07-01/2026-07-26,95,159209.SZ|159329.SZ|159509.SZ|159687.SZ|159796.SZ|159920.SZ|159981.SZ|159985.SZ|501018.SH|513290.SH|513750.SH|518880.SH|588200.SH,1.690994900622923,0.8225381952022786,offspring,4.0
rolling_evolution_strategy,2026-01-01/2026-06-30,2026-07-01/2026-07-26,96,159209.SZ|159329.SZ|159509.SZ|159920.SZ|159981.SZ|159985.SZ|501018.SH|513100.SH|513500.SH|513750.SH|518880.SH|563300.SH|588200.SH,1.8472053891836955,0.8950356736682759,offspring,4.0
rolling_evolution_strategy,2026-01-01/2026-06-30,2026-07-01/2026-07-26,97,159326.SZ|159329.SZ|159509.SZ|159687.SZ|159920.SZ|159980.SZ|159985.SZ|161226.SZ|501018.SH|513120.SH|513400.SH|515880.SH|588200.SH,2.1782343515771214,0.8150040766128622,offspring,4.0
rolling_evolution_strategy,2026-01-01/2026-06-30,2026-07-01/2026-07-26,98,159326.SZ|159509.SZ|159687.SZ|159920.SZ|159985.SZ|161226.SZ|501018.SH|513120.SH|513290.SH|513400.SH|515880.SH|518880.SH|588200.SH,3.377038894787299,0.8150040766128622,offspring,4.0
rolling_evolution_strategy,2026-01-01/2026-06-30,2026-07-01/2026-07-26,99,159509.SZ|159611.SZ|159687.SZ|159967.SZ|159981.SZ|159985.SZ|161226.SZ|512890.SH|513080.SH|513100.SH|513120.SH|513180.SH|518880.SH,1.5625892953132117,0.8901497039450326,offspring,4.0
rolling_evolution_strategy,2026-01-01/2026-06-30,2026-07-01/2026-07-26,100,159209.SZ|159329.SZ|159509.SZ|159920.SZ|159981.SZ|159985.SZ|164824.SZ|501018.SH|512980.SH|513310.SH|513750.SH|518880.SH|563300.SH,1.9291922092827998,0.8225381952022786,offspring,4.0
