method,training_year,holding_year,evaluation,codes,sharpe,maximum_within_group_correlation,phase,temperature,removed,added
rolling_simulated_annealing,2021,2022,1,159865.SZ|159901.SZ|159920.SZ|159980.SZ|159985.SZ|501018.SH|513030.SH|513080.SH|513180.SH|513500.SH|513880.SH|515210.SH|518880.SH,-0.04141558142205041,0.910284859375849,initial,,,
rolling_simulated_annealing,2021,2022,2,159865.SZ|159901.SZ|159920.SZ|159980.SZ|159981.SZ|159985.SZ|501018.SH|513030.SH|513080.SH|513180.SH|513500.SH|513880.SH|515210.SH,0.6521923424089844,0.910284859375849,annealing,0.4840044985514857,518880.SH,159981.SZ
rolling_simulated_annealing,2021,2022,3,159865.SZ|159901.SZ|159920.SZ|159980.SZ|159981.SZ|159985.SZ|164824.SZ|501018.SH|513030.SH|513080.SH|513180.SH|513500.SH|515210.SH,0.6396720765830668,0.910284859375849,annealing,0.4685207092361502,513880.SH,164824.SZ
rolling_simulated_annealing,2021,2022,4,159865.SZ|159901.SZ|159920.SZ|159967.SZ|159980.SZ|159981.SZ|159985.SZ|164824.SZ|501018.SH|513030.SH|513080.SH|513180.SH|513500.SH,0.8953585866110031,0.910284859375849,annealing,0.4535322618696586,515210.SH,159967.SZ
rolling_simulated_annealing,2021,2022,5,159865.SZ|159920.SZ|159967.SZ|159980.SZ|159981.SZ|159985.SZ|164824.SZ|501018.SH|510500.SH|513030.SH|513080.SH|513180.SH|513500.SH,0.8839501618098914,0.910284859375849,annealing,0.4390233099662904,159901.SZ,510500.SH
rolling_simulated_annealing,2021,2022,6,159865.SZ|159920.SZ|159967.SZ|159980.SZ|159981.SZ|159985.SZ|164824.SZ|510500.SH|513030.SH|513080.SH|513180.SH|513500.SH|518880.SH,0.17373293231701437,0.910284859375849,annealing,0.42497851398529574,501018.SH,518880.SH
rolling_simulated_annealing,2021,2022,7,159865.SZ|159920.SZ|159967.SZ|159980.SZ|159981.SZ|164824.SZ|501018.SH|510500.SH|513030.SH|513080.SH|513180.SH|513500.SH|518880.SH,0.40174929677306137,0.910284859375849,annealing,0.41138302511321717,159985.SZ,518880.SH
rolling_simulated_annealing,2021,2022,8,159865.SZ|159920.SZ|159967.SZ|159980.SZ|159981.SZ|159985.SZ|164824.SZ|501018.SH|512660.SH|513030.SH|513080.SH|513180.SH|513500.SH,1.0661913247140054,0.910284859375849,annealing,0.3982224695650319,510500.SH,512660.SH
rolling_simulated_annealing,2021,2022,9,159865.SZ|159920.SZ|159967.SZ|159981.SZ|159985.SZ|161226.SZ|164824.SZ|501018.SH|512660.SH|513030.SH|513080.SH|513180.SH|513500.SH,0.7239563572331974,0.910284859375849,annealing,0.385482933387515,159980.SZ,161226.SZ
rolling_simulated_annealing,2021,2022,10,159865.SZ|159920.SZ|159967.SZ|159980.SZ|159981.SZ|159985.SZ|164824.SZ|501018.SH|512660.SH|513030.SH|513080.SH|513180.SH|513880.SH,0.9445110725326121,0.910284859375849,annealing,0.37315094774875995,513500.SH,513880.SH
rolling_simulated_annealing,2021,2022,11,159920.SZ|159967.SZ|159980.SZ|159981.SZ|159985.SZ|164824.SZ|501018.SH|512400.SH|512660.SH|513030.SH|513080.SH|513180.SH|513880.SH,0.38295373756233014,0.910284859375849,annealing,0.3612134746983004,159865.SZ,512400.SH
rolling_simulated_annealing,2021,2022,12,159865.SZ|159920.SZ|159967.SZ|159980.SZ|159981.SZ|159985.SZ|164824.SZ|501018.SH|512660.SH|513080.SH|513100.SH|513180.SH|513880.SH,1.266315708508426,0.910284859375849,annealing,0.34965789338278125,513030.SH,513100.SH
rolling_simulated_annealing,2021,2022,13,159865.SZ|159920.SZ|159967.SZ|159980.SZ|159981.SZ|159985.SZ|501018.SH|512660.SH|513080.SH|513100.SH|513180.SH|513500.SH|513880.SH,0.908965017378526,0.910284859375849,annealing,0.33847198670260376,164824.SZ,513500.SH
rolling_simulated_annealing,2021,2022,14,159865.SZ|159920.SZ|159967.SZ|159980.SZ|159981.SZ|159985.SZ|164824.SZ|501018.SH|512100.SH|513080.SH|513100.SH|513180.SH|513880.SH,1.3142240579943678,0.910284859375849,annealing,0.3276439283954377,512660.SH,512100.SH
rolling_simulated_annealing,2021,2022,15,159865.SZ|159920.SZ|159980.SZ|159981.SZ|159985.SZ|164824.SZ|501018.SH|510880.SH|512100.SH|513080.SH|513100.SH|513180.SH|513880.SH,1.4859188525654294,0.910284859375849,annealing,0.31716227053294543,159967.SZ,510880.SH
rolling_simulated_annealing,2021,2022,16,159865.SZ|159920.SZ|159980.SZ|159981.SZ|159985.SZ|164824.SZ|510880.SH|512100.SH|513080.SH|513100.SH|513180.SH|513880.SH|518880.SH,0.3097928321501002,0.910284859375849,annealing,0.3070159314174978,501018.SH,518880.SH
rolling_simulated_annealing,2021,2022,17,159865.SZ|159920.SZ|159980.SZ|159981.SZ|159985.SZ|164824.SZ|501018.SH|512100.SH|512200.SH|513080.SH|513100.SH|513180.SH|513880.SH,1.081701903743884,0.910284859375849,annealing,0.2971941838660867,510880.SH,512200.SH
rolling_simulated_annealing,2021,2022,18,159865.SZ|159920.SZ|159980.SZ|159981.SZ|159985.SZ|164824.SZ|501018.SH|510880.SH|512100.SH|513100.SH|513180.SH|513500.SH|513880.SH,1.614685269124422,0.910284859375849,annealing,0.28768664386904663,513080.SH,513500.SH
rolling_simulated_annealing,2021,2022,19,159865.SZ|159920.SZ|159980.SZ|159981.SZ|159985.SZ|161226.SZ|164824.SZ|510880.SH|512100.SH|513100.SH|513180.SH|513500.SH|513880.SH,0.5261475658379331,0.910284859375849,annealing,0.27848325961159553,501018.SH,161226.SZ
rolling_simulated_annealing,2021,2022,20,159865.SZ|159920.SZ|159980.SZ|159981.SZ|159985.SZ|164824.SZ|501018.SH|510880.SH|512100.SH|513030.SH|513100.SH|513180.SH|513500.SH,1.542683608298344,0.910284859375849,annealing,0.269574300846587,513880.SH,513030.SH
rolling_simulated_annealing,2021,2022,21,159920.SZ|159980.SZ|159981.SZ|159985.SZ|164824.SZ|501018.SH|510880.SH|512100.SH|513100.SH|513180.SH|513500.SH|513880.SH|515880.SH,1.488103252472781,0.910284859375849,annealing,0.26095034860723937,159865.SZ,515880.SH
rolling_simulated_annealing,2021,2022,22,159920.SZ|159980.SZ|159981.SZ|159985.SZ|160644.SZ|164824.SZ|501018.SH|510880.SH|512100.SH|513180.SH|513500.SH|513880.SH|515880.SH,1.5077115213307315,0.910284859375849,annealing,0.25260228524896455,513100.SH,160644.SZ
rolling_simulated_annealing,2021,2022,23,159920.SZ|159981.SZ|159985.SZ|160644.SZ|161226.SZ|164824.SZ|501018.SH|510880.SH|512100.SH|513180.SH|513500.SH|513880.SH|515880.SH,1.4689002739049275,0.910284859375849,annealing,0.24452128480976887,159980.SZ,161226.SZ
rolling_simulated_annealing,2021,2022,24,159920.SZ|159981.SZ|159985.SZ|160644.SZ|161226.SZ|164824.SZ|510880.SH|512100.SH|513180.SH|513500.SH|513880.SH|515880.SH|518880.SH,0.04733541912872676,0.910284859375849,annealing,0.23669880367903437,501018.SH,518880.SH
rolling_simulated_annealing,2021,2022,25,159920.SZ|159981.SZ|159985.SZ|160644.SZ|161226.SZ|164824.SZ|501018.SH|510880.SH|512100.SH|513080.SH|513180.SH|513880.SH|515880.SH,1.0462326528014438,0.910284859375849,annealing,0.22912657156481517,513500.SH,513080.SH
rolling_simulated_annealing,2021,2022,26,159920.SZ|159928.SZ|159981.SZ|159985.SZ|160644.SZ|161226.SZ|164824.SZ|501018.SH|510880.SH|513180.SH|513500.SH|513880.SH|515880.SH,0.7222580827377584,0.910284859375849,annealing,0.22179658275009892,512100.SH,159928.SZ
rolling_simulated_annealing,2021,2022,27,159920.SZ|159981.SZ|159985.SZ|160644.SZ|161226.SZ|164824.SZ|501018.SH|510880.SH|512890.SH|513180.SH|513500.SH|513880.SH|515880.SH,1.272133235802767,0.910284859375849,annealing,0.21470108762878945,512100.SH,512890.SH
rolling_simulated_annealing,2021,2022,28,159920.SZ|159980.SZ|159981.SZ|160644.SZ|161226.SZ|164824.SZ|501018.SH|510880.SH|512100.SH|513180.SH|513500.SH|513880.SH|515880.SH,1.145889321764637,0.910284859375849,annealing,0.20783258451246167,159985.SZ,159980.SZ
rolling_simulated_annealing,2021,2022,29,159920.SZ|159981.SZ|159985.SZ|160644.SZ|161226.SZ|164824.SZ|501018.SH|512100.SH|512890.SH|513180.SH|513500.SH|513880.SH|515880.SH,1.5519414536855853,0.910284859375849,annealing,0.20118381169922656,510880.SH,512890.SH
rolling_simulated_annealing,2021,2022,30,159920.SZ|159980.SZ|159981.SZ|159985.SZ|160644.SZ|161226.SZ|164824.SZ|512100.SH|512890.SH|513180.SH|513500.SH|513880.SH|515880.SH,1.3087536065001588,0.910284859375849,annealing,0.19474773979632132,501018.SH,159980.SZ
rolling_simulated_annealing,2021,2022,31,159920.SZ|159981.SZ|159985.SZ|160644.SZ|161226.SZ|164824.SZ|501018.SH|512100.SH|512890.SH|513080.SH|513180.SH|513500.SH|515880.SH,1.5934273850408889,0.910284859375849,annealing,0.18851756428830743,513880.SH,513080.SH
rolling_simulated_annealing,2021,2022,32,159920.SZ|159981.SZ|160644.SZ|161226.SZ|164824.SZ|501018.SH|512100.SH|512890.SH|513080.SH|513180.SH|513500.SH|515880.SH|518880.SH,0.8392510249353169,0.910284859375849,annealing,0.1824866983430194,159985.SZ,518880.SH
rolling_simulated_annealing,2021,2022,33,159920.SZ|159981.SZ|159985.SZ|160644.SZ|161226.SZ|164824.SZ|512100.SH|512890.SH|513080.SH|513180.SH|513500.SH|515880.SH|518880.SH,0.39579033368929856,0.910284859375849,annealing,0.17664876584765868,501018.SH,518880.SH
rolling_simulated_annealing,2021,2022,34,159920.SZ|159981.SZ|159985.SZ|160644.SZ|161226.SZ|501018.SH|512100.SH|512890.SH|513080.SH|513180.SH|513500.SH|513880.SH|515880.SH,1.4682500666887,0.910284859375849,annealing,0.1709975946676697,164824.SZ,513880.SH
rolling_simulated_annealing,2021,2022,35,159901.SZ|159920.SZ|159981.SZ|159985.SZ|160644.SZ|161226.SZ|501018.SH|512890.SH|513080.SH|513180.SH|513500.SH|513880.SH|515880.SH,1.0309270956678562,0.910284859375849,annealing,0.16552721012127136,512100.SH,159901.SZ
rolling_simulated_annealing,2021,2022,36,159920.SZ|159981.SZ|159985.SZ|160644.SZ|161226.SZ|501018.SH|512890.SH|513080.SH|513180.SH|513500.SH|513880.SH|515880.SH|516150.SH,1.4150304997396372,0.910284859375849,annealing,0.16023182866274469,512100.SH,516150.SH
rolling_simulated_annealing,2021,2022,37,159852.SZ|159920.SZ|159981.SZ|159985.SZ|160644.SZ|161226.SZ|501018.SH|512890.SH|513080.SH|513180.SH|513500.SH|513880.SH|516150.SH,0.9969264941387983,0.910284859375849,annealing,0.15510585176779862,515880.SH,159852.SZ
rolling_simulated_annealing,2021,2022,38,159920.SZ|159981.SZ|159985.SZ|161226.SZ|501018.SH|512890.SH|513080.SH|513100.SH|513180.SH|513500.SH|513880.SH|515880.SH|516150.SH,1.1866209376570631,0.910284859375849,annealing,0.15014386001454888,160644.SZ,513100.SH
rolling_simulated_annealing,2021,2022,39,159920.SZ|159981.SZ|159985.SZ|160644.SZ|161226.SZ|164824.SZ|501018.SH|512890.SH|513080.SH|513180.SH|513880.SH|515880.SH|516150.SH,0.9845978497436825,0.910284859375849,annealing,0.1453406073538524,513500.SH,164824.SZ
rolling_simulated_annealing,2021,2022,40,159920.SZ|159980.SZ|159981.SZ|159985.SZ|160644.SZ|161226.SZ|512890.SH|513080.SH|513180.SH|513500.SH|513880.SH|515880.SH|516150.SH,0.9944461023873924,0.910284859375849,annealing,0.1406910155629394,501018.SH,159980.SZ
rolling_simulated_annealing,2021,2022,41,159920.SZ|159981.SZ|159985.SZ|160644.SZ|501018.SH|512890.SH|513080.SH|513180.SH|513500.SH|513880.SH|515880.SH|516150.SH|518880.SH,1.042559047234146,0.910284859375849,annealing,0.1361901688764795,161226.SZ,518880.SH
rolling_simulated_annealing,2021,2022,42,159920.SZ|159980.SZ|159985.SZ|160644.SZ|161226.SZ|501018.SH|512890.SH|513080.SH|513180.SH|513500.SH|513880.SH|515880.SH|516150.SH,1.486430157142879,0.910284859375849,annealing,0.13183330878940522,159981.SZ,159980.SZ
rolling_simulated_annealing,2021,2022,43,159920.SZ|159980.SZ|159985.SZ|160644.SZ|161226.SZ|501018.SH|512890.SH|513030.SH|513080.SH|513180.SH|513500.SH|515880.SH|516150.SH,1.2300684142584541,0.910284859375849,annealing,0.1276158290259985,513880.SH,513030.SH
rolling_simulated_annealing,2021,2022,44,159920.SZ|159980.SZ|159985.SZ|160644.SZ|161226.SZ|512890.SH|513080.SH|513180.SH|513500.SH|513880.SH|515880.SH|516150.SH|518880.SH,-0.6443244552430172,0.910284859375849,annealing,0.12353327066992105,501018.SH,518880.SH
rolling_simulated_annealing,2021,2022,45,159920.SZ|159980.SZ|159985.SZ|160644.SZ|161226.SZ|501018.SH|510180.SH|512890.SH|513080.SH|513180.SH|513500.SH|513880.SH|516150.SH,0.5709274455484985,0.910284859375849,annealing,0.1195813174500402,515880.SH,510180.SH
rolling_simulated_annealing,2021,2022,46,159920.SZ|159980.SZ|159985.SZ|161226.SZ|501018.SH|512890.SH|513080.SH|513100.SH|513180.SH|513500.SH|513880.SH|515880.SH|516150.SH,1.0248190266394035,0.910284859375849,annealing,0.11575579117706547,160644.SZ,513100.SH
rolling_simulated_annealing,2021,2022,47,159920.SZ|159980.SZ|159985.SZ|160644.SZ|161226.SZ|501018.SH|512660.SH|513080.SH|513180.SH|513500.SH|513880.SH|515880.SH|516150.SH,0.8119591586690952,0.910284859375849,annealing,0.11205264732617212,512890.SH,512660.SH
rolling_simulated_annealing,2021,2022,48,159920.SZ|159980.SZ|159985.SZ|161226.SZ|164824.SZ|501018.SH|512890.SH|513080.SH|513180.SH|513500.SH|513880.SH|515880.SH|516150.SH,1.0202857620713828,0.910284859375849,annealing,0.10846797076094081,160644.SZ,164824.SZ
rolling_simulated_annealing,2021,2022,49,159920.SZ|159980.SZ|159985.SZ|160644.SZ|161226.SZ|164824.SZ|501018.SH|512890.SH|513080.SH|513180.SH|513500.SH|515880.SH|516150.SH,1.325305870381702,0.910284859375849,annealing,0.10499797159409273,513880.SH,164824.SZ
rolling_simulated_annealing,2021,2022,50,159920.SZ|159980.SZ|159985.SZ|160644.SZ|161226.SZ|164824.SZ|501018.SH|512890.SH|513180.SH|513500.SH|513880.SH|515880.SH|516150.SH,1.1902596307719657,0.910284859375849,annealing,0.10163898118064398,513080.SH,513880.SH
rolling_simulated_annealing,2021,2022,51,159920.SZ|159980.SZ|159985.SZ|160644.SZ|161226.SZ|164824.SZ|501018.SH|512800.SH|512890.SH|513180.SH|513500.SH|513880.SH|515880.SH,1.2297187400741183,0.910284859375849,annealing,0.09838744823924296,516150.SH,512800.SH
rolling_simulated_annealing,2021,2022,52,159920.SZ|159980.SZ|159985.SZ|160644.SZ|161226.SZ|501018.SH|512800.SH|512890.SH|513080.SH|513180.SH|513500.SH|513880.SH|515880.SH,1.3365848685802517,0.910284859375849,annealing,0.09523993509759009,164824.SZ,513080.SH
rolling_simulated_annealing,2021,2022,53,159920.SZ|159980.SZ|159985.SZ|160644.SZ|161226.SZ|512800.SH|512890.SH|513080.SH|513180.SH|513500.SH|513880.SH|515880.SH|518880.SH,-0.7471758811401431,0.910284859375849,annealing,0.09219311405797025,501018.SH,518880.SH
rolling_simulated_annealing,2021,2022,54,159920.SZ|159980.SZ|159985.SZ|160644.SZ|161226.SZ|501018.SH|512800.SH|512890.SH|513080.SH|513180.SH|513500.SH|513880.SH|515220.SH,0.7047107061200529,0.910284859375849,annealing,0.08924376387905565,515880.SH,515220.SH
rolling_simulated_annealing,2021,2022,55,159920.SZ|159980.SZ|159985.SZ|160644.SZ|161226.SZ|501018.SH|512400.SH|512800.SH|513080.SH|513180.SH|513500.SH|513880.SH|515880.SH,0.7978726911729208,0.910284859375849,annealing,0.08638876637025905,512890.SH,512400.SH
rolling_simulated_annealing,2021,2022,56,159920.SZ|159980.SZ|159985.SZ|160644.SZ|161226.SZ|164824.SZ|501018.SH|512800.SH|512890.SH|513080.SH|513180.SH|513880.SH|515880.SH,0.6057244021100527,0.910284859375849,annealing,0.08362510309503735,513500.SH,164824.SZ
rolling_simulated_annealing,2021,2022,57,159915.SZ|159920.SZ|159980.SZ|159985.SZ|160644.SZ|161226.SZ|501018.SH|512890.SH|513080.SH|513180.SH|513500.SH|513880.SH|515880.SH,1.21137369833534,0.910284859375849,annealing,0.08094985217965969,512800.SH,159915.SZ
rolling_simulated_annealing,2021,2022,58,159920.SZ|159980.SZ|159981.SZ|159985.SZ|160644.SZ|161226.SZ|512800.SH|512890.SH|513080.SH|513180.SH|513500.SH|513880.SH|515880.SH,0.9048408132277961,0.910284859375849,annealing,0.07836018522406615,501018.SH,159981.SZ
rolling_simulated_annealing,2021,2022,59,159920.SZ|159980.SZ|159985.SZ|160644.SZ|161226.SZ|501018.SH|512800.SH|512890.SH|513030.SH|513080.SH|513180.SH|513500.SH|515880.SH,0.9724646116504156,0.910284859375849,annealing,0.07585336431155136,513880.SH,513030.SH
rolling_simulated_annealing,2021,2022,60,159865.SZ|159920.SZ|159980.SZ|159985.SZ|160644.SZ|161226.SZ|501018.SH|512800.SH|513080.SH|513180.SH|513500.SH|513880.SH|515880.SH,0.9612366096010035,0.910284859375849,annealing,0.07342673911411116,512890.SH,159865.SZ
rolling_simulated_annealing,2021,2022,61,159920.SZ|159980.SZ|159985.SZ|160644.SZ|161226.SZ|501018.SH|512800.SH|512890.SH|513100.SH|513180.SH|513500.SH|513880.SH|515880.SH,1.063078185030694,0.910284859375849,annealing,0.07107774409039225,513080.SH,513100.SH
rolling_simulated_annealing,2021,2022,62,159920.SZ|159980.SZ|160644.SZ|161226.SZ|501018.SH|512800.SH|512890.SH|513080.SH|513180.SH|513500.SH|513880.SH|515880.SH|518880.SH,0.2474423977902145,0.910284859375849,annealing,0.06880389577328226,159985.SZ,518880.SH
rolling_simulated_annealing,2021,2022,63,159920.SZ|159980.SZ|159985.SZ|160644.SZ|161226.SZ|501018.SH|512100.SH|512800.SH|513080.SH|513180.SH|513500.SH|513880.SH|515880.SH,0.8101723563302722,0.910284859375849,annealing,0.06660279014427231,512890.SH,512100.SH
rolling_simulated_annealing,2021,2022,64,159920.SZ|159980.SZ|159985.SZ|160644.SZ|161226.SZ|501018.SH|512170.SH|512890.SH|513080.SH|513180.SH|513500.SH|513880.SH|515880.SH,1.4219715322196844,0.910284859375849,annealing,0.06447210009181673,512800.SH,512170.SH
rolling_simulated_annealing,2021,2022,65,159920.SZ|159981.SZ|159985.SZ|160644.SZ|161226.SZ|501018.SH|512170.SH|512890.SH|513080.SH|513180.SH|513500.SH|513880.SH|515880.SH,1.629788704722709,0.910284859375849,annealing,0.06240957295100188,159980.SZ,159981.SZ
rolling_simulated_annealing,2021,2022,66,159920.SZ|159981.SZ|159985.SZ|160644.SZ|501018.SH|512170.SH|512890.SH|513080.SH|513180.SH|513500.SH|513880.SH|515880.SH|518880.SH,0.9757450639396421,0.910284859375849,annealing,0.06041302812192407,161226.SZ,518880.SH
rolling_simulated_annealing,2021,2022,67,159920.SZ|159981.SZ|159985.SZ|161226.SZ|164824.SZ|501018.SH|512170.SH|512890.SH|513080.SH|513180.SH|513500.SH|513880.SH|515880.SH,1.4242060919393649,0.910284859375849,annealing,0.05848035476425733,160644.SZ,164824.SZ
rolling_simulated_annealing,2021,2022,68,159920.SZ|159981.SZ|159985.SZ|160644.SZ|161226.SZ|164824.SZ|501018.SH|512170.SH|512890.SH|513180.SH|513500.SH|513880.SH|515880.SH,1.744883193730756,0.910284859375849,annealing,0.0566095095655747,513080.SH,164824.SZ
rolling_simulated_annealing,2021,2022,69,159920.SZ|159980.SZ|159985.SZ|160644.SZ|161226.SZ|164824.SZ|501018.SH|512170.SH|512890.SH|513180.SH|513500.SH|513880.SH|515880.SH,1.1280280223399157,0.910284859375849,annealing,0.05479851458106304,159981.SZ,159980.SZ
rolling_simulated_annealing,2021,2022,70,159920.SZ|159981.SZ|159985.SZ|161226.SZ|164824.SZ|501018.SH|512170.SH|512890.SH|513100.SH|513180.SH|513500.SH|513880.SH|515880.SH,1.3640826219052968,0.910284859375849,annealing,0.05304545514234737,160644.SZ,513100.SH
rolling_simulated_annealing,2021,2022,71,159870.SZ|159920.SZ|159981.SZ|159985.SZ|160644.SZ|161226.SZ|164824.SZ|501018.SH|512890.SH|513180.SH|513500.SH|513880.SH|515880.SH,0.9280095738845158,0.910284859375849,annealing,0.05134847783321434,512170.SH,159870.SZ
rolling_simulated_annealing,2021,2022,72,159920.SZ|159981.SZ|159985.SZ|160644.SZ|161226.SZ|164824.SZ|501018.SH|512170.SH|512890.SH|513100.SH|513180.SH|513880.SH|515880.SH,1.7141143777883545,0.910284859375849,annealing,0.049705788530093976,513500.SH,513100.SH
rolling_simulated_annealing,2021,2022,73,159920.SZ|159981.SZ|159985.SZ|160644.SZ|161226.SZ|164824.SZ|501018.SH|512170.SH|512200.SH|513180.SH|513500.SH|513880.SH|515880.SH,1.3433653316803043,0.910284859375849,annealing,0.04811565050522864,512890.SH,512200.SH
rolling_simulated_annealing,2021,2022,74,159920.SZ|159981.SZ|159985.SZ|160644.SZ|161226.SZ|164824.SZ|501018.SH|510500.SH|512890.SH|513180.SH|513500.SH|513880.SH|515880.SH,1.3498162851275433,0.910284859375849,annealing,0.046576382590523456,512170.SH,510500.SH
rolling_simulated_annealing,2021,2022,75,159920.SZ|159985.SZ|160644.SZ|161226.SZ|164824.SZ|501018.SH|512170.SH|512890.SH|513180.SH|513500.SH|513880.SH|515880.SH|518880.SH,0.4065057545213193,0.910284859375849,annealing,0.045086357400136896,159981.SZ,518880.SH
rolling_simulated_annealing,2021,2022,76,159920.SZ|159981.SZ|159985.SZ|160644.SZ|161226.SZ|164824.SZ|501018.SH|510180.SH|512890.SH|513180.SH|513500.SH|513880.SH|515880.SH,1.2226012685089884,0.910284859375849,annealing,0.043643999609932656,512170.SH,510180.SH
rolling_simulated_annealing,2021,2022,77,159920.SZ|159981.SZ|159985.SZ|160644.SZ|161226.SZ|164824.SZ|512170.SH|512890.SH|513180.SH|513500.SH|513880.SH|515880.SH|518880.SH,0.4536967330683857,0.910284859375849,annealing,0.04224778429197339,501018.SH,518880.SH
rolling_simulated_annealing,2021,2022,78,159870.SZ|159920.SZ|159981.SZ|159985.SZ|160644.SZ|161226.SZ|164824.SZ|501018.SH|512170.SH|512890.SH|513180.SH|513500.SH|513880.SH,1.07250924780889,0.910284859375849,annealing,0.04089623530229582,515880.SH,159870.SZ
rolling_simulated_annealing,2021,2022,79,159920.SZ|159981.SZ|160644.SZ|161226.SZ|164824.SZ|501018.SH|512170.SH|512890.SH|513180.SH|513500.SH|513880.SH|515880.SH|518880.SH,0.490295729840081,0.910284859375849,annealing,0.03958792372026251,159985.SZ,518880.SH
rolling_simulated_annealing,2021,2022,80,159825.SZ|159920.SZ|159981.SZ|159985.SZ|160644.SZ|161226.SZ|164824.SZ|501018.SH|512170.SH|512890.SH|513180.SH|513500.SH|513880.SH,1.0256436570222198,0.910284859375849,annealing,0.03832146633784024,515880.SH,159825.SZ
rolling_simulated_annealing,2021,2022,81,159920.SZ|159949.SZ|159981.SZ|159985.SZ|160644.SZ|161226.SZ|164824.SZ|501018.SH|512170.SH|513180.SH|513500.SH|513880.SH|515880.SH,0.956114210898846,0.910284859375849,annealing,0.03709552419720801,512890.SH,159949.SZ
rolling_simulated_annealing,2021,2022,82,159920.SZ|159981.SZ|159985.SZ|160644.SZ|164824.SZ|501018.SH|512170.SH|512890.SH|513180.SH|513500.SH|513880.SH|515880.SH|518880.SH,1.1523957412511732,0.910284859375849,annealing,0.03590880117514833,161226.SZ,518880.SH
rolling_simulated_annealing,2021,2022,83,159920.SZ|159980.SZ|159981.SZ|159985.SZ|160644.SZ|164824.SZ|501018.SH|512170.SH|512890.SH|513180.SH|513500.SH|513880.SH|515880.SH,1.7752106505567613,0.910284859375849,annealing,0.03476004261272534,161226.SZ,159980.SZ
rolling_simulated_annealing,2021,2022,84,159920.SZ|159980.SZ|159981.SZ|159985.SZ|160644.SZ|164824.SZ|501018.SH|512170.SH|512660.SH|513180.SH|513500.SH|513880.SH|515880.SH,1.4589851132068188,0.910284859375849,annealing,0.033648033988800806,512890.SH,512660.SH
rolling_simulated_annealing,2021,2022,85,159920.SZ|159980.SZ|159981.SZ|159985.SZ|160644.SZ|164824.SZ|501018.SH|512170.SH|512980.SH|513180.SH|513500.SH|513880.SH|515880.SH,1.8105485360810931,0.910284859375849,annealing,0.03257159963598576,512890.SH,512980.SH
rolling_simulated_annealing,2021,2022,86,159920.SZ|159980.SZ|159981.SZ|159985.SZ|164824.SZ|501018.SH|512170.SH|512980.SH|513030.SH|513180.SH|513500.SH|513880.SH|515880.SH,1.4585363556403832,0.910284859375849,annealing,0.03152960149767008,160644.SZ,513030.SH
rolling_simulated_annealing,2021,2022,87,159920.SZ|159980.SZ|159981.SZ|159985.SZ|160644.SZ|164824.SZ|501018.SH|510050.SH|512170.SH|512980.SH|513180.SH|513500.SH|513880.SH,1.1968515772221096,0.910284859375849,annealing,0.030520937924815954,515880.SH,510050.SH
rolling_simulated_annealing,2021,2022,88,159920.SZ|159980.SZ|159981.SZ|159985.SZ|160644.SZ|164824.SZ|501018.SH|512170.SH|512980.SH|513030.SH|513180.SH|513880.SH|515880.SH,1.7261194140427525,0.910284859375849,annealing,0.02954454251124314,513500.SH,513030.SH
rolling_simulated_annealing,2021,2022,89,159920.SZ|159980.SZ|159981.SZ|159985.SZ|160644.SZ|164824.SZ|501018.SH|510500.SH|512170.SH|512980.SH|513030.SH|513180.SH|513880.SH,1.0865835922393918,0.910284859375849,annealing,0.02859938296617458,515880.SH,510500.SH
rolling_simulated_annealing,2021,2022,90,159920.SZ|159980.SZ|159981.SZ|159985.SZ|160644.SZ|164824.SZ|501018.SH|512170.SH|512980.SH|513100.SH|513180.SH|513880.SH|515880.SH,1.9005358030922563,0.910284859375849,annealing,0.02768446002285045,513030.SH,513100.SH
rolling_simulated_annealing,2021,2022,91,159920.SZ|159980.SZ|159981.SZ|159985.SZ|164824.SZ|501018.SH|512170.SH|512980.SH|513030.SH|513100.SH|513180.SH|513880.SH|515880.SH,1.5344062849376412,0.910284859375849,annealing,0.026798806382056773,160644.SZ,513030.SH
rolling_simulated_annealing,2021,2022,92,159920.SZ|159980.SZ|159981.SZ|159985.SZ|160644.SZ|164824.SZ|501018.SH|512170.SH|512980.SH|513100.SH|513180.SH|513500.SH|515880.SH,1.3678111619979278,0.910284859375849,annealing,0.02594148568945148,513880.SH,513500.SH
rolling_simulated_annealing,2021,2022,93,159920.SZ|159980.SZ|159981.SZ|159985.SZ|164824.SZ|501018.SH|512170.SH|512980.SH|513100.SH|513180.SH|513500.SH|513880.SH|515880.SH,1.2867321385141917,0.910284859375849,annealing,0.025111591545607014,160644.SZ,513500.SH
rolling_simulated_annealing,2021,2022,94,159920.SZ|159980.SZ|159981.SZ|159985.SZ|160644.SZ|164824.SZ|501018.SH|512890.SH|512980.SH|513100.SH|513180.SH|513880.SH|515880.SH,1.4794508956604986,0.910284859375849,annealing,0.024308246547722494,512170.SH,512890.SH
rolling_simulated_annealing,2021,2022,95,159920.SZ|159981.SZ|159985.SZ|160644.SZ|164824.SZ|501018.SH|512170.SH|512980.SH|513100.SH|513180.SH|513880.SH|515880.SH|518880.SH,0.8839436324569928,0.910284859375849,annealing,0.02353060136199262,159980.SZ,518880.SH
rolling_simulated_annealing,2021,2022,96,159920.SZ|159980.SZ|159981.SZ|160644.SZ|164824.SZ|501018.SH|512170.SH|512980.SH|513100.SH|513180.SH|513880.SH|515880.SH|518880.SH,0.8563356887117299,0.910284859375849,annealing,0.022777833825652294,159985.SZ,518880.SH
rolling_simulated_annealing,2021,2022,97,159825.SZ|159920.SZ|159980.SZ|159981.SZ|159985.SZ|160644.SZ|164824.SZ|501018.SH|512170.SH|512980.SH|513100.SH|513180.SH|513880.SH,1.6099316317427603,0.910284859375849,annealing,0.02204914807774781,515880.SH,159825.SZ
rolling_simulated_annealing,2021,2022,98,159920.SZ|159981.SZ|159985.SZ|160644.SZ|161226.SZ|164824.SZ|501018.SH|512170.SH|512980.SH|513100.SH|513180.SH|513880.SH|515880.SH,1.6739057007855462,0.910284859375849,annealing,0.021343773717715567,159980.SZ,161226.SZ
rolling_simulated_annealing,2021,2022,99,159915.SZ|159920.SZ|159980.SZ|159981.SZ|159985.SZ|160644.SZ|164824.SZ|501018.SH|512170.SH|513100.SH|513180.SH|513880.SH|515880.SH,1.488001646573667,0.910284859375849,annealing,0.020660964990878602,512980.SH,159915.SZ
rolling_simulated_annealing,2021,2022,100,159920.SZ|159980.SZ|159981.SZ|159985.SZ|160644.SZ|164824.SZ|501018.SH|512170.SH|513100.SH|513180.SH|513880.SH|515790.SH|515880.SH,1.6331624490583239,0.910284859375849,annealing,0.02,512980.SH,515790.SH
rolling_simulated_annealing,2022,2023,1,159920.SZ|159981.SZ|160644.SZ|161226.SZ|164824.SZ|501018.SH|512040.SH|512800.SH|513070.SH|513080.SH|513500.SH|515790.SH|518880.SH,-0.27469084743388633,0.9184217642745492,initial,,,
rolling_simulated_annealing,2022,2023,2,159920.SZ|159981.SZ|159985.SZ|160644.SZ|161226.SZ|164824.SZ|501018.SH|512040.SH|512800.SH|513070.SH|513080.SH|513500.SH|515790.SH,0.04536602424875427,0.9184217642745492,annealing,0.4840044985514857,518880.SH,159985.SZ
rolling_simulated_annealing,2022,2023,3,159920.SZ|159981.SZ|159985.SZ|160644.SZ|161226.SZ|164824.SZ|501018.SH|512040.SH|512800.SH|513030.SH|513070.SH|513500.SH|515790.SH,0.032627116608102046,0.9184217642745492,annealing,0.4685207092361502,513080.SH,513030.SH
rolling_simulated_annealing,2022,2023,4,159920.SZ|159980.SZ|159985.SZ|160644.SZ|161226.SZ|164824.SZ|501018.SH|512040.SH|512800.SH|513070.SH|513080.SH|513500.SH|515790.SH,-0.009564383754584007,0.9184217642745492,annealing,0.4535322618696586,159981.SZ,159980.SZ
rolling_simulated_annealing,2022,2023,5,159825.SZ|159920.SZ|159981.SZ|159985.SZ|160644.SZ|161226.SZ|164824.SZ|501018.SH|512800.SH|513070.SH|513080.SH|513500.SH|515790.SH,-0.0012177784035046204,0.9184217642745492,annealing,0.4390233099662904,512040.SH,159825.SZ
rolling_simulated_annealing,2022,2023,6,159825.SZ|159920.SZ|159981.SZ|159985.SZ|160644.SZ|161226.SZ|164824.SZ|501018.SH|512800.SH|513070.SH|513080.SH|513100.SH|515790.SH,0.1552676805776457,0.9184217642745492,annealing,0.42497851398529574,513500.SH,513100.SH
rolling_simulated_annealing,2022,2023,7,159920.SZ|159928.SZ|159981.SZ|159985.SZ|160644.SZ|161226.SZ|164824.SZ|501018.SH|512800.SH|513070.SH|513080.SH|513100.SH|515790.SH,0.3672611963587749,0.9184217642745492,annealing,0.41138302511321717,159825.SZ,159928.SZ
rolling_simulated_annealing,2022,2023,8,159869.SZ|159920.SZ|159928.SZ|159981.SZ|159985.SZ|160644.SZ|161226.SZ|164824.SZ|501018.SH|513070.SH|513080.SH|513100.SH|515790.SH,0.104568379651771,0.9184217642745492,annealing,0.3982224695650319,512800.SH,159869.SZ
rolling_simulated_annealing,2022,2023,9,159869.SZ|159920.SZ|159928.SZ|159981.SZ|159985.SZ|160644.SZ|161226.SZ|164824.SZ|501018.SH|513070.SH|513080.SH|513100.SH|515880.SH,-0.3179862455474899,0.9184217642745492,annealing,0.385482933387515,515790.SH,515880.SH
rolling_simulated_annealing,2022,2023,10,159869.SZ|159920.SZ|159981.SZ|159985.SZ|160644.SZ|161226.SZ|164824.SZ|501018.SH|512200.SH|513070.SH|513080.SH|513100.SH|515790.SH,-0.18277658132415645,0.9184217642745492,annealing,0.37315094774875995,159928.SZ,512200.SH
rolling_simulated_annealing,2022,2023,11,159869.SZ|159920.SZ|159928.SZ|159981.SZ|159985.SZ|160644.SZ|161226.SZ|164824.SZ|501018.SH|513030.SH|513070.SH|513100.SH|515790.SH,0.05257695073595529,0.9184217642745492,annealing,0.3612134746983004,513080.SH,513030.SH
rolling_simulated_annealing,2022,2023,12,159869.SZ|159920.SZ|159928.SZ|159981.SZ|159985.SZ|160644.SZ|161226.SZ|164824.SZ|501018.SH|513030.SH|513070.SH|513500.SH|515790.SH,-0.018649220701797604,0.9184217642745492,annealing,0.34965789338278125,513100.SH,513500.SH
rolling_simulated_annealing,2022,2023,13,159869.SZ|159920.SZ|159928.SZ|159981.SZ|159985.SZ|161226.SZ|164824.SZ|501018.SH|513030.SH|513070.SH|513500.SH|513880.SH|515790.SH,-0.04892018905844576,0.9184217642745492,annealing,0.33847198670260376,160644.SZ,513880.SH
rolling_simulated_annealing,2022,2023,14,159869.SZ|159920.SZ|159981.SZ|159985.SZ|161226.SZ|164824.SZ|501018.SH|512170.SH|513030.SH|513070.SH|513500.SH|513880.SH|515790.SH,-0.13151703276074264,0.9184217642745492,annealing,0.3276439283954377,159928.SZ,512170.SH
rolling_simulated_annealing,2022,2023,15,159869.SZ|159920.SZ|159928.SZ|159981.SZ|159985.SZ|160644.SZ|161226.SZ|164824.SZ|501018.SH|513070.SH|513500.SH|513880.SH|515790.SH,-0.059430136026705375,0.9184217642745492,annealing,0.31716227053294543,513030.SH,160644.SZ
rolling_simulated_annealing,2022,2023,16,159869.SZ|159920.SZ|159928.SZ|159981.SZ|159985.SZ|160644.SZ|161226.SZ|501018.SH|513030.SH|513070.SH|513500.SH|513880.SH|515790.SH,-0.6050192293316898,0.9184217642745492,annealing,0.3070159314174978,164824.SZ,513030.SH
rolling_simulated_annealing,2022,2023,17,159869.SZ|159920.SZ|159928.SZ|159981.SZ|160644.SZ|161226.SZ|164824.SZ|501018.SH|513070.SH|513500.SH|513880.SH|515790.SH|518880.SH,-0.061698897948475065,0.9184217642745492,annealing,0.2971941838660867,159985.SZ,518880.SH
rolling_simulated_annealing,2022,2023,18,159869.SZ|159920.SZ|159928.SZ|159981.SZ|160644.SZ|161226.SZ|164824.SZ|501018.SH|513070.SH|513080.SH|513500.SH|515790.SH|518880.SH,-0.278501450811182,0.9184217642745492,annealing,0.28768664386904663,513880.SH,513080.SH
rolling_simulated_annealing,2022,2023,19,159869.SZ|159920.SZ|159928.SZ|159981.SZ|160644.SZ|161226.SZ|164824.SZ|501018.SH|510300.SH|513070.SH|513500.SH|513880.SH|518880.SH,-0.19222231774005327,0.9184217642745492,annealing,0.27848325961159553,515790.SH,510300.SH
rolling_simulated_annealing,2022,2023,20,159869.SZ|159920.SZ|159928.SZ|159981.SZ|160644.SZ|161226.SZ|164824.SZ|501018.SH|512880.SH|513070.SH|513500.SH|513880.SH|518880.SH,-0.11948282562873694,0.9184217642745492,annealing,0.269574300846587,515790.SH,512880.SH
rolling_simulated_annealing,2022,2023,21,159869.SZ|159920.SZ|159928.SZ|159981.SZ|160644.SZ|161226.SZ|164824.SZ|501018.SH|512880.SH|513070.SH|513080.SH|513880.SH|518880.SH,-0.6147151387690024,0.9184217642745492,annealing,0.26095034860723937,513500.SH,513080.SH
rolling_simulated_annealing,2022,2023,22,159869.SZ|159920.SZ|159928.SZ|159981.SZ|159985.SZ|160644.SZ|164824.SZ|501018.SH|512880.SH|513070.SH|513500.SH|513880.SH|518880.SH,0.09995080631656113,0.9184217642745492,annealing,0.25260228524896455,161226.SZ,159985.SZ
rolling_simulated_annealing,2022,2023,23,159851.SZ|159869.SZ|159920.SZ|159981.SZ|159985.SZ|160644.SZ|164824.SZ|501018.SH|512880.SH|513070.SH|513500.SH|513880.SH|518880.SH,0.25713111665203153,0.9184217642745492,annealing,0.24452128480976887,159928.SZ,159851.SZ
rolling_simulated_annealing,2022,2023,24,159851.SZ|159869.SZ|159920.SZ|159980.SZ|159981.SZ|159985.SZ|160644.SZ|164824.SZ|501018.SH|512880.SH|513070.SH|513500.SH|513880.SH,0.3547556730398726,0.9184217642745492,annealing,0.23669880367903437,518880.SH,159980.SZ
rolling_simulated_annealing,2022,2023,25,159851.SZ|159869.SZ|159920.SZ|159980.SZ|159981.SZ|159985.SZ|160644.SZ|164824.SZ|501018.SH|512880.SH|513070.SH|513100.SH|513880.SH,0.3441415786193602,0.9184217642745492,annealing,0.22912657156481517,513500.SH,513100.SH
rolling_simulated_annealing,2022,2023,26,159851.SZ|159869.SZ|159920.SZ|159980.SZ|159985.SZ|160644.SZ|161226.SZ|164824.SZ|501018.SH|512880.SH|513070.SH|513100.SH|513880.SH,-0.014374484512217489,0.9184217642745492,annealing,0.22179658275009892,159981.SZ,161226.SZ
rolling_simulated_annealing,2022,2023,27,159851.SZ|159852.SZ|159920.SZ|159980.SZ|159981.SZ|159985.SZ|160644.SZ|164824.SZ|501018.SH|512880.SH|513070.SH|513100.SH|513880.SH,0.6224072401740284,0.9184217642745492,annealing,0.21470108762878945,159869.SZ,159852.SZ
rolling_simulated_annealing,2022,2023,28,159851.SZ|159852.SZ|159920.SZ|159980.SZ|159981.SZ|159985.SZ|164824.SZ|501018.SH|512880.SH|513030.SH|513070.SH|513100.SH|513880.SH,0.5851872892444425,0.9184217642745492,annealing,0.20783258451246167,160644.SZ,513030.SH
rolling_simulated_annealing,2022,2023,29,159852.SZ|159920.SZ|159949.SZ|159980.SZ|159981.SZ|159985.SZ|164824.SZ|501018.SH|512880.SH|513030.SH|513070.SH|513100.SH|513880.SH,0.46772125661367736,0.9184217642745492,annealing,0.20118381169922656,159851.SZ,159949.SZ
rolling_simulated_annealing,2022,2023,30,159852.SZ|159920.SZ|159949.SZ|159980.SZ|159981.SZ|159985.SZ|164824.SZ|501018.SH|513030.SH|513070.SH|513100.SH|513880.SH|562500.SH,0.8611868008977925,0.9184217642745492,annealing,0.19474773979632132,512880.SH,562500.SH
rolling_simulated_annealing,2022,2023,31,159852.SZ|159920.SZ|159949.SZ|159981.SZ|159985.SZ|164824.SZ|501018.SH|513030.SH|513070.SH|513100.SH|513880.SH|518880.SH|562500.SH,0.6315639469027985,0.9184217642745492,annealing,0.18851756428830743,159980.SZ,518880.SH
rolling_simulated_annealing,2022,2023,32,159852.SZ|159920.SZ|159949.SZ|159980.SZ|159981.SZ|159985.SZ|164824.SZ|501018.SH|512040.SH|513030.SH|513070.SH|513100.SH|513880.SH,0.2396637789913345,0.9184217642745492,annealing,0.1824866983430194,562500.SH,512040.SH
rolling_simulated_annealing,2022,2023,33,159852.SZ|159920.SZ|159949.SZ|159980.SZ|159985.SZ|164824.SZ|501018.SH|513030.SH|513070.SH|513100.SH|513880.SH|518880.SH|562500.SH,0.7345796325133032,0.9184217642745492,annealing,0.17664876584765868,159981.SZ,518880.SH
rolling_simulated_annealing,2022,2023,34,159852.SZ|159920.SZ|159949.SZ|159980.SZ|159981.SZ|161226.SZ|164824.SZ|501018.SH|513030.SH|513070.SH|513100.SH|513880.SH|562500.SH,0.4636520359161485,0.9184217642745492,annealing,0.1709975946676697,159985.SZ,161226.SZ
rolling_simulated_annealing,2022,2023,35,159852.SZ|159920.SZ|159949.SZ|159980.SZ|159981.SZ|159985.SZ|164824.SZ|501018.SH|513030.SH|513070.SH|513500.SH|513880.SH|562500.SH,0.7990168832999927,0.9184217642745492,annealing,0.16552721012127136,513100.SH,513500.SH
rolling_simulated_annealing,2022,2023,36,159852.SZ|159920.SZ|159949.SZ|159980.SZ|159981.SZ|159985.SZ|160644.SZ|501018.SH|513030.SH|513070.SH|513100.SH|513880.SH|562500.SH,0.5750990534145256,0.9184217642745492,annealing,0.16023182866274469,164824.SZ,160644.SZ
rolling_simulated_annealing,2022,2023,37,159920.SZ|159949.SZ|159980.SZ|159981.SZ|159985.SZ|164824.SZ|501018.SH|513030.SH|513070.SH|513100.SH|513880.SH|515880.SH|562500.SH,0.3193661281926313,0.9184217642745492,annealing,0.15510585176779862,159852.SZ,515880.SH
rolling_simulated_annealing,2022,2023,38,159852.SZ|159920.SZ|159949.SZ|159980.SZ|159981.SZ|159985.SZ|160644.SZ|164824.SZ|501018.SH|513030.SH|513070.SH|513100.SH|562500.SH,0.9597865930848191,0.9184217642745492,annealing,0.15014386001454888,513880.SH,160644.SZ
rolling_simulated_annealing,2022,2023,39,159852.SZ|159920.SZ|159949.SZ|159981.SZ|159985.SZ|160644.SZ|161226.SZ|164824.SZ|501018.SH|513030.SH|513070.SH|513100.SH|562500.SH,0.5100566044070729,0.9184217642745492,annealing,0.1453406073538524,159980.SZ,161226.SZ
rolling_simulated_annealing,2022,2023,40,159852.SZ|159920.SZ|159949.SZ|159980.SZ|159981.SZ|160644.SZ|164824.SZ|501018.SH|513030.SH|513070.SH|513100.SH|518880.SH|562500.SH,0.5774007445975676,0.9184217642745492,annealing,0.1406910155629394,159985.SZ,518880.SH
rolling_simulated_annealing,2022,2023,41,159766.SZ|159852.SZ|159920.SZ|159949.SZ|159980.SZ|159981.SZ|159985.SZ|160644.SZ|164824.SZ|501018.SH|513030.SH|513070.SH|513100.SH,0.7399479056071926,0.9184217642745492,annealing,0.1361901688764795,562500.SH,159766.SZ
rolling_simulated_annealing,2022,2023,42,159852.SZ|159865.SZ|159920.SZ|159980.SZ|159981.SZ|159985.SZ|160644.SZ|164824.SZ|501018.SH|513030.SH|513070.SH|513100.SH|562500.SH,0.567713398484455,0.9184217642745492,annealing,0.13183330878940522,159949.SZ,159865.SZ
rolling_simulated_annealing,2022,2023,43,159852.SZ|159920.SZ|159949.SZ|159980.SZ|159981.SZ|159985.SZ|160644.SZ|164824.SZ|501018.SH|513070.SH|513100.SH|513880.SH|562500.SH,1.0537586559572958,0.9184217642745492,annealing,0.1276158290259985,513030.SH,513880.SH
rolling_simulated_annealing,2022,2023,44,159920.SZ|159949.SZ|159980.SZ|159981.SZ|159985.SZ|160644.SZ|164824.SZ|501018.SH|512100.SH|513070.SH|513100.SH|513880.SH|562500.SH,0.6047952559247141,0.9184217642745492,annealing,0.12353327066992105,159852.SZ,512100.SH
rolling_simulated_annealing,2022,2023,45,159852.SZ|159920.SZ|159980.SZ|159981.SZ|159985.SZ|160644.SZ|164824.SZ|501018.SH|512880.SH|513070.SH|513100.SH|513880.SH|562500.SH,0.7272000758975602,0.9184217642745492,annealing,0.1195813174500402,159949.SZ,512880.SH
rolling_simulated_annealing,2022,2023,46,159852.SZ|159920.SZ|159949.SZ|159980.SZ|159981.SZ|160644.SZ|161226.SZ|164824.SZ|501018.SH|513070.SH|513100.SH|513880.SH|562500.SH,0.4716337832317968,0.9184217642745492,annealing,0.11575579117706547,159985.SZ,161226.SZ
rolling_simulated_annealing,2022,2023,47,159852.SZ|159920.SZ|159949.SZ|159980.SZ|159981.SZ|159985.SZ|164824.SZ|501018.SH|513070.SH|513080.SH|513100.SH|513880.SH|562500.SH,0.9061289635199911,0.9184217642745492,annealing,0.11205264732617212,160644.SZ,513080.SH
rolling_simulated_annealing,2022,2023,48,159852.SZ|159915.SZ|159920.SZ|159980.SZ|159981.SZ|159985.SZ|160644.SZ|164824.SZ|501018.SH|513070.SH|513100.SH|513880.SH|562500.SH,1.064818042495058,0.9184217642745492,annealing,0.10846797076094081,159949.SZ,159915.SZ
rolling_simulated_annealing,2022,2023,49,159915.SZ|159920.SZ|159980.SZ|159981.SZ|159985.SZ|160644.SZ|164824.SZ|501018.SH|512200.SH|513070.SH|513100.SH|513880.SH|562500.SH,0.8108390017333504,0.9184217642745492,annealing,0.10499797159409273,159852.SZ,512200.SH
rolling_simulated_annealing,2022,2023,50,159852.SZ|159920.SZ|159980.SZ|159981.SZ|159985.SZ|160644.SZ|164824.SZ|501018.SH|513070.SH|513100.SH|513880.SH|515220.SH|562500.SH,0.919441031413194,0.9184217642745492,annealing,0.10163898118064398,159915.SZ,515220.SH
rolling_simulated_annealing,2022,2023,51,159852.SZ|159920.SZ|159980.SZ|159985.SZ|160644.SZ|161226.SZ|164824.SZ|501018.SH|513070.SH|513100.SH|513880.SH|515220.SH|562500.SH,0.3221538805827047,0.9184217642745492,annealing,0.09838744823924296,159981.SZ,161226.SZ
rolling_simulated_annealing,2022,2023,52,159852.SZ|159869.SZ|159920.SZ|159980.SZ|159981.SZ|159985.SZ|160644.SZ|164824.SZ|501018.SH|513070.SH|513100.SH|513880.SH|562500.SH,0.7512204722822526,0.9184217642745492,annealing,0.09523993509759009,515220.SH,159869.SZ
rolling_simulated_annealing,2022,2023,53,159865.SZ|159920.SZ|159980.SZ|159981.SZ|159985.SZ|160644.SZ|164824.SZ|501018.SH|513070.SH|513100.SH|513880.SH|515220.SH|562500.SH,0.5547869808216964,0.9184217642745492,annealing,0.09219311405797025,159852.SZ,159865.SZ
rolling_simulated_annealing,2022,2023,54,159920.SZ|159980.SZ|159981.SZ|159985.SZ|160644.SZ|164824.SZ|501018.SH|512170.SH|513070.SH|513100.SH|513880.SH|515220.SH|562500.SH,0.9958580258819977,0.9184217642745492,annealing,0.08924376387905565,159852.SZ,512170.SH
rolling_simulated_annealing,2022,2023,55,159920.SZ|159981.SZ|159985.SZ|160644.SZ|161226.SZ|164824.SZ|501018.SH|512170.SH|513070.SH|513100.SH|513880.SH|515220.SH|562500.SH,0.48301560089490003,0.9184217642745492,annealing,0.08638876637025905,159980.SZ,161226.SZ
rolling_simulated_annealing,2022,2023,56,159920.SZ|159980.SZ|159981.SZ|160644.SZ|164824.SZ|501018.SH|512170.SH|513070.SH|513100.SH|513880.SH|515220.SH|518880.SH|562500.SH,0.32858551447112233,0.9184217642745492,annealing,0.08362510309503735,159985.SZ,518880.SH
rolling_simulated_annealing,2022,2023,57,159920.SZ|159981.SZ|159985.SZ|160644.SZ|164824.SZ|501018.SH|512170.SH|513070.SH|513100.SH|513880.SH|515220.SH|518880.SH|562500.SH,0.8678389680635583,0.9184217642745492,annealing,0.08094985217965969,159980.SZ,518880.SH
rolling_simulated_annealing,2022,2023,58,159920.SZ|159980.SZ|159981.SZ|159985.SZ|160644.SZ|501018.SH|512170.SH|513030.SH|513070.SH|513100.SH|513880.SH|515220.SH|562500.SH,0.600614387353502,0.9184217642745492,annealing,0.07836018522406615,164824.SZ,513030.SH
rolling_simulated_annealing,2022,2023,59,159920.SZ|159980.SZ|159981.SZ|159985.SZ|160644.SZ|164824.SZ|501018.SH|512040.SH|513070.SH|513100.SH|513880.SH|515220.SH|562500.SH,0.499287466166321,0.9184217642745492,annealing,0.07585336431155136,512170.SH,512040.SH
rolling_simulated_annealing,2022,2023,60,159920.SZ|159980.SZ|159981.SZ|159985.SZ|160644.SZ|164824.SZ|501018.SH|512170.SH|513030.SH|513070.SH|513880.SH|515220.SH|562500.SH,0.6940287311589274,0.9184217642745492,annealing,0.07342673911411116,513100.SH,513030.SH
rolling_simulated_annealing,2022,2023,61,159920.SZ|159980.SZ|159985.SZ|160644.SZ|164824.SZ|501018.SH|512170.SH|513070.SH|513100.SH|513880.SH|515220.SH|518880.SH|562500.SH,0.6409197702006241,0.9184217642745492,annealing,0.07107774409039225,159981.SZ,518880.SH
rolling_simulated_annealing,2022,2023,62,159920.SZ|159980.SZ|159985.SZ|164824.SZ|501018.SH|512170.SH|513070.SH|513080.SH|513100.SH|513880.SH|515220.SH|518880.SH|562500.SH,0.25144536864570705,0.9184217642745492,annealing,0.06880389577328226,160644.SZ,513080.SH
rolling_simulated_annealing,2022,2023,63,159920.SZ|159980.SZ|159985.SZ|160644.SZ|164824.SZ|501018.SH|512170.SH|513030.SH|513070.SH|513880.SH|515220.SH|518880.SH|562500.SH,0.23459212025665613,0.9184217642745492,annealing,0.06660279014427231,513100.SH,513030.SH
rolling_simulated_annealing,2022,2023,64,159920.SZ|159980.SZ|159981.SZ|159985.SZ|160644.SZ|164824.SZ|512170.SH|513070.SH|513100.SH|513880.SH|515220.SH|518880.SH|562500.SH,0.7341760187959242,0.9184217642745492,annealing,0.06447210009181673,501018.SH,159981.SZ
rolling_simulated_annealing,2022,2023,65,159920.SZ|159980.SZ|159981.SZ|159985.SZ|160644.SZ|164824.SZ|512170.SH|512800.SH|513070.SH|513100.SH|513880.SH|515220.SH|518880.SH,0.14410274922662503,0.9184217642745492,annealing,0.06240957295100188,562500.SH,512800.SH
rolling_simulated_annealing,2022,2023,66,159920.SZ|159980.SZ|159985.SZ|160644.SZ|161226.SZ|164824.SZ|512170.SH|513070.SH|513100.SH|513880.SH|515220.SH|518880.SH|562500.SH,0.43926480250845934,0.9184217642745492,annealing,0.06041302812192407,159981.SZ,161226.SZ
rolling_simulated_annealing,2022,2023,67,159920.SZ|159980.SZ|159981.SZ|159985.SZ|160644.SZ|164824.SZ|512170.SH|513030.SH|513070.SH|513880.SH|515220.SH|518880.SH|562500.SH,0.4931441151820844,0.9184217642745492,annealing,0.05848035476425733,513100.SH,513030.SH
rolling_simulated_annealing,2022,2023,68,159851.SZ|159920.SZ|159980.SZ|159981.SZ|159985.SZ|160644.SZ|164824.SZ|512170.SH|513070.SH|513100.SH|513880.SH|515220.SH|518880.SH,0.43005056262887814,0.9184217642745492,annealing,0.0566095095655747,562500.SH,159851.SZ
rolling_simulated_annealing,2022,2023,69,159920.SZ|159980.SZ|159981.SZ|159985.SZ|160644.SZ|164824.SZ|512100.SH|512170.SH|513070.SH|513100.SH|513880.SH|518880.SH|562500.SH,0.6592527320969143,0.9184217642745492,annealing,0.05479851458106304,515220.SH,512100.SH
rolling_simulated_annealing,2022,2023,70,159920.SZ|159980.SZ|159981.SZ|159985.SZ|160644.SZ|164824.SZ|512100.SH|512170.SH|513030.SH|513070.SH|513100.SH|518880.SH|562500.SH,0.44888301737004316,0.9184217642745492,annealing,0.05304545514234737,513880.SH,513030.SH
rolling_simulated_annealing,2022,2023,71,159920.SZ|159980.SZ|159981.SZ|159985.SZ|160644.SZ|512100.SH|512170.SH|513070.SH|513080.SH|513100.SH|513880.SH|518880.SH|562500.SH,0.37459403486839976,0.9184217642745492,annealing,0.05134847783321434,164824.SZ,513080.SH
rolling_simulated_annealing,2022,2023,72,159915.SZ|159920.SZ|159980.SZ|159981.SZ|159985.SZ|160644.SZ|164824.SZ|512100.SH|513070.SH|513100.SH|513880.SH|518880.SH|562500.SH,0.6836429213361022,0.9184217642745492,annealing,0.049705788530093976,512170.SH,159915.SZ
rolling_simulated_annealing,2022,2023,73,159915.SZ|159920.SZ|159980.SZ|159981.SZ|159985.SZ|160644.SZ|512100.SH|513030.SH|513070.SH|513100.SH|513880.SH|518880.SH|562500.SH,0.33742519875004356,0.9184217642745492,annealing,0.04811565050522864,164824.SZ,513030.SH
rolling_simulated_annealing,2022,2023,74,159915.SZ|159920.SZ|159980.SZ|159981.SZ|159985.SZ|160644.SZ|164824.SZ|510880.SH|512100.SH|513070.SH|513100.SH|513880.SH|518880.SH,0.24181756668128324,0.9184217642745492,annealing,0.046576382590523456,562500.SH,510880.SH
rolling_simulated_annealing,2022,2023,75,159915.SZ|159920.SZ|159981.SZ|159985.SZ|160644.SZ|161226.SZ|164824.SZ|512100.SH|513070.SH|513100.SH|513880.SH|518880.SH|562500.SH,0.4363211458254105,0.9184217642745492,annealing,0.045086357400136896,159980.SZ,161226.SZ
rolling_simulated_annealing,2022,2023,76,159870.SZ|159915.SZ|159920.SZ|159980.SZ|159981.SZ|159985.SZ|160644.SZ|164824.SZ|513070.SH|513100.SH|513880.SH|518880.SH|562500.SH,0.5498266867099201,0.9184217642745492,annealing,0.043643999609932656,512100.SH,159870.SZ
rolling_simulated_annealing,2022,2023,77,159915.SZ|159920.SZ|159980.SZ|159981.SZ|160644.SZ|161226.SZ|164824.SZ|512100.SH|513070.SH|513100.SH|513880.SH|518880.SH|562500.SH,-0.06410714901727962,0.9184217642745492,annealing,0.04224778429197339,159985.SZ,161226.SZ
rolling_simulated_annealing,2022,2023,78,159915.SZ|159920.SZ|159980.SZ|159981.SZ|159985.SZ|160644.SZ|164824.SZ|512100.SH|513070.SH|513100.SH|513880.SH|516150.SH|518880.SH,0.4608240897875249,0.9184217642745492,annealing,0.04089623530229582,562500.SH,516150.SH
rolling_simulated_annealing,2022,2023,79,159915.SZ|159920.SZ|159980.SZ|159981.SZ|159985.SZ|160644.SZ|164824.SZ|512100.SH|513070.SH|513080.SH|513880.SH|518880.SH|562500.SH,0.5689047918398791,0.9184217642745492,annealing,0.03958792372026251,513100.SH,513080.SH
rolling_simulated_annealing,2022,2023,80,159920.SZ|159980.SZ|159981.SZ|159985.SZ|160644.SZ|164824.SZ|510210.SH|512100.SH|513070.SH|513100.SH|513880.SH|518880.SH|562500.SH,0.6353849426709226,0.9184217642745492,annealing,0.03832146633784024,159915.SZ,510210.SH
rolling_simulated_annealing,2022,2023,81,159611.SZ|159920.SZ|159980.SZ|159981.SZ|159985.SZ|160644.SZ|164824.SZ|510210.SH|513070.SH|513100.SH|513880.SH|518880.SH|562500.SH,0.18553394485544145,0.9184217642745492,annealing,0.03709552419720801,512100.SH,159611.SZ
rolling_simulated_annealing,2022,2023,82,159920.SZ|159980.SZ|159981.SZ|159985.SZ|160644.SZ|510210.SH|512100.SH|513030.SH|513070.SH|513100.SH|513880.SH|518880.SH|562500.SH,0.26356623519634353,0.9184217642745492,annealing,0.03590880117514833,164824.SZ,513030.SH
rolling_simulated_annealing,2022,2023,83,159920.SZ|159980.SZ|159981.SZ|159985.SZ|164824.SZ|510210.SH|512100.SH|513030.SH|513070.SH|513100.SH|513880.SH|518880.SH|562500.SH,0.36586469293589774,0.9184217642745492,annealing,0.03476004261272534,160644.SZ,513030.SH
rolling_simulated_annealing,2022,2023,84,159920.SZ|159980.SZ|159981.SZ|159985.SZ|160644.SZ|164824.SZ|510210.SH|512660.SH|513070.SH|513100.SH|513880.SH|518880.SH|562500.SH,0.3786457345144574,0.9184217642745492,annealing,0.033648033988800806,512100.SH,512660.SH
rolling_simulated_annealing,2022,2023,85,159920.SZ|159980.SZ|159981.SZ|159985.SZ|160644.SZ|164824.SZ|510210.SH|512100.SH|513070.SH|513080.SH|513100.SH|518880.SH|562500.SH,0.4970176224811923,0.9184217642745492,annealing,0.03257159963598576,513880.SH,513080.SH
rolling_simulated_annealing,2022,2023,86,159920.SZ|159980.SZ|159981.SZ|159985.SZ|164824.SZ|510210.SH|512100.SH|513070.SH|513080.SH|513100.SH|513880.SH|518880.SH|562500.SH,0.4793496697392628,0.9184217642745492,annealing,0.03152960149767008,160644.SZ,513080.SH
rolling_simulated_annealing,2022,2023,87,159920.SZ|159980.SZ|159981.SZ|160644.SZ|164824.SZ|501018.SH|510210.SH|512100.SH|513070.SH|513100.SH|513880.SH|518880.SH|562500.SH,0.24710858942370806,0.9184217642745492,annealing,0.030520937924815954,159985.SZ,501018.SH
rolling_simulated_annealing,2022,2023,88,159920.SZ|159980.SZ|159981.SZ|159985.SZ|160644.SZ|164824.SZ|510210.SH|510500.SH|513070.SH|513100.SH|513880.SH|518880.SH|562500.SH,0.4530651051801152,0.9184217642745492,annealing,0.02954454251124314,512100.SH,510500.SH
rolling_simulated_annealing,2022,2023,89,159851.SZ|159920.SZ|159980.SZ|159981.SZ|159985.SZ|160644.SZ|164824.SZ|512100.SH|513070.SH|513100.SH|513880.SH|518880.SH|562500.SH,0.6169103801277871,0.9184217642745492,annealing,0.02859938296617458,510210.SH,159851.SZ
rolling_simulated_annealing,2022,2023,90,159920.SZ|159981.SZ|159985.SZ|160644.SZ|164824.SZ|501018.SH|510210.SH|512100.SH|513070.SH|513100.SH|513880.SH|518880.SH|562500.SH,0.5378101064675183,0.9184217642745492,annealing,0.02768446002285045,159980.SZ,501018.SH
rolling_simulated_annealing,2022,2023,91,159920.SZ|159980.SZ|159981.SZ|159985.SZ|160644.SZ|164824.SZ|501018.SH|510210.SH|512100.SH|513070.SH|513100.SH|513880.SH|562500.SH,0.5427849024843103,0.9184217642745492,annealing,0.026798806382056773,518880.SH,501018.SH
rolling_simulated_annealing,2022,2023,92,159920.SZ|159980.SZ|159981.SZ|159985.SZ|160644.SZ|164824.SZ|510210.SH|512980.SH|513070.SH|513100.SH|513880.SH|518880.SH|562500.SH,0.2123099110811356,0.9184217642745492,annealing,0.02594148568945148,512100.SH,512980.SH
rolling_simulated_annealing,2022,2023,93,159825.SZ|159920.SZ|159980.SZ|159981.SZ|159985.SZ|160644.SZ|164824.SZ|510210.SH|512100.SH|513070.SH|513100.SH|513880.SH|518880.SH,0.1579710889690899,0.9184217642745492,annealing,0.025111591545607014,562500.SH,159825.SZ
rolling_simulated_annealing,2022,2023,94,159611.SZ|159920.SZ|159980.SZ|159981.SZ|159985.SZ|160644.SZ|164824.SZ|510210.SH|512100.SH|513070.SH|513100.SH|513880.SH|518880.SH,-0.0035887116626673937,0.9184217642745492,annealing,0.024308246547722494,562500.SH,159611.SZ
rolling_simulated_annealing,2022,2023,95,159920.SZ|159980.SZ|159981.SZ|160644.SZ|161226.SZ|164824.SZ|510210.SH|512100.SH|513070.SH|513100.SH|513880.SH|518880.SH|562500.SH,-0.07667580779520144,0.9184217642745492,annealing,0.02353060136199262,159985.SZ,161226.SZ
rolling_simulated_annealing,2022,2023,96,159920.SZ|159980.SZ|159985.SZ|160644.SZ|164824.SZ|501018.SH|510210.SH|512100.SH|513070.SH|513100.SH|513880.SH|518880.SH|562500.SH,0.8011201601398406,0.9184217642745492,annealing,0.022777833825652294,159981.SZ,501018.SH
rolling_simulated_annealing,2022,2023,97,159920.SZ|159980.SZ|159985.SZ|160644.SZ|164824.SZ|501018.SH|510210.SH|512100.SH|513070.SH|513500.SH|513880.SH|518880.SH|562500.SH,0.8394914965232959,0.9184217642745492,annealing,0.02204914807774781,513100.SH,513500.SH
rolling_simulated_annealing,2022,2023,98,159920.SZ|159980.SZ|159985.SZ|160644.SZ|164824.SZ|501018.SH|512100.SH|513070.SH|513500.SH|513880.SH|518880.SH|562500.SH|588000.SH,0.8330132234755546,0.9184217642745492,annealing,0.021343773717715567,510210.SH,588000.SH
rolling_simulated_annealing,2022,2023,99,159920.SZ|159980.SZ|159985.SZ|160644.SZ|164824.SZ|501018.SH|512100.SH|513030.SH|513070.SH|513880.SH|518880.SH|562500.SH|588000.SH,0.5657898865524199,0.9184217642745492,annealing,0.020660964990878602,513500.SH,513030.SH
rolling_simulated_annealing,2022,2023,100,159920.SZ|159980.SZ|159981.SZ|159985.SZ|160644.SZ|164824.SZ|501018.SH|512100.SH|513070.SH|513500.SH|513880.SH|562500.SH|588000.SH,0.4795675501089577,0.9184217642745492,annealing,0.02,518880.SH,159981.SZ
rolling_simulated_annealing,2023,2024,1,159981.SZ|159985.SZ|161226.SZ|501018.SH|512200.SH|513080.SH|513100.SH|513120.SH|513180.SH|513310.SH|513500.SH|515210.SH|515880.SH,0.5196819360432449,0.8876334498348947,initial,,,
rolling_simulated_annealing,2023,2024,2,159981.SZ|159985.SZ|161226.SZ|164824.SZ|501018.SH|512200.SH|513080.SH|513120.SH|513180.SH|513310.SH|513500.SH|515210.SH|515880.SH,0.6998035931976523,0.7040106538277557,annealing,0.4840044985514857,513100.SH,164824.SZ
rolling_simulated_annealing,2023,2024,3,159920.SZ|159981.SZ|159985.SZ|161226.SZ|164824.SZ|501018.SH|512200.SH|513080.SH|513120.SH|513310.SH|513500.SH|515210.SH|515880.SH,1.1069041156226886,0.7040106538277557,annealing,0.4685207092361502,513180.SH,159920.SZ
rolling_simulated_annealing,2023,2024,4,159920.SZ|159985.SZ|161226.SZ|164824.SZ|501018.SH|512200.SH|513080.SH|513120.SH|513310.SH|513500.SH|515210.SH|515880.SH|518880.SH,1.2408372913975247,0.7040106538277557,annealing,0.4535322618696586,159981.SZ,518880.SH
rolling_simulated_annealing,2023,2024,5,159920.SZ|159985.SZ|161226.SZ|164824.SZ|501018.SH|512200.SH|512800.SH|513080.SH|513120.SH|513310.SH|513500.SH|515210.SH|518880.SH,0.08053008478949228,0.7040106538277557,annealing,0.4390233099662904,515880.SH,512800.SH
rolling_simulated_annealing,2023,2024,6,159985.SZ|161226.SZ|164824.SZ|501018.SH|512200.SH|513080.SH|513120.SH|513180.SH|513310.SH|513500.SH|515210.SH|515880.SH|518880.SH,0.8855778197524659,0.7040106538277557,annealing,0.42497851398529574,159920.SZ,513180.SH
rolling_simulated_annealing,2023,2024,7,159980.SZ|159985.SZ|164824.SZ|501018.SH|512200.SH|513080.SH|513120.SH|513180.SH|513310.SH|513500.SH|515210.SH|515880.SH|518880.SH,1.2702461486308683,0.7040106538277557,annealing,0.41138302511321717,161226.SZ,159980.SZ
rolling_simulated_annealing,2023,2024,8,159980.SZ|159985.SZ|164824.SZ|501018.SH|512200.SH|513070.SH|513080.SH|513120.SH|513310.SH|513500.SH|515210.SH|515880.SH|518880.SH,1.4741880045078435,0.7040106538277557,annealing,0.3982224695650319,513180.SH,513070.SH
rolling_simulated_annealing,2023,2024,9,159687.SZ|159980.SZ|159985.SZ|164824.SZ|501018.SH|512200.SH|513070.SH|513080.SH|513120.SH|513310.SH|515210.SH|515880.SH|518880.SH,1.3194847871135091,0.6492703843734722,annealing,0.385482933387515,513500.SH,159687.SZ
rolling_simulated_annealing,2023,2024,10,159687.SZ|159920.SZ|159980.SZ|159985.SZ|164824.SZ|501018.SH|512200.SH|513080.SH|513120.SH|513310.SH|515210.SH|515880.SH|518880.SH,1.4861940846830306,0.6492703843734722,annealing,0.37315094774875995,513070.SH,159920.SZ
rolling_simulated_annealing,2023,2024,11,159687.SZ|159920.SZ|159980.SZ|159985.SZ|164824.SZ|501018.SH|512660.SH|513080.SH|513120.SH|513310.SH|515210.SH|515880.SH|518880.SH,1.2540957293933026,0.6492703843734722,annealing,0.3612134746983004,512200.SH,512660.SH
rolling_simulated_annealing,2023,2024,12,159920.SZ|159980.SZ|159985.SZ|164824.SZ|501018.SH|512660.SH|513080.SH|513120.SH|513290.SH|513310.SH|515210.SH|515880.SH|518880.SH,0.9770657092651777,0.5732432207873639,annealing,0.34965789338278125,159687.SZ,513290.SH
rolling_simulated_annealing,2023,2024,13,159980.SZ|159985.SZ|164824.SZ|501018.SH|512660.SH|513080.SH|513120.SH|513180.SH|513290.SH|513310.SH|515210.SH|515880.SH|518880.SH,0.7899464525696408,0.5686414299610087,annealing,0.33847198670260376,159920.SZ,513180.SH
rolling_simulated_annealing,2023,2024,14,159980.SZ|159981.SZ|164824.SZ|501018.SH|512660.SH|513080.SH|513120.SH|513180.SH|513290.SH|513310.SH|515210.SH|515880.SH|518880.SH,0.25286247561147873,0.5686414299610087,annealing,0.3276439283954377,159985.SZ,159981.SZ
rolling_simulated_annealing,2023,2024,15,159980.SZ|159981.SZ|161226.SZ|164824.SZ|512660.SH|513080.SH|513120.SH|513180.SH|513290.SH|513310.SH|515210.SH|515880.SH|518880.SH,-0.0029179972128672072,0.6565224325624922,annealing,0.31716227053294543,501018.SH,161226.SZ
rolling_simulated_annealing,2023,2024,16,159920.SZ|159980.SZ|159981.SZ|161226.SZ|164824.SZ|512660.SH|513080.SH|513120.SH|513290.SH|513310.SH|515210.SH|515880.SH|518880.SH,0.23465308217356903,0.6565224325624922,annealing,0.3070159314174978,513180.SH,159920.SZ
rolling_simulated_annealing,2023,2024,17,159920.SZ|159980.SZ|161226.SZ|164824.SZ|501018.SH|512660.SH|513080.SH|513120.SH|513290.SH|513310.SH|515210.SH|515880.SH|518880.SH,0.5965877648358694,0.6565224325624922,annealing,0.2971941838660867,159981.SZ,501018.SH
rolling_simulated_annealing,2023,2024,18,159920.SZ|159980.SZ|161226.SZ|164824.SZ|501018.SH|512660.SH|513080.SH|513120.SH|513310.SH|513880.SH|515210.SH|515880.SH|518880.SH,0.9099649572499804,0.6565224325624922,annealing,0.28768664386904663,513290.SH,513880.SH
rolling_simulated_annealing,2023,2024,19,159920.SZ|159980.SZ|161226.SZ|164824.SZ|501018.SH|512660.SH|513030.SH|513120.SH|513310.SH|513880.SH|515210.SH|515880.SH|518880.SH,1.1050450715977527,0.6565224325624922,annealing,0.27848325961159553,513080.SH,513030.SH
rolling_simulated_annealing,2023,2024,20,159687.SZ|159920.SZ|159980.SZ|161226.SZ|164824.SZ|501018.SH|512660.SH|513120.SH|513310.SH|513880.SH|515210.SH|515880.SH|518880.SH,1.2129935879945908,0.8055829520541524,annealing,0.269574300846587,513030.SH,159687.SZ
rolling_simulated_annealing,2023,2024,21,159687.SZ|159920.SZ|159980.SZ|161226.SZ|164824.SZ|501018.SH|510180.SH|512660.SH|513120.SH|513310.SH|513880.SH|515210.SH|518880.SH,0.5434906104288263,0.8055829520541524,annealing,0.26095034860723937,515880.SH,510180.SH
rolling_simulated_annealing,2023,2024,22,159687.SZ|159851.SZ|159920.SZ|159980.SZ|161226.SZ|164824.SZ|501018.SH|512660.SH|513120.SH|513310.SH|513880.SH|515210.SH|518880.SH,0.6473082877917617,0.8055829520541524,annealing,0.25260228524896455,515880.SH,159851.SZ
rolling_simulated_annealing,2023,2024,23,159687.SZ|159920.SZ|159980.SZ|161226.SZ|501018.SH|512660.SH|513080.SH|513120.SH|513310.SH|513880.SH|515210.SH|515880.SH|518880.SH,0.922969475528272,0.8055829520541524,annealing,0.24452128480976887,164824.SZ,513080.SH
rolling_simulated_annealing,2023,2024,24,159687.SZ|159920.SZ|159980.SZ|159981.SZ|161226.SZ|512660.SH|513080.SH|513120.SH|513310.SH|513880.SH|515210.SH|515880.SH|518880.SH,0.31687503146547086,0.8055829520541524,annealing,0.23669880367903437,501018.SH,159981.SZ
rolling_simulated_annealing,2023,2024,25,159687.SZ|159920.SZ|159980.SZ|161226.SZ|501018.SH|512660.SH|512980.SH|513080.SH|513120.SH|513310.SH|513880.SH|515210.SH|518880.SH,0.30287775994259775,0.8055829520541524,annealing,0.22912657156481517,515880.SH,512980.SH
rolling_simulated_annealing,2023,2024,26,159687.SZ|159920.SZ|159981.SZ|161226.SZ|501018.SH|512660.SH|513080.SH|513120.SH|513310.SH|513880.SH|515210.SH|515880.SH|518880.SH,0.5660364186031672,0.8055829520541524,annealing,0.22179658275009892,159980.SZ,159981.SZ
rolling_simulated_annealing,2023,2024,27,159687.SZ|159920.SZ|159980.SZ|159985.SZ|161226.SZ|501018.SH|512660.SH|513080.SH|513120.SH|513310.SH|513880.SH|515210.SH|515880.SH,0.7489894318189697,0.8055829520541524,annealing,0.21470108762878945,518880.SH,159985.SZ
rolling_simulated_annealing,2023,2024,28,159687.SZ|159920.SZ|159980.SZ|161226.SZ|501018.SH|512660.SH|513080.SH|513180.SH|513310.SH|513880.SH|515210.SH|515880.SH|518880.SH,0.36886655371593385,0.9130217366562248,annealing,0.20783258451246167,513120.SH,513180.SH
rolling_simulated_annealing,2023,2024,29,159687.SZ|159920.SZ|159980.SZ|161226.SZ|501018.SH|512660.SH|513030.SH|513080.SH|513120.SH|513310.SH|515210.SH|515880.SH|518880.SH,0.3630930768138588,0.9172474776669125,annealing,0.20118381169922656,513880.SH,513030.SH
rolling_simulated_annealing,2023,2024,30,159920.SZ|159980.SZ|161226.SZ|501018.SH|512660.SH|513030.SH|513080.SH|513120.SH|513310.SH|513880.SH|515210.SH|515880.SH|518880.SH,0.5083582946336351,0.9172474776669125,annealing,0.19474773979632132,159687.SZ,513030.SH
rolling_simulated_annealing,2023,2024,31,159920.SZ|159980.SZ|161226.SZ|501018.SH|512660.SH|513030.SH|513070.SH|513080.SH|513310.SH|513880.SH|515210.SH|515880.SH|518880.SH,0.0006566869685561179,0.9196494911995831,annealing,0.18851756428830743,513120.SH,513070.SH
rolling_simulated_annealing,2023,2024,32,159920.SZ|159980.SZ|161226.SZ|501018.SH|512660.SH|513030.SH|513080.SH|513180.SH|513310.SH|513880.SH|515210.SH|515880.SH|518880.SH,0.05242478777835784,0.9172474776669125,annealing,0.1824866983430194,513120.SH,513180.SH
rolling_simulated_annealing,2023,2024,33,159687.SZ|159920.SZ|159980.SZ|161226.SZ|501018.SH|512660.SH|513030.SH|513120.SH|513310.SH|513880.SH|515210.SH|515880.SH|518880.SH,0.889085046508553,0.8055829520541524,annealing,0.17664876584765868,513080.SH,159687.SZ
rolling_simulated_annealing,2023,2024,34,159687.SZ|159766.SZ|159920.SZ|159980.SZ|161226.SZ|501018.SH|512660.SH|513030.SH|513120.SH|513310.SH|513880.SH|515880.SH|518880.SH,0.8598864546773713,0.8055829520541524,annealing,0.1709975946676697,515210.SH,159766.SZ
rolling_simulated_annealing,2023,2024,35,159687.SZ|159766.SZ|159920.SZ|159980.SZ|161226.SZ|501018.SH|512660.SH|513030.SH|513070.SH|513310.SH|513880.SH|515880.SH|518880.SH,0.3579642222854204,0.9196494911995831,annealing,0.16552721012127136,513120.SH,513070.SH
rolling_simulated_annealing,2023,2024,36,159687.SZ|159766.SZ|159920.SZ|159980.SZ|159985.SZ|501018.SH|512660.SH|513030.SH|513120.SH|513310.SH|513880.SH|515880.SH|518880.SH,1.19617524450341,0.8055829520541524,annealing,0.16023182866274469,161226.SZ,159985.SZ
rolling_simulated_annealing,2023,2024,37,159687.SZ|159766.SZ|159920.SZ|159985.SZ|161226.SZ|501018.SH|512660.SH|513030.SH|513120.SH|513310.SH|513880.SH|515880.SH|518880.SH,1.2092228676782084,0.8055829520541524,annealing,0.15510585176779862,159980.SZ,161226.SZ
rolling_simulated_annealing,2023,2024,38,159687.SZ|159766.SZ|159920.SZ|159985.SZ|161226.SZ|501018.SH|512660.SH|513030.SH|513100.SH|513120.SH|513310.SH|515880.SH|518880.SH,0.9642629544343043,0.6755480123658768,annealing,0.15014386001454888,513880.SH,513100.SH
rolling_simulated_annealing,2023,2024,39,159687.SZ|159920.SZ|159985.SZ|161226.SZ|501018.SH|512660.SH|513030.SH|513100.SH|513120.SH|513310.SH|515880.SH|518880.SH|562500.SH,0.8711656569952532,0.7099832031658062,annealing,0.1453406073538524,159766.SZ,562500.SH
rolling_simulated_annealing,2023,2024,40,159687.SZ|159766.SZ|159920.SZ|159985.SZ|161226.SZ|501018.SH|512660.SH|513100.SH|513120.SH|513310.SH|513500.SH|515880.SH|518880.SH,0.7949428080419197,0.8876334498348947,annealing,0.1406910155629394,513030.SH,513500.SH
rolling_simulated_annealing,2023,2024,41,159687.SZ|159766.SZ|159920.SZ|159985.SZ|161226.SZ|501018.SH|512660.SH|513030.SH|513100.SH|513120.SH|513500.SH|515880.SH|518880.SH,1.0480098182089355,0.8876334498348947,annealing,0.1361901688764795,513310.SH,513500.SH
rolling_simulated_annealing,2023,2024,42,159687.SZ|159766.SZ|159920.SZ|159985.SZ|161226.SZ|501018.SH|512660.SH|513030.SH|513100.SH|513120.SH|513500.SH|516150.SH|518880.SH,0.47072854533041464,0.8876334498348947,annealing,0.13183330878940522,515880.SH,516150.SH
rolling_simulated_annealing,2023,2024,43,159687.SZ|159766.SZ|159920.SZ|159985.SZ|161226.SZ|501018.SH|512660.SH|513030.SH|513120.SH|513500.SH|513880.SH|515880.SH|518880.SH,1.074061795408808,0.8055829520541524,annealing,0.1276158290259985,513100.SH,513880.SH
rolling_simulated_annealing,2023,2024,44,159687.SZ|159766.SZ|159920.SZ|159985.SZ|161226.SZ|501018.SH|512660.SH|513030.SH|513120.SH|513500.SH|513880.SH|518880.SH|562500.SH,0.23679716047615954,0.8055829520541524,annealing,0.12353327066992105,515880.SH,562500.SH
rolling_simulated_annealing,2023,2024,45,159687.SZ|159766.SZ|159985.SZ|161226.SZ|501018.SH|512660.SH|513030.SH|513120.SH|513180.SH|513500.SH|513880.SH|515880.SH|518880.SH,0.7374319602421345,0.8055829520541524,annealing,0.1195813174500402,159920.SZ,513180.SH
rolling_simulated_annealing,2023,2024,46,159687.SZ|159766.SZ|159920.SZ|159985.SZ|161226.SZ|501018.SH|512660.SH|513080.SH|513120.SH|513500.SH|513880.SH|515880.SH|518880.SH,1.23148424408044,0.8055829520541524,annealing,0.11575579117706547,513030.SH,513080.SH
rolling_simulated_annealing,2023,2024,47,159687.SZ|159766.SZ|159985.SZ|161226.SZ|501018.SH|512660.SH|513080.SH|513120.SH|513180.SH|513500.SH|513880.SH|515880.SH|518880.SH,0.8833009710663741,0.8055829520541524,annealing,0.11205264732617212,159920.SZ,513180.SH
rolling_simulated_annealing,2023,2024,48,159687.SZ|159766.SZ|159920.SZ|159981.SZ|161226.SZ|501018.SH|512660.SH|513080.SH|513120.SH|513500.SH|513880.SH|515880.SH|518880.SH,1.0016756545612784,0.8055829520541524,annealing,0.10846797076094081,159985.SZ,159981.SZ
rolling_simulated_annealing,2023,2024,49,159687.SZ|159766.SZ|159920.SZ|159981.SZ|159985.SZ|501018.SH|512660.SH|513080.SH|513120.SH|513500.SH|513880.SH|515880.SH|518880.SH,1.4405732519629504,0.8055829520541524,annealing,0.10499797159409273,161226.SZ,159985.SZ
rolling_simulated_annealing,2023,2024,50,159687.SZ|159766.SZ|159920.SZ|159981.SZ|159985.SZ|501018.SH|512800.SH|513080.SH|513120.SH|513500.SH|513880.SH|515880.SH|518880.SH,1.4015645960984706,0.8055829520541524,annealing,0.10163898118064398,512660.SH,512800.SH
rolling_simulated_annealing,2023,2024,51,159687.SZ|159766.SZ|159920.SZ|159981.SZ|159985.SZ|161226.SZ|501018.SH|512660.SH|513080.SH|513120.SH|513500.SH|513880.SH|515880.SH,1.0004329855287164,0.8055829520541524,annealing,0.09838744823924296,518880.SH,161226.SZ
rolling_simulated_annealing,2023,2024,52,159687.SZ|159766.SZ|159981.SZ|159985.SZ|501018.SH|512660.SH|513080.SH|513120.SH|513180.SH|513500.SH|513880.SH|515880.SH|518880.SH,1.318215387442524,0.8055829520541524,annealing,0.09523993509759009,159920.SZ,513180.SH
rolling_simulated_annealing,2023,2024,53,159687.SZ|159766.SZ|159920.SZ|159981.SZ|159985.SZ|501018.SH|512660.SH|513080.SH|513180.SH|513500.SH|513880.SH|515880.SH|518880.SH,1.2051138166044988,0.9130217366562248,annealing,0.09219311405797025,513120.SH,159920.SZ
rolling_simulated_annealing,2023,2024,54,159687.SZ|159766.SZ|159981.SZ|159985.SZ|501018.SH|513080.SH|513120.SH|513180.SH|513500.SH|513880.SH|515210.SH|515880.SH|518880.SH,1.4839712875575097,0.8055829520541524,annealing,0.08924376387905565,512660.SH,515210.SH
rolling_simulated_annealing,2023,2024,55,159687.SZ|159981.SZ|159985.SZ|501018.SH|513080.SH|513120.SH|513180.SH|513500.SH|513880.SH|515210.SH|515880.SH|518880.SH|562500.SH,1.5762110246413645,0.8055829520541524,annealing,0.08638876637025905,159766.SZ,562500.SH
rolling_simulated_annealing,2023,2024,56,159981.SZ|159985.SZ|501018.SH|513080.SH|513120.SH|513180.SH|513310.SH|513500.SH|513880.SH|515210.SH|515880.SH|518880.SH|562500.SH,1.150027624288831,0.7099832031658062,annealing,0.08362510309503735,159687.SZ,513310.SH
rolling_simulated_annealing,2023,2024,57,159981.SZ|159985.SZ|160644.SZ|501018.SH|513080.SH|513120.SH|513180.SH|513500.SH|513880.SH|515210.SH|515880.SH|518880.SH|562500.SH,1.2454221351441384,0.7099832031658062,annealing,0.08094985217965969,159687.SZ,160644.SZ
rolling_simulated_annealing,2023,2024,58,159687.SZ|159915.SZ|159981.SZ|159985.SZ|501018.SH|513080.SH|513120.SH|513180.SH|513500.SH|513880.SH|515210.SH|515880.SH|518880.SH,1.5282163886362927,0.8055829520541524,annealing,0.07836018522406615,562500.SH,159915.SZ
rolling_simulated_annealing,2023,2024,59,159687.SZ|159915.SZ|159981.SZ|159985.SZ|161226.SZ|501018.SH|513080.SH|513120.SH|513180.SH|513500.SH|513880.SH|515210.SH|515880.SH,0.9649419040956758,0.8055829520541524,annealing,0.07585336431155136,518880.SH,161226.SZ
rolling_simulated_annealing,2023,2024,60,159915.SZ|159981.SZ|159985.SZ|501018.SH|513080.SH|513120.SH|513180.SH|513310.SH|513500.SH|513880.SH|515210.SH|515880.SH|518880.SH,1.2273399665986424,0.7040106538277557,annealing,0.07342673911411116,159687.SZ,513310.SH
rolling_simulated_annealing,2023,2024,61,159687.SZ|159967.SZ|159981.SZ|159985.SZ|501018.SH|513080.SH|513120.SH|513180.SH|513500.SH|513880.SH|515210.SH|515880.SH|518880.SH,1.5927689745206235,0.8055829520541524,annealing,0.07107774409039225,159915.SZ,159967.SZ
rolling_simulated_annealing,2023,2024,62,159687.SZ|159967.SZ|159981.SZ|159985.SZ|161226.SZ|513080.SH|513120.SH|513180.SH|513500.SH|513880.SH|515210.SH|515880.SH|518880.SH,1.0634482357796218,0.8055829520541524,annealing,0.06880389577328226,501018.SH,161226.SZ
rolling_simulated_annealing,2023,2024,63,159967.SZ|159981.SZ|159985.SZ|164824.SZ|501018.SH|513080.SH|513120.SH|513180.SH|513500.SH|513880.SH|515210.SH|515880.SH|518880.SH,1.8463698428911532,0.7040106538277557,annealing,0.06660279014427231,159687.SZ,164824.SZ
rolling_simulated_annealing,2023,2024,64,159967.SZ|159981.SZ|161226.SZ|164824.SZ|501018.SH|513080.SH|513120.SH|513180.SH|513500.SH|513880.SH|515210.SH|515880.SH|518880.SH,0.8996562924016516,0.7040106538277557,annealing,0.06447210009181673,159985.SZ,161226.SZ
rolling_simulated_annealing,2023,2024,65,159967.SZ|159980.SZ|159985.SZ|164824.SZ|501018.SH|513080.SH|513120.SH|513180.SH|513500.SH|513880.SH|515210.SH|515880.SH|518880.SH,1.6122148104627378,0.7040106538277557,annealing,0.06240957295100188,159981.SZ,159980.SZ
rolling_simulated_annealing,2023,2024,66,159687.SZ|159967.SZ|159981.SZ|159985.SZ|164824.SZ|501018.SH|513120.SH|513180.SH|513500.SH|513880.SH|515210.SH|515880.SH|518880.SH,1.7920828408463096,0.8055829520541524,annealing,0.06041302812192407,513080.SH,159687.SZ
rolling_simulated_annealing,2023,2024,67,159967.SZ|159981.SZ|159985.SZ|164824.SZ|501018.SH|513120.SH|513180.SH|513290.SH|513500.SH|513880.SH|515210.SH|515880.SH|518880.SH,1.6792199583668512,0.6169939678265955,annealing,0.05848035476425733,159687.SZ,513290.SH
rolling_simulated_annealing,2023,2024,68,159687.SZ|159967.SZ|159981.SZ|159985.SZ|164824.SZ|501018.SH|513030.SH|513120.SH|513180.SH|513500.SH|515210.SH|515880.SH|518880.SH,1.7834882888744963,0.7197588332800243,annealing,0.0566095095655747,513880.SH,513030.SH
rolling_simulated_annealing,2023,2024,69,159687.SZ|159967.SZ|159981.SZ|159985.SZ|164824.SZ|501018.SH|513120.SH|513180.SH|513290.SH|513500.SH|515210.SH|515880.SH|518880.SH,1.372572555016769,0.6437982087707868,annealing,0.05479851458106304,513030.SH,513290.SH
rolling_simulated_annealing,2023,2024,70,159687.SZ|159967.SZ|159981.SZ|159985.SZ|164824.SZ|501018.SH|513120.SH|513180.SH|513310.SH|513500.SH|515210.SH|515880.SH|518880.SH,1.5784130628144764,0.6437982087707868,annealing,0.05304545514234737,513030.SH,513310.SH
rolling_simulated_annealing,2023,2024,71,159687.SZ|159967.SZ|159985.SZ|161226.SZ|164824.SZ|501018.SH|513030.SH|513120.SH|513180.SH|513500.SH|515210.SH|515880.SH|518880.SH,0.9675421247325824,0.7197588332800243,annealing,0.05134847783321434,159981.SZ,161226.SZ
rolling_simulated_annealing,2023,2024,72,159967.SZ|159981.SZ|159985.SZ|164824.SZ|501018.SH|513030.SH|513100.SH|513120.SH|513180.SH|513500.SH|515210.SH|515880.SH|518880.SH,1.8896609208577777,0.8876334498348947,annealing,0.049705788530093976,159687.SZ,513100.SH
rolling_simulated_annealing,2023,2024,73,159967.SZ|159981.SZ|159985.SZ|501018.SH|513030.SH|513100.SH|513120.SH|513180.SH|513310.SH|513500.SH|515210.SH|515880.SH|518880.SH,1.5122242465902496,0.8876334498348947,annealing,0.04811565050522864,164824.SZ,513310.SH
rolling_simulated_annealing,2023,2024,74,159967.SZ|159981.SZ|159985.SZ|164824.SZ|501018.SH|513030.SH|513080.SH|513100.SH|513120.SH|513180.SH|515210.SH|515880.SH|518880.SH,1.5496052984470587,0.9172474776669125,annealing,0.046576382590523456,513500.SH,513080.SH
rolling_simulated_annealing,2023,2024,75,159967.SZ|159980.SZ|159981.SZ|159985.SZ|164824.SZ|501018.SH|513030.SH|513100.SH|513120.SH|513180.SH|513500.SH|515210.SH|515880.SH,1.79572471026373,0.8876334498348947,annealing,0.045086357400136896,518880.SH,159980.SZ
rolling_simulated_annealing,2023,2024,76,159967.SZ|159981.SZ|159985.SZ|164824.SZ|501018.SH|513030.SH|513100.SH|513120.SH|513180.SH|513290.SH|515210.SH|515880.SH|518880.SH,1.6008671765414697,0.6550899267519877,annealing,0.043643999609932656,513500.SH,513290.SH
rolling_simulated_annealing,2023,2024,77,159967.SZ|159981.SZ|159985.SZ|164824.SZ|501018.SH|510210.SH|513030.SH|513100.SH|513120.SH|513180.SH|513500.SH|515880.SH|518880.SH,1.6028355076691512,0.8876334498348947,annealing,0.04224778429197339,515210.SH,510210.SH
rolling_simulated_annealing,2023,2024,78,159967.SZ|159981.SZ|159985.SZ|164824.SZ|501018.SH|512400.SH|513030.SH|513100.SH|513120.SH|513180.SH|513500.SH|515880.SH|518880.SH,1.5992449089198775,0.8876334498348947,annealing,0.04089623530229582,515210.SH,512400.SH
rolling_simulated_annealing,2023,2024,79,159967.SZ|159981.SZ|161226.SZ|164824.SZ|501018.SH|513030.SH|513100.SH|513120.SH|513180.SH|513500.SH|515210.SH|515880.SH|518880.SH,1.0330892525606514,0.8876334498348947,annealing,0.03958792372026251,159985.SZ,161226.SZ
rolling_simulated_annealing,2023,2024,80,159920.SZ|159967.SZ|159981.SZ|159985.SZ|164824.SZ|501018.SH|513030.SH|513100.SH|513120.SH|513500.SH|515210.SH|515880.SH|518880.SH,1.9570816067226868,0.8876334498348947,annealing,0.03832146633784024,513180.SH,159920.SZ
rolling_simulated_annealing,2023,2024,81,159920.SZ|159967.SZ|159985.SZ|161226.SZ|164824.SZ|501018.SH|513030.SH|513100.SH|513120.SH|513500.SH|515210.SH|515880.SH|518880.SH,1.1741976777444743,0.8876334498348947,annealing,0.03709552419720801,159981.SZ,161226.SZ
rolling_simulated_annealing,2023,2024,82,159920.SZ|159967.SZ|159981.SZ|159985.SZ|164824.SZ|501018.SH|512170.SH|513030.SH|513100.SH|513120.SH|513500.SH|515210.SH|518880.SH,1.5029700091305525,0.8876334498348947,annealing,0.03590880117514833,515880.SH,512170.SH
rolling_simulated_annealing,2023,2024,83,159920.SZ|159967.SZ|159981.SZ|159985.SZ|164824.SZ|501018.SH|513030.SH|513100.SH|513120.SH|513290.SH|515210.SH|515880.SH|518880.SH,1.6939973687721643,0.6550899267519877,annealing,0.03476004261272534,513500.SH,513290.SH
rolling_simulated_annealing,2023,2024,84,159920.SZ|159949.SZ|159981.SZ|159985.SZ|164824.SZ|501018.SH|513030.SH|513100.SH|513120.SH|513500.SH|515210.SH|515880.SH|518880.SH,1.7976477547589447,0.8876334498348947,annealing,0.033648033988800806,159967.SZ,159949.SZ
rolling_simulated_annealing,2023,2024,85,159920.SZ|159967.SZ|159981.SZ|159985.SZ|161226.SZ|164824.SZ|501018.SH|513030.SH|513100.SH|513120.SH|513500.SH|515210.SH|515880.SH,0.9570026436187532,0.8876334498348947,annealing,0.03257159963598576,518880.SH,161226.SZ
rolling_simulated_annealing,2023,2024,86,159920.SZ|159928.SZ|159981.SZ|159985.SZ|164824.SZ|501018.SH|513030.SH|513100.SH|513120.SH|513500.SH|515210.SH|515880.SH|518880.SH,1.6318703475970886,0.8876334498348947,annealing,0.03152960149767008,159967.SZ,159928.SZ
rolling_simulated_annealing,2023,2024,87,159920.SZ|159967.SZ|159980.SZ|159981.SZ|159985.SZ|164824.SZ|513030.SH|513100.SH|513120.SH|513500.SH|515210.SH|515880.SH|518880.SH,1.8817187208844472,0.8876334498348947,annealing,0.030520937924815954,501018.SH,159980.SZ
rolling_simulated_annealing,2023,2024,88,159920.SZ|159967.SZ|159981.SZ|161226.SZ|164824.SZ|501018.SH|513030.SH|513100.SH|513120.SH|513500.SH|515210.SH|515880.SH|518880.SH,1.1069578630664736,0.8876334498348947,annealing,0.02954454251124314,159985.SZ,161226.SZ
rolling_simulated_annealing,2023,2024,89,159920.SZ|159967.SZ|159981.SZ|159985.SZ|164824.SZ|501018.SH|513030.SH|513100.SH|513120.SH|513310.SH|515210.SH|515880.SH|518880.SH,1.6173492232084,0.6550899267519877,annealing,0.02859938296617458,513500.SH,513310.SH
rolling_simulated_annealing,2023,2024,90,159920.SZ|159967.SZ|159981.SZ|159985.SZ|164824.SZ|501018.SH|513030.SH|513120.SH|513290.SH|513500.SH|515210.SH|515880.SH|518880.SH,1.681511335207245,0.7197588332800243,annealing,0.02768446002285045,513100.SH,513290.SH
rolling_simulated_annealing,2023,2024,91,159920.SZ|159967.SZ|159981.SZ|159985.SZ|164824.SZ|501018.SH|513030.SH|513100.SH|513120.SH|513500.SH|515210.SH|518880.SH|588200.SH,1.4281118086806055,0.8876334498348947,annealing,0.026798806382056773,515880.SH,588200.SH
rolling_simulated_annealing,2023,2024,92,159825.SZ|159920.SZ|159967.SZ|159981.SZ|159985.SZ|164824.SZ|501018.SH|513030.SH|513100.SH|513120.SH|513500.SH|515880.SH|518880.SH,1.613358570472588,0.8876334498348947,annealing,0.02594148568945148,515210.SH,159825.SZ
rolling_simulated_annealing,2023,2024,93,159920.SZ|159967.SZ|159981.SZ|159985.SZ|164824.SZ|501018.SH|513030.SH|513080.SH|513100.SH|513120.SH|515210.SH|515880.SH|518880.SH,1.6945417458964707,0.9172474776669125,annealing,0.025111591545607014,513500.SH,513080.SH
rolling_simulated_annealing,2023,2024,94,159920.SZ|159967.SZ|159981.SZ|159985.SZ|164824.SZ|501018.SH|513030.SH|513080.SH|513120.SH|513500.SH|515210.SH|515880.SH|518880.SH,1.6842689118446599,0.9172474776669125,annealing,0.024308246547722494,513100.SH,513080.SH
rolling_simulated_annealing,2023,2024,95,159901.SZ|159920.SZ|159981.SZ|159985.SZ|164824.SZ|501018.SH|513030.SH|513100.SH|513120.SH|513500.SH|515210.SH|515880.SH|518880.SH,1.8015841771086443,0.8876334498348947,annealing,0.02353060136199262,159967.SZ,159901.SZ
rolling_simulated_annealing,2023,2024,96,159967.SZ|159981.SZ|159985.SZ|164824.SZ|501018.SH|513030.SH|513070.SH|513100.SH|513120.SH|513500.SH|515210.SH|515880.SH|518880.SH,1.8162623793021526,0.8876334498348947,annealing,0.022777833825652294,159920.SZ,513070.SH
rolling_simulated_annealing,2023,2024,97,159920.SZ|159967.SZ|159981.SZ|159985.SZ|164824.SZ|501018.SH|513030.SH|513120.SH|513500.SH|513880.SH|515210.SH|515880.SH|518880.SH,1.9602700650808311,0.7197588332800243,annealing,0.02204914807774781,513100.SH,513880.SH
rolling_simulated_annealing,2023,2024,98,159687.SZ|159920.SZ|159967.SZ|159981.SZ|159985.SZ|164824.SZ|501018.SH|513030.SH|513120.SH|513880.SH|515210.SH|515880.SH|518880.SH,1.9757940826227207,0.8055829520541524,annealing,0.021343773717715567,513500.SH,159687.SZ
rolling_simulated_annealing,2023,2024,99,159687.SZ|159920.SZ|159967.SZ|159980.SZ|159981.SZ|159985.SZ|164824.SZ|513030.SH|513120.SH|513880.SH|515210.SH|515880.SH|518880.SH,1.7356739109497612,0.8055829520541524,annealing,0.020660964990878602,501018.SH,159980.SZ
rolling_simulated_annealing,2023,2024,100,159687.SZ|159825.SZ|159920.SZ|159981.SZ|159985.SZ|164824.SZ|501018.SH|513030.SH|513120.SH|513880.SH|515210.SH|515880.SH|518880.SH,1.8017813591678857,0.8055829520541524,annealing,0.02,159967.SZ,159825.SZ
rolling_simulated_annealing,2024,2025,1,159518.SZ|159529.SZ|159980.SZ|159981.SZ|159985.SZ|501018.SH|510210.SH|512980.SH|513120.SH|513180.SH|513290.SH|513310.SH|515210.SH,0.13914012863440595,0.8323944649798847,initial,,,
rolling_simulated_annealing,2024,2025,2,159518.SZ|159529.SZ|159980.SZ|159981.SZ|159985.SZ|501018.SH|510210.SH|512980.SH|513120.SH|513180.SH|513290.SH|513310.SH|588200.SH,-0.024905542602687958,0.7718796702394679,annealing,0.4840044985514857,515210.SH,588200.SH
rolling_simulated_annealing,2024,2025,3,159518.SZ|159529.SZ|159980.SZ|159981.SZ|159985.SZ|501018.SH|510210.SH|512980.SH|513120.SH|513180.SH|513290.SH|513500.SH|515210.SH,0.7094745056059982,0.8323944649798847,annealing,0.4685207092361502,513310.SH,513500.SH
rolling_simulated_annealing,2024,2025,4,159518.SZ|159529.SZ|159981.SZ|159985.SZ|501018.SH|510210.SH|512980.SH|513120.SH|513180.SH|513290.SH|513500.SH|515210.SH|518880.SH,0.6172087226720283,0.8323944649798847,annealing,0.4535322618696586,159980.SZ,518880.SH
rolling_simulated_annealing,2024,2025,5,159518.SZ|159529.SZ|159981.SZ|159985.SZ|501018.SH|512400.SH|512980.SH|513120.SH|513180.SH|513290.SH|513500.SH|515210.SH|518880.SH,0.5041044124782635,0.797808111818891,annealing,0.4390233099662904,510210.SH,512400.SH
rolling_simulated_annealing,2024,2025,6,159518.SZ|159529.SZ|159980.SZ|159985.SZ|501018.SH|512400.SH|512980.SH|513120.SH|513180.SH|513290.SH|513500.SH|515210.SH|518880.SH,0.5383124051181736,0.797808111818891,annealing,0.42497851398529574,159981.SZ,159980.SZ
rolling_simulated_annealing,2024,2025,7,159518.SZ|159529.SZ|159980.SZ|159985.SZ|501018.SH|512400.SH|512980.SH|513120.SH|513290.SH|513500.SH|513750.SH|515210.SH|518880.SH,0.5073503401298604,0.797808111818891,annealing,0.41138302511321717,513180.SH,513750.SH
rolling_simulated_annealing,2024,2025,8,159518.SZ|159529.SZ|159980.SZ|159981.SZ|159985.SZ|512400.SH|512980.SH|513120.SH|513290.SH|513500.SH|513750.SH|515210.SH|518880.SH,0.19645006624458675,0.797808111818891,annealing,0.3982224695650319,501018.SH,159981.SZ
rolling_simulated_annealing,2024,2025,9,159518.SZ|159529.SZ|159980.SZ|159985.SZ|501018.SH|512400.SH|512980.SH|513070.SH|513290.SH|513500.SH|513750.SH|515210.SH|518880.SH,0.5633154423118732,0.8109949251878138,annealing,0.385482933387515,513120.SH,513070.SH
rolling_simulated_annealing,2024,2025,10,159518.SZ|159529.SZ|159980.SZ|159985.SZ|161226.SZ|501018.SH|512400.SH|512980.SH|513070.SH|513290.SH|513500.SH|513750.SH|515210.SH,0.8925232204439661,0.8109949251878138,annealing,0.37315094774875995,518880.SH,161226.SZ
rolling_simulated_annealing,2024,2025,11,159518.SZ|159980.SZ|159985.SZ|161226.SZ|501018.SH|512400.SH|512980.SH|513070.SH|513100.SH|513290.SH|513500.SH|513750.SH|515210.SH,1.1443064035085864,0.8532903457695046,annealing,0.3612134746983004,159529.SZ,513100.SH
rolling_simulated_annealing,2024,2025,12,159518.SZ|159980.SZ|159985.SZ|161226.SZ|501018.SH|510300.SH|512400.SH|513070.SH|513100.SH|513290.SH|513500.SH|513750.SH|515210.SH,0.9086987994122051,0.8532903457695046,annealing,0.34965789338278125,512980.SH,510300.SH
rolling_simulated_annealing,2024,2025,13,159518.SZ|159980.SZ|159985.SZ|161226.SZ|501018.SH|512400.SH|512980.SH|513070.SH|513100.SH|513500.SH|513730.SH|513750.SH|515210.SH,1.0014068028791778,0.8532903457695046,annealing,0.33847198670260376,513290.SH,513730.SH
rolling_simulated_annealing,2024,2025,14,159518.SZ|159915.SZ|159980.SZ|159985.SZ|161226.SZ|501018.SH|512400.SH|513070.SH|513100.SH|513290.SH|513500.SH|513750.SH|515210.SH,1.0403017124632805,0.8532903457695046,annealing,0.3276439283954377,512980.SH,159915.SZ
rolling_simulated_annealing,2024,2025,15,159518.SZ|159980.SZ|159981.SZ|159985.SZ|161226.SZ|512400.SH|512980.SH|513070.SH|513100.SH|513290.SH|513500.SH|513750.SH|515210.SH,0.7443422055409313,0.8532903457695046,annealing,0.31716227053294543,501018.SH,159981.SZ
rolling_simulated_annealing,2024,2025,16,159518.SZ|159980.SZ|159981.SZ|159985.SZ|512400.SH|512980.SH|513070.SH|513100.SH|513290.SH|513500.SH|513750.SH|515210.SH|518880.SH,0.48923213687067985,0.8532903457695046,annealing,0.3070159314174978,161226.SZ,518880.SH
rolling_simulated_annealing,2024,2025,17,159518.SZ|159980.SZ|159981.SZ|161226.SZ|512400.SH|512980.SH|513070.SH|513100.SH|513290.SH|513500.SH|513750.SH|515210.SH|518880.SH,0.7071758344924679,0.8532903457695046,annealing,0.2971941838660867,159985.SZ,518880.SH
rolling_simulated_annealing,2024,2025,18,159518.SZ|159980.SZ|159981.SZ|161226.SZ|512400.SH|512980.SH|513070.SH|513100.SH|513120.SH|513290.SH|513500.SH|515210.SH|518880.SH,0.5840431704489668,0.8532903457695046,annealing,0.28768664386904663,513750.SH,513120.SH
rolling_simulated_annealing,2024,2025,19,159518.SZ|159766.SZ|159980.SZ|159981.SZ|161226.SZ|512400.SH|513070.SH|513100.SH|513290.SH|513500.SH|513750.SH|515210.SH|518880.SH,0.3921744460940566,0.8532903457695046,annealing,0.27848325961159553,512980.SH,159766.SZ
rolling_simulated_annealing,2024,2025,20,159518.SZ|159766.SZ|159980.SZ|159981.SZ|161226.SZ|512100.SH|513070.SH|513100.SH|513290.SH|513500.SH|513750.SH|515210.SH|518880.SH,0.3175575830475307,0.8532903457695046,annealing,0.269574300846587,512400.SH,512100.SH
rolling_simulated_annealing,2024,2025,21,159518.SZ|159901.SZ|159980.SZ|159981.SZ|161226.SZ|512400.SH|513070.SH|513100.SH|513290.SH|513500.SH|513750.SH|515210.SH|518880.SH,0.6134524221720264,0.8532903457695046,annealing,0.26095034860723937,159766.SZ,159901.SZ
rolling_simulated_annealing,2024,2025,22,159518.SZ|159901.SZ|159980.SZ|159981.SZ|161226.SZ|512400.SH|513070.SH|513100.SH|513290.SH|513500.SH|513750.SH|518880.SH|563300.SH,0.7224400102301047,0.8532903457695046,annealing,0.25260228524896455,515210.SH,563300.SH
rolling_simulated_annealing,2024,2025,23,159518.SZ|159529.SZ|159901.SZ|159980.SZ|159981.SZ|161226.SZ|512400.SH|513070.SH|513290.SH|513500.SH|513750.SH|518880.SH|563300.SH,0.6017434610032885,0.8109949251878138,annealing,0.24452128480976887,513100.SH,159529.SZ
rolling_simulated_annealing,2024,2025,24,159518.SZ|159980.SZ|159981.SZ|161226.SZ|512200.SH|512400.SH|513070.SH|513100.SH|513290.SH|513500.SH|513750.SH|518880.SH|563300.SH,0.8351128374306492,0.8532903457695046,annealing,0.23669880367903437,159901.SZ,512200.SH
rolling_simulated_annealing,2024,2025,25,159518.SZ|159980.SZ|159981.SZ|161226.SZ|510180.SH|512200.SH|513070.SH|513100.SH|513290.SH|513500.SH|513750.SH|518880.SH|563300.SH,0.9822492647491949,0.8532903457695046,annealing,0.22912657156481517,512400.SH,510180.SH
rolling_simulated_annealing,2024,2025,26,159518.SZ|159981.SZ|161226.SZ|501018.SH|510180.SH|512200.SH|513070.SH|513100.SH|513290.SH|513500.SH|513750.SH|518880.SH|563300.SH,1.6303145977694462,0.8532903457695046,annealing,0.22179658275009892,159980.SZ,501018.SH
rolling_simulated_annealing,2024,2025,27,159518.SZ|159981.SZ|161226.SZ|501018.SH|510180.SH|512200.SH|513030.SH|513070.SH|513290.SH|513500.SH|513750.SH|518880.SH|563300.SH,1.0298350497126592,0.8109949251878138,annealing,0.21470108762878945,513100.SH,513030.SH
rolling_simulated_annealing,2024,2025,28,159981.SZ|161226.SZ|164824.SZ|501018.SH|510180.SH|512200.SH|513070.SH|513100.SH|513290.SH|513500.SH|513750.SH|518880.SH|563300.SH,1.246069323101831,0.8532903457695046,annealing,0.20783258451246167,159518.SZ,164824.SZ
rolling_simulated_annealing,2024,2025,29,159518.SZ|159980.SZ|159981.SZ|501018.SH|510180.SH|512200.SH|513070.SH|513100.SH|513290.SH|513500.SH|513750.SH|518880.SH|563300.SH,1.3048604147532639,0.8532903457695046,annealing,0.20118381169922656,161226.SZ,159980.SZ
rolling_simulated_annealing,2024,2025,30,159518.SZ|159980.SZ|159981.SZ|161226.SZ|501018.SH|510180.SH|512200.SH|513070.SH|513100.SH|513290.SH|513500.SH|513750.SH|563300.SH,1.3345082503372863,0.8532903457695046,annealing,0.19474773979632132,518880.SH,159980.SZ
rolling_simulated_annealing,2024,2025,31,159518.SZ|159981.SZ|161226.SZ|501018.SH|512170.SH|512200.SH|513070.SH|513100.SH|513290.SH|513500.SH|513750.SH|518880.SH|563300.SH,1.464777485517416,0.8532903457695046,annealing,0.18851756428830743,510180.SH,512170.SH
rolling_simulated_annealing,2024,2025,32,159518.SZ|159981.SZ|161226.SZ|501018.SH|512170.SH|512200.SH|513030.SH|513070.SH|513290.SH|513500.SH|513750.SH|518880.SH|563300.SH,0.816509480505806,0.8109949251878138,annealing,0.1824866983430194,513100.SH,513030.SH
rolling_simulated_annealing,2024,2025,33,159518.SZ|159985.SZ|161226.SZ|501018.SH|512170.SH|512200.SH|513070.SH|513100.SH|513290.SH|513500.SH|513750.SH|518880.SH|563300.SH,1.2827359779107668,0.8532903457695046,annealing,0.17664876584765868,159981.SZ,159985.SZ
rolling_simulated_annealing,2024,2025,34,159518.SZ|159980.SZ|161226.SZ|501018.SH|512170.SH|512200.SH|513070.SH|513100.SH|513290.SH|513500.SH|513750.SH|518880.SH|563300.SH,1.2351824769180415,0.8532903457695046,annealing,0.1709975946676697,159981.SZ,159980.SZ
rolling_simulated_annealing,2024,2025,35,159518.SZ|159981.SZ|161226.SZ|501018.SH|510300.SH|512170.SH|512200.SH|513070.SH|513100.SH|513290.SH|513500.SH|513750.SH|518880.SH,1.4280524804575876,0.8532903457695046,annealing,0.16552721012127136,563300.SH,510300.SH
rolling_simulated_annealing,2024,2025,36,159981.SZ|161226.SZ|501018.SH|510300.SH|512170.SH|512200.SH|513070.SH|513100.SH|513290.SH|513310.SH|513500.SH|513750.SH|518880.SH,1.1944246570535115,0.8532903457695046,annealing,0.16023182866274469,159518.SZ,513310.SH
rolling_simulated_annealing,2024,2025,37,159518.SZ|159981.SZ|161226.SZ|501018.SH|510210.SH|512170.SH|512200.SH|513070.SH|513100.SH|513290.SH|513500.SH|513750.SH|518880.SH,1.3920619816092001,0.8532903457695046,annealing,0.15510585176779862,510300.SH,510210.SH
rolling_simulated_annealing,2024,2025,38,159518.SZ|159687.SZ|159981.SZ|161226.SZ|501018.SH|510300.SH|512170.SH|512200.SH|513070.SH|513290.SH|513500.SH|513750.SH|518880.SH,1.131191834798352,0.8109949251878138,annealing,0.15014386001454888,513100.SH,159687.SZ
rolling_simulated_annealing,2024,2025,39,159518.SZ|159981.SZ|161226.SZ|501018.SH|512170.SH|512200.SH|513070.SH|513100.SH|513290.SH|513500.SH|513750.SH|516150.SH|518880.SH,1.425991416039377,0.8532903457695046,annealing,0.1453406073538524,510300.SH,516150.SH
rolling_simulated_annealing,2024,2025,40,159518.SZ|159981.SZ|159985.SZ|161226.SZ|512170.SH|512200.SH|513070.SH|513100.SH|513290.SH|513500.SH|513750.SH|516150.SH|518880.SH,0.4976753269313538,0.8532903457695046,annealing,0.1406910155629394,501018.SH,159985.SZ
rolling_simulated_annealing,2024,2025,41,159518.SZ|159980.SZ|161226.SZ|501018.SH|512170.SH|512200.SH|513070.SH|513100.SH|513290.SH|513500.SH|513750.SH|516150.SH|518880.SH,1.2254264192150193,0.8532903457695046,annealing,0.1361901688764795,159981.SZ,159980.SZ
rolling_simulated_annealing,2024,2025,42,159518.SZ|159870.SZ|159981.SZ|161226.SZ|501018.SH|512200.SH|513070.SH|513100.SH|513290.SH|513500.SH|513750.SH|516150.SH|518880.SH,1.5459349115037022,0.8532903457695046,annealing,0.13183330878940522,512170.SH,159870.SZ
rolling_simulated_annealing,2024,2025,43,159518.SZ|159870.SZ|159981.SZ|161226.SZ|501018.SH|512170.SH|512200.SH|513070.SH|513100.SH|513290.SH|513500.SH|513750.SH|518880.SH,1.3679621627262857,0.8532903457695046,annealing,0.1276158290259985,516150.SH,512170.SH
rolling_simulated_annealing,2024,2025,44,159518.SZ|159870.SZ|159981.SZ|161226.SZ|501018.SH|512200.SH|513070.SH|513290.SH|513500.SH|513730.SH|513750.SH|516150.SH|518880.SH,1.4013177887736552,0.8262157940202308,annealing,0.12353327066992105,513100.SH,513730.SH
rolling_simulated_annealing,2024,2025,45,159518.SZ|159870.SZ|159980.SZ|159981.SZ|501018.SH|512200.SH|513070.SH|513100.SH|513290.SH|513500.SH|513750.SH|516150.SH|518880.SH,1.2996131939812976,0.8532903457695046,annealing,0.1195813174500402,161226.SZ,159980.SZ
rolling_simulated_annealing,2024,2025,46,159518.SZ|159870.SZ|159985.SZ|161226.SZ|501018.SH|512200.SH|513070.SH|513100.SH|513290.SH|513500.SH|513750.SH|516150.SH|518880.SH,1.1804166846120223,0.8532903457695046,annealing,0.11575579117706547,159981.SZ,159985.SZ
rolling_simulated_annealing,2024,2025,47,159518.SZ|159870.SZ|159981.SZ|161226.SZ|501018.SH|512200.SH|513070.SH|513080.SH|513100.SH|513290.SH|513750.SH|516150.SH|518880.SH,1.1209081063965534,0.8262157940202308,annealing,0.11205264732617212,513500.SH,513080.SH
rolling_simulated_annealing,2024,2025,48,159518.SZ|159870.SZ|159981.SZ|161226.SZ|501018.SH|512800.SH|513070.SH|513100.SH|513290.SH|513500.SH|513750.SH|516150.SH|518880.SH,1.503074959350832,0.8532903457695046,annealing,0.10846797076094081,512200.SH,512800.SH
rolling_simulated_annealing,2024,2025,49,159518.SZ|159687.SZ|159870.SZ|159981.SZ|161226.SZ|501018.SH|512800.SH|513070.SH|513290.SH|513500.SH|513750.SH|516150.SH|518880.SH,1.4129041833393838,0.8262157940202308,annealing,0.10499797159409273,513100.SH,159687.SZ
rolling_simulated_annealing,2024,2025,50,159518.SZ|159870.SZ|159981.SZ|161226.SZ|501018.SH|512800.SH|513100.SH|513120.SH|513290.SH|513500.SH|513750.SH|516150.SH|518880.SH,1.5626276784134001,0.8532903457695046,annealing,0.10163898118064398,513070.SH,513120.SH
rolling_simulated_annealing,2024,2025,51,159518.SZ|159870.SZ|159985.SZ|161226.SZ|501018.SH|512800.SH|513100.SH|513120.SH|513290.SH|513500.SH|513750.SH|516150.SH|518880.SH,1.778274734047331,0.8532903457695046,annealing,0.09838744823924296,159981.SZ,159985.SZ
rolling_simulated_annealing,2024,2025,52,159518.SZ|159870.SZ|159985.SZ|161226.SZ|501018.SH|512800.SH|513070.SH|513100.SH|513290.SH|513500.SH|513750.SH|516150.SH|518880.SH,1.6893698215783233,0.8532903457695046,annealing,0.09523993509759009,513120.SH,513070.SH
rolling_simulated_annealing,2024,2025,53,159518.SZ|159870.SZ|159985.SZ|161226.SZ|501018.SH|512800.SH|513070.SH|513100.SH|513500.SH|513730.SH|513750.SH|516150.SH|518880.SH,1.8131707650575095,0.8532903457695046,annealing,0.09219311405797025,513290.SH,513730.SH
rolling_simulated_annealing,2024,2025,54,159518.SZ|159766.SZ|159870.SZ|159985.SZ|161226.SZ|501018.SH|512800.SH|513070.SH|513100.SH|513500.SH|513730.SH|513750.SH|518880.SH,1.9192935963209163,0.8532903457695046,annealing,0.08924376387905565,516150.SH,159766.SZ
rolling_simulated_annealing,2024,2025,55,159687.SZ|159766.SZ|159870.SZ|159985.SZ|161226.SZ|501018.SH|512800.SH|513070.SH|513100.SH|513500.SH|513730.SH|513750.SH|518880.SH,1.677970073878874,0.8532903457695046,annealing,0.08638876637025905,159518.SZ,159687.SZ
rolling_simulated_annealing,2024,2025,56,159518.SZ|159766.SZ|159870.SZ|159980.SZ|161226.SZ|501018.SH|512800.SH|513070.SH|513100.SH|513500.SH|513730.SH|513750.SH|518880.SH,1.5583183435961188,0.8532903457695046,annealing,0.08362510309503735,159985.SZ,159980.SZ
rolling_simulated_annealing,2024,2025,57,159518.SZ|159766.SZ|159870.SZ|159985.SZ|161226.SZ|501018.SH|512800.SH|513030.SH|513070.SH|513100.SH|513730.SH|513750.SH|518880.SH,1.2838223002938973,0.8109949251878138,annealing,0.08094985217965969,513500.SH,513030.SH
rolling_simulated_annealing,2024,2025,58,159518.SZ|159870.SZ|159985.SZ|161226.SZ|501018.SH|512800.SH|512880.SH|513070.SH|513100.SH|513500.SH|513730.SH|513750.SH|518880.SH,2.044472747011103,0.8532903457695046,annealing,0.07836018522406615,159766.SZ,512880.SH
rolling_simulated_annealing,2024,2025,59,159518.SZ|159529.SZ|159870.SZ|159985.SZ|161226.SZ|501018.SH|512800.SH|512880.SH|513070.SH|513100.SH|513730.SH|513750.SH|518880.SH,2.196327840359188,0.8109949251878138,annealing,0.07585336431155136,513500.SH,159529.SZ
rolling_simulated_annealing,2024,2025,60,159518.SZ|159529.SZ|159985.SZ|161226.SZ|501018.SH|512800.SH|512880.SH|513070.SH|513100.SH|513730.SH|513750.SH|518880.SH|562500.SH,2.1434258527150893,0.8109949251878138,annealing,0.07342673911411116,159870.SZ,562500.SH
rolling_simulated_annealing,2024,2025,61,159518.SZ|159529.SZ|159985.SZ|161226.SZ|164824.SZ|501018.SH|512800.SH|512880.SH|513070.SH|513100.SH|513750.SH|518880.SH|562500.SH,2.140421826895391,0.8109949251878138,annealing,0.07107774409039225,513730.SH,164824.SZ
rolling_simulated_annealing,2024,2025,62,159529.SZ|159985.SZ|161226.SZ|164824.SZ|501018.SH|512800.SH|512880.SH|513070.SH|513100.SH|513290.SH|513750.SH|518880.SH|562500.SH,2.3686592015428287,0.8109949251878138,annealing,0.06880389577328226,159518.SZ,513290.SH
rolling_simulated_annealing,2024,2025,63,159529.SZ|159981.SZ|159985.SZ|164824.SZ|501018.SH|512800.SH|512880.SH|513070.SH|513100.SH|513290.SH|513750.SH|518880.SH|562500.SH,2.0261041460104168,0.8109949251878138,annealing,0.06660279014427231,161226.SZ,159981.SZ
rolling_simulated_annealing,2024,2025,64,159529.SZ|159687.SZ|159985.SZ|161226.SZ|501018.SH|512800.SH|512880.SH|513070.SH|513100.SH|513290.SH|513750.SH|518880.SH|562500.SH,2.0710458637335014,0.8109949251878138,annealing,0.06447210009181673,164824.SZ,159687.SZ
rolling_simulated_annealing,2024,2025,65,159529.SZ|159985.SZ|161226.SZ|164824.SZ|501018.SH|512800.SH|512880.SH|513070.SH|513290.SH|513750.SH|513880.SH|518880.SH|562500.SH,1.7518007875425754,0.8109949251878138,annealing,0.06240957295100188,513100.SH,513880.SH
rolling_simulated_annealing,2024,2025,66,159529.SZ|159985.SZ|161226.SZ|501018.SH|512800.SH|512880.SH|513070.SH|513100.SH|513290.SH|513310.SH|513750.SH|518880.SH|562500.SH,1.9544305562902544,0.8109949251878138,annealing,0.06041302812192407,164824.SZ,513310.SH
rolling_simulated_annealing,2024,2025,67,159529.SZ|159920.SZ|159985.SZ|161226.SZ|164824.SZ|501018.SH|512800.SH|512880.SH|513100.SH|513290.SH|513750.SH|518880.SH|562500.SH,2.5902800136645445,0.8920130717054932,annealing,0.05848035476425733,513070.SH,159920.SZ
rolling_simulated_annealing,2024,2025,68,159529.SZ|159920.SZ|159985.SZ|161226.SZ|164824.SZ|501018.SH|512800.SH|512880.SH|513100.SH|513500.SH|513750.SH|518880.SH|562500.SH,2.309573621933062,0.8920130717054932,annealing,0.0566095095655747,513290.SH,513500.SH
rolling_simulated_annealing,2024,2025,69,159529.SZ|159920.SZ|159980.SZ|159985.SZ|164824.SZ|501018.SH|512800.SH|512880.SH|513100.SH|513290.SH|513750.SH|518880.SH|562500.SH,2.3668033051844564,0.8920130717054932,annealing,0.05479851458106304,161226.SZ,159980.SZ
rolling_simulated_annealing,2024,2025,70,159529.SZ|159920.SZ|159985.SZ|161226.SZ|164824.SZ|501018.SH|512800.SH|512880.SH|513290.SH|513310.SH|513750.SH|518880.SH|562500.SH,1.9409905204558944,0.8920130717054932,annealing,0.05304545514234737,513100.SH,513310.SH
rolling_simulated_annealing,2024,2025,71,159529.SZ|159920.SZ|159985.SZ|161226.SZ|501018.SH|512800.SH|512880.SH|513100.SH|513290.SH|513500.SH|513750.SH|518880.SH|562500.SH,2.3823186814183304,0.8920130717054932,annealing,0.05134847783321434,164824.SZ,513500.SH
rolling_simulated_annealing,2024,2025,72,159529.SZ|159920.SZ|159985.SZ|161226.SZ|501018.SH|512800.SH|512880.SH|513100.SH|513290.SH|513400.SH|513750.SH|518880.SH|562500.SH,2.5091671369824184,0.8920130717054932,annealing,0.049705788530093976,164824.SZ,513400.SH
rolling_simulated_annealing,2024,2025,73,159529.SZ|159920.SZ|159981.SZ|161226.SZ|164824.SZ|501018.SH|512800.SH|512880.SH|513100.SH|513290.SH|513750.SH|518880.SH|562500.SH,2.27766983635736,0.8920130717054932,annealing,0.04811565050522864,159985.SZ,159981.SZ
rolling_simulated_annealing,2024,2025,74,159687.SZ|159920.SZ|159985.SZ|161226.SZ|164824.SZ|501018.SH|512800.SH|512880.SH|513100.SH|513290.SH|513750.SH|518880.SH|562500.SH,2.1352729762232725,0.8920130717054932,annealing,0.046576382590523456,159529.SZ,159687.SZ
rolling_simulated_annealing,2024,2025,75,159529.SZ|159920.SZ|159985.SZ|161226.SZ|164824.SZ|501018.SH|512800.SH|512890.SH|513100.SH|513290.SH|513750.SH|518880.SH|562500.SH,1.6927336380632363,0.8920130717054932,annealing,0.045086357400136896,512880.SH,512890.SH
rolling_simulated_annealing,2024,2025,76,159509.SZ|159529.SZ|159920.SZ|159985.SZ|161226.SZ|164824.SZ|501018.SH|512800.SH|512880.SH|513290.SH|513750.SH|518880.SH|562500.SH,2.297433519783618,0.8920130717054932,annealing,0.043643999609932656,513100.SH,159509.SZ
rolling_simulated_annealing,2024,2025,77,159529.SZ|159920.SZ|159985.SZ|161226.SZ|164824.SZ|501018.SH|512800.SH|512880.SH|513100.SH|513120.SH|513290.SH|518880.SH|562500.SH,2.382033382693287,0.7889425391722841,annealing,0.04224778429197339,513750.SH,513120.SH
rolling_simulated_annealing,2024,2025,78,159529.SZ|159920.SZ|159985.SZ|161226.SZ|164824.SZ|501018.SH|512800.SH|512880.SH|513080.SH|513290.SH|513750.SH|518880.SH|562500.SH,1.7775812576275623,0.8920130717054932,annealing,0.04089623530229582,513100.SH,513080.SH
rolling_simulated_annealing,2024,2025,79,159529.SZ|159920.SZ|159985.SZ|161226.SZ|164824.SZ|501018.SH|510210.SH|512880.SH|513100.SH|513290.SH|513750.SH|518880.SH|562500.SH,2.0878367456839406,0.8920130717054932,annealing,0.03958792372026251,512800.SH,510210.SH
rolling_simulated_annealing,2024,2025,80,159529.SZ|159920.SZ|159981.SZ|159985.SZ|164824.SZ|501018.SH|512800.SH|512880.SH|513100.SH|513290.SH|513750.SH|518880.SH|562500.SH,2.1238116688288335,0.8920130717054932,annealing,0.03832146633784024,161226.SZ,159981.SZ
rolling_simulated_annealing,2024,2025,81,159920.SZ|159985.SZ|161226.SZ|164824.SZ|501018.SH|512800.SH|512880.SH|513100.SH|513290.SH|513500.SH|513750.SH|518880.SH|562500.SH,2.033602635469713,0.8920130717054932,annealing,0.03709552419720801,159529.SZ,513500.SH
rolling_simulated_annealing,2024,2025,82,159529.SZ|159920.SZ|159985.SZ|161226.SZ|164824.SZ|501018.SH|510880.SH|512800.SH|513100.SH|513290.SH|513750.SH|518880.SH|562500.SH,1.8221147367635238,0.8920130717054932,annealing,0.03590880117514833,512880.SH,510880.SH
rolling_simulated_annealing,2024,2025,83,159529.SZ|159920.SZ|159985.SZ|160644.SZ|161226.SZ|164824.SZ|501018.SH|512800.SH|512880.SH|513290.SH|513750.SH|518880.SH|562500.SH,1.9527362364837892,0.8920130717054932,annealing,0.03476004261272534,513100.SH,160644.SZ
rolling_simulated_annealing,2024,2025,84,159529.SZ|159920.SZ|159981.SZ|159985.SZ|161226.SZ|164824.SZ|512800.SH|512880.SH|513100.SH|513290.SH|513750.SH|518880.SH|562500.SH,1.9476607339919056,0.8920130717054932,annealing,0.033648033988800806,501018.SH,159981.SZ
rolling_simulated_annealing,2024,2025,85,159920.SZ|159985.SZ|160644.SZ|161226.SZ|164824.SZ|501018.SH|512800.SH|512880.SH|513100.SH|513290.SH|513750.SH|518880.SH|562500.SH,1.8459033021281088,0.8920130717054932,annealing,0.03257159963598576,159529.SZ,160644.SZ
rolling_simulated_annealing,2024,2025,86,159920.SZ|159985.SZ|161226.SZ|164824.SZ|501018.SH|512800.SH|512880.SH|513100.SH|513290.SH|513310.SH|513750.SH|518880.SH|562500.SH,2.025093731061135,0.8920130717054932,annealing,0.03152960149767008,159529.SZ,513310.SH
rolling_simulated_annealing,2024,2025,87,159529.SZ|159920.SZ|159985.SZ|161226.SZ|164824.SZ|501018.SH|512800.SH|512880.SH|513100.SH|513730.SH|513750.SH|518880.SH|562500.SH,2.132164485603948,0.8920130717054932,annealing,0.030520937924815954,513290.SH,513730.SH
rolling_simulated_annealing,2024,2025,88,159529.SZ|159920.SZ|159985.SZ|161226.SZ|164824.SZ|501018.SH|512880.SH|513100.SH|513290.SH|513750.SH|515210.SH|518880.SH|562500.SH,1.8618325753139828,0.8920130717054932,annealing,0.02954454251124314,512800.SH,515210.SH
rolling_simulated_annealing,2024,2025,89,159529.SZ|159920.SZ|159985.SZ|161226.SZ|164824.SZ|501018.SH|512800.SH|512880.SH|513100.SH|513290.SH|513750.SH|518880.SH|563300.SH,2.295022976760987,0.8920130717054932,annealing,0.02859938296617458,562500.SH,563300.SH
rolling_simulated_annealing,2024,2025,90,159529.SZ|159920.SZ|159980.SZ|159985.SZ|161226.SZ|164824.SZ|512800.SH|512880.SH|513100.SH|513290.SH|513750.SH|518880.SH|562500.SH,2.32167919336269,0.8920130717054932,annealing,0.02768446002285045,501018.SH,159980.SZ
rolling_simulated_annealing,2024,2025,91,159509.SZ|159920.SZ|159985.SZ|161226.SZ|164824.SZ|501018.SH|512800.SH|512880.SH|513100.SH|513290.SH|513750.SH|518880.SH|562500.SH,2.52510845946502,0.8920130717054932,annealing,0.026798806382056773,159529.SZ,159509.SZ
rolling_simulated_annealing,2024,2025,92,159529.SZ|159920.SZ|159985.SZ|161226.SZ|164824.SZ|501018.SH|512100.SH|512800.SH|512880.SH|513100.SH|513290.SH|513750.SH|518880.SH,2.3991908060447287,0.8920130717054932,annealing,0.02594148568945148,562500.SH,512100.SH
rolling_simulated_annealing,2024,2025,93,159529.SZ|159920.SZ|159980.SZ|161226.SZ|164824.SZ|501018.SH|512800.SH|512880.SH|513100.SH|513290.SH|513750.SH|518880.SH|562500.SH,2.325166281528246,0.8920130717054932,annealing,0.025111591545607014,159985.SZ,159980.SZ
rolling_simulated_annealing,2024,2025,94,159920.SZ|159985.SZ|161226.SZ|164824.SZ|501018.SH|512800.SH|512880.SH|513030.SH|513100.SH|513290.SH|513750.SH|518880.SH|562500.SH,1.758239037936944,0.8920130717054932,annealing,0.024308246547722494,159529.SZ,513030.SH
rolling_simulated_annealing,2024,2025,95,159529.SZ|159920.SZ|159985.SZ|161226.SZ|164824.SZ|501018.SH|512880.SH|513100.SH|513290.SH|513750.SH|518880.SH|562500.SH|588000.SH,1.6513814538635114,0.8920130717054932,annealing,0.02353060136199262,512800.SH,588000.SH
rolling_simulated_annealing,2024,2025,96,159529.SZ|159865.SZ|159920.SZ|159985.SZ|161226.SZ|164824.SZ|501018.SH|512800.SH|512880.SH|513100.SH|513290.SH|513750.SH|518880.SH,2.3599765577079985,0.8920130717054932,annealing,0.022777833825652294,562500.SH,159865.SZ
rolling_simulated_annealing,2024,2025,97,159529.SZ|159869.SZ|159920.SZ|159985.SZ|161226.SZ|164824.SZ|501018.SH|512800.SH|512880.SH|513100.SH|513290.SH|513750.SH|518880.SH,2.3069532441326226,0.8920130717054932,annealing,0.02204914807774781,562500.SH,159869.SZ
rolling_simulated_annealing,2024,2025,98,159529.SZ|159920.SZ|159985.SZ|161226.SZ|164824.SZ|501018.SH|512800.SH|512880.SH|513290.SH|513500.SH|513750.SH|518880.SH|562500.SH,2.253420799968812,0.8920130717054932,annealing,0.021343773717715567,513100.SH,513500.SH
rolling_simulated_annealing,2024,2025,99,159529.SZ|159920.SZ|159980.SZ|159985.SZ|161226.SZ|164824.SZ|501018.SH|512800.SH|512880.SH|513100.SH|513290.SH|513750.SH|562500.SH,2.459136192261112,0.8920130717054932,annealing,0.020660964990878602,518880.SH,159980.SZ
rolling_simulated_annealing,2024,2025,100,159529.SZ|159920.SZ|159981.SZ|159985.SZ|161226.SZ|164824.SZ|501018.SH|512800.SH|512880.SH|513100.SH|513290.SH|513750.SH|562500.SH,1.978229284514122,0.8920130717054932,annealing,0.02,518880.SH,159981.SZ
rolling_simulated_annealing,2025,2026,1,159329.SZ|159518.SZ|159920.SZ|159980.SZ|161226.SZ|501018.SH|510050.SH|512880.SH|513180.SH|513500.SH|513730.SH|515210.SH|518880.SH,0.48897666768898607,0.9154186634947195,initial,,,
rolling_simulated_annealing,2025,2026,2,159329.SZ|159518.SZ|159920.SZ|159980.SZ|159985.SZ|161226.SZ|510050.SH|512880.SH|513180.SH|513500.SH|513730.SH|515210.SH|518880.SH,0.27473107563000204,0.9154186634947195,annealing,0.4840044985514857,501018.SH,159985.SZ
rolling_simulated_annealing,2025,2026,3,159329.SZ|159518.SZ|159920.SZ|159980.SZ|159981.SZ|161226.SZ|501018.SH|510050.SH|512880.SH|513180.SH|513500.SH|513730.SH|515210.SH,0.013352767250063671,0.9154186634947195,annealing,0.4685207092361502,518880.SH,159981.SZ
rolling_simulated_annealing,2025,2026,4,159329.SZ|159518.SZ|159920.SZ|159980.SZ|159981.SZ|161226.SZ|510050.SH|512880.SH|513180.SH|513500.SH|513730.SH|515210.SH|518880.SH,0.3580750474347086,0.9154186634947195,annealing,0.4535322618696586,501018.SH,518880.SH
rolling_simulated_annealing,2025,2026,5,159329.SZ|159518.SZ|159920.SZ|159980.SZ|159981.SZ|501018.SH|510050.SH|512880.SH|513180.SH|513500.SH|513730.SH|515210.SH|518880.SH,0.5441203968463018,0.9154186634947195,annealing,0.4390233099662904,161226.SZ,501018.SH
rolling_simulated_annealing,2025,2026,6,159329.SZ|159518.SZ|159851.SZ|159920.SZ|159980.SZ|159981.SZ|501018.SH|510050.SH|513180.SH|513500.SH|513730.SH|515210.SH|518880.SH,0.433664624239644,0.9154186634947195,annealing,0.42497851398529574,512880.SH,159851.SZ
rolling_simulated_annealing,2025,2026,7,159329.SZ|159518.SZ|159851.SZ|159920.SZ|159980.SZ|159981.SZ|501018.SH|512660.SH|513180.SH|513500.SH|513730.SH|515210.SH|518880.SH,0.4277423243984903,0.9154186634947195,annealing,0.41138302511321717,510050.SH,512660.SH
rolling_simulated_annealing,2025,2026,8,159329.SZ|159518.SZ|159851.SZ|159920.SZ|159980.SZ|159985.SZ|501018.SH|512660.SH|513180.SH|513500.SH|513730.SH|515210.SH|518880.SH,0.06237529246818431,0.9154186634947195,annealing,0.3982224695650319,159981.SZ,159985.SZ
rolling_simulated_annealing,2025,2026,9,159329.SZ|159518.SZ|159687.SZ|159851.SZ|159920.SZ|159980.SZ|159981.SZ|501018.SH|512660.SH|513180.SH|513500.SH|515210.SH|518880.SH,0.399913785899956,0.9154186634947195,annealing,0.385482933387515,513730.SH,159687.SZ
rolling_simulated_annealing,2025,2026,10,159329.SZ|159518.SZ|159529.SZ|159687.SZ|159851.SZ|159920.SZ|159980.SZ|159981.SZ|501018.SH|512660.SH|513180.SH|515210.SH|518880.SH,0.5861280605050574,0.9154186634947195,annealing,0.37315094774875995,513500.SH,159529.SZ
rolling_simulated_annealing,2025,2026,11,159329.SZ|159518.SZ|159529.SZ|159687.SZ|159851.SZ|159920.SZ|159981.SZ|161226.SZ|501018.SH|512660.SH|513180.SH|515210.SH|518880.SH,0.26342512717788014,0.9154186634947195,annealing,0.3612134746983004,159980.SZ,161226.SZ
rolling_simulated_annealing,2025,2026,12,159329.SZ|159518.SZ|159529.SZ|159687.SZ|159851.SZ|159920.SZ|159980.SZ|159981.SZ|501018.SH|513180.SH|515210.SH|518880.SH|588000.SH,0.6845594864618748,0.9154186634947195,annealing,0.34965789338278125,512660.SH,588000.SH
rolling_simulated_annealing,2025,2026,13,159329.SZ|159518.SZ|159529.SZ|159687.SZ|159851.SZ|159920.SZ|159980.SZ|159981.SZ|501018.SH|513180.SH|515790.SH|518880.SH|588000.SH,0.6103948538146925,0.9154186634947195,annealing,0.33847198670260376,515210.SH,515790.SH
rolling_simulated_annealing,2025,2026,14,159329.SZ|159518.SZ|159529.SZ|159687.SZ|159851.SZ|159920.SZ|159981.SZ|159985.SZ|501018.SH|513180.SH|515210.SH|518880.SH|588000.SH,-0.1091577864845311,0.9154186634947195,annealing,0.3276439283954377,159980.SZ,159985.SZ
rolling_simulated_annealing,2025,2026,15,159329.SZ|159518.SZ|159529.SZ|159687.SZ|159851.SZ|159920.SZ|159980.SZ|159985.SZ|501018.SH|513180.SH|515210.SH|518880.SH|588000.SH,0.08220491591049765,0.9154186634947195,annealing,0.31716227053294543,159981.SZ,159985.SZ
rolling_simulated_annealing,2025,2026,16,159329.SZ|159529.SZ|159687.SZ|159851.SZ|159920.SZ|159980.SZ|159981.SZ|501018.SH|513180.SH|513730.SH|515210.SH|518880.SH|588000.SH,1.197135659521121,0.9154186634947195,annealing,0.3070159314174978,159518.SZ,513730.SH
rolling_simulated_annealing,2025,2026,17,159329.SZ|159529.SZ|159687.SZ|159920.SZ|159980.SZ|159981.SZ|501018.SH|513180.SH|513730.SH|515210.SH|515220.SH|518880.SH|588000.SH,1.0877424667621527,0.9154186634947195,annealing,0.2971941838660867,159851.SZ,515220.SH
rolling_simulated_annealing,2025,2026,18,159329.SZ|159529.SZ|159920.SZ|159980.SZ|159981.SZ|501018.SH|513080.SH|513180.SH|513730.SH|515210.SH|515220.SH|518880.SH|588000.SH,1.0161828197553298,0.9154186634947195,annealing,0.28768664386904663,159687.SZ,513080.SH
rolling_simulated_annealing,2025,2026,19,159329.SZ|159529.SZ|159920.SZ|159980.SZ|159981.SZ|161226.SZ|501018.SH|513080.SH|513180.SH|513730.SH|515210.SH|515220.SH|588000.SH,0.49645323088120447,0.9154186634947195,annealing,0.27848325961159553,518880.SH,161226.SZ
rolling_simulated_annealing,2025,2026,20,159329.SZ|159920.SZ|159980.SZ|159981.SZ|164824.SZ|501018.SH|513080.SH|513180.SH|513730.SH|515210.SH|515220.SH|518880.SH|588000.SH,0.7635523855012333,0.9154186634947195,annealing,0.269574300846587,159529.SZ,164824.SZ
rolling_simulated_annealing,2025,2026,21,159529.SZ|159920.SZ|159980.SZ|159981.SZ|164824.SZ|501018.SH|513080.SH|513180.SH|513730.SH|515210.SH|515220.SH|518880.SH|588000.SH,0.8525562820575281,0.9154186634947195,annealing,0.26095034860723937,159329.SZ,159529.SZ
rolling_simulated_annealing,2025,2026,22,159529.SZ|159920.SZ|159980.SZ|159981.SZ|164824.SZ|501018.SH|513080.SH|513730.SH|513750.SH|515210.SH|515220.SH|518880.SH|588000.SH,1.1579723205715038,0.8342956687363152,annealing,0.25260228524896455,513180.SH,513750.SH
rolling_simulated_annealing,2025,2026,23,159920.SZ|159980.SZ|159981.SZ|164824.SZ|501018.SH|513080.SH|513730.SH|513750.SH|513880.SH|515210.SH|515220.SH|518880.SH|588000.SH,1.3693095110888753,0.8342956687363152,annealing,0.24452128480976887,159529.SZ,513880.SH
rolling_simulated_annealing,2025,2026,24,159980.SZ|159981.SZ|164824.SZ|501018.SH|513080.SH|513120.SH|513730.SH|513750.SH|513880.SH|515210.SH|515220.SH|518880.SH|588000.SH,1.5231369753725226,0.6633214241297003,annealing,0.23669880367903437,159920.SZ,513120.SH
rolling_simulated_annealing,2025,2026,25,159518.SZ|159980.SZ|159981.SZ|164824.SZ|501018.SH|513080.SH|513120.SH|513730.SH|513750.SH|515210.SH|515220.SH|518880.SH|588000.SH,0.9466250252791727,0.5995464015199176,annealing,0.22912657156481517,513880.SH,159518.SZ
rolling_simulated_annealing,2025,2026,26,159980.SZ|159981.SZ|161226.SZ|164824.SZ|513080.SH|513120.SH|513730.SH|513750.SH|513880.SH|515210.SH|515220.SH|518880.SH|588000.SH,1.7476955708362487,0.6633214241297003,annealing,0.22179658275009892,501018.SH,161226.SZ
rolling_simulated_annealing,2025,2026,27,159980.SZ|159981.SZ|161226.SZ|164824.SZ|513080.SH|513120.SH|513180.SH|513730.SH|513880.SH|515210.SH|515220.SH|518880.SH|588000.SH,1.4544169674635854,0.6633214241297003,annealing,0.21470108762878945,513750.SH,513180.SH
rolling_simulated_annealing,2025,2026,28,159981.SZ|159985.SZ|161226.SZ|164824.SZ|513080.SH|513120.SH|513180.SH|513730.SH|513880.SH|515210.SH|515220.SH|518880.SH|588000.SH,1.445908122803753,0.6633214241297003,annealing,0.20783258451246167,159980.SZ,159985.SZ
rolling_simulated_annealing,2025,2026,29,159852.SZ|159980.SZ|159981.SZ|161226.SZ|164824.SZ|513080.SH|513120.SH|513180.SH|513730.SH|513880.SH|515210.SH|515220.SH|518880.SH,1.3523250702680327,0.6633214241297003,annealing,0.20118381169922656,588000.SH,159852.SZ
rolling_simulated_annealing,2025,2026,30,159980.SZ|159981.SZ|164824.SZ|501018.SH|513080.SH|513120.SH|513180.SH|513730.SH|513880.SH|515210.SH|515220.SH|518880.SH|588000.SH,1.3277648536383468,0.6633214241297003,annealing,0.19474773979632132,161226.SZ,501018.SH
rolling_simulated_annealing,2025,2026,31,159980.SZ|159981.SZ|164824.SZ|501018.SH|513030.SH|513080.SH|513120.SH|513180.SH|513880.SH|515210.SH|515220.SH|518880.SH|588000.SH,1.214479120688959,0.8203596986693006,annealing,0.18851756428830743,513730.SH,513030.SH
rolling_simulated_annealing,2025,2026,32,159980.SZ|159985.SZ|164824.SZ|501018.SH|513080.SH|513120.SH|513180.SH|513730.SH|513880.SH|515210.SH|515220.SH|518880.SH|588000.SH,1.6059893055393477,0.6633214241297003,annealing,0.1824866983430194,159981.SZ,159985.SZ
rolling_simulated_annealing,2025,2026,33,159980.SZ|159985.SZ|164824.SZ|501018.SH|513080.SH|513120.SH|513180.SH|513400.SH|513880.SH|515210.SH|515220.SH|518880.SH|588000.SH,1.4007473303415052,0.6998965492931684,annealing,0.17664876584765868,513730.SH,513400.SH
rolling_simulated_annealing,2025,2026,34,159980.SZ|159985.SZ|164824.SZ|501018.SH|513120.SH|513180.SH|513400.SH|513730.SH|513880.SH|515210.SH|515220.SH|518880.SH|588000.SH,1.3048955960024697,0.7149329360815625,annealing,0.1709975946676697,513080.SH,513400.SH
rolling_simulated_annealing,2025,2026,35,159920.SZ|159980.SZ|159985.SZ|164824.SZ|501018.SH|513080.SH|513120.SH|513730.SH|513880.SH|515210.SH|515220.SH|518880.SH|588000.SH,1.5719936177612261,0.6633214241297003,annealing,0.16552721012127136,513180.SH,159920.SZ
rolling_simulated_annealing,2025,2026,36,159980.SZ|159981.SZ|159985.SZ|164824.SZ|513080.SH|513120.SH|513180.SH|513730.SH|513880.SH|515210.SH|515220.SH|518880.SH|588000.SH,1.3082573159961397,0.6633214241297003,annealing,0.16023182866274469,501018.SH,159981.SZ
rolling_simulated_annealing,2025,2026,37,159980.SZ|159985.SZ|164824.SZ|501018.SH|510050.SH|513080.SH|513120.SH|513180.SH|513730.SH|513880.SH|515210.SH|515220.SH|518880.SH,1.011066627314035,0.6633214241297003,annealing,0.15510585176779862,588000.SH,510050.SH
rolling_simulated_annealing,2025,2026,38,159981.SZ|159985.SZ|164824.SZ|501018.SH|513080.SH|513120.SH|513180.SH|513730.SH|513880.SH|515210.SH|515220.SH|518880.SH|588000.SH,1.298816100195327,0.6633214241297003,annealing,0.15014386001454888,159980.SZ,159981.SZ
rolling_simulated_annealing,2025,2026,39,159518.SZ|159980.SZ|159985.SZ|164824.SZ|501018.SH|513080.SH|513120.SH|513180.SH|513730.SH|515210.SH|515220.SH|518880.SH|588000.SH,0.7915384763134762,0.5995464015199176,annealing,0.1453406073538524,513880.SH,159518.SZ
rolling_simulated_annealing,2025,2026,40,159980.SZ|161226.SZ|164824.SZ|501018.SH|513080.SH|513120.SH|513180.SH|513730.SH|513880.SH|515210.SH|515220.SH|518880.SH|588000.SH,1.6429479154541682,0.6633214241297003,annealing,0.1406910155629394,159985.SZ,161226.SZ
rolling_simulated_annealing,2025,2026,41,159865.SZ|159980.SZ|161226.SZ|164824.SZ|501018.SH|513080.SH|513120.SH|513180.SH|513730.SH|513880.SH|515220.SH|518880.SH|588000.SH,1.4222106630824347,0.6633214241297003,annealing,0.1361901688764795,515210.SH,159865.SZ
rolling_simulated_annealing,2025,2026,42,159981.SZ|161226.SZ|164824.SZ|501018.SH|513080.SH|513120.SH|513180.SH|513730.SH|513880.SH|515210.SH|515220.SH|518880.SH|588000.SH,1.5295272587832056,0.6633214241297003,annealing,0.13183330878940522,159980.SZ,159981.SZ
rolling_simulated_annealing,2025,2026,43,159518.SZ|159980.SZ|161226.SZ|164824.SZ|501018.SH|513080.SH|513120.SH|513180.SH|513730.SH|515210.SH|515220.SH|518880.SH|588000.SH,0.9387940969176528,0.5995464015199176,annealing,0.1276158290259985,513880.SH,159518.SZ
rolling_simulated_annealing,2025,2026,44,159980.SZ|159985.SZ|161226.SZ|164824.SZ|501018.SH|513080.SH|513120.SH|513180.SH|513730.SH|513880.SH|515210.SH|515220.SH|588000.SH,0.7028940000736598,0.6633214241297003,annealing,0.12353327066992105,518880.SH,159985.SZ
rolling_simulated_annealing,2025,2026,45,159980.SZ|161226.SZ|164824.SZ|501018.SH|513100.SH|513120.SH|513180.SH|513730.SH|513880.SH|515210.SH|515220.SH|518880.SH|588000.SH,1.5251786634773603,0.8121121546849319,annealing,0.1195813174500402,513080.SH,513100.SH
rolling_simulated_annealing,2025,2026,46,159980.SZ|161226.SZ|164824.SZ|501018.SH|513100.SH|513180.SH|513730.SH|513750.SH|513880.SH|515210.SH|515220.SH|518880.SH|588000.SH,1.3165238090962348,0.8121121546849319,annealing,0.11575579117706547,513120.SH,513750.SH
rolling_simulated_annealing,2025,2026,47,159980.SZ|161226.SZ|501018.SH|513100.SH|513120.SH|513180.SH|513290.SH|513730.SH|513880.SH|515210.SH|515220.SH|518880.SH|588000.SH,1.4206770412816376,0.8121121546849319,annealing,0.11205264732617212,164824.SZ,513290.SH
rolling_simulated_annealing,2025,2026,48,159980.SZ|161226.SZ|501018.SH|510180.SH|513100.SH|513120.SH|513180.SH|513290.SH|513730.SH|513880.SH|515220.SH|518880.SH|588000.SH,1.3937288400321326,0.8121121546849319,annealing,0.10846797076094081,515210.SH,510180.SH
rolling_simulated_annealing,2025,2026,49,159980.SZ|161226.SZ|501018.SH|510180.SH|513030.SH|513100.SH|513120.SH|513180.SH|513730.SH|513880.SH|515220.SH|518880.SH|588000.SH,1.323810469280619,0.8121121546849319,annealing,0.10499797159409273,513290.SH,513030.SH
rolling_simulated_annealing,2025,2026,50,159920.SZ|159980.SZ|161226.SZ|501018.SH|510180.SH|513030.SH|513100.SH|513180.SH|513730.SH|513880.SH|515220.SH|518880.SH|588000.SH,1.0271835668820015,0.9154186634947195,annealing,0.10163898118064398,513120.SH,159920.SZ
rolling_simulated_annealing,2025,2026,51,159980.SZ|161226.SZ|501018.SH|510180.SH|513030.SH|513100.SH|513120.SH|513180.SH|513730.SH|513880.SH|515220.SH|518880.SH|588220.SH,1.322964251407972,0.8121121546849319,annealing,0.09838744823924296,588000.SH,588220.SH
rolling_simulated_annealing,2025,2026,52,159980.SZ|161226.SZ|501018.SH|510180.SH|513100.SH|513120.SH|513180.SH|513290.SH|513730.SH|513880.SH|515220.SH|518880.SH|588220.SH,1.2368527047658633,0.8121121546849319,annealing,0.09523993509759009,513030.SH,513290.SH
rolling_simulated_annealing,2025,2026,53,159206.SZ|159980.SZ|161226.SZ|501018.SH|513030.SH|513100.SH|513120.SH|513180.SH|513730.SH|513880.SH|515220.SH|518880.SH|588220.SH,1.315348414730963,0.8121121546849319,annealing,0.09219311405797025,510180.SH,159206.SZ
rolling_simulated_annealing,2025,2026,54,159206.SZ|159980.SZ|161226.SZ|501018.SH|513030.SH|513100.SH|513120.SH|513180.SH|513730.SH|513880.SH|515790.SH|518880.SH|588220.SH,1.689055013962421,0.8121121546849319,annealing,0.08924376387905565,515220.SH,515790.SH
rolling_simulated_annealing,2025,2026,55,159206.SZ|159980.SZ|161226.SZ|501018.SH|513030.SH|513100.SH|513120.SH|513180.SH|513730.SH|513880.SH|515790.SH|515880.SH|518880.SH,1.807452945695364,0.8121121546849319,annealing,0.08638876637025905,588220.SH,515880.SH
rolling_simulated_annealing,2025,2026,56,159206.SZ|159980.SZ|161226.SZ|501018.SH|513100.SH|513120.SH|513180.SH|513400.SH|513730.SH|513880.SH|515790.SH|515880.SH|518880.SH,1.9363691896042559,0.8435159933897625,annealing,0.08362510309503735,513030.SH,513400.SH
rolling_simulated_annealing,2025,2026,57,159206.SZ|159980.SZ|159981.SZ|161226.SZ|501018.SH|513100.SH|513120.SH|513180.SH|513400.SH|513730.SH|513880.SH|515790.SH|515880.SH,1.1220399927117592,0.8435159933897625,annealing,0.08094985217965969,518880.SH,159981.SZ
rolling_simulated_annealing,2025,2026,58,159206.SZ|159529.SZ|159980.SZ|161226.SZ|501018.SH|513100.SH|513120.SH|513180.SH|513400.SH|513880.SH|515790.SH|515880.SH|518880.SH,2.102647740055559,0.8435159933897625,annealing,0.07836018522406615,513730.SH,159529.SZ
rolling_simulated_annealing,2025,2026,59,159206.SZ|159529.SZ|159915.SZ|159980.SZ|161226.SZ|501018.SH|513100.SH|513120.SH|513180.SH|513400.SH|513880.SH|515790.SH|518880.SH,1.82605022148077,0.8435159933897625,annealing,0.07585336431155136,515880.SH,159915.SZ
rolling_simulated_annealing,2025,2026,60,159206.SZ|159529.SZ|159980.SZ|161226.SZ|501018.SH|513100.SH|513120.SH|513400.SH|513750.SH|513880.SH|515790.SH|515880.SH|518880.SH,2.4407462412611753,0.8435159933897625,annealing,0.07342673911411116,513180.SH,513750.SH
rolling_simulated_annealing,2025,2026,61,159206.SZ|159529.SZ|159980.SZ|161226.SZ|501018.SH|513100.SH|513180.SH|513400.SH|513750.SH|513880.SH|515790.SH|515880.SH|518880.SH,2.0539096361013494,0.8435159933897625,annealing,0.07107774409039225,513120.SH,513180.SH
rolling_simulated_annealing,2025,2026,62,159206.SZ|159529.SZ|159985.SZ|161226.SZ|501018.SH|513100.SH|513120.SH|513400.SH|513750.SH|513880.SH|515790.SH|515880.SH|518880.SH,2.598708816648504,0.8435159933897625,annealing,0.06880389577328226,159980.SZ,159985.SZ
rolling_simulated_annealing,2025,2026,63,159206.SZ|159529.SZ|159985.SZ|161226.SZ|501018.SH|513100.SH|513180.SH|513400.SH|513750.SH|513880.SH|515790.SH|515880.SH|518880.SH,2.227162412153194,0.8435159933897625,annealing,0.06660279014427231,513120.SH,513180.SH
rolling_simulated_annealing,2025,2026,64,159529.SZ|159865.SZ|159985.SZ|161226.SZ|501018.SH|513100.SH|513120.SH|513400.SH|513750.SH|513880.SH|515790.SH|515880.SH|518880.SH,2.1587679231390933,0.8435159933897625,annealing,0.06447210009181673,159206.SZ,159865.SZ
rolling_simulated_annealing,2025,2026,65,159206.SZ|159529.SZ|159920.SZ|159985.SZ|161226.SZ|501018.SH|513100.SH|513400.SH|513750.SH|513880.SH|515790.SH|515880.SH|518880.SH,2.5848621830793603,0.8435159933897625,annealing,0.06240957295100188,513120.SH,159920.SZ
rolling_simulated_annealing,2025,2026,66,159206.SZ|159529.SZ|159920.SZ|159980.SZ|159985.SZ|161226.SZ|513100.SH|513400.SH|513750.SH|513880.SH|515790.SH|515880.SH|518880.SH,2.4546432239442306,0.8435159933897625,annealing,0.06041302812192407,501018.SH,159980.SZ
rolling_simulated_annealing,2025,2026,67,159529.SZ|159611.SZ|159920.SZ|159985.SZ|161226.SZ|501018.SH|513100.SH|513400.SH|513750.SH|513880.SH|515790.SH|515880.SH|518880.SH,2.226209437500381,0.8435159933897625,annealing,0.05848035476425733,159206.SZ,159611.SZ
rolling_simulated_annealing,2025,2026,68,159206.SZ|159529.SZ|159920.SZ|159981.SZ|161226.SZ|501018.SH|513100.SH|513400.SH|513750.SH|513880.SH|515790.SH|515880.SH|518880.SH,2.5968462971513184,0.8435159933897625,annealing,0.0566095095655747,159985.SZ,159981.SZ
rolling_simulated_annealing,2025,2026,69,159206.SZ|159529.SZ|159920.SZ|159980.SZ|161226.SZ|501018.SH|513100.SH|513400.SH|513750.SH|513880.SH|515790.SH|515880.SH|518880.SH,2.378153159034266,0.8435159933897625,annealing,0.05479851458106304,159981.SZ,159980.SZ
rolling_simulated_annealing,2025,2026,70,159206.SZ|159518.SZ|159529.SZ|159920.SZ|159981.SZ|161226.SZ|501018.SH|513100.SH|513400.SH|513750.SH|515790.SH|515880.SH|518880.SH,1.7101429250649403,0.8435159933897625,annealing,0.05304545514234737,513880.SH,159518.SZ
rolling_simulated_annealing,2025,2026,71,159529.SZ|159869.SZ|159920.SZ|159981.SZ|161226.SZ|501018.SH|513100.SH|513400.SH|513750.SH|513880.SH|515790.SH|515880.SH|518880.SH,1.6214104720118503,0.8435159933897625,annealing,0.05134847783321434,159206.SZ,159869.SZ
rolling_simulated_annealing,2025,2026,72,159206.SZ|159529.SZ|159920.SZ|159981.SZ|159985.SZ|501018.SH|513100.SH|513400.SH|513750.SH|513880.SH|515790.SH|515880.SH|518880.SH,2.0524229883943317,0.8435159933897625,annealing,0.049705788530093976,161226.SZ,159985.SZ
rolling_simulated_annealing,2025,2026,73,159206.SZ|159920.SZ|159981.SZ|161226.SZ|501018.SH|513100.SH|513400.SH|513730.SH|513750.SH|513880.SH|515790.SH|515880.SH|518880.SH,2.149781071506349,0.8435159933897625,annealing,0.04811565050522864,159529.SZ,513730.SH
rolling_simulated_annealing,2025,2026,74,159206.SZ|159529.SZ|159920.SZ|159980.SZ|159981.SZ|161226.SZ|513100.SH|513400.SH|513750.SH|513880.SH|515790.SH|515880.SH|518880.SH,2.768371629301376,0.8435159933897625,annealing,0.046576382590523456,501018.SH,159980.SZ
rolling_simulated_annealing,2025,2026,75,159206.SZ|159529.SZ|159920.SZ|159980.SZ|159981.SZ|160644.SZ|161226.SZ|513400.SH|513750.SH|513880.SH|515790.SH|515880.SH|518880.SH,2.5060779445954244,0.8342956687363152,annealing,0.045086357400136896,513100.SH,160644.SZ
rolling_simulated_annealing,2025,2026,76,159206.SZ|159529.SZ|159920.SZ|159980.SZ|159981.SZ|501018.SH|513100.SH|513400.SH|513750.SH|513880.SH|515790.SH|515880.SH|518880.SH,1.9675467448239876,0.8435159933897625,annealing,0.043643999609932656,161226.SZ,501018.SH
rolling_simulated_annealing,2025,2026,77,159529.SZ|159920.SZ|159980.SZ|159981.SZ|161226.SZ|510500.SH|513100.SH|513400.SH|513750.SH|513880.SH|515790.SH|515880.SH|518880.SH,2.3145412374310665,0.8435159933897625,annealing,0.04224778429197339,159206.SZ,510500.SH
rolling_simulated_annealing,2025,2026,78,159206.SZ|159920.SZ|159980.SZ|159981.SZ|161226.SZ|513100.SH|513290.SH|513400.SH|513750.SH|513880.SH|515790.SH|515880.SH|518880.SH,2.470520110810676,0.8435159933897625,annealing,0.04089623530229582,159529.SZ,513290.SH
rolling_simulated_annealing,2025,2026,79,159206.SZ|159920.SZ|159980.SZ|159981.SZ|161226.SZ|513100.SH|513400.SH|513730.SH|513750.SH|513880.SH|515790.SH|515880.SH|518880.SH,2.396665138231836,0.8435159933897625,annealing,0.03958792372026251,159529.SZ,513730.SH
rolling_simulated_annealing,2025,2026,80,159206.SZ|159329.SZ|159920.SZ|159980.SZ|159981.SZ|161226.SZ|513100.SH|513400.SH|513750.SH|513880.SH|515790.SH|515880.SH|518880.SH,2.278498992409562,0.8435159933897625,annealing,0.03832146633784024,159529.SZ,159329.SZ
rolling_simulated_annealing,2025,2026,81,159529.SZ|159915.SZ|159920.SZ|159980.SZ|159981.SZ|161226.SZ|513100.SH|513400.SH|513750.SH|513880.SH|515790.SH|515880.SH|518880.SH,2.2408270474290233,0.8435159933897625,annealing,0.03709552419720801,159206.SZ,159915.SZ
rolling_simulated_annealing,2025,2026,82,159206.SZ|159529.SZ|159920.SZ|159981.SZ|159985.SZ|161226.SZ|513100.SH|513400.SH|513750.SH|513880.SH|515790.SH|515880.SH|518880.SH,2.453921300914994,0.8435159933897625,annealing,0.03590880117514833,159980.SZ,159985.SZ
rolling_simulated_annealing,2025,2026,83,159206.SZ|159529.SZ|159920.SZ|159980.SZ|159981.SZ|161226.SZ|513030.SH|513100.SH|513400.SH|513750.SH|515790.SH|515880.SH|518880.SH,2.456471604186447,0.8435159933897625,annealing,0.03476004261272534,513880.SH,513030.SH
rolling_simulated_annealing,2025,2026,84,159206.SZ|159920.SZ|159980.SZ|159981.SZ|161226.SZ|513100.SH|513310.SH|513400.SH|513750.SH|513880.SH|515790.SH|515880.SH|518880.SH,2.2785046412299588,0.8435159933897625,annealing,0.033648033988800806,159529.SZ,513310.SH
rolling_simulated_annealing,2025,2026,85,159206.SZ|159529.SZ|159980.SZ|159981.SZ|161226.SZ|513100.SH|513120.SH|513400.SH|513750.SH|513880.SH|515790.SH|515880.SH|518880.SH,2.8524362437987034,0.8435159933897625,annealing,0.03257159963598576,159920.SZ,513120.SH
rolling_simulated_annealing,2025,2026,86,159206.SZ|159529.SZ|159980.SZ|159981.SZ|161226.SZ|512400.SH|513100.SH|513120.SH|513400.SH|513750.SH|513880.SH|515880.SH|518880.SH,2.8264345572221177,0.8435159933897625,annealing,0.03152960149767008,515790.SH,512400.SH
rolling_simulated_annealing,2025,2026,87,159206.SZ|159529.SZ|159980.SZ|159981.SZ|501018.SH|512400.SH|513100.SH|513120.SH|513400.SH|513750.SH|513880.SH|515880.SH|518880.SH,2.229431559153703,0.8435159933897625,annealing,0.030520937924815954,161226.SZ,501018.SH
rolling_simulated_annealing,2025,2026,88,159206.SZ|159980.SZ|159981.SZ|160644.SZ|161226.SZ|512400.SH|513100.SH|513120.SH|513400.SH|513750.SH|513880.SH|515880.SH|518880.SH,2.514703611024642,0.8435159933897625,annealing,0.02954454251124314,159529.SZ,160644.SZ
rolling_simulated_annealing,2025,2026,89,159206.SZ|159529.SZ|159920.SZ|159980.SZ|159981.SZ|161226.SZ|512400.SH|513100.SH|513400.SH|513750.SH|513880.SH|515880.SH|518880.SH,2.712007846737795,0.8435159933897625,annealing,0.02859938296617458,513120.SH,159920.SZ
rolling_simulated_annealing,2025,2026,90,159206.SZ|159529.SZ|159920.SZ|159980.SZ|159981.SZ|161226.SZ|512400.SH|513100.SH|513120.SH|513400.SH|513880.SH|515880.SH|518880.SH,2.560988790803928,0.8435159933897625,annealing,0.02768446002285045,513750.SH,159920.SZ
rolling_simulated_annealing,2025,2026,91,159529.SZ|159980.SZ|159981.SZ|161226.SZ|512400.SH|513100.SH|513120.SH|513400.SH|513750.SH|513880.SH|515880.SH|518880.SH|588220.SH,2.5131513279760904,0.8435159933897625,annealing,0.026798806382056773,159206.SZ,588220.SH
rolling_simulated_annealing,2025,2026,92,159206.SZ|159529.SZ|159980.SZ|159985.SZ|161226.SZ|512400.SH|513100.SH|513120.SH|513400.SH|513750.SH|513880.SH|515880.SH|518880.SH,2.9742716473215407,0.8435159933897625,annealing,0.02594148568945148,159981.SZ,159985.SZ
rolling_simulated_annealing,2025,2026,93,159206.SZ|159326.SZ|159529.SZ|159980.SZ|159985.SZ|161226.SZ|512400.SH|513100.SH|513120.SH|513400.SH|513750.SH|513880.SH|518880.SH,2.1036367603728987,0.8435159933897625,annealing,0.025111591545607014,515880.SH,159326.SZ
rolling_simulated_annealing,2025,2026,94,159206.SZ|159529.SZ|159920.SZ|159980.SZ|159985.SZ|161226.SZ|512400.SH|513100.SH|513120.SH|513400.SH|513880.SH|515880.SH|518880.SH,2.5191447333354557,0.8435159933897625,annealing,0.024308246547722494,513750.SH,159920.SZ
rolling_simulated_annealing,2025,2026,95,159206.SZ|159529.SZ|159980.SZ|159985.SZ|161226.SZ|164824.SZ|512400.SH|513100.SH|513120.SH|513400.SH|513750.SH|515880.SH|518880.SH,2.9444050590862285,0.8435159933897625,annealing,0.02353060136199262,513880.SH,164824.SZ
rolling_simulated_annealing,2025,2026,96,159206.SZ|159529.SZ|159980.SZ|159985.SZ|161226.SZ|164824.SZ|512400.SH|513120.SH|513400.SH|513750.SH|513880.SH|515880.SH|518880.SH,3.0776828176331277,0.6998965492931684,annealing,0.022777833825652294,513100.SH,164824.SZ
rolling_simulated_annealing,2025,2026,97,159206.SZ|159529.SZ|159980.SZ|159985.SZ|161226.SZ|512400.SH|513120.SH|513400.SH|513500.SH|513750.SH|513880.SH|515880.SH|518880.SH,2.933572060080174,0.9181393430680445,annealing,0.02204914807774781,164824.SZ,513500.SH
rolling_simulated_annealing,2025,2026,98,159206.SZ|159529.SZ|159687.SZ|159980.SZ|159985.SZ|161226.SZ|512400.SH|513120.SH|513400.SH|513750.SH|513880.SH|515880.SH|518880.SH,3.114937477141586,0.6998965492931684,annealing,0.021343773717715567,164824.SZ,159687.SZ
rolling_simulated_annealing,2025,2026,99,159206.SZ|159529.SZ|159687.SZ|159852.SZ|159980.SZ|159985.SZ|161226.SZ|512400.SH|513120.SH|513400.SH|513750.SH|513880.SH|518880.SH,2.13304374418729,0.7060450951955887,annealing,0.020660964990878602,515880.SH,159852.SZ
rolling_simulated_annealing,2025,2026,100,159206.SZ|159529.SZ|159687.SZ|159920.SZ|159980.SZ|159985.SZ|161226.SZ|512400.SH|513400.SH|513750.SH|513880.SH|515880.SH|518880.SH,2.744831833929525,0.8342956687363152,annealing,0.02,513120.SH,159920.SZ
