method,training_year,holding_year,evaluation,codes,sharpe,maximum_within_group_correlation,phase,generation
rolling_ant_colony,2021,2022,1,159920.SZ|159981.SZ|161226.SZ|501018.SH|510180.SH|512040.SH|512200.SH|513080.SH|513100.SH|513180.SH|513500.SH|513880.SH|518880.SH,-0.2127624586380166,0.910284859375849,ant,0
rolling_ant_colony,2021,2022,2,159870.SZ|159920.SZ|159980.SZ|159981.SZ|159985.SZ|164824.SZ|501018.SH|510210.SH|510880.SH|513030.SH|513100.SH|513180.SH|513880.SH,0.5012313791174074,0.910284859375849,ant,0
rolling_ant_colony,2021,2022,3,159869.SZ|159920.SZ|159980.SZ|159981.SZ|160644.SZ|161226.SZ|164824.SZ|510500.SH|513030.SH|513080.SH|513180.SH|518880.SH|588000.SH,0.195090621437151,0.910284859375849,ant,0
rolling_ant_colony,2021,2022,4,159920.SZ|159928.SZ|159981.SZ|159985.SZ|160644.SZ|161226.SZ|510880.SH|512040.SH|513080.SH|513100.SH|513180.SH|513880.SH|518880.SH,-0.3615575236835904,0.910284859375849,ant,0
rolling_ant_colony,2021,2022,5,159851.SZ|159901.SZ|159920.SZ|159980.SZ|159985.SZ|160644.SZ|161226.SZ|512170.SH|513080.SH|513100.SH|513180.SH|513500.SH|518880.SH,-0.7547840161259228,0.910284859375849,ant,0
rolling_ant_colony,2021,2022,6,159920.SZ|159981.SZ|159985.SZ|160644.SZ|161226.SZ|512040.SH|512170.SH|512200.SH|513030.SH|513080.SH|513100.SH|513180.SH|518880.SH,-0.10446213205269889,0.910284859375849,ant,0
rolling_ant_colony,2021,2022,7,159920.SZ|159980.SZ|159981.SZ|159985.SZ|160644.SZ|501018.SH|512040.SH|512880.SH|512980.SH|513030.SH|513080.SH|513100.SH|513180.SH,1.2378187856235958,0.910284859375849,ant,0
rolling_ant_colony,2021,2022,8,159920.SZ|159980.SZ|159981.SZ|160644.SZ|161226.SZ|510500.SH|512100.SH|512400.SH|513030.SH|513080.SH|513100.SH|513180.SH|518880.SH,-0.19669990201465376,0.910284859375849,ant,0
rolling_ant_colony,2021,2022,9,159852.SZ|159920.SZ|159980.SZ|159985.SZ|160644.SZ|161226.SZ|164824.SZ|501018.SH|512170.SH|513030.SH|513180.SH|513880.SH|515790.SH,0.5244746346807387,0.910284859375849,ant,0
rolling_ant_colony,2021,2022,10,159865.SZ|159870.SZ|159901.SZ|159920.SZ|159981.SZ|161226.SZ|164824.SZ|501018.SH|513030.SH|513180.SH|513500.SH|513880.SH|518880.SH,-0.27142357464528416,0.910284859375849,ant,0
rolling_ant_colony,2021,2022,11,159825.SZ|159870.SZ|159920.SZ|159980.SZ|159981.SZ|160644.SZ|501018.SH|510300.SH|513080.SH|513100.SH|513180.SH|513880.SH|518880.SH,0.20116116229648145,0.910284859375849,ant,0
rolling_ant_colony,2021,2022,12,159852.SZ|159865.SZ|159920.SZ|159981.SZ|159985.SZ|160644.SZ|161226.SZ|512880.SH|513030.SH|513100.SH|513180.SH|513880.SH|518880.SH,-0.0798460741380383,0.910284859375849,ant,0
rolling_ant_colony,2021,2022,13,159920.SZ|159980.SZ|160644.SZ|161226.SZ|501018.SH|510880.SH|512400.SH|513030.SH|513180.SH|513500.SH|513880.SH|515210.SH|518880.SH,0.19440421762961171,0.910284859375849,ant,0
rolling_ant_colony,2021,2022,14,159865.SZ|159920.SZ|159980.SZ|159981.SZ|159985.SZ|164824.SZ|512660.SH|512880.SH|513030.SH|513080.SH|513180.SH|513500.SH|518880.SH,0.5679876251870747,0.910284859375849,ant,0
rolling_ant_colony,2021,2022,15,159869.SZ|159920.SZ|159980.SZ|160644.SZ|161226.SZ|164824.SZ|501018.SH|513100.SH|513180.SH|513880.SH|515210.SH|518880.SH|588000.SH,0.959012004364298,0.910284859375849,ant,0
rolling_ant_colony,2021,2022,16,159870.SZ|159920.SZ|159980.SZ|160644.SZ|161226.SZ|164824.SZ|501018.SH|512880.SH|512890.SH|513080.SH|513180.SH|513500.SH|518880.SH,0.2076087697425846,0.910284859375849,ant,0
rolling_ant_colony,2021,2022,17,159865.SZ|159869.SZ|159920.SZ|159981.SZ|159985.SZ|160644.SZ|161226.SZ|513030.SH|513100.SH|513180.SH|513500.SH|515880.SH|518880.SH,0.07974457111488496,0.910284859375849,ant,0
rolling_ant_colony,2021,2022,18,159901.SZ|159920.SZ|159980.SZ|159985.SZ|160644.SZ|161226.SZ|164824.SZ|510880.SH|512890.SH|513030.SH|513080.SH|513180.SH|518880.SH,-0.8237990291469783,0.910284859375849,ant,0
rolling_ant_colony,2021,2022,19,159865.SZ|159920.SZ|159980.SZ|159985.SZ|164824.SZ|501018.SH|510180.SH|512980.SH|513030.SH|513080.SH|513180.SH|513880.SH|518880.SH,-0.7103077304161716,0.910284859375849,ant,0
rolling_ant_colony,2021,2022,20,159851.SZ|159920.SZ|159980.SZ|159981.SZ|159985.SZ|160644.SZ|161226.SZ|512880.SH|512980.SH|513080.SH|513180.SH|513500.SH|513880.SH,0.792853594256631,0.910284859375849,ant,0
rolling_ant_colony,2021,2022,21,159901.SZ|159920.SZ|159980.SZ|159985.SZ|160644.SZ|161226.SZ|510050.SH|512890.SH|513100.SH|513180.SH|513500.SH|513880.SH|518880.SH,-1.1660121300115578,0.910284859375849,ant,1
rolling_ant_colony,2021,2022,22,159920.SZ|159981.SZ|159985.SZ|160644.SZ|164824.SZ|501018.SH|510210.SH|512660.SH|513030.SH|513180.SH|513500.SH|515210.SH|518880.SH,0.6996927507948546,0.910284859375849,ant,1
rolling_ant_colony,2021,2022,23,159865.SZ|159869.SZ|159920.SZ|159980.SZ|159981.SZ|164824.SZ|501018.SH|512880.SH|513080.SH|513100.SH|513180.SH|513880.SH|518880.SH,0.5410670804415542,0.910284859375849,ant,1
rolling_ant_colony,2021,2022,24,159852.SZ|159920.SZ|159967.SZ|159980.SZ|159981.SZ|159985.SZ|160644.SZ|161226.SZ|164824.SZ|512170.SH|513100.SH|513180.SH|513500.SH,0.04211307348345298,0.910284859375849,ant,1
rolling_ant_colony,2021,2022,25,159915.SZ|159920.SZ|159980.SZ|159985.SZ|160644.SZ|161226.SZ|513030.SH|513100.SH|513180.SH|513500.SH|515210.SH|515220.SH|518880.SH,0.04827014112604313,0.910284859375849,ant,1
rolling_ant_colony,2021,2022,26,159920.SZ|159981.SZ|160644.SZ|161226.SZ|164824.SZ|501018.SH|512100.SH|512400.SH|512880.SH|513080.SH|513180.SH|513500.SH|518880.SH,0.6216110313028668,0.910284859375849,ant,1
rolling_ant_colony,2021,2022,27,159865.SZ|159869.SZ|159920.SZ|159980.SZ|159981.SZ|159985.SZ|160644.SZ|501018.SH|512980.SH|513030.SH|513100.SH|513180.SH|513500.SH,1.290558149343445,0.910284859375849,ant,1
rolling_ant_colony,2021,2022,28,159920.SZ|159980.SZ|159985.SZ|160644.SZ|161226.SZ|164824.SZ|501018.SH|510210.SH|510500.SH|513180.SH|513500.SH|513880.SH|515790.SH,0.8162238631401901,0.910284859375849,ant,1
rolling_ant_colony,2021,2022,29,159851.SZ|159920.SZ|159981.SZ|159985.SZ|160644.SZ|161226.SZ|164824.SZ|501018.SH|513100.SH|513180.SH|513500.SH|515220.SH|516150.SH,1.2789995684191648,0.910284859375849,ant,1
rolling_ant_colony,2021,2022,30,159869.SZ|159920.SZ|159980.SZ|159981.SZ|160644.SZ|161226.SZ|164824.SZ|501018.SH|510050.SH|512200.SH|513030.SH|513180.SH|513500.SH,0.7716186095912001,0.910284859375849,ant,1
rolling_ant_colony,2021,2022,31,159852.SZ|159920.SZ|159980.SZ|159985.SZ|160644.SZ|501018.SH|512980.SH|513100.SH|513180.SH|513500.SH|513880.SH|515210.SH|518880.SH,0.538564385353925,0.910284859375849,ant,1
rolling_ant_colony,2021,2022,32,159852.SZ|159920.SZ|159980.SZ|159981.SZ|160644.SZ|161226.SZ|164824.SZ|501018.SH|512980.SH|513030.SH|513080.SH|513180.SH|588000.SH,0.7047414819193711,0.910284859375849,ant,1
rolling_ant_colony,2021,2022,33,159920.SZ|159928.SZ|159980.SZ|159981.SZ|161226.SZ|501018.SH|512800.SH|512980.SH|513030.SH|513080.SH|513180.SH|513500.SH|513880.SH,-0.18808091021501408,0.910284859375849,ant,1
rolling_ant_colony,2021,2022,34,159920.SZ|159967.SZ|159980.SZ|159981.SZ|164824.SZ|501018.SH|512040.SH|512660.SH|513030.SH|513100.SH|513180.SH|513500.SH|518880.SH,0.9684144818304882,0.910284859375849,ant,1
rolling_ant_colony,2021,2022,35,159920.SZ|159980.SZ|159985.SZ|160644.SZ|161226.SZ|164824.SZ|501018.SH|512170.SH|512400.SH|513080.SH|513100.SH|513180.SH|515880.SH,0.9220252091240163,0.910284859375849,ant,1
rolling_ant_colony,2021,2022,36,159920.SZ|159928.SZ|159980.SZ|160644.SZ|161226.SZ|164824.SZ|501018.SH|510300.SH|512170.SH|513080.SH|513180.SH|513880.SH|518880.SH,-1.3062920200354675,0.910284859375849,ant,1
rolling_ant_colony,2021,2022,37,159920.SZ|159980.SZ|159985.SZ|160644.SZ|164824.SZ|501018.SH|510210.SH|512040.SH|512100.SH|513030.SH|513180.SH|513880.SH|518880.SH,0.5977923810686462,0.910284859375849,ant,1
rolling_ant_colony,2021,2022,38,159920.SZ|159928.SZ|159980.SZ|159981.SZ|164824.SZ|501018.SH|512880.SH|513080.SH|513100.SH|513180.SH|513500.SH|515790.SH|518880.SH,0.42880338800618845,0.910284859375849,ant,1
rolling_ant_colony,2021,2022,39,159852.SZ|159901.SZ|159920.SZ|159980.SZ|160644.SZ|161226.SZ|501018.SH|512880.SH|513100.SH|513180.SH|513500.SH|513880.SH|518880.SH,-0.12749732517734452,0.910284859375849,ant,1
rolling_ant_colony,2021,2022,40,159869.SZ|159920.SZ|159949.SZ|159980.SZ|159985.SZ|160644.SZ|161226.SZ|501018.SH|510180.SH|513030.SH|513100.SH|513180.SH|513880.SH,0.21299374122991868,0.910284859375849,ant,1
rolling_ant_colony,2021,2022,41,159865.SZ|159869.SZ|159920.SZ|159980.SZ|159981.SZ|159985.SZ|160644.SZ|164824.SZ|510210.SH|513100.SH|513180.SH|513500.SH|518880.SH,0.45137292061542755,0.910284859375849,ant,2
rolling_ant_colony,2021,2022,42,159920.SZ|159980.SZ|159985.SZ|160644.SZ|501018.SH|512800.SH|513030.SH|513180.SH|513500.SH|513880.SH|515210.SH|515220.SH|518880.SH,0.42160538228987293,0.910284859375849,ant,2
rolling_ant_colony,2021,2022,43,159915.SZ|159920.SZ|159981.SZ|159985.SZ|160644.SZ|161226.SZ|512880.SH|512980.SH|513030.SH|513100.SH|513180.SH|513500.SH|518880.SH,-0.30744434642449986,0.910284859375849,ant,2
rolling_ant_colony,2021,2022,44,159920.SZ|159967.SZ|159980.SZ|159981.SZ|159985.SZ|164824.SZ|501018.SH|510500.SH|512040.SH|513080.SH|513100.SH|513180.SH|513500.SH,1.1705351789557306,0.910284859375849,ant,2
rolling_ant_colony,2021,2022,45,159920.SZ|159981.SZ|160644.SZ|161226.SZ|501018.SH|512660.SH|512880.SH|513030.SH|513100.SH|513180.SH|513500.SH|518880.SH|588000.SH,0.4653692857479616,0.910284859375849,ant,2
rolling_ant_colony,2021,2022,46,159920.SZ|159949.SZ|159980.SZ|159985.SZ|501018.SH|512170.SH|513030.SH|513080.SH|513100.SH|513180.SH|513500.SH|518880.SH|588000.SH,-0.07932513565830072,0.910284859375849,ant,2
rolling_ant_colony,2021,2022,47,159920.SZ|159980.SZ|159981.SZ|159985.SZ|160644.SZ|161226.SZ|512100.SH|513030.SH|513080.SH|513180.SH|513880.SH|515790.SH|515880.SH,0.5470534845693288,0.910284859375849,ant,2
rolling_ant_colony,2021,2022,48,159869.SZ|159870.SZ|159920.SZ|159980.SZ|159981.SZ|159985.SZ|501018.SH|512980.SH|513080.SH|513100.SH|513180.SH|513500.SH|513880.SH,0.8008563804194802,0.910284859375849,ant,2
rolling_ant_colony,2021,2022,49,159870.SZ|159920.SZ|159980.SZ|160644.SZ|161226.SZ|501018.SH|513030.SH|513100.SH|513180.SH|513880.SH|515210.SH|515220.SH|518880.SH,0.48106010517724423,0.910284859375849,ant,2
rolling_ant_colony,2021,2022,50,159851.SZ|159920.SZ|159980.SZ|159985.SZ|160644.SZ|501018.SH|512980.SH|513030.SH|513080.SH|513180.SH|513880.SH|515880.SH|518880.SH,0.5473096380902935,0.910284859375849,ant,2
rolling_ant_colony,2021,2022,51,159920.SZ|159980.SZ|159981.SZ|160644.SZ|161226.SZ|501018.SH|510210.SH|512880.SH|513030.SH|513100.SH|513180.SH|513500.SH|515220.SH,1.427876259717249,0.910284859375849,ant,2
rolling_ant_colony,2021,2022,52,159851.SZ|159865.SZ|159920.SZ|159980.SZ|159981.SZ|159985.SZ|164824.SZ|501018.SH|512170.SH|513030.SH|513100.SH|513180.SH|513500.SH,1.393596813291835,0.910284859375849,ant,2
rolling_ant_colony,2021,2022,53,159920.SZ|159985.SZ|161226.SZ|164824.SZ|501018.SH|510180.SH|513030.SH|513100.SH|513180.SH|513500.SH|515880.SH|518880.SH|588000.SH,0.10500116041962536,0.910284859375849,ant,2
rolling_ant_colony,2021,2022,54,159920.SZ|159981.SZ|160644.SZ|161226.SZ|164824.SZ|501018.SH|512040.SH|512200.SH|512400.SH|513080.SH|513180.SH|513500.SH|518880.SH,0.24435277686552045,0.910284859375849,ant,2
rolling_ant_colony,2021,2022,55,159851.SZ|159920.SZ|159980.SZ|159985.SZ|160644.SZ|161226.SZ|501018.SH|512980.SH|513030.SH|513080.SH|513100.SH|513180.SH|515210.SH,1.184267470165095,0.910284859375849,ant,2
rolling_ant_colony,2021,2022,56,159869.SZ|159915.SZ|159920.SZ|159980.SZ|159981.SZ|159985.SZ|160644.SZ|164824.SZ|501018.SH|512200.SH|513080.SH|513100.SH|513180.SH,0.7319529632433481,0.910284859375849,ant,2
rolling_ant_colony,2021,2022,57,159920.SZ|159980.SZ|159981.SZ|159985.SZ|164824.SZ|501018.SH|512170.SH|512980.SH|513030.SH|513100.SH|513180.SH|513500.SH|516150.SH,0.8919259211403158,0.910284859375849,ant,2
rolling_ant_colony,2021,2022,58,159920.SZ|159980.SZ|159985.SZ|160644.SZ|161226.SZ|501018.SH|512880.SH|513080.SH|513100.SH|513180.SH|513500.SH|515220.SH|588000.SH,0.975706571853861,0.910284859375849,ant,2
rolling_ant_colony,2021,2022,59,159920.SZ|159980.SZ|159981.SZ|160644.SZ|161226.SZ|501018.SH|512890.SH|512980.SH|513030.SH|513100.SH|513180.SH|513500.SH|515220.SH,1.567758563000706,0.910284859375849,ant,2
rolling_ant_colony,2021,2022,60,159852.SZ|159920.SZ|159980.SZ|159981.SZ|161226.SZ|501018.SH|510880.SH|512880.SH|513080.SH|513100.SH|513180.SH|513500.SH|513880.SH,0.3761098961902831,0.910284859375849,ant,2
rolling_ant_colony,2021,2022,61,159920.SZ|159980.SZ|159981.SZ|159985.SZ|164824.SZ|501018.SH|512170.SH|512800.SH|513030.SH|513100.SH|513180.SH|513500.SH|515220.SH,1.0185157177970638,0.910284859375849,ant,3
rolling_ant_colony,2021,2022,62,159920.SZ|159967.SZ|159980.SZ|159985.SZ|160644.SZ|501018.SH|510210.SH|512880.SH|513030.SH|513100.SH|513180.SH|513500.SH|518880.SH,0.6885226828852736,0.910284859375849,ant,3
rolling_ant_colony,2021,2022,63,159920.SZ|159980.SZ|159981.SZ|159985.SZ|164824.SZ|501018.SH|510180.SH|510500.SH|512100.SH|513030.SH|513080.SH|513100.SH|513180.SH,0.8684532402079521,0.910284859375849,ant,3
rolling_ant_colony,2021,2022,64,159851.SZ|159920.SZ|159980.SZ|159981.SZ|161226.SZ|164824.SZ|501018.SH|512800.SH|512980.SH|513030.SH|513080.SH|513180.SH|513880.SH,0.08447647075785103,0.910284859375849,ant,3
rolling_ant_colony,2021,2022,65,159920.SZ|159980.SZ|159985.SZ|161226.SZ|164824.SZ|501018.SH|512660.SH|512880.SH|513030.SH|513100.SH|513180.SH|513500.SH|588000.SH,0.8140962502873458,0.910284859375849,ant,3
rolling_ant_colony,2021,2022,66,159920.SZ|159981.SZ|159985.SZ|160644.SZ|501018.SH|512880.SH|512980.SH|513030.SH|513100.SH|513180.SH|513500.SH|515220.SH|518880.SH,0.988233945624009,0.910284859375849,ant,3
rolling_ant_colony,2021,2022,67,159851.SZ|159920.SZ|159980.SZ|159985.SZ|161226.SZ|164824.SZ|501018.SH|512660.SH|512890.SH|513030.SH|513080.SH|513180.SH|513500.SH,1.0577267594239506,0.910284859375849,ant,3
rolling_ant_colony,2021,2022,68,159852.SZ|159920.SZ|159980.SZ|161226.SZ|501018.SH|512980.SH|513030.SH|513100.SH|513180.SH|513500.SH|513880.SH|516150.SH|518880.SH,0.0642105270457499,0.910284859375849,ant,3
rolling_ant_colony,2021,2022,69,159920.SZ|159981.SZ|159985.SZ|161226.SZ|164824.SZ|501018.SH|510180.SH|512100.SH|512200.SH|513100.SH|513180.SH|513500.SH|513880.SH,1.0273361500370768,0.910284859375849,ant,3
rolling_ant_colony,2021,2022,70,159920.SZ|159980.SZ|159985.SZ|160644.SZ|161226.SZ|501018.SH|512040.SH|513030.SH|513100.SH|513180.SH|513500.SH|515220.SH|515790.SH,1.004107173648683,0.910284859375849,ant,3
rolling_ant_colony,2021,2022,71,159920.SZ|159980.SZ|159981.SZ|159985.SZ|161226.SZ|164824.SZ|510210.SH|512800.SH|513030.SH|513100.SH|513180.SH|513500.SH|515220.SH,0.0004973104051708193,0.910284859375849,ant,3
rolling_ant_colony,2021,2022,72,159920.SZ|159980.SZ|159981.SZ|159985.SZ|164824.SZ|501018.SH|510500.SH|512880.SH|513080.SH|513180.SH|513500.SH|513880.SH|515220.SH,0.5937075368585438,0.910284859375849,ant,3
rolling_ant_colony,2021,2022,73,159920.SZ|159981.SZ|159985.SZ|161226.SZ|512400.SH|512660.SH|513030.SH|513080.SH|513100.SH|513180.SH|513500.SH|518880.SH|588000.SH,-0.44473237123480963,0.910284859375849,ant,3
rolling_ant_colony,2021,2022,74,159865.SZ|159869.SZ|159920.SZ|159980.SZ|159981.SZ|160644.SZ|501018.SH|513100.SH|513180.SH|513500.SH|513880.SH|515880.SH|518880.SH,0.48127021190977404,0.910284859375849,ant,3
rolling_ant_colony,2021,2022,75,159851.SZ|159920.SZ|159981.SZ|160644.SZ|161226.SZ|501018.SH|513080.SH|513100.SH|513180.SH|513500.SH|515220.SH|515880.SH|518880.SH,0.7243912016844334,0.910284859375849,ant,3
rolling_ant_colony,2021,2022,76,159851.SZ|159920.SZ|159980.SZ|159985.SZ|160644.SZ|161226.SZ|164824.SZ|501018.SH|512170.SH|513080.SH|513180.SH|513500.SH|515220.SH,0.9944808402375575,0.910284859375849,ant,3
rolling_ant_colony,2021,2022,77,159920.SZ|159980.SZ|159981.SZ|161226.SZ|501018.SH|510500.SH|512890.SH|513030.SH|513080.SH|513100.SH|513180.SH|513500.SH|515220.SH,0.6186650400094291,0.910284859375849,ant,3
rolling_ant_colony,2021,2022,78,159915.SZ|159920.SZ|159980.SZ|159981.SZ|160644.SZ|161226.SZ|501018.SH|510880.SH|513100.SH|513180.SH|513500.SH|513880.SH|515220.SH,0.974822847738469,0.910284859375849,ant,3
rolling_ant_colony,2021,2022,79,159869.SZ|159920.SZ|159980.SZ|159981.SZ|159985.SZ|160644.SZ|501018.SH|512170.SH|513100.SH|513180.SH|513500.SH|513880.SH|515880.SH,0.990527490929813,0.910284859375849,ant,3
rolling_ant_colony,2021,2022,80,159869.SZ|159920.SZ|159981.SZ|159985.SZ|160644.SZ|161226.SZ|164824.SZ|501018.SH|510300.SH|512980.SH|513030.SH|513100.SH|513180.SH,1.053094441798451,0.910284859375849,ant,3
rolling_ant_colony,2021,2022,81,159920.SZ|159967.SZ|159980.SZ|159985.SZ|161226.SZ|164824.SZ|501018.SH|510300.SH|512100.SH|513030.SH|513100.SH|513180.SH|513500.SH,0.4837879754159775,0.910284859375849,ant,4
rolling_ant_colony,2021,2022,82,159920.SZ|159981.SZ|159985.SZ|160644.SZ|161226.SZ|164824.SZ|501018.SH|510300.SH|512200.SH|512880.SH|513030.SH|513100.SH|513180.SH,0.6827797608685757,0.910284859375849,ant,4
rolling_ant_colony,2021,2022,83,159851.SZ|159869.SZ|159920.SZ|159981.SZ|160644.SZ|161226.SZ|164824.SZ|501018.SH|512170.SH|513030.SH|513100.SH|513180.SH|518880.SH,0.692831887518488,0.910284859375849,ant,4
rolling_ant_colony,2021,2022,84,159920.SZ|159980.SZ|159981.SZ|159985.SZ|160644.SZ|164824.SZ|501018.SH|510210.SH|513030.SH|513180.SH|513500.SH|515210.SH|515790.SH,1.3451823074979423,0.910284859375849,ant,4
rolling_ant_colony,2021,2022,85,159920.SZ|159949.SZ|159980.SZ|159981.SZ|161226.SZ|164824.SZ|501018.SH|510300.SH|512800.SH|513030.SH|513080.SH|513180.SH|513500.SH,0.4435402935480069,0.910284859375849,ant,4
rolling_ant_colony,2021,2022,86,159869.SZ|159920.SZ|159980.SZ|159985.SZ|164824.SZ|501018.SH|510180.SH|512980.SH|513030.SH|513080.SH|513180.SH|513500.SH|518880.SH,0.3099582775187842,0.910284859375849,ant,4
rolling_ant_colony,2021,2022,87,159851.SZ|159920.SZ|159980.SZ|159981.SZ|159985.SZ|164824.SZ|512400.SH|512980.SH|513030.SH|513100.SH|513180.SH|513500.SH|518880.SH,0.1103062878391355,0.910284859375849,ant,4
rolling_ant_colony,2021,2022,88,159920.SZ|159980.SZ|159985.SZ|160644.SZ|164824.SZ|501018.SH|512890.SH|513100.SH|513180.SH|513500.SH|515880.SH|518880.SH|588000.SH,0.9057710190669337,0.910284859375849,ant,4
rolling_ant_colony,2021,2022,89,159920.SZ|159980.SZ|160644.SZ|161226.SZ|501018.SH|512980.SH|513080.SH|513100.SH|513180.SH|513880.SH|515210.SH|515790.SH|518880.SH,0.22106144923586504,0.910284859375849,ant,4
rolling_ant_colony,2021,2022,90,159851.SZ|159920.SZ|159967.SZ|159980.SZ|159985.SZ|160644.SZ|161226.SZ|501018.SH|512200.SH|513030.SH|513100.SH|513180.SH|513500.SH,0.42831910974736265,0.910284859375849,ant,4
rolling_ant_colony,2021,2022,91,159865.SZ|159920.SZ|159980.SZ|159981.SZ|160644.SZ|161226.SZ|501018.SH|512200.SH|512890.SH|513100.SH|513180.SH|513500.SH|513880.SH,1.1393202847530541,0.910284859375849,ant,4
rolling_ant_colony,2021,2022,92,159865.SZ|159920.SZ|159980.SZ|161226.SZ|164824.SZ|501018.SH|510500.SH|513030.SH|513100.SH|513180.SH|513500.SH|515220.SH|518880.SH,0.5599274652438964,0.910284859375849,ant,4
rolling_ant_colony,2021,2022,93,159920.SZ|159980.SZ|159981.SZ|159985.SZ|164824.SZ|501018.SH|512880.SH|512980.SH|513030.SH|513100.SH|513180.SH|513500.SH|515210.SH,1.1200331417969642,0.910284859375849,ant,4
rolling_ant_colony,2021,2022,94,159865.SZ|159920.SZ|159981.SZ|159985.SZ|161226.SZ|164824.SZ|501018.SH|510050.SH|512890.SH|513030.SH|513080.SH|513100.SH|513180.SH,0.8065382370779988,0.910284859375849,ant,4
rolling_ant_colony,2021,2022,95,159865.SZ|159920.SZ|159949.SZ|159980.SZ|159981.SZ|159985.SZ|160644.SZ|501018.SH|510210.SH|513030.SH|513100.SH|513180.SH|513500.SH,0.9479542081709716,0.910284859375849,ant,4
rolling_ant_colony,2021,2022,96,159851.SZ|159920.SZ|159980.SZ|159981.SZ|159985.SZ|160644.SZ|164824.SZ|501018.SH|513030.SH|513080.SH|513180.SH|515220.SH|515880.SH,1.694952381171758,0.910284859375849,ant,4
rolling_ant_colony,2021,2022,97,159865.SZ|159920.SZ|159981.SZ|159985.SZ|160644.SZ|161226.SZ|164824.SZ|501018.SH|512100.SH|513030.SH|513180.SH|513500.SH|515220.SH,1.4034196467637545,0.910284859375849,ant,4
rolling_ant_colony,2021,2022,98,159851.SZ|159920.SZ|159980.SZ|159981.SZ|159985.SZ|160644.SZ|161226.SZ|512880.SH|512890.SH|513030.SH|513100.SH|513180.SH|513500.SH,0.922879247229849,0.910284859375849,ant,4
rolling_ant_colony,2021,2022,99,159869.SZ|159920.SZ|159980.SZ|159985.SZ|161226.SZ|501018.SH|512660.SH|512980.SH|513030.SH|513080.SH|513100.SH|513180.SH|513880.SH,0.8315351251104659,0.910284859375849,ant,4
rolling_ant_colony,2021,2022,100,159851.SZ|159920.SZ|159980.SZ|159985.SZ|161226.SZ|501018.SH|510210.SH|510300.SH|513030.SH|513100.SH|513180.SH|513500.SH|513880.SH,0.5523811769758459,0.910284859375849,ant,4
rolling_ant_colony,2022,2023,1,159766.SZ|159920.SZ|159985.SZ|160644.SZ|161226.SZ|164824.SZ|501018.SH|510210.SH|513030.SH|513070.SH|513100.SH|516150.SH|518880.SH,0.1704389494659884,0.9184217642745492,ant,0
rolling_ant_colony,2022,2023,2,159766.SZ|159920.SZ|159949.SZ|159981.SZ|159985.SZ|160644.SZ|161226.SZ|164824.SZ|501018.SH|510500.SH|513030.SH|513070.SH|513100.SH,-0.12812978061081326,0.9184217642745492,ant,0
rolling_ant_colony,2022,2023,3,159901.SZ|159920.SZ|159981.SZ|159985.SZ|164824.SZ|501018.SH|510880.SH|512400.SH|513030.SH|513070.SH|513500.SH|513880.SH|518880.SH,0.284496559490647,0.9184217642745492,ant,0
rolling_ant_colony,2022,2023,4,159920.SZ|159928.SZ|159980.SZ|159981.SZ|159985.SZ|160644.SZ|501018.SH|512040.SH|512100.SH|513070.SH|513080.SH|513100.SH|513880.SH,-0.171007147621365,0.9184217642745492,ant,0
rolling_ant_colony,2022,2023,5,159865.SZ|159920.SZ|159949.SZ|159980.SZ|159981.SZ|160644.SZ|164824.SZ|501018.SH|510180.SH|513030.SH|513070.SH|513500.SH|518880.SH,-0.033795974062550596,0.9184217642745492,ant,0
rolling_ant_colony,2022,2023,6,159920.SZ|159949.SZ|159980.SZ|159981.SZ|160644.SZ|161226.SZ|164824.SZ|501018.SH|513030.SH|513070.SH|513500.SH|515220.SH|562500.SH,0.09628418276191869,0.9184217642745492,ant,0
rolling_ant_colony,2022,2023,7,159920.SZ|159980.SZ|159981.SZ|159985.SZ|160644.SZ|164824.SZ|510210.SH|510500.SH|512880.SH|513070.SH|513500.SH|513880.SH|518880.SH,0.06814798601153275,0.9184217642745492,ant,0
rolling_ant_colony,2022,2023,8,159766.SZ|159901.SZ|159920.SZ|159981.SZ|160644.SZ|161226.SZ|501018.SH|512100.SH|513030.SH|513070.SH|513500.SH|513880.SH|518880.SH,-0.6912838404383744,0.9184217642745492,ant,0
rolling_ant_colony,2022,2023,9,159865.SZ|159920.SZ|159980.SZ|159981.SZ|160644.SZ|161226.SZ|501018.SH|510500.SH|513030.SH|513070.SH|513100.SH|513880.SH|516150.SH,-0.3747454644520811,0.9184217642745492,ant,0
rolling_ant_colony,2022,2023,10,159915.SZ|159920.SZ|159981.SZ|159985.SZ|160644.SZ|164824.SZ|501018.SH|510050.SH|513030.SH|513070.SH|513880.SH|516150.SH|518880.SH,0.07667384975471073,0.9184217642745492,ant,0
rolling_ant_colony,2022,2023,11,159920.SZ|159928.SZ|159980.SZ|159981.SZ|159985.SZ|160644.SZ|164824.SZ|510180.SH|512660.SH|513070.SH|513080.SH|513500.SH|518880.SH,0.16589170140756102,0.9184217642745492,ant,0
rolling_ant_colony,2022,2023,12,159766.SZ|159865.SZ|159920.SZ|159981.SZ|159985.SZ|160644.SZ|161226.SZ|164824.SZ|510500.SH|513070.SH|513100.SH|513880.SH|518880.SH,-0.5490116548192758,0.9184217642745492,ant,0
rolling_ant_colony,2022,2023,13,159920.SZ|159949.SZ|159980.SZ|159981.SZ|160644.SZ|164824.SZ|501018.SH|510050.SH|513030.SH|513070.SH|513880.SH|515220.SH|518880.SH,-0.17915503174351605,0.9184217642745492,ant,0
rolling_ant_colony,2022,2023,14,159915.SZ|159920.SZ|159980.SZ|159981.SZ|159985.SZ|164824.SZ|501018.SH|510050.SH|512170.SH|513070.SH|513080.SH|513100.SH|513880.SH,0.4698102247517182,0.9184217642745492,ant,0
rolling_ant_colony,2022,2023,15,159869.SZ|159920.SZ|159980.SZ|159981.SZ|160644.SZ|161226.SZ|164824.SZ|501018.SH|510180.SH|512200.SH|513070.SH|513080.SH|513500.SH,-0.23559386960125905,0.9184217642745492,ant,0
rolling_ant_colony,2022,2023,16,159611.SZ|159920.SZ|159980.SZ|159981.SZ|160644.SZ|161226.SZ|164824.SZ|512100.SH|513030.SH|513070.SH|513100.SH|516150.SH|518880.SH,-0.7116831960134952,0.9184217642745492,ant,0
rolling_ant_colony,2022,2023,17,159851.SZ|159915.SZ|159920.SZ|159980.SZ|159981.SZ|160644.SZ|164824.SZ|501018.SH|510180.SH|513070.SH|513100.SH|513880.SH|518880.SH,0.38099741265087533,0.9184217642745492,ant,0
rolling_ant_colony,2022,2023,18,159766.SZ|159852.SZ|159920.SZ|159980.SZ|159981.SZ|161226.SZ|164824.SZ|510180.SH|513030.SH|513070.SH|513500.SH|513880.SH|518880.SH,-0.34121926865005753,0.9184217642745492,ant,0
rolling_ant_colony,2022,2023,19,159915.SZ|159920.SZ|159980.SZ|159981.SZ|159985.SZ|160644.SZ|164824.SZ|510180.SH|512100.SH|513070.SH|513500.SH|513880.SH|518880.SH,0.42566397621316215,0.9184217642745492,ant,0
rolling_ant_colony,2022,2023,20,159611.SZ|159915.SZ|159920.SZ|159980.SZ|159981.SZ|160644.SZ|161226.SZ|164824.SZ|501018.SH|512040.SH|513070.SH|513500.SH|513880.SH,-0.6053852426279739,0.9184217642745492,ant,0
rolling_ant_colony,2022,2023,21,159920.SZ|159980.SZ|159981.SZ|160644.SZ|501018.SH|512170.SH|512890.SH|513070.SH|513080.SH|513100.SH|513880.SH|518880.SH|562500.SH,-0.0494353816907371,0.9184217642745492,ant,1
rolling_ant_colony,2022,2023,22,159766.SZ|159920.SZ|159949.SZ|159980.SZ|159981.SZ|159985.SZ|160644.SZ|164824.SZ|510180.SH|513070.SH|513080.SH|513880.SH|518880.SH,0.18955101161425902,0.9184217642745492,ant,1
rolling_ant_colony,2022,2023,23,159901.SZ|159920.SZ|159980.SZ|159981.SZ|160644.SZ|164824.SZ|501018.SH|513030.SH|513070.SH|513500.SH|515790.SH|515880.SH|518880.SH,-0.17386116443477417,0.9184217642745492,ant,1
rolling_ant_colony,2022,2023,24,159915.SZ|159920.SZ|159980.SZ|159981.SZ|159985.SZ|164824.SZ|510180.SH|513030.SH|513070.SH|513500.SH|513880.SH|515790.SH|518880.SH,0.287400523137562,0.9184217642745492,ant,1
rolling_ant_colony,2022,2023,25,159796.SZ|159920.SZ|159980.SZ|159981.SZ|160644.SZ|164824.SZ|501018.SH|512170.SH|513070.SH|513500.SH|513880.SH|518880.SH|562500.SH,0.6564486861190572,0.9184217642745492,ant,1
rolling_ant_colony,2022,2023,26,159766.SZ|159901.SZ|159920.SZ|159980.SZ|159981.SZ|160644.SZ|161226.SZ|164824.SZ|501018.SH|510180.SH|513030.SH|513070.SH|513100.SH,0.050407670036812464,0.9184217642745492,ant,1
rolling_ant_colony,2022,2023,27,159851.SZ|159869.SZ|159901.SZ|159920.SZ|159981.SZ|159985.SZ|160644.SZ|501018.SH|513070.SH|513080.SH|513100.SH|513880.SH|518880.SH,-0.18582585756976863,0.9184217642745492,ant,1
rolling_ant_colony,2022,2023,28,159796.SZ|159920.SZ|159928.SZ|159980.SZ|159981.SZ|160644.SZ|161226.SZ|164824.SZ|513070.SH|513080.SH|513100.SH|518880.SH|588000.SH,-0.27431699402143894,0.9184217642745492,ant,1
rolling_ant_colony,2022,2023,29,159920.SZ|159981.SZ|160644.SZ|161226.SZ|164824.SZ|501018.SH|510180.SH|512100.SH|513070.SH|513080.SH|513100.SH|515790.SH|518880.SH,0.027682140002111468,0.9184217642745492,ant,1
rolling_ant_colony,2022,2023,30,159851.SZ|159901.SZ|159920.SZ|159980.SZ|159985.SZ|161226.SZ|164824.SZ|501018.SH|513070.SH|513080.SH|513100.SH|513880.SH|562500.SH,0.4734098704224889,0.9184217642745492,ant,1
rolling_ant_colony,2022,2023,31,159915.SZ|159920.SZ|159981.SZ|159985.SZ|160644.SZ|161226.SZ|164824.SZ|512400.SH|512980.SH|513070.SH|513500.SH|513880.SH|518880.SH,-0.019526690183642018,0.9184217642745492,ant,1
rolling_ant_colony,2022,2023,32,159611.SZ|159766.SZ|159865.SZ|159920.SZ|159980.SZ|159981.SZ|159985.SZ|160644.SZ|164824.SZ|501018.SH|513030.SH|513070.SH|513100.SH,-0.22659317417559813,0.9184217642745492,ant,1
rolling_ant_colony,2022,2023,33,159915.SZ|159920.SZ|159980.SZ|159981.SZ|159985.SZ|164824.SZ|501018.SH|512170.SH|512890.SH|513070.SH|513080.SH|513100.SH|513880.SH,0.30580056620246104,0.9184217642745492,ant,1
rolling_ant_colony,2022,2023,34,159852.SZ|159920.SZ|159949.SZ|159980.SZ|159981.SZ|159985.SZ|160644.SZ|164824.SZ|501018.SH|512890.SH|513030.SH|513070.SH|513880.SH,0.3987919955398766,0.9184217642745492,ant,1
rolling_ant_colony,2022,2023,35,159915.SZ|159920.SZ|159928.SZ|159980.SZ|159981.SZ|159985.SZ|160644.SZ|164824.SZ|510880.SH|513030.SH|513070.SH|513880.SH|518880.SH,0.08624832244046333,0.9184217642745492,ant,1
rolling_ant_colony,2022,2023,36,159825.SZ|159920.SZ|159980.SZ|159981.SZ|160644.SZ|501018.SH|510050.SH|513070.SH|513080.SH|513100.SH|513880.SH|515210.SH|518880.SH,-0.735703540317577,0.9184217642745492,ant,1
rolling_ant_colony,2022,2023,37,159611.SZ|159920.SZ|159981.SZ|159985.SZ|164824.SZ|501018.SH|510180.SH|513030.SH|513070.SH|513100.SH|513880.SH|518880.SH|588000.SH,0.10172671450285087,0.9184217642745492,ant,1
rolling_ant_colony,2022,2023,38,159915.SZ|159920.SZ|159980.SZ|159985.SZ|160644.SZ|501018.SH|512100.SH|512170.SH|513070.SH|513080.SH|513100.SH|513880.SH|518880.SH,0.4019035684330509,0.9184217642745492,ant,1
rolling_ant_colony,2022,2023,39,159870.SZ|159920.SZ|159980.SZ|160644.SZ|161226.SZ|164824.SZ|501018.SH|510050.SH|510500.SH|513070.SH|513500.SH|513880.SH|518880.SH,-0.42886589485588256,0.9184217642745492,ant,1
rolling_ant_colony,2022,2023,40,159920.SZ|159980.SZ|159985.SZ|164824.SZ|501018.SH|510180.SH|512200.SH|513070.SH|513080.SH|513100.SH|513880.SH|515210.SH|518880.SH,0.29737478889381513,0.9184217642745492,ant,1
rolling_ant_colony,2022,2023,41,159920.SZ|159980.SZ|159985.SZ|160644.SZ|164824.SZ|501018.SH|510180.SH|512040.SH|513070.SH|513100.SH|513880.SH|515210.SH|518880.SH,0.2420117023012612,0.9184217642745492,ant,2
rolling_ant_colony,2022,2023,42,159920.SZ|159980.SZ|159981.SZ|161226.SZ|164824.SZ|501018.SH|512100.SH|512170.SH|513030.SH|513070.SH|513100.SH|513880.SH|562500.SH,-0.0041604191859866135,0.9184217642745492,ant,2
rolling_ant_colony,2022,2023,43,159825.SZ|159920.SZ|159981.SZ|159985.SZ|160644.SZ|161226.SZ|164824.SZ|501018.SH|510880.SH|513070.SH|513080.SH|513880.SH|562500.SH,0.04521948133166093,0.9184217642745492,ant,2
rolling_ant_colony,2022,2023,44,159851.SZ|159901.SZ|159920.SZ|159980.SZ|160644.SZ|161226.SZ|501018.SH|513070.SH|513080.SH|513100.SH|513880.SH|518880.SH|562500.SH,-0.1179196779985972,0.9184217642745492,ant,2
rolling_ant_colony,2022,2023,45,159915.SZ|159920.SZ|159980.SZ|159981.SZ|159985.SZ|160644.SZ|164824.SZ|501018.SH|512980.SH|513070.SH|513080.SH|513500.SH|515790.SH,0.4891266467538067,0.9184217642745492,ant,2
rolling_ant_colony,2022,2023,46,159852.SZ|159915.SZ|159920.SZ|159981.SZ|159985.SZ|160644.SZ|161226.SZ|164824.SZ|501018.SH|513030.SH|513070.SH|513500.SH|515880.SH,0.013520972129319927,0.9184217642745492,ant,2
rolling_ant_colony,2022,2023,47,159796.SZ|159920.SZ|159980.SZ|159981.SZ|159985.SZ|160644.SZ|161226.SZ|510500.SH|513070.SH|513080.SH|513100.SH|513880.SH|515790.SH,-0.035876436644585646,0.9184217642745492,ant,2
rolling_ant_colony,2022,2023,48,159851.SZ|159920.SZ|159980.SZ|159981.SZ|159985.SZ|160644.SZ|164824.SZ|512170.SH|512400.SH|513070.SH|513100.SH|513880.SH|518880.SH,0.23068454139031214,0.9184217642745492,ant,2
rolling_ant_colony,2022,2023,49,159796.SZ|159920.SZ|159949.SZ|159980.SZ|159981.SZ|161226.SZ|164824.SZ|512170.SH|513030.SH|513070.SH|513500.SH|513880.SH|518880.SH,-0.30992059828451113,0.9184217642745492,ant,2
rolling_ant_colony,2022,2023,50,159851.SZ|159920.SZ|159981.SZ|159985.SZ|160644.SZ|501018.SH|512100.SH|512400.SH|513030.SH|513070.SH|513500.SH|513880.SH|518880.SH,-0.07316596677665906,0.9184217642745492,ant,2
rolling_ant_colony,2022,2023,51,159865.SZ|159915.SZ|159920.SZ|159980.SZ|159981.SZ|160644.SZ|164824.SZ|501018.SH|510500.SH|513030.SH|513070.SH|513880.SH|518880.SH,-0.4457291269082345,0.9184217642745492,ant,2
rolling_ant_colony,2022,2023,52,159825.SZ|159915.SZ|159920.SZ|159980.SZ|159981.SZ|159985.SZ|160644.SZ|161226.SZ|510180.SH|513070.SH|513080.SH|513100.SH|513880.SH,-0.3837651715259472,0.9184217642745492,ant,2
rolling_ant_colony,2022,2023,53,159796.SZ|159915.SZ|159920.SZ|159980.SZ|159985.SZ|160644.SZ|501018.SH|512800.SH|513070.SH|513080.SH|513100.SH|513880.SH|518880.SH,0.32654314637999204,0.9184217642745492,ant,2
rolling_ant_colony,2022,2023,54,159766.SZ|159920.SZ|159980.SZ|159985.SZ|160644.SZ|164824.SZ|501018.SH|510050.SH|513070.SH|513500.SH|513880.SH|518880.SH|562500.SH,0.43698830976135933,0.9184217642745492,ant,2
rolling_ant_colony,2022,2023,55,159920.SZ|159981.SZ|160644.SZ|161226.SZ|164824.SZ|501018.SH|510050.SH|512040.SH|512100.SH|513070.SH|513080.SH|513880.SH|518880.SH,-0.5221219335567081,0.9184217642745492,ant,2
rolling_ant_colony,2022,2023,56,159920.SZ|159949.SZ|159980.SZ|159981.SZ|160644.SZ|164824.SZ|501018.SH|513030.SH|513070.SH|513100.SH|515210.SH|518880.SH|562500.SH,0.12770741501684982,0.9184217642745492,ant,2
rolling_ant_colony,2022,2023,57,159865.SZ|159915.SZ|159920.SZ|159985.SZ|161226.SZ|164824.SZ|501018.SH|513070.SH|513080.SH|513100.SH|513880.SH|515790.SH|518880.SH,-0.0193298803628543,0.9184217642745492,ant,2
rolling_ant_colony,2022,2023,58,159915.SZ|159920.SZ|159980.SZ|159985.SZ|160644.SZ|164824.SZ|501018.SH|512660.SH|513070.SH|513100.SH|513880.SH|518880.SH|562500.SH,0.5709245444466526,0.9184217642745492,ant,2
rolling_ant_colony,2022,2023,59,159796.SZ|159915.SZ|159920.SZ|159981.SZ|159985.SZ|164824.SZ|501018.SH|512890.SH|513070.SH|513080.SH|513500.SH|513880.SH|518880.SH,0.35625615588690224,0.9184217642745492,ant,2
rolling_ant_colony,2022,2023,60,159920.SZ|159980.SZ|159981.SZ|160644.SZ|161226.SZ|164824.SZ|501018.SH|510180.SH|512170.SH|512200.SH|513030.SH|513070.SH|513880.SH,-0.4188998992995181,0.9184217642745492,ant,2
rolling_ant_colony,2022,2023,61,159611.SZ|159766.SZ|159920.SZ|159928.SZ|159980.SZ|159981.SZ|159985.SZ|161226.SZ|164824.SZ|513070.SH|513080.SH|513100.SH|513880.SH,-0.7915602299454808,0.9184217642745492,ant,3
rolling_ant_colony,2022,2023,62,159920.SZ|159985.SZ|160644.SZ|161226.SZ|164824.SZ|501018.SH|513070.SH|513100.SH|513880.SH|515880.SH|518880.SH|562500.SH|588000.SH,0.6334094248715496,0.9184217642745492,ant,3
rolling_ant_colony,2022,2023,63,159920.SZ|159980.SZ|159981.SZ|159985.SZ|160644.SZ|164824.SZ|501018.SH|510880.SH|512200.SH|513070.SH|513500.SH|513880.SH|562500.SH,0.5879261402754582,0.9184217642745492,ant,3
rolling_ant_colony,2022,2023,64,159865.SZ|159920.SZ|159985.SZ|160644.SZ|161226.SZ|164824.SZ|501018.SH|510050.SH|512800.SH|513070.SH|513080.SH|513880.SH|518880.SH,-0.5600612263540107,0.9184217642745492,ant,3
rolling_ant_colony,2022,2023,65,159920.SZ|159980.SZ|159985.SZ|160644.SZ|164824.SZ|501018.SH|512170.SH|512660.SH|513070.SH|513500.SH|513880.SH|518880.SH|562500.SH,0.48069766248452067,0.9184217642745492,ant,3
rolling_ant_colony,2022,2023,66,159852.SZ|159920.SZ|159980.SZ|159981.SZ|159985.SZ|160644.SZ|164824.SZ|501018.SH|510050.SH|513030.SH|513070.SH|513100.SH|562500.SH,1.0158702448559525,0.9184217642745492,ant,3
rolling_ant_colony,2022,2023,67,159915.SZ|159920.SZ|159980.SZ|159985.SZ|160644.SZ|161226.SZ|164824.SZ|501018.SH|512170.SH|513070.SH|513080.SH|513100.SH|515220.SH,0.22952632643375162,0.9184217642745492,ant,3
rolling_ant_colony,2022,2023,68,159915.SZ|159920.SZ|159981.SZ|159985.SZ|160644.SZ|164824.SZ|501018.SH|510050.SH|513070.SH|513100.SH|513880.SH|518880.SH|562500.SH,0.6399175290767676,0.9184217642745492,ant,3
rolling_ant_colony,2022,2023,69,159796.SZ|159852.SZ|159920.SZ|159980.SZ|159981.SZ|159985.SZ|160644.SZ|512980.SH|513070.SH|513080.SH|513500.SH|513880.SH|518880.SH,0.22121311214534586,0.9184217642745492,ant,3
rolling_ant_colony,2022,2023,70,159766.SZ|159920.SZ|159980.SZ|159985.SZ|164824.SZ|501018.SH|512400.SH|513070.SH|513080.SH|513100.SH|513880.SH|518880.SH|562500.SH,0.3317113707821476,0.9184217642745492,ant,3
rolling_ant_colony,2022,2023,71,159920.SZ|159980.SZ|159985.SZ|160644.SZ|161226.SZ|164824.SZ|501018.SH|512400.SH|513070.SH|513100.SH|513880.SH|515880.SH|562500.SH,0.3835339155664135,0.9184217642745492,ant,3
rolling_ant_colony,2022,2023,72,159920.SZ|159980.SZ|159981.SZ|159985.SZ|160644.SZ|164824.SZ|510210.SH|513070.SH|513100.SH|513880.SH|515880.SH|518880.SH|562500.SH,0.2797209213128275,0.9184217642745492,ant,3
rolling_ant_colony,2022,2023,73,159920.SZ|159980.SZ|159985.SZ|160644.SZ|164824.SZ|501018.SH|510210.SH|512170.SH|513070.SH|513100.SH|513880.SH|515790.SH|518880.SH,0.7229048289481186,0.9184217642745492,ant,3
rolling_ant_colony,2022,2023,74,159915.SZ|159920.SZ|159980.SZ|159981.SZ|159985.SZ|160644.SZ|164824.SZ|510180.SH|512890.SH|513070.SH|513080.SH|513500.SH|518880.SH,0.30249297597216335,0.9184217642745492,ant,3
rolling_ant_colony,2022,2023,75,159915.SZ|159920.SZ|159981.SZ|159985.SZ|160644.SZ|501018.SH|512170.SH|512980.SH|513070.SH|513080.SH|513100.SH|513880.SH|518880.SH,-0.19259861778995854,0.9184217642745492,ant,3
rolling_ant_colony,2022,2023,76,159920.SZ|159985.SZ|160644.SZ|161226.SZ|164824.SZ|501018.SH|512400.SH|512660.SH|513070.SH|513080.SH|513100.SH|515790.SH|518880.SH,0.44873775375308206,0.9184217642745492,ant,3
rolling_ant_colony,2022,2023,77,159851.SZ|159920.SZ|159980.SZ|159985.SZ|160644.SZ|501018.SH|510050.SH|513070.SH|513080.SH|513100.SH|513880.SH|516150.SH|518880.SH,0.028552989639256725,0.9184217642745492,ant,3
rolling_ant_colony,2022,2023,78,159920.SZ|159980.SZ|159981.SZ|159985.SZ|160644.SZ|164824.SZ|501018.SH|510180.SH|512800.SH|513070.SH|513100.SH|513880.SH|515210.SH,0.41685185416931675,0.9184217642745492,ant,3
rolling_ant_colony,2022,2023,79,159825.SZ|159920.SZ|159985.SZ|160644.SZ|161226.SZ|164824.SZ|501018.SH|510880.SH|513070.SH|513100.SH|513880.SH|518880.SH|588000.SH,0.012877215000431751,0.9184217642745492,ant,3
rolling_ant_colony,2022,2023,80,159852.SZ|159920.SZ|159981.SZ|159985.SZ|160644.SZ|164824.SZ|501018.SH|510050.SH|512890.SH|513070.SH|513080.SH|513880.SH|518880.SH,0.31564897681795107,0.9184217642745492,ant,3
rolling_ant_colony,2022,2023,81,159915.SZ|159920.SZ|159981.SZ|159985.SZ|160644.SZ|164824.SZ|501018.SH|510050.SH|512200.SH|513030.SH|513070.SH|513880.SH|518880.SH,0.1837102297428827,0.9184217642745492,ant,4
rolling_ant_colony,2022,2023,82,159920.SZ|159980.SZ|159981.SZ|159985.SZ|160644.SZ|164824.SZ|501018.SH|510180.SH|512100.SH|512980.SH|513070.SH|513100.SH|513880.SH,0.32772287884531365,0.9184217642745492,ant,4
rolling_ant_colony,2022,2023,83,159920.SZ|159981.SZ|159985.SZ|160644.SZ|164824.SZ|501018.SH|512100.SH|512170.SH|512660.SH|513030.SH|513070.SH|513100.SH|518880.SH,-0.04224370078431822,0.9184217642745492,ant,4
rolling_ant_colony,2022,2023,84,159825.SZ|159920.SZ|159980.SZ|159981.SZ|159985.SZ|160644.SZ|164824.SZ|512400.SH|513070.SH|513080.SH|513500.SH|518880.SH|588000.SH,-0.1579220036062651,0.9184217642745492,ant,4
rolling_ant_colony,2022,2023,85,159865.SZ|159920.SZ|159980.SZ|159985.SZ|160644.SZ|164824.SZ|501018.SH|512170.SH|512980.SH|513070.SH|513100.SH|513880.SH|518880.SH,0.05484852001481821,0.9184217642745492,ant,4
rolling_ant_colony,2022,2023,86,159915.SZ|159920.SZ|159981.SZ|159985.SZ|160644.SZ|164824.SZ|501018.SH|512980.SH|513070.SH|513080.SH|513100.SH|515790.SH|518880.SH,0.45762289619805585,0.9184217642745492,ant,4
rolling_ant_colony,2022,2023,87,159851.SZ|159920.SZ|159980.SZ|159981.SZ|159985.SZ|164824.SZ|501018.SH|512170.SH|513070.SH|513080.SH|513500.SH|513880.SH|588000.SH,0.25271093130181405,0.9184217642745492,ant,4
rolling_ant_colony,2022,2023,88,159825.SZ|159920.SZ|159980.SZ|159985.SZ|160644.SZ|501018.SH|512170.SH|513070.SH|513080.SH|513100.SH|513880.SH|518880.SH|562500.SH,0.40518443073564436,0.9184217642745492,ant,4
rolling_ant_colony,2022,2023,89,159915.SZ|159920.SZ|159980.SZ|159985.SZ|160644.SZ|164824.SZ|501018.SH|510880.SH|513070.SH|513500.SH|513880.SH|515790.SH|518880.SH,0.24304840917676623,0.9184217642745492,ant,4
rolling_ant_colony,2022,2023,90,159766.SZ|159915.SZ|159920.SZ|159981.SZ|161226.SZ|164824.SZ|501018.SH|513030.SH|513070.SH|513100.SH|513880.SH|518880.SH|562500.SH,-0.13075582921841955,0.9184217642745492,ant,4
rolling_ant_colony,2022,2023,91,159796.SZ|159920.SZ|159980.SZ|159981.SZ|159985.SZ|164824.SZ|501018.SH|512100.SH|512170.SH|513070.SH|513080.SH|513500.SH|513880.SH,0.3382665601457612,0.9184217642745492,ant,4
rolling_ant_colony,2022,2023,92,159851.SZ|159915.SZ|159920.SZ|159980.SZ|159981.SZ|159985.SZ|160644.SZ|161226.SZ|164824.SZ|512980.SH|513070.SH|513100.SH|513880.SH,0.09950187871464944,0.9184217642745492,ant,4
rolling_ant_colony,2022,2023,93,159851.SZ|159915.SZ|159920.SZ|159980.SZ|160644.SZ|161226.SZ|501018.SH|510180.SH|513070.SH|513080.SH|513100.SH|513880.SH|518880.SH,-0.1697978789672534,0.9184217642745492,ant,4
rolling_ant_colony,2022,2023,94,159852.SZ|159915.SZ|159920.SZ|159980.SZ|159981.SZ|160644.SZ|164824.SZ|501018.SH|513070.SH|513100.SH|513880.SH|518880.SH|562500.SH,0.8101787680885338,0.9184217642745492,ant,4
rolling_ant_colony,2022,2023,95,159920.SZ|159980.SZ|159985.SZ|160644.SZ|164824.SZ|501018.SH|510210.SH|513030.SH|513070.SH|513100.SH|515880.SH|518880.SH|562500.SH,0.3043758261680039,0.9184217642745492,ant,4
rolling_ant_colony,2022,2023,96,159915.SZ|159920.SZ|159980.SZ|159985.SZ|160644.SZ|164824.SZ|501018.SH|510050.SH|512400.SH|513070.SH|513100.SH|513880.SH|518880.SH,0.31870094380749914,0.9184217642745492,ant,4
rolling_ant_colony,2022,2023,97,159796.SZ|159865.SZ|159920.SZ|159981.SZ|159985.SZ|160644.SZ|164824.SZ|501018.SH|513070.SH|513100.SH|513880.SH|518880.SH|562500.SH,0.6071161931072095,0.9184217642745492,ant,4
rolling_ant_colony,2022,2023,98,159611.SZ|159901.SZ|159920.SZ|159980.SZ|159985.SZ|160644.SZ|164824.SZ|501018.SH|510050.SH|513070.SH|513100.SH|513880.SH|518880.SH,0.17054307790395448,0.9184217642745492,ant,4
rolling_ant_colony,2022,2023,99,159915.SZ|159920.SZ|159980.SZ|159981.SZ|159985.SZ|160644.SZ|164824.SZ|501018.SH|512170.SH|512200.SH|513070.SH|513100.SH|513880.SH,0.5649983392950555,0.9184217642745492,ant,4
rolling_ant_colony,2022,2023,100,159766.SZ|159870.SZ|159920.SZ|159981.SZ|159985.SZ|160644.SZ|501018.SH|510180.SH|513030.SH|513070.SH|513100.SH|513880.SH|518880.SH,0.016908247569520127,0.9184217642745492,ant,4
rolling_ant_colony,2023,2024,1,159915.SZ|159980.SZ|159981.SZ|159985.SZ|160644.SZ|161226.SZ|510500.SH|513070.SH|513120.SH|513290.SH|513500.SH|513880.SH|515220.SH,0.08712115260440213,0.8339116292963248,ant,0
rolling_ant_colony,2023,2024,2,159687.SZ|159766.SZ|159865.SZ|159980.SZ|159981.SZ|161226.SZ|164824.SZ|501018.SH|512890.SH|513070.SH|513080.SH|513120.SH|513500.SH,-0.06224010097116591,0.7040106538277557,ant,0
rolling_ant_colony,2023,2024,3,159687.SZ|159920.SZ|159980.SZ|159981.SZ|159985.SZ|510500.SH|513070.SH|513290.SH|513310.SH|513500.SH|515210.SH|515220.SH|518880.SH,0.3357909937416492,0.9196494911995831,ant,0
rolling_ant_colony,2023,2024,4,159870.SZ|159980.SZ|159981.SZ|501018.SH|510880.SH|513030.SH|513070.SH|513080.SH|513100.SH|513120.SH|513880.SH|518880.SH|588000.SH,1.0898855093960174,0.9172474776669125,ant,0
rolling_ant_colony,2023,2024,5,159825.SZ|159901.SZ|159920.SZ|159985.SZ|160644.SZ|161226.SZ|501018.SH|510050.SH|513070.SH|513290.SH|513500.SH|513880.SH|518880.SH,-0.12913098709234883,0.9196494911995831,ant,0
rolling_ant_colony,2023,2024,6,159687.SZ|159920.SZ|159949.SZ|159980.SZ|159981.SZ|161226.SZ|164824.SZ|501018.SH|510300.SH|512170.SH|513070.SH|513100.SH|513500.SH,-0.06847920183434697,0.9196494911995831,ant,0
rolling_ant_colony,2023,2024,7,159870.SZ|159981.SZ|159985.SZ|161226.SZ|164824.SZ|501018.SH|512170.SH|512400.SH|513030.SH|513070.SH|513080.SH|513120.SH|513290.SH,0.18058298241264648,0.9172474776669125,ant,0
rolling_ant_colony,2023,2024,8,159915.SZ|159980.SZ|159985.SZ|160644.SZ|161226.SZ|513070.SH|513100.SH|513120.SH|513310.SH|513500.SH|515210.SH|518880.SH|562500.SH,0.19020118302662004,0.8876334498348947,ant,0
rolling_ant_colony,2023,2024,9,159920.SZ|159949.SZ|159981.SZ|160644.SZ|161226.SZ|501018.SH|510300.SH|513030.SH|513070.SH|513500.SH|513880.SH|518880.SH|588000.SH,-0.12483311972116974,0.9196494911995831,ant,0
rolling_ant_colony,2023,2024,10,159687.SZ|159920.SZ|159980.SZ|159981.SZ|161226.SZ|501018.SH|510180.SH|512170.SH|513030.SH|513070.SH|513080.SH|513290.SH|515790.SH,-0.7273697697763001,0.9196494911995831,ant,0
rolling_ant_colony,2023,2024,11,159687.SZ|159920.SZ|159949.SZ|159980.SZ|159981.SZ|161226.SZ|164824.SZ|513070.SH|513310.SH|513880.SH|516150.SH|518880.SH|588200.SH,0.562958035185728,0.9196494911995831,ant,0
rolling_ant_colony,2023,2024,12,159687.SZ|159852.SZ|159980.SZ|159985.SZ|160644.SZ|501018.SH|510880.SH|512880.SH|513100.SH|513120.SH|513180.SH|513500.SH|518880.SH,0.9600307220869149,0.8876334498348947,ant,0
rolling_ant_colony,2023,2024,13,159687.SZ|159981.SZ|159985.SZ|160644.SZ|164824.SZ|501018.SH|510500.SH|512040.SH|513030.SH|513070.SH|513120.SH|515220.SH|518880.SH,0.6733304696979833,0.7463690876116675,ant,0
rolling_ant_colony,2023,2024,14,159851.SZ|159920.SZ|159980.SZ|159981.SZ|161226.SZ|501018.SH|512880.SH|513030.SH|513070.SH|513100.SH|513290.SH|513500.SH|516150.SH,-0.38787004801106645,0.9196494911995831,ant,0
rolling_ant_colony,2023,2024,15,159869.SZ|159980.SZ|159981.SZ|161226.SZ|510300.SH|513030.SH|513070.SH|513080.SH|513120.SH|513290.SH|513500.SH|518880.SH|588200.SH,0.42591762038540976,0.9172474776669125,ant,0
rolling_ant_colony,2023,2024,16,159825.SZ|159981.SZ|159985.SZ|161226.SZ|164824.SZ|510050.SH|510500.SH|513030.SH|513120.SH|513180.SH|513290.SH|513880.SH|518880.SH,0.9983272502259133,0.7171213159893393,ant,0
rolling_ant_colony,2023,2024,17,159687.SZ|159920.SZ|159980.SZ|159981.SZ|161226.SZ|164824.SZ|510050.SH|512100.SH|512200.SH|513030.SH|513120.SH|513500.SH|518880.SH,0.2865726784678963,0.7197588332800243,ant,0
rolling_ant_colony,2023,2024,18,159915.SZ|159920.SZ|159980.SZ|159985.SZ|164824.SZ|501018.SH|512800.SH|513030.SH|513070.SH|513080.SH|513500.SH|515220.SH|518880.SH,0.12288755458529411,0.9196494911995831,ant,0
rolling_ant_colony,2023,2024,19,159851.SZ|159920.SZ|159980.SZ|159981.SZ|159985.SZ|161226.SZ|164824.SZ|510300.SH|512890.SH|513100.SH|513120.SH|513310.SH|513500.SH,0.702462284107206,0.8876334498348947,ant,0
rolling_ant_colony,2023,2024,20,159687.SZ|159915.SZ|159920.SZ|159980.SZ|159981.SZ|161226.SZ|501018.SH|512040.SH|513030.SH|513070.SH|513080.SH|513310.SH|515220.SH,-0.5426429781997999,0.9196494911995831,ant,0
rolling_ant_colony,2023,2024,21,159796.SZ|159869.SZ|159980.SZ|159981.SZ|159985.SZ|164824.SZ|510880.SH|513030.SH|513100.SH|513120.SH|513180.SH|513290.SH|518880.SH,1.1183902844560756,0.6550899267519877,ant,1
rolling_ant_colony,2023,2024,22,159870.SZ|159928.SZ|159980.SZ|159985.SZ|161226.SZ|501018.SH|513030.SH|513070.SH|513120.SH|513290.SH|513500.SH|513880.SH|516150.SH,-0.0038280012757098258,0.7302885844752116,ant,1
rolling_ant_colony,2023,2024,23,159796.SZ|159901.SZ|159980.SZ|159981.SZ|159985.SZ|160644.SZ|164824.SZ|512890.SH|513030.SH|513070.SH|513100.SH|513120.SH|518880.SH,1.3128928649445828,0.7324198934999493,ant,1
rolling_ant_colony,2023,2024,24,159949.SZ|159980.SZ|159985.SZ|160644.SZ|501018.SH|512400.SH|513030.SH|513120.SH|513180.SH|513310.SH|513880.SH|518880.SH|588000.SH,0.6532918804012384,0.6591060417614722,ant,1
rolling_ant_colony,2023,2024,25,159980.SZ|159981.SZ|501018.SH|510880.SH|512880.SH|513030.SH|513100.SH|513120.SH|513180.SH|513310.SH|513880.SH|518880.SH|588000.SH,0.7956055932703225,0.6550899267519877,ant,1
rolling_ant_colony,2023,2024,26,159611.SZ|159870.SZ|159980.SZ|159981.SZ|501018.SH|512890.SH|513070.SH|513080.SH|513120.SH|513290.SH|513500.SH|513880.SH|518880.SH,0.3206589970014304,0.7040106538277557,ant,1
rolling_ant_colony,2023,2024,27,159796.SZ|159980.SZ|159981.SZ|159985.SZ|161226.SZ|164824.SZ|510500.SH|513070.SH|513100.SH|513120.SH|513290.SH|513310.SH|515220.SH,0.5270076196414444,0.6069623656369044,ant,1
rolling_ant_colony,2023,2024,28,159851.SZ|159980.SZ|159981.SZ|161226.SZ|164824.SZ|510180.SH|513100.SH|513120.SH|513180.SH|513290.SH|513500.SH|518880.SH|562500.SH,-0.03635915552110818,0.8876334498348947,ant,1
rolling_ant_colony,2023,2024,29,159920.SZ|159980.SZ|159981.SZ|159985.SZ|510300.SH|512200.SH|513080.SH|513100.SH|513120.SH|513310.SH|513500.SH|516150.SH|518880.SH,0.9558613576316508,0.8876334498348947,ant,1
rolling_ant_colony,2023,2024,30,159687.SZ|159870.SZ|159915.SZ|159980.SZ|159985.SZ|160644.SZ|161226.SZ|513070.SH|513120.SH|513310.SH|513500.SH|515790.SH|518880.SH,0.07419568117035712,0.7406138074867733,ant,1
rolling_ant_colony,2023,2024,31,159825.SZ|159985.SZ|161226.SZ|501018.SH|513030.SH|513070.SH|513080.SH|513120.SH|513310.SH|513500.SH|518880.SH|588000.SH|588200.SH,0.0870394762542072,0.9172474776669125,ant,1
rolling_ant_colony,2023,2024,32,159852.SZ|159869.SZ|159980.SZ|159981.SZ|160644.SZ|161226.SZ|164824.SZ|501018.SH|512100.SH|513120.SH|513180.SH|513500.SH|513880.SH,0.18185279193811,0.6806535797753861,ant,1
rolling_ant_colony,2023,2024,33,159766.SZ|159915.SZ|159920.SZ|159967.SZ|159981.SZ|159985.SZ|160644.SZ|161226.SZ|164824.SZ|513030.SH|513080.SH|513180.SH|518880.SH,-0.4106598628028816,0.9172474776669125,ant,1
rolling_ant_colony,2023,2024,34,159852.SZ|159920.SZ|159980.SZ|159981.SZ|159985.SZ|512200.SH|513030.SH|513100.SH|513120.SH|513500.SH|513880.SH|518880.SH|562500.SH,1.0759613662607372,0.8876334498348947,ant,1
rolling_ant_colony,2023,2024,35,159870.SZ|159967.SZ|159981.SZ|159985.SZ|161226.SZ|501018.SH|510050.SH|513030.SH|513080.SH|513120.SH|513180.SH|513500.SH|513880.SH,0.378356668473302,0.9172474776669125,ant,1
rolling_ant_colony,2023,2024,36,159687.SZ|159870.SZ|159980.SZ|159981.SZ|159985.SZ|161226.SZ|510880.SH|512880.SH|513030.SH|513100.SH|513120.SH|513180.SH|513880.SH,0.7620193269981301,0.8055829520541524,ant,1
rolling_ant_colony,2023,2024,37,159865.SZ|159980.SZ|159981.SZ|501018.SH|510050.SH|512040.SH|513080.SH|513100.SH|513120.SH|513180.SH|513290.SH|513880.SH|518880.SH,0.9903662384592995,0.6913237810565067,ant,1
rolling_ant_colony,2023,2024,38,159825.SZ|159980.SZ|159985.SZ|161226.SZ|512040.SH|513080.SH|513100.SH|513120.SH|513180.SH|513290.SH|513880.SH|515210.SH|518880.SH,0.4577686081159509,0.7147380307652269,ant,1
rolling_ant_colony,2023,2024,39,159901.SZ|159985.SZ|161226.SZ|501018.SH|510180.SH|510880.SH|513030.SH|513120.SH|513180.SH|513290.SH|513500.SH|513880.SH|518880.SH,0.5014785533397237,0.8537506826793313,ant,1
rolling_ant_colony,2023,2024,40,159687.SZ|159869.SZ|159981.SZ|159985.SZ|501018.SH|512170.SH|512890.SH|513030.SH|513070.SH|513100.SH|513120.SH|513880.SH|518880.SH,1.4927380113975663,0.8055829520541524,ant,1
rolling_ant_colony,2023,2024,41,159825.SZ|159901.SZ|159980.SZ|159981.SZ|159985.SZ|510050.SH|513030.SH|513070.SH|513100.SH|513120.SH|513290.SH|513880.SH|518880.SH,0.7670277548310722,0.8356436294719424,ant,2
rolling_ant_colony,2023,2024,42,159901.SZ|159980.SZ|159981.SZ|160644.SZ|161226.SZ|510880.SH|513080.SH|513100.SH|513120.SH|513180.SH|513500.SH|515880.SH|518880.SH,0.8839330381536344,0.8876334498348947,ant,2
rolling_ant_colony,2023,2024,43,159687.SZ|159766.SZ|159980.SZ|159985.SZ|161226.SZ|164824.SZ|510210.SH|512100.SH|513030.SH|513100.SH|513120.SH|513180.SH|518880.SH,0.32169428431532276,0.7852707160763566,ant,2
rolling_ant_colony,2023,2024,44,159687.SZ|159980.SZ|159981.SZ|159985.SZ|164824.SZ|510300.SH|512880.SH|513030.SH|513070.SH|513100.SH|513120.SH|516150.SH|518880.SH,1.1611405795666652,0.7596960861463702,ant,2
rolling_ant_colony,2023,2024,45,159865.SZ|159920.SZ|159980.SZ|159981.SZ|164824.SZ|501018.SH|510880.SH|512890.SH|513030.SH|513100.SH|513120.SH|513500.SH|518880.SH,1.257173769205375,0.8876334498348947,ant,2
rolling_ant_colony,2023,2024,46,159981.SZ|159985.SZ|160644.SZ|161226.SZ|512040.SH|512890.SH|513030.SH|513120.SH|513180.SH|513500.SH|513880.SH|518880.SH|588200.SH,1.0702927754498164,0.7716751055075883,ant,2
rolling_ant_colony,2023,2024,47,159980.SZ|159981.SZ|159985.SZ|164824.SZ|510210.SH|512100.SH|512170.SH|513030.SH|513100.SH|513120.SH|513180.SH|513880.SH|518880.SH,1.7678837195353936,0.7852707160763566,ant,2
rolling_ant_colony,2023,2024,48,159796.SZ|159928.SZ|159980.SZ|159981.SZ|160644.SZ|501018.SH|513030.SH|513070.SH|513120.SH|513290.SH|513310.SH|515210.SH|518880.SH,-0.38190692224538786,0.5606215077566773,ant,2
rolling_ant_colony,2023,2024,49,159920.SZ|159980.SZ|159981.SZ|159985.SZ|512040.SH|513030.SH|513100.SH|513180.SH|513500.SH|513880.SH|518880.SH|562500.SH|588000.SH,1.1441142147554932,0.9130217366562248,ant,2
rolling_ant_colony,2023,2024,50,159870.SZ|159920.SZ|159980.SZ|159981.SZ|159985.SZ|513030.SH|513100.SH|513120.SH|513500.SH|513880.SH|515880.SH|518880.SH|562500.SH,1.4104360011743102,0.8876334498348947,ant,2
rolling_ant_colony,2023,2024,51,159796.SZ|159901.SZ|159920.SZ|159928.SZ|159980.SZ|159981.SZ|159985.SZ|164824.SZ|513030.SH|513180.SH|513290.SH|513500.SH|518880.SH,0.4058036076086363,0.9130217366562248,ant,2
rolling_ant_colony,2023,2024,52,159687.SZ|159825.SZ|159980.SZ|159981.SZ|160644.SZ|161226.SZ|164824.SZ|513120.SH|513180.SH|513310.SH|515210.SH|515880.SH|518880.SH,0.3566807226543374,0.6565224325624922,ant,2
rolling_ant_colony,2023,2024,53,159901.SZ|159949.SZ|159981.SZ|159985.SZ|501018.SH|513030.SH|513070.SH|513100.SH|513120.SH|513290.SH|513500.SH|515210.SH|518880.SH,0.5523889404166447,0.9001097245401373,ant,2
rolling_ant_colony,2023,2024,54,159611.SZ|159687.SZ|159981.SZ|159985.SZ|501018.SH|510050.SH|512890.SH|513070.SH|513080.SH|513100.SH|513120.SH|513310.SH|518880.SH,1.1337538726427105,0.6492703843734722,ant,2
rolling_ant_colony,2023,2024,55,159687.SZ|159825.SZ|159980.SZ|159981.SZ|159985.SZ|164824.SZ|510880.SH|512660.SH|513030.SH|513070.SH|513120.SH|513500.SH|518880.SH,0.5439923590495167,0.7197588332800243,ant,2
rolling_ant_colony,2023,2024,56,159687.SZ|159869.SZ|159920.SZ|159980.SZ|159981.SZ|159985.SZ|501018.SH|510050.SH|513030.SH|513100.SH|513120.SH|513290.SH|562500.SH,1.0681766929269305,0.6755480123658768,ant,2
rolling_ant_colony,2023,2024,57,159920.SZ|159980.SZ|159981.SZ|161226.SZ|501018.SH|510880.SH|512100.SH|513030.SH|513100.SH|513120.SH|513500.SH|513880.SH|562500.SH,0.5089424862090219,0.8876334498348947,ant,2
rolling_ant_colony,2023,2024,58,159852.SZ|159870.SZ|159981.SZ|159985.SZ|164824.SZ|501018.SH|510180.SH|513100.SH|513120.SH|513180.SH|513310.SH|513880.SH|518880.SH,1.2713726682323643,0.6857639291524179,ant,2
rolling_ant_colony,2023,2024,59,159687.SZ|159825.SZ|159980.SZ|159981.SZ|160644.SZ|501018.SH|512660.SH|513030.SH|513080.SH|513120.SH|513180.SH|518880.SH|562500.SH,-0.13612553434248753,0.9172474776669125,ant,2
rolling_ant_colony,2023,2024,60,159825.SZ|159967.SZ|159981.SZ|159985.SZ|160644.SZ|161226.SZ|164824.SZ|513120.SH|513180.SH|513290.SH|513500.SH|518880.SH|562500.SH,0.36894834730402554,0.6709455241458008,ant,2
rolling_ant_colony,2023,2024,61,159920.SZ|159980.SZ|159981.SZ|159985.SZ|160644.SZ|510180.SH|512200.SH|513030.SH|513100.SH|513120.SH|513880.SH|518880.SH|588000.SH,0.9157779615146531,0.6550899267519877,ant,3
rolling_ant_colony,2023,2024,62,159687.SZ|159851.SZ|159920.SZ|159980.SZ|159981.SZ|501018.SH|512100.SH|512880.SH|513070.SH|513100.SH|513290.SH|513880.SH|518880.SH,0.4031173163750578,0.9196494911995831,ant,3
rolling_ant_colony,2023,2024,63,159796.SZ|159981.SZ|159985.SZ|164824.SZ|501018.SH|512200.SH|512880.SH|513100.SH|513120.SH|513180.SH|513500.SH|513880.SH|518880.SH,1.0503981139862513,0.8876334498348947,ant,3
rolling_ant_colony,2023,2024,64,159852.SZ|159949.SZ|159980.SZ|159985.SZ|164824.SZ|501018.SH|510050.SH|513100.SH|513120.SH|513180.SH|513290.SH|513500.SH|518880.SH,0.8806956037921034,0.8876334498348947,ant,3
rolling_ant_colony,2023,2024,65,159687.SZ|159852.SZ|159928.SZ|159980.SZ|159985.SZ|160644.SZ|161226.SZ|164824.SZ|501018.SH|513070.SH|513100.SH|513120.SH|515880.SH,0.8344897989743891,0.7552639442207999,ant,3
rolling_ant_colony,2023,2024,66,159980.SZ|159981.SZ|159985.SZ|164824.SZ|501018.SH|510300.SH|510880.SH|513030.SH|513070.SH|513100.SH|513120.SH|513500.SH|515210.SH,0.8433833401740933,0.8876334498348947,ant,3
rolling_ant_colony,2023,2024,67,159611.SZ|159980.SZ|159981.SZ|159985.SZ|164824.SZ|512040.SH|513030.SH|513120.SH|513180.SH|513500.SH|513880.SH|515210.SH|518880.SH,0.6084085413645943,0.7197588332800243,ant,3
rolling_ant_colony,2023,2024,68,159980.SZ|159985.SZ|164824.SZ|501018.SH|510300.SH|510880.SH|512100.SH|513030.SH|513070.SH|513120.SH|513290.SH|513500.SH|518880.SH,0.898595368223747,0.7314060839339888,ant,3
rolling_ant_colony,2023,2024,69,159796.SZ|159981.SZ|159985.SZ|164824.SZ|501018.SH|512890.SH|513030.SH|513100.SH|513120.SH|513180.SH|513880.SH|515790.SH|518880.SH,1.6667161755185067,0.8662974705596554,ant,3
rolling_ant_colony,2023,2024,70,159870.SZ|159920.SZ|159981.SZ|161226.SZ|164824.SZ|501018.SH|513030.SH|513100.SH|513120.SH|513310.SH|516150.SH|518880.SH|588200.SH,0.5823088062160299,0.7302885844752116,ant,3
rolling_ant_colony,2023,2024,71,159687.SZ|159980.SZ|159981.SZ|159985.SZ|160644.SZ|501018.SH|510880.SH|512170.SH|512800.SH|513100.SH|513120.SH|513180.SH|513880.SH,1.175911866337962,0.8055829520541524,ant,3
rolling_ant_colony,2023,2024,72,159865.SZ|159920.SZ|159980.SZ|161226.SZ|164824.SZ|501018.SH|510500.SH|513030.SH|513120.SH|513500.SH|513880.SH|518880.SH|562500.SH,0.35556677849191914,0.7699184768777949,ant,3
rolling_ant_colony,2023,2024,73,159920.SZ|159980.SZ|159985.SZ|164824.SZ|501018.SH|510210.SH|512100.SH|512170.SH|513030.SH|513120.SH|513500.SH|513880.SH|518880.SH,1.402942581687387,0.7852707160763566,ant,3
rolling_ant_colony,2023,2024,74,159687.SZ|159796.SZ|159851.SZ|159920.SZ|159981.SZ|159985.SZ|160644.SZ|501018.SH|512170.SH|513030.SH|513120.SH|513500.SH|518880.SH,1.308354300492189,0.7197588332800243,ant,3
rolling_ant_colony,2023,2024,75,159852.SZ|159869.SZ|159980.SZ|161226.SZ|164824.SZ|501018.SH|512170.SH|513080.SH|513100.SH|513120.SH|513180.SH|513880.SH|518880.SH,0.5458988670526067,0.6697531378820192,ant,3
rolling_ant_colony,2023,2024,76,159825.SZ|159980.SZ|159985.SZ|164824.SZ|501018.SH|510880.SH|513100.SH|513120.SH|513180.SH|513500.SH|513880.SH|518880.SH|562500.SH,0.6266799429442833,0.8876334498348947,ant,3
rolling_ant_colony,2023,2024,77,159687.SZ|159920.SZ|159981.SZ|159985.SZ|501018.SH|510180.SH|513030.SH|513100.SH|513120.SH|513880.SH|518880.SH|562500.SH|588000.SH,0.9979300554997502,0.8055829520541524,ant,3
rolling_ant_colony,2023,2024,78,159915.SZ|159920.SZ|159981.SZ|159985.SZ|161226.SZ|510180.SH|513030.SH|513100.SH|513120.SH|513290.SH|513880.SH|518880.SH|588000.SH,0.6075663303230514,0.7203534100294369,ant,3
rolling_ant_colony,2023,2024,79,159687.SZ|159981.SZ|159985.SZ|501018.SH|510180.SH|512200.SH|512890.SH|513070.SH|513100.SH|513120.SH|513310.SH|513880.SH|518880.SH,1.436981764411814,0.8055829520541524,ant,3
rolling_ant_colony,2023,2024,80,159851.SZ|159869.SZ|159915.SZ|159920.SZ|159980.SZ|159981.SZ|164824.SZ|501018.SH|513030.SH|513100.SH|513120.SH|513880.SH|518880.SH,1.0188049565186459,0.6675158333153808,ant,3
rolling_ant_colony,2023,2024,81,159611.SZ|159869.SZ|159980.SZ|159981.SZ|159985.SZ|160644.SZ|164824.SZ|513030.SH|513070.SH|513120.SH|513880.SH|518880.SH|562500.SH,0.8860070483580904,0.6125095317301315,ant,4
rolling_ant_colony,2023,2024,82,159869.SZ|159980.SZ|159981.SZ|501018.SH|512200.SH|512890.SH|513030.SH|513120.SH|513180.SH|513290.SH|513310.SH|513500.SH|518880.SH,0.811485688536855,0.7197588332800243,ant,4
rolling_ant_colony,2023,2024,83,159949.SZ|159981.SZ|159985.SZ|501018.SH|510880.SH|513030.SH|513070.SH|513100.SH|513120.SH|513310.SH|513500.SH|518880.SH|562500.SH,0.7791477163422369,0.8876334498348947,ant,4
rolling_ant_colony,2023,2024,84,159687.SZ|159869.SZ|159920.SZ|159980.SZ|159981.SZ|159985.SZ|160644.SZ|512100.SH|512890.SH|513080.SH|513120.SH|513880.SH|518880.SH,1.4128315297328624,0.8055829520541524,ant,4
rolling_ant_colony,2023,2024,85,159687.SZ|159920.SZ|159980.SZ|159981.SZ|159985.SZ|164824.SZ|512170.SH|512890.SH|513100.SH|513120.SH|513500.SH|515220.SH|518880.SH,1.449536055100183,0.8876334498348947,ant,4
rolling_ant_colony,2023,2024,86,159687.SZ|159980.SZ|159981.SZ|161226.SZ|510050.SH|512200.SH|512880.SH|513070.SH|513080.SH|513100.SH|513120.SH|513880.SH|518880.SH,0.07514446422352977,0.8055829520541524,ant,4
rolling_ant_colony,2023,2024,87,159980.SZ|159985.SZ|164824.SZ|501018.SH|512200.SH|512880.SH|513030.SH|513100.SH|513120.SH|513180.SH|513880.SH|518880.SH|562500.SH,0.8251099488107227,0.6550899267519877,ant,4
rolling_ant_colony,2023,2024,88,159796.SZ|159920.SZ|159981.SZ|159985.SZ|164824.SZ|501018.SH|510050.SH|512660.SH|513070.SH|513080.SH|513500.SH|513880.SH|518880.SH,0.6600398412011941,0.9196494911995831,ant,4
rolling_ant_colony,2023,2024,89,159687.SZ|159851.SZ|159870.SZ|159920.SZ|159980.SZ|159981.SZ|159985.SZ|164824.SZ|501018.SH|513030.SH|513100.SH|513180.SH|515790.SH,0.7470815554513041,0.9130217366562248,ant,4
rolling_ant_colony,2023,2024,90,159687.SZ|159796.SZ|159981.SZ|159985.SZ|501018.SH|512100.SH|512200.SH|513030.SH|513070.SH|513100.SH|513120.SH|513880.SH|518880.SH,1.0926069658340023,0.8055829520541524,ant,4
rolling_ant_colony,2023,2024,91,159687.SZ|159851.SZ|159865.SZ|159920.SZ|159980.SZ|159985.SZ|501018.SH|510880.SH|513030.SH|513180.SH|513500.SH|513880.SH|518880.SH,0.4837809441747942,0.9130217366562248,ant,4
rolling_ant_colony,2023,2024,92,159687.SZ|159870.SZ|159920.SZ|159980.SZ|159981.SZ|159985.SZ|164824.SZ|512170.SH|513120.SH|513290.SH|513310.SH|515790.SH|518880.SH,0.6785415223640744,0.6774009518591815,ant,4
rolling_ant_colony,2023,2024,93,159687.SZ|159901.SZ|159980.SZ|159981.SZ|159985.SZ|164824.SZ|501018.SH|513030.SH|513100.SH|513120.SH|513180.SH|515790.SH|562500.SH,1.023896372090215,0.6943330040162871,ant,4
rolling_ant_colony,2023,2024,94,159796.SZ|159980.SZ|159981.SZ|159985.SZ|512170.SH|513030.SH|513080.SH|513100.SH|513120.SH|513180.SH|513500.SH|518880.SH|588000.SH,0.9793512405109673,0.9172474776669125,ant,4
rolling_ant_colony,2023,2024,95,159980.SZ|159981.SZ|164824.SZ|501018.SH|512100.SH|512880.SH|513030.SH|513070.SH|513120.SH|513500.SH|513880.SH|518880.SH|588000.SH,0.8721941373754192,0.7796742629059856,ant,4
rolling_ant_colony,2023,2024,96,159869.SZ|159980.SZ|159981.SZ|159985.SZ|164824.SZ|512170.SH|513030.SH|513080.SH|513120.SH|513180.SH|513500.SH|518880.SH|588200.SH,1.4511696660738278,0.9172474776669125,ant,4
rolling_ant_colony,2023,2024,97,159920.SZ|159949.SZ|159981.SZ|159985.SZ|164824.SZ|501018.SH|510050.SH|513180.SH|513310.SH|513500.SH|513880.SH|518880.SH|588000.SH,0.9716747280793575,0.9130217366562248,ant,4
rolling_ant_colony,2023,2024,98,159687.SZ|159980.SZ|159985.SZ|161226.SZ|501018.SH|510500.SH|513070.SH|513100.SH|513120.SH|513500.SH|513880.SH|515790.SH|516150.SH,0.2756295381678191,0.8876334498348947,ant,4
rolling_ant_colony,2023,2024,99,159980.SZ|159981.SZ|159985.SZ|164824.SZ|510210.SH|512170.SH|512880.SH|513030.SH|513070.SH|513100.SH|513120.SH|513880.SH|518880.SH,1.3952575348577452,0.7450126639270123,ant,4
rolling_ant_colony,2023,2024,100,159928.SZ|159980.SZ|159985.SZ|160644.SZ|501018.SH|512880.SH|512890.SH|513030.SH|513070.SH|513080.SH|513120.SH|513880.SH|518880.SH,0.9307530990319445,0.9172474776669125,ant,4
rolling_ant_colony,2024,2025,1,159518.SZ|159611.SZ|159981.SZ|159985.SZ|161226.SZ|501018.SH|510500.SH|513030.SH|513120.SH|513400.SH|513750.SH|513880.SH|562500.SH,0.1699034776545701,0.8530667988809837,ant,0
rolling_ant_colony,2024,2025,2,159518.SZ|159687.SZ|159920.SZ|159928.SZ|159985.SZ|161226.SZ|501018.SH|512800.SH|513100.SH|513120.SH|513500.SH|515220.SH|518880.SH,0.9811512661468654,0.8532903457695046,ant,0
rolling_ant_colony,2024,2025,3,159509.SZ|159518.SZ|159796.SZ|159852.SZ|159981.SZ|161226.SZ|501018.SH|513100.SH|513120.SH|513180.SH|513500.SH|518880.SH|588000.SH,1.1219015359417888,0.8598122919060952,ant,0
rolling_ant_colony,2024,2025,4,159518.SZ|159852.SZ|159980.SZ|159981.SZ|160644.SZ|161226.SZ|512980.SH|513070.SH|513080.SH|513730.SH|513750.SH|518880.SH|588220.SH,-0.005669868444400098,0.8109949251878138,ant,0
rolling_ant_colony,2024,2025,5,159509.SZ|159687.SZ|159920.SZ|159981.SZ|159985.SZ|161226.SZ|510050.SH|510880.SH|512660.SH|513290.SH|513500.SH|513750.SH|518880.SH,1.1292421365046905,0.8920130717054932,ant,0
rolling_ant_colony,2024,2025,6,159980.SZ|159981.SZ|159985.SZ|160644.SZ|161226.SZ|164824.SZ|512040.SH|512100.SH|513180.SH|513290.SH|513310.SH|513750.SH|562500.SH,0.1356650929144462,0.9062931062244416,ant,0
rolling_ant_colony,2024,2025,7,159766.SZ|159865.SZ|159980.SZ|159981.SZ|159985.SZ|161226.SZ|164824.SZ|513030.SH|513120.SH|513180.SH|513310.SH|513400.SH|515220.SH,-0.76365196201137,0.7731992642013015,ant,0
rolling_ant_colony,2024,2025,8,159509.SZ|159920.SZ|159949.SZ|159980.SZ|159981.SZ|159985.SZ|161226.SZ|510300.SH|513030.SH|513080.SH|513100.SH|513750.SH|562500.SH,0.6253816481338721,0.8934888117483807,ant,0
rolling_ant_colony,2024,2025,9,159518.SZ|159920.SZ|159980.SZ|159985.SZ|164824.SZ|501018.SH|510500.SH|512400.SH|513310.SH|513750.SH|513880.SH|515880.SH|518880.SH,0.07016311773781676,0.8920130717054932,ant,0
rolling_ant_colony,2024,2025,10,159518.SZ|159870.SZ|159981.SZ|159985.SZ|501018.SH|512400.SH|513070.SH|513100.SH|513120.SH|513310.SH|513400.SH|518880.SH|563300.SH,0.8368644674143976,0.819036550521911,ant,0
rolling_ant_colony,2024,2025,11,159529.SZ|159901.SZ|159920.SZ|159980.SZ|159981.SZ|159985.SZ|513080.SH|513290.SH|513730.SH|513750.SH|515790.SH|518880.SH|588200.SH,0.17972097083203353,0.8920130717054932,ant,0
rolling_ant_colony,2024,2025,12,159529.SZ|159852.SZ|159980.SZ|159981.SZ|160644.SZ|161226.SZ|501018.SH|510300.SH|513030.SH|513120.SH|513180.SH|513290.SH|588000.SH,0.7215664928314528,0.79675798662605,ant,0
rolling_ant_colony,2024,2025,13,159509.SZ|159928.SZ|159980.SZ|161226.SZ|164824.SZ|501018.SH|512980.SH|513180.SH|513730.SH|513750.SH|513880.SH|515220.SH|518880.SH,1.0649394321876553,0.8415836756152468,ant,0
rolling_ant_colony,2024,2025,14,159518.SZ|159852.SZ|159981.SZ|159985.SZ|161226.SZ|512170.SH|512400.SH|513030.SH|513120.SH|513180.SH|513310.SH|513880.SH|518880.SH,-0.34135876215969885,0.7889425391722841,ant,0
rolling_ant_colony,2024,2025,15,159509.SZ|159529.SZ|159825.SZ|159852.SZ|159901.SZ|159980.SZ|159981.SZ|161226.SZ|501018.SH|513070.SH|513080.SH|513100.SH|513750.SH,1.452469838918483,0.8598122919060952,ant,0
rolling_ant_colony,2024,2025,16,159509.SZ|159980.SZ|160644.SZ|161226.SZ|501018.SH|510880.SH|512170.SH|513100.SH|513120.SH|513730.SH|513750.SH|518880.SH|588200.SH,0.9890066487490873,0.8598122919060952,ant,0
rolling_ant_colony,2024,2025,17,159509.SZ|159518.SZ|159687.SZ|159796.SZ|159852.SZ|159901.SZ|159980.SZ|161226.SZ|501018.SH|513030.SH|513180.SH|513750.SH|518880.SH,0.40138979421862553,0.8526538312783507,ant,0
rolling_ant_colony,2024,2025,18,159518.SZ|159980.SZ|159981.SZ|161226.SZ|501018.SH|512170.SH|512880.SH|513030.SH|513070.SH|513500.SH|513750.SH|513880.SH|515790.SH,0.6879281732580498,0.8109949251878138,ant,0
rolling_ant_colony,2024,2025,19,159518.SZ|159869.SZ|159920.SZ|159981.SZ|161226.SZ|501018.SH|512880.SH|513120.SH|513500.SH|513730.SH|513880.SH|515880.SH|518880.SH,1.3946334330634658,0.7889425391722841,ant,0
rolling_ant_colony,2024,2025,20,159518.SZ|159687.SZ|159920.SZ|159980.SZ|159981.SZ|159985.SZ|512400.SH|513100.SH|513120.SH|513500.SH|515210.SH|515790.SH|518880.SH,0.30344723216401925,0.8532903457695046,ant,0
rolling_ant_colony,2024,2025,21,159509.SZ|159518.SZ|159825.SZ|159920.SZ|159980.SZ|159981.SZ|501018.SH|510880.SH|513100.SH|513400.SH|513750.SH|518880.SH|588220.SH,0.6008031827538783,0.8920130717054932,ant,1
rolling_ant_colony,2024,2025,22,159509.SZ|159518.SZ|159980.SZ|159981.SZ|501018.SH|510210.SH|512400.SH|512980.SH|513120.SH|513400.SH|513730.SH|513750.SH|518880.SH,1.0443127430874797,0.7784061328213839,ant,1
rolling_ant_colony,2024,2025,23,159529.SZ|159869.SZ|159981.SZ|159985.SZ|501018.SH|512890.SH|513070.SH|513500.SH|513730.SH|513750.SH|513880.SH|518880.SH|588000.SH,1.1556202324314178,0.8109949251878138,ant,1
rolling_ant_colony,2024,2025,24,159852.SZ|159920.SZ|159980.SZ|159981.SZ|160644.SZ|161226.SZ|510210.SH|512660.SH|513030.SH|513120.SH|513310.SH|513730.SH|518880.SH,-0.25310797190367695,0.7889425391722841,ant,1
rolling_ant_colony,2024,2025,25,159869.SZ|159920.SZ|159985.SZ|161226.SZ|501018.SH|510880.SH|513100.SH|513400.SH|513730.SH|513750.SH|513880.SH|515880.SH|518880.SH,1.4772972404757483,0.8920130717054932,ant,1
rolling_ant_colony,2024,2025,26,159529.SZ|159985.SZ|161226.SZ|501018.SH|510500.SH|510880.SH|512880.SH|513070.SH|513310.SH|513400.SH|513500.SH|513750.SH|518880.SH,1.6113074440027837,0.8109949251878138,ant,1
rolling_ant_colony,2024,2025,27,159852.SZ|159980.SZ|159981.SZ|159985.SZ|501018.SH|510050.SH|513120.SH|513180.SH|513290.SH|513310.SH|513730.SH|513880.SH|516150.SH,1.087938914191954,0.7718796702394679,ant,1
rolling_ant_colony,2024,2025,28,159509.SZ|159529.SZ|159687.SZ|159851.SZ|159981.SZ|161226.SZ|501018.SH|512880.SH|513030.SH|513120.SH|513180.SH|518880.SH|563300.SH,1.4709445260092606,0.7926446153355104,ant,1
rolling_ant_colony,2024,2025,29,159529.SZ|159796.SZ|159980.SZ|159981.SZ|159985.SZ|164824.SZ|501018.SH|510050.SH|512660.SH|513070.SH|513500.SH|513730.SH|513750.SH,0.5452155423451155,0.8109949251878138,ant,1
rolling_ant_colony,2024,2025,30,159509.SZ|159865.SZ|159981.SZ|161226.SZ|501018.SH|512100.SH|512400.SH|513030.SH|513070.SH|513120.SH|513310.SH|513730.SH|518880.SH,0.5226830490603903,0.7889425391722841,ant,1
rolling_ant_colony,2024,2025,31,159509.SZ|159687.SZ|159901.SZ|159920.SZ|159980.SZ|159981.SZ|161226.SZ|501018.SH|512880.SH|513730.SH|513750.SH|513880.SH|515220.SH,1.6617121331693427,0.8920130717054932,ant,1
rolling_ant_colony,2024,2025,32,159509.SZ|159687.SZ|159980.SZ|159981.SZ|161226.SZ|501018.SH|510210.SH|512100.SH|512980.SH|513080.SH|513180.SH|513500.SH|513750.SH,0.5801984088514301,0.8651170986109297,ant,1
rolling_ant_colony,2024,2025,33,159509.SZ|159529.SZ|159920.SZ|159981.SZ|159985.SZ|161226.SZ|510500.SH|512660.SH|512800.SH|513030.SH|513080.SH|513750.SH|518880.SH,0.8423047788591814,0.8934888117483807,ant,1
rolling_ant_colony,2024,2025,34,159509.SZ|159870.SZ|159981.SZ|161226.SZ|501018.SH|512890.SH|513030.SH|513120.SH|513310.SH|513500.SH|513750.SH|516150.SH|518880.SH,0.6586401033083584,0.8262157940202308,ant,1
rolling_ant_colony,2024,2025,35,159509.SZ|159611.SZ|159870.SZ|159981.SZ|161226.SZ|164824.SZ|501018.SH|513180.SH|513400.SH|513500.SH|513750.SH|518880.SH|562500.SH,1.176388533813345,0.8415836756152468,ant,1
rolling_ant_colony,2024,2025,36,159509.SZ|159518.SZ|159920.SZ|159981.SZ|159985.SZ|161226.SZ|501018.SH|510210.SH|513100.SH|513310.SH|513750.SH|515220.SH|516150.SH,0.07468949403582587,0.8920130717054932,ant,1
rolling_ant_colony,2024,2025,37,159509.SZ|159796.SZ|159920.SZ|159981.SZ|161226.SZ|501018.SH|512170.SH|513080.SH|513100.SH|513730.SH|513750.SH|518880.SH|588000.SH,0.593287720914157,0.8920130717054932,ant,1
rolling_ant_colony,2024,2025,38,159509.SZ|159852.SZ|159980.SZ|159981.SZ|159985.SZ|513030.SH|513080.SH|513120.SH|513310.SH|513750.SH|515880.SH|518880.SH|588220.SH,-0.65338490318442,0.8934888117483807,ant,1
rolling_ant_colony,2024,2025,39,159509.SZ|159518.SZ|159796.SZ|159825.SZ|159981.SZ|160644.SZ|161226.SZ|501018.SH|513120.SH|513500.SH|513750.SH|518880.SH|563300.SH,0.671545152835543,0.7889425391722841,ant,1
rolling_ant_colony,2024,2025,40,159529.SZ|159980.SZ|159981.SZ|159985.SZ|512660.SH|513080.SH|513100.SH|513180.SH|513310.SH|513750.SH|515210.SH|515880.SH|518880.SH,-0.05093901322006966,0.8415836756152468,ant,1
rolling_ant_colony,2024,2025,41,159509.SZ|159980.SZ|159981.SZ|161226.SZ|164824.SZ|510880.SH|512880.SH|513070.SH|513500.SH|513750.SH|513880.SH|515220.SH|518880.SH,1.3420004114207067,0.8466471885581517,ant,2
rolling_ant_colony,2024,2025,42,159518.SZ|159687.SZ|159869.SZ|159920.SZ|159981.SZ|161226.SZ|164824.SZ|501018.SH|510050.SH|513120.SH|513290.SH|518880.SH|562500.SH,0.6174085144421814,0.8100001938091984,ant,2
rolling_ant_colony,2024,2025,43,159518.SZ|159529.SZ|159687.SZ|159796.SZ|159901.SZ|159981.SZ|159985.SZ|161226.SZ|512400.SH|513070.SH|513120.SH|513310.SH|518880.SH,0.3354124887913786,0.8526538312783507,ant,2
rolling_ant_colony,2024,2025,44,159509.SZ|159901.SZ|159920.SZ|159981.SZ|159985.SZ|161226.SZ|501018.SH|510880.SH|513500.SH|513730.SH|513750.SH|513880.SH|563300.SH,1.399216073930126,0.8920130717054932,ant,2
rolling_ant_colony,2024,2025,45,159687.SZ|159920.SZ|159980.SZ|159985.SZ|160644.SZ|501018.SH|510880.SH|513080.SH|513100.SH|513750.SH|515880.SH|516150.SH|518880.SH,0.9209236377809746,0.8920130717054932,ant,2
rolling_ant_colony,2024,2025,46,159509.SZ|159766.SZ|159901.SZ|159980.SZ|159981.SZ|161226.SZ|501018.SH|512890.SH|513030.SH|513070.SH|513290.SH|513500.SH|513750.SH,0.5678574252247581,0.8109949251878138,ant,2
rolling_ant_colony,2024,2025,47,159611.SZ|159980.SZ|159985.SZ|501018.SH|510210.SH|510880.SH|513080.SH|513100.SH|513180.SH|513400.SH|513500.SH|513750.SH|518880.SH,0.9059226813708318,0.8532903457695046,ant,2
rolling_ant_colony,2024,2025,48,159870.SZ|159920.SZ|159980.SZ|159981.SZ|161226.SZ|512660.SH|513030.SH|513310.SH|513500.SH|513730.SH|513750.SH|518880.SH|588000.SH,0.35466073989577995,0.8920130717054932,ant,2
rolling_ant_colony,2024,2025,49,159687.SZ|159766.SZ|159980.SZ|161226.SZ|501018.SH|512200.SH|513080.SH|513180.SH|513400.SH|513750.SH|513880.SH|515220.SH|518880.SH,0.517716725116562,0.8415836756152468,ant,2
rolling_ant_colony,2024,2025,50,159796.SZ|159901.SZ|159920.SZ|159985.SZ|161226.SZ|164824.SZ|501018.SH|510880.SH|513080.SH|513120.SH|513290.SH|513730.SH|518880.SH,0.9297472183871756,0.8526538312783507,ant,2
rolling_ant_colony,2024,2025,51,159518.SZ|159529.SZ|159851.SZ|159967.SZ|159981.SZ|159985.SZ|501018.SH|510880.SH|513070.SH|513400.SH|513500.SH|513750.SH|518880.SH,1.328540113036586,0.8109949251878138,ant,2
rolling_ant_colony,2024,2025,52,159529.SZ|159687.SZ|159980.SZ|159985.SZ|161226.SZ|510300.SH|512170.SH|513120.SH|513500.SH|513730.SH|513750.SH|518880.SH|563300.SH,0.8285775802669726,0.8045737210941193,ant,2
rolling_ant_colony,2024,2025,53,159509.SZ|159518.SZ|159529.SZ|159611.SZ|159949.SZ|159980.SZ|159981.SZ|161226.SZ|513120.SH|513750.SH|513880.SH|515880.SH|518880.SH,0.9676466943821819,0.7889425391722841,ant,2
rolling_ant_colony,2024,2025,54,159509.SZ|159915.SZ|159981.SZ|159985.SZ|501018.SH|512880.SH|513070.SH|513080.SH|513400.SH|513750.SH|513880.SH|515790.SH|518880.SH,1.1935650070419435,0.8167902959364266,ant,2
rolling_ant_colony,2024,2025,55,159529.SZ|159687.SZ|159920.SZ|159981.SZ|159985.SZ|161226.SZ|510210.SH|510880.SH|512880.SH|513080.SH|513120.SH|513400.SH|518880.SH,0.8029631889727233,0.7889425391722841,ant,2
rolling_ant_colony,2024,2025,56,159509.SZ|159529.SZ|159852.SZ|159920.SZ|159981.SZ|159985.SZ|501018.SH|510880.SH|512400.SH|513730.SH|513750.SH|513880.SH|518880.SH,1.5269126753292674,0.8920130717054932,ant,2
rolling_ant_colony,2024,2025,57,159509.SZ|159518.SZ|159529.SZ|159852.SZ|159920.SZ|159980.SZ|159981.SZ|161226.SZ|501018.SH|513500.SH|513750.SH|515790.SH|563300.SH,1.0598780567688835,0.8920130717054932,ant,2
rolling_ant_colony,2024,2025,58,159509.SZ|159981.SZ|161226.SZ|501018.SH|512400.SH|512890.SH|513100.SH|513120.SH|513290.SH|513750.SH|513880.SH|518880.SH|588220.SH,1.4115554537341872,0.8598122919060952,ant,2
rolling_ant_colony,2024,2025,59,159518.SZ|159825.SZ|159980.SZ|159985.SZ|161226.SZ|510050.SH|512880.SH|513070.SH|513310.SH|513400.SH|513730.SH|513750.SH|518880.SH,0.90555824659842,0.8109949251878138,ant,2
rolling_ant_colony,2024,2025,60,159509.SZ|159518.SZ|159920.SZ|159981.SZ|159985.SZ|161226.SZ|501018.SH|510880.SH|512170.SH|513080.SH|513120.SH|513880.SH|563300.SH,0.5632941642318584,0.7251138829934614,ant,2
rolling_ant_colony,2024,2025,61,159509.SZ|159518.SZ|159529.SZ|159869.SZ|159981.SZ|159985.SZ|161226.SZ|501018.SH|510050.SH|512890.SH|513120.SH|513730.SH|513750.SH,0.9215899073783396,0.7523548674186114,ant,3
rolling_ant_colony,2024,2025,62,159509.SZ|159518.SZ|159529.SZ|159920.SZ|159980.SZ|159981.SZ|159985.SZ|510050.SH|512880.SH|513030.SH|513750.SH|515220.SH|518880.SH,0.09169199961087447,0.8920130717054932,ant,3
rolling_ant_colony,2024,2025,63,159509.SZ|159687.SZ|159915.SZ|159981.SZ|159985.SZ|161226.SZ|501018.SH|510500.SH|513100.SH|513180.SH|513730.SH|513750.SH|515210.SH,0.9869590699277657,0.8598122919060952,ant,3
rolling_ant_colony,2024,2025,64,159509.SZ|159529.SZ|159852.SZ|159901.SZ|159920.SZ|159981.SZ|159985.SZ|501018.SH|513290.SH|513750.SH|513880.SH|515880.SH|518880.SH,0.9988652740992126,0.8920130717054932,ant,3
rolling_ant_colony,2024,2025,65,159529.SZ|159852.SZ|159920.SZ|159928.SZ|159981.SZ|159985.SZ|161226.SZ|501018.SH|510180.SH|513290.SH|513500.SH|513750.SH|513880.SH,0.990190233640143,0.8920130717054932,ant,3
rolling_ant_colony,2024,2025,66,159509.SZ|159981.SZ|159985.SZ|161226.SZ|164824.SZ|501018.SH|510050.SH|512100.SH|512980.SH|513080.SH|513100.SH|513180.SH|513750.SH,1.1734885609136072,0.8651170986109297,ant,3
rolling_ant_colony,2024,2025,67,159509.SZ|159529.SZ|159920.SZ|159967.SZ|159980.SZ|159981.SZ|161226.SZ|510880.SH|512100.SH|513100.SH|513400.SH|513750.SH|518880.SH,1.3128631834433069,0.8920130717054932,ant,3
rolling_ant_colony,2024,2025,68,159852.SZ|159920.SZ|159985.SZ|161226.SZ|501018.SH|510210.SH|512400.SH|513030.SH|513310.SH|513400.SH|513750.SH|513880.SH|518880.SH,0.8348854072198645,0.8920130717054932,ant,3
rolling_ant_colony,2024,2025,69,159796.SZ|159901.SZ|159920.SZ|159980.SZ|159981.SZ|159985.SZ|501018.SH|513100.SH|513500.SH|513730.SH|513750.SH|513880.SH|515880.SH,1.1287044599917941,0.8920130717054932,ant,3
rolling_ant_colony,2024,2025,70,159901.SZ|159920.SZ|159980.SZ|159985.SZ|161226.SZ|512400.SH|513100.SH|513400.SH|513730.SH|513750.SH|513880.SH|515790.SH|518880.SH,0.8556844395422882,0.8920130717054932,ant,3
rolling_ant_colony,2024,2025,71,159529.SZ|159687.SZ|159920.SZ|159981.SZ|161226.SZ|501018.SH|512200.SH|512890.SH|513120.SH|513310.SH|513400.SH|518880.SH|562500.SH,0.8358122239176813,0.7889425391722841,ant,3
rolling_ant_colony,2024,2025,72,159518.SZ|159852.SZ|159920.SZ|159981.SZ|161226.SZ|164824.SZ|501018.SH|510880.SH|512800.SH|513100.SH|513750.SH|513880.SH|518880.SH,1.767746807262361,0.8920130717054932,ant,3
rolling_ant_colony,2024,2025,73,159509.SZ|159851.SZ|159920.SZ|159928.SZ|159985.SZ|161226.SZ|501018.SH|512660.SH|513120.SH|513310.SH|513500.SH|513880.SH|518880.SH,1.3909883248030233,0.7889425391722841,ant,3
rolling_ant_colony,2024,2025,74,159529.SZ|159611.SZ|159851.SZ|159920.SZ|159980.SZ|159981.SZ|159985.SZ|164824.SZ|510880.SH|513400.SH|513730.SH|513750.SH|518880.SH,0.8704546679559969,0.8920130717054932,ant,3
rolling_ant_colony,2024,2025,75,159518.SZ|159687.SZ|159825.SZ|159980.SZ|159981.SZ|159985.SZ|501018.SH|510880.SH|513070.SH|513730.SH|513750.SH|513880.SH|515880.SH,0.526905321303236,0.8109949251878138,ant,3
rolling_ant_colony,2024,2025,76,159518.SZ|159920.SZ|159981.SZ|161226.SZ|501018.SH|513100.SH|513310.SH|513750.SH|513880.SH|515880.SH|516150.SH|518880.SH|562500.SH,0.7486046438823407,0.8920130717054932,ant,3
rolling_ant_colony,2024,2025,77,159509.SZ|159611.SZ|159687.SZ|159980.SZ|159981.SZ|159985.SZ|512880.SH|513120.SH|513400.SH|513730.SH|513750.SH|515220.SH|518880.SH,1.1116613649971745,0.706441678609349,ant,3
rolling_ant_colony,2024,2025,78,159509.SZ|159529.SZ|159825.SZ|159852.SZ|159901.SZ|159981.SZ|161226.SZ|501018.SH|513080.SH|513120.SH|513730.SH|513750.SH|518880.SH,1.4325121922372699,0.7889425391722841,ant,3
rolling_ant_colony,2024,2025,79,159529.SZ|159920.SZ|159981.SZ|159985.SZ|161226.SZ|501018.SH|510300.SH|512880.SH|512890.SH|513290.SH|513400.SH|513500.SH|513750.SH,1.7139728906335059,0.8920130717054932,ant,3
rolling_ant_colony,2024,2025,80,159509.SZ|159518.SZ|159687.SZ|159920.SZ|159967.SZ|159981.SZ|159985.SZ|501018.SH|512660.SH|513290.SH|513750.SH|515880.SH|518880.SH,0.6766626484152933,0.8920130717054932,ant,3
rolling_ant_colony,2024,2025,81,159518.SZ|159869.SZ|159920.SZ|159981.SZ|159985.SZ|501018.SH|510880.SH|513120.SH|513290.SH|513500.SH|513880.SH|515790.SH|518880.SH,0.844416270806763,0.7251138829934614,ant,4
rolling_ant_colony,2024,2025,82,159509.SZ|159852.SZ|159981.SZ|161226.SZ|501018.SH|510880.SH|512980.SH|513030.SH|513080.SH|513180.SH|513290.SH|513750.SH|518880.SH,0.757239853288568,0.8934888117483807,ant,4
rolling_ant_colony,2024,2025,83,159529.SZ|159980.SZ|159981.SZ|161226.SZ|510300.SH|510880.SH|513070.SH|513080.SH|513120.SH|513290.SH|513500.SH|515880.SH|518880.SH,1.0783895202367015,0.7889425391722841,ant,4
rolling_ant_colony,2024,2025,84,159509.SZ|159687.SZ|159851.SZ|159920.SZ|159981.SZ|160644.SZ|161226.SZ|501018.SH|512400.SH|513400.SH|513750.SH|518880.SH|588200.SH,1.0466722738800436,0.8920130717054932,ant,4
rolling_ant_colony,2024,2025,85,159509.SZ|159687.SZ|159825.SZ|159851.SZ|159980.SZ|159981.SZ|161226.SZ|164824.SZ|501018.SH|513120.SH|513750.SH|513880.SH|515220.SH,0.9434460906137139,0.7564063998415339,ant,4
rolling_ant_colony,2024,2025,86,159687.SZ|159981.SZ|161226.SZ|164824.SZ|501018.SH|512400.SH|512660.SH|513070.SH|513730.SH|513750.SH|513880.SH|515220.SH|518880.SH,0.5903877491560109,0.8109949251878138,ant,4
rolling_ant_colony,2024,2025,87,159509.SZ|159870.SZ|159920.SZ|159981.SZ|159985.SZ|161226.SZ|164824.SZ|501018.SH|510880.SH|513310.SH|513730.SH|513750.SH|563300.SH,0.8504407167700279,0.8920130717054932,ant,4
rolling_ant_colony,2024,2025,88,159687.SZ|159796.SZ|159851.SZ|159920.SZ|159980.SZ|159981.SZ|501018.SH|510880.SH|513310.SH|513500.SH|513730.SH|513750.SH|518880.SH,1.2908422890467175,0.8920130717054932,ant,4
rolling_ant_colony,2024,2025,89,159509.SZ|159529.SZ|159825.SZ|159920.SZ|159981.SZ|161226.SZ|501018.SH|510880.SH|512660.SH|513400.SH|513500.SH|513750.SH|518880.SH,1.1690239027351854,0.8920130717054932,ant,4
rolling_ant_colony,2024,2025,90,159518.SZ|159981.SZ|159985.SZ|161226.SZ|501018.SH|510050.SH|513100.SH|513120.SH|513310.SH|513730.SH|513750.SH|563300.SH|588200.SH,0.7100739411705785,0.706441678609349,ant,4
rolling_ant_colony,2024,2025,91,159529.SZ|159852.SZ|159915.SZ|159920.SZ|159980.SZ|159981.SZ|159985.SZ|161226.SZ|510880.SH|513290.SH|513400.SH|513500.SH|513750.SH,1.0713061289316963,0.8920130717054932,ant,4
rolling_ant_colony,2024,2025,92,159509.SZ|159981.SZ|159985.SZ|161226.SZ|164824.SZ|510050.SH|512400.SH|513100.SH|513120.SH|513180.SH|513730.SH|515220.SH|518880.SH,0.9297060534338503,0.8598122919060952,ant,4
rolling_ant_colony,2024,2025,93,159529.SZ|159865.SZ|159980.SZ|159981.SZ|159985.SZ|512400.SH|513070.SH|513080.SH|513100.SH|513310.SH|513750.SH|518880.SH|588220.SH,0.40597235951738475,0.8109949251878138,ant,4
rolling_ant_colony,2024,2025,94,159825.SZ|159981.SZ|159985.SZ|161226.SZ|164824.SZ|501018.SH|512800.SH|513080.SH|513180.SH|513500.SH|513750.SH|513880.SH|563300.SH,1.185771412446665,0.8415836756152468,ant,4
rolling_ant_colony,2024,2025,95,159529.SZ|159920.SZ|159981.SZ|161226.SZ|501018.SH|512800.SH|513400.SH|513500.SH|513730.SH|513750.SH|515220.SH|518880.SH|588220.SH,1.0780252788559748,0.8920130717054932,ant,4
rolling_ant_colony,2024,2025,96,159529.SZ|159852.SZ|159920.SZ|159980.SZ|159981.SZ|161226.SZ|510210.SH|512980.SH|513290.SH|513730.SH|513750.SH|513880.SH|518880.SH,0.8826525227956373,0.8920130717054932,ant,4
rolling_ant_colony,2024,2025,97,159509.SZ|159529.SZ|159851.SZ|159920.SZ|159981.SZ|161226.SZ|501018.SH|512100.SH|512880.SH|513100.SH|513750.SH|513880.SH|518880.SH,1.6094224571209985,0.8920130717054932,ant,4
rolling_ant_colony,2024,2025,98,159529.SZ|159687.SZ|159985.SZ|161226.SZ|501018.SH|510880.SH|512400.SH|512880.SH|513070.SH|513080.SH|513400.SH|513750.SH|518880.SH,1.353114851355623,0.8109949251878138,ant,4
rolling_ant_colony,2024,2025,99,159509.SZ|159920.SZ|159949.SZ|159980.SZ|159985.SZ|161226.SZ|501018.SH|512040.SH|513290.SH|513400.SH|513750.SH|513880.SH|588220.SH,1.074269490171183,0.913101500285372,ant,4
rolling_ant_colony,2024,2025,100,159509.SZ|159529.SZ|159967.SZ|159981.SZ|159985.SZ|161226.SZ|512660.SH|512800.SH|513030.SH|513070.SH|513120.SH|513290.SH|518880.SH,0.662835302941905,0.7889425391722841,ant,4
rolling_ant_colony,2025,2026,1,159201.SZ|159509.SZ|159687.SZ|159920.SZ|159967.SZ|159980.SZ|159981.SZ|160644.SZ|501018.SH|512880.SH|513120.SH|513730.SH|518880.SH,1.2107373474433305,0.7700255446396679,ant,0
rolling_ant_colony,2025,2026,2,159329.SZ|159915.SZ|159920.SZ|159980.SZ|159985.SZ|501018.SH|510210.SH|512980.SH|513030.SH|513290.SH|513730.SH|513750.SH|518880.SH,1.2729945236887816,0.8342956687363152,ant,0
rolling_ant_colony,2025,2026,3,159206.SZ|159326.SZ|159509.SZ|159529.SZ|159920.SZ|159981.SZ|159985.SZ|160644.SZ|161226.SZ|164824.SZ|501018.SH|512800.SH|513120.SH,1.1294956742399758,0.6687372370154023,ant,0
rolling_ant_colony,2025,2026,4,159509.SZ|159518.SZ|159980.SZ|159985.SZ|161226.SZ|512400.SH|512890.SH|513180.SH|513500.SH|513750.SH|513880.SH|518880.SH|588000.SH,1.1613461856379006,0.8555362044200798,ant,0
rolling_ant_colony,2025,2026,5,159687.SZ|159981.SZ|159985.SZ|161226.SZ|501018.SH|510500.SH|512880.SH|512890.SH|513070.SH|513080.SH|513120.SH|513310.SH|513400.SH,0.7872077514665237,0.8246465824210728,ant,0
rolling_ant_colony,2025,2026,6,159518.SZ|159980.SZ|161226.SZ|501018.SH|512040.SH|513030.SH|513070.SH|513290.SH|513730.SH|513750.SH|518880.SH|563300.SH|588000.SH,1.0591942883205692,0.7410296767805958,ant,0
rolling_ant_colony,2025,2026,7,159201.SZ|159518.SZ|159766.SZ|159981.SZ|159985.SZ|160644.SZ|161226.SZ|164824.SZ|501018.SH|513070.SH|513180.SH|513290.SH|588000.SH,0.005268093390927569,0.9189240922360594,ant,0
rolling_ant_colony,2025,2026,8,159329.SZ|159529.SZ|159766.SZ|159980.SZ|159981.SZ|159985.SZ|513180.SH|513500.SH|513730.SH|513750.SH|518880.SH|563300.SH|588000.SH,0.8533166479670207,0.7866489716881497,ant,0
rolling_ant_colony,2025,2026,9,159518.SZ|159529.SZ|159687.SZ|159869.SZ|159949.SZ|159980.SZ|159981.SZ|159985.SZ|160644.SZ|501018.SH|513070.SH|513120.SH|515790.SH,0.0874207405248307,0.752567992895426,ant,0
rolling_ant_colony,2025,2026,10,159518.SZ|159687.SZ|159949.SZ|159980.SZ|159981.SZ|161226.SZ|164824.SZ|510880.SH|513120.SH|513180.SH|513310.SH|515220.SH|518880.SH,0.9999657692704504,0.7454019272796486,ant,0
rolling_ant_colony,2025,2026,11,159518.SZ|159920.SZ|159981.SZ|161226.SZ|164824.SZ|501018.SH|510500.SH|510880.SH|513120.SH|513290.SH|513500.SH|515210.SH|518880.SH,1.551979889562099,0.6730653748886845,ant,0
rolling_ant_colony,2025,2026,12,159509.SZ|159981.SZ|159985.SZ|160644.SZ|161226.SZ|164824.SZ|501018.SH|512040.SH|513070.SH|513080.SH|513180.SH|515210.SH|562500.SH,0.2507204570841548,0.9189240922360594,ant,0
rolling_ant_colony,2025,2026,13,159209.SZ|159518.SZ|159980.SZ|159981.SZ|159985.SZ|160644.SZ|512040.SH|512100.SH|513070.SH|513080.SH|513100.SH|513180.SH|518880.SH,0.036244335925546586,0.9189240922360594,ant,0
rolling_ant_colony,2025,2026,14,159326.SZ|159529.SZ|159687.SZ|159869.SZ|159920.SZ|159981.SZ|159985.SZ|160644.SZ|161226.SZ|501018.SH|513120.SH|513400.SH|516150.SH,0.8736176165385848,0.6251397056460753,ant,0
rolling_ant_colony,2025,2026,15,159980.SZ|159981.SZ|159985.SZ|160644.SZ|501018.SH|510180.SH|510880.SH|512170.SH|513070.SH|513180.SH|513290.SH|513310.SH|513500.SH,0.06869505760058826,0.9189240922360594,ant,0
rolling_ant_colony,2025,2026,16,159529.SZ|159766.SZ|159920.SZ|159981.SZ|159985.SZ|161226.SZ|510880.SH|512400.SH|513030.SH|513100.SH|513750.SH|513880.SH|518880.SH,1.329295980161063,0.8342956687363152,ant,0
rolling_ant_colony,2025,2026,17,159209.SZ|159529.SZ|159865.SZ|159920.SZ|159980.SZ|159981.SZ|159985.SZ|160644.SZ|164824.SZ|513100.SH|513180.SH|515210.SH|518880.SH,0.5976618782870539,0.9154186634947195,ant,0
rolling_ant_colony,2025,2026,18,159687.SZ|159920.SZ|159928.SZ|159980.SZ|161226.SZ|501018.SH|512100.SH|513080.SH|513180.SH|513400.SH|513730.SH|515880.SH|518880.SH,1.120049685215178,0.9154186634947195,ant,0
rolling_ant_colony,2025,2026,19,159851.SZ|159949.SZ|159985.SZ|161226.SZ|164824.SZ|501018.SH|510300.SH|513030.SH|513100.SH|513120.SH|513180.SH|513730.SH|518880.SH,1.0839935098184472,0.8929290146200869,ant,0
rolling_ant_colony,2025,2026,20,159206.SZ|159851.SZ|159980.SZ|159985.SZ|161226.SZ|164824.SZ|501018.SH|512100.SH|513120.SH|513180.SH|513290.SH|513400.SH|513500.SH,0.5095672317284899,0.9181393430680445,ant,0
rolling_ant_colony,2025,2026,21,159529.SZ|159869.SZ|159967.SZ|159981.SZ|161226.SZ|164824.SZ|501018.SH|512400.SH|513070.SH|513120.SH|513500.SH|513730.SH|518880.SH,1.3785573179189516,0.7866489716881497,ant,1
rolling_ant_colony,2025,2026,22,159326.SZ|159518.SZ|159529.SZ|159985.SZ|161226.SZ|501018.SH|513070.SH|513100.SH|513180.SH|513290.SH|515210.SH|518880.SH|588000.SH,0.428741360858086,0.9189240922360594,ant,1
rolling_ant_colony,2025,2026,23,159509.SZ|159825.SZ|159901.SZ|159920.SZ|159980.SZ|159981.SZ|159985.SZ|164824.SZ|512400.SH|513030.SH|513120.SH|513880.SH|518880.SH,1.3215352084634733,0.658694669308601,ant,1
rolling_ant_colony,2025,2026,24,159509.SZ|159518.SZ|159870.SZ|159928.SZ|159981.SZ|161226.SZ|501018.SH|512660.SH|513030.SH|513120.SH|513290.SH|513750.SH|518880.SH,1.3045851794208665,0.5802716968374719,ant,1
rolling_ant_colony,2025,2026,25,159865.SZ|159915.SZ|159920.SZ|159985.SZ|160644.SZ|161226.SZ|501018.SH|512890.SH|513080.SH|513100.SH|513730.SH|513750.SH|518880.SH,1.077036521388587,0.8342956687363152,ant,1
rolling_ant_colony,2025,2026,26,159518.SZ|159981.SZ|159985.SZ|161226.SZ|164824.SZ|510300.SH|510880.SH|513070.SH|513080.SH|513500.SH|513750.SH|515210.SH|518880.SH,0.43601820026731564,0.7410296767805958,ant,1
rolling_ant_colony,2025,2026,27,159509.SZ|159687.SZ|159796.SZ|159852.SZ|159920.SZ|159980.SZ|159981.SZ|161226.SZ|512880.SH|513080.SH|513500.SH|513750.SH|518880.SH,0.9255050396608435,0.8555362044200798,ant,1
rolling_ant_colony,2025,2026,28,159920.SZ|159981.SZ|160644.SZ|161226.SZ|501018.SH|510180.SH|512400.SH|513080.SH|513500.SH|513730.SH|513750.SH|518880.SH|588200.SH,0.8703475500305096,0.8342956687363152,ant,1
rolling_ant_colony,2025,2026,29,159326.SZ|159529.SZ|159687.SZ|159920.SZ|159980.SZ|159981.SZ|501018.SH|510210.SH|513120.SH|513290.SH|513310.SH|518880.SH|588200.SH,1.7095755286764143,0.758603051297002,ant,1
rolling_ant_colony,2025,2026,30,159766.SZ|159920.SZ|159980.SZ|161226.SZ|164824.SZ|501018.SH|510210.SH|512660.SH|513030.SH|513120.SH|513310.SH|513500.SH|518880.SH,2.038873213884713,0.6626151980919008,ant,1
rolling_ant_colony,2025,2026,31,159329.SZ|159518.SZ|159920.SZ|159985.SZ|161226.SZ|164824.SZ|501018.SH|513030.SH|513750.SH|515210.SH|516150.SH|518880.SH|562500.SH,0.7925875295418002,0.8342956687363152,ant,1
rolling_ant_colony,2025,2026,32,159206.SZ|159852.SZ|159865.SZ|159920.SZ|159981.SZ|159985.SZ|501018.SH|513080.SH|513290.SH|513310.SH|513500.SH|513750.SH|518880.SH,1.371064645452398,0.8342956687363152,ant,1
rolling_ant_colony,2025,2026,33,159206.SZ|159329.SZ|159509.SZ|159518.SZ|159766.SZ|159920.SZ|159980.SZ|159981.SZ|159985.SZ|512880.SH|513730.SH|513750.SH|518880.SH,0.5676446741096653,0.8342956687363152,ant,1
rolling_ant_colony,2025,2026,34,159518.SZ|159687.SZ|159920.SZ|159980.SZ|159981.SZ|161226.SZ|164824.SZ|501018.SH|510500.SH|510880.SH|512980.SH|513030.SH|513120.SH,0.17286109909496392,0.7424737847720055,ant,1
rolling_ant_colony,2025,2026,35,159326.SZ|159915.SZ|159920.SZ|159980.SZ|159981.SZ|159985.SZ|512660.SH|513080.SH|513100.SH|513290.SH|513730.SH|513750.SH|518880.SH,1.4099684102319352,0.8342956687363152,ant,1
rolling_ant_colony,2025,2026,36,159825.SZ|159920.SZ|159981.SZ|161226.SZ|501018.SH|510210.SH|513030.SH|513100.SH|513120.SH|513290.SH|513730.SH|515210.SH|518880.SH,1.5473138524434094,0.8121121546849319,ant,1
rolling_ant_colony,2025,2026,37,159529.SZ|159796.SZ|159920.SZ|159980.SZ|159981.SZ|161226.SZ|510300.SH|512170.SH|513080.SH|513120.SH|513290.SH|513500.SH|518880.SH,1.8613496420541453,0.7183838721506203,ant,1
rolling_ant_colony,2025,2026,38,159509.SZ|159518.SZ|159687.SZ|159870.SZ|159915.SZ|159920.SZ|159981.SZ|161226.SZ|501018.SH|512100.SH|513120.SH|513290.SH|518880.SH,1.4554817179659425,0.8643158229281716,ant,1
rolling_ant_colony,2025,2026,39,159518.SZ|159529.SZ|159766.SZ|159920.SZ|159980.SZ|159985.SZ|161226.SZ|513120.SH|513290.SH|513880.SH|518880.SH|563300.SH|588220.SH,1.2299169912118904,0.7983041696190969,ant,1
rolling_ant_colony,2025,2026,40,159329.SZ|159915.SZ|159920.SZ|159981.SZ|159985.SZ|164824.SZ|501018.SH|512400.SH|512880.SH|513030.SH|513310.SH|513750.SH|518880.SH,0.8477254042849693,0.8342956687363152,ant,1
rolling_ant_colony,2025,2026,41,159518.SZ|159529.SZ|159796.SZ|159825.SZ|159920.SZ|159928.SZ|159980.SZ|159981.SZ|161226.SZ|164824.SZ|513180.SH|513730.SH|518880.SH,0.7157913203612234,0.9154186634947195,ant,2
rolling_ant_colony,2025,2026,42,159518.SZ|159529.SZ|159869.SZ|159920.SZ|159980.SZ|161226.SZ|501018.SH|510050.SH|512660.SH|513030.SH|513080.SH|513120.SH|518880.SH,0.80917933203119,0.8203596986693006,ant,2
rolling_ant_colony,2025,2026,43,159329.SZ|159920.SZ|159980.SZ|159981.SZ|501018.SH|510880.SH|512660.SH|512890.SH|513080.SH|513120.SH|513730.SH|513880.SH|518880.SH,1.1980872787771222,0.8983814081391552,ant,2
rolling_ant_colony,2025,2026,44,159687.SZ|159920.SZ|159980.SZ|159985.SZ|501018.SH|512040.SH|512980.SH|513030.SH|513080.SH|513120.SH|513500.SH|515790.SH|518880.SH,0.3337235752541584,0.8203596986693006,ant,2
rolling_ant_colony,2025,2026,45,159518.SZ|159687.SZ|159920.SZ|159949.SZ|159981.SZ|161226.SZ|164824.SZ|501018.SH|513080.SH|513750.SH|516150.SH|518880.SH|588000.SH,0.908952615529773,0.8342956687363152,ant,2
rolling_ant_colony,2025,2026,46,159687.SZ|159852.SZ|159920.SZ|159980.SZ|159981.SZ|160644.SZ|501018.SH|512800.SH|512890.SH|513120.SH|513290.SH|513500.SH|518880.SH,1.1863872045853396,0.8298997300658688,ant,2
rolling_ant_colony,2025,2026,47,159509.SZ|159901.SZ|159920.SZ|159980.SZ|159981.SZ|161226.SZ|501018.SH|512880.SH|513030.SH|513500.SH|513730.SH|513750.SH|515220.SH,0.3595025311341535,0.8555362044200798,ant,2
rolling_ant_colony,2025,2026,48,159206.SZ|159529.SZ|159920.SZ|159981.SZ|160644.SZ|161226.SZ|501018.SH|512040.SH|512200.SH|513080.SH|513500.SH|513750.SH|518880.SH,1.2986983793071927,0.8342956687363152,ant,2
rolling_ant_colony,2025,2026,49,159518.SZ|159796.SZ|159825.SZ|159920.SZ|159980.SZ|161226.SZ|501018.SH|510880.SH|513030.SH|513080.SH|513500.SH|513750.SH|518880.SH,0.5524298740129937,0.8342956687363152,ant,2
rolling_ant_colony,2025,2026,50,159870.SZ|159967.SZ|159980.SZ|159981.SZ|160644.SZ|161226.SZ|164824.SZ|510210.SH|513120.SH|513180.SH|513290.SH|513400.SH|518880.SH,1.5189372160226489,0.7650975200460375,ant,2
rolling_ant_colony,2025,2026,51,159920.SZ|159967.SZ|159980.SZ|159981.SZ|160644.SZ|161226.SZ|501018.SH|510880.SH|512660.SH|513120.SH|513290.SH|513500.SH|513880.SH,0.4610557493536465,0.7199131004091246,ant,2
rolling_ant_colony,2025,2026,52,159201.SZ|159687.SZ|159766.SZ|159981.SZ|161226.SZ|164824.SZ|501018.SH|510210.SH|513120.SH|513290.SH|513730.SH|513750.SH|518880.SH,1.9737675976872688,0.8705173495660071,ant,2
rolling_ant_colony,2025,2026,53,159509.SZ|159796.SZ|159825.SZ|159920.SZ|159981.SZ|159985.SZ|164824.SZ|501018.SH|510300.SH|513290.SH|513400.SH|513750.SH|518880.SH,1.7765191733090473,0.8342956687363152,ant,2
rolling_ant_colony,2025,2026,54,159529.SZ|159870.SZ|159920.SZ|159981.SZ|161226.SZ|501018.SH|512660.SH|513100.SH|513290.SH|513310.SH|513750.SH|518880.SH|588200.SH,1.8490802078461526,0.8342956687363152,ant,2
rolling_ant_colony,2025,2026,55,159518.SZ|159529.SZ|159796.SZ|159920.SZ|159980.SZ|159981.SZ|161226.SZ|512400.SH|513030.SH|513120.SH|513500.SH|518880.SH|588200.SH,0.8943413426209161,0.6211204974926159,ant,2
rolling_ant_colony,2025,2026,56,159920.SZ|159967.SZ|159981.SZ|159985.SZ|164824.SZ|501018.SH|512800.SH|513030.SH|513080.SH|513100.SH|513750.SH|515880.SH|518880.SH,1.3260375145866325,0.8342956687363152,ant,2
rolling_ant_colony,2025,2026,57,159529.SZ|159851.SZ|159920.SZ|159981.SZ|159985.SZ|161226.SZ|501018.SH|510300.SH|513030.SH|513120.SH|513290.SH|513880.SH|588200.SH,1.2305416692355127,0.7132401373112867,ant,2
rolling_ant_colony,2025,2026,58,159529.SZ|159870.SZ|159920.SZ|159980.SZ|159981.SZ|160644.SZ|161226.SZ|164824.SZ|501018.SH|510300.SH|513730.SH|513750.SH|588000.SH,0.3878720976624765,0.8342956687363152,ant,2
rolling_ant_colony,2025,2026,59,159201.SZ|159329.SZ|159529.SZ|159687.SZ|159920.SZ|159985.SZ|161226.SZ|501018.SH|512170.SH|512660.SH|513100.SH|513120.SH|518880.SH,1.0486500495433062,0.664080784528719,ant,2
rolling_ant_colony,2025,2026,60,159766.SZ|159796.SZ|159980.SZ|160644.SZ|161226.SZ|501018.SH|510300.SH|513120.SH|513180.SH|513310.SH|513500.SH|513730.SH|518880.SH,1.3376341762591706,0.7866489716881497,ant,2
rolling_ant_colony,2025,2026,61,159529.SZ|159687.SZ|159901.SZ|159980.SZ|159981.SZ|161226.SZ|164824.SZ|512400.SH|513120.SH|513290.SH|513750.SH|516150.SH|518880.SH,2.1123387762549415,0.7713269997420535,ant,3
rolling_ant_colony,2025,2026,62,159766.SZ|159980.SZ|159981.SZ|160644.SZ|501018.SH|510210.SH|513030.SH|513120.SH|513290.SH|513500.SH|513750.SH|518880.SH|562500.SH,1.268706365171165,0.6838821863725274,ant,3
rolling_ant_colony,2025,2026,63,159201.SZ|159980.SZ|159981.SZ|159985.SZ|164824.SZ|501018.SH|510210.SH|510300.SH|513120.SH|513290.SH|513500.SH|513730.SH|513750.SH,0.1659356449986664,0.9188432943990588,ant,3
rolling_ant_colony,2025,2026,64,159865.SZ|159870.SZ|159967.SZ|159980.SZ|159981.SZ|164824.SZ|501018.SH|513080.SH|513180.SH|513290.SH|513500.SH|513750.SH|518880.SH,1.3450969937680721,0.7369415508190277,ant,3
rolling_ant_colony,2025,2026,65,159329.SZ|159518.SZ|159687.SZ|159766.SZ|159870.SZ|159920.SZ|159980.SZ|159981.SZ|161226.SZ|512400.SH|513030.SH|513120.SH|518880.SH,1.3606279488248758,0.7261628013180903,ant,3
rolling_ant_colony,2025,2026,66,159870.SZ|159981.SZ|161226.SZ|501018.SH|510210.SH|512890.SH|513180.SH|513310.SH|513400.SH|513500.SH|513750.SH|513880.SH|518880.SH,1.19950413397677,0.9181393430680445,ant,3
rolling_ant_colony,2025,2026,67,159529.SZ|159766.SZ|159920.SZ|159980.SZ|159981.SZ|161226.SZ|164824.SZ|510300.SH|512660.SH|513030.SH|513400.SH|513750.SH|518880.SH,1.269189066406982,0.8342956687363152,ant,3
rolling_ant_colony,2025,2026,68,159518.SZ|159851.SZ|159967.SZ|159981.SZ|161226.SZ|501018.SH|513120.SH|513290.SH|513500.SH|513730.SH|513750.SH|518880.SH|588200.SH,1.0908600482214452,0.7866489716881497,ant,3
rolling_ant_colony,2025,2026,69,159529.SZ|159920.SZ|159980.SZ|159981.SZ|161226.SZ|501018.SH|512170.SH|512200.SH|513030.SH|513080.SH|513730.SH|513750.SH|588200.SH,0.40232064971352016,0.8342956687363152,ant,3
rolling_ant_colony,2025,2026,70,159796.SZ|159920.SZ|159980.SZ|159981.SZ|159985.SZ|164824.SZ|510180.SH|513100.SH|513120.SH|513290.SH|513310.SH|518880.SH|563300.SH,1.6521761657771394,0.6691905139319702,ant,3
rolling_ant_colony,2025,2026,71,159209.SZ|159326.SZ|159529.SZ|159920.SZ|159980.SZ|161226.SZ|501018.SH|510500.SH|513030.SH|513080.SH|513120.SH|513880.SH|518880.SH,1.5795769407773055,0.8203596986693006,ant,3
rolling_ant_colony,2025,2026,72,159509.SZ|159611.SZ|159980.SZ|159981.SZ|161226.SZ|501018.SH|510210.SH|513030.SH|513080.SH|513120.SH|513290.SH|513750.SH|515210.SH,1.1524282768590477,0.8203596986693006,ant,3
rolling_ant_colony,2025,2026,73,159687.SZ|159870.SZ|159967.SZ|159981.SZ|161226.SZ|501018.SH|513080.SH|513180.SH|513290.SH|513400.SH|513750.SH|518880.SH|588200.SH,0.9958678121347287,0.7369415508190277,ant,3
rolling_ant_colony,2025,2026,74,159529.SZ|159870.SZ|159920.SZ|159928.SZ|159981.SZ|159985.SZ|161226.SZ|164824.SZ|501018.SH|510210.SH|513120.SH|513290.SH|513880.SH,0.6933524019557528,0.7650975200460375,ant,3
rolling_ant_colony,2025,2026,75,159796.SZ|159870.SZ|159980.SZ|159981.SZ|159985.SZ|160644.SZ|501018.SH|512980.SH|513120.SH|513290.SH|513310.SH|513400.SH|513750.SH,0.37379776443738183,0.6850717059086356,ant,3
rolling_ant_colony,2025,2026,76,159687.SZ|159920.SZ|159980.SZ|159981.SZ|501018.SH|510880.SH|513030.SH|513180.SH|513290.SH|513880.SH|515210.SH|518880.SH|562500.SH,1.3320086741846118,0.9154186634947195,ant,3
rolling_ant_colony,2025,2026,77,159518.SZ|159766.SZ|159915.SZ|159981.SZ|159985.SZ|501018.SH|510210.SH|513180.SH|513290.SH|513310.SH|513400.SH|513750.SH|518880.SH,1.2063015538584356,0.7952909350211425,ant,3
rolling_ant_colony,2025,2026,78,159529.SZ|159766.SZ|159825.SZ|159920.SZ|159967.SZ|159981.SZ|159985.SZ|161226.SZ|501018.SH|513030.SH|513120.SH|513290.SH|513310.SH,0.7526086980007396,0.5802716968374719,ant,3
rolling_ant_colony,2025,2026,79,159687.SZ|159825.SZ|159870.SZ|159980.SZ|159981.SZ|160644.SZ|161226.SZ|501018.SH|510300.SH|513030.SH|513120.SH|513290.SH|513750.SH,0.5021208947137965,0.7328627926271898,ant,3
rolling_ant_colony,2025,2026,80,159509.SZ|159518.SZ|159870.SZ|159981.SZ|161226.SZ|501018.SH|510210.SH|512800.SH|513030.SH|513070.SH|513120.SH|513730.SH|518880.SH,1.492716651519226,0.7700255446396679,ant,3
rolling_ant_colony,2025,2026,81,159201.SZ|159980.SZ|159981.SZ|161226.SZ|510880.SH|512170.SH|513070.SH|513080.SH|513120.SH|513290.SH|513500.SH|513730.SH|518880.SH,1.5159514471194402,0.7866489716881497,ant,4
rolling_ant_colony,2025,2026,82,159326.SZ|159687.SZ|159766.SZ|159920.SZ|159980.SZ|159981.SZ|161226.SZ|164824.SZ|501018.SH|510180.SH|513120.SH|513290.SH|513880.SH,0.672533615892497,0.7408709943433405,ant,4
rolling_ant_colony,2025,2026,83,159687.SZ|159796.SZ|159920.SZ|159981.SZ|161226.SZ|501018.SH|510300.SH|512400.SH|513030.SH|513120.SH|513290.SH|513500.SH|518880.SH,1.45192145379482,0.7183838721506203,ant,4
rolling_ant_colony,2025,2026,84,159509.SZ|159980.SZ|159981.SZ|501018.SH|510880.SH|513070.SH|513180.SH|513290.SH|513310.SH|513730.SH|515790.SH|518880.SH|588200.SH,1.3022563564534035,0.9189240922360594,ant,4
rolling_ant_colony,2025,2026,85,159326.SZ|159529.SZ|159687.SZ|159766.SZ|159920.SZ|159981.SZ|161226.SZ|164824.SZ|501018.SH|512660.SH|513500.SH|513750.SH|518880.SH,1.2050809491051038,0.8342956687363152,ant,4
rolling_ant_colony,2025,2026,86,159529.SZ|159687.SZ|159796.SZ|159851.SZ|159869.SZ|159920.SZ|159980.SZ|159981.SZ|161226.SZ|164824.SZ|513290.SH|513750.SH|518880.SH,1.3570608416991776,0.8342956687363152,ant,4
rolling_ant_colony,2025,2026,87,159329.SZ|159870.SZ|159920.SZ|159981.SZ|159985.SZ|501018.SH|510210.SH|512660.SH|513120.SH|513290.SH|513500.SH|513730.SH|518880.SH,0.9762833771182862,0.7866489716881497,ant,4
rolling_ant_colony,2025,2026,88,159529.SZ|159687.SZ|159825.SZ|159980.SZ|159981.SZ|164824.SZ|501018.SH|510180.SH|512800.SH|513070.SH|513730.SH|513750.SH|518880.SH,1.0269776190731512,0.7410296767805958,ant,4
rolling_ant_colony,2025,2026,89,159518.SZ|159796.SZ|159981.SZ|161226.SZ|501018.SH|512660.SH|513030.SH|513120.SH|513290.SH|513730.SH|513750.SH|518880.SH|588000.SH,1.509394740608928,0.6275444779062473,ant,4
rolling_ant_colony,2025,2026,90,159687.SZ|159796.SZ|159981.SZ|161226.SZ|501018.SH|510210.SH|512800.SH|513070.SH|513100.SH|513120.SH|513290.SH|513730.SH|518880.SH,1.9610182500554874,0.8121121546849319,ant,4
rolling_ant_colony,2025,2026,91,159529.SZ|159766.SZ|159920.SZ|159980.SZ|159985.SZ|161226.SZ|164824.SZ|501018.SH|510300.SH|512400.SH|513120.SH|513290.SH|513880.SH,0.8161250023999117,0.687404155490451,ant,4
rolling_ant_colony,2025,2026,92,159915.SZ|159981.SZ|161226.SZ|164824.SZ|501018.SH|513180.SH|513290.SH|513400.SH|513500.SH|513750.SH|516150.SH|518880.SH|563300.SH,0.9630755459131827,0.9181393430680445,ant,4
rolling_ant_colony,2025,2026,93,159509.SZ|159687.SZ|159920.SZ|159985.SZ|161226.SZ|164824.SZ|501018.SH|510180.SH|510210.SH|513120.SH|513290.SH|518880.SH|563300.SH,2.0240689326830363,0.9189355384016797,ant,4
rolling_ant_colony,2025,2026,94,159529.SZ|159766.SZ|159920.SZ|159980.SZ|159981.SZ|161226.SZ|164824.SZ|510210.SH|513100.SH|513120.SH|513290.SH|516150.SH|518880.SH,2.173595131976028,0.636368464022577,ant,4
rolling_ant_colony,2025,2026,95,159201.SZ|159518.SZ|159920.SZ|159981.SZ|159985.SZ|161226.SZ|510300.SH|512100.SH|513120.SH|513290.SH|513400.SH|513880.SH|518880.SH,1.1138462684786719,0.8341307832534518,ant,4
rolling_ant_colony,2025,2026,96,159529.SZ|159766.SZ|159980.SZ|159981.SZ|161226.SZ|512400.SH|513030.SH|513120.SH|513310.SH|513730.SH|513750.SH|518880.SH|563300.SH,1.7824812593726855,0.5901715004044263,ant,4
rolling_ant_colony,2025,2026,97,159529.SZ|159687.SZ|159920.SZ|159980.SZ|159981.SZ|501018.SH|512660.SH|512880.SH|513120.SH|513500.SH|513730.SH|518880.SH|588200.SH,1.4667618498537096,0.7866489716881497,ant,4
rolling_ant_colony,2025,2026,98,159529.SZ|159825.SZ|159920.SZ|159980.SZ|159981.SZ|161226.SZ|501018.SH|510210.SH|512880.SH|513100.SH|513400.SH|513730.SH|513750.SH,0.9069245951123074,0.8435159933897625,ant,4
rolling_ant_colony,2025,2026,99,159209.SZ|159329.SZ|159529.SZ|159870.SZ|159920.SZ|159980.SZ|159981.SZ|161226.SZ|164824.SZ|501018.SH|513180.SH|513290.SH|516150.SH,0.24004296835920227,0.9154186634947195,ant,4
rolling_ant_colony,2025,2026,100,159329.SZ|159529.SZ|159920.SZ|159967.SZ|159981.SZ|159985.SZ|161226.SZ|164824.SZ|501018.SH|512040.SH|513030.SH|513120.SH|563300.SH,0.17608215455310464,0.71365027871824,ant,4
