method,training_period,holding_period,evaluation,codes,sharpe,maximum_within_group_correlation,phase,generation
rolling_cross_entropy,2021-07-01/2021-12-31,2022-01-01/2022-06-30,1,159920.SZ|159981.SZ|161226.SZ|501018.SH|510210.SH|510880.SH|512800.SH|513080.SH|513100.SH|513180.SH|513500.SH|513880.SH|518880.SH,-0.9098408538853624,0.9194433972050108,cross_entropy,0
rolling_cross_entropy,2021-07-01/2021-12-31,2022-01-01/2022-06-30,2,159920.SZ|159980.SZ|159981.SZ|159985.SZ|164824.SZ|501018.SH|510210.SH|510880.SH|513030.SH|513100.SH|513180.SH|513880.SH|515210.SH,-0.13653165801646408,0.9194433972050108,cross_entropy,0
rolling_cross_entropy,2021-07-01/2021-12-31,2022-01-01/2022-06-30,3,159825.SZ|159920.SZ|159980.SZ|159981.SZ|160644.SZ|161226.SZ|164824.SZ|510500.SH|513030.SH|513080.SH|513180.SH|518880.SH|588000.SH,-0.5305422695784249,0.9194433972050108,cross_entropy,0
rolling_cross_entropy,2021-07-01/2021-12-31,2022-01-01/2022-06-30,4,159920.SZ|159928.SZ|159981.SZ|159985.SZ|160644.SZ|161226.SZ|510880.SH|512040.SH|513080.SH|513100.SH|513180.SH|513880.SH|518880.SH,-0.9152208569953035,0.9194433972050108,cross_entropy,0
rolling_cross_entropy,2021-07-01/2021-12-31,2022-01-01/2022-06-30,5,159851.SZ|159901.SZ|159920.SZ|159949.SZ|159980.SZ|159985.SZ|160644.SZ|161226.SZ|513080.SH|513100.SH|513180.SH|513500.SH|518880.SH,-1.5543451068742162,0.9194433972050108,cross_entropy,0
rolling_cross_entropy,2021-07-01/2021-12-31,2022-01-01/2022-06-30,6,159920.SZ|159980.SZ|159985.SZ|160644.SZ|501018.SH|512200.SH|513030.SH|513180.SH|513500.SH|513880.SH|515220.SH|516150.SH|518880.SH,0.0643616914356167,0.9194433972050108,cross_entropy,0
rolling_cross_entropy,2021-07-01/2021-12-31,2022-01-01/2022-06-30,7,159865.SZ|159920.SZ|159980.SZ|159985.SZ|161226.SZ|501018.SH|512880.SH|513030.SH|513080.SH|513100.SH|513180.SH|513500.SH|515880.SH,0.20875514893779137,0.9194433972050108,cross_entropy,0
rolling_cross_entropy,2021-07-01/2021-12-31,2022-01-01/2022-06-30,8,159865.SZ|159870.SZ|159920.SZ|159980.SZ|159985.SZ|161226.SZ|164824.SZ|512100.SH|513080.SH|513100.SH|513180.SH|513880.SH|518880.SH,-1.5990641132175718,0.9194433972050108,cross_entropy,0
rolling_cross_entropy,2021-07-01/2021-12-31,2022-01-01/2022-06-30,9,159870.SZ|159920.SZ|159980.SZ|159985.SZ|160644.SZ|161226.SZ|164824.SZ|510880.SH|513180.SH|513500.SH|513880.SH|515790.SH|518880.SH,-0.5792322809045145,0.9194433972050108,cross_entropy,0
rolling_cross_entropy,2021-07-01/2021-12-31,2022-01-01/2022-06-30,10,159901.SZ|159920.SZ|159980.SZ|159981.SZ|159985.SZ|160644.SZ|161226.SZ|164824.SZ|513100.SH|513180.SH|513500.SH|515790.SH|516150.SH,0.5174561188631894,0.9194433972050108,cross_entropy,0
rolling_cross_entropy,2021-07-01/2021-12-31,2022-01-01/2022-06-30,11,159825.SZ|159852.SZ|159870.SZ|159920.SZ|159980.SZ|159981.SZ|160644.SZ|501018.SH|513080.SH|513100.SH|513180.SH|513880.SH|518880.SH,-1.2319783964667546,0.9194433972050108,cross_entropy,0
rolling_cross_entropy,2021-07-01/2021-12-31,2022-01-01/2022-06-30,12,159851.SZ|159920.SZ|159980.SZ|159985.SZ|161226.SZ|510210.SH|512880.SH|513030.SH|513100.SH|513180.SH|513500.SH|513880.SH|518880.SH,-1.715036950437547,0.9194433972050108,cross_entropy,0
rolling_cross_entropy,2021-07-01/2021-12-31,2022-01-01/2022-06-30,13,159825.SZ|159852.SZ|159920.SZ|159981.SZ|159985.SZ|501018.SH|513030.SH|513080.SH|513180.SH|513500.SH|513880.SH|515210.SH|518880.SH,-0.9875536676355773,0.9194433972050108,cross_entropy,0
rolling_cross_entropy,2021-07-01/2021-12-31,2022-01-01/2022-06-30,14,159870.SZ|159920.SZ|159981.SZ|161226.SZ|164824.SZ|501018.SH|510300.SH|510500.SH|513030.SH|513100.SH|513180.SH|513880.SH|518880.SH,-0.7523515739260014,0.9194433972050108,cross_entropy,0
rolling_cross_entropy,2021-07-01/2021-12-31,2022-01-01/2022-06-30,15,159870.SZ|159920.SZ|159981.SZ|159985.SZ|161226.SZ|164824.SZ|510050.SH|510210.SH|513030.SH|513100.SH|513180.SH|513500.SH|518880.SH,-0.9080773580332897,0.9194433972050108,cross_entropy,0
rolling_cross_entropy,2021-07-01/2021-12-31,2022-01-01/2022-06-30,16,159920.SZ|159985.SZ|160644.SZ|161226.SZ|164824.SZ|501018.SH|510880.SH|512660.SH|513030.SH|513180.SH|513500.SH|516150.SH|518880.SH,-0.051842555530629705,0.9194433972050108,cross_entropy,0
rolling_cross_entropy,2021-07-01/2021-12-31,2022-01-01/2022-06-30,17,159920.SZ|159967.SZ|159980.SZ|159985.SZ|160644.SZ|501018.SH|512980.SH|513030.SH|513080.SH|513180.SH|513500.SH|516150.SH|518880.SH,-0.7058354521198628,0.9194433972050108,cross_entropy,0
rolling_cross_entropy,2021-07-01/2021-12-31,2022-01-01/2022-06-30,18,159869.SZ|159920.SZ|159980.SZ|159981.SZ|161226.SZ|164824.SZ|501018.SH|512040.SH|513080.SH|513180.SH|513500.SH|513880.SH|515880.SH,0.4238362723752683,0.9194433972050108,cross_entropy,0
rolling_cross_entropy,2021-07-01/2021-12-31,2022-01-01/2022-06-30,19,159766.SZ|159920.SZ|159949.SZ|159980.SZ|159985.SZ|160644.SZ|161226.SZ|164824.SZ|501018.SH|513030.SH|513180.SH|513500.SH|515880.SH,-0.20063318793498994,0.9194433972050108,cross_entropy,0
rolling_cross_entropy,2021-07-01/2021-12-31,2022-01-01/2022-06-30,20,159766.SZ|159920.SZ|159981.SZ|159985.SZ|160644.SZ|161226.SZ|164824.SZ|510300.SH|512040.SH|513100.SH|513180.SH|513880.SH|518880.SH,-0.40268395338118534,0.9194433972050108,cross_entropy,0
rolling_cross_entropy,2021-07-01/2021-12-31,2022-01-01/2022-06-30,21,159865.SZ|159920.SZ|159981.SZ|160644.SZ|161226.SZ|164824.SZ|501018.SH|512200.SH|513100.SH|513180.SH|513500.SH|518880.SH|588000.SH,-0.07165515945820145,0.9194433972050108,cross_entropy,1
rolling_cross_entropy,2021-07-01/2021-12-31,2022-01-01/2022-06-30,22,159920.SZ|159980.SZ|159985.SZ|161226.SZ|501018.SH|512040.SH|512170.SH|512880.SH|513030.SH|513080.SH|513100.SH|513180.SH|513500.SH,-0.1979054796206366,0.9194433972050108,cross_entropy,1
rolling_cross_entropy,2021-07-01/2021-12-31,2022-01-01/2022-06-30,23,159920.SZ|159980.SZ|159985.SZ|160644.SZ|161226.SZ|501018.SH|510880.SH|513080.SH|513180.SH|513500.SH|513880.SH|515880.SH|516150.SH,0.6363769430513146,0.9194433972050108,cross_entropy,1
rolling_cross_entropy,2021-07-01/2021-12-31,2022-01-01/2022-06-30,24,159901.SZ|159920.SZ|159981.SZ|159985.SZ|164824.SZ|501018.SH|513030.SH|513100.SH|513180.SH|513500.SH|515880.SH|516150.SH|518880.SH,0.31354877350451643,0.9194433972050108,cross_entropy,1
rolling_cross_entropy,2021-07-01/2021-12-31,2022-01-01/2022-06-30,25,159865.SZ|159920.SZ|159967.SZ|159980.SZ|159981.SZ|159985.SZ|164824.SZ|501018.SH|510880.SH|513080.SH|513180.SH|513500.SH|513880.SH,0.3602592259283411,0.9194433972050108,cross_entropy,1
rolling_cross_entropy,2021-07-01/2021-12-31,2022-01-01/2022-06-30,26,159920.SZ|159980.SZ|159981.SZ|159985.SZ|160644.SZ|510500.SH|512200.SH|513080.SH|513180.SH|513500.SH|513880.SH|516150.SH|518880.SH,-0.6552597927869024,0.9194433972050108,cross_entropy,1
rolling_cross_entropy,2021-07-01/2021-12-31,2022-01-01/2022-06-30,27,159869.SZ|159920.SZ|159928.SZ|159980.SZ|159985.SZ|160644.SZ|161226.SZ|164824.SZ|501018.SH|512890.SH|513180.SH|513500.SH|513880.SH,-0.8577104238284541,0.9194433972050108,cross_entropy,1
rolling_cross_entropy,2021-07-01/2021-12-31,2022-01-01/2022-06-30,28,159865.SZ|159915.SZ|159920.SZ|159980.SZ|159981.SZ|160644.SZ|164824.SZ|501018.SH|510300.SH|513030.SH|513180.SH|513500.SH|518880.SH,0.06539700465407462,0.9194433972050108,cross_entropy,1
rolling_cross_entropy,2021-07-01/2021-12-31,2022-01-01/2022-06-30,29,159851.SZ|159920.SZ|159949.SZ|159980.SZ|159981.SZ|160644.SZ|161226.SZ|164824.SZ|501018.SH|512200.SH|513030.SH|513180.SH|513500.SH,0.4779943811645063,0.9194433972050108,cross_entropy,1
rolling_cross_entropy,2021-07-01/2021-12-31,2022-01-01/2022-06-30,30,159825.SZ|159901.SZ|159920.SZ|159981.SZ|161226.SZ|501018.SH|513080.SH|513100.SH|513180.SH|513500.SH|513880.SH|518880.SH|588000.SH,-1.0203634017217589,0.9194433972050108,cross_entropy,1
rolling_cross_entropy,2021-07-01/2021-12-31,2022-01-01/2022-06-30,31,159920.SZ|159928.SZ|159981.SZ|159985.SZ|161226.SZ|501018.SH|512040.SH|513030.SH|513080.SH|513180.SH|513500.SH|513880.SH|515210.SH,0.3186640003187341,0.9194433972050108,cross_entropy,1
rolling_cross_entropy,2021-07-01/2021-12-31,2022-01-01/2022-06-30,32,159920.SZ|159980.SZ|159985.SZ|160644.SZ|161226.SZ|512660.SH|513030.SH|513180.SH|513500.SH|513880.SH|515210.SH|516150.SH|518880.SH,-1.336587550306209,0.9194433972050108,cross_entropy,1
rolling_cross_entropy,2021-07-01/2021-12-31,2022-01-01/2022-06-30,33,159920.SZ|159981.SZ|159985.SZ|161226.SZ|501018.SH|512660.SH|512880.SH|513030.SH|513100.SH|513180.SH|513500.SH|513880.SH|515880.SH,0.4145564048054733,0.9194433972050108,cross_entropy,1
rolling_cross_entropy,2021-07-01/2021-12-31,2022-01-01/2022-06-30,34,159901.SZ|159920.SZ|159980.SZ|160644.SZ|161226.SZ|164824.SZ|501018.SH|512040.SH|513080.SH|513180.SH|513880.SH|515790.SH|518880.SH,-0.8098277976303021,0.9194433972050108,cross_entropy,1
rolling_cross_entropy,2021-07-01/2021-12-31,2022-01-01/2022-06-30,35,159869.SZ|159920.SZ|159980.SZ|159985.SZ|161226.SZ|164824.SZ|513080.SH|513180.SH|513500.SH|513880.SH|515790.SH|515880.SH|518880.SH,-0.3908949807556648,0.9194433972050108,cross_entropy,1
rolling_cross_entropy,2021-07-01/2021-12-31,2022-01-01/2022-06-30,36,159865.SZ|159920.SZ|159981.SZ|159985.SZ|161226.SZ|501018.SH|512200.SH|512880.SH|513030.SH|513080.SH|513100.SH|513180.SH|513500.SH,0.14901400672433246,0.9194433972050108,cross_entropy,1
rolling_cross_entropy,2021-07-01/2021-12-31,2022-01-01/2022-06-30,37,159920.SZ|159980.SZ|159981.SZ|159985.SZ|161226.SZ|510500.SH|512890.SH|513030.SH|513100.SH|513180.SH|513500.SH|513880.SH|515790.SH,0.055855933003635956,0.9194433972050108,cross_entropy,1
rolling_cross_entropy,2021-07-01/2021-12-31,2022-01-01/2022-06-30,38,159869.SZ|159920.SZ|159981.SZ|161226.SZ|164824.SZ|501018.SH|512100.SH|512660.SH|513080.SH|513100.SH|513180.SH|513500.SH|518880.SH,0.5179452902442078,0.9194433972050108,cross_entropy,1
rolling_cross_entropy,2021-07-01/2021-12-31,2022-01-01/2022-06-30,39,159851.SZ|159865.SZ|159901.SZ|159920.SZ|159981.SZ|160644.SZ|161226.SZ|501018.SH|513030.SH|513080.SH|513180.SH|513880.SH|518880.SH,-1.684373761651411,0.9194433972050108,cross_entropy,1
rolling_cross_entropy,2021-07-01/2021-12-31,2022-01-01/2022-06-30,40,159766.SZ|159920.SZ|159980.SZ|159981.SZ|159985.SZ|512660.SH|513080.SH|513100.SH|513180.SH|513500.SH|513880.SH|518880.SH|588000.SH,-0.9867257275162968,0.9194433972050108,cross_entropy,1
rolling_cross_entropy,2021-07-01/2021-12-31,2022-01-01/2022-06-30,41,159920.SZ|159980.SZ|159985.SZ|160644.SZ|161226.SZ|510880.SH|513100.SH|513180.SH|513500.SH|513880.SH|515220.SH|515880.SH|518880.SH,-0.1457856191765955,0.9194433972050108,cross_entropy,2
rolling_cross_entropy,2021-07-01/2021-12-31,2022-01-01/2022-06-30,42,159851.SZ|159901.SZ|159920.SZ|159980.SZ|159981.SZ|159985.SZ|501018.SH|512170.SH|513080.SH|513100.SH|513180.SH|513500.SH|513880.SH,-0.44143185874096436,0.9194433972050108,cross_entropy,2
rolling_cross_entropy,2021-07-01/2021-12-31,2022-01-01/2022-06-30,43,159920.SZ|159980.SZ|159981.SZ|160644.SZ|161226.SZ|501018.SH|510880.SH|512100.SH|512200.SH|513080.SH|513180.SH|513500.SH|513880.SH,0.4114665317387435,0.9194433972050108,cross_entropy,2
rolling_cross_entropy,2021-07-01/2021-12-31,2022-01-01/2022-06-30,44,159920.SZ|159980.SZ|159985.SZ|161226.SZ|164824.SZ|501018.SH|510880.SH|512100.SH|513080.SH|513100.SH|513180.SH|513500.SH|516150.SH,0.3499978993109106,0.9194433972050108,cross_entropy,2
rolling_cross_entropy,2021-07-01/2021-12-31,2022-01-01/2022-06-30,45,159920.SZ|159980.SZ|159981.SZ|160644.SZ|164824.SZ|501018.SH|512100.SH|512660.SH|513030.SH|513180.SH|513500.SH|515880.SH|518880.SH,1.043542930611771,0.9194433972050108,cross_entropy,2
rolling_cross_entropy,2021-07-01/2021-12-31,2022-01-01/2022-06-30,46,159920.SZ|159980.SZ|159985.SZ|160644.SZ|161226.SZ|501018.SH|512200.SH|512660.SH|513080.SH|513180.SH|513500.SH|513880.SH|516150.SH,0.16945852659068436,0.9194433972050108,cross_entropy,2
rolling_cross_entropy,2021-07-01/2021-12-31,2022-01-01/2022-06-30,47,159920.SZ|159980.SZ|161226.SZ|164824.SZ|501018.SH|512100.SH|512400.SH|513080.SH|513180.SH|513500.SH|513880.SH|515210.SH|518880.SH,-0.4472258255818312,0.9194433972050108,cross_entropy,2
rolling_cross_entropy,2021-07-01/2021-12-31,2022-01-01/2022-06-30,48,159869.SZ|159920.SZ|159949.SZ|159980.SZ|159985.SZ|161226.SZ|164824.SZ|501018.SH|512980.SH|513030.SH|513080.SH|513180.SH|513500.SH,0.40741041781213355,0.9194433972050108,cross_entropy,2
rolling_cross_entropy,2021-07-01/2021-12-31,2022-01-01/2022-06-30,49,159869.SZ|159920.SZ|159980.SZ|159981.SZ|161226.SZ|164824.SZ|501018.SH|512170.SH|512980.SH|513080.SH|513180.SH|513500.SH|513880.SH,-0.2305848383042986,0.9194433972050108,cross_entropy,2
rolling_cross_entropy,2021-07-01/2021-12-31,2022-01-01/2022-06-30,50,159920.SZ|159980.SZ|159985.SZ|161226.SZ|164824.SZ|501018.SH|510210.SH|510880.SH|513030.SH|513180.SH|513500.SH|513880.SH|515880.SH,0.4544059242501603,0.9194433972050108,cross_entropy,2
rolling_cross_entropy,2021-07-01/2021-12-31,2022-01-01/2022-06-30,51,159851.SZ|159920.SZ|159980.SZ|159981.SZ|161226.SZ|164824.SZ|501018.SH|510500.SH|510880.SH|513030.SH|513080.SH|513180.SH|513880.SH,-0.5336708132704153,0.9194433972050108,cross_entropy,2
rolling_cross_entropy,2021-07-01/2021-12-31,2022-01-01/2022-06-30,52,159920.SZ|159967.SZ|159985.SZ|160644.SZ|161226.SZ|164824.SZ|501018.SH|510180.SH|513030.SH|513180.SH|513500.SH|515790.SH|518880.SH,-0.7167382738790135,0.9194433972050108,cross_entropy,2
rolling_cross_entropy,2021-07-01/2021-12-31,2022-01-01/2022-06-30,53,159766.SZ|159920.SZ|159980.SZ|159985.SZ|161226.SZ|501018.SH|512890.SH|513030.SH|513080.SH|513180.SH|513500.SH|513880.SH|515790.SH,-0.27195370058534857,0.9194433972050108,cross_entropy,2
rolling_cross_entropy,2021-07-01/2021-12-31,2022-01-01/2022-06-30,54,159766.SZ|159865.SZ|159915.SZ|159920.SZ|159980.SZ|159981.SZ|159985.SZ|160644.SZ|161226.SZ|513080.SH|513100.SH|513180.SH|513500.SH,-0.27769336719974536,0.9194433972050108,cross_entropy,2
rolling_cross_entropy,2021-07-01/2021-12-31,2022-01-01/2022-06-30,55,159825.SZ|159920.SZ|159949.SZ|159980.SZ|159985.SZ|161226.SZ|501018.SH|510880.SH|513030.SH|513080.SH|513100.SH|513180.SH|513500.SH,0.1527897435282829,0.9194433972050108,cross_entropy,2
rolling_cross_entropy,2021-07-01/2021-12-31,2022-01-01/2022-06-30,56,159915.SZ|159920.SZ|159980.SZ|161226.SZ|501018.SH|512040.SH|512660.SH|513030.SH|513080.SH|513100.SH|513180.SH|513500.SH|518880.SH,1.013483563273738,0.9194433972050108,cross_entropy,2
rolling_cross_entropy,2021-07-01/2021-12-31,2022-01-01/2022-06-30,57,159870.SZ|159920.SZ|159981.SZ|159985.SZ|160644.SZ|161226.SZ|164824.SZ|501018.SH|512040.SH|513100.SH|513180.SH|513500.SH|516150.SH,0.5906377444506636,0.9194433972050108,cross_entropy,2
rolling_cross_entropy,2021-07-01/2021-12-31,2022-01-01/2022-06-30,58,159920.SZ|159980.SZ|159985.SZ|160644.SZ|501018.SH|512660.SH|512880.SH|513080.SH|513180.SH|513500.SH|513880.SH|515790.SH|518880.SH,-0.3529518890127108,0.9194433972050108,cross_entropy,2
rolling_cross_entropy,2021-07-01/2021-12-31,2022-01-01/2022-06-30,59,159920.SZ|159980.SZ|159985.SZ|161226.SZ|164824.SZ|501018.SH|512800.SH|512880.SH|513030.SH|513180.SH|513500.SH|513880.SH|515880.SH,-0.04823362901136329,0.9194433972050108,cross_entropy,2
rolling_cross_entropy,2021-07-01/2021-12-31,2022-01-01/2022-06-30,60,159920.SZ|159980.SZ|159981.SZ|159985.SZ|160644.SZ|512660.SH|512880.SH|513080.SH|513100.SH|513180.SH|513880.SH|515880.SH|518880.SH,-0.4399810819714939,0.9194433972050108,cross_entropy,2
rolling_cross_entropy,2021-07-01/2021-12-31,2022-01-01/2022-06-30,61,159920.SZ|159980.SZ|159985.SZ|164824.SZ|501018.SH|510880.SH|512100.SH|512200.SH|513030.SH|513180.SH|513500.SH|513880.SH|518880.SH,0.08832727015770352,0.9194433972050108,cross_entropy,3
rolling_cross_entropy,2021-07-01/2021-12-31,2022-01-01/2022-06-30,62,159870.SZ|159920.SZ|159980.SZ|160644.SZ|161226.SZ|501018.SH|510180.SH|512660.SH|513100.SH|513180.SH|513500.SH|513880.SH|518880.SH,-0.2739121650296308,0.9194433972050108,cross_entropy,3
rolling_cross_entropy,2021-07-01/2021-12-31,2022-01-01/2022-06-30,63,159920.SZ|159967.SZ|159980.SZ|160644.SZ|161226.SZ|501018.SH|512040.SH|512200.SH|513080.SH|513100.SH|513180.SH|513500.SH|518880.SH,-0.0058258813276849,0.9194433972050108,cross_entropy,3
rolling_cross_entropy,2021-07-01/2021-12-31,2022-01-01/2022-06-30,64,159870.SZ|159920.SZ|159980.SZ|159981.SZ|161226.SZ|164824.SZ|501018.SH|510880.SH|512200.SH|513030.SH|513080.SH|513180.SH|513880.SH,-1.3750195470834388,0.9194433972050108,cross_entropy,3
rolling_cross_entropy,2021-07-01/2021-12-31,2022-01-01/2022-06-30,65,159920.SZ|159949.SZ|159980.SZ|159981.SZ|161226.SZ|164824.SZ|501018.SH|512200.SH|512660.SH|513030.SH|513180.SH|513500.SH|513880.SH,0.021863772259952508,0.9194433972050108,cross_entropy,3
rolling_cross_entropy,2021-07-01/2021-12-31,2022-01-01/2022-06-30,66,159920.SZ|159949.SZ|159980.SZ|159981.SZ|159985.SZ|164824.SZ|501018.SH|510880.SH|512200.SH|513030.SH|513100.SH|513180.SH|513500.SH,0.5737980399584859,0.9194433972050108,cross_entropy,3
rolling_cross_entropy,2021-07-01/2021-12-31,2022-01-01/2022-06-30,67,159920.SZ|159980.SZ|159985.SZ|160644.SZ|161226.SZ|164824.SZ|501018.SH|510880.SH|512200.SH|513080.SH|513180.SH|513500.SH|515880.SH,0.6897972658530539,0.9194433972050108,cross_entropy,3
rolling_cross_entropy,2021-07-01/2021-12-31,2022-01-01/2022-06-30,68,159825.SZ|159920.SZ|159980.SZ|159985.SZ|161226.SZ|164824.SZ|501018.SH|513030.SH|513100.SH|513180.SH|513500.SH|515880.SH|516150.SH,0.7551582910446201,0.9194433972050108,cross_entropy,3
rolling_cross_entropy,2021-07-01/2021-12-31,2022-01-01/2022-06-30,69,159920.SZ|159980.SZ|159981.SZ|159985.SZ|160644.SZ|164824.SZ|501018.SH|510050.SH|512040.SH|512660.SH|513100.SH|513180.SH|513880.SH,0.36099202328568264,0.9194433972050108,cross_entropy,3
rolling_cross_entropy,2021-07-01/2021-12-31,2022-01-01/2022-06-30,70,159851.SZ|159920.SZ|159980.SZ|160644.SZ|161226.SZ|164824.SZ|501018.SH|512040.SH|513030.SH|513080.SH|513180.SH|515880.SH|518880.SH,0.17754791676231094,0.9194433972050108,cross_entropy,3
rolling_cross_entropy,2021-07-01/2021-12-31,2022-01-01/2022-06-30,71,159920.SZ|159980.SZ|159981.SZ|161226.SZ|164824.SZ|501018.SH|512200.SH|513030.SH|513100.SH|513180.SH|513500.SH|515210.SH|515880.SH,1.1124458754102124,0.9194433972050108,cross_entropy,3
rolling_cross_entropy,2021-07-01/2021-12-31,2022-01-01/2022-06-30,72,159920.SZ|159980.SZ|159981.SZ|160644.SZ|164824.SZ|501018.SH|512100.SH|512200.SH|513080.SH|513180.SH|513500.SH|515880.SH|518880.SH,0.8354120435108673,0.9194433972050108,cross_entropy,3
rolling_cross_entropy,2021-07-01/2021-12-31,2022-01-01/2022-06-30,73,159920.SZ|159981.SZ|159985.SZ|161226.SZ|164824.SZ|510210.SH|512660.SH|513030.SH|513100.SH|513180.SH|513500.SH|515790.SH|518880.SH,-0.01579342708904343,0.9194433972050108,cross_entropy,3
rolling_cross_entropy,2021-07-01/2021-12-31,2022-01-01/2022-06-30,74,159901.SZ|159915.SZ|159920.SZ|159980.SZ|159981.SZ|159985.SZ|160644.SZ|512660.SH|513100.SH|513180.SH|513500.SH|513880.SH|518880.SH,-0.6577848727053451,0.9194433972050108,cross_entropy,3
rolling_cross_entropy,2021-07-01/2021-12-31,2022-01-01/2022-06-30,75,159915.SZ|159920.SZ|159981.SZ|159985.SZ|161226.SZ|164824.SZ|512880.SH|513080.SH|513180.SH|513500.SH|513880.SH|515880.SH|518880.SH,-0.26336883290846774,0.9194433972050108,cross_entropy,3
rolling_cross_entropy,2021-07-01/2021-12-31,2022-01-01/2022-06-30,76,159851.SZ|159920.SZ|159980.SZ|159985.SZ|160644.SZ|161226.SZ|164824.SZ|510880.SH|513080.SH|513180.SH|513500.SH|515880.SH|518880.SH,-0.49915503674528605,0.9194433972050108,cross_entropy,3
rolling_cross_entropy,2021-07-01/2021-12-31,2022-01-01/2022-06-30,77,159920.SZ|159980.SZ|161226.SZ|164824.SZ|501018.SH|510880.SH|512040.SH|513030.SH|513080.SH|513180.SH|513500.SH|515880.SH|518880.SH,0.0692108126210525,0.9194433972050108,cross_entropy,3
rolling_cross_entropy,2021-07-01/2021-12-31,2022-01-01/2022-06-30,78,159766.SZ|159920.SZ|159980.SZ|159985.SZ|161226.SZ|164824.SZ|501018.SH|510880.SH|512660.SH|513080.SH|513180.SH|513500.SH|513880.SH,-0.013030110497813191,0.9194433972050108,cross_entropy,3
rolling_cross_entropy,2021-07-01/2021-12-31,2022-01-01/2022-06-30,79,159915.SZ|159920.SZ|159981.SZ|159985.SZ|160644.SZ|161226.SZ|501018.SH|512660.SH|513080.SH|513180.SH|513500.SH|513880.SH|516150.SH,0.16965978985189473,0.9194433972050108,cross_entropy,3
rolling_cross_entropy,2021-07-01/2021-12-31,2022-01-01/2022-06-30,80,159920.SZ|159981.SZ|159985.SZ|161226.SZ|164824.SZ|501018.SH|510180.SH|512200.SH|513100.SH|513180.SH|513500.SH|513880.SH|516150.SH,0.05684522598075081,0.9194433972050108,cross_entropy,3
rolling_cross_entropy,2021-07-01/2021-12-31,2022-01-01/2022-06-30,81,159920.SZ|159980.SZ|159981.SZ|161226.SZ|164824.SZ|501018.SH|510880.SH|512200.SH|513030.SH|513100.SH|513180.SH|513500.SH|516150.SH,0.9530220584222461,0.9194433972050108,cross_entropy,4
rolling_cross_entropy,2021-07-01/2021-12-31,2022-01-01/2022-06-30,82,159920.SZ|159980.SZ|159985.SZ|164824.SZ|501018.SH|510210.SH|512200.SH|513030.SH|513100.SH|513180.SH|513500.SH|516150.SH|518880.SH,0.1131977717908325,0.9194433972050108,cross_entropy,4
rolling_cross_entropy,2021-07-01/2021-12-31,2022-01-01/2022-06-30,83,159865.SZ|159920.SZ|159981.SZ|159985.SZ|161226.SZ|164824.SZ|501018.SH|510880.SH|513030.SH|513100.SH|513180.SH|513500.SH|515880.SH,1.4675042610065279,0.9194433972050108,cross_entropy,4
rolling_cross_entropy,2021-07-01/2021-12-31,2022-01-01/2022-06-30,84,159920.SZ|159949.SZ|159980.SZ|161226.SZ|164824.SZ|501018.SH|512660.SH|513030.SH|513080.SH|513180.SH|513500.SH|515220.SH|518880.SH,-0.0427801760556928,0.9194433972050108,cross_entropy,4
rolling_cross_entropy,2021-07-01/2021-12-31,2022-01-01/2022-06-30,85,159851.SZ|159920.SZ|159980.SZ|161226.SZ|164824.SZ|501018.SH|512200.SH|512660.SH|513080.SH|513100.SH|513180.SH|513500.SH|518880.SH,0.1834236068762128,0.9194433972050108,cross_entropy,4
rolling_cross_entropy,2021-07-01/2021-12-31,2022-01-01/2022-06-30,86,159920.SZ|159980.SZ|159985.SZ|160644.SZ|164824.SZ|501018.SH|510180.SH|512200.SH|513030.SH|513080.SH|513180.SH|515880.SH|518880.SH,-1.0458770234695816,0.9194433972050108,cross_entropy,4
rolling_cross_entropy,2021-07-01/2021-12-31,2022-01-01/2022-06-30,87,159920.SZ|159980.SZ|159985.SZ|160644.SZ|164824.SZ|501018.SH|510880.SH|513100.SH|513180.SH|513500.SH|515880.SH|516150.SH|518880.SH,0.8174439482644972,0.9194433972050108,cross_entropy,4
rolling_cross_entropy,2021-07-01/2021-12-31,2022-01-01/2022-06-30,88,159825.SZ|159920.SZ|159980.SZ|160644.SZ|161226.SZ|501018.SH|513080.SH|513100.SH|513180.SH|513880.SH|515220.SH|515880.SH|518880.SH,-0.45328123986068547,0.9194433972050108,cross_entropy,4
rolling_cross_entropy,2021-07-01/2021-12-31,2022-01-01/2022-06-30,89,159851.SZ|159920.SZ|159980.SZ|159985.SZ|160644.SZ|161226.SZ|501018.SH|510880.SH|512040.SH|513030.SH|513100.SH|513180.SH|513500.SH,0.3592998103980521,0.9194433972050108,cross_entropy,4
rolling_cross_entropy,2021-07-01/2021-12-31,2022-01-01/2022-06-30,90,159865.SZ|159870.SZ|159920.SZ|159980.SZ|159981.SZ|160644.SZ|161226.SZ|164824.SZ|501018.SH|510880.SH|513100.SH|513180.SH|513500.SH,0.46646939086130484,0.9194433972050108,cross_entropy,4
rolling_cross_entropy,2021-07-01/2021-12-31,2022-01-01/2022-06-30,91,159825.SZ|159920.SZ|159980.SZ|161226.SZ|164824.SZ|501018.SH|512100.SH|513030.SH|513100.SH|513180.SH|513500.SH|515880.SH|518880.SH,0.20536845288124594,0.9194433972050108,cross_entropy,4
rolling_cross_entropy,2021-07-01/2021-12-31,2022-01-01/2022-06-30,92,159920.SZ|159928.SZ|159980.SZ|159981.SZ|159985.SZ|164824.SZ|501018.SH|512200.SH|512660.SH|513030.SH|513100.SH|513180.SH|513500.SH,0.3140010645092615,0.9194433972050108,cross_entropy,4
rolling_cross_entropy,2021-07-01/2021-12-31,2022-01-01/2022-06-30,93,159865.SZ|159920.SZ|159980.SZ|159985.SZ|161226.SZ|164824.SZ|501018.SH|510880.SH|512100.SH|513030.SH|513080.SH|513100.SH|513180.SH,0.4571721084315966,0.9194433972050108,cross_entropy,4
rolling_cross_entropy,2021-07-01/2021-12-31,2022-01-01/2022-06-30,94,159825.SZ|159920.SZ|159949.SZ|159980.SZ|159985.SZ|160644.SZ|501018.SH|513080.SH|513180.SH|513500.SH|513880.SH|516150.SH|518880.SH,-0.6270098513666787,0.9194433972050108,cross_entropy,4
rolling_cross_entropy,2021-07-01/2021-12-31,2022-01-01/2022-06-30,95,159851.SZ|159920.SZ|159980.SZ|159981.SZ|160644.SZ|161226.SZ|164824.SZ|501018.SH|512040.SH|513080.SH|513180.SH|513500.SH|515880.SH,1.6471268335368598,0.9194433972050108,cross_entropy,4
rolling_cross_entropy,2021-07-01/2021-12-31,2022-01-01/2022-06-30,96,159865.SZ|159920.SZ|159981.SZ|159985.SZ|161226.SZ|164824.SZ|501018.SH|512100.SH|513030.SH|513180.SH|513500.SH|513880.SH|515880.SH,0.9434741127674021,0.9194433972050108,cross_entropy,4
rolling_cross_entropy,2021-07-01/2021-12-31,2022-01-01/2022-06-30,97,159920.SZ|159980.SZ|159981.SZ|159985.SZ|160644.SZ|161226.SZ|164824.SZ|512200.SH|513030.SH|513180.SH|513500.SH|515210.SH|516150.SH,0.1014893826994968,0.9194433972050108,cross_entropy,4
rolling_cross_entropy,2021-07-01/2021-12-31,2022-01-01/2022-06-30,98,159920.SZ|159980.SZ|159985.SZ|161226.SZ|164824.SZ|501018.SH|510500.SH|513030.SH|513100.SH|513180.SH|513500.SH|515210.SH|515790.SH,-0.11450876869811773,0.9194433972050108,cross_entropy,4
rolling_cross_entropy,2021-07-01/2021-12-31,2022-01-01/2022-06-30,99,159920.SZ|159980.SZ|159981.SZ|160644.SZ|161226.SZ|164824.SZ|501018.SH|510880.SH|512200.SH|513100.SH|513180.SH|513500.SH|515880.SH,1.5895147601519957,0.9194433972050108,cross_entropy,4
rolling_cross_entropy,2021-07-01/2021-12-31,2022-01-01/2022-06-30,100,159920.SZ|159949.SZ|159985.SZ|161226.SZ|164824.SZ|501018.SH|512040.SH|512200.SH|513030.SH|513100.SH|513180.SH|513500.SH|518880.SH,0.529467098122174,0.9194433972050108,cross_entropy,4
rolling_cross_entropy,2022-01-01/2022-06-30,2022-07-01/2022-12-31,1,159981.SZ|160644.SZ|161226.SZ|164824.SZ|501018.SH|510050.SH|513030.SH|513070.SH|513180.SH|513500.SH|515210.SH|518880.SH|562500.SH,0.5526870034510917,0.9123874319228055,cross_entropy,0
rolling_cross_entropy,2022-01-01/2022-06-30,2022-07-01/2022-12-31,2,159865.SZ|159949.SZ|159981.SZ|161226.SZ|164824.SZ|501018.SH|512400.SH|513030.SH|513070.SH|513180.SH|513500.SH|513880.SH|518880.SH,0.24303070464519647,0.9123874319228055,cross_entropy,0
rolling_cross_entropy,2022-01-01/2022-06-30,2022-07-01/2022-12-31,3,159928.SZ|159980.SZ|159981.SZ|160644.SZ|164824.SZ|501018.SH|512040.SH|513070.SH|513080.SH|513100.SH|513180.SH|515210.SH|518880.SH,0.15346226921758332,0.9123874319228055,cross_entropy,0
rolling_cross_entropy,2022-01-01/2022-06-30,2022-07-01/2022-12-31,4,159920.SZ|159928.SZ|159981.SZ|161226.SZ|164824.SZ|501018.SH|510500.SH|512880.SH|513030.SH|513070.SH|513500.SH|513880.SH|518880.SH,-0.657847414696385,0.902954449056628,cross_entropy,0
rolling_cross_entropy,2022-01-01/2022-06-30,2022-07-01/2022-12-31,5,159967.SZ|159981.SZ|159985.SZ|160644.SZ|161226.SZ|501018.SH|512040.SH|512200.SH|513030.SH|513070.SH|513180.SH|513500.SH|513880.SH,0.2631374328433034,0.9123874319228055,cross_entropy,0
rolling_cross_entropy,2022-01-01/2022-06-30,2022-07-01/2022-12-31,6,159920.SZ|159949.SZ|159980.SZ|160644.SZ|161226.SZ|501018.SH|512100.SH|512880.SH|513070.SH|513080.SH|513500.SH|513880.SH|518880.SH,-0.029970451070002402,0.902954449056628,cross_entropy,0
rolling_cross_entropy,2022-01-01/2022-06-30,2022-07-01/2022-12-31,7,159901.SZ|159920.SZ|159980.SZ|159985.SZ|160644.SZ|161226.SZ|510180.SH|512980.SH|513070.SH|513080.SH|513500.SH|513880.SH|518880.SH,-0.15025518395040088,0.9084235910224081,cross_entropy,0
rolling_cross_entropy,2022-01-01/2022-06-30,2022-07-01/2022-12-31,8,159869.SZ|159920.SZ|159949.SZ|159980.SZ|160644.SZ|161226.SZ|501018.SH|513070.SH|513080.SH|513500.SH|513880.SH|515210.SH|518880.SH,0.3213831143125896,0.902954449056628,cross_entropy,0
rolling_cross_entropy,2022-01-01/2022-06-30,2022-07-01/2022-12-31,9,159766.SZ|159825.SZ|159980.SZ|159981.SZ|160644.SZ|161226.SZ|164824.SZ|512660.SH|513070.SH|513080.SH|513100.SH|513180.SH|518880.SH,-0.4356429044591949,0.9123874319228055,cross_entropy,0
rolling_cross_entropy,2022-01-01/2022-06-30,2022-07-01/2022-12-31,10,159796.SZ|159901.SZ|159980.SZ|159981.SZ|159985.SZ|160644.SZ|161226.SZ|512880.SH|513070.SH|513080.SH|513180.SH|513500.SH|513880.SH,0.28961791375606133,0.9123874319228055,cross_entropy,0
rolling_cross_entropy,2022-01-01/2022-06-30,2022-07-01/2022-12-31,11,159825.SZ|159870.SZ|159980.SZ|159981.SZ|160644.SZ|161226.SZ|164824.SZ|510050.SH|513030.SH|513070.SH|513180.SH|513500.SH|518880.SH,-0.7812921566636294,0.9123874319228055,cross_entropy,0
rolling_cross_entropy,2022-01-01/2022-06-30,2022-07-01/2022-12-31,12,159851.SZ|159869.SZ|159870.SZ|159980.SZ|159985.SZ|164824.SZ|501018.SH|513070.SH|513080.SH|513100.SH|513180.SH|513880.SH|518880.SH,0.3115681941206596,0.9123874319228055,cross_entropy,0
rolling_cross_entropy,2022-01-01/2022-06-30,2022-07-01/2022-12-31,13,159865.SZ|159980.SZ|159981.SZ|160644.SZ|161226.SZ|510500.SH|513030.SH|513070.SH|513100.SH|513180.SH|513880.SH|515210.SH|518880.SH,-1.3380295956561714,0.9123874319228055,cross_entropy,0
rolling_cross_entropy,2022-01-01/2022-06-30,2022-07-01/2022-12-31,14,159796.SZ|159920.SZ|159981.SZ|160644.SZ|161226.SZ|501018.SH|512040.SH|512800.SH|513030.SH|513070.SH|513100.SH|513880.SH|518880.SH,0.24110957694519644,0.902954449056628,cross_entropy,0
rolling_cross_entropy,2022-01-01/2022-06-30,2022-07-01/2022-12-31,15,159915.SZ|159920.SZ|159980.SZ|159985.SZ|160644.SZ|161226.SZ|164824.SZ|510050.SH|512170.SH|513070.SH|513080.SH|513500.SH|518880.SH,0.43238795166273564,0.902954449056628,cross_entropy,0
rolling_cross_entropy,2022-01-01/2022-06-30,2022-07-01/2022-12-31,16,159980.SZ|159981.SZ|160644.SZ|161226.SZ|164824.SZ|501018.SH|510880.SH|512800.SH|513070.SH|513080.SH|513180.SH|513500.SH|515790.SH,0.7951712949249863,0.9123874319228055,cross_entropy,0
rolling_cross_entropy,2022-01-01/2022-06-30,2022-07-01/2022-12-31,17,159611.SZ|159920.SZ|159980.SZ|159981.SZ|161226.SZ|164824.SZ|512100.SH|513070.SH|513080.SH|513100.SH|513880.SH|516150.SH|518880.SH,-1.0092434105238453,0.9058484940465971,cross_entropy,0
rolling_cross_entropy,2022-01-01/2022-06-30,2022-07-01/2022-12-31,18,159851.SZ|159915.SZ|159920.SZ|159980.SZ|159981.SZ|160644.SZ|164824.SZ|501018.SH|510180.SH|513070.SH|513100.SH|513880.SH|518880.SH,0.9833049527816009,0.902954449056628,cross_entropy,0
rolling_cross_entropy,2022-01-01/2022-06-30,2022-07-01/2022-12-31,19,159766.SZ|159852.SZ|159920.SZ|159980.SZ|159981.SZ|161226.SZ|164824.SZ|510180.SH|513030.SH|513070.SH|513500.SH|513880.SH|518880.SH,-0.4009416654599369,0.902954449056628,cross_entropy,0
rolling_cross_entropy,2022-01-01/2022-06-30,2022-07-01/2022-12-31,20,159980.SZ|159981.SZ|159985.SZ|160644.SZ|164824.SZ|512890.SH|513070.SH|513180.SH|513500.SH|513880.SH|515220.SH|518880.SH|562500.SH,0.2052301200917437,0.9123874319228055,cross_entropy,0
rolling_cross_entropy,2022-01-01/2022-06-30,2022-07-01/2022-12-31,21,159920.SZ|159949.SZ|159981.SZ|160644.SZ|161226.SZ|501018.SH|512170.SH|512200.SH|513070.SH|513080.SH|513500.SH|513880.SH|518880.SH,-0.03835332842991535,0.902954449056628,cross_entropy,1
rolling_cross_entropy,2022-01-01/2022-06-30,2022-07-01/2022-12-31,22,159825.SZ|159869.SZ|159920.SZ|159981.SZ|161226.SZ|164824.SZ|501018.SH|512800.SH|513070.SH|513080.SH|513500.SH|513880.SH|518880.SH,-1.1487729733111873,0.902954449056628,cross_entropy,1
rolling_cross_entropy,2022-01-01/2022-06-30,2022-07-01/2022-12-31,23,159611.SZ|159869.SZ|159980.SZ|159981.SZ|160644.SZ|161226.SZ|164824.SZ|513070.SH|513080.SH|513180.SH|513500.SH|515880.SH|518880.SH,-0.5274922490419739,0.9123874319228055,cross_entropy,1
rolling_cross_entropy,2022-01-01/2022-06-30,2022-07-01/2022-12-31,24,159920.SZ|159980.SZ|159981.SZ|159985.SZ|160644.SZ|161226.SZ|164824.SZ|513070.SH|513100.SH|513880.SH|515210.SH|562500.SH|588000.SH,-0.969633870611156,0.902954449056628,cross_entropy,1
rolling_cross_entropy,2022-01-01/2022-06-30,2022-07-01/2022-12-31,25,159920.SZ|159949.SZ|159981.SZ|161226.SZ|164824.SZ|501018.SH|510180.SH|513070.SH|513080.SH|513500.SH|513880.SH|515790.SH|518880.SH,0.6416938367692812,0.902954449056628,cross_entropy,1
rolling_cross_entropy,2022-01-01/2022-06-30,2022-07-01/2022-12-31,26,159915.SZ|159920.SZ|159980.SZ|159981.SZ|160644.SZ|164824.SZ|501018.SH|512800.SH|513030.SH|513070.SH|513880.SH|515210.SH|518880.SH,-0.014135901082397909,0.902954449056628,cross_entropy,1
rolling_cross_entropy,2022-01-01/2022-06-30,2022-07-01/2022-12-31,27,159852.SZ|159920.SZ|159949.SZ|159981.SZ|161226.SZ|164824.SZ|501018.SH|510300.SH|513030.SH|513070.SH|513500.SH|513880.SH|518880.SH,0.42609240541622473,0.902954449056628,cross_entropy,1
rolling_cross_entropy,2022-01-01/2022-06-30,2022-07-01/2022-12-31,28,159796.SZ|159920.SZ|159949.SZ|159980.SZ|159981.SZ|164824.SZ|501018.SH|512800.SH|513070.SH|513080.SH|513500.SH|513880.SH|518880.SH,0.7344608700327679,0.902954449056628,cross_entropy,1
rolling_cross_entropy,2022-01-01/2022-06-30,2022-07-01/2022-12-31,29,159928.SZ|159981.SZ|160644.SZ|161226.SZ|164824.SZ|501018.SH|512660.SH|513030.SH|513070.SH|513180.SH|513500.SH|518880.SH|588000.SH,-0.12662964844441615,0.9123874319228055,cross_entropy,1
rolling_cross_entropy,2022-01-01/2022-06-30,2022-07-01/2022-12-31,30,159915.SZ|159980.SZ|159981.SZ|160644.SZ|161226.SZ|164824.SZ|510180.SH|512800.SH|513070.SH|513080.SH|513180.SH|513500.SH|518880.SH,0.29534080396163176,0.9123874319228055,cross_entropy,1
rolling_cross_entropy,2022-01-01/2022-06-30,2022-07-01/2022-12-31,31,159851.SZ|159869.SZ|159980.SZ|159981.SZ|160644.SZ|164824.SZ|501018.SH|510050.SH|513070.SH|513180.SH|513500.SH|513880.SH|518880.SH,0.7430778237616081,0.9123874319228055,cross_entropy,1
rolling_cross_entropy,2022-01-01/2022-06-30,2022-07-01/2022-12-31,32,159980.SZ|159981.SZ|160644.SZ|161226.SZ|164824.SZ|501018.SH|512170.SH|513070.SH|513080.SH|513100.SH|513180.SH|515210.SH|515220.SH,-0.018122331825022046,0.9123874319228055,cross_entropy,1
rolling_cross_entropy,2022-01-01/2022-06-30,2022-07-01/2022-12-31,33,159611.SZ|159981.SZ|160644.SZ|161226.SZ|164824.SZ|501018.SH|510050.SH|510210.SH|513070.SH|513080.SH|513180.SH|513500.SH|518880.SH,0.6610564077223625,0.9123874319228055,cross_entropy,1
rolling_cross_entropy,2022-01-01/2022-06-30,2022-07-01/2022-12-31,34,159915.SZ|159980.SZ|159981.SZ|159985.SZ|160644.SZ|164824.SZ|501018.SH|512170.SH|513070.SH|513080.SH|513180.SH|513500.SH|515210.SH,1.0302564725155126,0.9123874319228055,cross_entropy,1
rolling_cross_entropy,2022-01-01/2022-06-30,2022-07-01/2022-12-31,35,159920.SZ|159967.SZ|159980.SZ|159985.SZ|160644.SZ|161226.SZ|164824.SZ|501018.SH|512980.SH|513070.SH|513500.SH|513880.SH|562500.SH,0.46293285388347266,0.902954449056628,cross_entropy,1
rolling_cross_entropy,2022-01-01/2022-06-30,2022-07-01/2022-12-31,36,159920.SZ|159949.SZ|159980.SZ|159985.SZ|160644.SZ|161226.SZ|164824.SZ|501018.SH|512880.SH|512980.SH|513070.SH|513500.SH|513880.SH,0.29876905489905314,0.902954449056628,cross_entropy,1
rolling_cross_entropy,2022-01-01/2022-06-30,2022-07-01/2022-12-31,37,159825.SZ|159869.SZ|159920.SZ|159980.SZ|159981.SZ|159985.SZ|160644.SZ|164824.SZ|513070.SH|513080.SH|513880.SH|515790.SH|518880.SH,-0.4849110456321669,0.902954449056628,cross_entropy,1
rolling_cross_entropy,2022-01-01/2022-06-30,2022-07-01/2022-12-31,38,159766.SZ|159980.SZ|159985.SZ|164824.SZ|501018.SH|513070.SH|513080.SH|513180.SH|513500.SH|513880.SH|515880.SH|518880.SH|588000.SH,0.5369242146657469,0.9123874319228055,cross_entropy,1
rolling_cross_entropy,2022-01-01/2022-06-30,2022-07-01/2022-12-31,39,159611.SZ|159870.SZ|159920.SZ|159980.SZ|159981.SZ|159985.SZ|164824.SZ|501018.SH|513070.SH|513080.SH|513100.SH|513880.SH|515220.SH,0.27267126332657576,0.902954449056628,cross_entropy,1
rolling_cross_entropy,2022-01-01/2022-06-30,2022-07-01/2022-12-31,40,159766.SZ|159869.SZ|159920.SZ|159980.SZ|159985.SZ|160644.SZ|161226.SZ|164824.SZ|501018.SH|513030.SH|513070.SH|513100.SH|515790.SH,0.0397384167332913,0.902954449056628,cross_entropy,1
rolling_cross_entropy,2022-01-01/2022-06-30,2022-07-01/2022-12-31,41,159981.SZ|161226.SZ|164824.SZ|501018.SH|510210.SH|512400.SH|512800.SH|513030.SH|513070.SH|513180.SH|513500.SH|513880.SH|518880.SH,0.10038699412735823,0.9123874319228055,cross_entropy,2
rolling_cross_entropy,2022-01-01/2022-06-30,2022-07-01/2022-12-31,42,159611.SZ|159980.SZ|159981.SZ|160644.SZ|501018.SH|510050.SH|513070.SH|513080.SH|513180.SH|513500.SH|513880.SH|515210.SH|518880.SH,0.9084359447608055,0.9123874319228055,cross_entropy,2
rolling_cross_entropy,2022-01-01/2022-06-30,2022-07-01/2022-12-31,43,159611.SZ|159949.SZ|159980.SZ|159985.SZ|160644.SZ|164824.SZ|501018.SH|510210.SH|513070.SH|513080.SH|513180.SH|513500.SH|518880.SH,1.2332441039067075,0.9123874319228055,cross_entropy,2
rolling_cross_entropy,2022-01-01/2022-06-30,2022-07-01/2022-12-31,44,159915.SZ|159980.SZ|159985.SZ|164824.SZ|501018.SH|510180.SH|513070.SH|513080.SH|513180.SH|513500.SH|513880.SH|515210.SH|518880.SH,1.0889643571212066,0.9123874319228055,cross_entropy,2
rolling_cross_entropy,2022-01-01/2022-06-30,2022-07-01/2022-12-31,45,159915.SZ|159980.SZ|159985.SZ|160644.SZ|164824.SZ|501018.SH|510180.SH|513070.SH|513080.SH|513180.SH|513500.SH|516150.SH|518880.SH,1.2400932733114824,0.9123874319228055,cross_entropy,2
rolling_cross_entropy,2022-01-01/2022-06-30,2022-07-01/2022-12-31,46,159915.SZ|159980.SZ|159981.SZ|160644.SZ|164824.SZ|501018.SH|512200.SH|513070.SH|513180.SH|513500.SH|513880.SH|515210.SH|518880.SH,0.7722446763749811,0.9123874319228055,cross_entropy,2
rolling_cross_entropy,2022-01-01/2022-06-30,2022-07-01/2022-12-31,47,159869.SZ|159920.SZ|159980.SZ|159981.SZ|159985.SZ|160644.SZ|164824.SZ|510050.SH|513070.SH|513500.SH|513880.SH|515210.SH|518880.SH,-0.3308988457818549,0.902954449056628,cross_entropy,2
rolling_cross_entropy,2022-01-01/2022-06-30,2022-07-01/2022-12-31,48,159796.SZ|159980.SZ|159985.SZ|160644.SZ|161226.SZ|164824.SZ|512800.SH|513070.SH|513080.SH|513180.SH|513500.SH|515880.SH|518880.SH,-0.06194806110007066,0.9123874319228055,cross_entropy,2
rolling_cross_entropy,2022-01-01/2022-06-30,2022-07-01/2022-12-31,49,159869.SZ|159920.SZ|159980.SZ|159985.SZ|160644.SZ|161226.SZ|164824.SZ|501018.SH|510050.SH|513070.SH|513080.SH|513500.SH|588000.SH,-0.16234118886157495,0.902954449056628,cross_entropy,2
rolling_cross_entropy,2022-01-01/2022-06-30,2022-07-01/2022-12-31,50,159915.SZ|159981.SZ|160644.SZ|161226.SZ|501018.SH|510880.SH|513070.SH|513080.SH|513180.SH|513500.SH|513880.SH|515210.SH|518880.SH,0.2708618512733913,0.9123874319228055,cross_entropy,2
rolling_cross_entropy,2022-01-01/2022-06-30,2022-07-01/2022-12-31,51,159796.SZ|159981.SZ|160644.SZ|161226.SZ|164824.SZ|501018.SH|512980.SH|513070.SH|513080.SH|513180.SH|513500.SH|515880.SH|518880.SH,0.49000053601012683,0.9123874319228055,cross_entropy,2
rolling_cross_entropy,2022-01-01/2022-06-30,2022-07-01/2022-12-31,52,159852.SZ|159920.SZ|159967.SZ|159980.SZ|159981.SZ|164824.SZ|501018.SH|513070.SH|513080.SH|513500.SH|513880.SH|518880.SH|562500.SH,0.8976551087680218,0.902954449056628,cross_entropy,2
rolling_cross_entropy,2022-01-01/2022-06-30,2022-07-01/2022-12-31,53,159869.SZ|159949.SZ|159980.SZ|159981.SZ|160644.SZ|161226.SZ|164824.SZ|501018.SH|510050.SH|513070.SH|513080.SH|513180.SH|513880.SH,0.5369018397546774,0.9123874319228055,cross_entropy,2
rolling_cross_entropy,2022-01-01/2022-06-30,2022-07-01/2022-12-31,54,159869.SZ|159920.SZ|159980.SZ|159981.SZ|160644.SZ|164824.SZ|501018.SH|512880.SH|513070.SH|513080.SH|513880.SH|518880.SH|562500.SH,0.38178354710629575,0.902954449056628,cross_entropy,2
rolling_cross_entropy,2022-01-01/2022-06-30,2022-07-01/2022-12-31,55,159915.SZ|159981.SZ|159985.SZ|164824.SZ|501018.SH|512800.SH|513070.SH|513080.SH|513180.SH|513500.SH|513880.SH|515790.SH|518880.SH,1.044479653441552,0.9123874319228055,cross_entropy,2
rolling_cross_entropy,2022-01-01/2022-06-30,2022-07-01/2022-12-31,56,159901.SZ|159980.SZ|159981.SZ|160644.SZ|161226.SZ|501018.SH|512170.SH|513070.SH|513080.SH|513180.SH|513500.SH|513880.SH|515790.SH,0.9055531761930012,0.9123874319228055,cross_entropy,2
rolling_cross_entropy,2022-01-01/2022-06-30,2022-07-01/2022-12-31,57,159928.SZ|159949.SZ|159980.SZ|161226.SZ|164824.SZ|501018.SH|510050.SH|513070.SH|513080.SH|513180.SH|513500.SH|513880.SH|518880.SH,0.545551215525971,0.9123874319228055,cross_entropy,2
rolling_cross_entropy,2022-01-01/2022-06-30,2022-07-01/2022-12-31,58,159869.SZ|159980.SZ|159981.SZ|164824.SZ|501018.SH|512100.SH|513070.SH|513080.SH|513180.SH|513500.SH|513880.SH|515790.SH|518880.SH,0.6737812282588841,0.9123874319228055,cross_entropy,2
rolling_cross_entropy,2022-01-01/2022-06-30,2022-07-01/2022-12-31,59,159851.SZ|159949.SZ|159981.SZ|161226.SZ|164824.SZ|501018.SH|512800.SH|513030.SH|513070.SH|513180.SH|513500.SH|513880.SH|518880.SH,0.31315007079776336,0.9123874319228055,cross_entropy,2
rolling_cross_entropy,2022-01-01/2022-06-30,2022-07-01/2022-12-31,60,159869.SZ|159949.SZ|159981.SZ|161226.SZ|164824.SZ|501018.SH|513070.SH|513080.SH|513180.SH|513500.SH|513880.SH|515790.SH|518880.SH,0.7161464696413559,0.9123874319228055,cross_entropy,2
rolling_cross_entropy,2022-01-01/2022-06-30,2022-07-01/2022-12-31,61,159796.SZ|159949.SZ|159980.SZ|159981.SZ|159985.SZ|160644.SZ|164824.SZ|501018.SH|512980.SH|513070.SH|513180.SH|513500.SH|513880.SH,1.3701522298052178,0.9123874319228055,cross_entropy,3
rolling_cross_entropy,2022-01-01/2022-06-30,2022-07-01/2022-12-31,62,159915.SZ|159980.SZ|159981.SZ|159985.SZ|160644.SZ|164824.SZ|510180.SH|512170.SH|513070.SH|513080.SH|513180.SH|513500.SH|518880.SH,1.0245556308398351,0.9123874319228055,cross_entropy,3
rolling_cross_entropy,2022-01-01/2022-06-30,2022-07-01/2022-12-31,63,159901.SZ|159981.SZ|159985.SZ|160644.SZ|164824.SZ|501018.SH|510210.SH|513070.SH|513080.SH|513180.SH|513500.SH|515790.SH|518880.SH,1.2508582673513253,0.9123874319228055,cross_entropy,3
rolling_cross_entropy,2022-01-01/2022-06-30,2022-07-01/2022-12-31,64,159766.SZ|159949.SZ|159980.SZ|159981.SZ|159985.SZ|161226.SZ|164824.SZ|513070.SH|513080.SH|513180.SH|513500.SH|513880.SH|515210.SH,-0.583200851591075,0.9123874319228055,cross_entropy,3
rolling_cross_entropy,2022-01-01/2022-06-30,2022-07-01/2022-12-31,65,159611.SZ|159915.SZ|159981.SZ|159985.SZ|160644.SZ|164824.SZ|501018.SH|513070.SH|513080.SH|513180.SH|513500.SH|515210.SH|518880.SH,0.8579506153681888,0.9123874319228055,cross_entropy,3
rolling_cross_entropy,2022-01-01/2022-06-30,2022-07-01/2022-12-31,66,159949.SZ|159980.SZ|159981.SZ|159985.SZ|160644.SZ|510880.SH|513070.SH|513080.SH|513180.SH|513500.SH|513880.SH|515210.SH|518880.SH,-0.0046624502275873685,0.9123874319228055,cross_entropy,3
rolling_cross_entropy,2022-01-01/2022-06-30,2022-07-01/2022-12-31,67,159870.SZ|159915.SZ|159920.SZ|159980.SZ|159981.SZ|160644.SZ|161226.SZ|164824.SZ|501018.SH|510180.SH|513070.SH|513080.SH|513880.SH,0.15229361411050124,0.902954449056628,cross_entropy,3
rolling_cross_entropy,2022-01-01/2022-06-30,2022-07-01/2022-12-31,68,159611.SZ|159928.SZ|159980.SZ|159981.SZ|160644.SZ|161226.SZ|164824.SZ|501018.SH|513070.SH|513180.SH|513500.SH|513880.SH|515790.SH,0.6325459080152437,0.9123874319228055,cross_entropy,3
rolling_cross_entropy,2022-01-01/2022-06-30,2022-07-01/2022-12-31,69,159981.SZ|159985.SZ|160644.SZ|164824.SZ|501018.SH|510050.SH|510880.SH|512800.SH|513070.SH|513080.SH|513180.SH|513500.SH|518880.SH,0.040582486542773986,0.9123874319228055,cross_entropy,3
rolling_cross_entropy,2022-01-01/2022-06-30,2022-07-01/2022-12-31,70,159980.SZ|159981.SZ|159985.SZ|160644.SZ|164824.SZ|501018.SH|510210.SH|512040.SH|513070.SH|513080.SH|513180.SH|513880.SH|516150.SH,0.39505684531864593,0.9123874319228055,cross_entropy,3
rolling_cross_entropy,2022-01-01/2022-06-30,2022-07-01/2022-12-31,71,159949.SZ|159981.SZ|159985.SZ|160644.SZ|164824.SZ|501018.SH|513070.SH|513180.SH|513500.SH|513880.SH|515220.SH|516150.SH|518880.SH,0.23688295898734615,0.9123874319228055,cross_entropy,3
rolling_cross_entropy,2022-01-01/2022-06-30,2022-07-01/2022-12-31,72,159869.SZ|159980.SZ|159985.SZ|164824.SZ|501018.SH|510050.SH|513070.SH|513080.SH|513180.SH|513500.SH|513880.SH|515210.SH|518880.SH,0.6763087611198216,0.9123874319228055,cross_entropy,3
rolling_cross_entropy,2022-01-01/2022-06-30,2022-07-01/2022-12-31,73,159825.SZ|159980.SZ|159981.SZ|160644.SZ|164824.SZ|501018.SH|512800.SH|513070.SH|513080.SH|513180.SH|513880.SH|515210.SH|518880.SH,-0.6728926026633144,0.9123874319228055,cross_entropy,3
rolling_cross_entropy,2022-01-01/2022-06-30,2022-07-01/2022-12-31,74,159981.SZ|159985.SZ|160644.SZ|164824.SZ|501018.SH|510050.SH|513070.SH|513080.SH|513180.SH|513500.SH|516150.SH|518880.SH|588000.SH,0.8703319500927494,0.9123874319228055,cross_entropy,3
rolling_cross_entropy,2022-01-01/2022-06-30,2022-07-01/2022-12-31,75,159915.SZ|159920.SZ|159980.SZ|159981.SZ|159985.SZ|160644.SZ|161226.SZ|164824.SZ|512170.SH|512660.SH|513070.SH|513500.SH|513880.SH,-0.6914301317707017,0.902954449056628,cross_entropy,3
rolling_cross_entropy,2022-01-01/2022-06-30,2022-07-01/2022-12-31,76,159915.SZ|159980.SZ|159981.SZ|164824.SZ|501018.SH|510050.SH|513070.SH|513080.SH|513180.SH|513500.SH|513880.SH|518880.SH|562500.SH,1.4182104140877863,0.9123874319228055,cross_entropy,3
rolling_cross_entropy,2022-01-01/2022-06-30,2022-07-01/2022-12-31,77,159611.SZ|159980.SZ|159981.SZ|160644.SZ|164824.SZ|501018.SH|510180.SH|513070.SH|513080.SH|513180.SH|513500.SH|515790.SH|518880.SH,1.481789153081199,0.9123874319228055,cross_entropy,3
rolling_cross_entropy,2022-01-01/2022-06-30,2022-07-01/2022-12-31,78,159852.SZ|159981.SZ|159985.SZ|164824.SZ|501018.SH|512660.SH|513070.SH|513080.SH|513180.SH|513500.SH|513880.SH|515790.SH|518880.SH,1.0587771161176238,0.9123874319228055,cross_entropy,3
rolling_cross_entropy,2022-01-01/2022-06-30,2022-07-01/2022-12-31,79,159915.SZ|159981.SZ|159985.SZ|160644.SZ|164824.SZ|501018.SH|512800.SH|513070.SH|513180.SH|513500.SH|513880.SH|515790.SH|518880.SH,1.011067701463166,0.9123874319228055,cross_entropy,3
rolling_cross_entropy,2022-01-01/2022-06-30,2022-07-01/2022-12-31,80,159611.SZ|159869.SZ|159980.SZ|159985.SZ|164824.SZ|501018.SH|510180.SH|513070.SH|513080.SH|513180.SH|513500.SH|513880.SH|518880.SH,1.0410176262756978,0.9123874319228055,cross_entropy,3
rolling_cross_entropy,2022-01-01/2022-06-30,2022-07-01/2022-12-31,81,159980.SZ|159981.SZ|159985.SZ|164824.SZ|501018.SH|510180.SH|513070.SH|513080.SH|513180.SH|513500.SH|513880.SH|515790.SH|515880.SH,0.7464965774064983,0.9123874319228055,cross_entropy,4
rolling_cross_entropy,2022-01-01/2022-06-30,2022-07-01/2022-12-31,82,159611.SZ|159949.SZ|159980.SZ|159981.SZ|159985.SZ|160644.SZ|164824.SZ|510180.SH|513070.SH|513080.SH|513180.SH|513500.SH|518880.SH,0.884492412156246,0.9123874319228055,cross_entropy,4
rolling_cross_entropy,2022-01-01/2022-06-30,2022-07-01/2022-12-31,83,159611.SZ|159949.SZ|159980.SZ|159981.SZ|160644.SZ|164824.SZ|501018.SH|510180.SH|513070.SH|513080.SH|513180.SH|513500.SH|518880.SH,1.4904790024366972,0.9123874319228055,cross_entropy,4
rolling_cross_entropy,2022-01-01/2022-06-30,2022-07-01/2022-12-31,84,159901.SZ|159981.SZ|159985.SZ|160644.SZ|164824.SZ|501018.SH|513070.SH|513080.SH|513180.SH|513500.SH|515210.SH|515790.SH|518880.SH,1.1527719491693482,0.9123874319228055,cross_entropy,4
rolling_cross_entropy,2022-01-01/2022-06-30,2022-07-01/2022-12-31,85,159915.SZ|159981.SZ|159985.SZ|160644.SZ|164824.SZ|501018.SH|512040.SH|513070.SH|513080.SH|513180.SH|513500.SH|515790.SH|518880.SH,0.9901996936579527,0.9123874319228055,cross_entropy,4
rolling_cross_entropy,2022-01-01/2022-06-30,2022-07-01/2022-12-31,86,159611.SZ|159915.SZ|159980.SZ|159981.SZ|159985.SZ|160644.SZ|164824.SZ|510180.SH|513070.SH|513180.SH|513500.SH|513880.SH|518880.SH,1.115067753856039,0.9123874319228055,cross_entropy,4
rolling_cross_entropy,2022-01-01/2022-06-30,2022-07-01/2022-12-31,87,159915.SZ|159980.SZ|159985.SZ|160644.SZ|164824.SZ|501018.SH|512800.SH|513070.SH|513100.SH|513180.SH|513880.SH|516150.SH|518880.SH,0.6036684848205934,0.9123874319228055,cross_entropy,4
rolling_cross_entropy,2022-01-01/2022-06-30,2022-07-01/2022-12-31,88,159611.SZ|159981.SZ|159985.SZ|164824.SZ|501018.SH|510050.SH|513070.SH|513080.SH|513180.SH|513500.SH|513880.SH|515210.SH|518880.SH,0.8265430738929931,0.9123874319228055,cross_entropy,4
rolling_cross_entropy,2022-01-01/2022-06-30,2022-07-01/2022-12-31,89,159796.SZ|159915.SZ|159980.SZ|159981.SZ|159985.SZ|160644.SZ|164824.SZ|501018.SH|512170.SH|513070.SH|513180.SH|513500.SH|513880.SH,1.4833362316382872,0.9123874319228055,cross_entropy,4
rolling_cross_entropy,2022-01-01/2022-06-30,2022-07-01/2022-12-31,90,159611.SZ|159852.SZ|159870.SZ|159980.SZ|159985.SZ|160644.SZ|501018.SH|513070.SH|513080.SH|513180.SH|513500.SH|513880.SH|518880.SH,0.9805028976289594,0.9123874319228055,cross_entropy,4
rolling_cross_entropy,2022-01-01/2022-06-30,2022-07-01/2022-12-31,91,159915.SZ|159981.SZ|159985.SZ|164824.SZ|501018.SH|510180.SH|512660.SH|513070.SH|513080.SH|513180.SH|513500.SH|513880.SH|518880.SH,0.5495185766311058,0.9123874319228055,cross_entropy,4
rolling_cross_entropy,2022-01-01/2022-06-30,2022-07-01/2022-12-31,92,159981.SZ|159985.SZ|160644.SZ|164824.SZ|501018.SH|510050.SH|512800.SH|513070.SH|513080.SH|513180.SH|513500.SH|515790.SH|518880.SH,1.1023256471435825,0.9123874319228055,cross_entropy,4
rolling_cross_entropy,2022-01-01/2022-06-30,2022-07-01/2022-12-31,93,159967.SZ|159980.SZ|159985.SZ|164824.SZ|501018.SH|510050.SH|512660.SH|513070.SH|513080.SH|513180.SH|513500.SH|513880.SH|518880.SH,1.0128682905761022,0.9123874319228055,cross_entropy,4
rolling_cross_entropy,2022-01-01/2022-06-30,2022-07-01/2022-12-31,94,159852.SZ|159967.SZ|159980.SZ|159981.SZ|160644.SZ|164824.SZ|501018.SH|512660.SH|513070.SH|513080.SH|513180.SH|513880.SH|518880.SH,0.8358495630864872,0.9123874319228055,cross_entropy,4
rolling_cross_entropy,2022-01-01/2022-06-30,2022-07-01/2022-12-31,95,159981.SZ|159985.SZ|164824.SZ|501018.SH|510180.SH|512400.SH|512660.SH|513070.SH|513080.SH|513180.SH|513500.SH|513880.SH|518880.SH,0.723732872446555,0.9123874319228055,cross_entropy,4
rolling_cross_entropy,2022-01-01/2022-06-30,2022-07-01/2022-12-31,96,159981.SZ|159985.SZ|160644.SZ|164824.SZ|501018.SH|510050.SH|512170.SH|513070.SH|513080.SH|513180.SH|513880.SH|515790.SH|518880.SH,1.1455517608490993,0.9123874319228055,cross_entropy,4
rolling_cross_entropy,2022-01-01/2022-06-30,2022-07-01/2022-12-31,97,159611.SZ|159949.SZ|159980.SZ|159985.SZ|160644.SZ|164824.SZ|501018.SH|513070.SH|513080.SH|513180.SH|513500.SH|515790.SH|518880.SH,1.4442136215004746,0.9123874319228055,cross_entropy,4
rolling_cross_entropy,2022-01-01/2022-06-30,2022-07-01/2022-12-31,98,159981.SZ|159985.SZ|160644.SZ|164824.SZ|501018.SH|510050.SH|512100.SH|513070.SH|513180.SH|513500.SH|513880.SH|515790.SH|518880.SH,1.2923355523669564,0.9123874319228055,cross_entropy,4
rolling_cross_entropy,2022-01-01/2022-06-30,2022-07-01/2022-12-31,99,159915.SZ|159980.SZ|161226.SZ|164824.SZ|501018.SH|512980.SH|513070.SH|513080.SH|513180.SH|513500.SH|513880.SH|515790.SH|518880.SH,0.5290843240429319,0.9123874319228055,cross_entropy,4
rolling_cross_entropy,2022-01-01/2022-06-30,2022-07-01/2022-12-31,100,159967.SZ|159980.SZ|159985.SZ|164824.SZ|501018.SH|512040.SH|512200.SH|513070.SH|513080.SH|513180.SH|513500.SH|513880.SH|518880.SH,0.6308642911973363,0.9123874319228055,cross_entropy,4
rolling_cross_entropy,2022-07-01/2022-12-31,2023-01-01/2023-06-30,1,159980.SZ|159981.SZ|159985.SZ|164824.SZ|501018.SH|510500.SH|513080.SH|513100.SH|513120.SH|513180.SH|513880.SH|515210.SH|588000.SH,1.1295145390932861,0.8020701325811442,cross_entropy,0
rolling_cross_entropy,2022-07-01/2022-12-31,2023-01-01/2023-06-30,2,159981.SZ|161226.SZ|501018.SH|510050.SH|510210.SH|512200.SH|513030.SH|513120.SH|513180.SH|513290.SH|513500.SH|513880.SH|518880.SH,-0.5428534430064021,0.860991557710978,cross_entropy,0
rolling_cross_entropy,2022-07-01/2022-12-31,2023-01-01/2023-06-30,3,159825.SZ|159949.SZ|159980.SZ|159981.SZ|159985.SZ|161226.SZ|164824.SZ|513030.SH|513100.SH|513120.SH|513180.SH|513880.SH|516150.SH,0.6860113651086327,0.7805308310639488,cross_entropy,0
rolling_cross_entropy,2022-07-01/2022-12-31,2023-01-01/2023-06-30,4,159980.SZ|159981.SZ|159985.SZ|160644.SZ|161226.SZ|510210.SH|513030.SH|513070.SH|513120.SH|513290.SH|513880.SH|515880.SH|588000.SH,0.04521925140789063,0.8072861374485331,cross_entropy,0
rolling_cross_entropy,2022-07-01/2022-12-31,2023-01-01/2023-06-30,5,159920.SZ|159981.SZ|161226.SZ|164824.SZ|501018.SH|510300.SH|510880.SH|512800.SH|513080.SH|513120.SH|513290.SH|513880.SH|518880.SH,-0.13422750082527812,0.8020701325811442,cross_entropy,0
rolling_cross_entropy,2022-07-01/2022-12-31,2023-01-01/2023-06-30,6,159851.SZ|159980.SZ|159981.SZ|160644.SZ|161226.SZ|510050.SH|512880.SH|513030.SH|513070.SH|513120.SH|513290.SH|513500.SH|518880.SH,-0.5304867111367862,0.84582438159002,cross_entropy,0
rolling_cross_entropy,2022-07-01/2022-12-31,2023-01-01/2023-06-30,7,159796.SZ|159920.SZ|159980.SZ|161226.SZ|501018.SH|510180.SH|512400.SH|513080.SH|513120.SH|513290.SH|513500.SH|513880.SH|518880.SH,-0.7448375440761088,0.8316275404607769,cross_entropy,0
rolling_cross_entropy,2022-07-01/2022-12-31,2023-01-01/2023-06-30,8,159980.SZ|159981.SZ|160644.SZ|161226.SZ|164824.SZ|510210.SH|513030.SH|513070.SH|513120.SH|513880.SH|515880.SH|516150.SH|518880.SH,-0.005780835346919077,0.7768884409244624,cross_entropy,0
rolling_cross_entropy,2022-07-01/2022-12-31,2023-01-01/2023-06-30,9,159865.SZ|159870.SZ|159980.SZ|159985.SZ|161226.SZ|164824.SZ|512890.SH|513070.SH|513080.SH|513120.SH|513500.SH|513880.SH|518880.SH,0.5003562076379975,0.8316275404607769,cross_entropy,0
rolling_cross_entropy,2022-07-01/2022-12-31,2023-01-01/2023-06-30,10,159980.SZ|159981.SZ|160644.SZ|501018.SH|512400.SH|513100.SH|513120.SH|513180.SH|513290.SH|513880.SH|515220.SH|515790.SH|518880.SH,0.161144652264113,0.7599788068936458,cross_entropy,0
rolling_cross_entropy,2022-07-01/2022-12-31,2023-01-01/2023-06-30,11,159852.SZ|159920.SZ|159981.SZ|159985.SZ|160644.SZ|164824.SZ|501018.SH|513030.SH|513120.SH|513290.SH|515220.SH|515880.SH|518880.SH,0.6738590903720215,0.7050666337742449,cross_entropy,0
rolling_cross_entropy,2022-07-01/2022-12-31,2023-01-01/2023-06-30,12,159870.SZ|159985.SZ|161226.SZ|164824.SZ|501018.SH|512170.SH|513070.SH|513120.SH|513290.SH|513500.SH|513880.SH|516150.SH|518880.SH,0.5960947235018947,0.8251090976449644,cross_entropy,0
rolling_cross_entropy,2022-07-01/2022-12-31,2023-01-01/2023-06-30,13,159901.SZ|159980.SZ|159985.SZ|160644.SZ|161226.SZ|164824.SZ|512170.SH|512880.SH|513030.SH|513120.SH|513180.SH|513500.SH|518880.SH,0.9004429753382556,0.84582438159002,cross_entropy,0
rolling_cross_entropy,2022-07-01/2022-12-31,2023-01-01/2023-06-30,14,159851.SZ|159980.SZ|161226.SZ|164824.SZ|501018.SH|510500.SH|512890.SH|513070.SH|513080.SH|513120.SH|513290.SH|513500.SH|518880.SH,-0.0022787819869922806,0.8316275404607769,cross_entropy,0
rolling_cross_entropy,2022-07-01/2022-12-31,2023-01-01/2023-06-30,15,159825.SZ|159980.SZ|159985.SZ|164824.SZ|501018.SH|510180.SH|513030.SH|513100.SH|513120.SH|513180.SH|513880.SH|518880.SH|588000.SH,0.5164766389095664,0.7805308310639488,cross_entropy,0
rolling_cross_entropy,2022-07-01/2022-12-31,2023-01-01/2023-06-30,16,159852.SZ|159980.SZ|159981.SZ|159985.SZ|161226.SZ|164824.SZ|512880.SH|513120.SH|513180.SH|513290.SH|513500.SH|513880.SH|515790.SH,0.43990037539764115,0.8251090976449644,cross_entropy,0
rolling_cross_entropy,2022-07-01/2022-12-31,2023-01-01/2023-06-30,17,159825.SZ|159980.SZ|159981.SZ|160644.SZ|161226.SZ|510210.SH|512660.SH|513030.SH|513070.SH|513100.SH|513120.SH|513290.SH|518880.SH,-0.43250516849743426,0.7805308310639488,cross_entropy,0
rolling_cross_entropy,2022-07-01/2022-12-31,2023-01-01/2023-06-30,18,159920.SZ|159980.SZ|159981.SZ|164824.SZ|501018.SH|510050.SH|512100.SH|512200.SH|513080.SH|513120.SH|513290.SH|513880.SH|518880.SH,-0.20815211111663862,0.8020701325811442,cross_entropy,0
rolling_cross_entropy,2022-07-01/2022-12-31,2023-01-01/2023-06-30,19,159915.SZ|159920.SZ|159980.SZ|159985.SZ|160644.SZ|164824.SZ|501018.SH|512400.SH|512980.SH|513120.SH|513290.SH|513500.SH|518880.SH,0.4646528555727055,0.8066339524114409,cross_entropy,0
rolling_cross_entropy,2022-07-01/2022-12-31,2023-01-01/2023-06-30,20,159870.SZ|159920.SZ|159981.SZ|159985.SZ|160644.SZ|161226.SZ|513030.SH|513100.SH|513120.SH|513290.SH|515220.SH|518880.SH|562500.SH,0.6029348797160767,0.7805308310639488,cross_entropy,0
rolling_cross_entropy,2022-07-01/2022-12-31,2023-01-01/2023-06-30,21,159981.SZ|159985.SZ|161226.SZ|164824.SZ|501018.SH|512400.SH|513080.SH|513120.SH|513180.SH|513290.SH|513500.SH|515210.SH|588000.SH,0.7419451348887844,0.8316275404607769,cross_entropy,1
rolling_cross_entropy,2022-07-01/2022-12-31,2023-01-01/2023-06-30,22,159852.SZ|159870.SZ|159920.SZ|159967.SZ|159981.SZ|159985.SZ|161226.SZ|164824.SZ|513030.SH|513100.SH|513120.SH|513880.SH|518880.SH,1.0504822932114368,0.7945082419482864,cross_entropy,1
rolling_cross_entropy,2022-07-01/2022-12-31,2023-01-01/2023-06-30,23,159851.SZ|159980.SZ|159981.SZ|159985.SZ|160644.SZ|164824.SZ|501018.SH|512040.SH|512400.SH|513080.SH|513100.SH|513120.SH|513180.SH,1.1175799753737738,0.7655141320931955,cross_entropy,1
rolling_cross_entropy,2022-07-01/2022-12-31,2023-01-01/2023-06-30,24,159901.SZ|159915.SZ|159920.SZ|159981.SZ|159985.SZ|160644.SZ|161226.SZ|164824.SZ|501018.SH|513030.SH|513100.SH|513120.SH|588000.SH,0.47317936448684106,0.8923872888052733,cross_entropy,1
rolling_cross_entropy,2022-07-01/2022-12-31,2023-01-01/2023-06-30,25,159766.SZ|159915.SZ|159980.SZ|159981.SZ|159985.SZ|160644.SZ|513030.SH|513100.SH|513120.SH|513180.SH|513880.SH|515210.SH|518880.SH,0.6768978579034398,0.7805308310639488,cross_entropy,1
rolling_cross_entropy,2022-07-01/2022-12-31,2023-01-01/2023-06-30,26,159825.SZ|159865.SZ|159920.SZ|159980.SZ|159981.SZ|161226.SZ|164824.SZ|512890.SH|513030.SH|513100.SH|513120.SH|513290.SH|518880.SH,-0.3001516431804331,0.8659217825984744,cross_entropy,1
rolling_cross_entropy,2022-07-01/2022-12-31,2023-01-01/2023-06-30,27,159869.SZ|159920.SZ|159981.SZ|159985.SZ|160644.SZ|161226.SZ|164824.SZ|510500.SH|513030.SH|513120.SH|513290.SH|515210.SH|518880.SH,0.2803787885381454,0.7799912145204781,cross_entropy,1
rolling_cross_entropy,2022-07-01/2022-12-31,2023-01-01/2023-06-30,28,159796.SZ|159865.SZ|159901.SZ|159981.SZ|161226.SZ|164824.SZ|501018.SH|513030.SH|513100.SH|513120.SH|513180.SH|513290.SH|518880.SH,-0.17543789287060813,0.7805308310639488,cross_entropy,1
rolling_cross_entropy,2022-07-01/2022-12-31,2023-01-01/2023-06-30,29,159825.SZ|159870.SZ|159980.SZ|159981.SZ|159985.SZ|160644.SZ|512980.SH|513030.SH|513100.SH|513120.SH|513180.SH|513290.SH|518880.SH,0.3812903929461011,0.7805308310639488,cross_entropy,1
rolling_cross_entropy,2022-07-01/2022-12-31,2023-01-01/2023-06-30,30,159852.SZ|159981.SZ|159985.SZ|160644.SZ|161226.SZ|164824.SZ|501018.SH|512880.SH|513080.SH|513100.SH|513120.SH|513180.SH|588000.SH,0.9038344441382812,0.7655141320931955,cross_entropy,1
rolling_cross_entropy,2022-07-01/2022-12-31,2023-01-01/2023-06-30,31,159611.SZ|159825.SZ|159980.SZ|159985.SZ|160644.SZ|161226.SZ|164824.SZ|501018.SH|512880.SH|513030.SH|513120.SH|513180.SH|513290.SH,0.5727330559506869,0.7051191112834191,cross_entropy,1
rolling_cross_entropy,2022-07-01/2022-12-31,2023-01-01/2023-06-30,32,159852.SZ|159981.SZ|159985.SZ|161226.SZ|164824.SZ|512800.SH|513070.SH|513080.SH|513100.SH|513120.SH|513290.SH|515220.SH|518880.SH,1.2700482779642588,0.7655141320931955,cross_entropy,1
rolling_cross_entropy,2022-07-01/2022-12-31,2023-01-01/2023-06-30,33,159870.SZ|159949.SZ|159981.SZ|159985.SZ|160644.SZ|501018.SH|512800.SH|513030.SH|513070.SH|513100.SH|513120.SH|513880.SH|518880.SH,-0.4342876904674212,0.7805308310639488,cross_entropy,1
rolling_cross_entropy,2022-07-01/2022-12-31,2023-01-01/2023-06-30,34,159870.SZ|159920.SZ|159980.SZ|159981.SZ|160644.SZ|164824.SZ|501018.SH|510500.SH|513030.SH|513100.SH|513120.SH|518880.SH|562500.SH,-0.17592740008142702,0.8173822880547211,cross_entropy,1
rolling_cross_entropy,2022-07-01/2022-12-31,2023-01-01/2023-06-30,35,159766.SZ|159980.SZ|159981.SZ|160644.SZ|161226.SZ|501018.SH|510500.SH|513120.SH|513180.SH|513290.SH|513500.SH|513880.SH|515220.SH,-0.20927049824854818,0.8251090976449644,cross_entropy,1
rolling_cross_entropy,2022-07-01/2022-12-31,2023-01-01/2023-06-30,36,159920.SZ|159980.SZ|159981.SZ|159985.SZ|160644.SZ|512890.SH|512980.SH|513080.SH|513100.SH|513120.SH|513290.SH|515880.SH|518880.SH,0.09424468467250664,0.7655141320931955,cross_entropy,1
rolling_cross_entropy,2022-07-01/2022-12-31,2023-01-01/2023-06-30,37,159865.SZ|159949.SZ|159981.SZ|160644.SZ|161226.SZ|501018.SH|510500.SH|513030.SH|513100.SH|513120.SH|513180.SH|513290.SH|518880.SH,-0.46015855444895903,0.8058498761870828,cross_entropy,1
rolling_cross_entropy,2022-07-01/2022-12-31,2023-01-01/2023-06-30,38,159920.SZ|159981.SZ|159985.SZ|160644.SZ|161226.SZ|501018.SH|512170.SH|512880.SH|512890.SH|513080.SH|513100.SH|513120.SH|513880.SH,0.1672703846768509,0.8020701325811442,cross_entropy,1
rolling_cross_entropy,2022-07-01/2022-12-31,2023-01-01/2023-06-30,39,159901.SZ|159980.SZ|159981.SZ|160644.SZ|161226.SZ|164824.SZ|510500.SH|513100.SH|513120.SH|513180.SH|513880.SH|515220.SH|518880.SH,0.6866856607778038,0.8148125187717203,cross_entropy,1
rolling_cross_entropy,2022-07-01/2022-12-31,2023-01-01/2023-06-30,40,159901.SZ|159980.SZ|160644.SZ|161226.SZ|501018.SH|512100.SH|513030.SH|513100.SH|513120.SH|513180.SH|513290.SH|515220.SH|518880.SH,-0.3086532925818865,0.7805308310639488,cross_entropy,1
rolling_cross_entropy,2022-07-01/2022-12-31,2023-01-01/2023-06-30,41,159852.SZ|159967.SZ|159981.SZ|159985.SZ|160644.SZ|161226.SZ|164824.SZ|512400.SH|513080.SH|513100.SH|513120.SH|513180.SH|518880.SH,1.616764660176427,0.7655141320931955,cross_entropy,2
rolling_cross_entropy,2022-07-01/2022-12-31,2023-01-01/2023-06-30,42,159865.SZ|159985.SZ|161226.SZ|164824.SZ|501018.SH|510210.SH|512890.SH|513030.SH|513120.SH|513180.SH|513290.SH|513880.SH|518880.SH,0.5253528843900626,0.7768884409244624,cross_entropy,2
rolling_cross_entropy,2022-07-01/2022-12-31,2023-01-01/2023-06-30,43,159611.SZ|159981.SZ|159985.SZ|160644.SZ|161226.SZ|164824.SZ|501018.SH|513030.SH|513120.SH|513180.SH|513290.SH|515880.SH|588000.SH,0.3372274032595014,0.8072861374485331,cross_entropy,2
rolling_cross_entropy,2022-07-01/2022-12-31,2023-01-01/2023-06-30,44,159852.SZ|159981.SZ|159985.SZ|161226.SZ|164824.SZ|510500.SH|513080.SH|513100.SH|513120.SH|513180.SH|513290.SH|515220.SH|518880.SH,1.90696607981738,0.7655141320931955,cross_entropy,2
rolling_cross_entropy,2022-07-01/2022-12-31,2023-01-01/2023-06-30,45,159870.SZ|159920.SZ|159949.SZ|159981.SZ|159985.SZ|160644.SZ|161226.SZ|164824.SZ|501018.SH|513080.SH|513100.SH|513120.SH|588000.SH,0.577413925433883,0.7655141320931955,cross_entropy,2
rolling_cross_entropy,2022-07-01/2022-12-31,2023-01-01/2023-06-30,46,159981.SZ|159985.SZ|160644.SZ|161226.SZ|164824.SZ|501018.SH|510300.SH|510500.SH|512660.SH|513080.SH|513120.SH|513180.SH|513290.SH,0.8524270483891173,0.7829472501269261,cross_entropy,2
rolling_cross_entropy,2022-07-01/2022-12-31,2023-01-01/2023-06-30,47,159967.SZ|159980.SZ|159981.SZ|160644.SZ|161226.SZ|512040.SH|513080.SH|513120.SH|513180.SH|513290.SH|513880.SH|515210.SH|518880.SH,-0.23692585857270068,0.8020701325811442,cross_entropy,2
rolling_cross_entropy,2022-07-01/2022-12-31,2023-01-01/2023-06-30,48,159852.SZ|159967.SZ|159980.SZ|159981.SZ|160644.SZ|164824.SZ|501018.SH|513100.SH|513120.SH|513180.SH|513290.SH|515210.SH|518880.SH,0.6042988625064372,0.7599788068936458,cross_entropy,2
rolling_cross_entropy,2022-07-01/2022-12-31,2023-01-01/2023-06-30,49,159870.SZ|159980.SZ|159985.SZ|160644.SZ|161226.SZ|510180.SH|513080.SH|513120.SH|513180.SH|513290.SH|513880.SH|518880.SH|588000.SH,-0.22871171161278273,0.8020701325811442,cross_entropy,2
rolling_cross_entropy,2022-07-01/2022-12-31,2023-01-01/2023-06-30,50,159852.SZ|159981.SZ|159985.SZ|160644.SZ|501018.SH|512880.SH|513080.SH|513100.SH|513120.SH|513180.SH|513290.SH|516150.SH|518880.SH,0.4922310222018452,0.7655141320931955,cross_entropy,2
rolling_cross_entropy,2022-07-01/2022-12-31,2023-01-01/2023-06-30,51,159852.SZ|159920.SZ|159928.SZ|159981.SZ|159985.SZ|160644.SZ|161226.SZ|164824.SZ|512800.SH|513080.SH|513120.SH|513500.SH|518880.SH,1.0134437444305722,0.8316275404607769,cross_entropy,2
rolling_cross_entropy,2022-07-01/2022-12-31,2023-01-01/2023-06-30,52,159851.SZ|159980.SZ|159981.SZ|159985.SZ|160644.SZ|512170.SH|513080.SH|513120.SH|513180.SH|513290.SH|513500.SH|515220.SH|518880.SH,0.5332386747633113,0.8316275404607769,cross_entropy,2
rolling_cross_entropy,2022-07-01/2022-12-31,2023-01-01/2023-06-30,53,159915.SZ|159981.SZ|159985.SZ|160644.SZ|164824.SZ|501018.SH|512400.SH|513100.SH|513120.SH|513180.SH|513880.SH|515210.SH|518880.SH,0.6724963849448593,0.7805576841866928,cross_entropy,2
rolling_cross_entropy,2022-07-01/2022-12-31,2023-01-01/2023-06-30,54,159980.SZ|159981.SZ|159985.SZ|160644.SZ|164824.SZ|512200.SH|512880.SH|513080.SH|513120.SH|513180.SH|513290.SH|518880.SH|588000.SH,0.46016673893964805,0.7051191112834191,cross_entropy,2
rolling_cross_entropy,2022-07-01/2022-12-31,2023-01-01/2023-06-30,55,159870.SZ|159949.SZ|159981.SZ|159985.SZ|160644.SZ|161226.SZ|164824.SZ|501018.SH|512660.SH|513100.SH|513120.SH|513180.SH|513880.SH,0.8781964629895352,0.7637229480437447,cross_entropy,2
rolling_cross_entropy,2022-07-01/2022-12-31,2023-01-01/2023-06-30,56,159865.SZ|159980.SZ|159981.SZ|160644.SZ|161226.SZ|501018.SH|512170.SH|513080.SH|513100.SH|513120.SH|513180.SH|513290.SH|515220.SH,0.36112295446320547,0.7655141320931955,cross_entropy,2
rolling_cross_entropy,2022-07-01/2022-12-31,2023-01-01/2023-06-30,57,159852.SZ|159980.SZ|159985.SZ|161226.SZ|164824.SZ|501018.SH|510050.SH|513030.SH|513100.SH|513120.SH|513180.SH|513290.SH|515220.SH,1.3213261133563927,0.7805308310639488,cross_entropy,2
rolling_cross_entropy,2022-07-01/2022-12-31,2023-01-01/2023-06-30,58,159920.SZ|159985.SZ|160644.SZ|161226.SZ|501018.SH|510050.SH|510880.SH|512200.SH|513030.SH|513100.SH|513120.SH|513880.SH|518880.SH,0.1041815821932413,0.7805308310639488,cross_entropy,2
rolling_cross_entropy,2022-07-01/2022-12-31,2023-01-01/2023-06-30,59,159851.SZ|159852.SZ|159967.SZ|159980.SZ|159981.SZ|160644.SZ|164824.SZ|501018.SH|513080.SH|513100.SH|513120.SH|513180.SH|518880.SH,0.4713114767588554,0.8734352753721032,cross_entropy,2
rolling_cross_entropy,2022-07-01/2022-12-31,2023-01-01/2023-06-30,60,159852.SZ|159869.SZ|159980.SZ|159985.SZ|160644.SZ|161226.SZ|164824.SZ|501018.SH|512800.SH|513080.SH|513100.SH|513120.SH|513180.SH,0.9947202254259018,0.7655141320931955,cross_entropy,2
rolling_cross_entropy,2022-07-01/2022-12-31,2023-01-01/2023-06-30,61,159852.SZ|159920.SZ|159980.SZ|159981.SZ|159985.SZ|161226.SZ|164824.SZ|510050.SH|512800.SH|513100.SH|513120.SH|513290.SH|513880.SH,0.907456506277167,0.8258295686764984,cross_entropy,3
rolling_cross_entropy,2022-07-01/2022-12-31,2023-01-01/2023-06-30,62,159851.SZ|159852.SZ|159980.SZ|159981.SZ|160644.SZ|161226.SZ|164824.SZ|501018.SH|512040.SH|513080.SH|513100.SH|513120.SH|513180.SH,0.797365414399897,0.8734352753721032,cross_entropy,3
rolling_cross_entropy,2022-07-01/2022-12-31,2023-01-01/2023-06-30,63,159870.SZ|159981.SZ|159985.SZ|160644.SZ|161226.SZ|164824.SZ|510050.SH|512800.SH|513070.SH|513120.SH|513290.SH|513500.SH|518880.SH,0.879096300706978,0.8258295686764984,cross_entropy,3
rolling_cross_entropy,2022-07-01/2022-12-31,2023-01-01/2023-06-30,64,159852.SZ|159869.SZ|159980.SZ|159985.SZ|161226.SZ|164824.SZ|510050.SH|513080.SH|513100.SH|513120.SH|513180.SH|513290.SH|518880.SH,0.7893193731121598,0.7655141320931955,cross_entropy,3
rolling_cross_entropy,2022-07-01/2022-12-31,2023-01-01/2023-06-30,65,159852.SZ|159980.SZ|159985.SZ|160644.SZ|161226.SZ|164824.SZ|512400.SH|513080.SH|513120.SH|513180.SH|513290.SH|515220.SH|518880.SH,1.3194467347162298,0.7051191112834191,cross_entropy,3
rolling_cross_entropy,2022-07-01/2022-12-31,2023-01-01/2023-06-30,66,159852.SZ|159928.SZ|159981.SZ|159985.SZ|160644.SZ|161226.SZ|164824.SZ|501018.SH|512800.SH|513030.SH|513120.SH|513180.SH|513290.SH,1.176107266623081,0.7051191112834191,cross_entropy,3
rolling_cross_entropy,2022-07-01/2022-12-31,2023-01-01/2023-06-30,67,159852.SZ|159949.SZ|159980.SZ|159981.SZ|160644.SZ|164824.SZ|501018.SH|510500.SH|513030.SH|513100.SH|513120.SH|513180.SH|518880.SH,0.28800580689890104,0.8058498761870828,cross_entropy,3
rolling_cross_entropy,2022-07-01/2022-12-31,2023-01-01/2023-06-30,68,159865.SZ|159980.SZ|159981.SZ|159985.SZ|160644.SZ|164824.SZ|501018.SH|512100.SH|512880.SH|513080.SH|513100.SH|513120.SH|513180.SH,0.49582888683806825,0.7655141320931955,cross_entropy,3
rolling_cross_entropy,2022-07-01/2022-12-31,2023-01-01/2023-06-30,69,159852.SZ|159901.SZ|159980.SZ|159985.SZ|161226.SZ|164824.SZ|513030.SH|513100.SH|513120.SH|513180.SH|513290.SH|515790.SH|518880.SH,0.7480911289577581,0.7805308310639488,cross_entropy,3
rolling_cross_entropy,2022-07-01/2022-12-31,2023-01-01/2023-06-30,70,159852.SZ|159981.SZ|159985.SZ|160644.SZ|161226.SZ|510210.SH|513080.SH|513100.SH|513120.SH|513180.SH|513290.SH|515220.SH|518880.SH,1.2009838513854951,0.7655141320931955,cross_entropy,3
rolling_cross_entropy,2022-07-01/2022-12-31,2023-01-01/2023-06-30,71,159915.SZ|159981.SZ|159985.SZ|160644.SZ|501018.SH|512660.SH|512800.SH|513070.SH|513080.SH|513100.SH|513120.SH|513880.SH|518880.SH,-0.5413415261089396,0.8020701325811442,cross_entropy,3
rolling_cross_entropy,2022-07-01/2022-12-31,2023-01-01/2023-06-30,72,159852.SZ|159967.SZ|159981.SZ|159985.SZ|161226.SZ|164824.SZ|501018.SH|512100.SH|513080.SH|513120.SH|513180.SH|513290.SH|513500.SH,1.1047803181342128,0.8361779346475399,cross_entropy,3
rolling_cross_entropy,2022-07-01/2022-12-31,2023-01-01/2023-06-30,73,159869.SZ|159920.SZ|159967.SZ|159980.SZ|159981.SZ|159985.SZ|161226.SZ|513080.SH|513100.SH|513120.SH|513290.SH|513880.SH|515790.SH,-0.14671364999003184,0.8020701325811442,cross_entropy,3
rolling_cross_entropy,2022-07-01/2022-12-31,2023-01-01/2023-06-30,74,159870.SZ|159980.SZ|159985.SZ|161226.SZ|164824.SZ|512800.SH|513080.SH|513100.SH|513120.SH|513180.SH|513290.SH|515210.SH|518880.SH,0.9218242024334612,0.7655141320931955,cross_entropy,3
rolling_cross_entropy,2022-07-01/2022-12-31,2023-01-01/2023-06-30,75,159852.SZ|159869.SZ|159980.SZ|159981.SZ|159985.SZ|160644.SZ|161226.SZ|510500.SH|513080.SH|513100.SH|513120.SH|513180.SH|513290.SH,0.8776059188150404,0.7655141320931955,cross_entropy,3
rolling_cross_entropy,2022-07-01/2022-12-31,2023-01-01/2023-06-30,76,159852.SZ|159981.SZ|159985.SZ|160644.SZ|161226.SZ|164824.SZ|512400.SH|513070.SH|513120.SH|513290.SH|513500.SH|518880.SH|588000.SH,0.5479160470014857,0.8066339524114409,cross_entropy,3
rolling_cross_entropy,2022-07-01/2022-12-31,2023-01-01/2023-06-30,77,159980.SZ|159985.SZ|161226.SZ|164824.SZ|513030.SH|513120.SH|513180.SH|513290.SH|513880.SH|515220.SH|515790.SH|516150.SH|518880.SH,1.0235458681938632,0.7768884409244624,cross_entropy,3
rolling_cross_entropy,2022-07-01/2022-12-31,2023-01-01/2023-06-30,78,159980.SZ|159985.SZ|160644.SZ|161226.SZ|510050.SH|513080.SH|513120.SH|513180.SH|513290.SH|513880.SH|515210.SH|515220.SH|518880.SH,0.2661093474554546,0.8020701325811442,cross_entropy,3
rolling_cross_entropy,2022-07-01/2022-12-31,2023-01-01/2023-06-30,79,159980.SZ|159981.SZ|159985.SZ|160644.SZ|161226.SZ|164824.SZ|510050.SH|512800.SH|513070.SH|513080.SH|513100.SH|513120.SH|562500.SH,1.1223501147655173,0.8258295686764984,cross_entropy,3
rolling_cross_entropy,2022-07-01/2022-12-31,2023-01-01/2023-06-30,80,159852.SZ|159981.SZ|161226.SZ|164824.SZ|501018.SH|512800.SH|513080.SH|513120.SH|513180.SH|513290.SH|513500.SH|518880.SH|588000.SH,0.35178230716415154,0.8316275404607769,cross_entropy,3
rolling_cross_entropy,2022-07-01/2022-12-31,2023-01-01/2023-06-30,81,159852.SZ|159980.SZ|159981.SZ|159985.SZ|160644.SZ|161226.SZ|164824.SZ|512400.SH|513120.SH|513180.SH|513290.SH|513500.SH|588000.SH,0.6594814775449728,0.8066339524114409,cross_entropy,4
rolling_cross_entropy,2022-07-01/2022-12-31,2023-01-01/2023-06-30,82,159928.SZ|159981.SZ|159985.SZ|164824.SZ|501018.SH|510210.SH|513080.SH|513100.SH|513120.SH|513180.SH|513290.SH|518880.SH|562500.SH,1.1748387631658082,0.7655141320931955,cross_entropy,4
rolling_cross_entropy,2022-07-01/2022-12-31,2023-01-01/2023-06-30,83,159852.SZ|159928.SZ|159980.SZ|159981.SZ|160644.SZ|161226.SZ|501018.SH|512800.SH|513080.SH|513100.SH|513120.SH|513180.SH|513290.SH,0.32175742660192197,0.7655141320931955,cross_entropy,4
rolling_cross_entropy,2022-07-01/2022-12-31,2023-01-01/2023-06-30,84,159928.SZ|159981.SZ|159985.SZ|160644.SZ|161226.SZ|164824.SZ|512040.SH|512800.SH|513100.SH|513120.SH|513180.SH|513290.SH|518880.SH,1.5961382352412332,0.7599788068936458,cross_entropy,4
rolling_cross_entropy,2022-07-01/2022-12-31,2023-01-01/2023-06-30,85,159852.SZ|159949.SZ|159980.SZ|159981.SZ|159985.SZ|161226.SZ|164824.SZ|512800.SH|513080.SH|513100.SH|513120.SH|513180.SH|513290.SH,1.3793114686278152,0.7655141320931955,cross_entropy,4
rolling_cross_entropy,2022-07-01/2022-12-31,2023-01-01/2023-06-30,86,159852.SZ|159981.SZ|159985.SZ|161226.SZ|164824.SZ|512800.SH|513080.SH|513100.SH|513120.SH|513180.SH|513290.SH|515220.SH|518880.SH,1.4786774622643535,0.7655141320931955,cross_entropy,4
rolling_cross_entropy,2022-07-01/2022-12-31,2023-01-01/2023-06-30,87,159852.SZ|159980.SZ|159981.SZ|159985.SZ|160644.SZ|161226.SZ|164824.SZ|512800.SH|513080.SH|513120.SH|513180.SH|513290.SH|562500.SH,1.3714893857035504,0.7051191112834191,cross_entropy,4
rolling_cross_entropy,2022-07-01/2022-12-31,2023-01-01/2023-06-30,88,159928.SZ|159981.SZ|159985.SZ|160644.SZ|164824.SZ|501018.SH|510500.SH|513100.SH|513120.SH|513180.SH|513290.SH|515220.SH|518880.SH,1.5048316166148532,0.7599788068936458,cross_entropy,4
rolling_cross_entropy,2022-07-01/2022-12-31,2023-01-01/2023-06-30,89,159852.SZ|159928.SZ|159981.SZ|159985.SZ|160644.SZ|161226.SZ|501018.SH|512800.SH|513080.SH|513120.SH|513180.SH|513290.SH|513880.SH,0.851098196928478,0.8020701325811442,cross_entropy,4
rolling_cross_entropy,2022-07-01/2022-12-31,2023-01-01/2023-06-30,90,159852.SZ|159985.SZ|160644.SZ|161226.SZ|164824.SZ|501018.SH|510050.SH|512800.SH|513080.SH|513120.SH|513180.SH|513880.SH|518880.SH,0.4981294306498893,0.8258295686764984,cross_entropy,4
rolling_cross_entropy,2022-07-01/2022-12-31,2023-01-01/2023-06-30,91,159852.SZ|159967.SZ|159981.SZ|159985.SZ|160644.SZ|164824.SZ|501018.SH|512660.SH|513070.SH|513080.SH|513100.SH|513120.SH|518880.SH,0.7392806513865479,0.7655141320931955,cross_entropy,4
rolling_cross_entropy,2022-07-01/2022-12-31,2023-01-01/2023-06-30,92,159852.SZ|159920.SZ|159980.SZ|159981.SZ|159985.SZ|160644.SZ|161226.SZ|164824.SZ|510500.SH|512040.SH|513030.SH|513100.SH|513120.SH,1.016540971176033,0.8157107116079757,cross_entropy,4
rolling_cross_entropy,2022-07-01/2022-12-31,2023-01-01/2023-06-30,93,159852.SZ|159928.SZ|159981.SZ|159985.SZ|161226.SZ|164824.SZ|510500.SH|513080.SH|513100.SH|513120.SH|513180.SH|513290.SH|518880.SH,1.359939330312227,0.7655141320931955,cross_entropy,4
rolling_cross_entropy,2022-07-01/2022-12-31,2023-01-01/2023-06-30,94,159981.SZ|160644.SZ|161226.SZ|164824.SZ|501018.SH|512100.SH|512800.SH|513120.SH|513180.SH|513290.SH|513500.SH|518880.SH|562500.SH,0.07885521751921151,0.8523741182514435,cross_entropy,4
rolling_cross_entropy,2022-07-01/2022-12-31,2023-01-01/2023-06-30,95,159852.SZ|159980.SZ|159985.SZ|160644.SZ|501018.SH|510050.SH|512800.SH|513030.SH|513100.SH|513120.SH|513180.SH|513290.SH|518880.SH,0.3970089592337,0.8258295686764984,cross_entropy,4
rolling_cross_entropy,2022-07-01/2022-12-31,2023-01-01/2023-06-30,96,159852.SZ|159981.SZ|159985.SZ|160644.SZ|161226.SZ|164824.SZ|513080.SH|513120.SH|513180.SH|513290.SH|515220.SH|518880.SH|562500.SH,1.546611669913834,0.7051191112834191,cross_entropy,4
rolling_cross_entropy,2022-07-01/2022-12-31,2023-01-01/2023-06-30,97,159852.SZ|159981.SZ|159985.SZ|161226.SZ|164824.SZ|510210.SH|512400.SH|513080.SH|513100.SH|513120.SH|513180.SH|513290.SH|518880.SH,1.290476457924802,0.7655141320931955,cross_entropy,4
rolling_cross_entropy,2022-07-01/2022-12-31,2023-01-01/2023-06-30,98,159980.SZ|159981.SZ|159985.SZ|160644.SZ|161226.SZ|510210.SH|510500.SH|512800.SH|513030.SH|513100.SH|513120.SH|513180.SH|513290.SH,0.9179483689384375,0.8454082139969015,cross_entropy,4
rolling_cross_entropy,2022-07-01/2022-12-31,2023-01-01/2023-06-30,99,159980.SZ|159981.SZ|160644.SZ|161226.SZ|164824.SZ|510050.SH|512100.SH|513080.SH|513120.SH|513180.SH|513290.SH|515220.SH|518880.SH,0.5960573659660218,0.7051191112834191,cross_entropy,4
rolling_cross_entropy,2022-07-01/2022-12-31,2023-01-01/2023-06-30,100,159852.SZ|159967.SZ|159980.SZ|159981.SZ|159985.SZ|160644.SZ|161226.SZ|164824.SZ|512800.SH|513100.SH|513120.SH|513180.SH|513290.SH,1.4772801408334348,0.7599788068936458,cross_entropy,4
rolling_cross_entropy,2023-01-01/2023-06-30,2023-07-01/2023-12-31,1,159611.SZ|159687.SZ|159949.SZ|159980.SZ|161226.SZ|501018.SH|512980.SH|513030.SH|513080.SH|513120.SH|513180.SH|513290.SH|518880.SH,1.4400112165529073,0.9096396735534105,cross_entropy,0
rolling_cross_entropy,2023-01-01/2023-06-30,2023-07-01/2023-12-31,2,159928.SZ|159980.SZ|159981.SZ|161226.SZ|501018.SH|512660.SH|513070.SH|513120.SH|513290.SH|513310.SH|513500.SH|513880.SH|515220.SH,-0.3682557475299101,0.6186640087669161,cross_entropy,0
rolling_cross_entropy,2023-01-01/2023-06-30,2023-07-01/2023-12-31,3,159920.SZ|159981.SZ|160644.SZ|161226.SZ|501018.SH|510880.SH|512170.SH|513180.SH|513290.SH|513310.SH|513500.SH|515880.SH|518880.SH,3.0245323050322668,0.8931243278220744,cross_entropy,0
rolling_cross_entropy,2023-01-01/2023-06-30,2023-07-01/2023-12-31,4,159687.SZ|159870.SZ|159980.SZ|159981.SZ|161226.SZ|501018.SH|512200.SH|513100.SH|513120.SH|513180.SH|513290.SH|513500.SH|515220.SH,-0.12166041170465183,0.8866258135554016,cross_entropy,0
rolling_cross_entropy,2023-01-01/2023-06-30,2023-07-01/2023-12-31,5,159825.SZ|159920.SZ|159980.SZ|159981.SZ|501018.SH|510880.SH|513030.SH|513070.SH|513080.SH|513100.SH|513500.SH|518880.SH|588200.SH,1.6885344064282652,0.9096396735534105,cross_entropy,0
rolling_cross_entropy,2023-01-01/2023-06-30,2023-07-01/2023-12-31,6,159980.SZ|159981.SZ|160644.SZ|501018.SH|512400.SH|513080.SH|513100.SH|513120.SH|513180.SH|513290.SH|516150.SH|518880.SH|588200.SH,1.7561893069464172,0.8368456038476373,cross_entropy,0
rolling_cross_entropy,2023-01-01/2023-06-30,2023-07-01/2023-12-31,7,159687.SZ|159981.SZ|159985.SZ|160644.SZ|161226.SZ|501018.SH|512100.SH|512890.SH|513070.SH|513080.SH|513120.SH|513500.SH|588000.SH,1.2325276236419858,0.7093421844093003,cross_entropy,0
rolling_cross_entropy,2023-01-01/2023-06-30,2023-07-01/2023-12-31,8,159766.SZ|159980.SZ|159981.SZ|159985.SZ|161226.SZ|164824.SZ|512170.SH|513120.SH|513180.SH|513290.SH|513310.SH|513880.SH|562500.SH,0.01535830051843147,0.6186640087669161,cross_entropy,0
rolling_cross_entropy,2023-01-01/2023-06-30,2023-07-01/2023-12-31,9,159687.SZ|159915.SZ|159920.SZ|159985.SZ|161226.SZ|164824.SZ|501018.SH|510300.SH|512170.SH|513080.SH|513180.SH|513310.SH|518880.SH,1.0080475655335743,0.8931243278220744,cross_entropy,0
rolling_cross_entropy,2023-01-01/2023-06-30,2023-07-01/2023-12-31,10,159870.SZ|159920.SZ|159980.SZ|159981.SZ|159985.SZ|160644.SZ|164824.SZ|512800.SH|513100.SH|513120.SH|513880.SH|515880.SH|518880.SH,3.3196425362054787,0.6186640087669161,cross_entropy,0
rolling_cross_entropy,2023-01-01/2023-06-30,2023-07-01/2023-12-31,11,159687.SZ|159981.SZ|159985.SZ|160644.SZ|161226.SZ|164824.SZ|510050.SH|512170.SH|512400.SH|513070.SH|513100.SH|513120.SH|518880.SH,2.3982692080729806,0.6871488226207012,cross_entropy,0
rolling_cross_entropy,2023-01-01/2023-06-30,2023-07-01/2023-12-31,12,159949.SZ|159980.SZ|159981.SZ|159985.SZ|160644.SZ|512400.SH|513100.SH|513120.SH|513180.SH|513290.SH|513880.SH|518880.SH|562500.SH,1.792503292232008,0.63492152445045,cross_entropy,0
rolling_cross_entropy,2023-01-01/2023-06-30,2023-07-01/2023-12-31,13,159766.SZ|159920.SZ|159981.SZ|160644.SZ|161226.SZ|164824.SZ|501018.SH|510050.SH|512200.SH|513120.SH|513310.SH|513500.SH|518880.SH,0.4935626084582931,0.6871488226207012,cross_entropy,0
rolling_cross_entropy,2023-01-01/2023-06-30,2023-07-01/2023-12-31,14,159852.SZ|159920.SZ|159980.SZ|159981.SZ|159985.SZ|160644.SZ|161226.SZ|164824.SZ|512200.SH|513070.SH|513080.SH|513310.SH|516150.SH,1.2452130393786083,0.9035245733924316,cross_entropy,0
rolling_cross_entropy,2023-01-01/2023-06-30,2023-07-01/2023-12-31,15,159920.SZ|159980.SZ|159985.SZ|501018.SH|512200.SH|512660.SH|513070.SH|513080.SH|513290.SH|513500.SH|513880.SH|516150.SH|518880.SH,1.2261764375943296,0.9035245733924316,cross_entropy,0
rolling_cross_entropy,2023-01-01/2023-06-30,2023-07-01/2023-12-31,16,159687.SZ|159980.SZ|159981.SZ|160644.SZ|501018.SH|512170.SH|512880.SH|513070.SH|513100.SH|513120.SH|513500.SH|515220.SH|518880.SH,1.2064604926814495,0.8866258135554016,cross_entropy,0
rolling_cross_entropy,2023-01-01/2023-06-30,2023-07-01/2023-12-31,17,159766.SZ|159980.SZ|159981.SZ|159985.SZ|160644.SZ|501018.SH|510300.SH|513100.SH|513120.SH|513180.SH|513310.SH|513880.SH|515220.SH,-0.34405921176587195,0.6186640087669161,cross_entropy,0
rolling_cross_entropy,2023-01-01/2023-06-30,2023-07-01/2023-12-31,18,159687.SZ|159915.SZ|159920.SZ|159967.SZ|159980.SZ|159981.SZ|161226.SZ|501018.SH|510300.SH|513100.SH|513180.SH|513500.SH|513880.SH,1.6223998665101664,0.8931243278220744,cross_entropy,0
rolling_cross_entropy,2023-01-01/2023-06-30,2023-07-01/2023-12-31,19,159687.SZ|159766.SZ|159980.SZ|159981.SZ|159985.SZ|160644.SZ|510210.SH|513080.SH|513120.SH|513180.SH|513290.SH|515220.SH|518880.SH,0.03218720936970984,0.6186640087669161,cross_entropy,0
rolling_cross_entropy,2023-01-01/2023-06-30,2023-07-01/2023-12-31,20,159611.SZ|159915.SZ|159920.SZ|159928.SZ|159980.SZ|159985.SZ|160644.SZ|501018.SH|513080.SH|513100.SH|513120.SH|513310.SH|518880.SH,0.8680132598748437,0.560103773549188,cross_entropy,0
rolling_cross_entropy,2023-01-01/2023-06-30,2023-07-01/2023-12-31,21,159687.SZ|159920.SZ|159980.SZ|159981.SZ|159985.SZ|160644.SZ|510180.SH|513080.SH|513120.SH|513310.SH|515880.SH|518880.SH|562500.SH,1.8562704317840761,0.6611851049753702,cross_entropy,1
rolling_cross_entropy,2023-01-01/2023-06-30,2023-07-01/2023-12-31,22,159825.SZ|159981.SZ|159985.SZ|160644.SZ|161226.SZ|512100.SH|513080.SH|513120.SH|513180.SH|513290.SH|513880.SH|518880.SH|562500.SH,1.5286582372704376,0.7917039537369183,cross_entropy,1
rolling_cross_entropy,2023-01-01/2023-06-30,2023-07-01/2023-12-31,23,159981.SZ|159985.SZ|160644.SZ|161226.SZ|164824.SZ|512170.SH|512400.SH|513100.SH|513120.SH|513180.SH|513290.SH|515210.SH|518880.SH,2.121166188580431,0.7168982757143557,cross_entropy,1
rolling_cross_entropy,2023-01-01/2023-06-30,2023-07-01/2023-12-31,24,159687.SZ|159928.SZ|159980.SZ|159981.SZ|159985.SZ|164824.SZ|510880.SH|512400.SH|513070.SH|513120.SH|513500.SH|513880.SH|518880.SH,2.0879053613462037,0.6995802811180952,cross_entropy,1
rolling_cross_entropy,2023-01-01/2023-06-30,2023-07-01/2023-12-31,25,159920.SZ|159981.SZ|160644.SZ|161226.SZ|164824.SZ|501018.SH|512170.SH|513180.SH|513290.SH|513880.SH|518880.SH|588000.SH|588200.SH,1.364176241248506,0.9021275335766116,cross_entropy,1
rolling_cross_entropy,2023-01-01/2023-06-30,2023-07-01/2023-12-31,26,159920.SZ|159967.SZ|159981.SZ|159985.SZ|160644.SZ|161226.SZ|512170.SH|513100.SH|513120.SH|513310.SH|513500.SH|515880.SH|518880.SH,3.0545012807105723,0.8866258135554016,cross_entropy,1
rolling_cross_entropy,2023-01-01/2023-06-30,2023-07-01/2023-12-31,27,159980.SZ|159981.SZ|159985.SZ|160644.SZ|510050.SH|510880.SH|513120.SH|513180.SH|513290.SH|513500.SH|513880.SH|518880.SH|588000.SH,1.6957893299169426,0.6186640087669161,cross_entropy,1
rolling_cross_entropy,2023-01-01/2023-06-30,2023-07-01/2023-12-31,28,159920.SZ|159980.SZ|159985.SZ|160644.SZ|164824.SZ|501018.SH|510880.SH|513100.SH|513120.SH|513310.SH|515880.SH|516150.SH|518880.SH,3.144094086176405,0.5524371446271131,cross_entropy,1
rolling_cross_entropy,2023-01-01/2023-06-30,2023-07-01/2023-12-31,29,159949.SZ|159980.SZ|159981.SZ|159985.SZ|512890.SH|513070.SH|513080.SH|513120.SH|513310.SH|513500.SH|513880.SH|516150.SH|518880.SH,2.22257972547458,0.6717973155865423,cross_entropy,1
rolling_cross_entropy,2023-01-01/2023-06-30,2023-07-01/2023-12-31,30,159949.SZ|159981.SZ|159985.SZ|501018.SH|510300.SH|513070.SH|513100.SH|513120.SH|513290.SH|513310.SH|513500.SH|515790.SH|518880.SH,1.2024394827370763,0.8866258135554016,cross_entropy,1
rolling_cross_entropy,2023-01-01/2023-06-30,2023-07-01/2023-12-31,31,159920.SZ|159980.SZ|159981.SZ|159985.SZ|160644.SZ|161226.SZ|510300.SH|513180.SH|513290.SH|513500.SH|513880.SH|515880.SH|588000.SH,1.6808698603243104,0.8931243278220744,cross_entropy,1
rolling_cross_entropy,2023-01-01/2023-06-30,2023-07-01/2023-12-31,32,159687.SZ|159865.SZ|159870.SZ|159981.SZ|159985.SZ|161226.SZ|164824.SZ|513100.SH|513120.SH|513180.SH|513880.SH|515210.SH|518880.SH,2.624106463582099,0.6995802811180952,cross_entropy,1
rolling_cross_entropy,2023-01-01/2023-06-30,2023-07-01/2023-12-31,33,159915.SZ|159980.SZ|159981.SZ|160644.SZ|161226.SZ|164824.SZ|510500.SH|512170.SH|513100.SH|513120.SH|513180.SH|513290.SH|518880.SH,2.1876678537526257,0.7589499584367316,cross_entropy,1
rolling_cross_entropy,2023-01-01/2023-06-30,2023-07-01/2023-12-31,34,159766.SZ|159980.SZ|159981.SZ|159985.SZ|160644.SZ|161226.SZ|164824.SZ|512170.SH|513100.SH|513120.SH|513180.SH|513880.SH|515220.SH,0.30342796463378713,0.6186640087669161,cross_entropy,1
rolling_cross_entropy,2023-01-01/2023-06-30,2023-07-01/2023-12-31,35,159920.SZ|159980.SZ|159981.SZ|160644.SZ|164824.SZ|501018.SH|512170.SH|512800.SH|513080.SH|513100.SH|513120.SH|515880.SH|518880.SH,3.3401439521916627,0.6186640087669161,cross_entropy,1
rolling_cross_entropy,2023-01-01/2023-06-30,2023-07-01/2023-12-31,36,159796.SZ|159980.SZ|159981.SZ|160644.SZ|501018.SH|510050.SH|512400.SH|513080.SH|513120.SH|513180.SH|513290.SH|513880.SH|518880.SH,0.442842300540229,0.6378703064693921,cross_entropy,1
rolling_cross_entropy,2023-01-01/2023-06-30,2023-07-01/2023-12-31,37,159980.SZ|159981.SZ|160644.SZ|161226.SZ|512100.SH|512170.SH|513070.SH|513080.SH|513100.SH|513120.SH|513310.SH|516150.SH|518880.SH,2.1276359613066846,0.7603304914605593,cross_entropy,1
rolling_cross_entropy,2023-01-01/2023-06-30,2023-07-01/2023-12-31,38,159920.SZ|159980.SZ|160644.SZ|161226.SZ|501018.SH|512400.SH|512880.SH|513120.SH|513290.SH|513310.SH|513880.SH|515880.SH|518880.SH,1.8742074070358543,0.6871488226207012,cross_entropy,1
rolling_cross_entropy,2023-01-01/2023-06-30,2023-07-01/2023-12-31,39,159980.SZ|159981.SZ|159985.SZ|160644.SZ|164824.SZ|512400.SH|513120.SH|513180.SH|513290.SH|513310.SH|515880.SH|518880.SH|588200.SH,2.221555194741107,0.6342435780308764,cross_entropy,1
rolling_cross_entropy,2023-01-01/2023-06-30,2023-07-01/2023-12-31,40,159687.SZ|159928.SZ|159980.SZ|159985.SZ|501018.SH|510050.SH|512800.SH|513080.SH|513100.SH|513120.SH|513180.SH|513290.SH|518880.SH,0.31378996481978727,0.7151847707081209,cross_entropy,1
rolling_cross_entropy,2023-01-01/2023-06-30,2023-07-01/2023-12-31,41,159865.SZ|159980.SZ|159981.SZ|164824.SZ|501018.SH|513120.SH|513180.SH|513310.SH|513500.SH|513880.SH|515880.SH|516150.SH|518880.SH,2.6755577047242682,0.6186640087669161,cross_entropy,2
rolling_cross_entropy,2023-01-01/2023-06-30,2023-07-01/2023-12-31,42,159852.SZ|159920.SZ|159985.SZ|160644.SZ|161226.SZ|164824.SZ|501018.SH|513120.SH|513290.SH|513310.SH|515210.SH|515880.SH|518880.SH,2.3249506852553403,0.7106873422882997,cross_entropy,2
rolling_cross_entropy,2023-01-01/2023-06-30,2023-07-01/2023-12-31,43,159687.SZ|159920.SZ|159980.SZ|159985.SZ|161226.SZ|164824.SZ|512400.SH|513080.SH|513120.SH|513310.SH|515210.SH|515220.SH|518880.SH,1.0215438907850714,0.7168982757143557,cross_entropy,2
rolling_cross_entropy,2023-01-01/2023-06-30,2023-07-01/2023-12-31,44,159920.SZ|159980.SZ|159981.SZ|160644.SZ|161226.SZ|512170.SH|512400.SH|513080.SH|513100.SH|513120.SH|513880.SH|516150.SH|518880.SH,1.966181623163867,0.8368456038476373,cross_entropy,2
rolling_cross_entropy,2023-01-01/2023-06-30,2023-07-01/2023-12-31,45,159687.SZ|159870.SZ|159981.SZ|159985.SZ|164824.SZ|501018.SH|510210.SH|512890.SH|513070.SH|513120.SH|513500.SH|513880.SH|518880.SH,2.4180729073691034,0.6995802811180952,cross_entropy,2
rolling_cross_entropy,2023-01-01/2023-06-30,2023-07-01/2023-12-31,46,159687.SZ|159852.SZ|159920.SZ|159980.SZ|159985.SZ|160644.SZ|501018.SH|513100.SH|513120.SH|513880.SH|515210.SH|515880.SH|518880.SH,2.9375082663513155,0.7106873422882997,cross_entropy,2
rolling_cross_entropy,2023-01-01/2023-06-30,2023-07-01/2023-12-31,47,159865.SZ|159920.SZ|159980.SZ|159985.SZ|160644.SZ|164824.SZ|501018.SH|512170.SH|513100.SH|513120.SH|513310.SH|515880.SH|518880.SH,2.7912133666638135,0.5524371446271131,cross_entropy,2
rolling_cross_entropy,2023-01-01/2023-06-30,2023-07-01/2023-12-31,48,159920.SZ|159949.SZ|159981.SZ|159985.SZ|160644.SZ|161226.SZ|164824.SZ|510210.SH|512800.SH|513080.SH|513100.SH|513120.SH|518880.SH,1.8198854198586423,0.6871488226207012,cross_entropy,2
rolling_cross_entropy,2023-01-01/2023-06-30,2023-07-01/2023-12-31,49,159949.SZ|159980.SZ|159985.SZ|160644.SZ|161226.SZ|512170.SH|513070.SH|513100.SH|513120.SH|513310.SH|513880.SH|515880.SH|518880.SH,3.2466479486021433,0.7318460477659133,cross_entropy,2
rolling_cross_entropy,2023-01-01/2023-06-30,2023-07-01/2023-12-31,50,159687.SZ|159920.SZ|159980.SZ|159985.SZ|161226.SZ|164824.SZ|512880.SH|512980.SH|513080.SH|513100.SH|513120.SH|515880.SH|518880.SH,3.6240702829000084,0.6871488226207012,cross_entropy,2
rolling_cross_entropy,2023-01-01/2023-06-30,2023-07-01/2023-12-31,51,159865.SZ|159920.SZ|159981.SZ|159985.SZ|160644.SZ|501018.SH|510880.SH|513030.SH|513180.SH|513500.SH|513880.SH|518880.SH|588200.SH,1.7739151849922263,0.8931243278220744,cross_entropy,2
rolling_cross_entropy,2023-01-01/2023-06-30,2023-07-01/2023-12-31,52,159687.SZ|159949.SZ|159980.SZ|159981.SZ|160644.SZ|501018.SH|510500.SH|512890.SH|513100.SH|513120.SH|513180.SH|513880.SH|518880.SH,2.705304678288069,0.6995802811180952,cross_entropy,2
rolling_cross_entropy,2023-01-01/2023-06-30,2023-07-01/2023-12-31,53,159920.SZ|159980.SZ|159985.SZ|161226.SZ|510880.SH|513080.SH|513100.SH|513180.SH|513500.SH|513880.SH|516150.SH|518880.SH|588200.SH,2.4643902097649457,0.8931243278220744,cross_entropy,2
rolling_cross_entropy,2023-01-01/2023-06-30,2023-07-01/2023-12-31,54,159687.SZ|159967.SZ|159980.SZ|159985.SZ|501018.SH|513070.SH|513080.SH|513120.SH|513290.SH|513880.SH|515210.SH|515880.SH|518880.SH,2.719892809578716,0.6995802811180952,cross_entropy,2
rolling_cross_entropy,2023-01-01/2023-06-30,2023-07-01/2023-12-31,55,159687.SZ|159865.SZ|159920.SZ|159967.SZ|159980.SZ|159981.SZ|160644.SZ|161226.SZ|512040.SH|513100.SH|513120.SH|513500.SH|518880.SH,2.7532741137970103,0.8866258135554016,cross_entropy,2
rolling_cross_entropy,2023-01-01/2023-06-30,2023-07-01/2023-12-31,56,159611.SZ|159687.SZ|159920.SZ|159981.SZ|159985.SZ|160644.SZ|501018.SH|512170.SH|513100.SH|513120.SH|513310.SH|516150.SH|518880.SH,1.8986832610152067,0.6089212065229541,cross_entropy,2
rolling_cross_entropy,2023-01-01/2023-06-30,2023-07-01/2023-12-31,57,159865.SZ|159920.SZ|159980.SZ|159981.SZ|159985.SZ|160644.SZ|164824.SZ|513100.SH|513120.SH|513500.SH|516150.SH|518880.SH|562500.SH,2.29265444535205,0.8866258135554016,cross_entropy,2
rolling_cross_entropy,2023-01-01/2023-06-30,2023-07-01/2023-12-31,58,159687.SZ|159865.SZ|159920.SZ|159980.SZ|159981.SZ|159985.SZ|160644.SZ|164824.SZ|512040.SH|512890.SH|513120.SH|513880.SH|518880.SH,2.1378345128360237,0.7999910464245573,cross_entropy,2
rolling_cross_entropy,2023-01-01/2023-06-30,2023-07-01/2023-12-31,59,159687.SZ|159920.SZ|159981.SZ|159985.SZ|160644.SZ|501018.SH|512980.SH|513100.SH|513120.SH|513500.SH|515880.SH|516150.SH|518880.SH,2.603235728838727,0.8866258135554016,cross_entropy,2
rolling_cross_entropy,2023-01-01/2023-06-30,2023-07-01/2023-12-31,60,159870.SZ|159920.SZ|159980.SZ|159981.SZ|161226.SZ|164824.SZ|512170.SH|513080.SH|513100.SH|513120.SH|513880.SH|518880.SH|562500.SH,2.00848878691967,0.6871488226207012,cross_entropy,2
rolling_cross_entropy,2023-01-01/2023-06-30,2023-07-01/2023-12-31,61,159687.SZ|159796.SZ|159852.SZ|159865.SZ|159920.SZ|159980.SZ|159985.SZ|160644.SZ|164824.SZ|501018.SH|513080.SH|513120.SH|518880.SH,1.4355797492168334,0.5684054935444816,cross_entropy,3
rolling_cross_entropy,2023-01-01/2023-06-30,2023-07-01/2023-12-31,62,159687.SZ|159920.SZ|159967.SZ|159981.SZ|159985.SZ|501018.SH|510500.SH|513100.SH|513120.SH|513310.SH|513880.SH|515210.SH|518880.SH,2.0762962650099905,0.7083256492913894,cross_entropy,3
rolling_cross_entropy,2023-01-01/2023-06-30,2023-07-01/2023-12-31,63,159687.SZ|159920.SZ|159967.SZ|159981.SZ|159985.SZ|160644.SZ|501018.SH|512980.SH|513120.SH|513310.SH|513500.SH|515880.SH|518880.SH,2.2316107384643704,0.629514964881252,cross_entropy,3
rolling_cross_entropy,2023-01-01/2023-06-30,2023-07-01/2023-12-31,64,159687.SZ|159949.SZ|159980.SZ|159985.SZ|501018.SH|512800.SH|513070.SH|513100.SH|513120.SH|513310.SH|513880.SH|515880.SH|518880.SH,2.577976493531128,0.6995802811180952,cross_entropy,3
rolling_cross_entropy,2023-01-01/2023-06-30,2023-07-01/2023-12-31,65,159920.SZ|159980.SZ|159981.SZ|160644.SZ|161226.SZ|164824.SZ|501018.SH|510500.SH|512040.SH|512170.SH|513100.SH|513120.SH|513310.SH,1.261937218631547,0.6929585794773003,cross_entropy,3
rolling_cross_entropy,2023-01-01/2023-06-30,2023-07-01/2023-12-31,66,159687.SZ|159920.SZ|159949.SZ|159967.SZ|159981.SZ|161226.SZ|501018.SH|510500.SH|513070.SH|513100.SH|513310.SH|513880.SH|518880.SH,2.0804271813025492,0.9035245733924316,cross_entropy,3
rolling_cross_entropy,2023-01-01/2023-06-30,2023-07-01/2023-12-31,67,159920.SZ|159980.SZ|161226.SZ|164824.SZ|501018.SH|512170.SH|512980.SH|513100.SH|513120.SH|513310.SH|513880.SH|515880.SH|518880.SH,2.548364433555206,0.6871488226207012,cross_entropy,3
rolling_cross_entropy,2023-01-01/2023-06-30,2023-07-01/2023-12-31,68,159687.SZ|159920.SZ|159980.SZ|159985.SZ|160644.SZ|161226.SZ|501018.SH|512170.SH|513080.SH|513120.SH|513880.SH|515210.SH|515880.SH,2.3115809123182105,0.6995802811180952,cross_entropy,3
rolling_cross_entropy,2023-01-01/2023-06-30,2023-07-01/2023-12-31,69,159611.SZ|159967.SZ|159980.SZ|159981.SZ|159985.SZ|160644.SZ|161226.SZ|512170.SH|513070.SH|513080.SH|513120.SH|513310.SH|513880.SH,1.1493098332213862,0.6734814838310097,cross_entropy,3
rolling_cross_entropy,2023-01-01/2023-06-30,2023-07-01/2023-12-31,70,159865.SZ|159920.SZ|159980.SZ|159985.SZ|161226.SZ|164824.SZ|501018.SH|512880.SH|513080.SH|513100.SH|513120.SH|513880.SH|515880.SH,2.632976605434624,0.5628846436607052,cross_entropy,3
rolling_cross_entropy,2023-01-01/2023-06-30,2023-07-01/2023-12-31,71,159687.SZ|159920.SZ|159980.SZ|159985.SZ|160644.SZ|161226.SZ|510210.SH|513080.SH|513100.SH|513120.SH|515210.SH|515880.SH|518880.SH,3.089162552379673,0.7201575672083617,cross_entropy,3
rolling_cross_entropy,2023-01-01/2023-06-30,2023-07-01/2023-12-31,72,159687.SZ|159865.SZ|159870.SZ|159920.SZ|159985.SZ|160644.SZ|161226.SZ|501018.SH|512890.SH|513120.SH|513310.SH|513500.SH|518880.SH,1.594941782588667,0.6871488226207012,cross_entropy,3
rolling_cross_entropy,2023-01-01/2023-06-30,2023-07-01/2023-12-31,73,159920.SZ|159967.SZ|159980.SZ|159985.SZ|160644.SZ|161226.SZ|512170.SH|512400.SH|513100.SH|513120.SH|513500.SH|513880.SH|518880.SH,2.3263159041961434,0.8866258135554016,cross_entropy,3
rolling_cross_entropy,2023-01-01/2023-06-30,2023-07-01/2023-12-31,74,159865.SZ|159920.SZ|159980.SZ|159985.SZ|160644.SZ|164824.SZ|501018.SH|510880.SH|513100.SH|513120.SH|513500.SH|515880.SH|518880.SH,3.190748496108612,0.8866258135554016,cross_entropy,3
rolling_cross_entropy,2023-01-01/2023-06-30,2023-07-01/2023-12-31,75,159949.SZ|159980.SZ|159981.SZ|159985.SZ|160644.SZ|164824.SZ|512170.SH|513100.SH|513120.SH|513180.SH|513310.SH|515210.SH|518880.SH,1.9277150679646475,0.7318460477659133,cross_entropy,3
rolling_cross_entropy,2023-01-01/2023-06-30,2023-07-01/2023-12-31,76,159687.SZ|159865.SZ|159980.SZ|159985.SZ|161226.SZ|512170.SH|513070.SH|513080.SH|513100.SH|513120.SH|513310.SH|515880.SH|518880.SH,3.8159835780437725,0.6871488226207012,cross_entropy,3
rolling_cross_entropy,2023-01-01/2023-06-30,2023-07-01/2023-12-31,77,159949.SZ|159980.SZ|159985.SZ|160644.SZ|161226.SZ|164824.SZ|501018.SH|512660.SH|513120.SH|513180.SH|513310.SH|513500.SH|515790.SH,0.24503307238389804,0.708158298043241,cross_entropy,3
rolling_cross_entropy,2023-01-01/2023-06-30,2023-07-01/2023-12-31,78,159920.SZ|159928.SZ|159949.SZ|159980.SZ|161226.SZ|164824.SZ|501018.SH|513100.SH|513120.SH|513500.SH|513880.SH|515880.SH|518880.SH,2.9047838842184963,0.8866258135554016,cross_entropy,3
rolling_cross_entropy,2023-01-01/2023-06-30,2023-07-01/2023-12-31,79,159687.SZ|159852.SZ|159865.SZ|159920.SZ|159980.SZ|159981.SZ|159985.SZ|161226.SZ|164824.SZ|513080.SH|513120.SH|513310.SH|588200.SH,1.7086987578628097,0.6186640087669161,cross_entropy,3
rolling_cross_entropy,2023-01-01/2023-06-30,2023-07-01/2023-12-31,80,159687.SZ|159865.SZ|159870.SZ|159901.SZ|159920.SZ|159980.SZ|160644.SZ|161226.SZ|501018.SH|513100.SH|513120.SH|513880.SH|518880.SH,2.394008783612595,0.7233828930492051,cross_entropy,3
rolling_cross_entropy,2023-01-01/2023-06-30,2023-07-01/2023-12-31,81,159928.SZ|159985.SZ|160644.SZ|161226.SZ|501018.SH|513070.SH|513080.SH|513100.SH|513120.SH|513310.SH|515880.SH|516150.SH|518880.SH,2.67501688879337,0.6871488226207012,cross_entropy,4
rolling_cross_entropy,2023-01-01/2023-06-30,2023-07-01/2023-12-31,82,159920.SZ|159980.SZ|159985.SZ|160644.SZ|161226.SZ|164824.SZ|501018.SH|510880.SH|513100.SH|513120.SH|513880.SH|515880.SH|562500.SH,2.479208562675856,0.6611851049753702,cross_entropy,4
rolling_cross_entropy,2023-01-01/2023-06-30,2023-07-01/2023-12-31,83,159851.SZ|159920.SZ|159928.SZ|159967.SZ|159981.SZ|159985.SZ|160644.SZ|161226.SZ|513070.SH|513080.SH|513500.SH|513880.SH|518880.SH,1.6270253062622155,0.9035245733924316,cross_entropy,4
rolling_cross_entropy,2023-01-01/2023-06-30,2023-07-01/2023-12-31,84,159687.SZ|159825.SZ|159920.SZ|159980.SZ|159985.SZ|161226.SZ|510880.SH|513100.SH|513120.SH|513500.SH|513880.SH|515880.SH|518880.SH,3.434106230619619,0.8866258135554016,cross_entropy,4
rolling_cross_entropy,2023-01-01/2023-06-30,2023-07-01/2023-12-31,85,159687.SZ|159920.SZ|159949.SZ|159980.SZ|160644.SZ|161226.SZ|501018.SH|512400.SH|513100.SH|513120.SH|513880.SH|515880.SH|518880.SH,2.6102366746941414,0.6995802811180952,cross_entropy,4
rolling_cross_entropy,2023-01-01/2023-06-30,2023-07-01/2023-12-31,86,159920.SZ|159980.SZ|159985.SZ|161226.SZ|501018.SH|512040.SH|512170.SH|513070.SH|513080.SH|513100.SH|513310.SH|513880.SH|515880.SH,1.9235047322425598,0.9035245733924316,cross_entropy,4
rolling_cross_entropy,2023-01-01/2023-06-30,2023-07-01/2023-12-31,87,159687.SZ|159796.SZ|159920.SZ|159949.SZ|159980.SZ|159985.SZ|161226.SZ|164824.SZ|513080.SH|513100.SH|513120.SH|515880.SH|518880.SH,3.7148058358826543,0.8274142909398361,cross_entropy,4
rolling_cross_entropy,2023-01-01/2023-06-30,2023-07-01/2023-12-31,88,159687.SZ|159920.SZ|159980.SZ|159985.SZ|161226.SZ|164824.SZ|501018.SH|510050.SH|510880.SH|512170.SH|513100.SH|513120.SH|513310.SH,1.031363625152068,0.6089212065229541,cross_entropy,4
rolling_cross_entropy,2023-01-01/2023-06-30,2023-07-01/2023-12-31,89,159766.SZ|159901.SZ|159980.SZ|159985.SZ|160644.SZ|501018.SH|513070.SH|513080.SH|513100.SH|513120.SH|513880.SH|515880.SH|518880.SH,3.4642986619942184,0.5628846436607052,cross_entropy,4
rolling_cross_entropy,2023-01-01/2023-06-30,2023-07-01/2023-12-31,90,159865.SZ|159920.SZ|159967.SZ|159980.SZ|159985.SZ|160644.SZ|161226.SZ|164824.SZ|501018.SH|513070.SH|513100.SH|513500.SH|516150.SH,1.0101663496770805,0.9035245733924316,cross_entropy,4
rolling_cross_entropy,2023-01-01/2023-06-30,2023-07-01/2023-12-31,91,159865.SZ|159920.SZ|159967.SZ|159980.SZ|159985.SZ|160644.SZ|501018.SH|513080.SH|513100.SH|513120.SH|513500.SH|515880.SH|518880.SH,2.8858332114899743,0.8866258135554016,cross_entropy,4
rolling_cross_entropy,2023-01-01/2023-06-30,2023-07-01/2023-12-31,92,159687.SZ|159980.SZ|159985.SZ|161226.SZ|512980.SH|513070.SH|513080.SH|513100.SH|513120.SH|513500.SH|515880.SH|518880.SH|562500.SH,3.304443389567743,0.8866258135554016,cross_entropy,4
rolling_cross_entropy,2023-01-01/2023-06-30,2023-07-01/2023-12-31,93,159980.SZ|161226.SZ|164824.SZ|501018.SH|512880.SH|512980.SH|513080.SH|513120.SH|513180.SH|513290.SH|513310.SH|515880.SH|518880.SH,1.7298942128548365,0.6871488226207012,cross_entropy,4
rolling_cross_entropy,2023-01-01/2023-06-30,2023-07-01/2023-12-31,94,159920.SZ|159949.SZ|159980.SZ|159981.SZ|160644.SZ|161226.SZ|164824.SZ|513080.SH|513100.SH|513180.SH|515210.SH|515880.SH|518880.SH,3.597353059853037,0.8931243278220744,cross_entropy,4
rolling_cross_entropy,2023-01-01/2023-06-30,2023-07-01/2023-12-31,95,159687.SZ|159980.SZ|161226.SZ|501018.SH|512980.SH|513070.SH|513100.SH|513120.SH|513500.SH|513880.SH|515790.SH|515880.SH|518880.SH,3.039147079656615,0.8866258135554016,cross_entropy,4
rolling_cross_entropy,2023-01-01/2023-06-30,2023-07-01/2023-12-31,96,159687.SZ|159920.SZ|159949.SZ|159980.SZ|160644.SZ|161226.SZ|164824.SZ|501018.SH|512980.SH|513080.SH|513120.SH|515880.SH|518880.SH,2.2227121044436546,0.6871488226207012,cross_entropy,4
rolling_cross_entropy,2023-01-01/2023-06-30,2023-07-01/2023-12-31,97,159865.SZ|159920.SZ|159980.SZ|161226.SZ|164824.SZ|501018.SH|510210.SH|510880.SH|513100.SH|513120.SH|513310.SH|513500.SH|518880.SH,1.4691214300671627,0.8866258135554016,cross_entropy,4
rolling_cross_entropy,2023-01-01/2023-06-30,2023-07-01/2023-12-31,98,159687.SZ|159865.SZ|159920.SZ|159980.SZ|159985.SZ|161226.SZ|164824.SZ|501018.SH|513100.SH|513120.SH|513500.SH|515210.SH|515880.SH,2.6758726278648446,0.8866258135554016,cross_entropy,4
rolling_cross_entropy,2023-01-01/2023-06-30,2023-07-01/2023-12-31,99,159851.SZ|159901.SZ|159920.SZ|159980.SZ|159985.SZ|161226.SZ|164824.SZ|501018.SH|513080.SH|513100.SH|513120.SH|513310.SH|515880.SH,1.9446208353278256,0.7043062162601477,cross_entropy,4
rolling_cross_entropy,2023-01-01/2023-06-30,2023-07-01/2023-12-31,100,159865.SZ|159920.SZ|159980.SZ|159985.SZ|160644.SZ|161226.SZ|164824.SZ|510500.SH|512880.SH|513080.SH|513120.SH|513500.SH|518880.SH,2.093922970472694,0.6970564135229407,cross_entropy,4
rolling_cross_entropy,2023-07-01/2023-12-31,2024-01-01/2024-06-30,1,159687.SZ|159981.SZ|161226.SZ|164824.SZ|501018.SH|512200.SH|512890.SH|513030.SH|513070.SH|513100.SH|513120.SH|518880.SH|563300.SH,-0.3153402484052643,0.7579092133299615,cross_entropy,0
rolling_cross_entropy,2023-07-01/2023-12-31,2024-01-01/2024-06-30,2,159509.SZ|159687.SZ|159825.SZ|159980.SZ|161226.SZ|501018.SH|512100.SH|513080.SH|513120.SH|513180.SH|513290.SH|516150.SH|518880.SH,-1.0889829710950754,0.79897525868069,cross_entropy,0
rolling_cross_entropy,2023-07-01/2023-12-31,2024-01-01/2024-06-30,3,159865.SZ|159915.SZ|159981.SZ|159985.SZ|160644.SZ|161226.SZ|501018.SH|513070.SH|513120.SH|513290.SH|513310.SH|513500.SH|588000.SH,-0.07929028756916684,0.8491752636158579,cross_entropy,0
rolling_cross_entropy,2023-07-01/2023-12-31,2024-01-01/2024-06-30,4,159509.SZ|159687.SZ|159949.SZ|159980.SZ|159985.SZ|501018.SH|512200.SH|513030.SH|513120.SH|513180.SH|513880.SH|518880.SH|563300.SH,0.3492059951664787,0.8806115882628334,cross_entropy,0
rolling_cross_entropy,2023-07-01/2023-12-31,2024-01-01/2024-06-30,5,159509.SZ|159920.SZ|159980.SZ|159981.SZ|161226.SZ|501018.SH|510500.SH|510880.SH|512400.SH|513080.SH|513120.SH|513310.SH|513500.SH,0.05343145072535457,0.7799027480940437,cross_entropy,0
rolling_cross_entropy,2023-07-01/2023-12-31,2024-01-01/2024-06-30,6,159949.SZ|159981.SZ|159985.SZ|160644.SZ|161226.SZ|501018.SH|510210.SH|512040.SH|513070.SH|513080.SH|513120.SH|513290.SH|513880.SH,-0.34932522387299103,0.8117251603840803,cross_entropy,0
rolling_cross_entropy,2023-07-01/2023-12-31,2024-01-01/2024-06-30,7,159509.SZ|159766.SZ|159981.SZ|159985.SZ|161226.SZ|164824.SZ|501018.SH|510300.SH|512400.SH|513030.SH|513070.SH|513120.SH|513500.SH,-0.5026757642435751,0.7799027480940437,cross_entropy,0
rolling_cross_entropy,2023-07-01/2023-12-31,2024-01-01/2024-06-30,8,159687.SZ|159870.SZ|159980.SZ|159981.SZ|161226.SZ|512170.SH|513080.SH|513100.SH|513120.SH|513180.SH|513500.SH|518880.SH|588220.SH,-0.8881153044683895,0.8909152686603402,cross_entropy,0
rolling_cross_entropy,2023-07-01/2023-12-31,2024-01-01/2024-06-30,9,159825.SZ|159981.SZ|159985.SZ|161226.SZ|164824.SZ|501018.SH|512400.SH|513030.SH|513120.SH|513180.SH|513290.SH|513880.SH|588220.SH,0.5532597099034885,0.7824059319979025,cross_entropy,0
rolling_cross_entropy,2023-07-01/2023-12-31,2024-01-01/2024-06-30,10,159796.SZ|159920.SZ|159981.SZ|160644.SZ|161226.SZ|164824.SZ|501018.SH|510050.SH|512040.SH|513100.SH|513120.SH|513500.SH|518880.SH,-1.449114454262896,0.8909152686603402,cross_entropy,0
rolling_cross_entropy,2023-07-01/2023-12-31,2024-01-01/2024-06-30,11,159980.SZ|159981.SZ|159985.SZ|510880.SH|512040.SH|512980.SH|513080.SH|513100.SH|513120.SH|513180.SH|513290.SH|513880.SH|518880.SH,-0.3863353851557181,0.7739538917479323,cross_entropy,0
rolling_cross_entropy,2023-07-01/2023-12-31,2024-01-01/2024-06-30,12,159687.SZ|159796.SZ|159852.SZ|159870.SZ|159980.SZ|159981.SZ|159985.SZ|161226.SZ|513030.SH|513120.SH|513180.SH|513290.SH|513310.SH,-1.328886319027161,0.8305587798376518,cross_entropy,0
rolling_cross_entropy,2023-07-01/2023-12-31,2024-01-01/2024-06-30,13,159687.SZ|159766.SZ|159852.SZ|159901.SZ|159980.SZ|159981.SZ|159985.SZ|161226.SZ|513030.SH|513120.SH|513180.SH|513310.SH|513880.SH,-1.1506359665342163,0.8806115882628334,cross_entropy,0
rolling_cross_entropy,2023-07-01/2023-12-31,2024-01-01/2024-06-30,14,159509.SZ|159901.SZ|159980.SZ|159981.SZ|159985.SZ|161226.SZ|512040.SH|512800.SH|513030.SH|513120.SH|513180.SH|513290.SH|513500.SH,-0.4632572028125071,0.7799027480940437,cross_entropy,0
rolling_cross_entropy,2023-07-01/2023-12-31,2024-01-01/2024-06-30,15,159796.SZ|159949.SZ|159980.SZ|159985.SZ|161226.SZ|510500.SH|513070.SH|513100.SH|513120.SH|513310.SH|513500.SH|513880.SH|518880.SH,-1.9595293871923594,0.8909152686603402,cross_entropy,0
rolling_cross_entropy,2023-07-01/2023-12-31,2024-01-01/2024-06-30,16,159981.SZ|159985.SZ|161226.SZ|501018.SH|510210.SH|513030.SH|513070.SH|513100.SH|513120.SH|513500.SH|513880.SH|515210.SH|588220.SH,-0.578845101334709,0.8909152686603402,cross_entropy,0
rolling_cross_entropy,2023-07-01/2023-12-31,2024-01-01/2024-06-30,17,159915.SZ|159980.SZ|159981.SZ|501018.SH|512400.SH|513100.SH|513120.SH|513180.SH|513290.SH|513310.SH|513880.SH|518880.SH|588000.SH,-0.010070631937448797,0.8491752636158579,cross_entropy,0
rolling_cross_entropy,2023-07-01/2023-12-31,2024-01-01/2024-06-30,18,159980.SZ|159985.SZ|164824.SZ|501018.SH|512980.SH|513080.SH|513120.SH|513180.SH|513290.SH|513310.SH|518880.SH|563300.SH|588000.SH,0.46374509211937665,0.7277527523367208,cross_entropy,0
rolling_cross_entropy,2023-07-01/2023-12-31,2024-01-01/2024-06-30,19,159687.SZ|159949.SZ|159981.SZ|159985.SZ|164824.SZ|501018.SH|512200.SH|513030.SH|513120.SH|513180.SH|513310.SH|515790.SH|518880.SH,0.7325638129022634,0.8113514093982799,cross_entropy,0
rolling_cross_entropy,2023-07-01/2023-12-31,2024-01-01/2024-06-30,20,159509.SZ|159869.SZ|159980.SZ|159981.SZ|159985.SZ|160644.SZ|164824.SZ|510500.SH|512660.SH|513030.SH|513120.SH|513180.SH|518880.SH,-0.8644117406097679,0.6962642521293337,cross_entropy,0
rolling_cross_entropy,2023-07-01/2023-12-31,2024-01-01/2024-06-30,21,159509.SZ|159796.SZ|159980.SZ|159981.SZ|160644.SZ|501018.SH|513120.SH|513180.SH|513290.SH|513880.SH|515220.SH|518880.SH|562500.SH,-0.8159414328389105,0.6194903820924189,cross_entropy,1
rolling_cross_entropy,2023-07-01/2023-12-31,2024-01-01/2024-06-30,22,159825.SZ|159980.SZ|159981.SZ|164824.SZ|501018.SH|512200.SH|512880.SH|513080.SH|513120.SH|513180.SH|513290.SH|513310.SH|518880.SH,0.37773051545594655,0.6149005769491303,cross_entropy,1
rolling_cross_entropy,2023-07-01/2023-12-31,2024-01-01/2024-06-30,23,159509.SZ|159687.SZ|159920.SZ|159967.SZ|159980.SZ|159981.SZ|161226.SZ|501018.SH|512400.SH|513120.SH|513290.SH|513880.SH|588000.SH,-0.20722784749499007,0.8806115882628334,cross_entropy,1
rolling_cross_entropy,2023-07-01/2023-12-31,2024-01-01/2024-06-30,24,159611.SZ|159687.SZ|159920.SZ|159949.SZ|159980.SZ|159985.SZ|161226.SZ|164824.SZ|501018.SH|513100.SH|513120.SH|513310.SH|588220.SH,-0.6251801187552258,0.8468876875879605,cross_entropy,1
rolling_cross_entropy,2023-07-01/2023-12-31,2024-01-01/2024-06-30,25,159509.SZ|159869.SZ|159920.SZ|159967.SZ|159981.SZ|161226.SZ|164824.SZ|501018.SH|512400.SH|513080.SH|513120.SH|513500.SH|518880.SH,-1.2399190350469738,0.7799027480940437,cross_entropy,1
rolling_cross_entropy,2023-07-01/2023-12-31,2024-01-01/2024-06-30,26,159509.SZ|159851.SZ|159869.SZ|159980.SZ|159981.SZ|161226.SZ|501018.SH|512400.SH|513030.SH|513120.SH|513180.SH|513290.SH|513880.SH,-0.2400829253363095,0.7824059319979025,cross_entropy,1
rolling_cross_entropy,2023-07-01/2023-12-31,2024-01-01/2024-06-30,27,159509.SZ|159865.SZ|159980.SZ|161226.SZ|164824.SZ|501018.SH|512200.SH|513120.SH|513180.SH|513290.SH|513500.SH|515790.SH|518880.SH,-0.8217489044398889,0.7799027480940437,cross_entropy,1
rolling_cross_entropy,2023-07-01/2023-12-31,2024-01-01/2024-06-30,28,159980.SZ|159981.SZ|159985.SZ|161226.SZ|164824.SZ|510880.SH|512170.SH|513030.SH|513120.SH|513180.SH|513290.SH|513880.SH|563300.SH,-0.16670838837986227,0.7824059319979025,cross_entropy,1
rolling_cross_entropy,2023-07-01/2023-12-31,2024-01-01/2024-06-30,29,159920.SZ|159980.SZ|159981.SZ|161226.SZ|164824.SZ|501018.SH|513030.SH|513100.SH|513120.SH|513290.SH|515880.SH|516150.SH|588200.SH,-0.08173947723535878,0.7182503628120884,cross_entropy,1
rolling_cross_entropy,2023-07-01/2023-12-31,2024-01-01/2024-06-30,30,159687.SZ|159980.SZ|159985.SZ|161226.SZ|501018.SH|510300.SH|513030.SH|513120.SH|513180.SH|513290.SH|513310.SH|515220.SH|588220.SH,0.38537736492665564,0.7579092133299615,cross_entropy,1
rolling_cross_entropy,2023-07-01/2023-12-31,2024-01-01/2024-06-30,31,159825.SZ|159949.SZ|159981.SZ|159985.SZ|161226.SZ|501018.SH|510500.SH|513120.SH|513180.SH|513290.SH|513310.SH|513500.SH|513880.SH,-0.150764524352622,0.8588380932800795,cross_entropy,1
rolling_cross_entropy,2023-07-01/2023-12-31,2024-01-01/2024-06-30,32,159687.SZ|159980.SZ|159981.SZ|159985.SZ|164824.SZ|501018.SH|510180.SH|512200.SH|513030.SH|513120.SH|513180.SH|513290.SH|563300.SH,1.4694907530145096,0.7579092133299615,cross_entropy,1
rolling_cross_entropy,2023-07-01/2023-12-31,2024-01-01/2024-06-30,33,159687.SZ|159980.SZ|159981.SZ|501018.SH|510880.SH|512400.SH|513080.SH|513120.SH|513180.SH|513290.SH|513310.SH|515790.SH|518880.SH,-0.8571820053303508,0.7366857191376772,cross_entropy,1
rolling_cross_entropy,2023-07-01/2023-12-31,2024-01-01/2024-06-30,34,159611.SZ|159687.SZ|159981.SZ|159985.SZ|161226.SZ|501018.SH|513080.SH|513120.SH|513180.SH|513310.SH|513880.SH|515880.SH|588000.SH,-0.6005653864042975,0.8806115882628334,cross_entropy,1
rolling_cross_entropy,2023-07-01/2023-12-31,2024-01-01/2024-06-30,35,159865.SZ|159981.SZ|159985.SZ|164824.SZ|501018.SH|510880.SH|513080.SH|513120.SH|513180.SH|513310.SH|513880.SH|518880.SH|588000.SH,0.8627890980267456,0.7739538917479323,cross_entropy,1
rolling_cross_entropy,2023-07-01/2023-12-31,2024-01-01/2024-06-30,36,159509.SZ|159687.SZ|159825.SZ|159870.SZ|159981.SZ|159985.SZ|164824.SZ|501018.SH|510180.SH|513120.SH|513180.SH|513290.SH|518880.SH,0.253908540400917,0.7589276129510554,cross_entropy,1
rolling_cross_entropy,2023-07-01/2023-12-31,2024-01-01/2024-06-30,37,159825.SZ|159980.SZ|160644.SZ|161226.SZ|164824.SZ|501018.SH|510500.SH|513120.SH|513180.SH|513310.SH|513500.SH|518880.SH|563300.SH,-1.2087583568000173,0.8640350519958893,cross_entropy,1
rolling_cross_entropy,2023-07-01/2023-12-31,2024-01-01/2024-06-30,38,159796.SZ|159920.SZ|159949.SZ|159980.SZ|159985.SZ|161226.SZ|164824.SZ|501018.SH|512170.SH|513080.SH|513120.SH|513290.SH|513500.SH,-0.005239228315230857,0.8774432243540883,cross_entropy,1
rolling_cross_entropy,2023-07-01/2023-12-31,2024-01-01/2024-06-30,39,159509.SZ|159796.SZ|159981.SZ|159985.SZ|164824.SZ|501018.SH|512880.SH|513030.SH|513120.SH|513180.SH|513880.SH|518880.SH|588200.SH,0.5562558630551567,0.7824059319979025,cross_entropy,1
rolling_cross_entropy,2023-07-01/2023-12-31,2024-01-01/2024-06-30,40,159687.SZ|159920.SZ|159980.SZ|159981.SZ|161226.SZ|164824.SZ|501018.SH|513120.SH|513310.SH|513500.SH|563300.SH|588200.SH|588220.SH,0.2607190339013501,0.8156224838300064,cross_entropy,1
rolling_cross_entropy,2023-07-01/2023-12-31,2024-01-01/2024-06-30,41,159509.SZ|159687.SZ|159796.SZ|159825.SZ|159980.SZ|159985.SZ|161226.SZ|164824.SZ|512200.SH|513030.SH|513120.SH|513180.SH|518880.SH,-1.37052447308,0.7579092133299615,cross_entropy,2
rolling_cross_entropy,2023-07-01/2023-12-31,2024-01-01/2024-06-30,42,159687.SZ|159980.SZ|159981.SZ|160644.SZ|501018.SH|510300.SH|512200.SH|512880.SH|513030.SH|513120.SH|513180.SH|513290.SH|518880.SH,0.06899930600736372,0.7579092133299615,cross_entropy,2
rolling_cross_entropy,2023-07-01/2023-12-31,2024-01-01/2024-06-30,43,159509.SZ|159967.SZ|159981.SZ|159985.SZ|164824.SZ|501018.SH|510180.SH|512200.SH|513030.SH|513120.SH|513180.SH|513310.SH|518880.SH,0.41352071856717054,0.6763776352186521,cross_entropy,2
rolling_cross_entropy,2023-07-01/2023-12-31,2024-01-01/2024-06-30,44,159687.SZ|159901.SZ|159981.SZ|159985.SZ|164824.SZ|501018.SH|510050.SH|512400.SH|513080.SH|513100.SH|513120.SH|513180.SH|518880.SH,0.24646692148046512,0.8707033578564386,cross_entropy,2
rolling_cross_entropy,2023-07-01/2023-12-31,2024-01-01/2024-06-30,45,159687.SZ|159796.SZ|159949.SZ|159981.SZ|159985.SZ|161226.SZ|164824.SZ|501018.SH|513120.SH|513180.SH|513290.SH|513880.SH|515220.SH,-0.09878352735345926,0.8806115882628334,cross_entropy,2
rolling_cross_entropy,2023-07-01/2023-12-31,2024-01-01/2024-06-30,46,159687.SZ|159980.SZ|159981.SZ|161226.SZ|501018.SH|510180.SH|512200.SH|513030.SH|513120.SH|513180.SH|513290.SH|513310.SH|588000.SH,0.40006561539665053,0.7579092133299615,cross_entropy,2
rolling_cross_entropy,2023-07-01/2023-12-31,2024-01-01/2024-06-30,47,159687.SZ|159980.SZ|159981.SZ|159985.SZ|164824.SZ|501018.SH|512880.SH|513030.SH|513120.SH|513180.SH|513310.SH|515210.SH|515790.SH,0.947663607303312,0.7579092133299615,cross_entropy,2
rolling_cross_entropy,2023-07-01/2023-12-31,2024-01-01/2024-06-30,48,159687.SZ|159980.SZ|159981.SZ|159985.SZ|501018.SH|513030.SH|513120.SH|513180.SH|513290.SH|513310.SH|515220.SH|515790.SH|588220.SH,0.8002030977741907,0.7579092133299615,cross_entropy,2
rolling_cross_entropy,2023-07-01/2023-12-31,2024-01-01/2024-06-30,49,159687.SZ|159980.SZ|159981.SZ|159985.SZ|164824.SZ|512200.SH|513030.SH|513120.SH|513180.SH|513310.SH|515220.SH|518880.SH|588000.SH,0.2570284967670189,0.7579092133299615,cross_entropy,2
rolling_cross_entropy,2023-07-01/2023-12-31,2024-01-01/2024-06-30,50,159687.SZ|159865.SZ|159980.SZ|159981.SZ|501018.SH|512200.SH|513030.SH|513120.SH|513180.SH|513310.SH|513880.SH|518880.SH|588200.SH,0.13823898918057392,0.8806115882628334,cross_entropy,2
rolling_cross_entropy,2023-07-01/2023-12-31,2024-01-01/2024-06-30,51,159687.SZ|159980.SZ|159985.SZ|161226.SZ|501018.SH|512200.SH|512400.SH|513030.SH|513120.SH|513180.SH|513290.SH|513310.SH|515790.SH,0.26071111517274076,0.7579092133299615,cross_entropy,2
rolling_cross_entropy,2023-07-01/2023-12-31,2024-01-01/2024-06-30,52,159980.SZ|159981.SZ|164824.SZ|501018.SH|510300.SH|512400.SH|513080.SH|513120.SH|513180.SH|513290.SH|513310.SH|515880.SH|518880.SH,-0.06898416173441821,0.7425425768370436,cross_entropy,2
rolling_cross_entropy,2023-07-01/2023-12-31,2024-01-01/2024-06-30,53,159687.SZ|159920.SZ|159949.SZ|159981.SZ|159985.SZ|501018.SH|510880.SH|512400.SH|513080.SH|513120.SH|513290.SH|513310.SH|518880.SH,0.31503627855759353,0.7366857191376772,cross_entropy,2
rolling_cross_entropy,2023-07-01/2023-12-31,2024-01-01/2024-06-30,54,159687.SZ|159766.SZ|159920.SZ|159980.SZ|159981.SZ|159985.SZ|164824.SZ|501018.SH|512200.SH|512880.SH|513080.SH|513120.SH|513310.SH,1.4017182451199353,0.7366857191376772,cross_entropy,2
rolling_cross_entropy,2023-07-01/2023-12-31,2024-01-01/2024-06-30,55,159687.SZ|159901.SZ|159967.SZ|159980.SZ|159981.SZ|161226.SZ|512880.SH|513080.SH|513120.SH|513180.SH|513290.SH|513880.SH|518880.SH,-0.6767119882655279,0.8806115882628334,cross_entropy,2
rolling_cross_entropy,2023-07-01/2023-12-31,2024-01-01/2024-06-30,56,159865.SZ|159980.SZ|159985.SZ|164824.SZ|501018.SH|510880.SH|512880.SH|513030.SH|513120.SH|513180.SH|513290.SH|513880.SH|518880.SH,0.8349566052812557,0.7824059319979025,cross_entropy,2
rolling_cross_entropy,2023-07-01/2023-12-31,2024-01-01/2024-06-30,57,159687.SZ|159928.SZ|159980.SZ|159981.SZ|159985.SZ|160644.SZ|164824.SZ|501018.SH|510180.SH|513120.SH|513180.SH|513290.SH|515220.SH,1.0339333163029156,0.8261840669203735,cross_entropy,2
rolling_cross_entropy,2023-07-01/2023-12-31,2024-01-01/2024-06-30,58,159509.SZ|159687.SZ|159981.SZ|159985.SZ|501018.SH|513030.SH|513120.SH|513180.SH|513880.SH|515880.SH|516150.SH|518880.SH|563300.SH,-0.3375873574774226,0.8806115882628334,cross_entropy,2
rolling_cross_entropy,2023-07-01/2023-12-31,2024-01-01/2024-06-30,59,159509.SZ|159851.SZ|159865.SZ|159981.SZ|159985.SZ|161226.SZ|164824.SZ|501018.SH|512200.SH|513080.SH|513120.SH|513180.SH|513290.SH,-0.001041166918793201,0.6149005769491303,cross_entropy,2
rolling_cross_entropy,2023-07-01/2023-12-31,2024-01-01/2024-06-30,60,159687.SZ|159796.SZ|159980.SZ|159981.SZ|164824.SZ|501018.SH|510050.SH|510500.SH|513120.SH|513180.SH|513290.SH|513880.SH|518880.SH,-0.1900520751234621,0.8806115882628334,cross_entropy,2
rolling_cross_entropy,2023-07-01/2023-12-31,2024-01-01/2024-06-30,61,159687.SZ|159766.SZ|159825.SZ|159980.SZ|159981.SZ|159985.SZ|512980.SH|513030.SH|513120.SH|513180.SH|513290.SH|513310.SH|518880.SH,-0.868634545661075,0.7579092133299615,cross_entropy,3
rolling_cross_entropy,2023-07-01/2023-12-31,2024-01-01/2024-06-30,62,159920.SZ|159980.SZ|159981.SZ|159985.SZ|512200.SH|512880.SH|513030.SH|513120.SH|513290.SH|513310.SH|513880.SH|515210.SH|518880.SH,-0.29069870910258566,0.7824059319979025,cross_entropy,3
rolling_cross_entropy,2023-07-01/2023-12-31,2024-01-01/2024-06-30,63,159687.SZ|159766.SZ|159981.SZ|159985.SZ|164824.SZ|501018.SH|513030.SH|513120.SH|513180.SH|513310.SH|515210.SH|515220.SH|518880.SH,0.8915988762626985,0.7579092133299615,cross_entropy,3
rolling_cross_entropy,2023-07-01/2023-12-31,2024-01-01/2024-06-30,64,159687.SZ|159920.SZ|159928.SZ|159980.SZ|159981.SZ|159985.SZ|161226.SZ|510500.SH|512880.SH|513080.SH|513120.SH|513290.SH|513310.SH,-0.6162378244968729,0.7366857191376772,cross_entropy,3
rolling_cross_entropy,2023-07-01/2023-12-31,2024-01-01/2024-06-30,65,159687.SZ|159980.SZ|159981.SZ|164824.SZ|501018.SH|512400.SH|513030.SH|513120.SH|513180.SH|513290.SH|515790.SH|518880.SH|588220.SH,0.0629232761122107,0.7579092133299615,cross_entropy,3
rolling_cross_entropy,2023-07-01/2023-12-31,2024-01-01/2024-06-30,66,159981.SZ|159985.SZ|161226.SZ|164824.SZ|501018.SH|510180.SH|512400.SH|513080.SH|513120.SH|513180.SH|513290.SH|513310.SH|563300.SH,0.7137014120627868,0.715295606432004,cross_entropy,3
rolling_cross_entropy,2023-07-01/2023-12-31,2024-01-01/2024-06-30,67,159687.SZ|159980.SZ|159981.SZ|159985.SZ|160644.SZ|164824.SZ|501018.SH|512800.SH|513120.SH|513180.SH|513290.SH|515220.SH|588220.SH,1.4208427760283897,0.6149005769491303,cross_entropy,3
rolling_cross_entropy,2023-07-01/2023-12-31,2024-01-01/2024-06-30,68,159980.SZ|159981.SZ|164824.SZ|501018.SH|512200.SH|512880.SH|512980.SH|513100.SH|513120.SH|513180.SH|513290.SH|513880.SH|518880.SH,-0.2753199991725238,0.679900570954732,cross_entropy,3
rolling_cross_entropy,2023-07-01/2023-12-31,2024-01-01/2024-06-30,69,159687.SZ|159980.SZ|159981.SZ|159985.SZ|160644.SZ|501018.SH|512200.SH|513030.SH|513120.SH|513180.SH|513880.SH|515790.SH|588220.SH,0.8473045342836065,0.8806115882628334,cross_entropy,3
rolling_cross_entropy,2023-07-01/2023-12-31,2024-01-01/2024-06-30,70,159687.SZ|159825.SZ|159980.SZ|159981.SZ|159985.SZ|501018.SH|512880.SH|513080.SH|513120.SH|513180.SH|513290.SH|513500.SH|588220.SH,0.9907692579584343,0.7408368521193833,cross_entropy,3
rolling_cross_entropy,2023-07-01/2023-12-31,2024-01-01/2024-06-30,71,159509.SZ|159766.SZ|159796.SZ|159928.SZ|159980.SZ|159981.SZ|159985.SZ|164824.SZ|501018.SH|513120.SH|513180.SH|513290.SH|513310.SH,1.314152685953329,0.6873801296385532,cross_entropy,3
rolling_cross_entropy,2023-07-01/2023-12-31,2024-01-01/2024-06-30,72,159766.SZ|159980.SZ|159981.SZ|159985.SZ|164824.SZ|512200.SH|512880.SH|513100.SH|513120.SH|513180.SH|513290.SH|513310.SH|518880.SH,0.24120447671271,0.6149005769491303,cross_entropy,3
rolling_cross_entropy,2023-07-01/2023-12-31,2024-01-01/2024-06-30,73,159687.SZ|159967.SZ|159980.SZ|159981.SZ|159985.SZ|164824.SZ|501018.SH|512880.SH|513080.SH|513120.SH|513180.SH|513290.SH|515790.SH,0.9759147336282035,0.7366857191376772,cross_entropy,3
rolling_cross_entropy,2023-07-01/2023-12-31,2024-01-01/2024-06-30,74,159796.SZ|159851.SZ|159985.SZ|161226.SZ|164824.SZ|501018.SH|513030.SH|513070.SH|513120.SH|513310.SH|513880.SH|515220.SH|518880.SH,-1.0264755704645596,0.7824059319979025,cross_entropy,3
rolling_cross_entropy,2023-07-01/2023-12-31,2024-01-01/2024-06-30,75,159980.SZ|159981.SZ|159985.SZ|160644.SZ|164824.SZ|501018.SH|512200.SH|512880.SH|513120.SH|513180.SH|513290.SH|513310.SH|563300.SH,1.2821204771044248,0.6194020430223393,cross_entropy,3
rolling_cross_entropy,2023-07-01/2023-12-31,2024-01-01/2024-06-30,76,159980.SZ|159985.SZ|160644.SZ|161226.SZ|164824.SZ|501018.SH|510300.SH|512200.SH|513120.SH|513180.SH|513310.SH|513880.SH|515790.SH,0.2872443336435425,0.6904661610307203,cross_entropy,3
rolling_cross_entropy,2023-07-01/2023-12-31,2024-01-01/2024-06-30,77,159687.SZ|159766.SZ|159920.SZ|159980.SZ|160644.SZ|161226.SZ|164824.SZ|501018.SH|512880.SH|513120.SH|513310.SH|515790.SH|518880.SH,-0.5906043756471795,0.6527891396861959,cross_entropy,3
rolling_cross_entropy,2023-07-01/2023-12-31,2024-01-01/2024-06-30,78,159980.SZ|159981.SZ|160644.SZ|164824.SZ|501018.SH|512880.SH|513120.SH|513180.SH|513290.SH|513310.SH|515220.SH|518880.SH|588220.SH,0.5800050536400119,0.6158609187009159,cross_entropy,3
rolling_cross_entropy,2023-07-01/2023-12-31,2024-01-01/2024-06-30,79,159796.SZ|159980.SZ|159981.SZ|164824.SZ|501018.SH|512880.SH|513030.SH|513120.SH|513180.SH|513290.SH|513310.SH|518880.SH|563300.SH,0.30406070337145114,0.6220143556427231,cross_entropy,3
rolling_cross_entropy,2023-07-01/2023-12-31,2024-01-01/2024-06-30,80,159865.SZ|159928.SZ|159980.SZ|159981.SZ|159985.SZ|160644.SZ|501018.SH|510180.SH|513030.SH|513120.SH|513180.SH|513290.SH|513310.SH,0.7246930673194798,0.8261840669203735,cross_entropy,3
rolling_cross_entropy,2023-07-01/2023-12-31,2024-01-01/2024-06-30,81,159509.SZ|159796.SZ|159915.SZ|159980.SZ|159981.SZ|159985.SZ|164824.SZ|501018.SH|512200.SH|513080.SH|513120.SH|513180.SH|513290.SH,1.1347434407556096,0.8753773637302723,cross_entropy,4
rolling_cross_entropy,2023-07-01/2023-12-31,2024-01-01/2024-06-30,82,159687.SZ|159766.SZ|159901.SZ|159980.SZ|159981.SZ|159985.SZ|164824.SZ|501018.SH|512880.SH|513080.SH|513120.SH|513180.SH|513290.SH,1.5563207092376827,0.7366857191376772,cross_entropy,4
rolling_cross_entropy,2023-07-01/2023-12-31,2024-01-01/2024-06-30,83,159980.SZ|159981.SZ|159985.SZ|164824.SZ|501018.SH|510180.SH|513080.SH|513120.SH|513180.SH|513290.SH|513310.SH|515220.SH|515790.SH,0.9985415972833044,0.63522299922602,cross_entropy,4
rolling_cross_entropy,2023-07-01/2023-12-31,2024-01-01/2024-06-30,84,159687.SZ|159852.SZ|159870.SZ|159980.SZ|159981.SZ|159985.SZ|160644.SZ|501018.SH|513080.SH|513120.SH|513180.SH|513290.SH|563300.SH,0.513151696621962,0.7366857191376772,cross_entropy,4
rolling_cross_entropy,2023-07-01/2023-12-31,2024-01-01/2024-06-30,85,159687.SZ|159980.SZ|159981.SZ|159985.SZ|501018.SH|512400.SH|512880.SH|513120.SH|513180.SH|513290.SH|513310.SH|513500.SH|588220.SH,1.1019688165555248,0.6915336172514468,cross_entropy,4
rolling_cross_entropy,2023-07-01/2023-12-31,2024-01-01/2024-06-30,86,159687.SZ|159766.SZ|159980.SZ|159981.SZ|159985.SZ|164824.SZ|501018.SH|512800.SH|513120.SH|513180.SH|513290.SH|513310.SH|515220.SH,1.1201481029433917,0.6527891396861959,cross_entropy,4
rolling_cross_entropy,2023-07-01/2023-12-31,2024-01-01/2024-06-30,87,159796.SZ|159980.SZ|159981.SZ|159985.SZ|164824.SZ|501018.SH|512880.SH|513080.SH|513120.SH|513180.SH|513290.SH|513310.SH|588220.SH,1.6926634114619734,0.7339101734687782,cross_entropy,4
rolling_cross_entropy,2023-07-01/2023-12-31,2024-01-01/2024-06-30,88,159509.SZ|159928.SZ|159980.SZ|159981.SZ|159985.SZ|160644.SZ|501018.SH|512880.SH|513120.SH|513180.SH|513290.SH|513310.SH|588220.SH,0.34991192308366964,0.6158609187009159,cross_entropy,4
rolling_cross_entropy,2023-07-01/2023-12-31,2024-01-01/2024-06-30,89,159915.SZ|159980.SZ|159981.SZ|161226.SZ|164824.SZ|501018.SH|512880.SH|513120.SH|513180.SH|513290.SH|513310.SH|513500.SH|515220.SH,0.31415439341188683,0.6149005769491303,cross_entropy,4
rolling_cross_entropy,2023-07-01/2023-12-31,2024-01-01/2024-06-30,90,159687.SZ|159980.SZ|159981.SZ|159985.SZ|164824.SZ|501018.SH|512200.SH|512880.SH|513120.SH|513180.SH|513290.SH|513500.SH|588220.SH,1.4364052491318813,0.6915336172514468,cross_entropy,4
rolling_cross_entropy,2023-07-01/2023-12-31,2024-01-01/2024-06-30,91,159687.SZ|159766.SZ|159980.SZ|159981.SZ|159985.SZ|160644.SZ|164824.SZ|501018.SH|513120.SH|513180.SH|513500.SH|515790.SH|588220.SH,1.2905962904188621,0.6915336172514468,cross_entropy,4
rolling_cross_entropy,2023-07-01/2023-12-31,2024-01-01/2024-06-30,92,159509.SZ|159687.SZ|159928.SZ|159980.SZ|159981.SZ|159985.SZ|160644.SZ|501018.SH|512880.SH|513080.SH|513120.SH|513180.SH|562500.SH,0.15704368694549245,0.7366857191376772,cross_entropy,4
rolling_cross_entropy,2023-07-01/2023-12-31,2024-01-01/2024-06-30,93,159509.SZ|159766.SZ|159980.SZ|159981.SZ|159985.SZ|501018.SH|512880.SH|513120.SH|513180.SH|513290.SH|513310.SH|513500.SH|515220.SH,1.3949785102231047,0.7799027480940437,cross_entropy,4
rolling_cross_entropy,2023-07-01/2023-12-31,2024-01-01/2024-06-30,94,159980.SZ|159985.SZ|164824.SZ|501018.SH|510500.SH|512200.SH|513120.SH|513180.SH|513290.SH|513500.SH|513880.SH|515220.SH|518880.SH,0.4370904246785487,0.7052814031706758,cross_entropy,4
rolling_cross_entropy,2023-07-01/2023-12-31,2024-01-01/2024-06-30,95,159687.SZ|159766.SZ|159980.SZ|159981.SZ|159985.SZ|160644.SZ|501018.SH|513030.SH|513120.SH|513180.SH|513310.SH|588200.SH|588220.SH,0.42884809922918127,0.8156224838300064,cross_entropy,4
rolling_cross_entropy,2023-07-01/2023-12-31,2024-01-01/2024-06-30,96,159509.SZ|159687.SZ|159852.SZ|159980.SZ|159981.SZ|159985.SZ|164824.SZ|501018.SH|513120.SH|513180.SH|513310.SH|515790.SH|588220.SH,0.4059194550601797,0.6829124438787434,cross_entropy,4
rolling_cross_entropy,2023-07-01/2023-12-31,2024-01-01/2024-06-30,97,159687.SZ|159980.SZ|159981.SZ|159985.SZ|164824.SZ|501018.SH|510880.SH|512880.SH|513080.SH|513120.SH|513180.SH|513290.SH|515790.SH,0.7323211558855812,0.7366857191376772,cross_entropy,4
rolling_cross_entropy,2023-07-01/2023-12-31,2024-01-01/2024-06-30,98,159509.SZ|159766.SZ|159980.SZ|159981.SZ|159985.SZ|164824.SZ|501018.SH|513080.SH|513120.SH|513180.SH|513290.SH|515790.SH|588220.SH,1.2149361166525106,0.6716653382674143,cross_entropy,4
rolling_cross_entropy,2023-07-01/2023-12-31,2024-01-01/2024-06-30,99,159766.SZ|159981.SZ|159985.SZ|161226.SZ|164824.SZ|501018.SH|510050.SH|513030.SH|513120.SH|513180.SH|513290.SH|513310.SH|588220.SH,0.7378290275889836,0.62734636672936,cross_entropy,4
rolling_cross_entropy,2023-07-01/2023-12-31,2024-01-01/2024-06-30,100,159687.SZ|159967.SZ|159980.SZ|159981.SZ|159985.SZ|164824.SZ|501018.SH|512800.SH|512880.SH|513120.SH|513180.SH|513310.SH|513500.SH,0.7689916802066553,0.6915336172514468,cross_entropy,4
rolling_cross_entropy,2024-01-01/2024-06-30,2024-07-01/2024-12-31,1,159611.SZ|159920.SZ|159928.SZ|159980.SZ|159981.SZ|159985.SZ|161226.SZ|164824.SZ|513030.SH|513310.SH|513500.SH|513750.SH|515880.SH,0.2698666752309386,0.8926225266665948,cross_entropy,0
rolling_cross_entropy,2024-01-01/2024-06-30,2024-07-01/2024-12-31,2,159509.SZ|159796.SZ|159869.SZ|159981.SZ|161226.SZ|164824.SZ|501018.SH|510300.SH|513070.SH|513080.SH|513750.SH|513880.SH|518880.SH,1.7897855608774322,0.809756851832685,cross_entropy,0
rolling_cross_entropy,2024-01-01/2024-06-30,2024-07-01/2024-12-31,3,159509.SZ|159529.SZ|159611.SZ|159967.SZ|159981.SZ|161226.SZ|501018.SH|513120.SH|513180.SH|513400.SH|513500.SH|515790.SH|518880.SH,1.433192168419616,0.809756851832685,cross_entropy,0
rolling_cross_entropy,2024-01-01/2024-06-30,2024-07-01/2024-12-31,4,159687.SZ|159796.SZ|159920.SZ|159980.SZ|159981.SZ|161226.SZ|501018.SH|510050.SH|512660.SH|513080.SH|513180.SH|513400.SH|513730.SH,-0.9133545398508486,0.9194110626548546,cross_entropy,0
rolling_cross_entropy,2024-01-01/2024-06-30,2024-07-01/2024-12-31,5,159509.SZ|159529.SZ|159796.SZ|159920.SZ|159980.SZ|159981.SZ|159985.SZ|161226.SZ|164824.SZ|510050.SH|512880.SH|513030.SH|513180.SH,0.9584317978616961,0.9194110626548546,cross_entropy,0
rolling_cross_entropy,2024-01-01/2024-06-30,2024-07-01/2024-12-31,6,159529.SZ|159611.SZ|159920.SZ|159985.SZ|161226.SZ|501018.SH|513100.SH|513120.SH|513290.SH|513400.SH|515210.SH|518880.SH|562500.SH,1.5464990115717552,0.809756851832685,cross_entropy,0
rolling_cross_entropy,2024-01-01/2024-06-30,2024-07-01/2024-12-31,7,159518.SZ|159611.SZ|159687.SZ|159766.SZ|159980.SZ|159985.SZ|161226.SZ|164824.SZ|501018.SH|513120.SH|513180.SH|513730.SH|588000.SH,0.637461120934258,0.763303340072328,cross_entropy,0
rolling_cross_entropy,2024-01-01/2024-06-30,2024-07-01/2024-12-31,8,159852.SZ|159949.SZ|159980.SZ|159981.SZ|160644.SZ|161226.SZ|501018.SH|513070.SH|513100.SH|513290.SH|513750.SH|513880.SH|563300.SH,1.6078648425615107,0.773669294524618,cross_entropy,0
rolling_cross_entropy,2024-01-01/2024-06-30,2024-07-01/2024-12-31,9,159509.SZ|159825.SZ|159967.SZ|159980.SZ|159981.SZ|159985.SZ|160644.SZ|161226.SZ|512980.SH|513080.SH|513180.SH|513310.SH|513750.SH,0.26968947358962075,0.7985055969042496,cross_entropy,0
rolling_cross_entropy,2024-01-01/2024-06-30,2024-07-01/2024-12-31,10,159509.SZ|159518.SZ|159687.SZ|159766.SZ|159901.SZ|159920.SZ|159985.SZ|161226.SZ|501018.SH|513030.SH|513180.SH|515790.SH|518880.SH,2.104363527112677,0.9194110626548546,cross_entropy,0
rolling_cross_entropy,2024-01-01/2024-06-30,2024-07-01/2024-12-31,11,159611.SZ|159981.SZ|159985.SZ|160644.SZ|501018.SH|513030.SH|513120.SH|513500.SH|513750.SH|513880.SH|515790.SH|518880.SH|588220.SH,1.4777047323700918,0.76482288524707,cross_entropy,0
rolling_cross_entropy,2024-01-01/2024-06-30,2024-07-01/2024-12-31,12,159949.SZ|159980.SZ|159981.SZ|159985.SZ|160644.SZ|164824.SZ|501018.SH|510300.SH|513070.SH|513080.SH|513120.SH|513880.SH|588000.SH,0.31424933827422197,0.8739130261223639,cross_entropy,0
rolling_cross_entropy,2024-01-01/2024-06-30,2024-07-01/2024-12-31,13,159687.SZ|159920.SZ|159980.SZ|159981.SZ|159985.SZ|510050.SH|513180.SH|513400.SH|513500.SH|513730.SH|518880.SH|563300.SH|588200.SH,0.3581702836424837,0.9194110626548546,cross_entropy,0
rolling_cross_entropy,2024-01-01/2024-06-30,2024-07-01/2024-12-31,14,159766.SZ|159920.SZ|159928.SZ|159980.SZ|159985.SZ|164824.SZ|501018.SH|510300.SH|513100.SH|513290.SH|513500.SH|513750.SH|518880.SH,2.7307425256841,0.8926225266665948,cross_entropy,0
rolling_cross_entropy,2024-01-01/2024-06-30,2024-07-01/2024-12-31,15,159518.SZ|159920.SZ|159967.SZ|159981.SZ|159985.SZ|501018.SH|513030.SH|513080.SH|513180.SH|513400.SH|515220.SH|518880.SH|588200.SH,-0.6638228465172418,0.9194110626548546,cross_entropy,0
rolling_cross_entropy,2024-01-01/2024-06-30,2024-07-01/2024-12-31,16,159509.SZ|159518.SZ|159529.SZ|159766.SZ|159852.SZ|159980.SZ|159981.SZ|159985.SZ|161226.SZ|512660.SH|513120.SH|513730.SH|513750.SH,0.435070950612093,0.8322111794710122,cross_entropy,0
rolling_cross_entropy,2024-01-01/2024-06-30,2024-07-01/2024-12-31,17,159518.SZ|159920.SZ|159981.SZ|159985.SZ|160644.SZ|161226.SZ|164824.SZ|501018.SH|512100.SH|512800.SH|513120.SH|513730.SH|515210.SH,2.3703981898480624,0.767171382511603,cross_entropy,0
rolling_cross_entropy,2024-01-01/2024-06-30,2024-07-01/2024-12-31,18,159509.SZ|159920.SZ|159980.SZ|159981.SZ|161226.SZ|512200.SH|512400.SH|512980.SH|513030.SH|513180.SH|513400.SH|513500.SH|518880.SH,1.5716656533772937,0.9194110626548546,cross_entropy,0
rolling_cross_entropy,2024-01-01/2024-06-30,2024-07-01/2024-12-31,19,159509.SZ|159687.SZ|159980.SZ|159981.SZ|159985.SZ|164824.SZ|510300.SH|512660.SH|513030.SH|513120.SH|513750.SH|516150.SH|518880.SH,0.11811706626129319,0.7905559409754807,cross_entropy,0
rolling_cross_entropy,2024-01-01/2024-06-30,2024-07-01/2024-12-31,20,159518.SZ|159920.SZ|159980.SZ|159981.SZ|501018.SH|512880.SH|512980.SH|513030.SH|513290.SH|513730.SH|513750.SH|518880.SH|588200.SH,-0.18470628558590413,0.8926225266665948,cross_entropy,0
rolling_cross_entropy,2024-01-01/2024-06-30,2024-07-01/2024-12-31,21,159687.SZ|159766.SZ|159825.SZ|159981.SZ|161226.SZ|164824.SZ|501018.SH|513180.SH|513500.SH|513750.SH|513880.SH|516150.SH|518880.SH,1.8291675877725042,0.8170712656203459,cross_entropy,1
rolling_cross_entropy,2024-01-01/2024-06-30,2024-07-01/2024-12-31,22,159509.SZ|159920.SZ|159981.SZ|159985.SZ|161226.SZ|512800.SH|513080.SH|513180.SH|513500.SH|513880.SH|515220.SH|518880.SH|588200.SH,2.2843065120296475,0.9194110626548546,cross_entropy,1
rolling_cross_entropy,2024-01-01/2024-06-30,2024-07-01/2024-12-31,23,159509.SZ|159529.SZ|159852.SZ|159920.SZ|159949.SZ|159981.SZ|161226.SZ|164824.SZ|501018.SH|512980.SH|513310.SH|513750.SH|518880.SH,1.8453630206046274,0.8926225266665948,cross_entropy,1
rolling_cross_entropy,2024-01-01/2024-06-30,2024-07-01/2024-12-31,24,159687.SZ|159796.SZ|159915.SZ|159920.SZ|159980.SZ|159981.SZ|161226.SZ|164824.SZ|501018.SH|510300.SH|513180.SH|513290.SH|513880.SH,1.035285985383737,0.9194110626548546,cross_entropy,1
rolling_cross_entropy,2024-01-01/2024-06-30,2024-07-01/2024-12-31,25,159980.SZ|159981.SZ|161226.SZ|164824.SZ|501018.SH|510300.SH|512100.SH|512880.SH|513030.SH|513070.SH|513080.SH|513290.SH|513750.SH,0.16778101084721,0.8794774846866373,cross_entropy,1
rolling_cross_entropy,2024-01-01/2024-06-30,2024-07-01/2024-12-31,26,159928.SZ|159981.SZ|159985.SZ|161226.SZ|164824.SZ|501018.SH|510300.SH|512800.SH|513030.SH|513100.SH|513180.SH|513310.SH|513750.SH,2.637737511493656,0.7985055969042496,cross_entropy,1
rolling_cross_entropy,2024-01-01/2024-06-30,2024-07-01/2024-12-31,27,159509.SZ|159518.SZ|159869.SZ|159915.SZ|159920.SZ|159980.SZ|161226.SZ|501018.SH|510210.SH|513030.SH|513730.SH|513750.SH|518880.SH,1.8389810527542132,0.8926225266665948,cross_entropy,1
rolling_cross_entropy,2024-01-01/2024-06-30,2024-07-01/2024-12-31,28,159901.SZ|159920.SZ|159981.SZ|159985.SZ|501018.SH|512100.SH|512170.SH|513080.SH|513100.SH|513290.SH|513500.SH|513750.SH|518880.SH,1.8022217714609978,0.8926225266665948,cross_entropy,1
rolling_cross_entropy,2024-01-01/2024-06-30,2024-07-01/2024-12-31,29,159509.SZ|159766.SZ|159852.SZ|159920.SZ|159980.SZ|159985.SZ|160644.SZ|164824.SZ|501018.SH|512100.SH|513100.SH|513180.SH|518880.SH,3.2054272639919525,0.9194110626548546,cross_entropy,1
rolling_cross_entropy,2024-01-01/2024-06-30,2024-07-01/2024-12-31,30,159949.SZ|159980.SZ|161226.SZ|501018.SH|512040.SH|512800.SH|513080.SH|513180.SH|513290.SH|513500.SH|513750.SH|513880.SH|518880.SH,2.482630266051665,0.809756851832685,cross_entropy,1
rolling_cross_entropy,2024-01-01/2024-06-30,2024-07-01/2024-12-31,31,159518.SZ|159852.SZ|159981.SZ|159985.SZ|164824.SZ|501018.SH|510050.SH|512800.SH|513080.SH|513100.SH|513180.SH|513750.SH|518880.SH,1.8967498668853917,0.7985055969042496,cross_entropy,1
rolling_cross_entropy,2024-01-01/2024-06-30,2024-07-01/2024-12-31,32,159518.SZ|159920.SZ|159981.SZ|159985.SZ|161226.SZ|164824.SZ|510300.SH|512660.SH|513290.SH|513730.SH|513750.SH|515210.SH|518880.SH,0.41397606493666717,0.8926225266665948,cross_entropy,1
rolling_cross_entropy,2024-01-01/2024-06-30,2024-07-01/2024-12-31,33,159766.SZ|159981.SZ|159985.SZ|501018.SH|510300.SH|513070.SH|513080.SH|513100.SH|513290.SH|513730.SH|513750.SH|515790.SH|518880.SH,1.0664807935368852,0.7694161263312431,cross_entropy,1
rolling_cross_entropy,2024-01-01/2024-06-30,2024-07-01/2024-12-31,34,159509.SZ|159796.SZ|159915.SZ|159980.SZ|159981.SZ|160644.SZ|161226.SZ|164824.SZ|513180.SH|513290.SH|513750.SH|515210.SH|518880.SH,1.1580896232074973,0.892673235895091,cross_entropy,1
rolling_cross_entropy,2024-01-01/2024-06-30,2024-07-01/2024-12-31,35,159766.SZ|159980.SZ|159985.SZ|160644.SZ|161226.SZ|164824.SZ|501018.SH|510300.SH|512170.SH|513080.SH|513100.SH|513120.SH|513750.SH,2.372650715618755,0.7080689561312408,cross_entropy,1
rolling_cross_entropy,2024-01-01/2024-06-30,2024-07-01/2024-12-31,36,159509.SZ|159949.SZ|159980.SZ|159981.SZ|159985.SZ|160644.SZ|501018.SH|512890.SH|513100.SH|513180.SH|513290.SH|513750.SH|588000.SH,1.0335109558577047,0.8739130261223639,cross_entropy,1
rolling_cross_entropy,2024-01-01/2024-06-30,2024-07-01/2024-12-31,37,159509.SZ|159915.SZ|159920.SZ|159981.SZ|159985.SZ|160644.SZ|501018.SH|510180.SH|513180.SH|513500.SH|513730.SH|515220.SH|518880.SH,0.7356840382307163,0.9194110626548546,cross_entropy,1
rolling_cross_entropy,2024-01-01/2024-06-30,2024-07-01/2024-12-31,38,159509.SZ|159687.SZ|159796.SZ|159852.SZ|159869.SZ|159980.SZ|159981.SZ|161226.SZ|513080.SH|513120.SH|513180.SH|513290.SH|518880.SH,0.4811925257717261,0.8655099121497573,cross_entropy,1
rolling_cross_entropy,2024-01-01/2024-06-30,2024-07-01/2024-12-31,39,159518.SZ|159901.SZ|159920.SZ|159981.SZ|161226.SZ|501018.SH|510210.SH|513290.SH|513500.SH|513750.SH|513880.SH|518880.SH|562500.SH,2.0048598692866118,0.8926225266665948,cross_entropy,1
rolling_cross_entropy,2024-01-01/2024-06-30,2024-07-01/2024-12-31,40,159518.SZ|159687.SZ|159920.SZ|159980.SZ|159985.SZ|161226.SZ|164824.SZ|501018.SH|510180.SH|513750.SH|513880.SH|516150.SH|562500.SH,1.865708892977757,0.8926225266665948,cross_entropy,1
rolling_cross_entropy,2024-01-01/2024-06-30,2024-07-01/2024-12-31,41,159509.SZ|159766.SZ|159928.SZ|159985.SZ|160644.SZ|161226.SZ|501018.SH|510300.SH|513080.SH|513180.SH|513310.SH|513750.SH|518880.SH,3.1167308445898865,0.809756851832685,cross_entropy,2
rolling_cross_entropy,2024-01-01/2024-06-30,2024-07-01/2024-12-31,42,159509.SZ|159529.SZ|159928.SZ|159981.SZ|159985.SZ|161226.SZ|501018.SH|512890.SH|513100.SH|513180.SH|513290.SH|513750.SH|588200.SH,0.7169098939911376,0.8174245780531227,cross_entropy,2
rolling_cross_entropy,2024-01-01/2024-06-30,2024-07-01/2024-12-31,43,159509.SZ|159980.SZ|159985.SZ|161226.SZ|164824.SZ|512660.SH|512800.SH|513080.SH|513100.SH|513180.SH|513750.SH|515790.SH|518880.SH,3.282383558517673,0.8174245780531227,cross_entropy,2
rolling_cross_entropy,2024-01-01/2024-06-30,2024-07-01/2024-12-31,44,159509.SZ|159920.SZ|159949.SZ|159981.SZ|159985.SZ|501018.SH|510300.SH|512170.SH|513100.SH|513180.SH|513310.SH|513880.SH|518880.SH,2.3381010894687932,0.9194110626548546,cross_entropy,2
rolling_cross_entropy,2024-01-01/2024-06-30,2024-07-01/2024-12-31,45,159509.SZ|159920.SZ|159981.SZ|159985.SZ|160644.SZ|161226.SZ|510050.SH|512800.SH|512880.SH|513080.SH|513100.SH|513750.SH|518880.SH,2.622016285025689,0.8926225266665948,cross_entropy,2
rolling_cross_entropy,2024-01-01/2024-06-30,2024-07-01/2024-12-31,46,159852.SZ|159865.SZ|159949.SZ|159981.SZ|160644.SZ|161226.SZ|501018.SH|513080.SH|513100.SH|513120.SH|513400.SH|513750.SH|518880.SH,1.2693493818127994,0.809756851832685,cross_entropy,2
rolling_cross_entropy,2024-01-01/2024-06-30,2024-07-01/2024-12-31,47,159766.SZ|159928.SZ|159980.SZ|159981.SZ|159985.SZ|164824.SZ|510300.SH|513070.SH|513080.SH|513100.SH|513120.SH|513290.SH|518880.SH,0.37283859170153827,0.7859700105121457,cross_entropy,2
rolling_cross_entropy,2024-01-01/2024-06-30,2024-07-01/2024-12-31,48,159967.SZ|159980.SZ|159985.SZ|164824.SZ|501018.SH|510880.SH|513030.SH|513180.SH|513290.SH|513310.SH|513750.SH|515220.SH|518880.SH,0.0045958242604076625,0.8444124968971655,cross_entropy,2
rolling_cross_entropy,2024-01-01/2024-06-30,2024-07-01/2024-12-31,49,159825.SZ|159920.SZ|159980.SZ|159981.SZ|159985.SZ|161226.SZ|164824.SZ|512100.SH|512660.SH|513080.SH|513100.SH|513120.SH|513880.SH,1.0221013502325118,0.8900990300828849,cross_entropy,2
rolling_cross_entropy,2024-01-01/2024-06-30,2024-07-01/2024-12-31,50,159509.SZ|159852.SZ|159865.SZ|159928.SZ|159981.SZ|159985.SZ|161226.SZ|164824.SZ|501018.SH|513120.SH|513180.SH|513500.SH|513880.SH,1.3428704964572336,0.763303340072328,cross_entropy,2
rolling_cross_entropy,2024-01-01/2024-06-30,2024-07-01/2024-12-31,51,159766.SZ|159920.SZ|159980.SZ|159981.SZ|161226.SZ|164824.SZ|501018.SH|512040.SH|512660.SH|513030.SH|513080.SH|513750.SH|513880.SH,0.36636945093913437,0.8926225266665948,cross_entropy,2
rolling_cross_entropy,2024-01-01/2024-06-30,2024-07-01/2024-12-31,52,159518.SZ|159980.SZ|161226.SZ|164824.SZ|501018.SH|513030.SH|513180.SH|513730.SH|513750.SH|518880.SH|562500.SH|563300.SH|588200.SH,0.8859647908832831,0.8619769458095298,cross_entropy,2
rolling_cross_entropy,2024-01-01/2024-06-30,2024-07-01/2024-12-31,53,159870.SZ|159949.SZ|159981.SZ|159985.SZ|160644.SZ|161226.SZ|164824.SZ|510300.SH|513080.SH|513120.SH|513310.SH|513750.SH|518880.SH,-0.5006831827237485,0.8494075347860415,cross_entropy,2
rolling_cross_entropy,2024-01-01/2024-06-30,2024-07-01/2024-12-31,54,159766.SZ|159980.SZ|159981.SZ|159985.SZ|161226.SZ|164824.SZ|512040.SH|512980.SH|513080.SH|513120.SH|513290.SH|513500.SH|513750.SH,0.6957747346743216,0.7040385672491776,cross_entropy,2
rolling_cross_entropy,2024-01-01/2024-06-30,2024-07-01/2024-12-31,55,159766.SZ|159920.SZ|159985.SZ|160644.SZ|161226.SZ|164824.SZ|501018.SH|513100.SH|513180.SH|513880.SH|516150.SH|518880.SH|588200.SH,2.4027108615861303,0.9194110626548546,cross_entropy,2
rolling_cross_entropy,2024-01-01/2024-06-30,2024-07-01/2024-12-31,56,159509.SZ|159687.SZ|159766.SZ|159920.SZ|159980.SZ|161226.SZ|164824.SZ|501018.SH|512200.SH|512800.SH|513100.SH|513120.SH|518880.SH,4.379927102386901,0.8174245780531227,cross_entropy,2
rolling_cross_entropy,2024-01-01/2024-06-30,2024-07-01/2024-12-31,57,159509.SZ|159518.SZ|159928.SZ|159985.SZ|161226.SZ|501018.SH|512170.SH|512660.SH|513100.SH|513180.SH|513290.SH|513750.SH|518880.SH,2.31583095989934,0.8174245780531227,cross_entropy,2
rolling_cross_entropy,2024-01-01/2024-06-30,2024-07-01/2024-12-31,58,159509.SZ|159518.SZ|159766.SZ|159981.SZ|159985.SZ|161226.SZ|501018.SH|510300.SH|513120.SH|513180.SH|513290.SH|513880.SH|588000.SH,1.5744397032552655,0.8094467954565996,cross_entropy,2
rolling_cross_entropy,2024-01-01/2024-06-30,2024-07-01/2024-12-31,59,159509.SZ|159825.SZ|159920.SZ|159949.SZ|159985.SZ|161226.SZ|164824.SZ|501018.SH|512800.SH|513100.SH|513180.SH|513400.SH|518880.SH,4.443752480199324,0.9194110626548546,cross_entropy,2
rolling_cross_entropy,2024-01-01/2024-06-30,2024-07-01/2024-12-31,60,159766.SZ|159920.SZ|159949.SZ|159980.SZ|159981.SZ|159985.SZ|510300.SH|513080.SH|513100.SH|513180.SH|513500.SH|513880.SH|518880.SH,0.7116221697723202,0.9194110626548546,cross_entropy,2
rolling_cross_entropy,2024-01-01/2024-06-30,2024-07-01/2024-12-31,61,159509.SZ|159949.SZ|159967.SZ|159980.SZ|159981.SZ|159985.SZ|164824.SZ|513080.SH|513120.SH|513310.SH|513750.SH|515220.SH|518880.SH,0.5966169344630299,0.9117974031991994,cross_entropy,3
rolling_cross_entropy,2024-01-01/2024-06-30,2024-07-01/2024-12-31,62,159920.SZ|159980.SZ|159981.SZ|159985.SZ|160644.SZ|164824.SZ|512400.SH|512800.SH|513100.SH|513500.SH|513750.SH|518880.SH|562500.SH,3.4067317539072746,0.8926225266665948,cross_entropy,3
rolling_cross_entropy,2024-01-01/2024-06-30,2024-07-01/2024-12-31,63,159509.SZ|159920.SZ|159928.SZ|159949.SZ|159981.SZ|159985.SZ|161226.SZ|164824.SZ|512800.SH|513100.SH|513180.SH|513290.SH|518880.SH,3.190806769816863,0.9194110626548546,cross_entropy,3
rolling_cross_entropy,2024-01-01/2024-06-30,2024-07-01/2024-12-31,64,159509.SZ|159981.SZ|161226.SZ|501018.SH|510050.SH|513080.SH|513100.SH|513180.SH|513750.SH|513880.SH|515790.SH|518880.SH|588220.SH,1.4064577050652494,0.8174245780531227,cross_entropy,3
rolling_cross_entropy,2024-01-01/2024-06-30,2024-07-01/2024-12-31,65,159985.SZ|160644.SZ|161226.SZ|164824.SZ|501018.SH|510300.SH|512170.SH|512400.SH|513030.SH|513120.SH|513290.SH|513750.SH|518880.SH,1.3936032337653788,0.809756851832685,cross_entropy,3
rolling_cross_entropy,2024-01-01/2024-06-30,2024-07-01/2024-12-31,66,159687.SZ|159825.SZ|159928.SZ|159985.SZ|161226.SZ|164824.SZ|501018.SH|512800.SH|513100.SH|513180.SH|513750.SH|513880.SH|518880.SH,3.845366849963152,0.8170712656203459,cross_entropy,3
rolling_cross_entropy,2024-01-01/2024-06-30,2024-07-01/2024-12-31,67,159509.SZ|159766.SZ|159869.SZ|159920.SZ|159981.SZ|159985.SZ|161226.SZ|164824.SZ|501018.SH|512200.SH|513400.SH|513730.SH|513750.SH,1.3182401203067282,0.8926225266665948,cross_entropy,3
rolling_cross_entropy,2024-01-01/2024-06-30,2024-07-01/2024-12-31,68,159509.SZ|159687.SZ|159766.SZ|159920.SZ|159949.SZ|159985.SZ|161226.SZ|164824.SZ|501018.SH|513080.SH|513180.SH|515790.SH|518880.SH,2.433280814176782,0.9194110626548546,cross_entropy,3
rolling_cross_entropy,2024-01-01/2024-06-30,2024-07-01/2024-12-31,69,159509.SZ|159611.SZ|159980.SZ|159985.SZ|160644.SZ|161226.SZ|501018.SH|512200.SH|512800.SH|513080.SH|513100.SH|513120.SH|513180.SH,3.305633020154814,0.8174245780531227,cross_entropy,3
rolling_cross_entropy,2024-01-01/2024-06-30,2024-07-01/2024-12-31,70,159981.SZ|160644.SZ|161226.SZ|164824.SZ|501018.SH|510050.SH|512200.SH|512880.SH|513100.SH|513180.SH|513400.SH|513750.SH|518880.SH,0.8124966301199854,0.809756851832685,cross_entropy,3
rolling_cross_entropy,2024-01-01/2024-06-30,2024-07-01/2024-12-31,71,159766.SZ|159928.SZ|159980.SZ|160644.SZ|161226.SZ|501018.SH|510300.SH|513030.SH|513070.SH|513080.SH|513100.SH|513120.SH|518880.SH,1.8965562651030587,0.8794774846866373,cross_entropy,3
rolling_cross_entropy,2024-01-01/2024-06-30,2024-07-01/2024-12-31,72,159509.SZ|159766.SZ|159852.SZ|159920.SZ|159981.SZ|159985.SZ|164824.SZ|501018.SH|512800.SH|513080.SH|513180.SH|513400.SH|518880.SH,2.92560169580538,0.9194110626548546,cross_entropy,3
rolling_cross_entropy,2024-01-01/2024-06-30,2024-07-01/2024-12-31,73,159509.SZ|159518.SZ|159852.SZ|159920.SZ|159980.SZ|159981.SZ|159985.SZ|510300.SH|510880.SH|513080.SH|513310.SH|513750.SH|518880.SH,0.29985727170925364,0.8926225266665948,cross_entropy,3
rolling_cross_entropy,2024-01-01/2024-06-30,2024-07-01/2024-12-31,74,159766.SZ|159920.SZ|159981.SZ|160644.SZ|161226.SZ|164824.SZ|501018.SH|513080.SH|513100.SH|513180.SH|515210.SH|518880.SH|588000.SH,0.41746905407344814,0.9194110626548546,cross_entropy,3
rolling_cross_entropy,2024-01-01/2024-06-30,2024-07-01/2024-12-31,75,159529.SZ|159920.SZ|159928.SZ|159985.SZ|161226.SZ|501018.SH|512800.SH|512880.SH|513030.SH|513100.SH|513500.SH|513750.SH|518880.SH,4.095753007700147,0.8926225266665948,cross_entropy,3
rolling_cross_entropy,2024-01-01/2024-06-30,2024-07-01/2024-12-31,76,159509.SZ|159852.SZ|159985.SZ|161226.SZ|501018.SH|512800.SH|513080.SH|513100.SH|513120.SH|513400.SH|513750.SH|515790.SH|518880.SH,4.280931183292972,0.8174245780531227,cross_entropy,3
rolling_cross_entropy,2024-01-01/2024-06-30,2024-07-01/2024-12-31,77,159687.SZ|159870.SZ|159980.SZ|159981.SZ|159985.SZ|501018.SH|510050.SH|512200.SH|513080.SH|513100.SH|513180.SH|513400.SH|513750.SH,0.35162355398706163,0.7985055969042496,cross_entropy,3
rolling_cross_entropy,2024-01-01/2024-06-30,2024-07-01/2024-12-31,78,159766.SZ|159920.SZ|159928.SZ|159949.SZ|159985.SZ|160644.SZ|161226.SZ|164824.SZ|501018.SH|513030.SH|513080.SH|513120.SH|518880.SH,1.6958586840173582,0.8794774846866373,cross_entropy,3
rolling_cross_entropy,2024-01-01/2024-06-30,2024-07-01/2024-12-31,79,159766.SZ|159825.SZ|159852.SZ|159981.SZ|159985.SZ|161226.SZ|164824.SZ|501018.SH|513030.SH|513100.SH|513180.SH|513310.SH|513750.SH,1.7491957904179896,0.7985055969042496,cross_entropy,3
rolling_cross_entropy,2024-01-01/2024-06-30,2024-07-01/2024-12-31,80,159509.SZ|159981.SZ|159985.SZ|161226.SZ|164824.SZ|501018.SH|512170.SH|513070.SH|513080.SH|513100.SH|513750.SH|515790.SH|516150.SH,2.165570446613664,0.8174245780531227,cross_entropy,3
rolling_cross_entropy,2024-01-01/2024-06-30,2024-07-01/2024-12-31,81,159509.SZ|159928.SZ|159980.SZ|159981.SZ|164824.SZ|501018.SH|512400.SH|512800.SH|513080.SH|513100.SH|513180.SH|513750.SH|518880.SH,3.0234766304048444,0.8174245780531227,cross_entropy,4
rolling_cross_entropy,2024-01-01/2024-06-30,2024-07-01/2024-12-31,82,159980.SZ|159985.SZ|164824.SZ|501018.SH|510050.SH|512800.SH|512880.SH|513100.SH|513120.SH|513500.SH|513750.SH|513880.SH|518880.SH,3.7487001957550223,0.8284455626917091,cross_entropy,4
rolling_cross_entropy,2024-01-01/2024-06-30,2024-07-01/2024-12-31,83,159852.SZ|159865.SZ|159920.SZ|159928.SZ|159981.SZ|161226.SZ|164824.SZ|501018.SH|513080.SH|513100.SH|513290.SH|513750.SH|518880.SH,1.7153574542865504,0.8926225266665948,cross_entropy,4
rolling_cross_entropy,2024-01-01/2024-06-30,2024-07-01/2024-12-31,84,159509.SZ|159825.SZ|159851.SZ|159980.SZ|159985.SZ|501018.SH|512880.SH|513030.SH|513100.SH|513180.SH|513500.SH|513750.SH|518880.SH,2.717701308744991,0.8284455626917091,cross_entropy,4
rolling_cross_entropy,2024-01-01/2024-06-30,2024-07-01/2024-12-31,85,159518.SZ|159687.SZ|159852.SZ|159949.SZ|159981.SZ|159985.SZ|160644.SZ|501018.SH|513120.SH|513750.SH|513880.SH|515790.SH|518880.SH,0.5488053638219099,0.8181908283505608,cross_entropy,4
rolling_cross_entropy,2024-01-01/2024-06-30,2024-07-01/2024-12-31,86,159920.SZ|159985.SZ|160644.SZ|161226.SZ|164824.SZ|501018.SH|512660.SH|512800.SH|513400.SH|513750.SH|513880.SH|518880.SH|562500.SH,2.588867623062946,0.8926225266665948,cross_entropy,4
rolling_cross_entropy,2024-01-01/2024-06-30,2024-07-01/2024-12-31,87,159949.SZ|159980.SZ|159985.SZ|161226.SZ|501018.SH|512800.SH|513080.SH|513120.SH|513180.SH|513290.SH|513400.SH|513500.SH|562500.SH,2.4205287670794484,0.763303340072328,cross_entropy,4
rolling_cross_entropy,2024-01-01/2024-06-30,2024-07-01/2024-12-31,88,159766.SZ|159985.SZ|161226.SZ|501018.SH|512880.SH|513080.SH|513100.SH|513120.SH|513400.SH|513750.SH|513880.SH|518880.SH|562500.SH,0.8168282526779901,0.809756851832685,cross_entropy,4
rolling_cross_entropy,2024-01-01/2024-06-30,2024-07-01/2024-12-31,89,159518.SZ|159611.SZ|159980.SZ|159985.SZ|164824.SZ|501018.SH|512200.SH|512880.SH|513080.SH|513100.SH|513180.SH|513750.SH|518880.SH,1.2198620257319739,0.7985055969042496,cross_entropy,4
rolling_cross_entropy,2024-01-01/2024-06-30,2024-07-01/2024-12-31,90,159920.SZ|159981.SZ|160644.SZ|161226.SZ|501018.SH|512400.SH|512800.SH|513030.SH|513080.SH|513100.SH|513750.SH|515790.SH|518880.SH,3.24633965859914,0.8926225266665948,cross_entropy,4
rolling_cross_entropy,2024-01-01/2024-06-30,2024-07-01/2024-12-31,91,159509.SZ|159796.SZ|159920.SZ|159985.SZ|161226.SZ|501018.SH|510500.SH|512800.SH|513080.SH|513100.SH|513500.SH|513750.SH|518880.SH,4.807539209168661,0.8926225266665948,cross_entropy,4
rolling_cross_entropy,2024-01-01/2024-06-30,2024-07-01/2024-12-31,92,159928.SZ|159981.SZ|159985.SZ|160644.SZ|161226.SZ|164824.SZ|501018.SH|512800.SH|512880.SH|513100.SH|513180.SH|513500.SH|513750.SH,2.7525898564092404,0.8284455626917091,cross_entropy,4
rolling_cross_entropy,2024-01-01/2024-06-30,2024-07-01/2024-12-31,93,159825.SZ|159852.SZ|159920.SZ|159980.SZ|159985.SZ|160644.SZ|161226.SZ|164824.SZ|501018.SH|512800.SH|513030.SH|513750.SH|513880.SH,3.189797128144712,0.8926225266665948,cross_entropy,4
rolling_cross_entropy,2024-01-01/2024-06-30,2024-07-01/2024-12-31,94,159509.SZ|159928.SZ|159985.SZ|161226.SZ|501018.SH|512100.SH|512800.SH|513080.SH|513100.SH|513120.SH|513180.SH|513880.SH|518880.SH,4.337135760124865,0.8174245780531227,cross_entropy,4
rolling_cross_entropy,2024-01-01/2024-06-30,2024-07-01/2024-12-31,95,159509.SZ|159901.SZ|159920.SZ|159981.SZ|161226.SZ|164824.SZ|501018.SH|512400.SH|512800.SH|513100.SH|513180.SH|513500.SH|518880.SH,3.3906605377133925,0.9194110626548546,cross_entropy,4
rolling_cross_entropy,2024-01-01/2024-06-30,2024-07-01/2024-12-31,96,159509.SZ|159825.SZ|159980.SZ|159985.SZ|160644.SZ|161226.SZ|501018.SH|512200.SH|513100.SH|513180.SH|513400.SH|513750.SH|515790.SH,3.0271251763695584,0.8174245780531227,cross_entropy,4
rolling_cross_entropy,2024-01-01/2024-06-30,2024-07-01/2024-12-31,97,159852.SZ|159985.SZ|160644.SZ|161226.SZ|501018.SH|513030.SH|513080.SH|513100.SH|513120.SH|513180.SH|515790.SH|518880.SH|562500.SH,2.1903479515187123,0.8820761010660748,cross_entropy,4
rolling_cross_entropy,2024-01-01/2024-06-30,2024-07-01/2024-12-31,98,159509.SZ|159920.SZ|159980.SZ|159981.SZ|159985.SZ|164824.SZ|512400.SH|513080.SH|513100.SH|513750.SH|515790.SH|518880.SH|562500.SH,1.101278400611208,0.8926225266665948,cross_entropy,4
rolling_cross_entropy,2024-01-01/2024-06-30,2024-07-01/2024-12-31,99,159611.SZ|159981.SZ|159985.SZ|160644.SZ|501018.SH|512400.SH|512800.SH|513080.SH|513100.SH|513120.SH|513180.SH|513500.SH|518880.SH,1.7708674057277256,0.8284455626917091,cross_entropy,4
rolling_cross_entropy,2024-01-01/2024-06-30,2024-07-01/2024-12-31,100,159509.SZ|159980.SZ|159985.SZ|161226.SZ|164824.SZ|501018.SH|512800.SH|513100.SH|513120.SH|513180.SH|513400.SH|515220.SH|515790.SH,2.8756066563235576,0.8174245780531227,cross_entropy,4
rolling_cross_entropy,2024-07-01/2024-12-31,2025-01-01/2025-06-30,1,159518.SZ|159796.SZ|159928.SZ|159980.SZ|159985.SZ|161226.SZ|501018.SH|513120.SH|513180.SH|513310.SH|513500.SH|513880.SH|515790.SH,-1.1417287876562305,0.904348770174615,cross_entropy,0
rolling_cross_entropy,2024-07-01/2024-12-31,2025-01-01/2025-06-30,2,159509.SZ|159865.SZ|159869.SZ|159870.SZ|159980.SZ|159985.SZ|160644.SZ|161226.SZ|513080.SH|513120.SH|513730.SH|513750.SH|518880.SH,-0.7498988707144103,0.8595913101513809,cross_entropy,0
rolling_cross_entropy,2024-07-01/2024-12-31,2025-01-01/2025-06-30,3,159518.SZ|159869.SZ|159949.SZ|159980.SZ|159981.SZ|160644.SZ|161226.SZ|513070.SH|513120.SH|513400.SH|513730.SH|515220.SH|518880.SH,0.2520939212011946,0.7703390842413431,cross_entropy,0
rolling_cross_entropy,2024-07-01/2024-12-31,2025-01-01/2025-06-30,4,159518.SZ|159687.SZ|159920.SZ|159981.SZ|159985.SZ|501018.SH|510050.SH|512040.SH|513120.SH|513400.SH|513730.SH|515220.SH|518880.SH,-0.3324248255110128,0.8917169256490942,cross_entropy,0
rolling_cross_entropy,2024-07-01/2024-12-31,2025-01-01/2025-06-30,5,159518.SZ|159529.SZ|159980.SZ|159981.SZ|159985.SZ|160644.SZ|501018.SH|512100.SH|513120.SH|513180.SH|513400.SH|516150.SH|588200.SH,0.43109004053012,0.8019146475104755,cross_entropy,0
rolling_cross_entropy,2024-07-01/2024-12-31,2025-01-01/2025-06-30,6,159518.SZ|159529.SZ|159796.SZ|159920.SZ|159980.SZ|161226.SZ|164824.SZ|501018.SH|513400.SH|513750.SH|515210.SH|515790.SH|518880.SH,-0.35686678464576965,0.904348770174615,cross_entropy,0
rolling_cross_entropy,2024-07-01/2024-12-31,2025-01-01/2025-06-30,7,159509.SZ|159529.SZ|159980.SZ|159981.SZ|161226.SZ|164824.SZ|501018.SH|512400.SH|512980.SH|513180.SH|513290.SH|513750.SH|516150.SH,0.7467266581193636,0.8861226651551434,cross_entropy,0
rolling_cross_entropy,2024-07-01/2024-12-31,2025-01-01/2025-06-30,8,159980.SZ|159981.SZ|159985.SZ|510300.SH|513070.SH|513080.SH|513310.SH|513400.SH|513500.SH|513750.SH|515210.SH|518880.SH|588220.SH,0.2554106522692644,0.8443920612889306,cross_entropy,0
rolling_cross_entropy,2024-07-01/2024-12-31,2025-01-01/2025-06-30,9,159509.SZ|159687.SZ|159766.SZ|159980.SZ|159981.SZ|501018.SH|512040.SH|512200.SH|513070.SH|513290.SH|513750.SH|513880.SH|518880.SH,0.47634868228824456,0.8406231432114443,cross_entropy,0
rolling_cross_entropy,2024-07-01/2024-12-31,2025-01-01/2025-06-30,10,159529.SZ|159852.SZ|159980.SZ|159981.SZ|161226.SZ|164824.SZ|501018.SH|510050.SH|513100.SH|513120.SH|513290.SH|513750.SH|515880.SH,1.587241458971623,0.7579535481871515,cross_entropy,0
rolling_cross_entropy,2024-07-01/2024-12-31,2025-01-01/2025-06-30,11,159329.SZ|159611.SZ|159687.SZ|159967.SZ|159980.SZ|159981.SZ|161226.SZ|510500.SH|513030.SH|513180.SH|513500.SH|513750.SH|518880.SH,-0.8527634866954806,0.8861226651551434,cross_entropy,0
rolling_cross_entropy,2024-07-01/2024-12-31,2025-01-01/2025-06-30,12,159329.SZ|159687.SZ|159766.SZ|159870.SZ|159981.SZ|159985.SZ|161226.SZ|501018.SH|512880.SH|513120.SH|513500.SH|513730.SH|513750.SH,1.2121551496309035,0.8252250484217049,cross_entropy,0
rolling_cross_entropy,2024-07-01/2024-12-31,2025-01-01/2025-06-30,13,159920.SZ|159981.SZ|161226.SZ|501018.SH|512100.SH|513030.SH|513080.SH|513290.SH|513750.SH|513880.SH|518880.SH|562500.SH|588220.SH,0.00608261165072178,0.9060446296384473,cross_entropy,0
rolling_cross_entropy,2024-07-01/2024-12-31,2025-01-01/2025-06-30,14,159509.SZ|159529.SZ|159901.SZ|159980.SZ|159981.SZ|161226.SZ|513100.SH|513120.SH|513180.SH|513500.SH|515790.SH|518880.SH|588200.SH,0.1130575896174229,0.9103349868626713,cross_entropy,0
rolling_cross_entropy,2024-07-01/2024-12-31,2025-01-01/2025-06-30,15,159529.SZ|159766.SZ|159796.SZ|159981.SZ|159985.SZ|161226.SZ|512660.SH|513080.SH|513100.SH|513180.SH|513400.SH|513750.SH|518880.SH,-0.2341584623233935,0.8861226651551434,cross_entropy,0
rolling_cross_entropy,2024-07-01/2024-12-31,2025-01-01/2025-06-30,16,159509.SZ|159980.SZ|159981.SZ|161226.SZ|501018.SH|512800.SH|513030.SH|513070.SH|513080.SH|513100.SH|513120.SH|516150.SH|563300.SH,-0.4437317337470112,0.9103349868626713,cross_entropy,0
rolling_cross_entropy,2024-07-01/2024-12-31,2025-01-01/2025-06-30,17,159329.SZ|159518.SZ|159985.SZ|161226.SZ|501018.SH|510300.SH|512400.SH|513120.SH|513180.SH|513400.SH|513500.SH|515880.SH|518880.SH,0.05715584886730823,0.8396509007691003,cross_entropy,0
rolling_cross_entropy,2024-07-01/2024-12-31,2025-01-01/2025-06-30,18,159329.SZ|159509.SZ|159796.SZ|159980.SZ|159981.SZ|159985.SZ|164824.SZ|501018.SH|512660.SH|513120.SH|513180.SH|513400.SH|516150.SH,0.2844235861048636,0.8217633742544791,cross_entropy,0
rolling_cross_entropy,2024-07-01/2024-12-31,2025-01-01/2025-06-30,19,159329.SZ|159687.SZ|159796.SZ|159980.SZ|159981.SZ|161226.SZ|501018.SH|510880.SH|512660.SH|513030.SH|513070.SH|513500.SH|513750.SH,-0.3381438292233782,0.8406231432114443,cross_entropy,0
rolling_cross_entropy,2024-07-01/2024-12-31,2025-01-01/2025-06-30,20,159329.SZ|159529.SZ|159611.SZ|159766.SZ|159980.SZ|159981.SZ|161226.SZ|510180.SH|513030.SH|513070.SH|513120.SH|513880.SH|518880.SH,-0.2997854928311988,0.7703390842413431,cross_entropy,0
rolling_cross_entropy,2024-07-01/2024-12-31,2025-01-01/2025-06-30,21,159329.SZ|159687.SZ|159980.SZ|159985.SZ|164824.SZ|501018.SH|512200.SH|512660.SH|513180.SH|513290.SH|513750.SH|515880.SH|518880.SH,0.02916092461971199,0.8861226651551434,cross_entropy,1
rolling_cross_entropy,2024-07-01/2024-12-31,2025-01-01/2025-06-30,22,159529.SZ|159915.SZ|159985.SZ|161226.SZ|164824.SZ|501018.SH|510180.SH|513120.SH|513180.SH|513290.SH|513730.SH|518880.SH|588200.SH,0.4226133917645345,0.8679847137083343,cross_entropy,1
rolling_cross_entropy,2024-07-01/2024-12-31,2025-01-01/2025-06-30,23,159796.SZ|159981.SZ|160644.SZ|161226.SZ|164824.SZ|501018.SH|512400.SH|513180.SH|513290.SH|513400.SH|513750.SH|516150.SH|518880.SH,0.3274343462073068,0.8861226651551434,cross_entropy,1
rolling_cross_entropy,2024-07-01/2024-12-31,2025-01-01/2025-06-30,24,159518.SZ|159529.SZ|159687.SZ|159852.SZ|159915.SZ|159920.SZ|159980.SZ|159985.SZ|161226.SZ|512880.SH|513290.SH|513750.SH|518880.SH,0.8298241032537774,0.8958197259318315,cross_entropy,1
rolling_cross_entropy,2024-07-01/2024-12-31,2025-01-01/2025-06-30,25,159825.SZ|159981.SZ|161226.SZ|164824.SZ|501018.SH|510210.SH|510500.SH|513100.SH|513180.SH|513290.SH|513400.SH|513750.SH|518880.SH,0.566124616944559,0.8861226651551434,cross_entropy,1
rolling_cross_entropy,2024-07-01/2024-12-31,2025-01-01/2025-06-30,26,159687.SZ|159981.SZ|161226.SZ|501018.SH|510180.SH|512200.SH|513120.SH|513290.SH|513500.SH|513750.SH|513880.SH|515880.SH|518880.SH,0.6574001784154447,0.7703390842413431,cross_entropy,1
rolling_cross_entropy,2024-07-01/2024-12-31,2025-01-01/2025-06-30,27,159509.SZ|159529.SZ|159766.SZ|159980.SZ|159981.SZ|159985.SZ|161226.SZ|164824.SZ|510500.SH|513070.SH|513120.SH|513880.SH|588220.SH,-0.022894957754050347,0.8813862814949958,cross_entropy,1
rolling_cross_entropy,2024-07-01/2024-12-31,2025-01-01/2025-06-30,28,159687.SZ|159981.SZ|159985.SZ|160644.SZ|161226.SZ|510050.SH|512170.SH|512200.SH|513120.SH|513500.SH|513730.SH|513750.SH|518880.SH,-0.10689227618013392,0.7703390842413431,cross_entropy,1
rolling_cross_entropy,2024-07-01/2024-12-31,2025-01-01/2025-06-30,29,159518.SZ|159687.SZ|159870.SZ|159901.SZ|159980.SZ|159981.SZ|161226.SZ|501018.SH|512980.SH|513080.SH|513120.SH|513290.SH|513750.SH,0.24897937752434376,0.9041988391426051,cross_entropy,1
rolling_cross_entropy,2024-07-01/2024-12-31,2025-01-01/2025-06-30,30,159329.SZ|159687.SZ|159852.SZ|159980.SZ|159985.SZ|161226.SZ|164824.SZ|501018.SH|513070.SH|513290.SH|513750.SH|515790.SH|515880.SH,-0.009573346630229365,0.8406231432114443,cross_entropy,1
rolling_cross_entropy,2024-07-01/2024-12-31,2025-01-01/2025-06-30,31,159509.SZ|159529.SZ|159949.SZ|159980.SZ|159981.SZ|161226.SZ|501018.SH|512880.SH|513180.SH|513290.SH|513750.SH|513880.SH|515790.SH,1.213459374475997,0.8861226651551434,cross_entropy,1
rolling_cross_entropy,2024-07-01/2024-12-31,2025-01-01/2025-06-30,32,159329.SZ|159529.SZ|159825.SZ|159967.SZ|159980.SZ|159981.SZ|161226.SZ|501018.SH|512200.SH|513120.SH|513180.SH|513290.SH|513500.SH,0.9176419789410776,0.781078061256192,cross_entropy,1
rolling_cross_entropy,2024-07-01/2024-12-31,2025-01-01/2025-06-30,33,159509.SZ|159529.SZ|159766.SZ|159981.SZ|159985.SZ|161226.SZ|501018.SH|512400.SH|513180.SH|513290.SH|513310.SH|513750.SH|588200.SH,0.7315187390518986,0.8861226651551434,cross_entropy,1
rolling_cross_entropy,2024-07-01/2024-12-31,2025-01-01/2025-06-30,34,159329.SZ|159518.SZ|159529.SZ|159852.SZ|159980.SZ|159981.SZ|501018.SH|512170.SH|513030.SH|513120.SH|513750.SH|516150.SH|518880.SH,0.8461247315123028,0.7579535481871515,cross_entropy,1
rolling_cross_entropy,2024-07-01/2024-12-31,2025-01-01/2025-06-30,35,159509.SZ|159687.SZ|159980.SZ|159985.SZ|161226.SZ|501018.SH|510500.SH|513120.SH|513310.SH|513400.SH|513750.SH|515880.SH|588000.SH,0.13636869650523467,0.8341728241575475,cross_entropy,1
rolling_cross_entropy,2024-07-01/2024-12-31,2025-01-01/2025-06-30,36,159509.SZ|159529.SZ|159766.SZ|159901.SZ|159981.SZ|161226.SZ|501018.SH|512800.SH|513100.SH|513120.SH|513750.SH|513880.SH|518880.SH,0.889977056686724,0.9103349868626713,cross_entropy,1
rolling_cross_entropy,2024-07-01/2024-12-31,2025-01-01/2025-06-30,37,159529.SZ|159852.SZ|159980.SZ|159981.SZ|161226.SZ|501018.SH|512040.SH|513070.SH|513080.SH|513100.SH|513120.SH|513400.SH|588220.SH,1.3914750110901866,0.7682694048747551,cross_entropy,1
rolling_cross_entropy,2024-07-01/2024-12-31,2025-01-01/2025-06-30,38,159509.SZ|159687.SZ|159852.SZ|159980.SZ|159981.SZ|159985.SZ|501018.SH|510210.SH|513120.SH|513180.SH|513500.SH|513730.SH|515880.SH,1.1101135807898879,0.8042605341192945,cross_entropy,1
rolling_cross_entropy,2024-07-01/2024-12-31,2025-01-01/2025-06-30,39,159518.SZ|159529.SZ|159852.SZ|159980.SZ|159981.SZ|164824.SZ|501018.SH|513180.SH|513750.SH|513880.SH|515220.SH|516150.SH|518880.SH,0.8904742850349276,0.8861226651551434,cross_entropy,1
rolling_cross_entropy,2024-07-01/2024-12-31,2025-01-01/2025-06-30,40,159529.SZ|159687.SZ|159980.SZ|159981.SZ|159985.SZ|501018.SH|512400.SH|512880.SH|513120.SH|513180.SH|513290.SH|513400.SH|588220.SH,1.9508125544024426,0.8016907936494448,cross_entropy,1
rolling_cross_entropy,2024-07-01/2024-12-31,2025-01-01/2025-06-30,41,159326.SZ|159509.SZ|159529.SZ|159687.SZ|159980.SZ|159985.SZ|161226.SZ|164824.SZ|501018.SH|513120.SH|513180.SH|515880.SH|588220.SH,0.4885374921039985,0.8226819777331142,cross_entropy,2
rolling_cross_entropy,2024-07-01/2024-12-31,2025-01-01/2025-06-30,42,159529.SZ|159687.SZ|159870.SZ|159980.SZ|159981.SZ|159985.SZ|161226.SZ|513180.SH|513290.SH|513310.SH|513750.SH|515880.SH|588220.SH,0.7521249924944872,0.8861226651551434,cross_entropy,2
rolling_cross_entropy,2024-07-01/2024-12-31,2025-01-01/2025-06-30,43,159509.SZ|159529.SZ|159825.SZ|159870.SZ|159980.SZ|159981.SZ|161226.SZ|501018.SH|512890.SH|513080.SH|513120.SH|513180.SH|513400.SH,0.5317288337069941,0.8953178803407231,cross_entropy,2
rolling_cross_entropy,2024-07-01/2024-12-31,2025-01-01/2025-06-30,44,159529.SZ|159766.SZ|159980.SZ|159981.SZ|161226.SZ|501018.SH|512400.SH|513030.SH|513070.SH|513120.SH|513310.SH|513500.SH|515220.SH,-0.072248376126204,0.7401092761555549,cross_entropy,2
rolling_cross_entropy,2024-07-01/2024-12-31,2025-01-01/2025-06-30,45,159509.SZ|159967.SZ|159980.SZ|159985.SZ|161226.SZ|501018.SH|512100.SH|512880.SH|513100.SH|513180.SH|513500.SH|513730.SH|513750.SH,1.2290958643528,0.9103349868626713,cross_entropy,2
rolling_cross_entropy,2024-07-01/2024-12-31,2025-01-01/2025-06-30,46,159329.SZ|159529.SZ|159825.SZ|159852.SZ|159920.SZ|159980.SZ|159981.SZ|161226.SZ|501018.SH|510210.SH|513120.SH|513400.SH|513500.SH,0.5996754663481948,0.8299004853659088,cross_entropy,2
rolling_cross_entropy,2024-07-01/2024-12-31,2025-01-01/2025-06-30,47,159509.SZ|159529.SZ|159980.SZ|159985.SZ|161226.SZ|501018.SH|510210.SH|512040.SH|513070.SH|513120.SH|513400.SH|513500.SH|588200.SH,0.25725449302644515,0.9109147464435722,cross_entropy,2
rolling_cross_entropy,2024-07-01/2024-12-31,2025-01-01/2025-06-30,48,159509.SZ|159529.SZ|159980.SZ|159985.SZ|161226.SZ|501018.SH|512200.SH|513120.SH|513290.SH|513400.SH|513750.SH|515880.SH|516150.SH,0.8931608417358273,0.7579535481871515,cross_entropy,2
rolling_cross_entropy,2024-07-01/2024-12-31,2025-01-01/2025-06-30,49,159509.SZ|159870.SZ|159980.SZ|159981.SZ|161226.SZ|501018.SH|512400.SH|513080.SH|513120.SH|513180.SH|513290.SH|513500.SH|515880.SH,0.20678513629029904,0.869612899065123,cross_entropy,2
rolling_cross_entropy,2024-07-01/2024-12-31,2025-01-01/2025-06-30,50,159329.SZ|159509.SZ|159529.SZ|159981.SZ|159985.SZ|161226.SZ|501018.SH|512040.SH|512800.SH|513180.SH|513290.SH|513750.SH|515790.SH,0.01869355408694352,0.8861226651551434,cross_entropy,2
rolling_cross_entropy,2024-07-01/2024-12-31,2025-01-01/2025-06-30,51,159329.SZ|159509.SZ|159529.SZ|159852.SZ|159980.SZ|159981.SZ|161226.SZ|512880.SH|512980.SH|513180.SH|513310.SH|513750.SH|518880.SH,0.23849012342501474,0.8861226651551434,cross_entropy,2
rolling_cross_entropy,2024-07-01/2024-12-31,2025-01-01/2025-06-30,52,159509.SZ|159980.SZ|159981.SZ|161226.SZ|501018.SH|510210.SH|512880.SH|513120.SH|513180.SH|513290.SH|513400.SH|513730.SH|515790.SH,1.4554173854789016,0.7879008686097655,cross_entropy,2
rolling_cross_entropy,2024-07-01/2024-12-31,2025-01-01/2025-06-30,53,159529.SZ|159852.SZ|159870.SZ|159980.SZ|159985.SZ|161226.SZ|501018.SH|512400.SH|513080.SH|513100.SH|513120.SH|513180.SH|513400.SH,1.1894849088592352,0.869612899065123,cross_entropy,2
rolling_cross_entropy,2024-07-01/2024-12-31,2025-01-01/2025-06-30,54,159529.SZ|159949.SZ|159980.SZ|159981.SZ|160644.SZ|161226.SZ|501018.SH|510500.SH|512400.SH|513030.SH|513120.SH|513180.SH|513500.SH,0.6941053530159061,0.8765429786835872,cross_entropy,2
rolling_cross_entropy,2024-07-01/2024-12-31,2025-01-01/2025-06-30,55,159509.SZ|159529.SZ|159852.SZ|159981.SZ|159985.SZ|161226.SZ|501018.SH|512880.SH|512980.SH|513080.SH|513120.SH|513180.SH|513400.SH,1.3490595732867467,0.7837149643736099,cross_entropy,2
rolling_cross_entropy,2024-07-01/2024-12-31,2025-01-01/2025-06-30,56,159529.SZ|159687.SZ|159980.SZ|159981.SZ|161226.SZ|501018.SH|510050.SH|512400.SH|513120.SH|513180.SH|513290.SH|513730.SH|588220.SH,1.1456410132395993,0.781078061256192,cross_entropy,2
rolling_cross_entropy,2024-07-01/2024-12-31,2025-01-01/2025-06-30,57,159329.SZ|159529.SZ|159852.SZ|159949.SZ|159980.SZ|159981.SZ|161226.SZ|501018.SH|513100.SH|513120.SH|513180.SH|513290.SH|588200.SH,1.3599059861992981,0.8238428580923316,cross_entropy,2
rolling_cross_entropy,2024-07-01/2024-12-31,2025-01-01/2025-06-30,58,159326.SZ|159529.SZ|159687.SZ|159949.SZ|159980.SZ|159981.SZ|161226.SZ|501018.SH|512660.SH|513120.SH|513180.SH|513290.SH|513400.SH,1.789383977744835,0.8422913825250692,cross_entropy,2
rolling_cross_entropy,2024-07-01/2024-12-31,2025-01-01/2025-06-30,59,159687.SZ|159967.SZ|159981.SZ|159985.SZ|501018.SH|512040.SH|512200.SH|513120.SH|513180.SH|513290.SH|513400.SH|513500.SH|518880.SH,0.9144758183066698,0.781078061256192,cross_entropy,2
rolling_cross_entropy,2024-07-01/2024-12-31,2025-01-01/2025-06-30,60,159509.SZ|159529.SZ|159611.SZ|159980.SZ|159981.SZ|161226.SZ|501018.SH|512100.SH|513120.SH|513180.SH|513400.SH|513500.SH|588220.SH,0.8806007741395203,0.9060446296384473,cross_entropy,2
rolling_cross_entropy,2024-07-01/2024-12-31,2025-01-01/2025-06-30,61,159326.SZ|159329.SZ|159509.SZ|159529.SZ|159980.SZ|159981.SZ|161226.SZ|501018.SH|512100.SH|513120.SH|513180.SH|513500.SH|588220.SH,0.7241944641026833,0.9060446296384473,cross_entropy,3
rolling_cross_entropy,2024-07-01/2024-12-31,2025-01-01/2025-06-30,62,159509.SZ|159529.SZ|159687.SZ|159980.SZ|159981.SZ|501018.SH|512100.SH|513120.SH|513180.SH|513290.SH|515790.SH|518880.SH|588200.SH,0.3333994229868119,0.858891254568299,cross_entropy,3
rolling_cross_entropy,2024-07-01/2024-12-31,2025-01-01/2025-06-30,63,159529.SZ|159869.SZ|159981.SZ|159985.SZ|161226.SZ|501018.SH|512890.SH|513120.SH|513180.SH|513290.SH|513400.SH|513730.SH|515790.SH,0.9415804594049794,0.781078061256192,cross_entropy,3
rolling_cross_entropy,2024-07-01/2024-12-31,2025-01-01/2025-06-30,64,159329.SZ|159529.SZ|159687.SZ|159967.SZ|159980.SZ|159981.SZ|161226.SZ|501018.SH|513120.SH|513180.SH|513730.SH|515790.SH|588200.SH,1.0889097978608921,0.791961656573461,cross_entropy,3
rolling_cross_entropy,2024-07-01/2024-12-31,2025-01-01/2025-06-30,65,159529.SZ|159852.SZ|159949.SZ|159980.SZ|159981.SZ|161226.SZ|501018.SH|512040.SH|513100.SH|513120.SH|513180.SH|513400.SH|513730.SH,1.91663817451434,0.797783786911099,cross_entropy,3
rolling_cross_entropy,2024-07-01/2024-12-31,2025-01-01/2025-06-30,66,159529.SZ|159852.SZ|159980.SZ|159981.SZ|161226.SZ|501018.SH|510880.SH|512980.SH|513180.SH|513290.SH|513400.SH|513730.SH|513750.SH,1.700474616252348,0.8861226651551434,cross_entropy,3
rolling_cross_entropy,2024-07-01/2024-12-31,2025-01-01/2025-06-30,67,159518.SZ|159529.SZ|159852.SZ|159981.SZ|159985.SZ|161226.SZ|501018.SH|510880.SH|512880.SH|513100.SH|513120.SH|513180.SH|513290.SH,2.1212895339841236,0.7837149643736099,cross_entropy,3
rolling_cross_entropy,2024-07-01/2024-12-31,2025-01-01/2025-06-30,68,159329.SZ|159949.SZ|159980.SZ|159981.SZ|161226.SZ|501018.SH|512980.SH|513100.SH|513180.SH|513400.SH|513500.SH|513750.SH|516150.SH,1.0341696728954477,0.8861226651551434,cross_entropy,3
rolling_cross_entropy,2024-07-01/2024-12-31,2025-01-01/2025-06-30,69,159529.SZ|159687.SZ|159852.SZ|159915.SZ|159980.SZ|159981.SZ|159985.SZ|161226.SZ|513120.SH|513180.SH|513290.SH|513730.SH|562500.SH,1.3723534511885251,0.8399161382751109,cross_entropy,3
rolling_cross_entropy,2024-07-01/2024-12-31,2025-01-01/2025-06-30,70,159509.SZ|159529.SZ|159852.SZ|159915.SZ|159980.SZ|159981.SZ|161226.SZ|501018.SH|512880.SH|513080.SH|513120.SH|513290.SH|513750.SH,1.6471021330396287,0.8218628534531423,cross_entropy,3
rolling_cross_entropy,2024-07-01/2024-12-31,2025-01-01/2025-06-30,71,159326.SZ|159509.SZ|159529.SZ|159687.SZ|159825.SZ|159980.SZ|159981.SZ|159985.SZ|501018.SH|512880.SH|513120.SH|513180.SH|513290.SH,1.3378675895078422,0.820537505276633,cross_entropy,3
rolling_cross_entropy,2024-07-01/2024-12-31,2025-01-01/2025-06-30,72,159509.SZ|159529.SZ|159852.SZ|159981.SZ|159985.SZ|161226.SZ|501018.SH|512880.SH|513100.SH|513120.SH|513180.SH|513400.SH|588220.SH,2.0369471898919325,0.9103349868626713,cross_entropy,3
rolling_cross_entropy,2024-07-01/2024-12-31,2025-01-01/2025-06-30,73,159329.SZ|159509.SZ|159529.SZ|159949.SZ|159980.SZ|159981.SZ|161226.SZ|501018.SH|512880.SH|513120.SH|513180.SH|513400.SH|515210.SH,1.6348777937750945,0.8322988195287456,cross_entropy,3
rolling_cross_entropy,2024-07-01/2024-12-31,2025-01-01/2025-06-30,74,159509.SZ|159529.SZ|159967.SZ|159980.SZ|159981.SZ|161226.SZ|501018.SH|513100.SH|513120.SH|513180.SH|513730.SH|515880.SH|588200.SH,1.4230448313004262,0.9103349868626713,cross_entropy,3
rolling_cross_entropy,2024-07-01/2024-12-31,2025-01-01/2025-06-30,75,159329.SZ|159852.SZ|159980.SZ|159985.SZ|161226.SZ|501018.SH|512040.SH|512660.SH|513120.SH|513180.SH|513290.SH|513400.SH|513730.SH,1.1440236694259756,0.781078061256192,cross_entropy,3
rolling_cross_entropy,2024-07-01/2024-12-31,2025-01-01/2025-06-30,76,159326.SZ|159529.SZ|159870.SZ|159980.SZ|159981.SZ|161226.SZ|501018.SH|512880.SH|513070.SH|513120.SH|513290.SH|513400.SH|513730.SH,2.2214688255050272,0.8716694719859102,cross_entropy,3
rolling_cross_entropy,2024-07-01/2024-12-31,2025-01-01/2025-06-30,77,159529.SZ|159687.SZ|159825.SZ|159949.SZ|159980.SZ|159981.SZ|159985.SZ|161226.SZ|512660.SH|513120.SH|513180.SH|513400.SH|513730.SH,1.0602037564883704,0.8295287850242152,cross_entropy,3
rolling_cross_entropy,2024-07-01/2024-12-31,2025-01-01/2025-06-30,78,159509.SZ|159687.SZ|159766.SZ|159870.SZ|159980.SZ|159981.SZ|161226.SZ|501018.SH|513080.SH|513120.SH|513180.SH|513500.SH|515790.SH,-0.6949962365499731,0.8494907355379913,cross_entropy,3
rolling_cross_entropy,2024-07-01/2024-12-31,2025-01-01/2025-06-30,79,159509.SZ|159529.SZ|159852.SZ|159949.SZ|159980.SZ|159981.SZ|501018.SH|512880.SH|513120.SH|513180.SH|513290.SH|513400.SH|518880.SH,1.9541960369783677,0.8322988195287456,cross_entropy,3
rolling_cross_entropy,2024-07-01/2024-12-31,2025-01-01/2025-06-30,80,159509.SZ|159529.SZ|159852.SZ|159980.SZ|159981.SZ|161226.SZ|501018.SH|512660.SH|512800.SH|513100.SH|513120.SH|513180.SH|513500.SH,1.2938048661928987,0.9103349868626713,cross_entropy,3
rolling_cross_entropy,2024-07-01/2024-12-31,2025-01-01/2025-06-30,81,159329.SZ|159529.SZ|159852.SZ|159981.SZ|159985.SZ|161226.SZ|501018.SH|510880.SH|513120.SH|513180.SH|513290.SH|513730.SH|588000.SH,1.7021521072157697,0.7978084316452795,cross_entropy,4
rolling_cross_entropy,2024-07-01/2024-12-31,2025-01-01/2025-06-30,82,159329.SZ|159509.SZ|159852.SZ|159949.SZ|159980.SZ|161226.SZ|501018.SH|512660.SH|513120.SH|513180.SH|513290.SH|513730.SH|518880.SH,1.0815978363441703,0.8295287850242152,cross_entropy,4
rolling_cross_entropy,2024-07-01/2024-12-31,2025-01-01/2025-06-30,83,159326.SZ|159529.SZ|159687.SZ|159766.SZ|159852.SZ|159980.SZ|159981.SZ|161226.SZ|501018.SH|513120.SH|513180.SH|513290.SH|513400.SH,1.5022618713460398,0.781078061256192,cross_entropy,4
rolling_cross_entropy,2024-07-01/2024-12-31,2025-01-01/2025-06-30,84,159518.SZ|159529.SZ|159611.SZ|159852.SZ|159980.SZ|159981.SZ|161226.SZ|501018.SH|512880.SH|513120.SH|513180.SH|513290.SH|513400.SH,1.6019956580663304,0.7837149643736099,cross_entropy,4
rolling_cross_entropy,2024-07-01/2024-12-31,2025-01-01/2025-06-30,85,159509.SZ|159529.SZ|159687.SZ|159825.SZ|159852.SZ|159980.SZ|159981.SZ|159985.SZ|161226.SZ|512880.SH|513070.SH|513730.SH|513750.SH,1.398755711806609,0.8406231432114443,cross_entropy,4
rolling_cross_entropy,2024-07-01/2024-12-31,2025-01-01/2025-06-30,86,159870.SZ|159915.SZ|159980.SZ|159985.SZ|161226.SZ|501018.SH|512880.SH|513100.SH|513120.SH|513180.SH|513290.SH|513400.SH|513880.SH,1.8121913998437975,0.8490213605586622,cross_entropy,4
rolling_cross_entropy,2024-07-01/2024-12-31,2025-01-01/2025-06-30,87,159509.SZ|159529.SZ|159928.SZ|159980.SZ|159981.SZ|159985.SZ|161226.SZ|512880.SH|513100.SH|513120.SH|513180.SH|513400.SH|588000.SH,1.537297396612516,0.9103349868626713,cross_entropy,4
rolling_cross_entropy,2024-07-01/2024-12-31,2025-01-01/2025-06-30,88,159509.SZ|159529.SZ|159949.SZ|159980.SZ|159981.SZ|161226.SZ|501018.SH|512100.SH|512880.SH|513070.SH|513120.SH|513290.SH|513730.SH,1.8050934156094856,0.8810352479610815,cross_entropy,4
rolling_cross_entropy,2024-07-01/2024-12-31,2025-01-01/2025-06-30,89,159329.SZ|159529.SZ|159852.SZ|159980.SZ|159981.SZ|159985.SZ|501018.SH|510050.SH|513030.SH|513100.SH|513120.SH|513180.SH|515220.SH,0.9309262427518346,0.7901177195159753,cross_entropy,4
rolling_cross_entropy,2024-07-01/2024-12-31,2025-01-01/2025-06-30,90,159529.SZ|159949.SZ|159980.SZ|159985.SZ|161226.SZ|164824.SZ|501018.SH|512660.SH|512880.SH|513120.SH|513180.SH|513310.SH|513400.SH,1.0708392396467366,0.8322988195287456,cross_entropy,4
rolling_cross_entropy,2024-07-01/2024-12-31,2025-01-01/2025-06-30,91,159529.SZ|159766.SZ|159980.SZ|159981.SZ|159985.SZ|161226.SZ|512880.SH|513100.SH|513120.SH|513180.SH|513400.SH|513730.SH|588220.SH,1.996889676811116,0.8016907936494448,cross_entropy,4
rolling_cross_entropy,2024-07-01/2024-12-31,2025-01-01/2025-06-30,92,159529.SZ|159852.SZ|159980.SZ|159981.SZ|161226.SZ|501018.SH|510210.SH|512880.SH|513100.SH|513120.SH|513180.SH|513290.SH|513400.SH,2.235245636406537,0.7879008686097655,cross_entropy,4
rolling_cross_entropy,2024-07-01/2024-12-31,2025-01-01/2025-06-30,93,159529.SZ|159687.SZ|159852.SZ|159949.SZ|159980.SZ|159981.SZ|161226.SZ|501018.SH|512880.SH|513100.SH|513120.SH|513180.SH|513290.SH,2.1814074867138507,0.8322988195287456,cross_entropy,4
rolling_cross_entropy,2024-07-01/2024-12-31,2025-01-01/2025-06-30,94,159509.SZ|159529.SZ|159852.SZ|159949.SZ|159980.SZ|159981.SZ|161226.SZ|501018.SH|512400.SH|513180.SH|513400.SH|513730.SH|513750.SH,1.518939353310209,0.8861226651551434,cross_entropy,4
rolling_cross_entropy,2024-07-01/2024-12-31,2025-01-01/2025-06-30,95,159509.SZ|159529.SZ|159870.SZ|159949.SZ|159981.SZ|159985.SZ|161226.SZ|501018.SH|512200.SH|513120.SH|513400.SH|513730.SH|513750.SH,1.1087981098653186,0.8447531318822762,cross_entropy,4
rolling_cross_entropy,2024-07-01/2024-12-31,2025-01-01/2025-06-30,96,159529.SZ|159852.SZ|159980.SZ|159985.SZ|161226.SZ|501018.SH|512980.SH|513120.SH|513180.SH|513290.SH|513400.SH|513730.SH|515210.SH,1.0001139794908878,0.781078061256192,cross_entropy,4
rolling_cross_entropy,2024-07-01/2024-12-31,2025-01-01/2025-06-30,97,159529.SZ|159901.SZ|159980.SZ|159981.SZ|161226.SZ|512040.SH|513070.SH|513120.SH|513290.SH|513310.SH|513730.SH|518880.SH|588200.SH,1.0590424439772654,0.8662443929616601,cross_entropy,4
rolling_cross_entropy,2024-07-01/2024-12-31,2025-01-01/2025-06-30,98,159509.SZ|159529.SZ|159981.SZ|159985.SZ|161226.SZ|512040.SH|512660.SH|512880.SH|513100.SH|513120.SH|513180.SH|513290.SH|518880.SH,1.006964686639493,0.9103349868626713,cross_entropy,4
rolling_cross_entropy,2024-07-01/2024-12-31,2025-01-01/2025-06-30,99,159529.SZ|159687.SZ|159852.SZ|159980.SZ|159981.SZ|160644.SZ|501018.SH|512880.SH|513070.SH|513120.SH|513400.SH|515220.SH|518880.SH,1.1336907346380802,0.7837149643736099,cross_entropy,4
rolling_cross_entropy,2024-07-01/2024-12-31,2025-01-01/2025-06-30,100,159518.SZ|159852.SZ|159949.SZ|159980.SZ|159981.SZ|161226.SZ|501018.SH|512880.SH|513120.SH|513180.SH|513290.SH|513400.SH|513730.SH,1.6747827417609764,0.8322988195287456,cross_entropy,4
rolling_cross_entropy,2025-01-01/2025-06-30,2025-07-01/2025-12-31,1,159201.SZ|159865.SZ|159949.SZ|159980.SZ|160644.SZ|161226.SZ|164824.SZ|501018.SH|513070.SH|513080.SH|513100.SH|513120.SH|518880.SH,0.5811047299730272,0.8497395659696947,cross_entropy,0
rolling_cross_entropy,2025-01-01/2025-06-30,2025-07-01/2025-12-31,2,159201.SZ|159206.SZ|159329.SZ|159687.SZ|159920.SZ|159980.SZ|159981.SZ|159985.SZ|501018.SH|512880.SH|513290.SH|513750.SH|513880.SH,-0.5821467507695084,0.9042601594691357,cross_entropy,0
rolling_cross_entropy,2025-01-01/2025-06-30,2025-07-01/2025-12-31,3,159529.SZ|159949.SZ|159980.SZ|160644.SZ|161226.SZ|501018.SH|512800.SH|513070.SH|513290.SH|513730.SH|513750.SH|515880.SH|518880.SH,0.9051450811531736,0.8346945255088569,cross_entropy,0
rolling_cross_entropy,2025-01-01/2025-06-30,2025-07-01/2025-12-31,4,159529.SZ|159687.SZ|159766.SZ|159980.SZ|159981.SZ|161226.SZ|512880.SH|513070.SH|513120.SH|513290.SH|513880.SH|518880.SH|588220.SH,0.8365573476278135,0.7989655392839966,cross_entropy,0
rolling_cross_entropy,2025-01-01/2025-06-30,2025-07-01/2025-12-31,5,159209.SZ|159529.SZ|159980.SZ|159981.SZ|501018.SH|512200.SH|512890.SH|513030.SH|513100.SH|513120.SH|513180.SH|513730.SH|518880.SH,0.6298037196582335,0.8627541750814681,cross_entropy,0
rolling_cross_entropy,2025-01-01/2025-06-30,2025-07-01/2025-12-31,6,159509.SZ|159687.SZ|159901.SZ|159980.SZ|159985.SZ|161226.SZ|164824.SZ|501018.SH|512880.SH|513070.SH|513080.SH|513120.SH|588200.SH,-0.5505012236408537,0.8934117695834313,cross_entropy,0
rolling_cross_entropy,2025-01-01/2025-06-30,2025-07-01/2025-12-31,7,159518.SZ|159687.SZ|159920.SZ|159981.SZ|159985.SZ|161226.SZ|501018.SH|512100.SH|512200.SH|513030.SH|513750.SH|513880.SH|588000.SH,-0.7120584168592825,0.9042601594691357,cross_entropy,0
rolling_cross_entropy,2025-01-01/2025-06-30,2025-07-01/2025-12-31,8,159529.SZ|159825.SZ|159981.SZ|159985.SZ|164824.SZ|501018.SH|512100.SH|513070.SH|513120.SH|513500.SH|513880.SH|515210.SH|518880.SH,0.9112669982447652,0.8221534939092613,cross_entropy,0
rolling_cross_entropy,2025-01-01/2025-06-30,2025-07-01/2025-12-31,9,159329.SZ|159687.SZ|159920.SZ|159980.SZ|159985.SZ|161226.SZ|501018.SH|510500.SH|512890.SH|513080.SH|513500.SH|513750.SH|515790.SH,-0.8314863211530914,0.9042601594691357,cross_entropy,0
rolling_cross_entropy,2025-01-01/2025-06-30,2025-07-01/2025-12-31,10,159201.SZ|159529.SZ|159920.SZ|159980.SZ|159981.SZ|159985.SZ|161226.SZ|510050.SH|513120.SH|513400.SH|513730.SH|513880.SH|515880.SH,-0.5501345505287633,0.8081858331791523,cross_entropy,0
rolling_cross_entropy,2025-01-01/2025-06-30,2025-07-01/2025-12-31,11,159529.SZ|159611.SZ|159687.SZ|159980.SZ|159981.SZ|161226.SZ|501018.SH|513180.SH|513290.SH|513730.SH|513750.SH|515210.SH|588200.SH,-0.3772776781433588,0.829117026530356,cross_entropy,0
rolling_cross_entropy,2025-01-01/2025-06-30,2025-07-01/2025-12-31,12,159687.SZ|159766.SZ|159980.SZ|159985.SZ|160644.SZ|501018.SH|510210.SH|512660.SH|513030.SH|513070.SH|513400.SH|513750.SH|518880.SH,0.31135638286114564,0.8346945255088569,cross_entropy,0
rolling_cross_entropy,2025-01-01/2025-06-30,2025-07-01/2025-12-31,13,159329.SZ|159529.SZ|159870.SZ|159980.SZ|159985.SZ|501018.SH|512040.SH|512660.SH|513120.SH|513180.SH|513730.SH|513880.SH|518880.SH,0.4150795974961459,0.8876244756569097,cross_entropy,0
rolling_cross_entropy,2025-01-01/2025-06-30,2025-07-01/2025-12-31,14,159329.SZ|159518.SZ|159611.SZ|159949.SZ|159980.SZ|159981.SZ|161226.SZ|513030.SH|513180.SH|513400.SH|513750.SH|518880.SH|588220.SH,0.18550660135423416,0.8622502001179988,cross_entropy,0
rolling_cross_entropy,2025-01-01/2025-06-30,2025-07-01/2025-12-31,15,159206.SZ|159509.SZ|159851.SZ|159920.SZ|159980.SZ|159981.SZ|159985.SZ|513030.SH|513120.SH|513290.SH|513500.SH|518880.SH|588220.SH,0.6899846542039848,0.9127168100554361,cross_entropy,0
rolling_cross_entropy,2025-01-01/2025-06-30,2025-07-01/2025-12-31,16,159201.SZ|159981.SZ|159985.SZ|161226.SZ|510210.SH|512980.SH|513030.SH|513080.SH|513180.SH|513290.SH|513750.SH|513880.SH|518880.SH,0.550915565355374,0.9116707235721396,cross_entropy,0
rolling_cross_entropy,2025-01-01/2025-06-30,2025-07-01/2025-12-31,17,159518.SZ|159687.SZ|159920.SZ|159980.SZ|159981.SZ|501018.SH|510210.SH|512040.SH|513100.SH|513120.SH|513310.SH|518880.SH|588200.SH,0.1846434326225457,0.9013327750475338,cross_entropy,0
rolling_cross_entropy,2025-01-01/2025-06-30,2025-07-01/2025-12-31,18,159529.SZ|159796.SZ|159869.SZ|159920.SZ|159980.SZ|159981.SZ|161226.SZ|164824.SZ|512800.SH|513310.SH|513750.SH|513880.SH|518880.SH,1.365516710419508,0.9042601594691357,cross_entropy,0
rolling_cross_entropy,2025-01-01/2025-06-30,2025-07-01/2025-12-31,19,159329.SZ|159865.SZ|159870.SZ|159981.SZ|159985.SZ|160644.SZ|161226.SZ|512400.SH|513120.SH|513180.SH|513310.SH|513880.SH|518880.SH,0.07355433052632177,0.7651942362974979,cross_entropy,0
rolling_cross_entropy,2025-01-01/2025-06-30,2025-07-01/2025-12-31,20,159329.SZ|159529.SZ|159852.SZ|159920.SZ|159980.SZ|159981.SZ|159985.SZ|160644.SZ|512800.SH|512890.SH|513500.SH|513750.SH|518880.SH,0.34018326152912515,0.9042601594691357,cross_entropy,0
rolling_cross_entropy,2025-01-01/2025-06-30,2025-07-01/2025-12-31,21,159329.SZ|159529.SZ|159825.SZ|159920.SZ|159981.SZ|159985.SZ|161226.SZ|512660.SH|513290.SH|513750.SH|513880.SH|515220.SH|518880.SH,1.3266396826784561,0.9042601594691357,cross_entropy,1
rolling_cross_entropy,2025-01-01/2025-06-30,2025-07-01/2025-12-31,22,159509.SZ|159529.SZ|159915.SZ|159980.SZ|161226.SZ|501018.SH|512170.SH|512800.SH|513070.SH|513120.SH|513290.SH|513310.SH|518880.SH,0.8590478448863135,0.8232605155773194,cross_entropy,1
rolling_cross_entropy,2025-01-01/2025-06-30,2025-07-01/2025-12-31,23,159529.SZ|159980.SZ|159981.SZ|161226.SZ|501018.SH|512100.SH|512890.SH|513120.SH|513290.SH|513730.SH|513750.SH|513880.SH|515220.SH,0.33573676400338315,0.7647445077056443,cross_entropy,1
rolling_cross_entropy,2025-01-01/2025-06-30,2025-07-01/2025-12-31,24,159509.SZ|159869.SZ|159949.SZ|159980.SZ|159981.SZ|161226.SZ|164824.SZ|513120.SH|513310.SH|513500.SH|513750.SH|518880.SH|588220.SH,1.6977121846842673,0.9127168100554361,cross_entropy,1
rolling_cross_entropy,2025-01-01/2025-06-30,2025-07-01/2025-12-31,25,159869.SZ|159870.SZ|159920.SZ|159928.SZ|159980.SZ|159981.SZ|161226.SZ|513080.SH|513290.SH|513500.SH|513750.SH|513880.SH|518880.SH,1.396237378883625,0.9042601594691357,cross_entropy,1
rolling_cross_entropy,2025-01-01/2025-06-30,2025-07-01/2025-12-31,26,159209.SZ|159980.SZ|159981.SZ|159985.SZ|510300.SH|513030.SH|513070.SH|513080.SH|513100.SH|513120.SH|513880.SH|518880.SH|588000.SH,0.5437942078006531,0.9194632618772121,cross_entropy,1
rolling_cross_entropy,2025-01-01/2025-06-30,2025-07-01/2025-12-31,27,159201.SZ|159529.SZ|159687.SZ|159980.SZ|159981.SZ|159985.SZ|501018.SH|512980.SH|513120.SH|513290.SH|513500.SH|513750.SH|588220.SH,-0.5828608965313483,0.7757328198303245,cross_entropy,1
rolling_cross_entropy,2025-01-01/2025-06-30,2025-07-01/2025-12-31,28,159509.SZ|159825.SZ|159981.SZ|159985.SZ|161226.SZ|164824.SZ|501018.SH|512890.SH|513070.SH|513120.SH|513290.SH|513880.SH|515790.SH,-0.7194476080685157,0.7500392681675007,cross_entropy,1
rolling_cross_entropy,2025-01-01/2025-06-30,2025-07-01/2025-12-31,29,159529.SZ|159851.SZ|159920.SZ|159980.SZ|159985.SZ|161226.SZ|512890.SH|512980.SH|513030.SH|513120.SH|513290.SH|513500.SH|518880.SH,1.1649137077309004,0.832730832055089,cross_entropy,1
rolling_cross_entropy,2025-01-01/2025-06-30,2025-07-01/2025-12-31,30,159329.SZ|159509.SZ|159529.SZ|159981.SZ|159985.SZ|501018.SH|510180.SH|513070.SH|513120.SH|513290.SH|515210.SH|515880.SH|518880.SH,0.46392540104987384,0.6842490805892012,cross_entropy,1
rolling_cross_entropy,2025-01-01/2025-06-30,2025-07-01/2025-12-31,31,159529.SZ|159870.SZ|159920.SZ|159980.SZ|159981.SZ|159985.SZ|160644.SZ|501018.SH|512800.SH|513500.SH|513730.SH|513750.SH|515210.SH,-0.8985026546840037,0.9042601594691357,cross_entropy,1
rolling_cross_entropy,2025-01-01/2025-06-30,2025-07-01/2025-12-31,32,159509.SZ|159766.SZ|159920.SZ|159980.SZ|159981.SZ|160644.SZ|161226.SZ|164824.SZ|510300.SH|513120.SH|513290.SH|518880.SH|588220.SH,0.4867688782338689,0.8239341336785102,cross_entropy,1
rolling_cross_entropy,2025-01-01/2025-06-30,2025-07-01/2025-12-31,33,159206.SZ|159329.SZ|159901.SZ|159980.SZ|159981.SZ|161226.SZ|510050.SH|513030.SH|513120.SH|513310.SH|513500.SH|513750.SH|518880.SH,1.7920688153037416,0.8470707088608833,cross_entropy,1
rolling_cross_entropy,2025-01-01/2025-06-30,2025-07-01/2025-12-31,34,159529.SZ|159796.SZ|159825.SZ|159985.SZ|161226.SZ|501018.SH|512890.SH|513030.SH|513070.SH|513120.SH|513730.SH|513880.SH|518880.SH,0.564657074555226,0.7647445077056443,cross_entropy,1
rolling_cross_entropy,2025-01-01/2025-06-30,2025-07-01/2025-12-31,35,159509.SZ|159529.SZ|159865.SZ|159920.SZ|159980.SZ|159985.SZ|160644.SZ|501018.SH|512890.SH|513750.SH|513880.SH|518880.SH|588220.SH,0.8215556089820824,0.9042601594691357,cross_entropy,1
rolling_cross_entropy,2025-01-01/2025-06-30,2025-07-01/2025-12-31,36,159687.SZ|159915.SZ|159980.SZ|159981.SZ|159985.SZ|160644.SZ|161226.SZ|510880.SH|513070.SH|513120.SH|513290.SH|513500.SH|515220.SH,-0.7171576768065642,0.7827859872252697,cross_entropy,1
rolling_cross_entropy,2025-01-01/2025-06-30,2025-07-01/2025-12-31,37,159687.SZ|159796.SZ|159920.SZ|159980.SZ|159981.SZ|501018.SH|512880.SH|513030.SH|513100.SH|513120.SH|513290.SH|515880.SH|518880.SH,0.6521097635987724,0.734648664252933,cross_entropy,1
rolling_cross_entropy,2025-01-01/2025-06-30,2025-07-01/2025-12-31,38,159529.SZ|159980.SZ|159981.SZ|159985.SZ|164824.SZ|501018.SH|512800.SH|512880.SH|513120.SH|513290.SH|513310.SH|513750.SH|515210.SH,-0.2934819428572749,0.6813837427043982,cross_entropy,1
rolling_cross_entropy,2025-01-01/2025-06-30,2025-07-01/2025-12-31,39,159209.SZ|159529.SZ|159766.SZ|159920.SZ|159980.SZ|159985.SZ|160644.SZ|161226.SZ|513290.SH|513750.SH|513880.SH|515880.SH|518880.SH,1.0104718814636597,0.9042601594691357,cross_entropy,1
rolling_cross_entropy,2025-01-01/2025-06-30,2025-07-01/2025-12-31,40,159509.SZ|159980.SZ|159985.SZ|160644.SZ|161226.SZ|512800.SH|513070.SH|513120.SH|513290.SH|513880.SH|515220.SH|516150.SH|518880.SH,0.2669360236823075,0.7639156138443662,cross_entropy,1
rolling_cross_entropy,2025-01-01/2025-06-30,2025-07-01/2025-12-31,41,159509.SZ|159529.SZ|159851.SZ|159901.SZ|159920.SZ|159980.SZ|159981.SZ|161226.SZ|512980.SH|513080.SH|513120.SH|513290.SH|518880.SH,0.8520790557113714,0.832730832055089,cross_entropy,2
rolling_cross_entropy,2025-01-01/2025-06-30,2025-07-01/2025-12-31,42,159529.SZ|159851.SZ|159920.SZ|159949.SZ|159981.SZ|159985.SZ|164824.SZ|501018.SH|510050.SH|513290.SH|513730.SH|513750.SH|518880.SH,0.8288225025512848,0.9042601594691357,cross_entropy,2
rolling_cross_entropy,2025-01-01/2025-06-30,2025-07-01/2025-12-31,43,159851.SZ|159980.SZ|159981.SZ|161226.SZ|512980.SH|513030.SH|513180.SH|513290.SH|513500.SH|513750.SH|513880.SH|518880.SH|588220.SH,0.8294517045212296,0.832730832055089,cross_entropy,2
rolling_cross_entropy,2025-01-01/2025-06-30,2025-07-01/2025-12-31,44,159529.SZ|159870.SZ|159949.SZ|159980.SZ|159981.SZ|159985.SZ|164824.SZ|513120.SH|513290.SH|513310.SH|513750.SH|518880.SH|588220.SH,0.974069843568724,0.8622502001179988,cross_entropy,2
rolling_cross_entropy,2025-01-01/2025-06-30,2025-07-01/2025-12-31,45,159209.SZ|159529.SZ|159920.SZ|159980.SZ|159981.SZ|161226.SZ|512980.SH|513030.SH|513080.SH|513120.SH|513310.SH|515790.SH|518880.SH,1.1353683608225407,0.8248864925491514,cross_entropy,2
rolling_cross_entropy,2025-01-01/2025-06-30,2025-07-01/2025-12-31,46,159329.SZ|159949.SZ|159980.SZ|159981.SZ|161226.SZ|512880.SH|513120.SH|513310.SH|513500.SH|513750.SH|513880.SH|515220.SH|518880.SH,1.9683342080060182,0.9023396797593993,cross_entropy,2
rolling_cross_entropy,2025-01-01/2025-06-30,2025-07-01/2025-12-31,47,159329.SZ|159518.SZ|159980.SZ|159981.SZ|160644.SZ|161226.SZ|512100.SH|512170.SH|512980.SH|513080.SH|513120.SH|513750.SH|518880.SH,0.7741796079937973,0.8467512631259039,cross_entropy,2
rolling_cross_entropy,2025-01-01/2025-06-30,2025-07-01/2025-12-31,48,159329.SZ|159509.SZ|159529.SZ|159796.SZ|159980.SZ|159981.SZ|159985.SZ|161226.SZ|510300.SH|512800.SH|513120.SH|513500.SH|513750.SH,-0.6524689291458564,0.9127168100554361,cross_entropy,2
rolling_cross_entropy,2025-01-01/2025-06-30,2025-07-01/2025-12-31,49,159980.SZ|159981.SZ|161226.SZ|512170.SH|512880.SH|513030.SH|513120.SH|513290.SH|513310.SH|513500.SH|513750.SH|518880.SH|588220.SH,1.347405665303839,0.7989655392839966,cross_entropy,2
rolling_cross_entropy,2025-01-01/2025-06-30,2025-07-01/2025-12-31,50,159869.SZ|159920.SZ|159928.SZ|159980.SZ|159981.SZ|161226.SZ|164824.SZ|513080.SH|513120.SH|513310.SH|513880.SH|515220.SH|518880.SH,1.6381196577209998,0.7078661670253201,cross_entropy,2
rolling_cross_entropy,2025-01-01/2025-06-30,2025-07-01/2025-12-31,51,159329.SZ|159529.SZ|159851.SZ|159870.SZ|159981.SZ|159985.SZ|161226.SZ|512980.SH|513120.SH|513290.SH|513500.SH|513750.SH|518880.SH,1.4440832788074438,0.832730832055089,cross_entropy,2
rolling_cross_entropy,2025-01-01/2025-06-30,2025-07-01/2025-12-31,52,159529.SZ|159869.SZ|159920.SZ|159980.SZ|159981.SZ|161226.SZ|513120.SH|513290.SH|513500.SH|513880.SH|515790.SH|518880.SH|588220.SH,0.988517361702399,0.8221534939092613,cross_entropy,2
rolling_cross_entropy,2025-01-01/2025-06-30,2025-07-01/2025-12-31,53,159869.SZ|159949.SZ|159980.SZ|161226.SZ|501018.SH|513070.SH|513080.SH|513120.SH|513290.SH|513500.SH|513880.SH|518880.SH|588220.SH,0.4542742024471068,0.8622502001179988,cross_entropy,2
rolling_cross_entropy,2025-01-01/2025-06-30,2025-07-01/2025-12-31,54,159206.SZ|159529.SZ|159766.SZ|159949.SZ|159980.SZ|160644.SZ|161226.SZ|501018.SH|513030.SH|513120.SH|513500.SH|513750.SH|518880.SH,0.5821202588185936,0.8378472069213566,cross_entropy,2
rolling_cross_entropy,2025-01-01/2025-06-30,2025-07-01/2025-12-31,55,159329.SZ|159825.SZ|159920.SZ|159980.SZ|159985.SZ|161226.SZ|513030.SH|513120.SH|513500.SH|513880.SH|515220.SH|518880.SH|588220.SH,1.2399420956819407,0.8221534939092613,cross_entropy,2
rolling_cross_entropy,2025-01-01/2025-06-30,2025-07-01/2025-12-31,56,159509.SZ|159529.SZ|159825.SZ|159851.SZ|159981.SZ|159985.SZ|164824.SZ|501018.SH|513120.SH|513750.SH|513880.SH|515220.SH|518880.SH,1.0933778605731632,0.7500392681675007,cross_entropy,2
rolling_cross_entropy,2025-01-01/2025-06-30,2025-07-01/2025-12-31,57,159529.SZ|159611.SZ|159920.SZ|159980.SZ|159981.SZ|161226.SZ|512660.SH|513030.SH|513500.SH|513750.SH|513880.SH|515210.SH|518880.SH,1.5227516566092774,0.9042601594691357,cross_entropy,2
rolling_cross_entropy,2025-01-01/2025-06-30,2025-07-01/2025-12-31,58,159206.SZ|159509.SZ|159825.SZ|159920.SZ|159980.SZ|159981.SZ|159985.SZ|161226.SZ|513120.SH|513290.SH|513500.SH|513880.SH|563300.SH,-0.27070794163183143,0.9127168100554361,cross_entropy,2
rolling_cross_entropy,2025-01-01/2025-06-30,2025-07-01/2025-12-31,59,159201.SZ|159529.SZ|159851.SZ|159869.SZ|159920.SZ|159980.SZ|159981.SZ|161226.SZ|164824.SZ|513030.SH|513120.SH|513500.SH|518880.SH,1.2737440699996596,0.7851839236646649,cross_entropy,2
rolling_cross_entropy,2025-01-01/2025-06-30,2025-07-01/2025-12-31,60,159201.SZ|159329.SZ|159920.SZ|159980.SZ|159981.SZ|161226.SZ|512890.SH|513290.SH|513310.SH|513500.SH|513750.SH|515220.SH|518880.SH,1.2778761121915325,0.9042601594691357,cross_entropy,2
rolling_cross_entropy,2025-01-01/2025-06-30,2025-07-01/2025-12-31,61,159529.SZ|159796.SZ|159920.SZ|159981.SZ|159985.SZ|161226.SZ|164824.SZ|512980.SH|513030.SH|513120.SH|513290.SH|515220.SH|518880.SH,0.8062754702835784,0.6725901941881511,cross_entropy,3
rolling_cross_entropy,2025-01-01/2025-06-30,2025-07-01/2025-12-31,62,159825.SZ|159920.SZ|159980.SZ|159981.SZ|159985.SZ|512040.SH|512660.SH|513120.SH|513290.SH|513310.SH|513500.SH|513880.SH|518880.SH,1.5784469440784636,0.8221534939092613,cross_entropy,3
rolling_cross_entropy,2025-01-01/2025-06-30,2025-07-01/2025-12-31,63,159920.SZ|159980.SZ|159981.SZ|161226.SZ|512660.SH|513290.SH|513310.SH|513500.SH|513750.SH|513880.SH|515220.SH|515790.SH|518880.SH,1.2603457010158787,0.9042601594691357,cross_entropy,3
rolling_cross_entropy,2025-01-01/2025-06-30,2025-07-01/2025-12-31,64,159869.SZ|159920.SZ|159949.SZ|159981.SZ|159985.SZ|161226.SZ|164824.SZ|512800.SH|513120.SH|513290.SH|513400.SH|513880.SH|518880.SH,0.9360054034739878,0.8081858331791523,cross_entropy,3
rolling_cross_entropy,2025-01-01/2025-06-30,2025-07-01/2025-12-31,65,159796.SZ|159980.SZ|159981.SZ|159985.SZ|164824.SZ|501018.SH|513030.SH|513070.SH|513120.SH|513290.SH|513500.SH|515220.SH|588220.SH,-0.7197776153102662,0.7683613130949273,cross_entropy,3
rolling_cross_entropy,2025-01-01/2025-06-30,2025-07-01/2025-12-31,66,159869.SZ|159920.SZ|159949.SZ|159980.SZ|159981.SZ|160644.SZ|161226.SZ|512880.SH|513030.SH|513500.SH|513750.SH|513880.SH|518880.SH,0.9148815076017293,0.9042601594691357,cross_entropy,3
rolling_cross_entropy,2025-01-01/2025-06-30,2025-07-01/2025-12-31,67,159529.SZ|159920.SZ|159980.SZ|159985.SZ|161226.SZ|513120.SH|513290.SH|513500.SH|513730.SH|515210.SH|518880.SH|563300.SH|588220.SH,0.9999715541270908,0.8538396858901334,cross_entropy,3
rolling_cross_entropy,2025-01-01/2025-06-30,2025-07-01/2025-12-31,68,159611.SZ|159870.SZ|159920.SZ|159980.SZ|159981.SZ|159985.SZ|512880.SH|513030.SH|513120.SH|513310.SH|513500.SH|513880.SH|518880.SH,1.1399007065883684,0.8221534939092613,cross_entropy,3
rolling_cross_entropy,2025-01-01/2025-06-30,2025-07-01/2025-12-31,69,159329.SZ|159766.SZ|159928.SZ|159980.SZ|159981.SZ|159985.SZ|513030.SH|513120.SH|513290.SH|513500.SH|513750.SH|518880.SH|588220.SH,0.5781663311551188,0.7613998744945906,cross_entropy,3
rolling_cross_entropy,2025-01-01/2025-06-30,2025-07-01/2025-12-31,70,159796.SZ|159949.SZ|159981.SZ|159985.SZ|161226.SZ|164824.SZ|512880.SH|513120.SH|513290.SH|513310.SH|513500.SH|513750.SH|518880.SH,1.544249968180296,0.9023396797593993,cross_entropy,3
rolling_cross_entropy,2025-01-01/2025-06-30,2025-07-01/2025-12-31,71,159529.SZ|159851.SZ|159980.SZ|159981.SZ|159985.SZ|164824.SZ|512890.SH|513120.SH|513500.SH|513750.SH|513880.SH|518880.SH|588220.SH,0.7617353820007879,0.8221534939092613,cross_entropy,3
rolling_cross_entropy,2025-01-01/2025-06-30,2025-07-01/2025-12-31,72,159529.SZ|159870.SZ|159949.SZ|159980.SZ|159981.SZ|161226.SZ|513030.SH|513080.SH|513120.SH|513500.SH|513750.SH|518880.SH|588220.SH,1.0709218891283068,0.8622502001179988,cross_entropy,3
rolling_cross_entropy,2025-01-01/2025-06-30,2025-07-01/2025-12-31,73,159206.SZ|159980.SZ|159981.SZ|161226.SZ|513030.SH|513120.SH|513290.SH|513500.SH|513750.SH|513880.SH|515210.SH|515220.SH|518880.SH,1.4241678684811485,0.8221534939092613,cross_entropy,3
rolling_cross_entropy,2025-01-01/2025-06-30,2025-07-01/2025-12-31,74,159509.SZ|159980.SZ|159981.SZ|159985.SZ|161226.SZ|510300.SH|512880.SH|512980.SH|513120.SH|513310.SH|513500.SH|513750.SH|513880.SH,0.2388500180023858,0.9127168100554361,cross_entropy,3
rolling_cross_entropy,2025-01-01/2025-06-30,2025-07-01/2025-12-31,75,159201.SZ|159980.SZ|159981.SZ|159985.SZ|161226.SZ|512880.SH|513030.SH|513120.SH|513310.SH|513500.SH|513750.SH|513880.SH|588000.SH,-0.16673781066323634,0.8221534939092613,cross_entropy,3
rolling_cross_entropy,2025-01-01/2025-06-30,2025-07-01/2025-12-31,76,159329.SZ|159529.SZ|159851.SZ|159869.SZ|159980.SZ|159981.SZ|159985.SZ|161226.SZ|513120.SH|513500.SH|513750.SH|513880.SH|588220.SH,0.5618691097237837,0.8221534939092613,cross_entropy,3
rolling_cross_entropy,2025-01-01/2025-06-30,2025-07-01/2025-12-31,77,159206.SZ|159329.SZ|159869.SZ|159980.SZ|159981.SZ|161226.SZ|513080.SH|513120.SH|513290.SH|513310.SH|513750.SH|518880.SH|562500.SH,2.148710794923642,0.8649137804514015,cross_entropy,3
rolling_cross_entropy,2025-01-01/2025-06-30,2025-07-01/2025-12-31,78,159825.SZ|159949.SZ|159980.SZ|159981.SZ|161226.SZ|513120.SH|513290.SH|513310.SH|513500.SH|513750.SH|513880.SH|515220.SH|518880.SH,1.2231070639122712,0.8221534939092613,cross_entropy,3
rolling_cross_entropy,2025-01-01/2025-06-30,2025-07-01/2025-12-31,79,159206.SZ|159329.SZ|159920.SZ|159980.SZ|159985.SZ|161226.SZ|510050.SH|513310.SH|513500.SH|513750.SH|513880.SH|518880.SH|588000.SH,0.4905483007649319,0.9042601594691357,cross_entropy,3
rolling_cross_entropy,2025-01-01/2025-06-30,2025-07-01/2025-12-31,80,159518.SZ|159529.SZ|159796.SZ|159980.SZ|159981.SZ|161226.SZ|510180.SH|512980.SH|513030.SH|513120.SH|513310.SH|513750.SH|518880.SH,0.5469627752857613,0.7673963532804653,cross_entropy,3
rolling_cross_entropy,2025-01-01/2025-06-30,2025-07-01/2025-12-31,81,159201.SZ|159518.SZ|159920.SZ|159981.SZ|159985.SZ|501018.SH|510500.SH|513120.SH|513290.SH|513310.SH|513500.SH|515210.SH|518880.SH,-0.017508321967234692,0.8869104403052311,cross_entropy,4
rolling_cross_entropy,2025-01-01/2025-06-30,2025-07-01/2025-12-31,82,159529.SZ|159869.SZ|159920.SZ|159981.SZ|159985.SZ|161226.SZ|164824.SZ|512880.SH|513030.SH|513120.SH|513500.SH|518880.SH|588200.SH,1.1854473255472688,0.7051672886570509,cross_entropy,4
rolling_cross_entropy,2025-01-01/2025-06-30,2025-07-01/2025-12-31,83,159518.SZ|159796.SZ|159825.SZ|159920.SZ|159980.SZ|159981.SZ|159985.SZ|161226.SZ|510210.SH|513290.SH|513310.SH|513500.SH|513750.SH,-0.19883708207652517,0.9042601594691357,cross_entropy,4
rolling_cross_entropy,2025-01-01/2025-06-30,2025-07-01/2025-12-31,84,159329.SZ|159796.SZ|159920.SZ|159967.SZ|159981.SZ|159985.SZ|161226.SZ|164824.SZ|513500.SH|513750.SH|513880.SH|515220.SH|518880.SH,1.189947121439994,0.9042601594691357,cross_entropy,4
rolling_cross_entropy,2025-01-01/2025-06-30,2025-07-01/2025-12-31,85,159206.SZ|159329.SZ|159870.SZ|159920.SZ|159980.SZ|159981.SZ|159985.SZ|161226.SZ|164824.SZ|513290.SH|513750.SH|513880.SH|588220.SH,0.253940609994981,0.9042601594691357,cross_entropy,4
rolling_cross_entropy,2025-01-01/2025-06-30,2025-07-01/2025-12-31,86,159206.SZ|159529.SZ|159949.SZ|159980.SZ|159981.SZ|161226.SZ|512980.SH|513080.SH|513120.SH|513290.SH|513500.SH|513750.SH|518880.SH,1.7215241235986725,0.8378472069213566,cross_entropy,4
rolling_cross_entropy,2025-01-01/2025-06-30,2025-07-01/2025-12-31,87,159329.SZ|159920.SZ|159949.SZ|159980.SZ|159981.SZ|161226.SZ|512170.SH|513030.SH|513290.SH|513310.SH|513750.SH|515220.SH|518880.SH,1.5171053401864933,0.9042601594691357,cross_entropy,4
rolling_cross_entropy,2025-01-01/2025-06-30,2025-07-01/2025-12-31,88,159870.SZ|159980.SZ|161226.SZ|501018.SH|512880.SH|513030.SH|513080.SH|513120.SH|513290.SH|513750.SH|513880.SH|515220.SH|518880.SH,0.8348940820646643,0.8248864925491514,cross_entropy,4
rolling_cross_entropy,2025-01-01/2025-06-30,2025-07-01/2025-12-31,89,159980.SZ|159981.SZ|161226.SZ|513120.SH|513290.SH|513310.SH|513500.SH|513750.SH|513880.SH|515210.SH|515220.SH|518880.SH|562500.SH,1.2850385237569235,0.8221534939092613,cross_entropy,4
rolling_cross_entropy,2025-01-01/2025-06-30,2025-07-01/2025-12-31,90,159851.SZ|159980.SZ|159981.SZ|159985.SZ|161226.SZ|512660.SH|513030.SH|513070.SH|513120.SH|513290.SH|513310.SH|513500.SH|515220.SH,-0.37946332288876666,0.7613998744945906,cross_entropy,4
rolling_cross_entropy,2025-01-01/2025-06-30,2025-07-01/2025-12-31,91,159825.SZ|159869.SZ|159920.SZ|159980.SZ|159981.SZ|161226.SZ|513030.SH|513310.SH|513500.SH|513750.SH|513880.SH|515220.SH|518880.SH,1.6261607712061332,0.9042601594691357,cross_entropy,4
rolling_cross_entropy,2025-01-01/2025-06-30,2025-07-01/2025-12-31,92,159529.SZ|159825.SZ|159920.SZ|159980.SZ|159985.SZ|161226.SZ|512880.SH|513310.SH|513500.SH|513750.SH|513880.SH|516150.SH|518880.SH,1.8012709251187622,0.9042601594691357,cross_entropy,4
rolling_cross_entropy,2025-01-01/2025-06-30,2025-07-01/2025-12-31,93,159206.SZ|159869.SZ|159980.SZ|159981.SZ|161226.SZ|512880.SH|513120.SH|513290.SH|513500.SH|513730.SH|513750.SH|513880.SH|518880.SH,1.6284091098111948,0.8489591242734664,cross_entropy,4
rolling_cross_entropy,2025-01-01/2025-06-30,2025-07-01/2025-12-31,94,159326.SZ|159980.SZ|159981.SZ|160644.SZ|161226.SZ|164824.SZ|513120.SH|513310.SH|513500.SH|513750.SH|516150.SH|518880.SH|562500.SH,1.2614694147694911,0.7416399027466565,cross_entropy,4
rolling_cross_entropy,2025-01-01/2025-06-30,2025-07-01/2025-12-31,95,159206.SZ|159529.SZ|159920.SZ|159949.SZ|159980.SZ|159981.SZ|161226.SZ|513120.SH|513310.SH|513500.SH|513880.SH|515210.SH|518880.SH,1.4490096050715853,0.8378472069213566,cross_entropy,4
rolling_cross_entropy,2025-01-01/2025-06-30,2025-07-01/2025-12-31,96,159329.SZ|159949.SZ|159980.SZ|159981.SZ|161226.SZ|164824.SZ|512880.SH|513120.SH|513290.SH|513310.SH|513750.SH|515220.SH|518880.SH,1.7738336008947764,0.9023396797593993,cross_entropy,4
rolling_cross_entropy,2025-01-01/2025-06-30,2025-07-01/2025-12-31,97,159509.SZ|159920.SZ|159980.SZ|159981.SZ|161226.SZ|512660.SH|512880.SH|513080.SH|513290.SH|513310.SH|513750.SH|516150.SH|518880.SH,0.7122161226931929,0.9042601594691357,cross_entropy,4
rolling_cross_entropy,2025-01-01/2025-06-30,2025-07-01/2025-12-31,98,159329.SZ|159920.SZ|159980.SZ|159981.SZ|159985.SZ|512660.SH|512880.SH|513120.SH|513310.SH|513500.SH|513880.SH|518880.SH|562500.SH,0.1248379477207073,0.8221534939092613,cross_entropy,4
rolling_cross_entropy,2025-01-01/2025-06-30,2025-07-01/2025-12-31,99,159851.SZ|159869.SZ|159980.SZ|159981.SZ|161226.SZ|513030.SH|513120.SH|513290.SH|513500.SH|513750.SH|513880.SH|518880.SH|562500.SH,1.5100147233209424,0.8221534939092613,cross_entropy,4
rolling_cross_entropy,2025-01-01/2025-06-30,2025-07-01/2025-12-31,100,159825.SZ|159949.SZ|159980.SZ|159981.SZ|159985.SZ|164824.SZ|513120.SH|513290.SH|513310.SH|513750.SH|513880.SH|515210.SH|518880.SH,0.620698325473988,0.7078661670253201,cross_entropy,4
rolling_cross_entropy,2025-07-01/2025-12-31,2026-01-01/2026-06-30,1,159209.SZ|159529.SZ|159985.SZ|160644.SZ|161226.SZ|501018.SH|512100.SH|512890.SH|513100.SH|513120.SH|513500.SH|513750.SH|518880.SH,2.9001557485888667,0.8694020646184932,cross_entropy,0
rolling_cross_entropy,2025-07-01/2025-12-31,2026-01-01/2026-06-30,2,159518.SZ|159687.SZ|159869.SZ|159980.SZ|161226.SZ|501018.SH|512400.SH|513080.SH|513120.SH|513500.SH|513750.SH|516150.SH|518880.SH,1.4512951169521058,0.8034572687029375,cross_entropy,0
rolling_cross_entropy,2025-07-01/2025-12-31,2026-01-01/2026-06-30,3,159687.SZ|159901.SZ|159920.SZ|159981.SZ|159985.SZ|501018.SH|512200.SH|512880.SH|513070.SH|513080.SH|513290.SH|513500.SH|518880.SH,1.13092376950945,0.8781907596410816,cross_entropy,0
rolling_cross_entropy,2025-07-01/2025-12-31,2026-01-01/2026-06-30,4,159206.SZ|159509.SZ|159980.SZ|159981.SZ|159985.SZ|164824.SZ|513120.SH|513310.SH|513730.SH|513750.SH|518880.SH|588000.SH|588220.SH,2.892280408917779,0.8604283405275179,cross_entropy,0
rolling_cross_entropy,2025-07-01/2025-12-31,2026-01-01/2026-06-30,5,159209.SZ|159509.SZ|159981.SZ|159985.SZ|501018.SH|510050.SH|513080.SH|513100.SH|513120.SH|513730.SH|513750.SH|515790.SH|518880.SH,1.9831827528986112,0.8496577034190855,cross_entropy,0
rolling_cross_entropy,2025-07-01/2025-12-31,2026-01-01/2026-06-30,6,159928.SZ|159981.SZ|159985.SZ|161226.SZ|501018.SH|512880.SH|513070.SH|513080.SH|513400.SH|513500.SH|513750.SH|513880.SH|588000.SH,1.5972160163258327,0.8047960289181927,cross_entropy,0
rolling_cross_entropy,2025-07-01/2025-12-31,2026-01-01/2026-06-30,7,159687.SZ|159920.SZ|159981.SZ|159985.SZ|161226.SZ|164824.SZ|512980.SH|513030.SH|513070.SH|513080.SH|515210.SH|515790.SH|518880.SH,1.418981582499639,0.8781907596410816,cross_entropy,0
rolling_cross_entropy,2025-07-01/2025-12-31,2026-01-01/2026-06-30,8,159852.SZ|159949.SZ|159980.SZ|159981.SZ|159985.SZ|164824.SZ|510210.SH|513070.SH|513180.SH|513310.SH|513500.SH|513730.SH|518880.SH,1.1383885356719847,0.830842807816761,cross_entropy,0
rolling_cross_entropy,2025-07-01/2025-12-31,2026-01-01/2026-06-30,9,159329.SZ|159796.SZ|159870.SZ|159981.SZ|159985.SZ|161226.SZ|501018.SH|512400.SH|513070.SH|513290.SH|513310.SH|513750.SH|513880.SH,2.803926986608313,0.707576257879909,cross_entropy,0
rolling_cross_entropy,2025-07-01/2025-12-31,2026-01-01/2026-06-30,10,159201.SZ|159518.SZ|159529.SZ|159901.SZ|159981.SZ|159985.SZ|161226.SZ|510180.SH|513070.SH|513080.SH|513100.SH|513180.SH|518880.SH,2.590157836003891,0.8685083157546747,cross_entropy,0
rolling_cross_entropy,2025-07-01/2025-12-31,2026-01-01/2026-06-30,11,159869.SZ|159928.SZ|159985.SZ|161226.SZ|501018.SH|512170.SH|513030.SH|513180.SH|513310.SH|513500.SH|513750.SH|513880.SH|518880.SH,1.396688797605532,0.6642110535784537,cross_entropy,0
rolling_cross_entropy,2025-07-01/2025-12-31,2026-01-01/2026-06-30,12,159329.SZ|159796.SZ|159920.SZ|159981.SZ|159985.SZ|160644.SZ|161226.SZ|501018.SH|512100.SH|513120.SH|513290.SH|513880.SH|515210.SH,3.4084489752355775,0.7035669847357374,cross_entropy,0
rolling_cross_entropy,2025-07-01/2025-12-31,2026-01-01/2026-06-30,13,159329.SZ|159928.SZ|159981.SZ|159985.SZ|160644.SZ|164824.SZ|501018.SH|512040.SH|513070.SH|513180.SH|513500.SH|515210.SH|518880.SH,0.40994671656196596,0.830842807816761,cross_entropy,0
rolling_cross_entropy,2025-07-01/2025-12-31,2026-01-01/2026-06-30,14,159201.SZ|159518.SZ|159529.SZ|159611.SZ|159920.SZ|159980.SZ|159985.SZ|161226.SZ|513030.SH|513180.SH|513500.SH|516150.SH|518880.SH,1.0983728950242726,0.896611122646074,cross_entropy,0
rolling_cross_entropy,2025-07-01/2025-12-31,2026-01-01/2026-06-30,15,159529.SZ|159611.SZ|159949.SZ|159980.SZ|161226.SZ|164824.SZ|501018.SH|512800.SH|513070.SH|513080.SH|513180.SH|513400.SH|518880.SH,0.7965386891967952,0.830842807816761,cross_entropy,0
rolling_cross_entropy,2025-07-01/2025-12-31,2026-01-01/2026-06-30,16,159329.SZ|159611.SZ|159949.SZ|159967.SZ|159980.SZ|159981.SZ|501018.SH|513080.SH|513100.SH|513180.SH|513310.SH|513750.SH|518880.SH,1.8422912698023428,0.919503894301262,cross_entropy,0
rolling_cross_entropy,2025-07-01/2025-12-31,2026-01-01/2026-06-30,17,159329.SZ|159518.SZ|159981.SZ|159985.SZ|161226.SZ|501018.SH|512040.SH|512170.SH|512400.SH|513120.SH|513310.SH|513500.SH|513750.SH,2.635825231630862,0.6783314323656843,cross_entropy,0
rolling_cross_entropy,2025-07-01/2025-12-31,2026-01-01/2026-06-30,18,159920.SZ|159980.SZ|159985.SZ|164824.SZ|501018.SH|512170.SH|512980.SH|513030.SH|513120.SH|513310.SH|513500.SH|518880.SH|562500.SH,1.9252497875558123,0.6556815999820258,cross_entropy,0
rolling_cross_entropy,2025-07-01/2025-12-31,2026-01-01/2026-06-30,19,159206.SZ|159509.SZ|159529.SZ|159981.SZ|161226.SZ|501018.SH|512800.SH|513030.SH|513070.SH|513120.SH|513400.SH|518880.SH|588220.SH,3.0045161081587746,0.7003185489881537,cross_entropy,0
rolling_cross_entropy,2025-07-01/2025-12-31,2026-01-01/2026-06-30,20,159920.SZ|159949.SZ|159980.SZ|159981.SZ|159985.SZ|164824.SZ|501018.SH|512100.SH|512890.SH|513070.SH|513100.SH|513730.SH|513880.SH,1.022705898001821,0.8781907596410816,cross_entropy,0
rolling_cross_entropy,2025-07-01/2025-12-31,2026-01-01/2026-06-30,21,159209.SZ|159981.SZ|159985.SZ|160644.SZ|161226.SZ|501018.SH|513120.SH|513290.SH|513730.SH|513750.SH|513880.SH|515220.SH|588220.SH,2.777562700998309,0.5884337854605235,cross_entropy,1
rolling_cross_entropy,2025-07-01/2025-12-31,2026-01-01/2026-06-30,22,159206.SZ|159518.SZ|159796.SZ|159980.SZ|159981.SZ|160644.SZ|161226.SZ|501018.SH|512100.SH|513070.SH|513290.SH|513500.SH|513750.SH,3.5072422749822776,0.7080363144749379,cross_entropy,1
rolling_cross_entropy,2025-07-01/2025-12-31,2026-01-01/2026-06-30,23,159206.SZ|159329.SZ|159509.SZ|159851.SZ|159928.SZ|159980.SZ|159981.SZ|161226.SZ|513070.SH|513120.SH|513310.SH|513880.SH|518880.SH,2.620151552226841,0.5790134812822618,cross_entropy,1
rolling_cross_entropy,2025-07-01/2025-12-31,2026-01-01/2026-06-30,24,159329.SZ|159509.SZ|159529.SZ|159901.SZ|159981.SZ|159985.SZ|161226.SZ|512100.SH|513120.SH|513500.SH|513750.SH|518880.SH|562500.SH,2.4492996223084877,0.8352157048928607,cross_entropy,1
rolling_cross_entropy,2025-07-01/2025-12-31,2026-01-01/2026-06-30,25,159329.SZ|159509.SZ|159980.SZ|159981.SZ|161226.SZ|510180.SH|510880.SH|513070.SH|513120.SH|513310.SH|513730.SH|518880.SH|588200.SH,2.4567414578846054,0.7261832191445962,cross_entropy,1
rolling_cross_entropy,2025-07-01/2025-12-31,2026-01-01/2026-06-30,26,159326.SZ|159329.SZ|159509.SZ|159981.SZ|159985.SZ|501018.SH|512800.SH|513120.SH|513290.SH|513400.SH|513750.SH|516150.SH|518880.SH,2.6053592654198323,0.5672778172369838,cross_entropy,1
rolling_cross_entropy,2025-07-01/2025-12-31,2026-01-01/2026-06-30,27,159865.SZ|159981.SZ|160644.SZ|161226.SZ|164824.SZ|501018.SH|510180.SH|513070.SH|513120.SH|513310.SH|513880.SH|518880.SH|588220.SH,2.283701813043528,0.7354422317838477,cross_entropy,1
rolling_cross_entropy,2025-07-01/2025-12-31,2026-01-01/2026-06-30,28,159985.SZ|160644.SZ|161226.SZ|501018.SH|512100.SH|513030.SH|513070.SH|513080.SH|513120.SH|513730.SH|515880.SH|518880.SH|562500.SH,3.0090251837178394,0.8206353307771239,cross_entropy,1
rolling_cross_entropy,2025-07-01/2025-12-31,2026-01-01/2026-06-30,29,159329.SZ|159509.SZ|159981.SZ|159985.SZ|161226.SZ|501018.SH|512100.SH|512800.SH|513120.SH|513290.SH|513310.SH|513750.SH|515210.SH,3.1583953778551748,0.5318163443472316,cross_entropy,1
rolling_cross_entropy,2025-07-01/2025-12-31,2026-01-01/2026-06-30,30,159206.SZ|159329.SZ|159529.SZ|159687.SZ|159766.SZ|159980.SZ|159981.SZ|159985.SZ|161226.SZ|512100.SH|513070.SH|513120.SH|513500.SH,2.842455132780932,0.7080363144749379,cross_entropy,1
rolling_cross_entropy,2025-07-01/2025-12-31,2026-01-01/2026-06-30,31,159329.SZ|159509.SZ|159928.SZ|159981.SZ|161226.SZ|501018.SH|510500.SH|513100.SH|513120.SH|513310.SH|513750.SH|518880.SH|588220.SH,2.239636320496684,0.8820941284378736,cross_entropy,1
rolling_cross_entropy,2025-07-01/2025-12-31,2026-01-01/2026-06-30,32,159509.SZ|159529.SZ|159796.SZ|159980.SZ|161226.SZ|501018.SH|512040.SH|512800.SH|513070.SH|513100.SH|513120.SH|513730.SH|518880.SH,3.4216460068285963,0.8496577034190855,cross_entropy,1
rolling_cross_entropy,2025-07-01/2025-12-31,2026-01-01/2026-06-30,33,159329.SZ|159509.SZ|159518.SZ|159920.SZ|159980.SZ|159985.SZ|161226.SZ|512100.SH|512170.SH|512880.SH|513030.SH|513120.SH|518880.SH,3.4414224869595444,0.7258714443485212,cross_entropy,1
rolling_cross_entropy,2025-07-01/2025-12-31,2026-01-01/2026-06-30,34,159209.SZ|159329.SZ|159529.SZ|159981.SZ|159985.SZ|161226.SZ|513070.SH|513100.SH|513290.SH|513750.SH|516150.SH|518880.SH|588220.SH,3.550782071524944,0.6654991042879288,cross_entropy,1
rolling_cross_entropy,2025-07-01/2025-12-31,2026-01-01/2026-06-30,35,159326.SZ|159329.SZ|159518.SZ|159796.SZ|159981.SZ|160644.SZ|161226.SZ|501018.SH|512040.SH|513070.SH|513120.SH|513290.SH|518880.SH,3.1085881862558358,0.7307275804783935,cross_entropy,1
rolling_cross_entropy,2025-07-01/2025-12-31,2026-01-01/2026-06-30,36,159201.SZ|159529.SZ|159985.SZ|161226.SZ|501018.SH|512100.SH|513100.SH|513120.SH|513290.SH|513750.SH|513880.SH|518880.SH|588220.SH,3.2077579184476415,0.8820759359846061,cross_entropy,1
rolling_cross_entropy,2025-07-01/2025-12-31,2026-01-01/2026-06-30,37,159329.SZ|159509.SZ|159949.SZ|159981.SZ|159985.SZ|161226.SZ|501018.SH|513080.SH|513100.SH|513180.SH|513750.SH|515210.SH|562500.SH,2.563519262270178,0.8496577034190855,cross_entropy,1
rolling_cross_entropy,2025-07-01/2025-12-31,2026-01-01/2026-06-30,38,159201.SZ|159209.SZ|159509.SZ|159870.SZ|159981.SZ|159985.SZ|160644.SZ|501018.SH|513030.SH|513070.SH|513730.SH|513750.SH|518880.SH,1.9073046342800173,0.8073781297522051,cross_entropy,1
rolling_cross_entropy,2025-07-01/2025-12-31,2026-01-01/2026-06-30,39,159206.SZ|159329.SZ|159509.SZ|159796.SZ|159852.SZ|159980.SZ|159985.SZ|164824.SZ|501018.SH|513070.SH|513120.SH|513310.SH|518880.SH,2.5533433446929266,0.6217638747343746,cross_entropy,1
rolling_cross_entropy,2025-07-01/2025-12-31,2026-01-01/2026-06-30,40,159509.SZ|159529.SZ|159851.SZ|159870.SZ|159928.SZ|159981.SZ|159985.SZ|161226.SZ|164824.SZ|513070.SH|513120.SH|513880.SH|518880.SH,2.475410641333599,0.5680135158098409,cross_entropy,1
rolling_cross_entropy,2025-07-01/2025-12-31,2026-01-01/2026-06-30,41,159206.SZ|159209.SZ|159329.SZ|159509.SZ|159529.SZ|159920.SZ|159928.SZ|159980.SZ|159981.SZ|159985.SZ|501018.SH|513730.SH|513750.SH,2.1818636368397137,0.7241698032373148,cross_entropy,2
rolling_cross_entropy,2025-07-01/2025-12-31,2026-01-01/2026-06-30,42,159329.SZ|159518.SZ|159529.SZ|159920.SZ|159980.SZ|159981.SZ|159985.SZ|513030.SH|513120.SH|516150.SH|518880.SH|588000.SH|588220.SH,2.284452431065429,0.8604283405275179,cross_entropy,2
rolling_cross_entropy,2025-07-01/2025-12-31,2026-01-01/2026-06-30,43,159509.SZ|159796.SZ|159920.SZ|159980.SZ|159985.SZ|501018.SH|512100.SH|513030.SH|513100.SH|513310.SH|513750.SH|516150.SH|518880.SH,2.9366104776413526,0.8496577034190855,cross_entropy,2
rolling_cross_entropy,2025-07-01/2025-12-31,2026-01-01/2026-06-30,44,159206.SZ|159529.SZ|159981.SZ|161226.SZ|501018.SH|510210.SH|513030.SH|513070.SH|513100.SH|513120.SH|513290.SH|518880.SH|588220.SH,3.6678512479841054,0.6598207812310083,cross_entropy,2
rolling_cross_entropy,2025-07-01/2025-12-31,2026-01-01/2026-06-30,45,159329.SZ|159509.SZ|159529.SZ|159980.SZ|159985.SZ|161226.SZ|164824.SZ|512880.SH|513070.SH|513120.SH|515220.SH|518880.SH|588220.SH,2.3894412528913045,0.5659257775182698,cross_entropy,2
rolling_cross_entropy,2025-07-01/2025-12-31,2026-01-01/2026-06-30,46,159206.SZ|159329.SZ|159509.SZ|159529.SZ|159687.SZ|159928.SZ|159980.SZ|159985.SZ|161226.SZ|512880.SH|513070.SH|513750.SH|518880.SH,2.947714339603267,0.5835502313497182,cross_entropy,2
rolling_cross_entropy,2025-07-01/2025-12-31,2026-01-01/2026-06-30,47,159509.SZ|159920.SZ|159980.SZ|159981.SZ|160644.SZ|161226.SZ|501018.SH|512400.SH|512800.SH|513100.SH|513120.SH|513310.SH|588000.SH,2.6109636159493244,0.8496577034190855,cross_entropy,2
rolling_cross_entropy,2025-07-01/2025-12-31,2026-01-01/2026-06-30,48,159329.SZ|159529.SZ|159870.SZ|159920.SZ|159980.SZ|159985.SZ|161226.SZ|501018.SH|512800.SH|513080.SH|513120.SH|513310.SH|588220.SH,2.2171643882510104,0.501307691339164,cross_entropy,2
rolling_cross_entropy,2025-07-01/2025-12-31,2026-01-01/2026-06-30,49,159329.SZ|159518.SZ|159529.SZ|159870.SZ|159920.SZ|159980.SZ|161226.SZ|501018.SH|513120.SH|513500.SH|516150.SH|518880.SH|588220.SH,2.019464092509971,0.6654991042879288,cross_entropy,2
rolling_cross_entropy,2025-07-01/2025-12-31,2026-01-01/2026-06-30,50,159529.SZ|159985.SZ|161226.SZ|501018.SH|512170.SH|512200.SH|513120.SH|513290.SH|513500.SH|513730.SH|513750.SH|516150.SH|518880.SH,3.337165901269683,0.6194285010880313,cross_entropy,2
rolling_cross_entropy,2025-07-01/2025-12-31,2026-01-01/2026-06-30,51,159206.SZ|159518.SZ|159529.SZ|159865.SZ|159980.SZ|159985.SZ|160644.SZ|161226.SZ|501018.SH|510210.SH|513070.SH|513120.SH|513310.SH,2.690359459647695,0.5606287046702274,cross_entropy,2
rolling_cross_entropy,2025-07-01/2025-12-31,2026-01-01/2026-06-30,52,159201.SZ|159509.SZ|159920.SZ|159981.SZ|159985.SZ|161226.SZ|164824.SZ|510300.SH|513290.SH|513750.SH|513880.SH|518880.SH|563300.SH,3.0065372368968024,0.7611879085077661,cross_entropy,2
rolling_cross_entropy,2025-07-01/2025-12-31,2026-01-01/2026-06-30,53,159329.SZ|159529.SZ|159796.SZ|159981.SZ|159985.SZ|161226.SZ|513070.SH|513100.SH|513120.SH|513500.SH|516150.SH|518880.SH|588220.SH,2.616386517239151,0.8694020646184932,cross_entropy,2
rolling_cross_entropy,2025-07-01/2025-12-31,2026-01-01/2026-06-30,54,159201.SZ|159329.SZ|159529.SZ|159870.SZ|159981.SZ|159985.SZ|160644.SZ|161226.SZ|501018.SH|512100.SH|513070.SH|513100.SH|513750.SH,2.1571399113532137,0.7374280900842184,cross_entropy,2
rolling_cross_entropy,2025-07-01/2025-12-31,2026-01-01/2026-06-30,55,159518.SZ|159920.SZ|159981.SZ|161226.SZ|501018.SH|512100.SH|513030.SH|513290.SH|513750.SH|513880.SH|516150.SH|518880.SH|588220.SH,3.003421549063036,0.8820759359846061,cross_entropy,2
rolling_cross_entropy,2025-07-01/2025-12-31,2026-01-01/2026-06-30,56,159206.SZ|159329.SZ|159529.SZ|159981.SZ|159985.SZ|161226.SZ|512880.SH|513070.SH|513100.SH|513120.SH|513290.SH|515790.SH|518880.SH,3.2249941083372056,0.5489078219078787,cross_entropy,2
rolling_cross_entropy,2025-07-01/2025-12-31,2026-01-01/2026-06-30,57,159329.SZ|159920.SZ|159985.SZ|161226.SZ|501018.SH|512100.SH|512400.SH|513030.SH|513070.SH|513730.SH|513880.SH|515220.SH|518880.SH,2.672686927926667,0.8781907596410816,cross_entropy,2
rolling_cross_entropy,2025-07-01/2025-12-31,2026-01-01/2026-06-30,58,159206.SZ|159329.SZ|159509.SZ|159796.SZ|159980.SZ|161226.SZ|501018.SH|512980.SH|513120.SH|513290.SH|513750.SH|513880.SH|518880.SH,4.126775721686638,0.5808373895737946,cross_entropy,2
rolling_cross_entropy,2025-07-01/2025-12-31,2026-01-01/2026-06-30,59,159518.SZ|159980.SZ|159981.SZ|159985.SZ|501018.SH|512880.SH|513100.SH|513120.SH|513290.SH|513500.SH|513750.SH|563300.SH|588000.SH,1.2847956355350958,0.8694020646184932,cross_entropy,2
rolling_cross_entropy,2025-07-01/2025-12-31,2026-01-01/2026-06-30,60,159329.SZ|159509.SZ|159518.SZ|159980.SZ|159981.SZ|159985.SZ|161226.SZ|512040.SH|512100.SH|512170.SH|513120.SH|513180.SH|513500.SH,2.18526326184624,0.7412591912692081,cross_entropy,2
rolling_cross_entropy,2025-07-01/2025-12-31,2026-01-01/2026-06-30,61,159209.SZ|159529.SZ|159796.SZ|159985.SZ|161226.SZ|501018.SH|513030.SH|513100.SH|513120.SH|513750.SH|513880.SH|516150.SH|518880.SH,3.1446872115898072,0.689940881109717,cross_entropy,3
rolling_cross_entropy,2025-07-01/2025-12-31,2026-01-01/2026-06-30,62,159206.SZ|159509.SZ|159796.SZ|159920.SZ|159980.SZ|159981.SZ|161226.SZ|513030.SH|513100.SH|513290.SH|513750.SH|518880.SH|563300.SH,4.087258089457436,0.8496577034190855,cross_entropy,3
rolling_cross_entropy,2025-07-01/2025-12-31,2026-01-01/2026-06-30,63,159201.SZ|159206.SZ|159209.SZ|159329.SZ|159529.SZ|159981.SZ|159985.SZ|161226.SZ|501018.SH|513100.SH|513120.SH|513180.SH|513290.SH,3.5238282550871904,0.8073781297522051,cross_entropy,3
rolling_cross_entropy,2025-07-01/2025-12-31,2026-01-01/2026-06-30,64,159206.SZ|159518.SZ|159687.SZ|159985.SZ|161226.SZ|501018.SH|512040.SH|513070.SH|513100.SH|513750.SH|513880.SH|516150.SH|518880.SH,3.0593639950293525,0.689940881109717,cross_entropy,3
rolling_cross_entropy,2025-07-01/2025-12-31,2026-01-01/2026-06-30,65,159206.SZ|159529.SZ|159865.SZ|159981.SZ|159985.SZ|161226.SZ|501018.SH|513030.SH|513070.SH|513290.SH|513750.SH|513880.SH|563300.SH,2.737440491791982,0.6527264325657031,cross_entropy,3
rolling_cross_entropy,2025-07-01/2025-12-31,2026-01-01/2026-06-30,66,159201.SZ|159206.SZ|159981.SZ|159985.SZ|161226.SZ|513100.SH|513120.SH|513290.SH|513730.SH|513750.SH|513880.SH|516150.SH|518880.SH,3.5494580903277404,0.690607802228965,cross_entropy,3
rolling_cross_entropy,2025-07-01/2025-12-31,2026-01-01/2026-06-30,67,159509.SZ|159529.SZ|159985.SZ|161226.SZ|164824.SZ|501018.SH|510300.SH|512170.SH|512880.SH|513120.SH|513290.SH|513750.SH|518880.SH,3.5533944918805287,0.7348134833189409,cross_entropy,3
rolling_cross_entropy,2025-07-01/2025-12-31,2026-01-01/2026-06-30,68,159201.SZ|159329.SZ|159852.SZ|159920.SZ|159981.SZ|159985.SZ|161226.SZ|513030.SH|513290.SH|513730.SH|513750.SH|515790.SH|518880.SH,2.2396176078217516,0.7241698032373148,cross_entropy,3
rolling_cross_entropy,2025-07-01/2025-12-31,2026-01-01/2026-06-30,69,159206.SZ|159209.SZ|159509.SZ|159865.SZ|159920.SZ|159981.SZ|159985.SZ|164824.SZ|501018.SH|513100.SH|513120.SH|513500.SH|518880.SH,1.9513647850536116,0.8694020646184932,cross_entropy,3
rolling_cross_entropy,2025-07-01/2025-12-31,2026-01-01/2026-06-30,70,159509.SZ|159928.SZ|159981.SZ|159985.SZ|161226.SZ|512100.SH|512880.SH|513030.SH|513070.SH|513100.SH|513120.SH|513880.SH|518880.SH,2.579529805882529,0.8496577034190855,cross_entropy,3
rolling_cross_entropy,2025-07-01/2025-12-31,2026-01-01/2026-06-30,71,159201.SZ|159509.SZ|159529.SZ|159985.SZ|161226.SZ|501018.SH|513070.SH|513100.SH|513120.SH|513730.SH|515790.SH|518880.SH|588220.SH,3.4173211784326845,0.8496577034190855,cross_entropy,3
rolling_cross_entropy,2025-07-01/2025-12-31,2026-01-01/2026-06-30,72,159329.SZ|159529.SZ|159796.SZ|159980.SZ|161226.SZ|501018.SH|512980.SH|513070.SH|513120.SH|513290.SH|513880.SH|518880.SH|588220.SH,3.1150389524546944,0.6831315764823618,cross_entropy,3
rolling_cross_entropy,2025-07-01/2025-12-31,2026-01-01/2026-06-30,73,159326.SZ|159329.SZ|159529.SZ|159796.SZ|159985.SZ|161226.SZ|501018.SH|513070.SH|513100.SH|513120.SH|513290.SH|516150.SH|518880.SH,2.8912496118772233,0.6559207891110884,cross_entropy,3
rolling_cross_entropy,2025-07-01/2025-12-31,2026-01-01/2026-06-30,74,159329.SZ|159509.SZ|159529.SZ|159980.SZ|159985.SZ|501018.SH|512800.SH|512980.SH|513070.SH|513120.SH|513880.SH|515790.SH|518880.SH,2.207481982686667,0.5680135158098409,cross_entropy,3
rolling_cross_entropy,2025-07-01/2025-12-31,2026-01-01/2026-06-30,75,159329.SZ|159509.SZ|159920.SZ|159981.SZ|161226.SZ|501018.SH|512170.SH|513120.SH|513290.SH|513880.SH|516150.SH|518880.SH|588220.SH,3.5634395801260483,0.6654991042879288,cross_entropy,3
rolling_cross_entropy,2025-07-01/2025-12-31,2026-01-01/2026-06-30,76,159206.SZ|159329.SZ|159518.SZ|159687.SZ|159796.SZ|159985.SZ|161226.SZ|501018.SH|513070.SH|513120.SH|513290.SH|518880.SH|588220.SH,3.691416104161326,0.6831315764823618,cross_entropy,3
rolling_cross_entropy,2025-07-01/2025-12-31,2026-01-01/2026-06-30,77,159329.SZ|159529.SZ|159687.SZ|159865.SZ|159985.SZ|161226.SZ|501018.SH|512100.SH|513070.SH|513290.SH|513750.SH|516150.SH|518880.SH,2.893614078552388,0.6808029288175365,cross_entropy,3
rolling_cross_entropy,2025-07-01/2025-12-31,2026-01-01/2026-06-30,78,159201.SZ|159509.SZ|159529.SZ|159825.SZ|159980.SZ|159985.SZ|501018.SH|512980.SH|513070.SH|513080.SH|513120.SH|513400.SH|518880.SH,2.4672582056417234,0.6434541568581719,cross_entropy,3
rolling_cross_entropy,2025-07-01/2025-12-31,2026-01-01/2026-06-30,79,159329.SZ|159687.SZ|159869.SZ|159985.SZ|161226.SZ|164824.SZ|501018.SH|513120.SH|513290.SH|513750.SH|515220.SH|516150.SH|518880.SH,2.8996194216345335,0.5489078219078787,cross_entropy,3
rolling_cross_entropy,2025-07-01/2025-12-31,2026-01-01/2026-06-30,80,159209.SZ|159920.SZ|159985.SZ|160644.SZ|161226.SZ|501018.SH|513100.SH|513120.SH|513290.SH|513730.SH|515210.SH|518880.SH|588220.SH,3.2328470835024703,0.690607802228965,cross_entropy,3
rolling_cross_entropy,2025-07-01/2025-12-31,2026-01-01/2026-06-30,81,159201.SZ|159329.SZ|159529.SZ|159796.SZ|159920.SZ|159980.SZ|161226.SZ|501018.SH|513120.SH|513290.SH|513730.SH|515790.SH|518880.SH,3.2755699662939355,0.8034828780058688,cross_entropy,4
rolling_cross_entropy,2025-07-01/2025-12-31,2026-01-01/2026-06-30,82,159329.SZ|159509.SZ|159529.SZ|159985.SZ|161226.SZ|501018.SH|512170.SH|513120.SH|513750.SH|513880.SH|516150.SH|518880.SH|563300.SH,2.6939959313097495,0.6572127608115153,cross_entropy,4
rolling_cross_entropy,2025-07-01/2025-12-31,2026-01-01/2026-06-30,83,159201.SZ|159206.SZ|159329.SZ|159529.SZ|159920.SZ|159985.SZ|161226.SZ|501018.SH|512170.SH|513100.SH|513120.SH|513880.SH|518880.SH,2.9411538215777235,0.689940881109717,cross_entropy,4
rolling_cross_entropy,2025-07-01/2025-12-31,2026-01-01/2026-06-30,84,159206.SZ|159509.SZ|159529.SZ|159920.SZ|159981.SZ|161226.SZ|501018.SH|512170.SH|513100.SH|513120.SH|513290.SH|516150.SH|518880.SH,4.25137645180652,0.8496577034190855,cross_entropy,4
rolling_cross_entropy,2025-07-01/2025-12-31,2026-01-01/2026-06-30,85,159509.SZ|159687.SZ|159796.SZ|159981.SZ|159985.SZ|161226.SZ|164824.SZ|501018.SH|512200.SH|513120.SH|513750.SH|513880.SH|516150.SH,2.3056674610800028,0.6572220276880232,cross_entropy,4
rolling_cross_entropy,2025-07-01/2025-12-31,2026-01-01/2026-06-30,86,159329.SZ|159529.SZ|159796.SZ|159920.SZ|159981.SZ|161226.SZ|164824.SZ|501018.SH|512880.SH|513290.SH|513750.SH|518880.SH|563300.SH,2.7846613997331913,0.7241698032373148,cross_entropy,4
rolling_cross_entropy,2025-07-01/2025-12-31,2026-01-01/2026-06-30,87,159201.SZ|159206.SZ|159529.SZ|159981.SZ|159985.SZ|161226.SZ|512400.SH|513070.SH|513100.SH|513290.SH|513730.SH|513750.SH|518880.SH,2.9715747605554106,0.761310589970569,cross_entropy,4
rolling_cross_entropy,2025-07-01/2025-12-31,2026-01-01/2026-06-30,88,159981.SZ|159985.SZ|161226.SZ|164824.SZ|510210.SH|512400.SH|513070.SH|513100.SH|513730.SH|513750.SH|513880.SH|516150.SH|518880.SH,2.3861967299212874,0.8034572687029375,cross_entropy,4
rolling_cross_entropy,2025-07-01/2025-12-31,2026-01-01/2026-06-30,89,159206.SZ|159529.SZ|159611.SZ|159915.SZ|159920.SZ|159980.SZ|159985.SZ|161226.SZ|513030.SH|513290.SH|513730.SH|513750.SH|518880.SH,3.3019381770447684,0.7241698032373148,cross_entropy,4
rolling_cross_entropy,2025-07-01/2025-12-31,2026-01-01/2026-06-30,90,159201.SZ|159509.SZ|159796.SZ|159980.SZ|161226.SZ|501018.SH|510880.SH|513070.SH|513100.SH|513290.SH|513750.SH|513880.SH|518880.SH,2.4728566133679784,0.8496577034190855,cross_entropy,4
rolling_cross_entropy,2025-07-01/2025-12-31,2026-01-01/2026-06-30,91,159329.SZ|159518.SZ|159865.SZ|159981.SZ|159985.SZ|161226.SZ|512200.SH|513080.SH|513120.SH|513750.SH|513880.SH|518880.SH|588220.SH,1.8797444144698703,0.567373516379759,cross_entropy,4
rolling_cross_entropy,2025-07-01/2025-12-31,2026-01-01/2026-06-30,92,159206.SZ|159329.SZ|159509.SZ|159518.SZ|159529.SZ|159985.SZ|161226.SZ|501018.SH|512100.SH|512170.SH|513120.SH|513750.SH|518880.SH,3.784821358054213,0.7258714443485212,cross_entropy,4
rolling_cross_entropy,2025-07-01/2025-12-31,2026-01-01/2026-06-30,93,159509.SZ|159529.SZ|159920.SZ|159980.SZ|159985.SZ|161226.SZ|501018.SH|512170.SH|513070.SH|513100.SH|513730.SH|516150.SH|563300.SH,2.9318911876421763,0.8781907596410816,cross_entropy,4
rolling_cross_entropy,2025-07-01/2025-12-31,2026-01-01/2026-06-30,94,159206.SZ|159509.SZ|159981.SZ|159985.SZ|501018.SH|512200.SH|513030.SH|513070.SH|513120.SH|513290.SH|513880.SH|518880.SH|563300.SH,3.211948185554192,0.6527264325657031,cross_entropy,4
rolling_cross_entropy,2025-07-01/2025-12-31,2026-01-01/2026-06-30,95,159206.SZ|159981.SZ|159985.SZ|161226.SZ|510300.SH|512170.SH|513070.SH|513290.SH|513500.SH|513730.SH|513750.SH|513880.SH|518880.SH,3.250095762866434,0.6642110535784537,cross_entropy,4
rolling_cross_entropy,2025-07-01/2025-12-31,2026-01-01/2026-06-30,96,159201.SZ|159206.SZ|159518.SZ|159920.SZ|159980.SZ|159985.SZ|161226.SZ|164824.SZ|510210.SH|513290.SH|513750.SH|513880.SH|518880.SH,3.1301944694071633,0.817562013248194,cross_entropy,4
rolling_cross_entropy,2025-07-01/2025-12-31,2026-01-01/2026-06-30,97,159206.SZ|159329.SZ|159985.SZ|161226.SZ|501018.SH|513030.SH|513120.SH|513290.SH|513500.SH|513750.SH|516150.SH|518880.SH|588220.SH,3.506946959250262,0.6654991042879288,cross_entropy,4
rolling_cross_entropy,2025-07-01/2025-12-31,2026-01-01/2026-06-30,98,159509.SZ|159611.SZ|159981.SZ|161226.SZ|501018.SH|510050.SH|512200.SH|513100.SH|513120.SH|513290.SH|513310.SH|513750.SH|518880.SH,2.4608756928554554,0.8496577034190855,cross_entropy,4
rolling_cross_entropy,2025-07-01/2025-12-31,2026-01-01/2026-06-30,99,159206.SZ|159329.SZ|159980.SZ|159985.SZ|161226.SZ|512800.SH|513070.SH|513100.SH|513120.SH|513290.SH|513730.SH|518880.SH|563300.SH,3.261041326451942,0.690607802228965,cross_entropy,4
rolling_cross_entropy,2025-07-01/2025-12-31,2026-01-01/2026-06-30,100,159529.SZ|159980.SZ|159981.SZ|161226.SZ|164824.SZ|510300.SH|512100.SH|513120.SH|513290.SH|513750.SH|513880.SH|518880.SH|588220.SH,2.8755984386459152,0.8820759359846061,cross_entropy,4
rolling_cross_entropy,2026-01-01/2026-06-30,2026-07-01/2026-07-26,1,159329.SZ|159687.SZ|159920.SZ|159981.SZ|159985.SZ|161226.SZ|501018.SH|510180.SH|512200.SH|512980.SH|513070.SH|513290.SH|513500.SH,0.735886737938899,0.7933520712600858,cross_entropy,0
rolling_cross_entropy,2026-01-01/2026-06-30,2026-07-01/2026-07-26,2,159329.SZ|159611.SZ|159687.SZ|159825.SZ|159981.SZ|159985.SZ|161226.SZ|501018.SH|513100.SH|513180.SH|513750.SH|513880.SH|515220.SH,0.545187731272146,0.8411201594101444,cross_entropy,0
rolling_cross_entropy,2026-01-01/2026-06-30,2026-07-01/2026-07-26,3,159209.SZ|159518.SZ|159825.SZ|159869.SZ|159980.SZ|159981.SZ|164824.SZ|501018.SH|513080.SH|513120.SH|513180.SH|513290.SH|518880.SH,-0.7724189368364499,0.7522587312090414,cross_entropy,0
rolling_cross_entropy,2026-01-01/2026-06-30,2026-07-01/2026-07-26,4,159509.SZ|159518.SZ|159687.SZ|159901.SZ|159981.SZ|160644.SZ|161226.SZ|501018.SH|513180.SH|513750.SH|515790.SH|518880.SH|588000.SH,0.3526510872330453,0.8150040766128622,cross_entropy,0
rolling_cross_entropy,2026-01-01/2026-06-30,2026-07-01/2026-07-26,5,159518.SZ|159529.SZ|159869.SZ|159928.SZ|159980.SZ|159985.SZ|161226.SZ|510500.SH|513030.SH|513070.SH|513180.SH|513730.SH|518880.SH,-1.4110714868948748,0.7896281396014395,cross_entropy,0
rolling_cross_entropy,2026-01-01/2026-06-30,2026-07-01/2026-07-26,6,159509.SZ|159796.SZ|159865.SZ|159981.SZ|159985.SZ|501018.SH|512980.SH|513180.SH|513290.SH|513730.SH|513750.SH|518880.SH|520870.SH,0.06334703909750475,0.75732479050478,cross_entropy,0
rolling_cross_entropy,2026-01-01/2026-06-30,2026-07-01/2026-07-26,7,159980.SZ|159985.SZ|501018.SH|510180.SH|512890.SH|513070.SH|513100.SH|513180.SH|513310.SH|513500.SH|518880.SH|520870.SH|588220.SH,1.3644396654421458,0.8950356736682759,cross_entropy,0
rolling_cross_entropy,2026-01-01/2026-06-30,2026-07-01/2026-07-26,8,159329.SZ|159687.SZ|159852.SZ|159981.SZ|159985.SZ|501018.SH|512800.SH|513120.SH|513500.SH|513730.SH|513750.SH|518880.SH|563300.SH,-0.3902940114831978,0.7933520712600858,cross_entropy,0
rolling_cross_entropy,2026-01-01/2026-06-30,2026-07-01/2026-07-26,9,159329.SZ|159852.SZ|159980.SZ|159981.SZ|159985.SZ|161226.SZ|512040.SH|513100.SH|513120.SH|513310.SH|513750.SH|520870.SH|563300.SH,1.2193378723283537,0.7112151155719311,cross_entropy,0
rolling_cross_entropy,2026-01-01/2026-06-30,2026-07-01/2026-07-26,10,159687.SZ|159796.SZ|159928.SZ|159980.SZ|161226.SZ|501018.SH|512170.SH|513070.SH|513100.SH|513120.SH|513290.SH|513500.SH|518880.SH,0.17052980750098448,0.8950356736682759,cross_entropy,0
rolling_cross_entropy,2026-01-01/2026-06-30,2026-07-01/2026-07-26,11,159326.SZ|159529.SZ|159920.SZ|159981.SZ|159985.SZ|164824.SZ|501018.SH|512800.SH|512880.SH|513180.SH|513310.SH|513500.SH|518880.SH,0.9474929826302139,0.8614689435973625,cross_entropy,0
rolling_cross_entropy,2026-01-01/2026-06-30,2026-07-01/2026-07-26,12,159201.SZ|159865.SZ|159980.SZ|159981.SZ|164824.SZ|501018.SH|513030.SH|513070.SH|513080.SH|513100.SH|513120.SH|518880.SH|562500.SH,-0.7662199336339882,0.8826043989398089,cross_entropy,0
rolling_cross_entropy,2026-01-01/2026-06-30,2026-07-01/2026-07-26,13,159206.SZ|159329.SZ|159509.SZ|159529.SZ|159796.SZ|159920.SZ|159981.SZ|159985.SZ|161226.SZ|501018.SH|513400.SH|513750.SH|588220.SH,0.8168509025443705,0.8225381952022786,cross_entropy,0
rolling_cross_entropy,2026-01-01/2026-06-30,2026-07-01/2026-07-26,14,159201.SZ|159509.SZ|159529.SZ|159687.SZ|159920.SZ|159981.SZ|159985.SZ|164824.SZ|501018.SH|512880.SH|513750.SH|518880.SH|562500.SH,0.7672082942243625,0.8225381952022786,cross_entropy,0
rolling_cross_entropy,2026-01-01/2026-06-30,2026-07-01/2026-07-26,15,159326.SZ|159518.SZ|159915.SZ|159980.SZ|159985.SZ|501018.SH|513100.SH|513180.SH|513750.SH|513880.SH|515790.SH|518880.SH|520870.SH,1.5077192362952236,0.8137662027812319,cross_entropy,0
rolling_cross_entropy,2026-01-01/2026-06-30,2026-07-01/2026-07-26,16,159509.SZ|159529.SZ|159796.SZ|159980.SZ|159981.SZ|160644.SZ|161226.SZ|513070.SH|513750.SH|513880.SH|516150.SH|518880.SH|588200.SH,0.2279347250243634,0.7921734576246972,cross_entropy,0
rolling_cross_entropy,2026-01-01/2026-06-30,2026-07-01/2026-07-26,17,159201.SZ|159920.SZ|159980.SZ|159981.SZ|159985.SZ|160644.SZ|501018.SH|513070.SH|513290.SH|513310.SH|513500.SH|515220.SH|515880.SH,2.09466920115787,0.7170096681479771,cross_entropy,0
rolling_cross_entropy,2026-01-01/2026-06-30,2026-07-01/2026-07-26,18,159509.SZ|159529.SZ|159687.SZ|159901.SZ|159981.SZ|159985.SZ|161226.SZ|510500.SH|512660.SH|513070.SH|513500.SH|513750.SH|518880.SH,0.12497404743917011,0.8150040766128622,cross_entropy,0
rolling_cross_entropy,2026-01-01/2026-06-30,2026-07-01/2026-07-26,19,159687.SZ|159796.SZ|159920.SZ|159980.SZ|159981.SZ|159985.SZ|164824.SZ|512880.SH|513030.SH|513070.SH|518880.SH|520870.SH|562500.SH,-0.3883700462219955,0.7522587312090414,cross_entropy,0
rolling_cross_entropy,2026-01-01/2026-06-30,2026-07-01/2026-07-26,20,159209.SZ|159509.SZ|159518.SZ|159869.SZ|159980.SZ|159981.SZ|161226.SZ|501018.SH|512200.SH|513070.SH|513180.SH|513310.SH|513400.SH,0.40507318929920944,0.7047547740338291,cross_entropy,0
rolling_cross_entropy,2026-01-01/2026-06-30,2026-07-01/2026-07-26,21,159852.SZ|159920.SZ|159981.SZ|159985.SZ|164824.SZ|501018.SH|512200.SH|513100.SH|513500.SH|513750.SH|518880.SH|520870.SH|588220.SH,1.482649801277387,0.8950356736682759,cross_entropy,1
rolling_cross_entropy,2026-01-01/2026-06-30,2026-07-01/2026-07-26,22,159326.SZ|159509.SZ|159915.SZ|159981.SZ|159985.SZ|501018.SH|513100.SH|513120.SH|513310.SH|513750.SH|516150.SH|518880.SH|520870.SH,0.8272852433269599,0.8901497039450326,cross_entropy,1
rolling_cross_entropy,2026-01-01/2026-06-30,2026-07-01/2026-07-26,23,159980.SZ|159981.SZ|159985.SZ|510500.SH|512040.SH|513070.SH|513080.SH|513100.SH|513180.SH|513310.SH|513880.SH|515210.SH|518880.SH,0.3333105718697448,0.8137662027812319,cross_entropy,1
rolling_cross_entropy,2026-01-01/2026-06-30,2026-07-01/2026-07-26,24,159326.SZ|159981.SZ|159985.SZ|501018.SH|510880.SH|512890.SH|513100.SH|513120.SH|513180.SH|513310.SH|513400.SH|518880.SH|520870.SH,0.7506169865301111,0.7335372127078846,cross_entropy,1
rolling_cross_entropy,2026-01-01/2026-06-30,2026-07-01/2026-07-26,25,159687.SZ|159869.SZ|159920.SZ|159980.SZ|159985.SZ|164824.SZ|501018.SH|512040.SH|512880.SH|513180.SH|513310.SH|518880.SH|520870.SH,1.0075415755736397,0.8614689435973625,cross_entropy,1
rolling_cross_entropy,2026-01-01/2026-06-30,2026-07-01/2026-07-26,26,159509.SZ|159980.SZ|159981.SZ|159985.SZ|512400.SH|512800.SH|513070.SH|513100.SH|513310.SH|513750.SH|518880.SH|520870.SH|588220.SH,0.7239939639770335,0.8901497039450326,cross_entropy,1
rolling_cross_entropy,2026-01-01/2026-06-30,2026-07-01/2026-07-26,27,159201.SZ|159928.SZ|159980.SZ|159981.SZ|159985.SZ|512170.SH|513070.SH|513100.SH|513180.SH|513310.SH|513500.SH|513880.SH|518880.SH,0.9778073368433602,0.8950356736682759,cross_entropy,1
rolling_cross_entropy,2026-01-01/2026-06-30,2026-07-01/2026-07-26,28,159865.SZ|159901.SZ|159980.SZ|159985.SZ|501018.SH|512800.SH|513070.SH|513100.SH|513120.SH|513310.SH|513500.SH|513880.SH|518880.SH,1.2409745464691067,0.8950356736682759,cross_entropy,1
rolling_cross_entropy,2026-01-01/2026-06-30,2026-07-01/2026-07-26,29,159326.SZ|159980.SZ|159985.SZ|501018.SH|512400.SH|513100.SH|513120.SH|513310.SH|513500.SH|513750.SH|518880.SH|520870.SH|563300.SH,1.881131622902651,0.8950356736682759,cross_entropy,1
rolling_cross_entropy,2026-01-01/2026-06-30,2026-07-01/2026-07-26,30,159980.SZ|159985.SZ|501018.SH|510180.SH|512170.SH|512660.SH|513180.SH|513310.SH|513730.SH|513750.SH|513880.SH|518880.SH|520870.SH,0.025038477955781818,0.7609825374948022,cross_entropy,1
rolling_cross_entropy,2026-01-01/2026-06-30,2026-07-01/2026-07-26,31,159329.SZ|159509.SZ|159529.SZ|159915.SZ|159920.SZ|159980.SZ|159985.SZ|501018.SH|513180.SH|515880.SH|518880.SH|520870.SH|588220.SH,1.7882859344587563,0.8614689435973625,cross_entropy,1
rolling_cross_entropy,2026-01-01/2026-06-30,2026-07-01/2026-07-26,32,159209.SZ|159518.SZ|159869.SZ|159915.SZ|159980.SZ|159981.SZ|159985.SZ|164824.SZ|501018.SH|513070.SH|513180.SH|513500.SH|520870.SH,0.41773753604820013,0.665760968479371,cross_entropy,1
rolling_cross_entropy,2026-01-01/2026-06-30,2026-07-01/2026-07-26,33,159326.SZ|159518.SZ|159920.SZ|159980.SZ|159981.SZ|161226.SZ|164824.SZ|501018.SH|510880.SH|512890.SH|513030.SH|513750.SH|513880.SH,-0.9161719226813889,0.8225381952022786,cross_entropy,1
rolling_cross_entropy,2026-01-01/2026-06-30,2026-07-01/2026-07-26,34,159980.SZ|159981.SZ|159985.SZ|160644.SZ|161226.SZ|510500.SH|512660.SH|513070.SH|513100.SH|513120.SH|513500.SH|513730.SH|515880.SH,2.0061978470405246,0.8950356736682759,cross_entropy,1
rolling_cross_entropy,2026-01-01/2026-06-30,2026-07-01/2026-07-26,35,159796.SZ|159980.SZ|159981.SZ|159985.SZ|501018.SH|510880.SH|512880.SH|513070.SH|513100.SH|513120.SH|513290.SH|513730.SH|520870.SH,0.2270359003740656,0.7965634434938876,cross_entropy,1
rolling_cross_entropy,2026-01-01/2026-06-30,2026-07-01/2026-07-26,36,159529.SZ|159852.SZ|159920.SZ|159980.SZ|159981.SZ|164824.SZ|501018.SH|512100.SH|512890.SH|513100.SH|513180.SH|513400.SH|518880.SH,-0.032511104871600464,0.8614689435973625,cross_entropy,1
rolling_cross_entropy,2026-01-01/2026-06-30,2026-07-01/2026-07-26,37,159529.SZ|159980.SZ|159981.SZ|159985.SZ|164824.SZ|512800.SH|513120.SH|513180.SH|513880.SH|515790.SH|515880.SH|518880.SH|520870.SH,0.1495797754060038,0.7522587312090414,cross_entropy,1
rolling_cross_entropy,2026-01-01/2026-06-30,2026-07-01/2026-07-26,38,159201.SZ|159329.SZ|159518.SZ|159915.SZ|159985.SZ|161226.SZ|501018.SH|513070.SH|513310.SH|513750.SH|513880.SH|515220.SH|518880.SH,1.0567850064216213,0.6587961154966347,cross_entropy,1
rolling_cross_entropy,2026-01-01/2026-06-30,2026-07-01/2026-07-26,39,159980.SZ|161226.SZ|164824.SZ|501018.SH|510050.SH|510300.SH|512890.SH|513070.SH|513100.SH|513120.SH|513500.SH|518880.SH|520870.SH,0.4454824632273483,0.8950356736682759,cross_entropy,1
rolling_cross_entropy,2026-01-01/2026-06-30,2026-07-01/2026-07-26,40,159201.SZ|159518.SZ|159766.SZ|159920.SZ|159980.SZ|159985.SZ|501018.SH|513180.SH|513500.SH|513880.SH|518880.SH|520870.SH|588220.SH,1.4866702479790432,0.8614689435973625,cross_entropy,1
rolling_cross_entropy,2026-01-01/2026-06-30,2026-07-01/2026-07-26,41,159326.SZ|159329.SZ|159518.SZ|159529.SZ|159915.SZ|159980.SZ|159981.SZ|159985.SZ|512660.SH|513070.SH|513120.SH|513500.SH|518880.SH,-0.18650147534308653,0.7522587312090414,cross_entropy,2
rolling_cross_entropy,2026-01-01/2026-06-30,2026-07-01/2026-07-26,42,159529.SZ|159915.SZ|159980.SZ|159985.SZ|501018.SH|512880.SH|513180.SH|513310.SH|513500.SH|513750.SH|518880.SH|520870.SH|563300.SH,1.9021253207573194,0.7522587312090414,cross_entropy,2
rolling_cross_entropy,2026-01-01/2026-06-30,2026-07-01/2026-07-26,43,159329.SZ|159529.SZ|159980.SZ|159985.SZ|501018.SH|512040.SH|512880.SH|513120.SH|513180.SH|513500.SH|513880.SH|518880.SH|588200.SH,1.690458327125453,0.7824809592486331,cross_entropy,2
rolling_cross_entropy,2026-01-01/2026-06-30,2026-07-01/2026-07-26,44,159326.SZ|159518.SZ|159869.SZ|159985.SZ|161226.SZ|501018.SH|510180.SH|513070.SH|513310.SH|513500.SH|513750.SH|518880.SH|520870.SH,-1.3188358609714415,0.6587961154966347,cross_entropy,2
rolling_cross_entropy,2026-01-01/2026-06-30,2026-07-01/2026-07-26,45,159329.SZ|159518.SZ|159915.SZ|159980.SZ|159981.SZ|159985.SZ|501018.SH|513070.SH|513120.SH|513500.SH|513730.SH|515880.SH|588220.SH,0.899045205621187,0.856601388914163,cross_entropy,2
rolling_cross_entropy,2026-01-01/2026-06-30,2026-07-01/2026-07-26,46,159329.SZ|159529.SZ|159920.SZ|159980.SZ|159981.SZ|501018.SH|510500.SH|513100.SH|513120.SH|515880.SH|518880.SH|520870.SH|588220.SH,1.1330876234356089,0.8607765286761059,cross_entropy,2
rolling_cross_entropy,2026-01-01/2026-06-30,2026-07-01/2026-07-26,47,159201.SZ|159326.SZ|159518.SZ|159915.SZ|159980.SZ|159981.SZ|159985.SZ|501018.SH|513070.SH|513120.SH|513290.SH|513310.SH|513880.SH,0.5376187295278233,0.665760968479371,cross_entropy,2
rolling_cross_entropy,2026-01-01/2026-06-30,2026-07-01/2026-07-26,48,159915.SZ|159980.SZ|159985.SZ|160644.SZ|501018.SH|512890.SH|513100.SH|513180.SH|513310.SH|513500.SH|513750.SH|515210.SH|518880.SH,1.886338111693356,0.8950356736682759,cross_entropy,2
rolling_cross_entropy,2026-01-01/2026-06-30,2026-07-01/2026-07-26,49,159326.SZ|159980.SZ|159981.SZ|159985.SZ|501018.SH|512660.SH|513180.SH|513290.SH|513500.SH|513750.SH|513880.SH|515880.SH|520870.SH,1.5115218757778732,0.7824809592486331,cross_entropy,2
rolling_cross_entropy,2026-01-01/2026-06-30,2026-07-01/2026-07-26,50,159518.SZ|159611.SZ|159865.SZ|159980.SZ|159985.SZ|160644.SZ|501018.SH|513070.SH|513120.SH|513500.SH|515790.SH|518880.SH|520870.SH,0.32523711757071105,0.7522587312090414,cross_entropy,2
rolling_cross_entropy,2026-01-01/2026-06-30,2026-07-01/2026-07-26,51,159329.SZ|159915.SZ|159920.SZ|159980.SZ|159985.SZ|160644.SZ|161226.SZ|501018.SH|512400.SH|513500.SH|513750.SH|513880.SH|588220.SH,1.785375826829092,0.8225381952022786,cross_entropy,2
rolling_cross_entropy,2026-01-01/2026-06-30,2026-07-01/2026-07-26,52,159201.SZ|159980.SZ|159985.SZ|501018.SH|512170.SH|513070.SH|513400.SH|513500.SH|513730.SH|513750.SH|513880.SH|518880.SH|588200.SH,0.8775474091559217,0.7894230253883981,cross_entropy,2
rolling_cross_entropy,2026-01-01/2026-06-30,2026-07-01/2026-07-26,53,159981.SZ|159985.SZ|164824.SZ|501018.SH|512800.SH|513180.SH|513310.SH|513500.SH|513750.SH|515210.SH|518880.SH|520870.SH|563300.SH,1.427033310587147,0.665760968479371,cross_entropy,2
rolling_cross_entropy,2026-01-01/2026-06-30,2026-07-01/2026-07-26,54,159329.SZ|159980.SZ|159981.SZ|501018.SH|510880.SH|513100.SH|513120.SH|513310.SH|513500.SH|513750.SH|515880.SH|518880.SH|588000.SH,1.5913754222790761,0.8950356736682759,cross_entropy,2
rolling_cross_entropy,2026-01-01/2026-06-30,2026-07-01/2026-07-26,55,159329.SZ|159529.SZ|159852.SZ|159980.SZ|159981.SZ|159985.SZ|501018.SH|513120.SH|513290.SH|513750.SH|513880.SH|515880.SH|588220.SH,1.9261695289479832,0.7305177976181892,cross_entropy,2
rolling_cross_entropy,2026-01-01/2026-06-30,2026-07-01/2026-07-26,56,159518.SZ|159852.SZ|159920.SZ|159980.SZ|159981.SZ|159985.SZ|161226.SZ|512400.SH|512890.SH|513100.SH|513120.SH|513290.SH|520870.SH,0.40088101924465785,0.6149438007170498,cross_entropy,2
rolling_cross_entropy,2026-01-01/2026-06-30,2026-07-01/2026-07-26,57,159206.SZ|159509.SZ|159766.SZ|159980.SZ|159981.SZ|159985.SZ|501018.SH|512890.SH|513070.SH|513180.SH|513310.SH|513500.SH|520870.SH,1.0212536821719866,0.8077971362532227,cross_entropy,2
rolling_cross_entropy,2026-01-01/2026-06-30,2026-07-01/2026-07-26,58,159920.SZ|159967.SZ|159980.SZ|159985.SZ|164824.SZ|501018.SH|512400.SH|513100.SH|513500.SH|513750.SH|518880.SH|520870.SH|563300.SH,1.1574462875225864,0.8950356736682759,cross_entropy,2
rolling_cross_entropy,2026-01-01/2026-06-30,2026-07-01/2026-07-26,59,159326.SZ|159529.SZ|159915.SZ|159920.SZ|159980.SZ|159985.SZ|501018.SH|513310.SH|513400.SH|513750.SH|518880.SH|520870.SH|588220.SH,1.7922961890797722,0.8225381952022786,cross_entropy,2
rolling_cross_entropy,2026-01-01/2026-06-30,2026-07-01/2026-07-26,60,159852.SZ|159920.SZ|159928.SZ|159980.SZ|159985.SZ|501018.SH|513100.SH|513180.SH|513290.SH|513310.SH|513500.SH|518880.SH|563300.SH,1.6872989827125175,0.8950356736682759,cross_entropy,2
rolling_cross_entropy,2026-01-01/2026-06-30,2026-07-01/2026-07-26,61,159329.SZ|159915.SZ|159920.SZ|159980.SZ|161226.SZ|501018.SH|513310.SH|513750.SH|513880.SH|515880.SH|518880.SH|520870.SH|588220.SH,2.7286225785575384,0.856601388914163,cross_entropy,3
rolling_cross_entropy,2026-01-01/2026-06-30,2026-07-01/2026-07-26,62,159209.SZ|159329.SZ|159852.SZ|159980.SZ|159985.SZ|160644.SZ|501018.SH|512880.SH|513070.SH|513100.SH|513290.SH|513750.SH|518880.SH,0.7107666310160614,0.7522587312090414,cross_entropy,3
rolling_cross_entropy,2026-01-01/2026-06-30,2026-07-01/2026-07-26,63,159915.SZ|159981.SZ|161226.SZ|501018.SH|512400.SH|512880.SH|513100.SH|513180.SH|513310.SH|513500.SH|513750.SH|513880.SH|518880.SH,1.5881236244206967,0.8950356736682759,cross_entropy,3
rolling_cross_entropy,2026-01-01/2026-06-30,2026-07-01/2026-07-26,64,159326.SZ|159518.SZ|159529.SZ|159852.SZ|159920.SZ|159980.SZ|159985.SZ|161226.SZ|513400.SH|513500.SH|513750.SH|515790.SH|518880.SH,-0.32351647659403115,0.8225381952022786,cross_entropy,3
rolling_cross_entropy,2026-01-01/2026-06-30,2026-07-01/2026-07-26,65,159915.SZ|159980.SZ|159985.SZ|160644.SZ|501018.SH|510500.SH|512660.SH|513120.SH|513180.SH|513310.SH|513500.SH|513880.SH|518880.SH,2.2011928578941107,0.8049844720179905,cross_entropy,3
rolling_cross_entropy,2026-01-01/2026-06-30,2026-07-01/2026-07-26,66,159920.SZ|159980.SZ|159981.SZ|159985.SZ|501018.SH|512800.SH|512980.SH|513100.SH|513120.SH|513310.SH|513400.SH|513500.SH|588220.SH,1.9561880306385804,0.8950356736682759,cross_entropy,3
rolling_cross_entropy,2026-01-01/2026-06-30,2026-07-01/2026-07-26,67,159518.SZ|159766.SZ|159980.SZ|159985.SZ|161226.SZ|501018.SH|512890.SH|513180.SH|513310.SH|513500.SH|513750.SH|513880.SH|515880.SH,1.8534295439532125,0.7824809592486331,cross_entropy,3
rolling_cross_entropy,2026-01-01/2026-06-30,2026-07-01/2026-07-26,68,159509.SZ|159518.SZ|159981.SZ|159985.SZ|501018.SH|512400.SH|513070.SH|513100.SH|513180.SH|513500.SH|515880.SH|518880.SH|588220.SH,2.130259208045628,0.8950356736682759,cross_entropy,3
rolling_cross_entropy,2026-01-01/2026-06-30,2026-07-01/2026-07-26,69,159529.SZ|159920.SZ|159980.SZ|159981.SZ|159985.SZ|160644.SZ|501018.SH|510180.SH|512400.SH|513180.SH|513500.SH|520870.SH|588000.SH,1.0440597464854555,0.8614689435973625,cross_entropy,3
rolling_cross_entropy,2026-01-01/2026-06-30,2026-07-01/2026-07-26,70,159915.SZ|159920.SZ|159980.SZ|159985.SZ|160644.SZ|161226.SZ|513100.SH|513310.SH|513750.SH|515210.SH|518880.SH|520870.SH|563300.SH,1.3872234506271195,0.8225381952022786,cross_entropy,3
rolling_cross_entropy,2026-01-01/2026-06-30,2026-07-01/2026-07-26,71,159329.SZ|159529.SZ|159852.SZ|159920.SZ|159980.SZ|159985.SZ|501018.SH|513120.SH|513310.SH|513500.SH|518880.SH|563300.SH|588220.SH,1.8672152125339796,0.8181025063266231,cross_entropy,3
rolling_cross_entropy,2026-01-01/2026-06-30,2026-07-01/2026-07-26,72,159852.SZ|159967.SZ|159980.SZ|159981.SZ|161226.SZ|501018.SH|513180.SH|513310.SH|513400.SH|513500.SH|513750.SH|513880.SH|515880.SH,2.6234073036200605,0.9063198775498007,cross_entropy,3
rolling_cross_entropy,2026-01-01/2026-06-30,2026-07-01/2026-07-26,73,159329.SZ|159529.SZ|159796.SZ|159980.SZ|159985.SZ|501018.SH|512660.SH|512880.SH|513030.SH|513080.SH|513180.SH|513750.SH|518880.SH,-0.7870827749004267,0.8826043989398089,cross_entropy,3
rolling_cross_entropy,2026-01-01/2026-06-30,2026-07-01/2026-07-26,74,159329.SZ|159915.SZ|159980.SZ|159985.SZ|160644.SZ|501018.SH|512880.SH|513120.SH|513180.SH|513310.SH|513500.SH|515880.SH|518880.SH,2.327077012889236,0.856601388914163,cross_entropy,3
rolling_cross_entropy,2026-01-01/2026-06-30,2026-07-01/2026-07-26,75,159329.SZ|159509.SZ|159529.SZ|159870.SZ|159915.SZ|159980.SZ|159981.SZ|159985.SZ|510500.SH|513180.SH|513500.SH|513750.SH|518880.SH,0.3908385419417889,0.8077971362532227,cross_entropy,3
rolling_cross_entropy,2026-01-01/2026-06-30,2026-07-01/2026-07-26,76,159329.SZ|159529.SZ|159796.SZ|159915.SZ|159920.SZ|159980.SZ|159981.SZ|159985.SZ|513310.SH|513500.SH|513750.SH|515880.SH|518880.SH,1.147192670975934,0.856601388914163,cross_entropy,3
rolling_cross_entropy,2026-01-01/2026-06-30,2026-07-01/2026-07-26,77,159915.SZ|159980.SZ|159985.SZ|160644.SZ|501018.SH|510500.SH|513070.SH|513080.SH|513100.SH|513500.SH|513750.SH|518880.SH|563300.SH,0.3578943566157155,0.8950356736682759,cross_entropy,3
rolling_cross_entropy,2026-01-01/2026-06-30,2026-07-01/2026-07-26,78,159326.SZ|159766.SZ|159980.SZ|159981.SZ|160644.SZ|501018.SH|512880.SH|513080.SH|513120.SH|513310.SH|513750.SH|513880.SH|518880.SH,1.2917612203008986,0.7522587312090414,cross_entropy,3
rolling_cross_entropy,2026-01-01/2026-06-30,2026-07-01/2026-07-26,79,159529.SZ|159915.SZ|159920.SZ|159985.SZ|160644.SZ|161226.SZ|501018.SH|512400.SH|513180.SH|513400.SH|518880.SH|520870.SH|588220.SH,1.2872603015386528,0.8614689435973625,cross_entropy,3
rolling_cross_entropy,2026-01-01/2026-06-30,2026-07-01/2026-07-26,80,159209.SZ|159529.SZ|159980.SZ|159985.SZ|501018.SH|513120.SH|513400.SH|513500.SH|513750.SH|515880.SH|518880.SH|520870.SH|563300.SH,2.12870076759897,0.7798084311997701,cross_entropy,3
rolling_cross_entropy,2026-01-01/2026-06-30,2026-07-01/2026-07-26,81,159329.SZ|159852.SZ|159915.SZ|159980.SZ|159981.SZ|159985.SZ|501018.SH|512040.SH|513120.SH|513180.SH|513400.SH|513500.SH|513880.SH,0.5543495801537901,0.7824809592486331,cross_entropy,4
rolling_cross_entropy,2026-01-01/2026-06-30,2026-07-01/2026-07-26,82,159329.SZ|159687.SZ|159852.SZ|159980.SZ|159981.SZ|159985.SZ|501018.SH|510500.SH|512170.SH|513120.SH|513180.SH|513310.SH|513400.SH,1.1790063152550183,0.7397728568123767,cross_entropy,4
rolling_cross_entropy,2026-01-01/2026-06-30,2026-07-01/2026-07-26,83,159529.SZ|159980.SZ|159985.SZ|160644.SZ|501018.SH|512880.SH|513120.SH|513180.SH|513500.SH|513880.SH|515880.SH|518880.SH|588220.SH,2.2431711101283405,0.7824809592486331,cross_entropy,4
rolling_cross_entropy,2026-01-01/2026-06-30,2026-07-01/2026-07-26,84,159980.SZ|159981.SZ|161226.SZ|501018.SH|512040.SH|513120.SH|513310.SH|513500.SH|513730.SH|513750.SH|515880.SH|520870.SH|588000.SH,2.9182036938535676,0.7802658508638117,cross_entropy,4
rolling_cross_entropy,2026-01-01/2026-06-30,2026-07-01/2026-07-26,85,159920.SZ|159980.SZ|159985.SZ|160644.SZ|161226.SZ|501018.SH|510500.SH|512400.SH|512660.SH|513180.SH|513400.SH|513500.SH|520870.SH,0.7862321978815602,0.8614689435973625,cross_entropy,4
rolling_cross_entropy,2026-01-01/2026-06-30,2026-07-01/2026-07-26,86,159920.SZ|159980.SZ|159981.SZ|160644.SZ|161226.SZ|510500.SH|512880.SH|513310.SH|513400.SH|513500.SH|513750.SH|515880.SH|518880.SH,1.7101025896876982,0.8225381952022786,cross_entropy,4
rolling_cross_entropy,2026-01-01/2026-06-30,2026-07-01/2026-07-26,87,159201.SZ|159509.SZ|159865.SZ|159980.SZ|159985.SZ|161226.SZ|501018.SH|513180.SH|513310.SH|513500.SH|513750.SH|513880.SH|515880.SH,2.330125086122571,0.8077971362532227,cross_entropy,4
rolling_cross_entropy,2026-01-01/2026-06-30,2026-07-01/2026-07-26,88,159201.SZ|159329.SZ|159920.SZ|159980.SZ|159981.SZ|160644.SZ|501018.SH|512170.SH|513310.SH|513500.SH|513750.SH|515220.SH|518880.SH,0.9268159485288799,0.8225381952022786,cross_entropy,4
rolling_cross_entropy,2026-01-01/2026-06-30,2026-07-01/2026-07-26,89,159509.SZ|159920.SZ|159967.SZ|159980.SZ|161226.SZ|501018.SH|512660.SH|513120.SH|513400.SH|513500.SH|513880.SH|515880.SH|518880.SH,1.8362184628158222,0.9063198775498007,cross_entropy,4
rolling_cross_entropy,2026-01-01/2026-06-30,2026-07-01/2026-07-26,90,159518.SZ|159980.SZ|159985.SZ|161226.SZ|501018.SH|512880.SH|513120.SH|513180.SH|513310.SH|513730.SH|513880.SH|515210.SH|515880.SH,1.9442817576885127,0.7609825374948022,cross_entropy,4
rolling_cross_entropy,2026-01-01/2026-06-30,2026-07-01/2026-07-26,91,159509.SZ|159529.SZ|159980.SZ|159985.SZ|501018.SH|512880.SH|513120.SH|513180.SH|513310.SH|513500.SH|516150.SH|518880.SH|588220.SH,2.478859136705064,0.8077971362532227,cross_entropy,4
rolling_cross_entropy,2026-01-01/2026-06-30,2026-07-01/2026-07-26,92,159329.SZ|159611.SZ|159980.SZ|159985.SZ|161226.SZ|510180.SH|513120.SH|513180.SH|513500.SH|513880.SH|515880.SH|518880.SH|520870.SH,1.381261905938598,0.7824809592486331,cross_entropy,4
rolling_cross_entropy,2026-01-01/2026-06-30,2026-07-01/2026-07-26,93,159201.SZ|159920.SZ|159980.SZ|159985.SZ|501018.SH|510500.SH|513180.SH|513290.SH|513310.SH|513880.SH|518880.SH|520870.SH|588220.SH,2.280148502045496,0.8614689435973625,cross_entropy,4
rolling_cross_entropy,2026-01-01/2026-06-30,2026-07-01/2026-07-26,94,159980.SZ|159985.SZ|501018.SH|512880.SH|512890.SH|513120.SH|513290.SH|513500.SH|513750.SH|513880.SH|515880.SH|518880.SH|520870.SH,1.8027980915951651,0.7824809592486331,cross_entropy,4
rolling_cross_entropy,2026-01-01/2026-06-30,2026-07-01/2026-07-26,95,159518.SZ|159529.SZ|159980.SZ|159981.SZ|159985.SZ|161226.SZ|512400.SH|512800.SH|513030.SH|513070.SH|513310.SH|513750.SH|515880.SH,0.013512201706394627,0.6587961154966347,cross_entropy,4
rolling_cross_entropy,2026-01-01/2026-06-30,2026-07-01/2026-07-26,96,159329.SZ|159529.SZ|159852.SZ|159915.SZ|159980.SZ|161226.SZ|501018.SH|513070.SH|513080.SH|513500.SH|513750.SH|518880.SH|588220.SH,0.41490174044986766,0.7830171688104679,cross_entropy,4
rolling_cross_entropy,2026-01-01/2026-06-30,2026-07-01/2026-07-26,97,159529.SZ|159980.SZ|160644.SZ|161226.SZ|501018.SH|512400.SH|512660.SH|513120.SH|513180.SH|513310.SH|513500.SH|518880.SH|588220.SH,1.18881467594423,0.7522587312090414,cross_entropy,4
rolling_cross_entropy,2026-01-01/2026-06-30,2026-07-01/2026-07-26,98,159915.SZ|159920.SZ|159980.SZ|159985.SZ|501018.SH|512400.SH|513100.SH|513310.SH|513500.SH|513750.SH|513880.SH|515880.SH|518880.SH,2.380072531631797,0.8950356736682759,cross_entropy,4
rolling_cross_entropy,2026-01-01/2026-06-30,2026-07-01/2026-07-26,99,159201.SZ|159329.SZ|159915.SZ|159920.SZ|159985.SZ|160644.SZ|161226.SZ|501018.SH|513500.SH|513750.SH|513880.SH|515210.SH|518880.SH,1.9823055515058148,0.8225381952022786,cross_entropy,4
rolling_cross_entropy,2026-01-01/2026-06-30,2026-07-01/2026-07-26,100,159509.SZ|159518.SZ|159915.SZ|159985.SZ|160644.SZ|161226.SZ|501018.SH|513120.SH|513500.SH|513750.SH|515880.SH|518880.SH|588000.SH,2.555278633933284,0.856601388914163,cross_entropy,4
