method,training_year,holding_year,evaluation,codes,sharpe,maximum_within_group_correlation,phase
rolling_thompson_sampling,2021,2022,1,159865.SZ|159901.SZ|159920.SZ|159980.SZ|159985.SZ|501018.SH|513030.SH|513080.SH|513180.SH|513500.SH|513880.SH|515210.SH|518880.SH,-0.04141558142205041,0.910284859375849,warmup
rolling_thompson_sampling,2021,2022,2,159869.SZ|159920.SZ|159949.SZ|159980.SZ|159981.SZ|159985.SZ|160644.SZ|161226.SZ|164824.SZ|512660.SH|513030.SH|513100.SH|513180.SH,0.5792789991411761,0.910284859375849,warmup
rolling_thompson_sampling,2021,2022,3,159920.SZ|159980.SZ|159985.SZ|160644.SZ|161226.SZ|501018.SH|510180.SH|512800.SH|512880.SH|513030.SH|513100.SH|513180.SH|513500.SH,0.4639849103247611,0.910284859375849,warmup
rolling_thompson_sampling,2021,2022,4,159825.SZ|159920.SZ|159980.SZ|159981.SZ|160644.SZ|161226.SZ|164824.SZ|512040.SH|512400.SH|513080.SH|513180.SH|513880.SH|518880.SH,-0.4830060470827395,0.910284859375849,warmup
rolling_thompson_sampling,2021,2022,5,159920.SZ|159980.SZ|159981.SZ|159985.SZ|164824.SZ|501018.SH|510210.SH|512100.SH|512980.SH|513030.SH|513080.SH|513180.SH|513500.SH,1.3954882682134913,0.910284859375849,warmup
rolling_thompson_sampling,2021,2022,6,159870.SZ|159920.SZ|159967.SZ|159981.SZ|159985.SZ|161226.SZ|164824.SZ|510880.SH|513030.SH|513080.SH|513180.SH|513880.SH|518880.SH,-0.24604472652473744,0.910284859375849,warmup
rolling_thompson_sampling,2021,2022,7,159920.SZ|159980.SZ|160644.SZ|161226.SZ|164824.SZ|501018.SH|512200.SH|513180.SH|513500.SH|513880.SH|515210.SH|518880.SH|588000.SH,0.3759751358098472,0.910284859375849,warmup
rolling_thompson_sampling,2021,2022,8,159869.SZ|159920.SZ|159980.SZ|159985.SZ|160644.SZ|161226.SZ|164824.SZ|512980.SH|513030.SH|513180.SH|513880.SH|515220.SH|518880.SH,-0.5120980498510609,0.910284859375849,warmup
rolling_thompson_sampling,2021,2022,9,159920.SZ|159980.SZ|159985.SZ|160644.SZ|164824.SZ|501018.SH|510180.SH|513080.SH|513180.SH|513880.SH|515880.SH|516150.SH|518880.SH,0.14992775701918234,0.910284859375849,warmup
rolling_thompson_sampling,2021,2022,10,159852.SZ|159920.SZ|159980.SZ|159985.SZ|160644.SZ|161226.SZ|513030.SH|513080.SH|513100.SH|513180.SH|515210.SH|518880.SH|588000.SH,-0.7684624636808436,0.910284859375849,warmup
rolling_thompson_sampling,2021,2022,11,159920.SZ|159928.SZ|159981.SZ|159985.SZ|160644.SZ|161226.SZ|164824.SZ|501018.SH|512200.SH|512400.SH|513030.SH|513180.SH|513500.SH,0.33345553737924344,0.910284859375849,warmup
rolling_thompson_sampling,2021,2022,12,159852.SZ|159920.SZ|159980.SZ|159981.SZ|161226.SZ|164824.SZ|513030.SH|513080.SH|513100.SH|513180.SH|515220.SH|518880.SH|588000.SH,0.2038216108056168,0.910284859375849,warmup
rolling_thompson_sampling,2021,2022,13,159825.SZ|159852.SZ|159920.SZ|159980.SZ|159981.SZ|159985.SZ|160644.SZ|161226.SZ|510180.SH|513080.SH|513100.SH|513180.SH|513500.SH,0.2047927948590405,0.910284859375849,warmup
rolling_thompson_sampling,2021,2022,14,159920.SZ|159928.SZ|159980.SZ|159985.SZ|160644.SZ|161226.SZ|164824.SZ|501018.SH|512800.SH|513100.SH|513180.SH|513880.SH|516150.SH,-0.30047909498608455,0.910284859375849,warmup
rolling_thompson_sampling,2021,2022,15,159920.SZ|159980.SZ|159981.SZ|159985.SZ|161226.SZ|164824.SZ|510180.SH|510500.SH|513030.SH|513080.SH|513180.SH|513500.SH|516150.SH,-0.2294158582879856,0.910284859375849,warmup
rolling_thompson_sampling,2021,2022,16,159869.SZ|159870.SZ|159920.SZ|159980.SZ|159981.SZ|159985.SZ|164824.SZ|501018.SH|513030.SH|513100.SH|513180.SH|513500.SH|515210.SH,0.90369039351012,0.910284859375849,warmup
rolling_thompson_sampling,2021,2022,17,159870.SZ|159915.SZ|159920.SZ|159981.SZ|159985.SZ|160644.SZ|161226.SZ|164824.SZ|513030.SH|513180.SH|513880.SH|515880.SH|518880.SH,-0.2769895943956601,0.910284859375849,warmup
rolling_thompson_sampling,2021,2022,18,159920.SZ|159928.SZ|159980.SZ|159981.SZ|159985.SZ|164824.SZ|501018.SH|510210.SH|512100.SH|513030.SH|513180.SH|513500.SH|513880.SH,0.8441350599837124,0.910284859375849,warmup
rolling_thompson_sampling,2021,2022,19,159870.SZ|159920.SZ|159967.SZ|159980.SZ|159981.SZ|161226.SZ|164824.SZ|501018.SH|512400.SH|513030.SH|513080.SH|513180.SH|513500.SH,0.4887972347938275,0.910284859375849,warmup
rolling_thompson_sampling,2021,2022,20,159869.SZ|159920.SZ|159980.SZ|159981.SZ|160644.SZ|161226.SZ|164824.SZ|501018.SH|510050.SH|512880.SH|513100.SH|513180.SH|513880.SH,0.5390819970945087,0.910284859375849,warmup
rolling_thompson_sampling,2021,2022,21,159825.SZ|159920.SZ|159980.SZ|159985.SZ|160644.SZ|161226.SZ|501018.SH|510050.SH|510210.SH|513080.SH|513100.SH|513180.SH|513500.SH,0.7788596975266932,0.910284859375849,thompson
rolling_thompson_sampling,2021,2022,22,159920.SZ|159980.SZ|159981.SZ|159985.SZ|164824.SZ|501018.SH|512100.SH|512880.SH|512890.SH|513080.SH|513100.SH|513180.SH|513500.SH,1.5698634760417411,0.910284859375849,thompson
rolling_thompson_sampling,2021,2022,23,159920.SZ|159980.SZ|159981.SZ|159985.SZ|501018.SH|510210.SH|510880.SH|512100.SH|513080.SH|513100.SH|513180.SH|513500.SH|513880.SH,1.4561863918994067,0.910284859375849,thompson
rolling_thompson_sampling,2021,2022,24,159851.SZ|159870.SZ|159920.SZ|159980.SZ|159981.SZ|159985.SZ|160644.SZ|501018.SH|513030.SH|513100.SH|513180.SH|513500.SH|515790.SH,1.2680102391529602,0.910284859375849,thompson
rolling_thompson_sampling,2021,2022,25,159851.SZ|159920.SZ|159980.SZ|159981.SZ|159985.SZ|501018.SH|510210.SH|512890.SH|513030.SH|513080.SH|513180.SH|513500.SH|513880.SH,1.459639284744928,0.910284859375849,thompson
rolling_thompson_sampling,2021,2022,26,159851.SZ|159920.SZ|159980.SZ|159981.SZ|160644.SZ|161226.SZ|164824.SZ|501018.SH|510210.SH|512100.SH|513030.SH|513100.SH|513180.SH,1.5771901978197587,0.910284859375849,thompson
rolling_thompson_sampling,2021,2022,27,159920.SZ|159980.SZ|159981.SZ|159985.SZ|160644.SZ|501018.SH|510210.SH|512100.SH|512890.SH|513080.SH|513100.SH|513180.SH|513500.SH,1.4671692189601584,0.910284859375849,thompson
rolling_thompson_sampling,2021,2022,28,159920.SZ|159980.SZ|159981.SZ|159985.SZ|501018.SH|510210.SH|512100.SH|512880.SH|513030.SH|513100.SH|513180.SH|513500.SH|513880.SH,1.1997356686982643,0.910284859375849,thompson
rolling_thompson_sampling,2021,2022,29,159870.SZ|159920.SZ|159980.SZ|159981.SZ|160644.SZ|161226.SZ|164824.SZ|501018.SH|512100.SH|512880.SH|513030.SH|513100.SH|513180.SH,1.0947528521500096,0.910284859375849,thompson
rolling_thompson_sampling,2021,2022,30,159870.SZ|159920.SZ|159980.SZ|159981.SZ|159985.SZ|160644.SZ|164824.SZ|501018.SH|512170.SH|513100.SH|513180.SH|513500.SH|515790.SH,1.0550183078256457,0.910284859375849,thompson
rolling_thompson_sampling,2021,2022,31,159920.SZ|159980.SZ|159981.SZ|159985.SZ|501018.SH|512170.SH|512660.SH|512890.SH|513030.SH|513080.SH|513100.SH|513180.SH|513500.SH,1.3229306582127875,0.910284859375849,thompson
rolling_thompson_sampling,2021,2022,32,159851.SZ|159920.SZ|159980.SZ|159981.SZ|160644.SZ|161226.SZ|501018.SH|512170.SH|513030.SH|513080.SH|513180.SH|513500.SH|515790.SH,0.9726992138689298,0.910284859375849,thompson
rolling_thompson_sampling,2021,2022,33,159920.SZ|159980.SZ|159981.SZ|159985.SZ|501018.SH|512880.SH|512890.SH|513030.SH|513100.SH|513180.SH|513500.SH|513880.SH|588000.SH,1.3704737146281398,0.910284859375849,thompson
rolling_thompson_sampling,2021,2022,34,159920.SZ|159949.SZ|159980.SZ|159981.SZ|161226.SZ|501018.SH|510050.SH|510210.SH|513030.SH|513080.SH|513100.SH|513180.SH|513500.SH,0.7634168313948485,0.910284859375849,thompson
rolling_thompson_sampling,2021,2022,35,159851.SZ|159920.SZ|159980.SZ|159985.SZ|161226.SZ|164824.SZ|501018.SH|512170.SH|512890.SH|513080.SH|513100.SH|513180.SH|513500.SH,1.3014154322345097,0.910284859375849,thompson
rolling_thompson_sampling,2021,2022,36,159851.SZ|159920.SZ|159980.SZ|159981.SZ|159985.SZ|164824.SZ|501018.SH|512100.SH|512890.SH|513030.SH|513100.SH|513180.SH|513500.SH,1.6212648809956551,0.910284859375849,thompson
rolling_thompson_sampling,2021,2022,37,159920.SZ|159980.SZ|159981.SZ|501018.SH|512170.SH|512880.SH|512890.SH|513030.SH|513080.SH|513100.SH|513180.SH|513500.SH|518880.SH,0.7543971916664206,0.910284859375849,thompson
rolling_thompson_sampling,2021,2022,38,159870.SZ|159920.SZ|159980.SZ|159981.SZ|159985.SZ|164824.SZ|501018.SH|510880.SH|512890.SH|513100.SH|513180.SH|513500.SH|513880.SH,0.7826101309106904,0.910284859375849,thompson
rolling_thompson_sampling,2021,2022,39,159851.SZ|159920.SZ|159980.SZ|159981.SZ|159985.SZ|164824.SZ|501018.SH|510880.SH|512100.SH|513100.SH|513180.SH|513500.SH|513880.SH,1.316591427215501,0.910284859375849,thompson
rolling_thompson_sampling,2021,2022,40,159920.SZ|159980.SZ|159981.SZ|159985.SZ|160644.SZ|501018.SH|510880.SH|512100.SH|512170.SH|513080.SH|513100.SH|513180.SH|513880.SH,1.0769298197521795,0.910284859375849,thompson
rolling_thompson_sampling,2021,2022,41,159920.SZ|159980.SZ|159985.SZ|501018.SH|510210.SH|512100.SH|513030.SH|513100.SH|513180.SH|513500.SH|513880.SH|515790.SH|518880.SH,0.6923895373569842,0.910284859375849,thompson
rolling_thompson_sampling,2021,2022,42,159920.SZ|159980.SZ|159981.SZ|159985.SZ|160644.SZ|161226.SZ|512100.SH|512880.SH|513080.SH|513100.SH|513180.SH|513500.SH|516150.SH,0.4674499059902677,0.910284859375849,thompson
rolling_thompson_sampling,2021,2022,43,159920.SZ|159980.SZ|159981.SZ|159985.SZ|160644.SZ|164824.SZ|501018.SH|510180.SH|512890.SH|513100.SH|513180.SH|513500.SH|588000.SH,1.712685356199717,0.910284859375849,thompson
rolling_thompson_sampling,2021,2022,44,159920.SZ|159949.SZ|159980.SZ|159981.SZ|159985.SZ|160644.SZ|501018.SH|510880.SH|512880.SH|513030.SH|513100.SH|513180.SH|513500.SH,1.3747197156564428,0.910284859375849,thompson
rolling_thompson_sampling,2021,2022,45,159920.SZ|159980.SZ|159981.SZ|159985.SZ|501018.SH|510210.SH|512200.SH|512890.SH|513030.SH|513080.SH|513100.SH|513180.SH|513880.SH,1.2083933534628257,0.910284859375849,thompson
rolling_thompson_sampling,2021,2022,46,159920.SZ|159949.SZ|159980.SZ|159981.SZ|159985.SZ|160644.SZ|501018.SH|510050.SH|512660.SH|513030.SH|513100.SH|513180.SH|513500.SH,0.5171289452992348,0.910284859375849,thompson
rolling_thompson_sampling,2021,2022,47,159920.SZ|159980.SZ|159981.SZ|159985.SZ|160644.SZ|501018.SH|510210.SH|512100.SH|512660.SH|513080.SH|513100.SH|513180.SH|513500.SH,1.184091907784089,0.910284859375849,thompson
rolling_thompson_sampling,2021,2022,48,159920.SZ|159980.SZ|159981.SZ|159985.SZ|164824.SZ|501018.SH|512890.SH|513030.SH|513100.SH|513180.SH|513880.SH|516150.SH|588000.SH,1.23236367002506,0.910284859375849,thompson
rolling_thompson_sampling,2021,2022,49,159825.SZ|159920.SZ|159980.SZ|159981.SZ|159985.SZ|501018.SH|510300.SH|512880.SH|513030.SH|513100.SH|513180.SH|513500.SH|513880.SH,0.6364929132671351,0.910284859375849,thompson
rolling_thompson_sampling,2021,2022,50,159920.SZ|159949.SZ|159980.SZ|159981.SZ|159985.SZ|164824.SZ|501018.SH|512660.SH|513080.SH|513180.SH|513500.SH|513880.SH|515790.SH,0.846334070184441,0.910284859375849,thompson
rolling_thompson_sampling,2021,2022,51,159869.SZ|159920.SZ|159980.SZ|159981.SZ|501018.SH|510180.SH|510880.SH|513030.SH|513080.SH|513100.SH|513180.SH|513500.SH|518880.SH,0.708919884552533,0.910284859375849,thompson
rolling_thompson_sampling,2021,2022,52,159920.SZ|159980.SZ|159981.SZ|159985.SZ|160644.SZ|501018.SH|510210.SH|512890.SH|513080.SH|513100.SH|513180.SH|513880.SH|515790.SH,1.1953628450566636,0.910284859375849,thompson
rolling_thompson_sampling,2021,2022,53,159920.SZ|159949.SZ|159980.SZ|159981.SZ|159985.SZ|160644.SZ|501018.SH|512170.SH|512880.SH|513080.SH|513180.SH|513500.SH|513880.SH,0.6584055632173221,0.910284859375849,thompson
rolling_thompson_sampling,2021,2022,54,159920.SZ|159980.SZ|159981.SZ|159985.SZ|160644.SZ|164824.SZ|501018.SH|510300.SH|512100.SH|512880.SH|513100.SH|513180.SH|513500.SH,1.381069843302976,0.910284859375849,thompson
rolling_thompson_sampling,2021,2022,55,159920.SZ|159980.SZ|159981.SZ|159985.SZ|164824.SZ|501018.SH|510210.SH|512100.SH|512880.SH|513030.SH|513100.SH|513180.SH|513500.SH,1.2466490255640565,0.910284859375849,thompson
rolling_thompson_sampling,2021,2022,56,159851.SZ|159920.SZ|159980.SZ|159981.SZ|159985.SZ|160644.SZ|164824.SZ|501018.SH|513100.SH|513180.SH|513500.SH|515880.SH|588000.SH,1.726112793371061,0.910284859375849,thompson
rolling_thompson_sampling,2021,2022,57,159851.SZ|159920.SZ|159980.SZ|159981.SZ|159985.SZ|161226.SZ|164824.SZ|512100.SH|513080.SH|513100.SH|513180.SH|513500.SH|588000.SH,0.8757089173837825,0.910284859375849,thompson
rolling_thompson_sampling,2021,2022,58,159870.SZ|159920.SZ|159980.SZ|159981.SZ|161226.SZ|501018.SH|512170.SH|513030.SH|513080.SH|513100.SH|513180.SH|513880.SH|515790.SH,0.24502372901550015,0.910284859375849,thompson
rolling_thompson_sampling,2021,2022,59,159851.SZ|159920.SZ|159980.SZ|159981.SZ|159985.SZ|160644.SZ|501018.SH|510880.SH|512100.SH|513030.SH|513080.SH|513180.SH|513500.SH,1.7265777010848584,0.910284859375849,thompson
rolling_thompson_sampling,2021,2022,60,159851.SZ|159920.SZ|159980.SZ|159981.SZ|161226.SZ|501018.SH|510300.SH|512890.SH|513030.SH|513080.SH|513100.SH|513180.SH|513500.SH,1.1071023060656204,0.910284859375849,thompson
rolling_thompson_sampling,2021,2022,61,159851.SZ|159920.SZ|159949.SZ|159980.SZ|159981.SZ|159985.SZ|164824.SZ|501018.SH|510210.SH|513100.SH|513180.SH|513500.SH|513880.SH,1.0740043418276903,0.910284859375849,thompson
rolling_thompson_sampling,2021,2022,62,159920.SZ|159980.SZ|159981.SZ|159985.SZ|161226.SZ|164824.SZ|512100.SH|513030.SH|513080.SH|513180.SH|513500.SH|515220.SH|515790.SH,0.4920453211706773,0.910284859375849,thompson
rolling_thompson_sampling,2021,2022,63,159920.SZ|159980.SZ|159981.SZ|159985.SZ|164824.SZ|501018.SH|510880.SH|512200.SH|513080.SH|513100.SH|513180.SH|513500.SH|515790.SH,1.3970942128780262,0.910284859375849,thompson
rolling_thompson_sampling,2021,2022,64,159851.SZ|159920.SZ|159980.SZ|159981.SZ|159985.SZ|160644.SZ|501018.SH|510210.SH|512890.SH|513030.SH|513080.SH|513100.SH|513180.SH,1.7062245218473822,0.910284859375849,thompson
rolling_thompson_sampling,2021,2022,65,159920.SZ|159980.SZ|159981.SZ|159985.SZ|164824.SZ|501018.SH|510050.SH|512170.SH|513100.SH|513180.SH|513500.SH|513880.SH|515880.SH,1.2243318862430015,0.910284859375849,thompson
rolling_thompson_sampling,2021,2022,66,159920.SZ|159949.SZ|159980.SZ|159981.SZ|159985.SZ|164824.SZ|501018.SH|510880.SH|512100.SH|513030.SH|513100.SH|513180.SH|513500.SH,1.2561275646397299,0.910284859375849,thompson
rolling_thompson_sampling,2021,2022,67,159920.SZ|159980.SZ|159981.SZ|159985.SZ|160644.SZ|164824.SZ|501018.SH|510300.SH|512170.SH|512800.SH|513100.SH|513180.SH|513880.SH,0.8128077206770131,0.910284859375849,thompson
rolling_thompson_sampling,2021,2022,68,159920.SZ|159980.SZ|159981.SZ|159985.SZ|160644.SZ|501018.SH|510880.SH|512200.SH|512890.SH|513080.SH|513100.SH|513180.SH|513880.SH,1.2376100849713287,0.910284859375849,thompson
rolling_thompson_sampling,2021,2022,69,159869.SZ|159920.SZ|159980.SZ|159981.SZ|159985.SZ|160644.SZ|164824.SZ|501018.SH|512800.SH|512890.SH|513080.SH|513180.SH|513880.SH,0.38294221423113295,0.910284859375849,thompson
rolling_thompson_sampling,2021,2022,70,159851.SZ|159920.SZ|159980.SZ|159981.SZ|159985.SZ|164824.SZ|501018.SH|512100.SH|512890.SH|513030.SH|513080.SH|513100.SH|513180.SH,1.7759339208724767,0.910284859375849,thompson
rolling_thompson_sampling,2021,2022,71,159851.SZ|159920.SZ|159980.SZ|159981.SZ|159985.SZ|164824.SZ|501018.SH|510300.SH|512100.SH|513030.SH|513080.SH|513100.SH|513180.SH,1.3232167828732195,0.910284859375849,thompson
rolling_thompson_sampling,2021,2022,72,159851.SZ|159920.SZ|159980.SZ|159981.SZ|159985.SZ|160644.SZ|161226.SZ|510050.SH|510210.SH|513030.SH|513080.SH|513180.SH|513500.SH,0.37583935431744864,0.910284859375849,thompson
rolling_thompson_sampling,2021,2022,73,159920.SZ|159980.SZ|159981.SZ|159985.SZ|160644.SZ|164824.SZ|501018.SH|510880.SH|512170.SH|512890.SH|513080.SH|513180.SH|513500.SH,1.5751520816736917,0.910284859375849,thompson
rolling_thompson_sampling,2021,2022,74,159920.SZ|159981.SZ|159985.SZ|160644.SZ|161226.SZ|164824.SZ|501018.SH|510300.SH|510880.SH|513030.SH|513180.SH|513500.SH|515880.SH,1.0648948772905786,0.910284859375849,thompson
rolling_thompson_sampling,2021,2022,75,159869.SZ|159920.SZ|159980.SZ|159981.SZ|161226.SZ|164824.SZ|501018.SH|510210.SH|512660.SH|513030.SH|513080.SH|513100.SH|513180.SH,0.9551064468049736,0.910284859375849,thompson
rolling_thompson_sampling,2021,2022,76,159920.SZ|159980.SZ|159985.SZ|160644.SZ|161226.SZ|164824.SZ|501018.SH|510210.SH|512890.SH|513030.SH|513180.SH|513500.SH|515880.SH,1.3744514723894934,0.910284859375849,thompson
rolling_thompson_sampling,2021,2022,77,159920.SZ|159980.SZ|159981.SZ|159985.SZ|160644.SZ|501018.SH|512100.SH|512980.SH|513030.SH|513080.SH|513100.SH|513180.SH|515880.SH,1.548564835848438,0.910284859375849,thompson
rolling_thompson_sampling,2021,2022,78,159851.SZ|159920.SZ|159980.SZ|159981.SZ|160644.SZ|161226.SZ|501018.SH|512100.SH|512980.SH|513030.SH|513080.SH|513180.SH|513500.SH,1.4056282444165136,0.910284859375849,thompson
rolling_thompson_sampling,2021,2022,79,159920.SZ|159980.SZ|159981.SZ|159985.SZ|161226.SZ|510050.SH|510880.SH|512980.SH|513030.SH|513100.SH|513180.SH|513500.SH|513880.SH,0.06657088377799068,0.910284859375849,thompson
rolling_thompson_sampling,2021,2022,80,159851.SZ|159920.SZ|159949.SZ|159980.SZ|159981.SZ|159985.SZ|501018.SH|513030.SH|513080.SH|513180.SH|513500.SH|513880.SH|515790.SH,1.1667853900691008,0.910284859375849,thompson
rolling_thompson_sampling,2021,2022,81,159920.SZ|159980.SZ|159981.SZ|159985.SZ|501018.SH|512100.SH|512200.SH|513080.SH|513100.SH|513180.SH|513500.SH|513880.SH|515220.SH,1.0266347751091955,0.910284859375849,thompson
rolling_thompson_sampling,2021,2022,82,159851.SZ|159920.SZ|159980.SZ|159981.SZ|159985.SZ|164824.SZ|510210.SH|512660.SH|513030.SH|513100.SH|513180.SH|513500.SH|518880.SH,0.14154327867902416,0.910284859375849,thompson
rolling_thompson_sampling,2021,2022,83,159851.SZ|159920.SZ|159980.SZ|159981.SZ|159985.SZ|160644.SZ|164824.SZ|501018.SH|510880.SH|513100.SH|513180.SH|513500.SH|515790.SH,1.863272103746549,0.910284859375849,thompson
rolling_thompson_sampling,2021,2022,84,159851.SZ|159920.SZ|159980.SZ|159981.SZ|159985.SZ|164824.SZ|501018.SH|512100.SH|512170.SH|513080.SH|513100.SH|513180.SH|513500.SH,1.1763413849936737,0.910284859375849,thompson
rolling_thompson_sampling,2021,2022,85,159920.SZ|159980.SZ|159981.SZ|159985.SZ|164824.SZ|501018.SH|512100.SH|512170.SH|513030.SH|513100.SH|513180.SH|513500.SH|515790.SH,0.9621117210003234,0.910284859375849,thompson
rolling_thompson_sampling,2021,2022,86,159870.SZ|159915.SZ|159920.SZ|159980.SZ|159981.SZ|159985.SZ|164824.SZ|501018.SH|512100.SH|513080.SH|513100.SH|513180.SH|513500.SH,0.594963132593973,0.910284859375849,thompson
rolling_thompson_sampling,2021,2022,87,159865.SZ|159920.SZ|159980.SZ|159981.SZ|159985.SZ|160644.SZ|161226.SZ|512880.SH|513080.SH|513100.SH|513180.SH|513880.SH|515790.SH,0.5077247466331049,0.910284859375849,thompson
rolling_thompson_sampling,2021,2022,88,159920.SZ|159980.SZ|159981.SZ|159985.SZ|160644.SZ|164824.SZ|501018.SH|512100.SH|512890.SH|512980.SH|513180.SH|513500.SH|513880.SH,1.4469629022973596,0.910284859375849,thompson
rolling_thompson_sampling,2021,2022,89,159851.SZ|159920.SZ|159980.SZ|159985.SZ|161226.SZ|164824.SZ|501018.SH|512100.SH|512200.SH|513030.SH|513100.SH|513180.SH|513500.SH,1.0199563111813847,0.910284859375849,thompson
rolling_thompson_sampling,2021,2022,90,159851.SZ|159920.SZ|159980.SZ|159981.SZ|161226.SZ|164824.SZ|501018.SH|510210.SH|512980.SH|513030.SH|513080.SH|513100.SH|513180.SH,1.1074327940896616,0.910284859375849,thompson
rolling_thompson_sampling,2021,2022,91,159920.SZ|159928.SZ|159980.SZ|159981.SZ|160644.SZ|161226.SZ|164824.SZ|501018.SH|512170.SH|512200.SH|513030.SH|513180.SH|513500.SH,0.35967919638032775,0.910284859375849,thompson
rolling_thompson_sampling,2021,2022,92,159870.SZ|159920.SZ|159980.SZ|159981.SZ|159985.SZ|164824.SZ|501018.SH|512170.SH|512890.SH|513080.SH|513100.SH|513180.SH|513500.SH,0.8825840974733128,0.910284859375849,thompson
rolling_thompson_sampling,2021,2022,93,159851.SZ|159920.SZ|159980.SZ|159981.SZ|159985.SZ|160644.SZ|501018.SH|510210.SH|510300.SH|513100.SH|513180.SH|513500.SH|513880.SH,1.141604155320272,0.910284859375849,thompson
rolling_thompson_sampling,2021,2022,94,159920.SZ|159980.SZ|159981.SZ|159985.SZ|160644.SZ|501018.SH|512880.SH|512890.SH|513080.SH|513100.SH|513180.SH|513500.SH|515880.SH,1.7306450472164907,0.910284859375849,thompson
rolling_thompson_sampling,2021,2022,95,159920.SZ|159980.SZ|159981.SZ|159985.SZ|501018.SH|510210.SH|510300.SH|513030.SH|513080.SH|513180.SH|513500.SH|513880.SH|516150.SH,0.7251651331039153,0.910284859375849,thompson
rolling_thompson_sampling,2021,2022,96,159920.SZ|159980.SZ|159981.SZ|159985.SZ|164824.SZ|501018.SH|510300.SH|512100.SH|513030.SH|513080.SH|513180.SH|513500.SH|515880.SH,1.3138560935109067,0.910284859375849,thompson
rolling_thompson_sampling,2021,2022,97,159920.SZ|159980.SZ|159981.SZ|159985.SZ|160644.SZ|161226.SZ|164824.SZ|512170.SH|512200.SH|512800.SH|513030.SH|513100.SH|513180.SH,0.15508210912598616,0.910284859375849,thompson
rolling_thompson_sampling,2021,2022,98,159920.SZ|159949.SZ|159980.SZ|159981.SZ|159985.SZ|501018.SH|512170.SH|512200.SH|513030.SH|513080.SH|513100.SH|513180.SH|513880.SH,0.04921751556439544,0.910284859375849,thompson
rolling_thompson_sampling,2021,2022,99,159920.SZ|159980.SZ|159981.SZ|159985.SZ|160644.SZ|164824.SZ|501018.SH|512100.SH|513080.SH|513180.SH|513500.SH|515210.SH|515880.SH,1.2724883674720406,0.910284859375849,thompson
rolling_thompson_sampling,2021,2022,100,159915.SZ|159920.SZ|159928.SZ|159980.SZ|159981.SZ|159985.SZ|164824.SZ|513030.SH|513180.SH|513500.SH|513880.SH|515880.SH|518880.SH,-0.16259885084429176,0.910284859375849,thompson
rolling_thompson_sampling,2022,2023,1,159851.SZ|159920.SZ|159928.SZ|159981.SZ|160644.SZ|161226.SZ|164824.SZ|501018.SH|512100.SH|513070.SH|513080.SH|513880.SH|518880.SH,-0.4389188924784061,0.9184217642745492,warmup
rolling_thompson_sampling,2022,2023,2,159766.SZ|159852.SZ|159920.SZ|159980.SZ|159985.SZ|160644.SZ|161226.SZ|164824.SZ|513070.SH|513080.SH|513500.SH|515880.SH|518880.SH,-0.11187123943888018,0.9184217642745492,warmup
rolling_thompson_sampling,2022,2023,3,159796.SZ|159825.SZ|159920.SZ|159980.SZ|159985.SZ|160644.SZ|161226.SZ|164824.SZ|513030.SH|513070.SH|513880.SH|515220.SH|518880.SH,-0.18681071969748023,0.9184217642745492,warmup
rolling_thompson_sampling,2022,2023,4,159852.SZ|159869.SZ|159915.SZ|159920.SZ|159981.SZ|159985.SZ|161226.SZ|164824.SZ|513030.SH|513070.SH|513500.SH|513880.SH|518880.SH,-0.11506092381883902,0.9184217642745492,warmup
rolling_thompson_sampling,2022,2023,5,159851.SZ|159865.SZ|159920.SZ|159980.SZ|159985.SZ|164824.SZ|501018.SH|512880.SH|513030.SH|513070.SH|513500.SH|513880.SH|518880.SH,0.062783704212816,0.9184217642745492,warmup
rolling_thompson_sampling,2022,2023,6,159920.SZ|159981.SZ|159985.SZ|160644.SZ|161226.SZ|512040.SH|512200.SH|513070.SH|513080.SH|513100.SH|513880.SH|515880.SH|518880.SH,-0.35329813562362455,0.9184217642745492,warmup
rolling_thompson_sampling,2022,2023,7,159869.SZ|159920.SZ|159980.SZ|159985.SZ|160644.SZ|161226.SZ|512100.SH|512200.SH|513070.SH|513080.SH|513100.SH|513880.SH|518880.SH,-0.22976902035832886,0.9184217642745492,warmup
rolling_thompson_sampling,2022,2023,8,159870.SZ|159920.SZ|159980.SZ|159981.SZ|160644.SZ|501018.SH|512040.SH|512980.SH|513070.SH|513080.SH|513500.SH|513880.SH|518880.SH,-0.5755276520907625,0.9184217642745492,warmup
rolling_thompson_sampling,2022,2023,9,159865.SZ|159920.SZ|159980.SZ|159981.SZ|159985.SZ|160644.SZ|161226.SZ|512890.SH|513030.SH|513070.SH|513100.SH|513880.SH|562500.SH,-0.44528691038715823,0.9184217642745492,warmup
rolling_thompson_sampling,2022,2023,10,159920.SZ|159980.SZ|159981.SZ|160644.SZ|161226.SZ|164824.SZ|512170.SH|512800.SH|512880.SH|513030.SH|513070.SH|513500.SH|518880.SH,-0.33796977955309027,0.9184217642745492,warmup
rolling_thompson_sampling,2022,2023,11,159852.SZ|159920.SZ|159980.SZ|159981.SZ|159985.SZ|160644.SZ|510300.SH|513070.SH|513080.SH|513100.SH|513880.SH|515220.SH|518880.SH,0.33314092555278463,0.9184217642745492,warmup
rolling_thompson_sampling,2022,2023,12,159901.SZ|159920.SZ|159981.SZ|160644.SZ|161226.SZ|164824.SZ|501018.SH|512880.SH|513070.SH|513100.SH|513880.SH|518880.SH|562500.SH,0.23363409471244742,0.9184217642745492,warmup
rolling_thompson_sampling,2022,2023,13,159915.SZ|159920.SZ|159980.SZ|159981.SZ|160644.SZ|164824.SZ|501018.SH|510500.SH|513070.SH|513080.SH|513100.SH|518880.SH|588000.SH,0.06957260525377679,0.9184217642745492,warmup
rolling_thompson_sampling,2022,2023,14,159870.SZ|159920.SZ|159981.SZ|159985.SZ|161226.SZ|164824.SZ|501018.SH|510180.SH|513070.SH|513080.SH|513100.SH|513880.SH|562500.SH,0.1605806760543688,0.9184217642745492,warmup
rolling_thompson_sampling,2022,2023,15,159915.SZ|159920.SZ|159980.SZ|159981.SZ|160644.SZ|161226.SZ|512980.SH|513030.SH|513070.SH|513100.SH|513880.SH|515220.SH|518880.SH,-0.6156416306710979,0.9184217642745492,warmup
rolling_thompson_sampling,2022,2023,16,159920.SZ|159980.SZ|159985.SZ|160644.SZ|161226.SZ|512100.SH|512200.SH|512880.SH|513070.SH|513080.SH|513500.SH|513880.SH|518880.SH,-0.24392760954442552,0.9184217642745492,warmup
rolling_thompson_sampling,2022,2023,17,159851.SZ|159920.SZ|159985.SZ|160644.SZ|161226.SZ|164824.SZ|501018.SH|510500.SH|513070.SH|513080.SH|513500.SH|515220.SH|518880.SH,0.2522197432543471,0.9184217642745492,warmup
rolling_thompson_sampling,2022,2023,18,159869.SZ|159901.SZ|159920.SZ|159980.SZ|159981.SZ|159985.SZ|160644.SZ|161226.SZ|164824.SZ|510050.SH|513030.SH|513070.SH|513100.SH,-0.26059271957799224,0.9184217642745492,warmup
rolling_thompson_sampling,2022,2023,19,159766.SZ|159920.SZ|159985.SZ|160644.SZ|161226.SZ|164824.SZ|501018.SH|510180.SH|512980.SH|513070.SH|513100.SH|513880.SH|518880.SH,-0.12527721244697404,0.9184217642745492,warmup
rolling_thompson_sampling,2022,2023,20,159870.SZ|159915.SZ|159920.SZ|159980.SZ|159981.SZ|159985.SZ|160644.SZ|164824.SZ|512200.SH|513070.SH|513080.SH|513500.SH|518880.SH,0.021332784834563,0.9184217642745492,warmup
rolling_thompson_sampling,2022,2023,21,159920.SZ|159981.SZ|159985.SZ|160644.SZ|161226.SZ|164824.SZ|512040.SH|512660.SH|512880.SH|513070.SH|513500.SH|513880.SH|518880.SH,-0.6955971535583405,0.9184217642745492,thompson
rolling_thompson_sampling,2022,2023,22,159920.SZ|159980.SZ|159981.SZ|161226.SZ|164824.SZ|501018.SH|510300.SH|512040.SH|512400.SH|513030.SH|513070.SH|513100.SH|513880.SH,-0.4725351438870479,0.9184217642745492,thompson
rolling_thompson_sampling,2022,2023,23,159796.SZ|159920.SZ|159981.SZ|159985.SZ|160644.SZ|161226.SZ|164824.SZ|510880.SH|512170.SH|513070.SH|513080.SH|513100.SH|518880.SH,0.3393438468706651,0.9184217642745492,thompson
rolling_thompson_sampling,2022,2023,24,159920.SZ|159981.SZ|159985.SZ|160644.SZ|501018.SH|510180.SH|513030.SH|513070.SH|513500.SH|513880.SH|515790.SH|518880.SH|588000.SH,0.10142343155664067,0.9184217642745492,thompson
rolling_thompson_sampling,2022,2023,25,159920.SZ|159980.SZ|160644.SZ|161226.SZ|164824.SZ|501018.SH|510500.SH|512170.SH|512660.SH|513070.SH|513080.SH|513100.SH|518880.SH,-0.33544485714284666,0.9184217642745492,thompson
rolling_thompson_sampling,2022,2023,26,159852.SZ|159920.SZ|159980.SZ|159981.SZ|160644.SZ|501018.SH|510500.SH|513030.SH|513070.SH|513100.SH|513880.SH|518880.SH|588000.SH,-0.28625562641918145,0.9184217642745492,thompson
rolling_thompson_sampling,2022,2023,27,159852.SZ|159865.SZ|159920.SZ|159980.SZ|159985.SZ|161226.SZ|164824.SZ|501018.SH|510880.SH|513070.SH|513080.SH|513100.SH|513880.SH,0.11952993299504483,0.9184217642745492,thompson
rolling_thompson_sampling,2022,2023,28,159825.SZ|159920.SZ|159980.SZ|159981.SZ|159985.SZ|160644.SZ|161226.SZ|164824.SZ|512890.SH|513070.SH|513080.SH|513880.SH|516150.SH,-0.4999600518243147,0.9184217642745492,thompson
rolling_thompson_sampling,2022,2023,29,159865.SZ|159920.SZ|159980.SZ|159981.SZ|159985.SZ|160644.SZ|164824.SZ|512100.SH|512660.SH|513070.SH|513080.SH|513500.SH|518880.SH,-0.19021003717857174,0.9184217642745492,thompson
rolling_thompson_sampling,2022,2023,30,159796.SZ|159852.SZ|159920.SZ|159980.SZ|159985.SZ|160644.SZ|161226.SZ|164824.SZ|510180.SH|513070.SH|513080.SH|513500.SH|518880.SH,0.7028183162174254,0.9184217642745492,thompson
rolling_thompson_sampling,2022,2023,31,159870.SZ|159915.SZ|159920.SZ|159981.SZ|159985.SZ|161226.SZ|164824.SZ|501018.SH|510180.SH|513070.SH|513080.SH|513100.SH|513880.SH,-0.09238970907671487,0.9184217642745492,thompson
rolling_thompson_sampling,2022,2023,32,159852.SZ|159920.SZ|159980.SZ|159981.SZ|159985.SZ|160644.SZ|161226.SZ|164824.SZ|510880.SH|512100.SH|513070.SH|513500.SH|513880.SH,-0.27977863180934465,0.9184217642745492,thompson
rolling_thompson_sampling,2022,2023,33,159766.SZ|159865.SZ|159920.SZ|159980.SZ|159981.SZ|161226.SZ|164824.SZ|501018.SH|510300.SH|513030.SH|513070.SH|513100.SH|513880.SH,-0.4490430672171568,0.9184217642745492,thompson
rolling_thompson_sampling,2022,2023,34,159796.SZ|159825.SZ|159920.SZ|159981.SZ|159985.SZ|160644.SZ|161226.SZ|164824.SZ|512170.SH|513070.SH|513080.SH|513500.SH|518880.SH,0.20543997646326367,0.9184217642745492,thompson
rolling_thompson_sampling,2022,2023,35,159920.SZ|159985.SZ|160644.SZ|161226.SZ|164824.SZ|501018.SH|510180.SH|512170.SH|513030.SH|513070.SH|513100.SH|515790.SH|518880.SH,0.7202889296343569,0.9184217642745492,thompson
rolling_thompson_sampling,2022,2023,36,159869.SZ|159901.SZ|159920.SZ|159980.SZ|159981.SZ|160644.SZ|164824.SZ|501018.SH|513070.SH|513080.SH|513100.SH|518880.SH|562500.SH,0.35292009945743913,0.9184217642745492,thompson
rolling_thompson_sampling,2022,2023,37,159869.SZ|159901.SZ|159920.SZ|159928.SZ|159980.SZ|159981.SZ|160644.SZ|161226.SZ|164824.SZ|513030.SH|513070.SH|513100.SH|518880.SH,-0.35626266914840404,0.9184217642745492,thompson
rolling_thompson_sampling,2022,2023,38,159611.SZ|159920.SZ|159981.SZ|159985.SZ|161226.SZ|164824.SZ|512100.SH|513070.SH|513080.SH|513100.SH|513880.SH|518880.SH|588000.SH,-0.17530214798244603,0.9184217642745492,thompson
rolling_thompson_sampling,2022,2023,39,159611.SZ|159901.SZ|159920.SZ|159980.SZ|159981.SZ|160644.SZ|501018.SH|513070.SH|513080.SH|513100.SH|513880.SH|515790.SH|518880.SH,-0.08226942415405884,0.9184217642745492,thompson
rolling_thompson_sampling,2022,2023,40,159851.SZ|159920.SZ|159980.SZ|159985.SZ|160644.SZ|161226.SZ|164824.SZ|501018.SH|512980.SH|513070.SH|513080.SH|513100.SH|588000.SH,-0.18619948329496291,0.9184217642745492,thompson
rolling_thompson_sampling,2022,2023,41,159611.SZ|159915.SZ|159920.SZ|159980.SZ|159981.SZ|159985.SZ|160644.SZ|164824.SZ|501018.SH|513070.SH|513080.SH|513880.SH|515790.SH,0.13809094500451932,0.9184217642745492,thompson
rolling_thompson_sampling,2022,2023,42,159796.SZ|159915.SZ|159920.SZ|159980.SZ|159981.SZ|160644.SZ|161226.SZ|513030.SH|513070.SH|513500.SH|513880.SH|516150.SH|518880.SH,-0.3469405219901385,0.9184217642745492,thompson
rolling_thompson_sampling,2022,2023,43,159611.SZ|159869.SZ|159920.SZ|159980.SZ|160644.SZ|161226.SZ|164824.SZ|501018.SH|513070.SH|513080.SH|513100.SH|518880.SH|562500.SH,-0.3842401321428037,0.9184217642745492,thompson
rolling_thompson_sampling,2022,2023,44,159825.SZ|159851.SZ|159920.SZ|159980.SZ|159985.SZ|161226.SZ|164824.SZ|501018.SH|510180.SH|513030.SH|513070.SH|513500.SH|513880.SH,-0.118676015978557,0.9184217642745492,thompson
rolling_thompson_sampling,2022,2023,45,159901.SZ|159920.SZ|159928.SZ|159980.SZ|159981.SZ|159985.SZ|160644.SZ|164824.SZ|513030.SH|513070.SH|513880.SH|515220.SH|518880.SH,0.088205411528897,0.9184217642745492,thompson
rolling_thompson_sampling,2022,2023,46,159766.SZ|159796.SZ|159920.SZ|159980.SZ|159981.SZ|160644.SZ|161226.SZ|164824.SZ|501018.SH|512170.SH|513070.SH|513080.SH|513500.SH,-0.06582801208043912,0.9184217642745492,thompson
rolling_thompson_sampling,2022,2023,47,159865.SZ|159920.SZ|159980.SZ|159985.SZ|160644.SZ|164824.SZ|501018.SH|510880.SH|513030.SH|513070.SH|513500.SH|516150.SH|518880.SH,-0.08089582250653068,0.9184217642745492,thompson
rolling_thompson_sampling,2022,2023,48,159825.SZ|159915.SZ|159920.SZ|159980.SZ|159981.SZ|160644.SZ|164824.SZ|501018.SH|513070.SH|513080.SH|513100.SH|515210.SH|518880.SH,-0.5923376803183203,0.9184217642745492,thompson
rolling_thompson_sampling,2022,2023,49,159852.SZ|159920.SZ|159980.SZ|159985.SZ|160644.SZ|164824.SZ|501018.SH|510050.SH|513070.SH|513080.SH|513100.SH|515790.SH|518880.SH,0.6597519208240002,0.9184217642745492,thompson
rolling_thompson_sampling,2022,2023,50,159865.SZ|159920.SZ|159981.SZ|159985.SZ|164824.SZ|501018.SH|510050.SH|513030.SH|513070.SH|513100.SH|513880.SH|515220.SH|518880.SH,0.40113227025925174,0.9184217642745492,thompson
rolling_thompson_sampling,2022,2023,51,159920.SZ|159980.SZ|159981.SZ|160644.SZ|164824.SZ|501018.SH|510180.SH|512200.SH|513030.SH|513070.SH|513880.SH|518880.SH|562500.SH,0.20445896961139196,0.9184217642745492,thompson
rolling_thompson_sampling,2022,2023,52,159611.SZ|159920.SZ|159967.SZ|159980.SZ|160644.SZ|161226.SZ|501018.SH|512170.SH|513030.SH|513070.SH|513100.SH|513880.SH|518880.SH,-0.17999669065279267,0.9184217642745492,thompson
rolling_thompson_sampling,2022,2023,53,159915.SZ|159920.SZ|159980.SZ|159981.SZ|159985.SZ|160644.SZ|164824.SZ|501018.SH|510180.SH|512170.SH|513070.SH|513100.SH|513880.SH,0.7742004079918694,0.9184217642745492,thompson
rolling_thompson_sampling,2022,2023,54,159920.SZ|159981.SZ|159985.SZ|160644.SZ|164824.SZ|501018.SH|510050.SH|513070.SH|513100.SH|513880.SH|515220.SH|515790.SH|518880.SH,0.6806467820616443,0.9184217642745492,thompson
rolling_thompson_sampling,2022,2023,55,159920.SZ|159980.SZ|159981.SZ|161226.SZ|164824.SZ|512400.SH|512800.SH|513070.SH|513080.SH|513100.SH|513880.SH|518880.SH|588000.SH,-0.4870029020192827,0.9184217642745492,thompson
rolling_thompson_sampling,2022,2023,56,159920.SZ|159985.SZ|160644.SZ|161226.SZ|164824.SZ|501018.SH|510180.SH|512040.SH|513070.SH|513080.SH|513500.SH|515790.SH|518880.SH,0.38349008898461845,0.9184217642745492,thompson
rolling_thompson_sampling,2022,2023,57,159920.SZ|159980.SZ|159985.SZ|164824.SZ|501018.SH|510300.SH|513030.SH|513070.SH|513500.SH|513880.SH|515220.SH|518880.SH|562500.SH,0.3477251302914437,0.9184217642745492,thompson
rolling_thompson_sampling,2022,2023,58,159920.SZ|159980.SZ|159981.SZ|160644.SZ|161226.SZ|164824.SZ|501018.SH|510210.SH|512100.SH|513030.SH|513070.SH|513100.SH|562500.SH,-0.11652893105705889,0.9184217642745492,thompson
rolling_thompson_sampling,2022,2023,59,159766.SZ|159920.SZ|159980.SZ|161226.SZ|164824.SZ|501018.SH|510210.SH|512890.SH|513070.SH|513080.SH|513100.SH|513880.SH|518880.SH,-0.30059289791989263,0.9184217642745492,thompson
rolling_thompson_sampling,2022,2023,60,159920.SZ|159981.SZ|160644.SZ|161226.SZ|164824.SZ|501018.SH|510180.SH|513070.SH|513100.SH|513880.SH|515790.SH|518880.SH|562500.SH,0.44125549320514934,0.9184217642745492,thompson
rolling_thompson_sampling,2022,2023,61,159796.SZ|159920.SZ|159980.SZ|159981.SZ|160644.SZ|164824.SZ|501018.SH|510880.SH|513070.SH|513100.SH|513880.SH|515220.SH|518880.SH,0.27101467036417487,0.9184217642745492,thompson
rolling_thompson_sampling,2022,2023,62,159920.SZ|159981.SZ|159985.SZ|160644.SZ|161226.SZ|501018.SH|510180.SH|512100.SH|512200.SH|513070.SH|513080.SH|513500.SH|513880.SH,-0.5543968365504525,0.9184217642745492,thompson
rolling_thompson_sampling,2022,2023,63,159920.SZ|159980.SZ|159985.SZ|160644.SZ|164824.SZ|501018.SH|513070.SH|513500.SH|513880.SH|515220.SH|515790.SH|518880.SH|562500.SH,0.5776917853629245,0.9184217642745492,thompson
rolling_thompson_sampling,2022,2023,64,159901.SZ|159920.SZ|159980.SZ|159981.SZ|160644.SZ|501018.SH|510180.SH|512800.SH|513030.SH|513070.SH|513500.SH|513880.SH|518880.SH,-0.09688167011443188,0.9184217642745492,thompson
rolling_thompson_sampling,2022,2023,65,159611.SZ|159920.SZ|159980.SZ|159981.SZ|159985.SZ|160644.SZ|164824.SZ|513070.SH|513080.SH|513880.SH|515790.SH|518880.SH|562500.SH,0.19929322243964148,0.9184217642745492,thompson
rolling_thompson_sampling,2022,2023,66,159870.SZ|159920.SZ|159980.SZ|159981.SZ|159985.SZ|160644.SZ|161226.SZ|164824.SZ|513070.SH|513080.SH|513500.SH|515220.SH|516150.SH,0.16858433565887584,0.9184217642745492,thompson
rolling_thompson_sampling,2022,2023,67,159901.SZ|159920.SZ|159967.SZ|159981.SZ|159985.SZ|164824.SZ|501018.SH|510880.SH|513070.SH|513080.SH|513500.SH|513880.SH|518880.SH,0.2520023826877307,0.9184217642745492,thompson
rolling_thompson_sampling,2022,2023,68,159796.SZ|159915.SZ|159920.SZ|159980.SZ|159981.SZ|159985.SZ|160644.SZ|161226.SZ|164824.SZ|510210.SH|513070.SH|513100.SH|513880.SH,-0.10251450919658253,0.9184217642745492,thompson
rolling_thompson_sampling,2022,2023,69,159865.SZ|159920.SZ|159949.SZ|159980.SZ|161226.SZ|164824.SZ|501018.SH|510050.SH|513070.SH|513080.SH|513100.SH|513880.SH|518880.SH,-0.4592252887527172,0.9184217642745492,thompson
rolling_thompson_sampling,2022,2023,70,159766.SZ|159920.SZ|159981.SZ|159985.SZ|164824.SZ|501018.SH|510210.SH|512040.SH|513030.SH|513070.SH|513100.SH|513880.SH|518880.SH,-0.2681118939611487,0.9184217642745492,thompson
rolling_thompson_sampling,2022,2023,71,159869.SZ|159901.SZ|159920.SZ|159981.SZ|159985.SZ|160644.SZ|161226.SZ|501018.SH|513070.SH|513080.SH|513500.SH|513880.SH|515220.SH,-0.5840142878409782,0.9184217642745492,thompson
rolling_thompson_sampling,2022,2023,72,159852.SZ|159920.SZ|159980.SZ|159985.SZ|160644.SZ|161226.SZ|513070.SH|513080.SH|513500.SH|513880.SH|515880.SH|518880.SH|588000.SH,-0.30292456753906954,0.9184217642745492,thompson
rolling_thompson_sampling,2022,2023,73,159920.SZ|159980.SZ|159981.SZ|159985.SZ|160644.SZ|161226.SZ|512880.SH|513030.SH|513070.SH|513100.SH|513880.SH|515220.SH|515790.SH,0.11206527418380759,0.9184217642745492,thompson
rolling_thompson_sampling,2022,2023,74,159852.SZ|159920.SZ|159980.SZ|159981.SZ|159985.SZ|160644.SZ|164824.SZ|510880.SH|513070.SH|513080.SH|513880.SH|515790.SH|518880.SH,0.35918999093453474,0.9184217642745492,thompson
rolling_thompson_sampling,2022,2023,75,159920.SZ|159981.SZ|160644.SZ|161226.SZ|501018.SH|512890.SH|512980.SH|513070.SH|513080.SH|513100.SH|513880.SH|515790.SH|518880.SH,-0.3613937005676156,0.9184217642745492,thompson
rolling_thompson_sampling,2022,2023,76,159920.SZ|159980.SZ|159981.SZ|160644.SZ|161226.SZ|510180.SH|512880.SH|513070.SH|513080.SH|513100.SH|513880.SH|515790.SH|518880.SH,-0.24299537260781248,0.9184217642745492,thompson
rolling_thompson_sampling,2022,2023,77,159901.SZ|159920.SZ|159980.SZ|159985.SZ|160644.SZ|164824.SZ|501018.SH|512170.SH|513070.SH|513080.SH|513100.SH|515790.SH|518880.SH,0.5913545737826316,0.9184217642745492,thompson
rolling_thompson_sampling,2022,2023,78,159869.SZ|159901.SZ|159920.SZ|159980.SZ|159985.SZ|160644.SZ|501018.SH|513070.SH|513080.SH|513500.SH|513880.SH|518880.SH|588000.SH,-0.07732260863528155,0.9184217642745492,thompson
rolling_thompson_sampling,2022,2023,79,159920.SZ|159981.SZ|159985.SZ|160644.SZ|161226.SZ|164824.SZ|510050.SH|513070.SH|513100.SH|513880.SH|515790.SH|518880.SH|588000.SH,0.21750816429916173,0.9184217642745492,thompson
rolling_thompson_sampling,2022,2023,80,159852.SZ|159920.SZ|159967.SZ|159980.SZ|161226.SZ|164824.SZ|501018.SH|510180.SH|513030.SH|513070.SH|513100.SH|513880.SH|518880.SH,0.11208267882871,0.9184217642745492,thompson
rolling_thompson_sampling,2022,2023,81,159852.SZ|159920.SZ|159980.SZ|159981.SZ|159985.SZ|164824.SZ|510300.SH|513030.SH|513070.SH|513100.SH|513880.SH|515220.SH|518880.SH,0.47553767750493836,0.9184217642745492,thompson
rolling_thompson_sampling,2022,2023,82,159611.SZ|159920.SZ|159985.SZ|161226.SZ|164824.SZ|501018.SH|513030.SH|513070.SH|513100.SH|513880.SH|515790.SH|518880.SH|562500.SH,0.3176566154560731,0.9184217642745492,thompson
rolling_thompson_sampling,2022,2023,83,159851.SZ|159920.SZ|159981.SZ|159985.SZ|160644.SZ|164824.SZ|501018.SH|510500.SH|513070.SH|513080.SH|513500.SH|516150.SH|518880.SH,0.5061590342979877,0.9184217642745492,thompson
rolling_thompson_sampling,2022,2023,84,159920.SZ|159980.SZ|159981.SZ|160644.SZ|164824.SZ|501018.SH|510180.SH|510500.SH|513070.SH|513080.SH|513100.SH|515210.SH|518880.SH,-0.1738672452612555,0.9184217642745492,thompson
rolling_thompson_sampling,2022,2023,85,159796.SZ|159920.SZ|159981.SZ|159985.SZ|164824.SZ|501018.SH|512040.SH|512170.SH|513030.SH|513070.SH|513500.SH|513880.SH|518880.SH,0.20724790292367598,0.9184217642745492,thompson
rolling_thompson_sampling,2022,2023,86,159825.SZ|159920.SZ|159980.SZ|159985.SZ|160644.SZ|161226.SZ|164824.SZ|513030.SH|513070.SH|513500.SH|515220.SH|518880.SH|562500.SH,-0.09374257168484619,0.9184217642745492,thompson
rolling_thompson_sampling,2022,2023,87,159825.SZ|159870.SZ|159920.SZ|159980.SZ|159981.SZ|160644.SZ|164824.SZ|501018.SH|513070.SH|513080.SH|513500.SH|515220.SH|518880.SH,-0.7599852526986538,0.9184217642745492,thompson
rolling_thompson_sampling,2022,2023,88,159766.SZ|159870.SZ|159920.SZ|159981.SZ|159985.SZ|160644.SZ|501018.SH|512100.SH|513030.SH|513070.SH|513500.SH|513880.SH|518880.SH,-0.034493831725256094,0.9184217642745492,thompson
rolling_thompson_sampling,2022,2023,89,159851.SZ|159920.SZ|159980.SZ|159981.SZ|159985.SZ|160644.SZ|164824.SZ|501018.SH|512200.SH|512890.SH|513070.SH|513080.SH|513880.SH,0.24291936294241315,0.9184217642745492,thompson
rolling_thompson_sampling,2022,2023,90,159920.SZ|159980.SZ|159985.SZ|160644.SZ|161226.SZ|164824.SZ|501018.SH|510180.SH|512200.SH|512880.SH|513030.SH|513070.SH|513500.SH,0.019616636380841934,0.9184217642745492,thompson
rolling_thompson_sampling,2022,2023,91,159920.SZ|159980.SZ|159981.SZ|159985.SZ|160644.SZ|164824.SZ|510050.SH|512200.SH|512890.SH|513070.SH|513100.SH|513880.SH|518880.SH,0.06038210696339497,0.9184217642745492,thompson
rolling_thompson_sampling,2022,2023,92,159920.SZ|159981.SZ|159985.SZ|160644.SZ|164824.SZ|501018.SH|510180.SH|513070.SH|513100.SH|513880.SH|515220.SH|518880.SH|588000.SH,0.3632787997274418,0.9184217642745492,thompson
rolling_thompson_sampling,2022,2023,93,159920.SZ|159980.SZ|159981.SZ|159985.SZ|164824.SZ|501018.SH|512100.SH|512880.SH|513070.SH|513080.SH|513100.SH|513880.SH|515790.SH,0.30239690460775576,0.9184217642745492,thompson
rolling_thompson_sampling,2022,2023,94,159920.SZ|159981.SZ|159985.SZ|160644.SZ|501018.SH|510050.SH|510500.SH|513070.SH|513080.SH|513100.SH|513880.SH|518880.SH|562500.SH,-0.013438988578586953,0.9184217642745492,thompson
rolling_thompson_sampling,2022,2023,95,159852.SZ|159865.SZ|159915.SZ|159920.SZ|159980.SZ|159981.SZ|159985.SZ|160644.SZ|161226.SZ|513030.SH|513070.SH|513100.SH|513880.SH,-0.15632071150279733,0.9184217642745492,thompson
rolling_thompson_sampling,2022,2023,96,159915.SZ|159920.SZ|159985.SZ|160644.SZ|161226.SZ|501018.SH|510180.SH|512890.SH|513070.SH|513080.SH|513500.SH|513880.SH|518880.SH,0.22713806415761323,0.9184217642745492,thompson
rolling_thompson_sampling,2022,2023,97,159920.SZ|159980.SZ|159981.SZ|159985.SZ|160644.SZ|513030.SH|513070.SH|513100.SH|513880.SH|515790.SH|518880.SH|562500.SH|588000.SH,0.14168901353592323,0.9184217642745492,thompson
rolling_thompson_sampling,2022,2023,98,159915.SZ|159920.SZ|159980.SZ|159985.SZ|160644.SZ|161226.SZ|164824.SZ|501018.SH|512100.SH|512170.SH|513070.SH|513080.SH|513100.SH,0.10043272652691111,0.9184217642745492,thompson
rolling_thompson_sampling,2022,2023,99,159920.SZ|159980.SZ|161226.SZ|164824.SZ|501018.SH|510050.SH|512170.SH|513070.SH|513080.SH|513100.SH|513880.SH|515220.SH|518880.SH,-0.4198652658697868,0.9184217642745492,thompson
rolling_thompson_sampling,2022,2023,100,159796.SZ|159915.SZ|159920.SZ|159985.SZ|161226.SZ|164824.SZ|501018.SH|510180.SH|513070.SH|513080.SH|513500.SH|513880.SH|518880.SH,0.6077707721962449,0.9184217642745492,thompson
rolling_thompson_sampling,2023,2024,1,159766.SZ|159851.SZ|159949.SZ|159985.SZ|160644.SZ|161226.SZ|501018.SH|513080.SH|513120.SH|513180.SH|513290.SH|513880.SH|518880.SH,0.7260050216409493,0.6565224325624922,warmup
rolling_thompson_sampling,2023,2024,2,159928.SZ|159981.SZ|159985.SZ|161226.SZ|501018.SH|510180.SH|513070.SH|513100.SH|513120.SH|513290.SH|513310.SH|513880.SH|588000.SH,0.45448491275624975,0.7418512142653872,warmup
rolling_thompson_sampling,2023,2024,3,159796.SZ|159920.SZ|159980.SZ|159981.SZ|161226.SZ|512170.SH|513030.SH|513100.SH|513180.SH|513290.SH|513500.SH|515880.SH|518880.SH,0.7473094920310073,0.9130217366562248,warmup
rolling_thompson_sampling,2023,2024,4,159766.SZ|159928.SZ|159981.SZ|159985.SZ|160644.SZ|161226.SZ|164824.SZ|501018.SH|510500.SH|513070.SH|513120.SH|513290.SH|513880.SH,0.021576585839521725,0.636400666678701,warmup
rolling_thompson_sampling,2023,2024,5,159687.SZ|159766.SZ|159851.SZ|159920.SZ|159967.SZ|159980.SZ|159981.SZ|160644.SZ|161226.SZ|513120.SH|513290.SH|513500.SH|518880.SH,0.13513931996294684,0.6565224325624922,warmup
rolling_thompson_sampling,2023,2024,6,159915.SZ|159928.SZ|159980.SZ|159981.SZ|160644.SZ|161226.SZ|501018.SH|512170.SH|513100.SH|513120.SH|513180.SH|513310.SH|513500.SH,0.16141332895404426,0.8876334498348947,warmup
rolling_thompson_sampling,2023,2024,7,159687.SZ|159901.SZ|159928.SZ|159980.SZ|159981.SZ|159985.SZ|160644.SZ|513070.SH|513100.SH|513120.SH|513880.SH|518880.SH|588200.SH,0.9105144642969591,0.8055829520541524,warmup
rolling_thompson_sampling,2023,2024,8,159766.SZ|159796.SZ|159981.SZ|159985.SZ|160644.SZ|161226.SZ|164824.SZ|501018.SH|512660.SH|513030.SH|513100.SH|513120.SH|513180.SH,-0.09701324400966556,0.6550899267519877,warmup
rolling_thompson_sampling,2023,2024,9,159766.SZ|159920.SZ|159980.SZ|159981.SZ|161226.SZ|164824.SZ|512100.SH|513100.SH|513180.SH|513290.SH|513880.SH|515880.SH|518880.SH,0.7653665615390326,0.9130217366562248,warmup
rolling_thompson_sampling,2023,2024,10,159928.SZ|159980.SZ|159981.SZ|159985.SZ|160644.SZ|501018.SH|510500.SH|513030.SH|513120.SH|513180.SH|513310.SH|513500.SH|515880.SH,0.5671896618172084,0.7197588332800243,warmup
rolling_thompson_sampling,2023,2024,11,159766.SZ|159985.SZ|160644.SZ|161226.SZ|501018.SH|512200.SH|513080.SH|513100.SH|513120.SH|513180.SH|513880.SH|518880.SH|588200.SH,0.7745272541356926,0.6565224325624922,warmup
rolling_thompson_sampling,2023,2024,12,159687.SZ|159796.SZ|159980.SZ|161226.SZ|501018.SH|512100.SH|513030.SH|513070.SH|513120.SH|513310.SH|513880.SH|515210.SH|518880.SH,0.493782335560251,0.8055829520541524,warmup
rolling_thompson_sampling,2023,2024,13,159852.SZ|159901.SZ|159980.SZ|159981.SZ|160644.SZ|161226.SZ|512890.SH|513070.SH|513080.SH|513120.SH|513290.SH|513880.SH|518880.SH,0.4512561100345123,0.6565224325624922,warmup
rolling_thompson_sampling,2023,2024,14,159687.SZ|159980.SZ|159981.SZ|159985.SZ|164824.SZ|501018.SH|510880.SH|512400.SH|512660.SH|513030.SH|513070.SH|513100.SH|513120.SH,0.923903985986621,0.6755480123658768,warmup
rolling_thompson_sampling,2023,2024,15,159920.SZ|159981.SZ|159985.SZ|160644.SZ|161226.SZ|512890.SH|513030.SH|513120.SH|513290.SH|513880.SH|515210.SH|518880.SH|562500.SH,0.4293345190554288,0.6565224325624922,warmup
rolling_thompson_sampling,2023,2024,16,159687.SZ|159901.SZ|159928.SZ|159981.SZ|159985.SZ|161226.SZ|501018.SH|512170.SH|513070.SH|513080.SH|513120.SH|513310.SH|513500.SH,0.45005549911316645,0.7569134936739308,warmup
rolling_thompson_sampling,2023,2024,17,159920.SZ|159980.SZ|159981.SZ|159985.SZ|160644.SZ|510180.SH|512040.SH|512170.SH|513030.SH|513070.SH|513080.SH|513310.SH|518880.SH,0.1305826246112044,0.9196494911995831,warmup
rolling_thompson_sampling,2023,2024,18,159920.SZ|159949.SZ|159981.SZ|159985.SZ|164824.SZ|501018.SH|512040.SH|512980.SH|513100.SH|513180.SH|513310.SH|513500.SH|518880.SH,0.8811229700546411,0.9130217366562248,warmup
rolling_thompson_sampling,2023,2024,19,159796.SZ|159920.SZ|159928.SZ|159981.SZ|161226.SZ|501018.SH|513030.SH|513080.SH|513180.SH|513290.SH|513310.SH|518880.SH|562500.SH,-0.38633399083594216,0.9172474776669125,warmup
rolling_thompson_sampling,2023,2024,20,159611.SZ|159687.SZ|159852.SZ|159920.SZ|159980.SZ|159985.SZ|161226.SZ|510500.SH|513030.SH|513100.SH|513180.SH|513310.SH|518880.SH,0.41073867046278967,0.9130217366562248,warmup
rolling_thompson_sampling,2023,2024,21,159766.SZ|159920.SZ|159981.SZ|159985.SZ|501018.SH|512400.SH|512800.SH|513030.SH|513100.SH|513120.SH|513500.SH|513880.SH|518880.SH,0.9693440253245378,0.8876334498348947,thompson
rolling_thompson_sampling,2023,2024,22,159687.SZ|159920.SZ|159980.SZ|159981.SZ|501018.SH|512890.SH|512980.SH|513080.SH|513180.SH|513310.SH|513880.SH|515220.SH|518880.SH,0.5771379359043641,0.9130217366562248,thompson
rolling_thompson_sampling,2023,2024,23,159687.SZ|159920.SZ|159949.SZ|159980.SZ|159985.SZ|501018.SH|512400.SH|513100.SH|513180.SH|513310.SH|513880.SH|518880.SH|588000.SH,0.8517556797668341,0.9130217366562248,thompson
rolling_thompson_sampling,2023,2024,24,159920.SZ|159980.SZ|159981.SZ|164824.SZ|501018.SH|512400.SH|512980.SH|513030.SH|513080.SH|513120.SH|513500.SH|518880.SH|588200.SH,0.9233142701658509,0.9172474776669125,thompson
rolling_thompson_sampling,2023,2024,25,159687.SZ|159901.SZ|159920.SZ|159981.SZ|159985.SZ|160644.SZ|161226.SZ|510210.SH|512980.SH|513120.SH|513310.SH|513880.SH|518880.SH,0.34056393866882945,0.820224906690953,thompson
rolling_thompson_sampling,2023,2024,26,159687.SZ|159920.SZ|159980.SZ|159981.SZ|161226.SZ|512400.SH|512800.SH|512880.SH|513080.SH|513120.SH|513290.SH|513500.SH|518880.SH,0.42565635474693386,0.7040106538277557,thompson
rolling_thompson_sampling,2023,2024,27,159687.SZ|159869.SZ|159870.SZ|159920.SZ|159985.SZ|161226.SZ|164824.SZ|501018.SH|512200.SH|513100.SH|513180.SH|513880.SH|518880.SH,0.6488043741705171,0.9130217366562248,thompson
rolling_thompson_sampling,2023,2024,28,159687.SZ|159870.SZ|159980.SZ|159981.SZ|159985.SZ|510880.SH|512400.SH|513030.SH|513080.SH|513120.SH|513180.SH|513500.SH|518880.SH,0.9823897283506798,0.9172474776669125,thompson
rolling_thompson_sampling,2023,2024,29,159870.SZ|159920.SZ|159980.SZ|159981.SZ|159985.SZ|164824.SZ|512980.SH|513070.SH|513080.SH|513500.SH|513880.SH|518880.SH|588000.SH,0.7620272314686234,0.9196494911995831,thompson
rolling_thompson_sampling,2023,2024,30,159949.SZ|159981.SZ|159985.SZ|161226.SZ|164824.SZ|510050.SH|512200.SH|513120.SH|513180.SH|513310.SH|513500.SH|513880.SH|518880.SH,0.6365212248102469,0.6713105657545785,thompson
rolling_thompson_sampling,2023,2024,31,159920.SZ|159949.SZ|159985.SZ|161226.SZ|164824.SZ|501018.SH|510880.SH|513070.SH|513290.SH|513500.SH|513880.SH|515790.SH|518880.SH,-0.14808959784372533,0.9196494911995831,thompson
rolling_thompson_sampling,2023,2024,32,159869.SZ|159980.SZ|159985.SZ|160644.SZ|501018.SH|512040.SH|513070.SH|513080.SH|513120.SH|513290.SH|513500.SH|515880.SH|518880.SH,1.1697750301544125,0.7040106538277557,thompson
rolling_thompson_sampling,2023,2024,33,159920.SZ|159980.SZ|159981.SZ|160644.SZ|501018.SH|512100.SH|513070.SH|513100.SH|513500.SH|513880.SH|518880.SH|588000.SH|588200.SH,1.3921294886526088,0.9196494911995831,thompson
rolling_thompson_sampling,2023,2024,34,159796.SZ|159915.SZ|159920.SZ|159981.SZ|161226.SZ|501018.SH|513100.SH|513120.SH|513310.SH|513500.SH|513880.SH|515880.SH|518880.SH,0.8200626458014191,0.8876334498348947,thompson
rolling_thompson_sampling,2023,2024,35,159796.SZ|159920.SZ|159980.SZ|159981.SZ|161226.SZ|513030.SH|513080.SH|513120.SH|513500.SH|513880.SH|515790.SH|518880.SH|588200.SH,0.22623576207949078,0.9172474776669125,thompson
rolling_thompson_sampling,2023,2024,36,159870.SZ|159901.SZ|159920.SZ|159980.SZ|159981.SZ|160644.SZ|164824.SZ|501018.SH|512100.SH|513030.SH|513070.SH|513080.SH|518880.SH,0.08243824900958391,0.9196494911995831,thompson
rolling_thompson_sampling,2023,2024,37,159687.SZ|159985.SZ|161226.SZ|164824.SZ|501018.SH|510050.SH|512400.SH|513070.SH|513120.SH|513310.SH|513500.SH|518880.SH|562500.SH,0.35940953761612193,0.6656416527456168,thompson
rolling_thompson_sampling,2023,2024,38,159687.SZ|159796.SZ|159920.SZ|159980.SZ|159985.SZ|501018.SH|512040.SH|513100.SH|513180.SH|513310.SH|513880.SH|518880.SH|588200.SH,1.1929386758641978,0.9130217366562248,thompson
rolling_thompson_sampling,2023,2024,39,159687.SZ|159949.SZ|159980.SZ|159981.SZ|501018.SH|512040.SH|512200.SH|513070.SH|513100.SH|513120.SH|513290.SH|513310.SH|518880.SH,0.24670615181220684,0.6464045202816908,thompson
rolling_thompson_sampling,2023,2024,40,159687.SZ|159981.SZ|159985.SZ|161226.SZ|512170.SH|512890.SH|513030.SH|513070.SH|513120.SH|513310.SH|513500.SH|518880.SH|588200.SH,1.272479386056691,0.7197588332800243,thompson
rolling_thompson_sampling,2023,2024,41,159901.SZ|159920.SZ|159980.SZ|159981.SZ|159985.SZ|164824.SZ|512890.SH|513030.SH|513080.SH|513100.SH|513180.SH|518880.SH|588200.SH,1.5130607390333946,0.9172474776669125,thompson
rolling_thompson_sampling,2023,2024,42,159611.SZ|159687.SZ|159825.SZ|159980.SZ|160644.SZ|161226.SZ|501018.SH|513070.SH|513120.SH|513500.SH|513880.SH|515220.SH|518880.SH,-0.5139537113058504,0.8055829520541524,thompson
rolling_thompson_sampling,2023,2024,43,159920.SZ|159967.SZ|159981.SZ|161226.SZ|164824.SZ|501018.SH|513070.SH|513080.SH|513100.SH|513500.SH|515880.SH|518880.SH|588000.SH,0.9165591666873165,0.9196494911995831,thompson
rolling_thompson_sampling,2023,2024,44,159901.SZ|159920.SZ|159980.SZ|159985.SZ|160644.SZ|161226.SZ|501018.SH|510880.SH|513080.SH|513180.SH|513310.SH|513880.SH|588200.SH,0.5397623140545706,0.9130217366562248,thompson
rolling_thompson_sampling,2023,2024,45,159869.SZ|159920.SZ|159980.SZ|159981.SZ|159985.SZ|160644.SZ|164824.SZ|512040.SH|512890.SH|513030.SH|513120.SH|513310.SH|518880.SH,1.2488345899116735,0.7716751055075883,thompson
rolling_thompson_sampling,2023,2024,46,159687.SZ|159766.SZ|159920.SZ|159928.SZ|159981.SZ|159985.SZ|160644.SZ|161226.SZ|501018.SH|512660.SH|513030.SH|513070.SH|513100.SH,-0.7937994497838041,0.9196494911995831,thompson
rolling_thompson_sampling,2023,2024,47,159865.SZ|159869.SZ|159920.SZ|159980.SZ|159981.SZ|159985.SZ|160644.SZ|161226.SZ|513100.SH|513180.SH|513290.SH|513500.SH|515790.SH,0.17256951373864016,0.9130217366562248,thompson
rolling_thompson_sampling,2023,2024,48,159796.SZ|159980.SZ|159985.SZ|164824.SZ|501018.SH|512100.SH|513080.SH|513100.SH|513120.SH|513180.SH|513290.SH|518880.SH|588200.SH,0.8859669977410748,0.6625820432688057,thompson
rolling_thompson_sampling,2023,2024,49,159869.SZ|159980.SZ|159985.SZ|501018.SH|510180.SH|513030.SH|513080.SH|513100.SH|513120.SH|513180.SH|513310.SH|518880.SH|588000.SH,0.6844804966481995,0.9172474776669125,thompson
rolling_thompson_sampling,2023,2024,50,159611.SZ|159869.SZ|159980.SZ|159985.SZ|164824.SZ|501018.SH|513070.SH|513080.SH|513100.SH|513120.SH|513880.SH|518880.SH|588000.SH,1.4971788562340715,0.6264589958121686,thompson
rolling_thompson_sampling,2023,2024,51,159869.SZ|159920.SZ|159980.SZ|159981.SZ|160644.SZ|164824.SZ|501018.SH|513100.SH|513120.SH|513500.SH|515880.SH|518880.SH|588000.SH,0.9072190534894206,0.8876334498348947,thompson
rolling_thompson_sampling,2023,2024,52,159870.SZ|159980.SZ|159981.SZ|159985.SZ|160644.SZ|501018.SH|512890.SH|513030.SH|513100.SH|513120.SH|513180.SH|513880.SH|588200.SH,1.2144905876901892,0.6550899267519877,thompson
rolling_thompson_sampling,2023,2024,53,159915.SZ|159920.SZ|159980.SZ|159981.SZ|160644.SZ|501018.SH|512800.SH|513030.SH|513080.SH|513120.SH|513290.SH|518880.SH|588000.SH,0.668498429762691,0.9172474776669125,thompson
rolling_thompson_sampling,2023,2024,54,159687.SZ|159920.SZ|159980.SZ|161226.SZ|501018.SH|510880.SH|512040.SH|512980.SH|513030.SH|513100.SH|513120.SH|513500.SH|518880.SH,0.4709474603112803,0.8876334498348947,thompson
rolling_thompson_sampling,2023,2024,55,159980.SZ|159981.SZ|164824.SZ|501018.SH|510050.SH|512100.SH|513030.SH|513080.SH|513120.SH|513180.SH|513310.SH|515880.SH|518880.SH,0.7500690090989535,0.9172474776669125,thompson
rolling_thompson_sampling,2023,2024,56,159920.SZ|159980.SZ|159981.SZ|160644.SZ|501018.SH|510300.SH|512170.SH|512880.SH|513100.SH|513180.SH|513310.SH|513880.SH|518880.SH,0.4505082314557582,0.9130217366562248,thompson
rolling_thompson_sampling,2023,2024,57,159870.SZ|159915.SZ|159920.SZ|159980.SZ|159981.SZ|159985.SZ|161226.SZ|513080.SH|513120.SH|513310.SH|513500.SH|513880.SH|588000.SH,0.37651760579044646,0.7203534100294369,thompson
rolling_thompson_sampling,2023,2024,58,159920.SZ|159980.SZ|159981.SZ|159985.SZ|160644.SZ|164824.SZ|501018.SH|510210.SH|512400.SH|513080.SH|513120.SH|513310.SH|588200.SH,1.0419223727426048,0.6685974844014401,thompson
rolling_thompson_sampling,2023,2024,59,159869.SZ|159980.SZ|159981.SZ|501018.SH|512800.SH|512890.SH|513070.SH|513080.SH|513100.SH|513120.SH|513290.SH|513500.SH|518880.SH,1.00919147817037,0.8876334498348947,thompson
rolling_thompson_sampling,2023,2024,60,159980.SZ|159981.SZ|159985.SZ|512400.SH|513030.SH|513100.SH|513120.SH|513180.SH|513290.SH|513500.SH|518880.SH|588000.SH|588200.SH,1.2301733368506942,0.9016880112355453,thompson
rolling_thompson_sampling,2023,2024,61,159687.SZ|159869.SZ|159920.SZ|159980.SZ|159985.SZ|164824.SZ|501018.SH|510300.SH|513030.SH|513120.SH|513500.SH|518880.SH|588000.SH,1.6961135861878838,0.7197588332800243,thompson
rolling_thompson_sampling,2023,2024,62,159980.SZ|159981.SZ|159985.SZ|510210.SH|510300.SH|512400.SH|513080.SH|513120.SH|513180.SH|513290.SH|513310.SH|513500.SH|518880.SH,0.7520220054140777,0.9161450617249427,thompson
rolling_thompson_sampling,2023,2024,63,159920.SZ|159967.SZ|159980.SZ|159985.SZ|501018.SH|510500.SH|512400.SH|513080.SH|513120.SH|513290.SH|513500.SH|513880.SH|518880.SH,0.9273618710757884,0.7524526093887012,thompson
rolling_thompson_sampling,2023,2024,64,159687.SZ|159869.SZ|159980.SZ|159985.SZ|164824.SZ|501018.SH|510300.SH|512100.SH|513120.SH|513180.SH|513310.SH|513500.SH|518880.SH,1.2666423977038272,0.7314060839339888,thompson
rolling_thompson_sampling,2023,2024,65,159869.SZ|159920.SZ|159980.SZ|159985.SZ|160644.SZ|161226.SZ|501018.SH|512400.SH|512880.SH|513080.SH|513180.SH|513290.SH|513310.SH,-0.135061184314861,0.9130217366562248,thompson
rolling_thompson_sampling,2023,2024,66,159920.SZ|159981.SZ|159985.SZ|161226.SZ|164824.SZ|501018.SH|510300.SH|512400.SH|513120.SH|513310.SH|513500.SH|513880.SH|588000.SH,0.88224013060092,0.7097953543808768,thompson
rolling_thompson_sampling,2023,2024,67,159687.SZ|159901.SZ|159920.SZ|159928.SZ|159980.SZ|159985.SZ|160644.SZ|501018.SH|512800.SH|513080.SH|513120.SH|513500.SH|518880.SH,0.6366043762572849,0.7569134936739308,thompson
rolling_thompson_sampling,2023,2024,68,159870.SZ|159920.SZ|159980.SZ|159981.SZ|160644.SZ|161226.SZ|501018.SH|512100.SH|513080.SH|513120.SH|513500.SH|513880.SH|516150.SH,-0.21105775878764912,0.7789886801473572,thompson
rolling_thompson_sampling,2023,2024,69,159611.SZ|159920.SZ|159949.SZ|159980.SZ|159981.SZ|160644.SZ|501018.SH|510880.SH|513030.SH|513100.SH|513120.SH|513500.SH|518880.SH,0.6424886602941615,0.8876334498348947,thompson
rolling_thompson_sampling,2023,2024,70,159870.SZ|159920.SZ|159980.SZ|159981.SZ|160644.SZ|161226.SZ|510300.SH|513030.SH|513080.SH|513120.SH|513880.SH|518880.SH|588200.SH,0.3994792956672214,0.9172474776669125,thompson
rolling_thompson_sampling,2023,2024,71,159687.SZ|159851.SZ|159870.SZ|159980.SZ|159981.SZ|501018.SH|513080.SH|513100.SH|513120.SH|513180.SH|513310.SH|515880.SH|518880.SH,0.47197001399874877,0.7118287398721799,thompson
rolling_thompson_sampling,2023,2024,72,159980.SZ|159985.SZ|161226.SZ|512800.SH|513030.SH|513070.SH|513120.SH|513310.SH|513500.SH|513880.SH|515210.SH|518880.SH|588000.SH,0.5238098694080765,0.7197588332800243,thompson
rolling_thompson_sampling,2023,2024,73,159981.SZ|159985.SZ|161226.SZ|164824.SZ|510300.SH|512170.SH|512800.SH|513070.SH|513100.SH|513120.SH|513290.SH|513500.SH|518880.SH,0.4206668983809293,0.8876334498348947,thompson
rolling_thompson_sampling,2023,2024,74,159687.SZ|159869.SZ|159920.SZ|159980.SZ|159981.SZ|501018.SH|512800.SH|513080.SH|513180.SH|513290.SH|513500.SH|515880.SH|518880.SH,0.9606467130445996,0.9130217366562248,thompson
rolling_thompson_sampling,2023,2024,75,159687.SZ|159852.SZ|159869.SZ|159920.SZ|159980.SZ|159985.SZ|160644.SZ|501018.SH|512880.SH|513070.SH|513290.SH|513310.SH|518880.SH,0.37288441716704485,0.9196494911995831,thompson
rolling_thompson_sampling,2023,2024,76,159920.SZ|159980.SZ|159985.SZ|161226.SZ|164824.SZ|510500.SH|510880.SH|512980.SH|513080.SH|513100.SH|513180.SH|513880.SH|518880.SH,0.6260397583087425,0.9130217366562248,thompson
rolling_thompson_sampling,2023,2024,77,159687.SZ|159980.SZ|159981.SZ|159985.SZ|161226.SZ|510880.SH|512400.SH|512800.SH|513080.SH|513120.SH|513180.SH|513310.SH|513500.SH,0.7067057140522687,0.7999076111136164,thompson
rolling_thompson_sampling,2023,2024,78,159980.SZ|159981.SZ|159985.SZ|160644.SZ|164824.SZ|510300.SH|512040.SH|513030.SH|513070.SH|513120.SH|513290.SH|518880.SH|588000.SH,0.6979892790721123,0.7216265636873647,thompson
rolling_thompson_sampling,2023,2024,79,159980.SZ|159981.SZ|159985.SZ|160644.SZ|510500.SH|512980.SH|513070.SH|513080.SH|513100.SH|513120.SH|513500.SH|518880.SH|588000.SH,1.2026693191539597,0.8876334498348947,thompson
rolling_thompson_sampling,2023,2024,80,159687.SZ|159949.SZ|159980.SZ|159985.SZ|160644.SZ|164824.SZ|501018.SH|510880.SH|512400.SH|513120.SH|513180.SH|513880.SH|518880.SH,0.7466916180557971,0.8055829520541524,thompson
rolling_thompson_sampling,2023,2024,81,159981.SZ|159985.SZ|160644.SZ|161226.SZ|512400.SH|512980.SH|513030.SH|513070.SH|513120.SH|513290.SH|513500.SH|518880.SH|588000.SH,0.44710693209969643,0.7197588332800243,thompson
rolling_thompson_sampling,2023,2024,82,159687.SZ|159865.SZ|159980.SZ|159981.SZ|160644.SZ|501018.SH|510050.SH|513030.SH|513120.SH|513180.SH|513290.SH|518880.SH|588200.SH,0.4374829319783808,0.6755480123658768,thompson
rolling_thompson_sampling,2023,2024,83,159920.SZ|159985.SZ|161226.SZ|501018.SH|512100.SH|513030.SH|513080.SH|513180.SH|513310.SH|513500.SH|515880.SH|518880.SH|588000.SH,0.6287101083145408,0.9172474776669125,thompson
rolling_thompson_sampling,2023,2024,84,159980.SZ|161226.SZ|501018.SH|510300.SH|512880.SH|513080.SH|513100.SH|513120.SH|513180.SH|513500.SH|513880.SH|518880.SH|588000.SH,0.5278216715081716,0.8876334498348947,thompson
rolling_thompson_sampling,2023,2024,85,159920.SZ|159980.SZ|159981.SZ|159985.SZ|164824.SZ|501018.SH|510300.SH|510500.SH|512800.SH|513100.SH|513180.SH|513310.SH|513500.SH,1.2898473263182153,0.9130217366562248,thompson
rolling_thompson_sampling,2023,2024,86,159967.SZ|159980.SZ|159985.SZ|501018.SH|510300.SH|512040.SH|513030.SH|513070.SH|513120.SH|513290.SH|513310.SH|513880.SH|518880.SH,0.7775629832952043,0.7216265636873647,thompson
rolling_thompson_sampling,2023,2024,87,159687.SZ|159980.SZ|159985.SZ|164824.SZ|501018.SH|512040.SH|512100.SH|512400.SH|513070.SH|513120.SH|513310.SH|513500.SH|518880.SH,0.8726454533503167,0.6672395017052423,thompson
rolling_thompson_sampling,2023,2024,88,159920.SZ|159949.SZ|159980.SZ|159985.SZ|161226.SZ|164824.SZ|501018.SH|510210.SH|513080.SH|513120.SH|513310.SH|513880.SH|588000.SH,0.922186353241051,0.6653035710569372,thompson
rolling_thompson_sampling,2023,2024,89,159611.SZ|159687.SZ|159920.SZ|159967.SZ|159981.SZ|159985.SZ|161226.SZ|501018.SH|513070.SH|513100.SH|513290.SH|513310.SH|588200.SH,0.5038640490655979,0.9196494911995831,thompson
rolling_thompson_sampling,2023,2024,90,159796.SZ|159920.SZ|159980.SZ|159981.SZ|164824.SZ|501018.SH|510210.SH|512980.SH|513080.SH|513120.SH|513290.SH|513880.SH|518880.SH,1.0035061624363255,0.6004576432220986,thompson
rolling_thompson_sampling,2023,2024,91,159766.SZ|159920.SZ|159985.SZ|161226.SZ|164824.SZ|501018.SH|512040.SH|512890.SH|513100.SH|513120.SH|513290.SH|513500.SH|518880.SH,0.6280868845381495,0.8876334498348947,thompson
rolling_thompson_sampling,2023,2024,92,159611.SZ|159687.SZ|159981.SZ|159985.SZ|501018.SH|512170.SH|512980.SH|513030.SH|513070.SH|513100.SH|513120.SH|513290.SH|518880.SH,1.1556114684146699,0.6755480123658768,thompson
rolling_thompson_sampling,2023,2024,93,159687.SZ|159796.SZ|159980.SZ|159985.SZ|164824.SZ|501018.SH|512040.SH|512200.SH|513030.SH|513120.SH|513180.SH|513310.SH|518880.SH,0.9568013344121077,0.6755480123658768,thompson
rolling_thompson_sampling,2023,2024,94,159920.SZ|159980.SZ|159981.SZ|159985.SZ|164824.SZ|501018.SH|510500.SH|512170.SH|512400.SH|513070.SH|513080.SH|513100.SH|513880.SH,0.8000073713141758,0.9196494911995831,thompson
rolling_thompson_sampling,2023,2024,95,159687.SZ|159928.SZ|159980.SZ|159985.SZ|161226.SZ|164824.SZ|510300.SH|510500.SH|513070.SH|513100.SH|513120.SH|513880.SH|518880.SH,0.7993566648483439,0.8431234538643484,thompson
rolling_thompson_sampling,2023,2024,96,159687.SZ|159980.SZ|159981.SZ|159985.SZ|160644.SZ|510300.SH|512200.SH|513030.SH|513070.SH|513120.SH|513500.SH|515210.SH|518880.SH,0.6198798987749595,0.7197588332800243,thompson
rolling_thompson_sampling,2023,2024,97,159920.SZ|159980.SZ|159981.SZ|159985.SZ|161226.SZ|164824.SZ|510300.SH|512040.SH|512400.SH|513080.SH|513100.SH|513180.SH|513290.SH,0.5202255031726847,0.9130217366562248,thompson
rolling_thompson_sampling,2023,2024,98,159920.SZ|159967.SZ|159980.SZ|159985.SZ|164824.SZ|501018.SH|510300.SH|512100.SH|513030.SH|513100.SH|513180.SH|513310.SH|518880.SH,1.427960132939983,0.9130217366562248,thompson
rolling_thompson_sampling,2023,2024,99,159981.SZ|159985.SZ|160644.SZ|161226.SZ|512100.SH|512890.SH|513030.SH|513120.SH|513180.SH|513500.SH|513880.SH|518880.SH|588000.SH,1.1605395909262,0.7796742629059856,thompson
rolling_thompson_sampling,2023,2024,100,159687.SZ|159796.SZ|159920.SZ|159980.SZ|159981.SZ|159985.SZ|501018.SH|512100.SH|513080.SH|513100.SH|513120.SH|513290.SH|515880.SH,1.2582438190169853,0.7006933947233918,thompson
rolling_thompson_sampling,2024,2025,1,159980.SZ|159985.SZ|161226.SZ|164824.SZ|501018.SH|512800.SH|512980.SH|513030.SH|513120.SH|513310.SH|513750.SH|513880.SH|562500.SH,0.8762849830115443,0.8243628293116229,warmup
rolling_thompson_sampling,2024,2025,2,159529.SZ|159611.SZ|159869.SZ|159920.SZ|159980.SZ|159981.SZ|159985.SZ|161226.SZ|513080.SH|513100.SH|513290.SH|513750.SH|588220.SH,0.6000412194224664,0.8920130717054932,warmup
rolling_thompson_sampling,2024,2025,3,159509.SZ|159980.SZ|159985.SZ|161226.SZ|501018.SH|512100.SH|512400.SH|512880.SH|513070.SH|513400.SH|513500.SH|513730.SH|513750.SH,1.946355166781495,0.8109949251878138,warmup
rolling_thompson_sampling,2024,2025,4,159518.SZ|159869.SZ|159928.SZ|159980.SZ|159985.SZ|161226.SZ|164824.SZ|513070.SH|513100.SH|513120.SH|513400.SH|515790.SH|518880.SH,0.20732023678295536,0.7889425391722841,warmup
rolling_thompson_sampling,2024,2025,5,159796.SZ|159967.SZ|159980.SZ|159981.SZ|159985.SZ|513070.SH|513080.SH|513100.SH|513290.SH|513310.SH|513750.SH|518880.SH|588000.SH,-0.3790449715487202,0.903221489249376,warmup
rolling_thompson_sampling,2024,2025,6,159529.SZ|159980.SZ|159981.SZ|159985.SZ|510180.SH|510880.SH|513030.SH|513120.SH|513290.SH|513730.SH|513750.SH|515210.SH|518880.SH,0.1491430125609866,0.7940315501187546,warmup
rolling_thompson_sampling,2024,2025,7,159980.SZ|159981.SZ|160644.SZ|164824.SZ|501018.SH|512400.SH|512890.SH|513120.SH|513180.SH|513500.SH|513880.SH|515790.SH|518880.SH,0.7547275946636438,0.7718796702394679,warmup
rolling_thompson_sampling,2024,2025,8,159529.SZ|159981.SZ|159985.SZ|160644.SZ|161226.SZ|501018.SH|510050.SH|513180.SH|513400.SH|513500.SH|513750.SH|563300.SH|588000.SH,0.9479706724105753,0.8415836756152468,warmup
rolling_thompson_sampling,2024,2025,9,159687.SZ|159825.SZ|159980.SZ|159981.SZ|161226.SZ|164824.SZ|510880.SH|512800.SH|513030.SH|513120.SH|513180.SH|513730.SH|518880.SH,0.8637451970833105,0.7889425391722841,warmup
rolling_thompson_sampling,2024,2025,10,159509.SZ|159529.SZ|159796.SZ|159852.SZ|159980.SZ|159981.SZ|161226.SZ|501018.SH|513120.SH|513180.SH|513730.SH|513880.SH|516150.SH,1.2383319630121707,0.7718796702394679,warmup
rolling_thompson_sampling,2024,2025,11,159518.SZ|159687.SZ|159766.SZ|159915.SZ|159920.SZ|159980.SZ|159981.SZ|159985.SZ|501018.SH|510300.SH|513120.SH|513400.SH|513880.SH,0.17706866508195293,0.893703745938663,warmup
rolling_thompson_sampling,2024,2025,12,159518.SZ|159611.SZ|159796.SZ|159981.SZ|159985.SZ|160644.SZ|161226.SZ|501018.SH|513180.SH|513500.SH|513750.SH|513880.SH|515790.SH,0.017015907950711392,0.8834348201208579,warmup
rolling_thompson_sampling,2024,2025,13,159865.SZ|159967.SZ|159980.SZ|159981.SZ|159985.SZ|160644.SZ|510300.SH|513030.SH|513180.SH|513290.SH|513500.SH|513750.SH|518880.SH,-0.39137453618336554,0.8415836756152468,warmup
rolling_thompson_sampling,2024,2025,14,159509.SZ|159518.SZ|159915.SZ|159980.SZ|159981.SZ|161226.SZ|510180.SH|512890.SH|513070.SH|513080.SH|513100.SH|513120.SH|518880.SH,0.8137485697183982,0.8598122919060952,warmup
rolling_thompson_sampling,2024,2025,15,159687.SZ|159920.SZ|159980.SZ|159981.SZ|159985.SZ|501018.SH|510050.SH|512040.SH|513100.SH|513120.SH|513500.SH|513880.SH|588220.SH,0.8774602419468902,0.8532903457695046,warmup
rolling_thompson_sampling,2024,2025,16,159509.SZ|159687.SZ|159870.SZ|159981.SZ|161226.SZ|501018.SH|510500.SH|512880.SH|513120.SH|513310.SH|513500.SH|513750.SH|518880.SH,1.3484185050550663,0.9139574291632147,warmup
rolling_thompson_sampling,2024,2025,17,159509.SZ|159518.SZ|159529.SZ|159980.SZ|161226.SZ|501018.SH|512200.SH|513120.SH|513290.SH|513750.SH|515880.SH|518880.SH|562500.SH,0.8895187411508052,0.7941794933096935,warmup
rolling_thompson_sampling,2024,2025,18,159687.SZ|159920.SZ|159980.SZ|159985.SZ|161226.SZ|512980.SH|513030.SH|513100.SH|513120.SH|513730.SH|518880.SH|588200.SH|588220.SH,0.6646163403453058,0.8388151635894245,warmup
rolling_thompson_sampling,2024,2025,19,159920.SZ|159949.SZ|159980.SZ|159985.SZ|160644.SZ|161226.SZ|512170.SH|512980.SH|513100.SH|513290.SH|513500.SH|513750.SH|518880.SH,0.5848627125167216,0.8920130717054932,warmup
rolling_thompson_sampling,2024,2025,20,159509.SZ|159518.SZ|159529.SZ|159852.SZ|159985.SZ|161226.SZ|501018.SH|510050.SH|513070.SH|513120.SH|513880.SH|518880.SH|588000.SH,1.4899216819268268,0.79675798662605,warmup
rolling_thompson_sampling,2024,2025,21,159518.SZ|159687.SZ|159920.SZ|159980.SZ|161226.SZ|164824.SZ|501018.SH|512100.SH|512400.SH|513730.SH|513750.SH|518880.SH|562500.SH,0.5597454736113374,0.9062931062244416,thompson
rolling_thompson_sampling,2024,2025,22,159509.SZ|159611.SZ|159915.SZ|159980.SZ|159985.SZ|161226.SZ|164824.SZ|513120.SH|513180.SH|513400.SH|513730.SH|515880.SH|518880.SH,0.9675395780577103,0.7889425391722841,thompson
rolling_thompson_sampling,2024,2025,23,159509.SZ|159529.SZ|159825.SZ|159852.SZ|159920.SZ|159985.SZ|161226.SZ|501018.SH|512400.SH|513030.SH|513400.SH|513750.SH|518880.SH,1.0314234559027748,0.8920130717054932,thompson
rolling_thompson_sampling,2024,2025,24,159509.SZ|159687.SZ|159852.SZ|159870.SZ|159920.SZ|159985.SZ|161226.SZ|501018.SH|513100.SH|513120.SH|513310.SH|518880.SH|588220.SH,1.4495357306957817,0.8598122919060952,thompson
rolling_thompson_sampling,2024,2025,25,159509.SZ|159529.SZ|159980.SZ|159985.SZ|161226.SZ|501018.SH|512400.SH|513070.SH|513100.SH|513120.SH|513500.SH|515880.SH|588220.SH,1.302541233951743,0.8598122919060952,thompson
rolling_thompson_sampling,2024,2025,26,159509.SZ|159766.SZ|159920.SZ|159985.SZ|161226.SZ|501018.SH|512040.SH|512880.SH|513100.SH|513120.SH|513310.SH|513500.SH|518880.SH,1.5322969185832171,0.8598122919060952,thompson
rolling_thompson_sampling,2024,2025,27,159529.SZ|159687.SZ|159920.SZ|159980.SZ|159981.SZ|161226.SZ|501018.SH|510500.SH|512200.SH|512880.SH|513120.SH|513500.SH|513730.SH,1.5201827878026597,0.8067597999989639,thompson
rolling_thompson_sampling,2024,2025,28,159529.SZ|159687.SZ|159920.SZ|159980.SZ|159981.SZ|159985.SZ|161226.SZ|512880.SH|513100.SH|513120.SH|513500.SH|515220.SH|563300.SH,1.27502986370607,0.8532903457695046,thompson
rolling_thompson_sampling,2024,2025,29,159509.SZ|159518.SZ|159870.SZ|159901.SZ|159981.SZ|159985.SZ|161226.SZ|501018.SH|510500.SH|513070.SH|513100.SH|513120.SH|513400.SH,1.0803120776489274,0.9139574291632147,thompson
rolling_thompson_sampling,2024,2025,30,159509.SZ|159920.SZ|159985.SZ|161226.SZ|501018.SH|512170.SH|512200.SH|513100.SH|513120.SH|513310.SH|513500.SH|518880.SH|588220.SH,1.2691460254032467,0.8692141127809152,thompson
rolling_thompson_sampling,2024,2025,31,159509.SZ|159518.SZ|159825.SZ|159869.SZ|159980.SZ|159981.SZ|159985.SZ|501018.SH|512200.SH|513070.SH|513100.SH|513120.SH|513730.SH,1.1962392725735351,0.8598122919060952,thompson
rolling_thompson_sampling,2024,2025,32,159851.SZ|159980.SZ|161226.SZ|164824.SZ|501018.SH|512880.SH|513070.SH|513100.SH|513120.SH|513400.SH|513730.SH|515220.SH|518880.SH,1.480423718546646,0.7926446153355104,thompson
rolling_thompson_sampling,2024,2025,33,159825.SZ|159915.SZ|159980.SZ|161226.SZ|501018.SH|510500.SH|513030.SH|513070.SH|513100.SH|513120.SH|513290.SH|513730.SH|518880.SH,1.0381648481666605,0.8341313042000865,thompson
rolling_thompson_sampling,2024,2025,34,159509.SZ|159518.SZ|159901.SZ|159980.SZ|161226.SZ|501018.SH|512200.SH|512660.SH|513070.SH|513290.SH|513750.SH|513880.SH|518880.SH,0.6714195013352839,0.8109949251878138,thompson
rolling_thompson_sampling,2024,2025,35,159518.SZ|159529.SZ|159920.SZ|159980.SZ|159981.SZ|161226.SZ|501018.SH|510500.SH|512040.SH|512880.SH|513290.SH|513730.SH|513750.SH,1.2843592297464648,0.8920130717054932,thompson
rolling_thompson_sampling,2024,2025,36,159915.SZ|159980.SZ|159981.SZ|161226.SZ|512660.SH|513030.SH|513070.SH|513120.SH|513500.SH|513730.SH|513880.SH|515220.SH|518880.SH,-0.12526706216013966,0.7889425391722841,thompson
rolling_thompson_sampling,2024,2025,37,159687.SZ|159825.SZ|159852.SZ|159980.SZ|159985.SZ|161226.SZ|164824.SZ|513030.SH|513120.SH|513180.SH|513730.SH|516150.SH|518880.SH,0.5215661932187915,0.7889425391722841,thompson
rolling_thompson_sampling,2024,2025,38,159687.SZ|159920.SZ|159949.SZ|159981.SZ|159985.SZ|161226.SZ|501018.SH|512890.SH|513030.SH|513400.SH|513500.SH|513750.SH|515880.SH,0.9120176409848832,0.8920130717054932,thompson
rolling_thompson_sampling,2024,2025,39,159687.SZ|159851.SZ|159920.SZ|159981.SZ|159985.SZ|161226.SZ|501018.SH|510210.SH|513030.SH|513500.SH|513730.SH|513750.SH|515880.SH,1.0181519081968935,0.8920130717054932,thompson
rolling_thompson_sampling,2024,2025,40,159509.SZ|159529.SZ|159870.SZ|159920.SZ|159981.SZ|161226.SZ|501018.SH|512400.SH|512980.SH|513100.SH|513400.SH|513750.SH|518880.SH,1.7169343424711003,0.8920130717054932,thompson
rolling_thompson_sampling,2024,2025,41,159509.SZ|159529.SZ|159851.SZ|159980.SZ|159981.SZ|160644.SZ|161226.SZ|512040.SH|512170.SH|513120.SH|513400.SH|513750.SH|518880.SH,1.4669901211226215,0.7889425391722841,thompson
rolling_thompson_sampling,2024,2025,42,159529.SZ|159687.SZ|159915.SZ|159920.SZ|159980.SZ|159985.SZ|160644.SZ|161226.SZ|501018.SH|510210.SH|512400.SH|513120.SH|513880.SH,1.2339865252141757,0.8994251720783794,thompson
rolling_thompson_sampling,2024,2025,43,159509.SZ|159687.SZ|159980.SZ|159985.SZ|501018.SH|510210.SH|512040.SH|513120.SH|513180.SH|513310.SH|513500.SH|518880.SH|563300.SH,1.0039576631635256,0.8885462693899534,thompson
rolling_thompson_sampling,2024,2025,44,159518.SZ|159981.SZ|161226.SZ|164824.SZ|501018.SH|512100.SH|512170.SH|513120.SH|513310.SH|513400.SH|513750.SH|518880.SH|588000.SH,0.32607348906673267,0.8208572419977218,thompson
rolling_thompson_sampling,2024,2025,45,159509.SZ|159981.SZ|159985.SZ|501018.SH|510210.SH|512800.SH|513120.SH|513310.SH|513400.SH|513500.SH|513750.SH|515220.SH|518880.SH,1.2284954163687707,0.7342352025519209,thompson
rolling_thompson_sampling,2024,2025,46,159509.SZ|159529.SZ|159865.SZ|159870.SZ|159981.SZ|161226.SZ|501018.SH|512880.SH|513080.SH|513180.SH|513500.SH|513750.SH|518880.SH,1.5060689074613023,0.8415836756152468,thompson
rolling_thompson_sampling,2024,2025,47,159509.SZ|159529.SZ|159920.SZ|159980.SZ|161226.SZ|501018.SH|512040.SH|512400.SH|513100.SH|513120.SH|513730.SH|518880.SH|588200.SH,0.9247219393655056,0.8598122919060952,thompson
rolling_thompson_sampling,2024,2025,48,159509.SZ|159901.SZ|159920.SZ|159980.SZ|159985.SZ|501018.SH|512800.SH|512880.SH|513310.SH|513500.SH|513730.SH|513750.SH|518880.SH,2.1670948211307026,0.8920130717054932,thompson
rolling_thompson_sampling,2024,2025,49,159529.SZ|159687.SZ|159980.SZ|159985.SZ|161226.SZ|501018.SH|510500.SH|512170.SH|512880.SH|513120.SH|513310.SH|513400.SH|513750.SH,1.0402146894519575,0.8599479678417131,thompson
rolling_thompson_sampling,2024,2025,50,159509.SZ|159529.SZ|159981.SZ|159985.SZ|160644.SZ|161226.SZ|510050.SH|510210.SH|512040.SH|513120.SH|513400.SH|513750.SH|518880.SH,1.3007884637637357,0.8885462693899534,thompson
rolling_thompson_sampling,2024,2025,51,159509.SZ|159901.SZ|159981.SZ|159985.SZ|160644.SZ|161226.SZ|164824.SZ|501018.SH|512880.SH|513120.SH|513310.SH|513750.SH|588220.SH,0.8473524849056183,0.8921388593985533,thompson
rolling_thompson_sampling,2024,2025,52,159509.SZ|159529.SZ|159870.SZ|159901.SZ|159920.SZ|159980.SZ|159981.SZ|161226.SZ|501018.SH|512800.SH|513310.SH|513400.SH|513750.SH,1.6818642548630949,0.8920130717054932,thompson
rolling_thompson_sampling,2024,2025,53,159509.SZ|159529.SZ|159901.SZ|159981.SZ|159985.SZ|161226.SZ|512100.SH|513030.SH|513070.SH|513120.SH|513500.SH|518880.SH|562500.SH,0.9011204997161307,0.9062931062244416,thompson
rolling_thompson_sampling,2024,2025,54,159509.SZ|159529.SZ|159870.SZ|159980.SZ|161226.SZ|164824.SZ|501018.SH|512200.SH|513070.SH|513120.SH|513730.SH|515220.SH|518880.SH,1.1985604164410084,0.7889425391722841,thompson
rolling_thompson_sampling,2024,2025,55,159687.SZ|159865.SZ|159869.SZ|159920.SZ|159980.SZ|159981.SZ|161226.SZ|513290.SH|513310.SH|513750.SH|513880.SH|516150.SH|518880.SH,-0.02447926835680898,0.8920130717054932,thompson
rolling_thompson_sampling,2024,2025,56,159518.SZ|159687.SZ|159852.SZ|159870.SZ|159980.SZ|159981.SZ|159985.SZ|161226.SZ|512800.SH|513080.SH|513100.SH|513120.SH|513180.SH,1.0119798513793128,0.7718796702394679,thompson
rolling_thompson_sampling,2024,2025,57,159509.SZ|159851.SZ|159920.SZ|159980.SZ|159985.SZ|161226.SZ|501018.SH|510050.SH|510880.SH|513100.SH|513120.SH|513400.SH|513500.SH,1.8276638478792482,0.8598122919060952,thompson
rolling_thompson_sampling,2024,2025,58,159980.SZ|159985.SZ|501018.SH|512200.SH|512400.SH|512980.SH|513100.SH|513120.SH|513400.SH|513500.SH|513750.SH|513880.SH|518880.SH,0.9659095939518298,0.8532903457695046,thompson
rolling_thompson_sampling,2024,2025,59,159529.SZ|159687.SZ|159920.SZ|159985.SZ|160644.SZ|161226.SZ|501018.SH|510210.SH|512040.SH|512890.SH|513120.SH|513500.SH|518880.SH,1.2196672196339364,0.8885462693899534,thompson
rolling_thompson_sampling,2024,2025,60,159509.SZ|159518.SZ|159851.SZ|159980.SZ|159985.SZ|161226.SZ|501018.SH|512800.SH|513100.SH|513120.SH|513500.SH|513750.SH|515790.SH,1.8399681915283954,0.8598122919060952,thompson
rolling_thompson_sampling,2024,2025,61,159509.SZ|159766.SZ|159852.SZ|159920.SZ|159981.SZ|159985.SZ|161226.SZ|501018.SH|512880.SH|513100.SH|513120.SH|513310.SH|513500.SH,1.108054441825061,0.8598122919060952,thompson
rolling_thompson_sampling,2024,2025,62,159509.SZ|159870.SZ|159920.SZ|159949.SZ|159980.SZ|159985.SZ|161226.SZ|501018.SH|512100.SH|513100.SH|513120.SH|513400.SH|513500.SH,1.7752379755513004,0.8647525731352239,thompson
rolling_thompson_sampling,2024,2025,63,159920.SZ|159980.SZ|159985.SZ|161226.SZ|164824.SZ|501018.SH|510500.SH|512890.SH|513030.SH|513100.SH|513120.SH|513500.SH|515220.SH,0.4613145941114843,0.8532903457695046,thompson
rolling_thompson_sampling,2024,2025,64,159509.SZ|159529.SZ|159687.SZ|159869.SZ|159920.SZ|159980.SZ|159981.SZ|159985.SZ|501018.SH|510210.SH|512100.SH|513120.SH|513730.SH,0.8397215568418411,0.8435460483265624,thompson
rolling_thompson_sampling,2024,2025,65,159949.SZ|159980.SZ|159985.SZ|501018.SH|512400.SH|512800.SH|513100.SH|513180.SH|513310.SH|513500.SH|513750.SH|513880.SH|518880.SH,1.6253800453883487,0.8532903457695046,thompson
rolling_thompson_sampling,2024,2025,66,159509.SZ|159518.SZ|159529.SZ|159611.SZ|159980.SZ|159981.SZ|159985.SZ|161226.SZ|512170.SH|513030.SH|513070.SH|513750.SH|563300.SH,0.092867497513528,0.8109949251878138,thompson
rolling_thompson_sampling,2024,2025,67,159529.SZ|159851.SZ|159920.SZ|159980.SZ|161226.SZ|501018.SH|512660.SH|513080.SH|513310.SH|513730.SH|513750.SH|515880.SH|518880.SH,1.1032958577914345,0.8920130717054932,thompson
rolling_thompson_sampling,2024,2025,68,159920.SZ|159949.SZ|159985.SZ|161226.SZ|501018.SH|512200.SH|512800.SH|513100.SH|513310.SH|513400.SH|513500.SH|513750.SH|518880.SH,1.991488272910277,0.8920130717054932,thompson
rolling_thompson_sampling,2024,2025,69,159949.SZ|159980.SZ|159981.SZ|159985.SZ|160644.SZ|161226.SZ|510500.SH|512980.SH|513070.SH|513100.SH|513120.SH|513400.SH|513730.SH,0.6022358582948015,0.8185041597733637,thompson
rolling_thompson_sampling,2024,2025,70,159766.SZ|159851.SZ|159920.SZ|159980.SZ|159981.SZ|501018.SH|512880.SH|513290.SH|513310.SH|513730.SH|513750.SH|513880.SH|518880.SH,1.2686501735260238,0.8920130717054932,thompson
rolling_thompson_sampling,2024,2025,71,159509.SZ|159865.SZ|159901.SZ|159920.SZ|159980.SZ|159981.SZ|161226.SZ|501018.SH|513080.SH|513120.SH|513400.SH|513730.SH|562500.SH,0.8164035340588304,0.8115737457426698,thompson
rolling_thompson_sampling,2024,2025,72,159509.SZ|159529.SZ|159852.SZ|159901.SZ|159985.SZ|161226.SZ|501018.SH|512040.SH|513120.SH|513180.SH|513310.SH|513730.SH|518880.SH,1.7914560269473156,0.7921615306444358,thompson
rolling_thompson_sampling,2024,2025,73,159529.SZ|159687.SZ|159825.SZ|159901.SZ|159920.SZ|159981.SZ|159985.SZ|501018.SH|512980.SH|513310.SH|513400.SH|513750.SH|518880.SH,0.22325803653242018,0.8920130717054932,thompson
rolling_thompson_sampling,2024,2025,74,159870.SZ|159920.SZ|159985.SZ|161226.SZ|164824.SZ|501018.SH|512800.SH|512880.SH|513100.SH|513290.SH|513730.SH|513750.SH|518880.SH,2.1466475741438797,0.8920130717054932,thompson
rolling_thompson_sampling,2024,2025,75,159509.SZ|159687.SZ|159870.SZ|159985.SZ|161226.SZ|501018.SH|512880.SH|513120.SH|513290.SH|513400.SH|513750.SH|515790.SH|518880.SH,1.2562285820595418,0.7965894307654057,thompson
rolling_thompson_sampling,2024,2025,76,159518.SZ|159529.SZ|159869.SZ|159920.SZ|159980.SZ|159985.SZ|160644.SZ|501018.SH|512100.SH|512200.SH|513120.SH|513730.SH|518880.SH,0.5444033412079339,0.8435460483265624,thompson
rolling_thompson_sampling,2024,2025,77,159687.SZ|159901.SZ|159920.SZ|159981.SZ|159985.SZ|161226.SZ|501018.SH|512800.SH|512880.SH|513400.SH|513500.SH|513730.SH|513750.SH,1.9280704779491866,0.8920130717054932,thompson
rolling_thompson_sampling,2024,2025,78,159509.SZ|159529.SZ|159865.SZ|159920.SZ|159981.SZ|159985.SZ|161226.SZ|501018.SH|512880.SH|513120.SH|513730.SH|513880.SH|515220.SH,1.5351414887070203,0.7251138829934614,thompson
rolling_thompson_sampling,2024,2025,79,159509.SZ|159920.SZ|159985.SZ|161226.SZ|501018.SH|510880.SH|512880.SH|513120.SH|513310.SH|513400.SH|513500.SH|518880.SH|588000.SH,1.5923298226754337,0.8070795806889525,thompson
rolling_thompson_sampling,2024,2025,80,159870.SZ|159980.SZ|159985.SZ|501018.SH|510880.SH|512800.SH|513100.SH|513180.SH|513290.SH|513730.SH|513750.SH|513880.SH|518880.SH,1.5658547010953054,0.8415836756152468,thompson
rolling_thompson_sampling,2024,2025,81,159509.SZ|159852.SZ|159981.SZ|161226.SZ|501018.SH|510880.SH|512800.SH|513100.SH|513180.SH|513400.SH|513730.SH|513750.SH|518880.SH,2.1369442261963867,0.8598122919060952,thompson
rolling_thompson_sampling,2024,2025,82,159529.SZ|159980.SZ|159985.SZ|161226.SZ|501018.SH|510210.SH|512880.SH|513100.SH|513120.SH|513290.SH|513310.SH|513750.SH|515220.SH,1.6798136916221118,0.7708096760476852,thompson
rolling_thompson_sampling,2024,2025,83,159509.SZ|159980.SZ|159981.SZ|161226.SZ|501018.SH|510050.SH|512400.SH|513070.SH|513100.SH|513310.SH|513400.SH|513750.SH|515220.SH,0.5636039983926249,0.8598122919060952,thompson
rolling_thompson_sampling,2024,2025,84,159509.SZ|159981.SZ|159985.SZ|161226.SZ|501018.SH|510210.SH|512800.SH|513080.SH|513120.SH|513500.SH|513730.SH|513750.SH|515220.SH,1.142247905289206,0.7342352025519209,thompson
rolling_thompson_sampling,2024,2025,85,159901.SZ|159920.SZ|159980.SZ|159985.SZ|160644.SZ|161226.SZ|510880.SH|512170.SH|513030.SH|513730.SH|513750.SH|513880.SH|518880.SH,0.7432461851834175,0.8920130717054932,thompson
rolling_thompson_sampling,2024,2025,86,159518.SZ|159687.SZ|159901.SZ|159980.SZ|159985.SZ|501018.SH|513120.SH|513180.SH|513400.SH|513500.SH|515790.SH|518880.SH|588200.SH,0.8134985008284157,0.8263182883268914,thompson
rolling_thompson_sampling,2024,2025,87,159509.SZ|159825.SZ|159980.SZ|159981.SZ|161226.SZ|501018.SH|513100.SH|513180.SH|513290.SH|513730.SH|513750.SH|515220.SH|563300.SH,1.2697338535116656,0.8598122919060952,thompson
rolling_thompson_sampling,2024,2025,88,159687.SZ|159766.SZ|159920.SZ|159981.SZ|159985.SZ|161226.SZ|501018.SH|510500.SH|513120.SH|513310.SH|513500.SH|513730.SH|515880.SH,0.8063583263561943,0.7728930016811584,thompson
rolling_thompson_sampling,2024,2025,89,159509.SZ|159825.SZ|159985.SZ|161226.SZ|501018.SH|512880.SH|513100.SH|513120.SH|513400.SH|513730.SH|513750.SH|518880.SH|563300.SH,1.9980034109830134,0.8598122919060952,thompson
rolling_thompson_sampling,2024,2025,90,159518.SZ|159529.SZ|159980.SZ|159981.SZ|159985.SZ|501018.SH|510050.SH|512880.SH|512980.SH|513070.SH|513120.SH|513290.SH|513400.SH,0.8565476363558818,0.7265589049246975,thompson
rolling_thompson_sampling,2024,2025,91,159509.SZ|159870.SZ|159985.SZ|161226.SZ|501018.SH|512980.SH|513180.SH|513310.SH|513500.SH|513750.SH|513880.SH|518880.SH|588200.SH,1.055537816935569,0.8415836756152468,thompson
rolling_thompson_sampling,2024,2025,92,159870.SZ|159949.SZ|159980.SZ|161226.SZ|164824.SZ|501018.SH|513100.SH|513120.SH|513180.SH|513310.SH|513730.SH|515880.SH|518880.SH,1.3975139979160438,0.7974834951277506,thompson
rolling_thompson_sampling,2024,2025,93,159529.SZ|159980.SZ|159985.SZ|501018.SH|512800.SH|513120.SH|513310.SH|513730.SH|513750.SH|513880.SH|516150.SH|518880.SH|563300.SH,1.0915423173391796,0.7068890051604229,thompson
rolling_thompson_sampling,2024,2025,94,159920.SZ|159967.SZ|159981.SZ|159985.SZ|161226.SZ|501018.SH|512800.SH|512880.SH|513400.SH|513500.SH|513730.SH|513750.SH|513880.SH,1.8837647426471404,0.8920130717054932,thompson
rolling_thompson_sampling,2024,2025,95,159529.SZ|159687.SZ|159870.SZ|159920.SZ|159949.SZ|159980.SZ|159985.SZ|161226.SZ|501018.SH|510300.SH|513400.SH|513750.SH|513880.SH,1.594546446613226,0.8920130717054932,thompson
rolling_thompson_sampling,2024,2025,96,159529.SZ|159687.SZ|159870.SZ|159920.SZ|159981.SZ|159985.SZ|161226.SZ|512040.SH|513080.SH|513100.SH|513750.SH|518880.SH|588000.SH,0.6171374595492437,0.8920130717054932,thompson
rolling_thompson_sampling,2024,2025,97,159529.SZ|159869.SZ|159901.SZ|159985.SZ|161226.SZ|501018.SH|513180.SH|513310.SH|513500.SH|513730.SH|513750.SH|518880.SH|563300.SH,0.9178083612125745,0.8415836756152468,thompson
rolling_thompson_sampling,2024,2025,98,159509.SZ|159920.SZ|159981.SZ|159985.SZ|160644.SZ|161226.SZ|510880.SH|512200.SH|512400.SH|513120.SH|513500.SH|513730.SH|518880.SH,1.044256563518982,0.7889425391722841,thompson
rolling_thompson_sampling,2024,2025,99,159509.SZ|159852.SZ|159920.SZ|159980.SZ|159981.SZ|159985.SZ|501018.SH|512880.SH|512980.SH|513290.SH|513310.SH|513750.SH|513880.SH,0.8003663694131481,0.8920130717054932,thompson
rolling_thompson_sampling,2024,2025,100,159851.SZ|159949.SZ|159985.SZ|160644.SZ|161226.SZ|501018.SH|513100.SH|513120.SH|513310.SH|513730.SH|513750.SH|515220.SH|518880.SH,1.5291991098473372,0.7889425391722841,thompson
rolling_thompson_sampling,2025,2026,1,159920.SZ|159981.SZ|160644.SZ|161226.SZ|501018.SH|510300.SH|512660.SH|513290.SH|513310.SH|513750.SH|513880.SH|516150.SH|518880.SH,1.4009071260967578,0.8342956687363152,warmup
rolling_thompson_sampling,2025,2026,2,159209.SZ|159509.SZ|159518.SZ|159529.SZ|159687.SZ|159920.SZ|159980.SZ|159981.SZ|159985.SZ|501018.SH|512400.SH|513180.SH|515790.SH,-0.3703920052424794,0.9154186634947195,warmup
rolling_thompson_sampling,2025,2026,3,159329.SZ|159529.SZ|159980.SZ|159981.SZ|161226.SZ|501018.SH|510300.SH|512170.SH|512880.SH|513070.SH|513080.SH|513180.SH|513880.SH,0.37976805021145854,0.9189240922360594,warmup
rolling_thompson_sampling,2025,2026,4,159518.SZ|159529.SZ|159920.SZ|159980.SZ|159981.SZ|501018.SH|512040.SH|512880.SH|513080.SH|513100.SH|513120.SH|518880.SH|562500.SH,0.6217996622434948,0.685646610010323,warmup
rolling_thompson_sampling,2025,2026,5,159529.SZ|159851.SZ|159981.SZ|159985.SZ|161226.SZ|501018.SH|512200.SH|513100.SH|513180.SH|513310.SH|513750.SH|513880.SH|516150.SH,0.3761083280206435,0.7369415508190277,warmup
rolling_thompson_sampling,2025,2026,6,159509.SZ|159869.SZ|159920.SZ|159985.SZ|161226.SZ|164824.SZ|501018.SH|512200.SH|513030.SH|513180.SH|513400.SH|515880.SH|518880.SH,1.2268668528499138,0.9154186634947195,warmup
rolling_thompson_sampling,2025,2026,7,159329.SZ|159687.SZ|159920.SZ|159980.SZ|159981.SZ|161226.SZ|510180.SH|510210.SH|513120.SH|513290.SH|513400.SH|515790.SH|518880.SH,2.449014043217203,0.9189355384016797,warmup
rolling_thompson_sampling,2025,2026,8,159518.SZ|159949.SZ|159980.SZ|159985.SZ|501018.SH|510500.SH|513070.SH|513080.SH|513120.SH|513400.SH|513500.SH|518880.SH|588000.SH,0.9787017121963827,0.9181393430680445,warmup
rolling_thompson_sampling,2025,2026,9,159915.SZ|159980.SZ|159985.SZ|161226.SZ|164824.SZ|501018.SH|510180.SH|513080.SH|513180.SH|513400.SH|513730.SH|513750.SH|563300.SH,0.32274531791034333,0.8433374816009251,warmup
rolling_thompson_sampling,2025,2026,10,159329.SZ|159851.SZ|159981.SZ|159985.SZ|161226.SZ|164824.SZ|510300.SH|513070.SH|513180.SH|513310.SH|513400.SH|518880.SH|588200.SH,0.9760703164006136,0.9189240922360594,warmup
rolling_thompson_sampling,2025,2026,11,159529.SZ|159687.SZ|159980.SZ|159981.SZ|160644.SZ|161226.SZ|501018.SH|510180.SH|513070.SH|513500.SH|513750.SH|515220.SH|588000.SH,0.3618248951186382,0.7962671954849927,warmup
rolling_thompson_sampling,2025,2026,12,159687.SZ|159920.SZ|159967.SZ|159980.SZ|159985.SZ|161226.SZ|501018.SH|510880.SH|512890.SH|513100.SH|513310.SH|513400.SH|513750.SH,1.0697829173563884,0.8983814081391552,warmup
rolling_thompson_sampling,2025,2026,13,159509.SZ|159869.SZ|159980.SZ|159985.SZ|161226.SZ|164824.SZ|512800.SH|513120.SH|513290.SH|513400.SH|513750.SH|515790.SH|518880.SH,2.4132096142816297,0.7390702798506157,warmup
rolling_thompson_sampling,2025,2026,14,159201.SZ|159980.SZ|159985.SZ|501018.SH|513030.SH|513120.SH|513180.SH|513400.SH|513500.SH|513730.SH|515210.SH|516150.SH|518880.SH,0.8230697104040878,0.9181393430680445,warmup
rolling_thompson_sampling,2025,2026,15,159529.SZ|159796.SZ|159985.SZ|161226.SZ|501018.SH|512400.SH|513030.SH|513070.SH|513180.SH|513400.SH|513880.SH|518880.SH|588200.SH,1.2800911731311406,0.9189240922360594,warmup
rolling_thompson_sampling,2025,2026,16,159326.SZ|159529.SZ|159687.SZ|159981.SZ|159985.SZ|161226.SZ|501018.SH|512800.SH|512980.SH|513120.SH|513500.SH|513750.SH|513880.SH,1.1980234274262203,0.7199131004091246,warmup
rolling_thompson_sampling,2025,2026,17,159687.SZ|159766.SZ|159985.SZ|161226.SZ|164824.SZ|501018.SH|510210.SH|513070.SH|513100.SH|513290.SH|513750.SH|518880.SH|588220.SH,1.625795670569528,0.7479559685362611,warmup
rolling_thompson_sampling,2025,2026,18,159329.SZ|159529.SZ|159687.SZ|159766.SZ|159980.SZ|159985.SZ|501018.SH|512200.SH|512800.SH|513070.SH|513500.SH|513750.SH|518880.SH,0.07465398028640399,0.7410296767805958,warmup
rolling_thompson_sampling,2025,2026,19,159518.SZ|159611.SZ|159687.SZ|159980.SZ|160644.SZ|161226.SZ|501018.SH|513120.SH|513180.SH|513500.SH|515220.SH|518880.SH|563300.SH,0.29449716234211865,0.6838821863725274,warmup
rolling_thompson_sampling,2025,2026,20,159329.SZ|159980.SZ|161226.SZ|501018.SH|510300.SH|512400.SH|513080.SH|513120.SH|513180.SH|513310.SH|513730.SH|518880.SH|588220.SH,1.759814846836593,0.7902122876105109,warmup
rolling_thompson_sampling,2025,2026,21,159509.SZ|159796.SZ|159869.SZ|159980.SZ|159981.SZ|161226.SZ|512800.SH|513030.SH|513120.SH|513180.SH|513290.SH|513310.SH|518880.SH,1.891014918683706,0.5726568937271551,thompson
rolling_thompson_sampling,2025,2026,22,159509.SZ|159869.SZ|159981.SZ|161226.SZ|501018.SH|510880.SH|513030.SH|513070.SH|513290.SH|513730.SH|513750.SH|515220.SH|518880.SH,1.5139973686027077,0.7700255446396679,thompson
rolling_thompson_sampling,2025,2026,23,159796.SZ|159981.SZ|159985.SZ|161226.SZ|164824.SZ|510500.SH|512660.SH|513120.SH|513290.SH|513310.SH|513400.SH|513750.SH|518880.SH,2.466058896978607,0.7707026304495602,thompson
rolling_thompson_sampling,2025,2026,24,159329.SZ|159980.SZ|159981.SZ|161226.SZ|510210.SH|512800.SH|513120.SH|513290.SH|513310.SH|513750.SH|513880.SH|518880.SH|562500.SH,2.57039209437265,0.6384964115398334,thompson
rolling_thompson_sampling,2025,2026,25,159509.SZ|159901.SZ|159920.SZ|159980.SZ|159981.SZ|159985.SZ|512040.SH|513030.SH|513310.SH|513750.SH|513880.SH|518880.SH|562500.SH,1.487188458380845,0.8342956687363152,thompson
rolling_thompson_sampling,2025,2026,26,159869.SZ|159920.SZ|159980.SZ|159981.SZ|161226.SZ|513080.SH|513120.SH|513290.SH|513400.SH|513730.SH|515790.SH|518880.SH|588220.SH,1.800981654651826,0.7149329360815625,thompson
rolling_thompson_sampling,2025,2026,27,159201.SZ|159206.SZ|159985.SZ|161226.SZ|501018.SH|510500.SH|513120.SH|513290.SH|513310.SH|513500.SH|513750.SH|513880.SH|518880.SH,1.9614834898713043,0.8043257441990549,thompson
rolling_thompson_sampling,2025,2026,28,159326.SZ|159509.SZ|159981.SZ|159985.SZ|161226.SZ|164824.SZ|512040.SH|512100.SH|513030.SH|513070.SH|513120.SH|513880.SH|518880.SH,1.7838765671703074,0.7650963823307341,thompson
rolling_thompson_sampling,2025,2026,29,159206.SZ|159796.SZ|159981.SZ|159985.SZ|161226.SZ|513030.SH|513080.SH|513120.SH|513290.SH|513310.SH|513750.SH|518880.SH|588220.SH,2.4586664252501054,0.8203596986693006,thompson
rolling_thompson_sampling,2025,2026,30,159206.SZ|159870.SZ|159980.SZ|159981.SZ|161226.SZ|164824.SZ|501018.SH|512980.SH|513030.SH|513070.SH|513120.SH|513310.SH|513880.SH,0.9779209356099744,0.611708167668402,thompson
rolling_thompson_sampling,2025,2026,31,159529.SZ|159796.SZ|159869.SZ|159981.SZ|159985.SZ|161226.SZ|164824.SZ|512040.SH|513100.SH|513120.SH|513290.SH|513750.SH|518880.SH,2.4955316839023878,0.6102494732985178,thompson
rolling_thompson_sampling,2025,2026,32,159825.SZ|159981.SZ|159985.SZ|161226.SZ|510210.SH|513120.SH|513310.SH|513400.SH|513500.SH|513750.SH|513880.SH|518880.SH|588220.SH,2.2581290062669743,0.9181393430680445,thompson
rolling_thompson_sampling,2025,2026,33,159796.SZ|159981.SZ|161226.SZ|164824.SZ|501018.SH|510050.SH|512100.SH|513080.SH|513100.SH|513120.SH|513730.SH|513750.SH|518880.SH,2.066626022904181,0.8121121546849319,thompson
rolling_thompson_sampling,2025,2026,34,159206.SZ|159509.SZ|159981.SZ|159985.SZ|161226.SZ|510210.SH|512100.SH|513080.SH|513120.SH|513290.SH|513400.SH|513750.SH|518880.SH,2.1512437945474256,0.8448246984612736,thompson
rolling_thompson_sampling,2025,2026,35,159529.SZ|159869.SZ|159980.SZ|159981.SZ|159985.SZ|510050.SH|510500.SH|513070.SH|513080.SH|513290.SH|513400.SH|513750.SH|518880.SH,0.847990247093739,0.763594859985348,thompson
rolling_thompson_sampling,2025,2026,36,159329.SZ|159852.SZ|159980.SZ|159981.SZ|501018.SH|510210.SH|513120.SH|513180.SH|513290.SH|513400.SH|513730.SH|518880.SH|588220.SH,1.717550539011152,0.7977091456578218,thompson
rolling_thompson_sampling,2025,2026,37,159201.SZ|159509.SZ|159981.SZ|159985.SZ|161226.SZ|510500.SH|513080.SH|513120.SH|513290.SH|513310.SH|513750.SH|515880.SH|518880.SH,2.1613941704181943,0.8043257441990549,thompson
rolling_thompson_sampling,2025,2026,38,159206.SZ|159928.SZ|159981.SZ|161226.SZ|164824.SZ|501018.SH|512660.SH|513030.SH|513120.SH|513290.SH|513400.SH|513750.SH|518880.SH,1.7613840888627046,0.8205022974411735,thompson
rolling_thompson_sampling,2025,2026,39,159529.SZ|159796.SZ|159825.SZ|159981.SZ|159985.SZ|161226.SZ|164824.SZ|512040.SH|513120.SH|513290.SH|513400.SH|513750.SH|518880.SH,2.329609521178388,0.6832452895372874,thompson
rolling_thompson_sampling,2025,2026,40,159852.SZ|159920.SZ|159981.SZ|159985.SZ|161226.SZ|512660.SH|513030.SH|513100.SH|513120.SH|513730.SH|513880.SH|518880.SH|588220.SH,1.514064100185446,0.8121121546849319,thompson
rolling_thompson_sampling,2025,2026,41,159206.SZ|159509.SZ|159529.SZ|159825.SZ|159981.SZ|159985.SZ|161226.SZ|510180.SH|513070.SH|513080.SH|513290.SH|513750.SH|518880.SH,2.4498678953208923,0.7410296767805958,thompson
rolling_thompson_sampling,2025,2026,42,159329.SZ|159865.SZ|159980.SZ|159981.SZ|161226.SZ|510180.SH|512660.SH|513120.SH|513290.SH|513310.SH|513730.SH|513750.SH|518880.SH,2.3093744826140137,0.6463547984523708,thompson
rolling_thompson_sampling,2025,2026,43,159509.SZ|159796.SZ|159851.SZ|159981.SZ|159985.SZ|161226.SZ|164824.SZ|501018.SH|510210.SH|513180.SH|513290.SH|513400.SH|513750.SH,1.009806117167509,0.7390702798506157,thompson
rolling_thompson_sampling,2025,2026,44,159329.SZ|159825.SZ|159928.SZ|159980.SZ|159985.SZ|161226.SZ|164824.SZ|513080.SH|513120.SH|513310.SH|513750.SH|515880.SH|518880.SH,1.9744578929311574,0.7193123250760916,thompson
rolling_thompson_sampling,2025,2026,45,159509.SZ|159825.SZ|159981.SZ|159985.SZ|161226.SZ|164824.SZ|512800.SH|513120.SH|513290.SH|513730.SH|513750.SH|515220.SH|518880.SH,2.0692842468694157,0.7700255446396679,thompson
rolling_thompson_sampling,2025,2026,46,159687.SZ|159949.SZ|159981.SZ|159985.SZ|161226.SZ|512040.SH|513030.SH|513070.SH|513120.SH|513290.SH|513500.SH|518880.SH|562500.SH,1.630104862626198,0.6859303814275716,thompson
rolling_thompson_sampling,2025,2026,47,159206.SZ|159509.SZ|159981.SZ|159985.SZ|161226.SZ|512800.SH|513120.SH|513290.SH|513400.SH|513730.SH|513750.SH|518880.SH|562500.SH,2.7457478290405453,0.7700255446396679,thompson
rolling_thompson_sampling,2025,2026,48,159852.SZ|159865.SZ|159981.SZ|159985.SZ|161226.SZ|164824.SZ|512400.SH|513100.SH|513120.SH|513180.SH|513290.SH|513310.SH|518880.SH,1.2328056777535497,0.6102494732985178,thompson
rolling_thompson_sampling,2025,2026,49,159766.SZ|159980.SZ|159985.SZ|161226.SZ|513030.SH|513120.SH|513290.SH|513400.SH|513750.SH|513880.SH|515210.SH|515880.SH|518880.SH,2.518608636779158,0.6998965492931684,thompson
rolling_thompson_sampling,2025,2026,50,159509.SZ|159825.SZ|159870.SZ|159980.SZ|159981.SZ|159985.SZ|161226.SZ|164824.SZ|513070.SH|513290.SH|513400.SH|513750.SH|515880.SH,1.6789044708267216,0.7410296767805958,thompson
rolling_thompson_sampling,2025,2026,51,159329.SZ|159509.SZ|159766.SZ|159825.SZ|159981.SZ|159985.SZ|161226.SZ|164824.SZ|510300.SH|513120.SH|513400.SH|513750.SH|518880.SH,1.8522756384026955,0.7390702798506157,thompson
rolling_thompson_sampling,2025,2026,52,159329.SZ|159920.SZ|159981.SZ|159985.SZ|161226.SZ|512100.SH|513030.SH|513290.SH|513730.SH|513750.SH|518880.SH|562500.SH|588220.SH,1.8755616307771104,0.9084242097657965,thompson
rolling_thompson_sampling,2025,2026,53,159967.SZ|159981.SZ|159985.SZ|161226.SZ|164824.SZ|501018.SH|513100.SH|513120.SH|513310.SH|513730.SH|513750.SH|515880.SH|588220.SH,1.3510992647182642,0.8251378443044752,thompson
rolling_thompson_sampling,2025,2026,54,159206.SZ|159509.SZ|159869.SZ|159920.SZ|159928.SZ|159980.SZ|159981.SZ|161226.SZ|513120.SH|513290.SH|513310.SH|513400.SH|518880.SH,2.327339279851433,0.7390702798506157,thompson
rolling_thompson_sampling,2025,2026,55,159329.SZ|159796.SZ|159928.SZ|159980.SZ|159981.SZ|161226.SZ|164824.SZ|513120.SH|513290.SH|513730.SH|513750.SH|515210.SH|518880.SH,1.9783464266916566,0.5545976545887046,thompson
rolling_thompson_sampling,2025,2026,56,159509.SZ|159920.SZ|159928.SZ|159949.SZ|159981.SZ|159985.SZ|161226.SZ|513030.SH|513120.SH|513290.SH|513400.SH|518880.SH|588200.SH,1.7837866467167034,0.7390702798506157,thompson
rolling_thompson_sampling,2025,2026,57,159206.SZ|159796.SZ|159981.SZ|159985.SZ|161226.SZ|512800.SH|513080.SH|513100.SH|513120.SH|513290.SH|513310.SH|513750.SH|518880.SH,2.3722843740673927,0.6382283665218123,thompson
rolling_thompson_sampling,2025,2026,58,159529.SZ|159920.SZ|159980.SZ|159981.SZ|161226.SZ|510210.SH|510500.SH|513030.SH|513120.SH|513290.SH|513880.SH|518880.SH|588200.SH,2.3178826262027603,0.8843364508110882,thompson
rolling_thompson_sampling,2025,2026,59,159796.SZ|159981.SZ|159985.SZ|161226.SZ|164824.SZ|512100.SH|512660.SH|513080.SH|513120.SH|513180.SH|513290.SH|513400.SH|518880.SH,1.7791811207890003,0.7629914915031814,thompson
rolling_thompson_sampling,2025,2026,60,159509.SZ|159529.SZ|159825.SZ|159869.SZ|159980.SZ|159985.SZ|161226.SZ|513030.SH|513120.SH|513500.SH|513750.SH|515210.SH|518880.SH,1.9500042369643271,0.8555362044200798,thompson
rolling_thompson_sampling,2025,2026,61,159509.SZ|159796.SZ|159928.SZ|159980.SZ|159985.SZ|161226.SZ|510050.SH|513030.SH|513120.SH|513310.SH|513730.SH|513750.SH|518880.SH,1.845906719090809,0.7700255446396679,thompson
rolling_thompson_sampling,2025,2026,62,159329.SZ|159509.SZ|159766.SZ|159825.SZ|159870.SZ|159980.SZ|159981.SZ|161226.SZ|513070.SH|513120.SH|513290.SH|513310.SH|518880.SH,1.9583121451858156,0.6468251577569506,thompson
rolling_thompson_sampling,2025,2026,63,159329.SZ|159687.SZ|159852.SZ|159920.SZ|159980.SZ|161226.SZ|164824.SZ|501018.SH|512800.SH|513730.SH|513750.SH|518880.SH|588220.SH,1.652210417487323,0.8342956687363152,thompson
rolling_thompson_sampling,2025,2026,64,159687.SZ|159981.SZ|159985.SZ|161226.SZ|164824.SZ|510050.SH|510210.SH|513120.SH|513730.SH|513750.SH|513880.SH|518880.SH|588200.SH,1.8478387157388245,0.8803196555678844,thompson
rolling_thompson_sampling,2025,2026,65,159509.SZ|159865.SZ|159920.SZ|159967.SZ|159980.SZ|159981.SZ|159985.SZ|501018.SH|513080.SH|513290.SH|513310.SH|513750.SH|588220.SH,0.6341455203995521,0.8342956687363152,thompson
rolling_thompson_sampling,2025,2026,66,159201.SZ|159326.SZ|159980.SZ|159981.SZ|159985.SZ|161226.SZ|512040.SH|513070.SH|513120.SH|513290.SH|513400.SH|513730.SH|513880.SH,0.3575253459985983,0.9159193888309792,thompson
rolling_thompson_sampling,2025,2026,67,159509.SZ|159825.SZ|159920.SZ|159980.SZ|159981.SZ|159985.SZ|161226.SZ|512100.SH|512400.SH|513080.SH|513290.SH|513730.SH|513750.SH,1.2820439446910727,0.8342956687363152,thompson
rolling_thompson_sampling,2025,2026,68,159509.SZ|159825.SZ|159985.SZ|160644.SZ|161226.SZ|501018.SH|510880.SH|513120.SH|513290.SH|513730.SH|513750.SH|515880.SH|518880.SH,1.8509199954517346,0.7700255446396679,thompson
rolling_thompson_sampling,2025,2026,69,159687.SZ|159967.SZ|159981.SZ|159985.SZ|161226.SZ|501018.SH|512100.SH|513080.SH|513120.SH|513400.SH|513750.SH|513880.SH|515210.SH,0.8554911273636984,0.818007320396248,thompson
rolling_thompson_sampling,2025,2026,70,159529.SZ|159825.SZ|159981.SZ|161226.SZ|501018.SH|512800.SH|513030.SH|513180.SH|513290.SH|513730.SH|513750.SH|515880.SH|518880.SH,2.3050606557067703,0.7369415508190277,thompson
rolling_thompson_sampling,2025,2026,71,159509.SZ|159825.SZ|159981.SZ|159985.SZ|161226.SZ|164824.SZ|513120.SH|513400.SH|513500.SH|513750.SH|515790.SH|518880.SH|588220.SH,1.5032381248668363,0.9181393430680445,thompson
rolling_thompson_sampling,2025,2026,72,159981.SZ|159985.SZ|161226.SZ|501018.SH|510050.SH|512040.SH|513030.SH|513100.SH|513120.SH|513290.SH|513400.SH|513750.SH|515880.SH,1.2792995647434955,0.8435159933897625,thompson
rolling_thompson_sampling,2025,2026,73,159329.SZ|159509.SZ|159796.SZ|159915.SZ|159981.SZ|159985.SZ|160644.SZ|161226.SZ|164824.SZ|510880.SH|513120.SH|513750.SH|518880.SH,1.2193723326150092,0.8121607274328089,thompson
rolling_thompson_sampling,2025,2026,74,159796.SZ|159869.SZ|159980.SZ|159985.SZ|164824.SZ|501018.SH|512660.SH|513030.SH|513070.SH|513100.SH|513310.SH|513750.SH|518880.SH,1.0488826303997776,0.7410296767805958,thompson
rolling_thompson_sampling,2025,2026,75,159509.SZ|159796.SZ|159980.SZ|159981.SZ|161226.SZ|512660.SH|513030.SH|513120.SH|513180.SH|513290.SH|513400.SH|515210.SH|518880.SH,2.0217976867455048,0.7390702798506157,thompson
rolling_thompson_sampling,2025,2026,76,159206.SZ|159920.SZ|159981.SZ|159985.SZ|160644.SZ|161226.SZ|164824.SZ|512800.SH|513120.SH|513290.SH|513400.SH|515880.SH|518880.SH,2.3088686627580475,0.6832452895372874,thompson
rolling_thompson_sampling,2025,2026,77,159206.SZ|159509.SZ|159865.SZ|159920.SZ|159981.SZ|159985.SZ|161226.SZ|164824.SZ|510210.SH|513120.SH|513400.SH|513500.SH|518880.SH,1.9120305549386298,0.9181393430680445,thompson
rolling_thompson_sampling,2025,2026,78,159206.SZ|159329.SZ|159949.SZ|159981.SZ|161226.SZ|164824.SZ|501018.SH|512040.SH|513070.SH|513080.SH|513120.SH|513730.SH|518880.SH,1.7538691078568858,0.6685225218570691,thompson
rolling_thompson_sampling,2025,2026,79,159329.SZ|159920.SZ|159981.SZ|159985.SZ|161226.SZ|512800.SH|512890.SH|513030.SH|513080.SH|513120.SH|513400.SH|518880.SH|562500.SH,0.7351993588836859,0.8298997300658688,thompson
rolling_thompson_sampling,2025,2026,80,159329.SZ|159796.SZ|159980.SZ|159981.SZ|161226.SZ|510500.SH|512660.SH|513030.SH|513080.SH|513100.SH|513120.SH|513750.SH|518880.SH,2.051942997736657,0.8203596986693006,thompson
rolling_thompson_sampling,2025,2026,81,159796.SZ|159865.SZ|159901.SZ|159920.SZ|159981.SZ|159985.SZ|161226.SZ|513030.SH|513080.SH|513120.SH|513290.SH|513400.SH|518880.SH,2.303410307523718,0.8203596986693006,thompson
rolling_thompson_sampling,2025,2026,82,159206.SZ|159509.SZ|159825.SZ|159920.SZ|159980.SZ|159981.SZ|161226.SZ|164824.SZ|501018.SH|513120.SH|513400.SH|513730.SH|515880.SH,1.69674402419826,0.7700255446396679,thompson
rolling_thompson_sampling,2025,2026,83,159509.SZ|159529.SZ|159928.SZ|159980.SZ|159981.SZ|159985.SZ|161226.SZ|510500.SH|510880.SH|513080.SH|513120.SH|513400.SH|513750.SH,1.188418718411158,0.7390702798506157,thompson
rolling_thompson_sampling,2025,2026,84,159206.SZ|159518.SZ|159981.SZ|161226.SZ|164824.SZ|501018.SH|512980.SH|513120.SH|513180.SH|513290.SH|513310.SH|515880.SH|518880.SH,1.9892058469038667,0.611708167668402,thompson
rolling_thompson_sampling,2025,2026,85,159852.SZ|159985.SZ|161226.SZ|501018.SH|510300.SH|513070.SH|513080.SH|513120.SH|513290.SH|513730.SH|513880.SH|518880.SH|562500.SH,1.2078337149637157,0.7756228537483164,thompson
rolling_thompson_sampling,2025,2026,86,159206.SZ|159870.SZ|159985.SZ|161226.SZ|501018.SH|512800.SH|513030.SH|513080.SH|513100.SH|513120.SH|513290.SH|513750.SH|518880.SH,1.5434667484770415,0.8203596986693006,thompson
rolling_thompson_sampling,2025,2026,87,159329.SZ|159980.SZ|159981.SZ|159985.SZ|164824.SZ|510300.SH|510500.SH|513070.SH|513120.SH|513290.SH|513310.SH|516150.SH|518880.SH,1.7686098295201431,0.9094324121530123,thompson
rolling_thompson_sampling,2025,2026,88,159329.SZ|159509.SZ|159687.SZ|159901.SZ|159981.SZ|161226.SZ|501018.SH|510210.SH|513070.SH|513120.SH|513730.SH|515790.SH|518880.SH,2.2331194094543023,0.8506039174354634,thompson
rolling_thompson_sampling,2025,2026,89,159329.SZ|159852.SZ|159980.SZ|161226.SZ|501018.SH|512660.SH|512800.SH|513030.SH|513080.SH|513100.SH|513120.SH|513750.SH|518880.SH,1.8610559924405183,0.8203596986693006,thompson
rolling_thompson_sampling,2025,2026,90,159509.SZ|159869.SZ|159870.SZ|159981.SZ|161226.SZ|501018.SH|513120.SH|513290.SH|513310.SH|513750.SH|513880.SH|515880.SH|518880.SH,1.887623483273736,0.6559960328867108,thompson
rolling_thompson_sampling,2025,2026,91,159206.SZ|159329.SZ|159518.SZ|159796.SZ|159981.SZ|159985.SZ|161226.SZ|164824.SZ|512040.SH|513070.SH|513120.SH|513400.SH|518880.SH,1.7066090729214598,0.5903657447294651,thompson
rolling_thompson_sampling,2025,2026,92,159329.SZ|159870.SZ|159920.SZ|159980.SZ|161226.SZ|501018.SH|510210.SH|513080.SH|513120.SH|513310.SH|513400.SH|515790.SH|518880.SH,2.2221054734379435,0.7650975200460375,thompson
rolling_thompson_sampling,2025,2026,93,159329.SZ|159509.SZ|159980.SZ|159981.SZ|159985.SZ|161226.SZ|513080.SH|513120.SH|513290.SH|513750.SH|515880.SH|588200.SH|588220.SH,1.6383149705331606,0.8548039997851984,thompson
rolling_thompson_sampling,2025,2026,94,159509.SZ|159825.SZ|159920.SZ|159928.SZ|159980.SZ|159985.SZ|161226.SZ|164824.SZ|510210.SH|513290.SH|513730.SH|513750.SH|518880.SH,1.701921951100825,0.8342956687363152,thompson
rolling_thompson_sampling,2025,2026,95,159865.SZ|159980.SZ|159985.SZ|161226.SZ|164824.SZ|510210.SH|512800.SH|513120.SH|513290.SH|513730.SH|513750.SH|513880.SH|518880.SH,2.4082231724282557,0.6633214241297003,thompson
rolling_thompson_sampling,2025,2026,96,159509.SZ|159529.SZ|159852.SZ|159980.SZ|159981.SZ|159985.SZ|161226.SZ|512100.SH|513120.SH|513180.SH|513290.SH|513730.SH|515880.SH,1.6683851729035575,0.8130579110091012,thompson
rolling_thompson_sampling,2025,2026,97,159206.SZ|159529.SZ|159901.SZ|159920.SZ|159980.SZ|159981.SZ|159985.SZ|161226.SZ|512980.SH|513080.SH|513120.SH|513400.SH|513880.SH,1.2326411449866226,0.6998965492931684,thompson
rolling_thompson_sampling,2025,2026,98,159865.SZ|159920.SZ|159985.SZ|160644.SZ|161226.SZ|501018.SH|512660.SH|513030.SH|513290.SH|513750.SH|513880.SH|518880.SH|588220.SH,1.7533819017284995,0.8342956687363152,thompson
rolling_thompson_sampling,2025,2026,99,159329.SZ|159529.SZ|159825.SZ|159920.SZ|159980.SZ|159981.SZ|161226.SZ|164824.SZ|510500.SH|512800.SH|513120.SH|513290.SH|518880.SH,2.042428254216918,0.6095367007493793,thompson
rolling_thompson_sampling,2025,2026,100,159509.SZ|159766.SZ|159870.SZ|159901.SZ|159980.SZ|159981.SZ|159985.SZ|501018.SH|513030.SH|513120.SH|513290.SH|513730.SH|513750.SH,0.7192623414517891,0.7700255446396679,thompson
