method,training_year,holding_year,evaluation,codes,sharpe,maximum_within_group_correlation,phase,removed,added
rolling_tabu_search,2021,2022,1,159865.SZ|159901.SZ|159920.SZ|159980.SZ|159985.SZ|501018.SH|513030.SH|513080.SH|513180.SH|513500.SH|513880.SH|515210.SH|518880.SH,-0.04141558142205041,0.910284859375849,initial,,
rolling_tabu_search,2021,2022,2,159865.SZ|159901.SZ|159920.SZ|159980.SZ|159981.SZ|159985.SZ|501018.SH|513030.SH|513080.SH|513180.SH|513500.SH|513880.SH|515210.SH,0.6521923424089844,0.910284859375849,tabu_neighbor,518880.SH,159981.SZ
rolling_tabu_search,2021,2022,3,159865.SZ|159901.SZ|159920.SZ|159980.SZ|159985.SZ|501018.SH|512040.SH|513030.SH|513080.SH|513180.SH|513500.SH|513880.SH|518880.SH,0.15567325772803595,0.910284859375849,tabu_neighbor,515210.SH,512040.SH
rolling_tabu_search,2021,2022,4,159865.SZ|159901.SZ|159920.SZ|159980.SZ|159985.SZ|161226.SZ|501018.SH|513030.SH|513080.SH|513180.SH|513500.SH|513880.SH|515210.SH,0.3268948053785199,0.910284859375849,tabu_neighbor,518880.SH,161226.SZ
rolling_tabu_search,2021,2022,5,159865.SZ|159901.SZ|159920.SZ|159967.SZ|159980.SZ|159985.SZ|501018.SH|513030.SH|513080.SH|513180.SH|513500.SH|513880.SH|518880.SH,0.17577438371408308,0.910284859375849,tabu_neighbor,515210.SH,159967.SZ
rolling_tabu_search,2021,2022,6,159865.SZ|159920.SZ|159980.SZ|159985.SZ|501018.SH|510500.SH|513030.SH|513080.SH|513180.SH|513500.SH|513880.SH|515210.SH|518880.SH,0.09574759719228053,0.910284859375849,tabu_neighbor,159901.SZ,510500.SH
rolling_tabu_search,2021,2022,7,159865.SZ|159920.SZ|159928.SZ|159980.SZ|159981.SZ|159985.SZ|501018.SH|513030.SH|513080.SH|513180.SH|513500.SH|513880.SH|515210.SH,0.8850959228145908,0.910284859375849,tabu_neighbor,159901.SZ,159928.SZ
rolling_tabu_search,2021,2022,8,159865.SZ|159901.SZ|159920.SZ|159980.SZ|159981.SZ|159985.SZ|164824.SZ|501018.SH|513030.SH|513180.SH|513500.SH|513880.SH|515210.SH,0.8911921919357949,0.910284859375849,tabu_neighbor,513080.SH,164824.SZ
rolling_tabu_search,2021,2022,9,159865.SZ|159901.SZ|159920.SZ|159981.SZ|159985.SZ|161226.SZ|501018.SH|513030.SH|513080.SH|513180.SH|513500.SH|513880.SH|515210.SH,0.6021093385232974,0.910284859375849,tabu_neighbor,159980.SZ,161226.SZ
rolling_tabu_search,2021,2022,10,159865.SZ|159901.SZ|159920.SZ|159980.SZ|159981.SZ|159985.SZ|501018.SH|512980.SH|513030.SH|513080.SH|513180.SH|513500.SH|513880.SH,0.6974186723917633,0.910284859375849,tabu_neighbor,515210.SH,512980.SH
rolling_tabu_search,2021,2022,11,159901.SZ|159920.SZ|159949.SZ|159980.SZ|159981.SZ|159985.SZ|501018.SH|513030.SH|513080.SH|513180.SH|513500.SH|513880.SH|515210.SH,0.10377702058907264,0.910284859375849,tabu_neighbor,159865.SZ,159949.SZ
rolling_tabu_search,2021,2022,12,159865.SZ|159920.SZ|159980.SZ|159981.SZ|159985.SZ|164824.SZ|501018.SH|512400.SH|513030.SH|513180.SH|513500.SH|513880.SH|515210.SH,1.0258974494936024,0.910284859375849,tabu_neighbor,159901.SZ,512400.SH
rolling_tabu_search,2021,2022,13,159865.SZ|159920.SZ|159980.SZ|159981.SZ|159985.SZ|164824.SZ|501018.SH|512880.SH|513030.SH|513180.SH|513500.SH|513880.SH|515210.SH,1.135227048133184,0.910284859375849,tabu_neighbor,159901.SZ,512880.SH
rolling_tabu_search,2021,2022,14,159865.SZ|159901.SZ|159920.SZ|159980.SZ|159981.SZ|159985.SZ|160644.SZ|164824.SZ|501018.SH|513180.SH|513500.SH|513880.SH|515210.SH,1.165499703842379,0.910284859375849,tabu_neighbor,513030.SH,160644.SZ
rolling_tabu_search,2021,2022,15,159865.SZ|159920.SZ|159980.SZ|159981.SZ|159985.SZ|164824.SZ|501018.SH|510180.SH|513030.SH|513180.SH|513500.SH|513880.SH|515210.SH,0.9725253344075475,0.910284859375849,tabu_neighbor,159901.SZ,510180.SH
rolling_tabu_search,2021,2022,16,159865.SZ|159920.SZ|159980.SZ|159981.SZ|159985.SZ|164824.SZ|501018.SH|510880.SH|513030.SH|513180.SH|513500.SH|513880.SH|515210.SH,1.2100722990841053,0.910284859375849,tabu_neighbor,159901.SZ,510880.SH
rolling_tabu_search,2021,2022,17,159865.SZ|159920.SZ|159980.SZ|159981.SZ|159985.SZ|164824.SZ|501018.SH|512200.SH|513030.SH|513180.SH|513500.SH|513880.SH|515210.SH,1.2012785147557765,0.910284859375849,tabu_neighbor,510880.SH,512200.SH
rolling_tabu_search,2021,2022,18,159865.SZ|159920.SZ|159980.SZ|159981.SZ|161226.SZ|164824.SZ|501018.SH|510880.SH|513030.SH|513180.SH|513500.SH|513880.SH|515210.SH,1.0570551669948005,0.910284859375849,tabu_neighbor,159985.SZ,161226.SZ
rolling_tabu_search,2021,2022,19,159865.SZ|159920.SZ|159980.SZ|159981.SZ|159985.SZ|161226.SZ|164824.SZ|510880.SH|513030.SH|513180.SH|513500.SH|513880.SH|515210.SH,0.24328903482363537,0.910284859375849,tabu_neighbor,501018.SH,161226.SZ
rolling_tabu_search,2021,2022,20,159865.SZ|159920.SZ|159980.SZ|159981.SZ|159985.SZ|164824.SZ|501018.SH|510210.SH|510880.SH|513030.SH|513180.SH|513500.SH|513880.SH,1.1553317450893723,0.910284859375849,tabu_neighbor,515210.SH,510210.SH
rolling_tabu_search,2021,2022,21,159865.SZ|159920.SZ|159980.SZ|159981.SZ|159985.SZ|160644.SZ|164824.SZ|501018.SH|510880.SH|513030.SH|513180.SH|513880.SH|515210.SH,1.3548026301211424,0.910284859375849,tabu_neighbor,513500.SH,160644.SZ
rolling_tabu_search,2021,2022,22,159920.SZ|159980.SZ|159981.SZ|159985.SZ|160644.SZ|164824.SZ|501018.SH|510880.SH|513030.SH|513180.SH|513880.SH|515210.SH|588000.SH,1.0986064065508128,0.910284859375849,tabu_neighbor,159865.SZ,588000.SH
rolling_tabu_search,2021,2022,23,159865.SZ|159920.SZ|159980.SZ|159981.SZ|159985.SZ|160644.SZ|164824.SZ|501018.SH|512660.SH|513030.SH|513180.SH|513880.SH|515210.SH,1.3034694767706447,0.910284859375849,tabu_neighbor,510880.SH,512660.SH
rolling_tabu_search,2021,2022,24,159865.SZ|159920.SZ|159980.SZ|159985.SZ|160644.SZ|161226.SZ|164824.SZ|501018.SH|510880.SH|513030.SH|513180.SH|513880.SH|515210.SH,0.6170338225118711,0.910284859375849,tabu_neighbor,159981.SZ,161226.SZ
rolling_tabu_search,2021,2022,25,159865.SZ|159920.SZ|159980.SZ|159981.SZ|159985.SZ|160644.SZ|164824.SZ|501018.SH|510880.SH|513030.SH|513080.SH|513180.SH|515210.SH,1.0671329285756115,0.910284859375849,tabu_neighbor,513880.SH,513080.SH
rolling_tabu_search,2021,2022,26,159865.SZ|159920.SZ|159981.SZ|159985.SZ|160644.SZ|161226.SZ|164824.SZ|501018.SH|510880.SH|513030.SH|513180.SH|513880.SH|515210.SH,0.941583691057551,0.910284859375849,tabu_neighbor,159980.SZ,161226.SZ
rolling_tabu_search,2021,2022,27,159865.SZ|159920.SZ|159980.SZ|159981.SZ|159985.SZ|160644.SZ|164824.SZ|501018.SH|512660.SH|513100.SH|513180.SH|513880.SH|515210.SH,1.5692637270948964,0.910284859375849,tabu_neighbor,513030.SH,513100.SH
rolling_tabu_search,2021,2022,28,159865.SZ|159920.SZ|159980.SZ|159981.SZ|159985.SZ|160644.SZ|164824.SZ|501018.SH|512170.SH|513030.SH|513180.SH|513880.SH|515210.SH,1.4011098177768808,0.910284859375849,tabu_neighbor,512660.SH,512170.SH
rolling_tabu_search,2021,2022,29,159865.SZ|159920.SZ|159981.SZ|159985.SZ|160644.SZ|161226.SZ|164824.SZ|501018.SH|512660.SH|513030.SH|513180.SH|513880.SH|515210.SH,1.1551408953552167,0.910284859375849,tabu_neighbor,159980.SZ,161226.SZ
rolling_tabu_search,2021,2022,30,159865.SZ|159920.SZ|159980.SZ|159981.SZ|159985.SZ|160644.SZ|164824.SZ|501018.SH|512890.SH|513030.SH|513180.SH|513880.SH|515210.SH,1.3234613256221772,0.910284859375849,tabu_neighbor,512660.SH,512890.SH
rolling_tabu_search,2021,2022,31,159865.SZ|159920.SZ|159980.SZ|159981.SZ|159985.SZ|160644.SZ|161226.SZ|164824.SZ|512660.SH|513030.SH|513180.SH|513880.SH|515210.SH,0.34569462508129034,0.910284859375849,tabu_neighbor,501018.SH,161226.SZ
rolling_tabu_search,2021,2022,32,159865.SZ|159920.SZ|159980.SZ|159981.SZ|160644.SZ|161226.SZ|164824.SZ|501018.SH|512660.SH|513100.SH|513180.SH|513880.SH|515210.SH,1.3045133419028265,0.910284859375849,tabu_neighbor,159985.SZ,161226.SZ
rolling_tabu_search,2021,2022,33,159865.SZ|159920.SZ|159980.SZ|159981.SZ|159985.SZ|160644.SZ|164824.SZ|501018.SH|512660.SH|513080.SH|513100.SH|513180.SH|515210.SH,1.2605346093395624,0.910284859375849,tabu_neighbor,513880.SH,513080.SH
rolling_tabu_search,2021,2022,34,159865.SZ|159920.SZ|159981.SZ|159985.SZ|160644.SZ|164824.SZ|501018.SH|512660.SH|513100.SH|513180.SH|513880.SH|515210.SH|518880.SH,1.0694404470039927,0.910284859375849,tabu_neighbor,159980.SZ,518880.SH
rolling_tabu_search,2021,2022,35,159865.SZ|159920.SZ|159980.SZ|159985.SZ|160644.SZ|161226.SZ|164824.SZ|501018.SH|512660.SH|513100.SH|513180.SH|513880.SH|515210.SH,0.8854154212813546,0.910284859375849,tabu_neighbor,159981.SZ,161226.SZ
rolling_tabu_search,2021,2022,36,159865.SZ|159920.SZ|159980.SZ|159981.SZ|159985.SZ|160644.SZ|164824.SZ|512660.SH|513100.SH|513180.SH|513880.SH|515210.SH|518880.SH,0.2853221793250147,0.910284859375849,tabu_neighbor,501018.SH,518880.SH
rolling_tabu_search,2021,2022,37,159865.SZ|159920.SZ|159980.SZ|159981.SZ|160644.SZ|161226.SZ|164824.SZ|512660.SH|513100.SH|513180.SH|513880.SH|515210.SH|518880.SH,0.2972946126464881,0.910284859375849,tabu_neighbor,501018.SH,518880.SH
rolling_tabu_search,2021,2022,38,159865.SZ|159920.SZ|159980.SZ|159981.SZ|160644.SZ|161226.SZ|501018.SH|512660.SH|513100.SH|513180.SH|513500.SH|513880.SH|515210.SH,1.1128725991510602,0.910284859375849,tabu_neighbor,164824.SZ,513500.SH
rolling_tabu_search,2021,2022,39,159865.SZ|159901.SZ|159920.SZ|159980.SZ|159981.SZ|160644.SZ|161226.SZ|164824.SZ|501018.SH|513100.SH|513180.SH|513880.SH|515210.SH,0.9748841573104836,0.910284859375849,tabu_neighbor,512660.SH,159901.SZ
rolling_tabu_search,2021,2022,40,159865.SZ|159920.SZ|159980.SZ|159981.SZ|160644.SZ|161226.SZ|164824.SZ|501018.SH|512100.SH|512660.SH|513100.SH|513180.SH|513880.SH,1.2409294991897237,0.910284859375849,tabu_neighbor,515210.SH,512100.SH
rolling_tabu_search,2021,2022,41,159865.SZ|159920.SZ|159980.SZ|159981.SZ|160644.SZ|161226.SZ|164824.SZ|501018.SH|512660.SH|513030.SH|513100.SH|513180.SH|515210.SH,1.318992871840787,0.910284859375849,tabu_neighbor,513880.SH,513030.SH
rolling_tabu_search,2021,2022,42,159865.SZ|159920.SZ|159980.SZ|159981.SZ|160644.SZ|161226.SZ|164824.SZ|501018.SH|512660.SH|513030.SH|513180.SH|513880.SH|515210.SH,1.0040709133062327,0.910284859375849,tabu_neighbor,513100.SH,513880.SH
rolling_tabu_search,2021,2022,43,159825.SZ|159865.SZ|159920.SZ|159980.SZ|159981.SZ|160644.SZ|161226.SZ|164824.SZ|501018.SH|513030.SH|513100.SH|513180.SH|515210.SH,1.1837914098593771,0.910284859375849,tabu_neighbor,512660.SH,159825.SZ
rolling_tabu_search,2021,2022,44,159865.SZ|159920.SZ|159980.SZ|159981.SZ|160644.SZ|161226.SZ|164824.SZ|501018.SH|512660.SH|513030.SH|513180.SH|513500.SH|515210.SH,0.9444185447314931,0.910284859375849,tabu_neighbor,513100.SH,513500.SH
rolling_tabu_search,2021,2022,45,159865.SZ|159920.SZ|159980.SZ|159985.SZ|160644.SZ|161226.SZ|164824.SZ|501018.SH|512660.SH|513030.SH|513100.SH|513180.SH|515210.SH,1.1546272851723216,0.910284859375849,tabu_neighbor,159981.SZ,159985.SZ
rolling_tabu_search,2021,2022,46,159920.SZ|159980.SZ|159981.SZ|160644.SZ|161226.SZ|164824.SZ|501018.SH|512660.SH|512980.SH|513030.SH|513100.SH|513180.SH|515210.SH,1.2288303333122392,0.910284859375849,tabu_neighbor,159865.SZ,512980.SH
rolling_tabu_search,2021,2022,47,159920.SZ|159981.SZ|159985.SZ|160644.SZ|161226.SZ|164824.SZ|501018.SH|512660.SH|512980.SH|513030.SH|513100.SH|513180.SH|515210.SH,0.9646716407762246,0.910284859375849,tabu_neighbor,159980.SZ,159985.SZ
rolling_tabu_search,2021,2022,48,159920.SZ|159980.SZ|159981.SZ|160644.SZ|161226.SZ|164824.SZ|501018.SH|512800.SH|512980.SH|513030.SH|513100.SH|513180.SH|515210.SH,1.0776608589901249,0.910284859375849,tabu_neighbor,512660.SH,512800.SH
rolling_tabu_search,2021,2022,49,159920.SZ|159980.SZ|159981.SZ|160644.SZ|161226.SZ|164824.SZ|501018.SH|512660.SH|512980.SH|513030.SH|513180.SH|513500.SH|515210.SH,0.8529252163109946,0.910284859375849,tabu_neighbor,513100.SH,513500.SH
rolling_tabu_search,2021,2022,50,159901.SZ|159920.SZ|159980.SZ|159981.SZ|160644.SZ|161226.SZ|164824.SZ|501018.SH|512980.SH|513030.SH|513100.SH|513180.SH|515210.SH,0.9973256472532233,0.910284859375849,tabu_neighbor,512660.SH,159901.SZ
rolling_tabu_search,2021,2022,51,159920.SZ|159980.SZ|159981.SZ|160644.SZ|164824.SZ|501018.SH|512660.SH|512980.SH|513030.SH|513100.SH|513180.SH|515210.SH|518880.SH,0.8790815210283818,0.910284859375849,tabu_neighbor,161226.SZ,518880.SH
rolling_tabu_search,2021,2022,52,159920.SZ|159980.SZ|159981.SZ|160644.SZ|161226.SZ|164824.SZ|501018.SH|512800.SH|512980.SH|513100.SH|513180.SH|513500.SH|515210.SH,1.1599367781136944,0.910284859375849,tabu_neighbor,513030.SH,513500.SH
rolling_tabu_search,2021,2022,53,159920.SZ|159980.SZ|159981.SZ|159985.SZ|160644.SZ|161226.SZ|164824.SZ|512800.SH|512980.SH|513030.SH|513100.SH|513180.SH|515210.SH,0.4246995518995479,0.910284859375849,tabu_neighbor,501018.SH,159985.SZ
rolling_tabu_search,2021,2022,54,159920.SZ|159980.SZ|159981.SZ|160644.SZ|161226.SZ|164824.SZ|501018.SH|512800.SH|512980.SH|513080.SH|513100.SH|513180.SH|515210.SH,0.8187172156078352,0.910284859375849,tabu_neighbor,513030.SH,513080.SH
rolling_tabu_search,2021,2022,55,159920.SZ|159980.SZ|159981.SZ|161226.SZ|164824.SZ|501018.SH|512800.SH|512980.SH|513030.SH|513100.SH|513180.SH|513880.SH|515210.SH,0.6175265269199249,0.910284859375849,tabu_neighbor,160644.SZ,513880.SH
rolling_tabu_search,2021,2022,56,159920.SZ|159980.SZ|159981.SZ|160644.SZ|161226.SZ|164824.SZ|501018.SH|512800.SH|512980.SH|513030.SH|513080.SH|513180.SH|515210.SH,0.7590111730629262,0.910284859375849,tabu_neighbor,513100.SH,513080.SH
rolling_tabu_search,2021,2022,57,159869.SZ|159920.SZ|159980.SZ|159981.SZ|160644.SZ|161226.SZ|164824.SZ|501018.SH|512800.SH|513100.SH|513180.SH|513500.SH|515210.SH,1.2731607818462902,0.910284859375849,tabu_neighbor,512980.SH,159869.SZ
rolling_tabu_search,2021,2022,58,159920.SZ|159980.SZ|159981.SZ|160644.SZ|161226.SZ|164824.SZ|501018.SH|512800.SH|512980.SH|513180.SH|513500.SH|513880.SH|515210.SH,0.6230287884682238,0.910284859375849,tabu_neighbor,513100.SH,513880.SH
rolling_tabu_search,2021,2022,59,159920.SZ|159980.SZ|159981.SZ|160644.SZ|161226.SZ|164824.SZ|501018.SH|512800.SH|512980.SH|513100.SH|513180.SH|513880.SH|515210.SH,0.7102462221153972,0.910284859375849,tabu_neighbor,513500.SH,513880.SH
rolling_tabu_search,2021,2022,60,159920.SZ|159981.SZ|160644.SZ|161226.SZ|164824.SZ|501018.SH|512800.SH|512980.SH|513100.SH|513180.SH|513500.SH|515210.SH|518880.SH,1.1636797646496855,0.910284859375849,tabu_neighbor,159980.SZ,518880.SH
rolling_tabu_search,2021,2022,61,159920.SZ|159980.SZ|159981.SZ|160644.SZ|161226.SZ|164824.SZ|501018.SH|512800.SH|513100.SH|513180.SH|513500.SH|515210.SH|515220.SH,1.300979588972788,0.910284859375849,tabu_neighbor,512980.SH,515220.SH
rolling_tabu_search,2021,2022,62,159920.SZ|159980.SZ|159981.SZ|160644.SZ|161226.SZ|164824.SZ|501018.SH|512800.SH|513180.SH|513500.SH|513880.SH|515210.SH|515220.SH,0.492906142471007,0.910284859375849,tabu_neighbor,513100.SH,513880.SH
rolling_tabu_search,2021,2022,63,159901.SZ|159920.SZ|159980.SZ|159981.SZ|160644.SZ|161226.SZ|164824.SZ|501018.SH|512800.SH|513100.SH|513180.SH|513500.SH|515210.SH,0.9370993778568083,0.910284859375849,tabu_neighbor,515220.SH,159901.SZ
rolling_tabu_search,2021,2022,64,159920.SZ|159928.SZ|159980.SZ|159981.SZ|160644.SZ|161226.SZ|164824.SZ|501018.SH|513100.SH|513180.SH|513500.SH|515210.SH|515220.SH,0.8991510368696884,0.910284859375849,tabu_neighbor,512800.SH,159928.SZ
rolling_tabu_search,2021,2022,65,159920.SZ|159980.SZ|159985.SZ|160644.SZ|161226.SZ|164824.SZ|501018.SH|512800.SH|513100.SH|513180.SH|513500.SH|515210.SH|515220.SH,0.8958061048989818,0.910284859375849,tabu_neighbor,159981.SZ,159985.SZ
rolling_tabu_search,2021,2022,66,159920.SZ|159980.SZ|159981.SZ|160644.SZ|161226.SZ|164824.SZ|501018.SH|512800.SH|513100.SH|513180.SH|513880.SH|515210.SH|515220.SH,0.5312405140240604,0.910284859375849,tabu_neighbor,513500.SH,513880.SH
rolling_tabu_search,2021,2022,67,159901.SZ|159920.SZ|159980.SZ|159981.SZ|160644.SZ|161226.SZ|501018.SH|512800.SH|513100.SH|513180.SH|513500.SH|513880.SH|515210.SH,0.9504251845271922,0.910284859375849,tabu_neighbor,164824.SZ,513880.SH
rolling_tabu_search,2021,2022,68,159901.SZ|159920.SZ|159980.SZ|159981.SZ|160644.SZ|161226.SZ|164824.SZ|501018.SH|512800.SH|513180.SH|513500.SH|513880.SH|515210.SH,0.2710600458623626,0.910284859375849,tabu_neighbor,513100.SH,513880.SH
rolling_tabu_search,2021,2022,69,159901.SZ|159920.SZ|159980.SZ|159981.SZ|160644.SZ|161226.SZ|164824.SZ|501018.SH|512800.SH|513100.SH|513180.SH|513880.SH|515210.SH,0.37064080287718887,0.910284859375849,tabu_neighbor,513500.SH,513880.SH
rolling_tabu_search,2021,2022,70,159901.SZ|159920.SZ|159980.SZ|159981.SZ|160644.SZ|161226.SZ|501018.SH|512800.SH|513030.SH|513100.SH|513180.SH|513500.SH|515210.SH,1.1395409982273081,0.910284859375849,tabu_neighbor,164824.SZ,513030.SH
rolling_tabu_search,2021,2022,71,159901.SZ|159920.SZ|159980.SZ|159981.SZ|160644.SZ|161226.SZ|164824.SZ|501018.SH|512800.SH|513100.SH|513180.SH|513500.SH|515790.SH,0.5300518751844695,0.910284859375849,tabu_neighbor,515210.SH,515790.SH
rolling_tabu_search,2021,2022,72,159901.SZ|159920.SZ|159980.SZ|159981.SZ|160644.SZ|161226.SZ|164824.SZ|501018.SH|512800.SH|513030.SH|513180.SH|513500.SH|515210.SH,0.6072982265106954,0.910284859375849,tabu_neighbor,513100.SH,164824.SZ
rolling_tabu_search,2021,2022,73,159901.SZ|159920.SZ|159980.SZ|159981.SZ|160644.SZ|161226.SZ|501018.SH|512400.SH|512800.SH|513030.SH|513100.SH|513180.SH|513500.SH,0.6449750840137749,0.910284859375849,tabu_neighbor,515210.SH,512400.SH
rolling_tabu_search,2021,2022,74,159920.SZ|159980.SZ|159981.SZ|160644.SZ|161226.SZ|501018.SH|512040.SH|512800.SH|513030.SH|513100.SH|513180.SH|513500.SH|515210.SH,1.202857366335037,0.910284859375849,tabu_neighbor,159901.SZ,512040.SH
rolling_tabu_search,2021,2022,75,159901.SZ|159920.SZ|159980.SZ|159981.SZ|161226.SZ|501018.SH|512800.SH|513030.SH|513100.SH|513180.SH|513500.SH|513880.SH|515210.SH,0.554823685789471,0.910284859375849,tabu_neighbor,160644.SZ,513880.SH
rolling_tabu_search,2021,2022,76,159901.SZ|159920.SZ|159980.SZ|159981.SZ|160644.SZ|501018.SH|512800.SH|513030.SH|513100.SH|513180.SH|513500.SH|515210.SH|518880.SH,0.851533077191339,0.910284859375849,tabu_neighbor,161226.SZ,518880.SH
rolling_tabu_search,2021,2022,77,159920.SZ|159980.SZ|159981.SZ|160644.SZ|161226.SZ|501018.SH|512040.SH|512980.SH|513030.SH|513100.SH|513180.SH|513500.SH|515210.SH,1.2525410786355005,0.910284859375849,tabu_neighbor,512800.SH,512980.SH
rolling_tabu_search,2021,2022,78,159920.SZ|159980.SZ|159981.SZ|160644.SZ|161226.SZ|501018.SH|512040.SH|512800.SH|513080.SH|513100.SH|513180.SH|513500.SH|515210.SH,0.9084942468476102,0.910284859375849,tabu_neighbor,513030.SH,513080.SH
rolling_tabu_search,2021,2022,79,159920.SZ|159980.SZ|159985.SZ|160644.SZ|161226.SZ|501018.SH|512040.SH|512800.SH|513030.SH|513100.SH|513180.SH|513500.SH|515210.SH,0.7902791136546098,0.910284859375849,tabu_neighbor,159981.SZ,159985.SZ
rolling_tabu_search,2021,2022,80,159920.SZ|159980.SZ|160644.SZ|161226.SZ|501018.SH|512040.SH|512800.SH|513030.SH|513100.SH|513180.SH|513500.SH|515210.SH|518880.SH,1.0025788707890233,0.910284859375849,tabu_neighbor,159981.SZ,518880.SH
rolling_tabu_search,2021,2022,81,159920.SZ|159980.SZ|159981.SZ|160644.SZ|161226.SZ|164824.SZ|501018.SH|512040.SH|512800.SH|513030.SH|513100.SH|513180.SH|515210.SH,1.0705727998534467,0.910284859375849,tabu_neighbor,513500.SH,164824.SZ
rolling_tabu_search,2021,2022,82,159920.SZ|159981.SZ|159985.SZ|160644.SZ|161226.SZ|501018.SH|512040.SH|512980.SH|513030.SH|513100.SH|513180.SH|513500.SH|515210.SH,0.800160144649658,0.910284859375849,tabu_neighbor,159980.SZ,159985.SZ
rolling_tabu_search,2021,2022,83,159920.SZ|159980.SZ|159981.SZ|160644.SZ|161226.SZ|164824.SZ|501018.SH|512040.SH|512980.SH|513030.SH|513180.SH|513500.SH|515210.SH,1.0514064643831538,0.910284859375849,tabu_neighbor,513100.SH,164824.SZ
rolling_tabu_search,2021,2022,84,159920.SZ|159980.SZ|159981.SZ|159985.SZ|160644.SZ|161226.SZ|512040.SH|512980.SH|513030.SH|513100.SH|513180.SH|513500.SH|515210.SH,0.643023488888401,0.910284859375849,tabu_neighbor,501018.SH,159985.SZ
rolling_tabu_search,2021,2022,85,159920.SZ|159980.SZ|160644.SZ|161226.SZ|501018.SH|512040.SH|512980.SH|513030.SH|513100.SH|513180.SH|513500.SH|515210.SH|518880.SH,0.9201332480977509,0.910284859375849,tabu_neighbor,159981.SZ,518880.SH
rolling_tabu_search,2021,2022,86,159920.SZ|159980.SZ|159981.SZ|160644.SZ|501018.SH|512040.SH|512980.SH|513030.SH|513100.SH|513180.SH|513500.SH|515210.SH|518880.SH,1.2331453844064661,0.910284859375849,tabu_neighbor,161226.SZ,518880.SH
rolling_tabu_search,2021,2022,87,159920.SZ|159980.SZ|159981.SZ|160644.SZ|501018.SH|512040.SH|512980.SH|513030.SH|513080.SH|513100.SH|513180.SH|515210.SH|518880.SH,0.9561367739283804,0.910284859375849,tabu_neighbor,513500.SH,513080.SH
rolling_tabu_search,2021,2022,88,159920.SZ|159980.SZ|159981.SZ|501018.SH|512040.SH|512980.SH|513030.SH|513100.SH|513180.SH|513500.SH|513880.SH|515210.SH|518880.SH,0.9944645147161133,0.910284859375849,tabu_neighbor,160644.SZ,513880.SH
rolling_tabu_search,2021,2022,89,159920.SZ|159981.SZ|160644.SZ|161226.SZ|501018.SH|512040.SH|512980.SH|513030.SH|513100.SH|513180.SH|513500.SH|515210.SH|518880.SH,1.1129382730388704,0.910284859375849,tabu_neighbor,159980.SZ,161226.SZ
rolling_tabu_search,2021,2022,90,159920.SZ|159981.SZ|159985.SZ|160644.SZ|501018.SH|512040.SH|512980.SH|513030.SH|513100.SH|513180.SH|513500.SH|515210.SH|518880.SH,0.7176047930106844,0.910284859375849,tabu_neighbor,159980.SZ,159985.SZ
rolling_tabu_search,2021,2022,91,159920.SZ|159980.SZ|159981.SZ|160644.SZ|501018.SH|512040.SH|512800.SH|512980.SH|513030.SH|513100.SH|513180.SH|513500.SH|518880.SH,0.7484164810741537,0.910284859375849,tabu_neighbor,515210.SH,512800.SH
rolling_tabu_search,2021,2022,92,159920.SZ|159981.SZ|159985.SZ|160644.SZ|161226.SZ|512040.SH|512980.SH|513030.SH|513100.SH|513180.SH|513500.SH|515210.SH|518880.SH,0.11829949467522552,0.910284859375849,tabu_neighbor,501018.SH,159985.SZ
rolling_tabu_search,2021,2022,93,159920.SZ|159981.SZ|160644.SZ|161226.SZ|164824.SZ|501018.SH|512040.SH|512980.SH|513030.SH|513180.SH|513500.SH|515210.SH|518880.SH,1.0236672446757453,0.910284859375849,tabu_neighbor,513100.SH,164824.SZ
rolling_tabu_search,2021,2022,94,159920.SZ|159981.SZ|160644.SZ|161226.SZ|501018.SH|512040.SH|512980.SH|513030.SH|513080.SH|513100.SH|513180.SH|515210.SH|518880.SH,0.8171348935200078,0.910284859375849,tabu_neighbor,513500.SH,513080.SH
rolling_tabu_search,2021,2022,95,159920.SZ|159981.SZ|161226.SZ|164824.SZ|501018.SH|512040.SH|512980.SH|513030.SH|513100.SH|513180.SH|513500.SH|515210.SH|518880.SH,0.9808755205033196,0.910284859375849,tabu_neighbor,160644.SZ,164824.SZ
rolling_tabu_search,2021,2022,96,159920.SZ|159981.SZ|160644.SZ|161226.SZ|501018.SH|512040.SH|512980.SH|513030.SH|513180.SH|513500.SH|513880.SH|515210.SH|518880.SH,0.8266843354009222,0.910284859375849,tabu_neighbor,513100.SH,513880.SH
rolling_tabu_search,2021,2022,97,159920.SZ|159981.SZ|160644.SZ|161226.SZ|164824.SZ|501018.SH|510300.SH|512040.SH|513030.SH|513180.SH|513500.SH|515210.SH|518880.SH,0.8228298406786918,0.910284859375849,tabu_neighbor,512980.SH,510300.SH
rolling_tabu_search,2021,2022,98,159920.SZ|159981.SZ|160644.SZ|161226.SZ|164824.SZ|501018.SH|510500.SH|512980.SH|513030.SH|513180.SH|513500.SH|515210.SH|518880.SH,0.6525522770748208,0.910284859375849,tabu_neighbor,512040.SH,510500.SH
rolling_tabu_search,2021,2022,99,159920.SZ|159980.SZ|160644.SZ|161226.SZ|164824.SZ|501018.SH|512040.SH|512980.SH|513030.SH|513180.SH|513500.SH|515210.SH|518880.SH,0.6359474156634273,0.910284859375849,tabu_neighbor,159981.SZ,159980.SZ
rolling_tabu_search,2021,2022,100,159920.SZ|159949.SZ|159981.SZ|160644.SZ|161226.SZ|164824.SZ|501018.SH|512980.SH|513030.SH|513180.SH|513500.SH|515210.SH|518880.SH,0.719546491219378,0.910284859375849,tabu_neighbor,512040.SH,159949.SZ
rolling_tabu_search,2022,2023,1,159920.SZ|159981.SZ|159985.SZ|160644.SZ|161226.SZ|164824.SZ|512200.SH|512890.SH|513030.SH|513070.SH|513500.SH|518880.SH|562500.SH,0.08218571041496037,0.9184217642745492,initial,,
rolling_tabu_search,2022,2023,2,159920.SZ|159981.SZ|159985.SZ|160644.SZ|161226.SZ|164824.SZ|512200.SH|512890.SH|513070.SH|513080.SH|513500.SH|518880.SH|562500.SH,0.11143140065137867,0.9184217642745492,tabu_neighbor,513030.SH,513080.SH
rolling_tabu_search,2022,2023,3,159920.SZ|159981.SZ|159985.SZ|160644.SZ|161226.SZ|164824.SZ|512200.SH|512890.SH|513030.SH|513070.SH|513500.SH|515880.SH|518880.SH,-0.10066449164994469,0.9184217642745492,tabu_neighbor,562500.SH,515880.SH
rolling_tabu_search,2022,2023,4,159920.SZ|159981.SZ|159985.SZ|160644.SZ|161226.SZ|164824.SZ|512170.SH|512890.SH|513030.SH|513070.SH|513500.SH|518880.SH|562500.SH,0.24361777130196774,0.9184217642745492,tabu_neighbor,512200.SH,512170.SH
rolling_tabu_search,2022,2023,5,159920.SZ|159981.SZ|159985.SZ|160644.SZ|161226.SZ|164824.SZ|510050.SH|512890.SH|513030.SH|513070.SH|513500.SH|518880.SH|562500.SH,0.08867332711216465,0.9184217642745492,tabu_neighbor,512200.SH,510050.SH
rolling_tabu_search,2022,2023,6,159920.SZ|159980.SZ|159981.SZ|159985.SZ|160644.SZ|161226.SZ|164824.SZ|512200.SH|512890.SH|513030.SH|513070.SH|513500.SH|562500.SH,-0.1612745872964676,0.9184217642745492,tabu_neighbor,518880.SH,159980.SZ
rolling_tabu_search,2022,2023,7,159825.SZ|159920.SZ|159981.SZ|159985.SZ|160644.SZ|161226.SZ|164824.SZ|512170.SH|512890.SH|513030.SH|513070.SH|513500.SH|518880.SH,-0.14283037833380446,0.9184217642745492,tabu_neighbor,562500.SH,159825.SZ
rolling_tabu_search,2022,2023,8,159920.SZ|159981.SZ|159985.SZ|160644.SZ|161226.SZ|164824.SZ|510210.SH|512890.SH|513030.SH|513070.SH|513500.SH|518880.SH|562500.SH,-0.049398553860448155,0.9184217642745492,tabu_neighbor,512170.SH,510210.SH
rolling_tabu_search,2022,2023,9,159920.SZ|159985.SZ|160644.SZ|161226.SZ|164824.SZ|501018.SH|512170.SH|512890.SH|513030.SH|513070.SH|513500.SH|518880.SH|562500.SH,0.3339276061074521,0.9184217642745492,tabu_neighbor,159981.SZ,501018.SH
rolling_tabu_search,2022,2023,10,159920.SZ|159981.SZ|160644.SZ|161226.SZ|164824.SZ|501018.SH|512170.SH|512890.SH|513030.SH|513070.SH|513500.SH|518880.SH|562500.SH,-0.07593749750006844,0.9184217642745492,tabu_neighbor,159985.SZ,501018.SH
rolling_tabu_search,2022,2023,11,159869.SZ|159920.SZ|159981.SZ|159985.SZ|160644.SZ|161226.SZ|164824.SZ|512170.SH|512890.SH|513030.SH|513070.SH|513500.SH|518880.SH,-0.1121557839666792,0.9184217642745492,tabu_neighbor,562500.SH,159869.SZ
rolling_tabu_search,2022,2023,12,159796.SZ|159920.SZ|159985.SZ|160644.SZ|161226.SZ|164824.SZ|501018.SH|512170.SH|512890.SH|513030.SH|513070.SH|513500.SH|518880.SH,0.4215021721679329,0.9184217642745492,tabu_neighbor,562500.SH,159796.SZ
rolling_tabu_search,2022,2023,13,159920.SZ|159985.SZ|160644.SZ|161226.SZ|164824.SZ|501018.SH|512170.SH|512890.SH|513030.SH|513070.SH|513100.SH|518880.SH|562500.SH,0.37980755414077544,0.9184217642745492,tabu_neighbor,513500.SH,513100.SH
rolling_tabu_search,2022,2023,14,159920.SZ|159985.SZ|161226.SZ|164824.SZ|501018.SH|512170.SH|512890.SH|513030.SH|513070.SH|513500.SH|513880.SH|518880.SH|562500.SH,0.27200138477072844,0.9184217642745492,tabu_neighbor,160644.SZ,513880.SH
rolling_tabu_search,2022,2023,15,159920.SZ|159985.SZ|160644.SZ|161226.SZ|164824.SZ|501018.SH|512100.SH|512170.SH|512890.SH|513030.SH|513070.SH|513500.SH|518880.SH,0.06249094984905384,0.9184217642745492,tabu_neighbor,562500.SH,512100.SH
rolling_tabu_search,2022,2023,16,159920.SZ|159928.SZ|159985.SZ|160644.SZ|161226.SZ|164824.SZ|501018.SH|512170.SH|513030.SH|513070.SH|513500.SH|518880.SH|562500.SH,0.4534820996514053,0.9184217642745492,tabu_neighbor,512890.SH,159928.SZ
rolling_tabu_search,2022,2023,17,159920.SZ|159985.SZ|160644.SZ|161226.SZ|164824.SZ|501018.SH|510880.SH|512170.SH|513030.SH|513070.SH|513500.SH|518880.SH|562500.SH,0.2177493102525199,0.9184217642745492,tabu_neighbor,159928.SZ,510880.SH
rolling_tabu_search,2022,2023,18,159920.SZ|159928.SZ|159985.SZ|160644.SZ|161226.SZ|164824.SZ|501018.SH|512170.SH|513070.SH|513500.SH|513880.SH|518880.SH|562500.SH,0.464423110698374,0.9184217642745492,tabu_neighbor,513030.SH,513880.SH
rolling_tabu_search,2022,2023,19,159920.SZ|159928.SZ|159985.SZ|161226.SZ|164824.SZ|501018.SH|512170.SH|513030.SH|513070.SH|513500.SH|513880.SH|518880.SH|562500.SH,0.29550499500345645,0.9184217642745492,tabu_neighbor,160644.SZ,513880.SH
rolling_tabu_search,2022,2023,20,159920.SZ|159928.SZ|159980.SZ|159985.SZ|160644.SZ|164824.SZ|501018.SH|512170.SH|513030.SH|513070.SH|513500.SH|518880.SH|562500.SH,0.4779073152418615,0.9184217642745492,tabu_neighbor,161226.SZ,159980.SZ
rolling_tabu_search,2022,2023,21,159920.SZ|159928.SZ|159980.SZ|160644.SZ|161226.SZ|164824.SZ|501018.SH|512170.SH|513030.SH|513070.SH|513500.SH|518880.SH|562500.SH,0.007990176461319894,0.9184217642745492,tabu_neighbor,159985.SZ,159980.SZ
rolling_tabu_search,2022,2023,22,159920.SZ|159928.SZ|159980.SZ|159985.SZ|160644.SZ|164824.SZ|501018.SH|512170.SH|513030.SH|513070.SH|513100.SH|518880.SH|562500.SH,0.6090564269988076,0.9184217642745492,tabu_neighbor,513500.SH,513100.SH
rolling_tabu_search,2022,2023,23,159920.SZ|159928.SZ|159980.SZ|159985.SZ|164824.SZ|501018.SH|512170.SH|513030.SH|513070.SH|513500.SH|513880.SH|518880.SH|562500.SH,0.34236036787718144,0.9184217642745492,tabu_neighbor,160644.SZ,513880.SH
rolling_tabu_search,2022,2023,24,159920.SZ|159928.SZ|159981.SZ|159985.SZ|160644.SZ|164824.SZ|501018.SH|512170.SH|513030.SH|513070.SH|513500.SH|518880.SH|562500.SH,0.5437710059408077,0.9184217642745492,tabu_neighbor,159980.SZ,159981.SZ
rolling_tabu_search,2022,2023,25,159920.SZ|159928.SZ|159980.SZ|159981.SZ|160644.SZ|164824.SZ|501018.SH|512170.SH|513030.SH|513070.SH|513500.SH|518880.SH|562500.SH,0.11552926714062044,0.9184217642745492,tabu_neighbor,159985.SZ,159981.SZ
rolling_tabu_search,2022,2023,26,159920.SZ|159928.SZ|159980.SZ|159985.SZ|160644.SZ|164824.SZ|501018.SH|512170.SH|513070.SH|513500.SH|513880.SH|518880.SH|562500.SH,0.7094658108898589,0.9184217642745492,tabu_neighbor,513030.SH,513880.SH
rolling_tabu_search,2022,2023,27,159920.SZ|159928.SZ|159980.SZ|159985.SZ|160644.SZ|501018.SH|512170.SH|513030.SH|513070.SH|513500.SH|513880.SH|518880.SH|562500.SH,0.6018351679913202,0.9184217642745492,tabu_neighbor,164824.SZ,513030.SH
rolling_tabu_search,2022,2023,28,159920.SZ|159928.SZ|159980.SZ|159985.SZ|160644.SZ|164824.SZ|501018.SH|512170.SH|513030.SH|513070.SH|513880.SH|518880.SH|562500.SH,0.5528061138630522,0.9184217642745492,tabu_neighbor,513500.SH,513030.SH
rolling_tabu_search,2022,2023,29,159920.SZ|159928.SZ|159980.SZ|159985.SZ|160644.SZ|164824.SZ|501018.SH|512170.SH|513070.SH|513500.SH|513880.SH|516150.SH|518880.SH,0.43230683998344277,0.9184217642745492,tabu_neighbor,562500.SH,516150.SH
rolling_tabu_search,2022,2023,30,159920.SZ|159928.SZ|159980.SZ|160644.SZ|161226.SZ|164824.SZ|501018.SH|512170.SH|513070.SH|513500.SH|513880.SH|518880.SH|562500.SH,0.12074736701323088,0.9184217642745492,tabu_neighbor,159985.SZ,161226.SZ
rolling_tabu_search,2022,2023,31,159920.SZ|159980.SZ|159985.SZ|160644.SZ|164824.SZ|501018.SH|512170.SH|513070.SH|513500.SH|513880.SH|515790.SH|518880.SH|562500.SH,0.9255795460204649,0.9184217642745492,tabu_neighbor,159928.SZ,515790.SH
rolling_tabu_search,2022,2023,32,159920.SZ|159980.SZ|159985.SZ|160644.SZ|161226.SZ|164824.SZ|501018.SH|512170.SH|513070.SH|513500.SH|513880.SH|515790.SH|562500.SH,0.34553321893385824,0.9184217642745492,tabu_neighbor,518880.SH,161226.SZ
rolling_tabu_search,2022,2023,33,159920.SZ|159980.SZ|159985.SZ|160644.SZ|164824.SZ|501018.SH|512170.SH|512800.SH|513070.SH|513500.SH|513880.SH|518880.SH|562500.SH,0.42062395924893886,0.9184217642745492,tabu_neighbor,515790.SH,512800.SH
rolling_tabu_search,2022,2023,34,159920.SZ|159980.SZ|159985.SZ|160644.SZ|501018.SH|512170.SH|513070.SH|513080.SH|513500.SH|513880.SH|515790.SH|518880.SH|562500.SH,0.5185118468584191,0.9184217642745492,tabu_neighbor,164824.SZ,513080.SH
rolling_tabu_search,2022,2023,35,159920.SZ|159980.SZ|159981.SZ|159985.SZ|160644.SZ|164824.SZ|501018.SH|512170.SH|513070.SH|513500.SH|513880.SH|515790.SH|562500.SH,0.7782310229103985,0.9184217642745492,tabu_neighbor,518880.SH,159981.SZ
rolling_tabu_search,2022,2023,36,159920.SZ|159980.SZ|159985.SZ|160644.SZ|164824.SZ|501018.SH|510210.SH|512170.SH|513070.SH|513500.SH|513880.SH|515790.SH|518880.SH,0.8310785484546678,0.9184217642745492,tabu_neighbor,562500.SH,510210.SH
rolling_tabu_search,2022,2023,37,159920.SZ|159980.SZ|159985.SZ|160644.SZ|501018.SH|510210.SH|512170.SH|513070.SH|513080.SH|513500.SH|513880.SH|515790.SH|518880.SH,0.36521523069288386,0.9184217642745492,tabu_neighbor,164824.SZ,513080.SH
rolling_tabu_search,2022,2023,38,159920.SZ|159980.SZ|159985.SZ|164824.SZ|501018.SH|510210.SH|512170.SH|513030.SH|513070.SH|513500.SH|513880.SH|515790.SH|518880.SH,0.45093476050370895,0.9184217642745492,tabu_neighbor,160644.SZ,513030.SH
rolling_tabu_search,2022,2023,39,159920.SZ|159980.SZ|159981.SZ|159985.SZ|160644.SZ|164824.SZ|501018.SH|510210.SH|512170.SH|513070.SH|513500.SH|513880.SH|515790.SH,0.6520131452173691,0.9184217642745492,tabu_neighbor,518880.SH,159981.SZ
rolling_tabu_search,2022,2023,40,159920.SZ|159980.SZ|159985.SZ|160644.SZ|164824.SZ|501018.SH|510210.SH|512170.SH|513070.SH|513080.SH|513500.SH|515790.SH|518880.SH,0.6454341260237835,0.9184217642745492,tabu_neighbor,513880.SH,513080.SH
rolling_tabu_search,2022,2023,41,159920.SZ|159980.SZ|159985.SZ|160644.SZ|164824.SZ|501018.SH|510210.SH|512170.SH|513070.SH|513100.SH|513880.SH|515790.SH|518880.SH,0.7229048289481186,0.9184217642745492,tabu_neighbor,513500.SH,513100.SH
rolling_tabu_search,2022,2023,42,159865.SZ|159920.SZ|159980.SZ|159985.SZ|160644.SZ|164824.SZ|501018.SH|510210.SH|513070.SH|513100.SH|513880.SH|515790.SH|518880.SH,0.4697905539787198,0.9184217642745492,tabu_neighbor,512170.SH,159865.SZ
rolling_tabu_search,2022,2023,43,159920.SZ|159980.SZ|159985.SZ|160644.SZ|161226.SZ|164824.SZ|501018.SH|510210.SH|512170.SH|513070.SH|513100.SH|513880.SH|515790.SH,0.17247718548250862,0.9184217642745492,tabu_neighbor,518880.SH,161226.SZ
rolling_tabu_search,2022,2023,44,159869.SZ|159920.SZ|159980.SZ|159985.SZ|160644.SZ|164824.SZ|501018.SH|512170.SH|513070.SH|513100.SH|513880.SH|515790.SH|518880.SH,0.710929933379012,0.9184217642745492,tabu_neighbor,510210.SH,159869.SZ
rolling_tabu_search,2022,2023,45,159920.SZ|159980.SZ|159985.SZ|160644.SZ|501018.SH|510210.SH|512170.SH|513030.SH|513070.SH|513100.SH|513880.SH|515790.SH|518880.SH,0.552421627675402,0.9184217642745492,tabu_neighbor,164824.SZ,513030.SH
rolling_tabu_search,2022,2023,46,159920.SZ|159980.SZ|159981.SZ|160644.SZ|164824.SZ|501018.SH|510210.SH|512170.SH|513070.SH|513100.SH|513880.SH|515790.SH|518880.SH,0.32067246534323135,0.9184217642745492,tabu_neighbor,159985.SZ,159981.SZ
rolling_tabu_search,2022,2023,47,159869.SZ|159920.SZ|159980.SZ|159985.SZ|160644.SZ|164824.SZ|501018.SH|512170.SH|513070.SH|513080.SH|513100.SH|515790.SH|518880.SH,0.6562622959341978,0.9184217642745492,tabu_neighbor,513880.SH,513080.SH
rolling_tabu_search,2022,2023,48,159869.SZ|159920.SZ|159980.SZ|159981.SZ|159985.SZ|160644.SZ|164824.SZ|501018.SH|512170.SH|513070.SH|513100.SH|513880.SH|515790.SH,0.4035495555483348,0.9184217642745492,tabu_neighbor,518880.SH,159981.SZ
rolling_tabu_search,2022,2023,49,159869.SZ|159920.SZ|159980.SZ|159981.SZ|160644.SZ|164824.SZ|501018.SH|512170.SH|513070.SH|513100.SH|513880.SH|515790.SH|518880.SH,0.12701399048087036,0.9184217642745492,tabu_neighbor,159985.SZ,159981.SZ
rolling_tabu_search,2022,2023,50,159851.SZ|159920.SZ|159980.SZ|159985.SZ|160644.SZ|164824.SZ|501018.SH|512170.SH|513070.SH|513100.SH|513880.SH|515790.SH|518880.SH,0.6461777020326085,0.9184217642745492,tabu_neighbor,159869.SZ,159851.SZ
rolling_tabu_search,2022,2023,51,159851.SZ|159869.SZ|159920.SZ|159980.SZ|159985.SZ|160644.SZ|164824.SZ|501018.SH|513070.SH|513100.SH|513880.SH|515790.SH|518880.SH,0.5529429695282214,0.9184217642745492,tabu_neighbor,512170.SH,159851.SZ
rolling_tabu_search,2022,2023,52,159796.SZ|159869.SZ|159920.SZ|159980.SZ|159985.SZ|160644.SZ|164824.SZ|501018.SH|513070.SH|513080.SH|513100.SH|515790.SH|518880.SH,0.6575952724166367,0.9184217642745492,tabu_neighbor,512170.SH,159796.SZ
rolling_tabu_search,2022,2023,53,159869.SZ|159920.SZ|159980.SZ|159985.SZ|160644.SZ|164824.SZ|501018.SH|512170.SH|513070.SH|513080.SH|513880.SH|515790.SH|518880.SH,0.45265853104059234,0.9184217642745492,tabu_neighbor,513100.SH,513880.SH
rolling_tabu_search,2022,2023,54,159869.SZ|159920.SZ|159980.SZ|159985.SZ|164824.SZ|501018.SH|512170.SH|513070.SH|513080.SH|513100.SH|513880.SH|515790.SH|518880.SH,0.42052919561780255,0.9184217642745492,tabu_neighbor,160644.SZ,513880.SH
rolling_tabu_search,2022,2023,55,159869.SZ|159920.SZ|159980.SZ|159985.SZ|160644.SZ|161226.SZ|164824.SZ|501018.SH|512170.SH|513070.SH|513080.SH|513100.SH|515790.SH,0.3287523415796704,0.9184217642745492,tabu_neighbor,518880.SH,161226.SZ
rolling_tabu_search,2022,2023,56,159865.SZ|159920.SZ|159980.SZ|159985.SZ|160644.SZ|164824.SZ|501018.SH|512170.SH|513070.SH|513080.SH|513100.SH|515790.SH|518880.SH,0.30074418590107826,0.9184217642745492,tabu_neighbor,159869.SZ,159865.SZ
rolling_tabu_search,2022,2023,57,159796.SZ|159869.SZ|159920.SZ|159980.SZ|159985.SZ|160644.SZ|164824.SZ|501018.SH|510880.SH|513070.SH|513080.SH|513100.SH|518880.SH,0.24077429276351414,0.9184217642745492,tabu_neighbor,515790.SH,510880.SH
rolling_tabu_search,2022,2023,58,159796.SZ|159869.SZ|159920.SZ|159980.SZ|159985.SZ|160644.SZ|161226.SZ|164824.SZ|513070.SH|513080.SH|513100.SH|515790.SH|518880.SH,0.3404262107134525,0.9184217642745492,tabu_neighbor,501018.SH,161226.SZ
rolling_tabu_search,2022,2023,59,159869.SZ|159920.SZ|159980.SZ|159985.SZ|160644.SZ|164824.SZ|501018.SH|510210.SH|513070.SH|513080.SH|513100.SH|515790.SH|518880.SH,0.49291900063814015,0.9184217642745492,tabu_neighbor,159796.SZ,510210.SH
rolling_tabu_search,2022,2023,60,159796.SZ|159852.SZ|159869.SZ|159920.SZ|159980.SZ|159985.SZ|160644.SZ|164824.SZ|501018.SH|513070.SH|513080.SH|513100.SH|518880.SH,0.7790158307502905,0.9184217642745492,tabu_neighbor,515790.SH,159852.SZ
rolling_tabu_search,2022,2023,61,159796.SZ|159869.SZ|159920.SZ|159980.SZ|159985.SZ|160644.SZ|161226.SZ|164824.SZ|501018.SH|513070.SH|513080.SH|513100.SH|515790.SH,0.28406787961013447,0.9184217642745492,tabu_neighbor,518880.SH,161226.SZ
rolling_tabu_search,2022,2023,62,159796.SZ|159852.SZ|159920.SZ|159980.SZ|159985.SZ|160644.SZ|164824.SZ|501018.SH|512040.SH|513070.SH|513080.SH|513100.SH|518880.SH,0.6018548197553858,0.9184217642745492,tabu_neighbor,159869.SZ,512040.SH
rolling_tabu_search,2022,2023,63,159796.SZ|159869.SZ|159920.SZ|159980.SZ|159985.SZ|160644.SZ|164824.SZ|501018.SH|513070.SH|513080.SH|513100.SH|516150.SH|518880.SH,0.5162579652032,0.9184217642745492,tabu_neighbor,159852.SZ,516150.SH
rolling_tabu_search,2022,2023,64,159796.SZ|159852.SZ|159869.SZ|159920.SZ|159980.SZ|159985.SZ|160644.SZ|501018.SH|513070.SH|513080.SH|513100.SH|513880.SH|518880.SH,0.4852724551044984,0.9184217642745492,tabu_neighbor,164824.SZ,513880.SH
rolling_tabu_search,2022,2023,65,159796.SZ|159851.SZ|159852.SZ|159920.SZ|159980.SZ|159985.SZ|160644.SZ|164824.SZ|501018.SH|513070.SH|513080.SH|513100.SH|518880.SH,0.9410897012590178,0.9184217642745492,tabu_neighbor,159869.SZ,159851.SZ
rolling_tabu_search,2022,2023,66,159796.SZ|159852.SZ|159869.SZ|159920.SZ|159980.SZ|159981.SZ|159985.SZ|160644.SZ|164824.SZ|501018.SH|513070.SH|513080.SH|513100.SH,0.8933702787163633,0.9184217642745492,tabu_neighbor,518880.SH,159981.SZ
rolling_tabu_search,2022,2023,67,159796.SZ|159851.SZ|159852.SZ|159920.SZ|159981.SZ|159985.SZ|160644.SZ|164824.SZ|501018.SH|513070.SH|513080.SH|513100.SH|518880.SH,0.7725596459898105,0.9184217642745492,tabu_neighbor,159980.SZ,159981.SZ
rolling_tabu_search,2022,2023,68,159796.SZ|159851.SZ|159852.SZ|159920.SZ|159980.SZ|159981.SZ|160644.SZ|164824.SZ|501018.SH|513070.SH|513080.SH|513100.SH|518880.SH,0.7142935316028213,0.9184217642745492,tabu_neighbor,159985.SZ,159981.SZ
rolling_tabu_search,2022,2023,69,159796.SZ|159852.SZ|159920.SZ|159980.SZ|159985.SZ|160644.SZ|164824.SZ|501018.SH|512980.SH|513070.SH|513080.SH|513100.SH|518880.SH,0.8532921014002913,0.9184217642745492,tabu_neighbor,159851.SZ,512980.SH
rolling_tabu_search,2022,2023,70,159796.SZ|159851.SZ|159852.SZ|159920.SZ|159980.SZ|159985.SZ|164824.SZ|501018.SH|513070.SH|513080.SH|513100.SH|513880.SH|518880.SH,0.6844879993470163,0.9184217642745492,tabu_neighbor,160644.SZ,513880.SH
rolling_tabu_search,2022,2023,71,159851.SZ|159852.SZ|159920.SZ|159980.SZ|159985.SZ|160644.SZ|164824.SZ|501018.SH|510210.SH|513070.SH|513080.SH|513100.SH|518880.SH,0.6359420476158887,0.9184217642745492,tabu_neighbor,159796.SZ,510210.SH
rolling_tabu_search,2022,2023,72,159796.SZ|159852.SZ|159920.SZ|159980.SZ|159985.SZ|160644.SZ|164824.SZ|501018.SH|510300.SH|513070.SH|513080.SH|513100.SH|518880.SH,1.010551690246001,0.9184217642745492,tabu_neighbor,512980.SH,510300.SH
rolling_tabu_search,2022,2023,73,159796.SZ|159920.SZ|159980.SZ|159985.SZ|160644.SZ|164824.SZ|501018.SH|512980.SH|513070.SH|513080.SH|513100.SH|518880.SH|562500.SH,0.8559029341443833,0.9184217642745492,tabu_neighbor,159852.SZ,562500.SH
rolling_tabu_search,2022,2023,74,159796.SZ|159852.SZ|159920.SZ|159980.SZ|159985.SZ|160644.SZ|161226.SZ|164824.SZ|501018.SH|512980.SH|513070.SH|513080.SH|513100.SH,0.5421056152559928,0.9184217642745492,tabu_neighbor,518880.SH,161226.SZ
rolling_tabu_search,2022,2023,75,159796.SZ|159852.SZ|159920.SZ|159980.SZ|159985.SZ|160644.SZ|161226.SZ|164824.SZ|512980.SH|513070.SH|513080.SH|513100.SH|518880.SH,0.5205141621135483,0.9184217642745492,tabu_neighbor,501018.SH,161226.SZ
rolling_tabu_search,2022,2023,76,159796.SZ|159852.SZ|159920.SZ|159981.SZ|159985.SZ|160644.SZ|164824.SZ|501018.SH|512980.SH|513070.SH|513080.SH|513100.SH|518880.SH,0.8464540944482081,0.9184217642745492,tabu_neighbor,159980.SZ,159981.SZ
rolling_tabu_search,2022,2023,77,159796.SZ|159852.SZ|159920.SZ|159980.SZ|159981.SZ|160644.SZ|164824.SZ|501018.SH|510300.SH|513070.SH|513080.SH|513100.SH|518880.SH,0.7267330402545431,0.9184217642745492,tabu_neighbor,159985.SZ,159981.SZ
rolling_tabu_search,2022,2023,78,159796.SZ|159852.SZ|159920.SZ|159980.SZ|159981.SZ|159985.SZ|160644.SZ|164824.SZ|510300.SH|513070.SH|513080.SH|513100.SH|518880.SH,0.8270500669845152,0.9184217642745492,tabu_neighbor,501018.SH,159981.SZ
rolling_tabu_search,2022,2023,79,159796.SZ|159852.SZ|159920.SZ|159980.SZ|159985.SZ|160644.SZ|164824.SZ|501018.SH|510300.SH|513030.SH|513070.SH|513100.SH|518880.SH,0.9576256256626238,0.9184217642745492,tabu_neighbor,513080.SH,513030.SH
rolling_tabu_search,2022,2023,80,159796.SZ|159852.SZ|159920.SZ|159980.SZ|159985.SZ|160644.SZ|164824.SZ|501018.SH|512880.SH|513070.SH|513080.SH|513100.SH|518880.SH,0.7295545979657486,0.9184217642745492,tabu_neighbor,510300.SH,512880.SH
rolling_tabu_search,2022,2023,81,159796.SZ|159852.SZ|159920.SZ|159980.SZ|159985.SZ|160644.SZ|501018.SH|510300.SH|513070.SH|513080.SH|513100.SH|513880.SH|518880.SH,0.642663122954929,0.9184217642745492,tabu_neighbor,164824.SZ,513880.SH
rolling_tabu_search,2022,2023,82,159796.SZ|159852.SZ|159920.SZ|159980.SZ|159985.SZ|160644.SZ|164824.SZ|501018.SH|510300.SH|513070.SH|513100.SH|513880.SH|518880.SH,0.8963826764888281,0.9184217642745492,tabu_neighbor,513030.SH,513880.SH
rolling_tabu_search,2022,2023,83,159796.SZ|159852.SZ|159920.SZ|159980.SZ|159985.SZ|160644.SZ|164824.SZ|501018.SH|510300.SH|513030.SH|513070.SH|513880.SH|518880.SH,0.8358136475926347,0.9184217642745492,tabu_neighbor,513100.SH,513880.SH
rolling_tabu_search,2022,2023,84,159796.SZ|159852.SZ|159920.SZ|159949.SZ|159980.SZ|159985.SZ|160644.SZ|164824.SZ|501018.SH|513030.SH|513070.SH|513100.SH|518880.SH,0.9061009893913672,0.9184217642745492,tabu_neighbor,510300.SH,159949.SZ
rolling_tabu_search,2022,2023,85,159796.SZ|159852.SZ|159920.SZ|159980.SZ|159981.SZ|160644.SZ|164824.SZ|501018.SH|510300.SH|513030.SH|513070.SH|513100.SH|518880.SH,0.6957788454671757,0.9184217642745492,tabu_neighbor,159985.SZ,159981.SZ
rolling_tabu_search,2022,2023,86,159796.SZ|159852.SZ|159920.SZ|159980.SZ|159985.SZ|160644.SZ|501018.SH|510300.SH|513030.SH|513070.SH|513100.SH|513880.SH|518880.SH,0.6700601836369476,0.9184217642745492,tabu_neighbor,164824.SZ,513880.SH
rolling_tabu_search,2022,2023,87,159796.SZ|159852.SZ|159920.SZ|159949.SZ|159980.SZ|159985.SZ|164824.SZ|501018.SH|513030.SH|513070.SH|513100.SH|513880.SH|518880.SH,0.7071011074323489,0.9184217642745492,tabu_neighbor,160644.SZ,513880.SH
rolling_tabu_search,2022,2023,88,159852.SZ|159920.SZ|159949.SZ|159980.SZ|159985.SZ|160644.SZ|164824.SZ|501018.SH|513030.SH|513070.SH|513100.SH|515880.SH|518880.SH,0.4340931066720276,0.9184217642745492,tabu_neighbor,159796.SZ,515880.SH
rolling_tabu_search,2022,2023,89,159796.SZ|159852.SZ|159920.SZ|159949.SZ|159980.SZ|160644.SZ|161226.SZ|164824.SZ|501018.SH|513030.SH|513070.SH|513100.SH|518880.SH,0.24421977392883815,0.9184217642745492,tabu_neighbor,159985.SZ,161226.SZ
rolling_tabu_search,2022,2023,90,159796.SZ|159851.SZ|159852.SZ|159920.SZ|159980.SZ|159985.SZ|160644.SZ|164824.SZ|501018.SH|513030.SH|513070.SH|513100.SH|518880.SH,0.8823864669514526,0.9184217642745492,tabu_neighbor,159949.SZ,159851.SZ
rolling_tabu_search,2022,2023,91,159796.SZ|159852.SZ|159920.SZ|159949.SZ|159985.SZ|160644.SZ|161226.SZ|164824.SZ|501018.SH|513030.SH|513070.SH|513100.SH|518880.SH,0.8469588711756513,0.9184217642745492,tabu_neighbor,159980.SZ,161226.SZ
rolling_tabu_search,2022,2023,92,159796.SZ|159851.SZ|159852.SZ|159920.SZ|159980.SZ|159981.SZ|160644.SZ|164824.SZ|501018.SH|513030.SH|513070.SH|513100.SH|518880.SH,0.6655147851841717,0.9184217642745492,tabu_neighbor,159985.SZ,159981.SZ
rolling_tabu_search,2022,2023,93,159796.SZ|159852.SZ|159920.SZ|159980.SZ|159985.SZ|160644.SZ|164824.SZ|501018.SH|513030.SH|513070.SH|513100.SH|515210.SH|518880.SH,0.7688854561731644,0.9184217642745492,tabu_neighbor,159851.SZ,515210.SH
rolling_tabu_search,2022,2023,94,159796.SZ|159851.SZ|159852.SZ|159920.SZ|159980.SZ|159985.SZ|160644.SZ|501018.SH|513030.SH|513070.SH|513100.SH|513880.SH|518880.SH,0.6687688123298282,0.9184217642745492,tabu_neighbor,164824.SZ,513880.SH
rolling_tabu_search,2022,2023,95,159796.SZ|159851.SZ|159852.SZ|159920.SZ|159980.SZ|159985.SZ|160644.SZ|161226.SZ|164824.SZ|501018.SH|513030.SH|513070.SH|513100.SH,0.6228690509549574,0.9184217642745492,tabu_neighbor,518880.SH,161226.SZ
rolling_tabu_search,2022,2023,96,159796.SZ|159851.SZ|159920.SZ|159980.SZ|159985.SZ|160644.SZ|164824.SZ|501018.SH|513030.SH|513070.SH|513100.SH|515210.SH|518880.SH,0.6582943191165446,0.9184217642745492,tabu_neighbor,159852.SZ,515210.SH
rolling_tabu_search,2022,2023,97,159796.SZ|159852.SZ|159920.SZ|159985.SZ|160644.SZ|161226.SZ|164824.SZ|501018.SH|513030.SH|513070.SH|513100.SH|515210.SH|518880.SH,0.8971565902099027,0.9184217642745492,tabu_neighbor,159980.SZ,161226.SZ
rolling_tabu_search,2022,2023,98,159796.SZ|159852.SZ|159920.SZ|159980.SZ|159985.SZ|160644.SZ|164824.SZ|501018.SH|513030.SH|513070.SH|513880.SH|515210.SH|518880.SH,0.672965616892576,0.9184217642745492,tabu_neighbor,513100.SH,513880.SH
rolling_tabu_search,2022,2023,99,159796.SZ|159852.SZ|159920.SZ|159980.SZ|159981.SZ|159985.SZ|160644.SZ|164824.SZ|501018.SH|513030.SH|513070.SH|513100.SH|515210.SH,0.8482585946328274,0.9184217642745492,tabu_neighbor,518880.SH,159981.SZ
rolling_tabu_search,2022,2023,100,159796.SZ|159852.SZ|159920.SZ|159980.SZ|159985.SZ|160644.SZ|164824.SZ|501018.SH|513030.SH|513070.SH|513100.SH|515880.SH|518880.SH,0.5277205013025507,0.9184217642745492,tabu_neighbor,515210.SH,515880.SH
rolling_tabu_search,2023,2024,1,159611.SZ|159687.SZ|159920.SZ|159985.SZ|160644.SZ|161226.SZ|164824.SZ|501018.SH|510210.SH|512660.SH|513080.SH|513180.SH|518880.SH,-0.40046792526636266,0.9130217366562248,initial,,
rolling_tabu_search,2023,2024,2,159611.SZ|159687.SZ|159920.SZ|159980.SZ|160644.SZ|161226.SZ|164824.SZ|501018.SH|510210.SH|512660.SH|513080.SH|513180.SH|518880.SH,-0.9219832706557182,0.9130217366562248,tabu_neighbor,159985.SZ,159980.SZ
rolling_tabu_search,2023,2024,3,159611.SZ|159687.SZ|159920.SZ|159985.SZ|160644.SZ|161226.SZ|501018.SH|510210.SH|512660.SH|513080.SH|513180.SH|513310.SH|518880.SH,-0.22284279402290436,0.9130217366562248,tabu_neighbor,164824.SZ,513310.SH
rolling_tabu_search,2023,2024,4,159611.SZ|159687.SZ|159920.SZ|159985.SZ|160644.SZ|161226.SZ|164824.SZ|501018.SH|510210.SH|512660.SH|513180.SH|513880.SH|518880.SH,0.1704385334520283,0.9130217366562248,tabu_neighbor,513080.SH,513880.SH
rolling_tabu_search,2023,2024,5,159687.SZ|159920.SZ|159985.SZ|160644.SZ|161226.SZ|164824.SZ|501018.SH|510210.SH|512100.SH|512660.SH|513080.SH|513180.SH|518880.SH,-0.11266535696847957,0.9130217366562248,tabu_neighbor,159611.SZ,512100.SH
rolling_tabu_search,2023,2024,6,159611.SZ|159687.SZ|159920.SZ|159981.SZ|159985.SZ|160644.SZ|164824.SZ|501018.SH|510210.SH|512660.SH|513080.SH|513180.SH|518880.SH,0.4063712670683531,0.9130217366562248,tabu_neighbor,161226.SZ,159981.SZ
rolling_tabu_search,2023,2024,7,159611.SZ|159920.SZ|159981.SZ|159985.SZ|160644.SZ|164824.SZ|501018.SH|510210.SH|512660.SH|513080.SH|513100.SH|513180.SH|518880.SH,0.7193971814408325,0.9130217366562248,tabu_neighbor,159687.SZ,513100.SH
rolling_tabu_search,2023,2024,8,159611.SZ|159687.SZ|159920.SZ|159981.SZ|159985.SZ|160644.SZ|164824.SZ|501018.SH|510210.SH|512660.SH|513180.SH|513290.SH|518880.SH,0.13189031638515586,0.9130217366562248,tabu_neighbor,513080.SH,513290.SH
rolling_tabu_search,2023,2024,9,159611.SZ|159687.SZ|159920.SZ|159981.SZ|159985.SZ|160644.SZ|164824.SZ|501018.SH|510210.SH|512660.SH|513180.SH|513310.SH|518880.SH,0.6627839405382366,0.9130217366562248,tabu_neighbor,513080.SH,513310.SH
rolling_tabu_search,2023,2024,10,159611.SZ|159687.SZ|159920.SZ|159981.SZ|159985.SZ|160644.SZ|164824.SZ|501018.SH|510500.SH|512660.SH|513080.SH|513180.SH|518880.SH,0.6543017052582082,0.9130217366562248,tabu_neighbor,510210.SH,510500.SH
rolling_tabu_search,2023,2024,11,159611.SZ|159687.SZ|159920.SZ|159981.SZ|159985.SZ|160644.SZ|164824.SZ|501018.SH|510210.SH|512660.SH|513100.SH|513180.SH|518880.SH,0.8547248348968415,0.9130217366562248,tabu_neighbor,513080.SH,513100.SH
rolling_tabu_search,2023,2024,12,159611.SZ|159687.SZ|159920.SZ|159981.SZ|160644.SZ|161226.SZ|164824.SZ|501018.SH|510210.SH|512660.SH|513100.SH|513180.SH|518880.SH,-0.04711763167218046,0.9130217366562248,tabu_neighbor,159985.SZ,161226.SZ
rolling_tabu_search,2023,2024,13,159611.SZ|159687.SZ|159920.SZ|159981.SZ|159985.SZ|164824.SZ|501018.SH|510210.SH|512660.SH|513080.SH|513100.SH|513180.SH|518880.SH,0.6020531319667938,0.9130217366562248,tabu_neighbor,160644.SZ,513080.SH
rolling_tabu_search,2023,2024,14,159611.SZ|159687.SZ|159920.SZ|159981.SZ|159985.SZ|160644.SZ|164824.SZ|501018.SH|510210.SH|512100.SH|513100.SH|513180.SH|518880.SH,1.014448902702335,0.9130217366562248,tabu_neighbor,512660.SH,512100.SH
rolling_tabu_search,2023,2024,15,159611.SZ|159687.SZ|159920.SZ|159981.SZ|159985.SZ|160644.SZ|161226.SZ|164824.SZ|501018.SH|510210.SH|512660.SH|513100.SH|513180.SH,0.03748539895971663,0.9130217366562248,tabu_neighbor,518880.SH,161226.SZ
rolling_tabu_search,2023,2024,16,159611.SZ|159687.SZ|159920.SZ|159980.SZ|159981.SZ|160644.SZ|164824.SZ|501018.SH|510210.SH|512660.SH|513100.SH|513180.SH|518880.SH,0.24685563634579416,0.9130217366562248,tabu_neighbor,159985.SZ,159980.SZ
rolling_tabu_search,2023,2024,17,159687.SZ|159920.SZ|159981.SZ|159985.SZ|160644.SZ|164824.SZ|501018.SH|510210.SH|512100.SH|512170.SH|513100.SH|513180.SH|518880.SH,1.2505881265961274,0.9130217366562248,tabu_neighbor,159611.SZ,512170.SH
rolling_tabu_search,2023,2024,18,159611.SZ|159687.SZ|159920.SZ|159980.SZ|159981.SZ|160644.SZ|164824.SZ|501018.SH|510210.SH|512100.SH|513100.SH|513180.SH|518880.SH,0.3465867335870675,0.9130217366562248,tabu_neighbor,159985.SZ,159980.SZ
rolling_tabu_search,2023,2024,19,159611.SZ|159920.SZ|159981.SZ|159985.SZ|160644.SZ|164824.SZ|501018.SH|510210.SH|512100.SH|513100.SH|513180.SH|513880.SH|518880.SH,1.2334976646026334,0.9130217366562248,tabu_neighbor,159687.SZ,513880.SH
rolling_tabu_search,2023,2024,20,159687.SZ|159870.SZ|159920.SZ|159981.SZ|159985.SZ|160644.SZ|164824.SZ|501018.SH|510210.SH|512100.SH|513100.SH|513180.SH|518880.SH,1.2046794158568834,0.9130217366562248,tabu_neighbor,159611.SZ,159870.SZ
rolling_tabu_search,2023,2024,21,159611.SZ|159687.SZ|159920.SZ|159981.SZ|159985.SZ|160644.SZ|164824.SZ|501018.SH|510210.SH|512400.SH|513100.SH|513180.SH|518880.SH,0.7741372434690555,0.9130217366562248,tabu_neighbor,512100.SH,512400.SH
rolling_tabu_search,2023,2024,22,159687.SZ|159920.SZ|159981.SZ|159985.SZ|160644.SZ|164824.SZ|501018.SH|512100.SH|512170.SH|513100.SH|513180.SH|516150.SH|518880.SH,1.0093579205023273,0.9130217366562248,tabu_neighbor,510210.SH,516150.SH
rolling_tabu_search,2023,2024,23,159687.SZ|159920.SZ|159981.SZ|159985.SZ|160644.SZ|161226.SZ|164824.SZ|501018.SH|510210.SH|512100.SH|512170.SH|513100.SH|513180.SH,0.7590566589679794,0.9130217366562248,tabu_neighbor,518880.SH,161226.SZ
rolling_tabu_search,2023,2024,24,159687.SZ|159981.SZ|159985.SZ|160644.SZ|164824.SZ|501018.SH|510210.SH|512100.SH|512170.SH|513100.SH|513120.SH|513180.SH|518880.SH,1.514850279748251,0.7852707160763566,tabu_neighbor,159920.SZ,513120.SH
rolling_tabu_search,2023,2024,25,159687.SZ|159915.SZ|159920.SZ|159981.SZ|159985.SZ|160644.SZ|164824.SZ|501018.SH|510210.SH|512100.SH|513100.SH|513180.SH|518880.SH,1.167388364495015,0.9130217366562248,tabu_neighbor,512170.SH,159915.SZ
rolling_tabu_search,2023,2024,26,159920.SZ|159981.SZ|159985.SZ|160644.SZ|164824.SZ|501018.SH|510210.SH|512100.SH|512170.SH|513080.SH|513100.SH|513180.SH|518880.SH,1.362956251077509,0.9130217366562248,tabu_neighbor,159687.SZ,513080.SH
rolling_tabu_search,2023,2024,27,159687.SZ|159967.SZ|159981.SZ|159985.SZ|160644.SZ|164824.SZ|501018.SH|512100.SH|512170.SH|513100.SH|513120.SH|513180.SH|518880.SH,1.0969566310514065,0.754488679981925,tabu_neighbor,510210.SH,159967.SZ
rolling_tabu_search,2023,2024,28,159687.SZ|159980.SZ|159981.SZ|159985.SZ|160644.SZ|164824.SZ|510210.SH|512100.SH|512170.SH|513100.SH|513120.SH|513180.SH|518880.SH,1.4141079091562372,0.7852707160763566,tabu_neighbor,501018.SH,159980.SZ
rolling_tabu_search,2023,2024,29,159687.SZ|159981.SZ|159985.SZ|160644.SZ|501018.SH|510210.SH|512100.SH|512170.SH|513100.SH|513120.SH|513180.SH|513290.SH|518880.SH,1.1031396668611386,0.7852707160763566,tabu_neighbor,164824.SZ,513290.SH
rolling_tabu_search,2023,2024,30,159687.SZ|159981.SZ|159985.SZ|160644.SZ|164824.SZ|501018.SH|512100.SH|512170.SH|513100.SH|513120.SH|513180.SH|518880.SH|588200.SH,1.736008746848204,0.6625820432688057,tabu_neighbor,510210.SH,588200.SH
rolling_tabu_search,2023,2024,31,159687.SZ|159980.SZ|159981.SZ|159985.SZ|160644.SZ|164824.SZ|501018.SH|510210.SH|512100.SH|512170.SH|513100.SH|513120.SH|513180.SH,1.58060463761028,0.7852707160763566,tabu_neighbor,518880.SH,159980.SZ
rolling_tabu_search,2023,2024,32,159687.SZ|159981.SZ|159985.SZ|160644.SZ|501018.SH|512100.SH|512170.SH|513080.SH|513100.SH|513120.SH|513180.SH|518880.SH|588200.SH,1.2818764785823917,0.6625820432688057,tabu_neighbor,164824.SZ,513080.SH
rolling_tabu_search,2023,2024,33,159687.SZ|159981.SZ|159985.SZ|160644.SZ|164824.SZ|501018.SH|512100.SH|512200.SH|513100.SH|513120.SH|513180.SH|518880.SH|588200.SH,1.4460093294857088,0.6625820432688057,tabu_neighbor,512170.SH,512200.SH
rolling_tabu_search,2023,2024,34,159687.SZ|159980.SZ|159981.SZ|160644.SZ|164824.SZ|501018.SH|512100.SH|512170.SH|513100.SH|513120.SH|513180.SH|518880.SH|588200.SH,1.3109908049870478,0.6625820432688057,tabu_neighbor,159985.SZ,159980.SZ
rolling_tabu_search,2023,2024,35,159687.SZ|159980.SZ|159981.SZ|159985.SZ|160644.SZ|164824.SZ|501018.SH|512100.SH|512170.SH|513100.SH|513120.SH|513180.SH|588200.SH,1.439214464388284,0.6625820432688057,tabu_neighbor,518880.SH,159980.SZ
rolling_tabu_search,2023,2024,36,159687.SZ|159981.SZ|159985.SZ|160644.SZ|164824.SZ|501018.SH|512040.SH|512170.SH|513100.SH|513120.SH|513180.SH|518880.SH|588200.SH,1.1289076660066153,0.6464045202816908,tabu_neighbor,512100.SH,512040.SH
rolling_tabu_search,2023,2024,37,159687.SZ|159980.SZ|159981.SZ|159985.SZ|160644.SZ|164824.SZ|501018.SH|512100.SH|512200.SH|513100.SH|513120.SH|513180.SH|588200.SH,1.3008421306675484,0.6625820432688057,tabu_neighbor,518880.SH,159980.SZ
rolling_tabu_search,2023,2024,38,159687.SZ|159981.SZ|160644.SZ|161226.SZ|164824.SZ|501018.SH|512100.SH|512200.SH|513100.SH|513120.SH|513180.SH|518880.SH|588200.SH,0.5614093771474414,0.6625820432688057,tabu_neighbor,159985.SZ,161226.SZ
rolling_tabu_search,2023,2024,39,159981.SZ|159985.SZ|160644.SZ|164824.SZ|501018.SH|512100.SH|512200.SH|513100.SH|513120.SH|513180.SH|513500.SH|518880.SH|588200.SH,1.2770763752255039,0.8876334498348947,tabu_neighbor,159687.SZ,513500.SH
rolling_tabu_search,2023,2024,40,159687.SZ|159980.SZ|159985.SZ|160644.SZ|164824.SZ|501018.SH|512100.SH|512200.SH|513100.SH|513120.SH|513180.SH|518880.SH|588200.SH,1.4648895532516322,0.6625820432688057,tabu_neighbor,159981.SZ,159980.SZ
rolling_tabu_search,2023,2024,41,159687.SZ|159981.SZ|159985.SZ|160644.SZ|164824.SZ|501018.SH|512200.SH|513100.SH|513120.SH|513180.SH|516150.SH|518880.SH|588200.SH,1.2611731259420287,0.6464045202816908,tabu_neighbor,512100.SH,516150.SH
rolling_tabu_search,2023,2024,42,159687.SZ|159980.SZ|159985.SZ|160644.SZ|164824.SZ|501018.SH|512100.SH|512200.SH|513120.SH|513180.SH|513880.SH|518880.SH|588200.SH,1.5584869334984457,0.8055829520541524,tabu_neighbor,513100.SH,513880.SH
rolling_tabu_search,2023,2024,43,159687.SZ|159980.SZ|159985.SZ|160644.SZ|501018.SH|512100.SH|512200.SH|513080.SH|513100.SH|513120.SH|513180.SH|518880.SH|588200.SH,1.3303772562006628,0.6625820432688057,tabu_neighbor,164824.SZ,513080.SH
rolling_tabu_search,2023,2024,44,159687.SZ|159915.SZ|159980.SZ|159985.SZ|160644.SZ|164824.SZ|501018.SH|512100.SH|513100.SH|513120.SH|513180.SH|518880.SH|588200.SH,1.660511980641893,0.8013436821294672,tabu_neighbor,512200.SH,159915.SZ
rolling_tabu_search,2023,2024,45,159980.SZ|159985.SZ|160644.SZ|164824.SZ|501018.SH|512100.SH|512200.SH|513100.SH|513120.SH|513180.SH|513880.SH|518880.SH|588200.SH,1.747417276389412,0.6625820432688057,tabu_neighbor,159687.SZ,513880.SH
rolling_tabu_search,2023,2024,46,159687.SZ|159980.SZ|159985.SZ|160644.SZ|164824.SZ|501018.SH|512200.SH|513100.SH|513120.SH|513180.SH|518880.SH|562500.SH|588200.SH,1.208363836930882,0.6464045202816908,tabu_neighbor,512100.SH,562500.SH
rolling_tabu_search,2023,2024,47,159949.SZ|159980.SZ|159985.SZ|160644.SZ|164824.SZ|501018.SH|512200.SH|513100.SH|513120.SH|513180.SH|513880.SH|518880.SH|588200.SH,1.704000800685081,0.6264589958121686,tabu_neighbor,512100.SH,159949.SZ
rolling_tabu_search,2023,2024,48,159980.SZ|159985.SZ|160644.SZ|164824.SZ|501018.SH|510880.SH|512100.SH|512200.SH|513100.SH|513120.SH|513180.SH|513880.SH|518880.SH,1.5724973716755006,0.6264589958121686,tabu_neighbor,588200.SH,510880.SH
rolling_tabu_search,2023,2024,49,159980.SZ|160644.SZ|161226.SZ|164824.SZ|501018.SH|512100.SH|512200.SH|513100.SH|513120.SH|513180.SH|513880.SH|518880.SH|588200.SH,0.6932221343150159,0.6625820432688057,tabu_neighbor,159985.SZ,161226.SZ
rolling_tabu_search,2023,2024,50,159980.SZ|159985.SZ|164824.SZ|501018.SH|512100.SH|512200.SH|513100.SH|513120.SH|513180.SH|513310.SH|513880.SH|518880.SH|588200.SH,1.5301890360238006,0.6625820432688057,tabu_neighbor,160644.SZ,513310.SH
rolling_tabu_search,2023,2024,51,159980.SZ|159985.SZ|160644.SZ|501018.SH|512100.SH|512200.SH|513030.SH|513100.SH|513120.SH|513180.SH|513880.SH|518880.SH|588200.SH,1.2530239656932864,0.6625820432688057,tabu_neighbor,164824.SZ,513030.SH
rolling_tabu_search,2023,2024,52,159949.SZ|159980.SZ|159985.SZ|160644.SZ|164824.SZ|501018.SH|512800.SH|513100.SH|513120.SH|513180.SH|513880.SH|518880.SH|588200.SH,1.2709883757952947,0.6264589958121686,tabu_neighbor,512200.SH,512800.SH
rolling_tabu_search,2023,2024,53,159949.SZ|159980.SZ|159981.SZ|160644.SZ|164824.SZ|501018.SH|512200.SH|513100.SH|513120.SH|513180.SH|513880.SH|518880.SH|588200.SH,0.9697112851687415,0.6264589958121686,tabu_neighbor,159985.SZ,159981.SZ
rolling_tabu_search,2023,2024,54,159980.SZ|159985.SZ|160644.SZ|164824.SZ|501018.SH|512200.SH|513100.SH|513120.SH|513180.SH|513880.SH|515220.SH|518880.SH|588200.SH,0.6653079305513698,0.6264589958121686,tabu_neighbor,159949.SZ,515220.SH
rolling_tabu_search,2023,2024,55,159949.SZ|159980.SZ|159985.SZ|160644.SZ|164824.SZ|501018.SH|512200.SH|513070.SH|513100.SH|513120.SH|513880.SH|518880.SH|588200.SH,1.6772530990119505,0.6264589958121686,tabu_neighbor,513180.SH,513070.SH
rolling_tabu_search,2023,2024,56,159920.SZ|159949.SZ|159980.SZ|159985.SZ|160644.SZ|164824.SZ|501018.SH|512200.SH|513100.SH|513120.SH|513880.SH|518880.SH|588200.SH,2.1173631733433576,0.6264589958121686,tabu_neighbor,513180.SH,159920.SZ
rolling_tabu_search,2023,2024,57,159920.SZ|159949.SZ|159980.SZ|159985.SZ|160644.SZ|164824.SZ|501018.SH|512200.SH|513120.SH|513290.SH|513880.SH|518880.SH|588200.SH,1.173310454856667,0.5732432207873639,tabu_neighbor,513100.SH,513290.SH
rolling_tabu_search,2023,2024,58,159852.SZ|159920.SZ|159949.SZ|159980.SZ|159985.SZ|160644.SZ|164824.SZ|501018.SH|513100.SH|513120.SH|513880.SH|518880.SH|588200.SH,1.7276479047952262,0.6264589958121686,tabu_neighbor,512200.SH,159852.SZ
rolling_tabu_search,2023,2024,59,159851.SZ|159920.SZ|159949.SZ|159980.SZ|159985.SZ|160644.SZ|164824.SZ|501018.SH|513100.SH|513120.SH|513880.SH|518880.SH|588200.SH,1.8954873379378714,0.6264589958121686,tabu_neighbor,512200.SH,159851.SZ
rolling_tabu_search,2023,2024,60,159920.SZ|159949.SZ|159980.SZ|159985.SZ|160644.SZ|164824.SZ|501018.SH|512200.SH|513100.SH|513120.SH|513310.SH|518880.SH|588200.SH,1.6966121986203522,0.5732432207873639,tabu_neighbor,513880.SH,513310.SH
rolling_tabu_search,2023,2024,61,159920.SZ|159949.SZ|159980.SZ|159985.SZ|160644.SZ|501018.SH|512200.SH|513100.SH|513120.SH|513290.SH|513880.SH|518880.SH|588200.SH,1.4572469944263216,0.6264589958121686,tabu_neighbor,164824.SZ,513290.SH
rolling_tabu_search,2023,2024,62,159851.SZ|159920.SZ|159980.SZ|159985.SZ|160644.SZ|164824.SZ|501018.SH|510500.SH|513100.SH|513120.SH|513880.SH|518880.SH|588200.SH,1.9603104822519302,0.6901195648866978,tabu_neighbor,159949.SZ,510500.SH
rolling_tabu_search,2023,2024,63,159851.SZ|159920.SZ|159949.SZ|159980.SZ|159985.SZ|160644.SZ|161226.SZ|164824.SZ|513100.SH|513120.SH|513880.SH|518880.SH|588200.SH,0.7561650364099918,0.6565224325624922,tabu_neighbor,501018.SH,161226.SZ
rolling_tabu_search,2023,2024,64,159851.SZ|159920.SZ|159949.SZ|159980.SZ|159981.SZ|159985.SZ|160644.SZ|164824.SZ|513100.SH|513120.SH|513880.SH|518880.SH|588200.SH,1.4381145448169528,0.6264589958121686,tabu_neighbor,501018.SH,159981.SZ
rolling_tabu_search,2023,2024,65,159851.SZ|159920.SZ|159949.SZ|159980.SZ|159985.SZ|160644.SZ|164824.SZ|501018.SH|513100.SH|513180.SH|513880.SH|518880.SH|588200.SH,1.626359578783141,0.9130217366562248,tabu_neighbor,513120.SH,513180.SH
rolling_tabu_search,2023,2024,66,159851.SZ|159920.SZ|159949.SZ|159980.SZ|159985.SZ|160644.SZ|501018.SH|513080.SH|513100.SH|513120.SH|513880.SH|518880.SH|588200.SH,1.4623162665372182,0.6264589958121686,tabu_neighbor,164824.SZ,513080.SH
rolling_tabu_search,2023,2024,67,159851.SZ|159920.SZ|159980.SZ|160644.SZ|161226.SZ|164824.SZ|501018.SH|510500.SH|513100.SH|513120.SH|513880.SH|518880.SH|588200.SH,0.7327665494068624,0.6901195648866978,tabu_neighbor,159985.SZ,161226.SZ
rolling_tabu_search,2023,2024,68,159920.SZ|159980.SZ|159985.SZ|160644.SZ|164824.SZ|501018.SH|510500.SH|512170.SH|513100.SH|513120.SH|513880.SH|518880.SH|588200.SH,1.9743505072400167,0.6264589958121686,tabu_neighbor,159851.SZ,512170.SH
rolling_tabu_search,2023,2024,69,159915.SZ|159920.SZ|159980.SZ|159985.SZ|160644.SZ|164824.SZ|501018.SH|510500.SH|513100.SH|513120.SH|513880.SH|518880.SH|588200.SH,1.9155405187695411,0.8339116292963248,tabu_neighbor,159851.SZ,159915.SZ
rolling_tabu_search,2023,2024,70,159851.SZ|159920.SZ|159980.SZ|159985.SZ|164824.SZ|501018.SH|510500.SH|513100.SH|513120.SH|513290.SH|513880.SH|518880.SH|588200.SH,1.7648278325318476,0.6901195648866978,tabu_neighbor,160644.SZ,513290.SH
rolling_tabu_search,2023,2024,71,159851.SZ|159980.SZ|159985.SZ|160644.SZ|164824.SZ|501018.SH|510500.SH|513070.SH|513100.SH|513120.SH|513880.SH|518880.SH|588200.SH,1.8880496404021891,0.6901195648866978,tabu_neighbor,159920.SZ,513070.SH
rolling_tabu_search,2023,2024,72,159920.SZ|159980.SZ|159985.SZ|160644.SZ|501018.SH|510500.SH|512170.SH|513080.SH|513100.SH|513120.SH|513880.SH|518880.SH|588200.SH,1.5247947968627062,0.6264589958121686,tabu_neighbor,164824.SZ,513080.SH
rolling_tabu_search,2023,2024,73,159920.SZ|159980.SZ|159985.SZ|160644.SZ|164824.SZ|501018.SH|510500.SH|513100.SH|513120.SH|513880.SH|518880.SH|588000.SH|588200.SH,1.806575549646376,0.9016880112355453,tabu_neighbor,512170.SH,588000.SH
rolling_tabu_search,2023,2024,74,159920.SZ|159980.SZ|159985.SZ|160644.SZ|164824.SZ|501018.SH|510500.SH|512170.SH|513100.SH|513180.SH|513880.SH|518880.SH|588200.SH,1.8229096332734362,0.9130217366562248,tabu_neighbor,513120.SH,513180.SH
rolling_tabu_search,2023,2024,75,159920.SZ|159980.SZ|159985.SZ|160644.SZ|164824.SZ|501018.SH|512170.SH|512880.SH|513100.SH|513120.SH|513880.SH|518880.SH|588200.SH,1.7461673920660903,0.6264589958121686,tabu_neighbor,510500.SH,512880.SH
rolling_tabu_search,2023,2024,76,159920.SZ|159980.SZ|159985.SZ|160644.SZ|501018.SH|510500.SH|512170.SH|513100.SH|513120.SH|513290.SH|513880.SH|518880.SH|588200.SH,1.4364855197686188,0.6264589958121686,tabu_neighbor,164824.SZ,513290.SH
rolling_tabu_search,2023,2024,77,159980.SZ|159985.SZ|160644.SZ|164824.SZ|501018.SH|510500.SH|512170.SH|513100.SH|513120.SH|513180.SH|513880.SH|518880.SH|588200.SH,2.018080020902917,0.6264589958121686,tabu_neighbor,159920.SZ,513120.SH
rolling_tabu_search,2023,2024,78,159920.SZ|159980.SZ|159985.SZ|160644.SZ|164824.SZ|501018.SH|510500.SH|512040.SH|512170.SH|513100.SH|513180.SH|513880.SH|518880.SH,1.3172506005730726,0.9130217366562248,tabu_neighbor,588200.SH,512040.SH
rolling_tabu_search,2023,2024,79,159869.SZ|159920.SZ|159980.SZ|159985.SZ|160644.SZ|164824.SZ|501018.SH|510500.SH|513100.SH|513180.SH|513880.SH|518880.SH|588200.SH,1.5149165352956802,0.9130217366562248,tabu_neighbor,512170.SH,159869.SZ
rolling_tabu_search,2023,2024,80,159920.SZ|159980.SZ|159985.SZ|160644.SZ|164824.SZ|501018.SH|510500.SH|512170.SH|513070.SH|513100.SH|513880.SH|518880.SH|588200.SH,1.9101933006686425,0.9196494911995831,tabu_neighbor,513180.SH,513070.SH
rolling_tabu_search,2023,2024,81,159920.SZ|159928.SZ|159980.SZ|159985.SZ|160644.SZ|164824.SZ|501018.SH|510500.SH|513100.SH|513180.SH|513880.SH|518880.SH|588200.SH,1.3627948444999696,0.9130217366562248,tabu_neighbor,512170.SH,159928.SZ
rolling_tabu_search,2023,2024,82,159980.SZ|159985.SZ|160644.SZ|164824.SZ|501018.SH|510500.SH|512040.SH|513100.SH|513120.SH|513180.SH|513880.SH|518880.SH|588200.SH,1.0742841950167108,0.7463690876116675,tabu_neighbor,512170.SH,512040.SH
rolling_tabu_search,2023,2024,83,159980.SZ|159985.SZ|160644.SZ|164824.SZ|501018.SH|512040.SH|512170.SH|513100.SH|513120.SH|513180.SH|513880.SH|518880.SH|588200.SH,1.1340769387570573,0.6264589958121686,tabu_neighbor,510500.SH,512040.SH
rolling_tabu_search,2023,2024,84,159980.SZ|159985.SZ|164824.SZ|501018.SH|510500.SH|512170.SH|513100.SH|513120.SH|513180.SH|513290.SH|513880.SH|518880.SH|588200.SH,1.5559949683236247,0.6264589958121686,tabu_neighbor,160644.SZ,513290.SH
rolling_tabu_search,2023,2024,85,159980.SZ|159985.SZ|164824.SZ|501018.SH|510500.SH|512170.SH|513100.SH|513120.SH|513180.SH|513500.SH|513880.SH|518880.SH|588200.SH,1.8127695402091366,0.8876334498348947,tabu_neighbor,160644.SZ,513500.SH
rolling_tabu_search,2023,2024,86,159687.SZ|159980.SZ|159985.SZ|160644.SZ|501018.SH|510500.SH|512170.SH|513100.SH|513120.SH|513180.SH|513880.SH|518880.SH|588200.SH,1.5931924457071174,0.8055829520541524,tabu_neighbor,164824.SZ,159687.SZ
rolling_tabu_search,2023,2024,87,159825.SZ|159980.SZ|159985.SZ|164824.SZ|501018.SH|510500.SH|513100.SH|513120.SH|513180.SH|513500.SH|513880.SH|518880.SH|588200.SH,1.2330918560709785,0.8876334498348947,tabu_neighbor,512170.SH,159825.SZ
rolling_tabu_search,2023,2024,88,159980.SZ|159985.SZ|161226.SZ|164824.SZ|510500.SH|512170.SH|513100.SH|513120.SH|513180.SH|513500.SH|513880.SH|518880.SH|588200.SH,1.130465512391683,0.8876334498348947,tabu_neighbor,501018.SH,161226.SZ
rolling_tabu_search,2023,2024,89,159980.SZ|159985.SZ|164824.SZ|501018.SH|510500.SH|512170.SH|512660.SH|513100.SH|513120.SH|513180.SH|513500.SH|513880.SH|518880.SH,1.4301120935266245,0.8876334498348947,tabu_neighbor,588200.SH,512660.SH
rolling_tabu_search,2023,2024,90,159980.SZ|159985.SZ|501018.SH|510500.SH|512170.SH|513080.SH|513100.SH|513120.SH|513180.SH|513500.SH|513880.SH|518880.SH|588200.SH,1.2506719417739889,0.8876334498348947,tabu_neighbor,164824.SZ,513080.SH
rolling_tabu_search,2023,2024,91,159980.SZ|159985.SZ|164824.SZ|501018.SH|510500.SH|512170.SH|513120.SH|513180.SH|513290.SH|513500.SH|513880.SH|518880.SH|588200.SH,1.4187093680744403,0.6239835957215973,tabu_neighbor,513100.SH,513290.SH
rolling_tabu_search,2023,2024,92,159980.SZ|159985.SZ|164824.SZ|501018.SH|510500.SH|512170.SH|512660.SH|513100.SH|513120.SH|513180.SH|513310.SH|513880.SH|518880.SH,1.473794341308162,0.6684767763629419,tabu_neighbor,513500.SH,513310.SH
rolling_tabu_search,2023,2024,93,159980.SZ|159985.SZ|164824.SZ|501018.SH|510500.SH|512170.SH|512660.SH|513100.SH|513120.SH|513180.SH|513310.SH|513500.SH|518880.SH,1.1891861047561783,0.8876334498348947,tabu_neighbor,513880.SH,513310.SH
rolling_tabu_search,2023,2024,94,159980.SZ|159985.SZ|164824.SZ|501018.SH|510500.SH|512170.SH|512660.SH|513030.SH|513100.SH|513120.SH|513180.SH|513880.SH|518880.SH,1.3534219999632686,0.6684767763629419,tabu_neighbor,513500.SH,513030.SH
rolling_tabu_search,2023,2024,95,159980.SZ|159985.SZ|164824.SZ|501018.SH|512170.SH|512660.SH|513100.SH|513120.SH|513180.SH|513500.SH|513880.SH|515220.SH|518880.SH,1.1104472113760673,0.8876334498348947,tabu_neighbor,510500.SH,515220.SH
rolling_tabu_search,2023,2024,96,159980.SZ|159985.SZ|164824.SZ|501018.SH|512170.SH|512660.SH|513100.SH|513120.SH|513180.SH|513500.SH|513880.SH|515880.SH|518880.SH,2.043794673898419,0.8876334498348947,tabu_neighbor,510500.SH,515880.SH
rolling_tabu_search,2023,2024,97,159980.SZ|159985.SZ|164824.SZ|501018.SH|512170.SH|512660.SH|513030.SH|513100.SH|513120.SH|513180.SH|513500.SH|515880.SH|518880.SH,1.9408252035900513,0.8876334498348947,tabu_neighbor,513880.SH,513030.SH
rolling_tabu_search,2023,2024,98,159687.SZ|159980.SZ|159985.SZ|164824.SZ|501018.SH|512170.SH|512660.SH|513100.SH|513120.SH|513180.SH|513880.SH|515880.SH|518880.SH,1.985594655623887,0.8055829520541524,tabu_neighbor,513500.SH,159687.SZ
rolling_tabu_search,2023,2024,99,159980.SZ|161226.SZ|164824.SZ|501018.SH|512170.SH|512660.SH|513100.SH|513120.SH|513180.SH|513500.SH|513880.SH|515880.SH|518880.SH,0.9371924198606524,0.8876334498348947,tabu_neighbor,159985.SZ,161226.SZ
rolling_tabu_search,2023,2024,100,159980.SZ|159985.SZ|164824.SZ|501018.SH|512660.SH|512800.SH|513100.SH|513120.SH|513180.SH|513500.SH|513880.SH|515880.SH|518880.SH,1.8178241735578484,0.8876334498348947,tabu_neighbor,512170.SH,512800.SH
rolling_tabu_search,2024,2025,1,159509.SZ|159687.SZ|159901.SZ|159985.SZ|161226.SZ|501018.SH|512040.SH|513030.SH|513070.SH|513120.SH|513290.SH|518880.SH|588200.SH,1.0133841917409299,0.7921615306444358,initial,,
rolling_tabu_search,2024,2025,2,159509.SZ|159687.SZ|159901.SZ|159985.SZ|161226.SZ|164824.SZ|501018.SH|512040.SH|513070.SH|513120.SH|513290.SH|518880.SH|588200.SH,1.0629622872892004,0.7921615306444358,tabu_neighbor,513030.SH,164824.SZ
rolling_tabu_search,2024,2025,3,159509.SZ|159687.SZ|159901.SZ|159985.SZ|161226.SZ|501018.SH|512040.SH|513030.SH|513070.SH|513290.SH|513750.SH|518880.SH|588200.SH,1.0631368349625299,0.8109949251878138,tabu_neighbor,513120.SH,513750.SH
rolling_tabu_search,2024,2025,4,159509.SZ|159687.SZ|159901.SZ|159985.SZ|161226.SZ|501018.SH|512040.SH|513030.SH|513120.SH|513290.SH|513750.SH|518880.SH|588200.SH,1.29461191549672,0.7921615306444358,tabu_neighbor,513070.SH,513750.SH
rolling_tabu_search,2024,2025,5,159509.SZ|159687.SZ|159901.SZ|159985.SZ|161226.SZ|501018.SH|512200.SH|513030.SH|513070.SH|513120.SH|513290.SH|518880.SH|588200.SH,0.9682781417850498,0.7889425391722841,tabu_neighbor,512040.SH,512200.SH
rolling_tabu_search,2024,2025,6,159509.SZ|159687.SZ|159901.SZ|159985.SZ|161226.SZ|501018.SH|512880.SH|513030.SH|513070.SH|513120.SH|513290.SH|518880.SH|588200.SH,1.0618232259543514,0.8344488612467964,tabu_neighbor,512040.SH,512880.SH
rolling_tabu_search,2024,2025,7,159509.SZ|159529.SZ|159687.SZ|159901.SZ|159985.SZ|161226.SZ|501018.SH|512040.SH|513030.SH|513120.SH|513750.SH|518880.SH|588200.SH,0.9650631972369067,0.7921615306444358,tabu_neighbor,513290.SH,159529.SZ
rolling_tabu_search,2024,2025,8,159518.SZ|159687.SZ|159901.SZ|159985.SZ|161226.SZ|501018.SH|512040.SH|513030.SH|513120.SH|513290.SH|513750.SH|518880.SH|588200.SH,0.7789608259277808,0.7921615306444358,tabu_neighbor,159509.SZ,159518.SZ
rolling_tabu_search,2024,2025,9,159509.SZ|159901.SZ|159985.SZ|161226.SZ|501018.SH|512040.SH|513030.SH|513120.SH|513290.SH|513500.SH|513750.SH|518880.SH|588200.SH,1.1812741658625976,0.7921615306444358,tabu_neighbor,159687.SZ,513500.SH
rolling_tabu_search,2024,2025,10,159687.SZ|159901.SZ|159985.SZ|161226.SZ|501018.SH|512040.SH|513030.SH|513120.SH|513290.SH|513400.SH|513750.SH|518880.SH|588200.SH,1.0509066919484757,0.7921615306444358,tabu_neighbor,159509.SZ,513400.SH
rolling_tabu_search,2024,2025,11,159509.SZ|159687.SZ|159901.SZ|159985.SZ|161226.SZ|501018.SH|512040.SH|513120.SH|513290.SH|513400.SH|513750.SH|518880.SH|588200.SH,1.3574019474580608,0.7921615306444358,tabu_neighbor,513030.SH,513400.SH
rolling_tabu_search,2024,2025,12,159509.SZ|159687.SZ|159901.SZ|159985.SZ|161226.SZ|501018.SH|510500.SH|512040.SH|513120.SH|513290.SH|513400.SH|513750.SH|518880.SH,1.5612304643586066,0.8727654538508456,tabu_neighbor,588200.SH,510500.SH
rolling_tabu_search,2024,2025,13,159509.SZ|159687.SZ|159985.SZ|161226.SZ|501018.SH|510500.SH|512040.SH|513120.SH|513290.SH|513400.SH|513750.SH|518880.SH|588200.SH,1.2481564058079029,0.8451141238641433,tabu_neighbor,159901.SZ,510500.SH
rolling_tabu_search,2024,2025,14,159509.SZ|159687.SZ|159901.SZ|159985.SZ|161226.SZ|501018.SH|512040.SH|513120.SH|513400.SH|513750.SH|513880.SH|518880.SH|588200.SH,1.4569031974364262,0.7921615306444358,tabu_neighbor,513290.SH,513880.SH
rolling_tabu_search,2024,2025,15,159509.SZ|159687.SZ|159825.SZ|159901.SZ|159985.SZ|161226.SZ|501018.SH|513120.SH|513290.SH|513400.SH|513750.SH|518880.SH|588200.SH,1.2269649018596647,0.7889425391722841,tabu_neighbor,512040.SH,159825.SZ
rolling_tabu_search,2024,2025,16,159509.SZ|159687.SZ|159865.SZ|159901.SZ|159985.SZ|161226.SZ|501018.SH|513120.SH|513290.SH|513400.SH|513750.SH|518880.SH|588200.SH,1.1411794779022635,0.7889425391722841,tabu_neighbor,512040.SH,159865.SZ
rolling_tabu_search,2024,2025,17,159509.SZ|159687.SZ|159901.SZ|159985.SZ|161226.SZ|501018.SH|510500.SH|512040.SH|513120.SH|513180.SH|513290.SH|513400.SH|518880.SH,1.5552885827200857,0.8727654538508456,tabu_neighbor,513750.SH,513180.SH
rolling_tabu_search,2024,2025,18,159509.SZ|159687.SZ|159901.SZ|159981.SZ|159985.SZ|501018.SH|510500.SH|512040.SH|513120.SH|513290.SH|513400.SH|513750.SH|518880.SH,1.0441818927223774,0.8727654538508456,tabu_neighbor,161226.SZ,159981.SZ
rolling_tabu_search,2024,2025,19,159509.SZ|159687.SZ|159901.SZ|159980.SZ|161226.SZ|501018.SH|510500.SH|512040.SH|513120.SH|513290.SH|513400.SH|513750.SH|518880.SH,1.2469945556901656,0.8727654538508456,tabu_neighbor,159985.SZ,159980.SZ
rolling_tabu_search,2024,2025,20,159509.SZ|159687.SZ|159901.SZ|159985.SZ|161226.SZ|501018.SH|510500.SH|513120.SH|513290.SH|513400.SH|513750.SH|515790.SH|518880.SH,0.9563581076800791,0.8727654538508456,tabu_neighbor,512040.SH,515790.SH
rolling_tabu_search,2024,2025,21,159509.SZ|159687.SZ|159985.SZ|161226.SZ|501018.SH|510500.SH|512040.SH|512170.SH|513120.SH|513290.SH|513400.SH|513750.SH|518880.SH,1.2371596425410487,0.8599479678417131,tabu_neighbor,159901.SZ,512170.SH
rolling_tabu_search,2024,2025,22,159509.SZ|159518.SZ|159687.SZ|159901.SZ|159985.SZ|161226.SZ|501018.SH|510500.SH|512040.SH|513120.SH|513180.SH|513290.SH|518880.SH,1.3038764568622836,0.8727654538508456,tabu_neighbor,513400.SH,159518.SZ
rolling_tabu_search,2024,2025,23,159509.SZ|159687.SZ|159901.SZ|159981.SZ|159985.SZ|161226.SZ|501018.SH|510500.SH|512040.SH|513120.SH|513180.SH|513290.SH|513400.SH,0.8986682428992881,0.8727654538508456,tabu_neighbor,518880.SH,159981.SZ
rolling_tabu_search,2024,2025,24,159509.SZ|159611.SZ|159687.SZ|159901.SZ|159985.SZ|161226.SZ|501018.SH|510500.SH|513120.SH|513180.SH|513290.SH|513400.SH|518880.SH,1.1672698215889405,0.8727654538508456,tabu_neighbor,512040.SH,159611.SZ
rolling_tabu_search,2024,2025,25,159509.SZ|159687.SZ|159901.SZ|159985.SZ|161226.SZ|501018.SH|510180.SH|510500.SH|513120.SH|513180.SH|513290.SH|513400.SH|518880.SH,1.503224103598717,0.9103720370355958,tabu_neighbor,512040.SH,510180.SH
rolling_tabu_search,2024,2025,26,159509.SZ|159687.SZ|159901.SZ|159985.SZ|161226.SZ|501018.SH|510500.SH|512040.SH|513070.SH|513120.SH|513290.SH|513400.SH|518880.SH,1.580396074394673,0.8727654538508456,tabu_neighbor,513180.SH,513070.SH
rolling_tabu_search,2024,2025,27,159509.SZ|159687.SZ|159901.SZ|159980.SZ|159985.SZ|501018.SH|510500.SH|512040.SH|513070.SH|513120.SH|513290.SH|513400.SH|518880.SH,1.2773234477975588,0.8727654538508456,tabu_neighbor,161226.SZ,159980.SZ
rolling_tabu_search,2024,2025,28,159509.SZ|159687.SZ|159985.SZ|161226.SZ|501018.SH|510500.SH|512040.SH|513070.SH|513120.SH|513290.SH|513400.SH|515790.SH|518880.SH,1.2446434308405228,0.8451141238641433,tabu_neighbor,159901.SZ,515790.SH
rolling_tabu_search,2024,2025,29,159509.SZ|159687.SZ|159901.SZ|159985.SZ|161226.SZ|501018.SH|510500.SH|512040.SH|513070.SH|513290.SH|513400.SH|513750.SH|518880.SH,1.5489986952713648,0.8727654538508456,tabu_neighbor,513120.SH,513750.SH
rolling_tabu_search,2024,2025,30,159687.SZ|159901.SZ|159985.SZ|161226.SZ|501018.SH|510500.SH|512040.SH|513070.SH|513120.SH|513290.SH|513400.SH|513880.SH|518880.SH,1.2939754107700705,0.8727654538508456,tabu_neighbor,159509.SZ,513880.SH
rolling_tabu_search,2024,2025,31,159509.SZ|159687.SZ|159901.SZ|159920.SZ|159985.SZ|161226.SZ|501018.SH|510500.SH|512040.SH|513120.SH|513290.SH|513400.SH|518880.SH,1.2147077222484322,0.8727654538508456,tabu_neighbor,513070.SH,159920.SZ
rolling_tabu_search,2024,2025,32,159509.SZ|159901.SZ|159985.SZ|161226.SZ|501018.SH|510500.SH|512040.SH|513070.SH|513290.SH|513310.SH|513400.SH|513750.SH|518880.SH,1.3320335303301838,0.8727654538508456,tabu_neighbor,159687.SZ,513310.SH
rolling_tabu_search,2024,2025,33,159509.SZ|159687.SZ|159985.SZ|161226.SZ|501018.SH|510500.SH|512040.SH|512880.SH|513070.SH|513290.SH|513400.SH|513750.SH|518880.SH,1.7318165377422683,0.8451141238641433,tabu_neighbor,159901.SZ,512880.SH
rolling_tabu_search,2024,2025,34,159509.SZ|159687.SZ|159870.SZ|159901.SZ|159985.SZ|161226.SZ|501018.SH|512040.SH|513070.SH|513290.SH|513400.SH|513750.SH|518880.SH,1.5554500155275697,0.8763009085985883,tabu_neighbor,510500.SH,159870.SZ
rolling_tabu_search,2024,2025,35,159509.SZ|159687.SZ|159901.SZ|159980.SZ|161226.SZ|501018.SH|510500.SH|512040.SH|513070.SH|513290.SH|513400.SH|513750.SH|518880.SH,1.2772462932880146,0.8727654538508456,tabu_neighbor,159985.SZ,159980.SZ
rolling_tabu_search,2024,2025,36,159509.SZ|159687.SZ|159901.SZ|159981.SZ|159985.SZ|501018.SH|510500.SH|512040.SH|513070.SH|513290.SH|513400.SH|513750.SH|518880.SH,1.0232929754267481,0.8727654538508456,tabu_neighbor,161226.SZ,159981.SZ
rolling_tabu_search,2024,2025,37,159509.SZ|159687.SZ|159985.SZ|161226.SZ|501018.SH|510500.SH|512040.SH|512880.SH|513070.SH|513100.SH|513290.SH|513750.SH|518880.SH,1.72776751870211,0.8598122919060952,tabu_neighbor,513400.SH,513100.SH
rolling_tabu_search,2024,2025,38,159509.SZ|159687.SZ|159985.SZ|161226.SZ|501018.SH|510500.SH|512040.SH|512880.SH|513070.SH|513100.SH|513400.SH|513750.SH|518880.SH,2.154349117323289,0.8598122919060952,tabu_neighbor,513290.SH,513100.SH
rolling_tabu_search,2024,2025,39,159509.SZ|159687.SZ|159852.SZ|159985.SZ|161226.SZ|501018.SH|512040.SH|512880.SH|513070.SH|513290.SH|513400.SH|513750.SH|518880.SH,1.9353506368741011,0.8109949251878138,tabu_neighbor,510500.SH,159852.SZ
rolling_tabu_search,2024,2025,40,159509.SZ|159687.SZ|159985.SZ|161226.SZ|501018.SH|510500.SH|512040.SH|512880.SH|513070.SH|513290.SH|513750.SH|513880.SH|518880.SH,1.5506146215737893,0.8451141238641433,tabu_neighbor,513400.SH,513880.SH
rolling_tabu_search,2024,2025,41,159509.SZ|159687.SZ|159985.SZ|161226.SZ|501018.SH|510050.SH|510500.SH|512040.SH|513070.SH|513290.SH|513400.SH|513750.SH|518880.SH,1.5204679330991144,0.8451141238641433,tabu_neighbor,512880.SH,510050.SH
rolling_tabu_search,2024,2025,42,159509.SZ|159687.SZ|159985.SZ|161226.SZ|501018.SH|510500.SH|512040.SH|512880.SH|513070.SH|513100.SH|513500.SH|513750.SH|518880.SH,1.83057639260345,0.8598122919060952,tabu_neighbor,513400.SH,513500.SH
rolling_tabu_search,2024,2025,43,159509.SZ|159687.SZ|159985.SZ|161226.SZ|501018.SH|510500.SH|512040.SH|513070.SH|513100.SH|513400.SH|513750.SH|516150.SH|518880.SH,1.9087426379268542,0.8598122919060952,tabu_neighbor,512880.SH,516150.SH
rolling_tabu_search,2024,2025,44,159509.SZ|159687.SZ|159985.SZ|161226.SZ|501018.SH|510500.SH|512040.SH|512880.SH|513070.SH|513400.SH|513750.SH|513880.SH|518880.SH,1.8423073046526142,0.8451141238641433,tabu_neighbor,513100.SH,513880.SH
rolling_tabu_search,2024,2025,45,159509.SZ|159687.SZ|159985.SZ|161226.SZ|501018.SH|510500.SH|512660.SH|512880.SH|513070.SH|513100.SH|513400.SH|513750.SH|518880.SH,2.0516523727501554,0.8598122919060952,tabu_neighbor,512040.SH,512660.SH
rolling_tabu_search,2024,2025,46,159509.SZ|159687.SZ|159985.SZ|161226.SZ|501018.SH|510180.SH|512040.SH|512880.SH|513070.SH|513100.SH|513400.SH|513750.SH|518880.SH,2.3075961532795644,0.8690161300467388,tabu_neighbor,510500.SH,510180.SH
rolling_tabu_search,2024,2025,47,159509.SZ|159687.SZ|159980.SZ|159985.SZ|161226.SZ|510180.SH|512040.SH|512880.SH|513070.SH|513100.SH|513400.SH|513750.SH|518880.SH,1.7671778447987196,0.8690161300467388,tabu_neighbor,501018.SH,159980.SZ
rolling_tabu_search,2024,2025,48,159509.SZ|159687.SZ|159985.SZ|161226.SZ|501018.SH|512040.SH|512880.SH|513070.SH|513100.SH|513400.SH|513750.SH|518880.SH|588000.SH,1.8724051774729817,0.8598122919060952,tabu_neighbor,510180.SH,588000.SH
rolling_tabu_search,2024,2025,49,159509.SZ|159687.SZ|159967.SZ|159985.SZ|161226.SZ|501018.SH|512040.SH|512880.SH|513070.SH|513100.SH|513400.SH|513750.SH|518880.SH,2.2360125150085013,0.8598122919060952,tabu_neighbor,510180.SH,159967.SZ
rolling_tabu_search,2024,2025,50,159509.SZ|159687.SZ|159985.SZ|161226.SZ|501018.SH|510180.SH|512040.SH|513070.SH|513100.SH|513400.SH|513750.SH|515210.SH|518880.SH,1.7558105671666535,0.8690161300467388,tabu_neighbor,512880.SH,515210.SH
rolling_tabu_search,2024,2025,51,159509.SZ|159687.SZ|159985.SZ|161226.SZ|501018.SH|510180.SH|512040.SH|512400.SH|513070.SH|513100.SH|513400.SH|513750.SH|518880.SH,1.7603104573423172,0.8690161300467388,tabu_neighbor,512880.SH,512400.SH
rolling_tabu_search,2024,2025,52,159509.SZ|159687.SZ|159967.SZ|159980.SZ|159985.SZ|161226.SZ|501018.SH|512040.SH|512880.SH|513070.SH|513100.SH|513400.SH|513750.SH,2.003778118924421,0.8598122919060952,tabu_neighbor,518880.SH,159980.SZ
rolling_tabu_search,2024,2025,53,159509.SZ|159687.SZ|159967.SZ|159985.SZ|161226.SZ|164824.SZ|501018.SH|512040.SH|512880.SH|513070.SH|513100.SH|513750.SH|518880.SH,1.8515502916649194,0.8598122919060952,tabu_neighbor,513400.SH,164824.SZ
rolling_tabu_search,2024,2025,54,159509.SZ|159518.SZ|159967.SZ|159985.SZ|161226.SZ|501018.SH|512040.SH|512880.SH|513070.SH|513100.SH|513400.SH|513750.SH|518880.SH,1.8310644617762464,0.8598122919060952,tabu_neighbor,159687.SZ,159518.SZ
rolling_tabu_search,2024,2025,55,159509.SZ|159687.SZ|159967.SZ|159980.SZ|161226.SZ|501018.SH|512040.SH|512880.SH|513070.SH|513100.SH|513400.SH|513750.SH|518880.SH,2.0625550891024487,0.8598122919060952,tabu_neighbor,159985.SZ,159980.SZ
rolling_tabu_search,2024,2025,56,159509.SZ|159967.SZ|159985.SZ|161226.SZ|501018.SH|512040.SH|512880.SH|513070.SH|513100.SH|513400.SH|513750.SH|513880.SH|518880.SH,2.221351453097378,0.8598122919060952,tabu_neighbor,159687.SZ,513880.SH
rolling_tabu_search,2024,2025,57,159509.SZ|159967.SZ|159980.SZ|159985.SZ|501018.SH|512040.SH|512880.SH|513070.SH|513100.SH|513400.SH|513750.SH|513880.SH|518880.SH,1.7471859520217048,0.8598122919060952,tabu_neighbor,161226.SZ,159980.SZ
rolling_tabu_search,2024,2025,58,159509.SZ|159967.SZ|159985.SZ|161226.SZ|501018.SH|512040.SH|512880.SH|513030.SH|513070.SH|513100.SH|513400.SH|513750.SH|518880.SH,1.731206948998661,0.8598122919060952,tabu_neighbor,513880.SH,513030.SH
rolling_tabu_search,2024,2025,59,159509.SZ|159967.SZ|159985.SZ|161226.SZ|501018.SH|512040.SH|513070.SH|513100.SH|513400.SH|513750.SH|513880.SH|518880.SH|563300.SH,1.8196910990607917,0.8598122919060952,tabu_neighbor,512880.SH,563300.SH
rolling_tabu_search,2024,2025,60,159509.SZ|159869.SZ|159967.SZ|159985.SZ|161226.SZ|501018.SH|512040.SH|513070.SH|513100.SH|513400.SH|513750.SH|513880.SH|518880.SH,1.8208434946010486,0.8598122919060952,tabu_neighbor,512880.SH,159869.SZ
rolling_tabu_search,2024,2025,61,159509.SZ|159967.SZ|159980.SZ|161226.SZ|501018.SH|512040.SH|512880.SH|513070.SH|513100.SH|513400.SH|513750.SH|513880.SH|518880.SH,1.8808533238504461,0.8598122919060952,tabu_neighbor,159985.SZ,159980.SZ
rolling_tabu_search,2024,2025,62,159509.SZ|159967.SZ|159980.SZ|161226.SZ|501018.SH|510880.SH|512040.SH|513070.SH|513100.SH|513400.SH|513750.SH|513880.SH|518880.SH,1.2440252303585406,0.8598122919060952,tabu_neighbor,512880.SH,510880.SH
rolling_tabu_search,2024,2025,63,159509.SZ|159967.SZ|159980.SZ|159981.SZ|501018.SH|512040.SH|512880.SH|513070.SH|513100.SH|513400.SH|513750.SH|513880.SH|518880.SH,1.85244933796917,0.8598122919060952,tabu_neighbor,161226.SZ,159981.SZ
rolling_tabu_search,2024,2025,64,159509.SZ|159967.SZ|159980.SZ|159981.SZ|161226.SZ|512040.SH|512880.SH|513070.SH|513100.SH|513400.SH|513750.SH|513880.SH|518880.SH,1.7215384472917394,0.8598122919060952,tabu_neighbor,501018.SH,159981.SZ
rolling_tabu_search,2024,2025,65,159509.SZ|159967.SZ|159980.SZ|161226.SZ|501018.SH|510880.SH|512880.SH|513070.SH|513100.SH|513400.SH|513750.SH|513880.SH|518880.SH,2.022771484608456,0.8598122919060952,tabu_neighbor,512040.SH,510880.SH
rolling_tabu_search,2024,2025,66,159509.SZ|159967.SZ|159980.SZ|161226.SZ|501018.SH|512040.SH|512880.SH|513070.SH|513080.SH|513100.SH|513400.SH|513750.SH|518880.SH,1.758286306070539,0.8598122919060952,tabu_neighbor,513880.SH,513080.SH
rolling_tabu_search,2024,2025,67,159967.SZ|159980.SZ|161226.SZ|501018.SH|510880.SH|512880.SH|513070.SH|513100.SH|513400.SH|513500.SH|513750.SH|513880.SH|518880.SH,1.462862689067099,0.8532903457695046,tabu_neighbor,159509.SZ,513500.SH
rolling_tabu_search,2024,2025,68,159509.SZ|159967.SZ|159980.SZ|159981.SZ|501018.SH|510880.SH|512880.SH|513070.SH|513100.SH|513400.SH|513750.SH|513880.SH|518880.SH,1.8771005335404771,0.8598122919060952,tabu_neighbor,161226.SZ,159981.SZ
rolling_tabu_search,2024,2025,69,159509.SZ|159967.SZ|159980.SZ|159981.SZ|161226.SZ|501018.SH|510880.SH|512880.SH|513070.SH|513100.SH|513400.SH|513750.SH|513880.SH,1.835869970909383,0.8598122919060952,tabu_neighbor,518880.SH,159981.SZ
rolling_tabu_search,2024,2025,70,159967.SZ|159980.SZ|161226.SZ|164824.SZ|501018.SH|510880.SH|512880.SH|513070.SH|513100.SH|513400.SH|513750.SH|513880.SH|518880.SH,1.701268584600979,0.8109949251878138,tabu_neighbor,159509.SZ,164824.SZ
rolling_tabu_search,2024,2025,71,159509.SZ|159920.SZ|159967.SZ|159980.SZ|161226.SZ|501018.SH|510880.SH|512880.SH|513100.SH|513400.SH|513750.SH|513880.SH|518880.SH,1.7666393729842351,0.8920130717054932,tabu_neighbor,513070.SH,159920.SZ
rolling_tabu_search,2024,2025,72,159509.SZ|159518.SZ|159967.SZ|159980.SZ|159981.SZ|501018.SH|510880.SH|512880.SH|513070.SH|513100.SH|513400.SH|513750.SH|518880.SH,1.5367672823374376,0.8598122919060952,tabu_neighbor,513880.SH,159518.SZ
rolling_tabu_search,2024,2025,73,159967.SZ|159980.SZ|159981.SZ|501018.SH|510880.SH|512880.SH|513070.SH|513080.SH|513100.SH|513400.SH|513750.SH|513880.SH|518880.SH,1.4511704010365276,0.8109949251878138,tabu_neighbor,159509.SZ,513080.SH
rolling_tabu_search,2024,2025,74,159509.SZ|159980.SZ|159981.SZ|501018.SH|510880.SH|512100.SH|512880.SH|513070.SH|513100.SH|513400.SH|513750.SH|513880.SH|518880.SH,2.112533429254244,0.8598122919060952,tabu_neighbor,159967.SZ,512100.SH
rolling_tabu_search,2024,2025,75,159509.SZ|159967.SZ|159981.SZ|161226.SZ|501018.SH|510880.SH|512880.SH|513070.SH|513100.SH|513400.SH|513750.SH|513880.SH|518880.SH,2.1327257102074864,0.8598122919060952,tabu_neighbor,159980.SZ,161226.SZ
rolling_tabu_search,2024,2025,76,159509.SZ|159825.SZ|159967.SZ|159980.SZ|159981.SZ|501018.SH|512880.SH|513070.SH|513100.SH|513400.SH|513750.SH|513880.SH|518880.SH,1.6772807210016756,0.8598122919060952,tabu_neighbor,510880.SH,159825.SZ
rolling_tabu_search,2024,2025,77,159967.SZ|159981.SZ|161226.SZ|501018.SH|510880.SH|512880.SH|513070.SH|513080.SH|513100.SH|513400.SH|513750.SH|513880.SH|518880.SH,1.7159302527405491,0.8109949251878138,tabu_neighbor,159509.SZ,513080.SH
rolling_tabu_search,2024,2025,78,159509.SZ|159967.SZ|159981.SZ|161226.SZ|501018.SH|510210.SH|510880.SH|513070.SH|513100.SH|513400.SH|513750.SH|513880.SH|518880.SH,1.5859985624976212,0.8638792190836562,tabu_neighbor,512880.SH,510210.SH
rolling_tabu_search,2024,2025,79,159509.SZ|159967.SZ|159981.SZ|161226.SZ|501018.SH|510880.SH|512040.SH|513070.SH|513100.SH|513400.SH|513750.SH|513880.SH|518880.SH,1.330174261674465,0.8598122919060952,tabu_neighbor,512880.SH,512040.SH
rolling_tabu_search,2024,2025,80,159529.SZ|159967.SZ|159981.SZ|161226.SZ|501018.SH|510880.SH|512880.SH|513070.SH|513100.SH|513400.SH|513750.SH|513880.SH|518880.SH,2.0192131724782003,0.8109949251878138,tabu_neighbor,159509.SZ,159529.SZ
rolling_tabu_search,2024,2025,81,159967.SZ|159981.SZ|161226.SZ|501018.SH|510880.SH|512880.SH|513070.SH|513100.SH|513400.SH|513500.SH|513750.SH|513880.SH|518880.SH,1.6810192519794949,0.8532903457695046,tabu_neighbor,159509.SZ,513500.SH
rolling_tabu_search,2024,2025,82,159529.SZ|159967.SZ|159981.SZ|159985.SZ|501018.SH|510880.SH|512880.SH|513070.SH|513100.SH|513400.SH|513750.SH|513880.SH|518880.SH,1.4809498813749216,0.8109949251878138,tabu_neighbor,161226.SZ,159985.SZ
rolling_tabu_search,2024,2025,83,159529.SZ|159967.SZ|159981.SZ|161226.SZ|501018.SH|510880.SH|512880.SH|513070.SH|513100.SH|513290.SH|513750.SH|513880.SH|518880.SH,2.002324205891431,0.8109949251878138,tabu_neighbor,513400.SH,513290.SH
rolling_tabu_search,2024,2025,84,159529.SZ|159796.SZ|159981.SZ|161226.SZ|501018.SH|510880.SH|512880.SH|513070.SH|513100.SH|513400.SH|513750.SH|513880.SH|518880.SH,1.4397487700116174,0.8109949251878138,tabu_neighbor,159967.SZ,159796.SZ
rolling_tabu_search,2024,2025,85,159529.SZ|159967.SZ|159980.SZ|159981.SZ|161226.SZ|501018.SH|510880.SH|512880.SH|513070.SH|513100.SH|513400.SH|513750.SH|513880.SH,1.9070098633760768,0.8109949251878138,tabu_neighbor,518880.SH,159980.SZ
rolling_tabu_search,2024,2025,86,159529.SZ|159967.SZ|159981.SZ|161226.SZ|501018.SH|510880.SH|512880.SH|513030.SH|513070.SH|513100.SH|513400.SH|513750.SH|518880.SH,1.6801051739451154,0.8109949251878138,tabu_neighbor,513880.SH,513030.SH
rolling_tabu_search,2024,2025,87,159509.SZ|159529.SZ|159967.SZ|159981.SZ|161226.SZ|501018.SH|510880.SH|512880.SH|513070.SH|513100.SH|513750.SH|513880.SH|518880.SH,2.1880090092596434,0.8598122919060952,tabu_neighbor,513290.SH,159509.SZ
rolling_tabu_search,2024,2025,88,159529.SZ|159967.SZ|159981.SZ|161226.SZ|501018.SH|510880.SH|512880.SH|513070.SH|513100.SH|513120.SH|513290.SH|513880.SH|518880.SH,1.8632104473322977,0.7889425391722841,tabu_neighbor,513750.SH,513120.SH
rolling_tabu_search,2024,2025,89,159529.SZ|159967.SZ|159985.SZ|161226.SZ|501018.SH|510880.SH|512880.SH|513070.SH|513100.SH|513290.SH|513750.SH|513880.SH|518880.SH,2.2080765377130986,0.8109949251878138,tabu_neighbor,159981.SZ,159985.SZ
rolling_tabu_search,2024,2025,90,159529.SZ|159967.SZ|159980.SZ|159981.SZ|161226.SZ|510880.SH|512880.SH|513070.SH|513100.SH|513290.SH|513750.SH|513880.SH|518880.SH,1.8905737946660188,0.8109949251878138,tabu_neighbor,501018.SH,159980.SZ
rolling_tabu_search,2024,2025,91,159529.SZ|159967.SZ|159981.SZ|161226.SZ|501018.SH|510880.SH|512880.SH|513030.SH|513070.SH|513290.SH|513750.SH|513880.SH|518880.SH,1.3032000383283442,0.8109949251878138,tabu_neighbor,513100.SH,513030.SH
rolling_tabu_search,2024,2025,92,159509.SZ|159529.SZ|159967.SZ|159985.SZ|161226.SZ|501018.SH|510880.SH|512880.SH|513070.SH|513290.SH|513750.SH|513880.SH|518880.SH,2.0425647183552265,0.8109949251878138,tabu_neighbor,513100.SH,159509.SZ
rolling_tabu_search,2024,2025,93,159529.SZ|159967.SZ|159985.SZ|161226.SZ|501018.SH|512880.SH|513070.SH|513100.SH|513290.SH|513750.SH|513880.SH|516150.SH|518880.SH,1.8452979416229542,0.8109949251878138,tabu_neighbor,510880.SH,516150.SH
rolling_tabu_search,2024,2025,94,159529.SZ|159967.SZ|159985.SZ|161226.SZ|501018.SH|510880.SH|512880.SH|513070.SH|513080.SH|513100.SH|513290.SH|513750.SH|518880.SH,2.290407995344342,0.8109949251878138,tabu_neighbor,513880.SH,513080.SH
rolling_tabu_search,2024,2025,95,159529.SZ|159967.SZ|159985.SZ|161226.SZ|501018.SH|510880.SH|512880.SH|513100.SH|513180.SH|513290.SH|513750.SH|513880.SH|518880.SH,2.102787753332767,0.8415836756152468,tabu_neighbor,513070.SH,513180.SH
rolling_tabu_search,2024,2025,96,159518.SZ|159529.SZ|159967.SZ|159985.SZ|161226.SZ|501018.SH|510880.SH|512880.SH|513070.SH|513100.SH|513750.SH|513880.SH|518880.SH,1.7108815345073203,0.8109949251878138,tabu_neighbor,513290.SH,159518.SZ
rolling_tabu_search,2024,2025,97,159529.SZ|159967.SZ|159985.SZ|161226.SZ|501018.SH|510880.SH|513070.SH|513080.SH|513100.SH|513290.SH|513750.SH|518880.SH|588000.SH,1.7707899265092966,0.903221489249376,tabu_neighbor,512880.SH,588000.SH
rolling_tabu_search,2024,2025,98,159529.SZ|159901.SZ|159985.SZ|161226.SZ|501018.SH|510880.SH|512880.SH|513070.SH|513080.SH|513100.SH|513290.SH|513750.SH|518880.SH,2.2579824136074067,0.8344488612467964,tabu_neighbor,159967.SZ,159901.SZ
rolling_tabu_search,2024,2025,99,159529.SZ|159920.SZ|159967.SZ|159985.SZ|161226.SZ|501018.SH|510880.SH|512880.SH|513080.SH|513100.SH|513290.SH|513750.SH|518880.SH,2.112535866086232,0.8920130717054932,tabu_neighbor,513070.SH,159920.SZ
rolling_tabu_search,2024,2025,100,159529.SZ|159967.SZ|159981.SZ|159985.SZ|161226.SZ|501018.SH|510880.SH|512880.SH|513070.SH|513080.SH|513100.SH|513290.SH|513750.SH,1.8904728308595755,0.8109949251878138,tabu_neighbor,518880.SH,159981.SZ
rolling_tabu_search,2025,2026,1,159329.SZ|159509.SZ|159529.SZ|159980.SZ|159981.SZ|161226.SZ|510050.SH|512980.SH|513180.SH|513290.SH|513750.SH|518880.SH|562500.SH,1.2753344545322178,0.7369415508190277,initial,,
rolling_tabu_search,2025,2026,2,159329.SZ|159509.SZ|159980.SZ|159981.SZ|161226.SZ|510050.SH|512980.SH|513180.SH|513290.SH|513750.SH|513880.SH|518880.SH|562500.SH,0.9913224907793549,0.7369415508190277,tabu_neighbor,159529.SZ,513880.SH
rolling_tabu_search,2025,2026,3,159209.SZ|159329.SZ|159509.SZ|159529.SZ|159980.SZ|159981.SZ|161226.SZ|510050.SH|512980.SH|513180.SH|513290.SH|513750.SH|518880.SH,1.5679132123341157,0.7656924171199504,tabu_neighbor,562500.SH,159209.SZ
rolling_tabu_search,2025,2026,4,159329.SZ|159529.SZ|159980.SZ|159981.SZ|161226.SZ|164824.SZ|510050.SH|512980.SH|513180.SH|513290.SH|513750.SH|518880.SH|562500.SH,1.3198953075436244,0.7369415508190277,tabu_neighbor,159509.SZ,164824.SZ
rolling_tabu_search,2025,2026,5,159329.SZ|159509.SZ|159529.SZ|159980.SZ|159981.SZ|501018.SH|510050.SH|512980.SH|513180.SH|513290.SH|513750.SH|518880.SH|562500.SH,1.4144381367009695,0.7369415508190277,tabu_neighbor,161226.SZ,501018.SH
rolling_tabu_search,2025,2026,6,159329.SZ|159509.SZ|159529.SZ|159980.SZ|159981.SZ|161226.SZ|510050.SH|513180.SH|513290.SH|513750.SH|518880.SH|562500.SH|588000.SH,1.5231349442529818,0.7369415508190277,tabu_neighbor,512980.SH,588000.SH
rolling_tabu_search,2025,2026,7,159209.SZ|159329.SZ|159509.SZ|159529.SZ|159980.SZ|159981.SZ|161226.SZ|510050.SH|512980.SH|513120.SH|513180.SH|513290.SH|518880.SH,1.7476122026585867,0.7656924171199504,tabu_neighbor,513750.SH,513120.SH
rolling_tabu_search,2025,2026,8,159209.SZ|159329.SZ|159509.SZ|159529.SZ|159980.SZ|159981.SZ|501018.SH|510050.SH|512980.SH|513180.SH|513290.SH|513750.SH|518880.SH,1.3740972800531914,0.7656924171199504,tabu_neighbor,161226.SZ,501018.SH
rolling_tabu_search,2025,2026,9,159209.SZ|159329.SZ|159509.SZ|159980.SZ|159981.SZ|161226.SZ|510050.SH|512980.SH|513180.SH|513290.SH|513750.SH|513880.SH|518880.SH,1.3205254958611063,0.7656924171199504,tabu_neighbor,159529.SZ,513880.SH
rolling_tabu_search,2025,2026,10,159209.SZ|159329.SZ|159509.SZ|159529.SZ|159980.SZ|159981.SZ|161226.SZ|510050.SH|512980.SH|513180.SH|513310.SH|513750.SH|518880.SH,1.391292640190278,0.7656924171199504,tabu_neighbor,513290.SH,513310.SH
rolling_tabu_search,2025,2026,11,159209.SZ|159329.SZ|159509.SZ|159529.SZ|159980.SZ|159981.SZ|159985.SZ|510050.SH|512980.SH|513180.SH|513290.SH|513750.SH|518880.SH,1.2735846218029527,0.7656924171199504,tabu_neighbor,161226.SZ,159985.SZ
rolling_tabu_search,2025,2026,12,159209.SZ|159329.SZ|159509.SZ|159687.SZ|159980.SZ|159981.SZ|161226.SZ|510050.SH|512980.SH|513120.SH|513180.SH|513290.SH|518880.SH,1.5072426353877755,0.7656924171199504,tabu_neighbor,159529.SZ,159687.SZ
rolling_tabu_search,2025,2026,13,159209.SZ|159329.SZ|159509.SZ|159529.SZ|159980.SZ|159981.SZ|161226.SZ|512980.SH|513120.SH|513180.SH|513290.SH|515880.SH|518880.SH,2.32799722107442,0.6095367007493793,tabu_neighbor,510050.SH,515880.SH
rolling_tabu_search,2025,2026,14,159209.SZ|159509.SZ|159529.SZ|159980.SZ|159981.SZ|161226.SZ|510050.SH|512980.SH|513120.SH|513180.SH|513290.SH|513500.SH|518880.SH,1.8384621952369884,0.8555362044200798,tabu_neighbor,159329.SZ,513500.SH
rolling_tabu_search,2025,2026,15,159209.SZ|159329.SZ|159529.SZ|159980.SZ|159981.SZ|161226.SZ|510050.SH|512980.SH|513030.SH|513120.SH|513180.SH|513290.SH|518880.SH,1.3554865302101193,0.7656924171199504,tabu_neighbor,159509.SZ,513030.SH
rolling_tabu_search,2025,2026,16,159329.SZ|159509.SZ|159529.SZ|159980.SZ|159981.SZ|161226.SZ|510050.SH|510880.SH|512980.SH|513120.SH|513180.SH|513290.SH|518880.SH,1.5186716996583172,0.6095367007493793,tabu_neighbor,159209.SZ,510880.SH
rolling_tabu_search,2025,2026,17,159209.SZ|159329.SZ|159509.SZ|159529.SZ|159870.SZ|159980.SZ|159981.SZ|161226.SZ|513120.SH|513180.SH|513290.SH|515880.SH|518880.SH,2.2145114587009016,0.8004661523355101,tabu_neighbor,512980.SH,159870.SZ
rolling_tabu_search,2025,2026,18,159209.SZ|159329.SZ|159509.SZ|159529.SZ|159980.SZ|159981.SZ|161226.SZ|512980.SH|513070.SH|513180.SH|513290.SH|515880.SH|518880.SH,1.80768340393904,0.9189240922360594,tabu_neighbor,513120.SH,513070.SH
rolling_tabu_search,2025,2026,19,159209.SZ|159329.SZ|159509.SZ|159529.SZ|159980.SZ|159981.SZ|159985.SZ|512980.SH|513120.SH|513180.SH|513290.SH|515880.SH|518880.SH,1.7753463666429898,0.6095367007493793,tabu_neighbor,161226.SZ,159985.SZ
rolling_tabu_search,2025,2026,20,159209.SZ|159329.SZ|159509.SZ|159529.SZ|159825.SZ|159980.SZ|159981.SZ|161226.SZ|512980.SH|513120.SH|513180.SH|513290.SH|518880.SH,1.8781921391946514,0.6095367007493793,tabu_neighbor,515880.SH,159825.SZ
rolling_tabu_search,2025,2026,21,159209.SZ|159329.SZ|159529.SZ|159980.SZ|159981.SZ|161226.SZ|512980.SH|513120.SH|513180.SH|513290.SH|513310.SH|515880.SH|518880.SH,2.2201359452194285,0.6095367007493793,tabu_neighbor,159509.SZ,513310.SH
rolling_tabu_search,2025,2026,22,159209.SZ|159326.SZ|159329.SZ|159529.SZ|159980.SZ|159981.SZ|161226.SZ|513120.SH|513180.SH|513290.SH|513310.SH|515880.SH|518880.SH,2.0484719113314087,0.6980145323284309,tabu_neighbor,512980.SH,159326.SZ
rolling_tabu_search,2025,2026,23,159209.SZ|159329.SZ|159529.SZ|159920.SZ|159980.SZ|159981.SZ|161226.SZ|512980.SH|513180.SH|513290.SH|513310.SH|515880.SH|518880.SH,1.8939270770219585,0.9154186634947195,tabu_neighbor,513120.SH,159920.SZ
rolling_tabu_search,2025,2026,24,159209.SZ|159329.SZ|159529.SZ|159980.SZ|159981.SZ|159985.SZ|161226.SZ|512980.SH|513120.SH|513180.SH|513290.SH|513310.SH|515880.SH,1.439008389919925,0.6095367007493793,tabu_neighbor,518880.SH,159985.SZ
rolling_tabu_search,2025,2026,25,159209.SZ|159329.SZ|159980.SZ|159981.SZ|161226.SZ|164824.SZ|512980.SH|513120.SH|513180.SH|513290.SH|513310.SH|515880.SH|518880.SH,1.9010692763346861,0.5727129673904904,tabu_neighbor,159529.SZ,164824.SZ
rolling_tabu_search,2025,2026,26,159209.SZ|159329.SZ|159518.SZ|159529.SZ|159980.SZ|159981.SZ|161226.SZ|512980.SH|513120.SH|513180.SH|513310.SH|515880.SH|518880.SH,1.9011582404558702,0.6095367007493793,tabu_neighbor,513290.SH,159518.SZ
rolling_tabu_search,2025,2026,27,159209.SZ|159326.SZ|159529.SZ|159980.SZ|159981.SZ|161226.SZ|513120.SH|513180.SH|513290.SH|513310.SH|513880.SH|515880.SH|518880.SH,1.9816457072323581,0.6980145323284309,tabu_neighbor,159329.SZ,513880.SH
rolling_tabu_search,2025,2026,28,159209.SZ|159326.SZ|159329.SZ|159529.SZ|159920.SZ|159980.SZ|159981.SZ|161226.SZ|513180.SH|513290.SH|513310.SH|515880.SH|518880.SH,1.91195208762836,0.9154186634947195,tabu_neighbor,513120.SH,159920.SZ
rolling_tabu_search,2025,2026,29,159209.SZ|159326.SZ|159329.SZ|159529.SZ|159980.SZ|159981.SZ|161226.SZ|513030.SH|513120.SH|513180.SH|513290.SH|515880.SH|518880.SH,1.894070038489649,0.6980145323284309,tabu_neighbor,513310.SH,513030.SH
rolling_tabu_search,2025,2026,30,159326.SZ|159329.SZ|159529.SZ|159766.SZ|159980.SZ|159981.SZ|161226.SZ|513120.SH|513180.SH|513290.SH|513310.SH|515880.SH|518880.SH,1.646430951012292,0.6095367007493793,tabu_neighbor,159209.SZ,159766.SZ
rolling_tabu_search,2025,2026,31,159209.SZ|159326.SZ|159329.SZ|159529.SZ|159980.SZ|159985.SZ|161226.SZ|513120.SH|513180.SH|513290.SH|513310.SH|515880.SH|518880.SH,1.7431799286658167,0.6980145323284309,tabu_neighbor,159981.SZ,159985.SZ
rolling_tabu_search,2025,2026,32,159209.SZ|159326.SZ|159529.SZ|159901.SZ|159980.SZ|159981.SZ|161226.SZ|513120.SH|513180.SH|513290.SH|513310.SH|513880.SH|518880.SH,1.5037080760987236,0.7701846985120948,tabu_neighbor,515880.SH,159901.SZ
rolling_tabu_search,2025,2026,33,159209.SZ|159326.SZ|159980.SZ|159981.SZ|161226.SZ|513100.SH|513120.SH|513180.SH|513290.SH|513310.SH|513880.SH|515880.SH|518880.SH,1.6712838465192303,0.7221670969211322,tabu_neighbor,159529.SZ,513100.SH
rolling_tabu_search,2025,2026,34,159209.SZ|159326.SZ|159529.SZ|159980.SZ|159981.SZ|159985.SZ|513120.SH|513180.SH|513290.SH|513310.SH|513880.SH|515880.SH|518880.SH,1.9914439627009244,0.6980145323284309,tabu_neighbor,161226.SZ,159985.SZ
rolling_tabu_search,2025,2026,35,159209.SZ|159326.SZ|159529.SZ|159980.SZ|161226.SZ|501018.SH|513120.SH|513180.SH|513290.SH|513310.SH|513880.SH|515880.SH|518880.SH,1.8810399225400631,0.6980145323284309,tabu_neighbor,159981.SZ,501018.SH
rolling_tabu_search,2025,2026,36,159209.SZ|159326.SZ|159980.SZ|159981.SZ|161226.SZ|513120.SH|513180.SH|513290.SH|513310.SH|513500.SH|513880.SH|515880.SH|518880.SH,1.8845170098834814,0.7199131004091246,tabu_neighbor,159529.SZ,513500.SH
rolling_tabu_search,2025,2026,37,159209.SZ|159326.SZ|159529.SZ|159687.SZ|159980.SZ|159981.SZ|159985.SZ|513120.SH|513180.SH|513310.SH|513880.SH|515880.SH|518880.SH,1.7099434242605978,0.6980145323284309,tabu_neighbor,513290.SH,159687.SZ
rolling_tabu_search,2025,2026,38,159206.SZ|159209.SZ|159529.SZ|159980.SZ|159981.SZ|159985.SZ|513120.SH|513180.SH|513290.SH|513310.SH|513880.SH|515880.SH|518880.SH,2.3361759406734923,0.6384964115398334,tabu_neighbor,159326.SZ,159206.SZ
rolling_tabu_search,2025,2026,39,159209.SZ|159529.SZ|159980.SZ|159981.SZ|159985.SZ|512800.SH|513120.SH|513180.SH|513290.SH|513310.SH|513880.SH|515880.SH|518880.SH,2.453225708177663,0.6384964115398334,tabu_neighbor,159326.SZ,512800.SH
rolling_tabu_search,2025,2026,40,159209.SZ|159326.SZ|159529.SZ|159980.SZ|159981.SZ|159985.SZ|513070.SH|513120.SH|513290.SH|513310.SH|513880.SH|515880.SH|518880.SH,2.2138202739703337,0.6980145323284309,tabu_neighbor,513180.SH,513070.SH
rolling_tabu_search,2025,2026,41,159209.SZ|159326.SZ|159529.SZ|159980.SZ|159981.SZ|159985.SZ|161226.SZ|513120.SH|513180.SH|513290.SH|513310.SH|513880.SH|515880.SH,1.59871255125916,0.6980145323284309,tabu_neighbor,518880.SH,161226.SZ
rolling_tabu_search,2025,2026,42,159209.SZ|159980.SZ|159981.SZ|159985.SZ|512800.SH|513100.SH|513120.SH|513180.SH|513290.SH|513310.SH|513880.SH|515880.SH|518880.SH,2.2377629528164382,0.7221670969211322,tabu_neighbor,159529.SZ,513100.SH
rolling_tabu_search,2025,2026,43,159209.SZ|159529.SZ|159920.SZ|159980.SZ|159981.SZ|159985.SZ|512800.SH|513180.SH|513290.SH|513310.SH|513880.SH|515880.SH|518880.SH,2.403212615143809,0.9154186634947195,tabu_neighbor,513120.SH,159920.SZ
rolling_tabu_search,2025,2026,44,159209.SZ|159529.SZ|159980.SZ|159981.SZ|159985.SZ|512800.SH|513070.SH|513120.SH|513290.SH|513310.SH|513880.SH|515880.SH|518880.SH,2.5481504064640066,0.6384964115398334,tabu_neighbor,513180.SH,513070.SH
rolling_tabu_search,2025,2026,45,159209.SZ|159529.SZ|159980.SZ|159981.SZ|159985.SZ|512800.SH|513120.SH|513180.SH|513290.SH|513730.SH|513880.SH|515880.SH|518880.SH,2.1575894593221343,0.6633214241297003,tabu_neighbor,513310.SH,513730.SH
rolling_tabu_search,2025,2026,46,159209.SZ|159529.SZ|159980.SZ|159981.SZ|159985.SZ|160644.SZ|512800.SH|513120.SH|513180.SH|513290.SH|513880.SH|515880.SH|518880.SH,2.145648110877912,0.6384964115398334,tabu_neighbor,513310.SH,160644.SZ
rolling_tabu_search,2025,2026,47,159209.SZ|159529.SZ|159980.SZ|159981.SZ|501018.SH|512800.SH|513070.SH|513120.SH|513290.SH|513310.SH|513880.SH|515880.SH|518880.SH,2.201929779126277,0.6384964115398334,tabu_neighbor,159985.SZ,501018.SH
rolling_tabu_search,2025,2026,48,159209.SZ|159529.SZ|159981.SZ|159985.SZ|161226.SZ|512800.SH|513070.SH|513120.SH|513290.SH|513310.SH|513880.SH|515880.SH|518880.SH,2.8786991102801363,0.6384964115398334,tabu_neighbor,159980.SZ,161226.SZ
rolling_tabu_search,2025,2026,49,159209.SZ|159529.SZ|159980.SZ|159985.SZ|501018.SH|512800.SH|513070.SH|513120.SH|513290.SH|513310.SH|513880.SH|515880.SH|518880.SH,2.11309001676856,0.6384964115398334,tabu_neighbor,159981.SZ,501018.SH
rolling_tabu_search,2025,2026,50,159209.SZ|159529.SZ|159980.SZ|159981.SZ|159985.SZ|512800.SH|513070.SH|513100.SH|513120.SH|513290.SH|513310.SH|515880.SH|518880.SH,2.484528505792312,0.6102494732985178,tabu_neighbor,513880.SH,513100.SH
rolling_tabu_search,2025,2026,51,159209.SZ|159529.SZ|159980.SZ|159985.SZ|161226.SZ|512800.SH|513070.SH|513120.SH|513290.SH|513310.SH|513880.SH|515880.SH|518880.SH,2.823683901904191,0.6384964115398334,tabu_neighbor,159981.SZ,161226.SZ
rolling_tabu_search,2025,2026,52,159209.SZ|159529.SZ|159981.SZ|159985.SZ|161226.SZ|512800.SH|513030.SH|513070.SH|513120.SH|513290.SH|513310.SH|515880.SH|518880.SH,2.5642999764954664,0.5548819696377425,tabu_neighbor,513880.SH,513030.SH
rolling_tabu_search,2025,2026,53,159529.SZ|159981.SZ|159985.SZ|161226.SZ|512040.SH|512800.SH|513070.SH|513120.SH|513290.SH|513310.SH|513880.SH|515880.SH|518880.SH,2.9374087289338036,0.6384964115398334,tabu_neighbor,159209.SZ,512040.SH
rolling_tabu_search,2025,2026,54,159209.SZ|159529.SZ|159851.SZ|159981.SZ|159985.SZ|161226.SZ|513070.SH|513120.SH|513290.SH|513310.SH|513880.SH|515880.SH|518880.SH,2.5027348157288754,0.6384964115398334,tabu_neighbor,512800.SH,159851.SZ
rolling_tabu_search,2025,2026,55,159209.SZ|159529.SZ|159981.SZ|159985.SZ|501018.SH|512800.SH|513070.SH|513120.SH|513290.SH|513310.SH|513880.SH|515880.SH|518880.SH,2.285712985817248,0.6384964115398334,tabu_neighbor,161226.SZ,501018.SH
rolling_tabu_search,2025,2026,56,159209.SZ|159529.SZ|159981.SZ|159985.SZ|161226.SZ|513070.SH|513120.SH|513290.SH|513310.SH|513880.SH|515880.SH|518880.SH|563300.SH,2.5216284375915854,0.6547849821915235,tabu_neighbor,512800.SH,563300.SH
rolling_tabu_search,2025,2026,57,159529.SZ|159985.SZ|161226.SZ|501018.SH|512040.SH|512800.SH|513070.SH|513120.SH|513290.SH|513310.SH|513880.SH|515880.SH|518880.SH,2.533750973311394,0.6384964115398334,tabu_neighbor,159981.SZ,501018.SH
rolling_tabu_search,2025,2026,58,159529.SZ|159981.SZ|159985.SZ|161226.SZ|512040.SH|512800.SH|513070.SH|513120.SH|513290.SH|513310.SH|513880.SH|518880.SH|563300.SH,2.3228616344600748,0.6626872283865414,tabu_neighbor,515880.SH,563300.SH
rolling_tabu_search,2025,2026,59,159529.SZ|159981.SZ|159985.SZ|161226.SZ|512040.SH|512800.SH|513070.SH|513180.SH|513290.SH|513310.SH|513880.SH|515880.SH|518880.SH,2.0007679384252643,0.9189240922360594,tabu_neighbor,513120.SH,513180.SH
rolling_tabu_search,2025,2026,60,159529.SZ|159687.SZ|159981.SZ|159985.SZ|161226.SZ|512040.SH|512800.SH|513070.SH|513120.SH|513290.SH|513880.SH|515880.SH|518880.SH,2.7411400939824198,0.6384964115398334,tabu_neighbor,513310.SH,159687.SZ
rolling_tabu_search,2025,2026,61,159981.SZ|159985.SZ|161226.SZ|512040.SH|512800.SH|513070.SH|513100.SH|513120.SH|513290.SH|513310.SH|513880.SH|515880.SH|518880.SH,2.426733629914634,0.7221670969211322,tabu_neighbor,159529.SZ,513100.SH
rolling_tabu_search,2025,2026,62,159529.SZ|159981.SZ|159985.SZ|161226.SZ|512040.SH|512800.SH|513030.SH|513070.SH|513120.SH|513290.SH|513880.SH|515880.SH|518880.SH,2.8385847612388484,0.6384964115398334,tabu_neighbor,159687.SZ,513030.SH
rolling_tabu_search,2025,2026,63,159529.SZ|159687.SZ|159981.SZ|159985.SZ|161226.SZ|510050.SH|512800.SH|513070.SH|513120.SH|513290.SH|513880.SH|515880.SH|518880.SH,2.5760548302468513,0.6384964115398334,tabu_neighbor,512040.SH,510050.SH
rolling_tabu_search,2025,2026,64,159529.SZ|159981.SZ|159985.SZ|161226.SZ|512040.SH|512800.SH|513070.SH|513120.SH|513290.SH|513500.SH|513880.SH|515880.SH|518880.SH,2.758997671900597,0.7199131004091246,tabu_neighbor,159687.SZ,513500.SH
rolling_tabu_search,2025,2026,65,159529.SZ|159687.SZ|159920.SZ|159981.SZ|159985.SZ|161226.SZ|512040.SH|512800.SH|513120.SH|513290.SH|513880.SH|515880.SH|518880.SH,2.8107632982185913,0.6384964115398334,tabu_neighbor,513070.SH,159920.SZ
rolling_tabu_search,2025,2026,66,159529.SZ|159687.SZ|159865.SZ|159981.SZ|159985.SZ|161226.SZ|512040.SH|512800.SH|513070.SH|513120.SH|513290.SH|513880.SH|518880.SH,2.156502037085311,0.6384964115398334,tabu_neighbor,515880.SH,159865.SZ
rolling_tabu_search,2025,2026,67,159981.SZ|159985.SZ|161226.SZ|164824.SZ|512040.SH|512800.SH|513030.SH|513070.SH|513120.SH|513290.SH|513880.SH|515880.SH|518880.SH,2.8052361911719017,0.6384964115398334,tabu_neighbor,159529.SZ,164824.SZ
rolling_tabu_search,2025,2026,68,159529.SZ|159981.SZ|159985.SZ|161226.SZ|512040.SH|512400.SH|512800.SH|513030.SH|513070.SH|513120.SH|513290.SH|513880.SH|518880.SH,2.208649122279493,0.666036810456275,tabu_neighbor,515880.SH,512400.SH
rolling_tabu_search,2025,2026,69,159529.SZ|159981.SZ|161226.SZ|501018.SH|512040.SH|512800.SH|513030.SH|513070.SH|513120.SH|513290.SH|513880.SH|515880.SH|518880.SH,2.4872092362031295,0.6384964115398334,tabu_neighbor,159985.SZ,501018.SH
rolling_tabu_search,2025,2026,70,159981.SZ|159985.SZ|161226.SZ|512040.SH|512800.SH|513030.SH|513070.SH|513120.SH|513290.SH|513730.SH|513880.SH|515880.SH|518880.SH,2.4648199928505687,0.6633214241297003,tabu_neighbor,159529.SZ,513730.SH
rolling_tabu_search,2025,2026,71,159529.SZ|159981.SZ|159985.SZ|161226.SZ|512040.SH|512800.SH|513030.SH|513070.SH|513120.SH|513290.SH|513880.SH|515220.SH|518880.SH,1.7350893429950633,0.6435920112723892,tabu_neighbor,515880.SH,515220.SH
rolling_tabu_search,2025,2026,72,159981.SZ|159985.SZ|161226.SZ|164824.SZ|512040.SH|512170.SH|512800.SH|513030.SH|513070.SH|513120.SH|513290.SH|513880.SH|518880.SH,1.9949760226895705,0.6552569526273515,tabu_neighbor,515880.SH,512170.SH
rolling_tabu_search,2025,2026,73,159928.SZ|159981.SZ|159985.SZ|161226.SZ|164824.SZ|512800.SH|513030.SH|513070.SH|513120.SH|513290.SH|513880.SH|515880.SH|518880.SH,2.1613555903411386,0.6384964115398334,tabu_neighbor,512040.SH,159928.SZ
rolling_tabu_search,2025,2026,74,159920.SZ|159981.SZ|159985.SZ|161226.SZ|164824.SZ|512040.SH|512800.SH|513030.SH|513120.SH|513290.SH|513880.SH|515880.SH|518880.SH,2.8443213400628986,0.6384964115398334,tabu_neighbor,513070.SH,159920.SZ
rolling_tabu_search,2025,2026,75,159981.SZ|159985.SZ|160644.SZ|161226.SZ|164824.SZ|512040.SH|512800.SH|513070.SH|513120.SH|513290.SH|513880.SH|515880.SH|518880.SH,2.442604645472475,0.6384964115398334,tabu_neighbor,513030.SH,160644.SZ
rolling_tabu_search,2025,2026,76,159981.SZ|159985.SZ|160644.SZ|161226.SZ|164824.SZ|512040.SH|512800.SH|513030.SH|513070.SH|513120.SH|513880.SH|515880.SH|518880.SH,2.3488384027883584,0.5655085287871797,tabu_neighbor,513290.SH,160644.SZ
rolling_tabu_search,2025,2026,77,159920.SZ|159985.SZ|161226.SZ|164824.SZ|501018.SH|512040.SH|512800.SH|513030.SH|513120.SH|513290.SH|513880.SH|515880.SH|518880.SH,2.8144687892933486,0.6384964115398334,tabu_neighbor,159981.SZ,501018.SH
rolling_tabu_search,2025,2026,78,159920.SZ|159981.SZ|159985.SZ|161226.SZ|164824.SZ|512040.SH|512800.SH|513100.SH|513120.SH|513290.SH|513880.SH|515880.SH|518880.SH,2.6052685072559116,0.7221670969211322,tabu_neighbor,513030.SH,513100.SH
rolling_tabu_search,2025,2026,79,159981.SZ|159985.SZ|161226.SZ|164824.SZ|512040.SH|512800.SH|513030.SH|513120.SH|513180.SH|513290.SH|513880.SH|515880.SH|518880.SH,2.696161317305672,0.6384964115398334,tabu_neighbor,159920.SZ,513180.SH
rolling_tabu_search,2025,2026,80,159981.SZ|159985.SZ|161226.SZ|164824.SZ|512040.SH|512800.SH|513030.SH|513120.SH|513290.SH|513750.SH|513880.SH|515880.SH|518880.SH,3.0084505514411255,0.6384964115398334,tabu_neighbor,159920.SZ,513750.SH
rolling_tabu_search,2025,2026,81,159920.SZ|159980.SZ|159985.SZ|161226.SZ|164824.SZ|512040.SH|512800.SH|513030.SH|513120.SH|513290.SH|513880.SH|515880.SH|518880.SH,2.7154818298560537,0.6384964115398334,tabu_neighbor,159981.SZ,159980.SZ
rolling_tabu_search,2025,2026,82,159901.SZ|159981.SZ|159985.SZ|161226.SZ|164824.SZ|512800.SH|513030.SH|513120.SH|513290.SH|513750.SH|513880.SH|515880.SH|518880.SH,2.849588325746497,0.7563077770511324,tabu_neighbor,512040.SH,159901.SZ
rolling_tabu_search,2025,2026,83,159981.SZ|159985.SZ|161226.SZ|164824.SZ|512040.SH|513030.SH|513120.SH|513290.SH|513750.SH|513880.SH|515880.SH|516150.SH|518880.SH,2.6945454785811753,0.6384964115398334,tabu_neighbor,512800.SH,516150.SH
rolling_tabu_search,2025,2026,84,159981.SZ|159985.SZ|161226.SZ|164824.SZ|512040.SH|512800.SH|513030.SH|513120.SH|513310.SH|513750.SH|513880.SH|515880.SH|518880.SH,2.6794033091645266,0.5993190298715967,tabu_neighbor,513290.SH,513310.SH
rolling_tabu_search,2025,2026,85,159509.SZ|159981.SZ|159985.SZ|161226.SZ|512040.SH|512800.SH|513030.SH|513120.SH|513290.SH|513750.SH|513880.SH|515880.SH|518880.SH,2.535132984833764,0.6559960328867108,tabu_neighbor,164824.SZ,159509.SZ
rolling_tabu_search,2025,2026,86,159851.SZ|159981.SZ|159985.SZ|161226.SZ|164824.SZ|512800.SH|513030.SH|513120.SH|513290.SH|513750.SH|513880.SH|515880.SH|518880.SH,2.7025230814865275,0.6384964115398334,tabu_neighbor,512040.SH,159851.SZ
rolling_tabu_search,2025,2026,87,159901.SZ|159981.SZ|161226.SZ|164824.SZ|501018.SH|512800.SH|513030.SH|513120.SH|513290.SH|513750.SH|513880.SH|515880.SH|518880.SH,2.5191488645755262,0.7563077770511324,tabu_neighbor,159985.SZ,501018.SH
rolling_tabu_search,2025,2026,88,159901.SZ|159985.SZ|161226.SZ|164824.SZ|501018.SH|512800.SH|513030.SH|513120.SH|513290.SH|513750.SH|513880.SH|515880.SH|518880.SH,2.544155082743275,0.7563077770511324,tabu_neighbor,159981.SZ,501018.SH
rolling_tabu_search,2025,2026,89,159509.SZ|159901.SZ|159981.SZ|159985.SZ|161226.SZ|164824.SZ|512800.SH|513030.SH|513120.SH|513750.SH|513880.SH|515880.SH|518880.SH,2.7216141864897536,0.7563077770511324,tabu_neighbor,513290.SH,159509.SZ
rolling_tabu_search,2025,2026,90,159901.SZ|159981.SZ|159985.SZ|161226.SZ|512800.SH|513030.SH|513080.SH|513120.SH|513290.SH|513750.SH|513880.SH|515880.SH|518880.SH,2.641666513301043,0.8203596986693006,tabu_neighbor,164824.SZ,513080.SH
rolling_tabu_search,2025,2026,91,159901.SZ|159981.SZ|159985.SZ|161226.SZ|164824.SZ|512800.SH|513030.SH|513120.SH|513290.SH|513750.SH|513880.SH|515790.SH|518880.SH,2.344911322250282,0.7596541200814041,tabu_neighbor,515880.SH,515790.SH
rolling_tabu_search,2025,2026,92,159509.SZ|159981.SZ|159985.SZ|161226.SZ|164824.SZ|512800.SH|513030.SH|513120.SH|513750.SH|513880.SH|515220.SH|515880.SH|518880.SH,2.730879391092758,0.6559960328867108,tabu_neighbor,159901.SZ,515220.SH
rolling_tabu_search,2025,2026,93,159329.SZ|159509.SZ|159901.SZ|159981.SZ|159985.SZ|161226.SZ|164824.SZ|512800.SH|513120.SH|513750.SH|513880.SH|515880.SH|518880.SH,2.3202670662476765,0.7563077770511324,tabu_neighbor,513030.SH,159329.SZ
rolling_tabu_search,2025,2026,94,159509.SZ|159901.SZ|159981.SZ|159985.SZ|161226.SZ|164824.SZ|512800.SH|513030.SH|513070.SH|513750.SH|513880.SH|515880.SH|518880.SH,2.592547621077162,0.7563077770511324,tabu_neighbor,513120.SH,513070.SH
rolling_tabu_search,2025,2026,95,159509.SZ|159901.SZ|159981.SZ|161226.SZ|164824.SZ|501018.SH|512800.SH|513030.SH|513120.SH|513750.SH|513880.SH|515880.SH|518880.SH,2.2871335720643744,0.7563077770511324,tabu_neighbor,159985.SZ,501018.SH
rolling_tabu_search,2025,2026,96,159509.SZ|159687.SZ|159901.SZ|159981.SZ|159985.SZ|161226.SZ|512800.SH|513030.SH|513120.SH|513750.SH|513880.SH|515880.SH|518880.SH,2.8017201923664072,0.7563077770511324,tabu_neighbor,164824.SZ,159687.SZ
rolling_tabu_search,2025,2026,97,159509.SZ|159687.SZ|159901.SZ|159981.SZ|159985.SZ|160644.SZ|161226.SZ|512800.SH|513030.SH|513120.SH|513750.SH|515880.SH|518880.SH,2.3736992106820503,0.7563077770511324,tabu_neighbor,513880.SH,160644.SZ
rolling_tabu_search,2025,2026,98,159326.SZ|159509.SZ|159687.SZ|159981.SZ|159985.SZ|161226.SZ|512800.SH|513030.SH|513120.SH|513750.SH|513880.SH|515880.SH|518880.SH,2.721410415421169,0.6559960328867108,tabu_neighbor,159901.SZ,159326.SZ
rolling_tabu_search,2025,2026,99,159329.SZ|159509.SZ|159687.SZ|159901.SZ|159981.SZ|159985.SZ|161226.SZ|512800.SH|513120.SH|513750.SH|513880.SH|515880.SH|518880.SH,2.3357969080582004,0.7563077770511324,tabu_neighbor,513030.SH,159329.SZ
rolling_tabu_search,2025,2026,100,159509.SZ|159687.SZ|159901.SZ|159980.SZ|159981.SZ|161226.SZ|512800.SH|513030.SH|513120.SH|513750.SH|513880.SH|515880.SH|518880.SH,2.412084308220199,0.7563077770511324,tabu_neighbor,159985.SZ,159980.SZ
