method,training_period,holding_period,evaluation,codes,sharpe,maximum_within_group_correlation,phase,generation,particle
rolling_particle_swarm,2021-07-01/2021-12-31,2022-01-01/2022-06-30,1,159901.SZ|159920.SZ|159980.SZ|159985.SZ|501018.SH|512200.SH|513030.SH|513080.SH|513180.SH|513500.SH|513880.SH|516150.SH|518880.SH,-1.3809150180987266,0.9194433972050108,initial_swarm,,
rolling_particle_swarm,2021-07-01/2021-12-31,2022-01-01/2022-06-30,2,159825.SZ|159869.SZ|159920.SZ|159949.SZ|159980.SZ|159981.SZ|159985.SZ|160644.SZ|161226.SZ|164824.SZ|513030.SH|513100.SH|513180.SH,-0.09507470222157471,0.9194433972050108,initial_swarm,,
rolling_particle_swarm,2021-07-01/2021-12-31,2022-01-01/2022-06-30,3,159920.SZ|159980.SZ|159985.SZ|160644.SZ|161226.SZ|501018.SH|510180.SH|512660.SH|512880.SH|513030.SH|513100.SH|513180.SH|513500.SH,-0.2136423291269693,0.9194433972050108,initial_swarm,,
rolling_particle_swarm,2021-07-01/2021-12-31,2022-01-01/2022-06-30,4,159825.SZ|159870.SZ|159920.SZ|159980.SZ|159981.SZ|160644.SZ|161226.SZ|164824.SZ|512040.SH|513080.SH|513180.SH|513880.SH|518880.SH,-0.9191750884189797,0.9194433972050108,initial_swarm,,
rolling_particle_swarm,2021-07-01/2021-12-31,2022-01-01/2022-06-30,5,159865.SZ|159920.SZ|159980.SZ|159981.SZ|159985.SZ|164824.SZ|501018.SH|510210.SH|512100.SH|513030.SH|513080.SH|513180.SH|513500.SH,0.4828387088919193,0.9194433972050108,initial_swarm,,
rolling_particle_swarm,2021-07-01/2021-12-31,2022-01-01/2022-06-30,6,159870.SZ|159920.SZ|159967.SZ|159981.SZ|159985.SZ|161226.SZ|164824.SZ|510880.SH|513030.SH|513080.SH|513180.SH|513880.SH|518880.SH,-0.8921474599190523,0.9194433972050108,initial_swarm,,
rolling_particle_swarm,2021-07-01/2021-12-31,2022-01-01/2022-06-30,7,159920.SZ|159980.SZ|160644.SZ|161226.SZ|164824.SZ|501018.SH|512800.SH|513180.SH|513500.SH|513880.SH|515210.SH|518880.SH|588000.SH,-0.5372583885678947,0.9194433972050108,initial_swarm,,
rolling_particle_swarm,2021-07-01/2021-12-31,2022-01-01/2022-06-30,8,159825.SZ|159865.SZ|159920.SZ|159980.SZ|159985.SZ|160644.SZ|161226.SZ|164824.SZ|512400.SH|513030.SH|513180.SH|513880.SH|518880.SH,-2.0844356569807267,0.9194433972050108,initial_swarm,,
rolling_particle_swarm,2021-07-01/2021-12-31,2022-01-01/2022-06-30,9,159920.SZ|159980.SZ|159985.SZ|160644.SZ|164824.SZ|501018.SH|510180.SH|512170.SH|513080.SH|513180.SH|513880.SH|516150.SH|518880.SH,-1.512153716437847,0.9194433972050108,initial_swarm,,
rolling_particle_swarm,2021-07-01/2021-12-31,2022-01-01/2022-06-30,10,159852.SZ|159920.SZ|159980.SZ|159985.SZ|160644.SZ|161226.SZ|512200.SH|513030.SH|513080.SH|513100.SH|513180.SH|515880.SH|518880.SH,-2.0400869126818373,0.9194433972050108,initial_swarm,,
rolling_particle_swarm,2021-07-01/2021-12-31,2022-01-01/2022-06-30,11,159920.SZ|159981.SZ|159985.SZ|160644.SZ|161226.SZ|164824.SZ|501018.SH|512400.SH|512800.SH|513030.SH|513180.SH|513500.SH|515790.SH,-0.820798882122489,0.9194433972050108,initial_swarm,,
rolling_particle_swarm,2021-07-01/2021-12-31,2022-01-01/2022-06-30,12,159920.SZ|159980.SZ|159981.SZ|161226.SZ|164824.SZ|512400.SH|512980.SH|513030.SH|513080.SH|513100.SH|513180.SH|518880.SH|588000.SH,-0.3322526566663244,0.9194433972050108,initial_swarm,,
rolling_particle_swarm,2021-07-01/2021-12-31,2022-01-01/2022-06-30,13,159852.SZ|159920.SZ|159980.SZ|159981.SZ|159985.SZ|160644.SZ|161226.SZ|510180.SH|512980.SH|513080.SH|513100.SH|513180.SH|513500.SH,-0.756910579033397,0.9194433972050108,initial_swarm,,
rolling_particle_swarm,2021-07-01/2021-12-31,2022-01-01/2022-06-30,14,159920.SZ|159980.SZ|159985.SZ|160644.SZ|161226.SZ|164824.SZ|501018.SH|512880.SH|513100.SH|513180.SH|513880.SH|515790.SH|516150.SH,0.3688598292439532,0.9194433972050108,initial_swarm,,
rolling_particle_swarm,2021-07-01/2021-12-31,2022-01-01/2022-06-30,15,159766.SZ|159920.SZ|159980.SZ|159981.SZ|159985.SZ|161226.SZ|164824.SZ|510180.SH|510500.SH|513030.SH|513080.SH|513180.SH|513500.SH,-0.9416849495333046,0.9194433972050108,initial_swarm,,
rolling_particle_swarm,2021-07-01/2021-12-31,2022-01-01/2022-06-30,16,159869.SZ|159870.SZ|159920.SZ|159980.SZ|159981.SZ|159985.SZ|164824.SZ|501018.SH|512200.SH|513030.SH|513100.SH|513180.SH|513500.SH,0.05663695897732912,0.9194433972050108,initial_swarm,,
rolling_particle_swarm,2021-07-01/2021-12-31,2022-01-01/2022-06-30,17,159915.SZ|159920.SZ|159981.SZ|159985.SZ|160644.SZ|161226.SZ|164824.SZ|513030.SH|513180.SH|513880.SH|515210.SH|515880.SH|518880.SH,0.07692191870595254,0.9194433972050108,initial_swarm,,
rolling_particle_swarm,2021-07-01/2021-12-31,2022-01-01/2022-06-30,18,159920.SZ|159980.SZ|159981.SZ|159985.SZ|164824.SZ|501018.SH|510210.SH|512100.SH|513030.SH|513180.SH|513500.SH|513880.SH|515790.SH,0.39151736491133576,0.9194433972050108,initial_swarm,,
rolling_particle_swarm,2021-07-01/2021-12-31,2022-01-01/2022-06-30,19,159870.SZ|159920.SZ|159967.SZ|159980.SZ|159981.SZ|161226.SZ|164824.SZ|501018.SH|513030.SH|513080.SH|513180.SH|513500.SH|515210.SH,-0.3371821338819445,0.9194433972050108,initial_swarm,,
rolling_particle_swarm,2021-07-01/2021-12-31,2022-01-01/2022-06-30,20,159869.SZ|159920.SZ|159980.SZ|159981.SZ|160644.SZ|161226.SZ|164824.SZ|501018.SH|510050.SH|512660.SH|513100.SH|513180.SH|513880.SH,0.34274732919610307,0.9194433972050108,initial_swarm,,
rolling_particle_swarm,2021-07-01/2021-12-31,2022-01-01/2022-06-30,21,159920.SZ|159980.SZ|159985.SZ|160644.SZ|161226.SZ|510210.SH|510500.SH|512660.SH|513030.SH|513080.SH|513180.SH|513880.SH|518880.SH,-1.9835898434086983,0.9194433972050108,particle,0.0,0.0
rolling_particle_swarm,2021-07-01/2021-12-31,2022-01-01/2022-06-30,22,159766.SZ|159901.SZ|159920.SZ|159980.SZ|159981.SZ|159985.SZ|160644.SZ|501018.SH|512660.SH|513080.SH|513180.SH|513500.SH|513880.SH,0.22579917419148965,0.9194433972050108,particle,0.0,1.0
rolling_particle_swarm,2021-07-01/2021-12-31,2022-01-01/2022-06-30,23,159915.SZ|159920.SZ|159980.SZ|159981.SZ|159985.SZ|160644.SZ|161226.SZ|512400.SH|512660.SH|513030.SH|513180.SH|513500.SH|513880.SH,-0.35915735424033973,0.9194433972050108,particle,0.0,2.0
rolling_particle_swarm,2021-07-01/2021-12-31,2022-01-01/2022-06-30,24,159901.SZ|159920.SZ|159980.SZ|159981.SZ|159985.SZ|164824.SZ|501018.SH|513080.SH|513100.SH|513180.SH|513500.SH|515880.SH|588000.SH,0.5635021170831439,0.9194433972050108,particle,0.0,3.0
rolling_particle_swarm,2021-07-01/2021-12-31,2022-01-01/2022-06-30,25,159869.SZ|159920.SZ|159980.SZ|159981.SZ|159985.SZ|164824.SZ|501018.SH|510180.SH|513030.SH|513180.SH|513500.SH|513880.SH|515880.SH,0.489788879319295,0.9194433972050108,particle,0.0,4.0
rolling_particle_swarm,2021-07-01/2021-12-31,2022-01-01/2022-06-30,26,159920.SZ|159981.SZ|159985.SZ|161226.SZ|510300.SH|512660.SH|513030.SH|513080.SH|513180.SH|513500.SH|513880.SH|515220.SH|518880.SH,-0.7186330945832529,0.9194433972050108,particle,0.0,5.0
rolling_particle_swarm,2021-07-01/2021-12-31,2022-01-01/2022-06-30,27,159766.SZ|159920.SZ|159980.SZ|159981.SZ|501018.SH|512660.SH|513030.SH|513080.SH|513100.SH|513180.SH|513880.SH|515880.SH|518880.SH,-0.3043820168219663,0.9194433972050108,particle,0.0,6.0
rolling_particle_swarm,2021-07-01/2021-12-31,2022-01-01/2022-06-30,28,159920.SZ|159949.SZ|159980.SZ|159981.SZ|159985.SZ|164824.SZ|501018.SH|510880.SH|513030.SH|513080.SH|513100.SH|513180.SH|515790.SH,0.4266592021311923,0.9194433972050108,particle,0.0,7.0
rolling_particle_swarm,2021-07-01/2021-12-31,2022-01-01/2022-06-30,29,159920.SZ|159980.SZ|159981.SZ|159985.SZ|160644.SZ|161226.SZ|164824.SZ|510210.SH|510880.SH|513100.SH|513180.SH|513500.SH|515790.SH,0.8752154795588536,0.9194433972050108,particle,0.0,8.0
rolling_particle_swarm,2021-07-01/2021-12-31,2022-01-01/2022-06-30,30,159865.SZ|159920.SZ|159949.SZ|159981.SZ|159985.SZ|161226.SZ|164824.SZ|501018.SH|512800.SH|513080.SH|513100.SH|513180.SH|513880.SH,-0.7385608262591691,0.9194433972050108,particle,0.0,9.0
rolling_particle_swarm,2021-07-01/2021-12-31,2022-01-01/2022-06-30,31,159920.SZ|159980.SZ|159985.SZ|160644.SZ|501018.SH|512400.SH|512660.SH|512800.SH|513100.SH|513180.SH|513500.SH|513880.SH|518880.SH,-1.1306057677383694,0.9194433972050108,particle,0.0,10.0
rolling_particle_swarm,2021-07-01/2021-12-31,2022-01-01/2022-06-30,32,159865.SZ|159920.SZ|159980.SZ|159981.SZ|160644.SZ|161226.SZ|513080.SH|513100.SH|513180.SH|513500.SH|515880.SH|518880.SH|588000.SH,0.4306901125205251,0.9194433972050108,particle,0.0,11.0
rolling_particle_swarm,2021-07-01/2021-12-31,2022-01-01/2022-06-30,33,159920.SZ|159980.SZ|160644.SZ|161226.SZ|164824.SZ|501018.SH|510180.SH|510500.SH|513030.SH|513100.SH|513180.SH|515880.SH|518880.SH,0.19379866058685494,0.9194433972050108,particle,0.0,12.0
rolling_particle_swarm,2021-07-01/2021-12-31,2022-01-01/2022-06-30,34,159870.SZ|159920.SZ|159980.SZ|159981.SZ|159985.SZ|160644.SZ|510300.SH|512200.SH|513080.SH|513180.SH|513500.SH|513880.SH|518880.SH,-1.7824449579080421,0.9194433972050108,particle,0.0,13.0
rolling_particle_swarm,2021-07-01/2021-12-31,2022-01-01/2022-06-30,35,159901.SZ|159920.SZ|159928.SZ|159980.SZ|159985.SZ|160644.SZ|161226.SZ|512200.SH|513100.SH|513180.SH|513500.SH|513880.SH|518880.SH,-1.9763971148760582,0.9194433972050108,particle,0.0,14.0
rolling_particle_swarm,2021-07-01/2021-12-31,2022-01-01/2022-06-30,36,159825.SZ|159865.SZ|159920.SZ|159980.SZ|159981.SZ|160644.SZ|161226.SZ|501018.SH|512170.SH|513030.SH|513080.SH|513100.SH|513180.SH,-0.7820456960481593,0.9194433972050108,particle,0.0,15.0
rolling_particle_swarm,2021-07-01/2021-12-31,2022-01-01/2022-06-30,37,159920.SZ|159980.SZ|159985.SZ|161226.SZ|164824.SZ|501018.SH|512400.SH|512800.SH|513080.SH|513100.SH|513180.SH|513500.SH|515790.SH,-0.8595028636091032,0.9194433972050108,particle,0.0,16.0
rolling_particle_swarm,2021-07-01/2021-12-31,2022-01-01/2022-06-30,38,159920.SZ|159981.SZ|159985.SZ|160644.SZ|161226.SZ|501018.SH|512660.SH|512980.SH|513030.SH|513080.SH|513100.SH|513180.SH|516150.SH,0.07038809186251342,0.9194433972050108,particle,0.0,17.0
rolling_particle_swarm,2021-07-01/2021-12-31,2022-01-01/2022-06-30,39,159766.SZ|159915.SZ|159920.SZ|159980.SZ|159985.SZ|160644.SZ|161226.SZ|513080.SH|513100.SH|513180.SH|513500.SH|515880.SH|518880.SH,-1.4712031825172969,0.9194433972050108,particle,0.0,18.0
rolling_particle_swarm,2021-07-01/2021-12-31,2022-01-01/2022-06-30,40,159920.SZ|159980.SZ|159981.SZ|161226.SZ|164824.SZ|510050.SH|510210.SH|513080.SH|513100.SH|513180.SH|513880.SH|518880.SH|588000.SH,-0.4753653947610682,0.9194433972050108,particle,0.0,19.0
rolling_particle_swarm,2021-07-01/2021-12-31,2022-01-01/2022-06-30,41,159920.SZ|159980.SZ|159981.SZ|159985.SZ|160644.SZ|161226.SZ|164824.SZ|512170.SH|512660.SH|513180.SH|513500.SH|513880.SH|516150.SH,-0.34432067329274707,0.9194433972050108,particle,1.0,0.0
rolling_particle_swarm,2021-07-01/2021-12-31,2022-01-01/2022-06-30,42,159901.SZ|159920.SZ|159980.SZ|159985.SZ|160644.SZ|161226.SZ|164824.SZ|501018.SH|513100.SH|513180.SH|513880.SH|515220.SH|515790.SH,0.11668055651265029,0.9194433972050108,particle,1.0,1.0
rolling_particle_swarm,2021-07-01/2021-12-31,2022-01-01/2022-06-30,43,159870.SZ|159901.SZ|159915.SZ|159920.SZ|159981.SZ|160644.SZ|161226.SZ|164824.SZ|501018.SH|513030.SH|513100.SH|513180.SH|518880.SH,-0.47209346115103057,0.9194433972050108,particle,1.0,2.0
rolling_particle_swarm,2021-07-01/2021-12-31,2022-01-01/2022-06-30,44,159865.SZ|159920.SZ|159980.SZ|159981.SZ|159985.SZ|501018.SH|510210.SH|512040.SH|513030.SH|513080.SH|513100.SH|513180.SH|513500.SH,0.832102682614055,0.9194433972050108,particle,1.0,3.0
rolling_particle_swarm,2021-07-01/2021-12-31,2022-01-01/2022-06-30,45,159901.SZ|159920.SZ|159981.SZ|159985.SZ|160644.SZ|161226.SZ|510880.SH|513100.SH|513180.SH|513500.SH|513880.SH|515220.SH|518880.SH,0.024903159730319105,0.9194433972050108,particle,1.0,4.0
rolling_particle_swarm,2021-07-01/2021-12-31,2022-01-01/2022-06-30,46,159915.SZ|159920.SZ|159980.SZ|159981.SZ|164824.SZ|501018.SH|512100.SH|512170.SH|513080.SH|513100.SH|513180.SH|513500.SH|518880.SH,-0.6961284216376139,0.9194433972050108,particle,1.0,5.0
rolling_particle_swarm,2021-07-01/2021-12-31,2022-01-01/2022-06-30,47,159825.SZ|159852.SZ|159920.SZ|159980.SZ|159981.SZ|159985.SZ|160644.SZ|161226.SZ|164824.SZ|513100.SH|513180.SH|513500.SH|515790.SH,0.4054543993288124,0.9194433972050108,particle,1.0,6.0
rolling_particle_swarm,2021-07-01/2021-12-31,2022-01-01/2022-06-30,48,159920.SZ|159981.SZ|159985.SZ|160644.SZ|161226.SZ|164824.SZ|501018.SH|510180.SH|512200.SH|512980.SH|513100.SH|513180.SH|513880.SH,0.20665134719271624,0.9194433972050108,particle,1.0,7.0
rolling_particle_swarm,2021-07-01/2021-12-31,2022-01-01/2022-06-30,49,159825.SZ|159915.SZ|159920.SZ|159980.SZ|159981.SZ|159985.SZ|161226.SZ|164824.SZ|512980.SH|513080.SH|513100.SH|513180.SH|513500.SH,-0.4803347796512174,0.9194433972050108,particle,1.0,8.0
rolling_particle_swarm,2021-07-01/2021-12-31,2022-01-01/2022-06-30,50,159920.SZ|159980.SZ|159981.SZ|160644.SZ|501018.SH|510210.SH|510880.SH|512170.SH|513080.SH|513180.SH|513500.SH|513880.SH|518880.SH,-0.7988492981456287,0.9194433972050108,particle,1.0,9.0
rolling_particle_swarm,2021-07-01/2021-12-31,2022-01-01/2022-06-30,51,159766.SZ|159920.SZ|159949.SZ|159980.SZ|159981.SZ|159985.SZ|161226.SZ|164824.SZ|512100.SH|513030.SH|513180.SH|513500.SH|513880.SH,-0.327256837405453,0.9194433972050108,particle,1.0,10.0
rolling_particle_swarm,2021-07-01/2021-12-31,2022-01-01/2022-06-30,52,159825.SZ|159920.SZ|159967.SZ|159981.SZ|159985.SZ|160644.SZ|164824.SZ|501018.SH|512800.SH|513180.SH|513500.SH|513880.SH|518880.SH,-0.681792324193398,0.9194433972050108,particle,1.0,11.0
rolling_particle_swarm,2021-07-01/2021-12-31,2022-01-01/2022-06-30,53,159920.SZ|159928.SZ|159980.SZ|159981.SZ|159985.SZ|161226.SZ|164824.SZ|510300.SH|513080.SH|513100.SH|513180.SH|513880.SH|515210.SH,-0.5571047747043175,0.9194433972050108,particle,1.0,12.0
rolling_particle_swarm,2021-07-01/2021-12-31,2022-01-01/2022-06-30,54,159920.SZ|159981.SZ|159985.SZ|161226.SZ|164824.SZ|510210.SH|510880.SH|512040.SH|513030.SH|513080.SH|513100.SH|513180.SH|518880.SH,-0.09136995768227948,0.9194433972050108,particle,1.0,13.0
rolling_particle_swarm,2021-07-01/2021-12-31,2022-01-01/2022-06-30,55,159920.SZ|159980.SZ|159981.SZ|159985.SZ|164824.SZ|501018.SH|510050.SH|510210.SH|512400.SH|513080.SH|513100.SH|513180.SH|513880.SH,-0.12147875528925768,0.9194433972050108,particle,1.0,14.0
rolling_particle_swarm,2021-07-01/2021-12-31,2022-01-01/2022-06-30,56,159869.SZ|159920.SZ|159980.SZ|159985.SZ|160644.SZ|161226.SZ|164824.SZ|512200.SH|512890.SH|513030.SH|513180.SH|513500.SH|518880.SH,-0.6343754075294737,0.9194433972050108,particle,1.0,15.0
rolling_particle_swarm,2021-07-01/2021-12-31,2022-01-01/2022-06-30,57,159920.SZ|159980.SZ|159985.SZ|160644.SZ|164824.SZ|501018.SH|512100.SH|512660.SH|512880.SH|513100.SH|513180.SH|513880.SH|518880.SH,0.1980496261975578,0.9194433972050108,particle,1.0,16.0
rolling_particle_swarm,2021-07-01/2021-12-31,2022-01-01/2022-06-30,58,159825.SZ|159920.SZ|159981.SZ|159985.SZ|160644.SZ|161226.SZ|164824.SZ|510050.SH|510880.SH|513030.SH|513100.SH|513180.SH|518880.SH,-0.6849478296719506,0.9194433972050108,particle,1.0,17.0
rolling_particle_swarm,2021-07-01/2021-12-31,2022-01-01/2022-06-30,59,159920.SZ|159928.SZ|159980.SZ|159981.SZ|159985.SZ|160644.SZ|164824.SZ|501018.SH|512040.SH|512100.SH|513100.SH|513180.SH|513880.SH,1.0680761340330245,0.9194433972050108,particle,1.0,18.0
rolling_particle_swarm,2021-07-01/2021-12-31,2022-01-01/2022-06-30,60,159869.SZ|159915.SZ|159920.SZ|159928.SZ|159980.SZ|159981.SZ|160644.SZ|161226.SZ|501018.SH|513100.SH|513180.SH|513500.SH|513880.SH,-0.13847541806389027,0.9194433972050108,particle,1.0,19.0
rolling_particle_swarm,2021-07-01/2021-12-31,2022-01-01/2022-06-30,61,159766.SZ|159920.SZ|159980.SZ|159985.SZ|164824.SZ|501018.SH|510210.SH|512100.SH|513030.SH|513100.SH|513180.SH|513880.SH|518880.SH,0.12500505845863083,0.9194433972050108,particle,2.0,0.0
rolling_particle_swarm,2021-07-01/2021-12-31,2022-01-01/2022-06-30,62,159825.SZ|159851.SZ|159920.SZ|159980.SZ|159981.SZ|159985.SZ|160644.SZ|512100.SH|513030.SH|513180.SH|513500.SH|513880.SH|518880.SH,0.565459945788952,0.9194433972050108,particle,2.0,1.0
rolling_particle_swarm,2021-07-01/2021-12-31,2022-01-01/2022-06-30,63,159852.SZ|159869.SZ|159920.SZ|159980.SZ|159985.SZ|501018.SH|512880.SH|513030.SH|513100.SH|513180.SH|513500.SH|513880.SH|518880.SH,-1.0460954791924384,0.9194433972050108,particle,2.0,2.0
rolling_particle_swarm,2021-07-01/2021-12-31,2022-01-01/2022-06-30,64,159865.SZ|159920.SZ|159949.SZ|159980.SZ|160644.SZ|161226.SZ|164824.SZ|501018.SH|512040.SH|513030.SH|513100.SH|513180.SH|518880.SH,-0.2070631990917541,0.9194433972050108,particle,2.0,3.0
rolling_particle_swarm,2021-07-01/2021-12-31,2022-01-01/2022-06-30,65,159920.SZ|159928.SZ|159980.SZ|159981.SZ|159985.SZ|161226.SZ|164824.SZ|510180.SH|513030.SH|513080.SH|513180.SH|513880.SH|515790.SH,-0.6122728470944729,0.9194433972050108,particle,2.0,4.0
rolling_particle_swarm,2021-07-01/2021-12-31,2022-01-01/2022-06-30,66,159865.SZ|159920.SZ|159980.SZ|159981.SZ|159985.SZ|160644.SZ|164824.SZ|501018.SH|510500.SH|510880.SH|513100.SH|513180.SH|513500.SH,0.9599084930429619,0.9194433972050108,particle,2.0,5.0
rolling_particle_swarm,2021-07-01/2021-12-31,2022-01-01/2022-06-30,67,159920.SZ|159928.SZ|159980.SZ|159981.SZ|159985.SZ|160644.SZ|501018.SH|510180.SH|513030.SH|513080.SH|513180.SH|513880.SH|515210.SH,-0.7645652740817884,0.9194433972050108,particle,2.0,6.0
rolling_particle_swarm,2021-07-01/2021-12-31,2022-01-01/2022-06-30,68,159825.SZ|159870.SZ|159920.SZ|159980.SZ|159981.SZ|159985.SZ|161226.SZ|164824.SZ|510300.SH|513030.SH|513100.SH|513180.SH|513880.SH,-0.9210129837310153,0.9194433972050108,particle,2.0,7.0
rolling_particle_swarm,2021-07-01/2021-12-31,2022-01-01/2022-06-30,69,159851.SZ|159920.SZ|159980.SZ|160644.SZ|161226.SZ|164824.SZ|501018.SH|512880.SH|512890.SH|513030.SH|513180.SH|513880.SH|518880.SH,-0.5681816332853563,0.9194433972050108,particle,2.0,8.0
rolling_particle_swarm,2021-07-01/2021-12-31,2022-01-01/2022-06-30,70,159851.SZ|159920.SZ|159928.SZ|159980.SZ|159981.SZ|159985.SZ|160644.SZ|161226.SZ|164824.SZ|512660.SH|513100.SH|513180.SH|513500.SH,1.39308787292223,0.9194433972050108,particle,2.0,9.0
rolling_particle_swarm,2021-07-01/2021-12-31,2022-01-01/2022-06-30,71,159851.SZ|159920.SZ|159928.SZ|159981.SZ|159985.SZ|160644.SZ|161226.SZ|501018.SH|512100.SH|513030.SH|513100.SH|513180.SH|513500.SH,-0.38051253911736044,0.9194433972050108,particle,2.0,10.0
rolling_particle_swarm,2021-07-01/2021-12-31,2022-01-01/2022-06-30,72,159901.SZ|159920.SZ|159980.SZ|159981.SZ|159985.SZ|160644.SZ|161226.SZ|510180.SH|510880.SH|513080.SH|513100.SH|513180.SH|513500.SH,-0.16636764582832658,0.9194433972050108,particle,2.0,11.0
rolling_particle_swarm,2021-07-01/2021-12-31,2022-01-01/2022-06-30,73,159920.SZ|159981.SZ|159985.SZ|161226.SZ|164824.SZ|501018.SH|510050.SH|510210.SH|513030.SH|513100.SH|513180.SH|513500.SH|515220.SH,0.3123962948936525,0.9194433972050108,particle,2.0,12.0
rolling_particle_swarm,2021-07-01/2021-12-31,2022-01-01/2022-06-30,74,159865.SZ|159920.SZ|159949.SZ|159980.SZ|159985.SZ|160644.SZ|161226.SZ|164824.SZ|501018.SH|513100.SH|513180.SH|513500.SH|515210.SH,-0.07699767184384752,0.9194433972050108,particle,2.0,13.0
rolling_particle_swarm,2021-07-01/2021-12-31,2022-01-01/2022-06-30,75,159920.SZ|159967.SZ|159980.SZ|159981.SZ|159985.SZ|160644.SZ|161226.SZ|513030.SH|513180.SH|513500.SH|513880.SH|515210.SH|515220.SH,0.1165400313421003,0.9194433972050108,particle,2.0,14.0
rolling_particle_swarm,2021-07-01/2021-12-31,2022-01-01/2022-06-30,76,159852.SZ|159920.SZ|159981.SZ|159985.SZ|160644.SZ|161226.SZ|164824.SZ|501018.SH|512170.SH|512980.SH|513180.SH|513500.SH|513880.SH,0.2863927299436429,0.9194433972050108,particle,2.0,15.0
rolling_particle_swarm,2021-07-01/2021-12-31,2022-01-01/2022-06-30,77,159865.SZ|159920.SZ|159980.SZ|159981.SZ|159985.SZ|160644.SZ|164824.SZ|512040.SH|512890.SH|513080.SH|513180.SH|513500.SH|518880.SH,0.6750214175377715,0.9194433972050108,particle,2.0,16.0
rolling_particle_swarm,2021-07-01/2021-12-31,2022-01-01/2022-06-30,78,159920.SZ|159981.SZ|159985.SZ|161226.SZ|164824.SZ|501018.SH|512880.SH|512890.SH|513030.SH|513100.SH|513180.SH|513500.SH|515880.SH,1.4112410852291837,0.9194433972050108,particle,2.0,17.0
rolling_particle_swarm,2021-07-01/2021-12-31,2022-01-01/2022-06-30,79,159865.SZ|159901.SZ|159920.SZ|159981.SZ|159985.SZ|161226.SZ|164824.SZ|501018.SH|513030.SH|513100.SH|513180.SH|513500.SH|515210.SH,-0.005770683866115897,0.9194433972050108,particle,2.0,18.0
rolling_particle_swarm,2021-07-01/2021-12-31,2022-01-01/2022-06-30,80,159825.SZ|159920.SZ|159980.SZ|159981.SZ|159985.SZ|160644.SZ|161226.SZ|510880.SH|512400.SH|513030.SH|513180.SH|513500.SH|513880.SH,0.04127478124086321,0.9194433972050108,particle,2.0,19.0
rolling_particle_swarm,2021-07-01/2021-12-31,2022-01-01/2022-06-30,81,159825.SZ|159869.SZ|159920.SZ|159980.SZ|159981.SZ|159985.SZ|160644.SZ|161226.SZ|513030.SH|513080.SH|513100.SH|513180.SH|515880.SH,0.14436618843853877,0.9194433972050108,particle,3.0,0.0
rolling_particle_swarm,2021-07-01/2021-12-31,2022-01-01/2022-06-30,82,159920.SZ|159981.SZ|161226.SZ|164824.SZ|501018.SH|510210.SH|510880.SH|513080.SH|513100.SH|513180.SH|513500.SH|515210.SH|518880.SH,0.5451178694531341,0.9194433972050108,particle,3.0,1.0
rolling_particle_swarm,2021-07-01/2021-12-31,2022-01-01/2022-06-30,83,159920.SZ|159980.SZ|159985.SZ|160644.SZ|161226.SZ|164824.SZ|501018.SH|510880.SH|513100.SH|513180.SH|513500.SH|515210.SH|515880.SH,0.9605815519310343,0.9194433972050108,particle,3.0,2.0
rolling_particle_swarm,2021-07-01/2021-12-31,2022-01-01/2022-06-30,84,159766.SZ|159920.SZ|159980.SZ|159985.SZ|161226.SZ|501018.SH|512800.SH|512980.SH|513080.SH|513100.SH|513180.SH|513500.SH|513880.SH,-1.1987338726737777,0.9194433972050108,particle,3.0,3.0
rolling_particle_swarm,2021-07-01/2021-12-31,2022-01-01/2022-06-30,85,159869.SZ|159920.SZ|159967.SZ|159980.SZ|159981.SZ|161226.SZ|164824.SZ|501018.SH|510180.SH|513030.SH|513080.SH|513100.SH|513180.SH,0.05621197742074446,0.9194433972050108,particle,3.0,4.0
rolling_particle_swarm,2021-07-01/2021-12-31,2022-01-01/2022-06-30,86,159870.SZ|159920.SZ|159980.SZ|159985.SZ|161226.SZ|164824.SZ|501018.SH|512880.SH|513080.SH|513100.SH|513180.SH|513500.SH|515880.SH,-0.27312248789522114,0.9194433972050108,particle,3.0,5.0
rolling_particle_swarm,2021-07-01/2021-12-31,2022-01-01/2022-06-30,87,159825.SZ|159920.SZ|159980.SZ|159985.SZ|160644.SZ|161226.SZ|164824.SZ|510880.SH|512100.SH|513100.SH|513180.SH|513500.SH|518880.SH,0.09675001894584737,0.9194433972050108,particle,3.0,6.0
rolling_particle_swarm,2021-07-01/2021-12-31,2022-01-01/2022-06-30,88,159825.SZ|159920.SZ|159980.SZ|159981.SZ|501018.SH|510050.SH|512800.SH|513030.SH|513080.SH|513100.SH|513180.SH|513500.SH|518880.SH,-0.694337259993986,0.9194433972050108,particle,3.0,7.0
rolling_particle_swarm,2021-07-01/2021-12-31,2022-01-01/2022-06-30,89,159920.SZ|159980.SZ|159981.SZ|159985.SZ|164824.SZ|501018.SH|512040.SH|512890.SH|513030.SH|513100.SH|513180.SH|513500.SH|516150.SH,1.408946387490849,0.9194433972050108,particle,3.0,8.0
rolling_particle_swarm,2021-07-01/2021-12-31,2022-01-01/2022-06-30,90,159920.SZ|159985.SZ|161226.SZ|501018.SH|510210.SH|512040.SH|513080.SH|513100.SH|513180.SH|513500.SH|513880.SH|516150.SH|518880.SH,-0.9548311570335916,0.9194433972050108,particle,3.0,9.0
rolling_particle_swarm,2021-07-01/2021-12-31,2022-01-01/2022-06-30,91,159766.SZ|159920.SZ|159981.SZ|161226.SZ|164824.SZ|501018.SH|510500.SH|513030.SH|513180.SH|513500.SH|513880.SH|515210.SH|518880.SH,0.30310605136058216,0.9194433972050108,particle,3.0,10.0
rolling_particle_swarm,2021-07-01/2021-12-31,2022-01-01/2022-06-30,92,159851.SZ|159865.SZ|159869.SZ|159920.SZ|159980.SZ|159985.SZ|161226.SZ|164824.SZ|513100.SH|513180.SH|513500.SH|513880.SH|518880.SH,-0.9246463238198336,0.9194433972050108,particle,3.0,11.0
rolling_particle_swarm,2021-07-01/2021-12-31,2022-01-01/2022-06-30,93,159766.SZ|159920.SZ|159980.SZ|159981.SZ|161226.SZ|164824.SZ|501018.SH|510180.SH|513080.SH|513100.SH|513180.SH|513500.SH|515220.SH,0.4860710298635735,0.9194433972050108,particle,3.0,12.0
rolling_particle_swarm,2021-07-01/2021-12-31,2022-01-01/2022-06-30,94,159766.SZ|159920.SZ|159980.SZ|159981.SZ|159985.SZ|164824.SZ|501018.SH|512400.SH|513030.SH|513180.SH|513500.SH|513880.SH|516150.SH,-0.33981975979558215,0.9194433972050108,particle,3.0,13.0
rolling_particle_swarm,2021-07-01/2021-12-31,2022-01-01/2022-06-30,95,159901.SZ|159920.SZ|159980.SZ|161226.SZ|164824.SZ|501018.SH|510210.SH|513030.SH|513080.SH|513100.SH|513180.SH|518880.SH|588000.SH,-0.3179238065163425,0.9194433972050108,particle,3.0,14.0
rolling_particle_swarm,2021-07-01/2021-12-31,2022-01-01/2022-06-30,96,159920.SZ|159928.SZ|159967.SZ|159981.SZ|159985.SZ|161226.SZ|164824.SZ|501018.SH|513080.SH|513100.SH|513180.SH|513500.SH|515880.SH,0.6555684442594338,0.9194433972050108,particle,3.0,15.0
rolling_particle_swarm,2021-07-01/2021-12-31,2022-01-01/2022-06-30,97,159869.SZ|159920.SZ|159980.SZ|159981.SZ|159985.SZ|160644.SZ|164824.SZ|501018.SH|510500.SH|513030.SH|513100.SH|513180.SH|588000.SH,1.1741280398421392,0.9194433972050108,particle,3.0,16.0
rolling_particle_swarm,2021-07-01/2021-12-31,2022-01-01/2022-06-30,98,159852.SZ|159901.SZ|159920.SZ|159980.SZ|159985.SZ|164824.SZ|501018.SH|512660.SH|513100.SH|513180.SH|513500.SH|513880.SH|518880.SH,-0.7371113073750868,0.9194433972050108,particle,3.0,17.0
rolling_particle_swarm,2021-07-01/2021-12-31,2022-01-01/2022-06-30,99,159920.SZ|159949.SZ|159980.SZ|159981.SZ|160644.SZ|161226.SZ|501018.SH|512100.SH|512890.SH|513100.SH|513180.SH|513500.SH|513880.SH,-0.022334306524878934,0.9194433972050108,particle,3.0,18.0
rolling_particle_swarm,2021-07-01/2021-12-31,2022-01-01/2022-06-30,100,159901.SZ|159920.SZ|159980.SZ|160644.SZ|161226.SZ|164824.SZ|501018.SH|512170.SH|513080.SH|513100.SH|513180.SH|515220.SH|518880.SH,-0.2649345823659966,0.9194433972050108,particle,3.0,19.0
rolling_particle_swarm,2022-01-01/2022-06-30,2022-07-01/2022-12-31,1,159920.SZ|159985.SZ|160644.SZ|161226.SZ|501018.SH|510180.SH|512040.SH|513070.SH|513080.SH|513100.SH|513880.SH|518880.SH|562500.SH,0.3132914236492522,0.902954449056628,initial_swarm,,
rolling_particle_swarm,2022-01-01/2022-06-30,2022-07-01/2022-12-31,2,159865.SZ|159949.SZ|159980.SZ|159981.SZ|160644.SZ|164824.SZ|501018.SH|512660.SH|513070.SH|513100.SH|513180.SH|513880.SH|518880.SH,0.38055670762804206,0.9123874319228055,initial_swarm,,
rolling_particle_swarm,2022-01-01/2022-06-30,2022-07-01/2022-12-31,3,159611.SZ|159920.SZ|159980.SZ|159981.SZ|160644.SZ|161226.SZ|501018.SH|510300.SH|512980.SH|513030.SH|513070.SH|513500.SH|513880.SH,-0.1622421596315681,0.902954449056628,initial_swarm,,
rolling_particle_swarm,2022-01-01/2022-06-30,2022-07-01/2022-12-31,4,159825.SZ|159901.SZ|159920.SZ|159980.SZ|159985.SZ|161226.SZ|164824.SZ|510880.SH|513070.SH|513080.SH|513100.SH|513880.SH|518880.SH,-0.808368656887889,0.902954449056628,initial_swarm,,
rolling_particle_swarm,2022-01-01/2022-06-30,2022-07-01/2022-12-31,5,159915.SZ|159920.SZ|159985.SZ|161226.SZ|164824.SZ|501018.SH|512980.SH|513070.SH|513080.SH|513100.SH|513880.SH|515790.SH|518880.SH,0.4999537967399237,0.902954449056628,initial_swarm,,
rolling_particle_swarm,2022-01-01/2022-06-30,2022-07-01/2022-12-31,6,159825.SZ|159870.SZ|159920.SZ|159980.SZ|159981.SZ|161226.SZ|164824.SZ|501018.SH|512040.SH|513030.SH|513070.SH|513500.SH|513880.SH,-1.1575048416137845,0.902954449056628,initial_swarm,,
rolling_particle_swarm,2022-01-01/2022-06-30,2022-07-01/2022-12-31,7,159852.SZ|159980.SZ|159985.SZ|160644.SZ|161226.SZ|164824.SZ|501018.SH|512100.SH|512200.SH|513070.SH|513080.SH|513180.SH|513500.SH,0.4061598901956366,0.9123874319228055,initial_swarm,,
rolling_particle_swarm,2022-01-01/2022-06-30,2022-07-01/2022-12-31,8,159852.SZ|159920.SZ|159980.SZ|159985.SZ|160644.SZ|161226.SZ|164824.SZ|512660.SH|513030.SH|513070.SH|513880.SH|515220.SH|518880.SH,-1.1949078106852957,0.902954449056628,initial_swarm,,
rolling_particle_swarm,2022-01-01/2022-06-30,2022-07-01/2022-12-31,9,159901.SZ|159980.SZ|159981.SZ|160644.SZ|161226.SZ|512400.SH|513070.SH|513080.SH|513100.SH|513180.SH|513880.SH|518880.SH|588000.SH,-0.14253452399969177,0.9123874319228055,initial_swarm,,
rolling_particle_swarm,2022-01-01/2022-06-30,2022-07-01/2022-12-31,10,159851.SZ|159981.SZ|160644.SZ|161226.SZ|501018.SH|510180.SH|513070.SH|513080.SH|513100.SH|513180.SH|513880.SH|515210.SH|518880.SH,-0.2081883119389027,0.9123874319228055,initial_swarm,,
rolling_particle_swarm,2022-01-01/2022-06-30,2022-07-01/2022-12-31,11,159825.SZ|159852.SZ|159920.SZ|159981.SZ|159985.SZ|160644.SZ|161226.SZ|501018.SH|512980.SH|513030.SH|513070.SH|513500.SH|513880.SH,-1.0577458930478882,0.902954449056628,initial_swarm,,
rolling_particle_swarm,2022-01-01/2022-06-30,2022-07-01/2022-12-31,12,159796.SZ|159980.SZ|159981.SZ|159985.SZ|164824.SZ|512040.SH|513070.SH|513080.SH|513100.SH|513180.SH|513880.SH|518880.SH|562500.SH,0.5684511290173221,0.9123874319228055,initial_swarm,,
rolling_particle_swarm,2022-01-01/2022-06-30,2022-07-01/2022-12-31,13,159901.SZ|159967.SZ|159981.SZ|159985.SZ|160644.SZ|501018.SH|513030.SH|513070.SH|513180.SH|513500.SH|513880.SH|515880.SH|518880.SH,0.36771925071405853,0.9123874319228055,initial_swarm,,
rolling_particle_swarm,2022-01-01/2022-06-30,2022-07-01/2022-12-31,14,159851.SZ|159920.SZ|159985.SZ|161226.SZ|164824.SZ|501018.SH|512660.SH|513030.SH|513070.SH|513100.SH|513880.SH|515790.SH|518880.SH,0.20963315815880118,0.902954449056628,initial_swarm,,
rolling_particle_swarm,2022-01-01/2022-06-30,2022-07-01/2022-12-31,15,159869.SZ|159980.SZ|159981.SZ|161226.SZ|164824.SZ|512040.SH|512890.SH|513030.SH|513070.SH|513100.SH|513180.SH|513880.SH|518880.SH,-1.3566877658315477,0.9123874319228055,initial_swarm,,
rolling_particle_swarm,2022-01-01/2022-06-30,2022-07-01/2022-12-31,16,159852.SZ|159980.SZ|159981.SZ|159985.SZ|160644.SZ|501018.SH|512800.SH|513070.SH|513080.SH|513180.SH|513500.SH|513880.SH|515220.SH,0.9941193349635592,0.9123874319228055,initial_swarm,,
rolling_particle_swarm,2022-01-01/2022-06-30,2022-07-01/2022-12-31,17,159915.SZ|159920.SZ|159980.SZ|159985.SZ|160644.SZ|161226.SZ|164824.SZ|510050.SH|512170.SH|513070.SH|513500.SH|513880.SH|518880.SH,0.4948729311078853,0.902954449056628,initial_swarm,,
rolling_particle_swarm,2022-01-01/2022-06-30,2022-07-01/2022-12-31,18,159865.SZ|159870.SZ|159920.SZ|159981.SZ|160644.SZ|161226.SZ|501018.SH|512660.SH|513030.SH|513070.SH|513500.SH|513880.SH|518880.SH,-0.6158525079550609,0.902954449056628,initial_swarm,,
rolling_particle_swarm,2022-01-01/2022-06-30,2022-07-01/2022-12-31,19,159870.SZ|159949.SZ|159981.SZ|159985.SZ|160644.SZ|161226.SZ|164824.SZ|513070.SH|513180.SH|513500.SH|513880.SH|518880.SH|562500.SH,0.11774065316084027,0.9123874319228055,initial_swarm,,
rolling_particle_swarm,2022-01-01/2022-06-30,2022-07-01/2022-12-31,20,159825.SZ|159851.SZ|159980.SZ|159981.SZ|159985.SZ|160644.SZ|161226.SZ|164824.SZ|513030.SH|513070.SH|513180.SH|513500.SH|516150.SH,-0.4382139590612599,0.9123874319228055,initial_swarm,,
rolling_particle_swarm,2022-01-01/2022-06-30,2022-07-01/2022-12-31,21,159852.SZ|159920.SZ|159981.SZ|159985.SZ|160644.SZ|164824.SZ|501018.SH|512880.SH|513070.SH|513080.SH|513500.SH|518880.SH|588000.SH,0.2522715953994394,0.902954449056628,particle,0.0,0.0
rolling_particle_swarm,2022-01-01/2022-06-30,2022-07-01/2022-12-31,22,159611.SZ|159980.SZ|159985.SZ|160644.SZ|161226.SZ|501018.SH|510880.SH|513030.SH|513070.SH|513180.SH|513500.SH|513880.SH|515220.SH,0.09795238565708558,0.9123874319228055,particle,0.0,1.0
rolling_particle_swarm,2022-01-01/2022-06-30,2022-07-01/2022-12-31,23,159869.SZ|159980.SZ|159981.SZ|160644.SZ|164824.SZ|501018.SH|510500.SH|512170.SH|513070.SH|513180.SH|513500.SH|513880.SH|518880.SH,0.8273415470486017,0.9123874319228055,particle,0.0,2.0
rolling_particle_swarm,2022-01-01/2022-06-30,2022-07-01/2022-12-31,24,159865.SZ|159980.SZ|159985.SZ|160644.SZ|161226.SZ|164824.SZ|501018.SH|513070.SH|513080.SH|513180.SH|513500.SH|515210.SH|515790.SH,0.47259115243126276,0.9123874319228055,particle,0.0,3.0
rolling_particle_swarm,2022-01-01/2022-06-30,2022-07-01/2022-12-31,25,159901.SZ|159981.SZ|159985.SZ|160644.SZ|161226.SZ|164824.SZ|501018.SH|510880.SH|513030.SH|513070.SH|513180.SH|513500.SH|515210.SH,0.5242329460469901,0.9123874319228055,particle,0.0,4.0
rolling_particle_swarm,2022-01-01/2022-06-30,2022-07-01/2022-12-31,26,159852.SZ|159901.SZ|159980.SZ|159981.SZ|159985.SZ|164824.SZ|510180.SH|513070.SH|513080.SH|513100.SH|513180.SH|513880.SH|518880.SH,0.8443101163163104,0.9123874319228055,particle,0.0,5.0
rolling_particle_swarm,2022-01-01/2022-06-30,2022-07-01/2022-12-31,27,159928.SZ|159980.SZ|159981.SZ|159985.SZ|160644.SZ|164824.SZ|501018.SH|510500.SH|512170.SH|513070.SH|513180.SH|513500.SH|513880.SH,1.2150444628643295,0.9123874319228055,particle,0.0,6.0
rolling_particle_swarm,2022-01-01/2022-06-30,2022-07-01/2022-12-31,28,159796.SZ|159852.SZ|159901.SZ|159980.SZ|159981.SZ|159985.SZ|160644.SZ|501018.SH|513070.SH|513080.SH|513180.SH|513500.SH|513880.SH,1.452465165332094,0.9123874319228055,particle,0.0,7.0
rolling_particle_swarm,2022-01-01/2022-06-30,2022-07-01/2022-12-31,29,159870.SZ|159967.SZ|159980.SZ|159981.SZ|161226.SZ|164824.SZ|512400.SH|513070.SH|513080.SH|513180.SH|513500.SH|513880.SH|518880.SH,-0.30049328426080557,0.9123874319228055,particle,0.0,8.0
rolling_particle_swarm,2022-01-01/2022-06-30,2022-07-01/2022-12-31,30,159766.SZ|159980.SZ|159981.SZ|160644.SZ|164824.SZ|501018.SH|510300.SH|513030.SH|513070.SH|513100.SH|513180.SH|515790.SH|518880.SH,0.9716261913177809,0.9123874319228055,particle,0.0,9.0
rolling_particle_swarm,2022-01-01/2022-06-30,2022-07-01/2022-12-31,31,159985.SZ|160644.SZ|161226.SZ|501018.SH|512400.SH|512660.SH|513070.SH|513080.SH|513180.SH|513500.SH|513880.SH|515210.SH|518880.SH,0.11660404084243653,0.9123874319228055,particle,0.0,10.0
rolling_particle_swarm,2022-01-01/2022-06-30,2022-07-01/2022-12-31,32,159920.SZ|159980.SZ|159981.SZ|159985.SZ|160644.SZ|164824.SZ|510500.SH|512980.SH|513070.SH|513080.SH|513880.SH|516150.SH|518880.SH,-0.10969739916972236,0.902954449056628,particle,0.0,11.0
rolling_particle_swarm,2022-01-01/2022-06-30,2022-07-01/2022-12-31,33,159852.SZ|159980.SZ|159981.SZ|159985.SZ|160644.SZ|501018.SH|510300.SH|512980.SH|513070.SH|513080.SH|513180.SH|513500.SH|513880.SH,1.0610170613001288,0.9123874319228055,particle,0.0,12.0
rolling_particle_swarm,2022-01-01/2022-06-30,2022-07-01/2022-12-31,34,159825.SZ|159852.SZ|159980.SZ|159981.SZ|159985.SZ|160644.SZ|164824.SZ|512170.SH|513070.SH|513080.SH|513180.SH|513500.SH|518880.SH,0.45595577347895866,0.9123874319228055,particle,0.0,13.0
rolling_particle_swarm,2022-01-01/2022-06-30,2022-07-01/2022-12-31,35,159980.SZ|159981.SZ|160644.SZ|161226.SZ|501018.SH|510500.SH|512660.SH|513070.SH|513080.SH|513100.SH|513180.SH|513880.SH|562500.SH,0.5820190738276557,0.9123874319228055,particle,0.0,14.0
rolling_particle_swarm,2022-01-01/2022-06-30,2022-07-01/2022-12-31,36,159949.SZ|159980.SZ|159985.SZ|160644.SZ|164824.SZ|501018.SH|510050.SH|512890.SH|513070.SH|513100.SH|513180.SH|513880.SH|518880.SH,0.840955556524236,0.9123874319228055,particle,0.0,15.0
rolling_particle_swarm,2022-01-01/2022-06-30,2022-07-01/2022-12-31,37,159870.SZ|159920.SZ|159980.SZ|159985.SZ|160644.SZ|161226.SZ|501018.SH|512800.SH|513070.SH|513080.SH|513500.SH|513880.SH|515880.SH,0.4441423301265497,0.902954449056628,particle,0.0,16.0
rolling_particle_swarm,2022-01-01/2022-06-30,2022-07-01/2022-12-31,38,159766.SZ|159920.SZ|159980.SZ|159981.SZ|159985.SZ|160644.SZ|501018.SH|510050.SH|512400.SH|513070.SH|513080.SH|513500.SH|513880.SH,0.7890021312066382,0.902954449056628,particle,0.0,17.0
rolling_particle_swarm,2022-01-01/2022-06-30,2022-07-01/2022-12-31,39,159851.SZ|159928.SZ|159980.SZ|159981.SZ|160644.SZ|161226.SZ|513070.SH|513080.SH|513100.SH|513180.SH|513880.SH|516150.SH|518880.SH,0.03941401350345782,0.9123874319228055,particle,0.0,18.0
rolling_particle_swarm,2022-01-01/2022-06-30,2022-07-01/2022-12-31,40,159825.SZ|159981.SZ|160644.SZ|161226.SZ|164824.SZ|501018.SH|510880.SH|512400.SH|513070.SH|513100.SH|513180.SH|513880.SH|518880.SH,-0.2966156077793366,0.9123874319228055,particle,0.0,19.0
rolling_particle_swarm,2022-01-01/2022-06-30,2022-07-01/2022-12-31,41,159915.SZ|159928.SZ|159980.SZ|159985.SZ|160644.SZ|161226.SZ|164824.SZ|501018.SH|512040.SH|513070.SH|513080.SH|513180.SH|513880.SH,0.3666578296532599,0.9123874319228055,particle,1.0,0.0
rolling_particle_swarm,2022-01-01/2022-06-30,2022-07-01/2022-12-31,42,159766.SZ|159870.SZ|159980.SZ|159981.SZ|159985.SZ|164824.SZ|510050.SH|513070.SH|513080.SH|513100.SH|513180.SH|513880.SH|518880.SH,-0.32375623562696093,0.9123874319228055,particle,1.0,1.0
rolling_particle_swarm,2022-01-01/2022-06-30,2022-07-01/2022-12-31,43,159901.SZ|159981.SZ|159985.SZ|160644.SZ|161226.SZ|501018.SH|510180.SH|513070.SH|513080.SH|513180.SH|513500.SH|513880.SH|515220.SH,0.28585375131497975,0.9123874319228055,particle,1.0,2.0
rolling_particle_swarm,2022-01-01/2022-06-30,2022-07-01/2022-12-31,44,159766.SZ|159981.SZ|159985.SZ|160644.SZ|161226.SZ|512200.SH|513070.SH|513080.SH|513180.SH|513500.SH|513880.SH|515880.SH|518880.SH,-0.19276878573718786,0.9123874319228055,particle,1.0,3.0
rolling_particle_swarm,2022-01-01/2022-06-30,2022-07-01/2022-12-31,45,159980.SZ|159981.SZ|164824.SZ|501018.SH|510050.SH|513030.SH|513070.SH|513180.SH|513500.SH|513880.SH|515790.SH|518880.SH|562500.SH,1.3652433974164084,0.9123874319228055,particle,1.0,4.0
rolling_particle_swarm,2022-01-01/2022-06-30,2022-07-01/2022-12-31,46,159852.SZ|159980.SZ|159985.SZ|160644.SZ|161226.SZ|501018.SH|512100.SH|513030.SH|513070.SH|513180.SH|513500.SH|513880.SH|588000.SH,0.4382407219457343,0.9123874319228055,particle,1.0,5.0
rolling_particle_swarm,2022-01-01/2022-06-30,2022-07-01/2022-12-31,47,159901.SZ|159920.SZ|159967.SZ|159980.SZ|159981.SZ|159985.SZ|164824.SZ|512800.SH|513070.SH|513080.SH|513500.SH|513880.SH|518880.SH,-0.13154087668896047,0.902954449056628,particle,1.0,6.0
rolling_particle_swarm,2022-01-01/2022-06-30,2022-07-01/2022-12-31,48,159920.SZ|159980.SZ|159981.SZ|159985.SZ|160644.SZ|164824.SZ|510300.SH|510500.SH|512170.SH|513070.SH|513080.SH|513100.SH|518880.SH,0.08206701674484336,0.902954449056628,particle,1.0,7.0
rolling_particle_swarm,2022-01-01/2022-06-30,2022-07-01/2022-12-31,49,159869.SZ|159901.SZ|159981.SZ|159985.SZ|160644.SZ|164824.SZ|501018.SH|512660.SH|513030.SH|513070.SH|513180.SH|513500.SH|518880.SH,0.284736320708766,0.9123874319228055,particle,1.0,8.0
rolling_particle_swarm,2022-01-01/2022-06-30,2022-07-01/2022-12-31,50,159949.SZ|159980.SZ|159985.SZ|160644.SZ|161226.SZ|164824.SZ|501018.SH|512100.SH|512170.SH|513070.SH|513080.SH|513180.SH|513500.SH,0.8484712996319792,0.9123874319228055,particle,1.0,9.0
rolling_particle_swarm,2022-01-01/2022-06-30,2022-07-01/2022-12-31,51,159981.SZ|159985.SZ|160644.SZ|161226.SZ|164824.SZ|501018.SH|512880.SH|512980.SH|513070.SH|513180.SH|513500.SH|513880.SH|515790.SH,0.5845770649167498,0.9123874319228055,particle,1.0,10.0
rolling_particle_swarm,2022-01-01/2022-06-30,2022-07-01/2022-12-31,52,159852.SZ|159928.SZ|159980.SZ|159981.SZ|160644.SZ|161226.SZ|164824.SZ|512040.SH|513070.SH|513180.SH|513500.SH|513880.SH|518880.SH,-0.16535248737496142,0.9123874319228055,particle,1.0,11.0
rolling_particle_swarm,2022-01-01/2022-06-30,2022-07-01/2022-12-31,53,159825.SZ|159949.SZ|159980.SZ|159985.SZ|160644.SZ|161226.SZ|164824.SZ|501018.SH|512200.SH|513030.SH|513070.SH|513180.SH|513500.SH,0.3978324271533219,0.9123874319228055,particle,1.0,12.0
rolling_particle_swarm,2022-01-01/2022-06-30,2022-07-01/2022-12-31,54,159920.SZ|159980.SZ|159981.SZ|159985.SZ|160644.SZ|164824.SZ|510300.SH|512040.SH|512880.SH|513070.SH|513500.SH|513880.SH|518880.SH,-0.05633470010901369,0.902954449056628,particle,1.0,13.0
rolling_particle_swarm,2022-01-01/2022-06-30,2022-07-01/2022-12-31,55,159611.SZ|159852.SZ|159920.SZ|159981.SZ|159985.SZ|160644.SZ|501018.SH|512170.SH|513030.SH|513070.SH|513100.SH|513880.SH|518880.SH,0.37549158060000604,0.902954449056628,particle,1.0,14.0
rolling_particle_swarm,2022-01-01/2022-06-30,2022-07-01/2022-12-31,56,159851.SZ|159870.SZ|159920.SZ|159981.SZ|159985.SZ|161226.SZ|164824.SZ|501018.SH|512400.SH|513070.SH|513080.SH|513500.SH|513880.SH,-0.16509628600936915,0.902954449056628,particle,1.0,15.0
rolling_particle_swarm,2022-01-01/2022-06-30,2022-07-01/2022-12-31,57,159852.SZ|159980.SZ|159981.SZ|159985.SZ|160644.SZ|161226.SZ|510210.SH|510880.SH|513030.SH|513070.SH|513180.SH|513500.SH|513880.SH,-0.3933168445060025,0.9123874319228055,particle,1.0,16.0
rolling_particle_swarm,2022-01-01/2022-06-30,2022-07-01/2022-12-31,58,159901.SZ|159980.SZ|159981.SZ|159985.SZ|160644.SZ|164824.SZ|512800.SH|513070.SH|513080.SH|513180.SH|513880.SH|515210.SH|518880.SH,-0.16795541855171492,0.9123874319228055,particle,1.0,17.0
rolling_particle_swarm,2022-01-01/2022-06-30,2022-07-01/2022-12-31,59,159825.SZ|159865.SZ|159915.SZ|159920.SZ|159980.SZ|159985.SZ|160644.SZ|161226.SZ|501018.SH|513030.SH|513070.SH|513500.SH|513880.SH,-0.23146210635789308,0.9039323248975308,particle,1.0,18.0
rolling_particle_swarm,2022-01-01/2022-06-30,2022-07-01/2022-12-31,60,159852.SZ|159865.SZ|159869.SZ|159980.SZ|159981.SZ|159985.SZ|160644.SZ|164824.SZ|501018.SH|513070.SH|513080.SH|513180.SH|513880.SH,0.22808982523974655,0.9123874319228055,particle,1.0,19.0
rolling_particle_swarm,2022-01-01/2022-06-30,2022-07-01/2022-12-31,61,159796.SZ|159869.SZ|159980.SZ|159981.SZ|159985.SZ|160644.SZ|164824.SZ|501018.SH|513070.SH|513180.SH|513500.SH|513880.SH|562500.SH,1.432876571307832,0.9123874319228055,particle,2.0,0.0
rolling_particle_swarm,2022-01-01/2022-06-30,2022-07-01/2022-12-31,62,159851.SZ|159920.SZ|159980.SZ|159981.SZ|159985.SZ|160644.SZ|164824.SZ|501018.SH|510050.SH|512890.SH|513070.SH|513080.SH|513500.SH,0.17468361066761393,0.902954449056628,particle,2.0,1.0
rolling_particle_swarm,2022-01-01/2022-06-30,2022-07-01/2022-12-31,63,159796.SZ|159980.SZ|159985.SZ|160644.SZ|164824.SZ|501018.SH|512100.SH|513070.SH|513180.SH|513500.SH|513880.SH|516150.SH|518880.SH,1.5807136896833998,0.9123874319228055,particle,2.0,2.0
rolling_particle_swarm,2022-01-01/2022-06-30,2022-07-01/2022-12-31,64,159796.SZ|159980.SZ|159985.SZ|160644.SZ|164824.SZ|501018.SH|510050.SH|513070.SH|513180.SH|513500.SH|513880.SH|518880.SH|562500.SH,1.8046325376180194,0.9123874319228055,particle,2.0,3.0
rolling_particle_swarm,2022-01-01/2022-06-30,2022-07-01/2022-12-31,65,159825.SZ|159920.SZ|159980.SZ|159985.SZ|160644.SZ|161226.SZ|164824.SZ|501018.SH|510050.SH|512800.SH|513070.SH|513080.SH|513100.SH,-0.2181981603552881,0.902954449056628,particle,2.0,4.0
rolling_particle_swarm,2022-01-01/2022-06-30,2022-07-01/2022-12-31,66,159870.SZ|159981.SZ|159985.SZ|161226.SZ|164824.SZ|512980.SH|513070.SH|513080.SH|513100.SH|513180.SH|513880.SH|515880.SH|518880.SH,-0.4208209524137046,0.9123874319228055,particle,2.0,5.0
rolling_particle_swarm,2022-01-01/2022-06-30,2022-07-01/2022-12-31,67,159825.SZ|159980.SZ|160644.SZ|161226.SZ|164824.SZ|501018.SH|510050.SH|513070.SH|513080.SH|513100.SH|513180.SH|515880.SH|518880.SH,-0.4692139582749275,0.9123874319228055,particle,2.0,6.0
rolling_particle_swarm,2022-01-01/2022-06-30,2022-07-01/2022-12-31,68,159865.SZ|159980.SZ|159981.SZ|160644.SZ|164824.SZ|501018.SH|510050.SH|513070.SH|513180.SH|513500.SH|513880.SH|515880.SH|518880.SH,0.18101652467893198,0.9123874319228055,particle,2.0,7.0
rolling_particle_swarm,2022-01-01/2022-06-30,2022-07-01/2022-12-31,69,159611.SZ|159852.SZ|159980.SZ|159985.SZ|160644.SZ|161226.SZ|164824.SZ|501018.SH|512100.SH|513030.SH|513070.SH|513180.SH|513880.SH,0.37265666807962855,0.9123874319228055,particle,2.0,8.0
rolling_particle_swarm,2022-01-01/2022-06-30,2022-07-01/2022-12-31,70,159825.SZ|159870.SZ|159980.SZ|159985.SZ|160644.SZ|164824.SZ|501018.SH|513070.SH|513180.SH|513500.SH|513880.SH|518880.SH|588000.SH,0.22011210983308044,0.9123874319228055,particle,2.0,9.0
rolling_particle_swarm,2022-01-01/2022-06-30,2022-07-01/2022-12-31,71,159852.SZ|159928.SZ|159949.SZ|159980.SZ|159985.SZ|160644.SZ|161226.SZ|164824.SZ|513070.SH|513080.SH|513180.SH|513500.SH|518880.SH,0.38419794897052384,0.9123874319228055,particle,2.0,10.0
rolling_particle_swarm,2022-01-01/2022-06-30,2022-07-01/2022-12-31,72,159980.SZ|159985.SZ|160644.SZ|164824.SZ|501018.SH|512170.SH|512400.SH|513030.SH|513070.SH|513100.SH|513180.SH|518880.SH|562500.SH,1.1998277649951192,0.9123874319228055,particle,2.0,11.0
rolling_particle_swarm,2022-01-01/2022-06-30,2022-07-01/2022-12-31,73,159611.SZ|159796.SZ|159920.SZ|159980.SZ|160644.SZ|161226.SZ|164824.SZ|501018.SH|510300.SH|513070.SH|513080.SH|513880.SH|518880.SH,0.31051269791914493,0.902954449056628,particle,2.0,12.0
rolling_particle_swarm,2022-01-01/2022-06-30,2022-07-01/2022-12-31,74,159796.SZ|159851.SZ|159981.SZ|159985.SZ|160644.SZ|501018.SH|512660.SH|513030.SH|513070.SH|513180.SH|513500.SH|513880.SH|518880.SH,0.6335608005257022,0.9123874319228055,particle,2.0,13.0
rolling_particle_swarm,2022-01-01/2022-06-30,2022-07-01/2022-12-31,75,159901.SZ|159980.SZ|159985.SZ|160644.SZ|161226.SZ|510210.SH|512890.SH|513070.SH|513080.SH|513180.SH|513500.SH|513880.SH|518880.SH,0.4496304355484108,0.9123874319228055,particle,2.0,14.0
rolling_particle_swarm,2022-01-01/2022-06-30,2022-07-01/2022-12-31,76,159766.SZ|159980.SZ|160644.SZ|161226.SZ|501018.SH|510180.SH|512980.SH|513070.SH|513080.SH|513180.SH|513500.SH|513880.SH|518880.SH,0.517809761194359,0.9123874319228055,particle,2.0,15.0
rolling_particle_swarm,2022-01-01/2022-06-30,2022-07-01/2022-12-31,77,159766.SZ|159920.SZ|159981.SZ|159985.SZ|160644.SZ|164824.SZ|501018.SH|510180.SH|512660.SH|513070.SH|513100.SH|513880.SH|518880.SH,-0.037456124584517345,0.902954449056628,particle,2.0,16.0
rolling_particle_swarm,2022-01-01/2022-06-30,2022-07-01/2022-12-31,78,159980.SZ|159985.SZ|160644.SZ|161226.SZ|501018.SH|512040.SH|512200.SH|513070.SH|513080.SH|513180.SH|513500.SH|513880.SH|562500.SH,0.7611311216972886,0.9123874319228055,particle,2.0,17.0
rolling_particle_swarm,2022-01-01/2022-06-30,2022-07-01/2022-12-31,79,159796.SZ|159981.SZ|159985.SZ|164824.SZ|501018.SH|510880.SH|513030.SH|513070.SH|513180.SH|513500.SH|513880.SH|518880.SH|562500.SH,1.06746996767616,0.9123874319228055,particle,2.0,18.0
rolling_particle_swarm,2022-01-01/2022-06-30,2022-07-01/2022-12-31,80,159920.SZ|159980.SZ|159981.SZ|159985.SZ|164824.SZ|501018.SH|512170.SH|512400.SH|513030.SH|513070.SH|513500.SH|513880.SH|515880.SH,0.10241265763031293,0.902954449056628,particle,2.0,19.0
rolling_particle_swarm,2022-01-01/2022-06-30,2022-07-01/2022-12-31,81,159865.SZ|159920.SZ|159981.SZ|159985.SZ|160644.SZ|164824.SZ|501018.SH|512890.SH|513030.SH|513070.SH|513500.SH|515790.SH|518880.SH,0.4190357783850827,0.902954449056628,particle,3.0,0.0
rolling_particle_swarm,2022-01-01/2022-06-30,2022-07-01/2022-12-31,82,159865.SZ|159980.SZ|159981.SZ|160644.SZ|161226.SZ|164824.SZ|512660.SH|512800.SH|513030.SH|513070.SH|513180.SH|513880.SH|518880.SH,-1.2044336227697543,0.9123874319228055,particle,3.0,1.0
rolling_particle_swarm,2022-01-01/2022-06-30,2022-07-01/2022-12-31,83,159870.SZ|159981.SZ|160644.SZ|161226.SZ|164824.SZ|501018.SH|510050.SH|512170.SH|513070.SH|513080.SH|513100.SH|513180.SH|518880.SH,0.47954496315333534,0.9123874319228055,particle,3.0,2.0
rolling_particle_swarm,2022-01-01/2022-06-30,2022-07-01/2022-12-31,84,159920.SZ|159949.SZ|159980.SZ|159985.SZ|160644.SZ|164824.SZ|501018.SH|510210.SH|513070.SH|513500.SH|513880.SH|515220.SH|518880.SH,0.6093699998026456,0.902954449056628,particle,3.0,3.0
rolling_particle_swarm,2022-01-01/2022-06-30,2022-07-01/2022-12-31,85,159796.SZ|159980.SZ|159981.SZ|159985.SZ|160644.SZ|510300.SH|513030.SH|513070.SH|513180.SH|513500.SH|513880.SH|518880.SH|562500.SH,1.128343591371997,0.9123874319228055,particle,3.0,4.0
rolling_particle_swarm,2022-01-01/2022-06-30,2022-07-01/2022-12-31,86,159796.SZ|159920.SZ|159949.SZ|159980.SZ|159981.SZ|159985.SZ|160644.SZ|501018.SH|512100.SH|513070.SH|513080.SH|513500.SH|513880.SH,0.7114651752639908,0.902954449056628,particle,3.0,5.0
rolling_particle_swarm,2022-01-01/2022-06-30,2022-07-01/2022-12-31,87,159967.SZ|159980.SZ|159981.SZ|159985.SZ|160644.SZ|501018.SH|513030.SH|513070.SH|513180.SH|513500.SH|513880.SH|515880.SH|516150.SH,0.48721065717085477,0.9123874319228055,particle,3.0,6.0
rolling_particle_swarm,2022-01-01/2022-06-30,2022-07-01/2022-12-31,88,159870.SZ|159915.SZ|159980.SZ|159985.SZ|160644.SZ|164824.SZ|501018.SH|510180.SH|513070.SH|513180.SH|513500.SH|513880.SH|518880.SH,1.2247017013448764,0.9123874319228055,particle,3.0,7.0
rolling_particle_swarm,2022-01-01/2022-06-30,2022-07-01/2022-12-31,89,159796.SZ|159851.SZ|159949.SZ|159980.SZ|159985.SZ|160644.SZ|161226.SZ|164824.SZ|501018.SH|513070.SH|513180.SH|513500.SH|513880.SH,1.1941428390136732,0.9123874319228055,particle,3.0,8.0
rolling_particle_swarm,2022-01-01/2022-06-30,2022-07-01/2022-12-31,90,159980.SZ|159981.SZ|160644.SZ|164824.SZ|501018.SH|510210.SH|512040.SH|512890.SH|513070.SH|513080.SH|513180.SH|513500.SH|518880.SH,-0.26014105710291,0.9123874319228055,particle,3.0,9.0
rolling_particle_swarm,2022-01-01/2022-06-30,2022-07-01/2022-12-31,91,159825.SZ|159920.SZ|159980.SZ|159981.SZ|159985.SZ|160644.SZ|164824.SZ|501018.SH|510050.SH|513070.SH|513100.SH|513880.SH|562500.SH,0.31096073528563484,0.902954449056628,particle,3.0,10.0
rolling_particle_swarm,2022-01-01/2022-06-30,2022-07-01/2022-12-31,92,159611.SZ|159766.SZ|159870.SZ|159980.SZ|159985.SZ|160644.SZ|501018.SH|513030.SH|513070.SH|513100.SH|513180.SH|513880.SH|518880.SH,0.9032689155039624,0.9123874319228055,particle,3.0,11.0
rolling_particle_swarm,2022-01-01/2022-06-30,2022-07-01/2022-12-31,93,159852.SZ|159967.SZ|159981.SZ|159985.SZ|160644.SZ|161226.SZ|164824.SZ|512980.SH|513070.SH|513080.SH|513180.SH|513500.SH|518880.SH,0.07871688388364836,0.9123874319228055,particle,3.0,12.0
rolling_particle_swarm,2022-01-01/2022-06-30,2022-07-01/2022-12-31,94,159870.SZ|159980.SZ|160644.SZ|161226.SZ|164824.SZ|501018.SH|512040.SH|512100.SH|513030.SH|513070.SH|513100.SH|513180.SH|518880.SH,-0.5999590576534974,0.9123874319228055,particle,3.0,13.0
rolling_particle_swarm,2022-01-01/2022-06-30,2022-07-01/2022-12-31,95,159825.SZ|159980.SZ|159985.SZ|160644.SZ|161226.SZ|164824.SZ|501018.SH|512200.SH|512660.SH|513070.SH|513080.SH|513180.SH|513880.SH,-0.4273077007701408,0.9123874319228055,particle,3.0,14.0
rolling_particle_swarm,2022-01-01/2022-06-30,2022-07-01/2022-12-31,96,159901.SZ|159980.SZ|159981.SZ|159985.SZ|160644.SZ|161226.SZ|164824.SZ|510050.SH|512800.SH|513070.SH|513100.SH|513180.SH|513880.SH,0.038250249746502256,0.9123874319228055,particle,3.0,15.0
rolling_particle_swarm,2022-01-01/2022-06-30,2022-07-01/2022-12-31,97,159980.SZ|159985.SZ|160644.SZ|161226.SZ|164824.SZ|510300.SH|512170.SH|513070.SH|513080.SH|513180.SH|513500.SH|515220.SH|518880.SH,-0.19047180412640624,0.9123874319228055,particle,3.0,16.0
rolling_particle_swarm,2022-01-01/2022-06-30,2022-07-01/2022-12-31,98,159980.SZ|159981.SZ|159985.SZ|160644.SZ|164824.SZ|501018.SH|510500.SH|513070.SH|513100.SH|513180.SH|513880.SH|515220.SH|516150.SH,1.0122190259607495,0.9123874319228055,particle,3.0,17.0
rolling_particle_swarm,2022-01-01/2022-06-30,2022-07-01/2022-12-31,99,159766.SZ|159865.SZ|159869.SZ|159980.SZ|159981.SZ|159985.SZ|160644.SZ|164824.SZ|513030.SH|513070.SH|513180.SH|513500.SH|518880.SH,-0.5823818369689429,0.9123874319228055,particle,3.0,18.0
rolling_particle_swarm,2022-01-01/2022-06-30,2022-07-01/2022-12-31,100,159852.SZ|159980.SZ|159985.SZ|160644.SZ|161226.SZ|501018.SH|512800.SH|512880.SH|513070.SH|513080.SH|513180.SH|513500.SH|513880.SH,0.34111762548468916,0.9123874319228055,particle,3.0,19.0
rolling_particle_swarm,2022-07-01/2022-12-31,2023-01-01/2023-06-30,1,159920.SZ|159981.SZ|159985.SZ|160644.SZ|161226.SZ|164824.SZ|510180.SH|512200.SH|512800.SH|513080.SH|513100.SH|513120.SH|518880.SH,1.109509714562248,0.7657628511438476,initial_swarm,,
rolling_particle_swarm,2022-07-01/2022-12-31,2023-01-01/2023-06-30,2,159981.SZ|159985.SZ|164824.SZ|501018.SH|512200.SH|512660.SH|512880.SH|513030.SH|513100.SH|513120.SH|513180.SH|513880.SH|518880.SH,0.6736167708331527,0.7805308310639488,initial_swarm,,
rolling_particle_swarm,2022-07-01/2022-12-31,2023-01-01/2023-06-30,3,159611.SZ|159796.SZ|159985.SZ|160644.SZ|161226.SZ|164824.SZ|501018.SH|512040.SH|513030.SH|513120.SH|513180.SH|513880.SH|518880.SH,0.06769215954929246,0.7768884409244624,initial_swarm,,
rolling_particle_swarm,2022-07-01/2022-12-31,2023-01-01/2023-06-30,4,159865.SZ|159869.SZ|159920.SZ|159981.SZ|160644.SZ|161226.SZ|164824.SZ|501018.SH|512040.SH|513080.SH|513120.SH|513500.SH|518880.SH,-0.3524495742543846,0.8316275404607769,initial_swarm,,
rolling_particle_swarm,2022-07-01/2022-12-31,2023-01-01/2023-06-30,5,159796.SZ|159980.SZ|159985.SZ|161226.SZ|164824.SZ|510300.SH|513030.SH|513070.SH|513120.SH|513500.SH|513880.SH|518880.SH|588000.SH,0.3863030755584592,0.84582438159002,initial_swarm,,
rolling_particle_swarm,2022-07-01/2022-12-31,2023-01-01/2023-06-30,6,159796.SZ|159870.SZ|159915.SZ|159981.SZ|159985.SZ|164824.SZ|501018.SH|513100.SH|513120.SH|513180.SH|513290.SH|513880.SH|518880.SH,0.7409304902183842,0.8297858168168302,initial_swarm,,
rolling_particle_swarm,2022-07-01/2022-12-31,2023-01-01/2023-06-30,7,159920.SZ|159928.SZ|159980.SZ|159985.SZ|160644.SZ|161226.SZ|164824.SZ|510050.SH|510500.SH|513120.SH|513500.SH|513880.SH|518880.SH,0.3845288527232446,0.8441949392380412,initial_swarm,,
rolling_particle_swarm,2022-07-01/2022-12-31,2023-01-01/2023-06-30,8,159869.SZ|159920.SZ|159985.SZ|161226.SZ|501018.SH|510300.SH|513080.SH|513100.SH|513120.SH|513290.SH|513880.SH|515220.SH|518880.SH,0.08270361309987069,0.8020701325811442,initial_swarm,,
rolling_particle_swarm,2022-07-01/2022-12-31,2023-01-01/2023-06-30,9,159949.SZ|159981.SZ|159985.SZ|160644.SZ|164824.SZ|501018.SH|512660.SH|512980.SH|513070.SH|513080.SH|513120.SH|513880.SH|518880.SH,-0.2665890628786624,0.8020701325811442,initial_swarm,,
rolling_particle_swarm,2022-07-01/2022-12-31,2023-01-01/2023-06-30,10,159611.SZ|159766.SZ|159852.SZ|159920.SZ|159985.SZ|160644.SZ|161226.SZ|501018.SH|513120.SH|513290.SH|513500.SH|513880.SH|518880.SH,0.49626998176521925,0.8251090976449644,initial_swarm,,
rolling_particle_swarm,2022-07-01/2022-12-31,2023-01-01/2023-06-30,11,159852.SZ|159980.SZ|159981.SZ|160644.SZ|161226.SZ|164824.SZ|501018.SH|510050.SH|510210.SH|513070.SH|513120.SH|513500.SH|513880.SH,0.21773735639327735,0.860991557710978,initial_swarm,,
rolling_particle_swarm,2022-07-01/2022-12-31,2023-01-01/2023-06-30,12,159825.SZ|159915.SZ|159920.SZ|159980.SZ|160644.SZ|161226.SZ|164824.SZ|501018.SH|512880.SH|513120.SH|513290.SH|513880.SH|518880.SH,-0.4765915097235069,0.7050666337742449,initial_swarm,,
rolling_particle_swarm,2022-07-01/2022-12-31,2023-01-01/2023-06-30,13,159920.SZ|159981.SZ|159985.SZ|161226.SZ|512400.SH|512660.SH|513030.SH|513100.SH|513120.SH|513290.SH|513880.SH|515880.SH|518880.SH,0.12742692735307412,0.7805308310639488,initial_swarm,,
rolling_particle_swarm,2022-07-01/2022-12-31,2023-01-01/2023-06-30,14,159796.SZ|159981.SZ|160644.SZ|161226.SZ|501018.SH|512200.SH|512980.SH|513120.SH|513180.SH|513290.SH|513500.SH|513880.SH|518880.SH,-0.16939366934678812,0.8251090976449644,initial_swarm,,
rolling_particle_swarm,2022-07-01/2022-12-31,2023-01-01/2023-06-30,15,159796.SZ|159825.SZ|159920.SZ|159981.SZ|159985.SZ|501018.SH|510880.SH|513080.SH|513100.SH|513120.SH|513290.SH|513880.SH|518880.SH,0.46033648057546345,0.8020701325811442,initial_swarm,,
rolling_particle_swarm,2022-07-01/2022-12-31,2023-01-01/2023-06-30,16,159865.SZ|159980.SZ|159981.SZ|159985.SZ|160644.SZ|164824.SZ|512400.SH|513030.SH|513070.SH|513120.SH|513290.SH|515790.SH|518880.SH,0.7782201521567503,0.7091623327353709,initial_swarm,,
rolling_particle_swarm,2022-07-01/2022-12-31,2023-01-01/2023-06-30,17,159611.SZ|159949.SZ|159980.SZ|159981.SZ|160644.SZ|501018.SH|510300.SH|513080.SH|513120.SH|513180.SH|513290.SH|513500.SH|518880.SH,-0.6164298704483122,0.8316275404607769,initial_swarm,,
rolling_particle_swarm,2022-07-01/2022-12-31,2023-01-01/2023-06-30,18,159949.SZ|159980.SZ|159985.SZ|161226.SZ|501018.SH|510050.SH|513070.SH|513080.SH|513120.SH|513290.SH|513500.SH|513880.SH|515220.SH,0.323137347303402,0.8316275404607769,initial_swarm,,
rolling_particle_swarm,2022-07-01/2022-12-31,2023-01-01/2023-06-30,19,159980.SZ|159981.SZ|159985.SZ|161226.SZ|164824.SZ|512400.SH|513080.SH|513120.SH|513180.SH|513500.SH|513880.SH|515210.SH|515790.SH,0.8458057888118516,0.8316275404607769,initial_swarm,,
rolling_particle_swarm,2022-07-01/2022-12-31,2023-01-01/2023-06-30,20,159870.SZ|159980.SZ|159981.SZ|161226.SZ|164824.SZ|501018.SH|510300.SH|512890.SH|513030.SH|513100.SH|513120.SH|513180.SH|513880.SH,0.04928787653730747,0.7805308310639488,initial_swarm,,
rolling_particle_swarm,2022-07-01/2022-12-31,2023-01-01/2023-06-30,21,159766.SZ|159870.SZ|159920.SZ|159967.SZ|159980.SZ|159981.SZ|159985.SZ|164824.SZ|501018.SH|513100.SH|513120.SH|513290.SH|513880.SH,1.1987913623851971,0.7945082419482864,particle,0.0,0.0
rolling_particle_swarm,2022-07-01/2022-12-31,2023-01-01/2023-06-30,22,159766.SZ|159967.SZ|159981.SZ|159985.SZ|160644.SZ|161226.SZ|164824.SZ|501018.SH|513030.SH|513070.SH|513120.SH|513500.SH|562500.SH,0.9843061670226875,0.84582438159002,particle,0.0,1.0
rolling_particle_swarm,2022-07-01/2022-12-31,2023-01-01/2023-06-30,23,159920.SZ|159967.SZ|159980.SZ|159981.SZ|159985.SZ|161226.SZ|164824.SZ|512980.SH|513030.SH|513100.SH|513120.SH|513290.SH|515790.SH,0.5175814037654517,0.7981631693542394,particle,0.0,2.0
rolling_particle_swarm,2022-07-01/2022-12-31,2023-01-01/2023-06-30,24,159611.SZ|159967.SZ|159981.SZ|159985.SZ|160644.SZ|161226.SZ|501018.SH|512100.SH|513080.SH|513120.SH|513180.SH|513500.SH|513880.SH,0.09289382321459978,0.8361779346475399,particle,0.0,3.0
rolling_particle_swarm,2022-07-01/2022-12-31,2023-01-01/2023-06-30,25,159870.SZ|159920.SZ|159980.SZ|159985.SZ|160644.SZ|161226.SZ|501018.SH|512040.SH|512800.SH|513030.SH|513120.SH|513290.SH|513500.SH,0.07702970579019956,0.84582438159002,particle,0.0,4.0
rolling_particle_swarm,2022-07-01/2022-12-31,2023-01-01/2023-06-30,26,159985.SZ|161226.SZ|164824.SZ|501018.SH|512660.SH|512880.SH|513080.SH|513100.SH|513120.SH|513180.SH|513880.SH|518880.SH|562500.SH,0.6611816755882262,0.8020701325811442,particle,0.0,5.0
rolling_particle_swarm,2022-07-01/2022-12-31,2023-01-01/2023-06-30,27,159915.SZ|159928.SZ|159980.SZ|159981.SZ|164824.SZ|501018.SH|512800.SH|513070.SH|513100.SH|513120.SH|513290.SH|513880.SH|518880.SH,-0.2896326569916988,0.7599788068936458,particle,0.0,6.0
rolling_particle_swarm,2022-07-01/2022-12-31,2023-01-01/2023-06-30,28,159766.SZ|159920.SZ|159981.SZ|159985.SZ|160644.SZ|161226.SZ|164824.SZ|501018.SH|510880.SH|512980.SH|513100.SH|513120.SH|513880.SH,0.5707685677258739,0.7520854374286099,particle,0.0,7.0
rolling_particle_swarm,2022-07-01/2022-12-31,2023-01-01/2023-06-30,29,159766.SZ|159980.SZ|159981.SZ|161226.SZ|164824.SZ|512170.SH|512660.SH|513070.SH|513100.SH|513120.SH|513290.SH|513880.SH|518880.SH,-0.4574239951116764,0.7599788068936458,particle,0.0,8.0
rolling_particle_swarm,2022-07-01/2022-12-31,2023-01-01/2023-06-30,30,159870.SZ|159915.SZ|159980.SZ|159981.SZ|160644.SZ|161226.SZ|164824.SZ|501018.SH|510050.SH|513030.SH|513100.SH|513120.SH|513180.SH,0.1474188298647959,0.7805308310639488,particle,0.0,9.0
rolling_particle_swarm,2022-07-01/2022-12-31,2023-01-01/2023-06-30,31,159870.SZ|159920.SZ|159967.SZ|159980.SZ|159981.SZ|161226.SZ|164824.SZ|501018.SH|513030.SH|513100.SH|513120.SH|513290.SH|515220.SH,0.09565350188251903,0.7945082419482864,particle,0.0,10.0
rolling_particle_swarm,2022-07-01/2022-12-31,2023-01-01/2023-06-30,32,159851.SZ|159920.SZ|159981.SZ|159985.SZ|160644.SZ|161226.SZ|501018.SH|512980.SH|513080.SH|513120.SH|513500.SH|513880.SH|588000.SH,-0.6369016051785172,0.8316275404607769,particle,0.0,11.0
rolling_particle_swarm,2022-07-01/2022-12-31,2023-01-01/2023-06-30,33,159766.SZ|159967.SZ|159980.SZ|159981.SZ|159985.SZ|160644.SZ|501018.SH|513080.SH|513100.SH|513120.SH|513180.SH|513290.SH|588000.SH,0.7298860829552305,0.7655141320931955,particle,0.0,12.0
rolling_particle_swarm,2022-07-01/2022-12-31,2023-01-01/2023-06-30,34,159611.SZ|159851.SZ|159920.SZ|159980.SZ|159981.SZ|159985.SZ|160644.SZ|161226.SZ|164824.SZ|510300.SH|513080.SH|513120.SH|513290.SH,0.2139716046099409,0.7050666337742449,particle,0.0,13.0
rolling_particle_swarm,2022-07-01/2022-12-31,2023-01-01/2023-06-30,35,159920.SZ|159981.SZ|159985.SZ|160644.SZ|161226.SZ|510500.SH|512400.SH|512660.SH|513030.SH|513120.SH|513290.SH|513500.SH|518880.SH,0.09550018541865662,0.84582438159002,particle,0.0,14.0
rolling_particle_swarm,2022-07-01/2022-12-31,2023-01-01/2023-06-30,36,159611.SZ|159980.SZ|159981.SZ|159985.SZ|161226.SZ|164824.SZ|510880.SH|512100.SH|513100.SH|513120.SH|513180.SH|513290.SH|513880.SH,0.20217062030023256,0.7599788068936458,particle,0.0,15.0
rolling_particle_swarm,2022-07-01/2022-12-31,2023-01-01/2023-06-30,37,159865.SZ|159981.SZ|159985.SZ|160644.SZ|164824.SZ|501018.SH|510880.SH|512400.SH|513070.SH|513100.SH|513120.SH|513880.SH|518880.SH,0.25100217831072946,0.7520854374286099,particle,0.0,16.0
rolling_particle_swarm,2022-07-01/2022-12-31,2023-01-01/2023-06-30,38,159766.SZ|159901.SZ|159980.SZ|159981.SZ|160644.SZ|501018.SH|512170.SH|513120.SH|513180.SH|513290.SH|513500.SH|513880.SH|518880.SH,-0.2075076682692599,0.8251090976449644,particle,0.0,17.0
rolling_particle_swarm,2022-07-01/2022-12-31,2023-01-01/2023-06-30,39,159870.SZ|159915.SZ|159920.SZ|159980.SZ|159981.SZ|159985.SZ|164824.SZ|510500.SH|513100.SH|513120.SH|513290.SH|513880.SH|518880.SH,0.6213020786332648,0.8425634613998013,particle,0.0,18.0
rolling_particle_swarm,2022-07-01/2022-12-31,2023-01-01/2023-06-30,40,159852.SZ|159915.SZ|159920.SZ|159928.SZ|159980.SZ|159985.SZ|160644.SZ|161226.SZ|164824.SZ|513080.SH|513100.SH|513120.SH|518880.SH,1.3789740783663946,0.7655141320931955,particle,0.0,19.0
rolling_particle_swarm,2022-07-01/2022-12-31,2023-01-01/2023-06-30,41,159985.SZ|161226.SZ|164824.SZ|501018.SH|510880.SH|512100.SH|513030.SH|513070.SH|513100.SH|513120.SH|513290.SH|518880.SH|562500.SH,1.0176702573471983,0.8523741182514435,particle,1.0,0.0
rolling_particle_swarm,2022-07-01/2022-12-31,2023-01-01/2023-06-30,42,159825.SZ|159870.SZ|159980.SZ|159985.SZ|161226.SZ|164824.SZ|512660.SH|513080.SH|513100.SH|513120.SH|513180.SH|513880.SH|518880.SH,0.886041596930923,0.8020701325811442,particle,1.0,1.0
rolling_particle_swarm,2022-07-01/2022-12-31,2023-01-01/2023-06-30,43,159915.SZ|159920.SZ|159980.SZ|159981.SZ|159985.SZ|160644.SZ|510880.SH|512200.SH|513120.SH|513290.SH|513500.SH|513880.SH|518880.SH,0.3333128925103526,0.8251090976449644,particle,1.0,2.0
rolling_particle_swarm,2022-07-01/2022-12-31,2023-01-01/2023-06-30,44,159852.SZ|159920.SZ|159928.SZ|159980.SZ|159985.SZ|164824.SZ|501018.SH|512980.SH|513030.SH|513100.SH|513120.SH|513880.SH|518880.SH,0.5581663810369439,0.7805308310639488,particle,1.0,3.0
rolling_particle_swarm,2022-07-01/2022-12-31,2023-01-01/2023-06-30,45,159920.SZ|159949.SZ|159980.SZ|159981.SZ|159985.SZ|164824.SZ|510210.SH|512880.SH|513080.SH|513100.SH|513120.SH|513880.SH|518880.SH,0.5428654499793697,0.8501204624463171,particle,1.0,4.0
rolling_particle_swarm,2022-07-01/2022-12-31,2023-01-01/2023-06-30,46,159920.SZ|159949.SZ|159980.SZ|159981.SZ|159985.SZ|160644.SZ|501018.SH|510880.SH|512800.SH|513080.SH|513120.SH|513290.SH|513880.SH,0.3045319338289409,0.8020701325811442,particle,1.0,5.0
rolling_particle_swarm,2022-07-01/2022-12-31,2023-01-01/2023-06-30,47,159920.SZ|159967.SZ|159980.SZ|159981.SZ|160644.SZ|161226.SZ|512040.SH|512890.SH|513030.SH|513120.SH|513290.SH|513500.SH|518880.SH,-0.4399371208697299,0.84582438159002,particle,1.0,6.0
rolling_particle_swarm,2022-07-01/2022-12-31,2023-01-01/2023-06-30,48,159870.SZ|159928.SZ|159980.SZ|159981.SZ|160644.SZ|164824.SZ|501018.SH|513070.SH|513080.SH|513120.SH|513290.SH|518880.SH|588000.SH,-0.506113927609109,0.7091623327353709,particle,1.0,7.0
rolling_particle_swarm,2022-07-01/2022-12-31,2023-01-01/2023-06-30,49,159852.SZ|159915.SZ|159920.SZ|159980.SZ|159985.SZ|160644.SZ|164824.SZ|501018.SH|510180.SH|513080.SH|513120.SH|513290.SH|518880.SH,0.44986918006715315,0.7050666337742449,particle,1.0,8.0
rolling_particle_swarm,2022-07-01/2022-12-31,2023-01-01/2023-06-30,50,159611.SZ|159920.SZ|159980.SZ|159985.SZ|161226.SZ|164824.SZ|510500.SH|513100.SH|513120.SH|513290.SH|513880.SH|515880.SH|518880.SH,0.02832308679796052,0.7629640194069578,particle,1.0,9.0
rolling_particle_swarm,2022-07-01/2022-12-31,2023-01-01/2023-06-30,51,159928.SZ|159985.SZ|160644.SZ|161226.SZ|164824.SZ|501018.SH|510500.SH|513100.SH|513120.SH|513180.SH|513880.SH|515790.SH|518880.SH,0.4360555213598733,0.7520854374286099,particle,1.0,10.0
rolling_particle_swarm,2022-07-01/2022-12-31,2023-01-01/2023-06-30,52,159825.SZ|159901.SZ|159980.SZ|159985.SZ|160644.SZ|164824.SZ|501018.SH|512170.SH|513070.SH|513120.SH|513290.SH|513880.SH|518880.SH,0.6693314981999113,0.7091623327353709,particle,1.0,11.0
rolling_particle_swarm,2022-07-01/2022-12-31,2023-01-01/2023-06-30,53,159920.SZ|159980.SZ|159981.SZ|159985.SZ|160644.SZ|164824.SZ|512660.SH|513080.SH|513120.SH|513290.SH|515220.SH|515880.SH|518880.SH,0.7379356513542812,0.7050666337742449,particle,1.0,12.0
rolling_particle_swarm,2022-07-01/2022-12-31,2023-01-01/2023-06-30,54,159870.SZ|159915.SZ|159920.SZ|159985.SZ|161226.SZ|501018.SH|512200.SH|513030.SH|513100.SH|513120.SH|513290.SH|513880.SH|518880.SH,0.006128225230903833,0.7805308310639488,particle,1.0,13.0
rolling_particle_swarm,2022-07-01/2022-12-31,2023-01-01/2023-06-30,55,159796.SZ|159825.SZ|159980.SZ|159985.SZ|161226.SZ|501018.SH|513080.SH|513100.SH|513120.SH|513180.SH|513290.SH|513880.SH|515880.SH,0.0071804798683941075,0.8020701325811442,particle,1.0,14.0
rolling_particle_swarm,2022-07-01/2022-12-31,2023-01-01/2023-06-30,56,159851.SZ|159920.SZ|159980.SZ|159985.SZ|160644.SZ|164824.SZ|501018.SH|512880.SH|513030.SH|513120.SH|513500.SH|515790.SH|518880.SH,0.6585530653656122,0.84582438159002,particle,1.0,15.0
rolling_particle_swarm,2022-07-01/2022-12-31,2023-01-01/2023-06-30,57,159928.SZ|159980.SZ|159981.SZ|161226.SZ|164824.SZ|501018.SH|512980.SH|513030.SH|513100.SH|513120.SH|513180.SH|513880.SH|515210.SH,0.307524723181545,0.7805308310639488,particle,1.0,16.0
rolling_particle_swarm,2022-07-01/2022-12-31,2023-01-01/2023-06-30,58,159611.SZ|159980.SZ|159985.SZ|161226.SZ|164824.SZ|501018.SH|510880.SH|512800.SH|513100.SH|513120.SH|513180.SH|513290.SH|513880.SH,0.30825654542732206,0.7599788068936458,particle,1.0,17.0
rolling_particle_swarm,2022-07-01/2022-12-31,2023-01-01/2023-06-30,59,159928.SZ|159980.SZ|159985.SZ|161226.SZ|164824.SZ|501018.SH|512100.SH|512660.SH|513080.SH|513100.SH|513120.SH|513180.SH|513880.SH,0.6899519328009568,0.8020701325811442,particle,1.0,18.0
rolling_particle_swarm,2022-07-01/2022-12-31,2023-01-01/2023-06-30,60,159920.SZ|159985.SZ|161226.SZ|164824.SZ|501018.SH|510050.SH|512880.SH|513100.SH|513120.SH|513290.SH|513880.SH|516150.SH|518880.SH,0.5164622691382701,0.8009829153645303,particle,1.0,19.0
rolling_particle_swarm,2022-07-01/2022-12-31,2023-01-01/2023-06-30,61,159766.SZ|159967.SZ|159980.SZ|159981.SZ|159985.SZ|160644.SZ|164824.SZ|512800.SH|513080.SH|513120.SH|513180.SH|513880.SH|518880.SH,0.773044274618359,0.8020701325811442,particle,2.0,0.0
rolling_particle_swarm,2022-07-01/2022-12-31,2023-01-01/2023-06-30,62,159915.SZ|159920.SZ|159928.SZ|159981.SZ|159985.SZ|160644.SZ|161226.SZ|164824.SZ|512200.SH|513030.SH|513120.SH|513500.SH|518880.SH,0.7856623670909637,0.84582438159002,particle,2.0,1.0
rolling_particle_swarm,2022-07-01/2022-12-31,2023-01-01/2023-06-30,63,159980.SZ|159981.SZ|159985.SZ|160644.SZ|161226.SZ|164824.SZ|510180.SH|512890.SH|513070.SH|513080.SH|513100.SH|513120.SH|515790.SH,1.3351354291620061,0.7655141320931955,particle,2.0,2.0
rolling_particle_swarm,2022-07-01/2022-12-31,2023-01-01/2023-06-30,64,159852.SZ|159920.SZ|159949.SZ|159980.SZ|159985.SZ|161226.SZ|164824.SZ|510050.SH|513080.SH|513100.SH|513120.SH|513290.SH|518880.SH,1.2201076483109383,0.7655141320931955,particle,2.0,3.0
rolling_particle_swarm,2022-07-01/2022-12-31,2023-01-01/2023-06-30,65,159766.SZ|159981.SZ|159985.SZ|160644.SZ|161226.SZ|164824.SZ|512880.SH|513030.SH|513100.SH|513120.SH|513180.SH|515880.SH|518880.SH,1.0970712728228693,0.7805308310639488,particle,2.0,4.0
rolling_particle_swarm,2022-07-01/2022-12-31,2023-01-01/2023-06-30,66,159852.SZ|159980.SZ|159981.SZ|164824.SZ|501018.SH|510500.SH|513030.SH|513070.SH|513120.SH|513290.SH|513500.SH|515220.SH|518880.SH,0.26043983131044407,0.84582438159002,particle,2.0,5.0
rolling_particle_swarm,2022-07-01/2022-12-31,2023-01-01/2023-06-30,67,159852.SZ|159920.SZ|159980.SZ|159985.SZ|160644.SZ|161226.SZ|164824.SZ|512100.SH|512880.SH|513120.SH|513290.SH|513880.SH|518880.SH,0.5929285329375897,0.7050666337742449,particle,2.0,6.0
rolling_particle_swarm,2022-07-01/2022-12-31,2023-01-01/2023-06-30,68,159611.SZ|159920.SZ|159981.SZ|159985.SZ|160644.SZ|161226.SZ|164824.SZ|501018.SH|510050.SH|512170.SH|513080.SH|513100.SH|513120.SH,0.44496346037276746,0.7655141320931955,particle,2.0,7.0
rolling_particle_swarm,2022-07-01/2022-12-31,2023-01-01/2023-06-30,69,159901.SZ|159915.SZ|159920.SZ|159980.SZ|159985.SZ|160644.SZ|161226.SZ|164824.SZ|501018.SH|512100.SH|513030.SH|513120.SH|513290.SH,0.421090995208595,0.8923872888052733,particle,2.0,8.0
rolling_particle_swarm,2022-07-01/2022-12-31,2023-01-01/2023-06-30,70,159920.SZ|159985.SZ|160644.SZ|161226.SZ|164824.SZ|501018.SH|510180.SH|512660.SH|513030.SH|513100.SH|513120.SH|518880.SH|562500.SH,0.5982740846511153,0.7805308310639488,particle,2.0,9.0
rolling_particle_swarm,2022-07-01/2022-12-31,2023-01-01/2023-06-30,71,159920.SZ|159980.SZ|159981.SZ|159985.SZ|160644.SZ|161226.SZ|512040.SH|512170.SH|513120.SH|513290.SH|513500.SH|513880.SH|588000.SH,-0.18958250094749965,0.8251090976449644,particle,2.0,10.0
rolling_particle_swarm,2022-07-01/2022-12-31,2023-01-01/2023-06-30,72,159865.SZ|159920.SZ|159980.SZ|159981.SZ|161226.SZ|501018.SH|512100.SH|512200.SH|513030.SH|513100.SH|513120.SH|513290.SH|513880.SH,-0.20620695011900708,0.7805308310639488,particle,2.0,11.0
rolling_particle_swarm,2022-07-01/2022-12-31,2023-01-01/2023-06-30,73,159870.SZ|159915.SZ|159980.SZ|160644.SZ|161226.SZ|164824.SZ|501018.SH|512980.SH|513030.SH|513100.SH|513120.SH|513180.SH|518880.SH,-0.2687819112858721,0.7805308310639488,particle,2.0,12.0
rolling_particle_swarm,2022-07-01/2022-12-31,2023-01-01/2023-06-30,74,159865.SZ|159920.SZ|159980.SZ|159985.SZ|160644.SZ|161226.SZ|164824.SZ|501018.SH|512040.SH|512890.SH|513080.SH|513100.SH|513120.SH,0.7031193620409675,0.7777866876828531,particle,2.0,13.0
rolling_particle_swarm,2022-07-01/2022-12-31,2023-01-01/2023-06-30,75,159920.SZ|159967.SZ|159981.SZ|159985.SZ|164824.SZ|501018.SH|512880.SH|512890.SH|513080.SH|513100.SH|513120.SH|513290.SH|518880.SH,0.6722037826579538,0.7655141320931955,particle,2.0,14.0
rolling_particle_swarm,2022-07-01/2022-12-31,2023-01-01/2023-06-30,76,159852.SZ|159870.SZ|159920.SZ|159980.SZ|159985.SZ|160644.SZ|161226.SZ|164824.SZ|510050.SH|513100.SH|513120.SH|513290.SH|518880.SH,1.203668640157878,0.7599788068936458,particle,2.0,15.0
rolling_particle_swarm,2022-07-01/2022-12-31,2023-01-01/2023-06-30,77,159870.SZ|159920.SZ|159980.SZ|159985.SZ|160644.SZ|164824.SZ|501018.SH|510210.SH|510880.SH|513120.SH|513290.SH|513880.SH|518880.SH,0.37630888573870896,0.7416025302578765,particle,2.0,16.0
rolling_particle_swarm,2022-07-01/2022-12-31,2023-01-01/2023-06-30,78,159796.SZ|159920.SZ|159980.SZ|159981.SZ|160644.SZ|161226.SZ|164824.SZ|501018.SH|512040.SH|513080.SH|513120.SH|513500.SH|515220.SH,-0.01903223584753923,0.8316275404607769,particle,2.0,17.0
rolling_particle_swarm,2022-07-01/2022-12-31,2023-01-01/2023-06-30,79,159870.SZ|159928.SZ|159985.SZ|160644.SZ|161226.SZ|501018.SH|513070.SH|513080.SH|513100.SH|513120.SH|513290.SH|516150.SH|518880.SH,0.1106007322712058,0.8174625327685824,particle,2.0,18.0
rolling_particle_swarm,2022-07-01/2022-12-31,2023-01-01/2023-06-30,80,159869.SZ|159920.SZ|159980.SZ|159981.SZ|159985.SZ|164824.SZ|512880.SH|513080.SH|513100.SH|513120.SH|513290.SH|515220.SH|518880.SH,0.6951316375996708,0.7655141320931955,particle,2.0,19.0
rolling_particle_swarm,2022-07-01/2022-12-31,2023-01-01/2023-06-30,81,159852.SZ|159920.SZ|159980.SZ|159981.SZ|160644.SZ|161226.SZ|501018.SH|510880.SH|512980.SH|513080.SH|513100.SH|513120.SH|513880.SH,-0.024993555487914758,0.8020701325811442,particle,3.0,0.0
rolling_particle_swarm,2022-07-01/2022-12-31,2023-01-01/2023-06-30,82,159852.SZ|159920.SZ|159949.SZ|159981.SZ|159985.SZ|160644.SZ|161226.SZ|501018.SH|512100.SH|513080.SH|513100.SH|513120.SH|513880.SH,0.163720152130549,0.8055092595046579,particle,3.0,1.0
rolling_particle_swarm,2022-07-01/2022-12-31,2023-01-01/2023-06-30,83,159852.SZ|159869.SZ|159928.SZ|159981.SZ|159985.SZ|161226.SZ|164824.SZ|513080.SH|513100.SH|513120.SH|513180.SH|513880.SH|518880.SH,1.123874138191391,0.8020701325811442,particle,3.0,2.0
rolling_particle_swarm,2022-07-01/2022-12-31,2023-01-01/2023-06-30,84,159865.SZ|159920.SZ|159980.SZ|159981.SZ|159985.SZ|160644.SZ|513030.SH|513100.SH|513120.SH|513880.SH|515210.SH|515220.SH|518880.SH,0.6030609189913884,0.7805308310639488,particle,3.0,3.0
rolling_particle_swarm,2022-07-01/2022-12-31,2023-01-01/2023-06-30,85,159915.SZ|159920.SZ|159981.SZ|159985.SZ|160644.SZ|161226.SZ|164824.SZ|512980.SH|513100.SH|513120.SH|513290.SH|516150.SH|518880.SH,1.3457929319487192,0.7599788068936458,particle,3.0,4.0
rolling_particle_swarm,2022-07-01/2022-12-31,2023-01-01/2023-06-30,86,159869.SZ|159870.SZ|159981.SZ|159985.SZ|161226.SZ|164824.SZ|501018.SH|510050.SH|513080.SH|513100.SH|513120.SH|513180.SH|513290.SH,0.8344874186761001,0.7655141320931955,particle,3.0,5.0
rolling_particle_swarm,2022-07-01/2022-12-31,2023-01-01/2023-06-30,87,159901.SZ|159980.SZ|159985.SZ|160644.SZ|161226.SZ|510180.SH|510500.SH|513080.SH|513120.SH|513180.SH|513290.SH|513880.SH|518880.SH,-0.24218003951146092,0.8738534541132639,particle,3.0,6.0
rolling_particle_swarm,2022-07-01/2022-12-31,2023-01-01/2023-06-30,88,159766.SZ|159852.SZ|159920.SZ|159981.SZ|159985.SZ|501018.SH|510300.SH|513030.SH|513120.SH|513290.SH|513500.SH|513880.SH|518880.SH,0.295474926417153,0.84582438159002,particle,3.0,7.0
rolling_particle_swarm,2022-07-01/2022-12-31,2023-01-01/2023-06-30,89,159920.SZ|159928.SZ|159981.SZ|159985.SZ|160644.SZ|161226.SZ|512100.SH|513080.SH|513100.SH|513120.SH|513880.SH|516150.SH|518880.SH,0.6634491090750495,0.8826346808446377,particle,3.0,8.0
rolling_particle_swarm,2022-07-01/2022-12-31,2023-01-01/2023-06-30,90,159766.SZ|159980.SZ|159985.SZ|160644.SZ|164824.SZ|501018.SH|512660.SH|513030.SH|513120.SH|513180.SH|513290.SH|515880.SH|518880.SH,0.4755428890514914,0.7051191112834191,particle,3.0,9.0
rolling_particle_swarm,2022-07-01/2022-12-31,2023-01-01/2023-06-30,91,159766.SZ|159980.SZ|159985.SZ|160644.SZ|161226.SZ|164824.SZ|501018.SH|512170.SH|512880.SH|513070.SH|513080.SH|513100.SH|513120.SH,0.8116137854395702,0.7655141320931955,particle,3.0,10.0
rolling_particle_swarm,2022-07-01/2022-12-31,2023-01-01/2023-06-30,92,159980.SZ|159985.SZ|160644.SZ|164824.SZ|501018.SH|512880.SH|513070.SH|513080.SH|513120.SH|513500.SH|515220.SH|515790.SH|518880.SH,0.5546042930855928,0.8316275404607769,particle,3.0,11.0
rolling_particle_swarm,2022-07-01/2022-12-31,2023-01-01/2023-06-30,93,159920.SZ|159980.SZ|159985.SZ|161226.SZ|164824.SZ|510050.SH|512980.SH|513120.SH|513290.SH|513500.SH|513880.SH|515210.SH|518880.SH,0.3585217982888408,0.8251090976449644,particle,3.0,12.0
rolling_particle_swarm,2022-07-01/2022-12-31,2023-01-01/2023-06-30,94,159766.SZ|159920.SZ|159980.SZ|159985.SZ|160644.SZ|164824.SZ|501018.SH|512400.SH|512980.SH|513080.SH|513100.SH|513120.SH|518880.SH,0.4746824055792967,0.7655141320931955,particle,3.0,13.0
rolling_particle_swarm,2022-07-01/2022-12-31,2023-01-01/2023-06-30,95,159920.SZ|159980.SZ|159985.SZ|160644.SZ|501018.SH|512800.SH|513080.SH|513100.SH|513120.SH|513880.SH|515210.SH|515220.SH|518880.SH,-0.17395540755847252,0.8020701325811442,particle,3.0,14.0
rolling_particle_swarm,2022-07-01/2022-12-31,2023-01-01/2023-06-30,96,159915.SZ|159980.SZ|161226.SZ|164824.SZ|501018.SH|512040.SH|513070.SH|513080.SH|513120.SH|513500.SH|513880.SH|516150.SH|518880.SH,-0.10355207431862522,0.8316275404607769,particle,3.0,15.0
rolling_particle_swarm,2022-07-01/2022-12-31,2023-01-01/2023-06-30,97,159980.SZ|159981.SZ|161226.SZ|164824.SZ|510050.SH|512880.SH|513030.SH|513070.SH|513100.SH|513120.SH|513880.SH|515220.SH|518880.SH,0.6746875740913666,0.8009829153645303,particle,3.0,16.0
rolling_particle_swarm,2022-07-01/2022-12-31,2023-01-01/2023-06-30,98,159928.SZ|159980.SZ|159981.SZ|159985.SZ|160644.SZ|501018.SH|513070.SH|513080.SH|513100.SH|513120.SH|513290.SH|515220.SH|562500.SH,0.9763477599064575,0.7655141320931955,particle,3.0,17.0
rolling_particle_swarm,2022-07-01/2022-12-31,2023-01-01/2023-06-30,99,159852.SZ|159980.SZ|159981.SZ|159985.SZ|160644.SZ|164824.SZ|510300.SH|513080.SH|513120.SH|513180.SH|513500.SH|516150.SH|518880.SH,1.1842132264801095,0.8316275404607769,particle,3.0,18.0
rolling_particle_swarm,2022-07-01/2022-12-31,2023-01-01/2023-06-30,100,159852.SZ|159920.SZ|159980.SZ|159985.SZ|161226.SZ|164824.SZ|510050.SH|513080.SH|513100.SH|513120.SH|513880.SH|515880.SH|518880.SH,1.1031933578599697,0.8020701325811442,particle,3.0,19.0
rolling_particle_swarm,2023-01-01/2023-06-30,2023-07-01/2023-12-31,1,159901.SZ|159949.SZ|159981.SZ|159985.SZ|161226.SZ|164824.SZ|501018.SH|512800.SH|513030.SH|513070.SH|513120.SH|513310.SH|513880.SH,1.0955171535086468,0.8596646697100745,initial_swarm,,
rolling_particle_swarm,2023-01-01/2023-06-30,2023-07-01/2023-12-31,2,159766.SZ|159920.SZ|159980.SZ|159985.SZ|160644.SZ|164824.SZ|501018.SH|510050.SH|510500.SH|513180.SH|513310.SH|513880.SH|518880.SH,1.0798378279402703,0.8931243278220744,initial_swarm,,
rolling_particle_swarm,2023-01-01/2023-06-30,2023-07-01/2023-12-31,3,159687.SZ|159901.SZ|159920.SZ|159980.SZ|159981.SZ|159985.SZ|160644.SZ|501018.SH|512880.SH|513070.SH|513080.SH|513500.SH|515220.SH,-0.8933050519430377,0.9035245733924316,initial_swarm,,
rolling_particle_swarm,2023-01-01/2023-06-30,2023-07-01/2023-12-31,4,159920.SZ|159949.SZ|159985.SZ|160644.SZ|161226.SZ|501018.SH|512200.SH|512800.SH|513030.SH|513070.SH|513310.SH|513880.SH|518880.SH,1.0929911073149623,0.9035245733924316,initial_swarm,,
rolling_particle_swarm,2023-01-01/2023-06-30,2023-07-01/2023-12-31,5,159870.SZ|159967.SZ|159980.SZ|159981.SZ|159985.SZ|160644.SZ|164824.SZ|501018.SH|513070.SH|513100.SH|513120.SH|513290.SH|588000.SH,-0.08347631621640215,0.6186640087669161,initial_swarm,,
rolling_particle_swarm,2023-01-01/2023-06-30,2023-07-01/2023-12-31,6,159687.SZ|159852.SZ|159920.SZ|159928.SZ|159980.SZ|161226.SZ|501018.SH|510880.SH|513030.SH|513080.SH|513120.SH|513880.SH|518880.SH,2.4790786312265087,0.9096396735534105,initial_swarm,,
rolling_particle_swarm,2023-01-01/2023-06-30,2023-07-01/2023-12-31,7,159687.SZ|159766.SZ|159796.SZ|159915.SZ|159920.SZ|159985.SZ|161226.SZ|501018.SH|513070.SH|513080.SH|513290.SH|513880.SH|518880.SH,0.349669761605197,0.9035245733924316,initial_swarm,,
rolling_particle_swarm,2023-01-01/2023-06-30,2023-07-01/2023-12-31,8,159687.SZ|159928.SZ|159980.SZ|159985.SZ|160644.SZ|161226.SZ|512660.SH|513070.SH|513120.SH|513290.SH|513310.SH|515880.SH|518880.SH,2.5553771567038326,0.6871488226207012,initial_swarm,,
rolling_particle_swarm,2023-01-01/2023-06-30,2023-07-01/2023-12-31,9,159687.SZ|159967.SZ|159980.SZ|159985.SZ|164824.SZ|501018.SH|512980.SH|513070.SH|513100.SH|513120.SH|513310.SH|515790.SH|518880.SH,2.3983070983318426,0.6741936347287584,initial_swarm,,
rolling_particle_swarm,2023-01-01/2023-06-30,2023-07-01/2023-12-31,10,159852.SZ|159920.SZ|159985.SZ|160644.SZ|161226.SZ|501018.SH|510050.SH|512040.SH|513100.SH|513120.SH|513500.SH|513880.SH|518880.SH,2.0446198271798472,0.8866258135554016,initial_swarm,,
rolling_particle_swarm,2023-01-01/2023-06-30,2023-07-01/2023-12-31,11,159611.SZ|159687.SZ|159851.SZ|159920.SZ|159981.SZ|159985.SZ|160644.SZ|161226.SZ|164824.SZ|512880.SH|513120.SH|513310.SH|518880.SH,1.181663618234213,0.6871488226207012,initial_swarm,,
rolling_particle_swarm,2023-01-01/2023-06-30,2023-07-01/2023-12-31,12,159611.SZ|159920.SZ|159980.SZ|159985.SZ|160644.SZ|501018.SH|512100.SH|513120.SH|513310.SH|513500.SH|513880.SH|518880.SH|588200.SH,2.1123326363084907,0.5852176204818147,initial_swarm,,
rolling_particle_swarm,2023-01-01/2023-06-30,2023-07-01/2023-12-31,13,159687.SZ|159920.SZ|159981.SZ|161226.SZ|164824.SZ|501018.SH|510880.SH|512800.SH|513080.SH|513100.SH|513180.SH|515790.SH|518880.SH,2.4147323818937094,0.8931243278220744,initial_swarm,,
rolling_particle_swarm,2023-01-01/2023-06-30,2023-07-01/2023-12-31,14,159851.SZ|159869.SZ|159980.SZ|159981.SZ|160644.SZ|161226.SZ|164824.SZ|513030.SH|513100.SH|513120.SH|513180.SH|515210.SH|518880.SH,2.265781672068091,0.7029680734125047,initial_swarm,,
rolling_particle_swarm,2023-01-01/2023-06-30,2023-07-01/2023-12-31,15,159915.SZ|159920.SZ|159980.SZ|159981.SZ|501018.SH|510210.SH|512880.SH|513030.SH|513070.SH|513080.SH|513100.SH|513310.SH|518880.SH,1.1850405805900033,0.9096396735534105,initial_swarm,,
rolling_particle_swarm,2023-01-01/2023-06-30,2023-07-01/2023-12-31,16,159766.SZ|159915.SZ|159981.SZ|159985.SZ|164824.SZ|501018.SH|512040.SH|513100.SH|513120.SH|513180.SH|513310.SH|513500.SH|518880.SH,1.0830281976043556,0.8866258135554016,initial_swarm,,
rolling_particle_swarm,2023-01-01/2023-06-30,2023-07-01/2023-12-31,17,159980.SZ|161226.SZ|164824.SZ|501018.SH|510210.SH|512980.SH|513070.SH|513080.SH|513120.SH|513310.SH|513880.SH|515220.SH|518880.SH,1.7207352495149026,0.6871488226207012,initial_swarm,,
rolling_particle_swarm,2023-01-01/2023-06-30,2023-07-01/2023-12-31,18,159920.SZ|159980.SZ|159981.SZ|160644.SZ|161226.SZ|501018.SH|512100.SH|512400.SH|513100.SH|513180.SH|513310.SH|513500.SH|516150.SH,0.3746528503840911,0.8931243278220744,initial_swarm,,
rolling_particle_swarm,2023-01-01/2023-06-30,2023-07-01/2023-12-31,19,159687.SZ|159825.SZ|159980.SZ|159981.SZ|164824.SZ|501018.SH|512400.SH|513100.SH|513120.SH|513180.SH|513290.SH|516150.SH|518880.SH,1.0472602163553932,0.8368456038476373,initial_swarm,,
rolling_particle_swarm,2023-01-01/2023-06-30,2023-07-01/2023-12-31,20,159870.SZ|159928.SZ|159980.SZ|159981.SZ|161226.SZ|164824.SZ|501018.SH|512170.SH|513030.SH|513070.SH|513120.SH|513290.SH|513500.SH,-0.10409610224140678,0.6861192240287576,initial_swarm,,
rolling_particle_swarm,2023-01-01/2023-06-30,2023-07-01/2023-12-31,21,159687.SZ|159852.SZ|159901.SZ|159980.SZ|161226.SZ|164824.SZ|501018.SH|510880.SH|513070.SH|513120.SH|513290.SH|513310.SH|518880.SH,1.7719958991918963,0.6871488226207012,particle,0.0,0.0
rolling_particle_swarm,2023-01-01/2023-06-30,2023-07-01/2023-12-31,22,159920.SZ|159985.SZ|161226.SZ|501018.SH|512170.SH|512880.SH|513030.SH|513100.SH|513180.SH|513310.SH|513880.SH|518880.SH|562500.SH,1.413522634369839,0.8931243278220744,particle,0.0,1.0
rolling_particle_swarm,2023-01-01/2023-06-30,2023-07-01/2023-12-31,23,159687.SZ|159852.SZ|159980.SZ|159985.SZ|501018.SH|512040.SH|513080.SH|513120.SH|513180.SH|513290.SH|513880.SH|518880.SH|588000.SH,2.237514973889631,0.6995802811180952,particle,0.0,2.0
rolling_particle_swarm,2023-01-01/2023-06-30,2023-07-01/2023-12-31,24,159687.SZ|159852.SZ|159980.SZ|159981.SZ|159985.SZ|161226.SZ|164824.SZ|510210.SH|512040.SH|513080.SH|513100.SH|513120.SH|513180.SH,2.0231494835812067,0.7616089023452407,particle,0.0,3.0
rolling_particle_swarm,2023-01-01/2023-06-30,2023-07-01/2023-12-31,25,159687.SZ|159870.SZ|159980.SZ|159981.SZ|161226.SZ|501018.SH|510500.SH|513030.SH|513080.SH|513120.SH|513180.SH|513310.SH|515210.SH,-0.0895290255750829,0.9096396735534105,particle,0.0,4.0
rolling_particle_swarm,2023-01-01/2023-06-30,2023-07-01/2023-12-31,26,159920.SZ|159980.SZ|159981.SZ|160644.SZ|161226.SZ|164824.SZ|501018.SH|510880.SH|512980.SH|513030.SH|513070.SH|513310.SH|515210.SH,1.401105039043535,0.9035245733924316,particle,0.0,5.0
rolling_particle_swarm,2023-01-01/2023-06-30,2023-07-01/2023-12-31,27,159687.SZ|159825.SZ|159980.SZ|159981.SZ|161226.SZ|164824.SZ|512660.SH|513070.SH|513080.SH|513120.SH|513310.SH|516150.SH|518880.SH,1.3918286671489228,0.6871488226207012,particle,0.0,6.0
rolling_particle_swarm,2023-01-01/2023-06-30,2023-07-01/2023-12-31,28,159687.SZ|159985.SZ|160644.SZ|161226.SZ|501018.SH|510050.SH|512040.SH|512800.SH|513070.SH|513120.SH|513290.SH|513500.SH|518880.SH,0.4215370910380304,0.6871488226207012,particle,0.0,7.0
rolling_particle_swarm,2023-01-01/2023-06-30,2023-07-01/2023-12-31,29,159852.SZ|159981.SZ|159985.SZ|160644.SZ|161226.SZ|164824.SZ|501018.SH|512400.SH|513070.SH|513080.SH|513120.SH|513310.SH|515880.SH,1.2249170105067495,0.7106873422882997,particle,0.0,8.0
rolling_particle_swarm,2023-01-01/2023-06-30,2023-07-01/2023-12-31,30,159687.SZ|159766.SZ|159920.SZ|159949.SZ|159981.SZ|159985.SZ|160644.SZ|161226.SZ|510210.SH|513070.SH|513290.SH|513500.SH|518880.SH,1.080198257738988,0.9035245733924316,particle,0.0,9.0
rolling_particle_swarm,2023-01-01/2023-06-30,2023-07-01/2023-12-31,31,159687.SZ|159865.SZ|159870.SZ|159920.SZ|159980.SZ|159985.SZ|501018.SH|513070.SH|513290.SH|513310.SH|513500.SH|515220.SH|518880.SH,-0.024314400599063136,0.9035245733924316,particle,0.0,10.0
rolling_particle_swarm,2023-01-01/2023-06-30,2023-07-01/2023-12-31,32,159687.SZ|159766.SZ|159870.SZ|159981.SZ|159985.SZ|161226.SZ|164824.SZ|513070.SH|513080.SH|513100.SH|513120.SH|515880.SH|518880.SH,4.1013834476356354,0.6871488226207012,particle,0.0,11.0
rolling_particle_swarm,2023-01-01/2023-06-30,2023-07-01/2023-12-31,33,159687.SZ|159766.SZ|159915.SZ|159981.SZ|159985.SZ|164824.SZ|501018.SH|512890.SH|513070.SH|513080.SH|513100.SH|513120.SH|518880.SH,2.0272216557514455,0.6089212065229541,particle,0.0,12.0
rolling_particle_swarm,2023-01-01/2023-06-30,2023-07-01/2023-12-31,34,159687.SZ|159920.SZ|159981.SZ|161226.SZ|164824.SZ|501018.SH|510050.SH|512880.SH|513070.SH|513080.SH|513880.SH|515220.SH|518880.SH,0.8497596047147501,0.9035245733924316,particle,0.0,13.0
rolling_particle_swarm,2023-01-01/2023-06-30,2023-07-01/2023-12-31,35,159920.SZ|159949.SZ|159980.SZ|159981.SZ|161226.SZ|510880.SH|512400.SH|513030.SH|513070.SH|513100.SH|513310.SH|513500.SH|518880.SH,2.143279965390791,0.9035245733924316,particle,0.0,14.0
rolling_particle_swarm,2023-01-01/2023-06-30,2023-07-01/2023-12-31,36,159687.SZ|159825.SZ|159920.SZ|159981.SZ|159985.SZ|161226.SZ|164824.SZ|501018.SH|510180.SH|513070.SH|513080.SH|513100.SH|516150.SH,0.6326064108953438,0.9035245733924316,particle,0.0,15.0
rolling_particle_swarm,2023-01-01/2023-06-30,2023-07-01/2023-12-31,37,159687.SZ|159870.SZ|159920.SZ|159980.SZ|159981.SZ|160644.SZ|161226.SZ|510180.SH|512170.SH|513120.SH|513290.SH|513500.SH|518880.SH,1.326552387264201,0.6871488226207012,particle,0.0,16.0
rolling_particle_swarm,2023-01-01/2023-06-30,2023-07-01/2023-12-31,38,159851.SZ|159920.SZ|159981.SZ|159985.SZ|161226.SZ|512980.SH|513080.SH|513120.SH|513290.SH|513500.SH|513880.SH|518880.SH|588000.SH,2.1557742608755652,0.7416241134355701,particle,0.0,17.0
rolling_particle_swarm,2023-01-01/2023-06-30,2023-07-01/2023-12-31,39,159920.SZ|159980.SZ|159985.SZ|161226.SZ|164824.SZ|501018.SH|510180.SH|512890.SH|513030.SH|513070.SH|513080.SH|513880.SH|588200.SH,1.2830210573115968,0.9096396735534105,particle,0.0,18.0
rolling_particle_swarm,2023-01-01/2023-06-30,2023-07-01/2023-12-31,40,159915.SZ|159920.SZ|159980.SZ|159981.SZ|159985.SZ|160644.SZ|512170.SH|512400.SH|513080.SH|513100.SH|513120.SH|513310.SH|518880.SH,1.5143021851503917,0.7358274806120036,particle,0.0,19.0
rolling_particle_swarm,2023-01-01/2023-06-30,2023-07-01/2023-12-31,41,159980.SZ|159985.SZ|160644.SZ|161226.SZ|164824.SZ|501018.SH|512040.SH|512980.SH|513100.SH|513120.SH|513180.SH|513500.SH|515880.SH,1.7866001240398142,0.8866258135554016,particle,1.0,0.0
rolling_particle_swarm,2023-01-01/2023-06-30,2023-07-01/2023-12-31,42,159611.SZ|159825.SZ|159980.SZ|159981.SZ|159985.SZ|161226.SZ|512170.SH|513030.SH|513120.SH|513180.SH|513290.SH|513500.SH|513880.SH,0.7914483377226177,0.6861192240287576,particle,1.0,1.0
rolling_particle_swarm,2023-01-01/2023-06-30,2023-07-01/2023-12-31,43,159851.SZ|159985.SZ|161226.SZ|501018.SH|512800.SH|513030.SH|513100.SH|513120.SH|513180.SH|513310.SH|513880.SH|515790.SH|518880.SH,1.8807591337063883,0.6871488226207012,particle,1.0,2.0
rolling_particle_swarm,2023-01-01/2023-06-30,2023-07-01/2023-12-31,44,159920.SZ|159928.SZ|159980.SZ|159981.SZ|159985.SZ|160644.SZ|510300.SH|513070.SH|513080.SH|513290.SH|513880.SH|516150.SH|518880.SH,1.3390305408126255,0.9035245733924316,particle,1.0,3.0
rolling_particle_swarm,2023-01-01/2023-06-30,2023-07-01/2023-12-31,45,159687.SZ|159869.SZ|159981.SZ|159985.SZ|164824.SZ|501018.SH|512890.SH|513070.SH|513100.SH|513120.SH|513500.SH|515790.SH|518880.SH,2.4506856038002356,0.8866258135554016,particle,1.0,4.0
rolling_particle_swarm,2023-01-01/2023-06-30,2023-07-01/2023-12-31,46,159869.SZ|159980.SZ|159981.SZ|159985.SZ|160644.SZ|510210.SH|512400.SH|513080.SH|513100.SH|513120.SH|513180.SH|513880.SH|518880.SH,1.8877150773195974,0.6453978669128211,particle,1.0,5.0
rolling_particle_swarm,2023-01-01/2023-06-30,2023-07-01/2023-12-31,47,159915.SZ|159980.SZ|160644.SZ|161226.SZ|501018.SH|512880.SH|513030.SH|513120.SH|513180.SH|513290.SH|513310.SH|518880.SH|588200.SH,0.7167435791689675,0.6871488226207012,particle,1.0,6.0
rolling_particle_swarm,2023-01-01/2023-06-30,2023-07-01/2023-12-31,48,159869.SZ|159980.SZ|159981.SZ|159985.SZ|160644.SZ|161226.SZ|510180.SH|513120.SH|513180.SH|513290.SH|513310.SH|513500.SH|562500.SH,1.8756929680489887,0.6186640087669161,particle,1.0,7.0
rolling_particle_swarm,2023-01-01/2023-06-30,2023-07-01/2023-12-31,49,159687.SZ|159870.SZ|159920.SZ|159981.SZ|159985.SZ|501018.SH|512880.SH|512980.SH|513070.SH|513100.SH|513310.SH|513500.SH|518880.SH,1.9497349875686054,0.9035245733924316,particle,1.0,8.0
rolling_particle_swarm,2023-01-01/2023-06-30,2023-07-01/2023-12-31,50,159687.SZ|159865.SZ|159920.SZ|159985.SZ|160644.SZ|161226.SZ|501018.SH|510050.SH|513070.SH|513500.SH|513880.SH|515210.SH|518880.SH,1.4695383285026633,0.9035245733924316,particle,1.0,9.0
rolling_particle_swarm,2023-01-01/2023-06-30,2023-07-01/2023-12-31,51,159852.SZ|159915.SZ|159920.SZ|159967.SZ|159980.SZ|159981.SZ|159985.SZ|160644.SZ|161226.SZ|164824.SZ|513080.SH|513120.SH|513880.SH,1.9030162759521911,0.8783496274536651,particle,1.0,10.0
rolling_particle_swarm,2023-01-01/2023-06-30,2023-07-01/2023-12-31,52,159687.SZ|159870.SZ|159980.SZ|159981.SZ|160644.SZ|161226.SZ|164824.SZ|512880.SH|513100.SH|513120.SH|513180.SH|516150.SH|518880.SH,2.399603828568061,0.7116700836123357,particle,1.0,11.0
rolling_particle_swarm,2023-01-01/2023-06-30,2023-07-01/2023-12-31,53,159851.SZ|159980.SZ|159981.SZ|161226.SZ|510210.SH|512880.SH|513030.SH|513120.SH|513180.SH|513290.SH|513310.SH|513880.SH|518880.SH,1.2626497318435301,0.7826142989136085,particle,1.0,12.0
rolling_particle_swarm,2023-01-01/2023-06-30,2023-07-01/2023-12-31,54,159852.SZ|159981.SZ|159985.SZ|160644.SZ|501018.SH|510210.SH|512200.SH|513100.SH|513120.SH|513180.SH|513290.SH|513880.SH|518880.SH,1.6321136479520915,0.5628846436607052,particle,1.0,13.0
rolling_particle_swarm,2023-01-01/2023-06-30,2023-07-01/2023-12-31,55,159851.SZ|159915.SZ|159981.SZ|159985.SZ|161226.SZ|164824.SZ|512800.SH|513080.SH|513120.SH|513180.SH|513290.SH|513880.SH|518880.SH,1.8208468893017624,0.6871488226207012,particle,1.0,14.0
rolling_particle_swarm,2023-01-01/2023-06-30,2023-07-01/2023-12-31,56,159967.SZ|159980.SZ|159981.SZ|160644.SZ|161226.SZ|512880.SH|513030.SH|513120.SH|513180.SH|513290.SH|513500.SH|515210.SH|518880.SH,1.7607655462299094,0.6871488226207012,particle,1.0,15.0
rolling_particle_swarm,2023-01-01/2023-06-30,2023-07-01/2023-12-31,57,159687.SZ|159865.SZ|159981.SZ|159985.SZ|161226.SZ|501018.SH|510050.SH|513030.SH|513070.SH|513100.SH|513120.SH|513310.SH|515880.SH,1.9196424565809487,0.6089212065229541,particle,1.0,16.0
rolling_particle_swarm,2023-01-01/2023-06-30,2023-07-01/2023-12-31,58,159766.SZ|159920.SZ|159980.SZ|159985.SZ|161226.SZ|164824.SZ|501018.SH|510300.SH|512660.SH|513070.SH|513080.SH|513100.SH|513290.SH,-0.6814604380762411,0.9035245733924316,particle,1.0,17.0
rolling_particle_swarm,2023-01-01/2023-06-30,2023-07-01/2023-12-31,59,159825.SZ|159980.SZ|159981.SZ|159985.SZ|512800.SH|512880.SH|513030.SH|513080.SH|513100.SH|513120.SH|513180.SH|513500.SH|518880.SH,1.757744192794888,0.9096396735534105,particle,1.0,18.0
rolling_particle_swarm,2023-01-01/2023-06-30,2023-07-01/2023-12-31,60,159687.SZ|159967.SZ|159981.SZ|159985.SZ|161226.SZ|512040.SH|512660.SH|513030.SH|513080.SH|513120.SH|513180.SH|513500.SH|518880.SH,1.7266013887839093,0.9096396735534105,particle,1.0,19.0
rolling_particle_swarm,2023-01-01/2023-06-30,2023-07-01/2023-12-31,61,159687.SZ|159869.SZ|159870.SZ|159920.SZ|159967.SZ|159980.SZ|159981.SZ|159985.SZ|164824.SZ|501018.SH|513070.SH|513290.SH|513880.SH,1.6665792869921499,0.9035245733924316,particle,2.0,0.0
rolling_particle_swarm,2023-01-01/2023-06-30,2023-07-01/2023-12-31,62,159687.SZ|159920.SZ|159928.SZ|159980.SZ|159981.SZ|161226.SZ|164824.SZ|510500.SH|513100.SH|513120.SH|513310.SH|515880.SH|518880.SH,3.618045481157756,0.6871488226207012,particle,2.0,1.0
rolling_particle_swarm,2023-01-01/2023-06-30,2023-07-01/2023-12-31,63,159687.SZ|159920.SZ|159980.SZ|159981.SZ|159985.SZ|160644.SZ|164824.SZ|512400.SH|512800.SH|513070.SH|513880.SH|515220.SH|518880.SH,1.5077468957588955,0.9035245733924316,particle,2.0,2.0
rolling_particle_swarm,2023-01-01/2023-06-30,2023-07-01/2023-12-31,64,159687.SZ|159981.SZ|161226.SZ|501018.SH|510300.SH|510500.SH|513030.SH|513100.SH|513120.SH|513180.SH|513310.SH|515880.SH|518880.SH,2.6644735118320013,0.8222216895824873,particle,2.0,3.0
rolling_particle_swarm,2023-01-01/2023-06-30,2023-07-01/2023-12-31,65,159920.SZ|159980.SZ|159981.SZ|159985.SZ|512100.SH|513080.SH|513100.SH|513180.SH|513500.SH|513880.SH|518880.SH|562500.SH|588000.SH,2.330805345469143,0.8931243278220744,particle,2.0,4.0
rolling_particle_swarm,2023-01-01/2023-06-30,2023-07-01/2023-12-31,66,159687.SZ|159920.SZ|159981.SZ|161226.SZ|501018.SH|512040.SH|512100.SH|513030.SH|513080.SH|513180.SH|513880.SH|518880.SH|562500.SH,2.2772984631201445,0.9096396735534105,particle,2.0,5.0
rolling_particle_swarm,2023-01-01/2023-06-30,2023-07-01/2023-12-31,67,159687.SZ|159920.SZ|159928.SZ|159949.SZ|159980.SZ|159981.SZ|161226.SZ|164824.SZ|501018.SH|510210.SH|513080.SH|513120.SH|513500.SH,0.2864097672861275,0.6717973155865423,particle,2.0,6.0
rolling_particle_swarm,2023-01-01/2023-06-30,2023-07-01/2023-12-31,68,159611.SZ|159870.SZ|159981.SZ|161226.SZ|501018.SH|513030.SH|513070.SH|513080.SH|513120.SH|513310.SH|513880.SH|515880.SH|518880.SH,1.96326715244043,0.9096396735534105,particle,2.0,7.0
rolling_particle_swarm,2023-01-01/2023-06-30,2023-07-01/2023-12-31,69,159766.SZ|159967.SZ|159980.SZ|159981.SZ|161226.SZ|164824.SZ|512660.SH|513070.SH|513080.SH|513100.SH|513120.SH|513290.SH|518880.SH,1.8002835360644982,0.6871488226207012,particle,2.0,8.0
rolling_particle_swarm,2023-01-01/2023-06-30,2023-07-01/2023-12-31,70,159920.SZ|159985.SZ|161226.SZ|164824.SZ|501018.SH|510500.SH|512200.SH|512890.SH|513080.SH|513120.SH|513290.SH|513310.SH|518880.SH,1.8435055486192522,0.6871488226207012,particle,2.0,9.0
rolling_particle_swarm,2023-01-01/2023-06-30,2023-07-01/2023-12-31,71,159611.SZ|159687.SZ|159825.SZ|159920.SZ|159980.SZ|159981.SZ|161226.SZ|164824.SZ|513080.SH|513180.SH|513290.SH|516150.SH|518880.SH,0.5949569374597673,0.8931243278220744,particle,2.0,10.0
rolling_particle_swarm,2023-01-01/2023-06-30,2023-07-01/2023-12-31,72,159825.SZ|159920.SZ|159985.SZ|161226.SZ|501018.SH|510180.SH|512660.SH|513030.SH|513100.SH|513120.SH|513500.SH|513880.SH|518880.SH,1.529303736717928,0.8866258135554016,particle,2.0,11.0
rolling_particle_swarm,2023-01-01/2023-06-30,2023-07-01/2023-12-31,73,159611.SZ|159920.SZ|159949.SZ|159981.SZ|159985.SZ|161226.SZ|164824.SZ|513080.SH|513100.SH|513180.SH|513500.SH|518880.SH|588000.SH,2.443073075450478,0.8931243278220744,particle,2.0,12.0
rolling_particle_swarm,2023-01-01/2023-06-30,2023-07-01/2023-12-31,74,159687.SZ|159967.SZ|159980.SZ|159981.SZ|159985.SZ|161226.SZ|164824.SZ|513030.SH|513100.SH|513120.SH|513180.SH|515210.SH|515790.SH,2.0144616653144576,0.6741936347287584,particle,2.0,13.0
rolling_particle_swarm,2023-01-01/2023-06-30,2023-07-01/2023-12-31,75,159687.SZ|159766.SZ|159869.SZ|159980.SZ|159981.SZ|159985.SZ|160644.SZ|161226.SZ|510880.SH|513070.SH|513100.SH|513120.SH|513310.SH,2.1069872435080583,0.6186640087669161,particle,2.0,14.0
rolling_particle_swarm,2023-01-01/2023-06-30,2023-07-01/2023-12-31,76,159687.SZ|159852.SZ|159980.SZ|159981.SZ|159985.SZ|161226.SZ|512100.SH|513030.SH|513080.SH|513120.SH|513180.SH|513290.SH|515790.SH,1.324039388937806,0.9096396735534105,particle,2.0,15.0
rolling_particle_swarm,2023-01-01/2023-06-30,2023-07-01/2023-12-31,77,159825.SZ|159901.SZ|159981.SZ|159985.SZ|161226.SZ|164824.SZ|512400.SH|513030.SH|513070.SH|513080.SH|513100.SH|513120.SH|518880.SH,1.8946760837556305,0.9096396735534105,particle,2.0,16.0
rolling_particle_swarm,2023-01-01/2023-06-30,2023-07-01/2023-12-31,78,159687.SZ|159851.SZ|159967.SZ|159981.SZ|160644.SZ|161226.SZ|164824.SZ|501018.SH|512200.SH|513120.SH|513180.SH|513310.SH|518880.SH,1.2868021774485423,0.6871488226207012,particle,2.0,17.0
rolling_particle_swarm,2023-01-01/2023-06-30,2023-07-01/2023-12-31,79,159870.SZ|159967.SZ|159981.SZ|159985.SZ|161226.SZ|512890.SH|513070.SH|513080.SH|513100.SH|513120.SH|513500.SH|513880.SH|518880.SH,1.8854719773167707,0.8866258135554016,particle,2.0,18.0
rolling_particle_swarm,2023-01-01/2023-06-30,2023-07-01/2023-12-31,80,159611.SZ|159981.SZ|161226.SZ|164824.SZ|501018.SH|510050.SH|510210.SH|513080.SH|513100.SH|513120.SH|513180.SH|513290.SH|518880.SH,1.2947083644193822,0.8496734078335055,particle,2.0,19.0
rolling_particle_swarm,2023-01-01/2023-06-30,2023-07-01/2023-12-31,81,159928.SZ|159980.SZ|159981.SZ|159985.SZ|161226.SZ|510500.SH|513030.SH|513100.SH|513120.SH|513180.SH|513310.SH|513500.SH|515880.SH,2.029186219282872,0.8866258135554016,particle,3.0,0.0
rolling_particle_swarm,2023-01-01/2023-06-30,2023-07-01/2023-12-31,82,159981.SZ|161226.SZ|164824.SZ|501018.SH|510210.SH|512170.SH|513030.SH|513070.SH|513080.SH|513100.SH|513120.SH|518880.SH|588200.SH,2.010925351529572,0.9096396735534105,particle,3.0,1.0
rolling_particle_swarm,2023-01-01/2023-06-30,2023-07-01/2023-12-31,83,159687.SZ|159981.SZ|159985.SZ|161226.SZ|512040.SH|512660.SH|513080.SH|513120.SH|513180.SH|513290.SH|513880.SH|518880.SH|562500.SH,1.832422951432932,0.6995802811180952,particle,3.0,2.0
rolling_particle_swarm,2023-01-01/2023-06-30,2023-07-01/2023-12-31,84,159825.SZ|159915.SZ|159920.SZ|159980.SZ|159985.SZ|161226.SZ|164824.SZ|512170.SH|513080.SH|513100.SH|513120.SH|513880.SH|518880.SH,3.0144171030199427,0.7358274806120036,particle,3.0,3.0
rolling_particle_swarm,2023-01-01/2023-06-30,2023-07-01/2023-12-31,85,159766.SZ|159915.SZ|159981.SZ|159985.SZ|160644.SZ|161226.SZ|164824.SZ|513030.SH|513070.SH|513120.SH|513500.SH|515880.SH|518880.SH,3.044442357051052,0.6871488226207012,particle,3.0,4.0
rolling_particle_swarm,2023-01-01/2023-06-30,2023-07-01/2023-12-31,86,159687.SZ|159928.SZ|159967.SZ|159980.SZ|159985.SZ|161226.SZ|512660.SH|513070.SH|513100.SH|513120.SH|513290.SH|513500.SH|518880.SH,2.0674239815417805,0.8866258135554016,particle,3.0,5.0
rolling_particle_swarm,2023-01-01/2023-06-30,2023-07-01/2023-12-31,87,159687.SZ|159980.SZ|159981.SZ|159985.SZ|164824.SZ|510880.SH|512040.SH|512200.SH|513070.SH|513080.SH|513100.SH|513120.SH|518880.SH,2.3242250710576196,0.8088585671513959,particle,3.0,6.0
rolling_particle_swarm,2023-01-01/2023-06-30,2023-07-01/2023-12-31,88,159687.SZ|159825.SZ|159920.SZ|159980.SZ|159981.SZ|161226.SZ|164824.SZ|510300.SH|513070.SH|513100.SH|513880.SH|515220.SH|518880.SH,1.8973741729980131,0.9035245733924316,particle,3.0,7.0
rolling_particle_swarm,2023-01-01/2023-06-30,2023-07-01/2023-12-31,89,159865.SZ|159980.SZ|159985.SZ|160644.SZ|161226.SZ|164824.SZ|512400.SH|512800.SH|513080.SH|513100.SH|513120.SH|513180.SH|518880.SH,1.4326465526633563,0.6871488226207012,particle,3.0,8.0
rolling_particle_swarm,2023-01-01/2023-06-30,2023-07-01/2023-12-31,90,159967.SZ|159981.SZ|159985.SZ|160644.SZ|161226.SZ|164824.SZ|513070.SH|513100.SH|513120.SH|513500.SH|515220.SH|515880.SH|518880.SH,3.4799714788158798,0.8866258135554016,particle,3.0,9.0
rolling_particle_swarm,2023-01-01/2023-06-30,2023-07-01/2023-12-31,91,159851.SZ|159920.SZ|159981.SZ|159985.SZ|161226.SZ|164824.SZ|510050.SH|513080.SH|513100.SH|513120.SH|513290.SH|515220.SH|518880.SH,1.4281949820773014,0.6871488226207012,particle,3.0,10.0
rolling_particle_swarm,2023-01-01/2023-06-30,2023-07-01/2023-12-31,92,159687.SZ|159766.SZ|159851.SZ|159920.SZ|159981.SZ|161226.SZ|164824.SZ|501018.SH|513070.SH|513100.SH|513500.SH|515790.SH|518880.SH,1.590731583944291,0.9035245733924316,particle,3.0,11.0
rolling_particle_swarm,2023-01-01/2023-06-30,2023-07-01/2023-12-31,93,159920.SZ|159981.SZ|159985.SZ|161226.SZ|164824.SZ|512040.SH|512100.SH|513070.SH|513290.SH|513310.SH|513500.SH|516150.SH|518880.SH,2.071480935556605,0.9035245733924316,particle,3.0,12.0
rolling_particle_swarm,2023-01-01/2023-06-30,2023-07-01/2023-12-31,94,159687.SZ|159920.SZ|159949.SZ|159980.SZ|159981.SZ|159985.SZ|164824.SZ|512170.SH|513080.SH|513100.SH|513180.SH|518880.SH|562500.SH,2.4631918085523914,0.8931243278220744,particle,3.0,13.0
rolling_particle_swarm,2023-01-01/2023-06-30,2023-07-01/2023-12-31,95,159687.SZ|159870.SZ|159920.SZ|159928.SZ|159980.SZ|159985.SZ|161226.SZ|513030.SH|513070.SH|513310.SH|513500.SH|518880.SH|588200.SH,2.0017030276736985,0.9035245733924316,particle,3.0,14.0
rolling_particle_swarm,2023-01-01/2023-06-30,2023-07-01/2023-12-31,96,159766.SZ|159981.SZ|159985.SZ|161226.SZ|501018.SH|512980.SH|513070.SH|513080.SH|513100.SH|513120.SH|513310.SH|513500.SH|515880.SH,1.9348170618586609,0.8866258135554016,particle,3.0,15.0
rolling_particle_swarm,2023-01-01/2023-06-30,2023-07-01/2023-12-31,97,159687.SZ|159915.SZ|159920.SZ|159928.SZ|159980.SZ|159981.SZ|159985.SZ|160644.SZ|501018.SH|513100.SH|513120.SH|513310.SH|515880.SH,0.6861055543910657,0.6186640087669161,particle,3.0,16.0
rolling_particle_swarm,2023-01-01/2023-06-30,2023-07-01/2023-12-31,98,159870.SZ|159920.SZ|159981.SZ|159985.SZ|501018.SH|512400.SH|513100.SH|513120.SH|513290.SH|513310.SH|513880.SH|515880.SH|518880.SH,2.3885333532753736,0.7501179645293627,particle,3.0,17.0
rolling_particle_swarm,2023-01-01/2023-06-30,2023-07-01/2023-12-31,99,159687.SZ|159865.SZ|159981.SZ|159985.SZ|161226.SZ|164824.SZ|510050.SH|513100.SH|513120.SH|513180.SH|513310.SH|515880.SH|518880.SH,3.3325838217340062,0.6871488226207012,particle,3.0,18.0
rolling_particle_swarm,2023-01-01/2023-06-30,2023-07-01/2023-12-31,100,159687.SZ|159766.SZ|159851.SZ|159920.SZ|159949.SZ|159980.SZ|159981.SZ|161226.SZ|513080.SH|513180.SH|513310.SH|513880.SH|518880.SH,1.4549033752527862,0.8931243278220744,particle,3.0,19.0
rolling_particle_swarm,2023-07-01/2023-12-31,2024-01-01/2024-06-30,1,159687.SZ|159825.SZ|159852.SZ|159980.SZ|159981.SZ|159985.SZ|161226.SZ|164824.SZ|512170.SH|513070.SH|513100.SH|513120.SH|513310.SH,-0.9830611479358378,0.6800005945881478,initial_swarm,,
rolling_particle_swarm,2023-07-01/2023-12-31,2024-01-01/2024-06-30,2,159852.SZ|159980.SZ|159981.SZ|160644.SZ|501018.SH|510300.SH|510880.SH|513100.SH|513120.SH|513180.SH|513290.SH|513500.SH|518880.SH,-0.8651649441271462,0.8909152686603402,initial_swarm,,
rolling_particle_swarm,2023-07-01/2023-12-31,2024-01-01/2024-06-30,3,159509.SZ|159766.SZ|159980.SZ|159985.SZ|160644.SZ|501018.SH|510880.SH|513070.SH|513120.SH|513310.SH|513880.SH|515220.SH|518880.SH,-1.2171058909498491,0.7057157706326638,initial_swarm,,
rolling_particle_swarm,2023-07-01/2023-12-31,2024-01-01/2024-06-30,4,159928.SZ|159985.SZ|160644.SZ|161226.SZ|164824.SZ|501018.SH|512040.SH|512100.SH|513070.SH|513100.SH|513120.SH|513500.SH|518880.SH,-1.2967846294207632,0.8909152686603402,initial_swarm,,
rolling_particle_swarm,2023-07-01/2023-12-31,2024-01-01/2024-06-30,5,159687.SZ|159869.SZ|159915.SZ|159981.SZ|159985.SZ|160644.SZ|161226.SZ|164824.SZ|513070.SH|513120.SH|513310.SH|515220.SH|518880.SH,-1.7525793380497798,0.6527891396861959,initial_swarm,,
rolling_particle_swarm,2023-07-01/2023-12-31,2024-01-01/2024-06-30,6,159766.SZ|159920.SZ|159980.SZ|159981.SZ|159985.SZ|164824.SZ|512800.SH|513080.SH|513100.SH|513120.SH|513310.SH|515790.SH|518880.SH,-0.432554120601154,0.6626523644365334,initial_swarm,,
rolling_particle_swarm,2023-07-01/2023-12-31,2024-01-01/2024-06-30,7,159611.SZ|159920.SZ|159949.SZ|159980.SZ|159981.SZ|159985.SZ|161226.SZ|512890.SH|513030.SH|513100.SH|513120.SH|513290.SH|513310.SH,-0.8080546332009152,0.7182503628120884,initial_swarm,,
rolling_particle_swarm,2023-07-01/2023-12-31,2024-01-01/2024-06-30,8,159509.SZ|159869.SZ|159870.SZ|159980.SZ|159981.SZ|159985.SZ|161226.SZ|164824.SZ|510880.SH|513030.SH|513070.SH|513120.SH|513310.SH,-0.8878964660419948,0.6367968444072951,initial_swarm,,
rolling_particle_swarm,2023-07-01/2023-12-31,2024-01-01/2024-06-30,9,159980.SZ|159981.SZ|160644.SZ|164824.SZ|501018.SH|510050.SH|512200.SH|513070.SH|513100.SH|513120.SH|513880.SH|518880.SH|562500.SH,-0.710266844921319,0.679900570954732,initial_swarm,,
rolling_particle_swarm,2023-07-01/2023-12-31,2024-01-01/2024-06-30,10,159687.SZ|159915.SZ|159920.SZ|159980.SZ|159985.SZ|161226.SZ|164824.SZ|512200.SH|512660.SH|513080.SH|513120.SH|513310.SH|518880.SH,-1.1400228191626471,0.7366857191376772,initial_swarm,,
rolling_particle_swarm,2023-07-01/2023-12-31,2024-01-01/2024-06-30,11,159687.SZ|159920.SZ|159949.SZ|159980.SZ|159981.SZ|159985.SZ|160644.SZ|164824.SZ|510210.SH|512200.SH|513120.SH|513880.SH|518880.SH,-0.3747979251788605,0.8806115882628334,initial_swarm,,
rolling_particle_swarm,2023-07-01/2023-12-31,2024-01-01/2024-06-30,12,159611.SZ|159687.SZ|159865.SZ|159920.SZ|159981.SZ|159985.SZ|161226.SZ|164824.SZ|501018.SH|512660.SH|513080.SH|513120.SH|513290.SH,-0.2912840743082807,0.7366857191376772,initial_swarm,,
rolling_particle_swarm,2023-07-01/2023-12-31,2024-01-01/2024-06-30,13,159915.SZ|159980.SZ|159981.SZ|159985.SZ|164824.SZ|501018.SH|513030.SH|513120.SH|513180.SH|513290.SH|513880.SH|588000.SH|588200.SH,1.7706342358502911,0.9078601169340029,initial_swarm,,
rolling_particle_swarm,2023-07-01/2023-12-31,2024-01-01/2024-06-30,14,159509.SZ|159796.SZ|159920.SZ|159980.SZ|159981.SZ|160644.SZ|161226.SZ|501018.SH|510500.SH|512400.SH|513120.SH|513310.SH|513880.SH,-0.5834194819824895,0.7637523308037052,initial_swarm,,
rolling_particle_swarm,2023-07-01/2023-12-31,2024-01-01/2024-06-30,15,159766.SZ|159915.SZ|159980.SZ|161226.SZ|501018.SH|513030.SH|513100.SH|513120.SH|513180.SH|513290.SH|513500.SH|515210.SH|518880.SH,-1.9017033452778658,0.8909152686603402,initial_swarm,,
rolling_particle_swarm,2023-07-01/2023-12-31,2024-01-01/2024-06-30,16,159509.SZ|159687.SZ|159920.SZ|159980.SZ|159985.SZ|501018.SH|510880.SH|513030.SH|513120.SH|513290.SH|515210.SH|518880.SH|588220.SH,-0.16935434481936115,0.7579092133299615,initial_swarm,,
rolling_particle_swarm,2023-07-01/2023-12-31,2024-01-01/2024-06-30,17,159509.SZ|159980.SZ|159981.SZ|159985.SZ|501018.SH|512400.SH|513120.SH|513180.SH|513290.SH|513310.SH|513500.SH|515210.SH|516150.SH,0.4007016585270345,0.8408566165483314,initial_swarm,,
rolling_particle_swarm,2023-07-01/2023-12-31,2024-01-01/2024-06-30,18,159611.SZ|159687.SZ|159870.SZ|159981.SZ|159985.SZ|161226.SZ|512890.SH|513070.SH|513100.SH|513120.SH|513500.SH|513880.SH|518880.SH,-1.407013473585033,0.8909152686603402,initial_swarm,,
rolling_particle_swarm,2023-07-01/2023-12-31,2024-01-01/2024-06-30,19,159687.SZ|159852.SZ|159870.SZ|159928.SZ|159980.SZ|159981.SZ|159985.SZ|161226.SZ|513080.SH|513120.SH|513180.SH|513310.SH|513500.SH,-1.1389996706529264,0.7408368521193833,initial_swarm,,
rolling_particle_swarm,2023-07-01/2023-12-31,2024-01-01/2024-06-30,20,159687.SZ|159825.SZ|159920.SZ|159980.SZ|159981.SZ|160644.SZ|501018.SH|512890.SH|513080.SH|513100.SH|513120.SH|515210.SH|518880.SH,0.13869366669299574,0.7366857191376772,initial_swarm,,
rolling_particle_swarm,2023-07-01/2023-12-31,2024-01-01/2024-06-30,21,159980.SZ|159981.SZ|159985.SZ|160644.SZ|501018.SH|512400.SH|512980.SH|513030.SH|513070.SH|513120.SH|513290.SH|513880.SH|588200.SH,1.0209144294670878,0.7824059319979025,particle,0.0,0.0
rolling_particle_swarm,2023-07-01/2023-12-31,2024-01-01/2024-06-30,22,159687.SZ|159869.SZ|159980.SZ|159981.SZ|159985.SZ|161226.SZ|510050.SH|513030.SH|513070.SH|513100.SH|513120.SH|513880.SH|588220.SH,-1.178159867163333,0.8806115882628334,particle,0.0,1.0
rolling_particle_swarm,2023-07-01/2023-12-31,2024-01-01/2024-06-30,23,159687.SZ|159796.SZ|159981.SZ|161226.SZ|501018.SH|512170.SH|512660.SH|513030.SH|513100.SH|513120.SH|513180.SH|513290.SH|518880.SH,-1.3200085695390882,0.7579092133299615,particle,0.0,2.0
rolling_particle_swarm,2023-07-01/2023-12-31,2024-01-01/2024-06-30,24,159766.SZ|159949.SZ|159980.SZ|159981.SZ|159985.SZ|501018.SH|513100.SH|513120.SH|513180.SH|513290.SH|513310.SH|513880.SH|562500.SH,0.3163858728264123,0.7545440041408199,particle,0.0,3.0
rolling_particle_swarm,2023-07-01/2023-12-31,2024-01-01/2024-06-30,25,159870.SZ|159980.SZ|159981.SZ|159985.SZ|160644.SZ|164824.SZ|501018.SH|510050.SH|513100.SH|513120.SH|513180.SH|513500.SH|588200.SH,0.9285564963015822,0.8909152686603402,particle,0.0,4.0
rolling_particle_swarm,2023-07-01/2023-12-31,2024-01-01/2024-06-30,26,159687.SZ|159901.SZ|159981.SZ|159985.SZ|161226.SZ|164824.SZ|501018.SH|510500.SH|512660.SH|513030.SH|513120.SH|513180.SH|513880.SH,-0.26153055355664007,0.8806115882628334,particle,0.0,5.0
rolling_particle_swarm,2023-07-01/2023-12-31,2024-01-01/2024-06-30,27,159509.SZ|159687.SZ|159980.SZ|159985.SZ|160644.SZ|161226.SZ|510210.SH|513030.SH|513070.SH|513120.SH|515790.SH|518880.SH|588200.SH,-1.3521363487464113,0.7579092133299615,particle,0.0,6.0
rolling_particle_swarm,2023-07-01/2023-12-31,2024-01-01/2024-06-30,28,159687.SZ|159980.SZ|160644.SZ|161226.SZ|501018.SH|512200.SH|512660.SH|513070.SH|513100.SH|513120.SH|513880.SH|518880.SH|563300.SH,-1.3256205082003023,0.8806115882628334,particle,0.0,7.0
rolling_particle_swarm,2023-07-01/2023-12-31,2024-01-01/2024-06-30,29,159980.SZ|159981.SZ|159985.SZ|161226.SZ|164824.SZ|510050.SH|512800.SH|513100.SH|513120.SH|513180.SH|513310.SH|513880.SH|515220.SH,-0.03068644455090006,0.7680368368121205,particle,0.0,8.0
rolling_particle_swarm,2023-07-01/2023-12-31,2024-01-01/2024-06-30,30,159766.SZ|159967.SZ|159985.SZ|161226.SZ|501018.SH|510880.SH|513070.SH|513100.SH|513120.SH|513290.SH|513310.SH|513500.SH|518880.SH,-0.6134396974115864,0.8909152686603402,particle,0.0,9.0
rolling_particle_swarm,2023-07-01/2023-12-31,2024-01-01/2024-06-30,31,159865.SZ|159928.SZ|159980.SZ|159981.SZ|159985.SZ|164824.SZ|501018.SH|513030.SH|513070.SH|513120.SH|513290.SH|513880.SH|562500.SH,0.934343376277162,0.7824059319979025,particle,0.0,10.0
rolling_particle_swarm,2023-07-01/2023-12-31,2024-01-01/2024-06-30,32,159949.SZ|159967.SZ|159981.SZ|159985.SZ|160644.SZ|164824.SZ|501018.SH|513030.SH|513120.SH|513180.SH|513310.SH|518880.SH|588000.SH,0.4967855679034649,0.8684960040557146,particle,0.0,11.0
rolling_particle_swarm,2023-07-01/2023-12-31,2024-01-01/2024-06-30,33,159825.SZ|159980.SZ|159981.SZ|164824.SZ|501018.SH|513070.SH|513080.SH|513120.SH|513290.SH|513880.SH|518880.SH|588200.SH|588220.SH,0.5058233343538675,0.8156224838300064,particle,0.0,12.0
rolling_particle_swarm,2023-07-01/2023-12-31,2024-01-01/2024-06-30,34,159980.SZ|159981.SZ|159985.SZ|510880.SH|512100.SH|512400.SH|513030.SH|513070.SH|513120.SH|513290.SH|513310.SH|513880.SH|518880.SH,-0.0660294170943435,0.7824059319979025,particle,0.0,13.0
rolling_particle_swarm,2023-07-01/2023-12-31,2024-01-01/2024-06-30,35,159980.SZ|159981.SZ|159985.SZ|164824.SZ|512170.SH|512980.SH|513080.SH|513120.SH|513180.SH|513290.SH|513310.SH|518880.SH|588000.SH,0.8758442075314071,0.6381452770952387,particle,0.0,14.0
rolling_particle_swarm,2023-07-01/2023-12-31,2024-01-01/2024-06-30,36,159980.SZ|159981.SZ|159985.SZ|160644.SZ|512040.SH|512100.SH|512890.SH|513100.SH|513120.SH|513180.SH|513290.SH|513880.SH|518880.SH,0.06728654169185966,0.7421248496584396,particle,0.0,15.0
rolling_particle_swarm,2023-07-01/2023-12-31,2024-01-01/2024-06-30,37,159766.SZ|159851.SZ|159920.SZ|159980.SZ|159981.SZ|164824.SZ|501018.SH|513080.SH|513100.SH|513120.SH|513290.SH|518880.SH|588200.SH,-0.3281095491422117,0.6626523644365334,particle,0.0,16.0
rolling_particle_swarm,2023-07-01/2023-12-31,2024-01-01/2024-06-30,38,159509.SZ|159981.SZ|159985.SZ|161226.SZ|501018.SH|510880.SH|513080.SH|513120.SH|513180.SH|513290.SH|513310.SH|562500.SH|588220.SH,-0.36528046483186793,0.8223243278804527,particle,0.0,17.0
rolling_particle_swarm,2023-07-01/2023-12-31,2024-01-01/2024-06-30,39,159980.SZ|159985.SZ|164824.SZ|501018.SH|512800.SH|513030.SH|513070.SH|513100.SH|513120.SH|513290.SH|515790.SH|516150.SH|518880.SH,-0.12608480284273954,0.7182503628120884,particle,0.0,18.0
rolling_particle_swarm,2023-07-01/2023-12-31,2024-01-01/2024-06-30,40,159687.SZ|159980.SZ|159981.SZ|159985.SZ|160644.SZ|164824.SZ|501018.SH|512040.SH|513120.SH|513180.SH|513880.SH|515210.SH|515220.SH,0.3935045653949465,0.8806115882628334,particle,0.0,19.0
rolling_particle_swarm,2023-07-01/2023-12-31,2024-01-01/2024-06-30,41,159980.SZ|159981.SZ|159985.SZ|501018.SH|512040.SH|513030.SH|513100.SH|513120.SH|513180.SH|513290.SH|513880.SH|515210.SH|588000.SH,0.7817227173765082,0.7824059319979025,particle,1.0,0.0
rolling_particle_swarm,2023-07-01/2023-12-31,2024-01-01/2024-06-30,42,159851.SZ|159981.SZ|159985.SZ|164824.SZ|501018.SH|510180.SH|512800.SH|513080.SH|513120.SH|513180.SH|513290.SH|513310.SH|518880.SH,0.4676443119581106,0.7503675985640472,particle,1.0,1.0
rolling_particle_swarm,2023-07-01/2023-12-31,2024-01-01/2024-06-30,43,159851.SZ|159980.SZ|159985.SZ|160644.SZ|161226.SZ|501018.SH|512200.SH|513120.SH|513180.SH|513290.SH|513310.SH|513880.SH|588200.SH,-0.7749889404470127,0.6186796440283018,particle,1.0,2.0
rolling_particle_swarm,2023-07-01/2023-12-31,2024-01-01/2024-06-30,44,159796.SZ|159920.SZ|159928.SZ|159980.SZ|159981.SZ|159985.SZ|164824.SZ|512040.SH|513030.SH|513120.SH|513310.SH|513880.SH|518880.SH,-0.032248856430606425,0.7824059319979025,particle,1.0,3.0
rolling_particle_swarm,2023-07-01/2023-12-31,2024-01-01/2024-06-30,45,159687.SZ|159851.SZ|159865.SZ|159980.SZ|159985.SZ|161226.SZ|501018.SH|513030.SH|513070.SH|513100.SH|513120.SH|513880.SH|588220.SH,-0.709514529979446,0.8806115882628334,particle,1.0,4.0
rolling_particle_swarm,2023-07-01/2023-12-31,2024-01-01/2024-06-30,46,159509.SZ|159980.SZ|159981.SZ|159985.SZ|161226.SZ|164824.SZ|510300.SH|512980.SH|513120.SH|513180.SH|513290.SH|513500.SH|588200.SH,-0.22746846109476268,0.7799027480940437,particle,1.0,5.0
rolling_particle_swarm,2023-07-01/2023-12-31,2024-01-01/2024-06-30,47,159869.SZ|159901.SZ|159980.SZ|159981.SZ|161226.SZ|501018.SH|510050.SH|513080.SH|513100.SH|513120.SH|513180.SH|513290.SH|513500.SH,-0.5694889892856487,0.8909152686603402,particle,1.0,6.0
rolling_particle_swarm,2023-07-01/2023-12-31,2024-01-01/2024-06-30,48,159509.SZ|159920.SZ|159949.SZ|159980.SZ|159981.SZ|159985.SZ|160644.SZ|501018.SH|510050.SH|512800.SH|513120.SH|513310.SH|513880.SH,0.4194838069923061,0.7680368368121205,particle,1.0,7.0
rolling_particle_swarm,2023-07-01/2023-12-31,2024-01-01/2024-06-30,49,159825.SZ|159920.SZ|159981.SZ|159985.SZ|160644.SZ|161226.SZ|513030.SH|513120.SH|513290.SH|513500.SH|515790.SH|516150.SH|518880.SH,-1.285486855089241,0.7597995185455373,particle,1.0,8.0
rolling_particle_swarm,2023-07-01/2023-12-31,2024-01-01/2024-06-30,50,159981.SZ|159985.SZ|160644.SZ|161226.SZ|501018.SH|512200.SH|512660.SH|513030.SH|513120.SH|513180.SH|513290.SH|513880.SH|588000.SH,-0.28126085069148044,0.7824059319979025,particle,1.0,9.0
rolling_particle_swarm,2023-07-01/2023-12-31,2024-01-01/2024-06-30,51,159611.SZ|159825.SZ|159949.SZ|159981.SZ|161226.SZ|164824.SZ|501018.SH|513030.SH|513120.SH|513180.SH|513290.SH|513310.SH|518880.SH,-0.12451123238486136,0.6149005769491303,particle,1.0,10.0
rolling_particle_swarm,2023-07-01/2023-12-31,2024-01-01/2024-06-30,52,159766.SZ|159915.SZ|159980.SZ|161226.SZ|501018.SH|512800.SH|513030.SH|513070.SH|513100.SH|513120.SH|513290.SH|513880.SH|518880.SH,-1.0747091643686213,0.7824059319979025,particle,1.0,11.0
rolling_particle_swarm,2023-07-01/2023-12-31,2024-01-01/2024-06-30,53,159509.SZ|159687.SZ|159865.SZ|159915.SZ|159981.SZ|159985.SZ|160644.SZ|161226.SZ|501018.SH|510300.SH|513120.SH|513180.SH|513500.SH,-0.34049900050764653,0.8610110677649587,particle,1.0,12.0
rolling_particle_swarm,2023-07-01/2023-12-31,2024-01-01/2024-06-30,54,159611.SZ|159687.SZ|159796.SZ|159980.SZ|159981.SZ|159985.SZ|164824.SZ|501018.SH|510210.SH|513120.SH|513180.SH|513290.SH|513500.SH,0.38145064382704774,0.6915336172514468,particle,1.0,13.0
rolling_particle_swarm,2023-07-01/2023-12-31,2024-01-01/2024-06-30,55,159509.SZ|159611.SZ|159825.SZ|159980.SZ|159981.SZ|159985.SZ|160644.SZ|164824.SZ|501018.SH|513120.SH|513180.SH|513500.SH|588220.SH,0.7571986022348776,0.7799027480940437,particle,1.0,14.0
rolling_particle_swarm,2023-07-01/2023-12-31,2024-01-01/2024-06-30,56,159509.SZ|159611.SZ|159980.SZ|161226.SZ|164824.SZ|501018.SH|510210.SH|512170.SH|513120.SH|513180.SH|513310.SH|513880.SH|518880.SH,-0.9331750556467179,0.6149005769491303,particle,1.0,15.0
rolling_particle_swarm,2023-07-01/2023-12-31,2024-01-01/2024-06-30,57,159980.SZ|159981.SZ|161226.SZ|501018.SH|512800.SH|513030.SH|513100.SH|513120.SH|513180.SH|513310.SH|513500.SH|588000.SH|588200.SH,0.21852117796227521,0.9078601169340029,particle,1.0,16.0
rolling_particle_swarm,2023-07-01/2023-12-31,2024-01-01/2024-06-30,58,159915.SZ|159980.SZ|159985.SZ|161226.SZ|164824.SZ|501018.SH|510050.SH|513030.SH|513070.SH|513120.SH|513290.SH|513880.SH|563300.SH,0.13799392238485098,0.7824059319979025,particle,1.0,17.0
rolling_particle_swarm,2023-07-01/2023-12-31,2024-01-01/2024-06-30,59,159901.SZ|159920.SZ|159981.SZ|159985.SZ|161226.SZ|164824.SZ|501018.SH|512170.SH|513080.SH|513120.SH|513500.SH|513880.SH|588000.SH,0.5064185821264774,0.7739740103598447,particle,1.0,18.0
rolling_particle_swarm,2023-07-01/2023-12-31,2024-01-01/2024-06-30,60,159920.SZ|159980.SZ|159981.SZ|159985.SZ|512100.SH|512890.SH|513030.SH|513120.SH|513290.SH|513310.SH|513500.SH|518880.SH|588200.SH,0.24570044997385768,0.7841980520635184,particle,1.0,19.0
rolling_particle_swarm,2023-07-01/2023-12-31,2024-01-01/2024-06-30,61,159509.SZ|159852.SZ|159980.SZ|159981.SZ|160644.SZ|164824.SZ|501018.SH|510500.SH|513030.SH|513120.SH|513180.SH|515790.SH|518880.SH,-0.9654791189700956,0.7642458430865311,particle,2.0,0.0
rolling_particle_swarm,2023-07-01/2023-12-31,2024-01-01/2024-06-30,62,159509.SZ|159687.SZ|159851.SZ|159915.SZ|159980.SZ|159981.SZ|159985.SZ|513120.SH|513180.SH|513290.SH|513880.SH|515210.SH|518880.SH,-0.9353593386746751,0.8806115882628334,particle,2.0,1.0
rolling_particle_swarm,2023-07-01/2023-12-31,2024-01-01/2024-06-30,63,159920.SZ|159949.SZ|159980.SZ|159981.SZ|159985.SZ|164824.SZ|501018.SH|513080.SH|513120.SH|513500.SH|513880.SH|516150.SH|588220.SH,0.7439885215360384,0.8468876875879605,particle,2.0,2.0
rolling_particle_swarm,2023-07-01/2023-12-31,2024-01-01/2024-06-30,64,159687.SZ|159981.SZ|159985.SZ|161226.SZ|164824.SZ|501018.SH|512200.SH|513120.SH|513180.SH|513290.SH|513880.SH|563300.SH|588000.SH,0.2784874750485352,0.8806115882628334,particle,2.0,3.0
rolling_particle_swarm,2023-07-01/2023-12-31,2024-01-01/2024-06-30,65,159920.SZ|159928.SZ|159980.SZ|159981.SZ|159985.SZ|164824.SZ|501018.SH|513080.SH|513100.SH|513120.SH|513290.SH|515880.SH|588200.SH,1.3335427852354536,0.6953397097032948,particle,2.0,4.0
rolling_particle_swarm,2023-07-01/2023-12-31,2024-01-01/2024-06-30,66,159920.SZ|159980.SZ|159981.SZ|164824.SZ|501018.SH|512170.SH|512890.SH|513030.SH|513100.SH|513120.SH|513880.SH|515790.SH|518880.SH,0.03545161034611336,0.7824059319979025,particle,2.0,5.0
rolling_particle_swarm,2023-07-01/2023-12-31,2024-01-01/2024-06-30,67,159509.SZ|159611.SZ|159869.SZ|159980.SZ|159985.SZ|164824.SZ|501018.SH|513120.SH|513180.SH|513290.SH|513310.SH|518880.SH|588000.SH,-0.45433556495181376,0.6149005769491303,particle,2.0,6.0
rolling_particle_swarm,2023-07-01/2023-12-31,2024-01-01/2024-06-30,68,159870.SZ|159981.SZ|159985.SZ|164824.SZ|501018.SH|512880.SH|513030.SH|513120.SH|513180.SH|513500.SH|513880.SH|515220.SH|518880.SH,0.3540173543632224,0.7824059319979025,particle,2.0,7.0
rolling_particle_swarm,2023-07-01/2023-12-31,2024-01-01/2024-06-30,69,159509.SZ|159687.SZ|159928.SZ|159949.SZ|159980.SZ|159981.SZ|159985.SZ|164824.SZ|501018.SH|513030.SH|513120.SH|513180.SH|515220.SH,0.6741895240705821,0.7579092133299615,particle,2.0,8.0
rolling_particle_swarm,2023-07-01/2023-12-31,2024-01-01/2024-06-30,70,159851.SZ|159980.SZ|159981.SZ|159985.SZ|510180.SH|510880.SH|513030.SH|513070.SH|513120.SH|513290.SH|513500.SH|513880.SH|518880.SH,-0.5955773510842037,0.7824059319979025,particle,2.0,9.0
rolling_particle_swarm,2023-07-01/2023-12-31,2024-01-01/2024-06-30,71,159509.SZ|159687.SZ|159915.SZ|159980.SZ|159981.SZ|159985.SZ|164824.SZ|501018.SH|512800.SH|512980.SH|513070.SH|513120.SH|513880.SH,1.0241623294272806,0.8806115882628334,particle,2.0,10.0
rolling_particle_swarm,2023-07-01/2023-12-31,2024-01-01/2024-06-30,72,159509.SZ|159980.SZ|159981.SZ|159985.SZ|161226.SZ|164824.SZ|510050.SH|512890.SH|513030.SH|513120.SH|513180.SH|513290.SH|516150.SH,-0.1223728222265872,0.6532685835044051,particle,2.0,11.0
rolling_particle_swarm,2023-07-01/2023-12-31,2024-01-01/2024-06-30,73,159901.SZ|159920.SZ|159980.SZ|159981.SZ|161226.SZ|164824.SZ|501018.SH|512200.SH|513030.SH|513120.SH|513290.SH|513880.SH|563300.SH,0.20484871637481508,0.7824059319979025,particle,2.0,12.0
rolling_particle_swarm,2023-07-01/2023-12-31,2024-01-01/2024-06-30,74,159869.SZ|159915.SZ|159967.SZ|159981.SZ|161226.SZ|164824.SZ|501018.SH|513070.SH|513080.SH|513100.SH|513120.SH|513880.SH|518880.SH,-1.6111221567473384,0.8827947396006127,particle,2.0,13.0
rolling_particle_swarm,2023-07-01/2023-12-31,2024-01-01/2024-06-30,75,159687.SZ|159852.SZ|159981.SZ|161226.SZ|164824.SZ|501018.SH|512660.SH|513070.SH|513120.SH|513310.SH|513880.SH|515880.SH|518880.SH,-1.551855676377664,0.8806115882628334,particle,2.0,14.0
rolling_particle_swarm,2023-07-01/2023-12-31,2024-01-01/2024-06-30,76,159509.SZ|159687.SZ|159796.SZ|159980.SZ|159981.SZ|159985.SZ|501018.SH|512040.SH|512200.SH|513070.SH|513120.SH|513290.SH|513880.SH,0.23641507648942747,0.8806115882628334,particle,2.0,15.0
rolling_particle_swarm,2023-07-01/2023-12-31,2024-01-01/2024-06-30,77,159509.SZ|159687.SZ|159949.SZ|159981.SZ|159985.SZ|161226.SZ|164824.SZ|501018.SH|510050.SH|512880.SH|513120.SH|513180.SH|513880.SH,-0.2125465446563947,0.8806115882628334,particle,2.0,16.0
rolling_particle_swarm,2023-07-01/2023-12-31,2024-01-01/2024-06-30,78,159687.SZ|159928.SZ|159980.SZ|159981.SZ|159985.SZ|501018.SH|513080.SH|513120.SH|513180.SH|513290.SH|513880.SH|515790.SH|588200.SH,0.7317734781106059,0.8806115882628334,particle,2.0,17.0
rolling_particle_swarm,2023-07-01/2023-12-31,2024-01-01/2024-06-30,79,159687.SZ|159980.SZ|159981.SZ|161226.SZ|164824.SZ|501018.SH|512100.SH|512890.SH|513030.SH|513120.SH|513180.SH|513500.SH|588200.SH,-0.10798593526440152,0.7841980520635184,particle,2.0,18.0
rolling_particle_swarm,2023-07-01/2023-12-31,2024-01-01/2024-06-30,80,159509.SZ|159852.SZ|159915.SZ|159980.SZ|159985.SZ|161226.SZ|501018.SH|513030.SH|513120.SH|513180.SH|513290.SH|513880.SH|516150.SH,-1.1565206054408292,0.7824059319979025,particle,2.0,19.0
rolling_particle_swarm,2023-07-01/2023-12-31,2024-01-01/2024-06-30,81,159920.SZ|159980.SZ|159981.SZ|159985.SZ|160644.SZ|501018.SH|513120.SH|513290.SH|513500.SH|513880.SH|515790.SH|588000.SH|588200.SH,0.5024491343514925,0.9078601169340029,particle,3.0,0.0
rolling_particle_swarm,2023-07-01/2023-12-31,2024-01-01/2024-06-30,82,159509.SZ|159766.SZ|159980.SZ|159985.SZ|164824.SZ|501018.SH|510210.SH|513030.SH|513120.SH|513180.SH|513290.SH|518880.SH|563300.SH,0.09645280279369127,0.750272050458132,particle,3.0,1.0
rolling_particle_swarm,2023-07-01/2023-12-31,2024-01-01/2024-06-30,83,159869.SZ|159980.SZ|159981.SZ|159985.SZ|160644.SZ|512400.SH|513120.SH|513180.SH|513290.SH|513500.SH|513880.SH|515220.SH|518880.SH,-0.8553597641299165,0.7052814031706758,particle,3.0,2.0
rolling_particle_swarm,2023-07-01/2023-12-31,2024-01-01/2024-06-30,84,159509.SZ|159766.SZ|159949.SZ|159980.SZ|159985.SZ|160644.SZ|501018.SH|513080.SH|513120.SH|513180.SH|513880.SH|518880.SH|588200.SH,-0.1801605666682534,0.7739538917479323,particle,3.0,3.0
rolling_particle_swarm,2023-07-01/2023-12-31,2024-01-01/2024-06-30,85,159981.SZ|159985.SZ|160644.SZ|501018.SH|510500.SH|513030.SH|513120.SH|513180.SH|513290.SH|513880.SH|516150.SH|518880.SH|588000.SH,-0.16500926699980617,0.8401214554459369,particle,3.0,4.0
rolling_particle_swarm,2023-07-01/2023-12-31,2024-01-01/2024-06-30,86,159687.SZ|159928.SZ|159981.SZ|159985.SZ|161226.SZ|164824.SZ|501018.SH|510210.SH|512400.SH|513080.SH|513120.SH|513180.SH|513290.SH,0.24710764758651652,0.7373146953048417,particle,3.0,5.0
rolling_particle_swarm,2023-07-01/2023-12-31,2024-01-01/2024-06-30,87,159870.SZ|159980.SZ|159981.SZ|159985.SZ|512660.SH|513070.SH|513080.SH|513120.SH|513290.SH|513500.SH|513880.SH|515220.SH|518880.SH,-0.12416746199918947,0.7739538917479323,particle,3.0,6.0
rolling_particle_swarm,2023-07-01/2023-12-31,2024-01-01/2024-06-30,88,159687.SZ|159796.SZ|159980.SZ|159981.SZ|161226.SZ|501018.SH|513030.SH|513120.SH|513180.SH|513290.SH|513310.SH|516150.SH|562500.SH,-0.381725601624595,0.7579092133299615,particle,3.0,7.0
rolling_particle_swarm,2023-07-01/2023-12-31,2024-01-01/2024-06-30,89,159980.SZ|159985.SZ|161226.SZ|164824.SZ|501018.SH|510300.SH|513100.SH|513120.SH|513180.SH|513290.SH|513880.SH|515880.SH|588000.SH,0.09611786746220927,0.741008982424201,particle,3.0,8.0
rolling_particle_swarm,2023-07-01/2023-12-31,2024-01-01/2024-06-30,90,159687.SZ|159915.SZ|159920.SZ|159981.SZ|159985.SZ|161226.SZ|501018.SH|510050.SH|510210.SH|513120.SH|513290.SH|513310.SH|513880.SH,0.3890972010089677,0.902091755431383,particle,3.0,9.0
rolling_particle_swarm,2023-07-01/2023-12-31,2024-01-01/2024-06-30,91,159687.SZ|159915.SZ|159980.SZ|159981.SZ|161226.SZ|501018.SH|510500.SH|513030.SH|513070.SH|513120.SH|513290.SH|513880.SH|588000.SH,-0.34162936753300194,0.890994967676377,particle,3.0,10.0
rolling_particle_swarm,2023-07-01/2023-12-31,2024-01-01/2024-06-30,92,159980.SZ|159981.SZ|164824.SZ|501018.SH|512040.SH|512800.SH|512880.SH|513070.SH|513120.SH|513290.SH|513310.SH|513500.SH|518880.SH,-0.021315024038347837,0.6256235185204836,particle,3.0,11.0
rolling_particle_swarm,2023-07-01/2023-12-31,2024-01-01/2024-06-30,93,159687.SZ|159851.SZ|159980.SZ|159981.SZ|159985.SZ|160644.SZ|512980.SH|513070.SH|513100.SH|513120.SH|513290.SH|515220.SH|518880.SH,-1.0228620955787768,0.6800005945881478,particle,3.0,12.0
rolling_particle_swarm,2023-07-01/2023-12-31,2024-01-01/2024-06-30,94,159509.SZ|159766.SZ|159796.SZ|159980.SZ|159981.SZ|159985.SZ|164824.SZ|501018.SH|512800.SH|513120.SH|513180.SH|513290.SH|513500.SH,0.8746610253787224,0.7799027480940437,particle,3.0,13.0
rolling_particle_swarm,2023-07-01/2023-12-31,2024-01-01/2024-06-30,95,159901.SZ|159985.SZ|161226.SZ|501018.SH|510880.SH|513030.SH|513070.SH|513100.SH|513120.SH|513290.SH|513310.SH|515210.SH|518880.SH,-0.6481621993640136,0.7182503628120884,particle,3.0,14.0
rolling_particle_swarm,2023-07-01/2023-12-31,2024-01-01/2024-06-30,96,159766.SZ|159915.SZ|159920.SZ|159981.SZ|159985.SZ|161226.SZ|501018.SH|512880.SH|513030.SH|513100.SH|513120.SH|513290.SH|513880.SH,-0.08865188790605225,0.7824059319979025,particle,3.0,15.0
rolling_particle_swarm,2023-07-01/2023-12-31,2024-01-01/2024-06-30,97,159509.SZ|159915.SZ|159980.SZ|159981.SZ|159985.SZ|501018.SH|510300.SH|513030.SH|513120.SH|513180.SH|513290.SH|513310.SH|515790.SH,0.9188488760856194,0.8610110677649587,particle,3.0,16.0
rolling_particle_swarm,2023-07-01/2023-12-31,2024-01-01/2024-06-30,98,159980.SZ|159981.SZ|159985.SZ|501018.SH|512400.SH|512890.SH|513100.SH|513120.SH|513180.SH|513290.SH|513310.SH|513880.SH|588000.SH,0.553436442761393,0.679900570954732,particle,3.0,17.0
rolling_particle_swarm,2023-07-01/2023-12-31,2024-01-01/2024-06-30,99,159509.SZ|159870.SZ|159985.SZ|161226.SZ|164824.SZ|501018.SH|512880.SH|513120.SH|513180.SH|513290.SH|513500.SH|515210.SH|518880.SH,-1.0932747429658338,0.7799027480940437,particle,3.0,18.0
rolling_particle_swarm,2023-07-01/2023-12-31,2024-01-01/2024-06-30,100,159687.SZ|159766.SZ|159796.SZ|159920.SZ|159980.SZ|159981.SZ|159985.SZ|164824.SZ|513030.SH|513100.SH|513120.SH|515220.SH|518880.SH,-0.7709321819250601,0.7579092133299615,particle,3.0,19.0
rolling_particle_swarm,2024-01-01/2024-06-30,2024-07-01/2024-12-31,1,159518.SZ|159529.SZ|159920.SZ|159949.SZ|159980.SZ|159981.SZ|161226.SZ|164824.SZ|501018.SH|512040.SH|513180.SH|513500.SH|515220.SH,0.7691290984141184,0.9194110626548546,initial_swarm,,
rolling_particle_swarm,2024-01-01/2024-06-30,2024-07-01/2024-12-31,2,159915.SZ|159980.SZ|159985.SZ|160644.SZ|161226.SZ|510500.SH|513080.SH|513180.SH|513310.SH|513730.SH|513750.SH|518880.SH|563300.SH,1.1593469476957428,0.8322972300428256,initial_swarm,,
rolling_particle_swarm,2024-01-01/2024-06-30,2024-07-01/2024-12-31,3,159518.SZ|159865.SZ|159985.SZ|161226.SZ|164824.SZ|501018.SH|512800.SH|513120.SH|513310.SH|513500.SH|513750.SH|516150.SH|518880.SH,2.909577301090141,0.809756851832685,initial_swarm,,
rolling_particle_swarm,2024-01-01/2024-06-30,2024-07-01/2024-12-31,4,159509.SZ|159981.SZ|160644.SZ|161226.SZ|501018.SH|510210.SH|512800.SH|513030.SH|513070.SH|513750.SH|513880.SH|518880.SH|563300.SH,2.968717315285615,0.809756851832685,initial_swarm,,
rolling_particle_swarm,2024-01-01/2024-06-30,2024-07-01/2024-12-31,5,159687.SZ|159852.SZ|159869.SZ|159981.SZ|159985.SZ|161226.SZ|513030.SH|513070.SH|513100.SH|513500.SH|513750.SH|516150.SH|518880.SH,1.5472189766530737,0.8655099121497573,initial_swarm,,
rolling_particle_swarm,2024-01-01/2024-06-30,2024-07-01/2024-12-31,6,159611.SZ|159981.SZ|159985.SZ|160644.SZ|161226.SZ|501018.SH|510300.SH|512660.SH|513030.SH|513070.SH|513100.SH|513730.SH|513750.SH,0.8080890959417806,0.7694161263312431,initial_swarm,,
rolling_particle_swarm,2024-01-01/2024-06-30,2024-07-01/2024-12-31,7,159509.SZ|159796.SZ|159901.SZ|159920.SZ|159980.SZ|159985.SZ|160644.SZ|161226.SZ|512200.SH|513080.SH|513120.SH|513730.SH|518880.SH,2.475400316716012,0.8354662566121864,initial_swarm,,
rolling_particle_swarm,2024-01-01/2024-06-30,2024-07-01/2024-12-31,8,159509.SZ|159870.SZ|159967.SZ|159985.SZ|160644.SZ|161226.SZ|501018.SH|510180.SH|513120.SH|513400.SH|513730.SH|513750.SH|518880.SH,2.955444778084204,0.809756851832685,initial_swarm,,
rolling_particle_swarm,2024-01-01/2024-06-30,2024-07-01/2024-12-31,9,159529.SZ|159687.SZ|159981.SZ|159985.SZ|501018.SH|512980.SH|513120.SH|513180.SH|513290.SH|513310.SH|515790.SH|518880.SH|588000.SH,-0.30763244819549007,0.763303340072328,initial_swarm,,
rolling_particle_swarm,2024-01-01/2024-06-30,2024-07-01/2024-12-31,10,159529.SZ|159920.SZ|159980.SZ|159981.SZ|159985.SZ|164824.SZ|501018.SH|510500.SH|512800.SH|513100.SH|513120.SH|513400.SH|515880.SH,2.300609666830857,0.7273083273552956,initial_swarm,,
rolling_particle_swarm,2024-01-01/2024-06-30,2024-07-01/2024-12-31,11,159529.SZ|159865.SZ|159980.SZ|159985.SZ|160644.SZ|161226.SZ|164824.SZ|512170.SH|513080.SH|513180.SH|513750.SH|518880.SH|563300.SH,1.382184978658125,0.809756851832685,initial_swarm,,
rolling_particle_swarm,2024-01-01/2024-06-30,2024-07-01/2024-12-31,12,159509.SZ|159518.SZ|159980.SZ|159981.SZ|159985.SZ|164824.SZ|512170.SH|512200.SH|512400.SH|513070.SH|513120.SH|513880.SH|518880.SH,0.6171744218398005,0.7262374580009411,initial_swarm,,
rolling_particle_swarm,2024-01-01/2024-06-30,2024-07-01/2024-12-31,13,159509.SZ|159518.SZ|159825.SZ|159980.SZ|159981.SZ|159985.SZ|161226.SZ|512170.SH|513100.SH|513120.SH|513310.SH|513750.SH|588200.SH,1.6676939656661331,0.8174245780531227,initial_swarm,,
rolling_particle_swarm,2024-01-01/2024-06-30,2024-07-01/2024-12-31,14,159529.SZ|159796.SZ|159920.SZ|159980.SZ|159985.SZ|501018.SH|510300.SH|512800.SH|513100.SH|513180.SH|513310.SH|513730.SH|518880.SH,2.401319727327217,0.9194110626548546,initial_swarm,,
rolling_particle_swarm,2024-01-01/2024-06-30,2024-07-01/2024-12-31,15,159518.SZ|159928.SZ|159980.SZ|159981.SZ|161226.SZ|501018.SH|513070.SH|513080.SH|513310.SH|513730.SH|513750.SH|515220.SH|516150.SH,-0.5356789708518254,0.7694161263312431,initial_swarm,,
rolling_particle_swarm,2024-01-01/2024-06-30,2024-07-01/2024-12-31,16,159518.SZ|159869.SZ|159928.SZ|159980.SZ|159981.SZ|501018.SH|513080.SH|513180.SH|513290.SH|513750.SH|513880.SH|516150.SH|518880.SH,-0.02552334462378842,0.7985055969042496,initial_swarm,,
rolling_particle_swarm,2024-01-01/2024-06-30,2024-07-01/2024-12-31,17,159529.SZ|159611.SZ|159687.SZ|159915.SZ|159980.SZ|159981.SZ|501018.SH|510210.SH|513070.SH|513500.SH|513750.SH|513880.SH|518880.SH,1.4443113916709847,0.8170712656203459,initial_swarm,,
rolling_particle_swarm,2024-01-01/2024-06-30,2024-07-01/2024-12-31,18,159825.SZ|159869.SZ|159920.SZ|159981.SZ|161226.SZ|501018.SH|513030.SH|513080.SH|513100.SH|513180.SH|513290.SH|515220.SH|518880.SH,1.0442707263487483,0.9194110626548546,initial_swarm,,
rolling_particle_swarm,2024-01-01/2024-06-30,2024-07-01/2024-12-31,19,159509.SZ|159967.SZ|159981.SZ|160644.SZ|161226.SZ|501018.SH|512040.SH|513070.SH|513080.SH|513120.SH|513310.SH|516150.SH|518880.SH,1.015671709558825,0.809756851832685,initial_swarm,,
rolling_particle_swarm,2024-01-01/2024-06-30,2024-07-01/2024-12-31,20,159509.SZ|159825.SZ|159981.SZ|159985.SZ|164824.SZ|501018.SH|510300.SH|512880.SH|513030.SH|513070.SH|513120.SH|513500.SH|518880.SH,2.293897823539987,0.7818055282658448,initial_swarm,,
rolling_particle_swarm,2024-01-01/2024-06-30,2024-07-01/2024-12-31,21,159509.SZ|159920.SZ|159980.SZ|159981.SZ|159985.SZ|160644.SZ|510210.SH|512880.SH|513030.SH|513100.SH|513180.SH|518880.SH|588200.SH,1.3825416599530806,0.9194110626548546,particle,0.0,0.0
rolling_particle_swarm,2024-01-01/2024-06-30,2024-07-01/2024-12-31,22,159529.SZ|159852.SZ|159870.SZ|159985.SZ|160644.SZ|161226.SZ|501018.SH|513030.SH|513120.SH|513180.SH|513730.SH|518880.SH|563300.SH,1.9937082774033799,0.809756851832685,particle,0.0,1.0
rolling_particle_swarm,2024-01-01/2024-06-30,2024-07-01/2024-12-31,23,159920.SZ|159949.SZ|159980.SZ|159981.SZ|161226.SZ|501018.SH|512040.SH|513030.SH|513080.SH|513180.SH|513500.SH|513880.SH|515880.SH,0.9274780471867097,0.9194110626548546,particle,0.0,2.0
rolling_particle_swarm,2024-01-01/2024-06-30,2024-07-01/2024-12-31,24,159980.SZ|159985.SZ|160644.SZ|161226.SZ|164824.SZ|510050.SH|512800.SH|513070.SH|513100.SH|513120.SH|513310.SH|518880.SH|588220.SH,2.1870479836721595,0.809756851832685,particle,0.0,3.0
rolling_particle_swarm,2024-01-01/2024-06-30,2024-07-01/2024-12-31,25,159509.SZ|159518.SZ|159920.SZ|159980.SZ|159981.SZ|160644.SZ|161226.SZ|501018.SH|512660.SH|512880.SH|512890.SH|513100.SH|513120.SH,2.030900245055474,0.8174245780531227,particle,0.0,4.0
rolling_particle_swarm,2024-01-01/2024-06-30,2024-07-01/2024-12-31,26,159687.SZ|159915.SZ|159928.SZ|159985.SZ|160644.SZ|161226.SZ|501018.SH|513030.SH|513180.SH|513310.SH|513750.SH|518880.SH|588200.SH,1.188672139253488,0.8238293023750702,particle,0.0,5.0
rolling_particle_swarm,2024-01-01/2024-06-30,2024-07-01/2024-12-31,27,159509.SZ|159529.SZ|159687.SZ|159852.SZ|159980.SZ|159981.SZ|161226.SZ|501018.SH|513070.SH|513500.SH|513750.SH|563300.SH|588000.SH,1.4709396181648933,0.8593615369460731,particle,0.0,6.0
rolling_particle_swarm,2024-01-01/2024-06-30,2024-07-01/2024-12-31,28,159518.SZ|159920.SZ|159967.SZ|159981.SZ|159985.SZ|160644.SZ|161226.SZ|501018.SH|512980.SH|513030.SH|513180.SH|513400.SH|563300.SH,-0.2638090462463702,0.9194110626548546,particle,0.0,7.0
rolling_particle_swarm,2024-01-01/2024-06-30,2024-07-01/2024-12-31,29,159509.SZ|159766.SZ|159865.SZ|159981.SZ|159985.SZ|161226.SZ|501018.SH|510210.SH|513030.SH|513180.SH|513730.SH|513750.SH|513880.SH,1.7664147870777474,0.7985055969042496,particle,0.0,8.0
rolling_particle_swarm,2024-01-01/2024-06-30,2024-07-01/2024-12-31,30,159509.SZ|159980.SZ|159981.SZ|159985.SZ|161226.SZ|164824.SZ|510210.SH|510500.SH|512400.SH|513070.SH|513310.SH|513750.SH|513880.SH,0.942008553196045,0.8646812760137823,particle,0.0,9.0
rolling_particle_swarm,2024-01-01/2024-06-30,2024-07-01/2024-12-31,31,159518.SZ|159920.SZ|159981.SZ|161226.SZ|164824.SZ|501018.SH|510300.SH|513310.SH|513750.SH|513880.SH|515210.SH|518880.SH|588000.SH,0.7993780409007529,0.8926225266665948,particle,0.0,10.0
rolling_particle_swarm,2024-01-01/2024-06-30,2024-07-01/2024-12-31,32,159509.SZ|159901.SZ|159920.SZ|159980.SZ|159981.SZ|161226.SZ|510880.SH|513290.SH|513400.SH|513750.SH|513880.SH|518880.SH|588220.SH,1.2761722064945182,0.8926225266665948,particle,0.0,11.0
rolling_particle_swarm,2024-01-01/2024-06-30,2024-07-01/2024-12-31,33,159529.SZ|159611.SZ|159920.SZ|159981.SZ|161226.SZ|501018.SH|512890.SH|513080.SH|513180.SH|513310.SH|513880.SH|518880.SH|563300.SH,1.4303389637955566,0.9194110626548546,particle,0.0,12.0
rolling_particle_swarm,2024-01-01/2024-06-30,2024-07-01/2024-12-31,34,159920.SZ|159949.SZ|159980.SZ|159981.SZ|159985.SZ|160644.SZ|512890.SH|512980.SH|513290.SH|513400.SH|513730.SH|513750.SH|518880.SH,0.22839290529910222,0.8926225266665948,particle,0.0,13.0
rolling_particle_swarm,2024-01-01/2024-06-30,2024-07-01/2024-12-31,35,159687.SZ|159920.SZ|159985.SZ|161226.SZ|164824.SZ|501018.SH|510210.SH|512200.SH|513030.SH|513100.SH|513750.SH|518880.SH|562500.SH,2.417298422735143,0.8926225266665948,particle,0.0,14.0
rolling_particle_swarm,2024-01-01/2024-06-30,2024-07-01/2024-12-31,36,159796.SZ|159980.SZ|159981.SZ|161226.SZ|501018.SH|512170.SH|513070.SH|513310.SH|513400.SH|513730.SH|513750.SH|513880.SH|588200.SH,0.03391170214657283,0.7694161263312431,particle,0.0,15.0
rolling_particle_swarm,2024-01-01/2024-06-30,2024-07-01/2024-12-31,37,159687.SZ|159980.SZ|159981.SZ|160644.SZ|161226.SZ|512800.SH|512890.SH|513080.SH|513180.SH|513290.SH|513750.SH|518880.SH|588200.SH,1.0829057807134748,0.809756851832685,particle,0.0,16.0
rolling_particle_swarm,2024-01-01/2024-06-30,2024-07-01/2024-12-31,38,159518.SZ|159901.SZ|159980.SZ|159981.SZ|159985.SZ|501018.SH|512170.SH|513070.SH|513120.SH|513500.SH|513730.SH|513880.SH|588000.SH,0.8742164460058417,0.8673869778757283,particle,0.0,17.0
rolling_particle_swarm,2024-01-01/2024-06-30,2024-07-01/2024-12-31,39,159509.SZ|159920.SZ|159980.SZ|160644.SZ|161226.SZ|501018.SH|510880.SH|512400.SH|513030.SH|513180.SH|513500.SH|515220.SH|518880.SH,1.5185820004961563,0.9194110626548546,particle,0.0,18.0
rolling_particle_swarm,2024-01-01/2024-06-30,2024-07-01/2024-12-31,40,159687.SZ|159928.SZ|159980.SZ|159981.SZ|161226.SZ|512100.SH|513120.SH|513180.SH|513290.SH|513310.SH|513880.SH|515220.SH|518880.SH,-0.3352932460218432,0.8170712656203459,particle,0.0,19.0
rolling_particle_swarm,2024-01-01/2024-06-30,2024-07-01/2024-12-31,41,159509.SZ|159518.SZ|159796.SZ|159920.SZ|159981.SZ|160644.SZ|161226.SZ|501018.SH|510180.SH|510880.SH|513400.SH|513750.SH|518880.SH,1.092754046967043,0.8926225266665948,particle,1.0,0.0
rolling_particle_swarm,2024-01-01/2024-06-30,2024-07-01/2024-12-31,42,159870.SZ|159928.SZ|159981.SZ|161226.SZ|501018.SH|510210.SH|513070.SH|513290.SH|513310.SH|513730.SH|513750.SH|513880.SH|518880.SH,1.3932818749387612,0.8220061841474703,particle,1.0,1.0
rolling_particle_swarm,2024-01-01/2024-06-30,2024-07-01/2024-12-31,43,159509.SZ|159869.SZ|159981.SZ|161226.SZ|164824.SZ|501018.SH|512800.SH|513030.SH|513100.SH|513120.SH|513750.SH|518880.SH|588220.SH,3.8166796518260373,0.8174245780531227,particle,1.0,2.0
rolling_particle_swarm,2024-01-01/2024-06-30,2024-07-01/2024-12-31,44,159509.SZ|159518.SZ|159687.SZ|159796.SZ|159980.SZ|159981.SZ|501018.SH|513030.SH|513070.SH|513750.SH|515220.SH|515880.SH|518880.SH,0.3242536393342817,0.7694161263312431,particle,1.0,3.0
rolling_particle_swarm,2024-01-01/2024-06-30,2024-07-01/2024-12-31,45,159509.SZ|159529.SZ|159920.SZ|159981.SZ|161226.SZ|501018.SH|510050.SH|512800.SH|513180.SH|513310.SH|513500.SH|515220.SH|518880.SH,2.4741787292582686,0.9194110626548546,particle,1.0,4.0
rolling_particle_swarm,2024-01-01/2024-06-30,2024-07-01/2024-12-31,46,159509.SZ|159825.SZ|159920.SZ|159980.SZ|159981.SZ|159985.SZ|160644.SZ|164824.SZ|501018.SH|512200.SH|513400.SH|513750.SH|562500.SH,1.5996114500878702,0.8926225266665948,particle,1.0,5.0
rolling_particle_swarm,2024-01-01/2024-06-30,2024-07-01/2024-12-31,47,159796.SZ|159928.SZ|159985.SZ|161226.SZ|164824.SZ|501018.SH|512660.SH|513030.SH|513120.SH|513180.SH|513310.SH|513400.SH|518880.SH,0.5515171648015662,0.809756851832685,particle,1.0,6.0
rolling_particle_swarm,2024-01-01/2024-06-30,2024-07-01/2024-12-31,48,159509.SZ|159687.SZ|159766.SZ|159980.SZ|160644.SZ|161226.SZ|501018.SH|512660.SH|513120.SH|513290.SH|513750.SH|515220.SH|518880.SH,1.3326912278963732,0.809756851832685,particle,1.0,7.0
rolling_particle_swarm,2024-01-01/2024-06-30,2024-07-01/2024-12-31,49,159687.SZ|159980.SZ|159981.SZ|160644.SZ|161226.SZ|501018.SH|510210.SH|512660.SH|512980.SH|513030.SH|513070.SH|513100.SH|513120.SH,0.2759259588127224,0.8000617824149284,particle,1.0,8.0
rolling_particle_swarm,2024-01-01/2024-06-30,2024-07-01/2024-12-31,50,159509.SZ|159687.SZ|159852.SZ|159980.SZ|159981.SZ|501018.SH|510050.SH|512980.SH|513100.SH|513120.SH|513180.SH|513400.SH|518880.SH,1.2195339526939923,0.8814647696524264,particle,1.0,9.0
rolling_particle_swarm,2024-01-01/2024-06-30,2024-07-01/2024-12-31,51,159509.SZ|159529.SZ|159687.SZ|159901.SZ|159985.SZ|161226.SZ|164824.SZ|501018.SH|512890.SH|513070.SH|513120.SH|518880.SH|562500.SH,2.584917276085386,0.809756851832685,particle,1.0,10.0
rolling_particle_swarm,2024-01-01/2024-06-30,2024-07-01/2024-12-31,52,159865.SZ|159870.SZ|159980.SZ|159985.SZ|161226.SZ|164824.SZ|501018.SH|513030.SH|513070.SH|513100.SH|513310.SH|513750.SH|515790.SH,2.165861715069253,0.7694161263312431,particle,1.0,11.0
rolling_particle_swarm,2024-01-01/2024-06-30,2024-07-01/2024-12-31,53,159509.SZ|159869.SZ|159985.SZ|161226.SZ|501018.SH|512040.SH|513030.SH|513080.SH|513180.SH|513500.SH|513750.SH|515880.SH|518880.SH,2.7467755497894855,0.8794774846866373,particle,1.0,12.0
rolling_particle_swarm,2024-01-01/2024-06-30,2024-07-01/2024-12-31,54,159529.SZ|159825.SZ|159920.SZ|159981.SZ|161226.SZ|501018.SH|510880.SH|512100.SH|513080.SH|513180.SH|513310.SH|513500.SH|518880.SH,1.66473404710533,0.9194110626548546,particle,1.0,13.0
rolling_particle_swarm,2024-01-01/2024-06-30,2024-07-01/2024-12-31,55,159509.SZ|159518.SZ|159981.SZ|161226.SZ|501018.SH|510500.SH|512400.SH|512890.SH|513030.SH|513070.SH|513080.SH|513750.SH|518880.SH,1.1237231499258233,0.8794774846866373,particle,1.0,14.0
rolling_particle_swarm,2024-01-01/2024-06-30,2024-07-01/2024-12-31,56,159518.SZ|159687.SZ|159852.SZ|159980.SZ|159981.SZ|164824.SZ|501018.SH|510880.SH|512400.SH|513100.SH|513120.SH|513180.SH|518880.SH,0.8685657162024525,0.763303340072328,particle,1.0,15.0
rolling_particle_swarm,2024-01-01/2024-06-30,2024-07-01/2024-12-31,57,159509.SZ|159687.SZ|159920.SZ|159981.SZ|159985.SZ|161226.SZ|501018.SH|510050.SH|512040.SH|513030.SH|513120.SH|513880.SH|516150.SH,1.7528427982144112,0.8170712656203459,particle,1.0,16.0
rolling_particle_swarm,2024-01-01/2024-06-30,2024-07-01/2024-12-31,58,159509.SZ|159687.SZ|159796.SZ|159870.SZ|159920.SZ|159981.SZ|159985.SZ|161226.SZ|512980.SH|513080.SH|513310.SH|513750.SH|518880.SH,0.8682690043254223,0.8926225266665948,particle,1.0,17.0
rolling_particle_swarm,2024-01-01/2024-06-30,2024-07-01/2024-12-31,59,159509.SZ|159870.SZ|159981.SZ|159985.SZ|161226.SZ|501018.SH|512660.SH|512800.SH|513030.SH|513070.SH|513120.SH|513310.SH|513880.SH,1.716841653665591,0.7724727754665162,particle,1.0,18.0
rolling_particle_swarm,2024-01-01/2024-06-30,2024-07-01/2024-12-31,60,159865.SZ|159980.SZ|159981.SZ|164824.SZ|501018.SH|512200.SH|513030.SH|513100.SH|513180.SH|513730.SH|513750.SH|516150.SH|518880.SH,1.2398818535443445,0.7985055969042496,particle,1.0,19.0
rolling_particle_swarm,2024-01-01/2024-06-30,2024-07-01/2024-12-31,61,159509.SZ|159687.SZ|159981.SZ|159985.SZ|501018.SH|510050.SH|512400.SH|512980.SH|513030.SH|513100.SH|513120.SH|513750.SH|518880.SH,1.509283067808544,0.8174245780531227,particle,2.0,0.0
rolling_particle_swarm,2024-01-01/2024-06-30,2024-07-01/2024-12-31,62,159509.SZ|159518.SZ|159687.SZ|159825.SZ|159920.SZ|159985.SZ|161226.SZ|501018.SH|513030.SH|513120.SH|515220.SH|516150.SH|518880.SH,1.088946025833576,0.809756851832685,particle,2.0,1.0
rolling_particle_swarm,2024-01-01/2024-06-30,2024-07-01/2024-12-31,63,159509.SZ|159518.SZ|159865.SZ|159981.SZ|159985.SZ|161226.SZ|513100.SH|513180.SH|513750.SH|513880.SH|515220.SH|515790.SH|518880.SH,1.8201857396027705,0.8174245780531227,particle,2.0,2.0
rolling_particle_swarm,2024-01-01/2024-06-30,2024-07-01/2024-12-31,64,159509.SZ|159825.SZ|159920.SZ|159981.SZ|161226.SZ|164824.SZ|501018.SH|510210.SH|513030.SH|513750.SH|513880.SH|516150.SH|518880.SH,2.06579305749274,0.8926225266665948,particle,2.0,3.0
rolling_particle_swarm,2024-01-01/2024-06-30,2024-07-01/2024-12-31,65,159518.SZ|159611.SZ|159901.SZ|159980.SZ|159981.SZ|161226.SZ|164824.SZ|510210.SH|513030.SH|513070.SH|513290.SH|513750.SH|518880.SH,0.017926001544584687,0.809756851832685,particle,2.0,4.0
rolling_particle_swarm,2024-01-01/2024-06-30,2024-07-01/2024-12-31,66,159687.SZ|159920.SZ|159980.SZ|159981.SZ|161226.SZ|501018.SH|510500.SH|512660.SH|513080.SH|513100.SH|513290.SH|513750.SH|563300.SH,0.8959460010167828,0.8926225266665948,particle,2.0,5.0
rolling_particle_swarm,2024-01-01/2024-06-30,2024-07-01/2024-12-31,67,159509.SZ|159518.SZ|159529.SZ|159611.SZ|159980.SZ|159985.SZ|161226.SZ|501018.SH|512170.SH|513070.SH|513080.SH|513120.SH|588200.SH,1.574060767462042,0.7262374580009411,particle,2.0,6.0
rolling_particle_swarm,2024-01-01/2024-06-30,2024-07-01/2024-12-31,68,159766.SZ|159915.SZ|159920.SZ|159967.SZ|159981.SZ|161226.SZ|164824.SZ|501018.SH|513030.SH|513080.SH|513730.SH|513750.SH|518880.SH,0.6023826441480175,0.9176697438711434,particle,2.0,7.0
rolling_particle_swarm,2024-01-01/2024-06-30,2024-07-01/2024-12-31,69,159509.SZ|159915.SZ|159980.SZ|159981.SZ|161226.SZ|164824.SZ|510500.SH|513120.SH|513180.SH|513730.SH|513880.SH|518880.SH|563300.SH,1.578464163186506,0.8322972300428256,particle,2.0,8.0
rolling_particle_swarm,2024-01-01/2024-06-30,2024-07-01/2024-12-31,70,159920.SZ|159981.SZ|159985.SZ|160644.SZ|161226.SZ|501018.SH|512800.SH|513030.SH|513100.SH|513120.SH|513500.SH|515220.SH|516150.SH,2.0754806273911997,0.8284455626917091,particle,2.0,9.0
rolling_particle_swarm,2024-01-01/2024-06-30,2024-07-01/2024-12-31,71,159518.SZ|159915.SZ|159981.SZ|159985.SZ|160644.SZ|161226.SZ|512800.SH|512890.SH|513030.SH|513100.SH|513180.SH|513750.SH|518880.SH,2.1586291625272933,0.809756851832685,particle,2.0,10.0
rolling_particle_swarm,2024-01-01/2024-06-30,2024-07-01/2024-12-31,72,159796.SZ|159920.SZ|159980.SZ|161226.SZ|501018.SH|512100.SH|513030.SH|513080.SH|513120.SH|513400.SH|513730.SH|515220.SH|518880.SH,-0.34536604598385173,0.8794774846866373,particle,2.0,11.0
rolling_particle_swarm,2024-01-01/2024-06-30,2024-07-01/2024-12-31,73,159509.SZ|159611.SZ|159980.SZ|159981.SZ|161226.SZ|510500.SH|513030.SH|513100.SH|513180.SH|513310.SH|513750.SH|518880.SH|588220.SH,1.7053170390415964,0.9088237726552091,particle,2.0,12.0
rolling_particle_swarm,2024-01-01/2024-06-30,2024-07-01/2024-12-31,74,159509.SZ|159980.SZ|159981.SZ|161226.SZ|164824.SZ|512800.SH|513070.SH|513100.SH|513120.SH|513500.SH|515880.SH|518880.SH|588000.SH,3.3376438416895824,0.8284455626917091,particle,2.0,13.0
rolling_particle_swarm,2024-01-01/2024-06-30,2024-07-01/2024-12-31,75,159509.SZ|159518.SZ|159980.SZ|161226.SZ|501018.SH|510880.SH|513120.SH|513180.SH|513400.SH|513880.SH|518880.SH|563300.SH|588200.SH,1.3759594624889084,0.809756851832685,particle,2.0,14.0
rolling_particle_swarm,2024-01-01/2024-06-30,2024-07-01/2024-12-31,76,159509.SZ|159967.SZ|159981.SZ|159985.SZ|161226.SZ|512660.SH|513070.SH|513120.SH|513400.SH|513500.SH|513880.SH|515790.SH|518880.SH,1.1031844562324697,0.809756851832685,particle,2.0,15.0
rolling_particle_swarm,2024-01-01/2024-06-30,2024-07-01/2024-12-31,77,159865.SZ|159920.SZ|159949.SZ|159981.SZ|160644.SZ|161226.SZ|501018.SH|513030.SH|513120.SH|513310.SH|513880.SH|518880.SH|588000.SH,0.7271373316089715,0.8739130261223639,particle,2.0,16.0
rolling_particle_swarm,2024-01-01/2024-06-30,2024-07-01/2024-12-31,78,159509.SZ|159518.SZ|159852.SZ|159869.SZ|159981.SZ|161226.SZ|501018.SH|513080.SH|513120.SH|513180.SH|513290.SH|515790.SH|518880.SH,1.2720470217068276,0.8655099121497573,particle,2.0,17.0
rolling_particle_swarm,2024-01-01/2024-06-30,2024-07-01/2024-12-31,79,159920.SZ|159949.SZ|159981.SZ|159985.SZ|161226.SZ|164824.SZ|512800.SH|512890.SH|513080.SH|513120.SH|513290.SH|513500.SH|518880.SH,1.7071327822698636,0.809756851832685,particle,2.0,18.0
rolling_particle_swarm,2024-01-01/2024-06-30,2024-07-01/2024-12-31,80,159509.SZ|159981.SZ|159985.SZ|160644.SZ|501018.SH|512170.SH|513070.SH|513080.SH|513120.SH|513500.SH|515790.SH|518880.SH|588220.SH,1.496209822953319,0.810248735291959,particle,2.0,19.0
rolling_particle_swarm,2024-01-01/2024-06-30,2024-07-01/2024-12-31,81,159611.SZ|159980.SZ|161226.SZ|164824.SZ|501018.SH|510210.SH|512880.SH|513030.SH|513120.SH|513290.SH|513400.SH|513750.SH|518880.SH,0.08854870587708255,0.809756851832685,particle,3.0,0.0
rolling_particle_swarm,2024-01-01/2024-06-30,2024-07-01/2024-12-31,82,159901.SZ|159981.SZ|161226.SZ|501018.SH|513030.SH|513080.SH|513100.SH|513180.SH|513310.SH|513750.SH|518880.SH|563300.SH|588220.SH,0.7033417969379395,0.8794774846866373,particle,3.0,1.0
rolling_particle_swarm,2024-01-01/2024-06-30,2024-07-01/2024-12-31,83,159825.SZ|159980.SZ|159981.SZ|164824.SZ|501018.SH|512800.SH|513030.SH|513100.SH|513120.SH|513310.SH|513750.SH|516150.SH|518880.SH,2.2793196872061157,0.6920548127084113,particle,3.0,2.0
rolling_particle_swarm,2024-01-01/2024-06-30,2024-07-01/2024-12-31,84,159865.SZ|159981.SZ|159985.SZ|160644.SZ|161226.SZ|513070.SH|513100.SH|513120.SH|513400.SH|513880.SH|518880.SH|562500.SH|588200.SH,0.8806162601775492,0.809756851832685,particle,3.0,3.0
rolling_particle_swarm,2024-01-01/2024-06-30,2024-07-01/2024-12-31,85,159825.SZ|159920.SZ|159980.SZ|159985.SZ|161226.SZ|501018.SH|512800.SH|513100.SH|513180.SH|513290.SH|513400.SH|513730.SH|516150.SH,2.977437984893462,0.9194110626548546,particle,3.0,4.0
rolling_particle_swarm,2024-01-01/2024-06-30,2024-07-01/2024-12-31,86,159509.SZ|159981.SZ|161226.SZ|501018.SH|510300.SH|512800.SH|513030.SH|513100.SH|513120.SH|513180.SH|513880.SH|518880.SH|588220.SH,3.584741400372234,0.8174245780531227,particle,3.0,5.0
rolling_particle_swarm,2024-01-01/2024-06-30,2024-07-01/2024-12-31,87,159920.SZ|159967.SZ|159981.SZ|159985.SZ|161226.SZ|164824.SZ|512800.SH|513030.SH|513100.SH|513120.SH|513500.SH|518880.SH|588000.SH,2.1445862248930547,0.898174323683349,particle,3.0,6.0
rolling_particle_swarm,2024-01-01/2024-06-30,2024-07-01/2024-12-31,88,159529.SZ|159825.SZ|159985.SZ|160644.SZ|161226.SZ|501018.SH|513100.SH|513120.SH|513730.SH|513750.SH|515210.SH|518880.SH|588220.SH,2.2784742987763327,0.809756851832685,particle,3.0,7.0
rolling_particle_swarm,2024-01-01/2024-06-30,2024-07-01/2024-12-31,89,159509.SZ|159766.SZ|159901.SZ|159981.SZ|159985.SZ|160644.SZ|501018.SH|510050.SH|513080.SH|513180.SH|513730.SH|513750.SH|518880.SH,1.6627913562488394,0.7985055969042496,particle,3.0,8.0
rolling_particle_swarm,2024-01-01/2024-06-30,2024-07-01/2024-12-31,90,159509.SZ|159687.SZ|159981.SZ|159985.SZ|501018.SH|510180.SH|512980.SH|513030.SH|513070.SH|513290.SH|513750.SH|518880.SH|562500.SH,0.7722300016140892,0.8111026242490011,particle,3.0,9.0
rolling_particle_swarm,2024-01-01/2024-06-30,2024-07-01/2024-12-31,91,159869.SZ|159920.SZ|159980.SZ|161226.SZ|501018.SH|510210.SH|512890.SH|513100.SH|513120.SH|513310.SH|513500.SH|513730.SH|518880.SH,2.181894340883725,0.8284455626917091,particle,3.0,10.0
rolling_particle_swarm,2024-01-01/2024-06-30,2024-07-01/2024-12-31,92,159509.SZ|159915.SZ|159981.SZ|159985.SZ|161226.SZ|164824.SZ|510050.SH|513030.SH|513120.SH|513180.SH|513500.SH|518880.SH|588200.SH,1.4139323378145447,0.8238293023750702,particle,3.0,11.0
rolling_particle_swarm,2024-01-01/2024-06-30,2024-07-01/2024-12-31,93,159509.SZ|159796.SZ|159920.SZ|159928.SZ|159981.SZ|159985.SZ|161226.SZ|164824.SZ|501018.SH|513120.SH|513730.SH|513880.SH|516150.SH,1.2957145284073979,0.7250615512984933,particle,3.0,12.0
rolling_particle_swarm,2024-01-01/2024-06-30,2024-07-01/2024-12-31,94,159509.SZ|159687.SZ|159869.SZ|159928.SZ|159980.SZ|161226.SZ|501018.SH|513100.SH|513120.SH|513310.SH|513750.SH|518880.SH|563300.SH,2.6258851216320274,0.8174245780531227,particle,3.0,13.0
rolling_particle_swarm,2024-01-01/2024-06-30,2024-07-01/2024-12-31,95,159509.SZ|159687.SZ|159915.SZ|159967.SZ|159980.SZ|159981.SZ|159985.SZ|501018.SH|513030.SH|513070.SH|513290.SH|513750.SH|588000.SH,0.019609585526477503,0.9176697438711434,particle,3.0,14.0
rolling_particle_swarm,2024-01-01/2024-06-30,2024-07-01/2024-12-31,96,159509.SZ|159518.SZ|159687.SZ|159766.SZ|159980.SZ|159985.SZ|161226.SZ|510300.SH|513030.SH|513070.SH|513120.SH|518880.SH|588220.SH,0.6715328814388611,0.809756851832685,particle,3.0,15.0
rolling_particle_swarm,2024-01-01/2024-06-30,2024-07-01/2024-12-31,97,159509.SZ|159687.SZ|159981.SZ|159985.SZ|161226.SZ|501018.SH|512400.SH|512660.SH|513080.SH|513120.SH|513180.SH|513310.SH|515220.SH,0.028167693395192973,0.763303340072328,particle,3.0,16.0
rolling_particle_swarm,2024-01-01/2024-06-30,2024-07-01/2024-12-31,98,159852.SZ|159980.SZ|159981.SZ|160644.SZ|161226.SZ|510050.SH|512980.SH|513080.SH|513100.SH|513120.SH|513750.SH|513880.SH|518880.SH,1.5369479656237865,0.8814647696524264,particle,3.0,17.0
rolling_particle_swarm,2024-01-01/2024-06-30,2024-07-01/2024-12-31,99,159509.SZ|159529.SZ|159865.SZ|159985.SZ|161226.SZ|164824.SZ|501018.SH|512880.SH|513070.SH|513120.SH|513880.SH|518880.SH|588220.SH,3.045401555185327,0.809756851832685,particle,3.0,18.0
rolling_particle_swarm,2024-01-01/2024-06-30,2024-07-01/2024-12-31,100,159509.SZ|159529.SZ|159985.SZ|161226.SZ|501018.SH|510500.SH|512800.SH|513070.SH|513120.SH|513310.SH|513880.SH|515880.SH|518880.SH,2.7329513967223553,0.809756851832685,particle,3.0,19.0
rolling_particle_swarm,2024-07-01/2024-12-31,2025-01-01/2025-06-30,1,159687.SZ|159920.SZ|159928.SZ|159981.SZ|159985.SZ|161226.SZ|501018.SH|512200.SH|513100.SH|513120.SH|513500.SH|513730.SH|562500.SH,0.16645972539483717,0.8626765910012685,initial_swarm,,
rolling_particle_swarm,2024-07-01/2024-12-31,2025-01-01/2025-06-30,2,159509.SZ|159796.SZ|159980.SZ|159981.SZ|161226.SZ|164824.SZ|501018.SH|512170.SH|513120.SH|513180.SH|513310.SH|513500.SH|562500.SH,0.059912338735970384,0.8768418685990284,initial_swarm,,
rolling_particle_swarm,2024-07-01/2024-12-31,2025-01-01/2025-06-30,3,159329.SZ|159529.SZ|159687.SZ|159825.SZ|159915.SZ|159981.SZ|159985.SZ|501018.SH|513070.SH|513500.SH|513750.SH|515880.SH|518880.SH,0.30703504542415383,0.8406231432114443,initial_swarm,,
rolling_particle_swarm,2024-07-01/2024-12-31,2025-01-01/2025-06-30,4,159980.SZ|159981.SZ|161226.SZ|512660.SH|512880.SH|513030.SH|513080.SH|513120.SH|513180.SH|513290.SH|513500.SH|515220.SH|518880.SH,0.6509530052990952,0.9050122424256786,initial_swarm,,
rolling_particle_swarm,2024-07-01/2024-12-31,2025-01-01/2025-06-30,5,159326.SZ|159687.SZ|159870.SZ|159981.SZ|159985.SZ|160644.SZ|161226.SZ|512980.SH|513030.SH|513100.SH|513180.SH|513750.SH|518880.SH,-0.06780788854509653,0.8861226651551434,initial_swarm,,
rolling_particle_swarm,2024-07-01/2024-12-31,2025-01-01/2025-06-30,6,159529.SZ|159967.SZ|159981.SZ|159985.SZ|501018.SH|512880.SH|513030.SH|513080.SH|513180.SH|513310.SH|513750.SH|515220.SH|518880.SH,0.7082693585556674,0.9050122424256786,initial_swarm,,
rolling_particle_swarm,2024-07-01/2024-12-31,2025-01-01/2025-06-30,7,159529.SZ|159687.SZ|159852.SZ|159869.SZ|159980.SZ|159981.SZ|160644.SZ|161226.SZ|501018.SH|513080.SH|513120.SH|513750.SH|588200.SH,0.27517363636839676,0.8238428580923316,initial_swarm,,
rolling_particle_swarm,2024-07-01/2024-12-31,2025-01-01/2025-06-30,8,159529.SZ|159611.SZ|159915.SZ|159980.SZ|159985.SZ|161226.SZ|513030.SH|513070.SH|513120.SH|513290.SH|513500.SH|515210.SH|518880.SH,0.2639376240268762,0.7703390842413431,initial_swarm,,
rolling_particle_swarm,2024-07-01/2024-12-31,2025-01-01/2025-06-30,9,159518.SZ|159920.SZ|159981.SZ|161226.SZ|501018.SH|512100.SH|513030.SH|513290.SH|513500.SH|513750.SH|515880.SH|518880.SH|588000.SH,-0.35797487260054894,0.8958197259318315,initial_swarm,,
rolling_particle_swarm,2024-07-01/2024-12-31,2025-01-01/2025-06-30,10,159329.SZ|159509.SZ|159869.SZ|159901.SZ|159920.SZ|159980.SZ|159985.SZ|160644.SZ|501018.SH|513120.SH|513500.SH|515210.SH|518880.SH,-0.7049182509183429,0.8042605341192945,initial_swarm,,
rolling_particle_swarm,2024-07-01/2024-12-31,2025-01-01/2025-06-30,11,159329.SZ|159518.SZ|159766.SZ|159796.SZ|159981.SZ|159985.SZ|161226.SZ|501018.SH|510180.SH|513030.SH|513070.SH|513400.SH|513750.SH,-0.3971661250106343,0.8406231432114443,initial_swarm,,
rolling_particle_swarm,2024-07-01/2024-12-31,2025-01-01/2025-06-30,12,159518.SZ|159901.SZ|159980.SZ|159981.SZ|159985.SZ|164824.SZ|512980.SH|513070.SH|513080.SH|513310.SH|513750.SH|515210.SH|518880.SH,-1.1589976319327582,0.8406231432114443,initial_swarm,,
rolling_particle_swarm,2024-07-01/2024-12-31,2025-01-01/2025-06-30,13,159329.SZ|159529.SZ|159967.SZ|159981.SZ|161226.SZ|501018.SH|510180.SH|513080.SH|513120.SH|513750.SH|513880.SH|515210.SH|518880.SH,0.6892149408030238,0.8516787869322298,initial_swarm,,
rolling_particle_swarm,2024-07-01/2024-12-31,2025-01-01/2025-06-30,14,159852.SZ|159870.SZ|159915.SZ|159920.SZ|159981.SZ|159985.SZ|161226.SZ|501018.SH|513120.SH|513290.SH|513310.SH|513500.SH|513730.SH,0.6625228400447949,0.8490213605586622,initial_swarm,,
rolling_particle_swarm,2024-07-01/2024-12-31,2025-01-01/2025-06-30,15,159611.SZ|159687.SZ|159980.SZ|159981.SZ|159985.SZ|512880.SH|513080.SH|513100.SH|513120.SH|513180.SH|513880.SH|516150.SH|518880.SH,0.7268045163275516,0.781078061256192,initial_swarm,,
rolling_particle_swarm,2024-07-01/2024-12-31,2025-01-01/2025-06-30,16,159509.SZ|159687.SZ|159796.SZ|159980.SZ|159985.SZ|161226.SZ|164824.SZ|501018.SH|512980.SH|513120.SH|513500.SH|513750.SH|588220.SH,-0.7698138165148071,0.8816494677641281,initial_swarm,,
rolling_particle_swarm,2024-07-01/2024-12-31,2025-01-01/2025-06-30,17,159687.SZ|159852.SZ|159980.SZ|159985.SZ|161226.SZ|510500.SH|513030.SH|513080.SH|513120.SH|513310.SH|513750.SH|515220.SH|518880.SH,-0.8305127818326846,0.9050122424256786,initial_swarm,,
rolling_particle_swarm,2024-07-01/2024-12-31,2025-01-01/2025-06-30,18,159687.SZ|159980.SZ|159985.SZ|161226.SZ|164824.SZ|512800.SH|512890.SH|513070.SH|513120.SH|513730.SH|513880.SH|515220.SH|518880.SH,-0.5497205834759755,0.8644252587258947,initial_swarm,,
rolling_particle_swarm,2024-07-01/2024-12-31,2025-01-01/2025-06-30,19,159329.SZ|159870.SZ|159901.SZ|159981.SZ|161226.SZ|164824.SZ|501018.SH|512800.SH|513120.SH|513290.SH|513400.SH|513750.SH|518880.SH,0.8688516725541778,0.9041988391426051,initial_swarm,,
rolling_particle_swarm,2024-07-01/2024-12-31,2025-01-01/2025-06-30,20,159329.SZ|159687.SZ|159980.SZ|159981.SZ|159985.SZ|160644.SZ|161226.SZ|512170.SH|513120.SH|513180.SH|513500.SH|515220.SH|515790.SH,-0.8743128476607058,0.8498408994712761,initial_swarm,,
rolling_particle_swarm,2024-07-01/2024-12-31,2025-01-01/2025-06-30,21,159870.SZ|159981.SZ|159985.SZ|161226.SZ|512170.SH|513100.SH|513120.SH|513290.SH|513310.SH|513400.SH|513750.SH|518880.SH|563300.SH,0.7057687181912972,0.8658913733368083,particle,0.0,0.0
rolling_particle_swarm,2024-07-01/2024-12-31,2025-01-01/2025-06-30,22,159509.SZ|159687.SZ|159825.SZ|159981.SZ|159985.SZ|501018.SH|510880.SH|512100.SH|513180.SH|513310.SH|513500.SH|513750.SH|518880.SH,0.49624306878092456,0.8861226651551434,particle,0.0,1.0
rolling_particle_swarm,2024-07-01/2024-12-31,2025-01-01/2025-06-30,23,159326.SZ|159329.SZ|159981.SZ|159985.SZ|160644.SZ|161226.SZ|164824.SZ|501018.SH|513070.SH|513290.SH|513750.SH|516150.SH|563300.SH,-0.5509435552335274,0.8406231432114443,particle,0.0,2.0
rolling_particle_swarm,2024-07-01/2024-12-31,2025-01-01/2025-06-30,24,159509.SZ|159981.SZ|159985.SZ|161226.SZ|501018.SH|510880.SH|512170.SH|512800.SH|513100.SH|513120.SH|513290.SH|513400.SH|513750.SH,0.7749126082743072,0.9103349868626713,particle,0.0,3.0
rolling_particle_swarm,2024-07-01/2024-12-31,2025-01-01/2025-06-30,25,159509.SZ|159901.SZ|159981.SZ|161226.SZ|164824.SZ|501018.SH|512880.SH|513030.SH|513070.SH|513120.SH|513290.SH|515790.SH|518880.SH,0.24229020373699767,0.8562027294288218,particle,0.0,4.0
rolling_particle_swarm,2024-07-01/2024-12-31,2025-01-01/2025-06-30,26,159529.SZ|159869.SZ|159901.SZ|159980.SZ|159985.SZ|161226.SZ|164824.SZ|512400.SH|513080.SH|513180.SH|513400.SH|513750.SH|518880.SH,-0.3421537261281762,0.8861226651551434,particle,0.0,5.0
rolling_particle_swarm,2024-07-01/2024-12-31,2025-01-01/2025-06-30,27,159329.SZ|159529.SZ|159611.SZ|159687.SZ|159980.SZ|159985.SZ|161226.SZ|513120.SH|513180.SH|513310.SH|515790.SH|516150.SH|518880.SH,-0.8332309205978307,0.781078061256192,particle,0.0,6.0
rolling_particle_swarm,2024-07-01/2024-12-31,2025-01-01/2025-06-30,28,159980.SZ|159981.SZ|159985.SZ|164824.SZ|501018.SH|512040.SH|512100.SH|512660.SH|513100.SH|513180.SH|513400.SH|513500.SH|513750.SH,1.016254994873767,0.8861226651551434,particle,0.0,7.0
rolling_particle_swarm,2024-07-01/2024-12-31,2025-01-01/2025-06-30,29,159329.SZ|159825.SZ|159920.SZ|159928.SZ|159980.SZ|159981.SZ|161226.SZ|512660.SH|513080.SH|513120.SH|513290.SH|513880.SH|518880.SH,-0.7767651080133302,0.9018554000592175,particle,0.0,8.0
rolling_particle_swarm,2024-07-01/2024-12-31,2025-01-01/2025-06-30,30,159980.SZ|159985.SZ|160644.SZ|161226.SZ|510210.SH|512200.SH|513070.SH|513400.SH|513730.SH|513750.SH|513880.SH|518880.SH|588000.SH,0.20135064900278085,0.8406231432114443,particle,0.0,9.0
rolling_particle_swarm,2024-07-01/2024-12-31,2025-01-01/2025-06-30,31,159329.SZ|159529.SZ|159852.SZ|159920.SZ|159949.SZ|159980.SZ|159981.SZ|501018.SH|512040.SH|513120.SH|513500.SH|513880.SH|518880.SH,0.7567103742036445,0.797783786911099,particle,0.0,10.0
rolling_particle_swarm,2024-07-01/2024-12-31,2025-01-01/2025-06-30,32,159329.SZ|159529.SZ|159980.SZ|159981.SZ|161226.SZ|501018.SH|512040.SH|512660.SH|513120.SH|513180.SH|513500.SH|513880.SH|588220.SH,0.7196882908097729,0.8774476576800679,particle,0.0,11.0
rolling_particle_swarm,2024-07-01/2024-12-31,2025-01-01/2025-06-30,33,159326.SZ|159611.SZ|159687.SZ|159980.SZ|159981.SZ|159985.SZ|501018.SH|512400.SH|513070.SH|513100.SH|513290.SH|513400.SH|513750.SH,1.006726381303082,0.8406231432114443,particle,0.0,12.0
rolling_particle_swarm,2024-07-01/2024-12-31,2025-01-01/2025-06-30,34,159509.SZ|159980.SZ|159981.SZ|159985.SZ|161226.SZ|164824.SZ|510210.SH|510500.SH|512980.SH|513180.SH|513310.SH|513500.SH|513750.SH,-0.5319124508522678,0.8861226651551434,particle,0.0,13.0
rolling_particle_swarm,2024-07-01/2024-12-31,2025-01-01/2025-06-30,35,159529.SZ|159766.SZ|159981.SZ|161226.SZ|501018.SH|512800.SH|513030.SH|513070.SH|513500.SH|513730.SH|513750.SH|516150.SH|518880.SH,0.27178249561933404,0.8406231432114443,particle,0.0,14.0
rolling_particle_swarm,2024-07-01/2024-12-31,2025-01-01/2025-06-30,36,159766.SZ|159870.SZ|159981.SZ|159985.SZ|164824.SZ|501018.SH|510210.SH|513030.SH|513070.SH|513400.SH|513500.SH|513750.SH|518880.SH,-0.021996920399542437,0.8743956717604469,particle,0.0,15.0
rolling_particle_swarm,2024-07-01/2024-12-31,2025-01-01/2025-06-30,37,159980.SZ|159981.SZ|159985.SZ|160644.SZ|501018.SH|510050.SH|512400.SH|513100.SH|513120.SH|513180.SH|513290.SH|513400.SH|515220.SH,0.4437027071104997,0.7901177195159753,particle,0.0,16.0
rolling_particle_swarm,2024-07-01/2024-12-31,2025-01-01/2025-06-30,38,159852.SZ|159980.SZ|159985.SZ|501018.SH|512040.SH|513180.SH|513310.SH|513400.SH|513500.SH|513730.SH|513750.SH|516150.SH|518880.SH,1.494188306920068,0.8861226651551434,particle,0.0,17.0
rolling_particle_swarm,2024-07-01/2024-12-31,2025-01-01/2025-06-30,39,159518.SZ|159529.SZ|159869.SZ|159980.SZ|159985.SZ|501018.SH|512170.SH|513080.SH|513120.SH|513750.SH|513880.SH|518880.SH|588200.SH,-0.12864551547459338,0.7663386475592225,particle,0.0,18.0
rolling_particle_swarm,2024-07-01/2024-12-31,2025-01-01/2025-06-30,40,159326.SZ|159509.SZ|159796.SZ|159980.SZ|159985.SZ|501018.SH|513070.SH|513290.SH|513310.SH|513750.SH|513880.SH|515210.SH|518880.SH,-0.29801684723615773,0.8406231432114443,particle,0.0,19.0
rolling_particle_swarm,2024-07-01/2024-12-31,2025-01-01/2025-06-30,41,159518.SZ|159980.SZ|159981.SZ|160644.SZ|164824.SZ|501018.SH|510210.SH|512100.SH|512800.SH|513120.SH|513180.SH|513730.SH|518880.SH,0.672102108184509,0.8643031905978755,particle,1.0,0.0
rolling_particle_swarm,2024-07-01/2024-12-31,2025-01-01/2025-06-30,42,159329.SZ|159518.SZ|159901.SZ|159928.SZ|159981.SZ|159985.SZ|161226.SZ|501018.SH|513070.SH|513080.SH|513400.SH|513750.SH|563300.SH,-0.5536225153067488,0.8535040412690602,particle,1.0,1.0
rolling_particle_swarm,2024-07-01/2024-12-31,2025-01-01/2025-06-30,43,159687.SZ|159865.SZ|159920.SZ|159980.SZ|159981.SZ|501018.SH|510210.SH|512200.SH|513080.SH|513310.SH|513400.SH|513750.SH|518880.SH,0.027286717843954904,0.8958197259318315,particle,1.0,2.0
rolling_particle_swarm,2024-07-01/2024-12-31,2025-01-01/2025-06-30,44,159509.SZ|159687.SZ|159928.SZ|159980.SZ|159985.SZ|164824.SZ|501018.SH|510300.SH|510880.SH|513120.SH|513180.SH|513400.SH|518880.SH,0.42411438794740325,0.8863987064359591,particle,1.0,3.0
rolling_particle_swarm,2024-07-01/2024-12-31,2025-01-01/2025-06-30,45,159687.SZ|159766.SZ|159852.SZ|159920.SZ|159967.SZ|159980.SZ|159985.SZ|161226.SZ|513290.SH|513310.SH|513500.SH|513750.SH|518880.SH,-0.27894994629883074,0.8958197259318315,particle,1.0,4.0
rolling_particle_swarm,2024-07-01/2024-12-31,2025-01-01/2025-06-30,46,159329.SZ|159949.SZ|159981.SZ|161226.SZ|501018.SH|510300.SH|512890.SH|513030.SH|513070.SH|513100.SH|513120.SH|513310.SH|518880.SH,0.39231670678069386,0.8996337787848713,particle,1.0,5.0
rolling_particle_swarm,2024-07-01/2024-12-31,2025-01-01/2025-06-30,47,159870.SZ|159949.SZ|159980.SZ|159981.SZ|501018.SH|512400.SH|513070.SH|513100.SH|513310.SH|513730.SH|513750.SH|513880.SH|518880.SH,1.2653181281902506,0.869612899065123,particle,1.0,6.0
rolling_particle_swarm,2024-07-01/2024-12-31,2025-01-01/2025-06-30,48,159518.SZ|159852.SZ|159920.SZ|159981.SZ|159985.SZ|161226.SZ|510210.SH|512170.SH|513080.SH|513400.SH|513750.SH|513880.SH|518880.SH,-0.21420079025302186,0.8958197259318315,particle,1.0,7.0
rolling_particle_swarm,2024-07-01/2024-12-31,2025-01-01/2025-06-30,49,159518.SZ|159529.SZ|159920.SZ|159980.SZ|159985.SZ|501018.SH|510300.SH|513400.SH|513500.SH|513750.SH|515220.SH|518880.SH|588000.SH,0.22098301459721828,0.8958197259318315,particle,1.0,8.0
rolling_particle_swarm,2024-07-01/2024-12-31,2025-01-01/2025-06-30,50,159509.SZ|159518.SZ|159852.SZ|159865.SZ|159980.SZ|159985.SZ|161226.SZ|501018.SH|513070.SH|513500.SH|513750.SH|513880.SH|588000.SH,-0.44311677590355547,0.8406231432114443,particle,1.0,9.0
rolling_particle_swarm,2024-07-01/2024-12-31,2025-01-01/2025-06-30,51,159687.SZ|159851.SZ|159949.SZ|159985.SZ|161226.SZ|501018.SH|513180.SH|513310.SH|513400.SH|513730.SH|513750.SH|515790.SH|518880.SH,0.8883010672886916,0.8861226651551434,particle,1.0,10.0
rolling_particle_swarm,2024-07-01/2024-12-31,2025-01-01/2025-06-30,52,159326.SZ|159509.SZ|159529.SZ|159865.SZ|159980.SZ|159981.SZ|159985.SZ|164824.SZ|501018.SH|510300.SH|513120.SH|513400.SH|513750.SH,1.0737914590835986,0.8654770888926107,particle,1.0,11.0
rolling_particle_swarm,2024-07-01/2024-12-31,2025-01-01/2025-06-30,53,159326.SZ|159509.SZ|159980.SZ|159981.SZ|161226.SZ|164824.SZ|512200.SH|513180.SH|513310.SH|513400.SH|513750.SH|518880.SH|563300.SH,0.19198557192995738,0.8861226651551434,particle,1.0,12.0
rolling_particle_swarm,2024-07-01/2024-12-31,2025-01-01/2025-06-30,54,159329.SZ|159920.SZ|159980.SZ|159985.SZ|501018.SH|512800.SH|513030.SH|513100.SH|513120.SH|513730.SH|515220.SH|518880.SH|588200.SH,-0.3922291100385172,0.7338236006588396,particle,1.0,13.0
rolling_particle_swarm,2024-07-01/2024-12-31,2025-01-01/2025-06-30,55,159329.SZ|159509.SZ|159869.SZ|159980.SZ|159981.SZ|159985.SZ|164824.SZ|513080.SH|513180.SH|513750.SH|515210.SH|516150.SH|518880.SH,-1.2269971391468137,0.8861226651551434,particle,1.0,14.0
rolling_particle_swarm,2024-07-01/2024-12-31,2025-01-01/2025-06-30,56,159869.SZ|159949.SZ|159980.SZ|161226.SZ|501018.SH|510880.SH|513030.SH|513080.SH|513100.SH|513180.SH|513310.SH|513750.SH|518880.SH,0.067564259294646,0.9050122424256786,particle,1.0,15.0
rolling_particle_swarm,2024-07-01/2024-12-31,2025-01-01/2025-06-30,57,159329.SZ|159901.SZ|159980.SZ|161226.SZ|501018.SH|512200.SH|513080.SH|513100.SH|513120.SH|513290.SH|513750.SH|516150.SH|518880.SH,0.6809769119636819,0.8024893666032176,particle,1.0,16.0
rolling_particle_swarm,2024-07-01/2024-12-31,2025-01-01/2025-06-30,58,159529.SZ|159967.SZ|159981.SZ|159985.SZ|161226.SZ|164824.SZ|501018.SH|512200.SH|513100.SH|513180.SH|513400.SH|513750.SH|515220.SH,1.177956663341815,0.8861226651551434,particle,1.0,17.0
rolling_particle_swarm,2024-07-01/2024-12-31,2025-01-01/2025-06-30,59,159326.SZ|159329.SZ|159687.SZ|159825.SZ|159920.SZ|159981.SZ|159985.SZ|161226.SZ|164824.SZ|501018.SH|513730.SH|513750.SH|588220.SH,-0.5168559749571447,0.8958197259318315,particle,1.0,18.0
rolling_particle_swarm,2024-07-01/2024-12-31,2025-01-01/2025-06-30,60,159509.SZ|159980.SZ|159981.SZ|159985.SZ|501018.SH|512800.SH|513120.SH|513400.SH|513500.SH|513730.SH|513750.SH|563300.SH|588220.SH,0.9891500802021302,0.8777459453676856,particle,1.0,19.0
rolling_particle_swarm,2024-07-01/2024-12-31,2025-01-01/2025-06-30,61,159852.SZ|159980.SZ|159981.SZ|501018.SH|512040.SH|513080.SH|513120.SH|513290.SH|513310.SH|513400.SH|513750.SH|516150.SH|518880.SH,1.1264007890291299,0.7840256621621281,particle,2.0,0.0
rolling_particle_swarm,2024-07-01/2024-12-31,2025-01-01/2025-06-30,62,159870.SZ|159915.SZ|159920.SZ|159980.SZ|161226.SZ|501018.SH|513100.SH|513400.SH|513730.SH|513750.SH|513880.SH|518880.SH|588200.SH,0.2740087473571843,0.8958197259318315,particle,2.0,1.0
rolling_particle_swarm,2024-07-01/2024-12-31,2025-01-01/2025-06-30,63,159611.SZ|159980.SZ|159985.SZ|160644.SZ|161226.SZ|510300.SH|512980.SH|513120.SH|513310.SH|513500.SH|513750.SH|513880.SH|518880.SH,-1.272965057549435,0.7703390842413431,particle,2.0,2.0
rolling_particle_swarm,2024-07-01/2024-12-31,2025-01-01/2025-06-30,64,159329.SZ|159766.SZ|159920.SZ|159980.SZ|159981.SZ|159985.SZ|501018.SH|510050.SH|512040.SH|513100.SH|513730.SH|513750.SH|513880.SH,0.31015127628717953,0.8958197259318315,particle,2.0,3.0
rolling_particle_swarm,2024-07-01/2024-12-31,2025-01-01/2025-06-30,65,159529.SZ|159611.SZ|159949.SZ|159980.SZ|159981.SZ|161226.SZ|512980.SH|513030.SH|513070.SH|513730.SH|513750.SH|513880.SH|518880.SH,0.49634663255373496,0.8406231432114443,particle,2.0,4.0
rolling_particle_swarm,2024-07-01/2024-12-31,2025-01-01/2025-06-30,66,159326.SZ|159518.SZ|159967.SZ|159980.SZ|159985.SZ|161226.SZ|501018.SH|513080.SH|513180.SH|513290.SH|513310.SH|513750.SH|588000.SH,-0.39802563098179944,0.9076258260410772,particle,2.0,5.0
rolling_particle_swarm,2024-07-01/2024-12-31,2025-01-01/2025-06-30,67,159687.SZ|159766.SZ|159901.SZ|159980.SZ|159981.SZ|159985.SZ|513100.SH|513120.SH|513500.SH|513730.SH|513750.SH|515210.SH|518880.SH,0.48977707068039533,0.8626765910012685,particle,2.0,6.0
rolling_particle_swarm,2024-07-01/2024-12-31,2025-01-01/2025-06-30,68,159869.SZ|159980.SZ|159981.SZ|159985.SZ|160644.SZ|501018.SH|512200.SH|513070.SH|513100.SH|513310.SH|513500.SH|513750.SH|563300.SH,0.0012990356018240778,0.8890261723238754,particle,2.0,7.0
rolling_particle_swarm,2024-07-01/2024-12-31,2025-01-01/2025-06-30,69,159509.SZ|159687.SZ|159870.SZ|159985.SZ|161226.SZ|501018.SH|512200.SH|513180.SH|513400.SH|513730.SH|513750.SH|515790.SH|518880.SH,0.6435379304063512,0.8861226651551434,particle,2.0,8.0
rolling_particle_swarm,2024-07-01/2024-12-31,2025-01-01/2025-06-30,70,159518.SZ|159981.SZ|159985.SZ|501018.SH|512400.SH|513080.SH|513180.SH|513310.SH|513750.SH|513880.SH|515220.SH|515790.SH|518880.SH,-0.8092195326967722,0.8861226651551434,particle,2.0,9.0
rolling_particle_swarm,2024-07-01/2024-12-31,2025-01-01/2025-06-30,71,159509.SZ|159766.SZ|159852.SZ|159981.SZ|159985.SZ|161226.SZ|513030.SH|513070.SH|513310.SH|513400.SH|513750.SH|515880.SH|518880.SH,-0.4793811378897628,0.8406231432114443,particle,2.0,10.0
rolling_particle_swarm,2024-07-01/2024-12-31,2025-01-01/2025-06-30,72,159509.SZ|159865.SZ|159901.SZ|159920.SZ|159980.SZ|160644.SZ|161226.SZ|501018.SH|513730.SH|513750.SH|513880.SH|516150.SH|518880.SH,0.11243581583613262,0.8958197259318315,particle,2.0,11.0
rolling_particle_swarm,2024-07-01/2024-12-31,2025-01-01/2025-06-30,73,159518.SZ|159529.SZ|159766.SZ|159980.SZ|159981.SZ|159985.SZ|161226.SZ|512040.SH|512400.SH|513180.SH|513500.SH|513730.SH|513750.SH,-0.28751434902409884,0.8861226651551434,particle,2.0,12.0
rolling_particle_swarm,2024-07-01/2024-12-31,2025-01-01/2025-06-30,74,159981.SZ|159985.SZ|164824.SZ|501018.SH|512880.SH|513070.SH|513290.SH|513400.SH|513730.SH|513750.SH|515790.SH|518880.SH|588000.SH,1.5133472029124089,0.8406231432114443,particle,2.0,13.0
rolling_particle_swarm,2024-07-01/2024-12-31,2025-01-01/2025-06-30,75,159687.SZ|159851.SZ|159870.SZ|159920.SZ|159980.SZ|159981.SZ|159985.SZ|501018.SH|513100.SH|513120.SH|513400.SH|513880.SH|515880.SH,1.1403098559725575,0.7760639014113961,particle,2.0,14.0
rolling_particle_swarm,2024-07-01/2024-12-31,2025-01-01/2025-06-30,76,159529.SZ|159981.SZ|159985.SZ|161226.SZ|164824.SZ|501018.SH|512170.SH|512660.SH|513120.SH|513500.SH|513730.SH|513750.SH|515790.SH,1.4017610508918756,0.8498408994712761,particle,2.0,15.0
rolling_particle_swarm,2024-07-01/2024-12-31,2025-01-01/2025-06-30,77,159529.SZ|159852.SZ|159869.SZ|159980.SZ|159985.SZ|501018.SH|510210.SH|513180.SH|513400.SH|513500.SH|513730.SH|513750.SH|518880.SH,1.3003380857425626,0.8861226651551434,particle,2.0,16.0
rolling_particle_swarm,2024-07-01/2024-12-31,2025-01-01/2025-06-30,78,159518.SZ|159901.SZ|159980.SZ|159981.SZ|501018.SH|512880.SH|513070.SH|513080.SH|513120.SH|513500.SH|513730.SH|515790.SH|518880.SH,1.1212569133019938,0.8562027294288218,particle,2.0,17.0
rolling_particle_swarm,2024-07-01/2024-12-31,2025-01-01/2025-06-30,79,159766.SZ|159920.SZ|159980.SZ|161226.SZ|501018.SH|513100.SH|513310.SH|513400.SH|513730.SH|513750.SH|515880.SH|518880.SH|588220.SH,0.531861175615134,0.8958197259318315,particle,2.0,18.0
rolling_particle_swarm,2024-07-01/2024-12-31,2025-01-01/2025-06-30,80,159920.SZ|159967.SZ|159980.SZ|159981.SZ|159985.SZ|160644.SZ|164824.SZ|501018.SH|510210.SH|513290.SH|513730.SH|513750.SH|562500.SH,0.8771117733209259,0.8988355416492362,particle,2.0,19.0
rolling_particle_swarm,2024-07-01/2024-12-31,2025-01-01/2025-06-30,81,159509.SZ|159518.SZ|159870.SZ|159981.SZ|159985.SZ|501018.SH|512040.SH|513120.SH|513180.SH|513400.SH|513500.SH|515220.SH|518880.SH,0.1966971811913274,0.9184271812251859,particle,3.0,0.0
rolling_particle_swarm,2024-07-01/2024-12-31,2025-01-01/2025-06-30,82,159509.SZ|159611.SZ|159687.SZ|159851.SZ|159985.SZ|161226.SZ|501018.SH|512890.SH|513120.SH|513180.SH|513290.SH|513500.SH|518880.SH,-0.022368609381910043,0.8042605341192945,particle,3.0,1.0
rolling_particle_swarm,2024-07-01/2024-12-31,2025-01-01/2025-06-30,83,159329.SZ|159529.SZ|159967.SZ|159981.SZ|159985.SZ|501018.SH|512100.SH|513180.SH|513290.SH|513730.SH|513750.SH|515880.SH|518880.SH,1.1569395381157572,0.8861226651551434,particle,3.0,2.0
rolling_particle_swarm,2024-07-01/2024-12-31,2025-01-01/2025-06-30,84,159529.SZ|159611.SZ|159687.SZ|159825.SZ|159949.SZ|159980.SZ|159985.SZ|160644.SZ|161226.SZ|513070.SH|513400.SH|513750.SH|518880.SH,-0.04361948684108899,0.8406231432114443,particle,3.0,3.0
rolling_particle_swarm,2024-07-01/2024-12-31,2025-01-01/2025-06-30,85,159509.SZ|159825.SZ|159869.SZ|159920.SZ|159980.SZ|159981.SZ|160644.SZ|161226.SZ|164824.SZ|501018.SH|512170.SH|513290.SH|513750.SH,-1.1203295020276862,0.8958197259318315,particle,3.0,4.0
rolling_particle_swarm,2024-07-01/2024-12-31,2025-01-01/2025-06-30,86,159687.SZ|159852.SZ|159920.SZ|159928.SZ|159981.SZ|159985.SZ|160644.SZ|161226.SZ|164824.SZ|501018.SH|513120.SH|513310.SH|588000.SH,-0.4193303155377169,0.7978084316452795,particle,3.0,5.0
rolling_particle_swarm,2024-07-01/2024-12-31,2025-01-01/2025-06-30,87,159529.SZ|159869.SZ|159967.SZ|159980.SZ|159981.SZ|501018.SH|512400.SH|513030.SH|513070.SH|513100.SH|513310.SH|513750.SH|518880.SH,0.626001496806705,0.8406231432114443,particle,3.0,6.0
rolling_particle_swarm,2024-07-01/2024-12-31,2025-01-01/2025-06-30,88,159687.SZ|159766.SZ|159980.SZ|159981.SZ|164824.SZ|501018.SH|510880.SH|512400.SH|513030.SH|513180.SH|513290.SH|513750.SH|518880.SH,0.23741265440546377,0.8861226651551434,particle,3.0,7.0
rolling_particle_swarm,2024-07-01/2024-12-31,2025-01-01/2025-06-30,89,159518.SZ|159611.SZ|159687.SZ|159981.SZ|159985.SZ|501018.SH|510210.SH|513030.SH|513120.SH|513310.SH|513750.SH|518880.SH|588200.SH,-0.013809063249696522,0.7579535481871515,particle,3.0,8.0
rolling_particle_swarm,2024-07-01/2024-12-31,2025-01-01/2025-06-30,90,159329.SZ|159870.SZ|159920.SZ|159980.SZ|159985.SZ|161226.SZ|501018.SH|513030.SH|513120.SH|513310.SH|513730.SH|516150.SH|588000.SH,-0.1284298867894889,0.8327507793326487,particle,3.0,9.0
rolling_particle_swarm,2024-07-01/2024-12-31,2025-01-01/2025-06-30,91,159509.SZ|159980.SZ|159985.SZ|501018.SH|510180.SH|512980.SH|513070.SH|513080.SH|513120.SH|513290.SH|513400.SH|518880.SH|588000.SH,0.3060980154850757,0.7530769692429881,particle,3.0,10.0
rolling_particle_swarm,2024-07-01/2024-12-31,2025-01-01/2025-06-30,92,159329.SZ|159980.SZ|159981.SZ|159985.SZ|164824.SZ|501018.SH|510180.SH|513120.SH|513290.SH|513400.SH|513750.SH|515790.SH|588220.SH,0.5962702817004358,0.8521308642411007,particle,3.0,11.0
rolling_particle_swarm,2024-07-01/2024-12-31,2025-01-01/2025-06-30,93,159509.SZ|159518.SZ|159985.SZ|160644.SZ|161226.SZ|501018.SH|510180.SH|510880.SH|513070.SH|513120.SH|513880.SH|515790.SH|518880.SH,-0.5471962621078584,0.7970397864163806,particle,3.0,12.0
rolling_particle_swarm,2024-07-01/2024-12-31,2025-01-01/2025-06-30,94,159509.SZ|159518.SZ|159611.SZ|159981.SZ|159985.SZ|501018.SH|513180.SH|513290.SH|513730.SH|513750.SH|516150.SH|518880.SH|588220.SH,0.8481647931394705,0.8861226651551434,particle,3.0,13.0
rolling_particle_swarm,2024-07-01/2024-12-31,2025-01-01/2025-06-30,95,159329.SZ|159851.SZ|159985.SZ|161226.SZ|501018.SH|510500.SH|512980.SH|513100.SH|513120.SH|513180.SH|513290.SH|513500.SH|518880.SH,0.3695550764645272,0.8626765910012685,particle,3.0,14.0
rolling_particle_swarm,2024-07-01/2024-12-31,2025-01-01/2025-06-30,96,159329.SZ|159980.SZ|159981.SZ|159985.SZ|160644.SZ|510180.SH|512040.SH|512880.SH|513070.SH|513290.SH|513400.SH|513750.SH|518880.SH,0.8559370384803561,0.917791063542202,particle,3.0,15.0
rolling_particle_swarm,2024-07-01/2024-12-31,2025-01-01/2025-06-30,97,159870.SZ|159980.SZ|159981.SZ|160644.SZ|161226.SZ|164824.SZ|501018.SH|512800.SH|513030.SH|513070.SH|513750.SH|513880.SH|588000.SH,-0.5453411151882199,0.8406231432114443,particle,3.0,16.0
rolling_particle_swarm,2024-07-01/2024-12-31,2025-01-01/2025-06-30,98,159852.SZ|159920.SZ|159980.SZ|159985.SZ|501018.SH|510300.SH|513080.SH|513400.SH|513500.SH|513750.SH|513880.SH|515210.SH|518880.SH,0.6940185607757811,0.8958197259318315,particle,3.0,17.0
rolling_particle_swarm,2024-07-01/2024-12-31,2025-01-01/2025-06-30,99,159509.SZ|159865.SZ|159915.SZ|159928.SZ|159981.SZ|159985.SZ|164824.SZ|501018.SH|513070.SH|513120.SH|513290.SH|513400.SH|518880.SH,0.05883041114972122,0.9065986069931544,particle,3.0,18.0
rolling_particle_swarm,2024-07-01/2024-12-31,2025-01-01/2025-06-30,100,159518.SZ|159766.SZ|159825.SZ|159981.SZ|161226.SZ|501018.SH|510210.SH|513070.SH|513400.SH|513500.SH|513730.SH|513750.SH|518880.SH,0.5357329714823527,0.8707124047182738,particle,3.0,19.0
rolling_particle_swarm,2025-01-01/2025-06-30,2025-07-01/2025-12-31,1,159529.SZ|159687.SZ|159928.SZ|159967.SZ|159980.SZ|159981.SZ|501018.SH|513070.SH|513290.SH|513500.SH|513750.SH|515210.SH|518880.SH,1.16299757193848,0.8346945255088569,initial_swarm,,
rolling_particle_swarm,2025-01-01/2025-06-30,2025-07-01/2025-12-31,2,159687.SZ|159796.SZ|159852.SZ|159949.SZ|159985.SZ|161226.SZ|164824.SZ|501018.SH|513070.SH|513310.SH|513750.SH|513880.SH|518880.SH,0.4507454244916782,0.862321860816802,initial_swarm,,
rolling_particle_swarm,2025-01-01/2025-06-30,2025-07-01/2025-12-31,3,159206.SZ|159980.SZ|161226.SZ|501018.SH|512170.SH|513030.SH|513120.SH|513180.SH|513500.SH|513730.SH|513880.SH|518880.SH|588200.SH,0.40229349882509574,0.8489591242734664,initial_swarm,,
rolling_particle_swarm,2025-01-01/2025-06-30,2025-07-01/2025-12-31,4,159209.SZ|159326.SZ|159928.SZ|159980.SZ|159981.SZ|161226.SZ|513030.SH|513070.SH|513080.SH|513120.SH|513730.SH|513880.SH|518880.SH,1.0114486960011533,0.8467610468677779,initial_swarm,,
rolling_particle_swarm,2025-01-01/2025-06-30,2025-07-01/2025-12-31,5,159825.SZ|159980.SZ|159985.SZ|160644.SZ|161226.SZ|501018.SH|512660.SH|513100.SH|513120.SH|513310.SH|513750.SH|513880.SH|562500.SH,-0.4224536050118355,0.7935214657978767,initial_swarm,,
rolling_particle_swarm,2025-01-01/2025-06-30,2025-07-01/2025-12-31,6,159326.SZ|159518.SZ|159529.SZ|159687.SZ|159920.SZ|159980.SZ|159985.SZ|161226.SZ|510880.SH|512170.SH|513750.SH|513880.SH|518880.SH,-0.38521538493791674,0.9042601594691357,initial_swarm,,
rolling_particle_swarm,2025-01-01/2025-06-30,2025-07-01/2025-12-31,7,159329.SZ|159529.SZ|159796.SZ|159851.SZ|159920.SZ|159980.SZ|159981.SZ|159985.SZ|161226.SZ|513120.SH|513290.SH|513730.SH|562500.SH,-1.0283228485399896,0.7919803930135957,initial_swarm,,
rolling_particle_swarm,2025-01-01/2025-06-30,2025-07-01/2025-12-31,8,159509.SZ|159687.SZ|159825.SZ|159920.SZ|159981.SZ|159985.SZ|161226.SZ|510300.SH|512100.SH|513290.SH|513310.SH|513750.SH|518880.SH,1.2121197419436465,0.9042601594691357,initial_swarm,,
rolling_particle_swarm,2025-01-01/2025-06-30,2025-07-01/2025-12-31,9,159529.SZ|159611.SZ|159687.SZ|159920.SZ|159980.SZ|159981.SZ|501018.SH|510050.SH|510210.SH|513310.SH|513750.SH|513880.SH|518880.SH,1.3532335097472896,0.9042601594691357,initial_swarm,,
rolling_particle_swarm,2025-01-01/2025-06-30,2025-07-01/2025-12-31,10,159518.SZ|159901.SZ|159980.SZ|159981.SZ|159985.SZ|161226.SZ|164824.SZ|512660.SH|513030.SH|513070.SH|513400.SH|513750.SH|516150.SH,-0.8601535973845238,0.8346945255088569,initial_swarm,,
rolling_particle_swarm,2025-01-01/2025-06-30,2025-07-01/2025-12-31,11,159529.SZ|159870.SZ|159920.SZ|159980.SZ|159985.SZ|161226.SZ|501018.SH|510180.SH|512040.SH|513120.SH|513290.SH|513500.SH|513730.SH,-0.7093860312053045,0.8876244756569097,initial_swarm,,
rolling_particle_swarm,2025-01-01/2025-06-30,2025-07-01/2025-12-31,12,159870.SZ|159928.SZ|159949.SZ|159980.SZ|161226.SZ|164824.SZ|501018.SH|513100.SH|513120.SH|513290.SH|513730.SH|513750.SH|518880.SH,0.7780205816194015,0.8627541750814681,initial_swarm,,
rolling_particle_swarm,2025-01-01/2025-06-30,2025-07-01/2025-12-31,13,159687.SZ|159980.SZ|159981.SZ|159985.SZ|512170.SH|512400.SH|513070.SH|513080.SH|513120.SH|513400.SH|513730.SH|518880.SH|562500.SH,0.02240844298878832,0.7844473400812552,initial_swarm,,
rolling_particle_swarm,2025-01-01/2025-06-30,2025-07-01/2025-12-31,14,159201.SZ|159611.SZ|159687.SZ|159967.SZ|159980.SZ|159985.SZ|164824.SZ|501018.SH|513120.SH|513290.SH|513310.SH|513750.SH|518880.SH,1.4980509358910632,0.8045883480544147,initial_swarm,,
rolling_particle_swarm,2025-01-01/2025-06-30,2025-07-01/2025-12-31,15,159529.SZ|159920.SZ|159980.SZ|159985.SZ|161226.SZ|510050.SH|513030.SH|513310.SH|513500.SH|513750.SH|515880.SH|518880.SH|588200.SH,0.8645438471771438,0.9042601594691357,initial_swarm,,
rolling_particle_swarm,2025-01-01/2025-06-30,2025-07-01/2025-12-31,16,159518.SZ|159865.SZ|159920.SZ|159981.SZ|159985.SZ|160644.SZ|161226.SZ|164824.SZ|501018.SH|510880.SH|512040.SH|513730.SH|513750.SH,-0.011416921525475628,0.9042601594691357,initial_swarm,,
rolling_particle_swarm,2025-01-01/2025-06-30,2025-07-01/2025-12-31,17,159687.SZ|159766.SZ|159980.SZ|159985.SZ|161226.SZ|512400.SH|513030.SH|513070.SH|513120.SH|513290.SH|513400.SH|518880.SH|588200.SH,0.7325853007798289,0.7870258146774196,initial_swarm,,
rolling_particle_swarm,2025-01-01/2025-06-30,2025-07-01/2025-12-31,18,159329.SZ|159509.SZ|159518.SZ|159687.SZ|159796.SZ|159981.SZ|159985.SZ|161226.SZ|512200.SH|513070.SH|513120.SH|518880.SH|588220.SH,0.33604197956316656,0.7683613130949273,initial_swarm,,
rolling_particle_swarm,2025-01-01/2025-06-30,2025-07-01/2025-12-31,19,159518.SZ|159851.SZ|159920.SZ|159928.SZ|159981.SZ|160644.SZ|161226.SZ|501018.SH|513030.SH|513500.SH|513750.SH|515220.SH|518880.SH,-0.059093209418786784,0.9042601594691357,initial_swarm,,
rolling_particle_swarm,2025-01-01/2025-06-30,2025-07-01/2025-12-31,20,159518.SZ|159825.SZ|159980.SZ|159981.SZ|159985.SZ|160644.SZ|164824.SZ|501018.SH|512400.SH|513120.SH|513180.SH|513290.SH|515210.SH,-1.3835723947063794,0.6690906029707654,initial_swarm,,
rolling_particle_swarm,2025-01-01/2025-06-30,2025-07-01/2025-12-31,21,159509.SZ|159870.SZ|159980.SZ|159985.SZ|161226.SZ|164824.SZ|501018.SH|512200.SH|513120.SH|513310.SH|513750.SH|513880.SH|588200.SH,0.0779374239957038,0.7500392681675007,particle,0.0,0.0
rolling_particle_swarm,2025-01-01/2025-06-30,2025-07-01/2025-12-31,22,159611.SZ|159920.SZ|159981.SZ|161226.SZ|164824.SZ|501018.SH|513030.SH|513120.SH|513290.SH|513880.SH|515790.SH|518880.SH|588200.SH,0.8779951913256732,0.7078661670253201,particle,0.0,1.0
rolling_particle_swarm,2025-01-01/2025-06-30,2025-07-01/2025-12-31,23,159329.SZ|159518.SZ|159611.SZ|159920.SZ|159980.SZ|159981.SZ|159985.SZ|164824.SZ|510210.SH|513030.SH|513120.SH|518880.SH|588200.SH,-1.4782673656299121,0.6690906029707654,particle,0.0,2.0
rolling_particle_swarm,2025-01-01/2025-06-30,2025-07-01/2025-12-31,24,159201.SZ|159529.SZ|159687.SZ|159796.SZ|159985.SZ|160644.SZ|161226.SZ|164824.SZ|501018.SH|510500.SH|513120.SH|513750.SH|518880.SH,0.9792684877676054,0.8869104403052311,particle,0.0,3.0
rolling_particle_swarm,2025-01-01/2025-06-30,2025-07-01/2025-12-31,25,159326.SZ|159509.SZ|159687.SZ|159980.SZ|159981.SZ|159985.SZ|501018.SH|510050.SH|513120.SH|513290.SH|513310.SH|513750.SH|515210.SH,-0.27344241310163847,0.7293753740945512,particle,0.0,4.0
rolling_particle_swarm,2025-01-01/2025-06-30,2025-07-01/2025-12-31,26,159329.SZ|159985.SZ|160644.SZ|161226.SZ|501018.SH|512400.SH|512890.SH|513120.SH|513180.SH|513310.SH|513500.SH|518880.SH|588220.SH,0.0937006754550532,0.7265858044313082,particle,0.0,5.0
rolling_particle_swarm,2025-01-01/2025-06-30,2025-07-01/2025-12-31,27,159687.SZ|159981.SZ|159985.SZ|161226.SZ|512880.SH|513180.SH|513290.SH|513310.SH|513500.SH|513750.SH|515220.SH|518880.SH|588000.SH,0.7062466155571713,0.829117026530356,particle,0.0,6.0
rolling_particle_swarm,2025-01-01/2025-06-30,2025-07-01/2025-12-31,28,159529.SZ|159920.SZ|159980.SZ|159981.SZ|160644.SZ|501018.SH|510050.SH|512880.SH|513310.SH|513750.SH|513880.SH|518880.SH|588220.SH,0.7214339675954241,0.9042601594691357,particle,0.0,7.0
rolling_particle_swarm,2025-01-01/2025-06-30,2025-07-01/2025-12-31,29,159796.SZ|159980.SZ|159981.SZ|161226.SZ|501018.SH|510880.SH|512980.SH|513070.SH|513080.SH|513120.SH|513290.SH|513500.SH|513880.SH,-0.31969500983684773,0.8221534939092613,particle,0.0,8.0
rolling_particle_swarm,2025-01-01/2025-06-30,2025-07-01/2025-12-31,30,159326.SZ|159329.SZ|159518.SZ|159796.SZ|159920.SZ|159980.SZ|159981.SZ|164824.SZ|501018.SH|510050.SH|513310.SH|513750.SH|518880.SH,0.41652513854742473,0.9042601594691357,particle,0.0,9.0
rolling_particle_swarm,2025-01-01/2025-06-30,2025-07-01/2025-12-31,31,159518.SZ|159529.SZ|159611.SZ|159687.SZ|159865.SZ|159967.SZ|159981.SZ|161226.SZ|501018.SH|513100.SH|513180.SH|513750.SH|518880.SH,0.31796152238149816,0.829117026530356,particle,0.0,10.0
rolling_particle_swarm,2025-01-01/2025-06-30,2025-07-01/2025-12-31,32,159209.SZ|159329.SZ|159920.SZ|159967.SZ|159980.SZ|159981.SZ|159985.SZ|501018.SH|510500.SH|513100.SH|513120.SH|513290.SH|513400.SH,-1.422509856718119,0.9113565447388385,particle,0.0,11.0
rolling_particle_swarm,2025-01-01/2025-06-30,2025-07-01/2025-12-31,33,159329.SZ|159611.SZ|159920.SZ|159967.SZ|159981.SZ|159985.SZ|160644.SZ|161226.SZ|164824.SZ|501018.SH|513750.SH|513880.SH|516150.SH,-0.7808335632615948,0.9042601594691357,particle,0.0,12.0
rolling_particle_swarm,2025-01-01/2025-06-30,2025-07-01/2025-12-31,34,159518.SZ|159687.SZ|159981.SZ|159985.SZ|161226.SZ|512170.SH|512660.SH|513120.SH|513290.SH|513310.SH|513750.SH|518880.SH|588220.SH,0.5652150829766858,0.7470386064300578,particle,0.0,13.0
rolling_particle_swarm,2025-01-01/2025-06-30,2025-07-01/2025-12-31,35,159611.SZ|159967.SZ|159980.SZ|159981.SZ|164824.SZ|501018.SH|512170.SH|513030.SH|513070.SH|513120.SH|513310.SH|513400.SH|518880.SH,1.7101921084819751,0.7313400910950392,particle,0.0,14.0
rolling_particle_swarm,2025-01-01/2025-06-30,2025-07-01/2025-12-31,36,159329.SZ|159518.SZ|159980.SZ|159981.SZ|159985.SZ|160644.SZ|161226.SZ|510500.SH|513070.SH|513100.SH|513750.SH|515210.SH|515880.SH,-1.1913387774668434,0.8346945255088569,particle,0.0,15.0
rolling_particle_swarm,2025-01-01/2025-06-30,2025-07-01/2025-12-31,37,159201.SZ|159509.SZ|159518.SZ|159920.SZ|159967.SZ|159980.SZ|159981.SZ|159985.SZ|510880.SH|513080.SH|513730.SH|513750.SH|518880.SH,-0.5091858867668749,0.9042601594691357,particle,0.0,16.0
rolling_particle_swarm,2025-01-01/2025-06-30,2025-07-01/2025-12-31,38,159518.SZ|159901.SZ|159980.SZ|160644.SZ|161226.SZ|501018.SH|513100.SH|513120.SH|513180.SH|513880.SH|515790.SH|518880.SH|562500.SH,0.2855463127098433,0.8387561227125127,particle,0.0,17.0
rolling_particle_swarm,2025-01-01/2025-06-30,2025-07-01/2025-12-31,39,159329.SZ|159851.SZ|159980.SZ|159981.SZ|159985.SZ|501018.SH|512170.SH|513030.SH|513070.SH|513080.SH|513120.SH|513730.SH|588220.SH,-0.6693442414461952,0.8248864925491514,particle,0.0,18.0
rolling_particle_swarm,2025-01-01/2025-06-30,2025-07-01/2025-12-31,40,159509.SZ|159529.SZ|159928.SZ|159980.SZ|159985.SZ|161226.SZ|512170.SH|512800.SH|513030.SH|513180.SH|513400.SH|513750.SH|518880.SH,1.2879039743293912,0.829117026530356,particle,0.0,19.0
rolling_particle_swarm,2025-01-01/2025-06-30,2025-07-01/2025-12-31,41,159201.SZ|159509.SZ|159687.SZ|159915.SZ|159981.SZ|161226.SZ|501018.SH|512660.SH|513070.SH|513120.SH|513290.SH|513500.SH|518880.SH,0.28794326020218186,0.9127168100554361,particle,1.0,0.0
rolling_particle_swarm,2025-01-01/2025-06-30,2025-07-01/2025-12-31,42,159209.SZ|159509.SZ|159928.SZ|159980.SZ|159985.SZ|161226.SZ|164824.SZ|501018.SH|513030.SH|513070.SH|513120.SH|513310.SH|588220.SH,-0.3024315242737977,0.8085786426007842,particle,1.0,1.0
rolling_particle_swarm,2025-01-01/2025-06-30,2025-07-01/2025-12-31,43,159509.SZ|159687.SZ|159825.SZ|159980.SZ|159981.SZ|161226.SZ|501018.SH|512660.SH|513070.SH|513120.SH|513310.SH|513400.SH|515210.SH,-0.4896298688423668,0.8208512885877406,particle,1.0,2.0
rolling_particle_swarm,2025-01-01/2025-06-30,2025-07-01/2025-12-31,44,159980.SZ|159981.SZ|159985.SZ|501018.SH|512400.SH|513030.SH|513070.SH|513080.SH|513120.SH|513290.SH|513310.SH|515220.SH|588000.SH,-0.9105417648518426,0.8248864925491514,particle,1.0,3.0
rolling_particle_swarm,2025-01-01/2025-06-30,2025-07-01/2025-12-31,45,159201.SZ|159518.SZ|159611.SZ|159980.SZ|160644.SZ|161226.SZ|501018.SH|512660.SH|513030.SH|513120.SH|513310.SH|513750.SH|518880.SH,0.12580757196736597,0.6614300746397493,particle,1.0,4.0
rolling_particle_swarm,2025-01-01/2025-06-30,2025-07-01/2025-12-31,46,159509.SZ|159687.SZ|159980.SZ|159981.SZ|159985.SZ|161226.SZ|512040.SH|512200.SH|512660.SH|513070.SH|513120.SH|513290.SH|513400.SH,-0.7390832468745789,0.8208512885877406,particle,1.0,5.0
rolling_particle_swarm,2025-01-01/2025-06-30,2025-07-01/2025-12-31,47,159509.SZ|159851.SZ|159928.SZ|159980.SZ|159981.SZ|161226.SZ|501018.SH|512890.SH|513030.SH|513120.SH|513180.SH|513400.SH|513730.SH,-0.6383353604788635,0.8348181381191616,particle,1.0,6.0
rolling_particle_swarm,2025-01-01/2025-06-30,2025-07-01/2025-12-31,48,159529.SZ|159687.SZ|159766.SZ|159825.SZ|159980.SZ|159985.SZ|161226.SZ|164824.SZ|501018.SH|512040.SH|513070.SH|513080.SH|513120.SH,-0.7478036993490857,0.6810710565199412,particle,1.0,7.0
rolling_particle_swarm,2025-01-01/2025-06-30,2025-07-01/2025-12-31,49,159329.SZ|159851.SZ|159980.SZ|159981.SZ|159985.SZ|160644.SZ|164824.SZ|510210.SH|513180.SH|513400.SH|513750.SH|518880.SH|588000.SH,0.09787606331952528,0.829117026530356,particle,1.0,8.0
rolling_particle_swarm,2025-01-01/2025-06-30,2025-07-01/2025-12-31,50,159209.SZ|159509.SZ|159529.SZ|159687.SZ|159980.SZ|161226.SZ|501018.SH|510880.SH|513030.SH|513120.SH|513180.SH|515880.SH|518880.SH,1.4734123980979794,0.8259898742661069,particle,1.0,9.0
rolling_particle_swarm,2025-01-01/2025-06-30,2025-07-01/2025-12-31,51,159329.SZ|159870.SZ|159980.SZ|159985.SZ|164824.SZ|501018.SH|512890.SH|513030.SH|513120.SH|513180.SH|513730.SH|515880.SH|518880.SH,-0.5858417683021668,0.6500228394498138,particle,1.0,10.0
rolling_particle_swarm,2025-01-01/2025-06-30,2025-07-01/2025-12-31,52,159529.SZ|159611.SZ|159870.SZ|159981.SZ|159985.SZ|161226.SZ|164824.SZ|513100.SH|513180.SH|513730.SH|513750.SH|518880.SH|562500.SH,0.823748190461708,0.8627541750814681,particle,1.0,11.0
rolling_particle_swarm,2025-01-01/2025-06-30,2025-07-01/2025-12-31,53,159206.SZ|159529.SZ|159869.SZ|159980.SZ|159981.SZ|159985.SZ|512890.SH|513030.SH|513080.SH|513180.SH|513400.SH|513750.SH|518880.SH,0.2094142451220154,0.829117026530356,particle,1.0,12.0
rolling_particle_swarm,2025-01-01/2025-06-30,2025-07-01/2025-12-31,54,159518.SZ|159687.SZ|159869.SZ|159928.SZ|159980.SZ|159985.SZ|501018.SH|512100.SH|513120.SH|513290.SH|513400.SH|513750.SH|518880.SH,0.37933751728375686,0.7870258146774196,particle,1.0,13.0
rolling_particle_swarm,2025-01-01/2025-06-30,2025-07-01/2025-12-31,55,159509.SZ|159869.SZ|159980.SZ|159985.SZ|161226.SZ|501018.SH|510180.SH|513070.SH|513120.SH|513290.SH|513400.SH|513730.SH|588200.SH,-0.5051110096793326,0.8348181381191616,particle,1.0,14.0
rolling_particle_swarm,2025-01-01/2025-06-30,2025-07-01/2025-12-31,56,159326.SZ|159611.SZ|159920.SZ|159980.SZ|159981.SZ|161226.SZ|164824.SZ|501018.SH|512170.SH|513080.SH|513120.SH|513310.SH|513500.SH,0.23534390563241311,0.7054391962055031,particle,1.0,15.0
rolling_particle_swarm,2025-01-01/2025-06-30,2025-07-01/2025-12-31,57,159206.SZ|159980.SZ|159981.SZ|161226.SZ|501018.SH|510050.SH|512200.SH|513030.SH|513070.SH|513080.SH|513310.SH|513400.SH|513750.SH,-0.5396055855553106,0.8346945255088569,particle,1.0,16.0
rolling_particle_swarm,2025-01-01/2025-06-30,2025-07-01/2025-12-31,58,159326.SZ|159796.SZ|159981.SZ|161226.SZ|164824.SZ|501018.SH|513030.SH|513070.SH|513080.SH|513120.SH|513290.SH|518880.SH|588220.SH,0.5030972426818426,0.8248864925491514,particle,1.0,17.0
rolling_particle_swarm,2025-01-01/2025-06-30,2025-07-01/2025-12-31,59,159206.SZ|159920.SZ|159949.SZ|159980.SZ|159981.SZ|161226.SZ|164824.SZ|501018.SH|512980.SH|513100.SH|513310.SH|513750.SH|513880.SH,-0.024239661734399946,0.9042601594691357,particle,1.0,18.0
rolling_particle_swarm,2025-01-01/2025-06-30,2025-07-01/2025-12-31,60,159920.SZ|159981.SZ|159985.SZ|501018.SH|512400.SH|513080.SH|513290.SH|513310.SH|513500.SH|513750.SH|515880.SH|518880.SH|588200.SH,0.37768355423716266,0.9042601594691357,particle,1.0,19.0
rolling_particle_swarm,2025-01-01/2025-06-30,2025-07-01/2025-12-31,61,159865.SZ|159928.SZ|159980.SZ|159985.SZ|164824.SZ|501018.SH|513080.SH|513100.SH|513120.SH|513180.SH|513400.SH|518880.SH|563300.SH,0.12155020457873428,0.8896514833819045,particle,2.0,0.0
rolling_particle_swarm,2025-01-01/2025-06-30,2025-07-01/2025-12-31,62,159687.SZ|159766.SZ|159967.SZ|159981.SZ|161226.SZ|501018.SH|513030.SH|513080.SH|513120.SH|513180.SH|513500.SH|518880.SH|588200.SH,0.619281463126288,0.8248864925491514,particle,2.0,1.0
rolling_particle_swarm,2025-01-01/2025-06-30,2025-07-01/2025-12-31,63,159329.SZ|159518.SZ|159852.SZ|159869.SZ|159980.SZ|159985.SZ|161226.SZ|513070.SH|513290.SH|513500.SH|513750.SH|518880.SH|562500.SH,0.6087449887032642,0.8425189142612616,particle,2.0,2.0
rolling_particle_swarm,2025-01-01/2025-06-30,2025-07-01/2025-12-31,64,159509.SZ|159825.SZ|159980.SZ|159985.SZ|161226.SZ|164824.SZ|510210.SH|513030.SH|513070.SH|513080.SH|513120.SH|515790.SH|518880.SH,0.6568721083494673,0.8248864925491514,particle,2.0,3.0
rolling_particle_swarm,2025-01-01/2025-06-30,2025-07-01/2025-12-31,65,159329.SZ|159981.SZ|161226.SZ|164824.SZ|501018.SH|512880.SH|512890.SH|513070.SH|513120.SH|513310.SH|513400.SH|518880.SH|562500.SH,0.840614895935809,0.683723785044035,particle,2.0,4.0
rolling_particle_swarm,2025-01-01/2025-06-30,2025-07-01/2025-12-31,66,159865.SZ|159920.SZ|159928.SZ|159967.SZ|159980.SZ|159985.SZ|160644.SZ|164824.SZ|501018.SH|513100.SH|513120.SH|513730.SH|518880.SH,-0.22556214544083433,0.8627541750814681,particle,2.0,5.0
rolling_particle_swarm,2025-01-01/2025-06-30,2025-07-01/2025-12-31,67,159329.SZ|159509.SZ|159766.SZ|159949.SZ|159980.SZ|159985.SZ|501018.SH|512200.SH|513070.SH|513120.SH|513290.SH|513310.SH|518880.SH,-0.004910466849372959,0.7659275218011552,particle,2.0,6.0
rolling_particle_swarm,2025-01-01/2025-06-30,2025-07-01/2025-12-31,68,159329.SZ|159985.SZ|161226.SZ|501018.SH|512880.SH|513100.SH|513120.SH|513290.SH|513400.SH|513750.SH|515220.SH|516150.SH|518880.SH,1.3409096816291632,0.8896514833819045,particle,2.0,7.0
rolling_particle_swarm,2025-01-01/2025-06-30,2025-07-01/2025-12-31,69,159509.SZ|159611.SZ|159687.SZ|159825.SZ|159920.SZ|159980.SZ|161226.SZ|164824.SZ|501018.SH|512800.SH|513750.SH|513880.SH|518880.SH,1.751829933517558,0.9042601594691357,particle,2.0,8.0
rolling_particle_swarm,2025-01-01/2025-06-30,2025-07-01/2025-12-31,70,159687.SZ|159920.SZ|159967.SZ|159981.SZ|159985.SZ|164824.SZ|501018.SH|510880.SH|513030.SH|513120.SH|513880.SH|515880.SH|518880.SH,0.7033206582247518,0.8507863450277371,particle,2.0,9.0
rolling_particle_swarm,2025-01-01/2025-06-30,2025-07-01/2025-12-31,71,159509.SZ|159766.SZ|159825.SZ|159980.SZ|159981.SZ|161226.SZ|501018.SH|513070.SH|513120.SH|513310.SH|513500.SH|513880.SH|515220.SH,-0.6114736480233847,0.9127168100554361,particle,2.0,10.0
rolling_particle_swarm,2025-01-01/2025-06-30,2025-07-01/2025-12-31,72,159869.SZ|159980.SZ|159985.SZ|160644.SZ|501018.SH|510180.SH|512890.SH|513030.SH|513080.SH|513180.SH|513750.SH|513880.SH|518880.SH,0.15809416893973302,0.829117026530356,particle,2.0,11.0
rolling_particle_swarm,2025-01-01/2025-06-30,2025-07-01/2025-12-31,73,159529.SZ|159687.SZ|159825.SZ|159852.SZ|159920.SZ|159980.SZ|159985.SZ|501018.SH|513120.SH|513290.SH|513500.SH|518880.SH|562500.SH,-0.17640045892032696,0.7925128985468757,particle,2.0,12.0
rolling_particle_swarm,2025-01-01/2025-06-30,2025-07-01/2025-12-31,74,159201.SZ|159509.SZ|159611.SZ|159687.SZ|159980.SZ|159981.SZ|164824.SZ|501018.SH|512980.SH|513120.SH|513180.SH|513730.SH|518880.SH,1.5185032477195888,0.8348181381191616,particle,2.0,13.0
rolling_particle_swarm,2025-01-01/2025-06-30,2025-07-01/2025-12-31,75,159901.SZ|159980.SZ|159981.SZ|164824.SZ|501018.SH|513070.SH|513100.SH|513310.SH|513400.SH|513750.SH|516150.SH|518880.SH|563300.SH,0.5890994224550511,0.8896514833819045,particle,2.0,14.0
rolling_particle_swarm,2025-01-01/2025-06-30,2025-07-01/2025-12-31,76,159529.SZ|159796.SZ|159920.SZ|159967.SZ|159980.SZ|159985.SZ|160644.SZ|164824.SZ|501018.SH|512800.SH|513030.SH|513120.SH|518880.SH,0.5014239988458957,0.8245506081676797,particle,2.0,15.0
rolling_particle_swarm,2025-01-01/2025-06-30,2025-07-01/2025-12-31,77,159509.SZ|159687.SZ|159980.SZ|159981.SZ|161226.SZ|164824.SZ|512980.SH|513070.SH|513120.SH|513500.SH|518880.SH|563300.SH|588000.SH,0.6163276739952348,0.9127168100554361,particle,2.0,16.0
rolling_particle_swarm,2025-01-01/2025-06-30,2025-07-01/2025-12-31,78,159611.SZ|159865.SZ|159870.SZ|159920.SZ|159980.SZ|159981.SZ|159985.SZ|161226.SZ|513030.SH|513100.SH|513120.SH|513290.SH|513880.SH,0.35389376541646245,0.7935214657978767,particle,2.0,17.0
rolling_particle_swarm,2025-01-01/2025-06-30,2025-07-01/2025-12-31,79,159209.SZ|159509.SZ|159687.SZ|159967.SZ|159980.SZ|159981.SZ|161226.SZ|501018.SH|512400.SH|513180.SH|513290.SH|513310.SH|513750.SH,-0.39514060834848164,0.829117026530356,particle,2.0,18.0
rolling_particle_swarm,2025-01-01/2025-06-30,2025-07-01/2025-12-31,80,159529.SZ|159687.SZ|159980.SZ|159985.SZ|161226.SZ|512880.SH|512890.SH|513100.SH|513120.SH|513750.SH|513880.SH|518880.SH|562500.SH,1.0673985787932603,0.7935214657978767,particle,2.0,19.0
rolling_particle_swarm,2025-01-01/2025-06-30,2025-07-01/2025-12-31,81,159201.SZ|159687.SZ|159851.SZ|159869.SZ|159980.SZ|159981.SZ|164824.SZ|501018.SH|513030.SH|513070.SH|513500.SH|513750.SH|518880.SH,0.4937155352608657,0.8346945255088569,particle,3.0,0.0
rolling_particle_swarm,2025-01-01/2025-06-30,2025-07-01/2025-12-31,82,159329.SZ|159518.SZ|159529.SZ|159611.SZ|159825.SZ|159980.SZ|159985.SZ|161226.SZ|512200.SH|513120.SH|513310.SH|513750.SH|518880.SH,1.1924747394183113,0.6608829104477392,particle,3.0,1.0
rolling_particle_swarm,2025-01-01/2025-06-30,2025-07-01/2025-12-31,83,159687.SZ|159915.SZ|159981.SZ|161226.SZ|164824.SZ|501018.SH|512170.SH|513120.SH|513290.SH|513750.SH|513880.SH|518880.SH|563300.SH,1.3306509621959108,0.825698014066328,particle,3.0,2.0
rolling_particle_swarm,2025-01-01/2025-06-30,2025-07-01/2025-12-31,84,159518.SZ|159611.SZ|159920.SZ|159980.SZ|159981.SZ|161226.SZ|510050.SH|512040.SH|513310.SH|513400.SH|513730.SH|513750.SH|518880.SH,0.6800531210678448,0.9042601594691357,particle,3.0,3.0
rolling_particle_swarm,2025-01-01/2025-06-30,2025-07-01/2025-12-31,85,159518.SZ|159980.SZ|159985.SZ|161226.SZ|164824.SZ|512660.SH|512800.SH|513030.SH|513070.SH|513080.SH|513120.SH|516150.SH|518880.SH,-0.9795786036244498,0.8248864925491514,particle,3.0,4.0
rolling_particle_swarm,2025-01-01/2025-06-30,2025-07-01/2025-12-31,86,159509.SZ|159967.SZ|159985.SZ|160644.SZ|161226.SZ|501018.SH|512400.SH|513070.SH|513120.SH|513290.SH|513500.SH|518880.SH|588220.SH,-0.19255404025057274,0.9127168100554361,particle,3.0,5.0
rolling_particle_swarm,2025-01-01/2025-06-30,2025-07-01/2025-12-31,87,159611.SZ|159687.SZ|159865.SZ|159981.SZ|159985.SZ|164824.SZ|501018.SH|513080.SH|513120.SH|513180.SH|513880.SH|518880.SH|563300.SH,0.30459566036766844,0.7078661670253201,particle,3.0,6.0
rolling_particle_swarm,2025-01-01/2025-06-30,2025-07-01/2025-12-31,88,159611.SZ|159869.SZ|159967.SZ|159980.SZ|159981.SZ|501018.SH|513100.SH|513120.SH|513290.SH|513310.SH|513750.SH|513880.SH|518880.SH,1.875612722507956,0.7935214657978767,particle,3.0,7.0
rolling_particle_swarm,2025-01-01/2025-06-30,2025-07-01/2025-12-31,89,159529.SZ|159766.SZ|159980.SZ|160644.SZ|161226.SZ|501018.SH|513100.SH|513120.SH|513400.SH|513750.SH|518880.SH|562500.SH|588000.SH,0.6273922257611574,0.8896514833819045,particle,3.0,8.0
rolling_particle_swarm,2025-01-01/2025-06-30,2025-07-01/2025-12-31,90,159529.SZ|159611.SZ|159915.SZ|159980.SZ|159981.SZ|160644.SZ|501018.SH|510050.SH|513070.SH|513080.SH|513120.SH|513730.SH|518880.SH,0.4171744003456392,0.790982797635332,particle,3.0,9.0
rolling_particle_swarm,2025-01-01/2025-06-30,2025-07-01/2025-12-31,91,159326.SZ|159980.SZ|159981.SZ|160644.SZ|501018.SH|510210.SH|512890.SH|513100.SH|513180.SH|513310.SH|513730.SH|513750.SH|518880.SH,0.8970463247470095,0.8629319000999045,particle,3.0,10.0
rolling_particle_swarm,2025-01-01/2025-06-30,2025-07-01/2025-12-31,92,159518.SZ|159766.SZ|159825.SZ|159901.SZ|159920.SZ|159981.SZ|160644.SZ|161226.SZ|501018.SH|513120.SH|513310.SH|513730.SH|518880.SH,0.2691311315917073,0.7282420618134918,particle,3.0,11.0
rolling_particle_swarm,2025-01-01/2025-06-30,2025-07-01/2025-12-31,93,159529.SZ|159796.SZ|159981.SZ|159985.SZ|161226.SZ|510210.SH|510880.SH|513070.SH|513080.SH|513120.SH|513290.SH|513310.SH|518880.SH,1.0137146200555336,0.7706733035560146,particle,3.0,12.0
rolling_particle_swarm,2025-01-01/2025-06-30,2025-07-01/2025-12-31,94,159206.SZ|159326.SZ|159329.SZ|159529.SZ|159967.SZ|159981.SZ|159985.SZ|164824.SZ|501018.SH|513070.SH|513120.SH|513880.SH|518880.SH,0.8790255008269022,0.866907837337517,particle,3.0,13.0
rolling_particle_swarm,2025-01-01/2025-06-30,2025-07-01/2025-12-31,95,159209.SZ|159865.SZ|159967.SZ|159980.SZ|161226.SZ|164824.SZ|501018.SH|513030.SH|513080.SH|513120.SH|513180.SH|513290.SH|518880.SH,1.0840061386731965,0.8248864925491514,particle,3.0,14.0
rolling_particle_swarm,2025-01-01/2025-06-30,2025-07-01/2025-12-31,96,159329.SZ|159825.SZ|159852.SZ|159980.SZ|160644.SZ|161226.SZ|501018.SH|513180.SH|513400.SH|513730.SH|513750.SH|515220.SH|518880.SH,0.3892914191527852,0.829117026530356,particle,3.0,15.0
rolling_particle_swarm,2025-01-01/2025-06-30,2025-07-01/2025-12-31,97,159611.SZ|159766.SZ|159851.SZ|159980.SZ|159985.SZ|501018.SH|513100.SH|513120.SH|513290.SH|513400.SH|513750.SH|513880.SH|518880.SH,0.5825587708585456,0.8896514833819045,particle,3.0,16.0
rolling_particle_swarm,2025-01-01/2025-06-30,2025-07-01/2025-12-31,98,159209.SZ|159329.SZ|159518.SZ|159687.SZ|159920.SZ|159980.SZ|159985.SZ|164824.SZ|501018.SH|512100.SH|513750.SH|515880.SH|518880.SH,-0.12164848035787547,0.9042601594691357,particle,3.0,17.0
rolling_particle_swarm,2025-01-01/2025-06-30,2025-07-01/2025-12-31,99,159518.SZ|159865.SZ|159920.SZ|159981.SZ|159985.SZ|161226.SZ|510210.SH|512980.SH|513030.SH|513080.SH|513290.SH|513750.SH|518880.SH,0.23797376958948685,0.9042601594691357,particle,3.0,18.0
rolling_particle_swarm,2025-01-01/2025-06-30,2025-07-01/2025-12-31,100,159509.SZ|159852.SZ|159869.SZ|159915.SZ|159980.SZ|161226.SZ|501018.SH|513030.SH|513070.SH|513120.SH|513400.SH|513730.SH|518880.SH,0.7933294097813047,0.8425189142612616,particle,3.0,19.0
rolling_particle_swarm,2025-07-01/2025-12-31,2026-01-01/2026-06-30,1,159326.SZ|159329.SZ|159509.SZ|159518.SZ|159766.SZ|159981.SZ|161226.SZ|501018.SH|513070.SH|513180.SH|513400.SH|518880.SH|588200.SH,1.4753192801462622,0.830842807816761,initial_swarm,,
rolling_particle_swarm,2025-07-01/2025-12-31,2026-01-01/2026-06-30,2,159509.SZ|159920.SZ|159980.SZ|159981.SZ|159985.SZ|160644.SZ|510500.SH|513120.SH|513500.SH|513880.SH|515220.SH|518880.SH|588220.SH,2.065417714170564,0.8820941284378736,initial_swarm,,
rolling_particle_swarm,2025-07-01/2025-12-31,2026-01-01/2026-06-30,3,159518.SZ|159529.SZ|159980.SZ|160644.SZ|161226.SZ|501018.SH|512880.SH|512980.SH|513120.SH|513750.SH|513880.SH|515220.SH|518880.SH,2.1722858855040403,0.5489078219078787,initial_swarm,,
rolling_particle_swarm,2025-07-01/2025-12-31,2026-01-01/2026-06-30,4,159518.SZ|159920.SZ|159981.SZ|159985.SZ|164824.SZ|501018.SH|512880.SH|512890.SH|513030.SH|513120.SH|513290.SH|515880.SH|518880.SH,1.779935626793905,0.5258881313549336,initial_swarm,,
rolling_particle_swarm,2025-07-01/2025-12-31,2026-01-01/2026-06-30,5,159518.SZ|159920.SZ|159980.SZ|159981.SZ|159985.SZ|164824.SZ|501018.SH|510050.SH|510210.SH|512880.SH|513120.SH|513400.SH|513500.SH,-0.07765121961570697,0.8674854525746594,initial_swarm,,
rolling_particle_swarm,2025-07-01/2025-12-31,2026-01-01/2026-06-30,6,159915.SZ|159981.SZ|160644.SZ|161226.SZ|164824.SZ|501018.SH|513070.SH|513120.SH|513290.SH|513880.SH|515790.SH|518880.SH|562500.SH,2.799054984417515,0.7085054782598746,initial_swarm,,
rolling_particle_swarm,2025-07-01/2025-12-31,2026-01-01/2026-06-30,7,159329.SZ|159865.SZ|159920.SZ|159980.SZ|159981.SZ|501018.SH|513030.SH|513080.SH|513120.SH|513290.SH|515210.SH|518880.SH|588000.SH,1.874251375939592,0.8206353307771239,initial_swarm,,
rolling_particle_swarm,2025-07-01/2025-12-31,2026-01-01/2026-06-30,8,159509.SZ|159981.SZ|161226.SZ|501018.SH|512040.SH|513030.SH|513070.SH|513180.SH|513400.SH|513880.SH|515880.SH|518880.SH|588200.SH,2.9404804043299038,0.830842807816761,initial_swarm,,
rolling_particle_swarm,2025-07-01/2025-12-31,2026-01-01/2026-06-30,9,159509.SZ|159611.SZ|159869.SZ|159920.SZ|159980.SZ|159981.SZ|159985.SZ|512880.SH|513070.SH|513400.SH|513500.SH|513880.SH|518880.SH,1.1643411830638553,0.8781907596410816,initial_swarm,,
rolling_particle_swarm,2025-07-01/2025-12-31,2026-01-01/2026-06-30,10,159980.SZ|159981.SZ|159985.SZ|160644.SZ|501018.SH|512880.SH|512890.SH|513030.SH|513070.SH|513080.SH|513100.SH|513120.SH|515790.SH,0.8764886892076428,0.8206353307771239,initial_swarm,,
rolling_particle_swarm,2025-07-01/2025-12-31,2026-01-01/2026-06-30,11,159329.SZ|159687.SZ|159980.SZ|159985.SZ|161226.SZ|164824.SZ|501018.SH|512040.SH|512170.SH|512980.SH|513070.SH|513730.SH|513750.SH,2.197885412590449,0.6108195861942751,initial_swarm,,
rolling_particle_swarm,2025-07-01/2025-12-31,2026-01-01/2026-06-30,12,159509.SZ|159870.SZ|159920.SZ|159980.SZ|159985.SZ|161226.SZ|164824.SZ|512100.SH|512880.SH|513030.SH|513180.SH|513730.SH|518880.SH,2.738677553015176,0.896611122646074,initial_swarm,,
rolling_particle_swarm,2025-07-01/2025-12-31,2026-01-01/2026-06-30,13,159509.SZ|159529.SZ|159870.SZ|159920.SZ|159985.SZ|161226.SZ|501018.SH|512980.SH|513120.SH|513730.SH|513880.SH|518880.SH|588200.SH,2.5076829188939866,0.646583745050377,initial_swarm,,
rolling_particle_swarm,2025-07-01/2025-12-31,2026-01-01/2026-06-30,14,159329.SZ|159920.SZ|159928.SZ|159980.SZ|159981.SZ|159985.SZ|501018.SH|512880.SH|513070.SH|513290.SH|513400.SH|513730.SH|515790.SH,0.7070417941557059,0.8781907596410816,initial_swarm,,
rolling_particle_swarm,2025-07-01/2025-12-31,2026-01-01/2026-06-30,15,159329.SZ|159920.SZ|159949.SZ|159981.SZ|159985.SZ|161226.SZ|164824.SZ|513080.SH|513100.SH|513180.SH|515790.SH|518880.SH|588220.SH,1.4172400008866746,0.896611122646074,initial_swarm,,
rolling_particle_swarm,2025-07-01/2025-12-31,2026-01-01/2026-06-30,16,159518.SZ|159870.SZ|159967.SZ|159981.SZ|159985.SZ|164824.SZ|501018.SH|512040.SH|513120.SH|513290.SH|513500.SH|513750.SH|518880.SH,1.4986340075995335,0.766243763184542,initial_swarm,,
rolling_particle_swarm,2025-07-01/2025-12-31,2026-01-01/2026-06-30,17,159518.SZ|159687.SZ|159869.SZ|159980.SZ|159981.SZ|159985.SZ|161226.SZ|513080.SH|513100.SH|513120.SH|513180.SH|563300.SH|588000.SH,1.759664733615705,0.5951475321172011,initial_swarm,,
rolling_particle_swarm,2025-07-01/2025-12-31,2026-01-01/2026-06-30,18,159201.SZ|159209.SZ|159329.SZ|159901.SZ|159980.SZ|159981.SZ|161226.SZ|501018.SH|513030.SH|513180.SH|513400.SH|513500.SH|513750.SH,1.9781400776908358,0.8073781297522051,initial_swarm,,
rolling_particle_swarm,2025-07-01/2025-12-31,2026-01-01/2026-06-30,19,159687.SZ|159928.SZ|159980.SZ|159981.SZ|161226.SZ|510300.SH|512660.SH|513070.SH|513100.SH|513120.SH|513730.SH|513880.SH|518880.SH,1.9596194633551978,0.690607802228965,initial_swarm,,
rolling_particle_swarm,2025-07-01/2025-12-31,2026-01-01/2026-06-30,20,159509.SZ|159766.SZ|159985.SZ|160644.SZ|161226.SZ|501018.SH|512040.SH|512200.SH|513030.SH|513070.SH|513400.SH|513750.SH|518880.SH,2.6898509552334975,0.7003185489881537,initial_swarm,,
rolling_particle_swarm,2025-07-01/2025-12-31,2026-01-01/2026-06-30,21,159209.SZ|159509.SZ|159518.SZ|159611.SZ|159852.SZ|159920.SZ|159980.SZ|159981.SZ|159985.SZ|513100.SH|513120.SH|513880.SH|518880.SH,1.9867344582525372,0.8496577034190855,particle,0.0,0.0
rolling_particle_swarm,2025-07-01/2025-12-31,2026-01-01/2026-06-30,22,159529.SZ|159981.SZ|159985.SZ|161226.SZ|501018.SH|510210.SH|510880.SH|513030.SH|513070.SH|513080.SH|513180.SH|513290.SH|515790.SH,2.2358878524966403,0.830842807816761,particle,0.0,1.0
rolling_particle_swarm,2025-07-01/2025-12-31,2026-01-01/2026-06-30,23,159611.SZ|159980.SZ|159981.SZ|160644.SZ|161226.SZ|164824.SZ|501018.SH|510300.SH|513070.SH|513080.SH|513310.SH|513750.SH|588200.SH,1.5434622529575788,0.733761316670825,particle,0.0,2.0
rolling_particle_swarm,2025-07-01/2025-12-31,2026-01-01/2026-06-30,24,159209.SZ|159329.SZ|159509.SZ|159949.SZ|159980.SZ|159985.SZ|160644.SZ|161226.SZ|513070.SH|513180.SH|513730.SH|515790.SH|518880.SH,2.580605930218948,0.830842807816761,particle,0.0,3.0
rolling_particle_swarm,2025-07-01/2025-12-31,2026-01-01/2026-06-30,25,159329.SZ|159509.SZ|159980.SZ|159981.SZ|159985.SZ|164824.SZ|512170.SH|512660.SH|513070.SH|513310.SH|513750.SH|518880.SH|588200.SH,2.679013779919109,0.5835502313497182,particle,0.0,4.0
rolling_particle_swarm,2025-07-01/2025-12-31,2026-01-01/2026-06-30,26,159509.SZ|159825.SZ|159981.SZ|159985.SZ|160644.SZ|501018.SH|510300.SH|512660.SH|513180.SH|513400.SH|513500.SH|513750.SH|518880.SH,1.5580699932524649,0.8047960289181927,particle,0.0,5.0
rolling_particle_swarm,2025-07-01/2025-12-31,2026-01-01/2026-06-30,27,159201.SZ|159529.SZ|159825.SZ|159980.SZ|159985.SZ|160644.SZ|161226.SZ|501018.SH|512880.SH|513070.SH|513080.SH|513750.SH|513880.SH,1.663501914421529,0.6174006215414004,particle,0.0,6.0
rolling_particle_swarm,2025-07-01/2025-12-31,2026-01-01/2026-06-30,28,159980.SZ|159981.SZ|161226.SZ|512100.SH|512800.SH|513080.SH|513100.SH|513120.SH|513310.SH|513500.SH|513750.SH|518880.SH|563300.SH,1.9045254092354118,0.9160990971620192,particle,0.0,7.0
rolling_particle_swarm,2025-07-01/2025-12-31,2026-01-01/2026-06-30,29,159529.SZ|159766.SZ|159869.SZ|159949.SZ|159980.SZ|159981.SZ|161226.SZ|501018.SH|513070.SH|513120.SH|513290.SH|513500.SH|513880.SH,2.6563892863133205,0.6642110535784537,particle,0.0,8.0
rolling_particle_swarm,2025-07-01/2025-12-31,2026-01-01/2026-06-30,30,159329.SZ|159518.SZ|159852.SZ|159870.SZ|159920.SZ|159928.SZ|159980.SZ|159985.SZ|161226.SZ|513080.SH|513180.SH|513880.SH|518880.SH,1.7270626759848509,0.896611122646074,particle,0.0,9.0
rolling_particle_swarm,2025-07-01/2025-12-31,2026-01-01/2026-06-30,31,159509.SZ|159529.SZ|159825.SZ|159981.SZ|159985.SZ|501018.SH|510050.SH|513080.SH|513100.SH|513120.SH|513750.SH|516150.SH|518880.SH,2.169874738905984,0.8496577034190855,particle,0.0,10.0
rolling_particle_swarm,2025-07-01/2025-12-31,2026-01-01/2026-06-30,32,159209.SZ|159509.SZ|159915.SZ|159981.SZ|159985.SZ|160644.SZ|161226.SZ|513120.SH|513290.SH|513310.SH|513750.SH|518880.SH|563300.SH,2.4302851311050717,0.668878422418779,particle,0.0,11.0
rolling_particle_swarm,2025-07-01/2025-12-31,2026-01-01/2026-06-30,33,159687.SZ|159766.SZ|159980.SZ|159981.SZ|159985.SZ|160644.SZ|161226.SZ|510050.SH|510880.SH|513030.SH|513180.SH|513500.SH|513750.SH,1.113270674717422,0.6546092645179226,particle,0.0,12.0
rolling_particle_swarm,2025-07-01/2025-12-31,2026-01-01/2026-06-30,34,159509.SZ|159518.SZ|159825.SZ|159949.SZ|159981.SZ|161226.SZ|164824.SZ|501018.SH|510210.SH|513070.SH|513120.SH|513310.SH|518880.SH,2.929287860373828,0.6758366664832373,particle,0.0,13.0
rolling_particle_swarm,2025-07-01/2025-12-31,2026-01-01/2026-06-30,35,159529.SZ|159687.SZ|159901.SZ|159920.SZ|159985.SZ|160644.SZ|161226.SZ|501018.SH|512400.SH|513070.SH|513400.SH|518880.SH|588200.SH,2.6247244953324156,0.8781907596410816,particle,0.0,14.0
rolling_particle_swarm,2025-07-01/2025-12-31,2026-01-01/2026-06-30,36,159509.SZ|159518.SZ|159980.SZ|159981.SZ|159985.SZ|161226.SZ|510300.SH|512400.SH|513030.SH|513180.SH|513730.SH|513750.SH|515790.SH,2.623166341969536,0.7170183508638417,particle,0.0,15.0
rolling_particle_swarm,2025-07-01/2025-12-31,2026-01-01/2026-06-30,37,159509.SZ|159980.SZ|159981.SZ|501018.SH|510300.SH|513030.SH|513070.SH|513400.SH|513500.SH|513750.SH|515880.SH|516150.SH|518880.SH,3.127381695555274,0.8047960289181927,particle,0.0,16.0
rolling_particle_swarm,2025-07-01/2025-12-31,2026-01-01/2026-06-30,38,159509.SZ|159928.SZ|159980.SZ|161226.SZ|501018.SH|512200.SH|513030.SH|513100.SH|513120.SH|513400.SH|513750.SH|518880.SH|562500.SH,2.6800479665115597,0.8496577034190855,particle,0.0,17.0
rolling_particle_swarm,2025-07-01/2025-12-31,2026-01-01/2026-06-30,39,159509.SZ|159865.SZ|159985.SZ|161226.SZ|164824.SZ|501018.SH|513030.SH|513120.SH|513180.SH|513880.SH|515880.SH|518880.SH|588000.SH,3.0011026166707744,0.6840860376010911,particle,0.0,18.0
rolling_particle_swarm,2025-07-01/2025-12-31,2026-01-01/2026-06-30,40,159518.SZ|159865.SZ|159920.SZ|159980.SZ|159981.SZ|161226.SZ|501018.SH|513400.SH|513500.SH|513750.SH|513880.SH|562500.SH|588200.SH,2.016292143157117,0.8047960289181927,particle,0.0,19.0
rolling_particle_swarm,2025-07-01/2025-12-31,2026-01-01/2026-06-30,41,159509.SZ|159915.SZ|159980.SZ|159985.SZ|161226.SZ|501018.SH|512400.SH|513070.SH|513080.SH|513100.SH|513120.SH|513500.SH|515880.SH,3.6501073672347277,0.8694020646184932,particle,1.0,0.0
rolling_particle_swarm,2025-07-01/2025-12-31,2026-01-01/2026-06-30,42,159209.SZ|159329.SZ|159509.SZ|159796.SZ|159920.SZ|159949.SZ|159980.SZ|159985.SZ|161226.SZ|501018.SH|513070.SH|513100.SH|513290.SH,4.119032885632703,0.8781907596410816,particle,1.0,1.0
rolling_particle_swarm,2025-07-01/2025-12-31,2026-01-01/2026-06-30,43,159326.SZ|159949.SZ|159981.SZ|159985.SZ|501018.SH|512200.SH|513030.SH|513070.SH|513100.SH|513310.SH|513750.SH|513880.SH|518880.SH,1.255935125356341,0.689940881109717,particle,1.0,2.0
rolling_particle_swarm,2025-07-01/2025-12-31,2026-01-01/2026-06-30,44,159206.SZ|159529.SZ|159869.SZ|159901.SZ|159980.SZ|161226.SZ|501018.SH|513030.SH|513180.SH|513310.SH|513400.SH|513750.SH|518880.SH,2.728828970649383,0.7003185489881537,particle,1.0,3.0
rolling_particle_swarm,2025-07-01/2025-12-31,2026-01-01/2026-06-30,45,159509.SZ|159529.SZ|159949.SZ|159981.SZ|161226.SZ|501018.SH|510210.SH|513070.SH|513080.SH|513180.SH|513880.SH|515210.SH|518880.SH,2.8240239471638544,0.830842807816761,particle,1.0,4.0
rolling_particle_swarm,2025-07-01/2025-12-31,2026-01-01/2026-06-30,46,159206.SZ|159920.SZ|159980.SZ|159981.SZ|161226.SZ|164824.SZ|501018.SH|512170.SH|513070.SH|513080.SH|513310.SH|513730.SH|515790.SH,2.92212955021572,0.8781907596410816,particle,1.0,5.0
rolling_particle_swarm,2025-07-01/2025-12-31,2026-01-01/2026-06-30,47,159920.SZ|159980.SZ|159981.SZ|161226.SZ|512100.SH|513100.SH|513180.SH|513400.SH|513500.SH|513880.SH|515880.SH|518880.SH|588200.SH,3.322171773317053,0.896611122646074,particle,1.0,6.0
rolling_particle_swarm,2025-07-01/2025-12-31,2026-01-01/2026-06-30,48,159529.SZ|159851.SZ|159869.SZ|159870.SZ|159920.SZ|159980.SZ|159985.SZ|501018.SH|513070.SH|513290.SH|513730.SH|513880.SH|518880.SH,1.3717609315403763,0.8781907596410816,particle,1.0,7.0
rolling_particle_swarm,2025-07-01/2025-12-31,2026-01-01/2026-06-30,49,159509.SZ|159852.SZ|159928.SZ|159980.SZ|159981.SZ|164824.SZ|501018.SH|512170.SH|513070.SH|513310.SH|513500.SH|513750.SH|518880.SH,2.4158442991382785,0.7412591912692081,particle,1.0,8.0
rolling_particle_swarm,2025-07-01/2025-12-31,2026-01-01/2026-06-30,50,159796.SZ|159920.SZ|159981.SZ|159985.SZ|160644.SZ|161226.SZ|501018.SH|510880.SH|512100.SH|513100.SH|513180.SH|513290.SH|513730.SH,2.6908763155274538,0.896611122646074,particle,1.0,9.0
rolling_particle_swarm,2025-07-01/2025-12-31,2026-01-01/2026-06-30,51,159518.SZ|159687.SZ|159949.SZ|159981.SZ|159985.SZ|501018.SH|510880.SH|513070.SH|513180.SH|513290.SH|513880.SH|515790.SH|518880.SH,1.587580902896674,0.830842807816761,particle,1.0,10.0
rolling_particle_swarm,2025-07-01/2025-12-31,2026-01-01/2026-06-30,52,159509.SZ|159518.SZ|159920.SZ|159980.SZ|159981.SZ|159985.SZ|501018.SH|512100.SH|512980.SH|513030.SH|513070.SH|513400.SH|515790.SH,1.3713818188805993,0.8781907596410816,particle,1.0,11.0
rolling_particle_swarm,2025-07-01/2025-12-31,2026-01-01/2026-06-30,53,159509.SZ|159518.SZ|159980.SZ|159985.SZ|164824.SZ|501018.SH|510180.SH|512880.SH|513070.SH|513180.SH|513400.SH|515790.SH|518880.SH,1.5296921670007375,0.830842807816761,particle,1.0,12.0
rolling_particle_swarm,2025-07-01/2025-12-31,2026-01-01/2026-06-30,54,159206.SZ|159509.SZ|159687.SZ|159901.SZ|159980.SZ|161226.SZ|501018.SH|513030.SH|513180.SH|513500.SH|513750.SH|515880.SH|518880.SH,3.09795460046872,0.7712723511412266,particle,1.0,13.0
rolling_particle_swarm,2025-07-01/2025-12-31,2026-01-01/2026-06-30,55,159687.SZ|159920.SZ|159980.SZ|159981.SZ|159985.SZ|161226.SZ|510050.SH|512800.SH|513030.SH|513070.SH|513080.SH|513100.SH|563300.SH,1.0569424500555327,0.8781907596410816,particle,1.0,14.0
rolling_particle_swarm,2025-07-01/2025-12-31,2026-01-01/2026-06-30,56,159509.SZ|159611.SZ|159865.SZ|159920.SZ|159980.SZ|160644.SZ|161226.SZ|501018.SH|510050.SH|513100.SH|513180.SH|513880.SH|518880.SH,1.755882902541211,0.896611122646074,particle,1.0,15.0
rolling_particle_swarm,2025-07-01/2025-12-31,2026-01-01/2026-06-30,57,159201.SZ|159851.SZ|159865.SZ|159980.SZ|159985.SZ|501018.SH|513030.SH|513180.SH|513310.SH|513730.SH|513750.SH|513880.SH|518880.SH,1.691501704483124,0.6147506487636801,particle,1.0,16.0
rolling_particle_swarm,2025-07-01/2025-12-31,2026-01-01/2026-06-30,58,159920.SZ|159928.SZ|159967.SZ|159980.SZ|159981.SZ|159985.SZ|160644.SZ|161226.SZ|164824.SZ|510210.SH|513180.SH|513290.SH|513500.SH,1.2700947901941344,0.896611122646074,particle,1.0,17.0
rolling_particle_swarm,2025-07-01/2025-12-31,2026-01-01/2026-06-30,59,159870.SZ|159920.SZ|159980.SZ|159981.SZ|160644.SZ|161226.SZ|501018.SH|512980.SH|513030.SH|513070.SH|513500.SH|513880.SH|516150.SH,1.9109804995392874,0.8781907596410816,particle,1.0,18.0
rolling_particle_swarm,2025-07-01/2025-12-31,2026-01-01/2026-06-30,60,159329.SZ|159509.SZ|159869.SZ|159920.SZ|159980.SZ|159985.SZ|161226.SZ|510210.SH|510300.SH|513070.SH|513080.SH|513100.SH|518880.SH,2.6463469799282056,0.8984863846859665,particle,1.0,19.0
rolling_particle_swarm,2025-07-01/2025-12-31,2026-01-01/2026-06-30,61,159687.SZ|159870.SZ|159981.SZ|159985.SZ|501018.SH|513070.SH|513100.SH|513400.SH|513730.SH|513750.SH|518880.SH|588000.SH|588220.SH,2.1898284625735447,0.8604283405275179,particle,2.0,0.0
rolling_particle_swarm,2025-07-01/2025-12-31,2026-01-01/2026-06-30,62,159509.SZ|159920.SZ|159980.SZ|159985.SZ|160644.SZ|164824.SZ|501018.SH|512400.SH|512980.SH|513080.SH|513180.SH|515210.SH|518880.SH,2.1431516956756056,0.896611122646074,particle,2.0,1.0
rolling_particle_swarm,2025-07-01/2025-12-31,2026-01-01/2026-06-30,63,159518.SZ|159796.SZ|159920.SZ|159980.SZ|159985.SZ|161226.SZ|164824.SZ|501018.SH|513290.SH|513310.SH|513750.SH|515790.SH|515880.SH,3.898496003566792,0.8034828780058688,particle,2.0,2.0
rolling_particle_swarm,2025-07-01/2025-12-31,2026-01-01/2026-06-30,64,159920.SZ|159967.SZ|159981.SZ|159985.SZ|160644.SZ|161226.SZ|510880.SH|513070.SH|513100.SH|513290.SH|513500.SH|516150.SH|518880.SH,2.017975714608392,0.8781907596410816,particle,2.0,3.0
rolling_particle_swarm,2025-07-01/2025-12-31,2026-01-01/2026-06-30,65,159209.SZ|159865.SZ|159928.SZ|159980.SZ|159985.SZ|161226.SZ|513080.SH|513100.SH|513180.SH|513310.SH|513400.SH|513750.SH|518880.SH,1.678586493359267,0.7330429667090336,particle,2.0,4.0
rolling_particle_swarm,2025-07-01/2025-12-31,2026-01-01/2026-06-30,66,159209.SZ|159326.SZ|159687.SZ|159766.SZ|159920.SZ|159980.SZ|161226.SZ|501018.SH|513030.SH|513070.SH|513100.SH|513880.SH|518880.SH,2.3421363659736745,0.8781907596410816,particle,2.0,5.0
rolling_particle_swarm,2025-07-01/2025-12-31,2026-01-01/2026-06-30,67,159329.SZ|159687.SZ|159920.SZ|159981.SZ|161226.SZ|501018.SH|510180.SH|512170.SH|512880.SH|513100.SH|513500.SH|513750.SH|518880.SH,1.876448341285443,0.8694020646184932,particle,2.0,6.0
rolling_particle_swarm,2025-07-01/2025-12-31,2026-01-01/2026-06-30,68,159509.SZ|159518.SZ|159920.SZ|159981.SZ|159985.SZ|161226.SZ|164824.SZ|501018.SH|510050.SH|512200.SH|513070.SH|513400.SH|515880.SH,2.88688292239279,0.8781907596410816,particle,2.0,7.0
rolling_particle_swarm,2025-07-01/2025-12-31,2026-01-01/2026-06-30,69,159209.SZ|159329.SZ|159920.SZ|159949.SZ|159980.SZ|159981.SZ|161226.SZ|512800.SH|513030.SH|513070.SH|513100.SH|513730.SH|518880.SH,2.559145692819501,0.8781907596410816,particle,2.0,8.0
rolling_particle_swarm,2025-07-01/2025-12-31,2026-01-01/2026-06-30,70,159329.SZ|159529.SZ|159766.SZ|159852.SZ|159980.SZ|159981.SZ|161226.SZ|164824.SZ|513120.SH|513730.SH|513750.SH|518880.SH|588000.SH,2.160047178790852,0.7295698082371033,particle,2.0,9.0
rolling_particle_swarm,2025-07-01/2025-12-31,2026-01-01/2026-06-30,71,159509.SZ|159920.SZ|159980.SZ|159981.SZ|160644.SZ|161226.SZ|510050.SH|510210.SH|512200.SH|513030.SH|513070.SH|513500.SH|518880.SH,2.303207247475453,0.8781907596410816,particle,2.0,10.0
rolling_particle_swarm,2025-07-01/2025-12-31,2026-01-01/2026-06-30,72,159329.SZ|159509.SZ|159529.SZ|159611.SZ|159796.SZ|159825.SZ|159920.SZ|159981.SZ|159985.SZ|161226.SZ|164824.SZ|501018.SH|513120.SH,2.183809639746787,0.5660298583606841,particle,2.0,11.0
rolling_particle_swarm,2025-07-01/2025-12-31,2026-01-01/2026-06-30,73,159326.SZ|159518.SZ|159529.SZ|159920.SZ|159980.SZ|159981.SZ|161226.SZ|501018.SH|512200.SH|512980.SH|513080.SH|513120.SH|513880.SH,2.0409144864741346,0.567373516379759,particle,2.0,12.0
rolling_particle_swarm,2025-07-01/2025-12-31,2026-01-01/2026-06-30,74,159329.SZ|159687.SZ|159985.SZ|161226.SZ|501018.SH|510050.SH|510880.SH|513070.SH|513080.SH|513180.SH|513310.SH|518880.SH|562500.SH,1.4822827127106102,0.830842807816761,particle,2.0,13.0
rolling_particle_swarm,2025-07-01/2025-12-31,2026-01-01/2026-06-30,75,159329.SZ|159920.SZ|159928.SZ|159985.SZ|160644.SZ|161226.SZ|501018.SH|510500.SH|513180.SH|513400.SH|513880.SH|515790.SH|518880.SH,1.9472711879724596,0.896611122646074,particle,2.0,14.0
rolling_particle_swarm,2025-07-01/2025-12-31,2026-01-01/2026-06-30,76,159201.SZ|159980.SZ|159985.SZ|161226.SZ|501018.SH|512170.SH|513030.SH|513070.SH|513120.SH|513290.SH|513400.SH|513880.SH|515220.SH,2.0538738673080803,0.7003185489881537,particle,2.0,15.0
rolling_particle_swarm,2025-07-01/2025-12-31,2026-01-01/2026-06-30,77,159329.SZ|159981.SZ|161226.SZ|501018.SH|510500.SH|513070.SH|513180.SH|513310.SH|513400.SH|513500.SH|515220.SH|518880.SH|562500.SH,1.5420078253261458,0.830842807816761,particle,2.0,16.0
rolling_particle_swarm,2025-07-01/2025-12-31,2026-01-01/2026-06-30,78,159509.SZ|159852.SZ|159869.SZ|159920.SZ|159980.SZ|159985.SZ|501018.SH|512800.SH|513070.SH|513290.SH|513310.SH|513880.SH|518880.SH,1.8406660924913376,0.8781907596410816,particle,2.0,17.0
rolling_particle_swarm,2025-07-01/2025-12-31,2026-01-01/2026-06-30,79,159518.SZ|159980.SZ|159985.SZ|161226.SZ|501018.SH|512170.SH|512660.SH|513070.SH|513100.SH|513120.SH|513290.SH|513730.SH|588000.SH,2.9357581162079764,0.690607802228965,particle,2.0,18.0
rolling_particle_swarm,2025-07-01/2025-12-31,2026-01-01/2026-06-30,80,159766.SZ|159949.SZ|159981.SZ|160644.SZ|161226.SZ|501018.SH|512200.SH|513030.SH|513100.SH|513180.SH|513500.SH|513750.SH|518880.SH,1.8756266645878763,0.8694020646184932,particle,2.0,19.0
rolling_particle_swarm,2025-07-01/2025-12-31,2026-01-01/2026-06-30,81,159209.SZ|159329.SZ|159865.SZ|159920.SZ|159980.SZ|159985.SZ|161226.SZ|164824.SZ|501018.SH|510880.SH|513070.SH|513080.SH|513880.SH,1.6713166619427844,0.8781907596410816,particle,3.0,0.0
rolling_particle_swarm,2025-07-01/2025-12-31,2026-01-01/2026-06-30,82,159326.SZ|159518.SZ|159529.SZ|159980.SZ|159981.SZ|159985.SZ|161226.SZ|512200.SH|513070.SH|513100.SH|513400.SH|513750.SH|563300.SH,1.6302297104568826,0.7210958925798221,particle,3.0,1.0
rolling_particle_swarm,2025-07-01/2025-12-31,2026-01-01/2026-06-30,83,159509.SZ|159981.SZ|161226.SZ|164824.SZ|501018.SH|510210.SH|512040.SH|513070.SH|513120.SH|513290.SH|513400.SH|518880.SH|563300.SH,3.472852841476015,0.8495613101616063,particle,3.0,2.0
rolling_particle_swarm,2025-07-01/2025-12-31,2026-01-01/2026-06-30,84,159329.SZ|159509.SZ|159611.SZ|159796.SZ|159980.SZ|159985.SZ|161226.SZ|512100.SH|513080.SH|513120.SH|513750.SH|513880.SH|518880.SH,2.9052403549361983,0.7035669847357374,particle,3.0,3.0
rolling_particle_swarm,2025-07-01/2025-12-31,2026-01-01/2026-06-30,85,159509.SZ|159518.SZ|159981.SZ|161226.SZ|501018.SH|513030.SH|513180.SH|513750.SH|513880.SH|515210.SH|515220.SH|515880.SH|518880.SH,2.7653049388312687,0.5867092248569664,particle,3.0,4.0
rolling_particle_swarm,2025-07-01/2025-12-31,2026-01-01/2026-06-30,86,159206.SZ|159980.SZ|159981.SZ|159985.SZ|501018.SH|510880.SH|513070.SH|513080.SH|513120.SH|513290.SH|513310.SH|513880.SH|515210.SH,1.4785885489488315,0.5808373895737946,particle,3.0,5.0
rolling_particle_swarm,2025-07-01/2025-12-31,2026-01-01/2026-06-30,87,159201.SZ|159865.SZ|159920.SZ|159980.SZ|159985.SZ|161226.SZ|164824.SZ|501018.SH|512660.SH|513180.SH|513290.SH|513730.SH|513880.SH,2.2954183888012247,0.896611122646074,particle,3.0,6.0
rolling_particle_swarm,2025-07-01/2025-12-31,2026-01-01/2026-06-30,88,159509.SZ|159796.SZ|159980.SZ|159985.SZ|161226.SZ|501018.SH|512980.SH|513030.SH|513100.SH|513120.SH|513180.SH|513400.SH|515880.SH,3.2491089641370436,0.8496577034190855,particle,3.0,7.0
rolling_particle_swarm,2025-07-01/2025-12-31,2026-01-01/2026-06-30,89,159518.SZ|159687.SZ|159766.SZ|159980.SZ|159985.SZ|161226.SZ|501018.SH|510500.SH|512980.SH|513070.SH|513100.SH|513120.SH|513880.SH,2.7726350738774777,0.689940881109717,particle,3.0,8.0
rolling_particle_swarm,2025-07-01/2025-12-31,2026-01-01/2026-06-30,90,159206.SZ|159509.SZ|159611.SZ|159687.SZ|159928.SZ|159980.SZ|159981.SZ|159985.SZ|501018.SH|513070.SH|513100.SH|513290.SH|513750.SH,1.8208341225213738,0.8496577034190855,particle,3.0,9.0
rolling_particle_swarm,2025-07-01/2025-12-31,2026-01-01/2026-06-30,91,159329.SZ|159766.SZ|159851.SZ|159980.SZ|159981.SZ|159985.SZ|501018.SH|512980.SH|513100.SH|513120.SH|513180.SH|513310.SH|513730.SH,1.9624205998737425,0.690607802228965,particle,3.0,10.0
rolling_particle_swarm,2025-07-01/2025-12-31,2026-01-01/2026-06-30,92,159611.SZ|159687.SZ|159980.SZ|161226.SZ|501018.SH|512660.SH|513030.SH|513100.SH|513180.SH|513290.SH|513750.SH|515220.SH|518880.SH,1.4965705219624343,0.6598207812310083,particle,3.0,11.0
rolling_particle_swarm,2025-07-01/2025-12-31,2026-01-01/2026-06-30,93,159201.SZ|159329.SZ|159509.SZ|159529.SZ|159796.SZ|159920.SZ|159985.SZ|161226.SZ|501018.SH|513400.SH|513750.SH|518880.SH|588200.SH,3.0179101402500605,0.7241698032373148,particle,3.0,12.0
rolling_particle_swarm,2025-07-01/2025-12-31,2026-01-01/2026-06-30,94,159509.SZ|159980.SZ|159981.SZ|159985.SZ|512170.SH|512200.SH|513030.SH|513120.SH|513290.SH|513500.SH|513750.SH|515210.SH|518880.SH,1.7916311357769295,0.7412591912692081,particle,3.0,13.0
rolling_particle_swarm,2025-07-01/2025-12-31,2026-01-01/2026-06-30,95,159687.SZ|159865.SZ|159920.SZ|159980.SZ|159981.SZ|160644.SZ|501018.SH|512040.SH|512200.SH|513070.SH|513290.SH|513730.SH|518880.SH,1.729865881882529,0.8781907596410816,particle,3.0,14.0
rolling_particle_swarm,2025-07-01/2025-12-31,2026-01-01/2026-06-30,96,159209.SZ|159329.SZ|159509.SZ|159920.SZ|159980.SZ|159985.SZ|161226.SZ|501018.SH|510180.SH|510880.SH|513070.SH|513310.SH|513400.SH,2.8303979695984247,0.8781907596410816,particle,3.0,15.0
rolling_particle_swarm,2025-07-01/2025-12-31,2026-01-01/2026-06-30,97,159329.SZ|159509.SZ|159518.SZ|159870.SZ|159901.SZ|159980.SZ|159981.SZ|160644.SZ|161226.SZ|513070.SH|513750.SH|518880.SH|588000.SH,2.3630330700805677,0.7975041591001514,particle,3.0,16.0
rolling_particle_swarm,2025-07-01/2025-12-31,2026-01-01/2026-06-30,98,159329.SZ|159796.SZ|159949.SZ|159980.SZ|159985.SZ|161226.SZ|513070.SH|513100.SH|513120.SH|513400.SH|513730.SH|518880.SH|588220.SH,2.8717338342975296,0.8144133374048662,particle,3.0,17.0
rolling_particle_swarm,2025-07-01/2025-12-31,2026-01-01/2026-06-30,99,159201.SZ|159209.SZ|159509.SZ|159518.SZ|159865.SZ|159920.SZ|159981.SZ|159985.SZ|164824.SZ|501018.SH|513180.SH|513310.SH|518880.SH,1.802237511556017,0.896611122646074,particle,3.0,18.0
rolling_particle_swarm,2025-07-01/2025-12-31,2026-01-01/2026-06-30,100,159687.SZ|159796.SZ|159920.SZ|159980.SZ|160644.SZ|161226.SZ|501018.SH|512800.SH|512980.SH|513070.SH|513400.SH|513730.SH|518880.SH,2.0617264576975036,0.8781907596410816,particle,3.0,19.0
rolling_particle_swarm,2026-01-01/2026-06-30,2026-07-01/2026-07-26,1,159509.SZ|159980.SZ|159981.SZ|159985.SZ|501018.SH|510210.SH|513120.SH|513400.SH|513730.SH|513750.SH|513880.SH|515210.SH|588000.SH,1.1735094719660342,0.7921734576246972,initial_swarm,,
rolling_particle_swarm,2026-01-01/2026-06-30,2026-07-01/2026-07-26,2,159209.SZ|159329.SZ|159518.SZ|159529.SZ|159796.SZ|159980.SZ|159981.SZ|159985.SZ|161226.SZ|510500.SH|513070.SH|513180.SH|513290.SH,-0.41820833403052016,0.6258267293448163,initial_swarm,,
rolling_particle_swarm,2026-01-01/2026-06-30,2026-07-01/2026-07-26,3,159518.SZ|159611.SZ|159920.SZ|159928.SZ|159980.SZ|159981.SZ|161226.SZ|513120.SH|513310.SH|513400.SH|513880.SH|515790.SH|518880.SH,-0.42955766737739703,0.7522587312090414,initial_swarm,,
rolling_particle_swarm,2026-01-01/2026-06-30,2026-07-01/2026-07-26,4,159209.SZ|159509.SZ|159980.SZ|159981.SZ|159985.SZ|161226.SZ|510880.SH|512800.SH|513030.SH|513120.SH|513500.SH|513730.SH|513750.SH,-1.1234733822029725,0.8077971362532227,initial_swarm,,
rolling_particle_swarm,2026-01-01/2026-06-30,2026-07-01/2026-07-26,5,159518.SZ|159920.SZ|159980.SZ|159981.SZ|160644.SZ|161226.SZ|501018.SH|510880.SH|512400.SH|513030.SH|513120.SH|513730.SH|588000.SH,-0.384960264982265,0.7896281396014395,initial_swarm,,
rolling_particle_swarm,2026-01-01/2026-06-30,2026-07-01/2026-07-26,6,159206.SZ|159851.SZ|159920.SZ|159980.SZ|159985.SZ|161226.SZ|512400.SH|513070.SH|513080.SH|513290.SH|513310.SH|518880.SH|520870.SH,-0.15163887999089587,0.7522587312090414,initial_swarm,,
rolling_particle_swarm,2026-01-01/2026-06-30,2026-07-01/2026-07-26,7,159509.SZ|159869.SZ|159920.SZ|159980.SZ|159981.SZ|161226.SZ|164824.SZ|501018.SH|513100.SH|513750.SH|513880.SH|515220.SH|516150.SH,0.24097712068518842,0.8901497039450326,initial_swarm,,
rolling_particle_swarm,2026-01-01/2026-06-30,2026-07-01/2026-07-26,8,159201.SZ|159509.SZ|159529.SZ|159920.SZ|159967.SZ|159981.SZ|159985.SZ|161226.SZ|512400.SH|513070.SH|513100.SH|513290.SH|518880.SH,1.7705755878060754,0.8901497039450326,initial_swarm,,
rolling_particle_swarm,2026-01-01/2026-06-30,2026-07-01/2026-07-26,9,159865.SZ|159915.SZ|159920.SZ|159980.SZ|159981.SZ|160644.SZ|161226.SZ|501018.SH|510050.SH|513080.SH|513120.SH|513400.SH|513500.SH,0.2089930369429802,0.7798084311997701,initial_swarm,,
rolling_particle_swarm,2026-01-01/2026-06-30,2026-07-01/2026-07-26,10,159206.SZ|159529.SZ|159915.SZ|159980.SZ|159981.SZ|160644.SZ|501018.SH|510050.SH|513070.SH|513180.SH|513290.SH|513400.SH|518880.SH,0.1812446128549325,0.7522587312090414,initial_swarm,,
rolling_particle_swarm,2026-01-01/2026-06-30,2026-07-01/2026-07-26,11,159206.SZ|159509.SZ|159766.SZ|159980.SZ|159981.SZ|501018.SH|513030.SH|513080.SH|513120.SH|513400.SH|513750.SH|518880.SH|588220.SH,-0.004619151448135366,0.8826043989398089,initial_swarm,,
rolling_particle_swarm,2026-01-01/2026-06-30,2026-07-01/2026-07-26,12,159865.SZ|159981.SZ|159985.SZ|501018.SH|510050.SH|512800.SH|513070.SH|513100.SH|513120.SH|513310.SH|513400.SH|513730.SH|518880.SH,0.4268634406465,0.7965634434938876,initial_swarm,,
rolling_particle_swarm,2026-01-01/2026-06-30,2026-07-01/2026-07-26,13,159518.SZ|159529.SZ|159920.SZ|159980.SZ|161226.SZ|164824.SZ|501018.SH|510880.SH|512170.SH|512800.SH|513070.SH|513290.SH|518880.SH,-1.1507866553716624,0.7522587312090414,initial_swarm,,
rolling_particle_swarm,2026-01-01/2026-06-30,2026-07-01/2026-07-26,14,159529.SZ|159981.SZ|159985.SZ|160644.SZ|161226.SZ|164824.SZ|501018.SH|510050.SH|512980.SH|513120.SH|513730.SH|513750.SH|562500.SH,-0.4787503326299339,0.7032259152280935,initial_swarm,,
rolling_particle_swarm,2026-01-01/2026-06-30,2026-07-01/2026-07-26,15,159209.SZ|159518.SZ|159611.SZ|159687.SZ|159920.SZ|159985.SZ|160644.SZ|161226.SZ|501018.SH|512200.SH|513080.SH|513120.SH|518880.SH,-0.4466025108888528,0.6814283671685154,initial_swarm,,
rolling_particle_swarm,2026-01-01/2026-06-30,2026-07-01/2026-07-26,16,159518.SZ|159920.SZ|159928.SZ|159967.SZ|159981.SZ|161226.SZ|501018.SH|513070.SH|513310.SH|513400.SH|513500.SH|515880.SH|518880.SH,2.4664990736444956,0.9063198775498007,initial_swarm,,
rolling_particle_swarm,2026-01-01/2026-06-30,2026-07-01/2026-07-26,17,159509.SZ|159687.SZ|159981.SZ|159985.SZ|161226.SZ|164824.SZ|510210.SH|512170.SH|512980.SH|513070.SH|513080.SH|513120.SH|518880.SH,-0.5982776339306397,0.8150040766128622,initial_swarm,,
rolling_particle_swarm,2026-01-01/2026-06-30,2026-07-01/2026-07-26,18,159825.SZ|159981.SZ|161226.SZ|501018.SH|510880.SH|513120.SH|513290.SH|513310.SH|513730.SH|513750.SH|518880.SH|520870.SH|588220.SH,0.7572838738846477,0.665760968479371,initial_swarm,,
rolling_particle_swarm,2026-01-01/2026-06-30,2026-07-01/2026-07-26,19,159509.SZ|159529.SZ|159611.SZ|159981.SZ|161226.SZ|164824.SZ|501018.SH|512100.SH|513030.SH|513120.SH|513180.SH|515220.SH|518880.SH,-0.7573484345631111,0.7189227787528806,initial_swarm,,
rolling_particle_swarm,2026-01-01/2026-06-30,2026-07-01/2026-07-26,20,159201.SZ|159329.SZ|159509.SZ|159529.SZ|159851.SZ|159920.SZ|159980.SZ|159981.SZ|161226.SZ|513180.SH|515880.SH|518880.SH|520870.SH,0.9622919697122573,0.8614689435973625,initial_swarm,,
rolling_particle_swarm,2026-01-01/2026-06-30,2026-07-01/2026-07-26,21,159529.SZ|159981.SZ|159985.SZ|161226.SZ|164824.SZ|501018.SH|512200.SH|513070.SH|513310.SH|513500.SH|513750.SH|515210.SH|515220.SH,-0.18422068035850594,0.682788708155965,particle,0.0,0.0
rolling_particle_swarm,2026-01-01/2026-06-30,2026-07-01/2026-07-26,22,159329.SZ|159870.SZ|159920.SZ|159980.SZ|159985.SZ|161226.SZ|164824.SZ|510880.SH|513120.SH|513290.SH|513400.SH|516150.SH|518880.SH,-1.0103979186771403,0.7522587312090414,particle,0.0,1.0
rolling_particle_swarm,2026-01-01/2026-06-30,2026-07-01/2026-07-26,23,159611.SZ|159870.SZ|159920.SZ|159980.SZ|159985.SZ|501018.SH|512170.SH|513030.SH|513070.SH|513290.SH|513500.SH|518880.SH|520870.SH,-0.024385100515166458,0.7522587312090414,particle,0.0,2.0
rolling_particle_swarm,2026-01-01/2026-06-30,2026-07-01/2026-07-26,24,159985.SZ|161226.SZ|164824.SZ|501018.SH|510500.SH|512880.SH|513070.SH|513180.SH|513730.SH|513880.SH|516150.SH|518880.SH|520870.SH,-0.16749836404557322,0.8194250055496609,particle,0.0,3.0
rolling_particle_swarm,2026-01-01/2026-06-30,2026-07-01/2026-07-26,25,159329.SZ|159518.SZ|159687.SZ|159865.SZ|159920.SZ|159980.SZ|159981.SZ|159985.SZ|161226.SZ|510500.SH|513310.SH|513750.SH|562500.SH,1.3411615313651803,0.8225381952022786,particle,0.0,4.0
rolling_particle_swarm,2026-01-01/2026-06-30,2026-07-01/2026-07-26,26,159518.SZ|159825.SZ|159980.SZ|159981.SZ|161226.SZ|501018.SH|510500.SH|512800.SH|513070.SH|513100.SH|513120.SH|513290.SH|520870.SH,0.4617737781475994,0.665760968479371,particle,0.0,5.0
rolling_particle_swarm,2026-01-01/2026-06-30,2026-07-01/2026-07-26,27,159518.SZ|159870.SZ|159980.SZ|159985.SZ|501018.SH|512170.SH|513030.SH|513120.SH|513290.SH|513500.SH|513750.SH|518880.SH|588000.SH,0.8838462183946785,0.7522587312090414,particle,0.0,6.0
rolling_particle_swarm,2026-01-01/2026-06-30,2026-07-01/2026-07-26,28,159518.SZ|159852.SZ|159920.SZ|159949.SZ|159981.SZ|161226.SZ|164824.SZ|501018.SH|510300.SH|513290.SH|513310.SH|513750.SH|518880.SH,1.6762221533874049,0.8429576999987001,particle,0.0,7.0
rolling_particle_swarm,2026-01-01/2026-06-30,2026-07-01/2026-07-26,29,159509.SZ|159518.SZ|159920.SZ|159981.SZ|159985.SZ|161226.SZ|510880.SH|512400.SH|512980.SH|513030.SH|513070.SH|513730.SH|518880.SH,-0.9587220953617366,0.7896281396014395,particle,0.0,8.0
rolling_particle_swarm,2026-01-01/2026-06-30,2026-07-01/2026-07-26,30,159796.SZ|159920.SZ|159980.SZ|159985.SZ|161226.SZ|501018.SH|510500.SH|513070.SH|513080.SH|513290.SH|513500.SH|513880.SH|588200.SH,1.0840417409833274,0.7824809592486331,particle,0.0,9.0
rolling_particle_swarm,2026-01-01/2026-06-30,2026-07-01/2026-07-26,31,159529.SZ|159865.SZ|159920.SZ|159980.SZ|159985.SZ|160644.SZ|501018.SH|510210.SH|513070.SH|513080.SH|513500.SH|518880.SH|588220.SH,0.38504945371690447,0.7522587312090414,particle,0.0,10.0
rolling_particle_swarm,2026-01-01/2026-06-30,2026-07-01/2026-07-26,32,159518.SZ|159529.SZ|159920.SZ|159949.SZ|159981.SZ|159985.SZ|501018.SH|510500.SH|512040.SH|513070.SH|513100.SH|513730.SH|518880.SH,0.592786845466464,0.7965634434938876,particle,0.0,11.0
rolling_particle_swarm,2026-01-01/2026-06-30,2026-07-01/2026-07-26,33,159509.SZ|159518.SZ|159687.SZ|159920.SZ|159980.SZ|159985.SZ|161226.SZ|501018.SH|510300.SH|512200.SH|512890.SH|513100.SH|513120.SH,0.8865326592472468,0.8901497039450326,particle,0.0,12.0
rolling_particle_swarm,2026-01-01/2026-06-30,2026-07-01/2026-07-26,34,159825.SZ|159920.SZ|159981.SZ|159985.SZ|161226.SZ|501018.SH|510300.SH|512400.SH|513030.SH|513070.SH|513100.SH|513290.SH|513500.SH,0.8646629576679047,0.8950356736682759,particle,0.0,13.0
rolling_particle_swarm,2026-01-01/2026-06-30,2026-07-01/2026-07-26,35,159865.SZ|159980.SZ|159981.SZ|164824.SZ|501018.SH|512100.SH|512880.SH|513070.SH|513180.SH|513400.SH|513730.SH|513880.SH|518880.SH,-0.03610175368263378,0.7894230253883981,particle,0.0,14.0
rolling_particle_swarm,2026-01-01/2026-06-30,2026-07-01/2026-07-26,36,159518.SZ|159687.SZ|159825.SZ|159920.SZ|159980.SZ|159981.SZ|159985.SZ|510180.SH|510500.SH|513030.SH|513120.SH|513500.SH|518880.SH,0.4266146434674906,0.8224158484146442,particle,0.0,15.0
rolling_particle_swarm,2026-01-01/2026-06-30,2026-07-01/2026-07-26,37,159206.SZ|159329.SZ|159518.SZ|159980.SZ|161226.SZ|164824.SZ|501018.SH|513070.SH|513100.SH|513120.SH|515210.SH|518880.SH|563300.SH,-0.17431261052928304,0.7522587312090414,particle,0.0,16.0
rolling_particle_swarm,2026-01-01/2026-06-30,2026-07-01/2026-07-26,38,159870.SZ|159920.SZ|159981.SZ|159985.SZ|501018.SH|512660.SH|512980.SH|513030.SH|513180.SH|513290.SH|513400.SH|513500.SH|518880.SH,-0.06247017046928534,0.8614689435973625,particle,0.0,17.0
rolling_particle_swarm,2026-01-01/2026-06-30,2026-07-01/2026-07-26,39,159851.SZ|159949.SZ|159980.SZ|159985.SZ|160644.SZ|161226.SZ|164824.SZ|512880.SH|513030.SH|513070.SH|513080.SH|513180.SH|518880.SH,-0.26178040261329383,0.8826043989398089,particle,0.0,18.0
rolling_particle_swarm,2026-01-01/2026-06-30,2026-07-01/2026-07-26,40,159206.SZ|159518.SZ|159967.SZ|159981.SZ|161226.SZ|501018.SH|513180.SH|513290.SH|513310.SH|513400.SH|513750.SH|515790.SH|518880.SH,2.2351871742472316,0.665760968479371,particle,0.0,19.0
rolling_particle_swarm,2026-01-01/2026-06-30,2026-07-01/2026-07-26,41,159920.SZ|159928.SZ|159980.SZ|161226.SZ|501018.SH|510210.SH|513070.SH|513310.SH|513400.SH|513730.SH|518880.SH|520870.SH|588200.SH,0.8665178773789859,0.7894230253883981,particle,1.0,0.0
rolling_particle_swarm,2026-01-01/2026-06-30,2026-07-01/2026-07-26,42,159509.SZ|159518.SZ|159851.SZ|159967.SZ|159980.SZ|159981.SZ|161226.SZ|501018.SH|510880.SH|513070.SH|513120.SH|513400.SH|513500.SH,0.9502298988070124,0.8077971362532227,particle,1.0,1.0
rolling_particle_swarm,2026-01-01/2026-06-30,2026-07-01/2026-07-26,43,159509.SZ|159518.SZ|159852.SZ|159865.SZ|159920.SZ|159967.SZ|159981.SZ|161226.SZ|501018.SH|513310.SH|513500.SH|513750.SH|518880.SH,2.7173504412922345,0.8225381952022786,particle,1.0,2.0
rolling_particle_swarm,2026-01-01/2026-06-30,2026-07-01/2026-07-26,44,159518.SZ|159796.SZ|159915.SZ|159920.SZ|159980.SZ|159981.SZ|160644.SZ|161226.SZ|513100.SH|513500.SH|513750.SH|518880.SH|588200.SH,0.7604304121179536,0.8950356736682759,particle,1.0,3.0
rolling_particle_swarm,2026-01-01/2026-06-30,2026-07-01/2026-07-26,45,159329.SZ|159509.SZ|159869.SZ|159920.SZ|159980.SZ|159981.SZ|161226.SZ|510050.SH|513500.SH|513730.SH|513750.SH|515880.SH|518880.SH,-0.0567104931294724,0.8225381952022786,particle,1.0,4.0
rolling_particle_swarm,2026-01-01/2026-06-30,2026-07-01/2026-07-26,46,159518.SZ|159865.SZ|159981.SZ|159985.SZ|501018.SH|512100.SH|512980.SH|513080.SH|513180.SH|513290.SH|513730.SH|513750.SH|518880.SH,-0.7092974108626774,0.7085016519453052,particle,1.0,5.0
rolling_particle_swarm,2026-01-01/2026-06-30,2026-07-01/2026-07-26,47,159509.SZ|159518.SZ|159529.SZ|159611.SZ|159920.SZ|159928.SZ|159981.SZ|159985.SZ|160644.SZ|501018.SH|513120.SH|518880.SH|588220.SH,0.6523986556836051,0.6755348862101989,particle,1.0,6.0
rolling_particle_swarm,2026-01-01/2026-06-30,2026-07-01/2026-07-26,48,159529.SZ|159869.SZ|159920.SZ|159967.SZ|159980.SZ|159985.SZ|501018.SH|512170.SH|513180.SH|513400.SH|513500.SH|518880.SH|520870.SH,1.078109299305778,0.8614689435973625,particle,1.0,7.0
rolling_particle_swarm,2026-01-01/2026-06-30,2026-07-01/2026-07-26,49,159518.SZ|159796.SZ|159980.SZ|159981.SZ|160644.SZ|501018.SH|510300.SH|512100.SH|513120.SH|513400.SH|513500.SH|513750.SH|518880.SH,0.031607168748817395,0.7969182536294548,particle,1.0,8.0
rolling_particle_swarm,2026-01-01/2026-06-30,2026-07-01/2026-07-26,50,159201.SZ|159329.SZ|159509.SZ|159529.SZ|159920.SZ|159980.SZ|159981.SZ|501018.SH|512170.SH|512400.SH|513120.SH|513730.SH|518880.SH,-0.2996858061415502,0.7853008816338695,particle,1.0,9.0
rolling_particle_swarm,2026-01-01/2026-06-30,2026-07-01/2026-07-26,51,159329.SZ|159901.SZ|159920.SZ|159981.SZ|159985.SZ|501018.SH|513070.SH|513100.SH|513310.SH|513500.SH|518880.SH|588200.SH|588220.SH,2.7652052786909542,0.8962680546181492,particle,1.0,10.0
rolling_particle_swarm,2026-01-01/2026-06-30,2026-07-01/2026-07-26,52,159329.SZ|159869.SZ|159980.SZ|159985.SZ|161226.SZ|512100.SH|513070.SH|513080.SH|513100.SH|513750.SH|513880.SH|518880.SH|588000.SH,0.011898657503807359,0.8137662027812319,particle,1.0,11.0
rolling_particle_swarm,2026-01-01/2026-06-30,2026-07-01/2026-07-26,53,159509.SZ|159611.SZ|159852.SZ|159928.SZ|159981.SZ|159985.SZ|501018.SH|513120.SH|513310.SH|513400.SH|513500.SH|513750.SH|518880.SH,0.7858564301005145,0.8077971362532227,particle,1.0,12.0
rolling_particle_swarm,2026-01-01/2026-06-30,2026-07-01/2026-07-26,54,159518.SZ|159529.SZ|159766.SZ|159796.SZ|159901.SZ|159920.SZ|159980.SZ|159985.SZ|161226.SZ|513500.SH|513750.SH|513880.SH|518880.SH,0.09918009661174247,0.8225381952022786,particle,1.0,13.0
rolling_particle_swarm,2026-01-01/2026-06-30,2026-07-01/2026-07-26,55,159209.SZ|159687.SZ|159920.SZ|159980.SZ|159981.SZ|161226.SZ|501018.SH|512100.SH|512890.SH|513080.SH|513310.SH|513500.SH|513750.SH,0.6854747902167876,0.8225381952022786,particle,1.0,14.0
rolling_particle_swarm,2026-01-01/2026-06-30,2026-07-01/2026-07-26,56,159329.SZ|159915.SZ|159920.SZ|159981.SZ|161226.SZ|164824.SZ|501018.SH|510500.SH|513180.SH|513310.SH|513500.SH|516150.SH|518880.SH,0.9622931803932377,0.8614689435973625,particle,1.0,15.0
rolling_particle_swarm,2026-01-01/2026-06-30,2026-07-01/2026-07-26,57,159329.SZ|159509.SZ|159981.SZ|161226.SZ|501018.SH|510210.SH|512170.SH|513120.SH|513180.SH|513310.SH|513730.SH|516150.SH|518880.SH,0.5834380317521356,0.75732479050478,particle,1.0,16.0
rolling_particle_swarm,2026-01-01/2026-06-30,2026-07-01/2026-07-26,58,159329.SZ|159766.SZ|159928.SZ|159980.SZ|159985.SZ|160644.SZ|161226.SZ|512980.SH|513070.SH|513080.SH|513500.SH|513750.SH|518880.SH,-0.3959624624498708,0.7522587312090414,particle,1.0,17.0
rolling_particle_swarm,2026-01-01/2026-06-30,2026-07-01/2026-07-26,59,159209.SZ|159920.SZ|159981.SZ|161226.SZ|501018.SH|510210.SH|513070.SH|513500.SH|513730.SH|513880.SH|518880.SH|520870.SH|588000.SH,0.3663130406642139,0.7824809592486331,particle,1.0,18.0
rolling_particle_swarm,2026-01-01/2026-06-30,2026-07-01/2026-07-26,60,159329.SZ|159687.SZ|159920.SZ|159980.SZ|159985.SZ|161226.SZ|512170.SH|513070.SH|513100.SH|513400.SH|515220.SH|516150.SH|518880.SH,-1.1489468124302475,0.8329328713285479,particle,1.0,19.0
rolling_particle_swarm,2026-01-01/2026-06-30,2026-07-01/2026-07-26,61,159329.SZ|159852.SZ|159981.SZ|159985.SZ|160644.SZ|501018.SH|510180.SH|510500.SH|513120.SH|513180.SH|513290.SH|513880.SH|518880.SH,1.1226655253904387,0.8224158484146442,particle,2.0,0.0
rolling_particle_swarm,2026-01-01/2026-06-30,2026-07-01/2026-07-26,62,159518.SZ|159852.SZ|159980.SZ|159981.SZ|160644.SZ|161226.SZ|512200.SH|513030.SH|513070.SH|513100.SH|513120.SH|515880.SH|518880.SH,0.4037137590197178,0.7522587312090414,particle,2.0,1.0
rolling_particle_swarm,2026-01-01/2026-06-30,2026-07-01/2026-07-26,63,159509.SZ|159901.SZ|159981.SZ|159985.SZ|161226.SZ|164824.SZ|501018.SH|512400.SH|513070.SH|513180.SH|513310.SH|515220.SH|520870.SH,0.71458810103561,0.7047547740338291,particle,2.0,2.0
rolling_particle_swarm,2026-01-01/2026-06-30,2026-07-01/2026-07-26,64,159518.SZ|159852.SZ|159870.SZ|159920.SZ|159981.SZ|159985.SZ|160644.SZ|161226.SZ|501018.SH|513070.SH|513080.SH|513310.SH|515790.SH,0.1453868650698297,0.7170096681479771,particle,2.0,3.0
rolling_particle_swarm,2026-01-01/2026-06-30,2026-07-01/2026-07-26,65,159949.SZ|159981.SZ|159985.SZ|161226.SZ|164824.SZ|501018.SH|512880.SH|513070.SH|513180.SH|513310.SH|513400.SH|513880.SH|515210.SH,1.6079353476214602,0.7328446319951737,particle,2.0,4.0
rolling_particle_swarm,2026-01-01/2026-06-30,2026-07-01/2026-07-26,66,159329.SZ|159920.SZ|159980.SZ|159981.SZ|161226.SZ|501018.SH|510050.SH|510500.SH|513030.SH|513070.SH|513080.SH|513500.SH|563300.SH,-0.387670514945182,0.8913178076684735,particle,2.0,5.0
rolling_particle_swarm,2026-01-01/2026-06-30,2026-07-01/2026-07-26,67,159865.SZ|159980.SZ|159985.SZ|161226.SZ|501018.SH|512170.SH|513080.SH|513100.SH|513120.SH|513180.SH|513400.SH|513500.SH|588000.SH,0.7888463534126802,0.8950356736682759,particle,2.0,6.0
rolling_particle_swarm,2026-01-01/2026-06-30,2026-07-01/2026-07-26,68,159329.SZ|159509.SZ|159825.SZ|159920.SZ|159949.SZ|159980.SZ|159981.SZ|159985.SZ|512200.SH|513070.SH|513080.SH|513100.SH|518880.SH,0.4620864734622974,0.8901497039450326,particle,2.0,7.0
rolling_particle_swarm,2026-01-01/2026-06-30,2026-07-01/2026-07-26,69,159329.SZ|159915.SZ|159920.SZ|159928.SZ|159980.SZ|159981.SZ|159985.SZ|513070.SH|513310.SH|513500.SH|513730.SH|518880.SH|588220.SH,0.6009026834422543,0.7830171688104679,particle,2.0,8.0
rolling_particle_swarm,2026-01-01/2026-06-30,2026-07-01/2026-07-26,70,159687.SZ|159985.SZ|161226.SZ|501018.SH|510880.SH|512040.SH|513070.SH|513120.SH|513290.SH|513310.SH|513500.SH|518880.SH|588000.SH,2.060291021673079,0.7933520712600858,particle,2.0,9.0
rolling_particle_swarm,2026-01-01/2026-06-30,2026-07-01/2026-07-26,71,159209.SZ|159326.SZ|159518.SZ|159529.SZ|159980.SZ|159981.SZ|161226.SZ|501018.SH|513180.SH|513290.SH|513400.SH|513750.SH|515880.SH,1.8367119694972083,0.665760968479371,particle,2.0,10.0
rolling_particle_swarm,2026-01-01/2026-06-30,2026-07-01/2026-07-26,72,159687.SZ|159865.SZ|159920.SZ|159981.SZ|159985.SZ|160644.SZ|501018.SH|510210.SH|513120.SH|513310.SH|513500.SH|515880.SH|518880.SH,2.192626772666888,0.7933520712600858,particle,2.0,11.0
rolling_particle_swarm,2026-01-01/2026-06-30,2026-07-01/2026-07-26,73,159209.SZ|159329.SZ|159518.SZ|159687.SZ|159865.SZ|159980.SZ|159981.SZ|159985.SZ|510300.SH|513070.SH|513100.SH|513180.SH|518880.SH,0.40527575572071967,0.8329328713285479,particle,2.0,12.0
rolling_particle_swarm,2026-01-01/2026-06-30,2026-07-01/2026-07-26,74,159865.SZ|159981.SZ|159985.SZ|161226.SZ|501018.SH|510050.SH|512040.SH|513030.SH|513100.SH|513180.SH|513310.SH|513750.SH|513880.SH,1.1591946315979265,0.8137662027812319,particle,2.0,13.0
rolling_particle_swarm,2026-01-01/2026-06-30,2026-07-01/2026-07-26,75,159329.SZ|159901.SZ|159920.SZ|159985.SZ|161226.SZ|501018.SH|513030.SH|513070.SH|513310.SH|513400.SH|515210.SH|518880.SH|562500.SH,1.0594476730657316,0.7904299779342615,particle,2.0,14.0
rolling_particle_swarm,2026-01-01/2026-06-30,2026-07-01/2026-07-26,76,159509.SZ|159981.SZ|159985.SZ|161226.SZ|501018.SH|510180.SH|512880.SH|513080.SH|513120.SH|513310.SH|513750.SH|520870.SH|588000.SH,2.375475390959824,0.7108899473059691,particle,2.0,15.0
rolling_particle_swarm,2026-01-01/2026-06-30,2026-07-01/2026-07-26,77,159509.SZ|159518.SZ|159687.SZ|159920.SZ|159949.SZ|159981.SZ|159985.SZ|501018.SH|512170.SH|513180.SH|515880.SH|518880.SH|520870.SH,1.5849097687756537,0.8764264291672599,particle,2.0,16.0
rolling_particle_swarm,2026-01-01/2026-06-30,2026-07-01/2026-07-26,78,159687.SZ|159869.SZ|159980.SZ|159981.SZ|161226.SZ|501018.SH|513070.SH|513120.SH|513310.SH|513730.SH|515790.SH|520870.SH|562500.SH,0.2665730343316037,0.7732687430007159,particle,2.0,17.0
rolling_particle_swarm,2026-01-01/2026-06-30,2026-07-01/2026-07-26,79,159329.SZ|159529.SZ|159611.SZ|159687.SZ|159901.SZ|159985.SZ|161226.SZ|501018.SH|513070.SH|513180.SH|513310.SH|518880.SH|563300.SH,1.8759705206719424,0.7181746811285044,particle,2.0,18.0
rolling_particle_swarm,2026-01-01/2026-06-30,2026-07-01/2026-07-26,80,159518.SZ|159967.SZ|159981.SZ|159985.SZ|161226.SZ|513080.SH|513120.SH|513290.SH|513310.SH|513750.SH|515210.SH|518880.SH|562500.SH,1.7506164663388377,0.6360380900570977,particle,2.0,19.0
rolling_particle_swarm,2026-01-01/2026-06-30,2026-07-01/2026-07-26,81,159870.SZ|159920.SZ|159928.SZ|159981.SZ|159985.SZ|161226.SZ|164824.SZ|512980.SH|513030.SH|513180.SH|513400.SH|518880.SH|520870.SH,-1.585836199806261,0.8614689435973625,particle,3.0,0.0
rolling_particle_swarm,2026-01-01/2026-06-30,2026-07-01/2026-07-26,82,159509.SZ|159920.SZ|159981.SZ|159985.SZ|161226.SZ|164824.SZ|501018.SH|510210.SH|512880.SH|512980.SH|513080.SH|513120.SH|513310.SH,1.4266398173834227,0.7047547740338291,particle,3.0,1.0
rolling_particle_swarm,2026-01-01/2026-06-30,2026-07-01/2026-07-26,83,159329.SZ|159920.SZ|159985.SZ|161226.SZ|501018.SH|510180.SH|512200.SH|512800.SH|513120.SH|513500.SH|513730.SH|513880.SH|518880.SH,-0.2830620441412396,0.7824809592486331,particle,3.0,2.0
rolling_particle_swarm,2026-01-01/2026-06-30,2026-07-01/2026-07-26,84,159329.SZ|159509.SZ|159529.SZ|159870.SZ|159981.SZ|159985.SZ|161226.SZ|512660.SH|513180.SH|513500.SH|513750.SH|518880.SH|588220.SH,0.8385215800874869,0.8077971362532227,particle,3.0,3.0
rolling_particle_swarm,2026-01-01/2026-06-30,2026-07-01/2026-07-26,85,159611.SZ|159901.SZ|159928.SZ|159980.SZ|159985.SZ|161226.SZ|513070.SH|513100.SH|513120.SH|513290.SH|513500.SH|518880.SH|520870.SH,1.6458204301291606,0.8950356736682759,particle,3.0,4.0
rolling_particle_swarm,2026-01-01/2026-06-30,2026-07-01/2026-07-26,86,159687.SZ|159920.SZ|159967.SZ|159981.SZ|159985.SZ|161226.SZ|501018.SH|513100.SH|513120.SH|513880.SH|516150.SH|520870.SH|563300.SH,1.9860438395796962,0.8411201594101444,particle,3.0,5.0
rolling_particle_swarm,2026-01-01/2026-06-30,2026-07-01/2026-07-26,87,159687.SZ|159869.SZ|159980.SZ|159985.SZ|501018.SH|510500.SH|512400.SH|513120.SH|513290.SH|513310.SH|513750.SH|513880.SH|518880.SH,1.946352301349365,0.8411201594101444,particle,3.0,6.0
rolling_particle_swarm,2026-01-01/2026-06-30,2026-07-01/2026-07-26,88,159766.SZ|159967.SZ|159981.SZ|159985.SZ|160644.SZ|161226.SZ|512200.SH|513080.SH|513180.SH|513310.SH|513750.SH|513880.SH|518880.SH,1.9179471356835276,0.6628792346291178,particle,3.0,7.0
rolling_particle_swarm,2026-01-01/2026-06-30,2026-07-01/2026-07-26,89,159329.SZ|159851.SZ|159865.SZ|159980.SZ|159981.SZ|159985.SZ|161226.SZ|513070.SH|513080.SH|513100.SH|513180.SH|513400.SH|515880.SH,0.984863187744561,0.7335372127078846,particle,3.0,8.0
rolling_particle_swarm,2026-01-01/2026-06-30,2026-07-01/2026-07-26,90,159518.SZ|159870.SZ|159920.SZ|159980.SZ|159981.SZ|159985.SZ|161226.SZ|164824.SZ|510210.SH|512890.SH|513100.SH|513500.SH|513750.SH,0.3161167596398662,0.8950356736682759,particle,3.0,9.0
rolling_particle_swarm,2026-01-01/2026-06-30,2026-07-01/2026-07-26,91,159529.SZ|159796.SZ|159920.SZ|159981.SZ|161226.SZ|501018.SH|512400.SH|513030.SH|513100.SH|513120.SH|513500.SH|518880.SH|588200.SH,1.2504236303311738,0.8950356736682759,particle,3.0,10.0
rolling_particle_swarm,2026-01-01/2026-06-30,2026-07-01/2026-07-26,92,159201.SZ|159329.SZ|159518.SZ|159852.SZ|159920.SZ|159985.SZ|161226.SZ|164824.SZ|501018.SH|513070.SH|513080.SH|518880.SH|563300.SH,-0.445985870940478,0.7170096681479771,particle,3.0,11.0
rolling_particle_swarm,2026-01-01/2026-06-30,2026-07-01/2026-07-26,93,159329.SZ|159825.SZ|159915.SZ|159920.SZ|159980.SZ|159985.SZ|161226.SZ|501018.SH|512200.SH|513100.SH|513290.SH|513730.SH|513750.SH,0.725794747510666,0.8225381952022786,particle,3.0,12.0
rolling_particle_swarm,2026-01-01/2026-06-30,2026-07-01/2026-07-26,94,159326.SZ|159518.SZ|159687.SZ|159981.SZ|159985.SZ|160644.SZ|501018.SH|510050.SH|512880.SH|513070.SH|513120.SH|513400.SH|518880.SH,0.41403306280747293,0.7405505793270972,particle,3.0,13.0
rolling_particle_swarm,2026-01-01/2026-06-30,2026-07-01/2026-07-26,95,159329.SZ|159980.SZ|161226.SZ|164824.SZ|501018.SH|510050.SH|512400.SH|512890.SH|513070.SH|513120.SH|513500.SH|518880.SH|520870.SH,-0.26605815485769735,0.7522587312090414,particle,3.0,14.0
rolling_particle_swarm,2026-01-01/2026-06-30,2026-07-01/2026-07-26,96,159518.SZ|159529.SZ|159851.SZ|159920.SZ|159980.SZ|159985.SZ|161226.SZ|513070.SH|513310.SH|513400.SH|515220.SH|515880.SH|518880.SH,1.0037272598614182,0.7522587312090414,particle,3.0,15.0
rolling_particle_swarm,2026-01-01/2026-06-30,2026-07-01/2026-07-26,97,159329.SZ|159796.SZ|159920.SZ|159980.SZ|159981.SZ|159985.SZ|161226.SZ|512200.SH|512880.SH|513310.SH|513400.SH|513750.SH|513880.SH,1.4262978035023262,0.8225381952022786,particle,3.0,16.0
rolling_particle_swarm,2026-01-01/2026-06-30,2026-07-01/2026-07-26,98,159329.SZ|159981.SZ|159985.SZ|501018.SH|510050.SH|513180.SH|513310.SH|513730.SH|513750.SH|513880.SH|515220.SH|518880.SH|563300.SH,0.13498768682735937,0.7609825374948022,particle,3.0,17.0
rolling_particle_swarm,2026-01-01/2026-06-30,2026-07-01/2026-07-26,99,159326.SZ|159518.SZ|159687.SZ|159981.SZ|159985.SZ|161226.SZ|510880.SH|512890.SH|513070.SH|513180.SH|513400.SH|513500.SH|518880.SH,-0.20942498531240789,0.7933520712600858,particle,3.0,18.0
rolling_particle_swarm,2026-01-01/2026-06-30,2026-07-01/2026-07-26,100,159329.SZ|159852.SZ|159915.SZ|159920.SZ|159981.SZ|159985.SZ|501018.SH|510300.SH|513100.SH|513120.SH|513290.SH|518880.SH|520870.SH,0.7309340891935219,0.8569884894851404,particle,3.0,19.0
