method,training_period,holding_period,code,eligible,mean_included_sharpe,included_count,excluded_count,excluded_mean_sharpe,rank,group,selected
rolling_mean_inclusion,2021-07-01/2021-12-31,2022-01-01/2022-06-30,512880.SH,True,0.20993518287933646,7,93,-0.545347470546721,1,a_share,True
rolling_mean_inclusion,2021-07-01/2021-12-31,2022-01-01/2022-06-30,159949.SZ,True,0.10910675632945925,3,97,-0.5110833891719389,2,a_share,True
rolling_mean_inclusion,2021-07-01/2021-12-31,2022-01-01/2022-06-30,512100.SH,True,0.05034949573694144,6,94,-0.5271262282458653,3,a_share,True
rolling_mean_inclusion,2021-07-01/2021-12-31,2022-01-01/2022-06-30,159869.SZ,True,-0.004962415388784762,12,88,-0.5589570397275486,4,a_share,False
rolling_mean_inclusion,2021-07-01/2021-12-31,2022-01-01/2022-06-30,515220.SH,True,-0.06850046021870734,2,98,-0.501130281227064,5,a_share,False
rolling_mean_inclusion,2021-07-01/2021-12-31,2022-01-01/2022-06-30,510300.SH,True,-0.1440847238232602,5,95,-0.5108141564376146,6,a_share,False
rolling_mean_inclusion,2021-07-01/2021-12-31,2022-01-01/2022-06-30,510880.SH,True,-0.23977037124771514,9,91,-0.5174707158182446,7,a_share,False
rolling_mean_inclusion,2021-07-01/2021-12-31,2022-01-01/2022-06-30,515210.SH,True,-0.25141035661661704,7,93,-0.5106225374663804,8,a_share,False
rolling_mean_inclusion,2021-07-01/2021-12-31,2022-01-01/2022-06-30,588000.SH,True,-0.28246156903764436,12,88,-0.5211162460481588,9,a_share,False
rolling_mean_inclusion,2021-07-01/2021-12-31,2022-01-01/2022-06-30,159981.SZ,True,-0.3062003408398263,69,31,-0.9070949987981187,10,commodity,True
rolling_mean_inclusion,2021-07-01/2021-12-31,2022-01-01/2022-06-30,159915.SZ,True,-0.316143608932957,5,95,-0.5017584256423675,11,a_share,False
rolling_mean_inclusion,2021-07-01/2021-12-31,2022-01-01/2022-06-30,510210.SH,True,-0.3366016568870092,15,85,-0.5199852191457006,12,a_share,False
rolling_mean_inclusion,2021-07-01/2021-12-31,2022-01-01/2022-06-30,515880.SH,True,-0.355603896096669,11,89,-0.5093946699283858,13,a_share,False
rolling_mean_inclusion,2021-07-01/2021-12-31,2022-01-01/2022-06-30,164824.SZ,True,-0.36225346129425784,66,34,-0.7452658833902553,14,global,True
rolling_mean_inclusion,2021-07-01/2021-12-31,2022-01-01/2022-06-30,513100.SH,True,-0.3649155372668663,46,54,-0.6011417364150711,15,global,True
rolling_mean_inclusion,2021-07-01/2021-12-31,2022-01-01/2022-06-30,510500.SH,True,-0.366646890334303,12,88,-0.5096364295077053,16,a_share,False
rolling_mean_inclusion,2021-07-01/2021-12-31,2022-01-01/2022-06-30,510050.SH,True,-0.38106109488842604,9,91,-0.5034969079856467,17,a_share,False
rolling_mean_inclusion,2021-07-01/2021-12-31,2022-01-01/2022-06-30,512040.SH,True,-0.39602970876350096,9,91,-0.5020164956243756,18,a_share,False
rolling_mean_inclusion,2021-07-01/2021-12-31,2022-01-01/2022-06-30,512890.SH,True,-0.41457381645262853,6,94,-0.49745027214865867,19,a_share,False
rolling_mean_inclusion,2021-07-01/2021-12-31,2022-01-01/2022-06-30,515790.SH,True,-0.41482683696852196,11,89,-0.5020749806071456,20,a_share,False
rolling_mean_inclusion,2021-07-01/2021-12-31,2022-01-01/2022-06-30,501018.SH,True,-0.437043538834191,69,31,-0.6158633645525975,21,commodity,True
rolling_mean_inclusion,2021-07-01/2021-12-31,2022-01-01/2022-06-30,512660.SH,True,-0.4654251268072782,6,94,-0.4942044438281492,22,a_share,False
rolling_mean_inclusion,2021-07-01/2021-12-31,2022-01-01/2022-06-30,159980.SZ,True,-0.4770875050677979,62,38,-0.5175879780654271,23,commodity,True
rolling_mean_inclusion,2021-07-01/2021-12-31,2022-01-01/2022-06-30,159928.SZ,True,-0.4848568817223106,7,93,-0.49305129364122063,24,a_share,False
rolling_mean_inclusion,2021-07-01/2021-12-31,2022-01-01/2022-06-30,513500.SH,True,-0.4911354425768833,61,39,-0.4945770893205083,25,global,True
rolling_mean_inclusion,2021-07-01/2021-12-31,2022-01-01/2022-06-30,159985.SZ,True,-0.491258809341904,68,32,-0.49506779517000676,26,commodity,True
rolling_mean_inclusion,2021-07-01/2021-12-31,2022-01-01/2022-06-30,159920.SZ,True,-0.49247768480689685,100,0,,27,hong_kong,True
rolling_mean_inclusion,2021-07-01/2021-12-31,2022-01-01/2022-06-30,513180.SH,True,-0.49247768480689685,100,0,,28,hong_kong,True
rolling_mean_inclusion,2021-07-01/2021-12-31,2022-01-01/2022-06-30,512200.SH,True,-0.49252033685357427,11,89,-0.49247241320562224,29,a_share,False
rolling_mean_inclusion,2021-07-01/2021-12-31,2022-01-01/2022-06-30,160644.SZ,True,-0.5217348725787585,55,45,-0.45671889975239943,30,global,True
rolling_mean_inclusion,2021-07-01/2021-12-31,2022-01-01/2022-06-30,161226.SZ,True,-0.5219841279390592,73,27,-0.41270100522734693,31,commodity,False
rolling_mean_inclusion,2021-07-01/2021-12-31,2022-01-01/2022-06-30,510180.SH,True,-0.5226303923742944,9,91,-0.48949554889363783,32,a_share,False
rolling_mean_inclusion,2021-07-01/2021-12-31,2022-01-01/2022-06-30,513030.SH,True,-0.536993092958069,64,36,-0.4133391814270355,33,global,False
rolling_mean_inclusion,2021-07-01/2021-12-31,2022-01-01/2022-06-30,512980.SH,True,-0.5601642051125575,7,93,-0.4873830004828148,34,a_share,False
rolling_mean_inclusion,2021-07-01/2021-12-31,2022-01-01/2022-06-30,513080.SH,True,-0.5681871324865786,51,49,-0.4136780555892692,35,global,False
rolling_mean_inclusion,2021-07-01/2021-12-31,2022-01-01/2022-06-30,513880.SH,True,-0.6016920889106736,57,43,-0.34770510262282095,36,global,False
rolling_mean_inclusion,2021-07-01/2021-12-31,2022-01-01/2022-06-30,159825.SZ,True,-0.645551351404666,9,91,-0.4773385309675571,37,a_share,False
rolling_mean_inclusion,2021-07-01/2021-12-31,2022-01-01/2022-06-30,159870.SZ,True,-0.6905177236384292,13,87,-0.4628854950964381,38,a_share,False
rolling_mean_inclusion,2021-07-01/2021-12-31,2022-01-01/2022-06-30,159967.SZ,True,-0.71717265933465,14,86,-0.4558994331395883,39,a_share,False
rolling_mean_inclusion,2021-07-01/2021-12-31,2022-01-01/2022-06-30,512170.SH,True,-0.7396305463860081,11,89,-0.46193070191509666,40,a_share,False
rolling_mean_inclusion,2021-07-01/2021-12-31,2022-01-01/2022-06-30,159851.SZ,True,-0.755045352071001,7,93,-0.4727145270558353,41,a_share,False
rolling_mean_inclusion,2021-07-01/2021-12-31,2022-01-01/2022-06-30,518880.SH,True,-0.7562267887499546,59,41,-0.1129362913278628,42,commodity,False
rolling_mean_inclusion,2021-07-01/2021-12-31,2022-01-01/2022-06-30,516150.SH,True,-0.7566406414476845,7,93,-0.4725944515113536,43,a_share,False
rolling_mean_inclusion,2021-07-01/2021-12-31,2022-01-01/2022-06-30,512400.SH,True,-0.7832495093867367,10,90,-0.4601697042980258,44,a_share,False
rolling_mean_inclusion,2021-07-01/2021-12-31,2022-01-01/2022-06-30,159901.SZ,True,-0.7940482676003554,9,91,-0.46265202277237905,45,a_share,False
rolling_mean_inclusion,2021-07-01/2021-12-31,2022-01-01/2022-06-30,159865.SZ,True,-0.8383329935167034,8,92,-0.46240331013647895,46,a_share,False
rolling_mean_inclusion,2021-07-01/2021-12-31,2022-01-01/2022-06-30,159852.SZ,True,-0.8756097413728846,9,91,-0.45458550338828274,47,a_share,False
rolling_mean_inclusion,2021-07-01/2021-12-31,2022-01-01/2022-06-30,159766.SZ,True,-0.8760756492654135,11,89,-0.44506670043561963,48,a_share,False
rolling_mean_inclusion,2021-07-01/2021-12-31,2022-01-01/2022-06-30,512800.SH,True,-0.8777809420460997,11,89,-0.44485593391216405,49,a_share,False
rolling_mean_inclusion,2021-07-01/2021-12-31,2022-01-01/2022-06-30,159201.SZ,False,,0,100,-0.49247768480689685,,a_share,False
rolling_mean_inclusion,2021-07-01/2021-12-31,2022-01-01/2022-06-30,159206.SZ,False,,0,100,-0.49247768480689685,,a_share,False
rolling_mean_inclusion,2021-07-01/2021-12-31,2022-01-01/2022-06-30,159209.SZ,False,,0,100,-0.49247768480689685,,a_share,False
rolling_mean_inclusion,2021-07-01/2021-12-31,2022-01-01/2022-06-30,159326.SZ,False,,0,100,-0.49247768480689685,,a_share,False
rolling_mean_inclusion,2021-07-01/2021-12-31,2022-01-01/2022-06-30,159329.SZ,False,,0,100,-0.49247768480689685,,global,False
rolling_mean_inclusion,2021-07-01/2021-12-31,2022-01-01/2022-06-30,159509.SZ,False,,0,100,-0.49247768480689685,,global,False
rolling_mean_inclusion,2021-07-01/2021-12-31,2022-01-01/2022-06-30,159518.SZ,False,,0,100,-0.49247768480689685,,global,False
rolling_mean_inclusion,2021-07-01/2021-12-31,2022-01-01/2022-06-30,159529.SZ,False,,0,100,-0.49247768480689685,,global,False
rolling_mean_inclusion,2021-07-01/2021-12-31,2022-01-01/2022-06-30,159611.SZ,False,,0,100,-0.49247768480689685,,a_share,False
rolling_mean_inclusion,2021-07-01/2021-12-31,2022-01-01/2022-06-30,159687.SZ,False,,0,100,-0.49247768480689685,,global,False
rolling_mean_inclusion,2021-07-01/2021-12-31,2022-01-01/2022-06-30,159796.SZ,False,,0,100,-0.49247768480689685,,a_share,False
rolling_mean_inclusion,2021-07-01/2021-12-31,2022-01-01/2022-06-30,513070.SH,False,,0,100,-0.49247768480689685,,hong_kong,False
rolling_mean_inclusion,2021-07-01/2021-12-31,2022-01-01/2022-06-30,513120.SH,False,,0,100,-0.49247768480689685,,hong_kong,False
rolling_mean_inclusion,2021-07-01/2021-12-31,2022-01-01/2022-06-30,513290.SH,False,,0,100,-0.49247768480689685,,global,False
rolling_mean_inclusion,2021-07-01/2021-12-31,2022-01-01/2022-06-30,513310.SH,False,,0,100,-0.49247768480689685,,global,False
rolling_mean_inclusion,2021-07-01/2021-12-31,2022-01-01/2022-06-30,513400.SH,False,,0,100,-0.49247768480689685,,global,False
rolling_mean_inclusion,2021-07-01/2021-12-31,2022-01-01/2022-06-30,513730.SH,False,,0,100,-0.49247768480689685,,global,False
rolling_mean_inclusion,2021-07-01/2021-12-31,2022-01-01/2022-06-30,513750.SH,False,,0,100,-0.49247768480689685,,hong_kong,False
rolling_mean_inclusion,2021-07-01/2021-12-31,2022-01-01/2022-06-30,520870.SH,False,,0,100,-0.49247768480689685,,global,False
rolling_mean_inclusion,2021-07-01/2021-12-31,2022-01-01/2022-06-30,562500.SH,False,,0,100,-0.49247768480689685,,a_share,False
rolling_mean_inclusion,2021-07-01/2021-12-31,2022-01-01/2022-06-30,563300.SH,False,,0,100,-0.49247768480689685,,a_share,False
rolling_mean_inclusion,2021-07-01/2021-12-31,2022-01-01/2022-06-30,588200.SH,False,,0,100,-0.49247768480689685,,a_share,False
rolling_mean_inclusion,2021-07-01/2021-12-31,2022-01-01/2022-06-30,588220.SH,False,,0,100,-0.49247768480689685,,a_share,False
rolling_mean_inclusion,2022-01-01/2022-06-30,2022-07-01/2022-12-31,562500.SH,True,0.7210619013193282,8,92,0.008408771464188258,1,a_share,True
rolling_mean_inclusion,2022-01-01/2022-06-30,2022-07-01/2022-12-31,159870.SZ,True,0.38271660798967944,8,92,0.03783010131894033,2,a_share,True
rolling_mean_inclusion,2022-01-01/2022-06-30,2022-07-01/2022-12-31,515790.SH,True,0.32524299102247156,10,90,0.03655191416705812,3,a_share,True
rolling_mean_inclusion,2022-01-01/2022-06-30,2022-07-01/2022-12-31,510210.SH,True,0.30172679917339784,6,94,0.05033767436403787,4,a_share,False
rolling_mean_inclusion,2022-01-01/2022-06-30,2022-07-01/2022-12-31,159796.SZ,True,0.29177646624117387,7,93,0.0483835152857175,5,a_share,False
rolling_mean_inclusion,2022-01-01/2022-06-30,2022-07-01/2022-12-31,159852.SZ,True,0.27559230504821064,7,93,0.049601677956155596,6,a_share,False
rolling_mean_inclusion,2022-01-01/2022-06-30,2022-07-01/2022-12-31,515880.SH,True,0.25333507640454517,7,93,0.051276953230409976,7,a_share,False
rolling_mean_inclusion,2022-01-01/2022-06-30,2022-07-01/2022-12-31,159611.SZ,True,0.2470075582474674,10,90,0.04524474003094745,8,a_share,False
rolling_mean_inclusion,2022-01-01/2022-06-30,2022-07-01/2022-12-31,510050.SH,True,0.2430948995842153,12,88,0.04119276579828821,9,a_share,False
rolling_mean_inclusion,2022-01-01/2022-06-30,2022-07-01/2022-12-31,501018.SH,True,0.2268708983118928,69,31,-0.2939351547826019,10,commodity,True
rolling_mean_inclusion,2022-01-01/2022-06-30,2022-07-01/2022-12-31,510180.SH,True,0.2257709650385778,8,92,0.0514775485320796,11,a_share,False
rolling_mean_inclusion,2022-01-01/2022-06-30,2022-07-01/2022-12-31,513180.SH,True,0.2118866049740691,52,48,-0.09325002652899265,12,hong_kong,True
rolling_mean_inclusion,2022-01-01/2022-06-30,2022-07-01/2022-12-31,515210.SH,True,0.2077130884110688,5,95,0.057931965717943165,13,a_share,False
rolling_mean_inclusion,2022-01-01/2022-06-30,2022-07-01/2022-12-31,512170.SH,True,0.19239873380924755,8,92,0.05437948168245614,14,a_share,False
rolling_mean_inclusion,2022-01-01/2022-06-30,2022-07-01/2022-12-31,159928.SZ,True,0.19216102404758623,9,91,0.05288629636078758,15,a_share,False
rolling_mean_inclusion,2022-01-01/2022-06-30,2022-07-01/2022-12-31,512200.SH,True,0.16961431135619018,7,93,0.05757851619103887,16,a_share,False
rolling_mean_inclusion,2022-01-01/2022-06-30,2022-07-01/2022-12-31,513500.SH,True,0.16958368177813854,47,53,-0.02694963883608613,17,global,True
rolling_mean_inclusion,2022-01-01/2022-06-30,2022-07-01/2022-12-31,159901.SZ,True,0.14625031129920746,6,94,0.060261705504943607,18,a_share,False
rolling_mean_inclusion,2022-01-01/2022-06-30,2022-07-01/2022-12-31,159869.SZ,True,0.13344949971977477,5,95,0.06184057564906389,19,a_share,False
rolling_mean_inclusion,2022-01-01/2022-06-30,2022-07-01/2022-12-31,159985.SZ,True,0.12735935075523463,67,33,-0.06033255501032653,20,commodity,True
rolling_mean_inclusion,2022-01-01/2022-06-30,2022-07-01/2022-12-31,516150.SH,True,0.09826267603029998,10,90,0.06177194916618828,21,a_share,False
rolling_mean_inclusion,2022-01-01/2022-06-30,2022-07-01/2022-12-31,515220.SH,True,0.08063380490789919,10,90,0.06373071262423281,22,a_share,False
rolling_mean_inclusion,2022-01-01/2022-06-30,2022-07-01/2022-12-31,160644.SZ,True,0.07807588398120019,72,28,0.03287994780762616,23,global,True
rolling_mean_inclusion,2022-01-01/2022-06-30,2022-07-01/2022-12-31,512400.SH,True,0.06714003437956083,9,91,0.06525100962465823,24,a_share,False
rolling_mean_inclusion,2022-01-01/2022-06-30,2022-07-01/2022-12-31,164824.SZ,True,0.06680350588521666,81,19,0.05952727413459978,25,global,True
rolling_mean_inclusion,2022-01-01/2022-06-30,2022-07-01/2022-12-31,513070.SH,True,0.06542102185259945,100,0,,26,hong_kong,True
rolling_mean_inclusion,2022-01-01/2022-06-30,2022-07-01/2022-12-31,518880.SH,True,0.05627030862075482,72,28,0.08895142730591424,27,commodity,True
rolling_mean_inclusion,2022-01-01/2022-06-30,2022-07-01/2022-12-31,513100.SH,True,0.04926551225313121,39,61,0.07574995421947259,28,global,False
rolling_mean_inclusion,2022-01-01/2022-06-30,2022-07-01/2022-12-31,513080.SH,True,0.047688347350849425,51,49,0.08387747898707397,29,global,True
rolling_mean_inclusion,2022-01-01/2022-06-30,2022-07-01/2022-12-31,159967.SZ,True,0.03498817483242879,8,92,0.06806735637609256,30,a_share,False
rolling_mean_inclusion,2022-01-01/2022-06-30,2022-07-01/2022-12-31,513880.SH,True,0.0336266186735422,73,27,0.1513836674848654,31,global,False
rolling_mean_inclusion,2022-01-01/2022-06-30,2022-07-01/2022-12-31,159980.SZ,True,0.02395873126537457,59,41,0.12508626928299627,32,commodity,True
rolling_mean_inclusion,2022-01-01/2022-06-30,2022-07-01/2022-12-31,512660.SH,True,0.02177708573263156,8,92,0.06921614673259667,33,a_share,False
rolling_mean_inclusion,2022-01-01/2022-06-30,2022-07-01/2022-12-31,159766.SZ,True,0.013476485803765875,5,95,0.06815494480253807,34,a_share,False
rolling_mean_inclusion,2022-01-01/2022-06-30,2022-07-01/2022-12-31,513030.SH,True,0.009654708599575422,37,63,0.09817266614405802,35,global,False
rolling_mean_inclusion,2022-01-01/2022-06-30,2022-07-01/2022-12-31,159949.SZ,True,-0.002099104927612311,11,89,0.07376620606138967,36,a_share,False
rolling_mean_inclusion,2022-01-01/2022-06-30,2022-07-01/2022-12-31,159981.SZ,True,-0.011380262110187434,66,34,0.214505867192127,37,commodity,False
rolling_mean_inclusion,2022-01-01/2022-06-30,2022-07-01/2022-12-31,159915.SZ,True,-0.014032685544105798,9,91,0.07327908082589998,38,a_share,False
rolling_mean_inclusion,2022-01-01/2022-06-30,2022-07-01/2022-12-31,159851.SZ,True,-0.025439210775605695,6,94,0.07122061116929342,39,a_share,False
rolling_mean_inclusion,2022-01-01/2022-06-30,2022-07-01/2022-12-31,161226.SZ,True,-0.04078641506209878,67,33,0.28105430286122923,40,commodity,False
rolling_mean_inclusion,2022-01-01/2022-06-30,2022-07-01/2022-12-31,510500.SH,True,-0.04627472272981685,13,87,0.08211119058330534,41,a_share,False
rolling_mean_inclusion,2022-01-01/2022-06-30,2022-07-01/2022-12-31,512100.SH,True,-0.05554078762123321,7,93,0.07452567417858687,42,a_share,False
rolling_mean_inclusion,2022-01-01/2022-06-30,2022-07-01/2022-12-31,588000.SH,True,-0.07528602362394739,9,91,0.07933710327335683,43,a_share,False
rolling_mean_inclusion,2022-01-01/2022-06-30,2022-07-01/2022-12-31,510880.SH,True,-0.0921104557960441,8,92,0.07911941121335107,44,a_share,False
rolling_mean_inclusion,2022-01-01/2022-06-30,2022-07-01/2022-12-31,159920.SZ,True,-0.09325002652899265,48,52,0.2118866049740691,45,hong_kong,False
rolling_mean_inclusion,2022-01-01/2022-06-30,2022-07-01/2022-12-31,512800.SH,True,-0.09605605337208255,6,94,0.07572806920736637,46,a_share,False
rolling_mean_inclusion,2022-01-01/2022-06-30,2022-07-01/2022-12-31,512880.SH,True,-0.11472726824131935,11,89,0.08768654085297145,47,a_share,False
rolling_mean_inclusion,2022-01-01/2022-06-30,2022-07-01/2022-12-31,512890.SH,True,-0.12494996647149471,7,93,0.07975002097376784,48,a_share,False
rolling_mean_inclusion,2022-01-01/2022-06-30,2022-07-01/2022-12-31,510300.SH,True,-0.1474402638458629,9,91,0.08647323692167815,49,a_share,False
rolling_mean_inclusion,2022-01-01/2022-06-30,2022-07-01/2022-12-31,159865.SZ,True,-0.1513819171244895,8,92,0.08427345132886806,50,a_share,False
rolling_mean_inclusion,2022-01-01/2022-06-30,2022-07-01/2022-12-31,512040.SH,True,-0.29181655578445537,7,93,0.09230987178227024,51,a_share,False
rolling_mean_inclusion,2022-01-01/2022-06-30,2022-07-01/2022-12-31,512980.SH,True,-0.3517769276906636,7,93,0.09682301805478055,52,a_share,False
rolling_mean_inclusion,2022-01-01/2022-06-30,2022-07-01/2022-12-31,159825.SZ,True,-0.5217791637882971,9,91,0.12349576548741341,53,a_share,False
rolling_mean_inclusion,2022-01-01/2022-06-30,2022-07-01/2022-12-31,159201.SZ,False,,0,100,0.06542102185259945,,a_share,False
rolling_mean_inclusion,2022-01-01/2022-06-30,2022-07-01/2022-12-31,159206.SZ,False,,0,100,0.06542102185259945,,a_share,False
rolling_mean_inclusion,2022-01-01/2022-06-30,2022-07-01/2022-12-31,159209.SZ,False,,0,100,0.06542102185259945,,a_share,False
rolling_mean_inclusion,2022-01-01/2022-06-30,2022-07-01/2022-12-31,159326.SZ,False,,0,100,0.06542102185259945,,a_share,False
rolling_mean_inclusion,2022-01-01/2022-06-30,2022-07-01/2022-12-31,159329.SZ,False,,0,100,0.06542102185259945,,global,False
rolling_mean_inclusion,2022-01-01/2022-06-30,2022-07-01/2022-12-31,159509.SZ,False,,0,100,0.06542102185259945,,global,False
rolling_mean_inclusion,2022-01-01/2022-06-30,2022-07-01/2022-12-31,159518.SZ,False,,0,100,0.06542102185259945,,global,False
rolling_mean_inclusion,2022-01-01/2022-06-30,2022-07-01/2022-12-31,159529.SZ,False,,0,100,0.06542102185259945,,global,False
rolling_mean_inclusion,2022-01-01/2022-06-30,2022-07-01/2022-12-31,159687.SZ,False,,0,100,0.06542102185259945,,global,False
rolling_mean_inclusion,2022-01-01/2022-06-30,2022-07-01/2022-12-31,513120.SH,False,,0,100,0.06542102185259945,,hong_kong,False
rolling_mean_inclusion,2022-01-01/2022-06-30,2022-07-01/2022-12-31,513290.SH,False,,0,100,0.06542102185259945,,global,False
rolling_mean_inclusion,2022-01-01/2022-06-30,2022-07-01/2022-12-31,513310.SH,False,,0,100,0.06542102185259945,,global,False
rolling_mean_inclusion,2022-01-01/2022-06-30,2022-07-01/2022-12-31,513400.SH,False,,0,100,0.06542102185259945,,global,False
rolling_mean_inclusion,2022-01-01/2022-06-30,2022-07-01/2022-12-31,513730.SH,False,,0,100,0.06542102185259945,,global,False
rolling_mean_inclusion,2022-01-01/2022-06-30,2022-07-01/2022-12-31,513750.SH,False,,0,100,0.06542102185259945,,hong_kong,False
rolling_mean_inclusion,2022-01-01/2022-06-30,2022-07-01/2022-12-31,520870.SH,False,,0,100,0.06542102185259945,,global,False
rolling_mean_inclusion,2022-01-01/2022-06-30,2022-07-01/2022-12-31,563300.SH,False,,0,100,0.06542102185259945,,a_share,False
rolling_mean_inclusion,2022-01-01/2022-06-30,2022-07-01/2022-12-31,588200.SH,False,,0,100,0.06542102185259945,,a_share,False
rolling_mean_inclusion,2022-01-01/2022-06-30,2022-07-01/2022-12-31,588220.SH,False,,0,100,0.06542102185259945,,a_share,False
rolling_mean_inclusion,2022-07-01/2022-12-31,2023-01-01/2023-06-30,159852.SZ,True,0.6836574370097701,5,95,0.23869517801393036,1,a_share,True
rolling_mean_inclusion,2022-07-01/2022-12-31,2023-01-01/2023-06-30,515790.SH,True,0.6687976335801206,7,93,0.23024457700334824,2,a_share,True
rolling_mean_inclusion,2022-07-01/2022-12-31,2023-01-01/2023-06-30,159967.SZ,True,0.6548755359247429,6,94,0.23579867958323164,3,a_share,True
rolling_mean_inclusion,2022-07-01/2022-12-31,2023-01-01/2023-06-30,159766.SZ,True,0.5801401304150063,7,93,0.23691772240287293,4,a_share,False
rolling_mean_inclusion,2022-07-01/2022-12-31,2023-01-01/2023-06-30,515220.SH,True,0.5249655625902924,8,92,0.23798483256141187,5,a_share,False
rolling_mean_inclusion,2022-07-01/2022-12-31,2023-01-01/2023-06-30,159928.SZ,True,0.5222017574885421,12,88,0.2253171364376105,6,a_share,False
rolling_mean_inclusion,2022-07-01/2022-12-31,2023-01-01/2023-06-30,516150.SH,True,0.49699232212929134,10,90,0.23471562083421466,7,a_share,False
rolling_mean_inclusion,2022-07-01/2022-12-31,2023-01-01/2023-06-30,159985.SZ,True,0.4957589998863584,64,36,-0.15650685823207508,8,commodity,True
rolling_mean_inclusion,2022-07-01/2022-12-31,2023-01-01/2023-06-30,510180.SH,True,0.49215987158448965,6,94,0.24618478581771588,9,a_share,False
rolling_mean_inclusion,2022-07-01/2022-12-31,2023-01-01/2023-06-30,512890.SH,True,0.460870230628609,7,93,0.24589502668787058,10,a_share,False
rolling_mean_inclusion,2022-07-01/2022-12-31,2023-01-01/2023-06-30,164824.SZ,True,0.4410802662080461,71,29,-0.1800817173930703,11,global,True
rolling_mean_inclusion,2022-07-01/2022-12-31,2023-01-01/2023-06-30,510050.SH,True,0.398745062108573,5,95,0.25369056616662494,12,a_share,False
rolling_mean_inclusion,2022-07-01/2022-12-31,2023-01-01/2023-06-30,159611.SZ,True,0.3839050717731225,10,90,0.24728087087378894,13,a_share,False
rolling_mean_inclusion,2022-07-01/2022-12-31,2023-01-01/2023-06-30,510500.SH,True,0.36575790846019496,7,93,0.25305401867904154,14,a_share,False
rolling_mean_inclusion,2022-07-01/2022-12-31,2023-01-01/2023-06-30,159870.SZ,True,0.35138075859203344,12,88,0.24861090901440716,15,a_share,False
rolling_mean_inclusion,2022-07-01/2022-12-31,2023-01-01/2023-06-30,513180.SH,True,0.3509179314602545,26,74,0.22933057943791363,16,hong_kong,True
rolling_mean_inclusion,2022-07-01/2022-12-31,2023-01-01/2023-06-30,512200.SH,True,0.349960987903145,8,92,0.253202621664642,17,a_share,False
rolling_mean_inclusion,2022-07-01/2022-12-31,2023-01-01/2023-06-30,160644.SZ,True,0.3042590027307917,64,36,0.18393758115559894,18,global,True
rolling_mean_inclusion,2022-07-01/2022-12-31,2023-01-01/2023-06-30,510300.SH,True,0.3003867349369737,8,92,0.2575134262703961,19,a_share,False
rolling_mean_inclusion,2022-07-01/2022-12-31,2023-01-01/2023-06-30,159949.SZ,True,0.2928591004540517,4,96,0.25961346556829196,20,a_share,False
rolling_mean_inclusion,2022-07-01/2022-12-31,2023-01-01/2023-06-30,159865.SZ,True,0.2831748175663431,8,92,0.2590101147374074,21,a_share,False
rolling_mean_inclusion,2022-07-01/2022-12-31,2023-01-01/2023-06-30,159980.SZ,True,0.2812504894097053,66,34,0.22152343515681408,22,commodity,True
rolling_mean_inclusion,2022-07-01/2022-12-31,2023-01-01/2023-06-30,159915.SZ,True,0.27978968904286095,10,90,0.2588492467327069,23,a_share,False
rolling_mean_inclusion,2022-07-01/2022-12-31,2023-01-01/2023-06-30,513030.SH,True,0.27755676810478813,44,56,0.24788984463859914,24,global,True
rolling_mean_inclusion,2022-07-01/2022-12-31,2023-01-01/2023-06-30,512170.SH,True,0.275075506988038,8,92,0.25971440261378187,25,a_share,False
rolling_mean_inclusion,2022-07-01/2022-12-31,2023-01-01/2023-06-30,513100.SH,True,0.2633997996385521,50,50,0.25848678228889255,26,global,True
rolling_mean_inclusion,2022-07-01/2022-12-31,2023-01-01/2023-06-30,513120.SH,True,0.26094329096372226,100,0,,27,hong_kong,True
rolling_mean_inclusion,2022-07-01/2022-12-31,2023-01-01/2023-06-30,159851.SZ,True,0.2596856672414121,9,91,0.26106767133186287,28,a_share,False
rolling_mean_inclusion,2022-07-01/2022-12-31,2023-01-01/2023-06-30,159981.SZ,True,0.2485100534586104,59,41,0.27883502298327356,29,commodity,True
rolling_mean_inclusion,2022-07-01/2022-12-31,2023-01-01/2023-06-30,518880.SH,True,0.24365293605891866,79,21,0.32598795941512654,30,commodity,True
rolling_mean_inclusion,2022-07-01/2022-12-31,2023-01-01/2023-06-30,513070.SH,True,0.2396750785746941,40,60,0.27512209922307446,31,hong_kong,False
rolling_mean_inclusion,2022-07-01/2022-12-31,2023-01-01/2023-06-30,510210.SH,True,0.23577443024350161,6,94,0.2625498139884172,32,a_share,False
rolling_mean_inclusion,2022-07-01/2022-12-31,2023-01-01/2023-06-30,159920.SZ,True,0.21716058045346617,34,66,0.283498020620521,33,hong_kong,False
rolling_mean_inclusion,2022-07-01/2022-12-31,2023-01-01/2023-06-30,512800.SH,True,0.20566017974803133,16,84,0.27147340738575865,34,a_share,False
rolling_mean_inclusion,2022-07-01/2022-12-31,2023-01-01/2023-06-30,513290.SH,True,0.2033380673843852,56,44,0.3342590300646968,35,global,False
rolling_mean_inclusion,2022-07-01/2022-12-31,2023-01-01/2023-06-30,161226.SZ,True,0.19247231570421888,70,30,0.4207088999025636,36,commodity,False
rolling_mean_inclusion,2022-07-01/2022-12-31,2023-01-01/2023-06-30,513080.SH,True,0.18192270269344352,32,68,0.2981294501497359,37,global,False
rolling_mean_inclusion,2022-07-01/2022-12-31,2023-01-01/2023-06-30,159796.SZ,True,0.1804458534865993,9,91,0.2689045759889323,38,a_share,False
rolling_mean_inclusion,2022-07-01/2022-12-31,2023-01-01/2023-06-30,510880.SH,True,0.1540069796478816,6,94,0.26776901296260575,39,a_share,False
rolling_mean_inclusion,2022-07-01/2022-12-31,2023-01-01/2023-06-30,513880.SH,True,0.13284489860781593,62,38,0.4699459311233591,40,global,False
rolling_mean_inclusion,2022-07-01/2022-12-31,2023-01-01/2023-06-30,513500.SH,True,0.13146245514325497,21,79,0.29536224732106175,41,global,False
rolling_mean_inclusion,2022-07-01/2022-12-31,2023-01-01/2023-06-30,512660.SH,True,0.12333161962823719,11,89,0.2779514750613666,42,a_share,False
rolling_mean_inclusion,2022-07-01/2022-12-31,2023-01-01/2023-06-30,512400.SH,True,0.11256048669915307,8,92,0.2738461435084675,43,a_share,False
rolling_mean_inclusion,2022-07-01/2022-12-31,2023-01-01/2023-06-30,501018.SH,True,0.10810436918892785,62,38,0.5103120580699659,44,commodity,False
rolling_mean_inclusion,2022-07-01/2022-12-31,2023-01-01/2023-06-30,159869.SZ,True,0.10462122975994309,8,92,0.2745365136770944,45,a_share,False
rolling_mean_inclusion,2022-07-01/2022-12-31,2023-01-01/2023-06-30,515880.SH,True,0.09247342249291285,10,90,0.27966216523825665,46,a_share,False
rolling_mean_inclusion,2022-07-01/2022-12-31,2023-01-01/2023-06-30,159901.SZ,True,0.08692266869578834,11,89,0.2824514577608827,47,a_share,False
rolling_mean_inclusion,2022-07-01/2022-12-31,2023-01-01/2023-06-30,512880.SH,True,0.07596488974705558,14,86,0.291056053952482,48,a_share,False
rolling_mean_inclusion,2022-07-01/2022-12-31,2023-01-01/2023-06-30,515210.SH,True,0.06636311451094165,11,89,0.28499252625563903,49,a_share,False
rolling_mean_inclusion,2022-07-01/2022-12-31,2023-01-01/2023-06-30,588000.SH,True,0.018250498059836456,7,93,0.2792104904296062,50,a_share,False
rolling_mean_inclusion,2022-07-01/2022-12-31,2023-01-01/2023-06-30,512980.SH,True,0.010187128076103086,6,94,0.27694900348846396,51,a_share,False
rolling_mean_inclusion,2022-07-01/2022-12-31,2023-01-01/2023-06-30,512040.SH,True,-0.015757269113971493,7,93,0.28177021484053794,52,a_share,False
rolling_mean_inclusion,2022-07-01/2022-12-31,2023-01-01/2023-06-30,159825.SZ,True,-0.1097324823484641,4,96,0.27638811485173004,53,a_share,False
rolling_mean_inclusion,2022-07-01/2022-12-31,2023-01-01/2023-06-30,512100.SH,True,-0.1108339933267033,6,94,0.28467375591843036,54,a_share,False
rolling_mean_inclusion,2022-07-01/2022-12-31,2023-01-01/2023-06-30,562500.SH,True,-0.33452320835664917,3,97,0.2793597806334245,55,a_share,False
rolling_mean_inclusion,2022-07-01/2022-12-31,2023-01-01/2023-06-30,159201.SZ,False,,0,100,0.26094329096372226,,a_share,False
rolling_mean_inclusion,2022-07-01/2022-12-31,2023-01-01/2023-06-30,159206.SZ,False,,0,100,0.26094329096372226,,a_share,False
rolling_mean_inclusion,2022-07-01/2022-12-31,2023-01-01/2023-06-30,159209.SZ,False,,0,100,0.26094329096372226,,a_share,False
rolling_mean_inclusion,2022-07-01/2022-12-31,2023-01-01/2023-06-30,159326.SZ,False,,0,100,0.26094329096372226,,a_share,False
rolling_mean_inclusion,2022-07-01/2022-12-31,2023-01-01/2023-06-30,159329.SZ,False,,0,100,0.26094329096372226,,global,False
rolling_mean_inclusion,2022-07-01/2022-12-31,2023-01-01/2023-06-30,159509.SZ,False,,0,100,0.26094329096372226,,global,False
rolling_mean_inclusion,2022-07-01/2022-12-31,2023-01-01/2023-06-30,159518.SZ,False,,0,100,0.26094329096372226,,global,False
rolling_mean_inclusion,2022-07-01/2022-12-31,2023-01-01/2023-06-30,159529.SZ,False,,0,100,0.26094329096372226,,global,False
rolling_mean_inclusion,2022-07-01/2022-12-31,2023-01-01/2023-06-30,159687.SZ,False,,0,100,0.26094329096372226,,global,False
rolling_mean_inclusion,2022-07-01/2022-12-31,2023-01-01/2023-06-30,513310.SH,False,,0,100,0.26094329096372226,,global,False
rolling_mean_inclusion,2022-07-01/2022-12-31,2023-01-01/2023-06-30,513400.SH,False,,0,100,0.26094329096372226,,global,False
rolling_mean_inclusion,2022-07-01/2022-12-31,2023-01-01/2023-06-30,513730.SH,False,,0,100,0.26094329096372226,,global,False
rolling_mean_inclusion,2022-07-01/2022-12-31,2023-01-01/2023-06-30,513750.SH,False,,0,100,0.26094329096372226,,hong_kong,False
rolling_mean_inclusion,2022-07-01/2022-12-31,2023-01-01/2023-06-30,520870.SH,False,,0,100,0.26094329096372226,,global,False
rolling_mean_inclusion,2022-07-01/2022-12-31,2023-01-01/2023-06-30,563300.SH,False,,0,100,0.26094329096372226,,a_share,False
rolling_mean_inclusion,2022-07-01/2022-12-31,2023-01-01/2023-06-30,588200.SH,False,,0,100,0.26094329096372226,,a_share,False
rolling_mean_inclusion,2022-07-01/2022-12-31,2023-01-01/2023-06-30,588220.SH,False,,0,100,0.26094329096372226,,a_share,False
rolling_mean_inclusion,2023-01-01/2023-06-30,2023-07-01/2023-12-31,515880.SH,True,2.2561596925918144,10,90,1.4501834366408546,1,a_share,True
rolling_mean_inclusion,2023-01-01/2023-06-30,2023-07-01/2023-12-31,159869.SZ,True,2.108150231426399,12,88,1.4520489028008894,2,a_share,True
rolling_mean_inclusion,2023-01-01/2023-06-30,2023-07-01/2023-12-31,159901.SZ,True,1.9856596927222026,6,94,1.5017462560347006,3,a_share,True
rolling_mean_inclusion,2023-01-01/2023-06-30,2023-07-01/2023-12-31,512890.SH,True,1.9773366658215201,7,93,1.497169350138112,4,a_share,False
rolling_mean_inclusion,2023-01-01/2023-06-30,2023-07-01/2023-12-31,510880.SH,True,1.9749949389681982,8,92,1.4921537686070594,5,a_share,False
rolling_mean_inclusion,2023-01-01/2023-06-30,2023-07-01/2023-12-31,159852.SZ,True,1.8552836254113312,7,93,1.5063561381259758,6,a_share,False
rolling_mean_inclusion,2023-01-01/2023-06-30,2023-07-01/2023-12-31,159825.SZ,True,1.8330543349499673,11,89,1.493421444260061,7,a_share,False
rolling_mean_inclusion,2023-01-01/2023-06-30,2023-07-01/2023-12-31,518880.SH,True,1.8211574541146436,62,38,1.0570090544338724,8,commodity,True
rolling_mean_inclusion,2023-01-01/2023-06-30,2023-07-01/2023-12-31,512100.SH,True,1.7874231758768513,4,96,1.5200876408342463,9,a_share,False
rolling_mean_inclusion,2023-01-01/2023-06-30,2023-07-01/2023-12-31,588200.SH,True,1.778391989288338,10,90,1.5032687370079076,10,a_share,False
rolling_mean_inclusion,2023-01-01/2023-06-30,2023-07-01/2023-12-31,515220.SH,True,1.7495241769943117,6,94,1.5168187357620124,11,a_share,False
rolling_mean_inclusion,2023-01-01/2023-06-30,2023-07-01/2023-12-31,513880.SH,True,1.7189826493428704,38,62,1.4154317023962257,12,global,True
rolling_mean_inclusion,2023-01-01/2023-06-30,2023-07-01/2023-12-31,164824.SZ,True,1.6734531943103348,38,62,1.4433368522548766,13,global,True
rolling_mean_inclusion,2023-01-01/2023-06-30,2023-07-01/2023-12-31,510500.SH,True,1.6557225632310066,12,88,1.5137435848275338,14,a_share,False
rolling_mean_inclusion,2023-01-01/2023-06-30,2023-07-01/2023-12-31,512040.SH,True,1.6514020218507042,5,95,1.5244325906772793,15,a_share,False
rolling_mean_inclusion,2023-01-01/2023-06-30,2023-07-01/2023-12-31,513070.SH,True,1.6319408586261022,45,55,1.4480139560985539,16,hong_kong,True
rolling_mean_inclusion,2023-01-01/2023-06-30,2023-07-01/2023-12-31,513120.SH,True,1.6240132662780322,54,46,1.4213345618387243,17,hong_kong,True
rolling_mean_inclusion,2023-01-01/2023-06-30,2023-07-01/2023-12-31,513100.SH,True,1.610022232636016,44,56,1.4685201426358991,18,global,True
rolling_mean_inclusion,2023-01-01/2023-06-30,2023-07-01/2023-12-31,516150.SH,True,1.6016257389163584,5,95,1.527052395042245,19,a_share,False
rolling_mean_inclusion,2023-01-01/2023-06-30,2023-07-01/2023-12-31,159687.SZ,True,1.5848487086595382,36,64,1.5003680111226827,20,global,True
rolling_mean_inclusion,2023-01-01/2023-06-30,2023-07-01/2023-12-31,513500.SH,True,1.5746551441838748,46,54,1.4934068442803115,21,global,False
rolling_mean_inclusion,2023-01-01/2023-06-30,2023-07-01/2023-12-31,513080.SH,True,1.5696404003499274,36,64,1.5089226845468384,22,global,False
rolling_mean_inclusion,2023-01-01/2023-06-30,2023-07-01/2023-12-31,512800.SH,True,1.5683691941505988,7,93,1.5279518480058156,23,a_share,False
rolling_mean_inclusion,2023-01-01/2023-06-30,2023-07-01/2023-12-31,512980.SH,True,1.548532423551978,10,90,1.5288086887563919,24,a_share,False
rolling_mean_inclusion,2023-01-01/2023-06-30,2023-07-01/2023-12-31,159981.SZ,True,1.5470364350456496,73,27,1.4868313505652824,25,commodity,True
rolling_mean_inclusion,2023-01-01/2023-06-30,2023-07-01/2023-12-31,510180.SH,True,1.5354388298225121,6,94,1.530483757921915,26,a_share,False
rolling_mean_inclusion,2023-01-01/2023-06-30,2023-07-01/2023-12-31,159980.SZ,True,1.5290149305642362,71,29,1.5351050397770438,27,commodity,True
rolling_mean_inclusion,2023-01-01/2023-06-30,2023-07-01/2023-12-31,160644.SZ,True,1.525199113852615,40,60,1.5345023611581745,28,global,False
rolling_mean_inclusion,2023-01-01/2023-06-30,2023-07-01/2023-12-31,159985.SZ,True,1.5069653650535924,71,29,1.5890884587858625,29,commodity,True
rolling_mean_inclusion,2023-01-01/2023-06-30,2023-07-01/2023-12-31,159611.SZ,True,1.4914619959558186,7,93,1.5337405618484337,30,a_share,False
rolling_mean_inclusion,2023-01-01/2023-06-30,2023-07-01/2023-12-31,159920.SZ,True,1.487226202873964,64,36,1.608211923323927,31,hong_kong,False
rolling_mean_inclusion,2023-01-01/2023-06-30,2023-07-01/2023-12-31,512170.SH,True,1.4675111238517478,9,91,1.5370385286695532,32,a_share,False
rolling_mean_inclusion,2023-01-01/2023-06-30,2023-07-01/2023-12-31,159851.SZ,True,1.4648470876867077,9,91,1.537302004773788,33,a_share,False
rolling_mean_inclusion,2023-01-01/2023-06-30,2023-07-01/2023-12-31,510300.SH,True,1.4630366505822339,9,91,1.5374810589929115,34,a_share,False
rolling_mean_inclusion,2023-01-01/2023-06-30,2023-07-01/2023-12-31,588000.SH,True,1.4447291913797715,14,86,1.544789506328817,35,a_share,False
rolling_mean_inclusion,2023-01-01/2023-06-30,2023-07-01/2023-12-31,161226.SZ,True,1.440401396703806,66,34,1.7062239423865835,36,commodity,False
rolling_mean_inclusion,2023-01-01/2023-06-30,2023-07-01/2023-12-31,515210.SH,True,1.4318592042423437,9,91,1.540564542696857,37,a_share,False
rolling_mean_inclusion,2023-01-01/2023-06-30,2023-07-01/2023-12-31,159915.SZ,True,1.4017562709608593,10,90,1.545117150155405,38,a_share,False
rolling_mean_inclusion,2023-01-01/2023-06-30,2023-07-01/2023-12-31,159949.SZ,True,1.3981960544800693,7,93,1.5407605789487588,39,a_share,False
rolling_mean_inclusion,2023-01-01/2023-06-30,2023-07-01/2023-12-31,159865.SZ,True,1.3834739135240073,11,89,1.5489875637621457,40,a_share,False
rolling_mean_inclusion,2023-01-01/2023-06-30,2023-07-01/2023-12-31,513290.SH,True,1.3818180465435086,41,59,1.634297734157817,41,global,False
rolling_mean_inclusion,2023-01-01/2023-06-30,2023-07-01/2023-12-31,159796.SZ,True,1.3728553901910086,11,89,1.5502999655224043,42,a_share,False
rolling_mean_inclusion,2023-01-01/2023-06-30,2023-07-01/2023-12-31,513030.SH,True,1.359587388525095,43,57,1.6599271669651925,43,global,False
rolling_mean_inclusion,2023-01-01/2023-06-30,2023-07-01/2023-12-31,512400.SH,True,1.358444671331898,9,91,1.5478253206770107,44,a_share,False
rolling_mean_inclusion,2023-01-01/2023-06-30,2023-07-01/2023-12-31,513180.SH,True,1.3470183904342725,37,63,1.6387051710718568,45,hong_kong,False
rolling_mean_inclusion,2023-01-01/2023-06-30,2023-07-01/2023-12-31,562500.SH,True,1.339802864511862,7,93,1.545155765290452,46,a_share,False
rolling_mean_inclusion,2023-01-01/2023-06-30,2023-07-01/2023-12-31,501018.SH,True,1.3306299966600492,57,43,1.79609759102261,47,commodity,False
rolling_mean_inclusion,2023-01-01/2023-06-30,2023-07-01/2023-12-31,159928.SZ,True,1.3300606240053694,5,95,1.5413452958270337,48,a_share,False
rolling_mean_inclusion,2023-01-01/2023-06-30,2023-07-01/2023-12-31,513310.SH,True,1.3273257335212427,38,62,1.6554794895127074,49,global,False
rolling_mean_inclusion,2023-01-01/2023-06-30,2023-07-01/2023-12-31,159766.SZ,True,1.2793080133508172,8,92,1.5526482838781364,50,a_share,False
rolling_mean_inclusion,2023-01-01/2023-06-30,2023-07-01/2023-12-31,515790.SH,True,1.257112930753596,11,89,1.5646052133180393,51,a_share,False
rolling_mean_inclusion,2023-01-01/2023-06-30,2023-07-01/2023-12-31,510050.SH,True,1.2244726667951715,9,91,1.5610752991476762,52,a_share,False
rolling_mean_inclusion,2023-01-01/2023-06-30,2023-07-01/2023-12-31,159870.SZ,True,1.065181210425204,6,94,1.5605002017132323,53,a_share,False
rolling_mean_inclusion,2023-01-01/2023-06-30,2023-07-01/2023-12-31,512200.SH,True,1.0493631022891818,6,94,1.56150986819,54,a_share,False
rolling_mean_inclusion,2023-01-01/2023-06-30,2023-07-01/2023-12-31,510210.SH,True,1.019279851921305,6,94,1.56343007566029,55,a_share,False
rolling_mean_inclusion,2023-01-01/2023-06-30,2023-07-01/2023-12-31,159967.SZ,True,0.983215586706103,5,95,1.559600297790153,56,a_share,False
rolling_mean_inclusion,2023-01-01/2023-06-30,2023-07-01/2023-12-31,512880.SH,True,0.888265810311043,5,95,1.5645976544425246,57,a_share,False
rolling_mean_inclusion,2023-01-01/2023-06-30,2023-07-01/2023-12-31,512660.SH,True,0.6934285692601742,1,99,1.5392391682256048,58,a_share,False
rolling_mean_inclusion,2023-01-01/2023-06-30,2023-07-01/2023-12-31,159201.SZ,False,,0,100,1.5307810622359506,,a_share,False
rolling_mean_inclusion,2023-01-01/2023-06-30,2023-07-01/2023-12-31,159206.SZ,False,,0,100,1.5307810622359506,,a_share,False
rolling_mean_inclusion,2023-01-01/2023-06-30,2023-07-01/2023-12-31,159209.SZ,False,,0,100,1.5307810622359506,,a_share,False
rolling_mean_inclusion,2023-01-01/2023-06-30,2023-07-01/2023-12-31,159326.SZ,False,,0,100,1.5307810622359506,,a_share,False
rolling_mean_inclusion,2023-01-01/2023-06-30,2023-07-01/2023-12-31,159329.SZ,False,,0,100,1.5307810622359506,,global,False
rolling_mean_inclusion,2023-01-01/2023-06-30,2023-07-01/2023-12-31,159509.SZ,False,,0,100,1.5307810622359506,,global,False
rolling_mean_inclusion,2023-01-01/2023-06-30,2023-07-01/2023-12-31,159518.SZ,False,,0,100,1.5307810622359506,,global,False
rolling_mean_inclusion,2023-01-01/2023-06-30,2023-07-01/2023-12-31,159529.SZ,False,,0,100,1.5307810622359506,,global,False
rolling_mean_inclusion,2023-01-01/2023-06-30,2023-07-01/2023-12-31,513400.SH,False,,0,100,1.5307810622359506,,global,False
rolling_mean_inclusion,2023-01-01/2023-06-30,2023-07-01/2023-12-31,513730.SH,False,,0,100,1.5307810622359506,,global,False
rolling_mean_inclusion,2023-01-01/2023-06-30,2023-07-01/2023-12-31,513750.SH,False,,0,100,1.5307810622359506,,hong_kong,False
rolling_mean_inclusion,2023-01-01/2023-06-30,2023-07-01/2023-12-31,520870.SH,False,,0,100,1.5307810622359506,,global,False
rolling_mean_inclusion,2023-01-01/2023-06-30,2023-07-01/2023-12-31,563300.SH,False,,0,100,1.5307810622359506,,a_share,False
rolling_mean_inclusion,2023-01-01/2023-06-30,2023-07-01/2023-12-31,588220.SH,False,,0,100,1.5307810622359506,,a_share,False
rolling_mean_inclusion,2023-07-01/2023-12-31,2024-01-01/2024-06-30,510500.SH,True,0.05119972680764734,6,94,-0.557085952760649,1,a_share,True
rolling_mean_inclusion,2023-07-01/2023-12-31,2024-01-01/2024-06-30,512880.SH,True,-0.004571376441713931,4,96,-0.5420895384675859,2,a_share,True
rolling_mean_inclusion,2023-07-01/2023-12-31,2024-01-01/2024-06-30,588200.SH,True,-0.0499410559680265,13,87,-0.5909154881732273,3,a_share,True
rolling_mean_inclusion,2023-07-01/2023-12-31,2024-01-01/2024-06-30,159825.SZ,True,-0.06059979932385098,3,97,-0.5348152762957068,4,a_share,False
rolling_mean_inclusion,2023-07-01/2023-12-31,2024-01-01/2024-06-30,159851.SZ,True,-0.09252627446422038,4,96,-0.5384247510499814,5,a_share,False
rolling_mean_inclusion,2023-07-01/2023-12-31,2024-01-01/2024-06-30,512170.SH,True,-0.13962237044515702,9,91,-0.5582668116994363,6,a_share,False
rolling_mean_inclusion,2023-07-01/2023-12-31,2024-01-01/2024-06-30,512200.SH,True,-0.18703744950823556,11,89,-0.5618142612816237,7,a_share,False
rolling_mean_inclusion,2023-07-01/2023-12-31,2024-01-01/2024-06-30,563300.SH,True,-0.20449621547216834,5,95,-0.5372252644346766,8,a_share,False
rolling_mean_inclusion,2023-07-01/2023-12-31,2024-01-01/2024-06-30,159870.SZ,True,-0.3196432199528075,8,92,-0.5380623417286158,9,a_share,False
rolling_mean_inclusion,2023-07-01/2023-12-31,2024-01-01/2024-06-30,159901.SZ,True,-0.33331565961429355,7,93,-0.5346846406597318,10,a_share,False
rolling_mean_inclusion,2023-07-01/2023-12-31,2024-01-01/2024-06-30,501018.SH,True,-0.3430228930883976,74,26,-1.0259687350043725,11,commodity,True
rolling_mean_inclusion,2023-07-01/2023-12-31,2024-01-01/2024-06-30,159949.SZ,True,-0.3515417410959649,9,91,-0.537307753063642,12,a_share,False
rolling_mean_inclusion,2023-07-01/2023-12-31,2024-01-01/2024-06-30,510180.SH,True,-0.35943782758818094,6,94,-0.5308750450332556,13,a_share,False
rolling_mean_inclusion,2023-07-01/2023-12-31,2024-01-01/2024-06-30,513290.SH,True,-0.3755880713794493,41,59,-0.6213520385101304,14,global,True
rolling_mean_inclusion,2023-07-01/2023-12-31,2024-01-01/2024-06-30,588000.SH,True,-0.3781196483250121,9,91,-0.5346791688321978,15,a_share,False
rolling_mean_inclusion,2023-07-01/2023-12-31,2024-01-01/2024-06-30,159981.SZ,True,-0.3851611907810858,68,32,-0.8083725070481647,16,commodity,True
rolling_mean_inclusion,2023-07-01/2023-12-31,2024-01-01/2024-06-30,510210.SH,True,-0.39552286514721663,6,94,-0.52857174476353,17,a_share,False
rolling_mean_inclusion,2023-07-01/2023-12-31,2024-01-01/2024-06-30,512660.SH,True,-0.39956417016756673,9,91,-0.5325582820565605,18,a_share,False
rolling_mean_inclusion,2023-07-01/2023-12-31,2024-01-01/2024-06-30,513030.SH,True,-0.4093084096398064,31,69,-0.5705843550698712,19,global,True
rolling_mean_inclusion,2023-07-01/2023-12-31,2024-01-01/2024-06-30,512100.SH,True,-0.4114249471168822,10,90,-0.5327181303054032,20,a_share,False
rolling_mean_inclusion,2023-07-01/2023-12-31,2024-01-01/2024-06-30,159985.SZ,True,-0.41383022537144887,66,34,-0.7278260683570438,21,commodity,True
rolling_mean_inclusion,2023-07-01/2023-12-31,2024-01-01/2024-06-30,513080.SH,True,-0.42986285381517286,23,77,-0.5476887735182614,22,global,False
rolling_mean_inclusion,2023-07-01/2023-12-31,2024-01-01/2024-06-30,513070.SH,True,-0.4473235838725967,29,71,-0.5505140460049268,23,hong_kong,True
rolling_mean_inclusion,2023-07-01/2023-12-31,2024-01-01/2024-06-30,512040.SH,True,-0.44766454274226464,8,92,-0.5269300527904022,24,a_share,False
rolling_mean_inclusion,2023-07-01/2023-12-31,2024-01-01/2024-06-30,159509.SZ,True,-0.45347213441466455,24,76,-0.54178355227241,25,global,True
rolling_mean_inclusion,2023-07-01/2023-12-31,2024-01-01/2024-06-30,512400.SH,True,-0.4746645582943463,8,92,-0.5245822253510907,26,a_share,False
rolling_mean_inclusion,2023-07-01/2023-12-31,2024-01-01/2024-06-30,164824.SZ,True,-0.4825996714033067,44,56,-0.5504374224448145,27,global,True
rolling_mean_inclusion,2023-07-01/2023-12-31,2024-01-01/2024-06-30,160644.SZ,True,-0.5143173343960368,44,56,-0.5255164015219551,28,global,False
rolling_mean_inclusion,2023-07-01/2023-12-31,2024-01-01/2024-06-30,159915.SZ,True,-0.5159688619256568,5,95,-0.5208319672529139,29,a_share,False
rolling_mean_inclusion,2023-07-01/2023-12-31,2024-01-01/2024-06-30,513120.SH,True,-0.520588811986551,100,0,,30,hong_kong,True
rolling_mean_inclusion,2023-07-01/2023-12-31,2024-01-01/2024-06-30,513180.SH,True,-0.5286052681364102,41,59,-0.5150180543230898,31,hong_kong,False
rolling_mean_inclusion,2023-07-01/2023-12-31,2024-01-01/2024-06-30,159852.SZ,True,-0.5314746247586711,6,94,-0.5198939728734371,32,a_share,False
rolling_mean_inclusion,2023-07-01/2023-12-31,2024-01-01/2024-06-30,513310.SH,True,-0.5331469296803005,38,62,-0.5128919011419949,33,global,False
rolling_mean_inclusion,2023-07-01/2023-12-31,2024-01-01/2024-06-30,159865.SZ,True,-0.5364734825133888,13,87,-0.5182152405285179,34,a_share,False
rolling_mean_inclusion,2023-07-01/2023-12-31,2024-01-01/2024-06-30,513100.SH,True,-0.5569969719994526,35,65,-0.5009844181334503,35,global,False
rolling_mean_inclusion,2023-07-01/2023-12-31,2024-01-01/2024-06-30,516150.SH,True,-0.5738393042740186,11,89,-0.5140072904678753,36,a_share,False
rolling_mean_inclusion,2023-07-01/2023-12-31,2024-01-01/2024-06-30,159920.SZ,True,-0.5804560424252329,30,70,-0.49493142751283037,37,hong_kong,False
rolling_mean_inclusion,2023-07-01/2023-12-31,2024-01-01/2024-06-30,512890.SH,True,-0.5805603741562295,4,96,-0.5180899968961478,38,a_share,False
rolling_mean_inclusion,2023-07-01/2023-12-31,2024-01-01/2024-06-30,512800.SH,True,-0.5993808944835983,7,93,-0.5146582251319347,39,a_share,False
rolling_mean_inclusion,2023-07-01/2023-12-31,2024-01-01/2024-06-30,513880.SH,True,-0.6123023475978691,47,53,-0.43925794078406155,40,global,False
rolling_mean_inclusion,2023-07-01/2023-12-31,2024-01-01/2024-06-30,159980.SZ,True,-0.6176946975987911,68,32,-0.3142388050605409,41,commodity,True
rolling_mean_inclusion,2023-07-01/2023-12-31,2024-01-01/2024-06-30,513500.SH,True,-0.6385848063743769,45,55,-0.4240466347601481,42,global,False
rolling_mean_inclusion,2023-07-01/2023-12-31,2024-01-01/2024-06-30,515790.SH,True,-0.6388679031590242,7,93,-0.5116860846939995,43,a_share,False
rolling_mean_inclusion,2023-07-01/2023-12-31,2024-01-01/2024-06-30,159687.SZ,True,-0.6515830028063536,28,72,-0.46964662666773904,44,global,False
rolling_mean_inclusion,2023-07-01/2023-12-31,2024-01-01/2024-06-30,159967.SZ,True,-0.6575633811447553,8,92,-0.5086779798858377,45,a_share,False
rolling_mean_inclusion,2023-07-01/2023-12-31,2024-01-01/2024-06-30,588220.SH,True,-0.6701561764370392,9,91,-0.5057964352826567,46,a_share,False
rolling_mean_inclusion,2023-07-01/2023-12-31,2024-01-01/2024-06-30,515880.SH,True,-0.6722543291665429,4,96,-0.5142694154373847,47,a_share,False
rolling_mean_inclusion,2023-07-01/2023-12-31,2024-01-01/2024-06-30,518880.SH,True,-0.6868142747361617,60,40,-0.27125061786213533,48,commodity,False
rolling_mean_inclusion,2023-07-01/2023-12-31,2024-01-01/2024-06-30,159928.SZ,True,-0.7025859251599036,8,92,-0.5047629760584335,49,a_share,False
rolling_mean_inclusion,2023-07-01/2023-12-31,2024-01-01/2024-06-30,159766.SZ,True,-0.7034735520871791,5,95,-0.510963299349676,50,a_share,False
rolling_mean_inclusion,2023-07-01/2023-12-31,2024-01-01/2024-06-30,515210.SH,True,-0.7036402792141894,10,90,-0.5002497600723691,51,a_share,False
rolling_mean_inclusion,2023-07-01/2023-12-31,2024-01-01/2024-06-30,161226.SZ,True,-0.7208746708994072,64,36,-0.1645250628081403,52,commodity,False
rolling_mean_inclusion,2023-07-01/2023-12-31,2024-01-01/2024-06-30,510880.SH,True,-0.7336615858177069,7,93,-0.5045510763218405,53,a_share,False
rolling_mean_inclusion,2023-07-01/2023-12-31,2024-01-01/2024-06-30,159611.SZ,True,-0.7598899910488098,8,92,-0.4997800138072243,54,a_share,False
rolling_mean_inclusion,2023-07-01/2023-12-31,2024-01-01/2024-06-30,159796.SZ,True,-0.7851696907797621,8,92,-0.497581779048011,55,a_share,False
rolling_mean_inclusion,2023-07-01/2023-12-31,2024-01-01/2024-06-30,510300.SH,True,-0.8057380136754426,10,90,-0.48890556735445195,56,a_share,False
rolling_mean_inclusion,2023-07-01/2023-12-31,2024-01-01/2024-06-30,562500.SH,True,-0.8912433688330192,10,90,-0.47940497233694346,57,a_share,False
rolling_mean_inclusion,2023-07-01/2023-12-31,2024-01-01/2024-06-30,515220.SH,True,-0.9110656023612088,6,94,-0.4956647615371049,58,a_share,False
rolling_mean_inclusion,2023-07-01/2023-12-31,2024-01-01/2024-06-30,512980.SH,True,-0.9953276470934597,12,88,-0.45585169810833626,59,a_share,False
rolling_mean_inclusion,2023-07-01/2023-12-31,2024-01-01/2024-06-30,159869.SZ,True,-1.069447104619368,6,94,-0.48555530394615853,60,a_share,False
rolling_mean_inclusion,2023-07-01/2023-12-31,2024-01-01/2024-06-30,510050.SH,True,-1.358510969531669,1,99,-0.5121249518093276,61,a_share,False
rolling_mean_inclusion,2023-07-01/2023-12-31,2024-01-01/2024-06-30,159201.SZ,False,,0,100,-0.520588811986551,,a_share,False
rolling_mean_inclusion,2023-07-01/2023-12-31,2024-01-01/2024-06-30,159206.SZ,False,,0,100,-0.520588811986551,,a_share,False
rolling_mean_inclusion,2023-07-01/2023-12-31,2024-01-01/2024-06-30,159209.SZ,False,,0,100,-0.520588811986551,,a_share,False
rolling_mean_inclusion,2023-07-01/2023-12-31,2024-01-01/2024-06-30,159326.SZ,False,,0,100,-0.520588811986551,,a_share,False
rolling_mean_inclusion,2023-07-01/2023-12-31,2024-01-01/2024-06-30,159329.SZ,False,,0,100,-0.520588811986551,,global,False
rolling_mean_inclusion,2023-07-01/2023-12-31,2024-01-01/2024-06-30,159518.SZ,False,,0,100,-0.520588811986551,,global,False
rolling_mean_inclusion,2023-07-01/2023-12-31,2024-01-01/2024-06-30,159529.SZ,False,,0,100,-0.520588811986551,,global,False
rolling_mean_inclusion,2023-07-01/2023-12-31,2024-01-01/2024-06-30,513400.SH,False,,0,100,-0.520588811986551,,global,False
rolling_mean_inclusion,2023-07-01/2023-12-31,2024-01-01/2024-06-30,513730.SH,False,,0,100,-0.520588811986551,,global,False
rolling_mean_inclusion,2023-07-01/2023-12-31,2024-01-01/2024-06-30,513750.SH,False,,0,100,-0.520588811986551,,hong_kong,False
rolling_mean_inclusion,2023-07-01/2023-12-31,2024-01-01/2024-06-30,520870.SH,False,,0,100,-0.520588811986551,,global,False
rolling_mean_inclusion,2024-01-01/2024-06-30,2024-07-01/2024-12-31,512800.SH,True,2.176028311960547,6,94,0.7544771812650654,1,a_share,True
rolling_mean_inclusion,2024-01-01/2024-06-30,2024-07-01/2024-12-31,159852.SZ,True,1.4349911604641667,6,94,0.8017774249776003,2,a_share,True
rolling_mean_inclusion,2024-01-01/2024-06-30,2024-07-01/2024-12-31,159901.SZ,True,1.4229514720878456,8,92,0.7890588384127899,3,a_share,True
rolling_mean_inclusion,2024-01-01/2024-06-30,2024-07-01/2024-12-31,159509.SZ,True,1.3907406843050463,23,77,0.6751946645670568,4,global,True
rolling_mean_inclusion,2024-01-01/2024-06-30,2024-07-01/2024-12-31,159915.SZ,True,1.353161707013159,8,92,0.7951275136366758,5,a_share,False
rolling_mean_inclusion,2024-01-01/2024-06-30,2024-07-01/2024-12-31,513100.SH,True,1.3477760116304438,27,73,0.6518777068035267,6,global,True
rolling_mean_inclusion,2024-01-01/2024-06-30,2024-07-01/2024-12-31,159766.SZ,True,1.201111690331802,10,90,0.7996212000817934,7,a_share,False
rolling_mean_inclusion,2024-01-01/2024-06-30,2024-07-01/2024-12-31,513500.SH,True,1.157039301063121,25,75,0.7340138984546857,8,global,True
rolling_mean_inclusion,2024-01-01/2024-06-30,2024-07-01/2024-12-31,159869.SZ,True,1.140926118471034,6,94,0.8205475340409918,9,a_share,False
rolling_mean_inclusion,2024-01-01/2024-06-30,2024-07-01/2024-12-31,588200.SH,True,1.1311888790449605,10,90,0.8073904013358869,10,a_share,False
rolling_mean_inclusion,2024-01-01/2024-06-30,2024-07-01/2024-12-31,512890.SH,True,1.1310754457946117,7,93,0.8178440515066361,11,a_share,False
rolling_mean_inclusion,2024-01-01/2024-06-30,2024-07-01/2024-12-31,515210.SH,True,1.1262916160152388,12,88,0.800699153619279,12,a_share,False
rolling_mean_inclusion,2024-01-01/2024-06-30,2024-07-01/2024-12-31,512100.SH,True,1.1110457028195015,6,94,0.8224547946144938,13,a_share,False
rolling_mean_inclusion,2024-01-01/2024-06-30,2024-07-01/2024-12-31,161226.SZ,True,1.0825076577247403,53,47,0.5660450861971957,14,commodity,True
rolling_mean_inclusion,2024-01-01/2024-06-30,2024-07-01/2024-12-31,159870.SZ,True,1.0695280510493779,9,91,0.8170469500135717,15,a_share,False
rolling_mean_inclusion,2024-01-01/2024-06-30,2024-07-01/2024-12-31,512980.SH,True,1.046592711683982,5,95,0.8288848563395739,16,a_share,False
rolling_mean_inclusion,2024-01-01/2024-06-30,2024-07-01/2024-12-31,159920.SZ,True,1.0049806262163303,44,56,0.7099620956635875,17,hong_kong,True
rolling_mean_inclusion,2024-01-01/2024-06-30,2024-07-01/2024-12-31,501018.SH,True,0.9761445826389846,65,35,0.5865036296898694,18,commodity,True
rolling_mean_inclusion,2024-01-01/2024-06-30,2024-07-01/2024-12-31,512400.SH,True,0.938807444931109,8,92,0.831158319035115,19,a_share,False
rolling_mean_inclusion,2024-01-01/2024-06-30,2024-07-01/2024-12-31,512200.SH,True,0.910000429419002,9,91,0.8328244070978947,20,a_share,False
rolling_mean_inclusion,2024-01-01/2024-06-30,2024-07-01/2024-12-31,563300.SH,True,0.8930686252456573,13,87,0.8318061239366193,21,a_share,False
rolling_mean_inclusion,2024-01-01/2024-06-30,2024-07-01/2024-12-31,513750.SH,True,0.889192859617988,47,53,0.7959426511063019,22,hong_kong,True
rolling_mean_inclusion,2024-01-01/2024-06-30,2024-07-01/2024-12-31,518880.SH,True,0.8763411209393981,70,30,0.7544382148307189,23,commodity,True
rolling_mean_inclusion,2024-01-01/2024-06-30,2024-07-01/2024-12-31,159985.SZ,True,0.857831063247308,67,33,0.8031013234275698,24,commodity,True
rolling_mean_inclusion,2024-01-01/2024-06-30,2024-07-01/2024-12-31,510880.SH,True,0.8548953784359646,6,94,0.8388048153198261,25,a_share,False
rolling_mean_inclusion,2024-01-01/2024-06-30,2024-07-01/2024-12-31,512880.SH,True,0.8398464068084739,4,96,0.8397670758692244,26,a_share,False
rolling_mean_inclusion,2024-01-01/2024-06-30,2024-07-01/2024-12-31,159529.SZ,True,0.8271274688479057,24,76,0.8437627060306538,27,global,True
rolling_mean_inclusion,2024-01-01/2024-06-30,2024-07-01/2024-12-31,159687.SZ,True,0.8076295569164205,26,74,0.85106292474125,28,global,False
rolling_mean_inclusion,2024-01-01/2024-06-30,2024-07-01/2024-12-31,512660.SH,True,0.8057438021093176,11,89,0.8439757650278308,29,a_share,False
rolling_mean_inclusion,2024-01-01/2024-06-30,2024-07-01/2024-12-31,513400.SH,True,0.7940978209216977,30,70,0.8593441469004073,30,global,False
rolling_mean_inclusion,2024-01-01/2024-06-30,2024-07-01/2024-12-31,513070.SH,True,0.7719412966808115,19,81,0.8556807441202965,31,hong_kong,False
rolling_mean_inclusion,2024-01-01/2024-06-30,2024-07-01/2024-12-31,159825.SZ,True,0.7694179209725969,4,96,0.842701596112386,32,a_share,False
rolling_mean_inclusion,2024-01-01/2024-06-30,2024-07-01/2024-12-31,513290.SH,True,0.769256754206667,25,75,0.8632747474068367,33,global,False
rolling_mean_inclusion,2024-01-01/2024-06-30,2024-07-01/2024-12-31,513310.SH,True,0.765259531748033,29,71,0.8702042040843165,34,global,False
rolling_mean_inclusion,2024-01-01/2024-06-30,2024-07-01/2024-12-31,513120.SH,True,0.7644707200578474,51,49,0.9181432283210047,35,hong_kong,False
rolling_mean_inclusion,2024-01-01/2024-06-30,2024-07-01/2024-12-31,513880.SH,True,0.7576514130545593,23,77,0.8642992520834359,36,global,False
rolling_mean_inclusion,2024-01-01/2024-06-30,2024-07-01/2024-12-31,510500.SH,True,0.7454713637489758,9,91,0.8490965124938313,37,a_share,False
rolling_mean_inclusion,2024-01-01/2024-06-30,2024-07-01/2024-12-31,159980.SZ,True,0.7389970366463952,74,26,1.1265863153402385,38,commodity,False
rolling_mean_inclusion,2024-01-01/2024-06-30,2024-07-01/2024-12-31,513080.SH,True,0.7360772781620419,23,77,0.8707434741941878,39,global,False
rolling_mean_inclusion,2024-01-01/2024-06-30,2024-07-01/2024-12-31,510050.SH,True,0.7353536426665714,8,92,0.8488499540146399,40,a_share,False
rolling_mean_inclusion,2024-01-01/2024-06-30,2024-07-01/2024-12-31,164824.SZ,True,0.7332392026192045,32,68,0.8899025062774248,41,global,False
rolling_mean_inclusion,2024-01-01/2024-06-30,2024-07-01/2024-12-31,513180.SH,True,0.7253319616899815,39,61,0.9129357115536091,42,hong_kong,False
rolling_mean_inclusion,2024-01-01/2024-06-30,2024-07-01/2024-12-31,512170.SH,True,0.724777688736541,9,91,0.8511431396928631,43,a_share,False
rolling_mean_inclusion,2024-01-01/2024-06-30,2024-07-01/2024-12-31,515880.SH,True,0.7136060447571453,9,91,0.8522480275589573,44,a_share,False
rolling_mean_inclusion,2024-01-01/2024-06-30,2024-07-01/2024-12-31,513730.SH,True,0.7034947546384047,37,63,0.9198050633183883,45,global,False
rolling_mean_inclusion,2024-01-01/2024-06-30,2024-07-01/2024-12-31,159851.SZ,True,0.6734873656463587,9,91,0.8562158090094748,46,a_share,False
rolling_mean_inclusion,2024-01-01/2024-06-30,2024-07-01/2024-12-31,160644.SZ,True,0.6715192896524657,26,74,0.8988854510772339,47,global,False
rolling_mean_inclusion,2024-01-01/2024-06-30,2024-07-01/2024-12-31,512040.SH,True,0.6702133055666734,5,95,0.8486942987668007,48,a_share,False
rolling_mean_inclusion,2024-01-01/2024-06-30,2024-07-01/2024-12-31,159611.SZ,True,0.6494701782931798,3,97,0.8456558183072154,49,a_share,False
rolling_mean_inclusion,2024-01-01/2024-06-30,2024-07-01/2024-12-31,510300.SH,True,0.640632793760196,7,93,0.8547590898318073,50,a_share,False
rolling_mean_inclusion,2024-01-01/2024-06-30,2024-07-01/2024-12-31,159518.SZ,True,0.6365647132654869,20,80,0.8905716330671212,51,global,False
rolling_mean_inclusion,2024-01-01/2024-06-30,2024-07-01/2024-12-31,588220.SH,True,0.6184452881444303,6,94,0.8538973742746048,52,a_share,False
rolling_mean_inclusion,2024-01-01/2024-06-30,2024-07-01/2024-12-31,159949.SZ,True,0.6164093917433535,6,94,0.854027325108716,53,a_share,False
rolling_mean_inclusion,2024-01-01/2024-06-30,2024-07-01/2024-12-31,513030.SH,True,0.6156435109241083,30,70,0.9358245654708026,54,global,False
rolling_mean_inclusion,2024-01-01/2024-06-30,2024-07-01/2024-12-31,516150.SH,True,0.5902244141888947,12,88,0.873799226595599,55,a_share,False
rolling_mean_inclusion,2024-01-01/2024-06-30,2024-07-01/2024-12-31,159981.SZ,True,0.5856543027691798,71,29,1.461916186691989,56,commodity,False
rolling_mean_inclusion,2024-01-01/2024-06-30,2024-07-01/2024-12-31,159967.SZ,True,0.585289577825258,8,92,0.8618990031312758,57,a_share,False
rolling_mean_inclusion,2024-01-01/2024-06-30,2024-07-01/2024-12-31,588000.SH,True,0.578324154120735,6,94,0.8564582977229257,58,a_share,False
rolling_mean_inclusion,2024-01-01/2024-06-30,2024-07-01/2024-12-31,159796.SZ,True,0.5650228797100973,6,94,0.8573073152384985,59,a_share,False
rolling_mean_inclusion,2024-01-01/2024-06-30,2024-07-01/2024-12-31,159928.SZ,True,0.5521220782407699,12,88,0.8789949996794341,60,a_share,False
rolling_mean_inclusion,2024-01-01/2024-06-30,2024-07-01/2024-12-31,159865.SZ,True,0.4812001359509748,4,96,0.854710670488287,61,a_share,False
rolling_mean_inclusion,2024-01-01/2024-06-30,2024-07-01/2024-12-31,562500.SH,True,0.4091470351644567,4,96,0.8577128830210584,62,a_share,False
rolling_mean_inclusion,2024-01-01/2024-06-30,2024-07-01/2024-12-31,515220.SH,True,0.35615920213603586,10,90,0.8935048098813231,63,a_share,False
rolling_mean_inclusion,2024-01-01/2024-06-30,2024-07-01/2024-12-31,510210.SH,True,0.3303362882927308,9,91,0.8901538276488445,64,a_share,False
rolling_mean_inclusion,2024-01-01/2024-06-30,2024-07-01/2024-12-31,515790.SH,True,0.3174900079594014,5,95,0.8672586828513941,65,a_share,False
rolling_mean_inclusion,2024-01-01/2024-06-30,2024-07-01/2024-12-31,510180.SH,True,0.29270905490285104,5,95,0.8685629435385808,66,a_share,False
rolling_mean_inclusion,2024-01-01/2024-06-30,2024-07-01/2024-12-31,159201.SZ,False,,0,100,0.8397702491067943,,a_share,False
rolling_mean_inclusion,2024-01-01/2024-06-30,2024-07-01/2024-12-31,159206.SZ,False,,0,100,0.8397702491067943,,a_share,False
rolling_mean_inclusion,2024-01-01/2024-06-30,2024-07-01/2024-12-31,159209.SZ,False,,0,100,0.8397702491067943,,a_share,False
rolling_mean_inclusion,2024-01-01/2024-06-30,2024-07-01/2024-12-31,159326.SZ,False,,0,100,0.8397702491067943,,a_share,False
rolling_mean_inclusion,2024-01-01/2024-06-30,2024-07-01/2024-12-31,159329.SZ,False,,0,100,0.8397702491067943,,global,False
rolling_mean_inclusion,2024-01-01/2024-06-30,2024-07-01/2024-12-31,520870.SH,False,,0,100,0.8397702491067943,,global,False
rolling_mean_inclusion,2024-07-01/2024-12-31,2025-01-01/2025-06-30,512880.SH,True,0.8821602940421139,7,93,0.0030069435792962505,1,a_share,True
rolling_mean_inclusion,2024-07-01/2024-12-31,2025-01-01/2025-06-30,159851.SZ,True,0.5523674331908796,7,93,0.027830062137991305,2,a_share,True
rolling_mean_inclusion,2024-07-01/2024-12-31,2025-01-01/2025-06-30,159529.SZ,True,0.48094290489459757,23,77,-0.05983011690138175,3,global,True
rolling_mean_inclusion,2024-07-01/2024-12-31,2025-01-01/2025-06-30,159915.SZ,True,0.45563312879915996,5,95,0.043964233338668945,4,a_share,True
rolling_mean_inclusion,2024-07-01/2024-12-31,2025-01-01/2025-06-30,512200.SH,True,0.4471989240719635,8,92,0.03127365672384391,5,a_share,False
rolling_mean_inclusion,2024-07-01/2024-12-31,2025-01-01/2025-06-30,510300.SH,True,0.44714818581876403,4,96,0.04860599029056554,6,a_share,False
rolling_mean_inclusion,2024-07-01/2024-12-31,2025-01-01/2025-06-30,513730.SH,True,0.4161477523796914,29,71,-0.07906361982875638,7,global,True
rolling_mean_inclusion,2024-07-01/2024-12-31,2025-01-01/2025-06-30,159949.SZ,True,0.4124162041440595,6,94,0.042343304109627576,8,a_share,False
rolling_mean_inclusion,2024-07-01/2024-12-31,2025-01-01/2025-06-30,513100.SH,True,0.3070995544907261,25,75,-0.01630294734798403,9,global,True
rolling_mean_inclusion,2024-07-01/2024-12-31,2025-01-01/2025-06-30,510880.SH,True,0.30576096996698565,7,93,0.046391838939789785,10,a_share,False
rolling_mean_inclusion,2024-07-01/2024-12-31,2025-01-01/2025-06-30,159852.SZ,True,0.26054967354538144,14,86,0.03264037652946521,11,a_share,False
rolling_mean_inclusion,2024-07-01/2024-12-31,2025-01-01/2025-06-30,513400.SH,True,0.25931150310766304,25,75,-0.0003735968869630359,12,global,True
rolling_mean_inclusion,2024-07-01/2024-12-31,2025-01-01/2025-06-30,588000.SH,True,0.25170804842430944,6,94,0.0526012714959946,13,a_share,False
rolling_mean_inclusion,2024-07-01/2024-12-31,2025-01-01/2025-06-30,512660.SH,True,0.24814376333825727,9,91,0.04638982352884654,14,a_share,False
rolling_mean_inclusion,2024-07-01/2024-12-31,2025-01-01/2025-06-30,588200.SH,True,0.22393286576326413,7,93,0.05255094355727419,15,a_share,False
rolling_mean_inclusion,2024-07-01/2024-12-31,2025-01-01/2025-06-30,562500.SH,True,0.21515877213737852,6,94,0.054934204024947655,16,a_share,False
rolling_mean_inclusion,2024-07-01/2024-12-31,2025-01-01/2025-06-30,512170.SH,True,0.2026586084587753,7,93,0.05415223174148304,17,a_share,False
rolling_mean_inclusion,2024-07-01/2024-12-31,2025-01-01/2025-06-30,513180.SH,True,0.20128484002795016,19,81,0.03247352902022586,18,hong_kong,True
rolling_mean_inclusion,2024-07-01/2024-12-31,2025-01-01/2025-06-30,159326.SZ,True,0.19252163772409092,9,91,0.051890912875302536,19,a_share,False
rolling_mean_inclusion,2024-07-01/2024-12-31,2025-01-01/2025-06-30,515210.SH,True,0.17201479372480194,10,90,0.05260688748801477,20,a_share,False
rolling_mean_inclusion,2024-07-01/2024-12-31,2025-01-01/2025-06-30,513070.SH,True,0.16500863400131488,36,64,0.008038390423781475,21,hong_kong,False
rolling_mean_inclusion,2024-07-01/2024-12-31,2025-01-01/2025-06-30,501018.SH,True,0.15509962748166656,72,28,-0.16830019169680863,22,commodity,True
rolling_mean_inclusion,2024-07-01/2024-12-31,2025-01-01/2025-06-30,159687.SZ,True,0.13663389963144493,22,78,0.044215666913814886,23,global,False
rolling_mean_inclusion,2024-07-01/2024-12-31,2025-01-01/2025-06-30,513500.SH,True,0.1258534343176274,23,77,0.04623556911511583,24,global,False
rolling_mean_inclusion,2024-07-01/2024-12-31,2025-01-01/2025-06-30,510050.SH,True,0.12098912989645791,8,92,0.05963972578258354,25,a_share,False
rolling_mean_inclusion,2024-07-01/2024-12-31,2025-01-01/2025-06-30,512040.SH,True,0.11546056040560455,4,96,0.06242630801611387,26,a_share,False
rolling_mean_inclusion,2024-07-01/2024-12-31,2025-01-01/2025-06-30,512980.SH,True,0.11292243548522014,9,91,0.059763361448377676,27,a_share,False
rolling_mean_inclusion,2024-07-01/2024-12-31,2025-01-01/2025-06-30,159901.SZ,True,0.11290590345625713,4,96,0.06253275205567,28,a_share,False
rolling_mean_inclusion,2024-07-01/2024-12-31,2025-01-01/2025-06-30,513880.SH,True,0.10776097688021721,25,75,0.05014324518885222,29,global,False
rolling_mean_inclusion,2024-07-01/2024-12-31,2025-01-01/2025-06-30,513290.SH,True,0.10539044038607279,28,72,0.04866438167165707,30,global,False
rolling_mean_inclusion,2024-07-01/2024-12-31,2025-01-01/2025-06-30,513750.SH,True,0.08144898954380081,54,46,0.04470700816965446,31,hong_kong,True
rolling_mean_inclusion,2024-07-01/2024-12-31,2025-01-01/2025-06-30,159981.SZ,True,0.07405337920252886,71,29,0.04127509957895865,32,commodity,True
rolling_mean_inclusion,2024-07-01/2024-12-31,2025-01-01/2025-06-30,588220.SH,True,0.07357622277949251,13,87,0.06319858523029827,33,a_share,False
rolling_mean_inclusion,2024-07-01/2024-12-31,2025-01-01/2025-06-30,513120.SH,True,0.060071303628481273,62,38,0.07185123647903974,34,hong_kong,False
rolling_mean_inclusion,2024-07-01/2024-12-31,2025-01-01/2025-06-30,518880.SH,True,0.056288095324400544,63,37,0.07861129204681391,35,commodity,True
rolling_mean_inclusion,2024-07-01/2024-12-31,2025-01-01/2025-06-30,512800.SH,True,0.055451649530165834,10,90,0.06555834795408545,36,a_share,False
rolling_mean_inclusion,2024-07-01/2024-12-31,2025-01-01/2025-06-30,159985.SZ,True,0.048087233799731094,66,34,0.09650030530550284,37,commodity,True
rolling_mean_inclusion,2024-07-01/2024-12-31,2025-01-01/2025-06-30,161226.SZ,True,0.033595789980851234,64,36,0.11957325701096863,38,commodity,False
rolling_mean_inclusion,2024-07-01/2024-12-31,2025-01-01/2025-06-30,159825.SZ,True,0.02176165045825813,14,86,0.0715128454041132,39,a_share,False
rolling_mean_inclusion,2024-07-01/2024-12-31,2025-01-01/2025-06-30,515880.SH,True,0.019084232671723947,4,96,0.06644198833835888,40,a_share,False
rolling_mean_inclusion,2024-07-01/2024-12-31,2025-01-01/2025-06-30,159980.SZ,True,0.00818859605662331,64,36,0.16474160176515157,41,commodity,False
rolling_mean_inclusion,2024-07-01/2024-12-31,2025-01-01/2025-06-30,515790.SH,True,-0.014404583760569124,5,95,0.06870306031549679,42,a_share,False
rolling_mean_inclusion,2024-07-01/2024-12-31,2025-01-01/2025-06-30,159865.SZ,True,-0.0335976805973736,10,90,0.07545271796825649,43,a_share,False
rolling_mean_inclusion,2024-07-01/2024-12-31,2025-01-01/2025-06-30,159509.SZ,True,-0.040223533586562145,25,75,0.09947141534444538,44,global,False
rolling_mean_inclusion,2024-07-01/2024-12-31,2025-01-01/2025-06-30,159870.SZ,True,-0.041932484296786914,6,94,0.07134428422287309,45,a_share,False
rolling_mean_inclusion,2024-07-01/2024-12-31,2025-01-01/2025-06-30,510210.SH,True,-0.04468843994169249,3,97,0.06792611475251986,46,a_share,False
rolling_mean_inclusion,2024-07-01/2024-12-31,2025-01-01/2025-06-30,164824.SZ,True,-0.04733521131789403,32,68,0.11719844960796998,47,global,False
rolling_mean_inclusion,2024-07-01/2024-12-31,2025-01-01/2025-06-30,160644.SZ,True,-0.0769543626070422,21,79,0.10216214463186375,48,global,False
rolling_mean_inclusion,2024-07-01/2024-12-31,2025-01-01/2025-06-30,513030.SH,True,-0.08246954627875291,23,77,0.10846191396858006,49,global,False
rolling_mean_inclusion,2024-07-01/2024-12-31,2025-01-01/2025-06-30,159766.SZ,True,-0.12407859333495044,5,95,0.07447537660888529,50,a_share,False
rolling_mean_inclusion,2024-07-01/2024-12-31,2025-01-01/2025-06-30,513310.SH,True,-0.12459565402187955,26,74,0.13100344345592185,51,global,False
rolling_mean_inclusion,2024-07-01/2024-12-31,2025-01-01/2025-06-30,159611.SZ,True,-0.12722170185303228,8,92,0.08122327636949574,52,a_share,False
rolling_mean_inclusion,2024-07-01/2024-12-31,2025-01-01/2025-06-30,159329.SZ,True,-0.13668897804293528,34,66,0.16821504643377494,53,global,False
rolling_mean_inclusion,2024-07-01/2024-12-31,2025-01-01/2025-06-30,512890.SH,True,-0.14323854471744993,8,92,0.0826160453142277,54,a_share,False
rolling_mean_inclusion,2024-07-01/2024-12-31,2025-01-01/2025-06-30,512400.SH,True,-0.16325394421275233,7,93,0.08169403678127546,55,a_share,False
rolling_mean_inclusion,2024-07-01/2024-12-31,2025-01-01/2025-06-30,510180.SH,True,-0.16928634400282908,4,96,0.07429076236646526,56,a_share,False
rolling_mean_inclusion,2024-07-01/2024-12-31,2025-01-01/2025-06-30,515220.SH,True,-0.17078230216273094,11,89,0.09363340601077963,57,a_share,False
rolling_mean_inclusion,2024-07-01/2024-12-31,2025-01-01/2025-06-30,159920.SZ,True,-0.17165011801968186,29,71,0.16102283427802988,58,hong_kong,False
rolling_mean_inclusion,2024-07-01/2024-12-31,2025-01-01/2025-06-30,159518.SZ,True,-0.1791782477090535,22,78,0.13329088795857083,59,global,False
rolling_mean_inclusion,2024-07-01/2024-12-31,2025-01-01/2025-06-30,159967.SZ,True,-0.18378592560658594,9,91,0.08910814441350132,60,a_share,False
rolling_mean_inclusion,2024-07-01/2024-12-31,2025-01-01/2025-06-30,159928.SZ,True,-0.1850878589130823,10,90,0.09228496000333523,61,a_share,False
rolling_mean_inclusion,2024-07-01/2024-12-31,2025-01-01/2025-06-30,159869.SZ,True,-0.21365657609637817,7,93,0.08548778326713974,62,a_share,False
rolling_mean_inclusion,2024-07-01/2024-12-31,2025-01-01/2025-06-30,159796.SZ,True,-0.22773661701263773,4,96,0.07672619040854062,63,a_share,False
rolling_mean_inclusion,2024-07-01/2024-12-31,2025-01-01/2025-06-30,516150.SH,True,-0.27451869599959516,9,91,0.09808171511171103,64,a_share,False
rolling_mean_inclusion,2024-07-01/2024-12-31,2025-01-01/2025-06-30,513080.SH,True,-0.30321872777988845,17,83,0.13987332751117412,65,global,False
rolling_mean_inclusion,2024-07-01/2024-12-31,2025-01-01/2025-06-30,510500.SH,True,-0.310575290546674,10,90,0.10622800796262322,66,a_share,False
rolling_mean_inclusion,2024-07-01/2024-12-31,2025-01-01/2025-06-30,512100.SH,True,-0.44290187678324633,1,99,0.06967343119144037,67,a_share,False
rolling_mean_inclusion,2024-07-01/2024-12-31,2025-01-01/2025-06-30,563300.SH,True,-0.7280690496044071,5,95,0.10626434799148825,68,a_share,False
rolling_mean_inclusion,2024-07-01/2024-12-31,2025-01-01/2025-06-30,159201.SZ,False,,0,100,0.0645476781116935,,a_share,False
rolling_mean_inclusion,2024-07-01/2024-12-31,2025-01-01/2025-06-30,159206.SZ,False,,0,100,0.0645476781116935,,a_share,False
rolling_mean_inclusion,2024-07-01/2024-12-31,2025-01-01/2025-06-30,159209.SZ,False,,0,100,0.0645476781116935,,a_share,False
rolling_mean_inclusion,2024-07-01/2024-12-31,2025-01-01/2025-06-30,520870.SH,False,,0,100,0.0645476781116935,,global,False
rolling_mean_inclusion,2025-01-01/2025-06-30,2025-07-01/2025-12-31,159206.SZ,True,0.9630588372872496,8,92,0.10958904258815814,1,a_share,True
rolling_mean_inclusion,2025-01-01/2025-06-30,2025-07-01/2025-12-31,159869.SZ,True,0.8713679262323965,7,93,0.12566760357829865,2,a_share,True
rolling_mean_inclusion,2025-01-01/2025-06-30,2025-07-01/2025-12-31,512890.SH,True,0.7341739542498414,7,93,0.13599403157698556,3,a_share,True
rolling_mean_inclusion,2025-01-01/2025-06-30,2025-07-01/2025-12-31,159611.SZ,True,0.6504143519499814,5,95,0.15299569322798567,4,a_share,False
rolling_mean_inclusion,2025-01-01/2025-06-30,2025-07-01/2025-12-31,518880.SH,True,0.5867803584264738,66,34,-0.6159070894040803,5,commodity,True
rolling_mean_inclusion,2025-01-01/2025-06-30,2025-07-01/2025-12-31,159901.SZ,True,0.5531120819745997,4,96,0.16223139883864737,6,a_share,False
rolling_mean_inclusion,2025-01-01/2025-06-30,2025-07-01/2025-12-31,513310.SH,True,0.547626293666883,25,75,0.05461340366315295,7,global,True
rolling_mean_inclusion,2025-01-01/2025-06-30,2025-07-01/2025-12-31,512800.SH,True,0.5293080660234966,7,93,0.15141404466929104,8,a_share,False
rolling_mean_inclusion,2025-01-01/2025-06-30,2025-07-01/2025-12-31,563300.SH,True,0.5149371133132685,9,91,0.14452998457790248,9,a_share,False
rolling_mean_inclusion,2025-01-01/2025-06-30,2025-07-01/2025-12-31,159796.SZ,True,0.5049729951398181,6,94,0.15698749622946423,10,a_share,False
rolling_mean_inclusion,2025-01-01/2025-06-30,2025-07-01/2025-12-31,164824.SZ,True,0.44330922038929993,26,74,0.08460301197684793,11,global,True
rolling_mean_inclusion,2025-01-01/2025-06-30,2025-07-01/2025-12-31,159766.SZ,True,0.43157036215155137,5,95,0.16451379795421883,12,a_share,False
rolling_mean_inclusion,2025-01-01/2025-06-30,2025-07-01/2025-12-31,515880.SH,True,0.4309613443842907,8,92,0.15585838979711109,13,a_share,False
rolling_mean_inclusion,2025-01-01/2025-06-30,2025-07-01/2025-12-31,510180.SH,True,0.4232108256657266,7,93,0.15939985845966081,14,a_share,False
rolling_mean_inclusion,2025-01-01/2025-06-30,2025-07-01/2025-12-31,159915.SZ,True,0.4221359711236675,4,96,0.16768873679076954,15,a_share,False
rolling_mean_inclusion,2025-01-01/2025-06-30,2025-07-01/2025-12-31,159852.SZ,True,0.38150496702834513,5,95,0.1671488187501771,16,a_share,False
rolling_mean_inclusion,2025-01-01/2025-06-30,2025-07-01/2025-12-31,159967.SZ,True,0.3715350786955589,5,95,0.16767354971506054,17,a_share,False
rolling_mean_inclusion,2025-01-01/2025-06-30,2025-07-01/2025-12-31,159928.SZ,True,0.31265062511468605,3,97,0.17369804887695348,18,a_share,False
rolling_mean_inclusion,2025-01-01/2025-06-30,2025-07-01/2025-12-31,159529.SZ,True,0.30576576738558925,24,76,0.13747742367308427,19,global,True
rolling_mean_inclusion,2025-01-01/2025-06-30,2025-07-01/2025-12-31,513030.SH,True,0.3024952236134537,26,74,0.13407820003322635,20,global,True
rolling_mean_inclusion,2025-01-01/2025-06-30,2025-07-01/2025-12-31,159865.SZ,True,0.29521984253887545,8,92,0.16766199865323414,21,a_share,False
rolling_mean_inclusion,2025-01-01/2025-06-30,2025-07-01/2025-12-31,515220.SH,True,0.2870048277366439,5,95,0.17212251029184555,22,a_share,False
rolling_mean_inclusion,2025-01-01/2025-06-30,2025-07-01/2025-12-31,513070.SH,True,0.2762740505932192,31,69,0.13365459489882248,23,hong_kong,True
rolling_mean_inclusion,2025-01-01/2025-06-30,2025-07-01/2025-12-31,159980.SZ,True,0.23497111245289434,65,35,0.07181543734201179,24,commodity,True
rolling_mean_inclusion,2025-01-01/2025-06-30,2025-07-01/2025-12-31,512660.SH,True,0.2340683063142974,8,92,0.17297952354232787,25,a_share,False
rolling_mean_inclusion,2025-01-01/2025-06-30,2025-07-01/2025-12-31,588200.SH,True,0.22218061375949108,8,92,0.17401323593839801,26,a_share,False
rolling_mean_inclusion,2025-01-01/2025-06-30,2025-07-01/2025-12-31,513400.SH,True,0.21983398153596312,29,71,0.1607250303079664,27,global,False
rolling_mean_inclusion,2025-01-01/2025-06-30,2025-07-01/2025-12-31,515210.SH,True,0.21872951293956228,8,92,0.17431333166187005,28,a_share,False
rolling_mean_inclusion,2025-01-01/2025-06-30,2025-07-01/2025-12-31,513750.SH,True,0.21600008207516797,49,51,0.1412285998965748,29,hong_kong,True
rolling_mean_inclusion,2025-01-01/2025-06-30,2025-07-01/2025-12-31,513500.SH,True,0.20440821586455002,18,82,0.17204042354691032,30,global,False
rolling_mean_inclusion,2025-01-01/2025-06-30,2025-07-01/2025-12-31,159687.SZ,True,0.20346788699612187,25,75,0.16933287255340662,31,global,False
rolling_mean_inclusion,2025-01-01/2025-06-30,2025-07-01/2025-12-31,513290.SH,True,0.18597978960013872,25,75,0.1751622383520677,32,global,False
rolling_mean_inclusion,2025-01-01/2025-06-30,2025-07-01/2025-12-31,513080.SH,True,0.18318648398235807,26,74,0.17599748693063832,33,global,False
rolling_mean_inclusion,2025-01-01/2025-06-30,2025-07-01/2025-12-31,159329.SZ,True,0.181784928379057,31,69,0.17610622951677943,34,global,False
rolling_mean_inclusion,2025-01-01/2025-06-30,2025-07-01/2025-12-31,513120.SH,True,0.16304059237050414,61,39,0.20105606363609732,35,hong_kong,False
rolling_mean_inclusion,2025-01-01/2025-06-30,2025-07-01/2025-12-31,159949.SZ,True,0.15703998056076005,9,91,0.17992640430067808,36,a_share,False
rolling_mean_inclusion,2025-01-01/2025-06-30,2025-07-01/2025-12-31,159870.SZ,True,0.1559352683108169,4,96,0.17878043274130498,37,a_share,False
rolling_mean_inclusion,2025-01-01/2025-06-30,2025-07-01/2025-12-31,513730.SH,True,0.15385910589933707,33,67,0.18969122569746896,38,global,False
rolling_mean_inclusion,2025-01-01/2025-06-30,2025-07-01/2025-12-31,512400.SH,True,0.13565453030181546,9,91,0.18204144883178247,39,a_share,False
rolling_mean_inclusion,2025-01-01/2025-06-30,2025-07-01/2025-12-31,510300.SH,True,0.13448636273900888,7,93,0.181131807282102,40,a_share,False
rolling_mean_inclusion,2025-01-01/2025-06-30,2025-07-01/2025-12-31,161226.SZ,True,0.12981764599510476,70,30,0.28998091322504044,41,commodity,True
rolling_mean_inclusion,2025-01-01/2025-06-30,2025-07-01/2025-12-31,159981.SZ,True,0.1273970108854604,64,36,0.26759038665941887,42,commodity,True
rolling_mean_inclusion,2025-01-01/2025-06-30,2025-07-01/2025-12-31,513180.SH,True,0.12401459129962919,27,73,0.19778450207285697,43,hong_kong,False
rolling_mean_inclusion,2025-01-01/2025-06-30,2025-07-01/2025-12-31,513100.SH,True,0.11058189084269844,16,84,0.190682766225302,44,global,False
rolling_mean_inclusion,2025-01-01/2025-06-30,2025-07-01/2025-12-31,513880.SH,True,0.09836021422690001,27,73,0.2072731072915376,45,global,False
rolling_mean_inclusion,2025-01-01/2025-06-30,2025-07-01/2025-12-31,159920.SZ,True,0.09784236072041641,32,68,0.21552510401992972,46,hong_kong,False
rolling_mean_inclusion,2025-01-01/2025-06-30,2025-07-01/2025-12-31,512170.SH,True,0.0929192223243405,8,92,0.18525335693275896,47,a_share,False
rolling_mean_inclusion,2025-01-01/2025-06-30,2025-07-01/2025-12-31,562500.SH,True,0.0852725790501527,10,90,0.18815485362118908,48,a_share,False
rolling_mean_inclusion,2025-01-01/2025-06-30,2025-07-01/2025-12-31,512040.SH,True,0.07671638395896418,10,90,0.18910554196465448,49,a_share,False
rolling_mean_inclusion,2025-01-01/2025-06-30,2025-07-01/2025-12-31,512980.SH,True,0.061968043751923475,6,94,0.1852644080201809,50,a_share,False
rolling_mean_inclusion,2025-01-01/2025-06-30,2025-07-01/2025-12-31,501018.SH,True,0.050143419944593225,67,33,0.43718343879153937,51,commodity,False
rolling_mean_inclusion,2025-01-01/2025-06-30,2025-07-01/2025-12-31,515790.SH,True,0.04217833305542859,9,91,0.191286347460546,52,a_share,False
rolling_mean_inclusion,2025-01-01/2025-06-30,2025-07-01/2025-12-31,160644.SZ,True,0.008914307343495067,26,74,0.23722825169564432,53,global,False
rolling_mean_inclusion,2025-01-01/2025-06-30,2025-07-01/2025-12-31,588220.SH,True,0.008794924375708169,8,92,0.1925685132761183,54,a_share,False
rolling_mean_inclusion,2025-01-01/2025-06-30,2025-07-01/2025-12-31,512200.SH,True,-0.011346243594228339,8,92,0.19431991918654754,55,a_share,False
rolling_mean_inclusion,2025-01-01/2025-06-30,2025-07-01/2025-12-31,510210.SH,True,-0.021449521284941448,3,97,0.18403104309549867,56,a_share,False
rolling_mean_inclusion,2025-01-01/2025-06-30,2025-07-01/2025-12-31,588000.SH,True,-0.025124076368643222,6,94,0.19082347951723835,57,a_share,False
rolling_mean_inclusion,2025-01-01/2025-06-30,2025-07-01/2025-12-31,159326.SZ,True,-0.028907518842690827,8,92,0.19584698659945726,58,a_share,False
rolling_mean_inclusion,2025-01-01/2025-06-30,2025-07-01/2025-12-31,159985.SZ,True,-0.05079747871420256,68,32,0.6637778490304475,59,commodity,False
rolling_mean_inclusion,2025-01-01/2025-06-30,2025-07-01/2025-12-31,510050.SH,True,-0.06407159018405476,9,91,0.20179458162708835,60,a_share,False
rolling_mean_inclusion,2025-01-01/2025-06-30,2025-07-01/2025-12-31,512880.SH,True,-0.06448343180106805,11,89,0.20782000411483476,61,a_share,False
rolling_mean_inclusion,2025-01-01/2025-06-30,2025-07-01/2025-12-31,159509.SZ,True,-0.07687324287982053,21,79,0.24558228755550354,62,global,False
rolling_mean_inclusion,2025-01-01/2025-06-30,2025-07-01/2025-12-31,516150.SH,True,-0.12752031254603038,5,95,0.1939396229383021,63,a_share,False
rolling_mean_inclusion,2025-01-01/2025-06-30,2025-07-01/2025-12-31,159209.SZ,True,-0.1995207556339161,5,95,0.19772911994292766,64,a_share,False
rolling_mean_inclusion,2025-01-01/2025-06-30,2025-07-01/2025-12-31,512100.SH,True,-0.20178433310601124,7,93,0.2064425048188239,65,a_share,False
rolling_mean_inclusion,2025-01-01/2025-06-30,2025-07-01/2025-12-31,159201.SZ,True,-0.2045079459417378,7,93,0.20664750793549153,66,a_share,False
rolling_mean_inclusion,2025-01-01/2025-06-30,2025-07-01/2025-12-31,510880.SH,True,-0.21886221232095995,10,90,0.2219476082179794,67,a_share,False
rolling_mean_inclusion,2025-01-01/2025-06-30,2025-07-01/2025-12-31,159825.SZ,True,-0.34199776674900745,4,96,0.19952764253546432,68,a_share,False
rolling_mean_inclusion,2025-01-01/2025-06-30,2025-07-01/2025-12-31,159518.SZ,True,-0.3446376312913315,22,78,0.325239621856639,69,global,False
rolling_mean_inclusion,2025-01-01/2025-06-30,2025-07-01/2025-12-31,159851.SZ,True,-0.38876237613590864,7,93,0.2205161209608592,70,a_share,False
rolling_mean_inclusion,2025-01-01/2025-06-30,2025-07-01/2025-12-31,510500.SH,True,-0.4592250678102669,3,97,0.1975704929880345,71,a_share,False
rolling_mean_inclusion,2025-01-01/2025-06-30,2025-07-01/2025-12-31,520870.SH,False,,0,100,0.1778666261640855,,global,False
rolling_mean_inclusion,2025-07-01/2025-12-31,2026-01-01/2026-06-30,515880.SH,True,2.939262828524329,11,89,2.0786772191242386,1,a_share,True
rolling_mean_inclusion,2025-07-01/2025-12-31,2026-01-01/2026-06-30,159206.SZ,True,2.646496458289896,6,94,2.143140264532824,2,a_share,True
rolling_mean_inclusion,2025-07-01/2025-12-31,2026-01-01/2026-06-30,512660.SH,True,2.5906238749603485,8,92,2.1370562240885005,3,a_share,True
rolling_mean_inclusion,2025-07-01/2025-12-31,2026-01-01/2026-06-30,159796.SZ,True,2.5544088106523155,8,92,2.140205360115286,4,a_share,False
rolling_mean_inclusion,2025-07-01/2025-12-31,2026-01-01/2026-06-30,159967.SZ,True,2.5514088340040577,6,94,2.14920968735958,5,a_share,False
rolling_mean_inclusion,2025-07-01/2025-12-31,2026-01-01/2026-06-30,512170.SH,True,2.551244420075327,8,92,2.140480524513285,6,a_share,False
rolling_mean_inclusion,2025-07-01/2025-12-31,2026-01-01/2026-06-30,516150.SH,True,2.5140757202122592,10,90,2.135482293485581,7,a_share,False
rolling_mean_inclusion,2025-07-01/2025-12-31,2026-01-01/2026-06-30,159509.SZ,True,2.5058976448604233,21,79,2.084940671819696,8,global,True
rolling_mean_inclusion,2025-07-01/2025-12-31,2026-01-01/2026-06-30,159949.SZ,True,2.487060845723551,7,93,2.14972836232,9,a_share,False
rolling_mean_inclusion,2025-07-01/2025-12-31,2026-01-01/2026-06-30,159201.SZ,True,2.4578062693773077,8,92,2.148605581095721,10,a_share,False
rolling_mean_inclusion,2025-07-01/2025-12-31,2026-01-01/2026-06-30,159915.SZ,True,2.429721028770113,6,94,2.1569769940766403,11,a_share,False
rolling_mean_inclusion,2025-07-01/2025-12-31,2026-01-01/2026-06-30,512100.SH,True,2.4201177875993602,3,97,2.1657093840518225,12,a_share,False
rolling_mean_inclusion,2025-07-01/2025-12-31,2026-01-01/2026-06-30,159529.SZ,True,2.396951767995864,19,81,2.1208898768383144,13,global,True
rolling_mean_inclusion,2025-07-01/2025-12-31,2026-01-01/2026-06-30,512040.SH,True,2.387913478535741,8,92,2.154683215081945,14,a_share,False
rolling_mean_inclusion,2025-07-01/2025-12-31,2026-01-01/2026-06-30,510500.SH,True,2.3723466494295287,7,93,2.158362764191593,15,a_share,False
rolling_mean_inclusion,2025-07-01/2025-12-31,2026-01-01/2026-06-30,513290.SH,True,2.3515114959065384,32,68,2.0894969962767003,16,global,True
rolling_mean_inclusion,2025-07-01/2025-12-31,2026-01-01/2026-06-30,161226.SZ,True,2.3345724260080933,68,32,1.8307262077273274,17,commodity,True
rolling_mean_inclusion,2025-07-01/2025-12-31,2026-01-01/2026-06-30,513030.SH,True,2.329018647278141,28,72,2.1128005762782904,18,global,True
rolling_mean_inclusion,2025-07-01/2025-12-31,2026-01-01/2026-06-30,512880.SH,True,2.307436146991236,4,96,2.1677543648735407,19,a_share,False
rolling_mean_inclusion,2025-07-01/2025-12-31,2026-01-01/2026-06-30,513310.SH,True,2.295909583792653,30,70,2.1208125157435034,20,global,False
rolling_mean_inclusion,2025-07-01/2025-12-31,2026-01-01/2026-06-30,159920.SZ,True,2.2745561158774925,48,52,2.0799128856481772,21,hong_kong,True
rolling_mean_inclusion,2025-07-01/2025-12-31,2026-01-01/2026-06-30,510180.SH,True,2.2349595766265726,7,93,2.168703726660633,22,a_share,False
rolling_mean_inclusion,2025-07-01/2025-12-31,2026-01-01/2026-06-30,515210.SH,True,2.229543564003088,7,93,2.1691113835247657,23,a_share,False
rolling_mean_inclusion,2025-07-01/2025-12-31,2026-01-01/2026-06-30,513070.SH,True,2.227001969603032,33,67,2.1469119196854445,24,hong_kong,True
rolling_mean_inclusion,2025-07-01/2025-12-31,2026-01-01/2026-06-30,518880.SH,True,2.225399639843986,69,31,2.057470595696445,25,commodity,True
rolling_mean_inclusion,2025-07-01/2025-12-31,2026-01-01/2026-06-30,159865.SZ,True,2.1986428949749977,7,93,2.171437240333332,26,a_share,False
rolling_mean_inclusion,2025-07-01/2025-12-31,2026-01-01/2026-06-30,513120.SH,True,2.1958399055361695,47,53,2.1533903406721677,27,hong_kong,False
rolling_mean_inclusion,2025-07-01/2025-12-31,2026-01-01/2026-06-30,513750.SH,True,2.194832657890224,27,73,2.165392902092997,28,hong_kong,False
rolling_mean_inclusion,2025-07-01/2025-12-31,2026-01-01/2026-06-30,159870.SZ,True,2.1776605758774825,7,93,2.173016554674005,29,a_share,False
rolling_mean_inclusion,2025-07-01/2025-12-31,2026-01-01/2026-06-30,159518.SZ,True,2.1743923178609403,26,74,2.1729724777221677,30,global,False
rolling_mean_inclusion,2025-07-01/2025-12-31,2026-01-01/2026-06-30,513730.SH,True,2.1737513681171996,23,77,2.173219248689991,31,global,False
rolling_mean_inclusion,2025-07-01/2025-12-31,2026-01-01/2026-06-30,513400.SH,True,2.169982609426034,24,76,2.1744023814421056,32,global,False
rolling_mean_inclusion,2025-07-01/2025-12-31,2026-01-01/2026-06-30,159985.SZ,True,2.1660979019093274,72,28,2.1919683813697595,33,commodity,True
rolling_mean_inclusion,2025-07-01/2025-12-31,2026-01-01/2026-06-30,159901.SZ,True,2.165584192616061,9,91,2.1741088558492345,34,a_share,False
rolling_mean_inclusion,2025-07-01/2025-12-31,2026-01-01/2026-06-30,159766.SZ,True,2.1555850297586803,11,89,2.1755362729042624,35,a_share,False
rolling_mean_inclusion,2025-07-01/2025-12-31,2026-01-01/2026-06-30,588000.SH,True,2.154261628209646,8,92,2.1750007672842138,36,a_share,False
rolling_mean_inclusion,2025-07-01/2025-12-31,2026-01-01/2026-06-30,588220.SH,True,2.144027770743901,10,90,2.1765987323153984,37,a_share,False
rolling_mean_inclusion,2025-07-01/2025-12-31,2026-01-01/2026-06-30,159852.SZ,True,2.1415612973173426,10,90,2.176872784918349,38,a_share,False
rolling_mean_inclusion,2025-07-01/2025-12-31,2026-01-01/2026-06-30,159980.SZ,True,2.141465644303749,66,34,2.2352185615228635,39,commodity,True
rolling_mean_inclusion,2025-07-01/2025-12-31,2026-01-01/2026-06-30,159687.SZ,True,2.136437279193244,27,73,2.186991192843935,40,global,False
rolling_mean_inclusion,2025-07-01/2025-12-31,2026-01-01/2026-06-30,513880.SH,True,2.132639788948938,18,82,2.1822761879846824,41,global,False
rolling_mean_inclusion,2025-07-01/2025-12-31,2026-01-01/2026-06-30,164824.SZ,True,2.1282180934251653,22,78,2.1860687892368107,42,global,False
rolling_mean_inclusion,2025-07-01/2025-12-31,2026-01-01/2026-06-30,510300.SH,True,2.126140475713586,2,98,2.1743049251469153,43,a_share,False
rolling_mean_inclusion,2025-07-01/2025-12-31,2026-01-01/2026-06-30,510880.SH,True,2.113738373550567,7,93,2.1778279032362455,44,a_share,False
rolling_mean_inclusion,2025-07-01/2025-12-31,2026-01-01/2026-06-30,160644.SZ,True,2.106451244562675,21,79,2.191122626329223,45,global,False
rolling_mean_inclusion,2025-07-01/2025-12-31,2026-01-01/2026-06-30,510210.SH,True,2.104420015861553,6,94,2.177740888517612,46,a_share,False
rolling_mean_inclusion,2025-07-01/2025-12-31,2026-01-01/2026-06-30,501018.SH,True,2.0992231425652923,63,37,2.2995433955192275,47,commodity,False
rolling_mean_inclusion,2025-07-01/2025-12-31,2026-01-01/2026-06-30,159209.SZ,True,2.07456589143847,6,94,2.179646470927596,48,a_share,False
rolling_mean_inclusion,2025-07-01/2025-12-31,2026-01-01/2026-06-30,513100.SH,True,2.0643448159409106,31,69,2.2223112220529946,49,global,False
rolling_mean_inclusion,2025-07-01/2025-12-31,2026-01-01/2026-06-30,159981.SZ,True,2.056230885522282,62,38,2.364417071406405,50,commodity,False
rolling_mean_inclusion,2025-07-01/2025-12-31,2026-01-01/2026-06-30,512890.SH,True,2.0544375948977884,8,92,2.1836811180069837,51,a_share,False
rolling_mean_inclusion,2025-07-01/2025-12-31,2026-01-01/2026-06-30,512980.SH,True,1.990970435326507,6,94,2.1849823511049555,52,a_share,False
rolling_mean_inclusion,2025-07-01/2025-12-31,2026-01-01/2026-06-30,513180.SH,True,1.9896358077643104,45,55,2.323646404844198,53,hong_kong,False
rolling_mean_inclusion,2025-07-01/2025-12-31,2026-01-01/2026-06-30,512400.SH,True,1.9797846227682738,4,96,2.181406511716164,54,a_share,False
rolling_mean_inclusion,2025-07-01/2025-12-31,2026-01-01/2026-06-30,563300.SH,True,1.9721924182047674,13,87,2.2033984158524467,55,a_share,False
rolling_mean_inclusion,2025-07-01/2025-12-31,2026-01-01/2026-06-30,513500.SH,True,1.9595276143156395,26,74,2.248465481670517,56,global,False
rolling_mean_inclusion,2025-07-01/2025-12-31,2026-01-01/2026-06-30,513080.SH,True,1.956401620182587,30,70,2.266315928719246,57,global,False
rolling_mean_inclusion,2025-07-01/2025-12-31,2026-01-01/2026-06-30,159329.SZ,True,1.9300193483230308,22,78,2.241970999393823,58,global,False
rolling_mean_inclusion,2025-07-01/2025-12-31,2026-01-01/2026-06-30,562500.SH,True,1.9164443401283757,8,92,2.195680531465194,59,a_share,False
rolling_mean_inclusion,2025-07-01/2025-12-31,2026-01-01/2026-06-30,512200.SH,True,1.9093847592414253,3,97,2.1815052509082533,60,a_share,False
rolling_mean_inclusion,2025-07-01/2025-12-31,2026-01-01/2026-06-30,512800.SH,True,1.9048686216279278,4,96,2.1845280117636783,61,a_share,False
rolling_mean_inclusion,2025-07-01/2025-12-31,2026-01-01/2026-06-30,159928.SZ,True,1.84453320756187,6,94,2.1943294081963156,62,a_share,False
rolling_mean_inclusion,2025-07-01/2025-12-31,2026-01-01/2026-06-30,515220.SH,True,1.8427710640476462,9,91,2.2060354290043516,63,a_share,False
rolling_mean_inclusion,2025-07-01/2025-12-31,2026-01-01/2026-06-30,588200.SH,True,1.7946204885370027,6,94,2.197515326431945,64,a_share,False
rolling_mean_inclusion,2025-07-01/2025-12-31,2026-01-01/2026-06-30,159825.SZ,True,1.7644532818859648,6,94,2.199440892813926,65,a_share,False
rolling_mean_inclusion,2025-07-01/2025-12-31,2026-01-01/2026-06-30,515790.SH,True,1.7322549418582358,6,94,2.2014961060071854,66,a_share,False
rolling_mean_inclusion,2025-07-01/2025-12-31,2026-01-01/2026-06-30,159326.SZ,True,1.7000393382091215,4,96,2.193062565239462,67,a_share,False
rolling_mean_inclusion,2025-07-01/2025-12-31,2026-01-01/2026-06-30,159851.SZ,True,1.632811767547555,8,92,2.2203442334287433,68,a_share,False
rolling_mean_inclusion,2025-07-01/2025-12-31,2026-01-01/2026-06-30,510050.SH,True,1.601120967676164,4,96,2.1971841640116687,69,a_share,False
rolling_mean_inclusion,2025-07-01/2025-12-31,2026-01-01/2026-06-30,159869.SZ,True,1.5686335091279602,2,98,2.18568261834254,70,a_share,False
rolling_mean_inclusion,2025-07-01/2025-12-31,2026-01-01/2026-06-30,159611.SZ,True,1.533301840019492,6,94,2.2141952401671054,71,a_share,False
rolling_mean_inclusion,2025-07-01/2025-12-31,2026-01-01/2026-06-30,520870.SH,False,,0,100,2.173341636158248,,global,False
rolling_mean_inclusion,2026-01-01/2026-06-30,2026-07-01/2026-07-26,159967.SZ,True,1.5056340643469197,6,94,0.25002177890599336,1,a_share,True
rolling_mean_inclusion,2026-01-01/2026-06-30,2026-07-01/2026-07-26,515880.SH,True,1.132287028419455,8,92,0.255190819303144,2,a_share,True
rolling_mean_inclusion,2026-01-01/2026-06-30,2026-07-01/2026-07-26,159915.SZ,True,0.9951582902414637,4,96,0.2974501921070733,3,a_share,False
rolling_mean_inclusion,2026-01-01/2026-06-30,2026-07-01/2026-07-26,588220.SH,True,0.9573331172366317,9,91,0.26285553349577157,4,a_share,True
rolling_mean_inclusion,2026-01-01/2026-06-30,2026-07-01/2026-07-26,510050.SH,True,0.8519020098835896,7,93,0.28572621004365345,5,a_share,False
rolling_mean_inclusion,2026-01-01/2026-06-30,2026-07-01/2026-07-26,515790.SH,True,0.8135771176067006,8,92,0.2829047245912096,6,a_share,False
rolling_mean_inclusion,2026-01-01/2026-06-30,2026-07-01/2026-07-26,510500.SH,True,0.8031550829185876,5,95,0.3002113283015996,7,a_share,False
rolling_mean_inclusion,2026-01-01/2026-06-30,2026-07-01/2026-07-26,588000.SH,True,0.7476681741302214,5,95,0.30313169192203987,8,a_share,False
rolling_mean_inclusion,2026-01-01/2026-06-30,2026-07-01/2026-07-26,512400.SH,True,0.6928241917119541,6,94,0.3019032601380125,9,a_share,False
rolling_mean_inclusion,2026-01-01/2026-06-30,2026-07-01/2026-07-26,513310.SH,True,0.6756761677482612,18,82,0.24845951931434376,10,global,True
rolling_mean_inclusion,2026-01-01/2026-06-30,2026-07-01/2026-07-26,159326.SZ,True,0.6609928369195469,2,98,0.31850883601434493,11,a_share,False
rolling_mean_inclusion,2026-01-01/2026-06-30,2026-07-01/2026-07-26,159928.SZ,True,0.6416483541690401,7,93,0.3015517540221679,12,a_share,False
rolling_mean_inclusion,2026-01-01/2026-06-30,2026-07-01/2026-07-26,588200.SH,True,0.6275502765350214,5,95,0.30945368653231353,13,a_share,False
rolling_mean_inclusion,2026-01-01/2026-06-30,2026-07-01/2026-07-26,513100.SH,True,0.6003607698162767,23,77,0.24321498568143549,14,global,True
rolling_mean_inclusion,2026-01-01/2026-06-30,2026-07-01/2026-07-26,160644.SZ,True,0.5551612082045226,20,80,0.26790784298943054,15,global,True
rolling_mean_inclusion,2026-01-01/2026-06-30,2026-07-01/2026-07-26,159796.SZ,True,0.5526587284238506,10,90,0.3001029368778487,16,a_share,False
rolling_mean_inclusion,2026-01-01/2026-06-30,2026-07-01/2026-07-26,513400.SH,True,0.5487180161266079,25,75,0.25090534933439596,17,global,True
rolling_mean_inclusion,2026-01-01/2026-06-30,2026-07-01/2026-07-26,159869.SZ,True,0.5250399295341619,8,92,0.307994914858387,18,a_share,False
rolling_mean_inclusion,2026-01-01/2026-06-30,2026-07-01/2026-07-26,516150.SH,True,0.5200494378799637,5,95,0.31511162540889553,19,a_share,False
rolling_mean_inclusion,2026-01-01/2026-06-30,2026-07-01/2026-07-26,512890.SH,True,0.49497131791759447,3,97,0.32011275927311456,20,a_share,False
rolling_mean_inclusion,2026-01-01/2026-06-30,2026-07-01/2026-07-26,159529.SZ,True,0.4759165460837498,21,79,0.2853367612086855,21,global,False
rolling_mean_inclusion,2026-01-01/2026-06-30,2026-07-01/2026-07-26,513500.SH,True,0.4671927373728949,25,75,0.2780804422523003,22,global,False
rolling_mean_inclusion,2026-01-01/2026-06-30,2026-07-01/2026-07-26,513290.SH,True,0.45512223569703286,22,78,0.28875849253730984,23,global,False
rolling_mean_inclusion,2026-01-01/2026-06-30,2026-07-01/2026-07-26,513880.SH,True,0.43409633913043527,19,81,0.29985211308353854,24,global,False
rolling_mean_inclusion,2026-01-01/2026-06-30,2026-07-01/2026-07-26,501018.SH,True,0.3953534220812378,67,33,0.18324764617581688,25,commodity,True
rolling_mean_inclusion,2026-01-01/2026-06-30,2026-07-01/2026-07-26,512200.SH,True,0.37819672994325737,6,94,0.32198586408069524,26,a_share,False
rolling_mean_inclusion,2026-01-01/2026-06-30,2026-07-01/2026-07-26,513750.SH,True,0.3659600139716696,46,54,0.29077205482496465,27,hong_kong,True
rolling_mean_inclusion,2026-01-01/2026-06-30,2026-07-01/2026-07-26,161226.SZ,True,0.36347842342356246,65,35,0.2545644023060952,28,commodity,True
rolling_mean_inclusion,2026-01-01/2026-06-30,2026-07-01/2026-07-26,513730.SH,True,0.35949947182829667,26,74,0.31336304507715107,29,global,False
rolling_mean_inclusion,2026-01-01/2026-06-30,2026-07-01/2026-07-26,159981.SZ,True,0.353262678661989,71,29,0.2570414282152992,30,commodity,True
rolling_mean_inclusion,2026-01-01/2026-06-30,2026-07-01/2026-07-26,520870.SH,True,0.344379807813212,21,79,0.3203022232806005,31,global,False
rolling_mean_inclusion,2026-01-01/2026-06-30,2026-07-01/2026-07-26,159901.SZ,True,0.33289668475275996,5,95,0.3249617703103273,32,a_share,False
rolling_mean_inclusion,2026-01-01/2026-06-30,2026-07-01/2026-07-26,159985.SZ,True,0.3302532747304636,63,37,0.31702419716826175,33,commodity,True
rolling_mean_inclusion,2026-01-01/2026-06-30,2026-07-01/2026-07-26,159920.SZ,True,0.3288924549028274,39,61,0.3230991124923709,34,hong_kong,True
rolling_mean_inclusion,2026-01-01/2026-06-30,2026-07-01/2026-07-26,159509.SZ,True,0.3284907511039345,25,75,0.32431443767528706,35,global,False
rolling_mean_inclusion,2026-01-01/2026-06-30,2026-07-01/2026-07-26,510300.SH,True,0.3271392509605305,6,94,0.32524485210086934,36,a_share,False
rolling_mean_inclusion,2026-01-01/2026-06-30,2026-07-01/2026-07-26,513070.SH,True,0.3232641494035301,38,62,0.32664216009533464,37,hong_kong,False
rolling_mean_inclusion,2026-01-01/2026-06-30,2026-07-01/2026-07-26,513120.SH,True,0.3212794666549407,42,58,0.32831231040926523,38,hong_kong,False
rolling_mean_inclusion,2026-01-01/2026-06-30,2026-07-01/2026-07-26,510180.SH,True,0.31689488432840485,7,93,0.32599556358006515,39,a_share,False
rolling_mean_inclusion,2026-01-01/2026-06-30,2026-07-01/2026-07-26,512040.SH,True,0.30694155330163264,11,89,0.32763476985311163,40,a_share,False
rolling_mean_inclusion,2026-01-01/2026-06-30,2026-07-01/2026-07-26,164824.SZ,True,0.29658782371170506,15,85,0.33043569703022724,41,global,False
rolling_mean_inclusion,2026-01-01/2026-06-30,2026-07-01/2026-07-26,159870.SZ,True,0.2820337382775019,5,95,0.3276387674932356,42,a_share,False
rolling_mean_inclusion,2026-01-01/2026-06-30,2026-07-01/2026-07-26,513180.SH,True,0.2752274727354587,35,65,0.35235215473082826,43,hong_kong,False
rolling_mean_inclusion,2026-01-01/2026-06-30,2026-07-01/2026-07-26,562500.SH,True,0.26475610547541817,6,94,0.3292267550041743,44,a_share,False
rolling_mean_inclusion,2026-01-01/2026-06-30,2026-07-01/2026-07-26,518880.SH,True,0.26336112750883073,60,40,0.41835459881787623,45,commodity,False
rolling_mean_inclusion,2026-01-01/2026-06-30,2026-07-01/2026-07-26,159851.SZ,True,0.25074437461585497,8,92,0.3318467022425875,46,a_share,False
rolling_mean_inclusion,2026-01-01/2026-06-30,2026-07-01/2026-07-26,159980.SZ,True,0.24782912793857853,74,26,0.5460190821457723,47,commodity,False
rolling_mean_inclusion,2026-01-01/2026-06-30,2026-07-01/2026-07-26,159209.SZ,True,0.23190896372249808,7,93,0.3323923533030904,48,a_share,False
rolling_mean_inclusion,2026-01-01/2026-06-30,2026-07-01/2026-07-26,159518.SZ,True,0.2239199185250214,30,70,0.36883220067848926,49,global,False
rolling_mean_inclusion,2026-01-01/2026-06-30,2026-07-01/2026-07-26,159949.SZ,True,0.2235103833009427,10,90,0.33667497522483847,50,a_share,False
rolling_mean_inclusion,2026-01-01/2026-06-30,2026-07-01/2026-07-26,159201.SZ,True,0.22344748141829845,5,95,0.3307222546963516,51,a_share,False
rolling_mean_inclusion,2026-01-01/2026-06-30,2026-07-01/2026-07-26,159206.SZ,True,0.2148793699030114,6,94,0.33241037642368965,52,a_share,False
rolling_mean_inclusion,2026-01-01/2026-06-30,2026-07-01/2026-07-26,512980.SH,True,0.17817158761984755,9,91,0.3399154649963326,53,a_share,False
rolling_mean_inclusion,2026-01-01/2026-06-30,2026-07-01/2026-07-26,512880.SH,True,0.17022650407489878,6,94,0.33526055934888827,54,a_share,False
rolling_mean_inclusion,2026-01-01/2026-06-30,2026-07-01/2026-07-26,159687.SZ,True,0.1673420663250272,27,73,0.38380295633519396,55,global,False
rolling_mean_inclusion,2026-01-01/2026-06-30,2026-07-01/2026-07-26,159865.SZ,True,0.12691211476667957,9,91,0.34498508319060195,56,a_share,False
rolling_mean_inclusion,2026-01-01/2026-06-30,2026-07-01/2026-07-26,159611.SZ,True,0.0996375053014027,8,92,0.34498643000906165,57,a_share,False
rolling_mean_inclusion,2026-01-01/2026-06-30,2026-07-01/2026-07-26,510210.SH,True,0.09091519630622207,9,91,0.34854521798339444,58,a_share,False
rolling_mean_inclusion,2026-01-01/2026-06-30,2026-07-01/2026-07-26,159329.SZ,True,0.08954146326941856,30,70,0.4264229672166048,59,global,False
rolling_mean_inclusion,2026-01-01/2026-06-30,2026-07-01/2026-07-26,159825.SZ,True,0.05569333467093432,8,92,0.348807662237798,60,a_share,False
rolling_mean_inclusion,2026-01-01/2026-06-30,2026-07-01/2026-07-26,513080.SH,True,0.030252234487433183,28,72,0.44012206996662173,61,global,False
rolling_mean_inclusion,2026-01-01/2026-06-30,2026-07-01/2026-07-26,159852.SZ,True,-0.001992563642419534,9,91,0.3577338975387547,62,a_share,False
rolling_mean_inclusion,2026-01-01/2026-06-30,2026-07-01/2026-07-26,159766.SZ,True,-0.029155257536611755,3,97,0.33632285954489416,63,a_share,False
rolling_mean_inclusion,2026-01-01/2026-06-30,2026-07-01/2026-07-26,512170.SH,True,-0.029324960095626195,10,90,0.3647677911577907,64,a_share,False
rolling_mean_inclusion,2026-01-01/2026-06-30,2026-07-01/2026-07-26,512660.SH,True,-0.061085521427866246,8,92,0.3589623453768241,65,a_share,False
rolling_mean_inclusion,2026-01-01/2026-06-30,2026-07-01/2026-07-26,512800.SH,True,-0.08614174900626574,6,94,0.35162449039662225,66,a_share,False
rolling_mean_inclusion,2026-01-01/2026-06-30,2026-07-01/2026-07-26,563300.SH,True,-0.0996661487528778,9,91,0.36739392243978897,67,a_share,False
rolling_mean_inclusion,2026-01-01/2026-06-30,2026-07-01/2026-07-26,512100.SH,True,-0.16730574456458963,5,95,0.35128821395860893,68,a_share,False
rolling_mean_inclusion,2026-01-01/2026-06-30,2026-07-01/2026-07-26,513030.SH,True,-0.18368042342229685,25,75,0.49503816251736416,69,global,False
rolling_mean_inclusion,2026-01-01/2026-06-30,2026-07-01/2026-07-26,515210.SH,True,-0.2053485934433589,6,94,0.35923343791388346,70,a_share,False
rolling_mean_inclusion,2026-01-01/2026-06-30,2026-07-01/2026-07-26,510880.SH,True,-0.2773604885611289,8,92,0.3777688642579774,71,a_share,False
rolling_mean_inclusion,2026-01-01/2026-06-30,2026-07-01/2026-07-26,515220.SH,True,-0.31822673816678027,7,93,0.3738004168861543,72,a_share,False
