method,training_period,holding_period,evaluation,codes,sharpe,maximum_within_group_correlation,phase
rolling_mean_inclusion,2021-07-01/2021-12-31,2022-01-01/2022-06-30,1,159901.SZ|159920.SZ|159980.SZ|159985.SZ|501018.SH|512200.SH|513030.SH|513080.SH|513180.SH|513500.SH|513880.SH|516150.SH|518880.SH,-1.3809150180987266,0.9194433972050108,random
rolling_mean_inclusion,2021-07-01/2021-12-31,2022-01-01/2022-06-30,2,159825.SZ|159869.SZ|159920.SZ|159949.SZ|159980.SZ|159981.SZ|159985.SZ|160644.SZ|161226.SZ|164824.SZ|513030.SH|513100.SH|513180.SH,-0.09507470222157471,0.9194433972050108,random
rolling_mean_inclusion,2021-07-01/2021-12-31,2022-01-01/2022-06-30,3,159920.SZ|159980.SZ|159985.SZ|160644.SZ|161226.SZ|501018.SH|510180.SH|512660.SH|512880.SH|513030.SH|513100.SH|513180.SH|513500.SH,-0.2136423291269693,0.9194433972050108,random
rolling_mean_inclusion,2021-07-01/2021-12-31,2022-01-01/2022-06-30,4,159825.SZ|159870.SZ|159920.SZ|159980.SZ|159981.SZ|160644.SZ|161226.SZ|164824.SZ|512040.SH|513080.SH|513180.SH|513880.SH|518880.SH,-0.9191750884189797,0.9194433972050108,random
rolling_mean_inclusion,2021-07-01/2021-12-31,2022-01-01/2022-06-30,5,159865.SZ|159920.SZ|159980.SZ|159981.SZ|159985.SZ|164824.SZ|501018.SH|510210.SH|512100.SH|513030.SH|513080.SH|513180.SH|513500.SH,0.4828387088919193,0.9194433972050108,random
rolling_mean_inclusion,2021-07-01/2021-12-31,2022-01-01/2022-06-30,6,159870.SZ|159920.SZ|159967.SZ|159981.SZ|159985.SZ|161226.SZ|164824.SZ|510880.SH|513030.SH|513080.SH|513180.SH|513880.SH|518880.SH,-0.8921474599190523,0.9194433972050108,random
rolling_mean_inclusion,2021-07-01/2021-12-31,2022-01-01/2022-06-30,7,159920.SZ|159980.SZ|160644.SZ|161226.SZ|164824.SZ|501018.SH|512800.SH|513180.SH|513500.SH|513880.SH|515210.SH|518880.SH|588000.SH,-0.5372583885678947,0.9194433972050108,random
rolling_mean_inclusion,2021-07-01/2021-12-31,2022-01-01/2022-06-30,8,159825.SZ|159865.SZ|159920.SZ|159980.SZ|159985.SZ|160644.SZ|161226.SZ|164824.SZ|512400.SH|513030.SH|513180.SH|513880.SH|518880.SH,-2.0844356569807267,0.9194433972050108,random
rolling_mean_inclusion,2021-07-01/2021-12-31,2022-01-01/2022-06-30,9,159920.SZ|159980.SZ|159985.SZ|160644.SZ|164824.SZ|501018.SH|510180.SH|512170.SH|513080.SH|513180.SH|513880.SH|516150.SH|518880.SH,-1.512153716437847,0.9194433972050108,random
rolling_mean_inclusion,2021-07-01/2021-12-31,2022-01-01/2022-06-30,10,159852.SZ|159920.SZ|159980.SZ|159985.SZ|160644.SZ|161226.SZ|512200.SH|513030.SH|513080.SH|513100.SH|513180.SH|515880.SH|518880.SH,-2.0400869126818373,0.9194433972050108,random
rolling_mean_inclusion,2021-07-01/2021-12-31,2022-01-01/2022-06-30,11,159920.SZ|159981.SZ|159985.SZ|160644.SZ|161226.SZ|164824.SZ|501018.SH|512400.SH|512800.SH|513030.SH|513180.SH|513500.SH|515790.SH,-0.820798882122489,0.9194433972050108,random
rolling_mean_inclusion,2021-07-01/2021-12-31,2022-01-01/2022-06-30,12,159920.SZ|159980.SZ|159981.SZ|161226.SZ|164824.SZ|512400.SH|512980.SH|513030.SH|513080.SH|513100.SH|513180.SH|518880.SH|588000.SH,-0.3322526566663244,0.9194433972050108,random
rolling_mean_inclusion,2021-07-01/2021-12-31,2022-01-01/2022-06-30,13,159852.SZ|159920.SZ|159980.SZ|159981.SZ|159985.SZ|160644.SZ|161226.SZ|510180.SH|512980.SH|513080.SH|513100.SH|513180.SH|513500.SH,-0.756910579033397,0.9194433972050108,random
rolling_mean_inclusion,2021-07-01/2021-12-31,2022-01-01/2022-06-30,14,159920.SZ|159980.SZ|159985.SZ|160644.SZ|161226.SZ|164824.SZ|501018.SH|512880.SH|513100.SH|513180.SH|513880.SH|515790.SH|516150.SH,0.3688598292439532,0.9194433972050108,random
rolling_mean_inclusion,2021-07-01/2021-12-31,2022-01-01/2022-06-30,15,159766.SZ|159920.SZ|159980.SZ|159981.SZ|159985.SZ|161226.SZ|164824.SZ|510180.SH|510500.SH|513030.SH|513080.SH|513180.SH|513500.SH,-0.9416849495333046,0.9194433972050108,random
rolling_mean_inclusion,2021-07-01/2021-12-31,2022-01-01/2022-06-30,16,159869.SZ|159870.SZ|159920.SZ|159980.SZ|159981.SZ|159985.SZ|164824.SZ|501018.SH|512200.SH|513030.SH|513100.SH|513180.SH|513500.SH,0.05663695897732912,0.9194433972050108,random
rolling_mean_inclusion,2021-07-01/2021-12-31,2022-01-01/2022-06-30,17,159915.SZ|159920.SZ|159981.SZ|159985.SZ|160644.SZ|161226.SZ|164824.SZ|513030.SH|513180.SH|513880.SH|515210.SH|515880.SH|518880.SH,0.07692191870595254,0.9194433972050108,random
rolling_mean_inclusion,2021-07-01/2021-12-31,2022-01-01/2022-06-30,18,159920.SZ|159980.SZ|159981.SZ|159985.SZ|164824.SZ|501018.SH|510210.SH|512100.SH|513030.SH|513180.SH|513500.SH|513880.SH|515790.SH,0.39151736491133576,0.9194433972050108,random
rolling_mean_inclusion,2021-07-01/2021-12-31,2022-01-01/2022-06-30,19,159870.SZ|159920.SZ|159967.SZ|159980.SZ|159981.SZ|161226.SZ|164824.SZ|501018.SH|513030.SH|513080.SH|513180.SH|513500.SH|515210.SH,-0.3371821338819445,0.9194433972050108,random
rolling_mean_inclusion,2021-07-01/2021-12-31,2022-01-01/2022-06-30,20,159869.SZ|159920.SZ|159980.SZ|159981.SZ|160644.SZ|161226.SZ|164824.SZ|501018.SH|510050.SH|512660.SH|513100.SH|513180.SH|513880.SH,0.34274732919610307,0.9194433972050108,random
rolling_mean_inclusion,2021-07-01/2021-12-31,2022-01-01/2022-06-30,21,159869.SZ|159920.SZ|159980.SZ|159981.SZ|159985.SZ|160644.SZ|164824.SZ|501018.SH|510300.SH|510500.SH|513100.SH|513180.SH|513500.SH,0.9120196682355712,0.9194433972050108,random
rolling_mean_inclusion,2021-07-01/2021-12-31,2022-01-01/2022-06-30,22,159920.SZ|159980.SZ|160644.SZ|161226.SZ|164824.SZ|501018.SH|510210.SH|512170.SH|512400.SH|513080.SH|513180.SH|513880.SH|518880.SH,-1.942878489580958,0.9194433972050108,random
rolling_mean_inclusion,2021-07-01/2021-12-31,2022-01-01/2022-06-30,23,159920.SZ|159981.SZ|159985.SZ|160644.SZ|161226.SZ|164824.SZ|501018.SH|512040.SH|512100.SH|512200.SH|513180.SH|513500.SH|513880.SH,1.0437226655148206,0.9194433972050108,random
rolling_mean_inclusion,2021-07-01/2021-12-31,2022-01-01/2022-06-30,24,159901.SZ|159920.SZ|159981.SZ|159985.SZ|501018.SH|512980.SH|513080.SH|513100.SH|513180.SH|513500.SH|513880.SH|515880.SH|518880.SH,-0.9941952044033221,0.9194433972050108,random
rolling_mean_inclusion,2021-07-01/2021-12-31,2022-01-01/2022-06-30,25,159865.SZ|159920.SZ|159967.SZ|159981.SZ|161226.SZ|164824.SZ|501018.SH|510880.SH|513030.SH|513080.SH|513180.SH|513880.SH|518880.SH,-0.9839342327269524,0.9194433972050108,random
rolling_mean_inclusion,2021-07-01/2021-12-31,2022-01-01/2022-06-30,26,159766.SZ|159920.SZ|159980.SZ|161226.SZ|164824.SZ|501018.SH|512400.SH|512890.SH|513030.SH|513080.SH|513180.SH|513880.SH|518880.SH,-0.9614464122184134,0.9194433972050108,random
rolling_mean_inclusion,2021-07-01/2021-12-31,2022-01-01/2022-06-30,27,159870.SZ|159920.SZ|159980.SZ|159985.SZ|161226.SZ|164824.SZ|513030.SH|513180.SH|513500.SH|513880.SH|515790.SH|516150.SH|518880.SH,-1.189138942804316,0.9194433972050108,random
rolling_mean_inclusion,2021-07-01/2021-12-31,2022-01-01/2022-06-30,28,159766.SZ|159901.SZ|159920.SZ|159980.SZ|159981.SZ|159985.SZ|160644.SZ|164824.SZ|513030.SH|513180.SH|513880.SH|515880.SH|518880.SH,-0.3303849183472334,0.9194433972050108,random
rolling_mean_inclusion,2021-07-01/2021-12-31,2022-01-01/2022-06-30,29,159869.SZ|159920.SZ|159981.SZ|159985.SZ|160644.SZ|161226.SZ|164824.SZ|512660.SH|513030.SH|513080.SH|513180.SH|516150.SH|518880.SH,-0.558708135083372,0.9194433972050108,random
rolling_mean_inclusion,2021-07-01/2021-12-31,2022-01-01/2022-06-30,30,159851.SZ|159920.SZ|159980.SZ|159981.SZ|159985.SZ|160644.SZ|510210.SH|510880.SH|513080.SH|513100.SH|513180.SH|513500.SH|518880.SH,0.3580536709140156,0.9194433972050108,random
rolling_mean_inclusion,2021-07-01/2021-12-31,2022-01-01/2022-06-30,31,159920.SZ|159980.SZ|159981.SZ|159985.SZ|510880.SH|512800.SH|513080.SH|513100.SH|513180.SH|513500.SH|513880.SH|516150.SH|518880.SH,-0.9517843174303707,0.9194433972050108,random
rolling_mean_inclusion,2021-07-01/2021-12-31,2022-01-01/2022-06-30,32,159901.SZ|159920.SZ|159980.SZ|159981.SZ|161226.SZ|501018.SH|510880.SH|513030.SH|513080.SH|513100.SH|513180.SH|513880.SH|588000.SH,0.1494456669112271,0.9194433972050108,random
rolling_mean_inclusion,2021-07-01/2021-12-31,2022-01-01/2022-06-30,33,159920.SZ|159981.SZ|159985.SZ|160644.SZ|161226.SZ|164824.SZ|501018.SH|512400.SH|513030.SH|513180.SH|513880.SH|515790.SH|515880.SH,0.3931740634680918,0.9194433972050108,random
rolling_mean_inclusion,2021-07-01/2021-12-31,2022-01-01/2022-06-30,34,159825.SZ|159870.SZ|159920.SZ|159980.SZ|159985.SZ|161226.SZ|501018.SH|510500.SH|513030.SH|513080.SH|513180.SH|513500.SH|513880.SH,-0.8581302437730614,0.9194433972050108,random
rolling_mean_inclusion,2021-07-01/2021-12-31,2022-01-01/2022-06-30,35,159852.SZ|159920.SZ|159980.SZ|159985.SZ|161226.SZ|164824.SZ|501018.SH|510180.SH|512170.SH|513030.SH|513100.SH|513180.SH|513500.SH,-0.8739272491156004,0.9194433972050108,random
rolling_mean_inclusion,2021-07-01/2021-12-31,2022-01-01/2022-06-30,36,159766.SZ|159870.SZ|159920.SZ|159981.SZ|159985.SZ|160644.SZ|161226.SZ|164824.SZ|512890.SH|513100.SH|513180.SH|513500.SH|518880.SH,-0.2422988553768516,0.9194433972050108,random
rolling_mean_inclusion,2021-07-01/2021-12-31,2022-01-01/2022-06-30,37,159920.SZ|159981.SZ|159985.SZ|161226.SZ|164824.SZ|512200.SH|513080.SH|513180.SH|513500.SH|513880.SH|515210.SH|515790.SH|518880.SH,-0.3496181058239031,0.9194433972050108,random
rolling_mean_inclusion,2021-07-01/2021-12-31,2022-01-01/2022-06-30,38,159852.SZ|159865.SZ|159920.SZ|159967.SZ|159980.SZ|161226.SZ|164824.SZ|501018.SH|513080.SH|513100.SH|513180.SH|513500.SH|518880.SH,-1.0712792628715622,0.9194433972050108,random
rolling_mean_inclusion,2021-07-01/2021-12-31,2022-01-01/2022-06-30,39,159851.SZ|159920.SZ|159981.SZ|160644.SZ|161226.SZ|501018.SH|510500.SH|512170.SH|513030.SH|513180.SH|513500.SH|513880.SH|518880.SH,-1.2828510500516963,0.9194433972050108,random
rolling_mean_inclusion,2021-07-01/2021-12-31,2022-01-01/2022-06-30,40,159869.SZ|159920.SZ|159981.SZ|159985.SZ|160644.SZ|164824.SZ|501018.SH|510180.SH|512890.SH|513080.SH|513180.SH|513500.SH|518880.SH,0.24915080348468824,0.9194433972050108,random
rolling_mean_inclusion,2021-07-01/2021-12-31,2022-01-01/2022-06-30,41,159920.SZ|159980.SZ|159985.SZ|160644.SZ|161226.SZ|164824.SZ|501018.SH|510210.SH|510300.SH|512040.SH|513180.SH|513500.SH|513880.SH,-0.4051216431131844,0.9194433972050108,random
rolling_mean_inclusion,2021-07-01/2021-12-31,2022-01-01/2022-06-30,42,159920.SZ|159949.SZ|159980.SZ|159981.SZ|160644.SZ|161226.SZ|164824.SZ|501018.SH|512170.SH|512880.SH|513180.SH|513500.SH|513880.SH,0.3768727077985008,0.9194433972050108,random
rolling_mean_inclusion,2021-07-01/2021-12-31,2022-01-01/2022-06-30,43,159920.SZ|159967.SZ|159980.SZ|159985.SZ|164824.SZ|501018.SH|510180.SH|512100.SH|513030.SH|513080.SH|513180.SH|513880.SH|518880.SH,-0.7872762737094231,0.9194433972050108,random
rolling_mean_inclusion,2021-07-01/2021-12-31,2022-01-01/2022-06-30,44,159766.SZ|159901.SZ|159920.SZ|159980.SZ|159981.SZ|159985.SZ|161226.SZ|510050.SH|513030.SH|513080.SH|513100.SH|513180.SH|513880.SH,-0.7520906746609518,0.9194433972050108,random
rolling_mean_inclusion,2021-07-01/2021-12-31,2022-01-01/2022-06-30,45,159870.SZ|159920.SZ|159980.SZ|159981.SZ|160644.SZ|161226.SZ|164824.SZ|501018.SH|512800.SH|513030.SH|513100.SH|513180.SH|515220.SH,-0.40040242023372474,0.9194433972050108,random
rolling_mean_inclusion,2021-07-01/2021-12-31,2022-01-01/2022-06-30,46,159920.SZ|159928.SZ|159981.SZ|159985.SZ|164824.SZ|501018.SH|510500.SH|512890.SH|513030.SH|513080.SH|513180.SH|513880.SH|518880.SH,-0.18240355162687696,0.9194433972050108,random
rolling_mean_inclusion,2021-07-01/2021-12-31,2022-01-01/2022-06-30,47,159766.SZ|159851.SZ|159920.SZ|159980.SZ|159981.SZ|159985.SZ|512200.SH|513030.SH|513080.SH|513100.SH|513180.SH|513880.SH|518880.SH,-1.0415661691240858,0.9194433972050108,random
rolling_mean_inclusion,2021-07-01/2021-12-31,2022-01-01/2022-06-30,48,159920.SZ|159981.SZ|159985.SZ|164824.SZ|501018.SH|510500.SH|510880.SH|513030.SH|513100.SH|513180.SH|513500.SH|518880.SH|588000.SH,-0.008454543275147207,0.9194433972050108,random
rolling_mean_inclusion,2021-07-01/2021-12-31,2022-01-01/2022-06-30,49,159851.SZ|159920.SZ|159985.SZ|161226.SZ|164824.SZ|501018.SH|510050.SH|513080.SH|513100.SH|513180.SH|513500.SH|518880.SH|588000.SH,-1.2088902411979592,0.9194433972050108,random
rolling_mean_inclusion,2021-07-01/2021-12-31,2022-01-01/2022-06-30,50,159920.SZ|159980.SZ|159985.SZ|160644.SZ|164824.SZ|501018.SH|512100.SH|512800.SH|513030.SH|513080.SH|513180.SH|515880.SH|518880.SH,-0.9458006656615658,0.9194433972050108,random
rolling_mean_inclusion,2021-07-01/2021-12-31,2022-01-01/2022-06-30,51,159920.SZ|159928.SZ|159980.SZ|159981.SZ|159985.SZ|161226.SZ|164824.SZ|512880.SH|513030.SH|513100.SH|513180.SH|513500.SH|588000.SH,0.5715026726136253,0.9194433972050108,random
rolling_mean_inclusion,2021-07-01/2021-12-31,2022-01-01/2022-06-30,52,159766.SZ|159825.SZ|159920.SZ|159967.SZ|159980.SZ|159981.SZ|160644.SZ|161226.SZ|501018.SH|513030.SH|513180.SH|513500.SH|513880.SH,-0.6406218263544017,0.9194433972050108,random
rolling_mean_inclusion,2021-07-01/2021-12-31,2022-01-01/2022-06-30,53,159766.SZ|159825.SZ|159920.SZ|159980.SZ|159981.SZ|161226.SZ|501018.SH|510050.SH|513030.SH|513100.SH|513180.SH|513500.SH|513880.SH,-0.8491853500601421,0.9194433972050108,random
rolling_mean_inclusion,2021-07-01/2021-12-31,2022-01-01/2022-06-30,54,159920.SZ|159980.SZ|159985.SZ|160644.SZ|161226.SZ|164824.SZ|501018.SH|512100.SH|512800.SH|513080.SH|513180.SH|513880.SH|515880.SH,0.11709517447456183,0.9194433972050108,random
rolling_mean_inclusion,2021-07-01/2021-12-31,2022-01-01/2022-06-30,55,159869.SZ|159920.SZ|159981.SZ|159985.SZ|160644.SZ|164824.SZ|501018.SH|510500.SH|512170.SH|513030.SH|513180.SH|513880.SH|518880.SH,-1.1573212664851293,0.9194433972050108,random
rolling_mean_inclusion,2021-07-01/2021-12-31,2022-01-01/2022-06-30,56,159901.SZ|159920.SZ|159981.SZ|159985.SZ|161226.SZ|164824.SZ|510500.SH|512200.SH|513030.SH|513100.SH|513180.SH|513500.SH|518880.SH,-0.754815535285497,0.9194433972050108,random
rolling_mean_inclusion,2021-07-01/2021-12-31,2022-01-01/2022-06-30,57,159920.SZ|159980.SZ|159985.SZ|160644.SZ|161226.SZ|164824.SZ|501018.SH|512040.SH|512200.SH|513030.SH|513180.SH|513880.SH|515880.SH,-0.06895105824150391,0.9194433972050108,random
rolling_mean_inclusion,2021-07-01/2021-12-31,2022-01-01/2022-06-30,58,159920.SZ|159980.SZ|159981.SZ|160644.SZ|161226.SZ|164824.SZ|501018.SH|510050.SH|510210.SH|513030.SH|513180.SH|513880.SH|515790.SH,-0.6902605196877897,0.9194433972050108,random
rolling_mean_inclusion,2021-07-01/2021-12-31,2022-01-01/2022-06-30,59,159865.SZ|159920.SZ|159980.SZ|159981.SZ|161226.SZ|164824.SZ|512400.SH|512880.SH|513030.SH|513080.SH|513180.SH|513500.SH|518880.SH,0.09284492738237789,0.9194433972050108,random
rolling_mean_inclusion,2021-07-01/2021-12-31,2022-01-01/2022-06-30,60,159865.SZ|159869.SZ|159920.SZ|159928.SZ|159981.SZ|159985.SZ|160644.SZ|164824.SZ|501018.SH|513180.SH|513500.SH|513880.SH|518880.SH,-0.12781043398275713,0.9194433972050108,random
rolling_mean_inclusion,2021-07-01/2021-12-31,2022-01-01/2022-06-30,61,159901.SZ|159920.SZ|159985.SZ|160644.SZ|161226.SZ|501018.SH|512660.SH|512800.SH|513030.SH|513180.SH|513500.SH|513880.SH|518880.SH,-2.2150797966435896,0.9194433972050108,random
rolling_mean_inclusion,2021-07-01/2021-12-31,2022-01-01/2022-06-30,62,159851.SZ|159865.SZ|159920.SZ|159928.SZ|159980.SZ|159985.SZ|160644.SZ|501018.SH|513100.SH|513180.SH|513500.SH|513880.SH|518880.SH,-1.1210165476132345,0.9194433972050108,random
rolling_mean_inclusion,2021-07-01/2021-12-31,2022-01-01/2022-06-30,63,159920.SZ|159981.SZ|159985.SZ|160644.SZ|501018.SH|510210.SH|510500.SH|512660.SH|513030.SH|513100.SH|513180.SH|513500.SH|518880.SH,-0.42189648554825854,0.9194433972050108,random
rolling_mean_inclusion,2021-07-01/2021-12-31,2022-01-01/2022-06-30,64,159920.SZ|159981.SZ|159985.SZ|161226.SZ|501018.SH|512040.SH|512170.SH|513030.SH|513080.SH|513100.SH|513180.SH|513880.SH|516150.SH,-0.07264418952311223,0.9194433972050108,random
rolling_mean_inclusion,2021-07-01/2021-12-31,2022-01-01/2022-06-30,65,159920.SZ|159981.SZ|160644.SZ|161226.SZ|164824.SZ|501018.SH|510180.SH|510500.SH|513100.SH|513180.SH|513880.SH|515220.SH|518880.SH,0.26340149979631006,0.9194433972050108,random
rolling_mean_inclusion,2021-07-01/2021-12-31,2022-01-01/2022-06-30,66,159870.SZ|159920.SZ|159981.SZ|159985.SZ|160644.SZ|501018.SH|510210.SH|512040.SH|513080.SH|513100.SH|513180.SH|513500.SH|518880.SH,-0.8482366504682667,0.9194433972050108,random
rolling_mean_inclusion,2021-07-01/2021-12-31,2022-01-01/2022-06-30,67,159825.SZ|159920.SZ|159967.SZ|159981.SZ|161226.SZ|501018.SH|510180.SH|513030.SH|513080.SH|513100.SH|513180.SH|513500.SH|518880.SH,-0.13063073769310643,0.9194433972050108,random
rolling_mean_inclusion,2021-07-01/2021-12-31,2022-01-01/2022-06-30,68,159920.SZ|159980.SZ|159981.SZ|159985.SZ|160644.SZ|501018.SH|512200.SH|512660.SH|512880.SH|513030.SH|513080.SH|513180.SH|513500.SH,0.27402865636241736,0.9194433972050108,random
rolling_mean_inclusion,2021-07-01/2021-12-31,2022-01-01/2022-06-30,69,159920.SZ|159967.SZ|159980.SZ|159981.SZ|161226.SZ|164824.SZ|510500.SH|513030.SH|513100.SH|513180.SH|513500.SH|518880.SH|588000.SH,0.4598513218936343,0.9194433972050108,random
rolling_mean_inclusion,2021-07-01/2021-12-31,2022-01-01/2022-06-30,70,159852.SZ|159869.SZ|159920.SZ|159980.SZ|159981.SZ|159985.SZ|164824.SZ|510050.SH|513080.SH|513100.SH|513180.SH|513500.SH|518880.SH,-0.3071923067436204,0.9194433972050108,random
rolling_mean_inclusion,2021-07-01/2021-12-31,2022-01-01/2022-06-30,71,159920.SZ|159980.SZ|159981.SZ|164824.SZ|501018.SH|510210.SH|512400.SH|513030.SH|513080.SH|513180.SH|513500.SH|518880.SH|588000.SH,0.4778306462263042,0.9194433972050108,random
rolling_mean_inclusion,2021-07-01/2021-12-31,2022-01-01/2022-06-30,72,159901.SZ|159920.SZ|159981.SZ|159985.SZ|160644.SZ|161226.SZ|164824.SZ|501018.SH|510050.SH|512170.SH|513180.SH|513500.SH|513880.SH,-0.2761545959533684,0.9194433972050108,random
rolling_mean_inclusion,2021-07-01/2021-12-31,2022-01-01/2022-06-30,73,159870.SZ|159920.SZ|159985.SZ|161226.SZ|164824.SZ|501018.SH|512040.SH|513030.SH|513180.SH|513500.SH|513880.SH|518880.SH|588000.SH,-1.4234642015040506,0.9194433972050108,random
rolling_mean_inclusion,2021-07-01/2021-12-31,2022-01-01/2022-06-30,74,159766.SZ|159870.SZ|159920.SZ|159980.SZ|159981.SZ|160644.SZ|161226.SZ|501018.SH|510500.SH|513100.SH|513180.SH|513500.SH|513880.SH,-0.4274775483581799,0.9194433972050108,random
rolling_mean_inclusion,2021-07-01/2021-12-31,2022-01-01/2022-06-30,75,159869.SZ|159920.SZ|159981.SZ|159985.SZ|160644.SZ|161226.SZ|164824.SZ|501018.SH|510050.SH|512170.SH|513080.SH|513100.SH|513180.SH,0.6182027068141989,0.9194433972050108,random
rolling_mean_inclusion,2021-07-01/2021-12-31,2022-01-01/2022-06-30,76,159851.SZ|159920.SZ|159949.SZ|159980.SZ|159985.SZ|161226.SZ|164824.SZ|501018.SH|512800.SH|513030.SH|513100.SH|513180.SH|513500.SH,0.045522263411451665,0.9194433972050108,random
rolling_mean_inclusion,2021-07-01/2021-12-31,2022-01-01/2022-06-30,77,159920.SZ|159985.SZ|160644.SZ|161226.SZ|501018.SH|512890.SH|513030.SH|513100.SH|513180.SH|513500.SH|515790.SH|518880.SH|588000.SH,-0.4469753933615722,0.9194433972050108,random
rolling_mean_inclusion,2021-07-01/2021-12-31,2022-01-01/2022-06-30,78,159920.SZ|159981.SZ|159985.SZ|160644.SZ|164824.SZ|501018.SH|510050.SH|513100.SH|513180.SH|513880.SH|515790.SH|515880.SH|518880.SH,-0.30672620170230463,0.9194433972050108,random
rolling_mean_inclusion,2021-07-01/2021-12-31,2022-01-01/2022-06-30,79,159766.SZ|159920.SZ|159980.SZ|159985.SZ|161226.SZ|164824.SZ|512170.SH|513030.SH|513080.SH|513180.SH|513500.SH|515790.SH|518880.SH,-1.5562039876532916,0.9194433972050108,random
rolling_mean_inclusion,2021-07-01/2021-12-31,2022-01-01/2022-06-30,80,159920.SZ|159967.SZ|159980.SZ|160644.SZ|161226.SZ|501018.SH|510300.SH|512040.SH|513030.SH|513100.SH|513180.SH|513880.SH|518880.SH,-0.3722679146594501,0.9194433972050108,random
rolling_mean_inclusion,2021-07-01/2021-12-31,2022-01-01/2022-06-30,81,159852.SZ|159920.SZ|159967.SZ|159980.SZ|161226.SZ|164824.SZ|501018.SH|510210.SH|513030.SH|513080.SH|513180.SH|513500.SH|518880.SH,-0.4459448462412979,0.9194433972050108,random
rolling_mean_inclusion,2021-07-01/2021-12-31,2022-01-01/2022-06-30,82,159920.SZ|159981.SZ|159985.SZ|161226.SZ|164824.SZ|501018.SH|510210.SH|510880.SH|512980.SH|513080.SH|513180.SH|513500.SH|513880.SH,-0.016423073028958676,0.9194433972050108,random
rolling_mean_inclusion,2021-07-01/2021-12-31,2022-01-01/2022-06-30,83,159915.SZ|159920.SZ|159980.SZ|159981.SZ|160644.SZ|501018.SH|512200.SH|512980.SH|513030.SH|513100.SH|513180.SH|513880.SH|518880.SH,-0.5639148550665929,0.9194433972050108,random
rolling_mean_inclusion,2021-07-01/2021-12-31,2022-01-01/2022-06-30,84,159851.SZ|159852.SZ|159915.SZ|159920.SZ|159980.SZ|159981.SZ|161226.SZ|164824.SZ|513030.SH|513180.SH|513500.SH|513880.SH|518880.SH,-1.0345693908354985,0.9194433972050108,random
rolling_mean_inclusion,2021-07-01/2021-12-31,2022-01-01/2022-06-30,85,159920.SZ|159980.SZ|159981.SZ|160644.SZ|161226.SZ|510210.SH|510300.SH|512040.SH|513080.SH|513180.SH|513500.SH|513880.SH|518880.SH,-0.49812929845778176,0.9194433972050108,random
rolling_mean_inclusion,2021-07-01/2021-12-31,2022-01-01/2022-06-30,86,159920.SZ|159981.SZ|159985.SZ|160644.SZ|501018.SH|512400.SH|512800.SH|513030.SH|513080.SH|513180.SH|513500.SH|518880.SH|588000.SH,-1.355954493417187,0.9194433972050108,random
rolling_mean_inclusion,2021-07-01/2021-12-31,2022-01-01/2022-06-30,87,159825.SZ|159920.SZ|159981.SZ|159985.SZ|161226.SZ|501018.SH|510880.SH|513030.SH|513080.SH|513100.SH|513180.SH|513880.SH|515880.SH,0.18823113144435233,0.9194433972050108,random
rolling_mean_inclusion,2021-07-01/2021-12-31,2022-01-01/2022-06-30,88,159852.SZ|159920.SZ|159967.SZ|159981.SZ|160644.SZ|161226.SZ|501018.SH|512800.SH|513030.SH|513180.SH|513500.SH|513880.SH|518880.SH,-1.712361095948856,0.9194433972050108,random
rolling_mean_inclusion,2021-07-01/2021-12-31,2022-01-01/2022-06-30,89,159920.SZ|159980.SZ|161226.SZ|164824.SZ|501018.SH|510210.SH|513080.SH|513100.SH|513180.SH|513880.SH|515210.SH|518880.SH|588000.SH,0.2650807818936117,0.9194433972050108,random
rolling_mean_inclusion,2021-07-01/2021-12-31,2022-01-01/2022-06-30,90,159920.SZ|159981.SZ|159985.SZ|160644.SZ|161226.SZ|164824.SZ|501018.SH|510880.SH|512880.SH|513030.SH|513080.SH|513180.SH|515880.SH,-0.000920184118549959,0.9194433972050108,random
rolling_mean_inclusion,2021-07-01/2021-12-31,2022-01-01/2022-06-30,91,159852.SZ|159869.SZ|159915.SZ|159920.SZ|159981.SZ|159985.SZ|161226.SZ|164824.SZ|501018.SH|513030.SH|513100.SH|513180.SH|513500.SH,0.361783971115708,0.9194433972050108,random
rolling_mean_inclusion,2021-07-01/2021-12-31,2022-01-01/2022-06-30,92,159920.SZ|159928.SZ|159980.SZ|159981.SZ|159985.SZ|161226.SZ|510300.SH|513030.SH|513080.SH|513100.SH|513180.SH|513880.SH|515790.SH,-0.3569244311214561,0.9194433972050108,random
rolling_mean_inclusion,2021-07-01/2021-12-31,2022-01-01/2022-06-30,93,159766.SZ|159865.SZ|159920.SZ|159967.SZ|159985.SZ|160644.SZ|161226.SZ|501018.SH|513100.SH|513180.SH|513500.SH|513880.SH|518880.SH,-1.893871450232692,0.9194433972050108,random
rolling_mean_inclusion,2021-07-01/2021-12-31,2022-01-01/2022-06-30,94,159869.SZ|159920.SZ|159967.SZ|159980.SZ|159981.SZ|160644.SZ|161226.SZ|512980.SH|513030.SH|513180.SH|513500.SH|513880.SH|518880.SH,-0.35398357797256214,0.9194433972050108,random
rolling_mean_inclusion,2021-07-01/2021-12-31,2022-01-01/2022-06-30,95,159825.SZ|159915.SZ|159920.SZ|159980.SZ|159981.SZ|159985.SZ|160644.SZ|161226.SZ|164824.SZ|513030.SH|513080.SH|513180.SH|515210.SH,-0.42093968858435415,0.9194433972050108,random
rolling_mean_inclusion,2021-07-01/2021-12-31,2022-01-01/2022-06-30,96,159920.SZ|159928.SZ|159981.SZ|159985.SZ|160644.SZ|161226.SZ|510210.SH|512400.SH|513080.SH|513100.SH|513180.SH|513880.SH|518880.SH,-1.2985781399580425,0.9194433972050108,random
rolling_mean_inclusion,2021-07-01/2021-12-31,2022-01-01/2022-06-30,97,159920.SZ|159928.SZ|159967.SZ|159981.SZ|160644.SZ|161226.SZ|164824.SZ|501018.SH|512800.SH|513080.SH|513180.SH|513500.SH|518880.SH,-0.8787677403674325,0.9194433972050108,random
rolling_mean_inclusion,2021-07-01/2021-12-31,2022-01-01/2022-06-30,98,159870.SZ|159920.SZ|159980.SZ|160644.SZ|161226.SZ|164824.SZ|501018.SH|512890.SH|512980.SH|513080.SH|513180.SH|513500.SH|518880.SH,-0.9034694896167453,0.9194433972050108,random
rolling_mean_inclusion,2021-07-01/2021-12-31,2022-01-01/2022-06-30,99,159920.SZ|159980.SZ|159985.SZ|161226.SZ|501018.SH|510210.SH|512170.SH|513030.SH|513080.SH|513180.SH|513500.SH|513880.SH|515210.SH,-0.4568768800577868,0.9194433972050108,random
rolling_mean_inclusion,2021-07-01/2021-12-31,2022-01-01/2022-06-30,100,159870.SZ|159901.SZ|159920.SZ|159980.SZ|159981.SZ|159985.SZ|161226.SZ|164824.SZ|512200.SH|513030.SH|513100.SH|513180.SH|513500.SH,-0.5922443319217371,0.9194433972050108,random
rolling_mean_inclusion,2022-01-01/2022-06-30,2022-07-01/2022-12-31,1,159981.SZ|159985.SZ|160644.SZ|164824.SZ|501018.SH|512660.SH|512890.SH|513030.SH|513070.SH|513180.SH|513880.SH|515220.SH|518880.SH,0.1179473858711675,0.9123874319228055,random
rolling_mean_inclusion,2022-01-01/2022-06-30,2022-07-01/2022-12-31,2,159825.SZ|159981.SZ|160644.SZ|161226.SZ|501018.SH|512100.SH|513070.SH|513080.SH|513180.SH|513500.SH|513880.SH|515880.SH|518880.SH,-0.09715454070954545,0.9123874319228055,random
rolling_mean_inclusion,2022-01-01/2022-06-30,2022-07-01/2022-12-31,3,159920.SZ|159949.SZ|159981.SZ|159985.SZ|160644.SZ|161226.SZ|164824.SZ|512040.SH|512400.SH|513070.SH|513080.SH|513100.SH|518880.SH,-0.706256683041138,0.902954449056628,random
rolling_mean_inclusion,2022-01-01/2022-06-30,2022-07-01/2022-12-31,4,159980.SZ|159981.SZ|161226.SZ|164824.SZ|510300.SH|512880.SH|513070.SH|513080.SH|513100.SH|513180.SH|513880.SH|515880.SH|518880.SH,-0.24131240433232268,0.9123874319228055,random
rolling_mean_inclusion,2022-01-01/2022-06-30,2022-07-01/2022-12-31,5,159870.SZ|159920.SZ|159928.SZ|159980.SZ|159981.SZ|160644.SZ|164824.SZ|501018.SH|513030.SH|513070.SH|513100.SH|515220.SH|518880.SH,-0.08371919375927371,0.902954449056628,random
rolling_mean_inclusion,2022-01-01/2022-06-30,2022-07-01/2022-12-31,6,159869.SZ|159870.SZ|159985.SZ|161226.SZ|164824.SZ|501018.SH|510500.SH|513070.SH|513080.SH|513180.SH|513500.SH|513880.SH|518880.SH,0.4842842010728798,0.9123874319228055,random
rolling_mean_inclusion,2022-01-01/2022-06-30,2022-07-01/2022-12-31,7,159928.SZ|159981.SZ|159985.SZ|160644.SZ|164824.SZ|501018.SH|510050.SH|512200.SH|513070.SH|513100.SH|513180.SH|513880.SH|518880.SH,1.0600756762293801,0.9123874319228055,random
rolling_mean_inclusion,2022-01-01/2022-06-30,2022-07-01/2022-12-31,8,159865.SZ|159980.SZ|159981.SZ|159985.SZ|160644.SZ|164824.SZ|512170.SH|512400.SH|513070.SH|513080.SH|513180.SH|513880.SH|518880.SH,-0.027055233653015123,0.9123874319228055,random
rolling_mean_inclusion,2022-01-01/2022-06-30,2022-07-01/2022-12-31,9,159915.SZ|159920.SZ|159980.SZ|159981.SZ|161226.SZ|164824.SZ|510500.SH|513030.SH|513070.SH|513500.SH|513880.SH|518880.SH|588000.SH,-1.0599180937983579,0.902954449056628,random
rolling_mean_inclusion,2022-01-01/2022-06-30,2022-07-01/2022-12-31,10,159920.SZ|159980.SZ|159985.SZ|160644.SZ|161226.SZ|164824.SZ|510180.SH|512200.SH|513070.SH|513500.SH|513880.SH|518880.SH|588000.SH,0.1004083939832203,0.902954449056628,random
rolling_mean_inclusion,2022-01-01/2022-06-30,2022-07-01/2022-12-31,11,159920.SZ|159967.SZ|159980.SZ|159981.SZ|159985.SZ|164824.SZ|512800.SH|513070.SH|513080.SH|513500.SH|513880.SH|516150.SH|518880.SH,-0.3011811210444089,0.902954449056628,random
rolling_mean_inclusion,2022-01-01/2022-06-30,2022-07-01/2022-12-31,12,159901.SZ|159980.SZ|159985.SZ|160644.SZ|161226.SZ|512170.SH|513030.SH|513070.SH|513180.SH|513500.SH|513880.SH|516150.SH|518880.SH,0.17631203028631234,0.9123874319228055,random
rolling_mean_inclusion,2022-01-01/2022-06-30,2022-07-01/2022-12-31,13,159796.SZ|159870.SZ|159980.SZ|161226.SZ|164824.SZ|501018.SH|510300.SH|513070.SH|513080.SH|513180.SH|513500.SH|513880.SH|518880.SH,0.36333476910031404,0.9123874319228055,random
rolling_mean_inclusion,2022-01-01/2022-06-30,2022-07-01/2022-12-31,14,159985.SZ|160644.SZ|161226.SZ|501018.SH|510500.SH|512040.SH|512890.SH|513070.SH|513080.SH|513180.SH|513500.SH|513880.SH|518880.SH,0.6287120089076621,0.9123874319228055,random
rolling_mean_inclusion,2022-01-01/2022-06-30,2022-07-01/2022-12-31,15,159920.SZ|159981.SZ|159985.SZ|160644.SZ|161226.SZ|164824.SZ|510180.SH|510500.SH|512660.SH|513070.SH|513080.SH|513500.SH|518880.SH,-0.3729861798767422,0.902954449056628,random
rolling_mean_inclusion,2022-01-01/2022-06-30,2022-07-01/2022-12-31,16,159869.SZ|159920.SZ|159980.SZ|159985.SZ|160644.SZ|164824.SZ|501018.SH|510050.SH|513030.SH|513070.SH|513880.SH|518880.SH|562500.SH,0.6405462718976915,0.902954449056628,random
rolling_mean_inclusion,2022-01-01/2022-06-30,2022-07-01/2022-12-31,17,159852.SZ|159928.SZ|159980.SZ|159985.SZ|160644.SZ|161226.SZ|164824.SZ|512400.SH|513030.SH|513070.SH|513180.SH|513880.SH|518880.SH,0.025349320114395047,0.9123874319228055,random
rolling_mean_inclusion,2022-01-01/2022-06-30,2022-07-01/2022-12-31,18,159920.SZ|159981.SZ|161226.SZ|164824.SZ|501018.SH|510050.SH|513070.SH|513080.SH|513100.SH|513880.SH|516150.SH|518880.SH|588000.SH,-0.04991628309800906,0.902954449056628,random
rolling_mean_inclusion,2022-01-01/2022-06-30,2022-07-01/2022-12-31,19,159981.SZ|159985.SZ|164824.SZ|501018.SH|512980.SH|513070.SH|513080.SH|513100.SH|513180.SH|513880.SH|515220.SH|515790.SH|518880.SH,0.7030349637278257,0.9123874319228055,random
rolling_mean_inclusion,2022-01-01/2022-06-30,2022-07-01/2022-12-31,20,159796.SZ|159980.SZ|159981.SZ|160644.SZ|161226.SZ|164824.SZ|501018.SH|510300.SH|513070.SH|513080.SH|513100.SH|513180.SH|516150.SH,0.8889022711572616,0.9123874319228055,random
rolling_mean_inclusion,2022-01-01/2022-06-30,2022-07-01/2022-12-31,21,159852.SZ|159981.SZ|160644.SZ|161226.SZ|501018.SH|512170.SH|513070.SH|513080.SH|513100.SH|513180.SH|513880.SH|518880.SH|588000.SH,0.8158480616773562,0.9123874319228055,random
rolling_mean_inclusion,2022-01-01/2022-06-30,2022-07-01/2022-12-31,22,159851.SZ|159901.SZ|159920.SZ|159980.SZ|159981.SZ|159985.SZ|160644.SZ|513030.SH|513070.SH|513100.SH|513880.SH|518880.SH|588000.SH,-0.5287284950075514,0.902954449056628,random
rolling_mean_inclusion,2022-01-01/2022-06-30,2022-07-01/2022-12-31,23,159915.SZ|159920.SZ|159980.SZ|159985.SZ|161226.SZ|164824.SZ|510880.SH|512980.SH|513030.SH|513070.SH|513100.SH|513880.SH|518880.SH,-0.5779474948463491,0.902954449056628,random
rolling_mean_inclusion,2022-01-01/2022-06-30,2022-07-01/2022-12-31,24,159852.SZ|159920.SZ|159980.SZ|159981.SZ|164824.SZ|501018.SH|512660.SH|512980.SH|513070.SH|513080.SH|513500.SH|513880.SH|518880.SH,-0.04486605214891539,0.902954449056628,random
rolling_mean_inclusion,2022-01-01/2022-06-30,2022-07-01/2022-12-31,25,159949.SZ|159980.SZ|159981.SZ|159985.SZ|164824.SZ|501018.SH|512660.SH|513070.SH|513080.SH|513100.SH|513180.SH|513880.SH|562500.SH,0.929385702571329,0.9123874319228055,random
rolling_mean_inclusion,2022-01-01/2022-06-30,2022-07-01/2022-12-31,26,159920.SZ|159980.SZ|160644.SZ|161226.SZ|164824.SZ|501018.SH|512100.SH|512800.SH|512880.SH|513070.SH|513080.SH|513880.SH|518880.SH,-0.30739609246870575,0.902954449056628,random
rolling_mean_inclusion,2022-01-01/2022-06-30,2022-07-01/2022-12-31,27,159920.SZ|159949.SZ|159985.SZ|160644.SZ|161226.SZ|164824.SZ|501018.SH|512040.SH|513030.SH|513070.SH|513500.SH|515880.SH|518880.SH,0.45165966263253343,0.902954449056628,random
rolling_mean_inclusion,2022-01-01/2022-06-30,2022-07-01/2022-12-31,28,159920.SZ|159981.SZ|159985.SZ|160644.SZ|161226.SZ|164824.SZ|510050.SH|510500.SH|510880.SH|513070.SH|513080.SH|513880.SH|518880.SH,-0.5697102202268711,0.902954449056628,random
rolling_mean_inclusion,2022-01-01/2022-06-30,2022-07-01/2022-12-31,29,159611.SZ|159796.SZ|159920.SZ|159981.SZ|159985.SZ|160644.SZ|164824.SZ|501018.SH|510500.SH|513070.SH|513500.SH|513880.SH|518880.SH,0.40800747355239414,0.902954449056628,random
rolling_mean_inclusion,2022-01-01/2022-06-30,2022-07-01/2022-12-31,30,159865.SZ|159949.SZ|159980.SZ|159985.SZ|160644.SZ|164824.SZ|501018.SH|513030.SH|513070.SH|513180.SH|513880.SH|515220.SH|518880.SH,0.11572562583557841,0.9123874319228055,random
rolling_mean_inclusion,2022-01-01/2022-06-30,2022-07-01/2022-12-31,31,159852.SZ|159920.SZ|159928.SZ|159981.SZ|159985.SZ|160644.SZ|161226.SZ|164824.SZ|510180.SH|513070.SH|513080.SH|513880.SH|518880.SH,-0.007750232341363939,0.902954449056628,random
rolling_mean_inclusion,2022-01-01/2022-06-30,2022-07-01/2022-12-31,32,159920.SZ|159928.SZ|159981.SZ|159985.SZ|160644.SZ|161226.SZ|501018.SH|510300.SH|512100.SH|513070.SH|513080.SH|513100.SH|513880.SH,-0.44185454064088536,0.902954449056628,random
rolling_mean_inclusion,2022-01-01/2022-06-30,2022-07-01/2022-12-31,33,159920.SZ|159981.SZ|159985.SZ|164824.SZ|501018.SH|512400.SH|512660.SH|513030.SH|513070.SH|513100.SH|513880.SH|516150.SH|518880.SH,-0.10292129066607891,0.9034988167972082,random
rolling_mean_inclusion,2022-01-01/2022-06-30,2022-07-01/2022-12-31,34,159825.SZ|159980.SZ|159981.SZ|159985.SZ|160644.SZ|512660.SH|512880.SH|513030.SH|513070.SH|513100.SH|513180.SH|513880.SH|518880.SH,-0.6436995612685757,0.9123874319228055,random
rolling_mean_inclusion,2022-01-01/2022-06-30,2022-07-01/2022-12-31,35,159920.SZ|159981.SZ|160644.SZ|161226.SZ|164824.SZ|501018.SH|510050.SH|512200.SH|513030.SH|513070.SH|513500.SH|518880.SH|562500.SH,0.8756467980360039,0.902954449056628,random
rolling_mean_inclusion,2022-01-01/2022-06-30,2022-07-01/2022-12-31,36,159980.SZ|159981.SZ|160644.SZ|161226.SZ|164824.SZ|501018.SH|510050.SH|510500.SH|513030.SH|513070.SH|513100.SH|513180.SH|516150.SH,0.4223094017087569,0.9123874319228055,random
rolling_mean_inclusion,2022-01-01/2022-06-30,2022-07-01/2022-12-31,37,159981.SZ|159985.SZ|160644.SZ|501018.SH|510500.SH|510880.SH|513030.SH|513070.SH|513180.SH|513500.SH|513880.SH|515220.SH|518880.SH,0.3932932727618507,0.9123874319228055,random
rolling_mean_inclusion,2022-01-01/2022-06-30,2022-07-01/2022-12-31,38,159920.SZ|159981.SZ|159985.SZ|164824.SZ|501018.SH|513070.SH|513080.SH|513100.SH|513880.SH|515210.SH|515220.SH|515790.SH|518880.SH,0.6133677925567337,0.902954449056628,random
rolling_mean_inclusion,2022-01-01/2022-06-30,2022-07-01/2022-12-31,39,159852.SZ|159980.SZ|159981.SZ|159985.SZ|164824.SZ|501018.SH|510210.SH|512400.SH|513070.SH|513080.SH|513180.SH|513500.SH|513880.SH,0.7605896931215953,0.9123874319228055,random
rolling_mean_inclusion,2022-01-01/2022-06-30,2022-07-01/2022-12-31,40,159949.SZ|159980.SZ|159981.SZ|159985.SZ|160644.SZ|161226.SZ|512040.SH|512170.SH|513070.SH|513080.SH|513100.SH|513180.SH|513880.SH,-0.38414086645777107,0.9123874319228055,random
rolling_mean_inclusion,2022-01-01/2022-06-30,2022-07-01/2022-12-31,41,159928.SZ|159980.SZ|159985.SZ|160644.SZ|164824.SZ|501018.SH|510880.SH|513070.SH|513180.SH|513500.SH|513880.SH|515880.SH|518880.SH,0.625185903073905,0.9123874319228055,random
rolling_mean_inclusion,2022-01-01/2022-06-30,2022-07-01/2022-12-31,42,159852.SZ|159949.SZ|159980.SZ|159985.SZ|160644.SZ|161226.SZ|513030.SH|513070.SH|513100.SH|513180.SH|513880.SH|515210.SH|518880.SH,-0.13147943607182624,0.9123874319228055,random
rolling_mean_inclusion,2022-01-01/2022-06-30,2022-07-01/2022-12-31,43,159920.SZ|159967.SZ|159981.SZ|159985.SZ|160644.SZ|164824.SZ|501018.SH|513030.SH|513070.SH|513500.SH|515210.SH|515220.SH|518880.SH,0.5246783556081849,0.902954449056628,random
rolling_mean_inclusion,2022-01-01/2022-06-30,2022-07-01/2022-12-31,44,159611.SZ|159920.SZ|159949.SZ|159980.SZ|159981.SZ|159985.SZ|160644.SZ|164824.SZ|513070.SH|513080.SH|513500.SH|515220.SH|518880.SH,-0.07754254438085358,0.902954449056628,random
rolling_mean_inclusion,2022-01-01/2022-06-30,2022-07-01/2022-12-31,45,159825.SZ|159920.SZ|159949.SZ|159980.SZ|159981.SZ|160644.SZ|501018.SH|512880.SH|513030.SH|513070.SH|513100.SH|513880.SH|518880.SH,-0.5882957327486523,0.902954449056628,random
rolling_mean_inclusion,2022-01-01/2022-06-30,2022-07-01/2022-12-31,46,159901.SZ|159980.SZ|159981.SZ|161226.SZ|164824.SZ|501018.SH|512200.SH|512800.SH|513030.SH|513070.SH|513180.SH|513500.SH|513880.SH,0.46085610165207547,0.9123874319228055,random
rolling_mean_inclusion,2022-01-01/2022-06-30,2022-07-01/2022-12-31,47,159865.SZ|159920.SZ|159928.SZ|159967.SZ|159980.SZ|159981.SZ|160644.SZ|161226.SZ|164824.SZ|501018.SH|513030.SH|513070.SH|513100.SH,-0.3351952604008831,0.902954449056628,random
rolling_mean_inclusion,2022-01-01/2022-06-30,2022-07-01/2022-12-31,48,159920.SZ|159980.SZ|159985.SZ|160644.SZ|161226.SZ|164824.SZ|510300.SH|512400.SH|513070.SH|513100.SH|513880.SH|515790.SH|518880.SH,0.30919716710048284,0.902954449056628,random
rolling_mean_inclusion,2022-01-01/2022-06-30,2022-07-01/2022-12-31,49,159796.SZ|159920.SZ|159981.SZ|160644.SZ|161226.SZ|164824.SZ|501018.SH|510500.SH|512880.SH|513030.SH|513070.SH|513100.SH|518880.SH,-0.41591663369487847,0.902954449056628,random
rolling_mean_inclusion,2022-01-01/2022-06-30,2022-07-01/2022-12-31,50,159825.SZ|159967.SZ|159981.SZ|159985.SZ|160644.SZ|501018.SH|512100.SH|513070.SH|513080.SH|513100.SH|513180.SH|513880.SH|518880.SH,0.2208939020372737,0.9123874319228055,random
rolling_mean_inclusion,2022-01-01/2022-06-30,2022-07-01/2022-12-31,51,159870.SZ|159980.SZ|159985.SZ|161226.SZ|164824.SZ|501018.SH|510180.SH|513030.SH|513070.SH|513180.SH|513500.SH|513880.SH|588000.SH,0.4652194174094451,0.9123874319228055,random
rolling_mean_inclusion,2022-01-01/2022-06-30,2022-07-01/2022-12-31,52,159920.SZ|159980.SZ|159985.SZ|160644.SZ|161226.SZ|164824.SZ|501018.SH|510500.SH|512980.SH|513030.SH|513070.SH|513100.SH|516150.SH,-0.24949133921265826,0.902954449056628,random
rolling_mean_inclusion,2022-01-01/2022-06-30,2022-07-01/2022-12-31,53,159901.SZ|159980.SZ|159981.SZ|159985.SZ|160644.SZ|501018.SH|510050.SH|512100.SH|513030.SH|513070.SH|513100.SH|513180.SH|513880.SH,0.5035487373171982,0.9123874319228055,random
rolling_mean_inclusion,2022-01-01/2022-06-30,2022-07-01/2022-12-31,54,159825.SZ|159920.SZ|159980.SZ|159981.SZ|160644.SZ|161226.SZ|164824.SZ|510300.SH|512040.SH|513070.SH|513080.SH|513500.SH|518880.SH,-1.4540265622704167,0.902954449056628,random
rolling_mean_inclusion,2022-01-01/2022-06-30,2022-07-01/2022-12-31,55,159915.SZ|159980.SZ|159981.SZ|159985.SZ|160644.SZ|164824.SZ|501018.SH|512400.SH|513070.SH|513180.SH|513500.SH|513880.SH|515880.SH,0.6505189834250646,0.9123874319228055,random
rolling_mean_inclusion,2022-01-01/2022-06-30,2022-07-01/2022-12-31,56,159825.SZ|159980.SZ|160644.SZ|161226.SZ|164824.SZ|501018.SH|512170.SH|512400.SH|513070.SH|513080.SH|513180.SH|513880.SH|518880.SH,-0.2786826681271788,0.9123874319228055,random
rolling_mean_inclusion,2022-01-01/2022-06-30,2022-07-01/2022-12-31,57,159915.SZ|159981.SZ|159985.SZ|160644.SZ|161226.SZ|164824.SZ|513030.SH|513070.SH|513180.SH|513500.SH|515790.SH|518880.SH|562500.SH,0.529702431233043,0.9123874319228055,random
rolling_mean_inclusion,2022-01-01/2022-06-30,2022-07-01/2022-12-31,58,159766.SZ|159865.SZ|159980.SZ|159985.SZ|160644.SZ|161226.SZ|164824.SZ|513070.SH|513080.SH|513180.SH|513500.SH|515790.SH|518880.SH,-0.32751326507927625,0.9123874319228055,random
rolling_mean_inclusion,2022-01-01/2022-06-30,2022-07-01/2022-12-31,59,159796.SZ|159920.SZ|159980.SZ|159985.SZ|161226.SZ|164824.SZ|501018.SH|512100.SH|512880.SH|513070.SH|513080.SH|513100.SH|513880.SH,-0.2591633916429213,0.902954449056628,random
rolling_mean_inclusion,2022-01-01/2022-06-30,2022-07-01/2022-12-31,60,159611.SZ|159869.SZ|159920.SZ|159980.SZ|159985.SZ|164824.SZ|501018.SH|513070.SH|513080.SH|513500.SH|513880.SH|518880.SH|588000.SH,0.35135936582727,0.902954449056628,random
rolling_mean_inclusion,2022-01-01/2022-06-30,2022-07-01/2022-12-31,61,159920.SZ|159981.SZ|159985.SZ|160644.SZ|161226.SZ|164824.SZ|501018.SH|510050.SH|510500.SH|512980.SH|513070.SH|513080.SH|513880.SH,-0.9988170197410001,0.902954449056628,random
rolling_mean_inclusion,2022-01-01/2022-06-30,2022-07-01/2022-12-31,62,159869.SZ|159967.SZ|159981.SZ|159985.SZ|160644.SZ|161226.SZ|164824.SZ|512200.SH|513070.SH|513100.SH|513180.SH|513880.SH|518880.SH,-0.11926531446511787,0.9123874319228055,random
rolling_mean_inclusion,2022-01-01/2022-06-30,2022-07-01/2022-12-31,63,159980.SZ|159981.SZ|159985.SZ|160644.SZ|161226.SZ|164824.SZ|510180.SH|510500.SH|512170.SH|513070.SH|513080.SH|513180.SH|513500.SH,0.5749042570838676,0.9123874319228055,random
rolling_mean_inclusion,2022-01-01/2022-06-30,2022-07-01/2022-12-31,64,159967.SZ|159981.SZ|159985.SZ|160644.SZ|161226.SZ|164824.SZ|510050.SH|512100.SH|513070.SH|513180.SH|513500.SH|513880.SH|518880.SH,-0.007659587241046543,0.9123874319228055,random
rolling_mean_inclusion,2022-01-01/2022-06-30,2022-07-01/2022-12-31,65,159825.SZ|159920.SZ|159980.SZ|159981.SZ|161226.SZ|164824.SZ|512200.SH|512890.SH|513070.SH|513080.SH|513500.SH|513880.SH|518880.SH,-1.3784524245375713,0.902954449056628,random
rolling_mean_inclusion,2022-01-01/2022-06-30,2022-07-01/2022-12-31,66,159915.SZ|159920.SZ|159980.SZ|159981.SZ|160644.SZ|161226.SZ|164824.SZ|501018.SH|512880.SH|512890.SH|513070.SH|513100.SH|513880.SH,-0.14414905218718244,0.902954449056628,random
rolling_mean_inclusion,2022-01-01/2022-06-30,2022-07-01/2022-12-31,67,159611.SZ|159865.SZ|159920.SZ|159980.SZ|159981.SZ|160644.SZ|501018.SH|512880.SH|513030.SH|513070.SH|513500.SH|513880.SH|518880.SH,-0.1827522477818607,0.902954449056628,random
rolling_mean_inclusion,2022-01-01/2022-06-30,2022-07-01/2022-12-31,68,159915.SZ|159920.SZ|159981.SZ|159985.SZ|161226.SZ|164824.SZ|501018.SH|510210.SH|513030.SH|513070.SH|513100.SH|513880.SH|516150.SH,-0.5804874569903998,0.902954449056628,random
rolling_mean_inclusion,2022-01-01/2022-06-30,2022-07-01/2022-12-31,69,159915.SZ|159980.SZ|159981.SZ|159985.SZ|161226.SZ|164824.SZ|512200.SH|512880.SH|513030.SH|513070.SH|513100.SH|513180.SH|513880.SH,0.18803094859534064,0.9123874319228055,random
rolling_mean_inclusion,2022-01-01/2022-06-30,2022-07-01/2022-12-31,70,159611.SZ|159796.SZ|159920.SZ|159980.SZ|160644.SZ|161226.SZ|164824.SZ|501018.SH|510210.SH|513070.SH|513080.SH|513500.SH|518880.SH,0.40339996502058556,0.902954449056628,random
rolling_mean_inclusion,2022-01-01/2022-06-30,2022-07-01/2022-12-31,71,159796.SZ|159980.SZ|159985.SZ|160644.SZ|161226.SZ|164824.SZ|501018.SH|512890.SH|513070.SH|513080.SH|513100.SH|513180.SH|515790.SH,0.6538708101954616,0.9123874319228055,random
rolling_mean_inclusion,2022-01-01/2022-06-30,2022-07-01/2022-12-31,72,159920.SZ|159980.SZ|159985.SZ|164824.SZ|501018.SH|510210.SH|513030.SH|513070.SH|513500.SH|513880.SH|515880.SH|518880.SH|562500.SH,0.5322114928495296,0.902954449056628,random
rolling_mean_inclusion,2022-01-01/2022-06-30,2022-07-01/2022-12-31,73,159920.SZ|159949.SZ|159981.SZ|160644.SZ|161226.SZ|501018.SH|510300.SH|513070.SH|513080.SH|513500.SH|513880.SH|516150.SH|518880.SH,0.00416289857817963,0.902954449056628,random
rolling_mean_inclusion,2022-01-01/2022-06-30,2022-07-01/2022-12-31,74,159611.SZ|159980.SZ|161226.SZ|164824.SZ|501018.SH|512040.SH|513070.SH|513080.SH|513180.SH|513500.SH|513880.SH|518880.SH|588000.SH,0.03892400379947207,0.9123874319228055,random
rolling_mean_inclusion,2022-01-01/2022-06-30,2022-07-01/2022-12-31,75,159920.SZ|159928.SZ|159981.SZ|159985.SZ|160644.SZ|164824.SZ|501018.SH|510050.SH|512880.SH|513070.SH|513080.SH|513500.SH|518880.SH,0.8170745187078187,0.902954449056628,random
rolling_mean_inclusion,2022-01-01/2022-06-30,2022-07-01/2022-12-31,76,159766.SZ|159915.SZ|159981.SZ|161226.SZ|164824.SZ|501018.SH|512800.SH|513070.SH|513080.SH|513180.SH|513500.SH|513880.SH|518880.SH,0.004847357794004134,0.9123874319228055,random
rolling_mean_inclusion,2022-01-01/2022-06-30,2022-07-01/2022-12-31,77,159852.SZ|159920.SZ|159949.SZ|159980.SZ|160644.SZ|161226.SZ|164824.SZ|501018.SH|513070.SH|513080.SH|513500.SH|518880.SH|562500.SH,0.5114547809862336,0.902954449056628,random
rolling_mean_inclusion,2022-01-01/2022-06-30,2022-07-01/2022-12-31,78,159851.SZ|159920.SZ|159980.SZ|159985.SZ|160644.SZ|161226.SZ|164824.SZ|512890.SH|513070.SH|513080.SH|513880.SH|515790.SH|518880.SH,-0.42584884212153534,0.902954449056628,random
rolling_mean_inclusion,2022-01-01/2022-06-30,2022-07-01/2022-12-31,79,159611.SZ|159865.SZ|159920.SZ|159985.SZ|160644.SZ|161226.SZ|164824.SZ|501018.SH|510300.SH|513030.SH|513070.SH|513100.SH|518880.SH,-0.05772429434515066,0.902954449056628,random
rolling_mean_inclusion,2022-01-01/2022-06-30,2022-07-01/2022-12-31,80,159870.SZ|159915.SZ|159980.SZ|159985.SZ|164824.SZ|501018.SH|510180.SH|513030.SH|513070.SH|513100.SH|513180.SH|513880.SH|518880.SH,0.8631082068778846,0.9123874319228055,random
rolling_mean_inclusion,2022-01-01/2022-06-30,2022-07-01/2022-12-31,81,159869.SZ|159980.SZ|159981.SZ|160644.SZ|161226.SZ|164824.SZ|510180.SH|513070.SH|513080.SH|513180.SH|513880.SH|515220.SH|518880.SH,-0.6896770257338497,0.9123874319228055,random
rolling_mean_inclusion,2022-01-01/2022-06-30,2022-07-01/2022-12-31,82,159870.SZ|159980.SZ|159985.SZ|160644.SZ|161226.SZ|164824.SZ|501018.SH|510880.SH|512400.SH|513070.SH|513080.SH|513100.SH|513180.SH,-0.026478978858079604,0.9123874319228055,random
rolling_mean_inclusion,2022-01-01/2022-06-30,2022-07-01/2022-12-31,83,159766.SZ|159920.SZ|159980.SZ|159985.SZ|160644.SZ|161226.SZ|501018.SH|513070.SH|513080.SH|513500.SH|513880.SH|515790.SH|562500.SH,0.9412654237673491,0.902954449056628,random
rolling_mean_inclusion,2022-01-01/2022-06-30,2022-07-01/2022-12-31,84,159611.SZ|159980.SZ|159985.SZ|160644.SZ|161226.SZ|510050.SH|510500.SH|513030.SH|513070.SH|513100.SH|513180.SH|513880.SH|518880.SH,0.1537574759754777,0.9123874319228055,random
rolling_mean_inclusion,2022-01-01/2022-06-30,2022-07-01/2022-12-31,85,159980.SZ|160644.SZ|161226.SZ|164824.SZ|501018.SH|512660.SH|512980.SH|513030.SH|513070.SH|513100.SH|513180.SH|515210.SH|518880.SH,-0.4835809682051761,0.9123874319228055,random
rolling_mean_inclusion,2022-01-01/2022-06-30,2022-07-01/2022-12-31,86,159851.SZ|159981.SZ|160644.SZ|161226.SZ|164824.SZ|501018.SH|510180.SH|513070.SH|513180.SH|513500.SH|513880.SH|515790.SH|518880.SH,0.8729408829061606,0.9123874319228055,random
rolling_mean_inclusion,2022-01-01/2022-06-30,2022-07-01/2022-12-31,87,159920.SZ|159928.SZ|159981.SZ|159985.SZ|160644.SZ|501018.SH|510050.SH|510210.SH|513030.SH|513070.SH|513500.SH|513880.SH|518880.SH,0.07028302544518315,0.9087134933369646,random
rolling_mean_inclusion,2022-01-01/2022-06-30,2022-07-01/2022-12-31,88,159980.SZ|159981.SZ|160644.SZ|161226.SZ|164824.SZ|512980.SH|513070.SH|513180.SH|513500.SH|513880.SH|515220.SH|518880.SH|588000.SH,-0.8107705834083719,0.9123874319228055,random
rolling_mean_inclusion,2022-01-01/2022-06-30,2022-07-01/2022-12-31,89,159870.SZ|159985.SZ|160644.SZ|161226.SZ|164824.SZ|501018.SH|512660.SH|513070.SH|513080.SH|513100.SH|513180.SH|516150.SH|518880.SH,0.7749376495840443,0.9123874319228055,random
rolling_mean_inclusion,2022-01-01/2022-06-30,2022-07-01/2022-12-31,90,159825.SZ|159865.SZ|159870.SZ|159980.SZ|159981.SZ|159985.SZ|160644.SZ|501018.SH|513070.SH|513080.SH|513180.SH|513500.SH|513880.SH,0.22104679249022113,0.9123874319228055,random
rolling_mean_inclusion,2022-01-01/2022-06-30,2022-07-01/2022-12-31,91,159851.SZ|159980.SZ|159981.SZ|159985.SZ|160644.SZ|164824.SZ|501018.SH|510880.SH|512800.SH|513030.SH|513070.SH|513180.SH|513500.SH,0.10930624950077568,0.9123874319228055,random
rolling_mean_inclusion,2022-01-01/2022-06-30,2022-07-01/2022-12-31,92,159611.SZ|159920.SZ|159967.SZ|159980.SZ|159981.SZ|160644.SZ|164824.SZ|501018.SH|510210.SH|513070.SH|513080.SH|513500.SH|518880.SH,0.6243640755938932,0.902954449056628,random
rolling_mean_inclusion,2022-01-01/2022-06-30,2022-07-01/2022-12-31,93,159901.SZ|159920.SZ|159981.SZ|159985.SZ|161226.SZ|164824.SZ|501018.SH|510880.SH|512800.SH|513030.SH|513070.SH|513100.SH|513880.SH,-0.5427688156662359,0.902954449056628,random
rolling_mean_inclusion,2022-01-01/2022-06-30,2022-07-01/2022-12-31,94,159766.SZ|159825.SZ|159981.SZ|159985.SZ|161226.SZ|164824.SZ|501018.SH|510300.SH|513030.SH|513070.SH|513180.SH|513500.SH|513880.SH,-0.6976416789602289,0.9123874319228055,random
rolling_mean_inclusion,2022-01-01/2022-06-30,2022-07-01/2022-12-31,95,159851.SZ|159967.SZ|159981.SZ|159985.SZ|160644.SZ|161226.SZ|164824.SZ|512890.SH|513070.SH|513080.SH|513180.SH|513880.SH|518880.SH,-0.326729651428465,0.9123874319228055,random
rolling_mean_inclusion,2022-01-01/2022-06-30,2022-07-01/2022-12-31,96,159766.SZ|159851.SZ|159981.SZ|159985.SZ|161226.SZ|164824.SZ|501018.SH|512170.SH|513070.SH|513080.SH|513180.SH|513500.SH|513880.SH,0.14642459149698125,0.9123874319228055,random
rolling_mean_inclusion,2022-01-01/2022-06-30,2022-07-01/2022-12-31,97,159611.SZ|159901.SZ|159920.SZ|159985.SZ|160644.SZ|161226.SZ|164824.SZ|501018.SH|513070.SH|513500.SH|513880.SH|518880.SH|562500.SH,0.808282309213446,0.902954449056628,random
rolling_mean_inclusion,2022-01-01/2022-06-30,2022-07-01/2022-12-31,98,159949.SZ|159980.SZ|159981.SZ|161226.SZ|164824.SZ|501018.SH|510880.SH|513070.SH|513080.SH|513180.SH|513500.SH|513880.SH|515880.SH,-0.14776356210734834,0.9123874319228055,random
rolling_mean_inclusion,2022-01-01/2022-06-30,2022-07-01/2022-12-31,99,159981.SZ|160644.SZ|161226.SZ|164824.SZ|501018.SH|512170.SH|512880.SH|513070.SH|513080.SH|513100.SH|513180.SH|515210.SH|518880.SH,0.5155796981674278,0.9123874319228055,random
rolling_mean_inclusion,2022-01-01/2022-06-30,2022-07-01/2022-12-31,100,159865.SZ|159920.SZ|159981.SZ|159985.SZ|160644.SZ|161226.SZ|164824.SZ|501018.SH|512040.SH|513070.SH|513080.SH|513880.SH|515790.SH,-0.6175874540615298,0.902954449056628,random
rolling_mean_inclusion,2022-07-01/2022-12-31,2023-01-01/2023-06-30,1,159869.SZ|159915.SZ|159981.SZ|159985.SZ|160644.SZ|161226.SZ|501018.SH|513030.SH|513070.SH|513100.SH|513120.SH|513880.SH|515880.SH,-0.5779270348934982,0.7805308310639488,random
rolling_mean_inclusion,2022-07-01/2022-12-31,2023-01-01/2023-06-30,2,159766.SZ|159980.SZ|159981.SZ|160644.SZ|161226.SZ|164824.SZ|501018.SH|510210.SH|512200.SH|513070.SH|513100.SH|513120.SH|513290.SH,0.21837856142198508,0.7599788068936458,random
rolling_mean_inclusion,2022-07-01/2022-12-31,2023-01-01/2023-06-30,3,159766.SZ|159980.SZ|159985.SZ|160644.SZ|164824.SZ|501018.SH|512890.SH|513070.SH|513080.SH|513100.SH|513120.SH|515790.SH|518880.SH,1.0043990423444138,0.7655141320931955,random
rolling_mean_inclusion,2022-07-01/2022-12-31,2023-01-01/2023-06-30,4,159870.SZ|159980.SZ|161226.SZ|164824.SZ|501018.SH|512100.SH|512880.SH|513070.SH|513080.SH|513120.SH|513290.SH|513500.SH|518880.SH,-0.25844645992336485,0.8316275404607769,random
rolling_mean_inclusion,2022-07-01/2022-12-31,2023-01-01/2023-06-30,5,159852.SZ|159865.SZ|159980.SZ|160644.SZ|161226.SZ|501018.SH|512040.SH|513070.SH|513100.SH|513120.SH|513290.SH|513880.SH|518880.SH,-0.09795668698275285,0.7599788068936458,random
rolling_mean_inclusion,2022-07-01/2022-12-31,2023-01-01/2023-06-30,6,159981.SZ|160644.SZ|161226.SZ|501018.SH|512980.SH|513080.SH|513100.SH|513120.SH|513180.SH|513880.SH|515210.SH|518880.SH|562500.SH,-0.6015943368795379,0.8020701325811442,random
rolling_mean_inclusion,2022-07-01/2022-12-31,2023-01-01/2023-06-30,7,159796.SZ|159981.SZ|159985.SZ|161226.SZ|512800.SH|513030.SH|513120.SH|513180.SH|513290.SH|513500.SH|513880.SH|515210.SH|518880.SH,0.18348575733880057,0.84582438159002,random
rolling_mean_inclusion,2022-07-01/2022-12-31,2023-01-01/2023-06-30,8,159915.SZ|159980.SZ|159981.SZ|159985.SZ|160644.SZ|164824.SZ|510500.SH|513030.SH|513070.SH|513120.SH|513880.SH|518880.SH|588000.SH,0.675670369432993,0.8425634613998013,random
rolling_mean_inclusion,2022-07-01/2022-12-31,2023-01-01/2023-06-30,9,159870.SZ|159920.SZ|159980.SZ|161226.SZ|501018.SH|513030.SH|513100.SH|513120.SH|513290.SH|513880.SH|515210.SH|515220.SH|518880.SH,-0.6040063884446373,0.7805308310639488,random
rolling_mean_inclusion,2022-07-01/2022-12-31,2023-01-01/2023-06-30,10,159796.SZ|159865.SZ|159980.SZ|159981.SZ|161226.SZ|164824.SZ|510880.SH|513120.SH|513180.SH|513290.SH|513500.SH|513880.SH|518880.SH,0.13401351387460525,0.8251090976449644,random
rolling_mean_inclusion,2022-07-01/2022-12-31,2023-01-01/2023-06-30,11,159825.SZ|159967.SZ|159985.SZ|160644.SZ|161226.SZ|164824.SZ|501018.SH|512660.SH|513080.SH|513100.SH|513120.SH|513180.SH|518880.SH,0.3940305809041804,0.7655141320931955,random
rolling_mean_inclusion,2022-07-01/2022-12-31,2023-01-01/2023-06-30,12,159920.SZ|159980.SZ|159981.SZ|161226.SZ|164824.SZ|510300.SH|512800.SH|513030.SH|513100.SH|513120.SH|513290.SH|518880.SH|588000.SH,-0.009474102606247791,0.7805308310639488,random
rolling_mean_inclusion,2022-07-01/2022-12-31,2023-01-01/2023-06-30,13,159869.SZ|159949.SZ|159985.SZ|161226.SZ|164824.SZ|501018.SH|512170.SH|513030.SH|513070.SH|513100.SH|513120.SH|513290.SH|518880.SH,0.38900011563586795,0.7805308310639488,random
rolling_mean_inclusion,2022-07-01/2022-12-31,2023-01-01/2023-06-30,14,159920.SZ|159967.SZ|159980.SZ|159981.SZ|159985.SZ|160644.SZ|164824.SZ|510050.SH|513030.SH|513120.SH|513880.SH|515210.SH|518880.SH,0.6811200542711028,0.7768884409244624,random
rolling_mean_inclusion,2022-07-01/2022-12-31,2023-01-01/2023-06-30,15,159865.SZ|159928.SZ|159980.SZ|159985.SZ|164824.SZ|501018.SH|512880.SH|513070.SH|513120.SH|513290.SH|513500.SH|513880.SH|518880.SH,0.073588553350621,0.8251090976449644,random
rolling_mean_inclusion,2022-07-01/2022-12-31,2023-01-01/2023-06-30,16,159796.SZ|159915.SZ|159980.SZ|161226.SZ|164824.SZ|501018.SH|512400.SH|513030.SH|513070.SH|513120.SH|513290.SH|513880.SH|518880.SH,-0.4476541239489653,0.8297858168168302,random
rolling_mean_inclusion,2022-07-01/2022-12-31,2023-01-01/2023-06-30,17,159611.SZ|159869.SZ|159920.SZ|159981.SZ|159985.SZ|161226.SZ|164824.SZ|501018.SH|512800.SH|513030.SH|513120.SH|513290.SH|513500.SH,0.12611551946503438,0.84582438159002,random
rolling_mean_inclusion,2022-07-01/2022-12-31,2023-01-01/2023-06-30,18,159611.SZ|159980.SZ|159985.SZ|164824.SZ|501018.SH|510880.SH|513080.SH|513100.SH|513120.SH|513180.SH|513880.SH|515790.SH|518880.SH,-0.00730691218374704,0.8020701325811442,random
rolling_mean_inclusion,2022-07-01/2022-12-31,2023-01-01/2023-06-30,19,159766.SZ|159796.SZ|159980.SZ|159981.SZ|159985.SZ|160644.SZ|164824.SZ|510500.SH|513120.SH|513180.SH|513290.SH|513880.SH|518880.SH,1.0837747059024072,0.7051191112834191,random
rolling_mean_inclusion,2022-07-01/2022-12-31,2023-01-01/2023-06-30,20,159920.SZ|159980.SZ|159985.SZ|160644.SZ|164824.SZ|501018.SH|510300.SH|512200.SH|512980.SH|513030.SH|513120.SH|513880.SH|518880.SH,0.19842703357051888,0.7768884409244624,random
rolling_mean_inclusion,2022-07-01/2022-12-31,2023-01-01/2023-06-30,21,159865.SZ|159870.SZ|159981.SZ|159985.SZ|160644.SZ|161226.SZ|164824.SZ|512800.SH|513080.SH|513100.SH|513120.SH|513180.SH|518880.SH,1.314313078120562,0.7655141320931955,random
rolling_mean_inclusion,2022-07-01/2022-12-31,2023-01-01/2023-06-30,22,159796.SZ|159920.SZ|159949.SZ|159980.SZ|159985.SZ|160644.SZ|164824.SZ|501018.SH|512980.SH|513030.SH|513120.SH|513290.SH|518880.SH,0.5676274759250589,0.8526142690462227,random
rolling_mean_inclusion,2022-07-01/2022-12-31,2023-01-01/2023-06-30,23,159967.SZ|159981.SZ|159985.SZ|161226.SZ|164824.SZ|501018.SH|512170.SH|512800.SH|513030.SH|513070.SH|513100.SH|513120.SH|513290.SH,0.8417694414227469,0.7805308310639488,random
rolling_mean_inclusion,2022-07-01/2022-12-31,2023-01-01/2023-06-30,24,159870.SZ|159981.SZ|159985.SZ|161226.SZ|164824.SZ|510300.SH|513070.SH|513080.SH|513100.SH|513120.SH|513290.SH|515790.SH|518880.SH,0.8062815326258114,0.7655141320931955,random
rolling_mean_inclusion,2022-07-01/2022-12-31,2023-01-01/2023-06-30,25,159920.SZ|159981.SZ|159985.SZ|501018.SH|512100.SH|512880.SH|513080.SH|513100.SH|513120.SH|513290.SH|513880.SH|516150.SH|518880.SH,-0.07572927076924692,0.8826346808446377,random
rolling_mean_inclusion,2022-07-01/2022-12-31,2023-01-01/2023-06-30,26,159870.SZ|159980.SZ|159981.SZ|160644.SZ|161226.SZ|164824.SZ|501018.SH|512880.SH|513100.SH|513120.SH|513180.SH|513880.SH|515210.SH,-0.11817645702569335,0.7520854374286099,random
rolling_mean_inclusion,2022-07-01/2022-12-31,2023-01-01/2023-06-30,27,159796.SZ|159865.SZ|159980.SZ|159981.SZ|161226.SZ|164824.SZ|512800.SH|513070.SH|513080.SH|513120.SH|513290.SH|513880.SH|518880.SH,0.22686338913767135,0.8020701325811442,random
rolling_mean_inclusion,2022-07-01/2022-12-31,2023-01-01/2023-06-30,28,159915.SZ|159981.SZ|159985.SZ|160644.SZ|161226.SZ|164824.SZ|510180.SH|513070.SH|513080.SH|513120.SH|513290.SH|515790.SH|518880.SH,0.5448531462553147,0.7091623327353709,random
rolling_mean_inclusion,2022-07-01/2022-12-31,2023-01-01/2023-06-30,29,159611.SZ|159928.SZ|159981.SZ|159985.SZ|161226.SZ|164824.SZ|513030.SH|513100.SH|513120.SH|513180.SH|513290.SH|516150.SH|518880.SH,0.9192301643288774,0.7805308310639488,random
rolling_mean_inclusion,2022-07-01/2022-12-31,2023-01-01/2023-06-30,30,159852.SZ|159920.SZ|159928.SZ|159980.SZ|159985.SZ|160644.SZ|164824.SZ|501018.SH|510180.SH|513120.SH|513290.SH|513880.SH|518880.SH,1.188258308471907,0.8007402219285243,random
rolling_mean_inclusion,2022-07-01/2022-12-31,2023-01-01/2023-06-30,31,159611.SZ|159981.SZ|159985.SZ|161226.SZ|164824.SZ|512660.SH|513030.SH|513100.SH|513120.SH|513180.SH|513290.SH|515210.SH|518880.SH,0.8920936775813694,0.7805308310639488,random
rolling_mean_inclusion,2022-07-01/2022-12-31,2023-01-01/2023-06-30,32,159851.SZ|159981.SZ|160644.SZ|161226.SZ|501018.SH|510880.SH|512040.SH|513080.SH|513120.SH|513180.SH|513500.SH|513880.SH|518880.SH,-0.03482861028867713,0.8316275404607769,random
rolling_mean_inclusion,2022-07-01/2022-12-31,2023-01-01/2023-06-30,33,159901.SZ|159980.SZ|159981.SZ|161226.SZ|164824.SZ|501018.SH|512800.SH|512890.SH|513070.SH|513080.SH|513100.SH|513120.SH|513880.SH,-0.01227421940838445,0.8020701325811442,random
rolling_mean_inclusion,2022-07-01/2022-12-31,2023-01-01/2023-06-30,34,159870.SZ|159901.SZ|159920.SZ|159928.SZ|159985.SZ|161226.SZ|501018.SH|513030.SH|513120.SH|513290.SH|513500.SH|513880.SH|518880.SH,-0.18051879878857616,0.84582438159002,random
rolling_mean_inclusion,2022-07-01/2022-12-31,2023-01-01/2023-06-30,35,159901.SZ|159920.SZ|159980.SZ|159985.SZ|160644.SZ|501018.SH|512100.SH|512890.SH|513030.SH|513120.SH|513290.SH|513880.SH|518880.SH,-0.7342079197732327,0.7768884409244624,random
rolling_mean_inclusion,2022-07-01/2022-12-31,2023-01-01/2023-06-30,36,159920.SZ|159980.SZ|159985.SZ|160644.SZ|161226.SZ|164824.SZ|512040.SH|512170.SH|512890.SH|513120.SH|513290.SH|513500.SH|518880.SH,0.34322800971123724,0.8066339524114409,random
rolling_mean_inclusion,2022-07-01/2022-12-31,2023-01-01/2023-06-30,37,159852.SZ|159920.SZ|159980.SZ|159981.SZ|159985.SZ|164824.SZ|510180.SH|513030.SH|513100.SH|513120.SH|513880.SH|516150.SH|518880.SH,1.106194777781337,0.7805308310639488,random
rolling_mean_inclusion,2022-07-01/2022-12-31,2023-01-01/2023-06-30,38,159869.SZ|159928.SZ|159981.SZ|159985.SZ|160644.SZ|161226.SZ|164824.SZ|512660.SH|513030.SH|513070.SH|513100.SH|513120.SH|518880.SH,0.8208898544939,0.7805308310639488,random
rolling_mean_inclusion,2022-07-01/2022-12-31,2023-01-01/2023-06-30,39,159980.SZ|159985.SZ|160644.SZ|161226.SZ|164824.SZ|510210.SH|512170.SH|513070.SH|513100.SH|513120.SH|513880.SH|515880.SH|518880.SH,0.3929250133153926,0.7520854374286099,random
rolling_mean_inclusion,2022-07-01/2022-12-31,2023-01-01/2023-06-30,40,159852.SZ|159920.SZ|159981.SZ|160644.SZ|161226.SZ|164824.SZ|501018.SH|510500.SH|512800.SH|513030.SH|513120.SH|513880.SH|518880.SH,0.30611871200198315,0.7768884409244624,random
rolling_mean_inclusion,2022-07-01/2022-12-31,2023-01-01/2023-06-30,41,159915.SZ|159981.SZ|159985.SZ|160644.SZ|164824.SZ|501018.SH|512880.SH|512890.SH|513070.SH|513120.SH|513290.SH|513880.SH|518880.SH,0.38644030466384277,0.7091623327353709,random
rolling_mean_inclusion,2022-07-01/2022-12-31,2023-01-01/2023-06-30,42,159980.SZ|159985.SZ|160644.SZ|161226.SZ|164824.SZ|510210.SH|512170.SH|513030.SH|513100.SH|513120.SH|513180.SH|516150.SH|518880.SH,1.461987723661921,0.7805308310639488,random
rolling_mean_inclusion,2022-07-01/2022-12-31,2023-01-01/2023-06-30,43,159920.SZ|159980.SZ|159985.SZ|161226.SZ|164824.SZ|501018.SH|510300.SH|512100.SH|513030.SH|513100.SH|513120.SH|513290.SH|515790.SH,0.49409476817287723,0.7805308310639488,random
rolling_mean_inclusion,2022-07-01/2022-12-31,2023-01-01/2023-06-30,44,159920.SZ|159980.SZ|159981.SZ|159985.SZ|164824.SZ|512200.SH|512660.SH|512800.SH|513030.SH|513120.SH|513290.SH|513880.SH|518880.SH,0.7577287012969596,0.7768884409244624,random
rolling_mean_inclusion,2022-07-01/2022-12-31,2023-01-01/2023-06-30,45,159980.SZ|159985.SZ|160644.SZ|161226.SZ|501018.SH|510050.SH|510210.SH|512200.SH|513030.SH|513070.SH|513100.SH|513120.SH|513880.SH,0.4761315122883828,0.860991557710978,random
rolling_mean_inclusion,2022-07-01/2022-12-31,2023-01-01/2023-06-30,46,159825.SZ|159920.SZ|159981.SZ|159985.SZ|160644.SZ|161226.SZ|164824.SZ|501018.SH|510880.SH|513080.SH|513120.SH|513880.SH|588000.SH,0.07029355143582734,0.8020701325811442,random
rolling_mean_inclusion,2022-07-01/2022-12-31,2023-01-01/2023-06-30,47,159796.SZ|159985.SZ|160644.SZ|161226.SZ|501018.SH|512400.SH|512800.SH|513070.SH|513080.SH|513120.SH|513500.SH|513880.SH|518880.SH,-0.47131365409973,0.8316275404607769,random
rolling_mean_inclusion,2022-07-01/2022-12-31,2023-01-01/2023-06-30,48,159611.SZ|159915.SZ|159928.SZ|159980.SZ|159985.SZ|160644.SZ|161226.SZ|164824.SZ|513070.SH|513080.SH|513120.SH|513880.SH|518880.SH,0.7335383786372113,0.8020701325811442,random
rolling_mean_inclusion,2022-07-01/2022-12-31,2023-01-01/2023-06-30,49,159869.SZ|159980.SZ|160644.SZ|161226.SZ|164824.SZ|501018.SH|512880.SH|513080.SH|513120.SH|513180.SH|513290.SH|516150.SH|518880.SH,-0.11530759098706543,0.7051191112834191,random
rolling_mean_inclusion,2022-07-01/2022-12-31,2023-01-01/2023-06-30,50,159915.SZ|159980.SZ|159981.SZ|159985.SZ|160644.SZ|161226.SZ|512200.SH|512980.SH|513080.SH|513120.SH|513180.SH|513500.SH|513880.SH,0.45029927524369073,0.8316275404607769,random
rolling_mean_inclusion,2022-07-01/2022-12-31,2023-01-01/2023-06-30,51,159851.SZ|159981.SZ|160644.SZ|161226.SZ|164824.SZ|501018.SH|510880.SH|513070.SH|513080.SH|513100.SH|513120.SH|518880.SH|562500.SH,-0.047329118993478754,0.7655141320931955,random
rolling_mean_inclusion,2022-07-01/2022-12-31,2023-01-01/2023-06-30,52,159920.SZ|159981.SZ|159985.SZ|160644.SZ|161226.SZ|164824.SZ|501018.SH|512400.SH|513120.SH|513500.SH|513880.SH|515220.SH|516150.SH,0.7144684791036805,0.8631302891326726,random
rolling_mean_inclusion,2022-07-01/2022-12-31,2023-01-01/2023-06-30,53,159766.SZ|159949.SZ|159980.SZ|159981.SZ|159985.SZ|160644.SZ|501018.SH|513030.SH|513100.SH|513120.SH|513180.SH|513290.SH|515220.SH,0.8766316610101542,0.7805308310639488,random
rolling_mean_inclusion,2022-07-01/2022-12-31,2023-01-01/2023-06-30,54,159796.SZ|159851.SZ|159981.SZ|160644.SZ|161226.SZ|501018.SH|510180.SH|513070.SH|513100.SH|513120.SH|513290.SH|513880.SH|518880.SH,-0.3414157353492476,0.7599788068936458,random
rolling_mean_inclusion,2022-07-01/2022-12-31,2023-01-01/2023-06-30,55,159611.SZ|159915.SZ|159985.SZ|160644.SZ|161226.SZ|164824.SZ|501018.SH|512200.SH|513030.SH|513070.SH|513120.SH|513290.SH|518880.SH,0.46188098355511725,0.7091623327353709,random
rolling_mean_inclusion,2022-07-01/2022-12-31,2023-01-01/2023-06-30,56,159865.SZ|159980.SZ|160644.SZ|161226.SZ|501018.SH|512880.SH|513030.SH|513070.SH|513100.SH|513120.SH|513880.SH|518880.SH|588000.SH,-0.22575114857383277,0.7805308310639488,random
rolling_mean_inclusion,2022-07-01/2022-12-31,2023-01-01/2023-06-30,57,159611.SZ|159980.SZ|159981.SZ|159985.SZ|160644.SZ|164824.SZ|510050.SH|512880.SH|513080.SH|513120.SH|513180.SH|513290.SH|518880.SH,0.6828204379296962,0.8009829153645303,random
rolling_mean_inclusion,2022-07-01/2022-12-31,2023-01-01/2023-06-30,58,159901.SZ|159980.SZ|159985.SZ|160644.SZ|161226.SZ|164824.SZ|501018.SH|512400.SH|513070.SH|513100.SH|513120.SH|513880.SH|516150.SH,0.8058206768985667,0.8631302891326726,random
rolling_mean_inclusion,2022-07-01/2022-12-31,2023-01-01/2023-06-30,59,159870.SZ|159901.SZ|159920.SZ|159985.SZ|161226.SZ|164824.SZ|501018.SH|512400.SH|513120.SH|513290.SH|513500.SH|513880.SH|518880.SH,0.7397669647754279,0.8877741788739847,random
rolling_mean_inclusion,2022-07-01/2022-12-31,2023-01-01/2023-06-30,60,159851.SZ|159920.SZ|159980.SZ|159981.SZ|160644.SZ|161226.SZ|510210.SH|512800.SH|513120.SH|513290.SH|513500.SH|513880.SH|518880.SH,-0.1938307924372412,0.8251090976449644,random
rolling_mean_inclusion,2022-07-01/2022-12-31,2023-01-01/2023-06-30,61,159611.SZ|159980.SZ|159981.SZ|161226.SZ|164824.SZ|512040.SH|513030.SH|513070.SH|513100.SH|513120.SH|513290.SH|515880.SH|518880.SH,-0.2201260010520484,0.7805308310639488,random
rolling_mean_inclusion,2022-07-01/2022-12-31,2023-01-01/2023-06-30,62,159870.SZ|159928.SZ|159980.SZ|159985.SZ|161226.SZ|164824.SZ|513030.SH|513100.SH|513120.SH|513180.SH|513880.SH|515880.SH|518880.SH,0.7048815077957999,0.7805308310639488,random
rolling_mean_inclusion,2022-07-01/2022-12-31,2023-01-01/2023-06-30,63,159796.SZ|159928.SZ|159980.SZ|159981.SZ|159985.SZ|161226.SZ|164824.SZ|512800.SH|513070.SH|513080.SH|513120.SH|513290.SH|513880.SH,0.6886313525987935,0.8020701325811442,random
rolling_mean_inclusion,2022-07-01/2022-12-31,2023-01-01/2023-06-30,64,159980.SZ|159981.SZ|161226.SZ|164824.SZ|512200.SH|512800.SH|513030.SH|513070.SH|513120.SH|513500.SH|513880.SH|516150.SH|518880.SH,0.24072153091317813,0.84582438159002,random
rolling_mean_inclusion,2022-07-01/2022-12-31,2023-01-01/2023-06-30,65,159865.SZ|159870.SZ|159980.SZ|159985.SZ|160644.SZ|161226.SZ|164824.SZ|512040.SH|513030.SH|513070.SH|513120.SH|513290.SH|518880.SH,0.7630103082478916,0.7091623327353709,random
rolling_mean_inclusion,2022-07-01/2022-12-31,2023-01-01/2023-06-30,66,159870.SZ|159920.SZ|159980.SZ|159985.SZ|160644.SZ|164824.SZ|501018.SH|510880.SH|513080.SH|513100.SH|513120.SH|515220.SH|518880.SH,0.8091994540427598,0.8142977525583335,random
rolling_mean_inclusion,2022-07-01/2022-12-31,2023-01-01/2023-06-30,67,159928.SZ|159980.SZ|159985.SZ|161226.SZ|164824.SZ|510050.SH|513030.SH|513070.SH|513120.SH|513290.SH|513880.SH|518880.SH|588000.SH,0.4371036358251428,0.8441949392380412,random
rolling_mean_inclusion,2022-07-01/2022-12-31,2023-01-01/2023-06-30,68,159980.SZ|159981.SZ|159985.SZ|160644.SZ|501018.SH|513120.SH|513180.SH|513290.SH|513500.SH|513880.SH|515210.SH|515220.SH|515880.SH,0.46004396333518827,0.8251090976449644,random
rolling_mean_inclusion,2022-07-01/2022-12-31,2023-01-01/2023-06-30,69,159851.SZ|159980.SZ|159981.SZ|160644.SZ|161226.SZ|164824.SZ|512880.SH|513080.SH|513120.SH|513180.SH|513500.SH|515790.SH|518880.SH,0.7176394692835479,0.8316275404607769,random
rolling_mean_inclusion,2022-07-01/2022-12-31,2023-01-01/2023-06-30,70,159901.SZ|159920.SZ|159980.SZ|159981.SZ|164824.SZ|501018.SH|512400.SH|513100.SH|513120.SH|513290.SH|513880.SH|518880.SH|588000.SH,0.05653082752631396,0.7599788068936458,random
rolling_mean_inclusion,2022-07-01/2022-12-31,2023-01-01/2023-06-30,71,159851.SZ|159852.SZ|159967.SZ|159980.SZ|159985.SZ|160644.SZ|164824.SZ|501018.SH|513070.SH|513100.SH|513120.SH|513290.SH|518880.SH,0.9156720737763762,0.8734352753721032,random
rolling_mean_inclusion,2022-07-01/2022-12-31,2023-01-01/2023-06-30,72,159901.SZ|159980.SZ|159981.SZ|160644.SZ|161226.SZ|164824.SZ|501018.SH|510180.SH|510500.SH|513030.SH|513100.SH|513120.SH|513180.SH,0.2110544519784801,0.8738534541132639,random
rolling_mean_inclusion,2022-07-01/2022-12-31,2023-01-01/2023-06-30,73,159980.SZ|160644.SZ|161226.SZ|501018.SH|510210.SH|512040.SH|512170.SH|513080.SH|513120.SH|513180.SH|513290.SH|513880.SH|518880.SH,-0.9409454367894303,0.8796533674115041,random
rolling_mean_inclusion,2022-07-01/2022-12-31,2023-01-01/2023-06-30,74,159920.SZ|159967.SZ|159981.SZ|159985.SZ|160644.SZ|161226.SZ|510500.SH|512660.SH|513080.SH|513120.SH|513500.SH|513880.SH|518880.SH,0.14910599375297728,0.8316275404607769,random
rolling_mean_inclusion,2022-07-01/2022-12-31,2023-01-01/2023-06-30,75,159851.SZ|159981.SZ|160644.SZ|161226.SZ|164824.SZ|501018.SH|510300.SH|512880.SH|513030.SH|513120.SH|513180.SH|513880.SH|518880.SH,0.44460358526764787,0.8144788375052159,random
rolling_mean_inclusion,2022-07-01/2022-12-31,2023-01-01/2023-06-30,76,159825.SZ|159920.SZ|159980.SZ|159985.SZ|160644.SZ|161226.SZ|512800.SH|513080.SH|513120.SH|513290.SH|513880.SH|516150.SH|518880.SH,-0.024660211703864465,0.8020701325811442,random
rolling_mean_inclusion,2022-07-01/2022-12-31,2023-01-01/2023-06-30,77,159766.SZ|159928.SZ|159967.SZ|159980.SZ|159985.SZ|160644.SZ|164824.SZ|501018.SH|513070.SH|513120.SH|513290.SH|513880.SH|518880.SH,0.9475550714210739,0.7091623327353709,random
rolling_mean_inclusion,2022-07-01/2022-12-31,2023-01-01/2023-06-30,78,159981.SZ|159985.SZ|160644.SZ|501018.SH|512100.SH|512660.SH|513080.SH|513100.SH|513120.SH|513180.SH|513880.SH|515880.SH|518880.SH,0.19273525210420686,0.8300418024117714,random
rolling_mean_inclusion,2022-07-01/2022-12-31,2023-01-01/2023-06-30,79,159980.SZ|159981.SZ|159985.SZ|161226.SZ|510500.SH|512800.SH|513030.SH|513120.SH|513180.SH|513290.SH|513500.SH|513880.SH|515880.SH,0.19496222395823917,0.84582438159002,random
rolling_mean_inclusion,2022-07-01/2022-12-31,2023-01-01/2023-06-30,80,159920.SZ|159980.SZ|159985.SZ|160644.SZ|501018.SH|510050.SH|512100.SH|513080.SH|513100.SH|513120.SH|513290.SH|515880.SH|518880.SH,-0.28345032977145923,0.8300418024117714,random
rolling_mean_inclusion,2022-07-01/2022-12-31,2023-01-01/2023-06-30,81,159766.SZ|159980.SZ|160644.SZ|161226.SZ|164824.SZ|501018.SH|510180.SH|513070.SH|513080.SH|513100.SH|513120.SH|515210.SH|518880.SH,0.24401428036914638,0.7655141320931955,random
rolling_mean_inclusion,2022-07-01/2022-12-31,2023-01-01/2023-06-30,82,159869.SZ|159980.SZ|159985.SZ|160644.SZ|161226.SZ|501018.SH|510300.SH|512660.SH|513030.SH|513070.SH|513100.SH|513120.SH|513880.SH,-0.06076076938492533,0.7805308310639488,random
rolling_mean_inclusion,2022-07-01/2022-12-31,2023-01-01/2023-06-30,83,159920.SZ|159980.SZ|159985.SZ|160644.SZ|164824.SZ|501018.SH|512890.SH|513030.SH|513100.SH|513120.SH|515220.SH|515790.SH|518880.SH,1.1216223885626257,0.7805308310639488,random
rolling_mean_inclusion,2022-07-01/2022-12-31,2023-01-01/2023-06-30,84,159870.SZ|159920.SZ|159980.SZ|159981.SZ|501018.SH|512880.SH|513080.SH|513100.SH|513120.SH|513290.SH|513880.SH|518880.SH|588000.SH,-0.8766196466213412,0.8020701325811442,random
rolling_mean_inclusion,2022-07-01/2022-12-31,2023-01-01/2023-06-30,85,159920.SZ|159980.SZ|159981.SZ|164824.SZ|501018.SH|510300.SH|512660.SH|513100.SH|513120.SH|513290.SH|513880.SH|518880.SH|562500.SH,-0.3546461691969307,0.7599788068936458,random
rolling_mean_inclusion,2022-07-01/2022-12-31,2023-01-01/2023-06-30,86,159851.SZ|159901.SZ|159920.SZ|159928.SZ|159980.SZ|159981.SZ|161226.SZ|164824.SZ|513030.SH|513120.SH|513290.SH|513880.SH|518880.SH,-0.2402238743859787,0.7768884409244624,random
rolling_mean_inclusion,2022-07-01/2022-12-31,2023-01-01/2023-06-30,87,159915.SZ|159920.SZ|159981.SZ|159985.SZ|160644.SZ|161226.SZ|164824.SZ|510300.SH|513080.SH|513120.SH|513290.SH|515220.SH|518880.SH,0.8845680010470381,0.7691912766207186,random
rolling_mean_inclusion,2022-07-01/2022-12-31,2023-01-01/2023-06-30,88,159949.SZ|159981.SZ|160644.SZ|161226.SZ|501018.SH|512170.SH|512660.SH|513070.SH|513100.SH|513120.SH|513290.SH|513880.SH|518880.SH,-0.661822850754874,0.7599788068936458,random
rolling_mean_inclusion,2022-07-01/2022-12-31,2023-01-01/2023-06-30,89,159766.SZ|159915.SZ|159980.SZ|160644.SZ|161226.SZ|164824.SZ|501018.SH|513030.SH|513100.SH|513120.SH|513180.SH|515880.SH|518880.SH,-0.3137724095641354,0.7805308310639488,random
rolling_mean_inclusion,2022-07-01/2022-12-31,2023-01-01/2023-06-30,90,159851.SZ|159870.SZ|159980.SZ|159981.SZ|159985.SZ|160644.SZ|164824.SZ|512890.SH|513070.SH|513100.SH|513120.SH|513290.SH|518880.SH,1.1168840082997606,0.7599788068936458,random
rolling_mean_inclusion,2022-07-01/2022-12-31,2023-01-01/2023-06-30,91,159901.SZ|159980.SZ|160644.SZ|161226.SZ|164824.SZ|501018.SH|512200.SH|512400.SH|513030.SH|513070.SH|513120.SH|513880.SH|518880.SH,-0.0038796950646725003,0.7768884409244624,random
rolling_mean_inclusion,2022-07-01/2022-12-31,2023-01-01/2023-06-30,92,159901.SZ|159920.SZ|159981.SZ|159985.SZ|160644.SZ|501018.SH|510500.SH|512980.SH|513030.SH|513120.SH|513290.SH|513880.SH|518880.SH,-0.0603810978057155,0.8148125187717203,random
rolling_mean_inclusion,2022-07-01/2022-12-31,2023-01-01/2023-06-30,93,159980.SZ|159981.SZ|164824.SZ|501018.SH|513080.SH|513100.SH|513120.SH|513180.SH|513880.SH|515210.SH|515220.SH|516150.SH|518880.SH,-0.06280305793447043,0.8020701325811442,random
rolling_mean_inclusion,2022-07-01/2022-12-31,2023-01-01/2023-06-30,94,159611.SZ|159865.SZ|159920.SZ|159980.SZ|159981.SZ|159985.SZ|161226.SZ|164824.SZ|512040.SH|513120.SH|513290.SH|513500.SH|513880.SH,0.07731753335597936,0.8251090976449644,random
rolling_mean_inclusion,2022-07-01/2022-12-31,2023-01-01/2023-06-30,95,159611.SZ|159928.SZ|159980.SZ|159981.SZ|159985.SZ|160644.SZ|164824.SZ|512880.SH|513070.SH|513120.SH|513500.SH|513880.SH|518880.SH,0.17348693611373525,0.8251090976449644,random
rolling_mean_inclusion,2022-07-01/2022-12-31,2023-01-01/2023-06-30,96,159981.SZ|161226.SZ|164824.SZ|501018.SH|512400.SH|512660.SH|512980.SH|513030.SH|513070.SH|513100.SH|513120.SH|513290.SH|518880.SH,-0.49325558159739663,0.7805308310639488,random
rolling_mean_inclusion,2022-07-01/2022-12-31,2023-01-01/2023-06-30,97,159825.SZ|159981.SZ|160644.SZ|161226.SZ|501018.SH|512800.SH|513030.SH|513070.SH|513120.SH|513290.SH|513500.SH|515210.SH|518880.SH,-0.8785938500299997,0.84582438159002,random
rolling_mean_inclusion,2022-07-01/2022-12-31,2023-01-01/2023-06-30,98,159869.SZ|159920.SZ|159980.SZ|159981.SZ|160644.SZ|161226.SZ|512660.SH|512880.SH|513080.SH|513100.SH|513120.SH|513880.SH|518880.SH,-0.2794508732888582,0.8020701325811442,random
rolling_mean_inclusion,2022-07-01/2022-12-31,2023-01-01/2023-06-30,99,159901.SZ|159920.SZ|159981.SZ|159985.SZ|161226.SZ|164824.SZ|501018.SH|512170.SH|513030.SH|513100.SH|513120.SH|513880.SH|515880.SH,0.374462039701443,0.7805308310639488,random
rolling_mean_inclusion,2022-07-01/2022-12-31,2023-01-01/2023-06-30,100,159869.SZ|159920.SZ|159980.SZ|159985.SZ|160644.SZ|161226.SZ|164824.SZ|501018.SH|512880.SH|513030.SH|513100.SH|513120.SH|515210.SH,0.5344106170390894,0.7805308310639488,random
rolling_mean_inclusion,2023-01-01/2023-06-30,2023-07-01/2023-12-31,1,159901.SZ|159920.SZ|159985.SZ|160644.SZ|161226.SZ|501018.SH|513080.SH|513100.SH|513180.SH|513290.SH|516150.SH|518880.SH|588200.SH,1.804909596752312,0.8931243278220744,random
rolling_mean_inclusion,2023-01-01/2023-06-30,2023-07-01/2023-12-31,2,159687.SZ|159825.SZ|159852.SZ|159901.SZ|159980.SZ|159981.SZ|159985.SZ|164824.SZ|513070.SH|513120.SH|513500.SH|513880.SH|518880.SH,2.024848315384787,0.6995802811180952,random
rolling_mean_inclusion,2023-01-01/2023-06-30,2023-07-01/2023-12-31,3,159851.SZ|159980.SZ|159981.SZ|159985.SZ|160644.SZ|161226.SZ|512800.SH|513070.SH|513120.SH|513310.SH|513500.SH|513880.SH|515210.SH,0.9735463246181941,0.6186640087669161,random
rolling_mean_inclusion,2023-01-01/2023-06-30,2023-07-01/2023-12-31,4,159980.SZ|159981.SZ|159985.SZ|161226.SZ|164824.SZ|510500.SH|512400.SH|512880.SH|513080.SH|513120.SH|513180.SH|513310.SH|513500.SH,1.152077007132364,0.6970564135229407,random
rolling_mean_inclusion,2023-01-01/2023-06-30,2023-07-01/2023-12-31,5,159869.SZ|159901.SZ|159920.SZ|159985.SZ|160644.SZ|161226.SZ|164824.SZ|501018.SH|510500.SH|513030.SH|513070.SH|513880.SH|518880.SH,3.3075040811251006,0.9035245733924316,random
rolling_mean_inclusion,2023-01-01/2023-06-30,2023-07-01/2023-12-31,6,159687.SZ|159766.SZ|159865.SZ|159920.SZ|159981.SZ|159985.SZ|160644.SZ|161226.SZ|164824.SZ|513100.SH|513120.SH|518880.SH|588000.SH,1.941254017984372,0.6871488226207012,random
rolling_mean_inclusion,2023-01-01/2023-06-30,2023-07-01/2023-12-31,7,159915.SZ|159920.SZ|159980.SZ|159981.SZ|159985.SZ|160644.SZ|510300.SH|513120.SH|513290.SH|513310.SH|513500.SH|518880.SH|562500.SH,1.1060878929993014,0.7609469379573787,random
rolling_mean_inclusion,2023-01-01/2023-06-30,2023-07-01/2023-12-31,8,159869.SZ|159920.SZ|159980.SZ|159981.SZ|159985.SZ|161226.SZ|512400.SH|512880.SH|513030.SH|513100.SH|513120.SH|513290.SH|513500.SH,1.8479109815033206,0.8866258135554016,random
rolling_mean_inclusion,2023-01-01/2023-06-30,2023-07-01/2023-12-31,9,159611.SZ|159766.SZ|159920.SZ|159980.SZ|159985.SZ|164824.SZ|501018.SH|510300.SH|513070.SH|513080.SH|513100.SH|513310.SH|518880.SH,0.5597048361708956,0.9035245733924316,random
rolling_mean_inclusion,2023-01-01/2023-06-30,2023-07-01/2023-12-31,10,159870.SZ|159920.SZ|159980.SZ|159981.SZ|159985.SZ|160644.SZ|501018.SH|512200.SH|513030.SH|513180.SH|513500.SH|513880.SH|515790.SH,0.18820308506985614,0.8931243278220744,random
rolling_mean_inclusion,2023-01-01/2023-06-30,2023-07-01/2023-12-31,11,159825.SZ|159865.SZ|159981.SZ|159985.SZ|161226.SZ|164824.SZ|513030.SH|513100.SH|513120.SH|513180.SH|513310.SH|518880.SH|588000.SH,1.5400341851801254,0.9074026457450455,random
rolling_mean_inclusion,2023-01-01/2023-06-30,2023-07-01/2023-12-31,12,159687.SZ|159796.SZ|159949.SZ|159980.SZ|159981.SZ|164824.SZ|501018.SH|512890.SH|513070.SH|513120.SH|513290.SH|513880.SH|518880.SH,1.6869812171702037,0.8274142909398361,random
rolling_mean_inclusion,2023-01-01/2023-06-30,2023-07-01/2023-12-31,13,159901.SZ|159920.SZ|159980.SZ|159981.SZ|159985.SZ|160644.SZ|510180.SH|513030.SH|513080.SH|513120.SH|513880.SH|515880.SH|518880.SH,2.624793616813444,0.9096396735534105,random
rolling_mean_inclusion,2023-01-01/2023-06-30,2023-07-01/2023-12-31,14,159920.SZ|159980.SZ|159981.SZ|160644.SZ|161226.SZ|510880.SH|512890.SH|513080.SH|513100.SH|513180.SH|513500.SH|516150.SH|518880.SH,2.6907193180344877,0.8945765919292531,random
rolling_mean_inclusion,2023-01-01/2023-06-30,2023-07-01/2023-12-31,15,159852.SZ|159920.SZ|159980.SZ|159981.SZ|159985.SZ|160644.SZ|501018.SH|510210.SH|512400.SH|513070.SH|513310.SH|513500.SH|513880.SH,0.7328597523053778,0.9035245733924316,random
rolling_mean_inclusion,2023-01-01/2023-06-30,2023-07-01/2023-12-31,16,159687.SZ|159920.SZ|159980.SZ|159981.SZ|159985.SZ|160644.SZ|161226.SZ|512980.SH|513120.SH|513290.SH|513310.SH|515210.SH|515790.SH,0.8158299273373337,0.6186640087669161,random
rolling_mean_inclusion,2023-01-01/2023-06-30,2023-07-01/2023-12-31,17,159611.SZ|159687.SZ|159980.SZ|159985.SZ|160644.SZ|161226.SZ|512890.SH|513070.SH|513100.SH|513120.SH|513310.SH|518880.SH|588000.SH,2.586771589992425,0.6871488226207012,random
rolling_mean_inclusion,2023-01-01/2023-06-30,2023-07-01/2023-12-31,18,159920.SZ|159981.SZ|159985.SZ|161226.SZ|164824.SZ|501018.SH|510050.SH|513030.SH|513180.SH|513500.SH|513880.SH|515790.SH|562500.SH,0.9536676613637844,0.8931243278220744,random
rolling_mean_inclusion,2023-01-01/2023-06-30,2023-07-01/2023-12-31,19,159796.SZ|159825.SZ|159980.SZ|159981.SZ|159985.SZ|160644.SZ|164824.SZ|510880.SH|513070.SH|513120.SH|513500.SH|513880.SH|518880.SH,2.4727062241559854,0.6186640087669161,random
rolling_mean_inclusion,2023-01-01/2023-06-30,2023-07-01/2023-12-31,20,159825.SZ|159920.SZ|159980.SZ|159981.SZ|159985.SZ|164824.SZ|512400.SH|512980.SH|513030.SH|513080.SH|513120.SH|513290.SH|518880.SH,1.684913178086882,0.9096396735534105,random
rolling_mean_inclusion,2023-01-01/2023-06-30,2023-07-01/2023-12-31,21,159920.SZ|159981.SZ|160644.SZ|161226.SZ|501018.SH|510500.SH|512400.SH|513030.SH|513070.SH|513100.SH|513500.SH|515210.SH|518880.SH,1.277558600555108,0.9035245733924316,random
rolling_mean_inclusion,2023-01-01/2023-06-30,2023-07-01/2023-12-31,22,159687.SZ|159865.SZ|159901.SZ|159920.SZ|159981.SZ|160644.SZ|161226.SZ|501018.SH|512800.SH|513070.SH|513100.SH|513880.SH|518880.SH,1.33713594522902,0.9035245733924316,random
rolling_mean_inclusion,2023-01-01/2023-06-30,2023-07-01/2023-12-31,23,159687.SZ|159825.SZ|159920.SZ|159949.SZ|159980.SZ|159985.SZ|161226.SZ|164824.SZ|512400.SH|513070.SH|513100.SH|513310.SH|518880.SH,2.037109608181274,0.9035245733924316,random
rolling_mean_inclusion,2023-01-01/2023-06-30,2023-07-01/2023-12-31,24,159920.SZ|159980.SZ|159985.SZ|160644.SZ|161226.SZ|164824.SZ|501018.SH|510050.SH|510210.SH|513030.SH|513070.SH|513290.SH|588000.SH,-0.2522989561311042,0.9035245733924316,random
rolling_mean_inclusion,2023-01-01/2023-06-30,2023-07-01/2023-12-31,25,159611.SZ|159687.SZ|159920.SZ|159980.SZ|159985.SZ|161226.SZ|510050.SH|513100.SH|513120.SH|513290.SH|513500.SH|518880.SH|588000.SH,1.6781055439304586,0.8866258135554016,random
rolling_mean_inclusion,2023-01-01/2023-06-30,2023-07-01/2023-12-31,26,159687.SZ|159796.SZ|159920.SZ|159967.SZ|159985.SZ|161226.SZ|501018.SH|510300.SH|513080.SH|513180.SH|513290.SH|513500.SH|518880.SH,0.6591042096028478,0.8931243278220744,random
rolling_mean_inclusion,2023-01-01/2023-06-30,2023-07-01/2023-12-31,27,159920.SZ|159981.SZ|159985.SZ|161226.SZ|164824.SZ|510210.SH|510880.SH|512400.SH|513120.SH|513290.SH|513500.SH|513880.SH|518880.SH,2.4656923481313586,0.6871488226207012,random
rolling_mean_inclusion,2023-01-01/2023-06-30,2023-07-01/2023-12-31,28,159825.SZ|159920.SZ|159980.SZ|159981.SZ|161226.SZ|512170.SH|512980.SH|513030.SH|513080.SH|513180.SH|513290.SH|513310.SH|518880.SH,0.9848145282935027,0.9096396735534105,random
rolling_mean_inclusion,2023-01-01/2023-06-30,2023-07-01/2023-12-31,29,159766.SZ|159920.SZ|159980.SZ|159981.SZ|159985.SZ|160644.SZ|161226.SZ|164824.SZ|512890.SH|513070.SH|513100.SH|513880.SH|588000.SH,2.066126221093127,0.9035245733924316,random
rolling_mean_inclusion,2023-01-01/2023-06-30,2023-07-01/2023-12-31,30,159687.SZ|159796.SZ|159980.SZ|159985.SZ|501018.SH|510180.SH|513030.SH|513100.SH|513120.SH|513180.SH|513500.SH|518880.SH|588200.SH,2.405289137110909,0.8866258135554016,random
rolling_mean_inclusion,2023-01-01/2023-06-30,2023-07-01/2023-12-31,31,159825.SZ|159870.SZ|159920.SZ|159980.SZ|161226.SZ|501018.SH|513030.SH|513070.SH|513100.SH|513500.SH|513880.SH|518880.SH|588000.SH,1.1474418105896995,0.9035245733924316,random
rolling_mean_inclusion,2023-01-01/2023-06-30,2023-07-01/2023-12-31,32,159869.SZ|159920.SZ|159980.SZ|159981.SZ|160644.SZ|161226.SZ|512170.SH|513070.SH|513080.SH|513100.SH|513290.SH|515880.SH|518880.SH,3.1463491567877377,0.9035245733924316,random
rolling_mean_inclusion,2023-01-01/2023-06-30,2023-07-01/2023-12-31,33,159611.SZ|159796.SZ|159920.SZ|159981.SZ|159985.SZ|161226.SZ|501018.SH|510500.SH|513030.SH|513100.SH|513180.SH|513310.SH|513500.SH,0.36841806849113734,0.8931243278220744,random
rolling_mean_inclusion,2023-01-01/2023-06-30,2023-07-01/2023-12-31,34,159920.SZ|159980.SZ|159981.SZ|159985.SZ|161226.SZ|512890.SH|512980.SH|513030.SH|513080.SH|513100.SH|513120.SH|513290.SH|515210.SH,2.2214842822510383,0.9096396735534105,random
rolling_mean_inclusion,2023-01-01/2023-06-30,2023-07-01/2023-12-31,35,159865.SZ|159981.SZ|160644.SZ|161226.SZ|501018.SH|512040.SH|513070.SH|513100.SH|513120.SH|513290.SH|513500.SH|518880.SH|562500.SH,1.5772416641911655,0.8866258135554016,random
rolling_mean_inclusion,2023-01-01/2023-06-30,2023-07-01/2023-12-31,36,159687.SZ|159915.SZ|159920.SZ|159980.SZ|159981.SZ|161226.SZ|164824.SZ|512200.SH|513080.SH|513120.SH|513500.SH|515880.SH|518880.SH,2.8899201885161165,0.6871488226207012,random
rolling_mean_inclusion,2023-01-01/2023-06-30,2023-07-01/2023-12-31,37,159687.SZ|159766.SZ|159851.SZ|159967.SZ|159980.SZ|159985.SZ|161226.SZ|501018.SH|513030.SH|513100.SH|513120.SH|513180.SH|513500.SH,1.0976854126752698,0.8866258135554016,random
rolling_mean_inclusion,2023-01-01/2023-06-30,2023-07-01/2023-12-31,38,159949.SZ|159980.SZ|159981.SZ|161226.SZ|501018.SH|512170.SH|512660.SH|513030.SH|513070.SH|513100.SH|513120.SH|513290.SH|513310.SH,0.6934285692601742,0.7318460477659133,random
rolling_mean_inclusion,2023-01-01/2023-06-30,2023-07-01/2023-12-31,39,159766.SZ|159796.SZ|159920.SZ|159980.SZ|159981.SZ|159985.SZ|512890.SH|513030.SH|513080.SH|513180.SH|513290.SH|513310.SH|518880.SH,1.2516612257577275,0.9096396735534105,random
rolling_mean_inclusion,2023-01-01/2023-06-30,2023-07-01/2023-12-31,40,159865.SZ|159985.SZ|160644.SZ|161226.SZ|501018.SH|512100.SH|513120.SH|513180.SH|513290.SH|513310.SH|513880.SH|518880.SH|588200.SH,1.4381564024279823,0.6871488226207012,random
rolling_mean_inclusion,2023-01-01/2023-06-30,2023-07-01/2023-12-31,41,159687.SZ|159851.SZ|159869.SZ|159920.SZ|159980.SZ|159981.SZ|159985.SZ|160644.SZ|501018.SH|512200.SH|513030.SH|513070.SH|513310.SH,1.3473318887085863,0.9035245733924316,random
rolling_mean_inclusion,2023-01-01/2023-06-30,2023-07-01/2023-12-31,42,159687.SZ|159981.SZ|159985.SZ|164824.SZ|501018.SH|512170.SH|512980.SH|513070.SH|513120.SH|513290.SH|513880.SH|515790.SH|518880.SH,1.5892412828511249,0.6995802811180952,random
rolling_mean_inclusion,2023-01-01/2023-06-30,2023-07-01/2023-12-31,43,159687.SZ|159766.SZ|159920.SZ|159980.SZ|159981.SZ|159985.SZ|512880.SH|513070.SH|513080.SH|513290.SH|513880.SH|515790.SH|518880.SH,0.2973761507756824,0.9035245733924316,random
rolling_mean_inclusion,2023-01-01/2023-06-30,2023-07-01/2023-12-31,44,159687.SZ|159920.SZ|159981.SZ|159985.SZ|161226.SZ|510050.SH|512800.SH|513070.SH|513080.SH|513100.SH|513310.SH|516150.SH|518880.SH,1.3678134403077509,0.9035245733924316,random
rolling_mean_inclusion,2023-01-01/2023-06-30,2023-07-01/2023-12-31,45,159687.SZ|159865.SZ|159949.SZ|159980.SZ|159985.SZ|161226.SZ|501018.SH|513100.SH|513120.SH|513180.SH|513290.SH|513310.SH|588000.SH,0.6075911683289752,0.6089212065229541,random
rolling_mean_inclusion,2023-01-01/2023-06-30,2023-07-01/2023-12-31,46,159687.SZ|159980.SZ|159985.SZ|161226.SZ|501018.SH|510050.SH|513030.SH|513070.SH|513080.SH|513120.SH|513500.SH|515880.SH|588000.SH,1.9103872716902908,0.9096396735534105,random
rolling_mean_inclusion,2023-01-01/2023-06-30,2023-07-01/2023-12-31,47,159687.SZ|159851.SZ|159920.SZ|159980.SZ|159981.SZ|159985.SZ|164824.SZ|512170.SH|513070.SH|513100.SH|513880.SH|518880.SH|588200.SH,2.5022562175749816,0.9035245733924316,random
rolling_mean_inclusion,2023-01-01/2023-06-30,2023-07-01/2023-12-31,48,159687.SZ|159980.SZ|159985.SZ|160644.SZ|161226.SZ|512170.SH|513030.SH|513070.SH|513120.SH|513500.SH|518880.SH|562500.SH|588000.SH,2.253443031681938,0.6871488226207012,random
rolling_mean_inclusion,2023-01-01/2023-06-30,2023-07-01/2023-12-31,49,159865.SZ|159980.SZ|159981.SZ|159985.SZ|160644.SZ|501018.SH|510180.SH|510500.SH|513100.SH|513120.SH|513180.SH|513290.SH|513500.SH,-0.08355405463244595,0.8866258135554016,random
rolling_mean_inclusion,2023-01-01/2023-06-30,2023-07-01/2023-12-31,50,159687.SZ|159920.SZ|159980.SZ|159981.SZ|161226.SZ|164824.SZ|510050.SH|510210.SH|513030.SH|513180.SH|513290.SH|518880.SH|562500.SH,1.053912278949751,0.8931243278220744,random
rolling_mean_inclusion,2023-01-01/2023-06-30,2023-07-01/2023-12-31,51,159687.SZ|159920.SZ|159980.SZ|159981.SZ|161226.SZ|501018.SH|513030.SH|513080.SH|513120.SH|513290.SH|562500.SH|588000.SH|588200.SH,0.375000044218051,0.9096396735534105,random
rolling_mean_inclusion,2023-01-01/2023-06-30,2023-07-01/2023-12-31,52,159687.SZ|159869.SZ|159915.SZ|159980.SZ|160644.SZ|161226.SZ|501018.SH|512040.SH|513070.SH|513080.SH|513120.SH|513290.SH|518880.SH,1.386764008134804,0.6871488226207012,random
rolling_mean_inclusion,2023-01-01/2023-06-30,2023-07-01/2023-12-31,53,159915.SZ|159980.SZ|159981.SZ|159985.SZ|160644.SZ|164824.SZ|510050.SH|510500.SH|513120.SH|513180.SH|513310.SH|513880.SH|518880.SH,1.6735350827626332,0.7589499584367316,random
rolling_mean_inclusion,2023-01-01/2023-06-30,2023-07-01/2023-12-31,54,159920.SZ|159980.SZ|159981.SZ|161226.SZ|164824.SZ|510180.SH|512800.SH|513030.SH|513180.SH|513310.SH|513880.SH|515220.SH|518880.SH,1.4818145780859808,0.8931243278220744,random
rolling_mean_inclusion,2023-01-01/2023-06-30,2023-07-01/2023-12-31,55,159687.SZ|159865.SZ|159869.SZ|159920.SZ|159981.SZ|159985.SZ|501018.SH|510880.SH|513070.SH|513080.SH|513100.SH|513500.SH|518880.SH,2.420082302277444,0.9035245733924316,random
rolling_mean_inclusion,2023-01-01/2023-06-30,2023-07-01/2023-12-31,56,159852.SZ|159920.SZ|159980.SZ|159981.SZ|164824.SZ|501018.SH|510050.SH|512800.SH|513070.SH|513080.SH|513100.SH|513880.SH|518880.SH,2.747296035018735,0.9035245733924316,random
rolling_mean_inclusion,2023-01-01/2023-06-30,2023-07-01/2023-12-31,57,159687.SZ|159915.SZ|159920.SZ|159980.SZ|159981.SZ|161226.SZ|164824.SZ|513070.SH|513310.SH|513500.SH|515210.SH|518880.SH|588200.SH,2.591734218699914,0.9035245733924316,random
rolling_mean_inclusion,2023-01-01/2023-06-30,2023-07-01/2023-12-31,58,159611.SZ|159766.SZ|159869.SZ|159920.SZ|159980.SZ|159981.SZ|159985.SZ|161226.SZ|513080.SH|513100.SH|513180.SH|513310.SH|513880.SH,1.746619696531699,0.8931243278220744,random
rolling_mean_inclusion,2023-01-01/2023-06-30,2023-07-01/2023-12-31,59,159852.SZ|159920.SZ|159949.SZ|159980.SZ|159985.SZ|160644.SZ|501018.SH|513030.SH|513080.SH|513180.SH|513500.SH|515790.SH|518880.SH,2.2214773444743496,0.9096396735534105,random
rolling_mean_inclusion,2023-01-01/2023-06-30,2023-07-01/2023-12-31,60,159981.SZ|159985.SZ|160644.SZ|501018.SH|510500.SH|513070.SH|513080.SH|513120.SH|513500.SH|513880.SH|515210.SH|518880.SH|588200.SH,2.3890933866057655,0.7083256492913894,random
rolling_mean_inclusion,2023-01-01/2023-06-30,2023-07-01/2023-12-31,61,159851.SZ|159915.SZ|159980.SZ|159985.SZ|161226.SZ|501018.SH|512880.SH|513030.SH|513070.SH|513080.SH|513120.SH|513500.SH|513880.SH,0.6636685505110691,0.9096396735534105,random
rolling_mean_inclusion,2023-01-01/2023-06-30,2023-07-01/2023-12-31,62,159865.SZ|159980.SZ|159985.SZ|160644.SZ|161226.SZ|512200.SH|512980.SH|513030.SH|513080.SH|513120.SH|513180.SH|513290.SH|518880.SH,0.8948598468030455,0.9096396735534105,random
rolling_mean_inclusion,2023-01-01/2023-06-30,2023-07-01/2023-12-31,63,159920.SZ|159967.SZ|159980.SZ|159985.SZ|161226.SZ|501018.SH|510500.SH|513070.SH|513080.SH|513100.SH|513310.SH|513500.SH|515880.SH,1.1592372553830272,0.9035245733924316,random
rolling_mean_inclusion,2023-01-01/2023-06-30,2023-07-01/2023-12-31,64,159796.SZ|159920.SZ|159967.SZ|159981.SZ|159985.SZ|160644.SZ|161226.SZ|164824.SZ|501018.SH|512170.SH|513070.SH|513080.SH|513500.SH,0.1912017311605423,0.9035245733924316,random
rolling_mean_inclusion,2023-01-01/2023-06-30,2023-07-01/2023-12-31,65,159687.SZ|159920.SZ|159980.SZ|159981.SZ|159985.SZ|501018.SH|512040.SH|512200.SH|512400.SH|513100.SH|513120.SH|513290.SH|513310.SH,0.49556724300470706,0.6370400785873382,random
rolling_mean_inclusion,2023-01-01/2023-06-30,2023-07-01/2023-12-31,66,159980.SZ|159981.SZ|161226.SZ|512100.SH|513070.SH|513080.SH|513120.SH|513290.SH|513310.SH|513500.SH|515210.SH|518880.SH|588000.SH,1.9509494886345917,0.7093421844093003,random
rolling_mean_inclusion,2023-01-01/2023-06-30,2023-07-01/2023-12-31,67,159928.SZ|159980.SZ|159985.SZ|160644.SZ|161226.SZ|510880.SH|512890.SH|513080.SH|513120.SH|513180.SH|513290.SH|513500.SH|518880.SH,1.3376128064516333,0.8945765919292531,random
rolling_mean_inclusion,2023-01-01/2023-06-30,2023-07-01/2023-12-31,68,159796.SZ|159915.SZ|159920.SZ|159980.SZ|159981.SZ|160644.SZ|161226.SZ|164824.SZ|510300.SH|513030.SH|513180.SH|513880.SH|518880.SH,1.5562196864534836,0.8931243278220744,random
rolling_mean_inclusion,2023-01-01/2023-06-30,2023-07-01/2023-12-31,69,159825.SZ|159981.SZ|161226.SZ|164824.SZ|501018.SH|510500.SH|513070.SH|513100.SH|513120.SH|513500.SH|513880.SH|515880.SH|518880.SH,2.9838388659967974,0.8866258135554016,random
rolling_mean_inclusion,2023-01-01/2023-06-30,2023-07-01/2023-12-31,70,159920.SZ|159928.SZ|159981.SZ|159985.SZ|161226.SZ|501018.SH|510210.SH|512400.SH|513030.SH|513070.SH|513080.SH|513100.SH|513880.SH,0.5323133230866877,0.9096396735534105,random
rolling_mean_inclusion,2023-01-01/2023-06-30,2023-07-01/2023-12-31,71,159852.SZ|159869.SZ|159920.SZ|159980.SZ|159981.SZ|159985.SZ|164824.SZ|501018.SH|513080.SH|513100.SH|513180.SH|513310.SH|515220.SH,1.2800885651332632,0.8931243278220744,random
rolling_mean_inclusion,2023-01-01/2023-06-30,2023-07-01/2023-12-31,72,159915.SZ|159920.SZ|159981.SZ|159985.SZ|160644.SZ|161226.SZ|164824.SZ|501018.SH|510050.SH|513030.SH|513180.SH|513310.SH|515210.SH,-0.1121643567357576,0.8931243278220744,random
rolling_mean_inclusion,2023-01-01/2023-06-30,2023-07-01/2023-12-31,73,159852.SZ|159980.SZ|159981.SZ|159985.SZ|501018.SH|510300.SH|513030.SH|513070.SH|513100.SH|513120.SH|513310.SH|513500.SH|515880.SH,1.7589409866050552,0.8866258135554016,random
rolling_mean_inclusion,2023-01-01/2023-06-30,2023-07-01/2023-12-31,74,159928.SZ|159967.SZ|159980.SZ|159981.SZ|160644.SZ|501018.SH|513070.SH|513120.SH|513290.SH|513310.SH|513500.SH|515880.SH|518880.SH,1.8088493247088278,0.6186640087669161,random
rolling_mean_inclusion,2023-01-01/2023-06-30,2023-07-01/2023-12-31,75,159687.SZ|159851.SZ|159920.SZ|159980.SZ|159985.SZ|501018.SH|510300.SH|512980.SH|513100.SH|513180.SH|513290.SH|513880.SH|518880.SH,2.125511554207417,0.8931243278220744,random
rolling_mean_inclusion,2023-01-01/2023-06-30,2023-07-01/2023-12-31,76,159869.SZ|159980.SZ|159985.SZ|161226.SZ|501018.SH|510300.SH|513030.SH|513100.SH|513120.SH|513180.SH|513310.SH|513500.SH|515790.SH,1.906249764425588,0.8866258135554016,random
rolling_mean_inclusion,2023-01-01/2023-06-30,2023-07-01/2023-12-31,77,159915.SZ|159980.SZ|160644.SZ|161226.SZ|501018.SH|510180.SH|512170.SH|513030.SH|513080.SH|513100.SH|513120.SH|513180.SH|518880.SH,0.9047757782780347,0.9096396735534105,random
rolling_mean_inclusion,2023-01-01/2023-06-30,2023-07-01/2023-12-31,78,159870.SZ|159920.SZ|159985.SZ|160644.SZ|161226.SZ|501018.SH|512200.SH|512880.SH|513030.SH|513120.SH|513310.SH|513500.SH|518880.SH,0.48029636163277856,0.6871488226207012,random
rolling_mean_inclusion,2023-01-01/2023-06-30,2023-07-01/2023-12-31,79,159870.SZ|159928.SZ|159981.SZ|159985.SZ|160644.SZ|161226.SZ|501018.SH|512980.SH|513070.SH|513100.SH|513120.SH|513290.SH|513500.SH,1.6974911199619345,0.8866258135554016,random
rolling_mean_inclusion,2023-01-01/2023-06-30,2023-07-01/2023-12-31,80,159687.SZ|159870.SZ|159920.SZ|159980.SZ|159981.SZ|161226.SZ|164824.SZ|501018.SH|512170.SH|513100.SH|513180.SH|513310.SH|588000.SH,0.9420898187776947,0.8931243278220744,random
rolling_mean_inclusion,2023-01-01/2023-06-30,2023-07-01/2023-12-31,81,159869.SZ|159981.SZ|159985.SZ|160644.SZ|164824.SZ|501018.SH|512040.SH|513030.SH|513120.SH|513180.SH|513880.SH|515220.SH|518880.SH,2.861872127403583,0.642610011175908,random
rolling_mean_inclusion,2023-01-01/2023-06-30,2023-07-01/2023-12-31,82,159901.SZ|159920.SZ|159981.SZ|159985.SZ|161226.SZ|164824.SZ|501018.SH|510880.SH|513030.SH|513070.SH|513290.SH|513500.SH|588200.SH,0.8147666010285524,0.9035245733924316,random
rolling_mean_inclusion,2023-01-01/2023-06-30,2023-07-01/2023-12-31,83,159611.SZ|159687.SZ|159796.SZ|159920.SZ|159981.SZ|159985.SZ|161226.SZ|164824.SZ|501018.SH|510500.SH|513030.SH|513070.SH|513880.SH,1.565049170054855,0.9035245733924316,random
rolling_mean_inclusion,2023-01-01/2023-06-30,2023-07-01/2023-12-31,84,159852.SZ|159981.SZ|159985.SZ|164824.SZ|501018.SH|510300.SH|512100.SH|513030.SH|513070.SH|513080.SH|513120.SH|513290.SH|518880.SH,2.2214743789577502,0.9096396735534105,random
rolling_mean_inclusion,2023-01-01/2023-06-30,2023-07-01/2023-12-31,85,159766.SZ|159920.SZ|159928.SZ|159981.SZ|161226.SZ|164824.SZ|501018.SH|510300.SH|513030.SH|513180.SH|513290.SH|513880.SH|518880.SH,1.2740365458177643,0.8931243278220744,random
rolling_mean_inclusion,2023-01-01/2023-06-30,2023-07-01/2023-12-31,86,159920.SZ|159980.SZ|159981.SZ|159985.SZ|160644.SZ|164824.SZ|510180.SH|512980.SH|513070.SH|513500.SH|513880.SH|518880.SH|588200.SH,1.8795139232791493,0.9035245733924316,random
rolling_mean_inclusion,2023-01-01/2023-06-30,2023-07-01/2023-12-31,87,159687.SZ|159851.SZ|159980.SZ|159981.SZ|161226.SZ|501018.SH|513030.SH|513120.SH|513180.SH|513310.SH|513880.SH|515210.SH|515790.SH,0.778700966214904,0.6995802811180952,random
rolling_mean_inclusion,2023-01-01/2023-06-30,2023-07-01/2023-12-31,88,159869.SZ|159920.SZ|159980.SZ|159981.SZ|159985.SZ|501018.SH|510880.SH|513100.SH|513180.SH|513310.SH|513500.SH|513880.SH|562500.SH,2.059267478179043,0.8931243278220744,random
rolling_mean_inclusion,2023-01-01/2023-06-30,2023-07-01/2023-12-31,89,159687.SZ|159851.SZ|159980.SZ|159981.SZ|159985.SZ|513080.SH|513100.SH|513120.SH|513180.SH|513500.SH|515220.SH|515790.SH|518880.SH,1.5065329636845486,0.8866258135554016,random
rolling_mean_inclusion,2023-01-01/2023-06-30,2023-07-01/2023-12-31,90,159796.SZ|159825.SZ|159920.SZ|159980.SZ|159981.SZ|159985.SZ|160644.SZ|164824.SZ|513080.SH|513180.SH|513290.SH|515880.SH|518880.SH,2.3917568751045133,0.8931243278220744,random
rolling_mean_inclusion,2023-01-01/2023-06-30,2023-07-01/2023-12-31,91,159825.SZ|159865.SZ|159915.SZ|159980.SZ|159981.SZ|161226.SZ|513030.SH|513080.SH|513120.SH|513180.SH|513290.SH|513500.SH|518880.SH,1.3570216599889953,0.9096396735534105,random
rolling_mean_inclusion,2023-01-01/2023-06-30,2023-07-01/2023-12-31,92,159687.SZ|159920.SZ|159981.SZ|159985.SZ|161226.SZ|510210.SH|513080.SH|513120.SH|513290.SH|513310.SH|515790.SH|518880.SH|588200.SH,1.58320036518576,0.6871488226207012,random
rolling_mean_inclusion,2023-01-01/2023-06-30,2023-07-01/2023-12-31,93,159980.SZ|161226.SZ|501018.SH|510500.SH|513030.SH|513070.SH|513120.SH|513310.SH|513500.SH|513880.SH|515220.SH|515880.SH|518880.SH,1.8875233843123371,0.6871488226207012,random
rolling_mean_inclusion,2023-01-01/2023-06-30,2023-07-01/2023-12-31,94,159687.SZ|159851.SZ|159865.SZ|159920.SZ|159980.SZ|159981.SZ|159985.SZ|510500.SH|513100.SH|513120.SH|513290.SH|513880.SH|518880.SH,2.1883899109854004,0.6995802811180952,random
rolling_mean_inclusion,2023-01-01/2023-06-30,2023-07-01/2023-12-31,95,159687.SZ|159920.SZ|159980.SZ|159981.SZ|161226.SZ|164824.SZ|512800.SH|513100.SH|513120.SH|513310.SH|515220.SH|518880.SH|588000.SH,1.4793134433461583,0.6871488226207012,random
rolling_mean_inclusion,2023-01-01/2023-06-30,2023-07-01/2023-12-31,96,159687.SZ|159920.SZ|159980.SZ|159981.SZ|159985.SZ|501018.SH|512800.SH|512980.SH|513030.SH|513070.SH|513500.SH|513880.SH|516150.SH,1.591664592448353,0.9035245733924316,random
rolling_mean_inclusion,2023-01-01/2023-06-30,2023-07-01/2023-12-31,97,159825.SZ|159920.SZ|159980.SZ|159981.SZ|160644.SZ|161226.SZ|164824.SZ|501018.SH|510880.SH|512100.SH|513030.SH|513180.SH|513880.SH,1.5391124334870807,0.8931243278220744,random
rolling_mean_inclusion,2023-01-01/2023-06-30,2023-07-01/2023-12-31,98,159869.SZ|159920.SZ|159949.SZ|159981.SZ|159985.SZ|161226.SZ|501018.SH|513120.SH|513290.SH|513310.SH|513500.SH|513880.SH|515790.SH,1.9877627269066216,0.708158298043241,random
rolling_mean_inclusion,2023-01-01/2023-06-30,2023-07-01/2023-12-31,99,159796.SZ|159920.SZ|159949.SZ|159980.SZ|159981.SZ|160644.SZ|161226.SZ|164824.SZ|501018.SH|513070.SH|513100.SH|513290.SH|516150.SH,0.5530217470388886,0.9035245733924316,random
rolling_mean_inclusion,2023-01-01/2023-06-30,2023-07-01/2023-12-31,100,159611.SZ|159687.SZ|159870.SZ|159920.SZ|159980.SZ|159985.SZ|161226.SZ|512040.SH|513100.SH|513120.SH|513290.SH|513310.SH|518880.SH,1.9355650665192607,0.6871488226207012,random
rolling_mean_inclusion,2023-07-01/2023-12-31,2024-01-01/2024-06-30,1,159509.SZ|159928.SZ|159981.SZ|159985.SZ|161226.SZ|501018.SH|512980.SH|513080.SH|513120.SH|513180.SH|513310.SH|513500.SH|588200.SH,-0.4862707408006438,0.7799027480940437,random
rolling_mean_inclusion,2023-07-01/2023-12-31,2024-01-01/2024-06-30,2,159687.SZ|159980.SZ|159985.SZ|164824.SZ|501018.SH|512200.SH|513080.SH|513120.SH|513180.SH|513880.SH|515210.SH|518880.SH|588200.SH,0.5341560931015404,0.8806115882628334,random
rolling_mean_inclusion,2023-07-01/2023-12-31,2024-01-01/2024-06-30,3,159865.SZ|159901.SZ|159920.SZ|159981.SZ|159985.SZ|501018.SH|510880.SH|513030.SH|513100.SH|513120.SH|513310.SH|513500.SH|518880.SH,0.610602248631917,0.8909152686603402,random
rolling_mean_inclusion,2023-07-01/2023-12-31,2024-01-01/2024-06-30,4,159687.SZ|159901.SZ|159920.SZ|159980.SZ|160644.SZ|161226.SZ|501018.SH|512200.SH|512660.SH|513030.SH|513120.SH|513290.SH|518880.SH,-0.8243321200838545,0.7579092133299615,random
rolling_mean_inclusion,2023-07-01/2023-12-31,2024-01-01/2024-06-30,5,159687.SZ|159920.SZ|159980.SZ|161226.SZ|164824.SZ|501018.SH|510210.SH|512100.SH|513100.SH|513120.SH|513290.SH|518880.SH|588220.SH,-0.7810455903589251,0.8986776362564822,random
rolling_mean_inclusion,2023-07-01/2023-12-31,2024-01-01/2024-06-30,6,159949.SZ|159980.SZ|159985.SZ|161226.SZ|501018.SH|510180.SH|513070.SH|513080.SH|513120.SH|513310.SH|513500.SH|513880.SH|515210.SH,-0.1893670745420475,0.7777388068939246,random
rolling_mean_inclusion,2023-07-01/2023-12-31,2024-01-01/2024-06-30,7,159509.SZ|159985.SZ|160644.SZ|161226.SZ|501018.SH|510300.SH|510500.SH|512890.SH|513120.SH|513180.SH|513290.SH|513310.SH|518880.SH,0.0762224366384816,0.8634361094058881,random
rolling_mean_inclusion,2023-07-01/2023-12-31,2024-01-01/2024-06-30,8,159766.SZ|159901.SZ|159981.SZ|160644.SZ|161226.SZ|164824.SZ|501018.SH|512880.SH|513070.SH|513120.SH|513290.SH|513880.SH|518880.SH,-0.22444377204691487,0.7069419595104927,random
rolling_mean_inclusion,2023-07-01/2023-12-31,2024-01-01/2024-06-30,9,159509.SZ|159825.SZ|159980.SZ|159985.SZ|160644.SZ|161226.SZ|501018.SH|512400.SH|512890.SH|513080.SH|513120.SH|513180.SH|513500.SH,-0.48099802317803225,0.7799027480940437,random
rolling_mean_inclusion,2023-07-01/2023-12-31,2024-01-01/2024-06-30,10,159949.SZ|159980.SZ|159985.SZ|160644.SZ|161226.SZ|164824.SZ|501018.SH|510180.SH|512980.SH|513070.SH|513100.SH|513120.SH|513290.SH,-0.1457522247222829,0.7777388068939246,random
rolling_mean_inclusion,2023-07-01/2023-12-31,2024-01-01/2024-06-30,11,159870.SZ|159920.SZ|159981.SZ|161226.SZ|164824.SZ|501018.SH|512200.SH|512660.SH|513100.SH|513120.SH|513290.SH|513310.SH|518880.SH,-0.18737577449033718,0.6105698681418325,random
rolling_mean_inclusion,2023-07-01/2023-12-31,2024-01-01/2024-06-30,12,159870.SZ|159980.SZ|159981.SZ|159985.SZ|501018.SH|512100.SH|512400.SH|513070.SH|513100.SH|513120.SH|513290.SH|513500.SH|513880.SH,0.5303150437650175,0.8909152686603402,random
rolling_mean_inclusion,2023-07-01/2023-12-31,2024-01-01/2024-06-30,13,159920.SZ|159949.SZ|159981.SZ|159985.SZ|161226.SZ|164824.SZ|501018.SH|510500.SH|513100.SH|513120.SH|513290.SH|513310.SH|563300.SH,0.8875713730713811,0.8640350519958893,random
rolling_mean_inclusion,2023-07-01/2023-12-31,2024-01-01/2024-06-30,14,159509.SZ|159928.SZ|159980.SZ|159981.SZ|161226.SZ|164824.SZ|510050.SH|513070.SH|513120.SH|513290.SH|513500.SH|518880.SH|563300.SH,-1.358510969531669,0.8458048959786861,random
rolling_mean_inclusion,2023-07-01/2023-12-31,2024-01-01/2024-06-30,15,159509.SZ|159869.SZ|159920.SZ|159967.SZ|159980.SZ|159981.SZ|159985.SZ|161226.SZ|513120.SH|513290.SH|513500.SH|513880.SH|515210.SH,-1.0078694857421389,0.7799027480940437,random
rolling_mean_inclusion,2023-07-01/2023-12-31,2024-01-01/2024-06-30,16,159766.SZ|159980.SZ|159981.SZ|160644.SZ|161226.SZ|164824.SZ|501018.SH|512200.SH|513120.SH|513180.SH|513310.SH|513880.SH|516150.SH,0.2259957246665467,0.6273522304259133,random
rolling_mean_inclusion,2023-07-01/2023-12-31,2024-01-01/2024-06-30,17,159611.SZ|159852.SZ|159980.SZ|159981.SZ|159985.SZ|164824.SZ|501018.SH|512040.SH|513030.SH|513120.SH|513180.SH|513310.SH|513880.SH,0.11234201504930763,0.7824059319979025,random
rolling_mean_inclusion,2023-07-01/2023-12-31,2024-01-01/2024-06-30,18,159851.SZ|159865.SZ|159980.SZ|159981.SZ|159985.SZ|164824.SZ|501018.SH|513030.SH|513070.SH|513100.SH|513120.SH|513880.SH|588200.SH,1.2481708235112086,0.7824059319979025,random
rolling_mean_inclusion,2023-07-01/2023-12-31,2024-01-01/2024-06-30,19,159509.SZ|159796.SZ|159967.SZ|159981.SZ|159985.SZ|161226.SZ|164824.SZ|501018.SH|513120.SH|513180.SH|513500.SH|513880.SH|588200.SH,0.08440497268014743,0.7799027480940437,random
rolling_mean_inclusion,2023-07-01/2023-12-31,2024-01-01/2024-06-30,20,159796.SZ|159981.SZ|159985.SZ|160644.SZ|161226.SZ|501018.SH|512100.SH|512200.SH|513030.SH|513100.SH|513120.SH|513180.SH|513880.SH,-0.8541007718159959,0.7824059319979025,random
rolling_mean_inclusion,2023-07-01/2023-12-31,2024-01-01/2024-06-30,21,159509.SZ|159981.SZ|159985.SZ|160644.SZ|501018.SH|512040.SH|512800.SH|513120.SH|513180.SH|513310.SH|513500.SH|515880.SH|518880.SH,-0.7371995916635588,0.7799027480940437,random
rolling_mean_inclusion,2023-07-01/2023-12-31,2024-01-01/2024-06-30,22,159915.SZ|159981.SZ|161226.SZ|501018.SH|512170.SH|513030.SH|513100.SH|513120.SH|513180.SH|513290.SH|513310.SH|518880.SH|588220.SH,0.41626216731804067,0.8704886535249808,random
rolling_mean_inclusion,2023-07-01/2023-12-31,2024-01-01/2024-06-30,23,159509.SZ|159980.SZ|159981.SZ|159985.SZ|161226.SZ|513120.SH|513180.SH|513310.SH|513500.SH|513880.SH|515210.SH|516150.SH|588200.SH,-0.732705728288627,0.7799027480940437,random
rolling_mean_inclusion,2023-07-01/2023-12-31,2024-01-01/2024-06-30,24,159687.SZ|159796.SZ|159852.SZ|159869.SZ|159920.SZ|159980.SZ|159985.SZ|501018.SH|513030.SH|513120.SH|513290.SH|513500.SH|518880.SH,-0.9614879005593179,0.7597995185455373,random
rolling_mean_inclusion,2023-07-01/2023-12-31,2024-01-01/2024-06-30,25,159825.SZ|159981.SZ|159985.SZ|160644.SZ|164824.SZ|501018.SH|510880.SH|512170.SH|513070.SH|513080.SH|513120.SH|513310.SH|518880.SH,0.41408680208126847,0.5868313982039095,random
rolling_mean_inclusion,2023-07-01/2023-12-31,2024-01-01/2024-06-30,26,159509.SZ|159980.SZ|159981.SZ|159985.SZ|161226.SZ|510210.SH|512200.SH|513030.SH|513120.SH|513180.SH|513290.SH|513310.SH|588000.SH,-0.4101257961042612,0.73217134189722,random
rolling_mean_inclusion,2023-07-01/2023-12-31,2024-01-01/2024-06-30,27,159980.SZ|160644.SZ|161226.SZ|501018.SH|510880.SH|512400.SH|512980.SH|513120.SH|513180.SH|513310.SH|513500.SH|513880.SH|518880.SH,-1.669092887607941,0.7052814031706758,random
rolling_mean_inclusion,2023-07-01/2023-12-31,2024-01-01/2024-06-30,28,159980.SZ|159981.SZ|164824.SZ|501018.SH|512170.SH|512200.SH|513080.SH|513100.SH|513120.SH|513180.SH|513500.SH|518880.SH|588200.SH,0.0719960089665916,0.8909152686603402,random
rolling_mean_inclusion,2023-07-01/2023-12-31,2024-01-01/2024-06-30,29,159509.SZ|159687.SZ|159852.SZ|159981.SZ|159985.SZ|164824.SZ|501018.SH|510210.SH|512880.SH|513030.SH|513070.SH|513120.SH|518880.SH,0.5162164041725421,0.7579092133299615,random
rolling_mean_inclusion,2023-07-01/2023-12-31,2024-01-01/2024-06-30,30,159687.SZ|159901.SZ|159920.SZ|159980.SZ|159981.SZ|159985.SZ|512800.SH|513100.SH|513120.SH|513310.SH|513500.SH|518880.SH|562500.SH,-0.5018500970186883,0.8909152686603402,random
rolling_mean_inclusion,2023-07-01/2023-12-31,2024-01-01/2024-06-30,31,159611.SZ|159980.SZ|159981.SZ|160644.SZ|501018.SH|512800.SH|513080.SH|513100.SH|513120.SH|513180.SH|513290.SH|518880.SH|562500.SH,-0.6042045474737773,0.6626523644365334,random
rolling_mean_inclusion,2023-07-01/2023-12-31,2024-01-01/2024-06-30,32,159509.SZ|159687.SZ|159870.SZ|159901.SZ|159920.SZ|159980.SZ|159981.SZ|159985.SZ|164824.SZ|513080.SH|513120.SH|518880.SH|562500.SH,-0.4231109720501931,0.8240442777739098,random
rolling_mean_inclusion,2023-07-01/2023-12-31,2024-01-01/2024-06-30,33,159980.SZ|159981.SZ|501018.SH|512980.SH|513080.SH|513120.SH|513180.SH|513290.SH|513310.SH|513500.SH|515220.SH|516150.SH|518880.SH,-0.5912235374699089,0.7408368521193833,random
rolling_mean_inclusion,2023-07-01/2023-12-31,2024-01-01/2024-06-30,34,159920.SZ|159980.SZ|159981.SZ|160644.SZ|501018.SH|512400.SH|512660.SH|513030.SH|513100.SH|513120.SH|513290.SH|516150.SH|518880.SH,-0.6804458991329622,0.8408566165483314,random
rolling_mean_inclusion,2023-07-01/2023-12-31,2024-01-01/2024-06-30,35,159509.SZ|159687.SZ|159928.SZ|159980.SZ|159981.SZ|161226.SZ|501018.SH|512200.SH|513070.SH|513080.SH|513120.SH|513290.SH|588220.SH,0.11293168413175367,0.7366857191376772,random
rolling_mean_inclusion,2023-07-01/2023-12-31,2024-01-01/2024-06-30,36,159870.SZ|159920.SZ|159981.SZ|159985.SZ|160644.SZ|161226.SZ|164824.SZ|513120.SH|513310.SH|513880.SH|515210.SH|518880.SH|588220.SH,-1.1718182375375052,0.659576042446201,random
rolling_mean_inclusion,2023-07-01/2023-12-31,2024-01-01/2024-06-30,37,159920.SZ|159967.SZ|159980.SZ|159981.SZ|160644.SZ|501018.SH|510500.SH|513100.SH|513120.SH|513500.SH|513880.SH|518880.SH|588200.SH,0.12788781941560462,0.8909152686603402,random
rolling_mean_inclusion,2023-07-01/2023-12-31,2024-01-01/2024-06-30,38,159865.SZ|159870.SZ|159980.SZ|159985.SZ|161226.SZ|164824.SZ|501018.SH|513100.SH|513120.SH|513180.SH|513500.SH|513880.SH|588220.SH,-0.6689271988438367,0.8909152686603402,random
rolling_mean_inclusion,2023-07-01/2023-12-31,2024-01-01/2024-06-30,39,159985.SZ|161226.SZ|501018.SH|512040.SH|512170.SH|513070.SH|513100.SH|513120.SH|513310.SH|513500.SH|513880.SH|515790.SH|518880.SH,-1.195930599557932,0.8909152686603402,random
rolling_mean_inclusion,2023-07-01/2023-12-31,2024-01-01/2024-06-30,40,159852.SZ|159901.SZ|159980.SZ|159981.SZ|161226.SZ|501018.SH|513030.SH|513070.SH|513120.SH|513310.SH|513500.SH|513880.SH|563300.SH,-0.547309281573356,0.7824059319979025,random
rolling_mean_inclusion,2023-07-01/2023-12-31,2024-01-01/2024-06-30,41,159687.SZ|159980.SZ|159985.SZ|160644.SZ|501018.SH|512660.SH|513100.SH|513120.SH|513180.SH|513500.SH|515220.SH|518880.SH|562500.SH,-0.8402698450693895,0.8909152686603402,random
rolling_mean_inclusion,2023-07-01/2023-12-31,2024-01-01/2024-06-30,42,159766.SZ|159796.SZ|159920.SZ|159981.SZ|159985.SZ|160644.SZ|164824.SZ|501018.SH|513120.SH|513500.SH|513880.SH|515790.SH|518880.SH,-0.15048193631886767,0.8846573245149052,random
rolling_mean_inclusion,2023-07-01/2023-12-31,2024-01-01/2024-06-30,43,159980.SZ|159981.SZ|159985.SZ|160644.SZ|501018.SH|510500.SH|512980.SH|513100.SH|513120.SH|513180.SH|513310.SH|513500.SH|516150.SH,-0.27004586707187556,0.8909152686603402,random
rolling_mean_inclusion,2023-07-01/2023-12-31,2024-01-01/2024-06-30,44,159509.SZ|159687.SZ|159865.SZ|159981.SZ|161226.SZ|501018.SH|510210.SH|513080.SH|513120.SH|513180.SH|513880.SH|518880.SH|562500.SH,-0.9484450331763944,0.8806115882628334,random
rolling_mean_inclusion,2023-07-01/2023-12-31,2024-01-01/2024-06-30,45,159920.SZ|159980.SZ|159981.SZ|159985.SZ|510180.SH|512400.SH|513030.SH|513100.SH|513120.SH|513500.SH|513880.SH|516150.SH|518880.SH,-0.5230539679783511,0.8909152686603402,random
rolling_mean_inclusion,2023-07-01/2023-12-31,2024-01-01/2024-06-30,46,159980.SZ|159981.SZ|160644.SZ|161226.SZ|164824.SZ|501018.SH|510210.SH|512040.SH|513030.SH|513070.SH|513120.SH|513290.SH|588200.SH,-0.061530101664111936,0.8117251603840803,random
rolling_mean_inclusion,2023-07-01/2023-12-31,2024-01-01/2024-06-30,47,159687.SZ|159865.SZ|159980.SZ|159981.SZ|161226.SZ|164824.SZ|510300.SH|513120.SH|513180.SH|513290.SH|513500.SH|518880.SH|562500.SH,-1.7715832477953772,0.6915336172514468,random
rolling_mean_inclusion,2023-07-01/2023-12-31,2024-01-01/2024-06-30,48,159687.SZ|159980.SZ|159981.SZ|501018.SH|510300.SH|513070.SH|513080.SH|513120.SH|513290.SH|513880.SH|516150.SH|518880.SH|588220.SH,-0.27756422024162003,0.8806115882628334,random
rolling_mean_inclusion,2023-07-01/2023-12-31,2024-01-01/2024-06-30,49,159967.SZ|159980.SZ|159981.SZ|160644.SZ|161226.SZ|513120.SH|513180.SH|513290.SH|513310.SH|513880.SH|515790.SH|518880.SH|588000.SH,-1.0863525336697344,0.854891686641813,random
rolling_mean_inclusion,2023-07-01/2023-12-31,2024-01-01/2024-06-30,50,159687.SZ|159851.SZ|159981.SZ|159985.SZ|160644.SZ|161226.SZ|164824.SZ|501018.SH|513120.SH|513180.SH|513500.SH|515220.SH|562500.SH,-0.7661390592404445,0.6921930764099304,random
rolling_mean_inclusion,2023-07-01/2023-12-31,2024-01-01/2024-06-30,51,159509.SZ|159869.SZ|159920.SZ|159980.SZ|161226.SZ|164824.SZ|501018.SH|510880.SH|512890.SH|513120.SH|513290.SH|513500.SH|518880.SH,-0.9973372709422991,0.8645265361003734,random
rolling_mean_inclusion,2023-07-01/2023-12-31,2024-01-01/2024-06-30,52,159509.SZ|159920.SZ|159967.SZ|159980.SZ|159981.SZ|160644.SZ|161226.SZ|501018.SH|512040.SH|513030.SH|513120.SH|513880.SH|588000.SH,-0.7429419102559454,0.854891686641813,random
rolling_mean_inclusion,2023-07-01/2023-12-31,2024-01-01/2024-06-30,53,159920.SZ|159985.SZ|160644.SZ|161226.SZ|501018.SH|510500.SH|512040.SH|513030.SH|513120.SH|513290.SH|513880.SH|515210.SH|518880.SH,-0.701543810152928,0.8007576930610146,random
rolling_mean_inclusion,2023-07-01/2023-12-31,2024-01-01/2024-06-30,54,159687.SZ|159981.SZ|159985.SZ|160644.SZ|501018.SH|510500.SH|512170.SH|512660.SH|513030.SH|513120.SH|513180.SH|513500.SH|518880.SH,0.18710640894522015,0.7597995185455373,random
rolling_mean_inclusion,2023-07-01/2023-12-31,2024-01-01/2024-06-30,55,159611.SZ|159687.SZ|159920.SZ|159928.SZ|159980.SZ|161226.SZ|164824.SZ|501018.SH|513080.SH|513120.SH|513880.SH|518880.SH|588000.SH,-1.3955836521433613,0.8806115882628334,random
rolling_mean_inclusion,2023-07-01/2023-12-31,2024-01-01/2024-06-30,56,159611.SZ|159687.SZ|159980.SZ|159985.SZ|160644.SZ|164824.SZ|501018.SH|513120.SH|513180.SH|513500.SH|518880.SH|588000.SH|588200.SH,0.040998107007532494,0.9078601169340029,random
rolling_mean_inclusion,2023-07-01/2023-12-31,2024-01-01/2024-06-30,57,159920.SZ|159949.SZ|159980.SZ|159981.SZ|160644.SZ|501018.SH|512200.SH|512660.SH|513030.SH|513120.SH|513290.SH|513500.SH|518880.SH,-0.8178380972981907,0.7597995185455373,random
rolling_mean_inclusion,2023-07-01/2023-12-31,2024-01-01/2024-06-30,58,159509.SZ|159865.SZ|159920.SZ|159980.SZ|159981.SZ|161226.SZ|164824.SZ|512170.SH|513080.SH|513120.SH|513310.SH|516150.SH|518880.SH,-1.097850424214202,0.6105698681418325,random
rolling_mean_inclusion,2023-07-01/2023-12-31,2024-01-01/2024-06-30,59,159687.SZ|159796.SZ|159915.SZ|159920.SZ|159980.SZ|159985.SZ|161226.SZ|501018.SH|513120.SH|513290.SH|513500.SH|513880.SH|588200.SH,-0.18672615184478294,0.8806115882628334,random
rolling_mean_inclusion,2023-07-01/2023-12-31,2024-01-01/2024-06-30,60,159509.SZ|159980.SZ|159981.SZ|164824.SZ|501018.SH|512200.SH|513070.SH|513120.SH|513310.SH|513880.SH|515210.SH|515880.SH|518880.SH,-0.334000924542676,0.5915247022516898,random
rolling_mean_inclusion,2023-07-01/2023-12-31,2024-01-01/2024-06-30,61,159509.SZ|159611.SZ|159980.SZ|159985.SZ|160644.SZ|161226.SZ|164824.SZ|501018.SH|510880.SH|513080.SH|513120.SH|513180.SH|588000.SH,-0.7575131202589902,0.6149005769491303,random
rolling_mean_inclusion,2023-07-01/2023-12-31,2024-01-01/2024-06-30,62,159509.SZ|159920.SZ|159928.SZ|159967.SZ|159980.SZ|159981.SZ|159985.SZ|512100.SH|513080.SH|513120.SH|513310.SH|513880.SH|518880.SH,-0.2549938186859359,0.8491977313419249,random
rolling_mean_inclusion,2023-07-01/2023-12-31,2024-01-01/2024-06-30,63,159687.SZ|159980.SZ|159981.SZ|160644.SZ|501018.SH|512170.SH|513120.SH|513180.SH|513500.SH|513880.SH|515790.SH|518880.SH|563300.SH,-0.12372459195885341,0.8806115882628334,random
rolling_mean_inclusion,2023-07-01/2023-12-31,2024-01-01/2024-06-30,64,159865.SZ|159928.SZ|159981.SZ|159985.SZ|501018.SH|513030.SH|513100.SH|513120.SH|513180.SH|513290.SH|513880.SH|515210.SH|518880.SH,-0.025886705417975647,0.7824059319979025,random
rolling_mean_inclusion,2023-07-01/2023-12-31,2024-01-01/2024-06-30,65,159611.SZ|159687.SZ|159865.SZ|159980.SZ|159981.SZ|160644.SZ|164824.SZ|501018.SH|512980.SH|513030.SH|513070.SH|513120.SH|518880.SH,-1.0847396943008905,0.7579092133299615,random
rolling_mean_inclusion,2023-07-01/2023-12-31,2024-01-01/2024-06-30,66,159865.SZ|159949.SZ|159980.SZ|159981.SZ|159985.SZ|160644.SZ|161226.SZ|164824.SZ|512800.SH|513120.SH|513180.SH|513500.SH|513880.SH,-0.7282205583406218,0.7052814031706758,random
rolling_mean_inclusion,2023-07-01/2023-12-31,2024-01-01/2024-06-30,67,159509.SZ|159869.SZ|159980.SZ|159981.SZ|160644.SZ|161226.SZ|164824.SZ|501018.SH|510300.SH|513120.SH|513180.SH|513290.SH|515880.SH,-0.692286322551993,0.6237044173386495,random
rolling_mean_inclusion,2023-07-01/2023-12-31,2024-01-01/2024-06-30,68,159687.SZ|159825.SZ|159980.SZ|159985.SZ|161226.SZ|501018.SH|512170.SH|512660.SH|513030.SH|513120.SH|513180.SH|513290.SH|513500.SH,-0.11488817687478912,0.7597995185455373,random
rolling_mean_inclusion,2023-07-01/2023-12-31,2024-01-01/2024-06-30,69,159865.SZ|159928.SZ|159967.SZ|159980.SZ|159981.SZ|161226.SZ|513030.SH|513100.SH|513120.SH|513180.SH|513500.SH|513880.SH|518880.SH,-1.5241661250792466,0.8909152686603402,random
rolling_mean_inclusion,2023-07-01/2023-12-31,2024-01-01/2024-06-30,70,159865.SZ|159980.SZ|159985.SZ|160644.SZ|161226.SZ|164824.SZ|510300.SH|513120.SH|513180.SH|513500.SH|513880.SH|515790.SH|518880.SH,-1.622145538322691,0.7052814031706758,random
rolling_mean_inclusion,2023-07-01/2023-12-31,2024-01-01/2024-06-30,71,159980.SZ|159985.SZ|161226.SZ|164824.SZ|510180.SH|510880.SH|512980.SH|513030.SH|513070.SH|513100.SH|513120.SH|513880.SH|518880.SH,-1.604287162206302,0.7824059319979025,random
rolling_mean_inclusion,2023-07-01/2023-12-31,2024-01-01/2024-06-30,72,159687.SZ|159796.SZ|159980.SZ|161226.SZ|501018.SH|512980.SH|513070.SH|513080.SH|513100.SH|513120.SH|513500.SH|515210.SH|518880.SH,-2.275277208597935,0.8909152686603402,random
rolling_mean_inclusion,2023-07-01/2023-12-31,2024-01-01/2024-06-30,73,159509.SZ|159920.SZ|159981.SZ|159985.SZ|160644.SZ|161226.SZ|164824.SZ|501018.SH|512100.SH|512200.SH|513120.SH|513290.SH|588000.SH,0.42528202887829153,0.8606585780020943,random
rolling_mean_inclusion,2023-07-01/2023-12-31,2024-01-01/2024-06-30,74,159687.SZ|159796.SZ|159920.SZ|159980.SZ|159981.SZ|159985.SZ|161226.SZ|512400.SH|513100.SH|513120.SH|513500.SH|513880.SH|562500.SH,-1.0812125619605502,0.8909152686603402,random
rolling_mean_inclusion,2023-07-01/2023-12-31,2024-01-01/2024-06-30,75,159920.SZ|159980.SZ|159985.SZ|161226.SZ|164824.SZ|501018.SH|510180.SH|512400.SH|513080.SH|513120.SH|513290.SH|513500.SH|563300.SH,0.11949239263165552,0.7408368521193833,random
rolling_mean_inclusion,2023-07-01/2023-12-31,2024-01-01/2024-06-30,76,159980.SZ|159985.SZ|160644.SZ|161226.SZ|501018.SH|510300.SH|512980.SH|513030.SH|513070.SH|513120.SH|513290.SH|513500.SH|516150.SH,-0.7557486911520738,0.7597995185455373,random
rolling_mean_inclusion,2023-07-01/2023-12-31,2024-01-01/2024-06-30,77,159980.SZ|159981.SZ|159985.SZ|160644.SZ|164824.SZ|501018.SH|512040.SH|512660.SH|513080.SH|513120.SH|513180.SH|513290.SH|588000.SH,0.602094611639271,0.6750519511969483,random
rolling_mean_inclusion,2023-07-01/2023-12-31,2024-01-01/2024-06-30,78,159509.SZ|159870.SZ|159981.SZ|159985.SZ|160644.SZ|501018.SH|512040.SH|512100.SH|513120.SH|513180.SH|513310.SH|513880.SH|518880.SH,-0.8566069553322199,0.7265130571566438,random
rolling_mean_inclusion,2023-07-01/2023-12-31,2024-01-01/2024-06-30,79,159687.SZ|159766.SZ|159852.SZ|159980.SZ|159985.SZ|161226.SZ|513030.SH|513070.SH|513100.SH|513120.SH|513310.SH|518880.SH|588220.SH,-2.3129480913343508,0.7579092133299615,random
rolling_mean_inclusion,2023-07-01/2023-12-31,2024-01-01/2024-06-30,80,159915.SZ|159985.SZ|161226.SZ|501018.SH|512980.SH|513070.SH|513120.SH|513290.SH|513310.SH|513500.SH|513880.SH|515220.SH|518880.SH,-1.152949181464307,0.7052814031706758,random
rolling_mean_inclusion,2023-07-01/2023-12-31,2024-01-01/2024-06-30,81,159766.SZ|159869.SZ|159920.SZ|159980.SZ|159985.SZ|164824.SZ|501018.SH|513120.SH|513310.SH|513500.SH|513880.SH|518880.SH|562500.SH,-1.0554896854023095,0.7052814031706758,random
rolling_mean_inclusion,2023-07-01/2023-12-31,2024-01-01/2024-06-30,82,159687.SZ|159980.SZ|159981.SZ|161226.SZ|164824.SZ|510300.SH|513120.SH|513180.SH|513310.SH|513880.SH|516150.SH|518880.SH|588200.SH,-1.1952709960168366,0.8806115882628334,random
rolling_mean_inclusion,2023-07-01/2023-12-31,2024-01-01/2024-06-30,83,159920.SZ|159949.SZ|159981.SZ|159985.SZ|161226.SZ|164824.SZ|512980.SH|513100.SH|513120.SH|513310.SH|513880.SH|515220.SH|518880.SH,-1.4857789465683935,0.679900570954732,random
rolling_mean_inclusion,2023-07-01/2023-12-31,2024-01-01/2024-06-30,84,159949.SZ|159981.SZ|159985.SZ|160644.SZ|161226.SZ|501018.SH|512880.SH|513070.SH|513080.SH|513120.SH|513290.SH|513880.SH|588200.SH,0.31997490646232657,0.7739538917479323,random
rolling_mean_inclusion,2023-07-01/2023-12-31,2024-01-01/2024-06-30,85,159687.SZ|159980.SZ|159981.SZ|159985.SZ|160644.SZ|161226.SZ|512660.SH|512890.SH|513120.SH|513180.SH|513290.SH|513880.SH|562500.SH,-0.9201286391430683,0.8806115882628334,random
rolling_mean_inclusion,2023-07-01/2023-12-31,2024-01-01/2024-06-30,86,159915.SZ|159980.SZ|159981.SZ|159985.SZ|160644.SZ|161226.SZ|164824.SZ|512800.SH|513070.SH|513120.SH|513290.SH|513880.SH|515790.SH,-0.479781193573334,0.8114885189222423,random
rolling_mean_inclusion,2023-07-01/2023-12-31,2024-01-01/2024-06-30,87,159980.SZ|159981.SZ|160644.SZ|501018.SH|510300.SH|512880.SH|513030.SH|513100.SH|513120.SH|513180.SH|513500.SH|515220.SH|518880.SH,-0.6300330443548096,0.8909152686603402,random
rolling_mean_inclusion,2023-07-01/2023-12-31,2024-01-01/2024-06-30,88,159611.SZ|159928.SZ|159985.SZ|161226.SZ|164824.SZ|501018.SH|510210.SH|513070.SH|513080.SH|513120.SH|513290.SH|513880.SH|518880.SH,-0.6882070737521493,0.7739538917479323,random
rolling_mean_inclusion,2023-07-01/2023-12-31,2024-01-01/2024-06-30,89,159509.SZ|159865.SZ|159870.SZ|159980.SZ|159981.SZ|159985.SZ|501018.SH|512100.SH|513030.SH|513070.SH|513120.SH|513290.SH|513500.SH,0.6346970749809087,0.7799027480940437,random
rolling_mean_inclusion,2023-07-01/2023-12-31,2024-01-01/2024-06-30,90,159796.SZ|159851.SZ|159920.SZ|159967.SZ|159980.SZ|159981.SZ|159985.SZ|161226.SZ|164824.SZ|513100.SH|513120.SH|513310.SH|513880.SH,-0.8564759678207936,0.7597723245864569,random
rolling_mean_inclusion,2023-07-01/2023-12-31,2024-01-01/2024-06-30,91,159687.SZ|159901.SZ|159980.SZ|159981.SZ|159985.SZ|161226.SZ|164824.SZ|512980.SH|513030.SH|513070.SH|513100.SH|513120.SH|588220.SH,-0.422765623158965,0.7874839659157322,random
rolling_mean_inclusion,2023-07-01/2023-12-31,2024-01-01/2024-06-30,92,159949.SZ|159981.SZ|159985.SZ|161226.SZ|501018.SH|512100.SH|513030.SH|513070.SH|513100.SH|513120.SH|513290.SH|513310.SH|588000.SH,-0.07893457001791152,0.8606585780020943,random
rolling_mean_inclusion,2023-07-01/2023-12-31,2024-01-01/2024-06-30,93,159851.SZ|159852.SZ|159865.SZ|159920.SZ|159981.SZ|159985.SZ|160644.SZ|501018.SH|513030.SH|513120.SH|513310.SH|513880.SH|518880.SH,0.004339105693148013,0.8647793867976346,random
rolling_mean_inclusion,2023-07-01/2023-12-31,2024-01-01/2024-06-30,94,159949.SZ|159981.SZ|159985.SZ|160644.SZ|161226.SZ|513030.SH|513120.SH|513180.SH|513290.SH|513500.SH|515880.SH|518880.SH|588220.SH,-0.925530477907944,0.8468876875879605,random
rolling_mean_inclusion,2023-07-01/2023-12-31,2024-01-01/2024-06-30,95,159509.SZ|159687.SZ|159870.SZ|159985.SZ|161226.SZ|501018.SH|513070.SH|513080.SH|513120.SH|513310.SH|516150.SH|518880.SH|588200.SH,-0.4143187401142939,0.7513077264902582,random
rolling_mean_inclusion,2023-07-01/2023-12-31,2024-01-01/2024-06-30,96,159981.SZ|159985.SZ|160644.SZ|501018.SH|510180.SH|512170.SH|513030.SH|513100.SH|513120.SH|513180.SH|513310.SH|515790.SH|518880.SH,0.1863410712882425,0.7182503628120884,random
rolling_mean_inclusion,2023-07-01/2023-12-31,2024-01-01/2024-06-30,97,159915.SZ|159980.SZ|159981.SZ|161226.SZ|164824.SZ|510300.SH|512100.SH|513080.SH|513100.SH|513120.SH|513180.SH|513310.SH|518880.SH,-1.176649950063901,0.8610110677649587,random
rolling_mean_inclusion,2023-07-01/2023-12-31,2024-01-01/2024-06-30,98,159687.SZ|159980.SZ|159985.SZ|161226.SZ|501018.SH|510300.SH|512400.SH|512800.SH|513070.SH|513100.SH|513120.SH|513290.SH|513310.SH,-0.012320562893606857,0.7425425768370436,random
rolling_mean_inclusion,2023-07-01/2023-12-31,2024-01-01/2024-06-30,99,159611.SZ|159869.SZ|159920.SZ|159980.SZ|159985.SZ|160644.SZ|161226.SZ|501018.SH|512100.SH|513100.SH|513120.SH|513500.SH|513880.SH,-1.7022119625181504,0.8909152686603402,random
rolling_mean_inclusion,2023-07-01/2023-12-31,2024-01-01/2024-06-30,100,159985.SZ|160644.SZ|161226.SZ|164824.SZ|501018.SH|510880.SH|512800.SH|513070.SH|513100.SH|513120.SH|513310.SH|515210.SH|518880.SH,-1.1320897104216017,0.7623534511197072,random
rolling_mean_inclusion,2024-01-01/2024-06-30,2024-07-01/2024-12-31,1,159509.SZ|159852.SZ|159915.SZ|159980.SZ|159981.SZ|159985.SZ|160644.SZ|164824.SZ|501018.SH|513100.SH|513180.SH|513750.SH|563300.SH,1.5763727152656626,0.8174245780531227,random
rolling_mean_inclusion,2024-01-01/2024-06-30,2024-07-01/2024-12-31,2,159852.SZ|159870.SZ|159980.SZ|159985.SZ|161226.SZ|501018.SH|510050.SH|513030.SH|513070.SH|513100.SH|513310.SH|513750.SH|513880.SH,1.4238885790130353,0.7694161263312431,random
rolling_mean_inclusion,2024-01-01/2024-06-30,2024-07-01/2024-12-31,3,159518.SZ|159766.SZ|159920.SZ|159928.SZ|159980.SZ|159981.SZ|159985.SZ|512200.SH|513290.SH|513310.SH|513750.SH|513880.SH|518880.SH,0.17894690934455978,0.8926225266665948,random
rolling_mean_inclusion,2024-01-01/2024-06-30,2024-07-01/2024-12-31,4,159509.SZ|159687.SZ|159980.SZ|159985.SZ|161226.SZ|513070.SH|513080.SH|513730.SH|513750.SH|515210.SH|516150.SH|518880.SH|588000.SH,0.38567685446716504,0.809756851832685,random
rolling_mean_inclusion,2024-01-01/2024-06-30,2024-07-01/2024-12-31,5,159529.SZ|159766.SZ|159920.SZ|159980.SZ|159981.SZ|161226.SZ|164824.SZ|501018.SH|512880.SH|513030.SH|513730.SH|513750.SH|588220.SH,0.32455644936067896,0.8926225266665948,random
rolling_mean_inclusion,2024-01-01/2024-06-30,2024-07-01/2024-12-31,6,159687.SZ|159980.SZ|159981.SZ|159985.SZ|160644.SZ|501018.SH|510210.SH|512980.SH|513070.SH|513120.SH|513290.SH|513730.SH|515210.SH,-0.24258225354206286,0.7980918091621535,random
rolling_mean_inclusion,2024-01-01/2024-06-30,2024-07-01/2024-12-31,7,159518.SZ|159529.SZ|159901.SZ|159981.SZ|159985.SZ|501018.SH|513070.SH|513100.SH|513730.SH|513750.SH|515210.SH|518880.SH|562500.SH,1.4782220311630503,0.7694161263312431,random
rolling_mean_inclusion,2024-01-01/2024-06-30,2024-07-01/2024-12-31,8,159796.SZ|159980.SZ|159981.SZ|160644.SZ|161226.SZ|512170.SH|512890.SH|513080.SH|513180.SH|513400.SH|513730.SH|513750.SH|518880.SH,0.7350169257310974,0.809756851832685,random
rolling_mean_inclusion,2024-01-01/2024-06-30,2024-07-01/2024-12-31,9,159766.SZ|159920.SZ|159980.SZ|159981.SZ|164824.SZ|501018.SH|510210.SH|510500.SH|513080.SH|513120.SH|513310.SH|513400.SH|518880.SH,-0.24715213781405543,0.8646812760137823,random
rolling_mean_inclusion,2024-01-01/2024-06-30,2024-07-01/2024-12-31,10,159920.SZ|159980.SZ|159981.SZ|159985.SZ|160644.SZ|501018.SH|512890.SH|513120.SH|513290.SH|513310.SH|513730.SH|515880.SH|516150.SH,-0.11387825388466129,0.7250615512984933,random
rolling_mean_inclusion,2024-01-01/2024-06-30,2024-07-01/2024-12-31,11,159518.SZ|159851.SZ|159980.SZ|159981.SZ|161226.SZ|512170.SH|512200.SH|513080.SH|513100.SH|513120.SH|513500.SH|513750.SH|518880.SH,1.1263866660012192,0.8284455626917091,random
rolling_mean_inclusion,2024-01-01/2024-06-30,2024-07-01/2024-12-31,12,159920.SZ|159967.SZ|159980.SZ|161226.SZ|164824.SZ|501018.SH|512040.SH|513030.SH|513290.SH|513400.SH|513750.SH|515220.SH|518880.SH,0.30842335184480013,0.8926225266665948,random
rolling_mean_inclusion,2024-01-01/2024-06-30,2024-07-01/2024-12-31,13,159529.SZ|159852.SZ|159870.SZ|159928.SZ|159981.SZ|159985.SZ|501018.SH|513100.SH|513120.SH|513310.SH|513400.SH|513750.SH|518880.SH,0.039649646035924684,0.7273083273552956,random
rolling_mean_inclusion,2024-01-01/2024-06-30,2024-07-01/2024-12-31,14,159529.SZ|159687.SZ|159825.SZ|159851.SZ|159980.SZ|159981.SZ|159985.SZ|512170.SH|513030.SH|513070.SH|513080.SH|513120.SH|518880.SH,-1.3014187306189706,0.8794774846866373,random
rolling_mean_inclusion,2024-01-01/2024-06-30,2024-07-01/2024-12-31,15,159518.SZ|159851.SZ|159920.SZ|159980.SZ|159985.SZ|160644.SZ|501018.SH|512890.SH|513310.SH|513500.SH|513750.SH|518880.SH|588200.SH,2.078953777226552,0.8926225266665948,random
rolling_mean_inclusion,2024-01-01/2024-06-30,2024-07-01/2024-12-31,16,159518.SZ|159915.SZ|159967.SZ|159980.SZ|159981.SZ|161226.SZ|164824.SZ|510880.SH|513180.SH|513290.SH|513500.SH|513750.SH|518880.SH,0.29520295919709116,0.9176697438711434,random
rolling_mean_inclusion,2024-01-01/2024-06-30,2024-07-01/2024-12-31,17,159920.SZ|159980.SZ|159981.SZ|161226.SZ|501018.SH|512170.SH|512400.SH|513100.SH|513310.SH|513400.SH|513500.SH|513750.SH|588000.SH,1.4954349415051584,0.8926225266665948,random
rolling_mean_inclusion,2024-01-01/2024-06-30,2024-07-01/2024-12-31,18,159518.SZ|159687.SZ|159796.SZ|159980.SZ|159981.SZ|161226.SZ|501018.SH|510180.SH|513030.SH|513070.SH|513120.SH|513730.SH|515220.SH,-0.9937933062847644,0.7262374580009411,random
rolling_mean_inclusion,2024-01-01/2024-06-30,2024-07-01/2024-12-31,19,159529.SZ|159687.SZ|159980.SZ|159981.SZ|501018.SH|510880.SH|512040.SH|512660.SH|513070.SH|513310.SH|513750.SH|513880.SH|518880.SH,0.6136297364487505,0.8170712656203459,random
rolling_mean_inclusion,2024-01-01/2024-06-30,2024-07-01/2024-12-31,20,159529.SZ|159915.SZ|159980.SZ|161226.SZ|164824.SZ|501018.SH|510300.SH|512660.SH|513070.SH|513120.SH|513290.SH|513500.SH|518880.SH,2.201996290220633,0.8678288071330975,random
rolling_mean_inclusion,2024-01-01/2024-06-30,2024-07-01/2024-12-31,21,159509.SZ|159529.SZ|159611.SZ|159920.SZ|159980.SZ|159985.SZ|501018.SH|512400.SH|513030.SH|513120.SH|513400.SH|518880.SH|588220.SH,0.4596270986140943,0.7273083273552956,random
rolling_mean_inclusion,2024-01-01/2024-06-30,2024-07-01/2024-12-31,22,159611.SZ|159920.SZ|159985.SZ|161226.SZ|164824.SZ|501018.SH|510880.SH|512040.SH|513030.SH|513080.SH|513120.SH|513290.SH|518880.SH,1.0367685951178771,0.8794774846866373,random
rolling_mean_inclusion,2024-01-01/2024-06-30,2024-07-01/2024-12-31,23,159509.SZ|159920.SZ|159949.SZ|159980.SZ|159981.SZ|159985.SZ|164824.SZ|501018.SH|513120.SH|513290.SH|513880.SH|515210.SH|563300.SH,0.8574267672862591,0.7250615512984933,random
rolling_mean_inclusion,2024-01-01/2024-06-30,2024-07-01/2024-12-31,24,159796.SZ|159981.SZ|159985.SZ|161226.SZ|512890.SH|513030.SH|513070.SH|513100.SH|513500.SH|513730.SH|513750.SH|518880.SH|563300.SH,1.7358056388422716,0.8284455626917091,random
rolling_mean_inclusion,2024-01-01/2024-06-30,2024-07-01/2024-12-31,25,159687.SZ|159928.SZ|159981.SZ|159985.SZ|161226.SZ|164824.SZ|510300.SH|512100.SH|513100.SH|513120.SH|513180.SH|513730.SH|518880.SH,1.19874781419993,0.809756851832685,random
rolling_mean_inclusion,2024-01-01/2024-06-30,2024-07-01/2024-12-31,26,159509.SZ|159687.SZ|159766.SZ|159920.SZ|159980.SZ|159985.SZ|164824.SZ|501018.SH|512660.SH|512800.SH|513120.SH|513310.SH|518880.SH,2.807273454426758,0.7250615512984933,random
rolling_mean_inclusion,2024-01-01/2024-06-30,2024-07-01/2024-12-31,27,159509.SZ|159529.SZ|159981.SZ|159985.SZ|501018.SH|512800.SH|513030.SH|513070.SH|513500.SH|513750.SH|515210.SH|518880.SH|588200.SH,2.8508810662824686,0.7694161263312431,random
rolling_mean_inclusion,2024-01-01/2024-06-30,2024-07-01/2024-12-31,28,159852.SZ|159915.SZ|159920.SZ|159980.SZ|159985.SZ|161226.SZ|501018.SH|512800.SH|513080.SH|513100.SH|513290.SH|513750.SH|513880.SH,3.6819618453744845,0.8926225266665948,random
rolling_mean_inclusion,2024-01-01/2024-06-30,2024-07-01/2024-12-31,29,159851.SZ|159980.SZ|159981.SZ|159985.SZ|160644.SZ|161226.SZ|512200.SH|513030.SH|513120.SH|513180.SH|513310.SH|513730.SH|588000.SH,-0.9681303297892954,0.8022390350302199,random
rolling_mean_inclusion,2024-01-01/2024-06-30,2024-07-01/2024-12-31,30,159851.SZ|159920.SZ|159981.SZ|159985.SZ|160644.SZ|501018.SH|510300.SH|513400.SH|513730.SH|513750.SH|513880.SH|515210.SH|518880.SH,0.4938076283002852,0.8926225266665948,random
rolling_mean_inclusion,2024-01-01/2024-06-30,2024-07-01/2024-12-31,31,159687.SZ|159920.SZ|159980.SZ|161226.SZ|164824.SZ|501018.SH|513030.SH|513180.SH|513400.SH|515880.SH|516150.SH|518880.SH|563300.SH,1.058589300816587,0.9194110626548546,random
rolling_mean_inclusion,2024-01-01/2024-06-30,2024-07-01/2024-12-31,32,159865.SZ|159981.SZ|159985.SZ|160644.SZ|161226.SZ|164824.SZ|513080.SH|513120.SH|513730.SH|513750.SH|515790.SH|518880.SH|563300.SH,-0.358786917521638,0.809756851832685,random
rolling_mean_inclusion,2024-01-01/2024-06-30,2024-07-01/2024-12-31,33,159920.SZ|159981.SZ|160644.SZ|161226.SZ|501018.SH|510300.SH|513120.SH|513290.SH|513500.SH|513730.SH|518880.SH|563300.SH|588200.SH,0.6024230936334275,0.809756851832685,random
rolling_mean_inclusion,2024-01-01/2024-06-30,2024-07-01/2024-12-31,34,159509.SZ|159869.SZ|159981.SZ|161226.SZ|501018.SH|512100.SH|512890.SH|513030.SH|513120.SH|513180.SH|513400.SH|513500.SH|518880.SH,1.6131600810024644,0.823639841266624,random
rolling_mean_inclusion,2024-01-01/2024-06-30,2024-07-01/2024-12-31,35,159509.SZ|159518.SZ|159687.SZ|159865.SZ|159967.SZ|159980.SZ|159981.SZ|160644.SZ|161226.SZ|501018.SH|512660.SH|513120.SH|513180.SH,0.38133044631365953,0.763303340072328,random
rolling_mean_inclusion,2024-01-01/2024-06-30,2024-07-01/2024-12-31,36,159518.SZ|159915.SZ|159980.SZ|159981.SZ|161226.SZ|164824.SZ|510210.SH|510500.SH|513120.SH|513290.SH|513750.SH|513880.SH|518880.SH,0.9062151528509723,0.8646812760137823,random
rolling_mean_inclusion,2024-01-01/2024-06-30,2024-07-01/2024-12-31,37,159518.SZ|159980.SZ|159981.SZ|159985.SZ|510210.SH|512660.SH|513120.SH|513290.SH|513400.SH|513750.SH|513880.SH|515210.SH|518880.SH,-0.441188409653089,0.8000617824149284,random
rolling_mean_inclusion,2024-01-01/2024-06-30,2024-07-01/2024-12-31,38,159509.SZ|159687.SZ|159901.SZ|159920.SZ|159928.SZ|159981.SZ|159985.SZ|501018.SH|510880.SH|513080.SH|513100.SH|513750.SH|518880.SH,2.286078013664663,0.8926225266665948,random
rolling_mean_inclusion,2024-01-01/2024-06-30,2024-07-01/2024-12-31,39,159529.SZ|159851.SZ|159915.SZ|159920.SZ|159928.SZ|159980.SZ|159981.SZ|159985.SZ|513080.SH|513100.SH|513500.SH|513750.SH|518880.SH,0.6228985258375883,0.8926225266665948,random
rolling_mean_inclusion,2024-01-01/2024-06-30,2024-07-01/2024-12-31,40,159509.SZ|159518.SZ|159766.SZ|159869.SZ|159980.SZ|159981.SZ|161226.SZ|164824.SZ|501018.SH|512660.SH|513180.SH|513310.SH|513750.SH,1.4959605258730098,0.7985055969042496,random
rolling_mean_inclusion,2024-01-01/2024-06-30,2024-07-01/2024-12-31,41,159901.SZ|159981.SZ|159985.SZ|161226.SZ|512890.SH|513080.SH|513120.SH|513180.SH|513310.SH|513400.SH|513500.SH|515210.SH|518880.SH,1.5272731514843005,0.809756851832685,random
rolling_mean_inclusion,2024-01-01/2024-06-30,2024-07-01/2024-12-31,42,159687.SZ|159869.SZ|159980.SZ|159981.SZ|159985.SZ|160644.SZ|501018.SH|510180.SH|513080.SH|513180.SH|513730.SH|513750.SH|516150.SH,-0.03209647237353285,0.7985055969042496,random
rolling_mean_inclusion,2024-01-01/2024-06-30,2024-07-01/2024-12-31,43,159529.SZ|159687.SZ|159920.SZ|159967.SZ|159980.SZ|159985.SZ|501018.SH|510210.SH|510300.SH|513030.SH|513180.SH|513290.SH|518880.SH,0.5154718661278178,0.9194110626548546,random
rolling_mean_inclusion,2024-01-01/2024-06-30,2024-07-01/2024-12-31,44,159518.SZ|159529.SZ|159870.SZ|159980.SZ|160644.SZ|161226.SZ|501018.SH|512200.SH|513080.SH|513120.SH|513180.SH|515210.SH|518880.SH,1.3654847341033933,0.809756851832685,random
rolling_mean_inclusion,2024-01-01/2024-06-30,2024-07-01/2024-12-31,45,159509.SZ|159687.SZ|159980.SZ|159985.SZ|161226.SZ|501018.SH|510050.SH|512200.SH|513080.SH|513120.SH|513180.SH|513290.SH|515220.SH,1.360534053593873,0.763303340072328,random
rolling_mean_inclusion,2024-01-01/2024-06-30,2024-07-01/2024-12-31,46,159687.SZ|159851.SZ|159920.SZ|159980.SZ|159985.SZ|164824.SZ|501018.SH|512400.SH|513100.SH|513180.SH|513400.SH|518880.SH|588220.SH,1.237484738441813,0.9194110626548546,random
rolling_mean_inclusion,2024-01-01/2024-06-30,2024-07-01/2024-12-31,47,159915.SZ|159920.SZ|159980.SZ|159981.SZ|160644.SZ|161226.SZ|164824.SZ|510500.SH|513100.SH|513180.SH|513310.SH|516150.SH|518880.SH,1.2149868297578426,0.9194110626548546,random
rolling_mean_inclusion,2024-01-01/2024-06-30,2024-07-01/2024-12-31,48,159529.SZ|159766.SZ|159967.SZ|159980.SZ|159981.SZ|160644.SZ|501018.SH|512400.SH|513180.SH|513290.SH|513750.SH|513880.SH|518880.SH,0.1623756371629376,0.7985055969042496,random
rolling_mean_inclusion,2024-01-01/2024-06-30,2024-07-01/2024-12-31,49,159796.SZ|159869.SZ|159901.SZ|159920.SZ|159980.SZ|159985.SZ|160644.SZ|161226.SZ|513120.SH|513310.SH|513500.SH|513730.SH|518880.SH,1.0491686062792707,0.8354662566121864,random
rolling_mean_inclusion,2024-01-01/2024-06-30,2024-07-01/2024-12-31,50,159509.SZ|159869.SZ|159901.SZ|159981.SZ|159985.SZ|161226.SZ|513120.SH|513180.SH|513400.SH|513500.SH|513880.SH|515880.SH|518880.SH,1.59633270736916,0.809756851832685,random
rolling_mean_inclusion,2024-01-01/2024-06-30,2024-07-01/2024-12-31,51,159870.SZ|159928.SZ|159980.SZ|159981.SZ|161226.SZ|164824.SZ|513080.SH|513180.SH|513310.SH|513750.SH|513880.SH|516150.SH|518880.SH,-0.0736524557211248,0.824941191696515,random
rolling_mean_inclusion,2024-01-01/2024-06-30,2024-07-01/2024-12-31,52,159825.SZ|159949.SZ|159980.SZ|159981.SZ|159985.SZ|164824.SZ|501018.SH|510050.SH|513080.SH|513120.SH|513180.SH|513310.SH|513730.SH,-0.09632154883262775,0.763303340072328,random
rolling_mean_inclusion,2024-01-01/2024-06-30,2024-07-01/2024-12-31,53,159766.SZ|159920.SZ|159985.SZ|160644.SZ|161226.SZ|164824.SZ|501018.SH|512980.SH|513030.SH|513080.SH|513180.SH|516150.SH|518880.SH,1.8271402672054873,0.9194110626548546,random
rolling_mean_inclusion,2024-01-01/2024-06-30,2024-07-01/2024-12-31,54,159687.SZ|159928.SZ|159980.SZ|159981.SZ|159985.SZ|164824.SZ|512040.SH|513030.SH|513070.SH|513400.SH|513750.SH|518880.SH|563300.SH,-0.8890976764398315,0.7694161263312431,random
rolling_mean_inclusion,2024-01-01/2024-06-30,2024-07-01/2024-12-31,55,159509.SZ|159980.SZ|159981.SZ|159985.SZ|501018.SH|512100.SH|513120.SH|513500.SH|513730.SH|513750.SH|513880.SH|515220.SH|563300.SH,0.8657430211490047,0.8731885849525627,random
rolling_mean_inclusion,2024-01-01/2024-06-30,2024-07-01/2024-12-31,56,159529.SZ|159870.SZ|159980.SZ|161226.SZ|501018.SH|513030.SH|513070.SH|513100.SH|513120.SH|513400.SH|515220.SH|518880.SH|563300.SH,0.6754346122081313,0.809756851832685,random
rolling_mean_inclusion,2024-01-01/2024-06-30,2024-07-01/2024-12-31,57,159518.SZ|159529.SZ|159920.SZ|159967.SZ|159980.SZ|159981.SZ|159985.SZ|512800.SH|513500.SH|513750.SH|513880.SH|515790.SH|518880.SH,1.6493306960656515,0.8926225266665948,random
rolling_mean_inclusion,2024-01-01/2024-06-30,2024-07-01/2024-12-31,58,159518.SZ|159687.SZ|159920.SZ|159949.SZ|159980.SZ|159981.SZ|159985.SZ|512980.SH|513120.SH|513290.SH|513730.SH|515880.SH|518880.SH,0.43906337090345693,0.752525883512049,random
rolling_mean_inclusion,2024-01-01/2024-06-30,2024-07-01/2024-12-31,59,159851.SZ|159928.SZ|159985.SZ|161226.SZ|501018.SH|513100.SH|513120.SH|513180.SH|513400.SH|513500.SH|513730.SH|515210.SH|518880.SH,2.430207215257777,0.8284455626917091,random
rolling_mean_inclusion,2024-01-01/2024-06-30,2024-07-01/2024-12-31,60,159529.SZ|159687.SZ|159870.SZ|159980.SZ|159985.SZ|501018.SH|513100.SH|513120.SH|513750.SH|513880.SH|518880.SH|588200.SH|588220.SH,1.895871799969315,0.8676890084362138,random
rolling_mean_inclusion,2024-01-01/2024-06-30,2024-07-01/2024-12-31,61,159687.SZ|159920.SZ|159949.SZ|159981.SZ|159985.SZ|161226.SZ|164824.SZ|512200.SH|513180.SH|513310.SH|513730.SH|515790.SH|518880.SH,0.4105361109380108,0.9194110626548546,random
rolling_mean_inclusion,2024-01-01/2024-06-30,2024-07-01/2024-12-31,62,159529.SZ|159980.SZ|159981.SZ|159985.SZ|510500.SH|512660.SH|513030.SH|513120.SH|513180.SH|513500.SH|513730.SH|515790.SH|518880.SH,-0.9386532616319236,0.8649662959667263,random
rolling_mean_inclusion,2024-01-01/2024-06-30,2024-07-01/2024-12-31,63,159869.SZ|159920.SZ|159981.SZ|159985.SZ|160644.SZ|164824.SZ|501018.SH|512200.SH|513100.SH|513120.SH|513400.SH|518880.SH|588000.SH,1.1230312626758312,0.7250615512984933,random
rolling_mean_inclusion,2024-01-01/2024-06-30,2024-07-01/2024-12-31,64,159509.SZ|159529.SZ|159920.SZ|159981.SZ|159985.SZ|501018.SH|510500.SH|512170.SH|512660.SH|513030.SH|513120.SH|513500.SH|518880.SH,1.6259315093062474,0.8649662959667263,random
rolling_mean_inclusion,2024-01-01/2024-06-30,2024-07-01/2024-12-31,65,159687.SZ|159980.SZ|159981.SZ|159985.SZ|164824.SZ|501018.SH|510880.SH|512660.SH|513030.SH|513070.SH|513750.SH|513880.SH|515220.SH,-0.4367203096914566,0.8444124968971655,random
rolling_mean_inclusion,2024-01-01/2024-06-30,2024-07-01/2024-12-31,66,159980.SZ|160644.SZ|161226.SZ|501018.SH|510180.SH|512170.SH|513030.SH|513070.SH|513120.SH|513310.SH|513500.SH|518880.SH|588200.SH,1.5697878026329126,0.809756851832685,random
rolling_mean_inclusion,2024-01-01/2024-06-30,2024-07-01/2024-12-31,67,159529.SZ|159852.SZ|159870.SZ|159981.SZ|160644.SZ|161226.SZ|501018.SH|512400.SH|513120.SH|513180.SH|513400.SH|513730.SH|518880.SH,1.5166274161457334,0.809756851832685,random
rolling_mean_inclusion,2024-01-01/2024-06-30,2024-07-01/2024-12-31,68,159518.SZ|159920.SZ|159981.SZ|159985.SZ|161226.SZ|164824.SZ|510050.SH|512170.SH|512400.SH|513030.SH|513180.SH|513880.SH|518880.SH,-0.09832158181890086,0.9194110626548546,random
rolling_mean_inclusion,2024-01-01/2024-06-30,2024-07-01/2024-12-31,69,159529.SZ|159796.SZ|159915.SZ|159980.SZ|159981.SZ|160644.SZ|161226.SZ|501018.SH|513100.SH|513180.SH|513290.SH|513750.SH|516150.SH,0.3256593376009977,0.892673235895091,random
rolling_mean_inclusion,2024-01-01/2024-06-30,2024-07-01/2024-12-31,70,159687.SZ|159920.SZ|159949.SZ|159981.SZ|159985.SZ|161226.SZ|501018.SH|512400.SH|513100.SH|513310.SH|513730.SH|513750.SH|515880.SH,1.6490125861213112,0.8926225266665948,random
rolling_mean_inclusion,2024-01-01/2024-06-30,2024-07-01/2024-12-31,71,159766.SZ|159920.SZ|159980.SZ|160644.SZ|161226.SZ|501018.SH|510050.SH|512100.SH|513180.SH|513400.SH|513730.SH|513880.SH|518880.SH,1.6212071480132362,0.9194110626548546,random
rolling_mean_inclusion,2024-01-01/2024-06-30,2024-07-01/2024-12-31,72,159687.SZ|159901.SZ|159920.SZ|159980.SZ|159981.SZ|161226.SZ|501018.SH|512200.SH|512980.SH|513030.SH|513100.SH|513290.SH|513750.SH,1.5946342053866789,0.8926225266665948,random
rolling_mean_inclusion,2024-01-01/2024-06-30,2024-07-01/2024-12-31,73,159509.SZ|159870.SZ|159901.SZ|159980.SZ|159981.SZ|501018.SH|510050.SH|513030.SH|513120.SH|513400.SH|513750.SH|513880.SH|518880.SH,0.5011056068282234,0.7988725310284414,random
rolling_mean_inclusion,2024-01-01/2024-06-30,2024-07-01/2024-12-31,74,159509.SZ|159687.SZ|159920.SZ|159980.SZ|159985.SZ|161226.SZ|501018.SH|510500.SH|512660.SH|513180.SH|513400.SH|513730.SH|515220.SH,1.182175080639745,0.9194110626548546,random
rolling_mean_inclusion,2024-01-01/2024-06-30,2024-07-01/2024-12-31,75,159509.SZ|159901.SZ|159920.SZ|159980.SZ|159981.SZ|159985.SZ|161226.SZ|510210.SH|512100.SH|513030.SH|513100.SH|513730.SH|513750.SH,1.3507974545274188,0.8926225266665948,random
rolling_mean_inclusion,2024-01-01/2024-06-30,2024-07-01/2024-12-31,76,159509.SZ|159687.SZ|159766.SZ|159825.SZ|159920.SZ|159980.SZ|159985.SZ|161226.SZ|501018.SH|512880.SH|513400.SH|513730.SH|513750.SH,2.4768317108252385,0.8926225266665948,random
rolling_mean_inclusion,2024-01-01/2024-06-30,2024-07-01/2024-12-31,77,159980.SZ|159985.SZ|164824.SZ|501018.SH|512400.SH|513120.SH|513180.SH|513500.SH|513730.SH|513880.SH|515880.SH|518880.SH|588000.SH,1.0882187232767253,0.7939577694311544,random
rolling_mean_inclusion,2024-01-01/2024-06-30,2024-07-01/2024-12-31,78,159529.SZ|159980.SZ|159981.SZ|159985.SZ|164824.SZ|501018.SH|510300.SH|513180.SH|513400.SH|513500.SH|513750.SH|515220.SH|515880.SH,0.1038848763218186,0.7985055969042496,random
rolling_mean_inclusion,2024-01-01/2024-06-30,2024-07-01/2024-12-31,79,159949.SZ|159981.SZ|159985.SZ|160644.SZ|164824.SZ|501018.SH|510180.SH|513070.SH|513290.SH|513750.SH|513880.SH|518880.SH|588200.SH,0.4387390640437113,0.7969721603563624,random
rolling_mean_inclusion,2024-01-01/2024-06-30,2024-07-01/2024-12-31,80,159509.SZ|159518.SZ|159825.SZ|159980.SZ|159985.SZ|161226.SZ|164824.SZ|512200.SH|513070.SH|513120.SH|513310.SH|518880.SH|563300.SH,1.998580252516747,0.809756851832685,random
rolling_mean_inclusion,2024-01-01/2024-06-30,2024-07-01/2024-12-31,81,159920.SZ|159980.SZ|159981.SZ|164824.SZ|501018.SH|510180.SH|510210.SH|513180.SH|513290.SH|513730.SH|513880.SH|518880.SH|562500.SH,0.48090818649592854,0.9194110626548546,random
rolling_mean_inclusion,2024-01-01/2024-06-30,2024-07-01/2024-12-31,82,159687.SZ|159920.SZ|159980.SZ|161226.SZ|501018.SH|510880.SH|513080.SH|513120.SH|513310.SH|513730.SH|515210.SH|518880.SH|563300.SH,1.3344132758788627,0.809756851832685,random
rolling_mean_inclusion,2024-01-01/2024-06-30,2024-07-01/2024-12-31,83,159920.SZ|159967.SZ|159980.SZ|159981.SZ|501018.SH|512170.SH|513290.SH|513310.SH|513730.SH|513750.SH|513880.SH|516150.SH|518880.SH,0.6520580606297365,0.8926225266665948,random
rolling_mean_inclusion,2024-01-01/2024-06-30,2024-07-01/2024-12-31,84,159529.SZ|159796.SZ|159865.SZ|159920.SZ|159981.SZ|159985.SZ|164824.SZ|501018.SH|513080.SH|513180.SH|513310.SH|518880.SH|563300.SH,0.5382800760917111,0.9194110626548546,random
rolling_mean_inclusion,2024-01-01/2024-06-30,2024-07-01/2024-12-31,85,159518.SZ|159920.SZ|159980.SZ|159981.SZ|161226.SZ|501018.SH|513120.SH|513310.SH|513400.SH|513500.SH|515880.SH|588200.SH|588220.SH,0.5846123938649536,0.8676890084362138,random
rolling_mean_inclusion,2024-01-01/2024-06-30,2024-07-01/2024-12-31,86,159967.SZ|159981.SZ|160644.SZ|161226.SZ|501018.SH|512170.SH|513070.SH|513100.SH|513120.SH|513310.SH|513400.SH|518880.SH|588200.SH,0.7181236052603694,0.8567934447580456,random
rolling_mean_inclusion,2024-01-01/2024-06-30,2024-07-01/2024-12-31,87,159518.SZ|159529.SZ|159920.SZ|159928.SZ|159980.SZ|159981.SZ|159985.SZ|501018.SH|510300.SH|513180.SH|513400.SH|513880.SH|562500.SH,-0.6319020124825403,0.9194110626548546,random
rolling_mean_inclusion,2024-01-01/2024-06-30,2024-07-01/2024-12-31,88,159980.SZ|159981.SZ|159985.SZ|512100.SH|513030.SH|513080.SH|513100.SH|513120.SH|513180.SH|513500.SH|515880.SH|516150.SH|518880.SH,0.01661869802495506,0.8794774846866373,random
rolling_mean_inclusion,2024-01-01/2024-06-30,2024-07-01/2024-12-31,89,159611.SZ|159687.SZ|159920.SZ|159928.SZ|159980.SZ|159981.SZ|159985.SZ|501018.SH|512800.SH|513030.SH|513180.SH|513310.SH|513730.SH,0.4520148411475679,0.9194110626548546,random
rolling_mean_inclusion,2024-01-01/2024-06-30,2024-07-01/2024-12-31,90,159518.SZ|159766.SZ|159865.SZ|159980.SZ|159985.SZ|161226.SZ|513100.SH|513120.SH|513290.SH|513730.SH|513750.SH|518880.SH|588200.SH,1.3639769389201666,0.809756851832685,random
rolling_mean_inclusion,2024-01-01/2024-06-30,2024-07-01/2024-12-31,91,159851.SZ|159980.SZ|159981.SZ|160644.SZ|501018.SH|510210.SH|512890.SH|513030.SH|513120.SH|513310.SH|513400.SH|513750.SH|518880.SH,0.34119680016025933,0.7756436790137468,random
rolling_mean_inclusion,2024-01-01/2024-06-30,2024-07-01/2024-12-31,92,159509.SZ|159529.SZ|159870.SZ|159980.SZ|159981.SZ|159985.SZ|161226.SZ|510500.SH|512040.SH|513030.SH|513100.SH|513120.SH|513180.SH,2.28134252086177,0.8939093618457863,random
rolling_mean_inclusion,2024-01-01/2024-06-30,2024-07-01/2024-12-31,93,159509.SZ|159529.SZ|159920.SZ|159980.SZ|159981.SZ|159985.SZ|161226.SZ|510500.SH|513100.SH|513120.SH|513400.SH|515210.SH|516150.SH,1.475877331154458,0.8988598997434366,random
rolling_mean_inclusion,2024-01-01/2024-06-30,2024-07-01/2024-12-31,94,159687.SZ|159980.SZ|159985.SZ|501018.SH|512800.SH|512980.SH|513070.SH|513080.SH|513290.SH|513730.SH|513750.SH|518880.SH|563300.SH,1.6147079684663495,0.7721568592682777,random
rolling_mean_inclusion,2024-01-01/2024-06-30,2024-07-01/2024-12-31,95,159928.SZ|159981.SZ|159985.SZ|160644.SZ|161226.SZ|164824.SZ|510050.SH|513070.SH|513120.SH|513290.SH|513500.SH|515790.SH|518880.SH,0.8250234119469064,0.809756851832685,random
rolling_mean_inclusion,2024-01-01/2024-06-30,2024-07-01/2024-12-31,96,159509.SZ|159852.SZ|159980.SZ|159981.SZ|159985.SZ|512660.SH|512880.SH|513080.SH|513100.SH|513120.SH|513400.SH|513750.SH|518880.SH,0.3714467609501599,0.8322111794710122,random
rolling_mean_inclusion,2024-01-01/2024-06-30,2024-07-01/2024-12-31,97,159518.SZ|159980.SZ|159981.SZ|159985.SZ|160644.SZ|501018.SH|510500.SH|513080.SH|513120.SH|513180.SH|513310.SH|588200.SH|588220.SH,-0.7914807513842737,0.9088237726552091,random
rolling_mean_inclusion,2024-01-01/2024-06-30,2024-07-01/2024-12-31,98,159518.SZ|159920.SZ|159980.SZ|159985.SZ|161226.SZ|510050.SH|513030.SH|513400.SH|513730.SH|513750.SH|516150.SH|518880.SH|588000.SH,0.34571347258882623,0.8926225266665948,random
rolling_mean_inclusion,2024-01-01/2024-06-30,2024-07-01/2024-12-31,99,159509.SZ|159920.SZ|159928.SZ|159981.SZ|159985.SZ|161226.SZ|512880.SH|513030.SH|513290.SH|513730.SH|513750.SH|515220.SH|518880.SH,0.1865507060978183,0.8926225266665948,random
rolling_mean_inclusion,2024-01-01/2024-06-30,2024-07-01/2024-12-31,100,159980.SZ|159981.SZ|159985.SZ|164824.SZ|510210.SH|513120.SH|513180.SH|513310.SH|513500.SH|513730.SH|515220.SH|518880.SH|562500.SH,0.3093599354813882,0.763303340072328,random
rolling_mean_inclusion,2024-07-01/2024-12-31,2025-01-01/2025-06-30,1,159329.SZ|159509.SZ|159825.SZ|159851.SZ|159980.SZ|159981.SZ|161226.SZ|510050.SH|513070.SH|513100.SH|513120.SH|513290.SH|518880.SH,0.3043923963121718,0.9103349868626713,random
rolling_mean_inclusion,2024-07-01/2024-12-31,2025-01-01/2025-06-30,2,159518.SZ|159529.SZ|159980.SZ|159981.SZ|161226.SZ|501018.SH|512660.SH|513070.SH|513120.SH|513500.SH|513730.SH|515210.SH|515220.SH,0.2554646368847352,0.7810968614720013,random
rolling_mean_inclusion,2024-07-01/2024-12-31,2025-01-01/2025-06-30,3,159766.SZ|159920.SZ|159980.SZ|159985.SZ|161226.SZ|501018.SH|512170.SH|512800.SH|513120.SH|513310.SH|513400.SH|513500.SH|513730.SH,0.1543284228774453,0.7563119161551473,random
rolling_mean_inclusion,2024-07-01/2024-12-31,2025-01-01/2025-06-30,4,159611.SZ|159825.SZ|159920.SZ|159981.SZ|159985.SZ|161226.SZ|164824.SZ|501018.SH|512400.SH|513120.SH|513310.SH|513400.SH|513500.SH,-0.4423427369531558,0.7911422535599987,random
rolling_mean_inclusion,2024-07-01/2024-12-31,2025-01-01/2025-06-30,5,159509.SZ|159870.SZ|159920.SZ|159928.SZ|159980.SZ|159985.SZ|161226.SZ|164824.SZ|512890.SH|513400.SH|513500.SH|513750.SH|518880.SH,-0.907284933698728,0.8958197259318315,random
rolling_mean_inclusion,2024-07-01/2024-12-31,2025-01-01/2025-06-30,6,159518.SZ|159920.SZ|159980.SZ|159981.SZ|159985.SZ|501018.SH|510180.SH|512040.SH|512880.SH|513030.SH|513730.SH|513750.SH|513880.SH,0.42985023870927574,0.917791063542202,random
rolling_mean_inclusion,2024-07-01/2024-12-31,2025-01-01/2025-06-30,7,159529.SZ|159865.SZ|159981.SZ|161226.SZ|501018.SH|512200.SH|512880.SH|513070.SH|513100.SH|513730.SH|513750.SH|513880.SH|518880.SH,1.3107148580213157,0.8406231432114443,random
rolling_mean_inclusion,2024-07-01/2024-12-31,2025-01-01/2025-06-30,8,159509.SZ|159687.SZ|159851.SZ|159980.SZ|161226.SZ|164824.SZ|501018.SH|512890.SH|513070.SH|513120.SH|513290.SH|518880.SH|588000.SH,0.16765877961804873,0.7703390842413431,random
rolling_mean_inclusion,2024-07-01/2024-12-31,2025-01-01/2025-06-30,9,159509.SZ|159611.SZ|159851.SZ|159920.SZ|159985.SZ|161226.SZ|501018.SH|512980.SH|513120.SH|513290.SH|513400.SH|513880.SH|518880.SH,0.24481715989824662,0.7703390842413431,random
rolling_mean_inclusion,2024-07-01/2024-12-31,2025-01-01/2025-06-30,10,159509.SZ|159915.SZ|159985.SZ|161226.SZ|164824.SZ|501018.SH|510500.SH|513120.SH|513290.SH|513400.SH|513750.SH|516150.SH|518880.SH,0.368083270187919,0.8760658578917687,random
rolling_mean_inclusion,2024-07-01/2024-12-31,2025-01-01/2025-06-30,11,159329.SZ|159611.SZ|159869.SZ|159981.SZ|159985.SZ|160644.SZ|501018.SH|512400.SH|513030.SH|513070.SH|513400.SH|513750.SH|518880.SH,-0.24431680691412988,0.8406231432114443,random
rolling_mean_inclusion,2024-07-01/2024-12-31,2025-01-01/2025-06-30,12,159329.SZ|159687.SZ|159766.SZ|159852.SZ|159920.SZ|159980.SZ|159981.SZ|160644.SZ|164824.SZ|501018.SH|513120.SH|515880.SH|518880.SH,-0.3827908724116772,0.7479094343171996,random
rolling_mean_inclusion,2024-07-01/2024-12-31,2025-01-01/2025-06-30,13,159766.SZ|159980.SZ|159985.SZ|161226.SZ|512400.SH|513070.SH|513080.SH|513120.SH|513310.SH|513500.SH|513730.SH|515220.SH|518880.SH,-0.4830590043999474,0.7703390842413431,random
rolling_mean_inclusion,2024-07-01/2024-12-31,2025-01-01/2025-06-30,14,159329.SZ|159529.SZ|159825.SZ|159851.SZ|159980.SZ|159981.SZ|159985.SZ|160644.SZ|512880.SH|513100.SH|513180.SH|513750.SH|518880.SH,0.7925124190001446,0.8861226651551434,random
rolling_mean_inclusion,2024-07-01/2024-12-31,2025-01-01/2025-06-30,15,159949.SZ|159980.SZ|159981.SZ|159985.SZ|160644.SZ|513100.SH|513120.SH|513310.SH|513500.SH|513750.SH|515790.SH|518880.SH|588200.SH,-0.04669221882578312,0.8626765910012685,random
rolling_mean_inclusion,2024-07-01/2024-12-31,2025-01-01/2025-06-30,16,159509.SZ|159518.SZ|159529.SZ|159980.SZ|159981.SZ|161226.SZ|501018.SH|510880.SH|512800.SH|513080.SH|513180.SH|513750.SH|515210.SH,0.28886213916376224,0.8861226651551434,random
rolling_mean_inclusion,2024-07-01/2024-12-31,2025-01-01/2025-06-30,17,159329.SZ|159529.SZ|159981.SZ|159985.SZ|164824.SZ|501018.SH|512200.SH|513100.SH|513180.SH|513750.SH|515210.SH|518880.SH|562500.SH,0.20322627670078872,0.8861226651551434,random
rolling_mean_inclusion,2024-07-01/2024-12-31,2025-01-01/2025-06-30,18,159518.SZ|159869.SZ|159981.SZ|159985.SZ|161226.SZ|510180.SH|512800.SH|513030.SH|513120.SH|513180.SH|513310.SH|513880.SH|518880.SH,-0.8691682397946423,0.781078061256192,random
rolling_mean_inclusion,2024-07-01/2024-12-31,2025-01-01/2025-06-30,19,159518.SZ|159687.SZ|159825.SZ|159981.SZ|159985.SZ|501018.SH|510500.SH|512890.SH|513120.SH|513400.SH|513750.SH|513880.SH|518880.SH,0.08453817698806317,0.8708610010610455,random
rolling_mean_inclusion,2024-07-01/2024-12-31,2025-01-01/2025-06-30,20,159518.SZ|159529.SZ|159915.SZ|159980.SZ|159981.SZ|159985.SZ|161226.SZ|164824.SZ|510050.SH|513120.SH|513500.SH|513750.SH|515790.SH,0.5565960088831471,0.8423894774276284,random
rolling_mean_inclusion,2024-07-01/2024-12-31,2025-01-01/2025-06-30,21,159329.SZ|159980.SZ|159981.SZ|159985.SZ|160644.SZ|512040.SH|512100.SH|512200.SH|513080.SH|513180.SH|513750.SH|513880.SH|518880.SH,-0.44290187678324633,0.8861226651551434,random
rolling_mean_inclusion,2024-07-01/2024-12-31,2025-01-01/2025-06-30,22,159329.SZ|159920.SZ|159928.SZ|159980.SZ|161226.SZ|501018.SH|510500.SH|513080.SH|513100.SH|513120.SH|513310.SH|518880.SH|588220.SH,-0.399840409666925,0.8813862814949958,random
rolling_mean_inclusion,2024-07-01/2024-12-31,2025-01-01/2025-06-30,23,159687.SZ|159901.SZ|159985.SZ|160644.SZ|161226.SZ|501018.SH|510050.SH|512400.SH|513120.SH|513400.SH|513500.SH|513750.SH|518880.SH,0.4263303174908416,0.8457058777188947,random
rolling_mean_inclusion,2024-07-01/2024-12-31,2025-01-01/2025-06-30,24,159326.SZ|159509.SZ|159851.SZ|159980.SZ|159985.SZ|161226.SZ|501018.SH|512980.SH|513070.SH|513100.SH|513290.SH|513310.SH|513750.SH,0.48016993664531576,0.9103349868626713,random
rolling_mean_inclusion,2024-07-01/2024-12-31,2025-01-01/2025-06-30,25,159509.SZ|159518.SZ|159865.SZ|159980.SZ|159981.SZ|159985.SZ|510210.SH|513180.SH|513500.SH|513730.SH|513750.SH|515790.SH|518880.SH,-0.3637930477726766,0.8861226651551434,random
rolling_mean_inclusion,2024-07-01/2024-12-31,2025-01-01/2025-06-30,26,159326.SZ|159687.SZ|159869.SZ|159920.SZ|159967.SZ|159981.SZ|159985.SZ|161226.SZ|164824.SZ|501018.SH|513080.SH|513120.SH|513290.SH,-0.09533332620195466,0.7999779847265246,random
rolling_mean_inclusion,2024-07-01/2024-12-31,2025-01-01/2025-06-30,27,159687.SZ|159928.SZ|159949.SZ|159980.SZ|159985.SZ|164824.SZ|501018.SH|510880.SH|513120.SH|513180.SH|513290.SH|513730.SH|518880.SH,-0.01389951456168546,0.781078061256192,random
rolling_mean_inclusion,2024-07-01/2024-12-31,2025-01-01/2025-06-30,28,159518.SZ|159687.SZ|159980.SZ|159981.SZ|159985.SZ|164824.SZ|501018.SH|510500.SH|513070.SH|513120.SH|513880.SH|515220.SH|588220.SH,-0.9021257985985752,0.8813862814949958,random
rolling_mean_inclusion,2024-07-01/2024-12-31,2025-01-01/2025-06-30,29,159509.SZ|159981.SZ|159985.SZ|501018.SH|512170.SH|513070.SH|513400.SH|513730.SH|513750.SH|513880.SH|518880.SH|562500.SH|588220.SH,0.988316490709924,0.8929863129503268,random
rolling_mean_inclusion,2024-07-01/2024-12-31,2025-01-01/2025-06-30,30,159329.SZ|159611.SZ|159852.SZ|159981.SZ|159985.SZ|161226.SZ|510050.SH|513070.SH|513080.SH|513120.SH|513290.SH|513500.SH|518880.SH,-0.324790948655258,0.7703390842413431,random
rolling_mean_inclusion,2024-07-01/2024-12-31,2025-01-01/2025-06-30,31,159329.SZ|159509.SZ|159825.SZ|159920.SZ|159980.SZ|159981.SZ|160644.SZ|161226.SZ|512400.SH|513730.SH|513750.SH|518880.SH|563300.SH,-0.9746089599483875,0.8958197259318315,random
rolling_mean_inclusion,2024-07-01/2024-12-31,2025-01-01/2025-06-30,32,159329.SZ|159509.SZ|159980.SZ|159981.SZ|159985.SZ|510210.SH|512980.SH|513120.SH|513500.SH|513730.SH|513750.SH|516150.SH|518880.SH,-0.002791624642578118,0.8042605341192945,random
rolling_mean_inclusion,2024-07-01/2024-12-31,2025-01-01/2025-06-30,33,159687.SZ|159980.SZ|159985.SZ|161226.SZ|164824.SZ|501018.SH|513070.SH|513120.SH|513290.SH|513400.SH|515220.SH|562500.SH|563300.SH,0.011574390695267202,0.8834375379746414,random
rolling_mean_inclusion,2024-07-01/2024-12-31,2025-01-01/2025-06-30,34,159865.SZ|159901.SZ|159920.SZ|159980.SZ|159985.SZ|161226.SZ|501018.SH|510050.SH|513030.SH|513120.SH|513310.SH|513400.SH|513880.SH,-0.07344020498072118,0.8457058777188947,random
rolling_mean_inclusion,2024-07-01/2024-12-31,2025-01-01/2025-06-30,35,159687.SZ|159852.SZ|159980.SZ|159985.SZ|501018.SH|512800.SH|513030.SH|513080.SH|513120.SH|513180.SH|513500.SH|518880.SH|588200.SH,0.0871538985422792,0.9050122424256786,random
rolling_mean_inclusion,2024-07-01/2024-12-31,2025-01-01/2025-06-30,36,159329.SZ|159509.SZ|159518.SZ|159980.SZ|159981.SZ|159985.SZ|161226.SZ|512170.SH|513080.SH|513180.SH|513750.SH|516150.SH|563300.SH,-1.7794994389920331,0.8861226651551434,random
rolling_mean_inclusion,2024-07-01/2024-12-31,2025-01-01/2025-06-30,37,159329.SZ|159529.SZ|159766.SZ|159981.SZ|159985.SZ|161226.SZ|501018.SH|512980.SH|513030.SH|513070.SH|513290.SH|513750.SH|588200.SH,0.1830983664791673,0.8406231432114443,random
rolling_mean_inclusion,2024-07-01/2024-12-31,2025-01-01/2025-06-30,38,159825.SZ|159852.SZ|159980.SZ|159981.SZ|159985.SZ|164824.SZ|513070.SH|513120.SH|513400.SH|513500.SH|513730.SH|518880.SH|588000.SH,0.8007704753371725,0.7978084316452795,random
rolling_mean_inclusion,2024-07-01/2024-12-31,2025-01-01/2025-06-30,39,159529.SZ|159865.SZ|159980.SZ|159981.SZ|161226.SZ|164824.SZ|501018.SH|510300.SH|510880.SH|513080.SH|513180.SH|513730.SH|513750.SH,0.8271115943523227,0.8861226651551434,random
rolling_mean_inclusion,2024-07-01/2024-12-31,2025-01-01/2025-06-30,40,159509.SZ|159981.SZ|159985.SZ|161226.SZ|513080.SH|513120.SH|513180.SH|513310.SH|513880.SH|516150.SH|518880.SH|563300.SH|588220.SH,-0.6327435261146104,0.8777459453676856,random
rolling_mean_inclusion,2024-07-01/2024-12-31,2025-01-01/2025-06-30,41,159518.SZ|159869.SZ|159980.SZ|159981.SZ|159985.SZ|160644.SZ|161226.SZ|512660.SH|513100.SH|513120.SH|513750.SH|513880.SH|588200.SH,-0.7211132368493671,0.78891291056597,random
rolling_mean_inclusion,2024-07-01/2024-12-31,2025-01-01/2025-06-30,42,159326.SZ|159509.SZ|159518.SZ|159687.SZ|159920.SZ|159980.SZ|159981.SZ|501018.SH|512200.SH|513100.SH|513750.SH|518880.SH|588000.SH,0.6741621888076527,0.9103349868626713,random
rolling_mean_inclusion,2024-07-01/2024-12-31,2025-01-01/2025-06-30,43,159687.SZ|159870.SZ|159981.SZ|161226.SZ|164824.SZ|501018.SH|512200.SH|513180.SH|513310.SH|513730.SH|513750.SH|518880.SH|562500.SH,0.7206411441410754,0.8861226651551434,random
rolling_mean_inclusion,2024-07-01/2024-12-31,2025-01-01/2025-06-30,44,159529.SZ|159825.SZ|159967.SZ|159980.SZ|159985.SZ|160644.SZ|161226.SZ|501018.SH|510500.SH|513120.SH|513290.SH|513310.SH|513750.SH,0.3929961913749582,0.8708610010610455,random
rolling_mean_inclusion,2024-07-01/2024-12-31,2025-01-01/2025-06-30,45,159329.SZ|159980.SZ|159981.SZ|164824.SZ|501018.SH|512800.SH|512980.SH|513070.SH|513310.SH|513500.SH|513750.SH|518880.SH|563300.SH,-0.2650677136622713,0.894533099532176,random
rolling_mean_inclusion,2024-07-01/2024-12-31,2025-01-01/2025-06-30,46,159509.SZ|159920.SZ|159967.SZ|159981.SZ|159985.SZ|161226.SZ|164824.SZ|512660.SH|513290.SH|513500.SH|513750.SH|515880.SH|518880.SH,-0.11562996328893743,0.8958197259318315,random
rolling_mean_inclusion,2024-07-01/2024-12-31,2025-01-01/2025-06-30,47,159329.SZ|159796.SZ|159920.SZ|159967.SZ|159981.SZ|159985.SZ|161226.SZ|501018.SH|513080.SH|513290.SH|513730.SH|513750.SH|515220.SH,-0.5821155003757525,0.8958197259318315,random
rolling_mean_inclusion,2024-07-01/2024-12-31,2025-01-01/2025-06-30,48,159329.SZ|159980.SZ|159985.SZ|161226.SZ|510300.SH|512200.SH|513030.SH|513070.SH|513100.SH|513290.SH|513750.SH|515790.SH|518880.SH,0.07306468031160483,0.8406231432114443,random
rolling_mean_inclusion,2024-07-01/2024-12-31,2025-01-01/2025-06-30,49,159329.SZ|159509.SZ|159687.SZ|159920.SZ|159967.SZ|159981.SZ|159985.SZ|164824.SZ|501018.SH|510050.SH|513750.SH|516150.SH|518880.SH,-0.32051917730517193,0.8958197259318315,random
rolling_mean_inclusion,2024-07-01/2024-12-31,2025-01-01/2025-06-30,50,159329.SZ|159509.SZ|159529.SZ|159687.SZ|159852.SZ|159869.SZ|159980.SZ|161226.SZ|501018.SH|512400.SH|513120.SH|513180.SH|518880.SH,0.002123392575787929,0.781078061256192,random
rolling_mean_inclusion,2024-07-01/2024-12-31,2025-01-01/2025-06-30,51,159687.SZ|159852.SZ|159870.SZ|159980.SZ|159981.SZ|164824.SZ|501018.SH|512200.SH|513070.SH|513100.SH|513500.SH|513750.SH|518880.SH,0.7106327768270734,0.8626765910012685,random
rolling_mean_inclusion,2024-07-01/2024-12-31,2025-01-01/2025-06-30,52,159326.SZ|159509.SZ|159529.SZ|159825.SZ|159901.SZ|159980.SZ|159985.SZ|501018.SH|513070.SH|513100.SH|513310.SH|513750.SH|518880.SH,0.1792243123077067,0.9103349868626713,random
rolling_mean_inclusion,2024-07-01/2024-12-31,2025-01-01/2025-06-30,53,159326.SZ|159920.SZ|159980.SZ|159985.SZ|164824.SZ|501018.SH|510880.SH|512980.SH|513080.SH|513120.SH|513290.SH|513880.SH|518880.SH,-0.3537892998496358,0.7524634248673596,random
rolling_mean_inclusion,2024-07-01/2024-12-31,2025-01-01/2025-06-30,54,159329.SZ|159529.SZ|159928.SZ|159980.SZ|159985.SZ|161226.SZ|510180.SH|513070.SH|513290.SH|513310.SH|513750.SH|518880.SH|562500.SH,-0.34160732802364635,0.854627038765218,random
rolling_mean_inclusion,2024-07-01/2024-12-31,2025-01-01/2025-06-30,55,159529.SZ|159852.SZ|159980.SZ|159981.SZ|160644.SZ|161226.SZ|512660.SH|512800.SH|513120.SH|513290.SH|513310.SH|513750.SH|518880.SH,0.8042991541166438,0.7703390842413431,random
rolling_mean_inclusion,2024-07-01/2024-12-31,2025-01-01/2025-06-30,56,159611.SZ|159865.SZ|159980.SZ|159981.SZ|161226.SZ|164824.SZ|510500.SH|513030.SH|513080.SH|513120.SH|513310.SH|513750.SH|518880.SH,-1.141086897686574,0.9050122424256786,random
rolling_mean_inclusion,2024-07-01/2024-12-31,2025-01-01/2025-06-30,57,159329.SZ|159611.SZ|159949.SZ|159981.SZ|160644.SZ|161226.SZ|501018.SH|512660.SH|513030.SH|513070.SH|513400.SH|513750.SH|518880.SH,-0.0009854214764977625,0.8406231432114443,random
rolling_mean_inclusion,2024-07-01/2024-12-31,2025-01-01/2025-06-30,58,159509.SZ|159529.SZ|159687.SZ|159981.SZ|159985.SZ|501018.SH|510300.SH|512660.SH|513120.SH|513730.SH|513750.SH|518880.SH|588220.SH,0.8684752207011837,0.8774476576800679,random
rolling_mean_inclusion,2024-07-01/2024-12-31,2025-01-01/2025-06-30,59,159326.SZ|159920.SZ|159980.SZ|159985.SZ|160644.SZ|501018.SH|513120.SH|513290.SH|513400.SH|513730.SH|515210.SH|518880.SH|588200.SH,0.49206369080211454,0.7338236006588396,random
rolling_mean_inclusion,2024-07-01/2024-12-31,2025-01-01/2025-06-30,60,159329.SZ|159687.SZ|159869.SZ|159920.SZ|159981.SZ|161226.SZ|501018.SH|512170.SH|513100.SH|513500.SH|513750.SH|515220.SH|518880.SH,-0.023814133630118806,0.8958197259318315,random
rolling_mean_inclusion,2024-07-01/2024-12-31,2025-01-01/2025-06-30,61,159518.SZ|159865.SZ|159980.SZ|159981.SZ|159985.SZ|501018.SH|512200.SH|513070.SH|513120.SH|513290.SH|513400.SH|513500.SH|588220.SH,0.3280513445494438,0.7577638580918535,random
rolling_mean_inclusion,2024-07-01/2024-12-31,2025-01-01/2025-06-30,62,159329.SZ|159518.SZ|159529.SZ|159920.SZ|159980.SZ|159981.SZ|501018.SH|513030.SH|513120.SH|515220.SH|515790.SH|518880.SH|562500.SH,-0.2911983413991378,0.7693341753501658,random
rolling_mean_inclusion,2024-07-01/2024-12-31,2025-01-01/2025-06-30,63,159329.SZ|159920.SZ|159967.SZ|159981.SZ|160644.SZ|161226.SZ|501018.SH|512980.SH|513120.SH|513310.SH|513400.SH|518880.SH|588000.SH,-0.6094715982879203,0.9076258260410772,random
rolling_mean_inclusion,2024-07-01/2024-12-31,2025-01-01/2025-06-30,64,159329.SZ|159949.SZ|159981.SZ|159985.SZ|161226.SZ|501018.SH|512170.SH|512880.SH|513100.SH|513180.SH|513290.SH|513400.SH|513750.SH,1.497385225120979,0.8871085462632768,random
rolling_mean_inclusion,2024-07-01/2024-12-31,2025-01-01/2025-06-30,65,159687.SZ|159851.SZ|159920.SZ|159980.SZ|159985.SZ|501018.SH|512170.SH|512660.SH|513080.SH|513120.SH|513730.SH|513880.SH|518880.SH,1.3090183194884797,0.7821091863927339,random
rolling_mean_inclusion,2024-07-01/2024-12-31,2025-01-01/2025-06-30,66,159509.SZ|159865.SZ|159980.SZ|159981.SZ|159985.SZ|160644.SZ|513030.SH|513070.SH|513730.SH|513750.SH|515210.SH|518880.SH|588000.SH,-0.09087457630284634,0.8406231432114443,random
rolling_mean_inclusion,2024-07-01/2024-12-31,2025-01-01/2025-06-30,67,159329.SZ|159518.SZ|159920.SZ|159980.SZ|161226.SZ|501018.SH|510500.SH|512800.SH|513290.SH|513310.SH|513750.SH|518880.SH|588220.SH,-0.7829682407305915,0.8958197259318315,random
rolling_mean_inclusion,2024-07-01/2024-12-31,2025-01-01/2025-06-30,68,159509.SZ|159529.SZ|159796.SZ|159870.SZ|159920.SZ|159981.SZ|159985.SZ|501018.SH|512980.SH|513100.SH|513120.SH|513310.SH|518880.SH,0.03958075281559402,0.9103349868626713,random
rolling_mean_inclusion,2024-07-01/2024-12-31,2025-01-01/2025-06-30,69,159329.SZ|159529.SZ|159928.SZ|159949.SZ|159981.SZ|161226.SZ|501018.SH|512890.SH|513100.SH|513120.SH|513500.SH|513750.SH|518880.SH,0.7157601390179827,0.8626765910012685,random
rolling_mean_inclusion,2024-07-01/2024-12-31,2025-01-01/2025-06-30,70,159329.SZ|159518.SZ|159825.SZ|159928.SZ|159980.SZ|159985.SZ|161226.SZ|164824.SZ|501018.SH|510500.SH|513070.SH|513120.SH|513290.SH,-1.74208641185407,0.9018554000592175,random
rolling_mean_inclusion,2024-07-01/2024-12-31,2025-01-01/2025-06-30,71,159329.SZ|159529.SZ|159852.SZ|159980.SZ|159981.SZ|161226.SZ|164824.SZ|501018.SH|512800.SH|513120.SH|513180.SH|513730.SH|515220.SH,1.227324350020687,0.781078061256192,random
rolling_mean_inclusion,2024-07-01/2024-12-31,2025-01-01/2025-06-30,72,159509.SZ|159967.SZ|159981.SZ|159985.SZ|161226.SZ|164824.SZ|501018.SH|510050.SH|512890.SH|513030.SH|513070.SH|513400.SH|513750.SH,0.09080639693704208,0.8406231432114443,random
rolling_mean_inclusion,2024-07-01/2024-12-31,2025-01-01/2025-06-30,73,159529.SZ|159611.SZ|159825.SZ|159949.SZ|159980.SZ|159985.SZ|161226.SZ|513030.SH|513070.SH|513100.SH|513120.SH|513310.SH|518880.SH,0.32292901558936143,0.7703390842413431,random
rolling_mean_inclusion,2024-07-01/2024-12-31,2025-01-01/2025-06-30,74,159329.SZ|159518.SZ|159529.SZ|159980.SZ|161226.SZ|501018.SH|510880.SH|513070.SH|513120.SH|513730.SH|515210.SH|515880.SH|518880.SH,0.5536471325234193,0.7703390842413431,random
rolling_mean_inclusion,2024-07-01/2024-12-31,2025-01-01/2025-06-30,75,159509.SZ|159920.SZ|159928.SZ|159980.SZ|159981.SZ|159985.SZ|513100.SH|513290.SH|513750.SH|513880.SH|515880.SH|518880.SH|588220.SH,0.021110633864091073,0.9103349868626713,random
rolling_mean_inclusion,2024-07-01/2024-12-31,2025-01-01/2025-06-30,76,159326.SZ|159529.SZ|159687.SZ|159852.SZ|159981.SZ|159985.SZ|160644.SZ|161226.SZ|513070.SH|513120.SH|513500.SH|518880.SH|588220.SH,0.6382712289085788,0.8138609760856202,random
rolling_mean_inclusion,2024-07-01/2024-12-31,2025-01-01/2025-06-30,77,159509.SZ|159980.SZ|159981.SZ|159985.SZ|164824.SZ|501018.SH|512660.SH|513030.SH|513070.SH|513120.SH|513730.SH|515220.SH|516150.SH,-0.07426496031218435,0.7518883522277591,random
rolling_mean_inclusion,2024-07-01/2024-12-31,2025-01-01/2025-06-30,78,159825.SZ|159980.SZ|159981.SZ|159985.SZ|501018.SH|512040.SH|512800.SH|513030.SH|513070.SH|513120.SH|513290.SH|513400.SH|513880.SH,0.3711139265986922,0.8950243912593482,random
rolling_mean_inclusion,2024-07-01/2024-12-31,2025-01-01/2025-06-30,79,159529.SZ|159852.SZ|159980.SZ|159985.SZ|161226.SZ|501018.SH|510880.SH|512980.SH|513030.SH|513120.SH|513180.SH|513400.SH|513730.SH,1.299755939971063,0.781078061256192,random
rolling_mean_inclusion,2024-07-01/2024-12-31,2025-01-01/2025-06-30,80,159329.SZ|159869.SZ|159915.SZ|159981.SZ|159985.SZ|161226.SZ|164824.SZ|501018.SH|513120.SH|513730.SH|513750.SH|513880.SH|515210.SH,0.4560263181397777,0.7813486709920463,random
rolling_mean_inclusion,2024-07-01/2024-12-31,2025-01-01/2025-06-30,81,159611.SZ|159851.SZ|159980.SZ|159981.SZ|160644.SZ|161226.SZ|164824.SZ|501018.SH|513120.SH|513180.SH|513400.SH|513880.SH|588000.SH,0.5680030213737493,0.781078061256192,random
rolling_mean_inclusion,2024-07-01/2024-12-31,2025-01-01/2025-06-30,82,159870.SZ|159980.SZ|159981.SZ|161226.SZ|164824.SZ|501018.SH|512170.SH|513030.SH|513070.SH|513080.SH|513120.SH|513880.SH|588220.SH,-0.7271246263632487,0.9050122424256786,random
rolling_mean_inclusion,2024-07-01/2024-12-31,2025-01-01/2025-06-30,83,159687.SZ|159825.SZ|159920.SZ|159981.SZ|159985.SZ|161226.SZ|510300.SH|512880.SH|513030.SH|513120.SH|513290.SH|513310.SH|518880.SH,0.019941247909944844,0.8698223338301332,random
rolling_mean_inclusion,2024-07-01/2024-12-31,2025-01-01/2025-06-30,84,159796.SZ|159980.SZ|159981.SZ|159985.SZ|501018.SH|510500.SH|512880.SH|513070.SH|513100.SH|513310.SH|513500.SH|513750.SH|513880.SH,0.784217861928877,0.8792980681007975,random
rolling_mean_inclusion,2024-07-01/2024-12-31,2025-01-01/2025-06-30,85,159329.SZ|159796.SZ|159852.SZ|159981.SZ|159985.SZ|160644.SZ|164824.SZ|501018.SH|512890.SH|513030.SH|513120.SH|513750.SH|518880.SH,-1.1526295824192694,0.7579535481871515,random
rolling_mean_inclusion,2024-07-01/2024-12-31,2025-01-01/2025-06-30,86,159326.SZ|159329.SZ|159865.SZ|159920.SZ|159980.SZ|159981.SZ|161226.SZ|164824.SZ|501018.SH|512890.SH|513100.SH|513120.SH|513880.SH,-0.38585394500065645,0.7990006399571719,random
rolling_mean_inclusion,2024-07-01/2024-12-31,2025-01-01/2025-06-30,87,159518.SZ|159852.SZ|159981.SZ|159985.SZ|161226.SZ|501018.SH|513030.SH|513120.SH|513310.SH|513750.SH|513880.SH|515220.SH|516150.SH,-0.5550297608446672,0.7579535481871515,random
rolling_mean_inclusion,2024-07-01/2024-12-31,2025-01-01/2025-06-30,88,159687.SZ|159766.SZ|159920.SZ|159980.SZ|159981.SZ|159985.SZ|160644.SZ|161226.SZ|512660.SH|513730.SH|513750.SH|513880.SH|588220.SH,-0.09196987921974022,0.8958197259318315,random
rolling_mean_inclusion,2024-07-01/2024-12-31,2025-01-01/2025-06-30,89,159518.SZ|159529.SZ|159981.SZ|159985.SZ|161226.SZ|501018.SH|510210.SH|510500.SH|513070.SH|513100.SH|513120.SH|513880.SH|588200.SH,0.23251935259017725,0.8684742664454156,random
rolling_mean_inclusion,2024-07-01/2024-12-31,2025-01-01/2025-06-30,90,159852.SZ|159901.SZ|159920.SZ|159928.SZ|159980.SZ|159981.SZ|161226.SZ|164824.SZ|501018.SH|513030.SH|513120.SH|513290.SH|513310.SH,-0.0804908109927986,0.7948098101453003,random
rolling_mean_inclusion,2024-07-01/2024-12-31,2025-01-01/2025-06-30,91,159825.SZ|159870.SZ|159980.SZ|159981.SZ|160644.SZ|161226.SZ|501018.SH|513030.SH|513070.SH|513100.SH|513400.SH|513750.SH|516150.SH,-0.08804001950248756,0.8953178803407231,random
rolling_mean_inclusion,2024-07-01/2024-12-31,2025-01-01/2025-06-30,92,159687.SZ|159865.SZ|159920.SZ|159967.SZ|159980.SZ|160644.SZ|161226.SZ|501018.SH|513080.SH|513310.SH|513750.SH|515210.SH|518880.SH,-0.9879025419712613,0.8958197259318315,random
rolling_mean_inclusion,2024-07-01/2024-12-31,2025-01-01/2025-06-30,93,159518.SZ|159980.SZ|159981.SZ|501018.SH|510050.SH|513120.SH|513180.SH|513400.SH|513500.SH|513880.SH|515210.SH|518880.SH|588220.SH,0.30853825048961164,0.8157649170976331,random
rolling_mean_inclusion,2024-07-01/2024-12-31,2025-01-01/2025-06-30,94,159825.SZ|159915.SZ|159928.SZ|159981.SZ|159985.SZ|161226.SZ|513070.SH|513080.SH|513100.SH|513120.SH|513290.SH|513730.SH|518880.SH,0.28332307325549927,0.9018554000592175,random
rolling_mean_inclusion,2024-07-01/2024-12-31,2025-01-01/2025-06-30,95,159329.SZ|159915.SZ|159928.SZ|159985.SZ|161226.SZ|501018.SH|513030.SH|513100.SH|513120.SH|513730.SH|513750.SH|516150.SH|518880.SH,0.6141369735294568,0.7863630594201377,random
rolling_mean_inclusion,2024-07-01/2024-12-31,2025-01-01/2025-06-30,96,159329.SZ|159509.SZ|159518.SZ|159920.SZ|159980.SZ|159981.SZ|164824.SZ|501018.SH|510880.SH|512800.SH|513750.SH|515220.SH|518880.SH,-0.4613612018303464,0.8958197259318315,random
rolling_mean_inclusion,2024-07-01/2024-12-31,2025-01-01/2025-06-30,97,159981.SZ|161226.SZ|164824.SZ|501018.SH|512880.SH|513070.SH|513290.SH|513730.SH|513750.SH|513880.SH|518880.SH|588200.SH|588220.SH,1.3405002076042607,0.8406231432114443,random
rolling_mean_inclusion,2024-07-01/2024-12-31,2025-01-01/2025-06-30,98,159518.SZ|159852.SZ|159967.SZ|159981.SZ|159985.SZ|161226.SZ|501018.SH|512400.SH|513070.SH|513120.SH|513310.SH|513400.SH|513730.SH,0.5730961886597246,0.7348062857444708,random
rolling_mean_inclusion,2024-07-01/2024-12-31,2025-01-01/2025-06-30,99,159329.SZ|159518.SZ|159865.SZ|159980.SZ|159981.SZ|159985.SZ|501018.SH|512890.SH|513070.SH|513120.SH|513400.SH|513730.SH|515210.SH,0.24109661081791753,0.8170298827926185,random
rolling_mean_inclusion,2024-07-01/2024-12-31,2025-01-01/2025-06-30,100,159326.SZ|159687.SZ|159980.SZ|160644.SZ|161226.SZ|501018.SH|510180.SH|512040.SH|513100.SH|513120.SH|513180.SH|513500.SH|518880.SH,0.10377995309769662,0.917791063542202,random
rolling_mean_inclusion,2025-01-01/2025-06-30,2025-07-01/2025-12-31,1,159326.SZ|159329.SZ|159920.SZ|159980.SZ|159985.SZ|164824.SZ|501018.SH|512100.SH|512980.SH|513080.SH|513100.SH|513120.SH|518880.SH,-0.35041467243119173,0.8746015314073221,random
rolling_mean_inclusion,2025-01-01/2025-06-30,2025-07-01/2025-12-31,2,159949.SZ|159980.SZ|159981.SZ|161226.SZ|501018.SH|512400.SH|513070.SH|513120.SH|513290.SH|513400.SH|513730.SH|513880.SH|588000.SH,-1.1822696999595939,0.8081858331791523,random
rolling_mean_inclusion,2025-01-01/2025-06-30,2025-07-01/2025-12-31,3,159329.SZ|159611.SZ|159980.SZ|161226.SZ|501018.SH|512660.SH|513030.SH|513120.SH|513180.SH|513310.SH|513880.SH|518880.SH|563300.SH,1.6396991784814763,0.7553937537494826,random
rolling_mean_inclusion,2025-01-01/2025-06-30,2025-07-01/2025-12-31,4,159687.SZ|159766.SZ|159851.SZ|159869.SZ|159920.SZ|159981.SZ|160644.SZ|161226.SZ|164824.SZ|501018.SH|513120.SH|513400.SH|518880.SH,1.0752474181545895,0.7851839236646649,random
rolling_mean_inclusion,2025-01-01/2025-06-30,2025-07-01/2025-12-31,5,159518.SZ|159865.SZ|159869.SZ|159920.SZ|159949.SZ|159985.SZ|161226.SZ|501018.SH|513100.SH|513730.SH|513750.SH|513880.SH|518880.SH,0.05662427232185057,0.9042601594691357,random
rolling_mean_inclusion,2025-01-01/2025-06-30,2025-07-01/2025-12-31,6,159206.SZ|159518.SZ|159687.SZ|159865.SZ|159869.SZ|159981.SZ|159985.SZ|161226.SZ|513180.SH|513730.SH|513750.SH|513880.SH|518880.SH,1.1052693770678117,0.829117026530356,random
rolling_mean_inclusion,2025-01-01/2025-06-30,2025-07-01/2025-12-31,7,159687.SZ|159920.SZ|159980.SZ|159981.SZ|501018.SH|512890.SH|513030.SH|513120.SH|513310.SH|513730.SH|518880.SH|563300.SH|588000.SH,1.1135090649496473,0.7845007826073157,random
rolling_mean_inclusion,2025-01-01/2025-06-30,2025-07-01/2025-12-31,8,159329.SZ|159687.SZ|159796.SZ|159980.SZ|159985.SZ|161226.SZ|164824.SZ|512880.SH|513070.SH|513120.SH|513730.SH|518880.SH|562500.SH,0.979805281613202,0.7528024074293452,random
rolling_mean_inclusion,2025-01-01/2025-06-30,2025-07-01/2025-12-31,9,159915.SZ|159920.SZ|159980.SZ|159981.SZ|159985.SZ|161226.SZ|512200.SH|513080.SH|513310.SH|513500.SH|513730.SH|513750.SH|588220.SH,-0.21407058241562302,0.9042601594691357,random
rolling_mean_inclusion,2025-01-01/2025-06-30,2025-07-01/2025-12-31,10,159206.SZ|159920.SZ|159967.SZ|159980.SZ|159985.SZ|501018.SH|512800.SH|513120.SH|513310.SH|513400.SH|513730.SH|513880.SH|518880.SH,0.8659329512168245,0.8615916348814527,random
rolling_mean_inclusion,2025-01-01/2025-06-30,2025-07-01/2025-12-31,11,159329.SZ|159529.SZ|159766.SZ|159920.SZ|159981.SZ|159985.SZ|161226.SZ|510300.SH|512880.SH|513100.SH|513120.SH|513290.SH|518880.SH,0.30769258817312817,0.9054217362976861,random
rolling_mean_inclusion,2025-01-01/2025-06-30,2025-07-01/2025-12-31,12,159206.SZ|159687.SZ|159928.SZ|159981.SZ|159985.SZ|161226.SZ|164824.SZ|513070.SH|513120.SH|513500.SH|513730.SH|515210.SH|518880.SH,1.2039714433010116,0.8489591242734664,random
rolling_mean_inclusion,2025-01-01/2025-06-30,2025-07-01/2025-12-31,13,159329.SZ|159920.SZ|159985.SZ|160644.SZ|161226.SZ|501018.SH|510050.SH|510210.SH|512400.SH|513100.SH|513120.SH|513400.SH|518880.SH,0.01566626815294594,0.8933294071412069,random
rolling_mean_inclusion,2025-01-01/2025-06-30,2025-07-01/2025-12-31,14,159928.SZ|159985.SZ|161226.SZ|501018.SH|510180.SH|510880.SH|513180.SH|513290.SH|513310.SH|513400.SH|513750.SH|513880.SH|518880.SH,0.5286923364220592,0.829117026530356,random
rolling_mean_inclusion,2025-01-01/2025-06-30,2025-07-01/2025-12-31,15,159869.SZ|159915.SZ|159980.SZ|159981.SZ|160644.SZ|164824.SZ|501018.SH|512890.SH|513070.SH|513100.SH|513310.SH|513750.SH|518880.SH,1.1623735640345567,0.8346945255088569,random
rolling_mean_inclusion,2025-01-01/2025-06-30,2025-07-01/2025-12-31,16,159796.SZ|159967.SZ|159980.SZ|159985.SZ|160644.SZ|161226.SZ|510210.SH|513030.SH|513100.SH|513120.SH|513180.SH|513400.SH|518880.SH,0.8069254150971794,0.8896514833819045,random
rolling_mean_inclusion,2025-01-01/2025-06-30,2025-07-01/2025-12-31,17,159687.SZ|159796.SZ|159851.SZ|159901.SZ|159985.SZ|161226.SZ|501018.SH|513030.SH|513080.SH|513120.SH|513180.SH|513400.SH|518880.SH,-0.09814777108796238,0.8453845522224918,random
rolling_mean_inclusion,2025-01-01/2025-06-30,2025-07-01/2025-12-31,18,159326.SZ|159980.SZ|159981.SZ|161226.SZ|164824.SZ|512890.SH|513080.SH|513120.SH|513180.SH|513290.SH|513310.SH|518880.SH|563300.SH,1.2178544704768595,0.7874286469291346,random
rolling_mean_inclusion,2025-01-01/2025-06-30,2025-07-01/2025-12-31,19,159518.SZ|159967.SZ|159980.SZ|159985.SZ|501018.SH|510050.SH|513030.SH|513070.SH|513080.SH|513100.SH|513750.SH|515880.SH|518880.SH,-0.08314366457911362,0.8507863450277371,random
rolling_mean_inclusion,2025-01-01/2025-06-30,2025-07-01/2025-12-31,20,159687.SZ|159766.SZ|159865.SZ|159980.SZ|159985.SZ|161226.SZ|164824.SZ|501018.SH|513070.SH|513290.SH|513400.SH|513750.SH|562500.SH,-0.06506160807613985,0.8346945255088569,random
rolling_mean_inclusion,2025-01-01/2025-06-30,2025-07-01/2025-12-31,21,159201.SZ|159980.SZ|159985.SZ|161226.SZ|501018.SH|512100.SH|512880.SH|513030.SH|513070.SH|513290.SH|513500.SH|513750.SH|513880.SH,-0.6142789996817862,0.8585994663118267,random
rolling_mean_inclusion,2025-01-01/2025-06-30,2025-07-01/2025-12-31,22,159920.SZ|159981.SZ|159985.SZ|501018.SH|512400.SH|512880.SH|513030.SH|513290.SH|513400.SH|513730.SH|513750.SH|518880.SH|588000.SH,0.324589781556134,0.9042601594691357,random
rolling_mean_inclusion,2025-01-01/2025-06-30,2025-07-01/2025-12-31,23,159201.SZ|159329.SZ|159509.SZ|159529.SZ|159852.SZ|159980.SZ|159981.SZ|159985.SZ|161226.SZ|513180.SH|513730.SH|513750.SH|588220.SH,-1.0001200611720995,0.8348181381191616,random
rolling_mean_inclusion,2025-01-01/2025-06-30,2025-07-01/2025-12-31,24,159852.SZ|159920.SZ|159949.SZ|159980.SZ|161226.SZ|164824.SZ|501018.SH|513030.SH|513080.SH|513500.SH|513750.SH|515220.SH|518880.SH,0.8965734001582176,0.9042601594691357,random
rolling_mean_inclusion,2025-01-01/2025-06-30,2025-07-01/2025-12-31,25,159518.SZ|159980.SZ|159981.SZ|161226.SZ|164824.SZ|510880.SH|512040.SH|512200.SH|513070.SH|513080.SH|513120.SH|513400.SH|518880.SH,0.9053244298047126,0.8470200397872409,random
rolling_mean_inclusion,2025-01-01/2025-06-30,2025-07-01/2025-12-31,26,159509.SZ|159687.SZ|159967.SZ|159980.SZ|159981.SZ|159985.SZ|164824.SZ|501018.SH|513080.SH|513120.SH|513750.SH|515220.SH|588200.SH,-0.541278150694728,0.728373196843712,random
rolling_mean_inclusion,2025-01-01/2025-06-30,2025-07-01/2025-12-31,27,159329.SZ|159869.SZ|159980.SZ|159981.SZ|501018.SH|512040.SH|513070.SH|513080.SH|513120.SH|513290.SH|513880.SH|515880.SH|518880.SH,1.5262644827429193,0.7035162761045697,random
rolling_mean_inclusion,2025-01-01/2025-06-30,2025-07-01/2025-12-31,28,159201.SZ|159518.SZ|159687.SZ|159920.SZ|159980.SZ|159985.SZ|160644.SZ|501018.SH|512880.SH|513120.SH|513730.SH|518880.SH|562500.SH,-0.7291749266868319,0.7727532050489146,random
rolling_mean_inclusion,2025-01-01/2025-06-30,2025-07-01/2025-12-31,29,159201.SZ|159518.SZ|159852.SZ|159920.SZ|159981.SZ|159985.SZ|501018.SH|510300.SH|513080.SH|513120.SH|513400.SH|513880.SH|518880.SH,-0.3517265678086679,0.8715866426458393,random
rolling_mean_inclusion,2025-01-01/2025-06-30,2025-07-01/2025-12-31,30,159201.SZ|159329.SZ|159687.SZ|159967.SZ|159980.SZ|159981.SZ|159985.SZ|513070.SH|513120.SH|513310.SH|513880.SH|518880.SH|588220.SH,0.8092388424376324,0.8663459131824982,random
rolling_mean_inclusion,2025-01-01/2025-06-30,2025-07-01/2025-12-31,31,159509.SZ|159529.SZ|159981.SZ|159985.SZ|160644.SZ|501018.SH|512170.SH|512200.SH|512660.SH|513070.SH|513120.SH|513290.SH|518880.SH,0.44511085445910936,0.7639156138443662,random
rolling_mean_inclusion,2025-01-01/2025-06-30,2025-07-01/2025-12-31,32,159509.SZ|159611.SZ|159980.SZ|159985.SZ|161226.SZ|512170.SH|513070.SH|513120.SH|513500.SH|513730.SH|513880.SH|515790.SH|518880.SH,0.7658113408898428,0.9127168100554361,random
rolling_mean_inclusion,2025-01-01/2025-06-30,2025-07-01/2025-12-31,33,159518.SZ|159687.SZ|159920.SZ|159980.SZ|159981.SZ|160644.SZ|161226.SZ|501018.SH|510180.SH|510880.SH|513120.SH|513400.SH|562500.SH,-0.6068555038127098,0.7099969946902043,random
rolling_mean_inclusion,2025-01-01/2025-06-30,2025-07-01/2025-12-31,34,159329.SZ|159509.SZ|159611.SZ|159901.SZ|159920.SZ|159980.SZ|159981.SZ|159985.SZ|164824.SZ|510050.SH|513400.SH|513750.SH|518880.SH,0.8174571101774203,0.9042601594691357,random
rolling_mean_inclusion,2025-01-01/2025-06-30,2025-07-01/2025-12-31,35,159329.SZ|159509.SZ|159518.SZ|159920.SZ|159981.SZ|159985.SZ|161226.SZ|501018.SH|510050.SH|513750.SH|513880.SH|515210.SH|515790.SH,-1.1132883540808431,0.9042601594691357,random
rolling_mean_inclusion,2025-01-01/2025-06-30,2025-07-01/2025-12-31,36,159509.SZ|159825.SZ|159920.SZ|159980.SZ|159981.SZ|159985.SZ|160644.SZ|501018.SH|510300.SH|513080.SH|513120.SH|513400.SH|515790.SH,-0.3184302309807902,0.8208512885877406,random
rolling_mean_inclusion,2025-01-01/2025-06-30,2025-07-01/2025-12-31,37,159329.SZ|159529.SZ|159980.SZ|161226.SZ|164824.SZ|501018.SH|512800.SH|512880.SH|513070.SH|513120.SH|513500.SH|518880.SH|588200.SH,1.1968672821713304,0.7051672886570509,random
rolling_mean_inclusion,2025-01-01/2025-06-30,2025-07-01/2025-12-31,38,159326.SZ|159329.SZ|159518.SZ|159980.SZ|159985.SZ|161226.SZ|501018.SH|512040.SH|513120.SH|513180.SH|513290.SH|513310.SH|515790.SH,-1.39110204706394,0.8325266366133957,random
rolling_mean_inclusion,2025-01-01/2025-06-30,2025-07-01/2025-12-31,39,159509.SZ|159981.SZ|159985.SZ|161226.SZ|501018.SH|510180.SH|510500.SH|513030.SH|513180.SH|513400.SH|513730.SH|513750.SH|515880.SH,0.08498519534267539,0.9086723046082277,random
rolling_mean_inclusion,2025-01-01/2025-06-30,2025-07-01/2025-12-31,40,159518.SZ|159529.SZ|159870.SZ|159980.SZ|159985.SZ|501018.SH|512040.SH|513180.SH|513730.SH|513750.SH|513880.SH|518880.SH|588220.SH,-0.4255844860977194,0.8876244756569097,random
rolling_mean_inclusion,2025-01-01/2025-06-30,2025-07-01/2025-12-31,41,159518.SZ|159980.SZ|159981.SZ|159985.SZ|161226.SZ|164824.SZ|510500.SH|512880.SH|513070.SH|513120.SH|513500.SH|513880.SH|516150.SH,-1.1041887527976573,0.8994727142287019,random
rolling_mean_inclusion,2025-01-01/2025-06-30,2025-07-01/2025-12-31,42,159209.SZ|159329.SZ|159920.SZ|159980.SZ|160644.SZ|161226.SZ|164824.SZ|501018.SH|513730.SH|513750.SH|515210.SH|518880.SH|588000.SH,0.1338884891221085,0.9042601594691357,random
rolling_mean_inclusion,2025-01-01/2025-06-30,2025-07-01/2025-12-31,43,159766.SZ|159980.SZ|159985.SZ|501018.SH|512400.SH|512980.SH|513120.SH|513310.SH|513500.SH|513730.SH|513750.SH|513880.SH|518880.SH,0.6734361221516472,0.8489591242734664,random
rolling_mean_inclusion,2025-01-01/2025-06-30,2025-07-01/2025-12-31,44,159329.SZ|159518.SZ|159687.SZ|159981.SZ|159985.SZ|161226.SZ|510300.SH|513030.SH|513120.SH|513750.SH|515220.SH|518880.SH|562500.SH,0.872305328643417,0.680003536921922,random
rolling_mean_inclusion,2025-01-01/2025-06-30,2025-07-01/2025-12-31,45,159870.SZ|159980.SZ|159981.SZ|160644.SZ|161226.SZ|164824.SZ|512100.SH|513030.SH|513180.SH|513500.SH|513750.SH|518880.SH|588000.SH,0.45948952573368207,0.8527801237326369,random
rolling_mean_inclusion,2025-01-01/2025-06-30,2025-07-01/2025-12-31,46,159329.SZ|159980.SZ|159985.SZ|161226.SZ|164824.SZ|510050.SH|512200.SH|513080.SH|513120.SH|513180.SH|513730.SH|518880.SH|563300.SH,0.6673625272173818,0.7032797114911975,random
rolling_mean_inclusion,2025-01-01/2025-06-30,2025-07-01/2025-12-31,47,159329.SZ|159529.SZ|159851.SZ|159985.SZ|160644.SZ|161226.SZ|501018.SH|512880.SH|513030.SH|513120.SH|513180.SH|518880.SH|588200.SH,-0.46031806643026674,0.8623167319090309,random
rolling_mean_inclusion,2025-01-01/2025-06-30,2025-07-01/2025-12-31,48,159529.SZ|159825.SZ|159980.SZ|159985.SZ|160644.SZ|161226.SZ|501018.SH|510880.SH|513080.SH|513100.SH|513180.SH|513750.SH|588200.SH,-0.48304937757945077,0.829117026530356,random
rolling_mean_inclusion,2025-01-01/2025-06-30,2025-07-01/2025-12-31,49,159529.SZ|159611.SZ|159980.SZ|159981.SZ|160644.SZ|501018.SH|512170.SH|513100.SH|513120.SH|513750.SH|513880.SH|515210.SH|518880.SH,1.0290557498150052,0.7935214657978767,random
rolling_mean_inclusion,2025-01-01/2025-06-30,2025-07-01/2025-12-31,50,159201.SZ|159329.SZ|159529.SZ|159920.SZ|159981.SZ|159985.SZ|161226.SZ|164824.SZ|501018.SH|512100.SH|512880.SH|513100.SH|513120.SH,-0.602439759035603,0.8585994663118267,random
rolling_mean_inclusion,2025-01-01/2025-06-30,2025-07-01/2025-12-31,51,159329.SZ|159865.SZ|159920.SZ|159980.SZ|159981.SZ|159985.SZ|160644.SZ|510300.SH|513290.SH|513400.SH|513750.SH|518880.SH|588220.SH,0.4687153093848633,0.9042601594691357,random
rolling_mean_inclusion,2025-01-01/2025-06-30,2025-07-01/2025-12-31,52,159206.SZ|159901.SZ|159920.SZ|159981.SZ|159985.SZ|501018.SH|513120.SH|513290.SH|513310.SH|513730.SH|513880.SH|515790.SH|518880.SH,0.5225660788663047,0.8387561227125127,random
rolling_mean_inclusion,2025-01-01/2025-06-30,2025-07-01/2025-12-31,53,159518.SZ|159687.SZ|159920.SZ|159981.SZ|159985.SZ|161226.SZ|510500.SH|512660.SH|512800.SH|513120.SH|513400.SH|513880.SH|518880.SH,-0.35847164597581876,0.8081858331791523,random
rolling_mean_inclusion,2025-01-01/2025-06-30,2025-07-01/2025-12-31,54,159509.SZ|159518.SZ|159687.SZ|159796.SZ|159851.SZ|159980.SZ|159981.SZ|159985.SZ|161226.SZ|510210.SH|513180.SH|513750.SH|513880.SH,-0.8869402471049497,0.829117026530356,random
rolling_mean_inclusion,2025-01-01/2025-06-30,2025-07-01/2025-12-31,55,159209.SZ|159915.SZ|159981.SZ|159985.SZ|160644.SZ|164824.SZ|501018.SH|513030.SH|513070.SH|513100.SH|513120.SH|515220.SH|518880.SH,0.26725538821828726,0.884220696398085,random
rolling_mean_inclusion,2025-01-01/2025-06-30,2025-07-01/2025-12-31,56,159687.SZ|159920.SZ|159981.SZ|159985.SZ|160644.SZ|161226.SZ|510880.SH|512100.SH|513030.SH|513080.SH|513750.SH|518880.SH|562500.SH,-0.037949154429078126,0.9042601594691357,random
rolling_mean_inclusion,2025-01-01/2025-06-30,2025-07-01/2025-12-31,57,159329.SZ|159509.SZ|159851.SZ|159981.SZ|159985.SZ|161226.SZ|501018.SH|512100.SH|512200.SH|513030.SH|513070.SH|513120.SH|513730.SH,-1.0519190202790427,0.8669327861017755,random
rolling_mean_inclusion,2025-01-01/2025-06-30,2025-07-01/2025-12-31,58,159329.SZ|159920.SZ|159980.SZ|159981.SZ|159985.SZ|164824.SZ|510880.SH|513080.SH|513500.SH|513750.SH|518880.SH|562500.SH|563300.SH,-0.09960006546553003,0.9042601594691357,random
rolling_mean_inclusion,2025-01-01/2025-06-30,2025-07-01/2025-12-31,59,159509.SZ|159825.SZ|159980.SZ|159981.SZ|159985.SZ|161226.SZ|512040.SH|512890.SH|513120.SH|513180.SH|513310.SH|513500.SH|513880.SH,-0.5891913978388752,0.9127168100554361,random
rolling_mean_inclusion,2025-01-01/2025-06-30,2025-07-01/2025-12-31,60,159329.SZ|159981.SZ|159985.SZ|161226.SZ|501018.SH|510050.SH|512170.SH|512980.SH|513070.SH|513080.SH|513100.SH|513120.SH|513730.SH,-1.2016556330139025,0.8627541750814681,random
rolling_mean_inclusion,2025-01-01/2025-06-30,2025-07-01/2025-12-31,61,159509.SZ|159529.SZ|159980.SZ|159981.SZ|161226.SZ|501018.SH|512980.SH|513120.SH|513310.SH|513400.SH|513750.SH|515210.SH|563300.SH,-0.3601219808921334,0.8208512885877406,random
rolling_mean_inclusion,2025-01-01/2025-06-30,2025-07-01/2025-12-31,62,159326.SZ|159329.SZ|159529.SZ|159687.SZ|159920.SZ|159985.SZ|161226.SZ|501018.SH|512040.SH|513120.SH|513290.SH|518880.SH|562500.SH,-0.4672264403252311,0.8325266366133957,random
rolling_mean_inclusion,2025-01-01/2025-06-30,2025-07-01/2025-12-31,63,159326.SZ|159329.SZ|159920.SZ|159980.SZ|159981.SZ|161226.SZ|501018.SH|510880.SH|512660.SH|513080.SH|513500.SH|513730.SH|513750.SH,-0.44402615429471504,0.9042601594691357,random
rolling_mean_inclusion,2025-01-01/2025-06-30,2025-07-01/2025-12-31,64,159329.SZ|159518.SZ|159611.SZ|159980.SZ|159981.SZ|160644.SZ|161226.SZ|501018.SH|512400.SH|513070.SH|513290.SH|513750.SH|588000.SH,-0.9999516196138374,0.8346945255088569,random
rolling_mean_inclusion,2025-01-01/2025-06-30,2025-07-01/2025-12-31,65,159825.SZ|159980.SZ|160644.SZ|161226.SZ|501018.SH|510300.SH|512170.SH|513030.SH|513100.SH|513180.SH|513750.SH|513880.SH|518880.SH,0.022679939403086432,0.829117026530356,random
rolling_mean_inclusion,2025-01-01/2025-06-30,2025-07-01/2025-12-31,66,159509.SZ|159981.SZ|161226.SZ|501018.SH|512200.SH|512800.SH|513070.SH|513080.SH|513400.SH|513730.SH|513750.SH|516150.SH|518880.SH,0.4566807886633642,0.8348181381191616,random
rolling_mean_inclusion,2025-01-01/2025-06-30,2025-07-01/2025-12-31,67,159326.SZ|159529.SZ|159981.SZ|159985.SZ|161226.SZ|501018.SH|512660.SH|512800.SH|513100.SH|513180.SH|513400.SH|513730.SH|513750.SH,-0.5053986153363713,0.8896514833819045,random
rolling_mean_inclusion,2025-01-01/2025-06-30,2025-07-01/2025-12-31,68,159518.SZ|159851.SZ|159981.SZ|159985.SZ|501018.SH|512200.SH|513030.SH|513070.SH|513120.SH|513400.SH|513880.SH|515210.SH|518880.SH,-0.21915193073596947,0.8081858331791523,random
rolling_mean_inclusion,2025-01-01/2025-06-30,2025-07-01/2025-12-31,69,159529.SZ|159796.SZ|159852.SZ|159980.SZ|159985.SZ|501018.SH|513120.SH|513290.SH|513310.SH|513400.SH|513750.SH|515880.SH|518880.SH,1.206289257576659,0.7870258146774196,random
rolling_mean_inclusion,2025-01-01/2025-06-30,2025-07-01/2025-12-31,70,159509.SZ|159529.SZ|159920.SZ|159980.SZ|159981.SZ|161226.SZ|164824.SZ|510050.SH|512100.SH|513120.SH|513290.SH|518880.SH|588200.SH,0.7850217483809411,0.7946734318559772,random
rolling_mean_inclusion,2025-01-01/2025-06-30,2025-07-01/2025-12-31,71,159687.SZ|159865.SZ|159980.SZ|159985.SZ|161226.SZ|501018.SH|510300.SH|513070.SH|513080.SH|513120.SH|513400.SH|513730.SH|515220.SH,-0.059831827641974575,0.7844473400812552,random
rolling_mean_inclusion,2025-01-01/2025-06-30,2025-07-01/2025-12-31,72,159518.SZ|159928.SZ|159981.SZ|159985.SZ|160644.SZ|161226.SZ|501018.SH|512170.SH|513120.SH|513500.SH|513750.SH|513880.SH|563300.SH,-0.7947119043790125,0.8221534939092613,random
rolling_mean_inclusion,2025-01-01/2025-06-30,2025-07-01/2025-12-31,73,159329.SZ|159529.SZ|159870.SZ|159915.SZ|159981.SZ|161226.SZ|501018.SH|510050.SH|513180.SH|513730.SH|513750.SH|513880.SH|518880.SH,0.47298551465744915,0.8457435696568476,random
rolling_mean_inclusion,2025-01-01/2025-06-30,2025-07-01/2025-12-31,74,159326.SZ|159980.SZ|159981.SZ|161226.SZ|510180.SH|512170.SH|513080.SH|513100.SH|513180.SH|513290.SH|513310.SH|513750.SH|518880.SH,0.6871472734882831,0.8446255402847259,random
rolling_mean_inclusion,2025-01-01/2025-06-30,2025-07-01/2025-12-31,75,159329.SZ|159509.SZ|159529.SZ|159949.SZ|159980.SZ|159981.SZ|161226.SZ|512040.SH|513120.SH|513310.SH|513750.SH|518880.SH|562500.SH,1.0118468996221637,0.7915798545838666,random
rolling_mean_inclusion,2025-01-01/2025-06-30,2025-07-01/2025-12-31,76,159509.SZ|159687.SZ|159865.SZ|159980.SZ|159981.SZ|159985.SZ|501018.SH|510180.SH|513030.SH|513070.SH|513730.SH|513750.SH|588200.SH,-0.20870283725390504,0.8348181381191616,random
rolling_mean_inclusion,2025-01-01/2025-06-30,2025-07-01/2025-12-31,77,159329.SZ|159529.SZ|159980.SZ|161226.SZ|164824.SZ|501018.SH|512400.SH|512890.SH|513070.SH|513730.SH|513750.SH|516150.SH|518880.SH,1.5144617461192467,0.8346945255088569,random
rolling_mean_inclusion,2025-01-01/2025-06-30,2025-07-01/2025-12-31,78,159329.SZ|159920.SZ|159949.SZ|159980.SZ|159981.SZ|159985.SZ|160644.SZ|164824.SZ|501018.SH|510050.SH|510880.SH|513120.SH|513290.SH,-0.9370498285687717,0.7821937927251359,random
rolling_mean_inclusion,2025-01-01/2025-06-30,2025-07-01/2025-12-31,79,159509.SZ|159981.SZ|159985.SZ|160644.SZ|161226.SZ|164824.SZ|501018.SH|512170.SH|512400.SH|513120.SH|513180.SH|513400.SH|515880.SH,-0.21008384206768796,0.8208512885877406,random
rolling_mean_inclusion,2025-01-01/2025-06-30,2025-07-01/2025-12-31,80,159509.SZ|159949.SZ|159980.SZ|159981.SZ|161226.SZ|510180.SH|513070.SH|513080.SH|513310.SH|513500.SH|513750.SH|518880.SH|588200.SH,0.8489127947275223,0.9127168100554361,random
rolling_mean_inclusion,2025-01-01/2025-06-30,2025-07-01/2025-12-31,81,159981.SZ|161226.SZ|501018.SH|512980.SH|513030.SH|513070.SH|513100.SH|513120.SH|513400.SH|513730.SH|515880.SH|518880.SH|588200.SH,0.6399915167544853,0.8896514833819045,random
rolling_mean_inclusion,2025-01-01/2025-06-30,2025-07-01/2025-12-31,82,159687.SZ|159901.SZ|159980.SZ|159981.SZ|161226.SZ|512660.SH|512980.SH|513080.SH|513120.SH|513180.SH|513310.SH|513730.SH|518880.SH,0.970572909942636,0.7588560951011586,random
rolling_mean_inclusion,2025-01-01/2025-06-30,2025-07-01/2025-12-31,83,159206.SZ|159518.SZ|159949.SZ|159981.SZ|159985.SZ|164824.SZ|501018.SH|512660.SH|513070.SH|513500.SH|513750.SH|513880.SH|518880.SH,0.5959142241555018,0.8378472069213566,random
rolling_mean_inclusion,2025-01-01/2025-06-30,2025-07-01/2025-12-31,84,159529.SZ|159980.SZ|159985.SZ|161226.SZ|501018.SH|512040.SH|513070.SH|513120.SH|513310.SH|513500.SH|513730.SH|515210.SH|515790.SH,-0.2590026106823782,0.8489591242734664,random
rolling_mean_inclusion,2025-01-01/2025-06-30,2025-07-01/2025-12-31,85,159206.SZ|159529.SZ|159980.SZ|160644.SZ|161226.SZ|501018.SH|512040.SH|512890.SH|513030.SH|513070.SH|513290.SH|513750.SH|518880.SH,0.7255742525891896,0.8346945255088569,random
rolling_mean_inclusion,2025-01-01/2025-06-30,2025-07-01/2025-12-31,86,159529.SZ|159687.SZ|159865.SZ|159920.SZ|159981.SZ|159985.SZ|501018.SH|512800.SH|513310.SH|513400.SH|513750.SH|515210.SH|518880.SH,1.334485297669697,0.9042601594691357,random
rolling_mean_inclusion,2025-01-01/2025-06-30,2025-07-01/2025-12-31,87,159329.SZ|159509.SZ|159920.SZ|159980.SZ|159981.SZ|160644.SZ|161226.SZ|164824.SZ|512880.SH|513750.SH|518880.SH|563300.SH|588220.SH,0.5353823256752787,0.9042601594691357,random
rolling_mean_inclusion,2025-01-01/2025-06-30,2025-07-01/2025-12-31,88,159329.SZ|159852.SZ|159949.SZ|159980.SZ|159981.SZ|161226.SZ|513030.SH|513120.SH|513180.SH|513400.SH|513730.SH|515790.SH|518880.SH,1.1565088063876163,0.8507383796519583,random
rolling_mean_inclusion,2025-01-01/2025-06-30,2025-07-01/2025-12-31,89,159518.SZ|159980.SZ|159985.SZ|160644.SZ|161226.SZ|501018.SH|510880.SH|512660.SH|513080.SH|513120.SH|513500.SH|513750.SH|516150.SH,-0.4708543009174389,0.7265858044313082,random
rolling_mean_inclusion,2025-01-01/2025-06-30,2025-07-01/2025-12-31,90,159687.SZ|159869.SZ|159870.SZ|159980.SZ|159981.SZ|159985.SZ|161226.SZ|513080.SH|513120.SH|513290.SH|513310.SH|513750.SH|515880.SH,0.11685051894985582,0.6690906029707654,random
rolling_mean_inclusion,2025-01-01/2025-06-30,2025-07-01/2025-12-31,91,159529.SZ|159865.SZ|159980.SZ|159985.SZ|161226.SZ|501018.SH|512040.SH|513030.SH|513120.SH|513180.SH|513290.SH|513730.SH|588220.SH,-0.2697392431611995,0.6879258486139072,random
rolling_mean_inclusion,2025-01-01/2025-06-30,2025-07-01/2025-12-31,92,159518.SZ|159529.SZ|159687.SZ|159920.SZ|159980.SZ|159985.SZ|161226.SZ|501018.SH|510880.SH|512400.SH|512880.SH|513120.SH|513310.SH,-0.5432545043686767,0.6092559691442218,random
rolling_mean_inclusion,2025-01-01/2025-06-30,2025-07-01/2025-12-31,93,159209.SZ|159509.SZ|159687.SZ|159851.SZ|159980.SZ|159981.SZ|159985.SZ|501018.SH|512200.SH|513070.SH|513120.SH|513290.SH|513730.SH,-1.0801070154677592,0.8348181381191616,random
rolling_mean_inclusion,2025-01-01/2025-06-30,2025-07-01/2025-12-31,94,159206.SZ|159329.SZ|159529.SZ|159980.SZ|161226.SZ|501018.SH|510180.SH|512400.SH|513070.SH|513310.SH|513500.SH|513750.SH|518880.SH,1.6282965207461613,0.8346945255088569,random
rolling_mean_inclusion,2025-01-01/2025-06-30,2025-07-01/2025-12-31,95,159687.SZ|159766.SZ|159980.SZ|159981.SZ|159985.SZ|160644.SZ|513030.SH|513080.SH|513180.SH|513750.SH|515880.SH|518880.SH|588220.SH,0.16653729035453235,0.829117026530356,random
rolling_mean_inclusion,2025-01-01/2025-06-30,2025-07-01/2025-12-31,96,159209.SZ|159981.SZ|159985.SZ|501018.SH|512800.SH|513030.SH|513120.SH|513180.SH|513290.SH|513310.SH|513880.SH|518880.SH|563300.SH,0.7150604037554495,0.740230767780122,random
rolling_mean_inclusion,2025-01-01/2025-06-30,2025-07-01/2025-12-31,97,159209.SZ|159518.SZ|159949.SZ|159981.SZ|159985.SZ|160644.SZ|161226.SZ|501018.SH|513120.SH|513180.SH|513400.SH|513880.SH|516150.SH,-1.0337010437976666,0.8692317258318252,random
rolling_mean_inclusion,2025-01-01/2025-06-30,2025-07-01/2025-12-31,98,159201.SZ|159206.SZ|159529.SZ|159869.SZ|159920.SZ|159980.SZ|159985.SZ|161226.SZ|513080.SH|513120.SH|513290.SH|513400.SH|518880.SH,1.0569458503551916,0.7870258146774196,random
rolling_mean_inclusion,2025-01-01/2025-06-30,2025-07-01/2025-12-31,99,159509.SZ|159518.SZ|159920.SZ|159981.SZ|159985.SZ|161226.SZ|512890.SH|513030.SH|513310.SH|513750.SH|515790.SH|518880.SH|562500.SH,-0.005364020581734803,0.9042601594691357,random
rolling_mean_inclusion,2025-01-01/2025-06-30,2025-07-01/2025-12-31,100,159326.SZ|159687.SZ|159796.SZ|159980.SZ|161226.SZ|164824.SZ|501018.SH|513030.SH|513070.SH|513120.SH|513290.SH|515790.SH|518880.SH,1.02190603474478,0.8455662580810726,random
rolling_mean_inclusion,2025-07-01/2025-12-31,2026-01-01/2026-06-30,1,159329.SZ|159509.SZ|159851.SZ|159980.SZ|159981.SZ|159985.SZ|501018.SH|510180.SH|513070.SH|513080.SH|513730.SH|513750.SH|515220.SH,1.1974513183889386,0.646583745050377,random
rolling_mean_inclusion,2025-07-01/2025-12-31,2026-01-01/2026-06-30,2,159509.SZ|159870.SZ|159928.SZ|159949.SZ|159980.SZ|159981.SZ|161226.SZ|501018.SH|513030.SH|513070.SH|513100.SH|513400.SH|513750.SH,3.1372976077147845,0.8496577034190855,random
rolling_mean_inclusion,2025-07-01/2025-12-31,2026-01-01/2026-06-30,3,159949.SZ|159981.SZ|159985.SZ|161226.SZ|510210.SH|513030.SH|513080.SH|513180.SH|513500.SH|513730.SH|513750.SH|515880.SH|518880.SH,2.5046812622958967,0.8397376578520993,random
rolling_mean_inclusion,2025-07-01/2025-12-31,2026-01-01/2026-06-30,4,159329.SZ|159518.SZ|159869.SZ|159920.SZ|159981.SZ|161226.SZ|501018.SH|512890.SH|513180.SH|513290.SH|513500.SH|518880.SH|563300.SH,1.1901873372038752,0.896611122646074,random
rolling_mean_inclusion,2025-07-01/2025-12-31,2026-01-01/2026-06-30,5,159201.SZ|159509.SZ|159920.SZ|159980.SZ|159981.SZ|161226.SZ|512040.SH|512170.SH|513030.SH|513070.SH|513290.SH|513310.SH|518880.SH,3.8163057227377193,0.8781907596410816,random
rolling_mean_inclusion,2025-07-01/2025-12-31,2026-01-01/2026-06-30,6,159201.SZ|159920.SZ|159981.SZ|159985.SZ|501018.SH|512980.SH|513030.SH|513100.SH|513120.SH|513310.SH|513400.SH|515790.SH|518880.SH,2.3233218046630526,0.7210958925798221,random
rolling_mean_inclusion,2025-07-01/2025-12-31,2026-01-01/2026-06-30,7,159509.SZ|159518.SZ|159796.SZ|159870.SZ|159920.SZ|159980.SZ|159981.SZ|160644.SZ|161226.SZ|512660.SH|513080.SH|513120.SH|518880.SH,3.021672924385351,0.661127020462311,random
rolling_mean_inclusion,2025-07-01/2025-12-31,2026-01-01/2026-06-30,8,159869.SZ|159985.SZ|160644.SZ|161226.SZ|501018.SH|512800.SH|513080.SH|513120.SH|513180.SH|513500.SH|513730.SH|516150.SH|518880.SH,1.9470796810520452,0.6194285010880313,random
rolling_mean_inclusion,2025-07-01/2025-12-31,2026-01-01/2026-06-30,9,159329.SZ|159509.SZ|159529.SZ|159852.SZ|159915.SZ|159920.SZ|159980.SZ|159981.SZ|161226.SZ|501018.SH|512400.SH|513120.SH|513310.SH,2.7897269139864407,0.665887822572901,random
rolling_mean_inclusion,2025-07-01/2025-12-31,2026-01-01/2026-06-30,10,159518.SZ|159529.SZ|159865.SZ|159920.SZ|159985.SZ|160644.SZ|161226.SZ|501018.SH|512800.SH|513120.SH|513290.SH|515880.SH|518880.SH,2.7943203838300934,0.5489078219078787,random
rolling_mean_inclusion,2025-07-01/2025-12-31,2026-01-01/2026-06-30,11,159329.SZ|159687.SZ|159766.SZ|159920.SZ|159980.SZ|159985.SZ|161226.SZ|501018.SH|512100.SH|513400.SH|513500.SH|513750.SH|588200.SH,2.1924431674205676,0.8047960289181927,random
rolling_mean_inclusion,2025-07-01/2025-12-31,2026-01-01/2026-06-30,12,159206.SZ|159518.SZ|159920.SZ|159980.SZ|159981.SZ|159985.SZ|160644.SZ|164824.SZ|513180.SH|513310.SH|515880.SH|518880.SH|588220.SH,2.7909652185897453,0.896611122646074,random
rolling_mean_inclusion,2025-07-01/2025-12-31,2026-01-01/2026-06-30,13,159201.SZ|159529.SZ|159687.SZ|159920.SZ|159967.SZ|159980.SZ|159985.SZ|161226.SZ|513120.SH|513290.SH|513730.SH|515880.SH|518880.SH,3.1737780105260476,0.8179414793264438,random
rolling_mean_inclusion,2025-07-01/2025-12-31,2026-01-01/2026-06-30,14,159329.SZ|159518.SZ|159870.SZ|159981.SZ|159985.SZ|161226.SZ|501018.SH|512200.SH|513120.SH|513180.SH|513290.SH|513400.SH|563300.SH,1.4751736337145407,0.608138069567223,random
rolling_mean_inclusion,2025-07-01/2025-12-31,2026-01-01/2026-06-30,15,159920.SZ|159985.SZ|161226.SZ|501018.SH|512660.SH|512980.SH|513030.SH|513120.SH|513310.SH|513500.SH|513730.SH|518880.SH|588000.SH,2.7210021059625618,0.6546092645179226,random
rolling_mean_inclusion,2025-07-01/2025-12-31,2026-01-01/2026-06-30,16,159509.SZ|159985.SZ|161226.SZ|164824.SZ|501018.SH|510880.SH|513070.SH|513120.SH|513290.SH|513310.SH|516150.SH|518880.SH|563300.SH,3.725559726792814,0.5489078219078787,random
rolling_mean_inclusion,2025-07-01/2025-12-31,2026-01-01/2026-06-30,17,159209.SZ|159329.SZ|159980.SZ|159981.SZ|159985.SZ|501018.SH|512170.SH|513080.SH|513120.SH|513400.SH|513730.SH|513750.SH|588200.SH,1.942920183226405,0.6434541568581719,random
rolling_mean_inclusion,2025-07-01/2025-12-31,2026-01-01/2026-06-30,18,159687.SZ|159852.SZ|159920.SZ|159980.SZ|159981.SZ|159985.SZ|501018.SH|512980.SH|513070.SH|513080.SH|513100.SH|513880.SH|563300.SH,0.7859322582879823,0.8781907596410816,random
rolling_mean_inclusion,2025-07-01/2025-12-31,2026-01-01/2026-06-30,19,159687.SZ|159980.SZ|159981.SZ|159985.SZ|161226.SZ|510300.SH|510500.SH|513030.SH|513080.SH|513100.SH|513120.SH|513180.SH|562500.SH,2.0299492542534523,0.8982131902462297,random
rolling_mean_inclusion,2025-07-01/2025-12-31,2026-01-01/2026-06-30,20,159687.SZ|159796.SZ|159981.SZ|159985.SZ|161226.SZ|512890.SH|513080.SH|513120.SH|513290.SH|513400.SH|513750.SH|515880.SH|518880.SH,3.565839269996817,0.6434541568581719,random
rolling_mean_inclusion,2025-07-01/2025-12-31,2026-01-01/2026-06-30,21,159687.SZ|159796.SZ|159920.SZ|159981.SZ|159985.SZ|160644.SZ|161226.SZ|510180.SH|512660.SH|513100.SH|513120.SH|513880.SH|518880.SH,2.620956265582448,0.689940881109717,random
rolling_mean_inclusion,2025-07-01/2025-12-31,2026-01-01/2026-06-30,22,159326.SZ|159529.SZ|159611.SZ|159920.SZ|159980.SZ|161226.SZ|164824.SZ|501018.SH|513030.SH|513100.SH|513750.SH|518880.SH|562500.SH,2.2397432823277197,0.7241698032373148,random
rolling_mean_inclusion,2025-07-01/2025-12-31,2026-01-01/2026-06-30,23,159509.SZ|159529.SZ|159852.SZ|159901.SZ|159920.SZ|159981.SZ|159985.SZ|161226.SZ|513070.SH|513080.SH|513310.SH|516150.SH|518880.SH,3.032290338263691,0.8781907596410816,random
rolling_mean_inclusion,2025-07-01/2025-12-31,2026-01-01/2026-06-30,24,159209.SZ|159529.SZ|159687.SZ|159766.SZ|159920.SZ|159980.SZ|159985.SZ|501018.SH|512170.SH|513120.SH|513290.SH|513500.SH|518880.SH,2.023489042855547,0.633697344975773,random
rolling_mean_inclusion,2025-07-01/2025-12-31,2026-01-01/2026-06-30,25,159518.SZ|159825.SZ|159865.SZ|159967.SZ|159980.SZ|159981.SZ|161226.SZ|513100.SH|513180.SH|513310.SH|513730.SH|513750.SH|518880.SH,2.047854360733858,0.9163688165563522,random
rolling_mean_inclusion,2025-07-01/2025-12-31,2026-01-01/2026-06-30,26,159329.SZ|159529.SZ|159870.SZ|159920.SZ|159980.SZ|159985.SZ|160644.SZ|501018.SH|510180.SH|510210.SH|513030.SH|513180.SH|518880.SH,2.6968224142305606,0.9074179323944449,random
rolling_mean_inclusion,2025-07-01/2025-12-31,2026-01-01/2026-06-30,27,159206.SZ|159967.SZ|159981.SZ|159985.SZ|161226.SZ|501018.SH|513030.SH|513080.SH|513100.SH|513120.SH|513180.SH|513730.SH|515790.SH,2.672338099247393,0.8206353307771239,random
rolling_mean_inclusion,2025-07-01/2025-12-31,2026-01-01/2026-06-30,28,159201.SZ|159509.SZ|159518.SZ|159920.SZ|159980.SZ|159981.SZ|161226.SZ|510210.SH|512880.SH|513120.SH|513400.SH|513880.SH|518880.SH,2.9289799301290436,0.817562013248194,random
rolling_mean_inclusion,2025-07-01/2025-12-31,2026-01-01/2026-06-30,29,159518.SZ|159687.SZ|159920.SZ|159980.SZ|159981.SZ|159985.SZ|512980.SH|513030.SH|513070.SH|513080.SH|518880.SH|588000.SH|588220.SH,1.6679069347403048,0.8781907596410816,random
rolling_mean_inclusion,2025-07-01/2025-12-31,2026-01-01/2026-06-30,30,159518.SZ|159611.SZ|159981.SZ|159985.SZ|161226.SZ|512040.SH|513120.SH|513180.SH|513310.SH|513400.SH|513500.SH|516150.SH|518880.SH,1.8342048112309475,0.8047960289181927,random
rolling_mean_inclusion,2025-07-01/2025-12-31,2026-01-01/2026-06-30,31,159329.SZ|159852.SZ|159980.SZ|159981.SZ|159985.SZ|501018.SH|512400.SH|512800.SH|513070.SH|513080.SH|513100.SH|513180.SH|513400.SH,0.8639253203414928,0.830842807816761,random
rolling_mean_inclusion,2025-07-01/2025-12-31,2026-01-01/2026-06-30,32,159509.SZ|159611.SZ|159980.SZ|159981.SZ|159985.SZ|160644.SZ|501018.SH|512980.SH|513080.SH|513120.SH|513180.SH|513880.SH|588200.SH,1.7864063606746414,0.5680135158098409,random
rolling_mean_inclusion,2025-07-01/2025-12-31,2026-01-01/2026-06-30,33,159687.SZ|159796.SZ|159865.SZ|159980.SZ|159981.SZ|501018.SH|510500.SH|513100.SH|513120.SH|513180.SH|513310.SH|513730.SH|518880.SH,2.349538293182535,0.755008350988844,random
rolling_mean_inclusion,2025-07-01/2025-12-31,2026-01-01/2026-06-30,34,159865.SZ|159981.SZ|159985.SZ|161226.SZ|164824.SZ|501018.SH|512040.SH|513080.SH|513100.SH|513180.SH|513310.SH|513750.SH|562500.SH,1.8686725910410453,0.5890598526354742,random
rolling_mean_inclusion,2025-07-01/2025-12-31,2026-01-01/2026-06-30,35,159687.SZ|159920.SZ|159949.SZ|159980.SZ|159985.SZ|161226.SZ|164824.SZ|510880.SH|513180.SH|513290.SH|513730.SH|518880.SH|563300.SH,2.0807579612832456,0.896611122646074,random
rolling_mean_inclusion,2025-07-01/2025-12-31,2026-01-01/2026-06-30,36,159329.SZ|159687.SZ|159901.SZ|159920.SZ|159981.SZ|159985.SZ|501018.SH|512890.SH|513030.SH|513080.SH|513750.SH|515790.SH|518880.SH,0.8987856772193805,0.8206353307771239,random
rolling_mean_inclusion,2025-07-01/2025-12-31,2026-01-01/2026-06-30,37,159326.SZ|159329.SZ|159509.SZ|159766.SZ|159851.SZ|159980.SZ|159981.SZ|501018.SH|513100.SH|513120.SH|513500.SH|513750.SH|518880.SH,1.0034695160746319,0.8694020646184932,random
rolling_mean_inclusion,2025-07-01/2025-12-31,2026-01-01/2026-06-30,38,159206.SZ|159518.SZ|159915.SZ|159980.SZ|159981.SZ|161226.SZ|164824.SZ|513030.SH|513070.SH|513180.SH|513310.SH|518880.SH|588000.SH,2.3569592542147535,0.830842807816761,random
rolling_mean_inclusion,2025-07-01/2025-12-31,2026-01-01/2026-06-30,39,159329.SZ|159509.SZ|159796.SZ|159920.SZ|159980.SZ|159985.SZ|501018.SH|510500.SH|513100.SH|513180.SH|513400.SH|518880.SH|588220.SH,2.409213552424384,0.896611122646074,random
rolling_mean_inclusion,2025-07-01/2025-12-31,2026-01-01/2026-06-30,40,159920.SZ|159981.SZ|159985.SZ|161226.SZ|164824.SZ|510210.SH|512170.SH|512880.SH|513030.SH|513100.SH|513180.SH|513310.SH|518880.SH,2.3110821103723436,0.896611122646074,random
rolling_mean_inclusion,2025-07-01/2025-12-31,2026-01-01/2026-06-30,41,159329.SZ|159687.SZ|159920.SZ|159981.SZ|159985.SZ|161226.SZ|501018.SH|512890.SH|513070.SH|513080.SH|513500.SH|515880.SH|516150.SH,2.9701137311950725,0.8781907596410816,random
rolling_mean_inclusion,2025-07-01/2025-12-31,2026-01-01/2026-06-30,42,159329.SZ|159529.SZ|159915.SZ|159980.SZ|159985.SZ|160644.SZ|161226.SZ|501018.SH|513100.SH|513180.SH|513750.SH|516150.SH|588220.SH,2.757170608971849,0.8400839412811099,random
rolling_mean_inclusion,2025-07-01/2025-12-31,2026-01-01/2026-06-30,43,159518.SZ|159825.SZ|159851.SZ|159980.SZ|159985.SZ|161226.SZ|164824.SZ|501018.SH|510210.SH|513080.SH|513180.SH|513400.SH|513750.SH,0.7850803989781189,0.6434541568581719,random
rolling_mean_inclusion,2025-07-01/2025-12-31,2026-01-01/2026-06-30,44,159529.SZ|159611.SZ|159687.SZ|159870.SZ|159980.SZ|159981.SZ|159985.SZ|164824.SZ|501018.SH|513070.SH|513080.SH|513120.SH|588220.SH,0.9963542979782176,0.5704263585171806,random
rolling_mean_inclusion,2025-07-01/2025-12-31,2026-01-01/2026-06-30,45,159920.SZ|159967.SZ|159980.SZ|159985.SZ|160644.SZ|161226.SZ|501018.SH|512040.SH|513030.SH|513070.SH|513290.SH|513310.SH|515220.SH,2.7739600213965763,0.8781907596410816,random
rolling_mean_inclusion,2025-07-01/2025-12-31,2026-01-01/2026-06-30,46,159509.SZ|159852.SZ|159920.SZ|159981.SZ|159985.SZ|161226.SZ|164824.SZ|512170.SH|513120.SH|513290.SH|513400.SH|515210.SH|518880.SH,2.9215348859119334,0.6128949878634073,random
rolling_mean_inclusion,2025-07-01/2025-12-31,2026-01-01/2026-06-30,47,159509.SZ|159920.SZ|159980.SZ|159985.SZ|161226.SZ|512100.SH|512660.SH|513070.SH|513290.SH|513500.SH|513730.SH|515210.SH|518880.SH,2.7991776616433612,0.8781907596410816,random
rolling_mean_inclusion,2025-07-01/2025-12-31,2026-01-01/2026-06-30,48,159529.SZ|159687.SZ|159766.SZ|159949.SZ|159981.SZ|159985.SZ|164824.SZ|501018.SH|513120.SH|513180.SH|513500.SH|516150.SH|518880.SH,2.0586946937791493,0.5648218264884,random
rolling_mean_inclusion,2025-07-01/2025-12-31,2026-01-01/2026-06-30,49,159518.SZ|159915.SZ|159980.SZ|159985.SZ|160644.SZ|161226.SZ|512100.SH|513100.SH|513120.SH|513180.SH|513730.SH|515220.SH|518880.SH,2.268732533734152,0.8292650902001163,random
rolling_mean_inclusion,2025-07-01/2025-12-31,2026-01-01/2026-06-30,50,159611.SZ|159851.SZ|159980.SZ|159985.SZ|161226.SZ|164824.SZ|501018.SH|512170.SH|513070.SH|513080.SH|513100.SH|513120.SH|513310.SH,1.19519496001711,0.5950077615566783,random
rolling_mean_inclusion,2025-07-01/2025-12-31,2026-01-01/2026-06-30,51,159509.SZ|159518.SZ|159687.SZ|159852.SZ|159920.SZ|159928.SZ|159980.SZ|159981.SZ|159985.SZ|510050.SH|513120.SH|513290.SH|518880.SH,1.4128604252405483,0.5188950868485037,random
rolling_mean_inclusion,2025-07-01/2025-12-31,2026-01-01/2026-06-30,52,159518.SZ|159865.SZ|159920.SZ|159981.SZ|161226.SZ|501018.SH|512170.SH|513290.SH|513310.SH|513750.SH|513880.SH|515880.SH|518880.SH,3.732109129228362,0.7241698032373148,random
rolling_mean_inclusion,2025-07-01/2025-12-31,2026-01-01/2026-06-30,53,159920.SZ|159980.SZ|159981.SZ|161226.SZ|510500.SH|512040.SH|513030.SH|513120.SH|513400.SH|513730.SH|513880.SH|518880.SH|588220.SH,2.635432274265819,0.8820941284378736,random
rolling_mean_inclusion,2025-07-01/2025-12-31,2026-01-01/2026-06-30,54,159928.SZ|159981.SZ|161226.SZ|501018.SH|513100.SH|513120.SH|513180.SH|513310.SH|513500.SH|513880.SH|515220.SH|515790.SH|518880.SH,0.846849290920923,0.8694020646184932,random
rolling_mean_inclusion,2025-07-01/2025-12-31,2026-01-01/2026-06-30,55,159206.SZ|159518.SZ|159687.SZ|159985.SZ|161226.SZ|501018.SH|512880.SH|513180.SH|513290.SH|513500.SH|513750.SH|518880.SH|563300.SH,2.587130415975219,0.6527264325657031,random
rolling_mean_inclusion,2025-07-01/2025-12-31,2026-01-01/2026-06-30,56,159326.SZ|159967.SZ|159980.SZ|159981.SZ|161226.SZ|164824.SZ|512890.SH|513030.SH|513080.SH|513120.SH|513180.SH|513400.SH|518880.SH,1.7908802187970592,0.8206353307771239,random
rolling_mean_inclusion,2025-07-01/2025-12-31,2026-01-01/2026-06-30,57,159329.SZ|159518.SZ|159852.SZ|159901.SZ|159920.SZ|159980.SZ|161226.SZ|501018.SH|513070.SH|513310.SH|513500.SH|518880.SH|562500.SH,1.9764645588955023,0.8781907596410816,random
rolling_mean_inclusion,2025-07-01/2025-12-31,2026-01-01/2026-06-30,58,159518.SZ|159529.SZ|159865.SZ|159920.SZ|159981.SZ|159985.SZ|160644.SZ|501018.SH|510050.SH|513120.SH|513500.SH|518880.SH|588200.SH,1.671997713236647,0.6643015603067102,random
rolling_mean_inclusion,2025-07-01/2025-12-31,2026-01-01/2026-06-30,59,159980.SZ|159985.SZ|161226.SZ|512200.SH|513030.SH|513080.SH|513100.SH|513120.SH|513400.SH|513750.SH|515220.SH|518880.SH|562500.SH,2.0141977702818203,0.8206353307771239,random
rolling_mean_inclusion,2025-07-01/2025-12-31,2026-01-01/2026-06-30,60,159329.SZ|159920.SZ|159928.SZ|159980.SZ|159981.SZ|159985.SZ|510050.SH|513030.SH|513070.SH|513080.SH|513290.SH|518880.SH|562500.SH,1.2805286274169865,0.8781907596410816,random
rolling_mean_inclusion,2025-07-01/2025-12-31,2026-01-01/2026-06-30,61,159518.SZ|159766.SZ|159980.SZ|159981.SZ|161226.SZ|501018.SH|510500.SH|513070.SH|513080.SH|513180.SH|513400.SH|513730.SH|516150.SH,2.1530840955494392,0.830842807816761,random
rolling_mean_inclusion,2025-07-01/2025-12-31,2026-01-01/2026-06-30,62,159329.SZ|159920.SZ|159928.SZ|159981.SZ|159985.SZ|160644.SZ|161226.SZ|164824.SZ|513180.SH|513310.SH|518880.SH|563300.SH|588200.SH,1.1479190399854255,0.896611122646074,random
rolling_mean_inclusion,2025-07-01/2025-12-31,2026-01-01/2026-06-30,63,159825.SZ|159980.SZ|159981.SZ|160644.SZ|501018.SH|512040.SH|512880.SH|513100.SH|513180.SH|513730.SH|513750.SH|513880.SH|518880.SH,1.4025521314883391,0.690607802228965,random
rolling_mean_inclusion,2025-07-01/2025-12-31,2026-01-01/2026-06-30,64,159206.SZ|159518.SZ|159529.SZ|159766.SZ|159901.SZ|159920.SZ|159980.SZ|159985.SZ|161226.SZ|501018.SH|513030.SH|513070.SH|513880.SH,2.725441952265112,0.8781907596410816,random
rolling_mean_inclusion,2025-07-01/2025-12-31,2026-01-01/2026-06-30,65,159209.SZ|159518.SZ|159687.SZ|159825.SZ|159980.SZ|159985.SZ|161226.SZ|501018.SH|510180.SH|513120.SH|513180.SH|513310.SH|513400.SH,2.1851659986862857,0.7560065133759121,random
rolling_mean_inclusion,2025-07-01/2025-12-31,2026-01-01/2026-06-30,66,159326.SZ|159980.SZ|161226.SZ|164824.SZ|501018.SH|512400.SH|513070.SH|513180.SH|513290.SH|513310.SH|513880.SH|518880.SH|588220.SH,1.7660643356370758,0.830842807816761,random
rolling_mean_inclusion,2025-07-01/2025-12-31,2026-01-01/2026-06-30,67,159201.SZ|159687.SZ|159980.SZ|159981.SZ|159985.SZ|160644.SZ|501018.SH|510210.SH|512890.SH|513100.SH|513120.SH|513180.SH|513880.SH,1.3998739791633552,0.817562013248194,random
rolling_mean_inclusion,2025-07-01/2025-12-31,2026-01-01/2026-06-30,68,159329.SZ|159915.SZ|159920.SZ|159980.SZ|159985.SZ|501018.SH|510050.SH|513030.SH|513120.SH|513500.SH|513730.SH|518880.SH|563300.SH,2.0390971048104736,0.6857405763781587,random
rolling_mean_inclusion,2025-07-01/2025-12-31,2026-01-01/2026-06-30,69,159329.SZ|159687.SZ|159825.SZ|159920.SZ|159985.SZ|160644.SZ|161226.SZ|501018.SH|512200.SH|513120.SH|513290.SH|515210.SH|518880.SH,2.238782873727914,0.607474231418582,random
rolling_mean_inclusion,2025-07-01/2025-12-31,2026-01-01/2026-06-30,70,159509.SZ|159687.SZ|159766.SZ|159796.SZ|159901.SZ|159920.SZ|159980.SZ|159985.SZ|161226.SZ|513080.SH|513180.SH|513400.SH|518880.SH,2.2315693811851913,0.896611122646074,random
rolling_mean_inclusion,2025-07-01/2025-12-31,2026-01-01/2026-06-30,71,159329.SZ|159796.SZ|159920.SZ|159980.SZ|159981.SZ|501018.SH|510300.SH|513070.SH|513080.SH|513400.SH|513730.SH|518880.SH|588000.SH,2.2223316971737206,0.8781907596410816,random
rolling_mean_inclusion,2025-07-01/2025-12-31,2026-01-01/2026-06-30,72,159518.SZ|159611.SZ|159901.SZ|159920.SZ|159980.SZ|159981.SZ|159985.SZ|513070.SH|513290.SH|513400.SH|513500.SH|515210.SH|518880.SH,1.1479073278883147,0.8781907596410816,random
rolling_mean_inclusion,2025-07-01/2025-12-31,2026-01-01/2026-06-30,73,159209.SZ|159851.SZ|159920.SZ|159981.SZ|159985.SZ|160644.SZ|161226.SZ|501018.SH|510880.SH|513100.SH|513290.SH|513500.SH|513750.SH,1.8511909371932187,0.8694020646184932,random
rolling_mean_inclusion,2025-07-01/2025-12-31,2026-01-01/2026-06-30,74,159518.SZ|159920.SZ|159949.SZ|159980.SZ|159985.SZ|161226.SZ|164824.SZ|510500.SH|512980.SH|513030.SH|513070.SH|513290.SH|518880.SH,2.661253147630498,0.8781907596410816,random
rolling_mean_inclusion,2025-07-01/2025-12-31,2026-01-01/2026-06-30,75,159529.SZ|159687.SZ|159870.SZ|159920.SZ|159980.SZ|159985.SZ|161226.SZ|501018.SH|513180.SH|513290.SH|513400.SH|515210.SH|515880.SH,2.372637797509197,0.896611122646074,random
rolling_mean_inclusion,2025-07-01/2025-12-31,2026-01-01/2026-06-30,76,159687.SZ|159980.SZ|161226.SZ|501018.SH|512040.SH|513030.SH|513080.SH|513120.SH|513180.SH|513730.SH|518880.SH|588200.SH|588220.SH,2.026036466678329,0.8498833324563035,random
rolling_mean_inclusion,2025-07-01/2025-12-31,2026-01-01/2026-06-30,77,159509.SZ|159529.SZ|159980.SZ|159981.SZ|159985.SZ|501018.SH|510880.SH|513070.SH|513100.SH|513120.SH|513880.SH|563300.SH|588000.SH,2.116467788393947,0.8496577034190855,random
rolling_mean_inclusion,2025-07-01/2025-12-31,2026-01-01/2026-06-30,78,159509.SZ|159687.SZ|159852.SZ|159980.SZ|159981.SZ|161226.SZ|513070.SH|513180.SH|513290.SH|513880.SH|518880.SH|588000.SH|588220.SH,2.2360840013670145,0.8604283405275179,random
rolling_mean_inclusion,2025-07-01/2025-12-31,2026-01-01/2026-06-30,79,159209.SZ|159687.SZ|159920.SZ|159980.SZ|159985.SZ|501018.SH|510880.SH|513100.SH|513120.SH|513400.SH|513500.SH|515880.SH|518880.SH,2.3360597631804225,0.8694020646184932,random
rolling_mean_inclusion,2025-07-01/2025-12-31,2026-01-01/2026-06-30,80,159529.SZ|159851.SZ|159967.SZ|159981.SZ|159985.SZ|501018.SH|513070.SH|513100.SH|513290.SH|513310.SH|513750.SH|515880.SH|518880.SH,2.8496422933234125,0.8179414793264438,random
rolling_mean_inclusion,2025-07-01/2025-12-31,2026-01-01/2026-06-30,81,159949.SZ|159980.SZ|159985.SZ|164824.SZ|501018.SH|512400.SH|513030.SH|513080.SH|513120.SH|513290.SH|513750.SH|516150.SH|518880.SH,2.499421921108086,0.8206353307771239,random
rolling_mean_inclusion,2025-07-01/2025-12-31,2026-01-01/2026-06-30,82,159509.SZ|159766.SZ|159901.SZ|159980.SZ|159985.SZ|161226.SZ|164824.SZ|501018.SH|512660.SH|513030.SH|513100.SH|513120.SH|513750.SH,2.69661505250907,0.8496577034190855,random
rolling_mean_inclusion,2025-07-01/2025-12-31,2026-01-01/2026-06-30,83,159529.SZ|159852.SZ|159981.SZ|159985.SZ|161226.SZ|501018.SH|513100.SH|513120.SH|513180.SH|513310.SH|513880.SH|563300.SH|588220.SH,2.1550500167862694,0.7894177476520305,random
rolling_mean_inclusion,2025-07-01/2025-12-31,2026-01-01/2026-06-30,84,159509.SZ|159518.SZ|159920.SZ|159980.SZ|159981.SZ|160644.SZ|161226.SZ|501018.SH|510880.SH|512660.SH|513180.SH|513500.SH|515210.SH,1.7601246444378822,0.896611122646074,random
rolling_mean_inclusion,2025-07-01/2025-12-31,2026-01-01/2026-06-30,85,159206.SZ|159518.SZ|159687.SZ|159981.SZ|159985.SZ|161226.SZ|164824.SZ|512040.SH|512660.SH|513070.SH|513180.SH|513880.SH|518880.SH,2.7461438094471537,0.8367595484066054,random
rolling_mean_inclusion,2025-07-01/2025-12-31,2026-01-01/2026-06-30,86,159329.SZ|159901.SZ|159980.SZ|159985.SZ|161226.SZ|501018.SH|510180.SH|513070.SH|513100.SH|513180.SH|513310.SH|513730.SH|563300.SH,2.5374414662658267,0.8685083157546747,random
rolling_mean_inclusion,2025-07-01/2025-12-31,2026-01-01/2026-06-30,87,159766.SZ|159796.SZ|159980.SZ|159981.SZ|159985.SZ|164824.SZ|512800.SH|513070.SH|513080.SH|513120.SH|513290.SH|513730.SH|518880.SH,2.01414910128808,0.5378833430413889,random
rolling_mean_inclusion,2025-07-01/2025-12-31,2026-01-01/2026-06-30,88,159981.SZ|159985.SZ|161226.SZ|513070.SH|513100.SH|513180.SH|513310.SH|513500.SH|513730.SH|518880.SH|562500.SH|563300.SH|588000.SH,1.5540427081099049,0.8694020646184932,random
rolling_mean_inclusion,2025-07-01/2025-12-31,2026-01-01/2026-06-30,89,159518.SZ|159529.SZ|159687.SZ|159766.SZ|159851.SZ|159980.SZ|159981.SZ|161226.SZ|512890.SH|513120.SH|513180.SH|513290.SH|518880.SH,2.2531807887037374,0.5489078219078787,random
rolling_mean_inclusion,2025-07-01/2025-12-31,2026-01-01/2026-06-30,90,159865.SZ|159920.SZ|159981.SZ|160644.SZ|161226.SZ|164824.SZ|501018.SH|510880.SH|513180.SH|513290.SH|513500.SH|515220.SH|518880.SH,0.9260077935724392,0.896611122646074,random
rolling_mean_inclusion,2025-07-01/2025-12-31,2026-01-01/2026-06-30,91,159915.SZ|159920.SZ|159980.SZ|159985.SZ|161226.SZ|501018.SH|512890.SH|513290.SH|513310.SH|513400.SH|513500.SH|513750.SH|515210.SH,2.36663975690301,0.8047960289181927,random
rolling_mean_inclusion,2025-07-01/2025-12-31,2026-01-01/2026-06-30,92,159201.SZ|159529.SZ|159980.SZ|159985.SZ|160644.SZ|161226.SZ|510500.SH|513070.SH|513080.SH|513120.SH|513500.SH|518880.SH|562500.SH,2.367955928700574,0.786557306233878,random
rolling_mean_inclusion,2025-07-01/2025-12-31,2026-01-01/2026-06-30,93,159825.SZ|159851.SZ|159980.SZ|159985.SZ|501018.SH|513030.SH|513120.SH|513290.SH|513310.SH|513750.SH|513880.SH|515220.SH|518880.SH,1.927283927701274,0.5808373895737946,random
rolling_mean_inclusion,2025-07-01/2025-12-31,2026-01-01/2026-06-30,94,159509.SZ|159518.SZ|159766.SZ|159920.SZ|159980.SZ|159981.SZ|501018.SH|512660.SH|513030.SH|513080.SH|513180.SH|518880.SH|588000.SH,2.35929853571496,0.896611122646074,random
rolling_mean_inclusion,2025-07-01/2025-12-31,2026-01-01/2026-06-30,95,159201.SZ|159209.SZ|159920.SZ|159980.SZ|159981.SZ|159985.SZ|513070.SH|513100.SH|513310.SH|513500.SH|513880.SH|515790.SH|518880.SH,2.108569423488941,0.8781907596410816,random
rolling_mean_inclusion,2025-07-01/2025-12-31,2026-01-01/2026-06-30,96,159687.SZ|159901.SZ|159981.SZ|161226.SZ|501018.SH|510180.SH|513030.SH|513120.SH|513310.SH|513400.SH|513750.SH|518880.SH|563300.SH,2.2437419790524533,0.8685083157546747,random
rolling_mean_inclusion,2025-07-01/2025-12-31,2026-01-01/2026-06-30,97,159509.SZ|159852.SZ|159928.SZ|159980.SZ|159985.SZ|161226.SZ|164824.SZ|501018.SH|513070.SH|513100.SH|513290.SH|513750.SH|515880.SH,3.2417442540925516,0.8496577034190855,random
rolling_mean_inclusion,2025-07-01/2025-12-31,2026-01-01/2026-06-30,98,159329.SZ|159980.SZ|159981.SZ|161226.SZ|510180.SH|513030.SH|513120.SH|513500.SH|513730.SH|513750.SH|515220.SH|516150.SH|518880.SH,2.1631375941794966,0.7023890137786588,random
rolling_mean_inclusion,2025-07-01/2025-12-31,2026-01-01/2026-06-30,99,159201.SZ|159870.SZ|159981.SZ|159985.SZ|160644.SZ|161226.SZ|513180.SH|513290.SH|513310.SH|513730.SH|513750.SH|515790.SH|518880.SH,1.5436653556097264,0.7374280900842184,random
rolling_mean_inclusion,2025-07-01/2025-12-31,2026-01-01/2026-06-30,100,159329.SZ|159529.SZ|159949.SZ|159985.SZ|160644.SZ|161226.SZ|501018.SH|512170.SH|513070.SH|513180.SH|513880.SH|515220.SH|518880.SH,2.467319326253193,0.830842807816761,random
rolling_mean_inclusion,2026-01-01/2026-06-30,2026-07-01/2026-07-26,1,159329.SZ|159915.SZ|159920.SZ|159981.SZ|159985.SZ|160644.SZ|501018.SH|512040.SH|513290.SH|513750.SH|515220.SH|518880.SH|520870.SH,0.9502248296029187,0.8225381952022786,random
rolling_mean_inclusion,2026-01-01/2026-06-30,2026-07-01/2026-07-26,2,159509.SZ|159825.SZ|159870.SZ|159980.SZ|159981.SZ|161226.SZ|501018.SH|513080.SH|513180.SH|513400.SH|513730.SH|513750.SH|563300.SH,-0.4836586906964085,0.7894230253883981,random
rolling_mean_inclusion,2026-01-01/2026-06-30,2026-07-01/2026-07-26,3,159687.SZ|159920.SZ|159980.SZ|159985.SZ|164824.SZ|501018.SH|510180.SH|512170.SH|513030.SH|513080.SH|513750.SH|518880.SH|563300.SH,-0.5860848099359275,0.8826043989398089,random
rolling_mean_inclusion,2026-01-01/2026-06-30,2026-07-01/2026-07-26,4,159687.SZ|159980.SZ|159981.SZ|501018.SH|510880.SH|512980.SH|513030.SH|513070.SH|513180.SH|513400.SH|515210.SH|518880.SH|520870.SH,-0.3397036985259953,0.7904299779342615,random
rolling_mean_inclusion,2026-01-01/2026-06-30,2026-07-01/2026-07-26,5,159329.SZ|159509.SZ|159920.SZ|159981.SZ|161226.SZ|501018.SH|512890.SH|513070.SH|513400.SH|513730.SH|515790.SH|515880.SH|518880.SH,1.1022357849965672,0.7894230253883981,random
rolling_mean_inclusion,2026-01-01/2026-06-30,2026-07-01/2026-07-26,6,159518.SZ|159980.SZ|159985.SZ|161226.SZ|501018.SH|510210.SH|512200.SH|512400.SH|513070.SH|513080.SH|513400.SH|513750.SH|513880.SH,0.192079469484949,0.7711496196371904,random
rolling_mean_inclusion,2026-01-01/2026-06-30,2026-07-01/2026-07-26,7,159518.SZ|159852.SZ|159980.SZ|159981.SZ|161226.SZ|512890.SH|513080.SH|513120.SH|513500.SH|513750.SH|515880.SH|518880.SH|520870.SH,0.510199121226818,0.7522587312090414,random
rolling_mean_inclusion,2026-01-01/2026-06-30,2026-07-01/2026-07-26,8,159518.SZ|159869.SZ|159967.SZ|159980.SZ|159985.SZ|160644.SZ|161226.SZ|501018.SH|512040.SH|513180.SH|513400.SH|513500.SH|513750.SH,2.6727934038512187,0.7798084311997701,random
rolling_mean_inclusion,2026-01-01/2026-06-30,2026-07-01/2026-07-26,9,159687.SZ|159980.SZ|159981.SZ|161226.SZ|501018.SH|510050.SH|512100.SH|513070.SH|513400.SH|513730.SH|513750.SH|513880.SH|588200.SH,1.1876080022574376,0.8411201594101444,random
rolling_mean_inclusion,2026-01-01/2026-06-30,2026-07-01/2026-07-26,10,159825.SZ|159928.SZ|159980.SZ|159981.SZ|159985.SZ|161226.SZ|512660.SH|513080.SH|513180.SH|513310.SH|513400.SH|513750.SH|520870.SH,-0.36870007779876096,0.7055884080616998,random
rolling_mean_inclusion,2026-01-01/2026-06-30,2026-07-01/2026-07-26,11,159851.SZ|159981.SZ|159985.SZ|161226.SZ|501018.SH|512660.SH|513030.SH|513100.SH|513120.SH|513730.SH|513750.SH|513880.SH|515210.SH,-0.3375437495009801,0.8137662027812319,random
rolling_mean_inclusion,2026-01-01/2026-06-30,2026-07-01/2026-07-26,12,159329.SZ|159611.SZ|159687.SZ|159980.SZ|159981.SZ|159985.SZ|161226.SZ|512170.SH|513080.SH|513120.SH|513750.SH|520870.SH|588220.SH,0.4439090499030521,0.6103160710455737,random
rolling_mean_inclusion,2026-01-01/2026-06-30,2026-07-01/2026-07-26,13,159329.SZ|159611.SZ|159687.SZ|159865.SZ|159869.SZ|159920.SZ|159981.SZ|161226.SZ|501018.SH|513180.SH|513400.SH|513500.SH|518880.SH,0.5285164952814443,0.8614689435973625,random
rolling_mean_inclusion,2026-01-01/2026-06-30,2026-07-01/2026-07-26,14,159329.SZ|159518.SZ|159529.SZ|159870.SZ|159920.SZ|159980.SZ|159981.SZ|159985.SZ|161226.SZ|512400.SH|513080.SH|513180.SH|563300.SH,-0.34239183093440645,0.8614689435973625,random
rolling_mean_inclusion,2026-01-01/2026-06-30,2026-07-01/2026-07-26,15,159329.SZ|159869.SZ|159920.SZ|159980.SZ|159981.SZ|161226.SZ|510880.SH|512040.SH|513030.SH|513070.SH|513100.SH|513500.SH|518880.SH,-1.454587346986851,0.8950356736682759,random
rolling_mean_inclusion,2026-01-01/2026-06-30,2026-07-01/2026-07-26,16,159529.SZ|159865.SZ|159869.SZ|159920.SZ|159980.SZ|161226.SZ|164824.SZ|501018.SH|513100.SH|513120.SH|513500.SH|518880.SH|588000.SH,0.4067823917506519,0.8950356736682759,random
rolling_mean_inclusion,2026-01-01/2026-06-30,2026-07-01/2026-07-26,17,159329.SZ|159509.SZ|159687.SZ|159852.SZ|159980.SZ|159985.SZ|161226.SZ|510300.SH|513070.SH|513080.SH|513120.SH|518880.SH|562500.SH,-0.5240500230301827,0.8150040766128622,random
rolling_mean_inclusion,2026-01-01/2026-06-30,2026-07-01/2026-07-26,18,159518.SZ|159980.SZ|159981.SZ|160644.SZ|161226.SZ|501018.SH|510180.SH|510500.SH|512400.SH|513120.SH|513310.SH|513750.SH|513880.SH,2.169158307512701,0.8224158484146442,random
rolling_mean_inclusion,2026-01-01/2026-06-30,2026-07-01/2026-07-26,19,159329.SZ|159529.SZ|159766.SZ|159901.SZ|159920.SZ|159981.SZ|159985.SZ|160644.SZ|161226.SZ|510210.SH|513030.SH|513120.SH|518880.SH,-0.9965908421747521,0.7679271863027459,random
rolling_mean_inclusion,2026-01-01/2026-06-30,2026-07-01/2026-07-26,20,159329.SZ|159509.SZ|159687.SZ|159852.SZ|159980.SZ|161226.SZ|164824.SZ|501018.SH|510300.SH|512800.SH|513070.SH|513180.SH|518880.SH,-0.35507436297101097,0.8150040766128622,random
rolling_mean_inclusion,2026-01-01/2026-06-30,2026-07-01/2026-07-26,21,159687.SZ|159980.SZ|159981.SZ|161226.SZ|510500.SH|510880.SH|512200.SH|513070.SH|513100.SH|513180.SH|513310.SH|513730.SH|518880.SH,0.04597914203638943,0.8329328713285479,random
rolling_mean_inclusion,2026-01-01/2026-06-30,2026-07-01/2026-07-26,22,159509.SZ|159852.SZ|159980.SZ|159985.SZ|161226.SZ|501018.SH|510050.SH|510210.SH|513070.SH|513080.SH|513310.SH|513400.SH|513750.SH,0.5960797535970217,0.8130838101805661,random
rolling_mean_inclusion,2026-01-01/2026-06-30,2026-07-01/2026-07-26,23,159980.SZ|159985.SZ|160644.SZ|161226.SZ|510880.SH|512100.SH|512200.SH|513070.SH|513310.SH|513400.SH|513730.SH|513750.SH|518880.SH,-0.2273694835013605,0.7894230253883981,random
rolling_mean_inclusion,2026-01-01/2026-06-30,2026-07-01/2026-07-26,24,159509.SZ|159981.SZ|161226.SZ|501018.SH|510210.SH|513120.SH|513180.SH|513310.SH|513400.SH|513730.SH|515790.SH|518880.SH|562500.SH,0.18902777133651943,0.7894230253883981,random
rolling_mean_inclusion,2026-01-01/2026-06-30,2026-07-01/2026-07-26,25,159206.SZ|159329.SZ|159509.SZ|159518.SZ|159920.SZ|159980.SZ|159981.SZ|501018.SH|512040.SH|512980.SH|513030.SH|513750.SH|518880.SH,-0.794313760261552,0.8225381952022786,random
rolling_mean_inclusion,2026-01-01/2026-06-30,2026-07-01/2026-07-26,26,159796.SZ|159980.SZ|159985.SZ|161226.SZ|501018.SH|512400.SH|513080.SH|513100.SH|513180.SH|513310.SH|513750.SH|513880.SH|588220.SH,1.655991067999858,0.8137662027812319,random
rolling_mean_inclusion,2026-01-01/2026-06-30,2026-07-01/2026-07-26,27,159529.SZ|159865.SZ|159915.SZ|159981.SZ|159985.SZ|161226.SZ|501018.SH|512040.SH|513030.SH|513100.SH|513120.SH|513180.SH|513500.SH,0.17302573195266105,0.8950356736682759,random
rolling_mean_inclusion,2026-01-01/2026-06-30,2026-07-01/2026-07-26,28,159201.SZ|159509.SZ|159766.SZ|159980.SZ|159981.SZ|159985.SZ|160644.SZ|510050.SH|513070.SH|513180.SH|513290.SH|513500.SH|518880.SH,1.0885462188084059,0.8077971362532227,random
rolling_mean_inclusion,2026-01-01/2026-06-30,2026-07-01/2026-07-26,29,159329.SZ|159518.SZ|159865.SZ|159980.SZ|159981.SZ|159985.SZ|501018.SH|512040.SH|513030.SH|513180.SH|513730.SH|513750.SH|588220.SH,0.07770190895227605,0.7896281396014395,random
rolling_mean_inclusion,2026-01-01/2026-06-30,2026-07-01/2026-07-26,30,159518.SZ|159687.SZ|159865.SZ|159920.SZ|159949.SZ|159980.SZ|159981.SZ|501018.SH|513080.SH|513180.SH|513730.SH|515210.SH|518880.SH,-0.3526942622497786,0.8614689435973625,random
rolling_mean_inclusion,2026-01-01/2026-06-30,2026-07-01/2026-07-26,31,159980.SZ|159981.SZ|159985.SZ|501018.SH|512800.SH|512890.SH|513030.SH|513070.SH|513120.SH|513290.SH|513400.SH|513880.SH|563300.SH,-0.12752095247060183,0.8867177592661224,random
rolling_mean_inclusion,2026-01-01/2026-06-30,2026-07-01/2026-07-26,32,159518.SZ|159869.SZ|159980.SZ|159981.SZ|159985.SZ|501018.SH|510210.SH|513070.SH|513180.SH|513310.SH|513730.SH|515220.SH|520870.SH,-0.5257428995233672,0.665760968479371,random
rolling_mean_inclusion,2026-01-01/2026-06-30,2026-07-01/2026-07-26,33,159611.SZ|159980.SZ|161226.SZ|501018.SH|512880.SH|513030.SH|513070.SH|513080.SH|513290.SH|513500.SH|513750.SH|515220.SH|518880.SH,-0.4575257845679504,0.8826043989398089,random
rolling_mean_inclusion,2026-01-01/2026-06-30,2026-07-01/2026-07-26,34,159209.SZ|159329.SZ|159518.SZ|159852.SZ|159980.SZ|159981.SZ|159985.SZ|501018.SH|513120.SH|513400.SH|513750.SH|513880.SH|563300.SH,0.12379984126949235,0.7328446319951737,random
rolling_mean_inclusion,2026-01-01/2026-06-30,2026-07-01/2026-07-26,35,159518.SZ|159687.SZ|159980.SZ|161226.SZ|501018.SH|510210.SH|512100.SH|512170.SH|513030.SH|513120.SH|513730.SH|513750.SH|518880.SH,-0.7481965141510953,0.8729744573499794,random
rolling_mean_inclusion,2026-01-01/2026-06-30,2026-07-01/2026-07-26,36,159329.SZ|159687.SZ|159869.SZ|159928.SZ|159980.SZ|159981.SZ|159985.SZ|510500.SH|513080.SH|513120.SH|513180.SH|513500.SH|518880.SH,-0.1393346440932454,0.7933520712600858,random
rolling_mean_inclusion,2026-01-01/2026-06-30,2026-07-01/2026-07-26,37,159509.SZ|159687.SZ|159865.SZ|159920.SZ|159980.SZ|159981.SZ|160644.SZ|161226.SZ|501018.SH|512660.SH|513070.SH|513500.SH|515210.SH,0.32308343355448255,0.8150040766128622,random
rolling_mean_inclusion,2026-01-01/2026-06-30,2026-07-01/2026-07-26,38,159201.SZ|159326.SZ|159529.SZ|159687.SZ|159920.SZ|159980.SZ|159981.SZ|159985.SZ|501018.SH|512800.SH|513030.SH|513120.SH|520870.SH,0.13346967018300124,0.6944128781914528,random
rolling_mean_inclusion,2026-01-01/2026-06-30,2026-07-01/2026-07-26,39,159209.SZ|159687.SZ|159920.SZ|159967.SZ|159980.SZ|161226.SZ|164824.SZ|501018.SH|510300.SH|513120.SH|513400.SH|513500.SH|518880.SH,1.3581286425113916,0.7933520712600858,random
rolling_mean_inclusion,2026-01-01/2026-06-30,2026-07-01/2026-07-26,40,159329.SZ|159825.SZ|159852.SZ|159980.SZ|159981.SZ|161226.SZ|501018.SH|513070.SH|513080.SH|513100.SH|513750.SH|513880.SH|562500.SH,0.12403981050941677,0.8137662027812319,random
rolling_mean_inclusion,2026-01-01/2026-06-30,2026-07-01/2026-07-26,41,159206.SZ|159329.SZ|159920.SZ|159980.SZ|159981.SZ|161226.SZ|164824.SZ|513120.SH|513500.SH|518880.SH|520870.SH|563300.SH|588200.SH,-0.23823347212549836,0.7522587312090414,random
rolling_mean_inclusion,2026-01-01/2026-06-30,2026-07-01/2026-07-26,42,159518.SZ|159980.SZ|159981.SZ|159985.SZ|161226.SZ|513070.SH|513120.SH|513290.SH|513500.SH|513730.SH|515790.SH|588000.SH|588220.SH,1.0821968953964702,0.8945536332445877,random
rolling_mean_inclusion,2026-01-01/2026-06-30,2026-07-01/2026-07-26,43,159329.SZ|159980.SZ|159981.SZ|161226.SZ|164824.SZ|501018.SH|512170.SH|513030.SH|513070.SH|513100.SH|513120.SH|515790.SH|515880.SH,0.13050775458328948,0.7034564814666601,random
rolling_mean_inclusion,2026-01-01/2026-06-30,2026-07-01/2026-07-26,44,159329.SZ|159687.SZ|159851.SZ|159920.SZ|159949.SZ|159980.SZ|159981.SZ|159985.SZ|164824.SZ|513070.SH|513080.SH|518880.SH|588000.SH,0.14907517412884874,0.7522587312090414,random
rolling_mean_inclusion,2026-01-01/2026-06-30,2026-07-01/2026-07-26,45,159529.SZ|159949.SZ|159981.SZ|159985.SZ|501018.SH|513070.SH|513080.SH|513180.SH|513290.SH|513730.SH|518880.SH|588200.SH|588220.SH,0.783431825420234,0.8962680546181492,random
rolling_mean_inclusion,2026-01-01/2026-06-30,2026-07-01/2026-07-26,46,159981.SZ|159985.SZ|501018.SH|510050.SH|513070.SH|513100.SH|513290.SH|513310.SH|513500.SH|513750.SH|515790.SH|516150.SH|518880.SH,1.5116521841025055,0.8950356736682759,random
rolling_mean_inclusion,2026-01-01/2026-06-30,2026-07-01/2026-07-26,47,159518.SZ|159766.SZ|159949.SZ|159980.SZ|159981.SZ|164824.SZ|501018.SH|512800.SH|513070.SH|513100.SH|513120.SH|513500.SH|518880.SH,-0.17942114924348898,0.8950356736682759,random
rolling_mean_inclusion,2026-01-01/2026-06-30,2026-07-01/2026-07-26,48,159329.SZ|159611.SZ|159980.SZ|159981.SZ|159985.SZ|160644.SZ|501018.SH|510300.SH|512660.SH|513120.SH|513180.SH|513290.SH|513730.SH,0.5548748805449014,0.665760968479371,random
rolling_mean_inclusion,2026-01-01/2026-06-30,2026-07-01/2026-07-26,49,159851.SZ|159920.SZ|159967.SZ|159981.SZ|159985.SZ|501018.SH|510180.SH|513120.SH|513290.SH|513400.SH|513500.SH|513730.SH|518880.SH,1.0138362421840557,0.7894230253883981,random
rolling_mean_inclusion,2026-01-01/2026-06-30,2026-07-01/2026-07-26,50,159209.SZ|159687.SZ|159920.SZ|159981.SZ|159985.SZ|501018.SH|510050.SH|512200.SH|513180.SH|513400.SH|513500.SH|518880.SH|520870.SH,0.5724302571879031,0.8614689435973625,random
rolling_mean_inclusion,2026-01-01/2026-06-30,2026-07-01/2026-07-26,51,159509.SZ|159796.SZ|159980.SZ|159981.SZ|159985.SZ|161226.SZ|512880.SH|513030.SH|513120.SH|513180.SH|513730.SH|513880.SH|516150.SH,0.3209702349455622,0.7921734576246972,random
rolling_mean_inclusion,2026-01-01/2026-06-30,2026-07-01/2026-07-26,52,159509.SZ|159518.SZ|159529.SZ|159980.SZ|159981.SZ|160644.SZ|161226.SZ|501018.SH|513070.SH|513120.SH|515790.SH|563300.SH|588200.SH,0.18046355368013298,0.6857799325295836,random
rolling_mean_inclusion,2026-01-01/2026-06-30,2026-07-01/2026-07-26,53,159509.SZ|159949.SZ|159980.SZ|159985.SZ|161226.SZ|510180.SH|510880.SH|513070.SH|513100.SH|513400.SH|513750.SH|518880.SH|520870.SH,0.19482623362130527,0.8901497039450326,random
rolling_mean_inclusion,2026-01-01/2026-06-30,2026-07-01/2026-07-26,54,159329.SZ|159901.SZ|159985.SZ|161226.SZ|501018.SH|513080.SH|513120.SH|513180.SH|513730.SH|513880.SH|515790.SH|518880.SH|588220.SH,1.0880515233153192,0.7609825374948022,random
rolling_mean_inclusion,2026-01-01/2026-06-30,2026-07-01/2026-07-26,55,159518.SZ|159611.SZ|159687.SZ|159980.SZ|159981.SZ|159985.SZ|160644.SZ|161226.SZ|512170.SH|513120.SH|513750.SH|513880.SH|515220.SH,-0.8432259519590569,0.8411201594101444,random
rolling_mean_inclusion,2026-01-01/2026-06-30,2026-07-01/2026-07-26,56,159518.SZ|159825.SZ|159920.SZ|159985.SZ|161226.SZ|164824.SZ|501018.SH|510180.SH|512170.SH|513310.SH|513750.SH|513880.SH|518880.SH,-0.17857272003209462,0.8225381952022786,random
rolling_mean_inclusion,2026-01-01/2026-06-30,2026-07-01/2026-07-26,57,159509.SZ|159870.SZ|159980.SZ|159981.SZ|159985.SZ|161226.SZ|510500.SH|513070.SH|513080.SH|513400.SH|513750.SH|513880.SH|515880.SH,1.190278482699497,0.7921734576246972,random
rolling_mean_inclusion,2026-01-01/2026-06-30,2026-07-01/2026-07-26,58,159329.SZ|159611.SZ|159981.SZ|159985.SZ|160644.SZ|161226.SZ|501018.SH|510880.SH|512980.SH|513180.SH|513290.SH|513730.SH|513750.SH,0.16741639544940629,0.665760968479371,random
rolling_mean_inclusion,2026-01-01/2026-06-30,2026-07-01/2026-07-26,59,159509.SZ|159529.SZ|159920.SZ|159980.SZ|159981.SZ|159985.SZ|161226.SZ|512660.SH|512880.SH|512980.SH|513030.SH|513100.SH|513120.SH,0.18649063618899683,0.8901497039450326,random
rolling_mean_inclusion,2026-01-01/2026-06-30,2026-07-01/2026-07-26,60,159509.SZ|159852.SZ|159865.SZ|159920.SZ|159928.SZ|159980.SZ|161226.SZ|501018.SH|513070.SH|513310.SH|513500.SH|518880.SH|520870.SH,0.5079089351559629,0.8077971362532227,random
rolling_mean_inclusion,2026-01-01/2026-06-30,2026-07-01/2026-07-26,61,159201.SZ|159518.SZ|159920.SZ|159949.SZ|159980.SZ|159981.SZ|501018.SH|512170.SH|513120.SH|513310.SH|513400.SH|518880.SH|520870.SH,0.688241076647714,0.7522587312090414,random
rolling_mean_inclusion,2026-01-01/2026-06-30,2026-07-01/2026-07-26,62,159509.SZ|159980.SZ|159985.SZ|160644.SZ|501018.SH|510210.SH|510300.SH|512880.SH|513030.SH|513070.SH|513400.SH|513750.SH|518880.SH,0.3320149545287766,0.8975426873308764,random
rolling_mean_inclusion,2026-01-01/2026-06-30,2026-07-01/2026-07-26,63,159529.SZ|159980.SZ|159981.SZ|159985.SZ|510210.SH|512040.SH|512400.SH|513030.SH|513120.SH|513180.SH|513290.SH|513310.SH|518880.SH,0.7534824362449287,0.8591512581365628,random
rolling_mean_inclusion,2026-01-01/2026-06-30,2026-07-01/2026-07-26,64,159529.SZ|159687.SZ|159901.SZ|159980.SZ|159985.SZ|161226.SZ|501018.SH|510180.SH|513030.SH|513180.SH|513750.SH|520870.SH|563300.SH,0.3181959684080393,0.7727647017683026,random
rolling_mean_inclusion,2026-01-01/2026-06-30,2026-07-01/2026-07-26,65,159518.SZ|159920.SZ|159981.SZ|161226.SZ|164824.SZ|501018.SH|510210.SH|512980.SH|513100.SH|513120.SH|513400.SH|515880.SH|518880.SH,1.0260826374130179,0.7335372127078846,random
rolling_mean_inclusion,2026-01-01/2026-06-30,2026-07-01/2026-07-26,66,159518.SZ|159851.SZ|159920.SZ|159981.SZ|159985.SZ|501018.SH|512170.SH|513080.SH|513180.SH|513290.SH|513310.SH|515220.SH|518880.SH,-0.41137193526551225,0.8614689435973625,random
rolling_mean_inclusion,2026-01-01/2026-06-30,2026-07-01/2026-07-26,67,159518.SZ|159796.SZ|159851.SZ|159920.SZ|159981.SZ|161226.SZ|501018.SH|512100.SH|513290.SH|513730.SH|513750.SH|518880.SH|520870.SH,0.15223969134319004,0.8225381952022786,random
rolling_mean_inclusion,2026-01-01/2026-06-30,2026-07-01/2026-07-26,68,159329.SZ|159518.SZ|159687.SZ|159920.SZ|159980.SZ|159985.SZ|161226.SZ|512660.SH|512800.SH|513080.SH|513120.SH|518880.SH|562500.SH,-1.2449963509259983,0.7522587312090414,random
rolling_mean_inclusion,2026-01-01/2026-06-30,2026-07-01/2026-07-26,69,159509.SZ|159518.SZ|159928.SZ|159980.SZ|159981.SZ|159985.SZ|160644.SZ|510050.SH|510300.SH|513180.SH|513500.SH|513750.SH|518880.SH,0.5969414141793068,0.8810260714976867,random
rolling_mean_inclusion,2026-01-01/2026-06-30,2026-07-01/2026-07-26,70,159920.SZ|159980.SZ|159981.SZ|159985.SZ|160644.SZ|513030.SH|513100.SH|513120.SH|513730.SH|515790.SH|518880.SH|588200.SH|588220.SH,1.224481473442801,0.8962680546181492,random
rolling_mean_inclusion,2026-01-01/2026-06-30,2026-07-01/2026-07-26,71,159206.SZ|159518.SZ|159687.SZ|159796.SZ|159920.SZ|159980.SZ|159981.SZ|161226.SZ|512880.SH|513100.SH|513290.SH|513750.SH|518880.SH,0.4971390189112085,0.8329328713285479,random
rolling_mean_inclusion,2026-01-01/2026-06-30,2026-07-01/2026-07-26,72,159509.SZ|159529.SZ|159687.SZ|159825.SZ|159915.SZ|159920.SZ|159980.SZ|159981.SZ|159985.SZ|501018.SH|512800.SH|513100.SH|513750.SH,1.2566926513905043,0.8901497039450326,random
rolling_mean_inclusion,2026-01-01/2026-06-30,2026-07-01/2026-07-26,73,159209.SZ|159980.SZ|159985.SZ|161226.SZ|164824.SZ|501018.SH|512980.SH|513070.SH|513080.SH|513120.SH|513290.SH|516150.SH|520870.SH,0.12106683953360396,0.6439093478066434,random
rolling_mean_inclusion,2026-01-01/2026-06-30,2026-07-01/2026-07-26,74,159201.SZ|159329.SZ|159509.SZ|159687.SZ|159865.SZ|159980.SZ|159985.SZ|161226.SZ|513030.SH|513070.SH|513750.SH|515210.SH|518880.SH,-0.9352895229904277,0.816101406787187,random
rolling_mean_inclusion,2026-01-01/2026-06-30,2026-07-01/2026-07-26,75,159518.SZ|159967.SZ|159980.SZ|159981.SZ|159985.SZ|161226.SZ|164824.SZ|510880.SH|512040.SH|513070.SH|513100.SH|513120.SH|520870.SH,0.595365268189195,0.6200156505496633,random
rolling_mean_inclusion,2026-01-01/2026-06-30,2026-07-01/2026-07-26,76,159687.SZ|159869.SZ|159901.SZ|159920.SZ|159980.SZ|159985.SZ|161226.SZ|512660.SH|513080.SH|513120.SH|513290.SH|513310.SH|518880.SH,1.1112020879736735,0.7522587312090414,random
rolling_mean_inclusion,2026-01-01/2026-06-30,2026-07-01/2026-07-26,77,159206.SZ|159509.SZ|159518.SZ|159796.SZ|159949.SZ|159981.SZ|159985.SZ|161226.SZ|501018.SH|513120.SH|513180.SH|513500.SH|520870.SH,0.49254374299629783,0.8077971362532227,random
rolling_mean_inclusion,2026-01-01/2026-06-30,2026-07-01/2026-07-26,78,159529.SZ|159928.SZ|159980.SZ|159981.SZ|161226.SZ|501018.SH|513030.SH|513070.SH|513080.SH|513180.SH|513500.SH|515880.SH|563300.SH,0.25843505402927774,0.8826043989398089,random
rolling_mean_inclusion,2026-01-01/2026-06-30,2026-07-01/2026-07-26,79,159687.SZ|159920.SZ|159980.SZ|159981.SZ|159985.SZ|512040.SH|512400.SH|512980.SH|513030.SH|513290.SH|513730.SH|513750.SH|518880.SH,-0.271374300036306,0.8225381952022786,random
rolling_mean_inclusion,2026-01-01/2026-06-30,2026-07-01/2026-07-26,80,159518.SZ|159529.SZ|159825.SZ|159851.SZ|159920.SZ|159980.SZ|161226.SZ|501018.SH|513100.SH|513180.SH|513880.SH|518880.SH|588000.SH,0.4995964613553647,0.8614689435973625,random
rolling_mean_inclusion,2026-01-01/2026-06-30,2026-07-01/2026-07-26,81,159209.SZ|159329.SZ|159796.SZ|159825.SZ|159920.SZ|159985.SZ|161226.SZ|501018.SH|513080.SH|513500.SH|513750.SH|518880.SH|520870.SH,0.3092442740986976,0.8225381952022786,random
rolling_mean_inclusion,2026-01-01/2026-06-30,2026-07-01/2026-07-26,82,159928.SZ|159981.SZ|161226.SZ|164824.SZ|501018.SH|513070.SH|513100.SH|513120.SH|513310.SH|513880.SH|515880.SH|518880.SH|562500.SH,2.541582180386127,0.8137662027812319,random
rolling_mean_inclusion,2026-01-01/2026-06-30,2026-07-01/2026-07-26,83,159209.SZ|159329.SZ|159851.SZ|159852.SZ|159980.SZ|159981.SZ|159985.SZ|160644.SZ|513080.SH|513180.SH|513290.SH|513750.SH|518880.SH,-0.24839289097421943,0.8997550828958898,random
rolling_mean_inclusion,2026-01-01/2026-06-30,2026-07-01/2026-07-26,84,159206.SZ|159509.SZ|159687.SZ|159901.SZ|159980.SZ|159981.SZ|501018.SH|513070.SH|513120.SH|513290.SH|513400.SH|516150.SH|518880.SH,0.14362468624151992,0.8150040766128622,random
rolling_mean_inclusion,2026-01-01/2026-06-30,2026-07-01/2026-07-26,85,159825.SZ|159980.SZ|159985.SZ|160644.SZ|501018.SH|510180.SH|512660.SH|513030.SH|513070.SH|513080.SH|513750.SH|513880.SH|518880.SH,-0.7130950314592449,0.8826043989398089,random
rolling_mean_inclusion,2026-01-01/2026-06-30,2026-07-01/2026-07-26,86,159865.SZ|159985.SZ|160644.SZ|161226.SZ|501018.SH|512040.SH|512980.SH|513120.SH|513730.SH|513750.SH|513880.SH|518880.SH|520870.SH,0.41317392149284393,0.7609825374948022,random
rolling_mean_inclusion,2026-01-01/2026-06-30,2026-07-01/2026-07-26,87,159509.SZ|159981.SZ|159985.SZ|161226.SZ|501018.SH|510880.SH|512100.SH|513030.SH|513080.SH|513120.SH|513180.SH|513880.SH|515220.SH,-1.20081041877112,0.8826043989398089,random
rolling_mean_inclusion,2026-01-01/2026-06-30,2026-07-01/2026-07-26,88,159518.SZ|159796.SZ|159920.SZ|159981.SZ|161226.SZ|501018.SH|513310.SH|513400.SH|513750.SH|516150.SH|518880.SH|520870.SH|562500.SH,0.5029332445766269,0.8225381952022786,random
rolling_mean_inclusion,2026-01-01/2026-06-30,2026-07-01/2026-07-26,89,159329.SZ|159920.SZ|159949.SZ|159980.SZ|161226.SZ|501018.SH|512170.SH|513030.SH|513100.SH|513120.SH|513400.SH|518880.SH|588220.SH,0.4618503228157728,0.7904299779342615,random
rolling_mean_inclusion,2026-01-01/2026-06-30,2026-07-01/2026-07-26,90,159206.SZ|159326.SZ|159529.SZ|159687.SZ|159851.SZ|159920.SZ|159980.SZ|159981.SZ|159985.SZ|161226.SZ|513100.SH|513120.SH|513400.SH,1.1885160036560927,0.8329328713285479,random
rolling_mean_inclusion,2026-01-01/2026-06-30,2026-07-01/2026-07-26,91,159329.SZ|159529.SZ|159611.SZ|159920.SZ|159980.SZ|159981.SZ|159985.SZ|161226.SZ|512040.SH|513100.SH|513180.SH|513500.SH|515220.SH,0.26086499331662605,0.8950356736682759,random
rolling_mean_inclusion,2026-01-01/2026-06-30,2026-07-01/2026-07-26,92,159209.SZ|159518.SZ|159529.SZ|159796.SZ|159920.SZ|159980.SZ|159985.SZ|161226.SZ|501018.SH|512200.SH|513080.SH|513500.SH|513750.SH,-0.6129142175693826,0.8225381952022786,random
rolling_mean_inclusion,2026-01-01/2026-06-30,2026-07-01/2026-07-26,93,159518.SZ|159949.SZ|159980.SZ|159981.SZ|160644.SZ|501018.SH|510500.SH|512170.SH|513180.SH|513290.SH|513730.SH|513750.SH|518880.SH,0.7496941264375963,0.7662023559868358,random
rolling_mean_inclusion,2026-01-01/2026-06-30,2026-07-01/2026-07-26,94,159329.SZ|159852.SZ|159870.SZ|159949.SZ|159980.SZ|159981.SZ|164824.SZ|501018.SH|513070.SH|513120.SH|513290.SH|513730.SH|518880.SH,-0.7524432575650745,0.7522587312090414,random
rolling_mean_inclusion,2026-01-01/2026-06-30,2026-07-01/2026-07-26,95,159329.SZ|159509.SZ|159529.SZ|159920.SZ|159967.SZ|159981.SZ|159985.SZ|160644.SZ|161226.SZ|512200.SH|513750.SH|515880.SH|518880.SH,2.298975212021046,0.9063198775498007,random
rolling_mean_inclusion,2026-01-01/2026-06-30,2026-07-01/2026-07-26,96,159509.SZ|159529.SZ|159928.SZ|159967.SZ|159981.SZ|159985.SZ|501018.SH|512980.SH|513070.SH|513500.SH|513730.SH|513750.SH|518880.SH,1.0947056173246128,0.8077971362532227,random
rolling_mean_inclusion,2026-01-01/2026-06-30,2026-07-01/2026-07-26,97,159509.SZ|159529.SZ|159796.SZ|159981.SZ|159985.SZ|160644.SZ|164824.SZ|501018.SH|510050.SH|513180.SH|513750.SH|515210.SH|518880.SH,0.41005623905254573,0.6755348862101989,random
rolling_mean_inclusion,2026-01-01/2026-06-30,2026-07-01/2026-07-26,98,159329.SZ|159796.SZ|159870.SZ|159980.SZ|159985.SZ|161226.SZ|501018.SH|513070.SH|513100.SH|513730.SH|513750.SH|520870.SH|588220.SH,1.7983839878839019,0.7965634434938876,random
rolling_mean_inclusion,2026-01-01/2026-06-30,2026-07-01/2026-07-26,99,159201.SZ|159329.SZ|159518.SZ|159529.SZ|159611.SZ|159980.SZ|159981.SZ|159985.SZ|512880.SH|513180.SH|513750.SH|513880.SH|518880.SH,0.14226996444279894,0.7522587312090414,random
rolling_mean_inclusion,2026-01-01/2026-06-30,2026-07-01/2026-07-26,100,159529.SZ|159687.SZ|159869.SZ|159915.SZ|159920.SZ|159980.SZ|159981.SZ|161226.SZ|501018.SH|513070.SH|513290.SH|513310.SH|588000.SH,1.600689948019771,0.7534508593376563,random
