method,training_period,holding_period,evaluation,codes,sharpe,maximum_within_group_correlation,phase,generation,removed,added
rolling_beam_search,2021-07-01/2021-12-31,2022-01-01/2022-06-30,1,159901.SZ|159920.SZ|159980.SZ|159985.SZ|501018.SH|512200.SH|513030.SH|513080.SH|513180.SH|513500.SH|513880.SH|516150.SH|518880.SH,-1.3809150180987266,0.9194433972050108,initial_beam,,,
rolling_beam_search,2021-07-01/2021-12-31,2022-01-01/2022-06-30,2,159825.SZ|159869.SZ|159920.SZ|159949.SZ|159980.SZ|159981.SZ|159985.SZ|160644.SZ|161226.SZ|164824.SZ|513030.SH|513100.SH|513180.SH,-0.09507470222157471,0.9194433972050108,initial_beam,,,
rolling_beam_search,2021-07-01/2021-12-31,2022-01-01/2022-06-30,3,159920.SZ|159980.SZ|159985.SZ|160644.SZ|161226.SZ|501018.SH|510180.SH|512660.SH|512880.SH|513030.SH|513100.SH|513180.SH|513500.SH,-0.2136423291269693,0.9194433972050108,initial_beam,,,
rolling_beam_search,2021-07-01/2021-12-31,2022-01-01/2022-06-30,4,159825.SZ|159870.SZ|159920.SZ|159980.SZ|159981.SZ|160644.SZ|161226.SZ|164824.SZ|512040.SH|513080.SH|513180.SH|513880.SH|518880.SH,-0.9191750884189797,0.9194433972050108,initial_beam,,,
rolling_beam_search,2021-07-01/2021-12-31,2022-01-01/2022-06-30,5,159865.SZ|159920.SZ|159980.SZ|159981.SZ|159985.SZ|164824.SZ|501018.SH|510210.SH|512100.SH|513030.SH|513080.SH|513180.SH|513500.SH,0.4828387088919193,0.9194433972050108,initial_beam,,,
rolling_beam_search,2021-07-01/2021-12-31,2022-01-01/2022-06-30,6,159901.SZ|159920.SZ|159949.SZ|159980.SZ|159985.SZ|501018.SH|513030.SH|513080.SH|513180.SH|513500.SH|513880.SH|516150.SH|518880.SH,-0.8773587740406716,0.9194433972050108,beam_neighbor,0.0,512200.SH,159949.SZ
rolling_beam_search,2021-07-01/2021-12-31,2022-01-01/2022-06-30,7,159825.SZ|159869.SZ|159920.SZ|159949.SZ|159980.SZ|159981.SZ|160644.SZ|161226.SZ|164824.SZ|501018.SH|513030.SH|513100.SH|513180.SH,0.18411572620695874,0.9194433972050108,beam_neighbor,0.0,159985.SZ,501018.SH
rolling_beam_search,2021-07-01/2021-12-31,2022-01-01/2022-06-30,8,159920.SZ|159980.SZ|159981.SZ|160644.SZ|161226.SZ|501018.SH|510180.SH|512660.SH|512880.SH|513030.SH|513100.SH|513180.SH|513500.SH,0.8155150087134309,0.9194433972050108,beam_neighbor,0.0,159985.SZ,159981.SZ
rolling_beam_search,2021-07-01/2021-12-31,2022-01-01/2022-06-30,9,159825.SZ|159870.SZ|159920.SZ|159980.SZ|159981.SZ|160644.SZ|161226.SZ|512040.SH|513080.SH|513180.SH|513500.SH|513880.SH|518880.SH,-0.8436019603212969,0.9194433972050108,beam_neighbor,0.0,164824.SZ,513500.SH
rolling_beam_search,2021-07-01/2021-12-31,2022-01-01/2022-06-30,10,159865.SZ|159920.SZ|159980.SZ|159981.SZ|159985.SZ|164824.SZ|501018.SH|512100.SH|512890.SH|513030.SH|513080.SH|513180.SH|513500.SH,0.844710526984529,0.9194433972050108,beam_neighbor,0.0,510210.SH,512890.SH
rolling_beam_search,2021-07-01/2021-12-31,2022-01-01/2022-06-30,11,159865.SZ|159920.SZ|159980.SZ|159981.SZ|159985.SZ|161226.SZ|164824.SZ|512100.SH|512890.SH|513030.SH|513080.SH|513180.SH|513500.SH,0.4901365424179317,0.9194433972050108,beam_neighbor,1.0,501018.SH,161226.SZ
rolling_beam_search,2021-07-01/2021-12-31,2022-01-01/2022-06-30,12,159901.SZ|159920.SZ|159980.SZ|159981.SZ|160644.SZ|161226.SZ|501018.SH|512660.SH|512880.SH|513030.SH|513100.SH|513180.SH|513500.SH,0.9904505804677534,0.9194433972050108,beam_neighbor,1.0,510180.SH,159901.SZ
rolling_beam_search,2021-07-01/2021-12-31,2022-01-01/2022-06-30,13,159920.SZ|159980.SZ|159981.SZ|159985.SZ|164824.SZ|501018.SH|510210.SH|512100.SH|513030.SH|513080.SH|513180.SH|513500.SH|515210.SH,0.46273436767329984,0.9194433972050108,beam_neighbor,1.0,159865.SZ,515210.SH
rolling_beam_search,2021-07-01/2021-12-31,2022-01-01/2022-06-30,14,159825.SZ|159869.SZ|159920.SZ|159980.SZ|159981.SZ|160644.SZ|161226.SZ|164824.SZ|501018.SH|513030.SH|513100.SH|513180.SH|588000.SH,0.6618146458961625,0.9194433972050108,beam_neighbor,1.0,159949.SZ,588000.SH
rolling_beam_search,2021-07-01/2021-12-31,2022-01-01/2022-06-30,15,159825.SZ|159869.SZ|159920.SZ|159949.SZ|159980.SZ|159981.SZ|159985.SZ|160644.SZ|161226.SZ|164824.SZ|513030.SH|513180.SH|513880.SH,-0.3090470046498174,0.9194433972050108,beam_neighbor,1.0,513100.SH,513880.SH
rolling_beam_search,2021-07-01/2021-12-31,2022-01-01/2022-06-30,16,159901.SZ|159920.SZ|159980.SZ|159981.SZ|160644.SZ|161226.SZ|501018.SH|512880.SH|513030.SH|513100.SH|513180.SH|513500.SH|515880.SH,0.8222675212185605,0.9194433972050108,beam_neighbor,2.0,512660.SH,515880.SH
rolling_beam_search,2021-07-01/2021-12-31,2022-01-01/2022-06-30,17,159865.SZ|159920.SZ|159980.SZ|159981.SZ|159985.SZ|164824.SZ|512100.SH|512890.SH|513030.SH|513080.SH|513180.SH|513500.SH|518880.SH,0.2404053231319732,0.9194433972050108,beam_neighbor,2.0,501018.SH,518880.SH
rolling_beam_search,2021-07-01/2021-12-31,2022-01-01/2022-06-30,18,159920.SZ|159949.SZ|159980.SZ|159981.SZ|160644.SZ|161226.SZ|501018.SH|510180.SH|512660.SH|513030.SH|513100.SH|513180.SH|513500.SH,0.6590781941065675,0.9194433972050108,beam_neighbor,2.0,512880.SH,159949.SZ
rolling_beam_search,2021-07-01/2021-12-31,2022-01-01/2022-06-30,19,159825.SZ|159869.SZ|159920.SZ|159980.SZ|159985.SZ|160644.SZ|161226.SZ|164824.SZ|501018.SH|513030.SH|513100.SH|513180.SH|588000.SH,0.7426820777314589,0.9194433972050108,beam_neighbor,2.0,159981.SZ,159985.SZ
rolling_beam_search,2021-07-01/2021-12-31,2022-01-01/2022-06-30,20,159865.SZ|159920.SZ|159980.SZ|159981.SZ|159985.SZ|160644.SZ|161226.SZ|164824.SZ|512100.SH|512890.SH|513030.SH|513180.SH|513500.SH,0.9774546359433248,0.9194433972050108,beam_neighbor,2.0,513080.SH,160644.SZ
rolling_beam_search,2021-07-01/2021-12-31,2022-01-01/2022-06-30,21,159901.SZ|159920.SZ|159980.SZ|159981.SZ|160644.SZ|161226.SZ|164824.SZ|501018.SH|512660.SH|512880.SH|513030.SH|513180.SH|513500.SH,0.6769493941518205,0.9194433972050108,beam_neighbor,3.0,513100.SH,164824.SZ
rolling_beam_search,2021-07-01/2021-12-31,2022-01-01/2022-06-30,22,159825.SZ|159865.SZ|159920.SZ|159980.SZ|159981.SZ|159985.SZ|160644.SZ|161226.SZ|164824.SZ|512890.SH|513030.SH|513180.SH|513500.SH,-0.02975953613966359,0.9194433972050108,beam_neighbor,3.0,512100.SH,159825.SZ
rolling_beam_search,2021-07-01/2021-12-31,2022-01-01/2022-06-30,23,159865.SZ|159920.SZ|159980.SZ|159985.SZ|161226.SZ|164824.SZ|501018.SH|512100.SH|512890.SH|513030.SH|513080.SH|513180.SH|513500.SH,0.4514907848012837,0.9194433972050108,beam_neighbor,3.0,159981.SZ,161226.SZ
rolling_beam_search,2021-07-01/2021-12-31,2022-01-01/2022-06-30,24,159901.SZ|159920.SZ|159980.SZ|159981.SZ|161226.SZ|501018.SH|512880.SH|513030.SH|513080.SH|513100.SH|513180.SH|513500.SH|515880.SH,0.8009005133911673,0.9194433972050108,beam_neighbor,3.0,160644.SZ,513080.SH
rolling_beam_search,2021-07-01/2021-12-31,2022-01-01/2022-06-30,25,159920.SZ|159980.SZ|159981.SZ|160644.SZ|161226.SZ|501018.SH|510180.SH|512660.SH|512880.SH|513080.SH|513100.SH|513180.SH|513500.SH,0.7094882839382048,0.9194433972050108,beam_neighbor,3.0,513030.SH,513080.SH
rolling_beam_search,2021-07-01/2021-12-31,2022-01-01/2022-06-30,26,159901.SZ|159920.SZ|159980.SZ|159981.SZ|160644.SZ|161226.SZ|501018.SH|512660.SH|512880.SH|513030.SH|513100.SH|513180.SH|513880.SH,0.49565776399781675,0.9194433972050108,beam_neighbor,4.0,513500.SH,513880.SH
rolling_beam_search,2021-07-01/2021-12-31,2022-01-01/2022-06-30,27,159865.SZ|159920.SZ|159980.SZ|159981.SZ|160644.SZ|161226.SZ|164824.SZ|501018.SH|512100.SH|512890.SH|513030.SH|513180.SH|513500.SH,1.1228773056872787,0.9194433972050108,beam_neighbor,4.0,159985.SZ,501018.SH
rolling_beam_search,2021-07-01/2021-12-31,2022-01-01/2022-06-30,28,159865.SZ|159920.SZ|159981.SZ|159985.SZ|161226.SZ|164824.SZ|501018.SH|512100.SH|512890.SH|513030.SH|513080.SH|513180.SH|513500.SH,0.5664713292761748,0.9194433972050108,beam_neighbor,4.0,159980.SZ,161226.SZ
rolling_beam_search,2021-07-01/2021-12-31,2022-01-01/2022-06-30,29,159901.SZ|159920.SZ|159980.SZ|159981.SZ|160644.SZ|161226.SZ|501018.SH|512880.SH|513030.SH|513080.SH|513100.SH|513180.SH|515880.SH,0.7181284219706998,0.9194433972050108,beam_neighbor,4.0,513500.SH,513080.SH
rolling_beam_search,2021-07-01/2021-12-31,2022-01-01/2022-06-30,30,159920.SZ|159981.SZ|160644.SZ|161226.SZ|501018.SH|510180.SH|512660.SH|512880.SH|513030.SH|513100.SH|513180.SH|513500.SH|518880.SH,0.14992675941746914,0.9194433972050108,beam_neighbor,4.0,159980.SZ,518880.SH
rolling_beam_search,2021-07-01/2021-12-31,2022-01-01/2022-06-30,31,159852.SZ|159920.SZ|159980.SZ|159981.SZ|160644.SZ|161226.SZ|164824.SZ|501018.SH|512100.SH|512890.SH|513030.SH|513180.SH|513500.SH,0.5607341244166051,0.9194433972050108,beam_neighbor,5.0,159865.SZ,159852.SZ
rolling_beam_search,2021-07-01/2021-12-31,2022-01-01/2022-06-30,32,159901.SZ|159920.SZ|159980.SZ|159981.SZ|160644.SZ|161226.SZ|501018.SH|510050.SH|512660.SH|513030.SH|513100.SH|513180.SH|513500.SH,0.6710767864930364,0.9194433972050108,beam_neighbor,5.0,512880.SH,510050.SH
rolling_beam_search,2021-07-01/2021-12-31,2022-01-01/2022-06-30,33,159865.SZ|159920.SZ|159980.SZ|159981.SZ|159985.SZ|160644.SZ|161226.SZ|512100.SH|512890.SH|513030.SH|513180.SH|513500.SH|513880.SH,0.40525938157763175,0.9194433972050108,beam_neighbor,5.0,164824.SZ,513880.SH
rolling_beam_search,2021-07-01/2021-12-31,2022-01-01/2022-06-30,34,159865.SZ|159920.SZ|159980.SZ|159985.SZ|164824.SZ|501018.SH|512100.SH|512890.SH|513030.SH|513080.SH|513180.SH|513500.SH|518880.SH,0.2749113954017232,0.9194433972050108,beam_neighbor,5.0,159981.SZ,518880.SH
rolling_beam_search,2021-07-01/2021-12-31,2022-01-01/2022-06-30,35,159901.SZ|159920.SZ|159980.SZ|159981.SZ|160644.SZ|161226.SZ|164824.SZ|501018.SH|512880.SH|513100.SH|513180.SH|513500.SH|515880.SH,1.0537093635278278,0.9194433972050108,beam_neighbor,5.0,513030.SH,164824.SZ
rolling_beam_search,2021-07-01/2021-12-31,2022-01-01/2022-06-30,36,159865.SZ|159920.SZ|159980.SZ|159981.SZ|160644.SZ|161226.SZ|164824.SZ|512100.SH|512890.SH|513030.SH|513180.SH|513500.SH|518880.SH,0.5750335416449097,0.9194433972050108,beam_neighbor,6.0,501018.SH,518880.SH
rolling_beam_search,2021-07-01/2021-12-31,2022-01-01/2022-06-30,37,159901.SZ|159920.SZ|159980.SZ|159981.SZ|160644.SZ|161226.SZ|164824.SZ|501018.SH|512660.SH|512880.SH|513100.SH|513180.SH|513500.SH,1.0946616184190507,0.9194433972050108,beam_neighbor,6.0,515880.SH,512660.SH
rolling_beam_search,2021-07-01/2021-12-31,2022-01-01/2022-06-30,38,159865.SZ|159901.SZ|159920.SZ|159980.SZ|159981.SZ|160644.SZ|161226.SZ|501018.SH|512660.SH|513030.SH|513100.SH|513180.SH|513500.SH,1.1904677460367894,0.9194433972050108,beam_neighbor,6.0,512880.SH,159865.SZ
rolling_beam_search,2021-07-01/2021-12-31,2022-01-01/2022-06-30,39,159865.SZ|159920.SZ|159980.SZ|159981.SZ|159985.SZ|160644.SZ|161226.SZ|164824.SZ|512100.SH|512890.SH|513180.SH|513500.SH|513880.SH,0.2865588450148858,0.9194433972050108,beam_neighbor,6.0,513030.SH,513880.SH
rolling_beam_search,2021-07-01/2021-12-31,2022-01-01/2022-06-30,40,159865.SZ|159920.SZ|159980.SZ|159981.SZ|159985.SZ|164824.SZ|501018.SH|512100.SH|512890.SH|513030.SH|513100.SH|513180.SH|513500.SH,1.0995183062570948,0.9194433972050108,beam_neighbor,6.0,513080.SH,513100.SH
rolling_beam_search,2021-07-01/2021-12-31,2022-01-01/2022-06-30,41,159901.SZ|159920.SZ|159980.SZ|159981.SZ|160644.SZ|161226.SZ|501018.SH|512660.SH|513030.SH|513100.SH|513180.SH|513500.SH|515790.SH,0.7142390811842789,0.9194433972050108,beam_neighbor,7.0,159865.SZ,515790.SH
rolling_beam_search,2021-07-01/2021-12-31,2022-01-01/2022-06-30,42,159865.SZ|159920.SZ|159980.SZ|159981.SZ|160644.SZ|161226.SZ|164824.SZ|501018.SH|512880.SH|512890.SH|513030.SH|513180.SH|513500.SH,0.3360333358965601,0.9194433972050108,beam_neighbor,7.0,512100.SH,512880.SH
rolling_beam_search,2021-07-01/2021-12-31,2022-01-01/2022-06-30,43,159865.SZ|159920.SZ|159980.SZ|159981.SZ|159985.SZ|160644.SZ|501018.SH|512100.SH|512890.SH|513030.SH|513100.SH|513180.SH|513500.SH,1.2300873855664574,0.9194433972050108,beam_neighbor,7.0,164824.SZ,160644.SZ
rolling_beam_search,2021-07-01/2021-12-31,2022-01-01/2022-06-30,44,159901.SZ|159920.SZ|159967.SZ|159980.SZ|159981.SZ|160644.SZ|161226.SZ|164824.SZ|501018.SH|512660.SH|513100.SH|513180.SH|513500.SH,1.0710032113312482,0.9194433972050108,beam_neighbor,7.0,512880.SH,159967.SZ
rolling_beam_search,2021-07-01/2021-12-31,2022-01-01/2022-06-30,45,159901.SZ|159920.SZ|159981.SZ|160644.SZ|161226.SZ|164824.SZ|501018.SH|512880.SH|513100.SH|513180.SH|513500.SH|515880.SH|518880.SH,0.38319038827163826,0.9194433972050108,beam_neighbor,7.0,159980.SZ,518880.SH
rolling_beam_search,2021-07-01/2021-12-31,2022-01-01/2022-06-30,46,159865.SZ|159920.SZ|159928.SZ|159980.SZ|159981.SZ|159985.SZ|160644.SZ|501018.SH|512890.SH|513030.SH|513100.SH|513180.SH|513500.SH,0.8345363769499845,0.9194433972050108,beam_neighbor,8.0,512100.SH,159928.SZ
rolling_beam_search,2021-07-01/2021-12-31,2022-01-01/2022-06-30,47,159865.SZ|159901.SZ|159920.SZ|159980.SZ|159981.SZ|159985.SZ|160644.SZ|501018.SH|512660.SH|513030.SH|513100.SH|513180.SH|513500.SH,1.1139624978085614,0.9194433972050108,beam_neighbor,8.0,161226.SZ,159985.SZ
rolling_beam_search,2021-07-01/2021-12-31,2022-01-01/2022-06-30,48,159865.SZ|159920.SZ|159981.SZ|159985.SZ|160644.SZ|161226.SZ|164824.SZ|501018.SH|512100.SH|512890.SH|513030.SH|513180.SH|513500.SH,1.0552990947619856,0.9194433972050108,beam_neighbor,8.0,159980.SZ,159985.SZ
rolling_beam_search,2021-07-01/2021-12-31,2022-01-01/2022-06-30,49,159920.SZ|159980.SZ|159981.SZ|159985.SZ|164824.SZ|501018.SH|512100.SH|512890.SH|512980.SH|513030.SH|513100.SH|513180.SH|513500.SH,1.476546401932973,0.9194433972050108,beam_neighbor,8.0,159865.SZ,512980.SH
rolling_beam_search,2021-07-01/2021-12-31,2022-01-01/2022-06-30,50,159901.SZ|159920.SZ|159980.SZ|159981.SZ|160644.SZ|161226.SZ|164824.SZ|501018.SH|512660.SH|512880.SH|513080.SH|513100.SH|513180.SH,0.8290502915099808,0.9194433972050108,beam_neighbor,8.0,513500.SH,513080.SH
rolling_beam_search,2021-07-01/2021-12-31,2022-01-01/2022-06-30,51,159920.SZ|159980.SZ|159981.SZ|159985.SZ|164824.SZ|501018.SH|512100.SH|512890.SH|512980.SH|513080.SH|513100.SH|513180.SH|513500.SH,1.219930532531837,0.9194433972050108,beam_neighbor,9.0,513030.SH,513080.SH
rolling_beam_search,2021-07-01/2021-12-31,2022-01-01/2022-06-30,52,159865.SZ|159920.SZ|159980.SZ|159981.SZ|159985.SZ|160644.SZ|501018.SH|512890.SH|513030.SH|513100.SH|513180.SH|513500.SH|515220.SH,1.7373913530597782,0.9194433972050108,beam_neighbor,9.0,512100.SH,515220.SH
rolling_beam_search,2021-07-01/2021-12-31,2022-01-01/2022-06-30,53,159865.SZ|159901.SZ|159920.SZ|159980.SZ|159981.SZ|160644.SZ|161226.SZ|164824.SZ|501018.SH|512660.SH|513100.SH|513180.SH|513500.SH,1.05951064341081,0.9194433972050108,beam_neighbor,9.0,513030.SH,164824.SZ
rolling_beam_search,2021-07-01/2021-12-31,2022-01-01/2022-06-30,54,159865.SZ|159920.SZ|159980.SZ|159981.SZ|160644.SZ|161226.SZ|164824.SZ|501018.SH|512100.SH|512890.SH|513180.SH|513500.SH|513880.SH,0.9935148960136607,0.9194433972050108,beam_neighbor,9.0,513030.SH,513880.SH
rolling_beam_search,2021-07-01/2021-12-31,2022-01-01/2022-06-30,55,159865.SZ|159901.SZ|159920.SZ|159980.SZ|159981.SZ|159985.SZ|160644.SZ|164824.SZ|501018.SH|512660.SH|513100.SH|513180.SH|513500.SH,1.2185031636747008,0.9194433972050108,beam_neighbor,9.0,513030.SH,164824.SZ
rolling_beam_search,2021-07-01/2021-12-31,2022-01-01/2022-06-30,56,159865.SZ|159920.SZ|159980.SZ|159981.SZ|159985.SZ|160644.SZ|512890.SH|513030.SH|513100.SH|513180.SH|513500.SH|515220.SH|518880.SH,1.1015028009208534,0.9194433972050108,beam_neighbor,10.0,501018.SH,518880.SH
rolling_beam_search,2021-07-01/2021-12-31,2022-01-01/2022-06-30,57,159920.SZ|159980.SZ|159981.SZ|159985.SZ|160644.SZ|164824.SZ|501018.SH|512100.SH|512890.SH|512980.SH|513030.SH|513180.SH|513500.SH,1.8944626513052831,0.9194433972050108,beam_neighbor,10.0,513100.SH,160644.SZ
rolling_beam_search,2021-07-01/2021-12-31,2022-01-01/2022-06-30,58,159865.SZ|159920.SZ|159980.SZ|159981.SZ|159985.SZ|160644.SZ|164824.SZ|501018.SH|512100.SH|512890.SH|513100.SH|513180.SH|513500.SH,0.8997025210070783,0.9194433972050108,beam_neighbor,10.0,513030.SH,164824.SZ
rolling_beam_search,2021-07-01/2021-12-31,2022-01-01/2022-06-30,59,159920.SZ|159980.SZ|159981.SZ|159985.SZ|164824.SZ|501018.SH|512100.SH|512890.SH|512980.SH|513030.SH|513080.SH|513100.SH|513180.SH,1.4961150039682358,0.9194433972050108,beam_neighbor,10.0,513500.SH,513030.SH
rolling_beam_search,2021-07-01/2021-12-31,2022-01-01/2022-06-30,60,159901.SZ|159920.SZ|159980.SZ|159981.SZ|159985.SZ|160644.SZ|164824.SZ|501018.SH|512040.SH|512660.SH|513100.SH|513180.SH|513500.SH,1.419776551038932,0.9194433972050108,beam_neighbor,10.0,159865.SZ,512040.SH
rolling_beam_search,2021-07-01/2021-12-31,2022-01-01/2022-06-30,61,159920.SZ|159980.SZ|159981.SZ|159985.SZ|164824.SZ|501018.SH|512100.SH|512890.SH|512980.SH|513030.SH|513080.SH|513180.SH|513500.SH,1.3072287559095674,0.9194433972050108,beam_neighbor,11.0,160644.SZ,513080.SH
rolling_beam_search,2021-07-01/2021-12-31,2022-01-01/2022-06-30,62,159865.SZ|159920.SZ|159980.SZ|159981.SZ|159985.SZ|501018.SH|512890.SH|513030.SH|513080.SH|513100.SH|513180.SH|513500.SH|515220.SH,0.9177103094027492,0.9194433972050108,beam_neighbor,11.0,160644.SZ,513080.SH
rolling_beam_search,2021-07-01/2021-12-31,2022-01-01/2022-06-30,63,159920.SZ|159980.SZ|159981.SZ|159985.SZ|160644.SZ|501018.SH|512100.SH|512890.SH|512980.SH|513030.SH|513080.SH|513100.SH|513180.SH,1.0839424372495376,0.9194433972050108,beam_neighbor,11.0,164824.SZ,160644.SZ
rolling_beam_search,2021-07-01/2021-12-31,2022-01-01/2022-06-30,64,159920.SZ|159980.SZ|159981.SZ|159985.SZ|164824.SZ|501018.SH|512100.SH|512980.SH|513030.SH|513100.SH|513180.SH|513500.SH|516150.SH,1.2399767010794231,0.9194433972050108,beam_neighbor,11.0,512890.SH,516150.SH
rolling_beam_search,2021-07-01/2021-12-31,2022-01-01/2022-06-30,65,159901.SZ|159920.SZ|159980.SZ|159981.SZ|159985.SZ|160644.SZ|164824.SZ|501018.SH|510050.SH|512660.SH|513100.SH|513180.SH|513500.SH,1.1742854631455144,0.9194433972050108,beam_neighbor,11.0,512040.SH,510050.SH
rolling_beam_search,2021-07-01/2021-12-31,2022-01-01/2022-06-30,66,159920.SZ|159980.SZ|159981.SZ|159985.SZ|160644.SZ|164824.SZ|501018.SH|512100.SH|512890.SH|512980.SH|513100.SH|513180.SH|513500.SH,1.2855789853086559,0.9194433972050108,beam_neighbor,12.0,513030.SH,513100.SH
rolling_beam_search,2021-07-01/2021-12-31,2022-01-01/2022-06-30,67,159865.SZ|159920.SZ|159981.SZ|159985.SZ|160644.SZ|161226.SZ|501018.SH|512890.SH|513030.SH|513100.SH|513180.SH|513500.SH|515220.SH,1.2482262937540345,0.9194433972050108,beam_neighbor,12.0,159980.SZ,161226.SZ
rolling_beam_search,2021-07-01/2021-12-31,2022-01-01/2022-06-30,68,159920.SZ|159980.SZ|159985.SZ|164824.SZ|501018.SH|512100.SH|512890.SH|512980.SH|513030.SH|513080.SH|513100.SH|513180.SH|518880.SH,0.2159125338702972,0.9194433972050108,beam_neighbor,12.0,159981.SZ,518880.SH
rolling_beam_search,2021-07-01/2021-12-31,2022-01-01/2022-06-30,69,159920.SZ|159981.SZ|159985.SZ|161226.SZ|164824.SZ|501018.SH|512100.SH|512890.SH|512980.SH|513030.SH|513100.SH|513180.SH|513500.SH,0.7590615753833586,0.9194433972050108,beam_neighbor,12.0,159980.SZ,161226.SZ
rolling_beam_search,2021-07-01/2021-12-31,2022-01-01/2022-06-30,70,159901.SZ|159920.SZ|159980.SZ|159981.SZ|159985.SZ|164824.SZ|501018.SH|512040.SH|512660.SH|513100.SH|513180.SH|513500.SH|513880.SH,0.3425178516479104,0.9194433972050108,beam_neighbor,12.0,160644.SZ,513880.SH
rolling_beam_search,2021-07-01/2021-12-31,2022-01-01/2022-06-30,71,159852.SZ|159920.SZ|159980.SZ|159981.SZ|159985.SZ|160644.SZ|164824.SZ|501018.SH|512100.SH|512980.SH|513030.SH|513180.SH|513500.SH,0.2809276163336374,0.9194433972050108,beam_neighbor,13.0,512890.SH,159852.SZ
rolling_beam_search,2021-07-01/2021-12-31,2022-01-01/2022-06-30,72,159865.SZ|159920.SZ|159980.SZ|159981.SZ|159985.SZ|160644.SZ|164824.SZ|501018.SH|512890.SH|513030.SH|513180.SH|513500.SH|515220.SH,1.0979977036643387,0.9194433972050108,beam_neighbor,13.0,513100.SH,164824.SZ
rolling_beam_search,2021-07-01/2021-12-31,2022-01-01/2022-06-30,73,159920.SZ|159980.SZ|159981.SZ|159985.SZ|161226.SZ|164824.SZ|512100.SH|512890.SH|512980.SH|513030.SH|513080.SH|513100.SH|513180.SH,0.6409062903534166,0.9194433972050108,beam_neighbor,13.0,501018.SH,161226.SZ
rolling_beam_search,2021-07-01/2021-12-31,2022-01-01/2022-06-30,74,159920.SZ|159980.SZ|159985.SZ|164824.SZ|501018.SH|512100.SH|512890.SH|512980.SH|513030.SH|513100.SH|513180.SH|513500.SH|518880.SH,0.5066715792441355,0.9194433972050108,beam_neighbor,13.0,159981.SZ,518880.SH
rolling_beam_search,2021-07-01/2021-12-31,2022-01-01/2022-06-30,75,159901.SZ|159920.SZ|159980.SZ|159981.SZ|159985.SZ|160644.SZ|164824.SZ|501018.SH|512040.SH|512660.SH|513080.SH|513180.SH|513500.SH,0.9177940183227224,0.9194433972050108,beam_neighbor,13.0,513100.SH,513080.SH
rolling_beam_search,2021-07-01/2021-12-31,2022-01-01/2022-06-30,76,159920.SZ|159981.SZ|159985.SZ|160644.SZ|161226.SZ|164824.SZ|501018.SH|512100.SH|512890.SH|512980.SH|513030.SH|513180.SH|513500.SH,1.1882503597125365,0.9194433972050108,beam_neighbor,14.0,159980.SZ,161226.SZ
rolling_beam_search,2021-07-01/2021-12-31,2022-01-01/2022-06-30,77,159865.SZ|159920.SZ|159980.SZ|159981.SZ|160644.SZ|501018.SH|512890.SH|513030.SH|513100.SH|513180.SH|513500.SH|515220.SH|518880.SH,1.583365220680033,0.9194433972050108,beam_neighbor,14.0,159985.SZ,518880.SH
rolling_beam_search,2021-07-01/2021-12-31,2022-01-01/2022-06-30,78,159920.SZ|159980.SZ|159981.SZ|164824.SZ|501018.SH|512100.SH|512890.SH|512980.SH|513030.SH|513080.SH|513100.SH|513180.SH|518880.SH,0.8951667306527097,0.9194433972050108,beam_neighbor,14.0,159985.SZ,518880.SH
rolling_beam_search,2021-07-01/2021-12-31,2022-01-01/2022-06-30,79,159920.SZ|159928.SZ|159980.SZ|159981.SZ|159985.SZ|164824.SZ|501018.SH|512100.SH|512890.SH|513030.SH|513100.SH|513180.SH|513500.SH,0.7885669837754098,0.9194433972050108,beam_neighbor,14.0,512980.SH,159928.SZ
rolling_beam_search,2021-07-01/2021-12-31,2022-01-01/2022-06-30,80,159901.SZ|159920.SZ|159980.SZ|159981.SZ|159985.SZ|160644.SZ|164824.SZ|501018.SH|512040.SH|512660.SH|513030.SH|513180.SH|513500.SH,0.9844922075854542,0.9194433972050108,beam_neighbor,14.0,513100.SH,513030.SH
rolling_beam_search,2021-07-01/2021-12-31,2022-01-01/2022-06-30,81,159920.SZ|159980.SZ|159981.SZ|159985.SZ|160644.SZ|164824.SZ|501018.SH|512100.SH|512890.SH|512980.SH|513180.SH|513500.SH|513880.SH,1.1211105104897277,0.9194433972050108,beam_neighbor,15.0,513030.SH,513880.SH
rolling_beam_search,2021-07-01/2021-12-31,2022-01-01/2022-06-30,82,159865.SZ|159920.SZ|159949.SZ|159980.SZ|159981.SZ|159985.SZ|160644.SZ|501018.SH|513030.SH|513100.SH|513180.SH|513500.SH|515220.SH,0.5441468052025431,0.9194433972050108,beam_neighbor,15.0,512890.SH,159949.SZ
rolling_beam_search,2021-07-01/2021-12-31,2022-01-01/2022-06-30,83,159920.SZ|159967.SZ|159980.SZ|159981.SZ|160644.SZ|501018.SH|512890.SH|513030.SH|513100.SH|513180.SH|513500.SH|515220.SH|518880.SH,1.110227434541082,0.9194433972050108,beam_neighbor,15.0,159865.SZ,159967.SZ
rolling_beam_search,2021-07-01/2021-12-31,2022-01-01/2022-06-30,84,159870.SZ|159920.SZ|159980.SZ|159981.SZ|159985.SZ|164824.SZ|501018.SH|512100.SH|512980.SH|513030.SH|513080.SH|513100.SH|513180.SH,0.3450662015280038,0.9194433972050108,beam_neighbor,15.0,512890.SH,159870.SZ
rolling_beam_search,2021-07-01/2021-12-31,2022-01-01/2022-06-30,85,159920.SZ|159980.SZ|159981.SZ|159985.SZ|160644.SZ|501018.SH|512100.SH|512890.SH|512980.SH|513030.SH|513100.SH|513180.SH|513500.SH,0.8108436026577209,0.9194433972050108,beam_neighbor,15.0,164824.SZ,160644.SZ
rolling_beam_search,2021-07-01/2021-12-31,2022-01-01/2022-06-30,86,159920.SZ|159980.SZ|159985.SZ|160644.SZ|161226.SZ|164824.SZ|501018.SH|512100.SH|512890.SH|512980.SH|513030.SH|513180.SH|513500.SH,1.0556850648874172,0.9194433972050108,beam_neighbor,16.0,159981.SZ,161226.SZ
rolling_beam_search,2021-07-01/2021-12-31,2022-01-01/2022-06-30,87,159869.SZ|159920.SZ|159980.SZ|159981.SZ|159985.SZ|160644.SZ|501018.SH|512890.SH|513030.SH|513100.SH|513180.SH|513500.SH|515220.SH,1.319141428136091,0.9194433972050108,beam_neighbor,16.0,159865.SZ,159869.SZ
rolling_beam_search,2021-07-01/2021-12-31,2022-01-01/2022-06-30,88,159865.SZ|159920.SZ|159980.SZ|159981.SZ|160644.SZ|501018.SH|512890.SH|513030.SH|513100.SH|513180.SH|513880.SH|515220.SH|518880.SH,-0.041649438354504825,0.9194433972050108,beam_neighbor,16.0,513500.SH,513880.SH
rolling_beam_search,2021-07-01/2021-12-31,2022-01-01/2022-06-30,89,159920.SZ|159980.SZ|159981.SZ|159985.SZ|164824.SZ|501018.SH|512100.SH|512890.SH|513030.SH|513080.SH|513100.SH|513180.SH|515210.SH,0.9411975832147407,0.9194433972050108,beam_neighbor,16.0,512980.SH,515210.SH
rolling_beam_search,2021-07-01/2021-12-31,2022-01-01/2022-06-30,90,159920.SZ|159980.SZ|159981.SZ|159985.SZ|164824.SZ|501018.SH|510300.SH|512100.SH|512980.SH|513030.SH|513100.SH|513180.SH|513500.SH,1.0434043943561822,0.9194433972050108,beam_neighbor,16.0,512890.SH,510300.SH
rolling_beam_search,2021-07-01/2021-12-31,2022-01-01/2022-06-30,91,159920.SZ|159980.SZ|159981.SZ|159985.SZ|160644.SZ|164824.SZ|512100.SH|512890.SH|512980.SH|513030.SH|513180.SH|513500.SH|518880.SH,0.5545646245748678,0.9194433972050108,beam_neighbor,17.0,501018.SH,518880.SH
rolling_beam_search,2021-07-01/2021-12-31,2022-01-01/2022-06-30,92,159865.SZ|159920.SZ|159980.SZ|159985.SZ|160644.SZ|501018.SH|512890.SH|513030.SH|513100.SH|513180.SH|513500.SH|515220.SH|518880.SH,0.9256628814808912,0.9194433972050108,beam_neighbor,17.0,159981.SZ,518880.SH
rolling_beam_search,2021-07-01/2021-12-31,2022-01-01/2022-06-30,93,159766.SZ|159865.SZ|159920.SZ|159980.SZ|159981.SZ|160644.SZ|501018.SH|512890.SH|513030.SH|513100.SH|513180.SH|513500.SH|518880.SH,0.8996479942336209,0.9194433972050108,beam_neighbor,17.0,515220.SH,159766.SZ
rolling_beam_search,2021-07-01/2021-12-31,2022-01-01/2022-06-30,94,159920.SZ|159928.SZ|159980.SZ|159981.SZ|159985.SZ|164824.SZ|501018.SH|512100.SH|512890.SH|513030.SH|513080.SH|513100.SH|513180.SH,0.797779847806578,0.9194433972050108,beam_neighbor,17.0,512980.SH,159928.SZ
rolling_beam_search,2021-07-01/2021-12-31,2022-01-01/2022-06-30,95,159920.SZ|159980.SZ|159981.SZ|159985.SZ|164824.SZ|501018.SH|510210.SH|512100.SH|512980.SH|513030.SH|513100.SH|513180.SH|513500.SH,1.1135570871828857,0.9194433972050108,beam_neighbor,17.0,512890.SH,510210.SH
rolling_beam_search,2021-07-01/2021-12-31,2022-01-01/2022-06-30,96,159920.SZ|159980.SZ|159981.SZ|159985.SZ|160644.SZ|164824.SZ|501018.SH|512890.SH|512980.SH|513030.SH|513180.SH|513500.SH|588000.SH,1.7326841977146639,0.9194433972050108,beam_neighbor,18.0,512100.SH,588000.SH
rolling_beam_search,2021-07-01/2021-12-31,2022-01-01/2022-06-30,97,159920.SZ|159980.SZ|159981.SZ|159985.SZ|160644.SZ|501018.SH|512890.SH|513030.SH|513100.SH|513180.SH|513500.SH|515210.SH|515220.SH,0.9763719441254827,0.9194433972050108,beam_neighbor,18.0,159865.SZ,515210.SH
rolling_beam_search,2021-07-01/2021-12-31,2022-01-01/2022-06-30,98,159920.SZ|159928.SZ|159980.SZ|159981.SZ|160644.SZ|501018.SH|512890.SH|513030.SH|513100.SH|513180.SH|513500.SH|515220.SH|518880.SH,1.3604147687251402,0.9194433972050108,beam_neighbor,18.0,159865.SZ,159928.SZ
rolling_beam_search,2021-07-01/2021-12-31,2022-01-01/2022-06-30,99,159920.SZ|159980.SZ|159981.SZ|159985.SZ|160644.SZ|164824.SZ|501018.SH|512100.SH|512890.SH|512980.SH|513080.SH|513100.SH|513180.SH,1.6968986198687437,0.9194433972050108,beam_neighbor,18.0,513030.SH,160644.SZ
rolling_beam_search,2021-07-01/2021-12-31,2022-01-01/2022-06-30,100,159825.SZ|159920.SZ|159980.SZ|159981.SZ|159985.SZ|164824.SZ|501018.SH|512890.SH|512980.SH|513030.SH|513100.SH|513180.SH|513500.SH,0.4457736819834262,0.9194433972050108,beam_neighbor,18.0,512100.SH,159825.SZ
rolling_beam_search,2022-01-01/2022-06-30,2022-07-01/2022-12-31,1,159611.SZ|159796.SZ|159865.SZ|159920.SZ|159980.SZ|160644.SZ|161226.SZ|164824.SZ|501018.SH|513070.SH|513080.SH|513500.SH|518880.SH,0.18690875890278005,0.902954449056628,initial_beam,,,
rolling_beam_search,2022-01-01/2022-06-30,2022-07-01/2022-12-31,2,159611.SZ|159981.SZ|160644.SZ|161226.SZ|164824.SZ|501018.SH|510210.SH|513030.SH|513070.SH|513100.SH|513180.SH|515210.SH|518880.SH,0.35310917132699166,0.9123874319228055,initial_beam,,,
rolling_beam_search,2022-01-01/2022-06-30,2022-07-01/2022-12-31,3,159901.SZ|159980.SZ|159981.SZ|161226.SZ|164824.SZ|501018.SH|512660.SH|513030.SH|513070.SH|513180.SH|513500.SH|513880.SH|515880.SH,0.05178311437505152,0.9123874319228055,initial_beam,,,
rolling_beam_search,2022-01-01/2022-06-30,2022-07-01/2022-12-31,4,159796.SZ|159980.SZ|159981.SZ|159985.SZ|160644.SZ|164824.SZ|501018.SH|510880.SH|513070.SH|513080.SH|513180.SH|513500.SH|516150.SH,1.0916479579385001,0.9123874319228055,initial_beam,,,
rolling_beam_search,2022-01-01/2022-06-30,2022-07-01/2022-12-31,5,159869.SZ|159980.SZ|159981.SZ|160644.SZ|161226.SZ|164824.SZ|501018.SH|510300.SH|512880.SH|513030.SH|513070.SH|513180.SH|513880.SH,0.24767764274303017,0.9123874319228055,initial_beam,,,
rolling_beam_search,2022-01-01/2022-06-30,2022-07-01/2022-12-31,6,159611.SZ|159796.SZ|159865.SZ|159920.SZ|159981.SZ|160644.SZ|161226.SZ|164824.SZ|501018.SH|513070.SH|513080.SH|513500.SH|518880.SH,0.2952751668154129,0.902954449056628,beam_neighbor,0.0,159980.SZ,159981.SZ
rolling_beam_search,2022-01-01/2022-06-30,2022-07-01/2022-12-31,7,159611.SZ|159981.SZ|160644.SZ|161226.SZ|164824.SZ|501018.SH|512890.SH|513030.SH|513070.SH|513100.SH|513180.SH|515210.SH|518880.SH,0.12339313935829255,0.9123874319228055,beam_neighbor,0.0,510210.SH,512890.SH
rolling_beam_search,2022-01-01/2022-06-30,2022-07-01/2022-12-31,8,159901.SZ|159981.SZ|159985.SZ|161226.SZ|164824.SZ|501018.SH|512660.SH|513030.SH|513070.SH|513180.SH|513500.SH|513880.SH|515880.SH,0.3695720540205253,0.9123874319228055,beam_neighbor,0.0,159980.SZ,159985.SZ
rolling_beam_search,2022-01-01/2022-06-30,2022-07-01/2022-12-31,9,159796.SZ|159980.SZ|159981.SZ|159985.SZ|160644.SZ|164824.SZ|501018.SH|510880.SH|513070.SH|513080.SH|513100.SH|513180.SH|516150.SH,1.0097271179601917,0.9123874319228055,beam_neighbor,0.0,513500.SH,513100.SH
rolling_beam_search,2022-01-01/2022-06-30,2022-07-01/2022-12-31,10,159980.SZ|159981.SZ|160644.SZ|161226.SZ|164824.SZ|501018.SH|510300.SH|512880.SH|513030.SH|513070.SH|513180.SH|513880.SH|515790.SH,0.6194035555653858,0.9123874319228055,beam_neighbor,0.0,159869.SZ,515790.SH
rolling_beam_search,2022-01-01/2022-06-30,2022-07-01/2022-12-31,11,159915.SZ|159980.SZ|159981.SZ|159985.SZ|160644.SZ|164824.SZ|501018.SH|510880.SH|513070.SH|513080.SH|513180.SH|513500.SH|516150.SH,0.9293966022867337,0.9123874319228055,beam_neighbor,1.0,159796.SZ,159915.SZ
rolling_beam_search,2022-01-01/2022-06-30,2022-07-01/2022-12-31,12,159796.SZ|159980.SZ|159981.SZ|159985.SZ|164824.SZ|501018.SH|510880.SH|513070.SH|513080.SH|513100.SH|513180.SH|513880.SH|516150.SH,0.9689075328656368,0.9123874319228055,beam_neighbor,1.0,160644.SZ,513880.SH
rolling_beam_search,2022-01-01/2022-06-30,2022-07-01/2022-12-31,13,159980.SZ|159981.SZ|160644.SZ|161226.SZ|164824.SZ|501018.SH|510300.SH|512880.SH|513070.SH|513080.SH|513180.SH|513880.SH|515790.SH,0.7430146176378584,0.9123874319228055,beam_neighbor,1.0,513030.SH,513080.SH
rolling_beam_search,2022-01-01/2022-06-30,2022-07-01/2022-12-31,14,159869.SZ|159901.SZ|159981.SZ|159985.SZ|161226.SZ|164824.SZ|501018.SH|512660.SH|513030.SH|513070.SH|513180.SH|513500.SH|513880.SH,0.02687187862078635,0.9123874319228055,beam_neighbor,1.0,515880.SH,159869.SZ
rolling_beam_search,2022-01-01/2022-06-30,2022-07-01/2022-12-31,15,159611.SZ|159981.SZ|160644.SZ|161226.SZ|164824.SZ|501018.SH|513030.SH|513070.SH|513100.SH|513180.SH|515210.SH|516150.SH|518880.SH,0.14562081506826663,0.9123874319228055,beam_neighbor,1.0,510210.SH,516150.SH
rolling_beam_search,2022-01-01/2022-06-30,2022-07-01/2022-12-31,16,159796.SZ|159980.SZ|159981.SZ|159985.SZ|160644.SZ|164824.SZ|501018.SH|510880.SH|513070.SH|513180.SH|513500.SH|513880.SH|516150.SH,1.2603593361830927,0.9123874319228055,beam_neighbor,2.0,513080.SH,513880.SH
rolling_beam_search,2022-01-01/2022-06-30,2022-07-01/2022-12-31,17,159796.SZ|159980.SZ|159981.SZ|159985.SZ|160644.SZ|161226.SZ|164824.SZ|510880.SH|513070.SH|513080.SH|513100.SH|513180.SH|516150.SH,0.09723623717899635,0.9123874319228055,beam_neighbor,2.0,501018.SH,161226.SZ
rolling_beam_search,2022-01-01/2022-06-30,2022-07-01/2022-12-31,18,159796.SZ|159981.SZ|159985.SZ|164824.SZ|501018.SH|510880.SH|513070.SH|513080.SH|513100.SH|513180.SH|513880.SH|516150.SH|518880.SH,0.7161107203826531,0.9123874319228055,beam_neighbor,2.0,159980.SZ,518880.SH
rolling_beam_search,2022-01-01/2022-06-30,2022-07-01/2022-12-31,19,159980.SZ|159981.SZ|159985.SZ|160644.SZ|164824.SZ|501018.SH|510880.SH|512800.SH|513070.SH|513080.SH|513180.SH|513500.SH|516150.SH,0.40151767588164644,0.9123874319228055,beam_neighbor,2.0,159915.SZ,512800.SH
rolling_beam_search,2022-01-01/2022-06-30,2022-07-01/2022-12-31,20,159920.SZ|159980.SZ|159981.SZ|160644.SZ|161226.SZ|164824.SZ|501018.SH|510300.SH|512880.SH|513070.SH|513080.SH|513880.SH|515790.SH,0.3844470866185418,0.902954449056628,beam_neighbor,2.0,513180.SH,159920.SZ
rolling_beam_search,2022-01-01/2022-06-30,2022-07-01/2022-12-31,21,159611.SZ|159796.SZ|159980.SZ|159981.SZ|159985.SZ|160644.SZ|164824.SZ|501018.SH|513070.SH|513180.SH|513500.SH|513880.SH|516150.SH,1.3168913345500264,0.9123874319228055,beam_neighbor,3.0,510880.SH,159611.SZ
rolling_beam_search,2022-01-01/2022-06-30,2022-07-01/2022-12-31,22,159796.SZ|159980.SZ|159981.SZ|159985.SZ|160644.SZ|501018.SH|510880.SH|513070.SH|513080.SH|513180.SH|513500.SH|513880.SH|516150.SH,0.9470985017955472,0.9123874319228055,beam_neighbor,3.0,164824.SZ,513880.SH
rolling_beam_search,2022-01-01/2022-06-30,2022-07-01/2022-12-31,23,159796.SZ|159980.SZ|159985.SZ|160644.SZ|164824.SZ|501018.SH|510880.SH|513070.SH|513080.SH|513100.SH|513180.SH|516150.SH|518880.SH,0.5685507588763098,0.9123874319228055,beam_neighbor,3.0,159981.SZ,518880.SH
rolling_beam_search,2022-01-01/2022-06-30,2022-07-01/2022-12-31,24,159796.SZ|159980.SZ|159981.SZ|159985.SZ|160644.SZ|164824.SZ|501018.SH|510880.SH|513070.SH|513100.SH|513180.SH|513880.SH|516150.SH,1.1824236433243167,0.9123874319228055,beam_neighbor,3.0,513080.SH,160644.SZ
rolling_beam_search,2022-01-01/2022-06-30,2022-07-01/2022-12-31,25,159915.SZ|159980.SZ|159981.SZ|159985.SZ|160644.SZ|164824.SZ|501018.SH|510880.SH|512880.SH|513070.SH|513080.SH|513180.SH|513500.SH,0.6995113488589613,0.9123874319228055,beam_neighbor,3.0,516150.SH,512880.SH
rolling_beam_search,2022-01-01/2022-06-30,2022-07-01/2022-12-31,26,159611.SZ|159796.SZ|159980.SZ|159985.SZ|160644.SZ|164824.SZ|501018.SH|513070.SH|513180.SH|513500.SH|513880.SH|516150.SH|518880.SH,1.600074206332942,0.9123874319228055,beam_neighbor,4.0,159981.SZ,518880.SH
rolling_beam_search,2022-01-01/2022-06-30,2022-07-01/2022-12-31,27,159766.SZ|159980.SZ|159981.SZ|159985.SZ|160644.SZ|164824.SZ|501018.SH|510880.SH|513070.SH|513180.SH|513500.SH|513880.SH|516150.SH,0.6574559240227353,0.9123874319228055,beam_neighbor,4.0,159796.SZ,159766.SZ
rolling_beam_search,2022-01-01/2022-06-30,2022-07-01/2022-12-31,28,159796.SZ|159851.SZ|159980.SZ|159981.SZ|159985.SZ|160644.SZ|164824.SZ|501018.SH|513070.SH|513100.SH|513180.SH|513880.SH|516150.SH,1.4035457729988134,0.9123874319228055,beam_neighbor,4.0,510880.SH,159851.SZ
rolling_beam_search,2022-01-01/2022-06-30,2022-07-01/2022-12-31,29,159796.SZ|159869.SZ|159980.SZ|159981.SZ|159985.SZ|160644.SZ|164824.SZ|501018.SH|513070.SH|513080.SH|513180.SH|513500.SH|516150.SH,0.9372704412565951,0.9123874319228055,beam_neighbor,4.0,510880.SH,159869.SZ
rolling_beam_search,2022-01-01/2022-06-30,2022-07-01/2022-12-31,30,159796.SZ|159980.SZ|159981.SZ|159985.SZ|160644.SZ|164824.SZ|501018.SH|510880.SH|513070.SH|513080.SH|513180.SH|513880.SH|516150.SH,1.0978977504893705,0.9123874319228055,beam_neighbor,4.0,513100.SH,513880.SH
rolling_beam_search,2022-01-01/2022-06-30,2022-07-01/2022-12-31,31,159611.SZ|159796.SZ|159980.SZ|159985.SZ|164824.SZ|501018.SH|513030.SH|513070.SH|513180.SH|513500.SH|513880.SH|516150.SH|518880.SH,1.3463851971756553,0.9123874319228055,beam_neighbor,5.0,160644.SZ,513030.SH
rolling_beam_search,2022-01-01/2022-06-30,2022-07-01/2022-12-31,32,159796.SZ|159851.SZ|159980.SZ|159981.SZ|160644.SZ|161226.SZ|164824.SZ|501018.SH|513070.SH|513100.SH|513180.SH|513880.SH|516150.SH,0.779528417071118,0.9123874319228055,beam_neighbor,5.0,159985.SZ,161226.SZ
rolling_beam_search,2022-01-01/2022-06-30,2022-07-01/2022-12-31,33,159611.SZ|159796.SZ|159851.SZ|159980.SZ|159981.SZ|159985.SZ|160644.SZ|164824.SZ|501018.SH|513070.SH|513180.SH|513500.SH|513880.SH,1.4057156494185605,0.9123874319228055,beam_neighbor,5.0,516150.SH,159851.SZ
rolling_beam_search,2022-01-01/2022-06-30,2022-07-01/2022-12-31,34,159852.SZ|159980.SZ|159981.SZ|159985.SZ|160644.SZ|164824.SZ|501018.SH|510880.SH|513070.SH|513180.SH|513500.SH|513880.SH|516150.SH,0.9264776365721058,0.9123874319228055,beam_neighbor,5.0,159796.SZ,159852.SZ
rolling_beam_search,2022-01-01/2022-06-30,2022-07-01/2022-12-31,35,159796.SZ|159980.SZ|159981.SZ|159985.SZ|160644.SZ|164824.SZ|501018.SH|512170.SH|513070.SH|513100.SH|513180.SH|513880.SH|516150.SH,1.3632830083126362,0.9123874319228055,beam_neighbor,5.0,510880.SH,512170.SH
rolling_beam_search,2022-01-01/2022-06-30,2022-07-01/2022-12-31,36,159796.SZ|159980.SZ|159985.SZ|160644.SZ|164824.SZ|501018.SH|510210.SH|513070.SH|513180.SH|513500.SH|513880.SH|516150.SH|518880.SH,1.3567527858198702,0.9123874319228055,beam_neighbor,6.0,159611.SZ,510210.SH
rolling_beam_search,2022-01-01/2022-06-30,2022-07-01/2022-12-31,37,159611.SZ|159796.SZ|159851.SZ|159980.SZ|159981.SZ|159985.SZ|160644.SZ|164824.SZ|501018.SH|513070.SH|513080.SH|513180.SH|513880.SH,1.1904100817698229,0.9123874319228055,beam_neighbor,6.0,513500.SH,513080.SH
rolling_beam_search,2022-01-01/2022-06-30,2022-07-01/2022-12-31,38,159796.SZ|159851.SZ|159980.SZ|159985.SZ|160644.SZ|164824.SZ|501018.SH|513070.SH|513100.SH|513180.SH|513880.SH|516150.SH|518880.SH,1.6266219422323998,0.9123874319228055,beam_neighbor,6.0,159981.SZ,518880.SH
rolling_beam_search,2022-01-01/2022-06-30,2022-07-01/2022-12-31,39,159796.SZ|159980.SZ|159981.SZ|159985.SZ|160644.SZ|164824.SZ|501018.SH|510880.SH|512170.SH|513070.SH|513100.SH|513180.SH|513880.SH,1.320089137174445,0.9123874319228055,beam_neighbor,6.0,516150.SH,510880.SH
rolling_beam_search,2022-01-01/2022-06-30,2022-07-01/2022-12-31,40,159611.SZ|159796.SZ|159985.SZ|161226.SZ|164824.SZ|501018.SH|513030.SH|513070.SH|513180.SH|513500.SH|513880.SH|516150.SH|518880.SH,0.9299490053704763,0.9123874319228055,beam_neighbor,6.0,159980.SZ,161226.SZ
rolling_beam_search,2022-01-01/2022-06-30,2022-07-01/2022-12-31,41,159796.SZ|159852.SZ|159980.SZ|159985.SZ|160644.SZ|164824.SZ|501018.SH|513070.SH|513100.SH|513180.SH|513880.SH|516150.SH|518880.SH,1.704541401718412,0.9123874319228055,beam_neighbor,7.0,159851.SZ,159852.SZ
rolling_beam_search,2022-01-01/2022-06-30,2022-07-01/2022-12-31,42,159611.SZ|159796.SZ|159980.SZ|159985.SZ|160644.SZ|164824.SZ|501018.SH|513030.SH|513070.SH|513180.SH|513500.SH|516150.SH|518880.SH,1.3842311513279049,0.9123874319228055,beam_neighbor,7.0,513880.SH,513030.SH
rolling_beam_search,2022-01-01/2022-06-30,2022-07-01/2022-12-31,43,159611.SZ|159851.SZ|159980.SZ|159981.SZ|159985.SZ|160644.SZ|164824.SZ|501018.SH|510180.SH|513070.SH|513180.SH|513500.SH|513880.SH,0.8989834816430895,0.9123874319228055,beam_neighbor,7.0,159796.SZ,510180.SH
rolling_beam_search,2022-01-01/2022-06-30,2022-07-01/2022-12-31,44,159796.SZ|159980.SZ|159981.SZ|159985.SZ|160644.SZ|164824.SZ|501018.SH|512400.SH|513070.SH|513100.SH|513180.SH|513880.SH|516150.SH,1.4179057469714185,0.9123874319228055,beam_neighbor,7.0,159851.SZ,512400.SH
rolling_beam_search,2022-01-01/2022-06-30,2022-07-01/2022-12-31,45,159796.SZ|159980.SZ|159985.SZ|160644.SZ|164824.SZ|501018.SH|512170.SH|513070.SH|513100.SH|513180.SH|513880.SH|516150.SH|518880.SH,1.584920079913596,0.9123874319228055,beam_neighbor,7.0,159981.SZ,518880.SH
rolling_beam_search,2022-01-01/2022-06-30,2022-07-01/2022-12-31,46,159796.SZ|159852.SZ|159980.SZ|159981.SZ|159985.SZ|160644.SZ|164824.SZ|513070.SH|513100.SH|513180.SH|513880.SH|516150.SH|518880.SH,0.8049720573943093,0.9123874319228055,beam_neighbor,8.0,501018.SH,159981.SZ
rolling_beam_search,2022-01-01/2022-06-30,2022-07-01/2022-12-31,47,159796.SZ|159851.SZ|159980.SZ|159985.SZ|160644.SZ|501018.SH|513030.SH|513070.SH|513100.SH|513180.SH|513880.SH|516150.SH|518880.SH,1.2570565586351026,0.9123874319228055,beam_neighbor,8.0,164824.SZ,513030.SH
rolling_beam_search,2022-01-01/2022-06-30,2022-07-01/2022-12-31,48,159611.SZ|159796.SZ|159980.SZ|159985.SZ|160644.SZ|164824.SZ|501018.SH|513070.SH|513080.SH|513180.SH|513880.SH|516150.SH|518880.SH,1.4598946999579354,0.9123874319228055,beam_neighbor,8.0,513500.SH,513080.SH
rolling_beam_search,2022-01-01/2022-06-30,2022-07-01/2022-12-31,49,159796.SZ|159980.SZ|160644.SZ|161226.SZ|164824.SZ|501018.SH|512170.SH|513070.SH|513100.SH|513180.SH|513880.SH|516150.SH|518880.SH,0.5841811762055166,0.9123874319228055,beam_neighbor,8.0,159985.SZ,161226.SZ
rolling_beam_search,2022-01-01/2022-06-30,2022-07-01/2022-12-31,50,159796.SZ|159980.SZ|159981.SZ|159985.SZ|160644.SZ|164824.SZ|501018.SH|512400.SH|512880.SH|513070.SH|513100.SH|513180.SH|513880.SH,1.2925195770472275,0.9123874319228055,beam_neighbor,8.0,516150.SH,512880.SH
rolling_beam_search,2022-01-01/2022-06-30,2022-07-01/2022-12-31,51,159796.SZ|159852.SZ|159980.SZ|159985.SZ|160644.SZ|164824.SZ|501018.SH|512100.SH|513070.SH|513100.SH|513180.SH|513880.SH|518880.SH,1.3373430573186933,0.9123874319228055,beam_neighbor,9.0,516150.SH,512100.SH
rolling_beam_search,2022-01-01/2022-06-30,2022-07-01/2022-12-31,52,159796.SZ|159851.SZ|159980.SZ|159985.SZ|164824.SZ|501018.SH|513030.SH|513070.SH|513100.SH|513180.SH|513880.SH|516150.SH|518880.SH,1.2255644030503017,0.9123874319228055,beam_neighbor,9.0,160644.SZ,513030.SH
rolling_beam_search,2022-01-01/2022-06-30,2022-07-01/2022-12-31,53,159611.SZ|159796.SZ|159980.SZ|159985.SZ|160644.SZ|501018.SH|513070.SH|513080.SH|513180.SH|513500.SH|513880.SH|516150.SH|518880.SH,1.594622041145767,0.9123874319228055,beam_neighbor,9.0,164824.SZ,513080.SH
rolling_beam_search,2022-01-01/2022-06-30,2022-07-01/2022-12-31,54,159796.SZ|159825.SZ|159980.SZ|159985.SZ|160644.SZ|164824.SZ|501018.SH|513070.SH|513100.SH|513180.SH|513880.SH|516150.SH|518880.SH,0.9277285833633487,0.9123874319228055,beam_neighbor,9.0,512170.SH,159825.SZ
rolling_beam_search,2022-01-01/2022-06-30,2022-07-01/2022-12-31,55,159796.SZ|159980.SZ|159985.SZ|160644.SZ|164824.SZ|501018.SH|510210.SH|513070.SH|513080.SH|513180.SH|513880.SH|516150.SH|518880.SH,1.1828335298105725,0.9123874319228055,beam_neighbor,9.0,159611.SZ,510210.SH
rolling_beam_search,2022-01-01/2022-06-30,2022-07-01/2022-12-31,56,159852.SZ|159980.SZ|159985.SZ|160644.SZ|164824.SZ|501018.SH|510050.SH|513070.SH|513100.SH|513180.SH|513880.SH|516150.SH|518880.SH,1.1388871132224392,0.9123874319228055,beam_neighbor,10.0,159796.SZ,510050.SH
rolling_beam_search,2022-01-01/2022-06-30,2022-07-01/2022-12-31,57,159796.SZ|159851.SZ|159985.SZ|160644.SZ|161226.SZ|164824.SZ|501018.SH|513070.SH|513100.SH|513180.SH|513880.SH|516150.SH|518880.SH,0.9057539896711019,0.9123874319228055,beam_neighbor,10.0,159980.SZ,161226.SZ
rolling_beam_search,2022-01-01/2022-06-30,2022-07-01/2022-12-31,58,159611.SZ|159796.SZ|159980.SZ|160644.SZ|161226.SZ|164824.SZ|501018.SH|513070.SH|513180.SH|513500.SH|513880.SH|516150.SH|518880.SH,0.4037071626414576,0.9123874319228055,beam_neighbor,10.0,159985.SZ,161226.SZ
rolling_beam_search,2022-01-01/2022-06-30,2022-07-01/2022-12-31,59,159611.SZ|159796.SZ|159980.SZ|159985.SZ|160644.SZ|501018.SH|512880.SH|513070.SH|513080.SH|513180.SH|513500.SH|513880.SH|518880.SH,1.384674102916975,0.9123874319228055,beam_neighbor,10.0,516150.SH,512880.SH
rolling_beam_search,2022-01-01/2022-06-30,2022-07-01/2022-12-31,60,159796.SZ|159980.SZ|159985.SZ|160644.SZ|164824.SZ|501018.SH|512170.SH|513030.SH|513070.SH|513100.SH|513180.SH|516150.SH|518880.SH,1.2225272800968903,0.9123874319228055,beam_neighbor,10.0,513880.SH,513030.SH
rolling_beam_search,2022-01-01/2022-06-30,2022-07-01/2022-12-31,61,159796.SZ|159852.SZ|159980.SZ|159985.SZ|164824.SZ|501018.SH|513070.SH|513080.SH|513100.SH|513180.SH|513880.SH|516150.SH|518880.SH,1.3910386229145788,0.9123874319228055,beam_neighbor,11.0,160644.SZ,513080.SH
rolling_beam_search,2022-01-01/2022-06-30,2022-07-01/2022-12-31,62,159796.SZ|159851.SZ|159980.SZ|159985.SZ|160644.SZ|164824.SZ|501018.SH|513030.SH|513070.SH|513100.SH|513180.SH|516150.SH|518880.SH,1.2637705864198212,0.9123874319228055,beam_neighbor,11.0,513880.SH,513030.SH
rolling_beam_search,2022-01-01/2022-06-30,2022-07-01/2022-12-31,63,159611.SZ|159796.SZ|159980.SZ|159985.SZ|160644.SZ|164824.SZ|501018.SH|512800.SH|513070.SH|513180.SH|513500.SH|513880.SH|518880.SH,1.1745330736832942,0.9123874319228055,beam_neighbor,11.0,516150.SH,512800.SH
rolling_beam_search,2022-01-01/2022-06-30,2022-07-01/2022-12-31,64,159611.SZ|159796.SZ|159980.SZ|159985.SZ|160644.SZ|501018.SH|513030.SH|513070.SH|513180.SH|513500.SH|513880.SH|516150.SH|518880.SH,1.6357505737603613,0.9123874319228055,beam_neighbor,11.0,513080.SH,513030.SH
rolling_beam_search,2022-01-01/2022-06-30,2022-07-01/2022-12-31,65,159796.SZ|159980.SZ|159985.SZ|160644.SZ|164824.SZ|501018.SH|512200.SH|513070.SH|513100.SH|513180.SH|513880.SH|516150.SH|518880.SH,1.285551794607835,0.9123874319228055,beam_neighbor,11.0,512170.SH,512200.SH
rolling_beam_search,2022-01-01/2022-06-30,2022-07-01/2022-12-31,66,159796.SZ|159852.SZ|159920.SZ|159980.SZ|159985.SZ|160644.SZ|164824.SZ|501018.SH|513070.SH|513100.SH|513880.SH|516150.SH|518880.SH,1.0721706809004417,0.902954449056628,beam_neighbor,12.0,513180.SH,159920.SZ
rolling_beam_search,2022-01-01/2022-06-30,2022-07-01/2022-12-31,67,159611.SZ|159796.SZ|159865.SZ|159980.SZ|159985.SZ|160644.SZ|501018.SH|513030.SH|513070.SH|513180.SH|513500.SH|513880.SH|518880.SH,0.9411019436091596,0.9123874319228055,beam_neighbor,12.0,516150.SH,159865.SZ
rolling_beam_search,2022-01-01/2022-06-30,2022-07-01/2022-12-31,68,159796.SZ|159980.SZ|159985.SZ|160644.SZ|164824.SZ|501018.SH|510050.SH|513070.SH|513100.SH|513180.SH|513880.SH|516150.SH|518880.SH,1.4830766628885803,0.9123874319228055,beam_neighbor,12.0,159851.SZ,510050.SH
rolling_beam_search,2022-01-01/2022-06-30,2022-07-01/2022-12-31,69,159611.SZ|159796.SZ|159980.SZ|159985.SZ|160644.SZ|164824.SZ|501018.SH|513070.SH|513100.SH|513180.SH|513880.SH|516150.SH|518880.SH,1.5507362432609417,0.9123874319228055,beam_neighbor,12.0,513500.SH,513100.SH
rolling_beam_search,2022-01-01/2022-06-30,2022-07-01/2022-12-31,70,159611.SZ|159796.SZ|159980.SZ|160644.SZ|161226.SZ|501018.SH|513070.SH|513080.SH|513180.SH|513500.SH|513880.SH|516150.SH|518880.SH,0.9833496046452466,0.9123874319228055,beam_neighbor,12.0,159985.SZ,161226.SZ
rolling_beam_search,2022-01-01/2022-06-30,2022-07-01/2022-12-31,71,159796.SZ|159852.SZ|159980.SZ|159981.SZ|159985.SZ|160644.SZ|164824.SZ|501018.SH|513070.SH|513100.SH|513180.SH|513880.SH|516150.SH,1.4741817270431241,0.9123874319228055,beam_neighbor,13.0,518880.SH,159981.SZ
rolling_beam_search,2022-01-01/2022-06-30,2022-07-01/2022-12-31,72,159796.SZ|159980.SZ|159985.SZ|160644.SZ|501018.SH|513030.SH|513070.SH|513180.SH|513500.SH|513880.SH|515790.SH|516150.SH|518880.SH,1.882202354826644,0.9123874319228055,beam_neighbor,13.0,159611.SZ,515790.SH
rolling_beam_search,2022-01-01/2022-06-30,2022-07-01/2022-12-31,73,159796.SZ|159851.SZ|159980.SZ|159985.SZ|160644.SZ|164824.SZ|501018.SH|510180.SH|513070.SH|513100.SH|513180.SH|513880.SH|518880.SH,1.5845137196022459,0.9123874319228055,beam_neighbor,13.0,516150.SH,510180.SH
rolling_beam_search,2022-01-01/2022-06-30,2022-07-01/2022-12-31,74,159611.SZ|159796.SZ|159980.SZ|159985.SZ|160644.SZ|164824.SZ|501018.SH|512170.SH|513070.SH|513180.SH|513500.SH|513880.SH|518880.SH,1.8426476685626796,0.9123874319228055,beam_neighbor,13.0,516150.SH,512170.SH
rolling_beam_search,2022-01-01/2022-06-30,2022-07-01/2022-12-31,75,159611.SZ|159796.SZ|159980.SZ|159985.SZ|160644.SZ|164824.SZ|501018.SH|513070.SH|513080.SH|513180.SH|513500.SH|516150.SH|518880.SH,1.4343719201045169,0.9123874319228055,beam_neighbor,13.0,513880.SH,164824.SZ
rolling_beam_search,2022-01-01/2022-06-30,2022-07-01/2022-12-31,76,159796.SZ|159980.SZ|159981.SZ|159985.SZ|160644.SZ|513030.SH|513070.SH|513180.SH|513500.SH|513880.SH|515790.SH|516150.SH|518880.SH,0.7593267320607832,0.9123874319228055,beam_neighbor,14.0,501018.SH,159981.SZ
rolling_beam_search,2022-01-01/2022-06-30,2022-07-01/2022-12-31,77,159611.SZ|159901.SZ|159980.SZ|159985.SZ|160644.SZ|164824.SZ|501018.SH|512170.SH|513070.SH|513180.SH|513500.SH|513880.SH|518880.SH,1.6264319218611278,0.9123874319228055,beam_neighbor,14.0,159796.SZ,159901.SZ
rolling_beam_search,2022-01-01/2022-06-30,2022-07-01/2022-12-31,78,159852.SZ|159901.SZ|159980.SZ|159985.SZ|160644.SZ|164824.SZ|501018.SH|513070.SH|513100.SH|513180.SH|513880.SH|516150.SH|518880.SH,1.1868448125732058,0.9123874319228055,beam_neighbor,14.0,159796.SZ,159901.SZ
rolling_beam_search,2022-01-01/2022-06-30,2022-07-01/2022-12-31,79,159611.SZ|159796.SZ|159980.SZ|159981.SZ|160644.SZ|501018.SH|513030.SH|513070.SH|513180.SH|513500.SH|513880.SH|516150.SH|518880.SH,1.2349591526412704,0.9123874319228055,beam_neighbor,14.0,159985.SZ,159981.SZ
rolling_beam_search,2022-01-01/2022-06-30,2022-07-01/2022-12-31,80,159796.SZ|159851.SZ|159980.SZ|159981.SZ|159985.SZ|160644.SZ|164824.SZ|513070.SH|513100.SH|513180.SH|513880.SH|516150.SH|518880.SH,0.7321207166994453,0.9123874319228055,beam_neighbor,14.0,501018.SH,159981.SZ
rolling_beam_search,2022-01-01/2022-06-30,2022-07-01/2022-12-31,81,159796.SZ|159901.SZ|159980.SZ|159985.SZ|160644.SZ|501018.SH|513030.SH|513070.SH|513180.SH|513500.SH|513880.SH|516150.SH|518880.SH,1.46070150651936,0.9123874319228055,beam_neighbor,15.0,515790.SH,159901.SZ
rolling_beam_search,2022-01-01/2022-06-30,2022-07-01/2022-12-31,82,159611.SZ|159796.SZ|159980.SZ|159985.SZ|160644.SZ|164824.SZ|501018.SH|512170.SH|513030.SH|513070.SH|513180.SH|513880.SH|518880.SH,1.5343243600637035,0.9123874319228055,beam_neighbor,15.0,513500.SH,513030.SH
rolling_beam_search,2022-01-01/2022-06-30,2022-07-01/2022-12-31,83,159796.SZ|159852.SZ|159967.SZ|159980.SZ|159985.SZ|160644.SZ|164824.SZ|501018.SH|513070.SH|513100.SH|513180.SH|513880.SH|518880.SH,1.8302486175619297,0.9123874319228055,beam_neighbor,15.0,516150.SH,159967.SZ
rolling_beam_search,2022-01-01/2022-06-30,2022-07-01/2022-12-31,84,159611.SZ|159796.SZ|159980.SZ|159985.SZ|160644.SZ|164824.SZ|501018.SH|513030.SH|513070.SH|513180.SH|513880.SH|516150.SH|518880.SH,1.4092671760201274,0.9123874319228055,beam_neighbor,15.0,513500.SH,164824.SZ
rolling_beam_search,2022-01-01/2022-06-30,2022-07-01/2022-12-31,85,159851.SZ|159980.SZ|159985.SZ|160644.SZ|164824.SZ|501018.SH|512100.SH|513070.SH|513100.SH|513180.SH|513880.SH|516150.SH|518880.SH,1.1574372856120632,0.9123874319228055,beam_neighbor,15.0,159796.SZ,512100.SH
rolling_beam_search,2022-01-01/2022-06-30,2022-07-01/2022-12-31,86,159796.SZ|159980.SZ|159985.SZ|160644.SZ|501018.SH|513070.SH|513080.SH|513180.SH|513500.SH|513880.SH|515790.SH|516150.SH|518880.SH,1.8460013455400948,0.9123874319228055,beam_neighbor,16.0,513030.SH,513080.SH
rolling_beam_search,2022-01-01/2022-06-30,2022-07-01/2022-12-31,87,159611.SZ|159796.SZ|159920.SZ|159980.SZ|159985.SZ|160644.SZ|164824.SZ|501018.SH|512170.SH|513070.SH|513500.SH|513880.SH|518880.SH,1.4173855357042549,0.902954449056628,beam_neighbor,16.0,513180.SH,159920.SZ
rolling_beam_search,2022-01-01/2022-06-30,2022-07-01/2022-12-31,88,159796.SZ|159852.SZ|159949.SZ|159980.SZ|159985.SZ|160644.SZ|164824.SZ|501018.SH|513070.SH|513100.SH|513180.SH|513880.SH|518880.SH,1.6089351527339046,0.9123874319228055,beam_neighbor,16.0,159967.SZ,159949.SZ
rolling_beam_search,2022-01-01/2022-06-30,2022-07-01/2022-12-31,89,159852.SZ|159980.SZ|159985.SZ|160644.SZ|164824.SZ|501018.SH|513070.SH|513100.SH|513180.SH|513880.SH|515210.SH|516150.SH|518880.SH,0.9853935820286503,0.9123874319228055,beam_neighbor,16.0,159796.SZ,515210.SH
rolling_beam_search,2022-01-01/2022-06-30,2022-07-01/2022-12-31,90,159611.SZ|159796.SZ|159980.SZ|159981.SZ|159985.SZ|160644.SZ|501018.SH|513030.SH|513070.SH|513180.SH|513500.SH|513880.SH|516150.SH,1.1516798590716393,0.9123874319228055,beam_neighbor,16.0,518880.SH,159981.SZ
rolling_beam_search,2022-01-01/2022-06-30,2022-07-01/2022-12-31,91,159796.SZ|159980.SZ|159985.SZ|160644.SZ|164824.SZ|501018.SH|513030.SH|513070.SH|513180.SH|513500.SH|515790.SH|516150.SH|518880.SH,1.6348129011474877,0.9123874319228055,beam_neighbor,17.0,513880.SH,164824.SZ
rolling_beam_search,2022-01-01/2022-06-30,2022-07-01/2022-12-31,92,159796.SZ|159980.SZ|159985.SZ|160644.SZ|501018.SH|510500.SH|513070.SH|513080.SH|513180.SH|513500.SH|513880.SH|516150.SH|518880.SH,1.608448722239954,0.9123874319228055,beam_neighbor,17.0,515790.SH,510500.SH
rolling_beam_search,2022-01-01/2022-06-30,2022-07-01/2022-12-31,93,159611.SZ|159980.SZ|159985.SZ|160644.SZ|164824.SZ|501018.SH|512170.SH|512400.SH|513070.SH|513180.SH|513500.SH|513880.SH|518880.SH,1.4390678521729832,0.9123874319228055,beam_neighbor,17.0,159796.SZ,512400.SH
rolling_beam_search,2022-01-01/2022-06-30,2022-07-01/2022-12-31,94,159796.SZ|159852.SZ|159967.SZ|159985.SZ|160644.SZ|161226.SZ|164824.SZ|501018.SH|513070.SH|513100.SH|513180.SH|513880.SH|518880.SH,1.289115997759066,0.9123874319228055,beam_neighbor,17.0,159980.SZ,161226.SZ
rolling_beam_search,2022-01-01/2022-06-30,2022-07-01/2022-12-31,95,159796.SZ|159852.SZ|159869.SZ|159980.SZ|159985.SZ|160644.SZ|164824.SZ|501018.SH|513070.SH|513100.SH|513180.SH|513880.SH|518880.SH,1.277555363296127,0.9123874319228055,beam_neighbor,17.0,516150.SH,159869.SZ
rolling_beam_search,2022-01-01/2022-06-30,2022-07-01/2022-12-31,96,159865.SZ|159980.SZ|159985.SZ|160644.SZ|501018.SH|513030.SH|513070.SH|513180.SH|513500.SH|513880.SH|515790.SH|516150.SH|518880.SH,0.5871205748622504,0.9123874319228055,beam_neighbor,18.0,159796.SZ,159865.SZ
rolling_beam_search,2022-01-01/2022-06-30,2022-07-01/2022-12-31,97,159980.SZ|159985.SZ|160644.SZ|501018.SH|512980.SH|513070.SH|513080.SH|513180.SH|513500.SH|513880.SH|515790.SH|516150.SH|518880.SH,1.013593353590437,0.9123874319228055,beam_neighbor,18.0,159796.SZ,512980.SH
rolling_beam_search,2022-01-01/2022-06-30,2022-07-01/2022-12-31,98,159611.SZ|159980.SZ|159985.SZ|160644.SZ|164824.SZ|501018.SH|512040.SH|512170.SH|513070.SH|513180.SH|513500.SH|513880.SH|518880.SH,0.8389908982144941,0.9123874319228055,beam_neighbor,18.0,159796.SZ,512040.SH
rolling_beam_search,2022-01-01/2022-06-30,2022-07-01/2022-12-31,99,159852.SZ|159967.SZ|159980.SZ|159985.SZ|160644.SZ|164824.SZ|501018.SH|512170.SH|513070.SH|513100.SH|513180.SH|513880.SH|518880.SH,1.5426171755354707,0.9123874319228055,beam_neighbor,18.0,159796.SZ,512170.SH
rolling_beam_search,2022-01-01/2022-06-30,2022-07-01/2022-12-31,100,159796.SZ|159852.SZ|159980.SZ|159985.SZ|160644.SZ|164824.SZ|501018.SH|513070.SH|513180.SH|513500.SH|513880.SH|516150.SH|518880.SH,1.7515338814507946,0.9123874319228055,beam_neighbor,18.0,513100.SH,513500.SH
rolling_beam_search,2022-07-01/2022-12-31,2023-01-01/2023-06-30,1,159852.SZ|159870.SZ|159981.SZ|159985.SZ|164824.SZ|501018.SH|512400.SH|513080.SH|513120.SH|513180.SH|513290.SH|513500.SH|518880.SH,1.0595800245111273,0.8877741788739847,initial_beam,,,
rolling_beam_search,2022-07-01/2022-12-31,2023-01-01/2023-06-30,2,159851.SZ|159865.SZ|159920.SZ|159980.SZ|159985.SZ|501018.SH|513030.SH|513100.SH|513120.SH|513290.SH|513880.SH|518880.SH|562500.SH,0.2400201229747111,0.7805308310639488,initial_beam,,,
rolling_beam_search,2022-07-01/2022-12-31,2023-01-01/2023-06-30,3,159766.SZ|159825.SZ|159869.SZ|159981.SZ|159985.SZ|160644.SZ|501018.SH|513030.SH|513120.SH|513180.SH|513290.SH|513500.SH|518880.SH,-0.3909274221809289,0.84582438159002,initial_beam,,,
rolling_beam_search,2022-07-01/2022-12-31,2023-01-01/2023-06-30,4,159825.SZ|159949.SZ|159980.SZ|159985.SZ|164824.SZ|501018.SH|512890.SH|513120.SH|513180.SH|513290.SH|513500.SH|513880.SH|518880.SH,0.10373541961922697,0.8251090976449644,initial_beam,,,
rolling_beam_search,2022-07-01/2022-12-31,2023-01-01/2023-06-30,5,159796.SZ|159870.SZ|159981.SZ|159985.SZ|161226.SZ|164824.SZ|513080.SH|513120.SH|513180.SH|513290.SH|513500.SH|515880.SH|518880.SH,0.12403833864101428,0.8316275404607769,initial_beam,,,
rolling_beam_search,2022-07-01/2022-12-31,2023-01-01/2023-06-30,6,159852.SZ|159870.SZ|159981.SZ|159985.SZ|164824.SZ|501018.SH|512400.SH|513030.SH|513120.SH|513180.SH|513290.SH|513500.SH|518880.SH,0.8165616856815304,0.8877741788739847,beam_neighbor,0.0,513080.SH,513030.SH
rolling_beam_search,2022-07-01/2022-12-31,2023-01-01/2023-06-30,7,159851.SZ|159865.SZ|159920.SZ|159980.SZ|161226.SZ|501018.SH|513030.SH|513100.SH|513120.SH|513290.SH|513880.SH|518880.SH|562500.SH,-0.3152953894689279,0.7805308310639488,beam_neighbor,0.0,159985.SZ,161226.SZ
rolling_beam_search,2022-07-01/2022-12-31,2023-01-01/2023-06-30,8,159766.SZ|159825.SZ|159981.SZ|159985.SZ|160644.SZ|501018.SH|512170.SH|513030.SH|513120.SH|513180.SH|513290.SH|513500.SH|518880.SH,0.11348752126802134,0.84582438159002,beam_neighbor,0.0,159869.SZ,512170.SH
rolling_beam_search,2022-07-01/2022-12-31,2023-01-01/2023-06-30,9,159825.SZ|159949.SZ|159980.SZ|159985.SZ|164824.SZ|501018.SH|512890.SH|513070.SH|513120.SH|513290.SH|513500.SH|513880.SH|518880.SH,0.1340375469919006,0.8251090976449644,beam_neighbor,0.0,513180.SH,513070.SH
rolling_beam_search,2022-07-01/2022-12-31,2023-01-01/2023-06-30,10,159796.SZ|159870.SZ|159981.SZ|159985.SZ|161226.SZ|164824.SZ|513080.SH|513120.SH|513180.SH|513290.SH|513880.SH|515880.SH|518880.SH,0.12322679482072418,0.8020701325811442,beam_neighbor,0.0,513500.SH,513880.SH
rolling_beam_search,2022-07-01/2022-12-31,2023-01-01/2023-06-30,11,159852.SZ|159870.SZ|159981.SZ|159985.SZ|161226.SZ|164824.SZ|501018.SH|512400.SH|513080.SH|513120.SH|513180.SH|513290.SH|513500.SH,1.356476067681647,0.8877741788739847,beam_neighbor,1.0,518880.SH,161226.SZ
rolling_beam_search,2022-07-01/2022-12-31,2023-01-01/2023-06-30,12,159852.SZ|159870.SZ|159920.SZ|159981.SZ|159985.SZ|164824.SZ|501018.SH|512400.SH|513030.SH|513120.SH|513290.SH|513500.SH|518880.SH,0.5265003220251806,0.8877741788739847,beam_neighbor,1.0,513180.SH,159920.SZ
rolling_beam_search,2022-07-01/2022-12-31,2023-01-01/2023-06-30,13,159865.SZ|159920.SZ|159980.SZ|159985.SZ|501018.SH|513030.SH|513100.SH|513120.SH|513290.SH|513880.SH|515790.SH|518880.SH|562500.SH,-0.11390649758104132,0.7805308310639488,beam_neighbor,1.0,159851.SZ,515790.SH
rolling_beam_search,2022-07-01/2022-12-31,2023-01-01/2023-06-30,14,159825.SZ|159980.SZ|159985.SZ|164824.SZ|501018.SH|512800.SH|512890.SH|513070.SH|513120.SH|513290.SH|513500.SH|513880.SH|518880.SH,0.29520008890614824,0.8251090976449644,beam_neighbor,1.0,159949.SZ,512800.SH
rolling_beam_search,2022-07-01/2022-12-31,2023-01-01/2023-06-30,15,159796.SZ|159870.SZ|159980.SZ|159985.SZ|161226.SZ|164824.SZ|513080.SH|513120.SH|513180.SH|513290.SH|513500.SH|515880.SH|518880.SH,0.17060656406278307,0.8316275404607769,beam_neighbor,1.0,159981.SZ,159980.SZ
rolling_beam_search,2022-07-01/2022-12-31,2023-01-01/2023-06-30,16,159852.SZ|159870.SZ|159981.SZ|159985.SZ|161226.SZ|164824.SZ|501018.SH|512400.SH|513120.SH|513180.SH|513290.SH|513500.SH|513880.SH,1.2746051491289965,0.8877741788739847,beam_neighbor,2.0,513080.SH,513880.SH
rolling_beam_search,2022-07-01/2022-12-31,2023-01-01/2023-06-30,17,159852.SZ|159870.SZ|159981.SZ|159985.SZ|160644.SZ|501018.SH|512400.SH|513080.SH|513120.SH|513180.SH|513290.SH|513500.SH|518880.SH,0.3570694400601498,0.8877741788739847,beam_neighbor,2.0,164824.SZ,160644.SZ
rolling_beam_search,2022-07-01/2022-12-31,2023-01-01/2023-06-30,18,159852.SZ|159870.SZ|159980.SZ|159981.SZ|159985.SZ|164824.SZ|512400.SH|513030.SH|513120.SH|513180.SH|513290.SH|513500.SH|518880.SH,0.7578038403412997,0.8877741788739847,beam_neighbor,2.0,501018.SH,159980.SZ
rolling_beam_search,2022-07-01/2022-12-31,2023-01-01/2023-06-30,19,159851.SZ|159852.SZ|159870.SZ|159920.SZ|159981.SZ|159985.SZ|164824.SZ|501018.SH|513030.SH|513120.SH|513290.SH|513500.SH|518880.SH,-0.2797486633476728,0.8734352753721032,beam_neighbor,2.0,512400.SH,159851.SZ
rolling_beam_search,2022-07-01/2022-12-31,2023-01-01/2023-06-30,20,159825.SZ|159980.SZ|159985.SZ|160644.SZ|164824.SZ|501018.SH|512800.SH|512890.SH|513070.SH|513120.SH|513290.SH|513880.SH|518880.SH,0.45696779061587317,0.7309380091211823,beam_neighbor,2.0,513500.SH,160644.SZ
rolling_beam_search,2022-07-01/2022-12-31,2023-01-01/2023-06-30,21,159852.SZ|159870.SZ|159981.SZ|159985.SZ|161226.SZ|501018.SH|512400.SH|513080.SH|513120.SH|513180.SH|513290.SH|513500.SH|513880.SH,0.1059804534321774,0.8877741788739847,beam_neighbor,3.0,164824.SZ,513880.SH
rolling_beam_search,2022-07-01/2022-12-31,2023-01-01/2023-06-30,22,159852.SZ|159870.SZ|159980.SZ|159981.SZ|161226.SZ|164824.SZ|501018.SH|512400.SH|513120.SH|513180.SH|513290.SH|513500.SH|513880.SH,0.09875968118235548,0.8877741788739847,beam_neighbor,3.0,159985.SZ,159980.SZ
rolling_beam_search,2022-07-01/2022-12-31,2023-01-01/2023-06-30,23,159852.SZ|159870.SZ|159981.SZ|159985.SZ|161226.SZ|164824.SZ|512400.SH|513080.SH|513120.SH|513180.SH|513290.SH|513500.SH|518880.SH,0.9575438409995004,0.8877741788739847,beam_neighbor,3.0,501018.SH,161226.SZ
rolling_beam_search,2022-07-01/2022-12-31,2023-01-01/2023-06-30,24,159870.SZ|159981.SZ|159985.SZ|164824.SZ|501018.SH|512400.SH|513030.SH|513120.SH|513180.SH|513290.SH|513500.SH|518880.SH|588000.SH,0.3201015637090577,0.8877741788739847,beam_neighbor,3.0,159852.SZ,588000.SH
rolling_beam_search,2022-07-01/2022-12-31,2023-01-01/2023-06-30,25,159870.SZ|159949.SZ|159980.SZ|159981.SZ|159985.SZ|164824.SZ|512400.SH|513030.SH|513120.SH|513180.SH|513290.SH|513500.SH|518880.SH,0.42559649794869736,0.8877741788739847,beam_neighbor,3.0,159852.SZ,159949.SZ
rolling_beam_search,2022-07-01/2022-12-31,2023-01-01/2023-06-30,26,159851.SZ|159852.SZ|159981.SZ|159985.SZ|161226.SZ|164824.SZ|501018.SH|512400.SH|513080.SH|513120.SH|513180.SH|513290.SH|513500.SH,1.3761401339121724,0.8734352753721032,beam_neighbor,4.0,159870.SZ,159851.SZ
rolling_beam_search,2022-07-01/2022-12-31,2023-01-01/2023-06-30,27,159852.SZ|159870.SZ|159981.SZ|159985.SZ|164824.SZ|501018.SH|512400.SH|513120.SH|513180.SH|513290.SH|513500.SH|513880.SH|518880.SH,1.1603540709103084,0.8877741788739847,beam_neighbor,4.0,161226.SZ,518880.SH
rolling_beam_search,2022-07-01/2022-12-31,2023-01-01/2023-06-30,28,159852.SZ|159870.SZ|159981.SZ|159985.SZ|164824.SZ|501018.SH|512800.SH|513080.SH|513120.SH|513180.SH|513290.SH|513500.SH|518880.SH,0.9210099481967537,0.8316275404607769,beam_neighbor,4.0,512400.SH,512800.SH
rolling_beam_search,2022-07-01/2022-12-31,2023-01-01/2023-06-30,29,159852.SZ|159870.SZ|159981.SZ|159985.SZ|161226.SZ|164824.SZ|512400.SH|513080.SH|513100.SH|513120.SH|513180.SH|513290.SH|518880.SH,1.025101234594836,0.8877741788739847,beam_neighbor,4.0,513500.SH,513100.SH
rolling_beam_search,2022-07-01/2022-12-31,2023-01-01/2023-06-30,30,159852.SZ|159870.SZ|159981.SZ|161226.SZ|164824.SZ|501018.SH|512400.SH|513030.SH|513120.SH|513180.SH|513290.SH|513500.SH|518880.SH,-0.1434239075140285,0.8877741788739847,beam_neighbor,4.0,159985.SZ,161226.SZ
rolling_beam_search,2022-07-01/2022-12-31,2023-01-01/2023-06-30,31,159851.SZ|159852.SZ|159981.SZ|159985.SZ|164824.SZ|501018.SH|512400.SH|513080.SH|513120.SH|513180.SH|513290.SH|513500.SH|518880.SH,0.24712343102495773,0.8734352753721032,beam_neighbor,5.0,161226.SZ,518880.SH
rolling_beam_search,2022-07-01/2022-12-31,2023-01-01/2023-06-30,32,159870.SZ|159981.SZ|159985.SZ|161226.SZ|164824.SZ|501018.SH|512400.SH|513080.SH|513120.SH|513180.SH|513290.SH|513500.SH|515790.SH,0.5603501138813898,0.8877741788739847,beam_neighbor,5.0,159852.SZ,515790.SH
rolling_beam_search,2022-07-01/2022-12-31,2023-01-01/2023-06-30,33,159870.SZ|159981.SZ|159985.SZ|161226.SZ|164824.SZ|501018.SH|512400.SH|513120.SH|513180.SH|513290.SH|513500.SH|513880.SH|515790.SH,0.45165707294166985,0.8877741788739847,beam_neighbor,5.0,159852.SZ,515790.SH
rolling_beam_search,2022-07-01/2022-12-31,2023-01-01/2023-06-30,34,159852.SZ|159870.SZ|159981.SZ|159985.SZ|160644.SZ|164824.SZ|501018.SH|512400.SH|513120.SH|513180.SH|513500.SH|513880.SH|518880.SH,0.9705995899982671,0.8877741788739847,beam_neighbor,5.0,513290.SH,160644.SZ
rolling_beam_search,2022-07-01/2022-12-31,2023-01-01/2023-06-30,35,159852.SZ|159870.SZ|159981.SZ|159985.SZ|164824.SZ|501018.SH|512400.SH|513070.SH|513080.SH|513120.SH|513290.SH|513500.SH|518880.SH,0.8048018349611229,0.8877741788739847,beam_neighbor,5.0,513180.SH,513070.SH
rolling_beam_search,2022-07-01/2022-12-31,2023-01-01/2023-06-30,36,159851.SZ|159981.SZ|159985.SZ|161226.SZ|164824.SZ|501018.SH|512200.SH|512400.SH|513080.SH|513120.SH|513180.SH|513290.SH|513500.SH,0.6450927519757096,0.8316275404607769,beam_neighbor,6.0,159852.SZ,512200.SH
rolling_beam_search,2022-07-01/2022-12-31,2023-01-01/2023-06-30,37,159852.SZ|159870.SZ|159981.SZ|159985.SZ|161226.SZ|164824.SZ|501018.SH|512400.SH|513080.SH|513120.SH|513180.SH|513290.SH|513880.SH,1.1194342322959594,0.8877741788739847,beam_neighbor,6.0,513500.SH,513880.SH
rolling_beam_search,2022-07-01/2022-12-31,2023-01-01/2023-06-30,38,159852.SZ|159870.SZ|159981.SZ|159985.SZ|160644.SZ|161226.SZ|164824.SZ|501018.SH|512400.SH|513120.SH|513180.SH|513290.SH|513880.SH,1.369624909363518,0.8877741788739847,beam_neighbor,6.0,513500.SH,160644.SZ
rolling_beam_search,2022-07-01/2022-12-31,2023-01-01/2023-06-30,39,159852.SZ|159870.SZ|159981.SZ|159985.SZ|161226.SZ|164824.SZ|512400.SH|513120.SH|513180.SH|513290.SH|513500.SH|513880.SH|518880.SH,0.7482934895727957,0.8877741788739847,beam_neighbor,6.0,501018.SH,161226.SZ
rolling_beam_search,2022-07-01/2022-12-31,2023-01-01/2023-06-30,40,159852.SZ|159870.SZ|159980.SZ|159981.SZ|159985.SZ|164824.SZ|512400.SH|513080.SH|513120.SH|513180.SH|513290.SH|513500.SH|518880.SH,0.8712686736416246,0.8877741788739847,beam_neighbor,6.0,501018.SH,159980.SZ
rolling_beam_search,2022-07-01/2022-12-31,2023-01-01/2023-06-30,41,159851.SZ|159852.SZ|159981.SZ|159985.SZ|160644.SZ|161226.SZ|501018.SH|512400.SH|513080.SH|513120.SH|513180.SH|513290.SH|513500.SH,0.4650193837698914,0.8734352753721032,beam_neighbor,7.0,164824.SZ,160644.SZ
rolling_beam_search,2022-07-01/2022-12-31,2023-01-01/2023-06-30,42,159852.SZ|159870.SZ|159981.SZ|159985.SZ|160644.SZ|161226.SZ|164824.SZ|501018.SH|512400.SH|513080.SH|513120.SH|513180.SH|513290.SH,1.40214637336689,0.8877741788739847,beam_neighbor,7.0,513880.SH,513080.SH
rolling_beam_search,2022-07-01/2022-12-31,2023-01-01/2023-06-30,43,159852.SZ|159870.SZ|159985.SZ|161226.SZ|164824.SZ|501018.SH|512400.SH|513080.SH|513120.SH|513180.SH|513290.SH|513500.SH|518880.SH,0.8665312165148189,0.8877741788739847,beam_neighbor,7.0,159981.SZ,518880.SH
rolling_beam_search,2022-07-01/2022-12-31,2023-01-01/2023-06-30,44,159870.SZ|159928.SZ|159981.SZ|159985.SZ|161226.SZ|164824.SZ|501018.SH|512400.SH|513120.SH|513180.SH|513290.SH|513500.SH|513880.SH,1.3373585913062012,0.8877741788739847,beam_neighbor,7.0,159852.SZ,159928.SZ
rolling_beam_search,2022-07-01/2022-12-31,2023-01-01/2023-06-30,45,159852.SZ|159870.SZ|159980.SZ|159981.SZ|164824.SZ|501018.SH|512400.SH|513120.SH|513180.SH|513290.SH|513500.SH|513880.SH|518880.SH,0.2793524981149374,0.8877741788739847,beam_neighbor,7.0,159985.SZ,159980.SZ
rolling_beam_search,2022-07-01/2022-12-31,2023-01-01/2023-06-30,46,159852.SZ|159870.SZ|159980.SZ|159981.SZ|159985.SZ|160644.SZ|161226.SZ|164824.SZ|512400.SH|513080.SH|513120.SH|513180.SH|513290.SH,1.3267135124836273,0.8877741788739847,beam_neighbor,8.0,501018.SH,159980.SZ
rolling_beam_search,2022-07-01/2022-12-31,2023-01-01/2023-06-30,47,159851.SZ|159852.SZ|159980.SZ|159981.SZ|159985.SZ|164824.SZ|501018.SH|512400.SH|513080.SH|513120.SH|513180.SH|513290.SH|513500.SH,1.1797896625296034,0.8734352753721032,beam_neighbor,8.0,161226.SZ,159980.SZ
rolling_beam_search,2022-07-01/2022-12-31,2023-01-01/2023-06-30,48,159852.SZ|159870.SZ|159980.SZ|159981.SZ|159985.SZ|160644.SZ|161226.SZ|164824.SZ|512400.SH|513120.SH|513180.SH|513290.SH|513880.SH,1.112572957016927,0.8877741788739847,beam_neighbor,8.0,501018.SH,159980.SZ
rolling_beam_search,2022-07-01/2022-12-31,2023-01-01/2023-06-30,49,159852.SZ|159870.SZ|159920.SZ|159981.SZ|159985.SZ|161226.SZ|164824.SZ|501018.SH|512400.SH|513080.SH|513120.SH|513290.SH|513500.SH,1.0894416226759809,0.8877741788739847,beam_neighbor,8.0,513180.SH,159920.SZ
rolling_beam_search,2022-07-01/2022-12-31,2023-01-01/2023-06-30,50,159870.SZ|159928.SZ|159980.SZ|159981.SZ|159985.SZ|164824.SZ|501018.SH|512400.SH|513120.SH|513180.SH|513290.SH|513500.SH|513880.SH,1.2217613401727818,0.8877741788739847,beam_neighbor,8.0,161226.SZ,159980.SZ
rolling_beam_search,2022-07-01/2022-12-31,2023-01-01/2023-06-30,51,159852.SZ|159870.SZ|159981.SZ|159985.SZ|160644.SZ|161226.SZ|164824.SZ|501018.SH|513080.SH|513120.SH|513180.SH|513290.SH|588000.SH,0.8993525991547614,0.7051191112834191,beam_neighbor,9.0,512400.SH,588000.SH
rolling_beam_search,2022-07-01/2022-12-31,2023-01-01/2023-06-30,52,159851.SZ|159852.SZ|159981.SZ|159985.SZ|161226.SZ|164824.SZ|512400.SH|513080.SH|513120.SH|513180.SH|513290.SH|513500.SH|518880.SH,0.8173333733790221,0.8734352753721032,beam_neighbor,9.0,501018.SH,518880.SH
rolling_beam_search,2022-07-01/2022-12-31,2023-01-01/2023-06-30,53,159870.SZ|159981.SZ|159985.SZ|160644.SZ|161226.SZ|164824.SZ|501018.SH|510210.SH|512400.SH|513120.SH|513180.SH|513290.SH|513880.SH,1.3257148889100394,0.8877741788739847,beam_neighbor,9.0,159852.SZ,510210.SH
rolling_beam_search,2022-07-01/2022-12-31,2023-01-01/2023-06-30,54,159870.SZ|159981.SZ|159985.SZ|161226.SZ|164824.SZ|501018.SH|510050.SH|512400.SH|513080.SH|513120.SH|513180.SH|513290.SH|513500.SH,1.1378942295194459,0.8877741788739847,beam_neighbor,9.0,159852.SZ,510050.SH
rolling_beam_search,2022-07-01/2022-12-31,2023-01-01/2023-06-30,55,159870.SZ|159928.SZ|159981.SZ|159985.SZ|161226.SZ|164824.SZ|501018.SH|512400.SH|513070.SH|513120.SH|513290.SH|513500.SH|513880.SH,1.1047675754935125,0.8877741788739847,beam_neighbor,9.0,513180.SH,513070.SH
rolling_beam_search,2022-07-01/2022-12-31,2023-01-01/2023-06-30,56,159611.SZ|159852.SZ|159981.SZ|159985.SZ|160644.SZ|161226.SZ|164824.SZ|501018.SH|512400.SH|513080.SH|513120.SH|513180.SH|513290.SH,0.9231192757967864,0.7051191112834191,beam_neighbor,10.0,159870.SZ,159611.SZ
rolling_beam_search,2022-07-01/2022-12-31,2023-01-01/2023-06-30,57,159851.SZ|159852.SZ|159980.SZ|159981.SZ|161226.SZ|164824.SZ|501018.SH|512400.SH|513080.SH|513120.SH|513180.SH|513290.SH|513500.SH,0.6254325378926087,0.8734352753721032,beam_neighbor,10.0,159985.SZ,159980.SZ
rolling_beam_search,2022-07-01/2022-12-31,2023-01-01/2023-06-30,58,159852.SZ|159870.SZ|159981.SZ|159985.SZ|160644.SZ|161226.SZ|164824.SZ|501018.SH|512400.SH|513070.SH|513120.SH|513290.SH|513880.SH,1.132330884004449,0.8877741788739847,beam_neighbor,10.0,513180.SH,513070.SH
rolling_beam_search,2022-07-01/2022-12-31,2023-01-01/2023-06-30,59,159852.SZ|159870.SZ|159981.SZ|159985.SZ|161226.SZ|164824.SZ|501018.SH|512200.SH|513080.SH|513120.SH|513180.SH|513290.SH|513500.SH,1.0050717486227314,0.8316275404607769,beam_neighbor,10.0,512400.SH,512200.SH
rolling_beam_search,2022-07-01/2022-12-31,2023-01-01/2023-06-30,60,159870.SZ|159928.SZ|159980.SZ|159981.SZ|159985.SZ|161226.SZ|164824.SZ|512400.SH|513120.SH|513180.SH|513290.SH|513500.SH|513880.SH,0.8507051714161697,0.8877741788739847,beam_neighbor,10.0,501018.SH,159980.SZ
rolling_beam_search,2022-07-01/2022-12-31,2023-01-01/2023-06-30,61,159852.SZ|159870.SZ|159981.SZ|159985.SZ|160644.SZ|161226.SZ|164824.SZ|501018.SH|513080.SH|513120.SH|513180.SH|513290.SH|515210.SH,1.348199621884996,0.7289121293154335,beam_neighbor,11.0,512400.SH,515210.SH
rolling_beam_search,2022-07-01/2022-12-31,2023-01-01/2023-06-30,62,159852.SZ|159981.SZ|159985.SZ|161226.SZ|164824.SZ|501018.SH|510500.SH|512400.SH|513080.SH|513120.SH|513180.SH|513290.SH|513500.SH,1.483319211894747,0.8316275404607769,beam_neighbor,11.0,159851.SZ,510500.SH
rolling_beam_search,2022-07-01/2022-12-31,2023-01-01/2023-06-30,63,159852.SZ|159981.SZ|159985.SZ|160644.SZ|161226.SZ|164824.SZ|501018.SH|510180.SH|512400.SH|513120.SH|513180.SH|513290.SH|513880.SH,1.3201407243506145,0.7051191112834191,beam_neighbor,11.0,159870.SZ,510180.SH
rolling_beam_search,2022-07-01/2022-12-31,2023-01-01/2023-06-30,64,159852.SZ|159870.SZ|159981.SZ|159985.SZ|160644.SZ|161226.SZ|164824.SZ|501018.SH|512400.SH|513080.SH|513120.SH|513180.SH|513500.SH,1.0861147826889725,0.8877741788739847,beam_neighbor,11.0,513290.SH,160644.SZ
rolling_beam_search,2022-07-01/2022-12-31,2023-01-01/2023-06-30,65,159870.SZ|159928.SZ|159981.SZ|159985.SZ|161226.SZ|164824.SZ|501018.SH|512170.SH|513120.SH|513180.SH|513290.SH|513500.SH|513880.SH,1.352376153179286,0.8251090976449644,beam_neighbor,11.0,512400.SH,512170.SH
rolling_beam_search,2022-07-01/2022-12-31,2023-01-01/2023-06-30,66,159852.SZ|159985.SZ|161226.SZ|164824.SZ|501018.SH|510500.SH|512400.SH|513080.SH|513120.SH|513180.SH|513290.SH|513500.SH|518880.SH,1.2727633395834554,0.8316275404607769,beam_neighbor,12.0,159981.SZ,518880.SH
rolling_beam_search,2022-07-01/2022-12-31,2023-01-01/2023-06-30,67,159852.SZ|159870.SZ|159985.SZ|160644.SZ|161226.SZ|164824.SZ|501018.SH|512400.SH|513080.SH|513120.SH|513180.SH|513290.SH|518880.SH,0.9581117124924514,0.8877741788739847,beam_neighbor,12.0,159981.SZ,518880.SH
rolling_beam_search,2022-07-01/2022-12-31,2023-01-01/2023-06-30,68,159852.SZ|159981.SZ|159985.SZ|161226.SZ|164824.SZ|501018.SH|512400.SH|512660.SH|513080.SH|513120.SH|513180.SH|513290.SH|513500.SH,1.1793859861985336,0.8316275404607769,beam_neighbor,12.0,159851.SZ,512660.SH
rolling_beam_search,2022-07-01/2022-12-31,2023-01-01/2023-06-30,69,159852.SZ|159870.SZ|159981.SZ|159985.SZ|160644.SZ|161226.SZ|164824.SZ|501018.SH|512400.SH|513030.SH|513120.SH|513180.SH|513290.SH,1.3055258794529792,0.8877741788739847,beam_neighbor,12.0,513880.SH,513030.SH
rolling_beam_search,2022-07-01/2022-12-31,2023-01-01/2023-06-30,70,159852.SZ|159870.SZ|159981.SZ|159985.SZ|161226.SZ|164824.SZ|501018.SH|512400.SH|513070.SH|513080.SH|513120.SH|513290.SH|513500.SH,1.1197084723984518,0.8877741788739847,beam_neighbor,12.0,513180.SH,513070.SH
rolling_beam_search,2022-07-01/2022-12-31,2023-01-01/2023-06-30,71,159852.SZ|159981.SZ|159985.SZ|161226.SZ|164824.SZ|501018.SH|510500.SH|512800.SH|513080.SH|513120.SH|513180.SH|513290.SH|513500.SH,1.0189635440937381,0.8316275404607769,beam_neighbor,13.0,512400.SH,512800.SH
rolling_beam_search,2022-07-01/2022-12-31,2023-01-01/2023-06-30,72,159852.SZ|159870.SZ|159981.SZ|159985.SZ|160644.SZ|161226.SZ|501018.SH|512400.SH|513080.SH|513120.SH|513180.SH|513290.SH|513880.SH,0.6263145267025539,0.8877741788739847,beam_neighbor,13.0,164824.SZ,513880.SH
rolling_beam_search,2022-07-01/2022-12-31,2023-01-01/2023-06-30,73,159851.SZ|159852.SZ|159985.SZ|161226.SZ|164824.SZ|501018.SH|512400.SH|513080.SH|513120.SH|513180.SH|513290.SH|513500.SH|518880.SH,0.534567096815011,0.8734352753721032,beam_neighbor,13.0,159981.SZ,518880.SH
rolling_beam_search,2022-07-01/2022-12-31,2023-01-01/2023-06-30,74,159852.SZ|159870.SZ|159985.SZ|160644.SZ|161226.SZ|164824.SZ|501018.SH|512400.SH|513120.SH|513180.SH|513290.SH|513880.SH|518880.SH,1.0963289195791959,0.8877741788739847,beam_neighbor,13.0,159981.SZ,518880.SH
rolling_beam_search,2022-07-01/2022-12-31,2023-01-01/2023-06-30,75,159766.SZ|159852.SZ|159981.SZ|159985.SZ|161226.SZ|164824.SZ|501018.SH|512400.SH|513080.SH|513120.SH|513180.SH|513290.SH|513500.SH,1.1992410426640845,0.8316275404607769,beam_neighbor,13.0,159870.SZ,159766.SZ
rolling_beam_search,2022-07-01/2022-12-31,2023-01-01/2023-06-30,76,159852.SZ|159981.SZ|159985.SZ|164824.SZ|501018.SH|510500.SH|512400.SH|513080.SH|513120.SH|513180.SH|513290.SH|513500.SH|518880.SH,1.1141753038961888,0.8316275404607769,beam_neighbor,14.0,161226.SZ,518880.SH
rolling_beam_search,2022-07-01/2022-12-31,2023-01-01/2023-06-30,77,159852.SZ|159870.SZ|159980.SZ|159985.SZ|160644.SZ|161226.SZ|164824.SZ|501018.SH|512400.SH|513080.SH|513120.SH|513180.SH|513290.SH,1.1855557678454915,0.8877741788739847,beam_neighbor,14.0,159981.SZ,159980.SZ
rolling_beam_search,2022-07-01/2022-12-31,2023-01-01/2023-06-30,78,159852.SZ|159915.SZ|159981.SZ|159985.SZ|161226.SZ|164824.SZ|501018.SH|512400.SH|513080.SH|513120.SH|513180.SH|513290.SH|513500.SH,1.4259875021633088,0.8316275404607769,beam_neighbor,14.0,159851.SZ,159915.SZ
rolling_beam_search,2022-07-01/2022-12-31,2023-01-01/2023-06-30,79,159852.SZ|159870.SZ|159981.SZ|159985.SZ|160644.SZ|161226.SZ|164824.SZ|501018.SH|512400.SH|513030.SH|513120.SH|513180.SH|513880.SH,1.1197503034825578,0.8877741788739847,beam_neighbor,14.0,513290.SH,513030.SH
rolling_beam_search,2022-07-01/2022-12-31,2023-01-01/2023-06-30,80,159870.SZ|159981.SZ|159985.SZ|161226.SZ|164824.SZ|501018.SH|512400.SH|512660.SH|513080.SH|513120.SH|513180.SH|513290.SH|513500.SH,0.8701259061276194,0.8877741788739847,beam_neighbor,14.0,159852.SZ,512660.SH
rolling_beam_search,2022-07-01/2022-12-31,2023-01-01/2023-06-30,81,159852.SZ|159949.SZ|159981.SZ|159985.SZ|161226.SZ|164824.SZ|501018.SH|510500.SH|513080.SH|513120.SH|513180.SH|513290.SH|513500.SH,1.31427228330817,0.8316275404607769,beam_neighbor,15.0,512400.SH,159949.SZ
rolling_beam_search,2022-07-01/2022-12-31,2023-01-01/2023-06-30,82,159796.SZ|159915.SZ|159981.SZ|159985.SZ|161226.SZ|164824.SZ|501018.SH|512400.SH|513080.SH|513120.SH|513180.SH|513290.SH|513500.SH,1.155254363594537,0.8316275404607769,beam_neighbor,15.0,159852.SZ,159796.SZ
rolling_beam_search,2022-07-01/2022-12-31,2023-01-01/2023-06-30,83,159852.SZ|159981.SZ|159985.SZ|160644.SZ|161226.SZ|164824.SZ|501018.SH|512170.SH|512400.SH|513080.SH|513120.SH|513180.SH|513290.SH,1.2774275546949208,0.7051191112834191,beam_neighbor,15.0,159870.SZ,512170.SH
rolling_beam_search,2022-07-01/2022-12-31,2023-01-01/2023-06-30,84,159851.SZ|159852.SZ|159981.SZ|159985.SZ|161226.SZ|164824.SZ|501018.SH|512040.SH|513080.SH|513120.SH|513180.SH|513290.SH|513500.SH,0.9927697172354164,0.8734352753721032,beam_neighbor,15.0,512400.SH,512040.SH
rolling_beam_search,2022-07-01/2022-12-31,2023-01-01/2023-06-30,85,159852.SZ|159870.SZ|159981.SZ|159985.SZ|160644.SZ|161226.SZ|164824.SZ|501018.SH|510880.SH|513120.SH|513180.SH|513290.SH|513880.SH,1.2362101439820576,0.7051191112834191,beam_neighbor,15.0,512400.SH,510880.SH
rolling_beam_search,2022-07-01/2022-12-31,2023-01-01/2023-06-30,86,159852.SZ|159920.SZ|159981.SZ|159985.SZ|161226.SZ|164824.SZ|501018.SH|510500.SH|512400.SH|513080.SH|513120.SH|513290.SH|513500.SH,1.2346316972679041,0.8316275404607769,beam_neighbor,16.0,513180.SH,159920.SZ
rolling_beam_search,2022-07-01/2022-12-31,2023-01-01/2023-06-30,87,159852.SZ|159915.SZ|159981.SZ|159985.SZ|164824.SZ|501018.SH|512400.SH|513080.SH|513120.SH|513180.SH|513290.SH|513500.SH|518880.SH,0.7619542825361638,0.8316275404607769,beam_neighbor,16.0,161226.SZ,518880.SH
rolling_beam_search,2022-07-01/2022-12-31,2023-01-01/2023-06-30,88,159852.SZ|159870.SZ|159920.SZ|159981.SZ|159985.SZ|160644.SZ|161226.SZ|164824.SZ|501018.SH|512400.SH|513080.SH|513120.SH|513290.SH,1.1472592083086353,0.8877741788739847,beam_neighbor,16.0,513180.SH,159920.SZ
rolling_beam_search,2022-07-01/2022-12-31,2023-01-01/2023-06-30,89,159611.SZ|159851.SZ|159981.SZ|159985.SZ|161226.SZ|164824.SZ|501018.SH|512400.SH|513080.SH|513120.SH|513180.SH|513290.SH|513500.SH,0.6355755609211068,0.8316275404607769,beam_neighbor,16.0,159852.SZ,159611.SZ
rolling_beam_search,2022-07-01/2022-12-31,2023-01-01/2023-06-30,90,159852.SZ|159870.SZ|159981.SZ|159985.SZ|160644.SZ|161226.SZ|164824.SZ|501018.SH|512400.SH|513120.SH|513180.SH|513500.SH|513880.SH,1.0838429700342256,0.8877741788739847,beam_neighbor,16.0,513290.SH,513500.SH
rolling_beam_search,2022-07-01/2022-12-31,2023-01-01/2023-06-30,91,159852.SZ|159980.SZ|159981.SZ|159985.SZ|161226.SZ|164824.SZ|510500.SH|512400.SH|513080.SH|513120.SH|513180.SH|513290.SH|513500.SH,1.2365320138505007,0.8316275404607769,beam_neighbor,17.0,501018.SH,159980.SZ
rolling_beam_search,2022-07-01/2022-12-31,2023-01-01/2023-06-30,92,159852.SZ|159915.SZ|159980.SZ|159981.SZ|159985.SZ|161226.SZ|164824.SZ|512400.SH|513080.SH|513120.SH|513180.SH|513290.SH|513500.SH,1.2788541533008966,0.8316275404607769,beam_neighbor,17.0,501018.SH,159980.SZ
rolling_beam_search,2022-07-01/2022-12-31,2023-01-01/2023-06-30,93,159852.SZ|159870.SZ|159981.SZ|159985.SZ|160644.SZ|161226.SZ|164824.SZ|501018.SH|510300.SH|513080.SH|513120.SH|513180.SH|513290.SH,1.3636918681461314,0.7531812287200901,beam_neighbor,17.0,512400.SH,510300.SH
rolling_beam_search,2022-07-01/2022-12-31,2023-01-01/2023-06-30,94,159852.SZ|159869.SZ|159981.SZ|159985.SZ|161226.SZ|164824.SZ|501018.SH|512400.SH|513080.SH|513120.SH|513180.SH|513290.SH|513500.SH,0.961008416126902,0.8316275404607769,beam_neighbor,17.0,159851.SZ,159869.SZ
rolling_beam_search,2022-07-01/2022-12-31,2023-01-01/2023-06-30,95,159852.SZ|159870.SZ|159928.SZ|159981.SZ|159985.SZ|160644.SZ|161226.SZ|164824.SZ|501018.SH|513120.SH|513180.SH|513290.SH|513880.SH,1.4562400394984072,0.7051191112834191,beam_neighbor,17.0,512400.SH,159928.SZ
rolling_beam_search,2022-07-01/2022-12-31,2023-01-01/2023-06-30,96,159852.SZ|159981.SZ|159985.SZ|160644.SZ|161226.SZ|164824.SZ|501018.SH|510500.SH|512400.SH|513120.SH|513180.SH|513290.SH|513500.SH,1.3729518327554877,0.8066339524114409,beam_neighbor,18.0,513080.SH,160644.SZ
rolling_beam_search,2022-07-01/2022-12-31,2023-01-01/2023-06-30,97,159852.SZ|159869.SZ|159928.SZ|159981.SZ|159985.SZ|160644.SZ|161226.SZ|164824.SZ|501018.SH|513120.SH|513180.SH|513290.SH|513880.SH,1.2580872356900408,0.7051191112834191,beam_neighbor,18.0,159870.SZ,159869.SZ
rolling_beam_search,2022-07-01/2022-12-31,2023-01-01/2023-06-30,98,159852.SZ|159915.SZ|159980.SZ|159985.SZ|161226.SZ|164824.SZ|501018.SH|512400.SH|513080.SH|513120.SH|513180.SH|513290.SH|513500.SH,1.201760878896973,0.8316275404607769,beam_neighbor,18.0,159981.SZ,159980.SZ
rolling_beam_search,2022-07-01/2022-12-31,2023-01-01/2023-06-30,99,159852.SZ|159870.SZ|159981.SZ|160644.SZ|161226.SZ|164824.SZ|501018.SH|512400.SH|513080.SH|513120.SH|513180.SH|513290.SH|518880.SH,0.13629430364577227,0.8877741788739847,beam_neighbor,18.0,159985.SZ,518880.SH
rolling_beam_search,2022-07-01/2022-12-31,2023-01-01/2023-06-30,100,159851.SZ|159852.SZ|159981.SZ|159985.SZ|161226.SZ|164824.SZ|501018.SH|512400.SH|513120.SH|513180.SH|513290.SH|513500.SH|513880.SH,1.0346544348823032,0.8734352753721032,beam_neighbor,18.0,513080.SH,513880.SH
rolling_beam_search,2023-01-01/2023-06-30,2023-07-01/2023-12-31,1,159796.SZ|159851.SZ|159980.SZ|159981.SZ|160644.SZ|161226.SZ|501018.SH|510050.SH|513070.SH|513100.SH|513120.SH|513500.SH|513880.SH,1.3704450037881133,0.8866258135554016,initial_beam,,,
rolling_beam_search,2023-01-01/2023-06-30,2023-07-01/2023-12-31,2,159980.SZ|159985.SZ|160644.SZ|161226.SZ|164824.SZ|501018.SH|510210.SH|512170.SH|513070.SH|513080.SH|513120.SH|513310.SH|515790.SH,-0.32783545120564284,0.5424299402913928,initial_beam,,,
rolling_beam_search,2023-01-01/2023-06-30,2023-07-01/2023-12-31,3,159687.SZ|159851.SZ|159920.SZ|159985.SZ|160644.SZ|161226.SZ|164824.SZ|501018.SH|512400.SH|513070.SH|513080.SH|515210.SH|518880.SH,1.4351839141233755,0.9035245733924316,initial_beam,,,
rolling_beam_search,2023-01-01/2023-06-30,2023-07-01/2023-12-31,4,159687.SZ|159981.SZ|161226.SZ|164824.SZ|501018.SH|510500.SH|512400.SH|512890.SH|513070.SH|513080.SH|513120.SH|513290.SH|518880.SH,1.956970566605449,0.6871488226207012,initial_beam,,,
rolling_beam_search,2023-01-01/2023-06-30,2023-07-01/2023-12-31,5,159920.SZ|159981.SZ|159985.SZ|164824.SZ|501018.SH|510210.SH|510300.SH|512100.SH|513100.SH|513180.SH|513290.SH|513310.SH|518880.SH,1.5275145795668317,0.8931243278220744,initial_beam,,,
rolling_beam_search,2023-01-01/2023-06-30,2023-07-01/2023-12-31,6,159796.SZ|159851.SZ|159981.SZ|159985.SZ|160644.SZ|161226.SZ|501018.SH|510050.SH|513070.SH|513100.SH|513120.SH|513500.SH|513880.SH,1.4206371146437906,0.8866258135554016,beam_neighbor,0.0,159980.SZ,159985.SZ
rolling_beam_search,2023-01-01/2023-06-30,2023-07-01/2023-12-31,7,159980.SZ|159981.SZ|159985.SZ|160644.SZ|161226.SZ|164824.SZ|510210.SH|512170.SH|513070.SH|513080.SH|513120.SH|513310.SH|515790.SH,0.1642866165000615,0.6186640087669161,beam_neighbor,0.0,501018.SH,159981.SZ
rolling_beam_search,2023-01-01/2023-06-30,2023-07-01/2023-12-31,8,159851.SZ|159920.SZ|159985.SZ|160644.SZ|161226.SZ|164824.SZ|501018.SH|512400.SH|513030.SH|513070.SH|513080.SH|515210.SH|518880.SH,1.490276190765202,0.9096396735534105,beam_neighbor,0.0,159687.SZ,513030.SH
rolling_beam_search,2023-01-01/2023-06-30,2023-07-01/2023-12-31,9,159687.SZ|159980.SZ|159981.SZ|164824.SZ|501018.SH|510500.SH|512400.SH|512890.SH|513070.SH|513080.SH|513120.SH|513290.SH|518880.SH,1.8909395951530141,0.6784088987502611,beam_neighbor,0.0,161226.SZ,159980.SZ
rolling_beam_search,2023-01-01/2023-06-30,2023-07-01/2023-12-31,10,159920.SZ|159980.SZ|159981.SZ|159985.SZ|164824.SZ|501018.SH|510210.SH|510300.SH|512100.SH|513100.SH|513180.SH|513290.SH|513310.SH,0.6434903818622257,0.8931243278220744,beam_neighbor,0.0,518880.SH,159980.SZ
rolling_beam_search,2023-01-01/2023-06-30,2023-07-01/2023-12-31,11,159687.SZ|159949.SZ|159981.SZ|161226.SZ|164824.SZ|501018.SH|510500.SH|512890.SH|513070.SH|513080.SH|513120.SH|513290.SH|518880.SH,1.671650308505713,0.6871488226207012,beam_neighbor,1.0,512400.SH,159949.SZ
rolling_beam_search,2023-01-01/2023-06-30,2023-07-01/2023-12-31,12,159687.SZ|159980.SZ|159981.SZ|164824.SZ|501018.SH|510500.SH|512040.SH|512890.SH|513070.SH|513080.SH|513120.SH|513290.SH|518880.SH,1.8688146854182968,0.7999910464245573,beam_neighbor,1.0,512400.SH,512040.SH
rolling_beam_search,2023-01-01/2023-06-30,2023-07-01/2023-12-31,13,159920.SZ|159981.SZ|159985.SZ|164824.SZ|501018.SH|510210.SH|510300.SH|512100.SH|513030.SH|513100.SH|513180.SH|513310.SH|518880.SH,1.7240398304561606,0.8931243278220744,beam_neighbor,1.0,513290.SH,513030.SH
rolling_beam_search,2023-01-01/2023-06-30,2023-07-01/2023-12-31,14,159851.SZ|159920.SZ|159980.SZ|159985.SZ|160644.SZ|164824.SZ|501018.SH|512400.SH|513030.SH|513070.SH|513080.SH|515210.SH|518880.SH,1.4330139416631529,0.9096396735534105,beam_neighbor,1.0,161226.SZ,159980.SZ
rolling_beam_search,2023-01-01/2023-06-30,2023-07-01/2023-12-31,15,159687.SZ|159851.SZ|159920.SZ|159985.SZ|160644.SZ|161226.SZ|164824.SZ|501018.SH|510500.SH|512400.SH|513070.SH|513080.SH|518880.SH,1.599696238761478,0.9035245733924316,beam_neighbor,1.0,515210.SH,510500.SH
rolling_beam_search,2023-01-01/2023-06-30,2023-07-01/2023-12-31,16,159981.SZ|161226.SZ|164824.SZ|501018.SH|510500.SH|512400.SH|512890.SH|513070.SH|513080.SH|513120.SH|513290.SH|513500.SH|518880.SH,1.9685504515777996,0.6871488226207012,beam_neighbor,2.0,159687.SZ,513500.SH
rolling_beam_search,2023-01-01/2023-06-30,2023-07-01/2023-12-31,17,159687.SZ|159980.SZ|159981.SZ|164824.SZ|501018.SH|510500.SH|512170.SH|512400.SH|513070.SH|513080.SH|513120.SH|513290.SH|518880.SH,1.5163317156004357,0.6784088987502611,beam_neighbor,2.0,512890.SH,512170.SH
rolling_beam_search,2023-01-01/2023-06-30,2023-07-01/2023-12-31,18,159687.SZ|159981.SZ|161226.SZ|164824.SZ|501018.SH|510500.SH|512040.SH|512890.SH|513070.SH|513080.SH|513120.SH|513290.SH|518880.SH,2.1087487580542423,0.7999910464245573,beam_neighbor,2.0,159980.SZ,161226.SZ
rolling_beam_search,2023-01-01/2023-06-30,2023-07-01/2023-12-31,19,159687.SZ|159920.SZ|159981.SZ|159985.SZ|501018.SH|510210.SH|510300.SH|512100.SH|513030.SH|513100.SH|513180.SH|513310.SH|518880.SH,1.7175029032407458,0.8931243278220744,beam_neighbor,2.0,164824.SZ,159687.SZ
rolling_beam_search,2023-01-01/2023-06-30,2023-07-01/2023-12-31,20,159687.SZ|159949.SZ|159981.SZ|160644.SZ|161226.SZ|164824.SZ|501018.SH|510500.SH|512890.SH|513070.SH|513120.SH|513290.SH|518880.SH,1.6954384254360482,0.6871488226207012,beam_neighbor,2.0,513080.SH,160644.SZ
rolling_beam_search,2023-01-01/2023-06-30,2023-07-01/2023-12-31,21,159687.SZ|159981.SZ|161226.SZ|164824.SZ|501018.SH|510500.SH|510880.SH|512040.SH|513070.SH|513080.SH|513120.SH|513290.SH|518880.SH,2.1633039053329703,0.8088585671513959,beam_neighbor,3.0,512890.SH,510880.SH
rolling_beam_search,2023-01-01/2023-06-30,2023-07-01/2023-12-31,22,159852.SZ|159981.SZ|161226.SZ|164824.SZ|501018.SH|510500.SH|512890.SH|513070.SH|513080.SH|513120.SH|513290.SH|513500.SH|518880.SH,2.302690843636683,0.6871488226207012,beam_neighbor,3.0,512400.SH,159852.SZ
rolling_beam_search,2023-01-01/2023-06-30,2023-07-01/2023-12-31,23,159687.SZ|159981.SZ|161226.SZ|501018.SH|510500.SH|512400.SH|512890.SH|513030.SH|513070.SH|513080.SH|513120.SH|513290.SH|518880.SH,1.1981818297145157,0.9096396735534105,beam_neighbor,3.0,164824.SZ,513030.SH
rolling_beam_search,2023-01-01/2023-06-30,2023-07-01/2023-12-31,24,159687.SZ|159980.SZ|161226.SZ|164824.SZ|501018.SH|510500.SH|512400.SH|512890.SH|513070.SH|513080.SH|513120.SH|513290.SH|518880.SH,1.5379702473256707,0.6871488226207012,beam_neighbor,3.0,159981.SZ,161226.SZ
rolling_beam_search,2023-01-01/2023-06-30,2023-07-01/2023-12-31,25,159687.SZ|159980.SZ|159981.SZ|164824.SZ|501018.SH|510500.SH|512040.SH|512890.SH|513070.SH|513120.SH|513290.SH|513310.SH|518880.SH,1.1107666804098781,0.7999910464245573,beam_neighbor,3.0,513080.SH,513310.SH
rolling_beam_search,2023-01-01/2023-06-30,2023-07-01/2023-12-31,26,159852.SZ|159981.SZ|161226.SZ|164824.SZ|501018.SH|510300.SH|512890.SH|513070.SH|513080.SH|513120.SH|513290.SH|513500.SH|518880.SH,2.443738448752033,0.6871488226207012,beam_neighbor,4.0,510500.SH,510300.SH
rolling_beam_search,2023-01-01/2023-06-30,2023-07-01/2023-12-31,27,159687.SZ|159981.SZ|161226.SZ|164824.SZ|501018.SH|510500.SH|510880.SH|513070.SH|513080.SH|513120.SH|513290.SH|518880.SH|588000.SH,2.1317483247700384,0.6871488226207012,beam_neighbor,4.0,512040.SH,588000.SH
rolling_beam_search,2023-01-01/2023-06-30,2023-07-01/2023-12-31,28,159687.SZ|159980.SZ|159981.SZ|161226.SZ|164824.SZ|501018.SH|510500.SH|512040.SH|512890.SH|513070.SH|513080.SH|513120.SH|513290.SH,1.067074674157703,0.7999910464245573,beam_neighbor,4.0,518880.SH,159980.SZ
rolling_beam_search,2023-01-01/2023-06-30,2023-07-01/2023-12-31,29,159981.SZ|161226.SZ|164824.SZ|501018.SH|510500.SH|512400.SH|512890.SH|513070.SH|513120.SH|513290.SH|513310.SH|513500.SH|518880.SH,1.387358822931164,0.6871488226207012,beam_neighbor,4.0,513080.SH,513310.SH
rolling_beam_search,2023-01-01/2023-06-30,2023-07-01/2023-12-31,30,159611.SZ|159687.SZ|159981.SZ|161226.SZ|164824.SZ|501018.SH|510500.SH|512400.SH|513070.SH|513080.SH|513120.SH|513290.SH|518880.SH,0.9221315467209538,0.6871488226207012,beam_neighbor,4.0,512890.SH,159611.SZ
rolling_beam_search,2023-01-01/2023-06-30,2023-07-01/2023-12-31,31,159852.SZ|159949.SZ|159981.SZ|161226.SZ|164824.SZ|501018.SH|512890.SH|513070.SH|513080.SH|513120.SH|513290.SH|513500.SH|518880.SH,2.1413000868017553,0.6871488226207012,beam_neighbor,5.0,510300.SH,159949.SZ
rolling_beam_search,2023-01-01/2023-06-30,2023-07-01/2023-12-31,32,159852.SZ|159920.SZ|159981.SZ|161226.SZ|164824.SZ|501018.SH|510500.SH|512890.SH|513070.SH|513080.SH|513290.SH|513500.SH|518880.SH,1.7796434871287843,0.9035245733924316,beam_neighbor,5.0,513120.SH,159920.SZ
rolling_beam_search,2023-01-01/2023-06-30,2023-07-01/2023-12-31,33,159687.SZ|159981.SZ|160644.SZ|161226.SZ|164824.SZ|501018.SH|510500.SH|510880.SH|512040.SH|513070.SH|513080.SH|513120.SH|518880.SH,2.673284073177839,0.8088585671513959,beam_neighbor,5.0,513290.SH,160644.SZ
rolling_beam_search,2023-01-01/2023-06-30,2023-07-01/2023-12-31,34,159687.SZ|159980.SZ|159981.SZ|161226.SZ|164824.SZ|510500.SH|510880.SH|513070.SH|513080.SH|513120.SH|513290.SH|518880.SH|588000.SH,2.284072657263448,0.6871488226207012,beam_neighbor,5.0,501018.SH,159980.SZ
rolling_beam_search,2023-01-01/2023-06-30,2023-07-01/2023-12-31,35,159687.SZ|159981.SZ|159985.SZ|164824.SZ|501018.SH|510500.SH|512040.SH|512890.SH|513070.SH|513080.SH|513120.SH|513290.SH|518880.SH,2.0995558000410157,0.7999910464245573,beam_neighbor,5.0,161226.SZ,159985.SZ
rolling_beam_search,2023-01-01/2023-06-30,2023-07-01/2023-12-31,36,159687.SZ|159980.SZ|159981.SZ|160644.SZ|164824.SZ|501018.SH|510500.SH|510880.SH|512040.SH|513070.SH|513080.SH|513120.SH|518880.SH,1.8354689868059824,0.8088585671513959,beam_neighbor,6.0,161226.SZ,159980.SZ
rolling_beam_search,2023-01-01/2023-06-30,2023-07-01/2023-12-31,37,159852.SZ|159981.SZ|159985.SZ|164824.SZ|501018.SH|510300.SH|512890.SH|513070.SH|513080.SH|513120.SH|513290.SH|513500.SH|518880.SH,2.568266782530618,0.6717973155865423,beam_neighbor,6.0,161226.SZ,159985.SZ
rolling_beam_search,2023-01-01/2023-06-30,2023-07-01/2023-12-31,38,159852.SZ|159981.SZ|161226.SZ|501018.SH|510500.SH|512890.SH|513070.SH|513080.SH|513100.SH|513120.SH|513290.SH|513500.SH|518880.SH,2.3682675315500057,0.8866258135554016,beam_neighbor,6.0,164824.SZ,513100.SH
rolling_beam_search,2023-01-01/2023-06-30,2023-07-01/2023-12-31,39,159687.SZ|159980.SZ|159981.SZ|161226.SZ|164824.SZ|510880.SH|512890.SH|513070.SH|513080.SH|513120.SH|513290.SH|518880.SH|588000.SH,2.371449040554417,0.8945765919292531,beam_neighbor,6.0,510500.SH,512890.SH
rolling_beam_search,2023-01-01/2023-06-30,2023-07-01/2023-12-31,40,159687.SZ|159981.SZ|160644.SZ|161226.SZ|164824.SZ|501018.SH|510500.SH|510880.SH|512040.SH|513070.SH|513120.SH|513290.SH|518880.SH,1.9408344674834117,0.8088585671513959,beam_neighbor,6.0,513080.SH,160644.SZ
rolling_beam_search,2023-01-01/2023-06-30,2023-07-01/2023-12-31,41,159687.SZ|159981.SZ|160644.SZ|161226.SZ|164824.SZ|501018.SH|510050.SH|510880.SH|512040.SH|513070.SH|513080.SH|513120.SH|518880.SH,2.4499692680139153,0.8088585671513959,beam_neighbor,7.0,510500.SH,510050.SH
rolling_beam_search,2023-01-01/2023-06-30,2023-07-01/2023-12-31,42,159981.SZ|159985.SZ|164824.SZ|501018.SH|510300.SH|510500.SH|512890.SH|513070.SH|513080.SH|513120.SH|513290.SH|513500.SH|518880.SH,2.511204643678917,0.8222216895824873,beam_neighbor,7.0,159852.SZ,510500.SH
rolling_beam_search,2023-01-01/2023-06-30,2023-07-01/2023-12-31,43,159852.SZ|159980.SZ|159981.SZ|161226.SZ|164824.SZ|510300.SH|512890.SH|513070.SH|513080.SH|513120.SH|513290.SH|513500.SH|518880.SH,2.2693780046794845,0.6871488226207012,beam_neighbor,7.0,501018.SH,159980.SZ
rolling_beam_search,2023-01-01/2023-06-30,2023-07-01/2023-12-31,44,159687.SZ|159980.SZ|159981.SZ|160644.SZ|161226.SZ|510880.SH|512890.SH|513070.SH|513080.SH|513120.SH|513290.SH|518880.SH|588000.SH,1.7605851059616358,0.8945765919292531,beam_neighbor,7.0,164824.SZ,160644.SZ
rolling_beam_search,2023-01-01/2023-06-30,2023-07-01/2023-12-31,45,159852.SZ|159915.SZ|159981.SZ|161226.SZ|501018.SH|512890.SH|513070.SH|513080.SH|513100.SH|513120.SH|513290.SH|513500.SH|518880.SH,2.699866935188338,0.8866258135554016,beam_neighbor,7.0,510500.SH,159915.SZ
rolling_beam_search,2023-01-01/2023-06-30,2023-07-01/2023-12-31,46,159852.SZ|159981.SZ|161226.SZ|501018.SH|512890.SH|513070.SH|513080.SH|513100.SH|513120.SH|513290.SH|513500.SH|518880.SH|562500.SH,1.921647268444431,0.8866258135554016,beam_neighbor,8.0,159915.SZ,562500.SH
rolling_beam_search,2023-01-01/2023-06-30,2023-07-01/2023-12-31,47,159687.SZ|159852.SZ|159981.SZ|160644.SZ|161226.SZ|164824.SZ|501018.SH|510500.SH|510880.SH|513070.SH|513080.SH|513120.SH|518880.SH,2.5823801346809296,0.6871488226207012,beam_neighbor,8.0,512040.SH,159852.SZ
rolling_beam_search,2023-01-01/2023-06-30,2023-07-01/2023-12-31,48,159852.SZ|159901.SZ|159981.SZ|159985.SZ|164824.SZ|501018.SH|512890.SH|513070.SH|513080.SH|513120.SH|513290.SH|513500.SH|518880.SH,2.48137572317471,0.6717973155865423,beam_neighbor,8.0,510300.SH,159901.SZ
rolling_beam_search,2023-01-01/2023-06-30,2023-07-01/2023-12-31,49,159980.SZ|159981.SZ|159985.SZ|164824.SZ|501018.SH|510300.SH|510500.SH|512890.SH|513070.SH|513080.SH|513120.SH|513290.SH|513500.SH,0.8620616380234828,0.8222216895824873,beam_neighbor,8.0,518880.SH,159980.SZ
rolling_beam_search,2023-01-01/2023-06-30,2023-07-01/2023-12-31,50,159687.SZ|159981.SZ|161226.SZ|164824.SZ|501018.SH|510050.SH|510880.SH|512040.SH|513030.SH|513070.SH|513080.SH|513120.SH|518880.SH,2.1280219985144893,0.9096396735534105,beam_neighbor,8.0,160644.SZ,513030.SH
rolling_beam_search,2023-01-01/2023-06-30,2023-07-01/2023-12-31,51,159852.SZ|159915.SZ|159985.SZ|161226.SZ|501018.SH|512890.SH|513070.SH|513080.SH|513100.SH|513120.SH|513290.SH|513500.SH|518880.SH,2.667564576723161,0.8866258135554016,beam_neighbor,9.0,159981.SZ,159985.SZ
rolling_beam_search,2023-01-01/2023-06-30,2023-07-01/2023-12-31,52,159687.SZ|159985.SZ|160644.SZ|161226.SZ|164824.SZ|501018.SH|510500.SH|510880.SH|512040.SH|513070.SH|513080.SH|513120.SH|518880.SH,2.100990768197798,0.8088585671513959,beam_neighbor,9.0,159981.SZ,159985.SZ
rolling_beam_search,2023-01-01/2023-06-30,2023-07-01/2023-12-31,53,159687.SZ|159852.SZ|159981.SZ|161226.SZ|164824.SZ|501018.SH|510500.SH|510880.SH|513030.SH|513070.SH|513080.SH|513120.SH|518880.SH,2.662450724205902,0.9096396735534105,beam_neighbor,9.0,160644.SZ,513030.SH
rolling_beam_search,2023-01-01/2023-06-30,2023-07-01/2023-12-31,54,159852.SZ|159980.SZ|159981.SZ|164824.SZ|501018.SH|510300.SH|512890.SH|513070.SH|513080.SH|513120.SH|513290.SH|513500.SH|518880.SH,2.422939340442835,0.6717973155865423,beam_neighbor,9.0,159985.SZ,159980.SZ
rolling_beam_search,2023-01-01/2023-06-30,2023-07-01/2023-12-31,55,159981.SZ|159985.SZ|164824.SZ|501018.SH|510300.SH|510500.SH|512890.SH|513070.SH|513120.SH|513290.SH|513500.SH|513880.SH|518880.SH,2.1319580737465484,0.8222216895824873,beam_neighbor,9.0,513080.SH,513880.SH
rolling_beam_search,2023-01-01/2023-06-30,2023-07-01/2023-12-31,56,159687.SZ|159852.SZ|159915.SZ|159981.SZ|161226.SZ|501018.SH|512890.SH|513070.SH|513080.SH|513120.SH|513290.SH|513500.SH|518880.SH,2.323548748939844,0.6871488226207012,beam_neighbor,10.0,513100.SH,159687.SZ
rolling_beam_search,2023-01-01/2023-06-30,2023-07-01/2023-12-31,57,159687.SZ|159981.SZ|160644.SZ|161226.SZ|501018.SH|510500.SH|510880.SH|512040.SH|513070.SH|513080.SH|513120.SH|513290.SH|518880.SH,1.4669210143243698,0.8088585671513959,beam_neighbor,10.0,164824.SZ,513290.SH
rolling_beam_search,2023-01-01/2023-06-30,2023-07-01/2023-12-31,58,159852.SZ|159915.SZ|159985.SZ|161226.SZ|501018.SH|512890.SH|513070.SH|513080.SH|513120.SH|513290.SH|513500.SH|513880.SH|518880.SH,2.273935554462472,0.6871488226207012,beam_neighbor,10.0,513100.SH,513880.SH
rolling_beam_search,2023-01-01/2023-06-30,2023-07-01/2023-12-31,59,159687.SZ|159852.SZ|159980.SZ|159981.SZ|161226.SZ|164824.SZ|510500.SH|510880.SH|513030.SH|513070.SH|513080.SH|513120.SH|518880.SH,2.49326964941866,0.9096396735534105,beam_neighbor,10.0,501018.SH,159980.SZ
rolling_beam_search,2023-01-01/2023-06-30,2023-07-01/2023-12-31,60,159687.SZ|159852.SZ|159980.SZ|159981.SZ|160644.SZ|164824.SZ|501018.SH|510500.SH|510880.SH|513070.SH|513080.SH|513120.SH|518880.SH,2.609513907184324,0.6186640087669161,beam_neighbor,10.0,161226.SZ,159980.SZ
rolling_beam_search,2023-01-01/2023-06-30,2023-07-01/2023-12-31,61,159852.SZ|159915.SZ|159980.SZ|159981.SZ|501018.SH|512890.SH|513070.SH|513080.SH|513100.SH|513120.SH|513290.SH|513500.SH|518880.SH,2.571430564956492,0.8866258135554016,beam_neighbor,11.0,161226.SZ,159980.SZ
rolling_beam_search,2023-01-01/2023-06-30,2023-07-01/2023-12-31,62,159687.SZ|159980.SZ|159981.SZ|160644.SZ|161226.SZ|164824.SZ|510500.SH|510880.SH|512040.SH|513070.SH|513080.SH|513120.SH|518880.SH,2.273247375932437,0.8088585671513959,beam_neighbor,11.0,501018.SH,159980.SZ
rolling_beam_search,2023-01-01/2023-06-30,2023-07-01/2023-12-31,63,159852.SZ|159915.SZ|159985.SZ|161226.SZ|501018.SH|512890.SH|513070.SH|513080.SH|513100.SH|513120.SH|513310.SH|513500.SH|518880.SH,2.762994212644762,0.8866258135554016,beam_neighbor,11.0,513290.SH,513310.SH
rolling_beam_search,2023-01-01/2023-06-30,2023-07-01/2023-12-31,64,159687.SZ|159852.SZ|159981.SZ|161226.SZ|164824.SZ|501018.SH|510500.SH|510880.SH|513070.SH|513080.SH|513120.SH|513310.SH|518880.SH,2.3557029329847823,0.6871488226207012,beam_neighbor,11.0,513030.SH,513310.SH
rolling_beam_search,2023-01-01/2023-06-30,2023-07-01/2023-12-31,65,159687.SZ|159852.SZ|159949.SZ|159980.SZ|159981.SZ|160644.SZ|164824.SZ|501018.SH|510500.SH|513070.SH|513080.SH|513120.SH|518880.SH,2.0802087464097583,0.6624469118020484,beam_neighbor,11.0,510880.SH,159949.SZ
rolling_beam_search,2023-01-01/2023-06-30,2023-07-01/2023-12-31,66,159852.SZ|159915.SZ|159985.SZ|161226.SZ|164824.SZ|501018.SH|512890.SH|513070.SH|513080.SH|513120.SH|513310.SH|513500.SH|518880.SH,2.565456793729611,0.6871488226207012,beam_neighbor,12.0,513100.SH,164824.SZ
rolling_beam_search,2023-01-01/2023-06-30,2023-07-01/2023-12-31,67,159852.SZ|159915.SZ|159981.SZ|159985.SZ|501018.SH|512890.SH|513070.SH|513080.SH|513100.SH|513120.SH|513290.SH|513500.SH|518880.SH,2.6414143378616317,0.8866258135554016,beam_neighbor,12.0,161226.SZ,159985.SZ
rolling_beam_search,2023-01-01/2023-06-30,2023-07-01/2023-12-31,68,159687.SZ|159920.SZ|159981.SZ|160644.SZ|161226.SZ|164824.SZ|501018.SH|510500.SH|510880.SH|512040.SH|513070.SH|513080.SH|518880.SH,2.1568246687610624,0.9035245733924316,beam_neighbor,12.0,513120.SH,159920.SZ
rolling_beam_search,2023-01-01/2023-06-30,2023-07-01/2023-12-31,69,159852.SZ|159915.SZ|159920.SZ|159985.SZ|161226.SZ|501018.SH|512890.SH|513070.SH|513080.SH|513100.SH|513290.SH|513500.SH|518880.SH,2.528973551956694,0.9035245733924316,beam_neighbor,12.0,513120.SH,159920.SZ
rolling_beam_search,2023-01-01/2023-06-30,2023-07-01/2023-12-31,70,159687.SZ|159852.SZ|159985.SZ|161226.SZ|164824.SZ|501018.SH|510500.SH|510880.SH|513030.SH|513070.SH|513080.SH|513120.SH|518880.SH,1.8573414848589997,0.9096396735534105,beam_neighbor,12.0,159981.SZ,159985.SZ
rolling_beam_search,2023-01-01/2023-06-30,2023-07-01/2023-12-31,71,159852.SZ|159915.SZ|159985.SZ|161226.SZ|501018.SH|512890.SH|513030.SH|513070.SH|513080.SH|513100.SH|513120.SH|513310.SH|518880.SH,2.3181656187273725,0.9096396735534105,beam_neighbor,13.0,513500.SH,513030.SH
rolling_beam_search,2023-01-01/2023-06-30,2023-07-01/2023-12-31,72,159852.SZ|159915.SZ|159967.SZ|159981.SZ|161226.SZ|501018.SH|513070.SH|513080.SH|513100.SH|513120.SH|513290.SH|513500.SH|518880.SH,1.9658943366573585,0.8866258135554016,beam_neighbor,13.0,512890.SH,159967.SZ
rolling_beam_search,2023-01-01/2023-06-30,2023-07-01/2023-12-31,73,159687.SZ|159981.SZ|160644.SZ|161226.SZ|164824.SZ|501018.SH|510500.SH|510880.SH|512040.SH|513080.SH|513120.SH|513180.SH|518880.SH,2.566015139100921,0.8088585671513959,beam_neighbor,13.0,513070.SH,513180.SH
rolling_beam_search,2023-01-01/2023-06-30,2023-07-01/2023-12-31,74,159852.SZ|159915.SZ|159985.SZ|161226.SZ|501018.SH|512890.SH|513030.SH|513070.SH|513100.SH|513120.SH|513290.SH|513500.SH|518880.SH,2.327426223785596,0.8866258135554016,beam_neighbor,13.0,513080.SH,513030.SH
rolling_beam_search,2023-01-01/2023-06-30,2023-07-01/2023-12-31,75,159687.SZ|159852.SZ|159981.SZ|159985.SZ|161226.SZ|164824.SZ|510500.SH|510880.SH|513030.SH|513070.SH|513080.SH|513120.SH|518880.SH,2.3816039148803076,0.9096396735534105,beam_neighbor,13.0,501018.SH,159985.SZ
rolling_beam_search,2023-01-01/2023-06-30,2023-07-01/2023-12-31,76,159852.SZ|159915.SZ|159985.SZ|161226.SZ|501018.SH|512890.SH|513070.SH|513080.SH|513100.SH|513120.SH|513290.SH|513310.SH|518880.SH,2.5969864550369173,0.6871488226207012,beam_neighbor,14.0,513500.SH,513290.SH
rolling_beam_search,2023-01-01/2023-06-30,2023-07-01/2023-12-31,77,159852.SZ|159915.SZ|159980.SZ|161226.SZ|501018.SH|512890.SH|513070.SH|513080.SH|513100.SH|513120.SH|513290.SH|513500.SH|518880.SH,2.5057759531921224,0.8866258135554016,beam_neighbor,14.0,159981.SZ,159980.SZ
rolling_beam_search,2023-01-01/2023-06-30,2023-07-01/2023-12-31,78,159687.SZ|159981.SZ|161226.SZ|164824.SZ|501018.SH|510500.SH|510880.SH|512040.SH|513070.SH|513080.SH|513120.SH|513500.SH|518880.SH,2.304590762616545,0.8088585671513959,beam_neighbor,14.0,160644.SZ,513500.SH
rolling_beam_search,2023-01-01/2023-06-30,2023-07-01/2023-12-31,79,159687.SZ|159852.SZ|159915.SZ|159985.SZ|161226.SZ|501018.SH|512890.SH|513070.SH|513080.SH|513120.SH|513290.SH|513500.SH|518880.SH,2.24403264911793,0.6871488226207012,beam_neighbor,14.0,513100.SH,159687.SZ
rolling_beam_search,2023-01-01/2023-06-30,2023-07-01/2023-12-31,80,159687.SZ|159796.SZ|159981.SZ|161226.SZ|164824.SZ|501018.SH|510500.SH|510880.SH|513030.SH|513070.SH|513080.SH|513120.SH|518880.SH,1.959696066679564,0.9096396735534105,beam_neighbor,14.0,159852.SZ,159796.SZ
rolling_beam_search,2023-01-01/2023-06-30,2023-07-01/2023-12-31,81,159852.SZ|159915.SZ|159980.SZ|159985.SZ|161226.SZ|512890.SH|513070.SH|513080.SH|513100.SH|513120.SH|513310.SH|513500.SH|518880.SH,3.0147569975064283,0.8866258135554016,beam_neighbor,15.0,501018.SH,159980.SZ
rolling_beam_search,2023-01-01/2023-06-30,2023-07-01/2023-12-31,82,159852.SZ|159981.SZ|161226.SZ|501018.SH|512890.SH|513070.SH|513080.SH|513100.SH|513120.SH|513290.SH|513500.SH|515210.SH|518880.SH,2.408644464431117,0.8866258135554016,beam_neighbor,15.0,159915.SZ,515210.SH
rolling_beam_search,2023-01-01/2023-06-30,2023-07-01/2023-12-31,83,159687.SZ|159967.SZ|159981.SZ|160644.SZ|161226.SZ|164824.SZ|501018.SH|510500.SH|512040.SH|513070.SH|513080.SH|513120.SH|518880.SH,1.5681903824527623,0.6929585794773003,beam_neighbor,15.0,510880.SH,159967.SZ
rolling_beam_search,2023-01-01/2023-06-30,2023-07-01/2023-12-31,84,159852.SZ|159915.SZ|159981.SZ|159985.SZ|161226.SZ|501018.SH|512890.SH|513070.SH|513080.SH|513100.SH|513120.SH|513290.SH|513500.SH,1.7825354019257875,0.8866258135554016,beam_neighbor,15.0,518880.SH,159981.SZ
rolling_beam_search,2023-01-01/2023-06-30,2023-07-01/2023-12-31,85,159687.SZ|159981.SZ|161226.SZ|164824.SZ|501018.SH|510210.SH|510500.SH|510880.SH|513030.SH|513070.SH|513080.SH|513120.SH|518880.SH,1.6905383416968744,0.9096396735534105,beam_neighbor,15.0,159852.SZ,510210.SH
rolling_beam_search,2023-01-01/2023-06-30,2023-07-01/2023-12-31,86,159852.SZ|159915.SZ|159980.SZ|159985.SZ|161226.SZ|512890.SH|513080.SH|513100.SH|513120.SH|513180.SH|513310.SH|513500.SH|518880.SH,2.846087845290947,0.8866258135554016,beam_neighbor,16.0,513070.SH,513180.SH
rolling_beam_search,2023-01-01/2023-06-30,2023-07-01/2023-12-31,87,159852.SZ|159915.SZ|159985.SZ|161226.SZ|164824.SZ|501018.SH|512890.SH|513070.SH|513100.SH|513120.SH|513310.SH|513500.SH|518880.SH,2.644520923221573,0.8866258135554016,beam_neighbor,16.0,513080.SH,164824.SZ
rolling_beam_search,2023-01-01/2023-06-30,2023-07-01/2023-12-31,88,159852.SZ|159915.SZ|159981.SZ|161226.SZ|501018.SH|512890.SH|513080.SH|513100.SH|513120.SH|513180.SH|513290.SH|513500.SH|518880.SH,2.4943053529878503,0.8866258135554016,beam_neighbor,16.0,513070.SH,513180.SH
rolling_beam_search,2023-01-01/2023-06-30,2023-07-01/2023-12-31,89,159687.SZ|159981.SZ|160644.SZ|161226.SZ|164824.SZ|501018.SH|510500.SH|512040.SH|513070.SH|513080.SH|513120.SH|516150.SH|518880.SH,2.049912939834879,0.7424886158823709,beam_neighbor,16.0,510880.SH,516150.SH
rolling_beam_search,2023-01-01/2023-06-30,2023-07-01/2023-12-31,90,159852.SZ|159915.SZ|159981.SZ|159985.SZ|161226.SZ|512890.SH|513070.SH|513080.SH|513100.SH|513120.SH|513290.SH|513500.SH|518880.SH,2.9860554898425904,0.8866258135554016,beam_neighbor,16.0,501018.SH,159981.SZ
rolling_beam_search,2023-01-01/2023-06-30,2023-07-01/2023-12-31,91,159852.SZ|159915.SZ|159980.SZ|159985.SZ|501018.SH|512890.SH|513070.SH|513080.SH|513100.SH|513120.SH|513310.SH|513500.SH|518880.SH,2.885824299041202,0.8866258135554016,beam_neighbor,17.0,161226.SZ,501018.SH
rolling_beam_search,2023-01-01/2023-06-30,2023-07-01/2023-12-31,92,159852.SZ|159915.SZ|159981.SZ|159985.SZ|161226.SZ|512890.SH|513070.SH|513080.SH|513100.SH|513120.SH|513310.SH|513500.SH|518880.SH,2.8961795467267666,0.8866258135554016,beam_neighbor,17.0,513290.SH,513310.SH
rolling_beam_search,2023-01-01/2023-06-30,2023-07-01/2023-12-31,93,159851.SZ|159915.SZ|159980.SZ|159985.SZ|161226.SZ|512890.SH|513080.SH|513100.SH|513120.SH|513180.SH|513310.SH|513500.SH|518880.SH,2.4947191210192377,0.8866258135554016,beam_neighbor,17.0,159852.SZ,159851.SZ
rolling_beam_search,2023-01-01/2023-06-30,2023-07-01/2023-12-31,94,159766.SZ|159852.SZ|159915.SZ|159985.SZ|161226.SZ|501018.SH|513070.SH|513080.SH|513100.SH|513120.SH|513310.SH|513500.SH|518880.SH,2.1894987262663013,0.8866258135554016,beam_neighbor,17.0,512890.SH,159766.SZ
rolling_beam_search,2023-01-01/2023-06-30,2023-07-01/2023-12-31,95,159852.SZ|159915.SZ|159981.SZ|161226.SZ|501018.SH|512100.SH|513070.SH|513080.SH|513100.SH|513120.SH|513290.SH|513500.SH|518880.SH,2.116015396168701,0.8866258135554016,beam_neighbor,17.0,512890.SH,512100.SH
rolling_beam_search,2023-01-01/2023-06-30,2023-07-01/2023-12-31,96,159852.SZ|159915.SZ|159980.SZ|159985.SZ|161226.SZ|164824.SZ|512890.SH|513070.SH|513100.SH|513120.SH|513310.SH|513500.SH|518880.SH,3.009017841793054,0.8866258135554016,beam_neighbor,18.0,513080.SH,164824.SZ
rolling_beam_search,2023-01-01/2023-06-30,2023-07-01/2023-12-31,97,159852.SZ|159901.SZ|159981.SZ|159985.SZ|161226.SZ|512890.SH|513070.SH|513080.SH|513100.SH|513120.SH|513290.SH|513500.SH|518880.SH,2.9749023928437133,0.8866258135554016,beam_neighbor,18.0,159915.SZ,159901.SZ
rolling_beam_search,2023-01-01/2023-06-30,2023-07-01/2023-12-31,98,159852.SZ|159949.SZ|159981.SZ|159985.SZ|161226.SZ|512890.SH|513070.SH|513080.SH|513100.SH|513120.SH|513310.SH|513500.SH|518880.SH,2.623724687380456,0.8866258135554016,beam_neighbor,18.0,159915.SZ,159949.SZ
rolling_beam_search,2023-01-01/2023-06-30,2023-07-01/2023-12-31,99,159852.SZ|159915.SZ|159920.SZ|159980.SZ|159985.SZ|501018.SH|512890.SH|513070.SH|513080.SH|513100.SH|513310.SH|513500.SH|518880.SH,2.7407584013329997,0.9035245733924316,beam_neighbor,18.0,513120.SH,159920.SZ
rolling_beam_search,2023-01-01/2023-06-30,2023-07-01/2023-12-31,100,159852.SZ|159915.SZ|159980.SZ|159985.SZ|161226.SZ|164824.SZ|512890.SH|513100.SH|513120.SH|513180.SH|513310.SH|513500.SH|518880.SH,3.0133880236153607,0.8866258135554016,beam_neighbor,18.0,513080.SH,164824.SZ
rolling_beam_search,2023-07-01/2023-12-31,2024-01-01/2024-06-30,1,159865.SZ|159967.SZ|159981.SZ|159985.SZ|160644.SZ|161226.SZ|513030.SH|513070.SH|513120.SH|513500.SH|513880.SH|515880.SH|518880.SH,-1.2460841950533112,0.7985083872844381,initial_beam,,,
rolling_beam_search,2023-07-01/2023-12-31,2024-01-01/2024-06-30,2,159509.SZ|159687.SZ|159928.SZ|159980.SZ|159981.SZ|159985.SZ|513070.SH|513120.SH|513500.SH|513880.SH|515880.SH|518880.SH|588000.SH,-0.349870818580888,0.8806115882628334,initial_beam,,,
rolling_beam_search,2023-07-01/2023-12-31,2024-01-01/2024-06-30,3,159687.SZ|159851.SZ|159865.SZ|159920.SZ|159981.SZ|159985.SZ|501018.SH|510210.SH|513030.SH|513120.SH|513290.SH|513310.SH|518880.SH,0.7612093732621819,0.7579092133299615,initial_beam,,,
rolling_beam_search,2023-07-01/2023-12-31,2024-01-01/2024-06-30,4,159611.SZ|159920.SZ|159967.SZ|159980.SZ|159981.SZ|501018.SH|512200.SH|513080.SH|513100.SH|513120.SH|513310.SH|513500.SH|518880.SH,-0.130062726034521,0.8909152686603402,initial_beam,,,
rolling_beam_search,2023-07-01/2023-12-31,2024-01-01/2024-06-30,5,159509.SZ|159687.SZ|159796.SZ|159920.SZ|159949.SZ|159981.SZ|161226.SZ|501018.SH|512980.SH|513120.SH|513500.SH|513880.SH|518880.SH,-1.5789923740485605,0.8806115882628334,initial_beam,,,
rolling_beam_search,2023-07-01/2023-12-31,2024-01-01/2024-06-30,6,159865.SZ|159967.SZ|159981.SZ|159985.SZ|160644.SZ|161226.SZ|513030.SH|513120.SH|513180.SH|513500.SH|513880.SH|515880.SH|518880.SH,-1.1480738375586446,0.7985083872844381,beam_neighbor,0.0,513070.SH,513180.SH
rolling_beam_search,2023-07-01/2023-12-31,2024-01-01/2024-06-30,7,159509.SZ|159687.SZ|159928.SZ|159980.SZ|159981.SZ|159985.SZ|513070.SH|513080.SH|513120.SH|513500.SH|515880.SH|518880.SH|588000.SH,-0.4297095428542672,0.7799027480940437,beam_neighbor,0.0,513880.SH,513080.SH
rolling_beam_search,2023-07-01/2023-12-31,2024-01-01/2024-06-30,8,159687.SZ|159851.SZ|159865.SZ|159920.SZ|159981.SZ|159985.SZ|501018.SH|512040.SH|513030.SH|513120.SH|513290.SH|513310.SH|518880.SH,0.4440573327379069,0.7579092133299615,beam_neighbor,0.0,510210.SH,512040.SH
rolling_beam_search,2023-07-01/2023-12-31,2024-01-01/2024-06-30,9,159611.SZ|159920.SZ|159967.SZ|159980.SZ|161226.SZ|501018.SH|512200.SH|513080.SH|513100.SH|513120.SH|513310.SH|513500.SH|518880.SH,-1.178244552717911,0.8909152686603402,beam_neighbor,0.0,159981.SZ,161226.SZ
rolling_beam_search,2023-07-01/2023-12-31,2024-01-01/2024-06-30,10,159509.SZ|159611.SZ|159687.SZ|159920.SZ|159949.SZ|159981.SZ|161226.SZ|501018.SH|512980.SH|513120.SH|513500.SH|513880.SH|518880.SH,-1.904004652352584,0.8806115882628334,beam_neighbor,0.0,159796.SZ,159611.SZ
rolling_beam_search,2023-07-01/2023-12-31,2024-01-01/2024-06-30,11,159687.SZ|159851.SZ|159865.SZ|159920.SZ|159981.SZ|159985.SZ|164824.SZ|501018.SH|510210.SH|513030.SH|513120.SH|513310.SH|518880.SH,0.9430645387922317,0.7579092133299615,beam_neighbor,1.0,513290.SH,164824.SZ
rolling_beam_search,2023-07-01/2023-12-31,2024-01-01/2024-06-30,12,159687.SZ|159851.SZ|159920.SZ|159981.SZ|159985.SZ|501018.SH|512040.SH|512880.SH|513030.SH|513120.SH|513290.SH|513310.SH|518880.SH,-0.14361954568645824,0.7579092133299615,beam_neighbor,1.0,159865.SZ,512880.SH
rolling_beam_search,2023-07-01/2023-12-31,2024-01-01/2024-06-30,13,159611.SZ|159920.SZ|159967.SZ|159981.SZ|159985.SZ|501018.SH|512200.SH|513080.SH|513100.SH|513120.SH|513310.SH|513500.SH|518880.SH,0.3815842907996959,0.8909152686603402,beam_neighbor,1.0,159980.SZ,159985.SZ
rolling_beam_search,2023-07-01/2023-12-31,2024-01-01/2024-06-30,14,159509.SZ|159687.SZ|159928.SZ|159980.SZ|159981.SZ|159985.SZ|513070.SH|513080.SH|513120.SH|513880.SH|515880.SH|518880.SH|588000.SH,-0.16706257904361563,0.8806115882628334,beam_neighbor,1.0,513500.SH,513080.SH
rolling_beam_search,2023-07-01/2023-12-31,2024-01-01/2024-06-30,15,159509.SZ|159928.SZ|159980.SZ|159981.SZ|159985.SZ|164824.SZ|513070.SH|513080.SH|513120.SH|513500.SH|515880.SH|518880.SH|588000.SH,-0.14927002635528439,0.7799027480940437,beam_neighbor,1.0,159687.SZ,164824.SZ
rolling_beam_search,2023-07-01/2023-12-31,2024-01-01/2024-06-30,16,159687.SZ|159851.SZ|159865.SZ|159920.SZ|159981.SZ|159985.SZ|164824.SZ|501018.SH|512200.SH|513030.SH|513120.SH|513310.SH|518880.SH,0.8479212164902769,0.7579092133299615,beam_neighbor,2.0,510210.SH,512200.SH
rolling_beam_search,2023-07-01/2023-12-31,2024-01-01/2024-06-30,17,159687.SZ|159851.SZ|159865.SZ|159920.SZ|159981.SZ|159985.SZ|160644.SZ|501018.SH|510210.SH|513030.SH|513120.SH|513310.SH|518880.SH,0.4765253229027716,0.7579092133299615,beam_neighbor,2.0,513290.SH,160644.SZ
rolling_beam_search,2023-07-01/2023-12-31,2024-01-01/2024-06-30,18,159687.SZ|159851.SZ|159865.SZ|159981.SZ|159985.SZ|501018.SH|512040.SH|513030.SH|513120.SH|513180.SH|513290.SH|513310.SH|518880.SH,0.2701000195634285,0.7579092133299615,beam_neighbor,2.0,159920.SZ,513180.SH
rolling_beam_search,2023-07-01/2023-12-31,2024-01-01/2024-06-30,19,159611.SZ|159920.SZ|159967.SZ|159981.SZ|159985.SZ|160644.SZ|501018.SH|512200.SH|513080.SH|513100.SH|513120.SH|513310.SH|518880.SH,-0.11100406687364041,0.6626523644365334,beam_neighbor,2.0,513500.SH,160644.SZ
rolling_beam_search,2023-07-01/2023-12-31,2024-01-01/2024-06-30,20,159611.SZ|159967.SZ|159980.SZ|159981.SZ|501018.SH|512200.SH|513080.SH|513100.SH|513120.SH|513180.SH|513310.SH|513500.SH|518880.SH,-0.5966905524281855,0.8909152686603402,beam_neighbor,2.0,159920.SZ,513180.SH
rolling_beam_search,2023-07-01/2023-12-31,2024-01-01/2024-06-30,21,159509.SZ|159687.SZ|159851.SZ|159865.SZ|159920.SZ|159981.SZ|159985.SZ|501018.SH|510210.SH|513030.SH|513120.SH|513310.SH|518880.SH,0.5313167074894438,0.7579092133299615,beam_neighbor,3.0,164824.SZ,159509.SZ
rolling_beam_search,2023-07-01/2023-12-31,2024-01-01/2024-06-30,22,159687.SZ|159851.SZ|159865.SZ|159920.SZ|159981.SZ|159985.SZ|161226.SZ|164824.SZ|501018.SH|512200.SH|513030.SH|513120.SH|513310.SH,-0.07276624103453634,0.7579092133299615,beam_neighbor,3.0,518880.SH,161226.SZ
rolling_beam_search,2023-07-01/2023-12-31,2024-01-01/2024-06-30,23,159687.SZ|159851.SZ|159865.SZ|159920.SZ|159981.SZ|159985.SZ|501018.SH|513030.SH|513120.SH|513290.SH|513310.SH|518880.SH|588000.SH,0.39576783763832646,0.7579092133299615,beam_neighbor,3.0,510210.SH,588000.SH
rolling_beam_search,2023-07-01/2023-12-31,2024-01-01/2024-06-30,24,159851.SZ|159865.SZ|159920.SZ|159981.SZ|159985.SZ|160644.SZ|501018.SH|510210.SH|513030.SH|513120.SH|513310.SH|513500.SH|518880.SH,0.5204176514939466,0.7597995185455373,beam_neighbor,3.0,159687.SZ,513500.SH
rolling_beam_search,2023-07-01/2023-12-31,2024-01-01/2024-06-30,25,159687.SZ|159851.SZ|159865.SZ|159920.SZ|159980.SZ|159981.SZ|159985.SZ|512040.SH|513030.SH|513120.SH|513290.SH|513310.SH|518880.SH,-0.046926035268214886,0.7579092133299615,beam_neighbor,3.0,501018.SH,159980.SZ
rolling_beam_search,2023-07-01/2023-12-31,2024-01-01/2024-06-30,26,159687.SZ|159851.SZ|159865.SZ|159920.SZ|159980.SZ|159981.SZ|164824.SZ|501018.SH|510210.SH|513030.SH|513120.SH|513310.SH|518880.SH,-0.05034119358987536,0.7579092133299615,beam_neighbor,4.0,159985.SZ,159980.SZ
rolling_beam_search,2023-07-01/2023-12-31,2024-01-01/2024-06-30,27,159687.SZ|159851.SZ|159865.SZ|159920.SZ|159981.SZ|159985.SZ|164824.SZ|501018.SH|510180.SH|513030.SH|513120.SH|513310.SH|518880.SH,0.9627830677580039,0.7579092133299615,beam_neighbor,4.0,512200.SH,510180.SH
rolling_beam_search,2023-07-01/2023-12-31,2024-01-01/2024-06-30,28,159851.SZ|159865.SZ|159920.SZ|159981.SZ|159985.SZ|160644.SZ|501018.SH|510210.SH|513030.SH|513120.SH|513290.SH|513310.SH|518880.SH,0.7766296820172739,0.7427509010578249,beam_neighbor,4.0,159687.SZ,160644.SZ
rolling_beam_search,2023-07-01/2023-12-31,2024-01-01/2024-06-30,29,159509.SZ|159687.SZ|159851.SZ|159865.SZ|159920.SZ|159980.SZ|159981.SZ|159985.SZ|510210.SH|513030.SH|513120.SH|513310.SH|518880.SH,-0.40397177986107335,0.7579092133299615,beam_neighbor,4.0,501018.SH,159980.SZ
rolling_beam_search,2023-07-01/2023-12-31,2024-01-01/2024-06-30,30,159851.SZ|159865.SZ|159920.SZ|159981.SZ|159985.SZ|164824.SZ|501018.SH|510210.SH|513030.SH|513120.SH|513310.SH|513500.SH|518880.SH,0.8784612131592683,0.7597995185455373,beam_neighbor,4.0,160644.SZ,164824.SZ
rolling_beam_search,2023-07-01/2023-12-31,2024-01-01/2024-06-30,31,159509.SZ|159851.SZ|159865.SZ|159920.SZ|159981.SZ|159985.SZ|164824.SZ|501018.SH|510180.SH|513030.SH|513120.SH|513310.SH|518880.SH,1.038471764483539,0.6626805708925226,beam_neighbor,5.0,159687.SZ,159509.SZ
rolling_beam_search,2023-07-01/2023-12-31,2024-01-01/2024-06-30,32,159687.SZ|159766.SZ|159851.SZ|159920.SZ|159981.SZ|159985.SZ|164824.SZ|501018.SH|510210.SH|513030.SH|513120.SH|513310.SH|518880.SH,0.6160234191106242,0.7579092133299615,beam_neighbor,5.0,159865.SZ,159766.SZ
rolling_beam_search,2023-07-01/2023-12-31,2024-01-01/2024-06-30,33,159851.SZ|159865.SZ|159920.SZ|159981.SZ|159985.SZ|161226.SZ|164824.SZ|510210.SH|513030.SH|513120.SH|513310.SH|513500.SH|518880.SH,-0.6893707537845802,0.7597995185455373,beam_neighbor,5.0,501018.SH,161226.SZ
rolling_beam_search,2023-07-01/2023-12-31,2024-01-01/2024-06-30,34,159687.SZ|159851.SZ|159865.SZ|159920.SZ|159981.SZ|159985.SZ|501018.SH|512200.SH|513030.SH|513120.SH|513290.SH|513310.SH|518880.SH,0.737944587233047,0.7579092133299615,beam_neighbor,5.0,164824.SZ,513290.SH
rolling_beam_search,2023-07-01/2023-12-31,2024-01-01/2024-06-30,35,159851.SZ|159865.SZ|159981.SZ|159985.SZ|160644.SZ|501018.SH|510210.SH|513030.SH|513120.SH|513180.SH|513290.SH|513310.SH|518880.SH,0.6637203701376783,0.7427509010578249,beam_neighbor,5.0,159920.SZ,513180.SH
rolling_beam_search,2023-07-01/2023-12-31,2024-01-01/2024-06-30,36,159509.SZ|159851.SZ|159865.SZ|159920.SZ|159981.SZ|159985.SZ|161226.SZ|164824.SZ|510180.SH|513030.SH|513120.SH|513310.SH|518880.SH,-0.6029623525741641,0.6626805708925226,beam_neighbor,6.0,501018.SH,161226.SZ
rolling_beam_search,2023-07-01/2023-12-31,2024-01-01/2024-06-30,37,159687.SZ|159851.SZ|159920.SZ|159981.SZ|159985.SZ|164824.SZ|501018.SH|510180.SH|513030.SH|513120.SH|513310.SH|518880.SH|588000.SH,0.21123540929424,0.7579092133299615,beam_neighbor,6.0,159865.SZ,588000.SH
rolling_beam_search,2023-07-01/2023-12-31,2024-01-01/2024-06-30,38,159687.SZ|159851.SZ|159865.SZ|159920.SZ|159981.SZ|159985.SZ|164824.SZ|501018.SH|510210.SH|513100.SH|513120.SH|513310.SH|518880.SH,0.5241800947986056,0.7427509010578249,beam_neighbor,6.0,513030.SH,513100.SH
rolling_beam_search,2023-07-01/2023-12-31,2024-01-01/2024-06-30,39,159851.SZ|159920.SZ|159981.SZ|159985.SZ|164824.SZ|501018.SH|510210.SH|512800.SH|513030.SH|513120.SH|513310.SH|513500.SH|518880.SH,0.47607240885856267,0.7597995185455373,beam_neighbor,6.0,159865.SZ,512800.SH
rolling_beam_search,2023-07-01/2023-12-31,2024-01-01/2024-06-30,40,159687.SZ|159851.SZ|159865.SZ|159920.SZ|159981.SZ|159985.SZ|161226.SZ|164824.SZ|512200.SH|513030.SH|513120.SH|513310.SH|518880.SH,-0.7897138259523994,0.7579092133299615,beam_neighbor,6.0,501018.SH,161226.SZ
rolling_beam_search,2023-07-01/2023-12-31,2024-01-01/2024-06-30,41,159509.SZ|159851.SZ|159865.SZ|159920.SZ|159980.SZ|159981.SZ|164824.SZ|501018.SH|510180.SH|513030.SH|513120.SH|513310.SH|518880.SH,0.06397389715812987,0.6626805708925226,beam_neighbor,7.0,159985.SZ,159980.SZ
rolling_beam_search,2023-07-01/2023-12-31,2024-01-01/2024-06-30,42,159687.SZ|159851.SZ|159865.SZ|159920.SZ|159980.SZ|159981.SZ|159985.SZ|164824.SZ|501018.SH|510180.SH|513030.SH|513120.SH|513310.SH,1.329354546501183,0.7579092133299615,beam_neighbor,7.0,518880.SH,159980.SZ
rolling_beam_search,2023-07-01/2023-12-31,2024-01-01/2024-06-30,43,159687.SZ|159851.SZ|159865.SZ|159920.SZ|159981.SZ|159985.SZ|164824.SZ|501018.SH|513030.SH|513120.SH|513310.SH|518880.SH|588200.SH,0.6391344960131295,0.7579092133299615,beam_neighbor,7.0,510210.SH,588200.SH
rolling_beam_search,2023-07-01/2023-12-31,2024-01-01/2024-06-30,44,159851.SZ|159865.SZ|159920.SZ|159981.SZ|159985.SZ|164824.SZ|501018.SH|510210.SH|513080.SH|513120.SH|513310.SH|513500.SH|518880.SH,0.7397433486103676,0.7427509010578249,beam_neighbor,7.0,513030.SH,513080.SH
rolling_beam_search,2023-07-01/2023-12-31,2024-01-01/2024-06-30,45,159687.SZ|159851.SZ|159865.SZ|159920.SZ|159981.SZ|159985.SZ|164824.SZ|501018.SH|510500.SH|513030.SH|513120.SH|513310.SH|518880.SH,0.8473444076277811,0.7653457422534534,beam_neighbor,7.0,512200.SH,510500.SH
rolling_beam_search,2023-07-01/2023-12-31,2024-01-01/2024-06-30,46,159687.SZ|159851.SZ|159865.SZ|159920.SZ|159980.SZ|159981.SZ|159985.SZ|164824.SZ|501018.SH|510180.SH|513030.SH|513100.SH|513120.SH,0.6637358450768601,0.7579092133299615,beam_neighbor,8.0,513310.SH,513100.SH
rolling_beam_search,2023-07-01/2023-12-31,2024-01-01/2024-06-30,47,159509.SZ|159851.SZ|159865.SZ|159920.SZ|159981.SZ|159985.SZ|164824.SZ|501018.SH|510180.SH|513030.SH|513120.SH|513290.SH|518880.SH,1.2544339338121735,0.6626805708925226,beam_neighbor,8.0,513310.SH,513290.SH
rolling_beam_search,2023-07-01/2023-12-31,2024-01-01/2024-06-30,48,159687.SZ|159865.SZ|159920.SZ|159981.SZ|159985.SZ|164824.SZ|501018.SH|510180.SH|513030.SH|513120.SH|513310.SH|518880.SH|588200.SH,1.5442537951889468,0.7579092133299615,beam_neighbor,8.0,159851.SZ,588200.SH
rolling_beam_search,2023-07-01/2023-12-31,2024-01-01/2024-06-30,49,159687.SZ|159796.SZ|159851.SZ|159865.SZ|159920.SZ|159981.SZ|159985.SZ|164824.SZ|501018.SH|513030.SH|513120.SH|513310.SH|518880.SH,0.814602854397434,0.7579092133299615,beam_neighbor,8.0,510210.SH,159796.SZ
rolling_beam_search,2023-07-01/2023-12-31,2024-01-01/2024-06-30,50,159851.SZ|159865.SZ|159920.SZ|159985.SZ|161226.SZ|164824.SZ|501018.SH|510210.SH|513030.SH|513120.SH|513310.SH|513500.SH|518880.SH,0.04245346802144039,0.7597995185455373,beam_neighbor,8.0,159981.SZ,161226.SZ
rolling_beam_search,2023-07-01/2023-12-31,2024-01-01/2024-06-30,51,159687.SZ|159865.SZ|159920.SZ|159981.SZ|159985.SZ|164824.SZ|501018.SH|510180.SH|513030.SH|513120.SH|513880.SH|518880.SH|588200.SH,0.8806462120384128,0.8806115882628334,beam_neighbor,9.0,513310.SH,513880.SH
rolling_beam_search,2023-07-01/2023-12-31,2024-01-01/2024-06-30,52,159687.SZ|159865.SZ|159920.SZ|159980.SZ|159981.SZ|159985.SZ|164824.SZ|501018.SH|510180.SH|513030.SH|513120.SH|513310.SH|563300.SH,1.2042963030880862,0.7579092133299615,beam_neighbor,9.0,159851.SZ,563300.SH
rolling_beam_search,2023-07-01/2023-12-31,2024-01-01/2024-06-30,53,159509.SZ|159851.SZ|159865.SZ|159920.SZ|159981.SZ|159985.SZ|501018.SH|510180.SH|513030.SH|513120.SH|513290.SH|513880.SH|518880.SH,0.9140992427845547,0.7824059319979025,beam_neighbor,9.0,164824.SZ,513880.SH
rolling_beam_search,2023-07-01/2023-12-31,2024-01-01/2024-06-30,54,159509.SZ|159796.SZ|159865.SZ|159920.SZ|159981.SZ|159985.SZ|164824.SZ|501018.SH|510180.SH|513030.SH|513120.SH|513310.SH|518880.SH,1.3392914000955038,0.6747178237467415,beam_neighbor,9.0,159851.SZ,159796.SZ
rolling_beam_search,2023-07-01/2023-12-31,2024-01-01/2024-06-30,55,159851.SZ|159865.SZ|159920.SZ|159981.SZ|159985.SZ|164824.SZ|501018.SH|510180.SH|513030.SH|513120.SH|513290.SH|513310.SH|518880.SH,1.4488300634689362,0.6626805708925226,beam_neighbor,9.0,159687.SZ,513290.SH
rolling_beam_search,2023-07-01/2023-12-31,2024-01-01/2024-06-30,56,159687.SZ|159865.SZ|159920.SZ|159981.SZ|159985.SZ|164824.SZ|501018.SH|510180.SH|512200.SH|513030.SH|513120.SH|513310.SH|518880.SH,1.0887803289971436,0.7579092133299615,beam_neighbor,10.0,588200.SH,512200.SH
rolling_beam_search,2023-07-01/2023-12-31,2024-01-01/2024-06-30,57,159851.SZ|159865.SZ|159981.SZ|159985.SZ|164824.SZ|501018.SH|510180.SH|513030.SH|513070.SH|513120.SH|513290.SH|513310.SH|518880.SH,1.263136727409696,0.6626805708925226,beam_neighbor,10.0,159920.SZ,513070.SH
rolling_beam_search,2023-07-01/2023-12-31,2024-01-01/2024-06-30,58,159509.SZ|159796.SZ|159865.SZ|159920.SZ|159980.SZ|159981.SZ|164824.SZ|501018.SH|510180.SH|513030.SH|513120.SH|513310.SH|518880.SH,0.3029756408012547,0.6747178237467415,beam_neighbor,10.0,159985.SZ,159980.SZ
rolling_beam_search,2023-07-01/2023-12-31,2024-01-01/2024-06-30,59,159687.SZ|159851.SZ|159920.SZ|159980.SZ|159981.SZ|159985.SZ|164824.SZ|501018.SH|510180.SH|513030.SH|513120.SH|513310.SH|515220.SH,0.6069372100146128,0.7579092133299615,beam_neighbor,10.0,159865.SZ,515220.SH
rolling_beam_search,2023-07-01/2023-12-31,2024-01-01/2024-06-30,60,159851.SZ|159865.SZ|159920.SZ|159981.SZ|159985.SZ|164824.SZ|501018.SH|510180.SH|513030.SH|513120.SH|513290.SH|513880.SH|518880.SH,1.0137601108885004,0.7824059319979025,beam_neighbor,10.0,159509.SZ,513880.SH
rolling_beam_search,2023-07-01/2023-12-31,2024-01-01/2024-06-30,61,159687.SZ|159865.SZ|159920.SZ|159981.SZ|159985.SZ|161226.SZ|164824.SZ|501018.SH|510180.SH|513030.SH|513120.SH|513310.SH|588200.SH,0.4125884376848113,0.7579092133299615,beam_neighbor,11.0,518880.SH,161226.SZ
rolling_beam_search,2023-07-01/2023-12-31,2024-01-01/2024-06-30,62,159851.SZ|159865.SZ|159920.SZ|159980.SZ|159981.SZ|159985.SZ|164824.SZ|501018.SH|510180.SH|513030.SH|513120.SH|513290.SH|513310.SH,1.641230955411218,0.6626805708925226,beam_neighbor,11.0,518880.SH,159980.SZ
rolling_beam_search,2023-07-01/2023-12-31,2024-01-01/2024-06-30,63,159509.SZ|159865.SZ|159920.SZ|159981.SZ|159985.SZ|164824.SZ|501018.SH|510180.SH|512980.SH|513030.SH|513120.SH|513310.SH|518880.SH,0.858910869002667,0.6367968444072951,beam_neighbor,11.0,159796.SZ,512980.SH
rolling_beam_search,2023-07-01/2023-12-31,2024-01-01/2024-06-30,64,159687.SZ|159851.SZ|159920.SZ|159980.SZ|159981.SZ|159985.SZ|164824.SZ|501018.SH|510180.SH|512170.SH|513030.SH|513120.SH|513310.SH,0.7856220980780512,0.7579092133299615,beam_neighbor,11.0,159865.SZ,512170.SH
rolling_beam_search,2023-07-01/2023-12-31,2024-01-01/2024-06-30,65,159851.SZ|159865.SZ|159981.SZ|159985.SZ|160644.SZ|164824.SZ|501018.SH|510180.SH|513030.SH|513070.SH|513120.SH|513310.SH|518880.SH,0.8714278377122838,0.6626805708925226,beam_neighbor,11.0,513290.SH,160644.SZ
rolling_beam_search,2023-07-01/2023-12-31,2024-01-01/2024-06-30,66,159851.SZ|159865.SZ|159920.SZ|159980.SZ|159981.SZ|159985.SZ|161226.SZ|164824.SZ|510180.SH|513030.SH|513120.SH|513290.SH|513310.SH,0.36228436912914835,0.6626805708925226,beam_neighbor,12.0,501018.SH,161226.SZ
rolling_beam_search,2023-07-01/2023-12-31,2024-01-01/2024-06-30,67,159687.SZ|159865.SZ|159920.SZ|159981.SZ|159985.SZ|160644.SZ|164824.SZ|501018.SH|510180.SH|513120.SH|513310.SH|518880.SH|588200.SH,1.3425946013651417,0.6527891396861959,beam_neighbor,12.0,513030.SH,160644.SZ
rolling_beam_search,2023-07-01/2023-12-31,2024-01-01/2024-06-30,68,159851.SZ|159865.SZ|159920.SZ|159981.SZ|159985.SZ|164824.SZ|501018.SH|510880.SH|513030.SH|513120.SH|513290.SH|513310.SH|518880.SH,1.148613925049346,0.6019295917804911,beam_neighbor,12.0,510180.SH,510880.SH
rolling_beam_search,2023-07-01/2023-12-31,2024-01-01/2024-06-30,69,159509.SZ|159796.SZ|159865.SZ|159920.SZ|159981.SZ|159985.SZ|161226.SZ|164824.SZ|510180.SH|513030.SH|513120.SH|513310.SH|518880.SH,-0.559236128349698,0.6747178237467415,beam_neighbor,12.0,501018.SH,161226.SZ
rolling_beam_search,2023-07-01/2023-12-31,2024-01-01/2024-06-30,70,159687.SZ|159851.SZ|159865.SZ|159920.SZ|159980.SZ|159985.SZ|161226.SZ|164824.SZ|501018.SH|510180.SH|513030.SH|513120.SH|513310.SH,-0.18381102302728763,0.7579092133299615,beam_neighbor,12.0,159981.SZ,161226.SZ
rolling_beam_search,2023-07-01/2023-12-31,2024-01-01/2024-06-30,71,159851.SZ|159920.SZ|159980.SZ|159981.SZ|159985.SZ|164824.SZ|501018.SH|510180.SH|513030.SH|513120.SH|513290.SH|513310.SH|515220.SH,0.9979827320004012,0.6626805708925226,beam_neighbor,13.0,159865.SZ,515220.SH
rolling_beam_search,2023-07-01/2023-12-31,2024-01-01/2024-06-30,72,159687.SZ|159865.SZ|159920.SZ|159980.SZ|159981.SZ|159985.SZ|164824.SZ|501018.SH|510180.SH|513030.SH|513120.SH|513310.SH|588200.SH,1.7371060693631526,0.7579092133299615,beam_neighbor,13.0,518880.SH,159980.SZ
rolling_beam_search,2023-07-01/2023-12-31,2024-01-01/2024-06-30,73,159851.SZ|159865.SZ|159920.SZ|159981.SZ|159985.SZ|161226.SZ|164824.SZ|510180.SH|513030.SH|513120.SH|513290.SH|513310.SH|518880.SH,0.48649627049705796,0.6626805708925226,beam_neighbor,13.0,501018.SH,161226.SZ
rolling_beam_search,2023-07-01/2023-12-31,2024-01-01/2024-06-30,74,159687.SZ|159870.SZ|159920.SZ|159981.SZ|159985.SZ|160644.SZ|164824.SZ|501018.SH|510180.SH|513120.SH|513310.SH|518880.SH|588200.SH,0.6453287925270794,0.7589276129510554,beam_neighbor,13.0,159865.SZ,159870.SZ
rolling_beam_search,2023-07-01/2023-12-31,2024-01-01/2024-06-30,75,159509.SZ|159796.SZ|159865.SZ|159920.SZ|159981.SZ|159985.SZ|160644.SZ|164824.SZ|501018.SH|510180.SH|513030.SH|513120.SH|518880.SH,0.40949771207050073,0.6747178237467415,beam_neighbor,13.0,513310.SH,160644.SZ
rolling_beam_search,2023-07-01/2023-12-31,2024-01-01/2024-06-30,76,159687.SZ|159865.SZ|159920.SZ|159980.SZ|159981.SZ|159985.SZ|164824.SZ|501018.SH|510180.SH|513120.SH|513310.SH|513500.SH|588200.SH,1.4392725118362912,0.6915336172514468,beam_neighbor,14.0,513030.SH,513500.SH
rolling_beam_search,2023-07-01/2023-12-31,2024-01-01/2024-06-30,77,159851.SZ|159865.SZ|159920.SZ|159980.SZ|159981.SZ|159985.SZ|160644.SZ|164824.SZ|501018.SH|510180.SH|513120.SH|513290.SH|513310.SH,1.4359074455949445,0.6626805708925226,beam_neighbor,14.0,513030.SH,160644.SZ
rolling_beam_search,2023-07-01/2023-12-31,2024-01-01/2024-06-30,78,159687.SZ|159865.SZ|159901.SZ|159920.SZ|159981.SZ|159985.SZ|164824.SZ|501018.SH|510180.SH|513030.SH|513120.SH|513310.SH|518880.SH,0.8700761617352358,0.8971257852973454,beam_neighbor,14.0,588200.SH,159901.SZ
rolling_beam_search,2023-07-01/2023-12-31,2024-01-01/2024-06-30,79,159611.SZ|159851.SZ|159865.SZ|159920.SZ|159981.SZ|159985.SZ|164824.SZ|501018.SH|513030.SH|513120.SH|513290.SH|513310.SH|518880.SH,0.8142602098485144,0.6019295917804911,beam_neighbor,14.0,510180.SH,159611.SZ
rolling_beam_search,2023-07-01/2023-12-31,2024-01-01/2024-06-30,80,159687.SZ|159920.SZ|159981.SZ|159985.SZ|160644.SZ|164824.SZ|501018.SH|510180.SH|513120.SH|513310.SH|515220.SH|518880.SH|588200.SH,0.6565188267393898,0.6527891396861959,beam_neighbor,14.0,159865.SZ,515220.SH
rolling_beam_search,2023-07-01/2023-12-31,2024-01-01/2024-06-30,81,159687.SZ|159865.SZ|159920.SZ|159980.SZ|159981.SZ|159985.SZ|164824.SZ|501018.SH|510180.SH|513120.SH|513290.SH|513310.SH|588200.SH,1.9086400439294486,0.6527891396861959,beam_neighbor,15.0,513030.SH,513290.SH
rolling_beam_search,2023-07-01/2023-12-31,2024-01-01/2024-06-30,82,159851.SZ|159920.SZ|159980.SZ|159981.SZ|159985.SZ|164824.SZ|501018.SH|510180.SH|512200.SH|513030.SH|513120.SH|513290.SH|513310.SH,1.1589121306505321,0.6626805708925226,beam_neighbor,15.0,159865.SZ,512200.SH
rolling_beam_search,2023-07-01/2023-12-31,2024-01-01/2024-06-30,83,159687.SZ|159865.SZ|159920.SZ|159980.SZ|159981.SZ|164824.SZ|501018.SH|510180.SH|513030.SH|513120.SH|513310.SH|518880.SH|588200.SH,0.3525831697794445,0.7579092133299615,beam_neighbor,15.0,159985.SZ,159980.SZ
rolling_beam_search,2023-07-01/2023-12-31,2024-01-01/2024-06-30,84,159851.SZ|159865.SZ|159920.SZ|159981.SZ|159985.SZ|160644.SZ|501018.SH|510180.SH|513030.SH|513120.SH|513290.SH|513310.SH|518880.SH,0.7801950542311663,0.6626805708925226,beam_neighbor,15.0,164824.SZ,160644.SZ
rolling_beam_search,2023-07-01/2023-12-31,2024-01-01/2024-06-30,85,159687.SZ|159865.SZ|159920.SZ|159981.SZ|159985.SZ|164824.SZ|501018.SH|510180.SH|513120.SH|513310.SH|513500.SH|518880.SH|588200.SH,1.2288201189275152,0.6915336172514468,beam_neighbor,15.0,159980.SZ,518880.SH
rolling_beam_search,2023-07-01/2023-12-31,2024-01-01/2024-06-30,86,159687.SZ|159865.SZ|159920.SZ|159980.SZ|159981.SZ|159985.SZ|164824.SZ|501018.SH|510180.SH|513120.SH|513290.SH|513310.SH|515210.SH,1.3147036225407327,0.6527891396861959,beam_neighbor,16.0,588200.SH,515210.SH
rolling_beam_search,2023-07-01/2023-12-31,2024-01-01/2024-06-30,87,159687.SZ|159865.SZ|159920.SZ|159980.SZ|159981.SZ|159985.SZ|501018.SH|510180.SH|513030.SH|513120.SH|513310.SH|513500.SH|588200.SH,1.237686995186904,0.7597995185455373,beam_neighbor,16.0,164824.SZ,513500.SH
rolling_beam_search,2023-07-01/2023-12-31,2024-01-01/2024-06-30,88,159851.SZ|159865.SZ|159920.SZ|159980.SZ|159981.SZ|164824.SZ|501018.SH|510180.SH|513030.SH|513120.SH|513290.SH|513310.SH|518880.SH,0.5982885486157289,0.6626805708925226,beam_neighbor,16.0,159985.SZ,518880.SH
rolling_beam_search,2023-07-01/2023-12-31,2024-01-01/2024-06-30,89,159687.SZ|159766.SZ|159865.SZ|159920.SZ|159981.SZ|159985.SZ|164824.SZ|501018.SH|513030.SH|513120.SH|513310.SH|518880.SH|588200.SH,1.1053197080388677,0.7579092133299615,beam_neighbor,16.0,510180.SH,159766.SZ
rolling_beam_search,2023-07-01/2023-12-31,2024-01-01/2024-06-30,90,159851.SZ|159865.SZ|159920.SZ|159981.SZ|159985.SZ|164824.SZ|501018.SH|510180.SH|513080.SH|513120.SH|513290.SH|513310.SH|518880.SH,1.3252462879770008,0.6626805708925226,beam_neighbor,16.0,513030.SH,513080.SH
rolling_beam_search,2023-07-01/2023-12-31,2024-01-01/2024-06-30,91,159687.SZ|159865.SZ|159980.SZ|159981.SZ|159985.SZ|164824.SZ|501018.SH|510180.SH|513070.SH|513120.SH|513290.SH|513310.SH|588200.SH,1.573009938705945,0.6527891396861959,beam_neighbor,17.0,159920.SZ,513070.SH
rolling_beam_search,2023-07-01/2023-12-31,2024-01-01/2024-06-30,92,159687.SZ|159865.SZ|159920.SZ|159980.SZ|159981.SZ|159985.SZ|164824.SZ|501018.SH|510180.SH|513030.SH|513100.SH|513120.SH|588200.SH,1.0228704988909052,0.7579092133299615,beam_neighbor,17.0,513310.SH,513100.SH
rolling_beam_search,2023-07-01/2023-12-31,2024-01-01/2024-06-30,93,159851.SZ|159865.SZ|159920.SZ|159980.SZ|159981.SZ|159985.SZ|164824.SZ|501018.SH|510180.SH|513030.SH|513120.SH|513290.SH|513880.SH,1.2906688176868308,0.7824059319979025,beam_neighbor,17.0,513310.SH,513880.SH
rolling_beam_search,2023-07-01/2023-12-31,2024-01-01/2024-06-30,94,159687.SZ|159865.SZ|159920.SZ|159981.SZ|159985.SZ|164824.SZ|501018.SH|510180.SH|513030.SH|513120.SH|513310.SH|518880.SH|562500.SH,0.8412753309809793,0.7579092133299615,beam_neighbor,17.0,588200.SH,562500.SH
rolling_beam_search,2023-07-01/2023-12-31,2024-01-01/2024-06-30,95,159851.SZ|159865.SZ|159920.SZ|159985.SZ|161226.SZ|164824.SZ|501018.SH|510180.SH|513030.SH|513120.SH|513290.SH|513310.SH|518880.SH,1.0731038883460875,0.6626805708925226,beam_neighbor,17.0,159981.SZ,161226.SZ
rolling_beam_search,2023-07-01/2023-12-31,2024-01-01/2024-06-30,96,159687.SZ|159865.SZ|159920.SZ|159980.SZ|159981.SZ|159985.SZ|164824.SZ|501018.SH|510180.SH|513080.SH|513120.SH|513290.SH|588200.SH,1.6491697052790883,0.7366857191376772,beam_neighbor,18.0,513310.SH,513080.SH
rolling_beam_search,2023-07-01/2023-12-31,2024-01-01/2024-06-30,97,159611.SZ|159687.SZ|159865.SZ|159920.SZ|159980.SZ|159981.SZ|159985.SZ|164824.SZ|501018.SH|513030.SH|513120.SH|513310.SH|588200.SH,0.8393020772970526,0.7579092133299615,beam_neighbor,18.0,510180.SH,159611.SZ
rolling_beam_search,2023-07-01/2023-12-31,2024-01-01/2024-06-30,98,159509.SZ|159851.SZ|159865.SZ|159920.SZ|159980.SZ|159981.SZ|159985.SZ|501018.SH|510180.SH|513030.SH|513120.SH|513290.SH|513310.SH,0.7525541279723872,0.6626805708925226,beam_neighbor,18.0,164824.SZ,159509.SZ
rolling_beam_search,2023-07-01/2023-12-31,2024-01-01/2024-06-30,99,159687.SZ|159865.SZ|159980.SZ|159981.SZ|159985.SZ|164824.SZ|510180.SH|513070.SH|513120.SH|513290.SH|513310.SH|518880.SH|588200.SH,-0.028018523052855272,0.6527891396861959,beam_neighbor,18.0,501018.SH,518880.SH
rolling_beam_search,2023-07-01/2023-12-31,2024-01-01/2024-06-30,100,159509.SZ|159687.SZ|159865.SZ|159920.SZ|159981.SZ|159985.SZ|164824.SZ|501018.SH|510180.SH|513030.SH|513120.SH|518880.SH|588200.SH,1.0373999592481007,0.7579092133299615,beam_neighbor,18.0,513310.SH,159509.SZ
rolling_beam_search,2024-01-01/2024-06-30,2024-07-01/2024-12-31,1,159915.SZ|159981.SZ|159985.SZ|164824.SZ|501018.SH|510210.SH|513030.SH|513180.SH|513310.SH|513730.SH|513750.SH|516150.SH|518880.SH,-0.12175254384273156,0.7985055969042496,initial_beam,,,
rolling_beam_search,2024-01-01/2024-06-30,2024-07-01/2024-12-31,2,159529.SZ|159611.SZ|159920.SZ|159980.SZ|159985.SZ|161226.SZ|501018.SH|510210.SH|512880.SH|513030.SH|513120.SH|513400.SH|513880.SH,0.40446797274777646,0.7273083273552956,initial_beam,,,
rolling_beam_search,2024-01-01/2024-06-30,2024-07-01/2024-12-31,3,159687.SZ|159851.SZ|159920.SZ|159981.SZ|159985.SZ|161226.SZ|510180.SH|512170.SH|513030.SH|513290.SH|513500.SH|513750.SH|518880.SH,1.0516369127880307,0.8926225266665948,initial_beam,,,
rolling_beam_search,2024-01-01/2024-06-30,2024-07-01/2024-12-31,4,159509.SZ|159920.SZ|159980.SZ|159985.SZ|161226.SZ|164824.SZ|512170.SH|513120.SH|513500.SH|513880.SH|518880.SH|563300.SH|588220.SH,2.4477493088978592,0.810248735291959,initial_beam,,,
rolling_beam_search,2024-01-01/2024-06-30,2024-07-01/2024-12-31,5,159518.SZ|159915.SZ|159980.SZ|159981.SZ|161226.SZ|164824.SZ|512400.SH|512800.SH|513030.SH|513070.SH|513400.SH|513750.SH|518880.SH,-0.13856203740017164,0.809756851832685,initial_beam,,,
rolling_beam_search,2024-01-01/2024-06-30,2024-07-01/2024-12-31,6,159915.SZ|159981.SZ|159985.SZ|164824.SZ|501018.SH|510210.SH|513180.SH|513290.SH|513310.SH|513730.SH|513750.SH|516150.SH|518880.SH,0.6486796387727846,0.7985055969042496,beam_neighbor,0.0,513030.SH,513290.SH
rolling_beam_search,2024-01-01/2024-06-30,2024-07-01/2024-12-31,7,159529.SZ|159611.SZ|159687.SZ|159920.SZ|159980.SZ|159985.SZ|161226.SZ|501018.SH|510210.SH|512880.SH|513030.SH|513120.SH|513400.SH,0.42370117078444053,0.7273083273552956,beam_neighbor,0.0,513880.SH,159687.SZ
rolling_beam_search,2024-01-01/2024-06-30,2024-07-01/2024-12-31,8,159687.SZ|159851.SZ|159920.SZ|159985.SZ|161226.SZ|501018.SH|510180.SH|512170.SH|513030.SH|513290.SH|513500.SH|513750.SH|518880.SH,2.3083184828749004,0.8926225266665948,beam_neighbor,0.0,159981.SZ,501018.SH
rolling_beam_search,2024-01-01/2024-06-30,2024-07-01/2024-12-31,9,159509.SZ|159980.SZ|159985.SZ|161226.SZ|164824.SZ|512170.SH|513120.SH|513180.SH|513500.SH|513880.SH|518880.SH|563300.SH|588220.SH,2.2230865103114104,0.810248735291959,beam_neighbor,0.0,159920.SZ,513180.SH
rolling_beam_search,2024-01-01/2024-06-30,2024-07-01/2024-12-31,10,159518.SZ|159915.SZ|159980.SZ|159985.SZ|161226.SZ|164824.SZ|512400.SH|512800.SH|513030.SH|513070.SH|513400.SH|513750.SH|518880.SH,0.19883888669086086,0.809756851832685,beam_neighbor,0.0,159981.SZ,159985.SZ
rolling_beam_search,2024-01-01/2024-06-30,2024-07-01/2024-12-31,11,159509.SZ|159920.SZ|159980.SZ|159985.SZ|161226.SZ|164824.SZ|510210.SH|512170.SH|513120.SH|513500.SH|513880.SH|518880.SH|563300.SH,2.4992871771358844,0.809756851832685,beam_neighbor,1.0,588220.SH,510210.SH
rolling_beam_search,2024-01-01/2024-06-30,2024-07-01/2024-12-31,12,159687.SZ|159851.SZ|159920.SZ|159985.SZ|161226.SZ|501018.SH|512170.SH|513030.SH|513290.SH|513500.SH|513750.SH|515880.SH|518880.SH,2.3397577440289097,0.8926225266665948,beam_neighbor,1.0,510180.SH,515880.SH
rolling_beam_search,2024-01-01/2024-06-30,2024-07-01/2024-12-31,13,159509.SZ|159985.SZ|161226.SZ|164824.SZ|501018.SH|512170.SH|513120.SH|513180.SH|513500.SH|513880.SH|518880.SH|563300.SH|588220.SH,2.566735292324525,0.810248735291959,beam_neighbor,1.0,159980.SZ,501018.SH
rolling_beam_search,2024-01-01/2024-06-30,2024-07-01/2024-12-31,14,159687.SZ|159920.SZ|159981.SZ|159985.SZ|161226.SZ|510180.SH|512170.SH|512400.SH|513030.SH|513290.SH|513500.SH|513750.SH|518880.SH,0.8794082735667563,0.8926225266665948,beam_neighbor,1.0,159851.SZ,512400.SH
rolling_beam_search,2024-01-01/2024-06-30,2024-07-01/2024-12-31,15,159687.SZ|159915.SZ|159981.SZ|159985.SZ|164824.SZ|501018.SH|510210.SH|513180.SH|513290.SH|513310.SH|513750.SH|516150.SH|518880.SH,0.43225301963614826,0.7985055969042496,beam_neighbor,1.0,513730.SH,159687.SZ
rolling_beam_search,2024-01-01/2024-06-30,2024-07-01/2024-12-31,16,159509.SZ|159949.SZ|159985.SZ|161226.SZ|164824.SZ|501018.SH|513120.SH|513180.SH|513500.SH|513880.SH|518880.SH|563300.SH|588220.SH,2.784846566866044,0.809756851832685,beam_neighbor,2.0,512170.SH,159949.SZ
rolling_beam_search,2024-01-01/2024-06-30,2024-07-01/2024-12-31,17,159509.SZ|159980.SZ|159985.SZ|161226.SZ|164824.SZ|510210.SH|512170.SH|513070.SH|513120.SH|513500.SH|513880.SH|518880.SH|563300.SH,2.3233804542865517,0.809756851832685,beam_neighbor,2.0,159920.SZ,513070.SH
rolling_beam_search,2024-01-01/2024-06-30,2024-07-01/2024-12-31,18,159509.SZ|159920.SZ|159980.SZ|159985.SZ|161226.SZ|164824.SZ|512170.SH|513500.SH|513750.SH|513880.SH|518880.SH|563300.SH|588220.SH,2.3512083809699145,0.8926225266665948,beam_neighbor,2.0,513120.SH,513750.SH
rolling_beam_search,2024-01-01/2024-06-30,2024-07-01/2024-12-31,19,159687.SZ|159851.SZ|159920.SZ|159985.SZ|161226.SZ|501018.SH|512170.SH|513290.SH|513310.SH|513500.SH|513750.SH|515880.SH|518880.SH,2.2331624283632863,0.8926225266665948,beam_neighbor,2.0,513030.SH,513310.SH
rolling_beam_search,2024-01-01/2024-06-30,2024-07-01/2024-12-31,20,159687.SZ|159851.SZ|159920.SZ|159981.SZ|159985.SZ|501018.SH|510180.SH|512170.SH|513030.SH|513290.SH|513500.SH|513750.SH|518880.SH,1.356444175786921,0.8926225266665948,beam_neighbor,2.0,161226.SZ,159981.SZ
rolling_beam_search,2024-01-01/2024-06-30,2024-07-01/2024-12-31,21,159509.SZ|159766.SZ|159985.SZ|161226.SZ|164824.SZ|501018.SH|513120.SH|513180.SH|513500.SH|513880.SH|518880.SH|563300.SH|588220.SH,2.656788532287615,0.809756851832685,beam_neighbor,3.0,159949.SZ,159766.SZ
rolling_beam_search,2024-01-01/2024-06-30,2024-07-01/2024-12-31,22,159509.SZ|159967.SZ|159985.SZ|161226.SZ|164824.SZ|501018.SH|513120.SH|513180.SH|513500.SH|513880.SH|518880.SH|563300.SH|588220.SH,2.5617661951095547,0.809756851832685,beam_neighbor,3.0,512170.SH,159967.SZ
rolling_beam_search,2024-01-01/2024-06-30,2024-07-01/2024-12-31,23,159509.SZ|159920.SZ|159980.SZ|159985.SZ|164824.SZ|501018.SH|510210.SH|512170.SH|513120.SH|513500.SH|513880.SH|518880.SH|563300.SH,2.5211560785088842,0.7250615512984933,beam_neighbor,3.0,161226.SZ,501018.SH
rolling_beam_search,2024-01-01/2024-06-30,2024-07-01/2024-12-31,24,159509.SZ|159920.SZ|159980.SZ|159985.SZ|161226.SZ|512170.SH|513030.SH|513120.SH|513500.SH|513880.SH|518880.SH|563300.SH|588220.SH,1.6313923048127215,0.810248735291959,beam_neighbor,3.0,164824.SZ,513030.SH
rolling_beam_search,2024-01-01/2024-06-30,2024-07-01/2024-12-31,25,159509.SZ|159920.SZ|159980.SZ|159985.SZ|161226.SZ|164824.SZ|512170.SH|513500.SH|513750.SH|513880.SH|518880.SH|563300.SH|588200.SH,2.853607921787766,0.8926225266665948,beam_neighbor,3.0,588220.SH,588200.SH
rolling_beam_search,2024-01-01/2024-06-30,2024-07-01/2024-12-31,26,159509.SZ|159920.SZ|159980.SZ|159985.SZ|161226.SZ|164824.SZ|501018.SH|512170.SH|513500.SH|513750.SH|513880.SH|563300.SH|588200.SH,3.3635915049357847,0.8926225266665948,beam_neighbor,4.0,518880.SH,501018.SH
rolling_beam_search,2024-01-01/2024-06-30,2024-07-01/2024-12-31,27,159509.SZ|159949.SZ|159985.SZ|161226.SZ|164824.SZ|501018.SH|512170.SH|513120.SH|513180.SH|513500.SH|513880.SH|518880.SH|563300.SH,2.872213035225152,0.809756851832685,beam_neighbor,4.0,588220.SH,512170.SH
rolling_beam_search,2024-01-01/2024-06-30,2024-07-01/2024-12-31,28,159509.SZ|159766.SZ|159985.SZ|161226.SZ|501018.SH|513120.SH|513180.SH|513400.SH|513500.SH|513880.SH|518880.SH|563300.SH|588220.SH,2.349195645411428,0.809756851832685,beam_neighbor,4.0,164824.SZ,513400.SH
rolling_beam_search,2024-01-01/2024-06-30,2024-07-01/2024-12-31,29,159509.SZ|159985.SZ|161226.SZ|164824.SZ|501018.SH|512170.SH|513120.SH|513180.SH|513500.SH|513880.SH|515210.SH|518880.SH|563300.SH,3.036710301566835,0.809756851832685,beam_neighbor,4.0,588220.SH,515210.SH
rolling_beam_search,2024-01-01/2024-06-30,2024-07-01/2024-12-31,30,159509.SZ|159967.SZ|159981.SZ|159985.SZ|161226.SZ|164824.SZ|513120.SH|513180.SH|513500.SH|513880.SH|518880.SH|563300.SH|588220.SH,1.8099409668212367,0.809756851832685,beam_neighbor,4.0,501018.SH,159981.SZ
rolling_beam_search,2024-01-01/2024-06-30,2024-07-01/2024-12-31,31,159509.SZ|159920.SZ|159980.SZ|159985.SZ|161226.SZ|164824.SZ|501018.SH|512170.SH|513400.SH|513750.SH|513880.SH|563300.SH|588200.SH,2.620089964792463,0.8926225266665948,beam_neighbor,5.0,513500.SH,513400.SH
rolling_beam_search,2024-01-01/2024-06-30,2024-07-01/2024-12-31,32,159509.SZ|159981.SZ|159985.SZ|164824.SZ|501018.SH|512170.SH|513120.SH|513180.SH|513500.SH|513880.SH|515210.SH|518880.SH|563300.SH,1.6816131421688063,0.763303340072328,beam_neighbor,5.0,161226.SZ,159981.SZ
rolling_beam_search,2024-01-01/2024-06-30,2024-07-01/2024-12-31,33,159529.SZ|159949.SZ|159985.SZ|161226.SZ|164824.SZ|501018.SH|512170.SH|513120.SH|513180.SH|513500.SH|513880.SH|518880.SH|563300.SH,2.3150717703596233,0.809756851832685,beam_neighbor,5.0,159509.SZ,159529.SZ
rolling_beam_search,2024-01-01/2024-06-30,2024-07-01/2024-12-31,34,159509.SZ|159920.SZ|159980.SZ|159985.SZ|161226.SZ|164824.SZ|513500.SH|513750.SH|513880.SH|515210.SH|518880.SH|563300.SH|588200.SH,2.7819777420070406,0.8926225266665948,beam_neighbor,5.0,512170.SH,515210.SH
rolling_beam_search,2024-01-01/2024-06-30,2024-07-01/2024-12-31,35,159509.SZ|159901.SZ|159985.SZ|161226.SZ|164824.SZ|501018.SH|513120.SH|513180.SH|513500.SH|513880.SH|518880.SH|563300.SH|588220.SH,2.8468493353655986,0.809756851832685,beam_neighbor,5.0,159949.SZ,159901.SZ
rolling_beam_search,2024-01-01/2024-06-30,2024-07-01/2024-12-31,36,159509.SZ|159920.SZ|159980.SZ|159985.SZ|161226.SZ|501018.SH|512170.SH|513080.SH|513500.SH|513750.SH|513880.SH|563300.SH|588200.SH,2.875640064633539,0.8926225266665948,beam_neighbor,6.0,164824.SZ,513080.SH
rolling_beam_search,2024-01-01/2024-06-30,2024-07-01/2024-12-31,37,159509.SZ|159985.SZ|161226.SZ|164824.SZ|501018.SH|510210.SH|512170.SH|513120.SH|513180.SH|513500.SH|513880.SH|518880.SH|563300.SH,2.5033930084961735,0.809756851832685,beam_neighbor,6.0,515210.SH,510210.SH
rolling_beam_search,2024-01-01/2024-06-30,2024-07-01/2024-12-31,38,159949.SZ|159985.SZ|160644.SZ|161226.SZ|164824.SZ|501018.SH|512170.SH|513120.SH|513180.SH|513500.SH|513880.SH|518880.SH|563300.SH,2.617378197547581,0.809756851832685,beam_neighbor,6.0,159509.SZ,160644.SZ
rolling_beam_search,2024-01-01/2024-06-30,2024-07-01/2024-12-31,39,159509.SZ|159980.SZ|159985.SZ|161226.SZ|164824.SZ|512170.SH|513120.SH|513500.SH|513750.SH|513880.SH|518880.SH|563300.SH|588200.SH,2.524733408963766,0.809756851832685,beam_neighbor,6.0,159920.SZ,513120.SH
rolling_beam_search,2024-01-01/2024-06-30,2024-07-01/2024-12-31,40,159901.SZ|159985.SZ|161226.SZ|164824.SZ|501018.SH|513120.SH|513180.SH|513400.SH|513500.SH|513880.SH|518880.SH|563300.SH|588220.SH,2.0249317999173706,0.809756851832685,beam_neighbor,6.0,159509.SZ,513400.SH
rolling_beam_search,2024-01-01/2024-06-30,2024-07-01/2024-12-31,41,159509.SZ|159920.SZ|159980.SZ|159985.SZ|161226.SZ|164824.SZ|501018.SH|512170.SH|513180.SH|513500.SH|513880.SH|563300.SH|588200.SH,3.2012822790215067,0.9194110626548546,beam_neighbor,7.0,513750.SH,513180.SH
rolling_beam_search,2024-01-01/2024-06-30,2024-07-01/2024-12-31,42,159509.SZ|159985.SZ|161226.SZ|164824.SZ|501018.SH|512170.SH|513030.SH|513120.SH|513180.SH|513500.SH|515210.SH|518880.SH|563300.SH,2.8780293784122897,0.809756851832685,beam_neighbor,7.0,513880.SH,513030.SH
rolling_beam_search,2024-01-01/2024-06-30,2024-07-01/2024-12-31,43,159509.SZ|159920.SZ|159980.SZ|159981.SZ|161226.SZ|501018.SH|512170.SH|513080.SH|513500.SH|513750.SH|513880.SH|563300.SH|588200.SH,1.5167230606994135,0.8926225266665948,beam_neighbor,7.0,159985.SZ,159981.SZ
rolling_beam_search,2024-01-01/2024-06-30,2024-07-01/2024-12-31,44,159509.SZ|159949.SZ|159980.SZ|159985.SZ|161226.SZ|164824.SZ|512170.SH|513120.SH|513180.SH|513500.SH|513880.SH|518880.SH|563300.SH,2.52472534562444,0.809756851832685,beam_neighbor,7.0,501018.SH,159980.SZ
rolling_beam_search,2024-01-01/2024-06-30,2024-07-01/2024-12-31,45,159509.SZ|159825.SZ|159920.SZ|159980.SZ|159985.SZ|161226.SZ|164824.SZ|513500.SH|513750.SH|513880.SH|518880.SH|563300.SH|588200.SH,2.9956906003580643,0.8926225266665948,beam_neighbor,7.0,512170.SH,159825.SZ
rolling_beam_search,2024-01-01/2024-06-30,2024-07-01/2024-12-31,46,159509.SZ|159920.SZ|159980.SZ|159985.SZ|161226.SZ|501018.SH|512170.SH|513400.SH|513500.SH|513750.SH|513880.SH|563300.SH|588200.SH,2.9171969315192,0.8926225266665948,beam_neighbor,8.0,164824.SZ,513400.SH
rolling_beam_search,2024-01-01/2024-06-30,2024-07-01/2024-12-31,47,159509.SZ|159611.SZ|159920.SZ|159980.SZ|159985.SZ|161226.SZ|164824.SZ|501018.SH|512170.SH|513180.SH|513500.SH|513880.SH|563300.SH,2.3569552827948037,0.9194110626548546,beam_neighbor,8.0,588200.SH,159611.SZ
rolling_beam_search,2024-01-01/2024-06-30,2024-07-01/2024-12-31,48,159509.SZ|159518.SZ|159985.SZ|161226.SZ|164824.SZ|501018.SH|512170.SH|513120.SH|513180.SH|513880.SH|515210.SH|518880.SH|563300.SH,2.206332606642572,0.809756851832685,beam_neighbor,8.0,513500.SH,159518.SZ
rolling_beam_search,2024-01-01/2024-06-30,2024-07-01/2024-12-31,49,159509.SZ|159825.SZ|159920.SZ|159981.SZ|159985.SZ|161226.SZ|164824.SZ|513500.SH|513750.SH|513880.SH|518880.SH|563300.SH|588200.SH,2.147118789964285,0.8926225266665948,beam_neighbor,8.0,159980.SZ,159981.SZ
rolling_beam_search,2024-01-01/2024-06-30,2024-07-01/2024-12-31,50,159509.SZ|159985.SZ|161226.SZ|164824.SZ|501018.SH|513030.SH|513120.SH|513180.SH|513500.SH|515210.SH|518880.SH|563300.SH|588220.SH,2.733900858544723,0.809756851832685,beam_neighbor,8.0,512170.SH,588220.SH
rolling_beam_search,2024-01-01/2024-06-30,2024-07-01/2024-12-31,51,159509.SZ|159920.SZ|159981.SZ|159985.SZ|161226.SZ|164824.SZ|501018.SH|512170.SH|513500.SH|513750.SH|513880.SH|563300.SH|588200.SH,2.0533405624570107,0.8926225266665948,beam_neighbor,9.0,159980.SZ,159981.SZ
rolling_beam_search,2024-01-01/2024-06-30,2024-07-01/2024-12-31,52,159509.SZ|159920.SZ|159980.SZ|159985.SZ|161226.SZ|501018.SH|512170.SH|513180.SH|513400.SH|513500.SH|513880.SH|563300.SH|588200.SH,2.6316493226457043,0.9194110626548546,beam_neighbor,9.0,164824.SZ,513400.SH
rolling_beam_search,2024-01-01/2024-06-30,2024-07-01/2024-12-31,53,159985.SZ|161226.SZ|164824.SZ|501018.SH|512170.SH|513100.SH|513120.SH|513180.SH|513500.SH|513880.SH|515210.SH|518880.SH|563300.SH,2.87640672786814,0.8284455626917091,beam_neighbor,9.0,159509.SZ,513100.SH
rolling_beam_search,2024-01-01/2024-06-30,2024-07-01/2024-12-31,54,159509.SZ|159611.SZ|159825.SZ|159920.SZ|159980.SZ|159985.SZ|161226.SZ|164824.SZ|513500.SH|513750.SH|513880.SH|518880.SH|588200.SH,2.3320091358351323,0.8926225266665948,beam_neighbor,9.0,563300.SH,159611.SZ
rolling_beam_search,2024-01-01/2024-06-30,2024-07-01/2024-12-31,55,159920.SZ|159980.SZ|159985.SZ|161226.SZ|501018.SH|512170.SH|513030.SH|513400.SH|513500.SH|513750.SH|513880.SH|563300.SH|588200.SH,1.7895445515062272,0.8926225266665948,beam_neighbor,9.0,159509.SZ,513030.SH
rolling_beam_search,2024-01-01/2024-06-30,2024-07-01/2024-12-31,56,159509.SZ|159920.SZ|159980.SZ|159981.SZ|159985.SZ|164824.SZ|501018.SH|512170.SH|513500.SH|513750.SH|513880.SH|563300.SH|588200.SH,1.772432462772223,0.8926225266665948,beam_neighbor,10.0,161226.SZ,159981.SZ
rolling_beam_search,2024-01-01/2024-06-30,2024-07-01/2024-12-31,57,159509.SZ|159518.SZ|159920.SZ|159980.SZ|159985.SZ|161226.SZ|164824.SZ|501018.SH|512170.SH|513180.SH|513500.SH|563300.SH|588200.SH,2.9727265817927973,0.9194110626548546,beam_neighbor,10.0,513880.SH,159518.SZ
rolling_beam_search,2024-01-01/2024-06-30,2024-07-01/2024-12-31,58,159509.SZ|159980.SZ|159985.SZ|164824.SZ|501018.SH|512170.SH|513120.SH|513180.SH|513500.SH|513880.SH|515210.SH|518880.SH|563300.SH,2.4920053528993913,0.763303340072328,beam_neighbor,10.0,161226.SZ,159980.SZ
rolling_beam_search,2024-01-01/2024-06-30,2024-07-01/2024-12-31,59,159509.SZ|159825.SZ|159920.SZ|159980.SZ|159981.SZ|159985.SZ|164824.SZ|513500.SH|513750.SH|513880.SH|518880.SH|563300.SH|588200.SH,1.8858065372952104,0.8926225266665948,beam_neighbor,10.0,161226.SZ,159981.SZ
rolling_beam_search,2024-01-01/2024-06-30,2024-07-01/2024-12-31,60,159509.SZ|159851.SZ|159920.SZ|159980.SZ|159985.SZ|161226.SZ|501018.SH|513400.SH|513500.SH|513750.SH|513880.SH|563300.SH|588200.SH,2.9785075498373805,0.8926225266665948,beam_neighbor,10.0,512170.SH,159851.SZ
rolling_beam_search,2024-01-01/2024-06-30,2024-07-01/2024-12-31,61,159509.SZ|159920.SZ|159980.SZ|159985.SZ|164824.SZ|501018.SH|512170.SH|513500.SH|513750.SH|513880.SH|518880.SH|563300.SH|588200.SH,2.8834659006672183,0.8926225266665948,beam_neighbor,11.0,161226.SZ,518880.SH
rolling_beam_search,2024-01-01/2024-06-30,2024-07-01/2024-12-31,62,159509.SZ|159518.SZ|159920.SZ|159980.SZ|159985.SZ|161226.SZ|501018.SH|512170.SH|513180.SH|513500.SH|513880.SH|563300.SH|588200.SH,3.046220143684767,0.9194110626548546,beam_neighbor,11.0,164824.SZ,159518.SZ
rolling_beam_search,2024-01-01/2024-06-30,2024-07-01/2024-12-31,63,159985.SZ|161226.SZ|164824.SZ|501018.SH|512170.SH|513120.SH|513180.SH|513310.SH|513500.SH|513880.SH|515210.SH|518880.SH|563300.SH,2.5342221604097332,0.809756851832685,beam_neighbor,11.0,159509.SZ,513310.SH
rolling_beam_search,2024-01-01/2024-06-30,2024-07-01/2024-12-31,64,159509.SZ|159825.SZ|159901.SZ|159920.SZ|159980.SZ|159985.SZ|161226.SZ|164824.SZ|513500.SH|513750.SH|513880.SH|518880.SH|563300.SH,2.9916391530604227,0.8926225266665948,beam_neighbor,11.0,588200.SH,159901.SZ
rolling_beam_search,2024-01-01/2024-06-30,2024-07-01/2024-12-31,65,159509.SZ|159851.SZ|159920.SZ|159980.SZ|159981.SZ|161226.SZ|501018.SH|513400.SH|513500.SH|513750.SH|513880.SH|563300.SH|588200.SH,1.9222819819970682,0.8926225266665948,beam_neighbor,11.0,159985.SZ,159981.SZ
rolling_beam_search,2024-01-01/2024-06-30,2024-07-01/2024-12-31,66,159920.SZ|159980.SZ|159985.SZ|161226.SZ|164824.SZ|501018.SH|512170.SH|513400.SH|513500.SH|513750.SH|513880.SH|563300.SH|588200.SH,2.060118199894017,0.8926225266665948,beam_neighbor,12.0,159509.SZ,513400.SH
rolling_beam_search,2024-01-01/2024-06-30,2024-07-01/2024-12-31,67,159509.SZ|159980.SZ|159985.SZ|161226.SZ|164824.SZ|501018.SH|512170.SH|513180.SH|513500.SH|513750.SH|513880.SH|563300.SH|588200.SH,2.7833931873122904,0.7985055969042496,beam_neighbor,12.0,159920.SZ,513750.SH
rolling_beam_search,2024-01-01/2024-06-30,2024-07-01/2024-12-31,68,159509.SZ|159920.SZ|159980.SZ|159985.SZ|161226.SZ|501018.SH|512170.SH|513180.SH|513290.SH|513500.SH|513880.SH|563300.SH|588200.SH,2.759099540244555,0.9194110626548546,beam_neighbor,12.0,159518.SZ,513290.SH
rolling_beam_search,2024-01-01/2024-06-30,2024-07-01/2024-12-31,69,159509.SZ|159901.SZ|159985.SZ|161226.SZ|164824.SZ|501018.SH|512170.SH|513120.SH|513180.SH|513500.SH|513880.SH|515210.SH|518880.SH,3.068123211283144,0.809756851832685,beam_neighbor,12.0,563300.SH,159901.SZ
rolling_beam_search,2024-01-01/2024-06-30,2024-07-01/2024-12-31,70,159509.SZ|159865.SZ|159920.SZ|159980.SZ|159985.SZ|161226.SZ|164824.SZ|513500.SH|513750.SH|513880.SH|518880.SH|563300.SH|588200.SH,2.3258383054697007,0.8926225266665948,beam_neighbor,12.0,159825.SZ,159865.SZ
rolling_beam_search,2024-01-01/2024-06-30,2024-07-01/2024-12-31,71,159509.SZ|159920.SZ|159980.SZ|159985.SZ|161226.SZ|164824.SZ|501018.SH|512170.SH|513290.SH|513500.SH|513750.SH|563300.SH|588200.SH,2.6725804309721,0.8926225266665948,beam_neighbor,13.0,513880.SH,513290.SH
rolling_beam_search,2024-01-01/2024-06-30,2024-07-01/2024-12-31,72,159518.SZ|159920.SZ|159980.SZ|159985.SZ|161226.SZ|164824.SZ|501018.SH|512170.SH|513180.SH|513500.SH|513880.SH|563300.SH|588200.SH,2.3761851698843484,0.9194110626548546,beam_neighbor,13.0,159509.SZ,159518.SZ
rolling_beam_search,2024-01-01/2024-06-30,2024-07-01/2024-12-31,73,159509.SZ|159901.SZ|159985.SZ|161226.SZ|164824.SZ|501018.SH|512170.SH|513070.SH|513120.SH|513500.SH|513880.SH|515210.SH|518880.SH,2.64111441838539,0.809756851832685,beam_neighbor,13.0,513180.SH,513070.SH
rolling_beam_search,2024-01-01/2024-06-30,2024-07-01/2024-12-31,74,159509.SZ|159518.SZ|159920.SZ|159981.SZ|159985.SZ|161226.SZ|501018.SH|512170.SH|513180.SH|513500.SH|513880.SH|563300.SH|588200.SH,2.4891798190000194,0.9194110626548546,beam_neighbor,13.0,159980.SZ,159981.SZ
rolling_beam_search,2024-01-01/2024-06-30,2024-07-01/2024-12-31,75,159509.SZ|159985.SZ|160644.SZ|161226.SZ|164824.SZ|501018.SH|512170.SH|513120.SH|513180.SH|513500.SH|515210.SH|518880.SH|563300.SH,2.415944387854183,0.809756851832685,beam_neighbor,13.0,513880.SH,160644.SZ
rolling_beam_search,2024-01-01/2024-06-30,2024-07-01/2024-12-31,76,159509.SZ|159920.SZ|159980.SZ|159985.SZ|161226.SZ|164824.SZ|501018.SH|512170.SH|513120.SH|513500.SH|513880.SH|563300.SH|588200.SH,3.2582698619163724,0.7250615512984933,beam_neighbor,14.0,513750.SH,513120.SH
rolling_beam_search,2024-01-01/2024-06-30,2024-07-01/2024-12-31,77,159509.SZ|159529.SZ|159920.SZ|159980.SZ|159985.SZ|161226.SZ|164824.SZ|501018.SH|512170.SH|513180.SH|513500.SH|563300.SH|588200.SH,3.0912440856482335,0.9194110626548546,beam_neighbor,14.0,513880.SH,159529.SZ
rolling_beam_search,2024-01-01/2024-06-30,2024-07-01/2024-12-31,78,159509.SZ|159985.SZ|161226.SZ|164824.SZ|501018.SH|512100.SH|512170.SH|513120.SH|513180.SH|513500.SH|513880.SH|515210.SH|518880.SH,2.8774042067250756,0.809756851832685,beam_neighbor,14.0,159901.SZ,512100.SH
rolling_beam_search,2024-01-01/2024-06-30,2024-07-01/2024-12-31,79,159509.SZ|159518.SZ|159901.SZ|159920.SZ|159980.SZ|159985.SZ|161226.SZ|501018.SH|513180.SH|513500.SH|513880.SH|563300.SH|588200.SH,3.155407974144814,0.9194110626548546,beam_neighbor,14.0,512170.SH,159901.SZ
rolling_beam_search,2024-01-01/2024-06-30,2024-07-01/2024-12-31,80,159509.SZ|159985.SZ|161226.SZ|501018.SH|512170.SH|513120.SH|513180.SH|513500.SH|513730.SH|513880.SH|515210.SH|518880.SH|563300.SH,2.892098629742576,0.809756851832685,beam_neighbor,14.0,164824.SZ,513730.SH
rolling_beam_search,2024-01-01/2024-06-30,2024-07-01/2024-12-31,81,159509.SZ|159920.SZ|159980.SZ|159985.SZ|161226.SZ|164824.SZ|501018.SH|513500.SH|513750.SH|513880.SH|516150.SH|563300.SH|588200.SH,3.018806615014146,0.8926225266665948,beam_neighbor,15.0,512170.SH,516150.SH
rolling_beam_search,2024-01-01/2024-06-30,2024-07-01/2024-12-31,82,159509.SZ|159529.SZ|159920.SZ|159980.SZ|159985.SZ|161226.SZ|501018.SH|512170.SH|513120.SH|513500.SH|513880.SH|563300.SH|588200.SH,3.298807671443044,0.7250615512984933,beam_neighbor,15.0,164824.SZ,159529.SZ
rolling_beam_search,2024-01-01/2024-06-30,2024-07-01/2024-12-31,83,159920.SZ|159980.SZ|159985.SZ|161226.SZ|164824.SZ|501018.SH|512170.SH|513100.SH|513180.SH|513500.SH|513880.SH|563300.SH|588200.SH,2.7963651633925073,0.9194110626548546,beam_neighbor,15.0,159509.SZ,513100.SH
rolling_beam_search,2024-01-01/2024-06-30,2024-07-01/2024-12-31,84,159509.SZ|159518.SZ|159901.SZ|159980.SZ|159985.SZ|161226.SZ|501018.SH|513120.SH|513180.SH|513500.SH|513880.SH|563300.SH|588200.SH,2.962007986848299,0.7861870530801096,beam_neighbor,15.0,159920.SZ,513120.SH
rolling_beam_search,2024-01-01/2024-06-30,2024-07-01/2024-12-31,85,159509.SZ|159920.SZ|159980.SZ|159985.SZ|161226.SZ|164824.SZ|501018.SH|512170.SH|513030.SH|513180.SH|513500.SH|563300.SH|588200.SH,2.7872695723477703,0.9194110626548546,beam_neighbor,15.0,159529.SZ,513030.SH
rolling_beam_search,2024-01-01/2024-06-30,2024-07-01/2024-12-31,86,159529.SZ|159920.SZ|159980.SZ|159985.SZ|161226.SZ|164824.SZ|501018.SH|512170.SH|513500.SH|513750.SH|513880.SH|563300.SH|588200.SH,2.554770364845454,0.8926225266665948,beam_neighbor,16.0,159509.SZ,159529.SZ
rolling_beam_search,2024-01-01/2024-06-30,2024-07-01/2024-12-31,87,159529.SZ|159920.SZ|159980.SZ|159985.SZ|161226.SZ|164824.SZ|501018.SH|512170.SH|513120.SH|513500.SH|513880.SH|563300.SH|588200.SH,2.3681218908649027,0.7250615512984933,beam_neighbor,16.0,159509.SZ,164824.SZ
rolling_beam_search,2024-01-01/2024-06-30,2024-07-01/2024-12-31,88,159509.SZ|159920.SZ|159980.SZ|159985.SZ|161226.SZ|164824.SZ|501018.SH|512170.SH|513120.SH|513500.SH|513880.SH|516150.SH|588200.SH,2.961476548309737,0.7250615512984933,beam_neighbor,16.0,563300.SH,516150.SH
rolling_beam_search,2024-01-01/2024-06-30,2024-07-01/2024-12-31,89,159509.SZ|159920.SZ|159980.SZ|161226.SZ|164824.SZ|501018.SH|512170.SH|513180.SH|513500.SH|513880.SH|518880.SH|563300.SH|588200.SH,2.624036935494155,0.9194110626548546,beam_neighbor,16.0,159985.SZ,518880.SH
rolling_beam_search,2024-01-01/2024-06-30,2024-07-01/2024-12-31,90,159509.SZ|159518.SZ|159901.SZ|159920.SZ|159980.SZ|159985.SZ|161226.SZ|501018.SH|513180.SH|513290.SH|513880.SH|563300.SH|588200.SH,3.2800148393113413,0.9194110626548546,beam_neighbor,16.0,513500.SH,513290.SH
rolling_beam_search,2024-01-01/2024-06-30,2024-07-01/2024-12-31,91,159509.SZ|159920.SZ|159980.SZ|159985.SZ|160644.SZ|161226.SZ|164824.SZ|501018.SH|512170.SH|513500.SH|513750.SH|563300.SH|588200.SH,2.486635900329255,0.8926225266665948,beam_neighbor,17.0,513880.SH,160644.SZ
rolling_beam_search,2024-01-01/2024-06-30,2024-07-01/2024-12-31,92,159509.SZ|159529.SZ|159920.SZ|159980.SZ|159985.SZ|160644.SZ|161226.SZ|501018.SH|512170.SH|513120.SH|513880.SH|563300.SH|588200.SH,2.9783899537259972,0.7250615512984933,beam_neighbor,17.0,513500.SH,160644.SZ
rolling_beam_search,2024-01-01/2024-06-30,2024-07-01/2024-12-31,93,159509.SZ|159518.SZ|159901.SZ|159920.SZ|159980.SZ|161226.SZ|501018.SH|513180.SH|513290.SH|513880.SH|518880.SH|563300.SH|588200.SH,2.3099999708344585,0.9194110626548546,beam_neighbor,17.0,159985.SZ,518880.SH
rolling_beam_search,2024-01-01/2024-06-30,2024-07-01/2024-12-31,94,159509.SZ|159920.SZ|159980.SZ|159981.SZ|161226.SZ|164824.SZ|501018.SH|512170.SH|513120.SH|513500.SH|513880.SH|563300.SH|588200.SH,1.9409932908554854,0.7250615512984933,beam_neighbor,17.0,159985.SZ,159981.SZ
rolling_beam_search,2024-01-01/2024-06-30,2024-07-01/2024-12-31,95,159509.SZ|159901.SZ|159920.SZ|159980.SZ|159985.SZ|161226.SZ|164824.SZ|501018.SH|512170.SH|513180.SH|513500.SH|513880.SH|563300.SH,3.3381086548555565,0.9194110626548546,beam_neighbor,17.0,588200.SH,159901.SZ
rolling_beam_search,2024-01-01/2024-06-30,2024-07-01/2024-12-31,96,159509.SZ|159920.SZ|159980.SZ|159985.SZ|161226.SZ|501018.SH|512170.SH|513310.SH|513500.SH|513750.SH|513880.SH|563300.SH|588200.SH,2.8562612110877867,0.8926225266665948,beam_neighbor,18.0,164824.SZ,513310.SH
rolling_beam_search,2024-01-01/2024-06-30,2024-07-01/2024-12-31,97,159509.SZ|159901.SZ|159920.SZ|159980.SZ|159985.SZ|161226.SZ|164824.SZ|501018.SH|512170.SH|513180.SH|513310.SH|513500.SH|563300.SH,3.0776609902858607,0.9194110626548546,beam_neighbor,18.0,513880.SH,513310.SH
rolling_beam_search,2024-01-01/2024-06-30,2024-07-01/2024-12-31,98,159509.SZ|159529.SZ|159920.SZ|159980.SZ|159985.SZ|161226.SZ|501018.SH|510180.SH|513120.SH|513500.SH|513880.SH|563300.SH|588200.SH,3.091948722724871,0.7250615512984933,beam_neighbor,18.0,512170.SH,510180.SH
rolling_beam_search,2024-01-01/2024-06-30,2024-07-01/2024-12-31,99,159509.SZ|159518.SZ|159901.SZ|159920.SZ|159980.SZ|159985.SZ|161226.SZ|513180.SH|513290.SH|513880.SH|518880.SH|563300.SH|588200.SH,2.4271885455681104,0.9194110626548546,beam_neighbor,18.0,501018.SH,518880.SH
rolling_beam_search,2024-01-01/2024-06-30,2024-07-01/2024-12-31,100,159509.SZ|159518.SZ|159920.SZ|159980.SZ|159985.SZ|161226.SZ|164824.SZ|501018.SH|512170.SH|513120.SH|513880.SH|563300.SH|588200.SH,2.8813854550258657,0.7250615512984933,beam_neighbor,18.0,513500.SH,159518.SZ
rolling_beam_search,2024-07-01/2024-12-31,2025-01-01/2025-06-30,1,159329.SZ|159766.SZ|159865.SZ|159980.SZ|159985.SZ|164824.SZ|501018.SH|512890.SH|513030.SH|513120.SH|513180.SH|513880.SH|518880.SH,-1.1901101863520742,0.863941989102733,initial_beam,,,
rolling_beam_search,2024-07-01/2024-12-31,2025-01-01/2025-06-30,2,159529.SZ|159611.SZ|159981.SZ|161226.SZ|501018.SH|510500.SH|513030.SH|513120.SH|513500.SH|513730.SH|513750.SH|518880.SH|588200.SH,0.5298618722762604,0.7703390842413431,initial_beam,,,
rolling_beam_search,2024-07-01/2024-12-31,2025-01-01/2025-06-30,3,159766.SZ|159980.SZ|159981.SZ|161226.SZ|164824.SZ|501018.SH|510300.SH|510500.SH|513080.SH|513180.SH|513290.SH|513500.SH|513750.SH,-0.6570578289272577,0.9085053755958449,initial_beam,,,
rolling_beam_search,2024-07-01/2024-12-31,2025-01-01/2025-06-30,4,159687.SZ|159851.SZ|159967.SZ|159980.SZ|159981.SZ|161226.SZ|512040.SH|513070.SH|513080.SH|513290.SH|513750.SH|513880.SH|518880.SH,0.2212131400938017,0.8406231432114443,initial_beam,,,
rolling_beam_search,2024-07-01/2024-12-31,2025-01-01/2025-06-30,5,159518.SZ|159980.SZ|159981.SZ|159985.SZ|510500.SH|512660.SH|512880.SH|513080.SH|513120.SH|513180.SH|513500.SH|513730.SH|518880.SH,0.5016370697506827,0.8416624362405315,initial_beam,,,
rolling_beam_search,2024-07-01/2024-12-31,2025-01-01/2025-06-30,6,159329.SZ|159611.SZ|159766.SZ|159980.SZ|159985.SZ|164824.SZ|501018.SH|512890.SH|513030.SH|513120.SH|513180.SH|513880.SH|518880.SH,-1.0977839041130737,0.7970182941368983,beam_neighbor,0.0,159865.SZ,159611.SZ
rolling_beam_search,2024-07-01/2024-12-31,2025-01-01/2025-06-30,7,159529.SZ|159611.SZ|159981.SZ|161226.SZ|501018.SH|513030.SH|513120.SH|513500.SH|513730.SH|513750.SH|515220.SH|518880.SH|588200.SH,0.6081029156056968,0.7716847556551749,beam_neighbor,0.0,510500.SH,515220.SH
rolling_beam_search,2024-07-01/2024-12-31,2025-01-01/2025-06-30,8,159326.SZ|159766.SZ|159980.SZ|159981.SZ|161226.SZ|164824.SZ|501018.SH|510300.SH|513080.SH|513180.SH|513290.SH|513500.SH|513750.SH,-0.6073457314676699,0.8861226651551434,beam_neighbor,0.0,510500.SH,159326.SZ
rolling_beam_search,2024-07-01/2024-12-31,2025-01-01/2025-06-30,9,159687.SZ|159851.SZ|159967.SZ|159981.SZ|159985.SZ|161226.SZ|512040.SH|513070.SH|513080.SH|513290.SH|513750.SH|513880.SH|518880.SH,0.2743404654015848,0.8406231432114443,beam_neighbor,0.0,159980.SZ,159985.SZ
rolling_beam_search,2024-07-01/2024-12-31,2025-01-01/2025-06-30,10,159980.SZ|159981.SZ|159985.SZ|510500.SH|512660.SH|512880.SH|513080.SH|513120.SH|513180.SH|513500.SH|513730.SH|513880.SH|518880.SH,1.098425823929784,0.8416624362405315,beam_neighbor,0.0,159518.SZ,513880.SH
rolling_beam_search,2024-07-01/2024-12-31,2025-01-01/2025-06-30,11,159980.SZ|159981.SZ|159985.SZ|510500.SH|512660.SH|513080.SH|513120.SH|513180.SH|513500.SH|513730.SH|513880.SH|518880.SH|588220.SH,0.8306202650594566,0.8813862814949958,beam_neighbor,1.0,512880.SH,588220.SH
rolling_beam_search,2024-07-01/2024-12-31,2025-01-01/2025-06-30,12,159611.SZ|159981.SZ|161226.SZ|501018.SH|513030.SH|513120.SH|513400.SH|513500.SH|513730.SH|513750.SH|515220.SH|518880.SH|588200.SH,0.25090671747394866,0.7716847556551749,beam_neighbor,1.0,159529.SZ,513400.SH
rolling_beam_search,2024-07-01/2024-12-31,2025-01-01/2025-06-30,13,159529.SZ|159611.SZ|159981.SZ|161226.SZ|501018.SH|510500.SH|513030.SH|513120.SH|513730.SH|513750.SH|513880.SH|518880.SH|588200.SH,0.6174651263364492,0.7703390842413431,beam_neighbor,1.0,513500.SH,513880.SH
rolling_beam_search,2024-07-01/2024-12-31,2025-01-01/2025-06-30,14,159518.SZ|159851.SZ|159980.SZ|159981.SZ|159985.SZ|512660.SH|512880.SH|513080.SH|513120.SH|513180.SH|513500.SH|513730.SH|518880.SH,0.8259984027379385,0.8000844340389441,beam_neighbor,1.0,510500.SH,159851.SZ
rolling_beam_search,2024-07-01/2024-12-31,2025-01-01/2025-06-30,15,159687.SZ|159851.SZ|159967.SZ|159981.SZ|159985.SZ|161226.SZ|512040.SH|513070.SH|513290.SH|513730.SH|513750.SH|513880.SH|518880.SH,1.1999982878722408,0.8406231432114443,beam_neighbor,1.0,513080.SH,513730.SH
rolling_beam_search,2024-07-01/2024-12-31,2025-01-01/2025-06-30,16,159687.SZ|159851.SZ|159981.SZ|159985.SZ|161226.SZ|510050.SH|512040.SH|513070.SH|513290.SH|513730.SH|513750.SH|513880.SH|518880.SH,1.2356249427710047,0.8917169256490942,beam_neighbor,2.0,159967.SZ,510050.SH
rolling_beam_search,2024-07-01/2024-12-31,2025-01-01/2025-06-30,17,159687.SZ|159980.SZ|159981.SZ|159985.SZ|510500.SH|512660.SH|512880.SH|513080.SH|513120.SH|513180.SH|513500.SH|513880.SH|518880.SH,0.36384282303537685,0.8416624362405315,beam_neighbor,2.0,513730.SH,159687.SZ
rolling_beam_search,2024-07-01/2024-12-31,2025-01-01/2025-06-30,18,159980.SZ|159981.SZ|159985.SZ|510500.SH|512660.SH|513120.SH|513180.SH|513310.SH|513500.SH|513730.SH|513880.SH|518880.SH|588220.SH,0.7309579891913394,0.8813862814949958,beam_neighbor,2.0,513080.SH,513310.SH
rolling_beam_search,2024-07-01/2024-12-31,2025-01-01/2025-06-30,19,159518.SZ|159980.SZ|159981.SZ|159985.SZ|512660.SH|512880.SH|513080.SH|513120.SH|513180.SH|513500.SH|513730.SH|518880.SH|562500.SH,0.6802080644600325,0.837306492910699,beam_neighbor,2.0,159851.SZ,562500.SH
rolling_beam_search,2024-07-01/2024-12-31,2025-01-01/2025-06-30,20,159529.SZ|159611.SZ|159981.SZ|159985.SZ|161226.SZ|501018.SH|510500.SH|513030.SH|513120.SH|513730.SH|513750.SH|513880.SH|588200.SH,1.1217748083434933,0.7579535481871515,beam_neighbor,2.0,518880.SH,159985.SZ
rolling_beam_search,2024-07-01/2024-12-31,2025-01-01/2025-06-30,21,159529.SZ|159687.SZ|159851.SZ|159981.SZ|159985.SZ|161226.SZ|510050.SH|512040.SH|513070.SH|513290.SH|513750.SH|513880.SH|518880.SH,1.1770264075322063,0.8917169256490942,beam_neighbor,3.0,513730.SH,159529.SZ
rolling_beam_search,2024-07-01/2024-12-31,2025-01-01/2025-06-30,22,159687.SZ|159851.SZ|159928.SZ|159967.SZ|159981.SZ|159985.SZ|161226.SZ|513070.SH|513290.SH|513730.SH|513750.SH|513880.SH|518880.SH,0.7014138531176318,0.8406231432114443,beam_neighbor,3.0,512040.SH,159928.SZ
rolling_beam_search,2024-07-01/2024-12-31,2025-01-01/2025-06-30,23,159329.SZ|159529.SZ|159611.SZ|159981.SZ|159985.SZ|161226.SZ|501018.SH|510500.SH|513120.SH|513730.SH|513750.SH|513880.SH|588200.SH,1.1717847722780295,0.7579535481871515,beam_neighbor,3.0,513030.SH,159329.SZ
rolling_beam_search,2024-07-01/2024-12-31,2025-01-01/2025-06-30,24,159687.SZ|159980.SZ|159981.SZ|159985.SZ|510500.SH|512660.SH|512880.SH|513120.SH|513180.SH|513500.SH|513730.SH|513880.SH|518880.SH,1.0654275913243962,0.8416624362405315,beam_neighbor,3.0,513080.SH,159687.SZ
rolling_beam_search,2024-07-01/2024-12-31,2025-01-01/2025-06-30,25,159980.SZ|159985.SZ|161226.SZ|510500.SH|512660.SH|513080.SH|513120.SH|513180.SH|513500.SH|513730.SH|513880.SH|518880.SH|588220.SH,0.5248272296080868,0.8813862814949958,beam_neighbor,3.0,159981.SZ,161226.SZ
rolling_beam_search,2024-07-01/2024-12-31,2025-01-01/2025-06-30,26,159687.SZ|159851.SZ|159981.SZ|159985.SZ|161226.SZ|501018.SH|510050.SH|512040.SH|513070.SH|513290.SH|513730.SH|513750.SH|513880.SH,1.0089162266038254,0.8917169256490942,beam_neighbor,4.0,518880.SH,501018.SH
rolling_beam_search,2024-07-01/2024-12-31,2025-01-01/2025-06-30,27,159687.SZ|159851.SZ|159967.SZ|159981.SZ|159985.SZ|161226.SZ|512040.SH|513070.SH|513120.SH|513290.SH|513730.SH|513880.SH|518880.SH,1.3355708166780005,0.7703390842413431,beam_neighbor,4.0,513750.SH,513120.SH
rolling_beam_search,2024-07-01/2024-12-31,2025-01-01/2025-06-30,28,159529.SZ|159687.SZ|159851.SZ|159981.SZ|159985.SZ|161226.SZ|501018.SH|510050.SH|512040.SH|513070.SH|513290.SH|513750.SH|513880.SH,1.3044115130814546,0.8917169256490942,beam_neighbor,4.0,518880.SH,501018.SH
rolling_beam_search,2024-07-01/2024-12-31,2025-01-01/2025-06-30,29,159329.SZ|159529.SZ|159611.SZ|159981.SZ|159985.SZ|161226.SZ|501018.SH|510500.SH|513120.SH|513290.SH|513750.SH|513880.SH|588200.SH,0.7121967896365713,0.7579535481871515,beam_neighbor,4.0,513730.SH,513290.SH
rolling_beam_search,2024-07-01/2024-12-31,2025-01-01/2025-06-30,30,159611.SZ|159981.SZ|159985.SZ|161226.SZ|501018.SH|510500.SH|513030.SH|513120.SH|513310.SH|513730.SH|513750.SH|513880.SH|588200.SH,0.1593004204215201,0.7579535481871515,beam_neighbor,4.0,159529.SZ,513310.SH
rolling_beam_search,2024-07-01/2024-12-31,2025-01-01/2025-06-30,31,159687.SZ|159865.SZ|159967.SZ|159981.SZ|159985.SZ|161226.SZ|512040.SH|513070.SH|513120.SH|513290.SH|513730.SH|513880.SH|518880.SH,0.028665233217099573,0.8709501697880271,beam_neighbor,5.0,159851.SZ,159865.SZ
rolling_beam_search,2024-07-01/2024-12-31,2025-01-01/2025-06-30,32,159529.SZ|159687.SZ|159851.SZ|159981.SZ|159985.SZ|501018.SH|510050.SH|512040.SH|513070.SH|513290.SH|513750.SH|513880.SH|518880.SH,1.1707905607502158,0.8917169256490942,beam_neighbor,5.0,161226.SZ,518880.SH
rolling_beam_search,2024-07-01/2024-12-31,2025-01-01/2025-06-30,33,159687.SZ|159851.SZ|159981.SZ|161226.SZ|501018.SH|510050.SH|512040.SH|513070.SH|513290.SH|513730.SH|513750.SH|513880.SH|518880.SH,1.2223884087005477,0.8917169256490942,beam_neighbor,5.0,159985.SZ,501018.SH
rolling_beam_search,2024-07-01/2024-12-31,2025-01-01/2025-06-30,34,159529.SZ|159687.SZ|159851.SZ|159967.SZ|159981.SZ|159985.SZ|161226.SZ|512040.SH|513070.SH|513290.SH|513730.SH|513750.SH|518880.SH,1.447852212591175,0.8406231432114443,beam_neighbor,5.0,513880.SH,159529.SZ
rolling_beam_search,2024-07-01/2024-12-31,2025-01-01/2025-06-30,35,159529.SZ|159687.SZ|159851.SZ|159981.SZ|159985.SZ|161226.SZ|510050.SH|512040.SH|513070.SH|513290.SH|513400.SH|513750.SH|518880.SH,1.2917522274359958,0.8917169256490942,beam_neighbor,5.0,513880.SH,513400.SH
rolling_beam_search,2024-07-01/2024-12-31,2025-01-01/2025-06-30,36,159529.SZ|159687.SZ|159851.SZ|159928.SZ|159967.SZ|159981.SZ|159985.SZ|161226.SZ|513070.SH|513290.SH|513730.SH|513750.SH|518880.SH,1.1553927804419328,0.8406231432114443,beam_neighbor,6.0,512040.SH,159928.SZ
rolling_beam_search,2024-07-01/2024-12-31,2025-01-01/2025-06-30,37,159687.SZ|159851.SZ|159967.SZ|159981.SZ|161226.SZ|501018.SH|512040.SH|513070.SH|513120.SH|513290.SH|513730.SH|513880.SH|518880.SH,1.3956806070191572,0.7703390842413431,beam_neighbor,6.0,159985.SZ,501018.SH
rolling_beam_search,2024-07-01/2024-12-31,2025-01-01/2025-06-30,38,159529.SZ|159851.SZ|159981.SZ|159985.SZ|160644.SZ|161226.SZ|501018.SH|510050.SH|512040.SH|513070.SH|513290.SH|513750.SH|513880.SH,1.5397519668597823,0.8917169256490942,beam_neighbor,6.0,159687.SZ,160644.SZ
rolling_beam_search,2024-07-01/2024-12-31,2025-01-01/2025-06-30,39,159529.SZ|159687.SZ|159851.SZ|159981.SZ|159985.SZ|161226.SZ|512040.SH|513070.SH|513290.SH|513400.SH|513750.SH|515210.SH|518880.SH,1.2705380029745503,0.8702458207492302,beam_neighbor,6.0,510050.SH,515210.SH
rolling_beam_search,2024-07-01/2024-12-31,2025-01-01/2025-06-30,40,159851.SZ|159981.SZ|159985.SZ|161226.SZ|510050.SH|512040.SH|513070.SH|513290.SH|513500.SH|513730.SH|513750.SH|513880.SH|518880.SH,1.0525796501474605,0.8917169256490942,beam_neighbor,6.0,159687.SZ,513500.SH
rolling_beam_search,2024-07-01/2024-12-31,2025-01-01/2025-06-30,41,159529.SZ|159981.SZ|159985.SZ|160644.SZ|161226.SZ|501018.SH|510050.SH|512040.SH|513070.SH|513290.SH|513750.SH|513880.SH|515790.SH,1.0533766054983227,0.8917169256490942,beam_neighbor,7.0,159851.SZ,515790.SH
rolling_beam_search,2024-07-01/2024-12-31,2025-01-01/2025-06-30,42,159529.SZ|159687.SZ|159851.SZ|159967.SZ|159981.SZ|159985.SZ|501018.SH|512040.SH|513070.SH|513290.SH|513730.SH|513750.SH|518880.SH,1.642606529224256,0.8406231432114443,beam_neighbor,7.0,161226.SZ,501018.SH
rolling_beam_search,2024-07-01/2024-12-31,2025-01-01/2025-06-30,43,159687.SZ|159869.SZ|159967.SZ|159981.SZ|161226.SZ|501018.SH|512040.SH|513070.SH|513120.SH|513290.SH|513730.SH|513880.SH|518880.SH,0.4281186780873187,0.7703390842413431,beam_neighbor,7.0,159851.SZ,159869.SZ
rolling_beam_search,2024-07-01/2024-12-31,2025-01-01/2025-06-30,44,159687.SZ|159851.SZ|159967.SZ|159981.SZ|159985.SZ|501018.SH|512040.SH|513070.SH|513120.SH|513290.SH|513730.SH|513880.SH|518880.SH,1.4123194558821597,0.7595593342356317,beam_neighbor,7.0,161226.SZ,501018.SH
rolling_beam_search,2024-07-01/2024-12-31,2025-01-01/2025-06-30,45,159529.SZ|159687.SZ|159851.SZ|159981.SZ|159985.SZ|161226.SZ|501018.SH|510050.SH|512040.SH|513070.SH|513120.SH|513290.SH|513880.SH,1.1442422238948737,0.8917169256490942,beam_neighbor,7.0,513750.SH,513120.SH
rolling_beam_search,2024-07-01/2024-12-31,2025-01-01/2025-06-30,46,159687.SZ|159851.SZ|159967.SZ|159981.SZ|159985.SZ|501018.SH|512040.SH|513070.SH|513290.SH|513310.SH|513730.SH|513750.SH|518880.SH,1.4084431277970637,0.8406231432114443,beam_neighbor,8.0,159529.SZ,513310.SH
rolling_beam_search,2024-07-01/2024-12-31,2025-01-01/2025-06-30,47,159529.SZ|159851.SZ|159980.SZ|159985.SZ|160644.SZ|161226.SZ|501018.SH|510050.SH|512040.SH|513070.SH|513290.SH|513750.SH|513880.SH,1.2835964514894995,0.8917169256490942,beam_neighbor,8.0,159981.SZ,159980.SZ
rolling_beam_search,2024-07-01/2024-12-31,2025-01-01/2025-06-30,48,159529.SZ|159687.SZ|159869.SZ|159967.SZ|159981.SZ|159985.SZ|161226.SZ|512040.SH|513070.SH|513290.SH|513730.SH|513750.SH|518880.SH,0.4883252665418286,0.8406231432114443,beam_neighbor,8.0,159851.SZ,159869.SZ
rolling_beam_search,2024-07-01/2024-12-31,2025-01-01/2025-06-30,49,159687.SZ|159851.SZ|159967.SZ|159980.SZ|159985.SZ|501018.SH|512040.SH|513070.SH|513120.SH|513290.SH|513730.SH|513880.SH|518880.SH,1.3082753796716775,0.7595593342356317,beam_neighbor,8.0,159981.SZ,159980.SZ
rolling_beam_search,2024-07-01/2024-12-31,2025-01-01/2025-06-30,50,159687.SZ|159851.SZ|159967.SZ|159981.SZ|161226.SZ|501018.SH|512040.SH|513070.SH|513100.SH|513120.SH|513290.SH|513730.SH|518880.SH,1.7853836976447106,0.7703390842413431,beam_neighbor,8.0,513880.SH,513100.SH
rolling_beam_search,2024-07-01/2024-12-31,2025-01-01/2025-06-30,51,159687.SZ|159851.SZ|159967.SZ|159980.SZ|161226.SZ|501018.SH|512040.SH|513070.SH|513100.SH|513120.SH|513290.SH|513730.SH|518880.SH,1.4842110599168616,0.7703390842413431,beam_neighbor,9.0,159981.SZ,159980.SZ
rolling_beam_search,2024-07-01/2024-12-31,2025-01-01/2025-06-30,52,159529.SZ|159687.SZ|159851.SZ|159967.SZ|159980.SZ|159981.SZ|501018.SH|512040.SH|513070.SH|513290.SH|513730.SH|513750.SH|518880.SH,1.8745180166712079,0.8406231432114443,beam_neighbor,9.0,159985.SZ,159980.SZ
rolling_beam_search,2024-07-01/2024-12-31,2025-01-01/2025-06-30,53,159529.SZ|159851.SZ|159981.SZ|159985.SZ|160644.SZ|161226.SZ|501018.SH|512040.SH|512980.SH|513070.SH|513290.SH|513750.SH|513880.SH,1.0770025073171345,0.8406231432114443,beam_neighbor,9.0,510050.SH,512980.SH
rolling_beam_search,2024-07-01/2024-12-31,2025-01-01/2025-06-30,54,159529.SZ|159687.SZ|159851.SZ|159967.SZ|159981.SZ|159985.SZ|161226.SZ|513070.SH|513290.SH|513730.SH|513750.SH|515880.SH|518880.SH,1.4070184033641573,0.8769205438302886,beam_neighbor,9.0,512040.SH,515880.SH
rolling_beam_search,2024-07-01/2024-12-31,2025-01-01/2025-06-30,55,159687.SZ|159851.SZ|159967.SZ|159981.SZ|159985.SZ|501018.SH|512040.SH|513030.SH|513070.SH|513120.SH|513290.SH|513730.SH|518880.SH,1.60915511202724,0.7553417694209614,beam_neighbor,9.0,513880.SH,513030.SH
rolling_beam_search,2024-07-01/2024-12-31,2025-01-01/2025-06-30,56,159529.SZ|159687.SZ|159851.SZ|159967.SZ|159980.SZ|159981.SZ|501018.SH|512040.SH|513070.SH|513100.SH|513290.SH|513750.SH|518880.SH,1.6549745323205074,0.8406231432114443,beam_neighbor,10.0,513730.SH,513100.SH
rolling_beam_search,2024-07-01/2024-12-31,2025-01-01/2025-06-30,57,159687.SZ|159851.SZ|159967.SZ|159981.SZ|161226.SZ|501018.SH|512040.SH|513030.SH|513070.SH|513120.SH|513290.SH|513730.SH|518880.SH,1.5841960551367156,0.7703390842413431,beam_neighbor,10.0,513100.SH,513030.SH
rolling_beam_search,2024-07-01/2024-12-31,2025-01-01/2025-06-30,58,159529.SZ|159687.SZ|159851.SZ|159967.SZ|159981.SZ|159985.SZ|501018.SH|512800.SH|513070.SH|513290.SH|513730.SH|513750.SH|518880.SH,1.79938895208432,0.8406231432114443,beam_neighbor,10.0,512040.SH,512800.SH
rolling_beam_search,2024-07-01/2024-12-31,2025-01-01/2025-06-30,59,159687.SZ|159928.SZ|159967.SZ|159981.SZ|159985.SZ|501018.SH|512040.SH|513030.SH|513070.SH|513120.SH|513290.SH|513730.SH|518880.SH,0.2764834508912217,0.8701883171574831,beam_neighbor,10.0,159851.SZ,159928.SZ
rolling_beam_search,2024-07-01/2024-12-31,2025-01-01/2025-06-30,60,159529.SZ|159851.SZ|159920.SZ|159981.SZ|159985.SZ|160644.SZ|161226.SZ|501018.SH|510050.SH|512040.SH|513290.SH|513750.SH|513880.SH,1.2660460778286593,0.8958197259318315,beam_neighbor,10.0,513070.SH,159920.SZ
rolling_beam_search,2024-07-01/2024-12-31,2025-01-01/2025-06-30,61,159529.SZ|159687.SZ|159851.SZ|159967.SZ|159980.SZ|159981.SZ|159985.SZ|512040.SH|513070.SH|513290.SH|513730.SH|513750.SH|518880.SH,1.6706799731426378,0.8406231432114443,beam_neighbor,11.0,501018.SH,159985.SZ
rolling_beam_search,2024-07-01/2024-12-31,2025-01-01/2025-06-30,62,159329.SZ|159687.SZ|159851.SZ|159967.SZ|159981.SZ|159985.SZ|501018.SH|512800.SH|513070.SH|513290.SH|513730.SH|513750.SH|518880.SH,1.2388827202439026,0.8406231432114443,beam_neighbor,11.0,159529.SZ,159329.SZ
rolling_beam_search,2024-07-01/2024-12-31,2025-01-01/2025-06-30,63,159687.SZ|159851.SZ|159967.SZ|159981.SZ|161226.SZ|501018.SH|512040.SH|513070.SH|513100.SH|513290.SH|513730.SH|513750.SH|518880.SH,1.594244140503624,0.8406231432114443,beam_neighbor,11.0,513120.SH,513750.SH
rolling_beam_search,2024-07-01/2024-12-31,2025-01-01/2025-06-30,64,159529.SZ|159687.SZ|159851.SZ|159967.SZ|159980.SZ|159985.SZ|501018.SH|512040.SH|513070.SH|513100.SH|513290.SH|513750.SH|518880.SH,1.176303024517643,0.8406231432114443,beam_neighbor,11.0,159981.SZ,159985.SZ
rolling_beam_search,2024-07-01/2024-12-31,2025-01-01/2025-06-30,65,159529.SZ|159687.SZ|159851.SZ|159920.SZ|159967.SZ|159981.SZ|159985.SZ|501018.SH|512040.SH|513290.SH|513730.SH|513750.SH|518880.SH,1.3896363321361045,0.8958197259318315,beam_neighbor,11.0,513070.SH,159920.SZ
rolling_beam_search,2024-07-01/2024-12-31,2025-01-01/2025-06-30,66,159529.SZ|159687.SZ|159851.SZ|159967.SZ|159980.SZ|159981.SZ|501018.SH|510880.SH|513070.SH|513290.SH|513730.SH|513750.SH|518880.SH,1.735419191036201,0.8406231432114443,beam_neighbor,12.0,512040.SH,510880.SH
rolling_beam_search,2024-07-01/2024-12-31,2025-01-01/2025-06-30,67,159529.SZ|159687.SZ|159851.SZ|159870.SZ|159967.SZ|159981.SZ|159985.SZ|501018.SH|513070.SH|513290.SH|513730.SH|513750.SH|518880.SH,1.7644341572875935,0.8406231432114443,beam_neighbor,12.0,512800.SH,159870.SZ
rolling_beam_search,2024-07-01/2024-12-31,2025-01-01/2025-06-30,68,159687.SZ|159967.SZ|159981.SZ|161226.SZ|501018.SH|512040.SH|513070.SH|513100.SH|513120.SH|513290.SH|513730.SH|515210.SH|518880.SH,0.8091500274660877,0.8702458207492302,beam_neighbor,12.0,159851.SZ,515210.SH
rolling_beam_search,2024-07-01/2024-12-31,2025-01-01/2025-06-30,69,159529.SZ|159687.SZ|159851.SZ|159980.SZ|159981.SZ|159985.SZ|512040.SH|513070.SH|513290.SH|513730.SH|513750.SH|518880.SH|588200.SH,1.9531234744889212,0.8406231432114443,beam_neighbor,12.0,159967.SZ,588200.SH
rolling_beam_search,2024-07-01/2024-12-31,2025-01-01/2025-06-30,70,159529.SZ|159687.SZ|159851.SZ|159967.SZ|159980.SZ|159981.SZ|501018.SH|512040.SH|513070.SH|513100.SH|513120.SH|513290.SH|518880.SH,1.7732947577886455,0.7553417694209614,beam_neighbor,12.0,513750.SH,513120.SH
rolling_beam_search,2024-07-01/2024-12-31,2025-01-01/2025-06-30,71,159529.SZ|159687.SZ|159865.SZ|159980.SZ|159981.SZ|159985.SZ|512040.SH|513070.SH|513290.SH|513730.SH|513750.SH|518880.SH|588200.SH,0.7423522103259786,0.8709501697880271,beam_neighbor,13.0,159851.SZ,159865.SZ
rolling_beam_search,2024-07-01/2024-12-31,2025-01-01/2025-06-30,72,159529.SZ|159687.SZ|159851.SZ|159967.SZ|159980.SZ|159985.SZ|501018.SH|512040.SH|513070.SH|513290.SH|513730.SH|513750.SH|518880.SH,1.4032459858485677,0.8406231432114443,beam_neighbor,13.0,159981.SZ,159985.SZ
rolling_beam_search,2024-07-01/2024-12-31,2025-01-01/2025-06-30,73,159329.SZ|159529.SZ|159687.SZ|159851.SZ|159967.SZ|159981.SZ|159985.SZ|501018.SH|512800.SH|513070.SH|513730.SH|513750.SH|518880.SH,1.5722543044841626,0.8406231432114443,beam_neighbor,13.0,513290.SH,159329.SZ
rolling_beam_search,2024-07-01/2024-12-31,2025-01-01/2025-06-30,74,159687.SZ|159851.SZ|159967.SZ|159981.SZ|161226.SZ|501018.SH|512040.SH|513100.SH|513120.SH|513180.SH|513290.SH|513730.SH|518880.SH,1.88182524018628,0.781078061256192,beam_neighbor,13.0,513070.SH,513180.SH
rolling_beam_search,2024-07-01/2024-12-31,2025-01-01/2025-06-30,75,159687.SZ|159851.SZ|159967.SZ|159980.SZ|159981.SZ|501018.SH|512040.SH|513070.SH|513100.SH|513120.SH|513290.SH|513730.SH|518880.SH,2.0680550330512837,0.7553417694209614,beam_neighbor,13.0,159529.SZ,513730.SH
rolling_beam_search,2024-07-01/2024-12-31,2025-01-01/2025-06-30,76,159851.SZ|159967.SZ|159980.SZ|159981.SZ|501018.SH|512040.SH|513070.SH|513100.SH|513120.SH|513290.SH|513500.SH|513730.SH|518880.SH,1.8786134162040768,0.8626765910012685,beam_neighbor,14.0,159687.SZ,513500.SH
rolling_beam_search,2024-07-01/2024-12-31,2025-01-01/2025-06-30,77,159529.SZ|159687.SZ|159851.SZ|159981.SZ|159985.SZ|501018.SH|512040.SH|513070.SH|513290.SH|513730.SH|513750.SH|518880.SH|588200.SH,1.7728584400755125,0.8406231432114443,beam_neighbor,14.0,159980.SZ,501018.SH
rolling_beam_search,2024-07-01/2024-12-31,2025-01-01/2025-06-30,78,159687.SZ|159851.SZ|159967.SZ|159981.SZ|160644.SZ|161226.SZ|501018.SH|512040.SH|513100.SH|513120.SH|513180.SH|513290.SH|518880.SH,1.3937680522862155,0.781078061256192,beam_neighbor,14.0,513730.SH,160644.SZ
rolling_beam_search,2024-07-01/2024-12-31,2025-01-01/2025-06-30,79,159529.SZ|159687.SZ|159851.SZ|159967.SZ|159980.SZ|159981.SZ|501018.SH|512040.SH|513180.SH|513290.SH|513730.SH|513750.SH|518880.SH,1.916692612285518,0.8861226651551434,beam_neighbor,14.0,513070.SH,513180.SH
rolling_beam_search,2024-07-01/2024-12-31,2025-01-01/2025-06-30,80,159529.SZ|159687.SZ|159851.SZ|159967.SZ|159980.SZ|159985.SZ|501018.SH|512800.SH|513070.SH|513290.SH|513730.SH|513750.SH|518880.SH,1.5676685875271168,0.8406231432114443,beam_neighbor,14.0,159981.SZ,159980.SZ
rolling_beam_search,2024-07-01/2024-12-31,2025-01-01/2025-06-30,81,159687.SZ|159851.SZ|159915.SZ|159980.SZ|159981.SZ|501018.SH|512040.SH|513070.SH|513100.SH|513120.SH|513290.SH|513730.SH|518880.SH,2.2288526069545425,0.8069354034004089,beam_neighbor,15.0,159967.SZ,159915.SZ
rolling_beam_search,2024-07-01/2024-12-31,2025-01-01/2025-06-30,82,159529.SZ|159687.SZ|159851.SZ|159980.SZ|159981.SZ|501018.SH|512040.SH|513070.SH|513290.SH|513730.SH|513750.SH|518880.SH|588200.SH,1.8884813868342993,0.8406231432114443,beam_neighbor,15.0,159985.SZ,501018.SH
rolling_beam_search,2024-07-01/2024-12-31,2025-01-01/2025-06-30,83,159529.SZ|159687.SZ|159851.SZ|159967.SZ|159980.SZ|159981.SZ|501018.SH|512040.SH|513180.SH|513500.SH|513730.SH|513750.SH|518880.SH,1.3323370685359426,0.8861226651551434,beam_neighbor,15.0,513290.SH,513500.SH
rolling_beam_search,2024-07-01/2024-12-31,2025-01-01/2025-06-30,84,159687.SZ|159851.SZ|159967.SZ|159981.SZ|161226.SZ|501018.SH|513100.SH|513120.SH|513180.SH|513290.SH|513730.SH|516150.SH|518880.SH,1.5976151554708486,0.781078061256192,beam_neighbor,15.0,512040.SH,516150.SH
rolling_beam_search,2024-07-01/2024-12-31,2025-01-01/2025-06-30,85,159851.SZ|159967.SZ|159980.SZ|159981.SZ|501018.SH|512040.SH|513070.SH|513100.SH|513290.SH|513500.SH|513730.SH|513750.SH|518880.SH,1.6308003392288757,0.8626765910012685,beam_neighbor,15.0,513120.SH,513750.SH
rolling_beam_search,2024-07-01/2024-12-31,2025-01-01/2025-06-30,86,159851.SZ|159915.SZ|159980.SZ|159981.SZ|501018.SH|512040.SH|513070.SH|513100.SH|513120.SH|513290.SH|513400.SH|513730.SH|518880.SH,2.641099021257744,0.8069354034004089,beam_neighbor,16.0,159687.SZ,513400.SH
rolling_beam_search,2024-07-01/2024-12-31,2025-01-01/2025-06-30,87,159687.SZ|159851.SZ|159920.SZ|159967.SZ|159980.SZ|159981.SZ|501018.SH|512040.SH|513100.SH|513120.SH|513290.SH|513730.SH|518880.SH,1.6788640449053867,0.7553417694209614,beam_neighbor,16.0,513070.SH,159920.SZ
rolling_beam_search,2024-07-01/2024-12-31,2025-01-01/2025-06-30,88,159529.SZ|159687.SZ|159851.SZ|159981.SZ|159985.SZ|161226.SZ|512040.SH|513070.SH|513290.SH|513730.SH|513750.SH|518880.SH|588200.SH,1.5087358435698615,0.8406231432114443,beam_neighbor,16.0,159980.SZ,161226.SZ
rolling_beam_search,2024-07-01/2024-12-31,2025-01-01/2025-06-30,89,159529.SZ|159687.SZ|159851.SZ|159967.SZ|159980.SZ|159981.SZ|501018.SH|512040.SH|513180.SH|513730.SH|513750.SH|513880.SH|518880.SH,1.5817071573705312,0.8861226651551434,beam_neighbor,16.0,513290.SH,513880.SH
rolling_beam_search,2024-07-01/2024-12-31,2025-01-01/2025-06-30,90,159509.SZ|159687.SZ|159851.SZ|159980.SZ|159981.SZ|501018.SH|512040.SH|513070.SH|513290.SH|513730.SH|513750.SH|518880.SH|588200.SH,1.440930544175914,0.8406231432114443,beam_neighbor,16.0,159529.SZ,159509.SZ
rolling_beam_search,2024-07-01/2024-12-31,2025-01-01/2025-06-30,91,159851.SZ|159915.SZ|159980.SZ|161226.SZ|501018.SH|512040.SH|513070.SH|513100.SH|513120.SH|513290.SH|513400.SH|513730.SH|518880.SH,2.2950340460477587,0.8069354034004089,beam_neighbor,17.0,159981.SZ,161226.SZ
rolling_beam_search,2024-07-01/2024-12-31,2025-01-01/2025-06-30,92,159687.SZ|159851.SZ|159915.SZ|159980.SZ|159981.SZ|159985.SZ|512040.SH|513070.SH|513100.SH|513120.SH|513290.SH|513730.SH|518880.SH,2.273946378011289,0.8069354034004089,beam_neighbor,17.0,501018.SH,159985.SZ
rolling_beam_search,2024-07-01/2024-12-31,2025-01-01/2025-06-30,93,159509.SZ|159687.SZ|159851.SZ|159967.SZ|159980.SZ|159981.SZ|501018.SH|512040.SH|513070.SH|513100.SH|513120.SH|513290.SH|518880.SH,1.1992422381000254,0.9103349868626713,beam_neighbor,17.0,513730.SH,159509.SZ
rolling_beam_search,2024-07-01/2024-12-31,2025-01-01/2025-06-30,94,159529.SZ|159687.SZ|159851.SZ|159980.SZ|159985.SZ|161226.SZ|512040.SH|513070.SH|513290.SH|513730.SH|513750.SH|518880.SH|588200.SH,1.2959615085584362,0.8406231432114443,beam_neighbor,17.0,159981.SZ,161226.SZ
rolling_beam_search,2024-07-01/2024-12-31,2025-01-01/2025-06-30,95,159529.SZ|159687.SZ|159851.SZ|159967.SZ|159980.SZ|161226.SZ|501018.SH|512040.SH|513180.SH|513290.SH|513730.SH|513750.SH|518880.SH,1.3323716460037072,0.8861226651551434,beam_neighbor,17.0,159981.SZ,161226.SZ
rolling_beam_search,2024-07-01/2024-12-31,2025-01-01/2025-06-30,96,159518.SZ|159851.SZ|159915.SZ|159980.SZ|159981.SZ|501018.SH|512040.SH|513070.SH|513100.SH|513120.SH|513400.SH|513730.SH|518880.SH,2.227473758594838,0.8069354034004089,beam_neighbor,18.0,513290.SH,159518.SZ
rolling_beam_search,2024-07-01/2024-12-31,2025-01-01/2025-06-30,97,159851.SZ|159915.SZ|159981.SZ|161226.SZ|501018.SH|512040.SH|513070.SH|513100.SH|513120.SH|513290.SH|513400.SH|513730.SH|518880.SH,2.345555403731725,0.8069354034004089,beam_neighbor,18.0,159980.SZ,159981.SZ
rolling_beam_search,2024-07-01/2024-12-31,2025-01-01/2025-06-30,98,159687.SZ|159851.SZ|159915.SZ|159980.SZ|159981.SZ|159985.SZ|512040.SH|513070.SH|513100.SH|513120.SH|513310.SH|513730.SH|518880.SH,1.6368615183115436,0.8069354034004089,beam_neighbor,18.0,513290.SH,513310.SH
rolling_beam_search,2024-07-01/2024-12-31,2025-01-01/2025-06-30,99,159687.SZ|159851.SZ|159915.SZ|159980.SZ|159981.SZ|501018.SH|512040.SH|513030.SH|513070.SH|513100.SH|513120.SH|513730.SH|518880.SH,1.8244697359629412,0.8069354034004089,beam_neighbor,18.0,513290.SH,513030.SH
rolling_beam_search,2024-07-01/2024-12-31,2025-01-01/2025-06-30,100,159687.SZ|159851.SZ|159967.SZ|159980.SZ|159981.SZ|501018.SH|512040.SH|513030.SH|513070.SH|513100.SH|513120.SH|513290.SH|518880.SH,1.3729744029971183,0.7553417694209614,beam_neighbor,18.0,513730.SH,513030.SH
rolling_beam_search,2025-01-01/2025-06-30,2025-07-01/2025-12-31,1,159687.SZ|159865.SZ|159920.SZ|159981.SZ|159985.SZ|161226.SZ|512980.SH|513080.SH|513120.SH|513290.SH|513730.SH|518880.SH|563300.SH,1.1863017629748212,0.8149348374908594,initial_beam,,,
rolling_beam_search,2025-01-01/2025-06-30,2025-07-01/2025-12-31,2,159329.SZ|159529.SZ|159687.SZ|159915.SZ|159980.SZ|159981.SZ|161226.SZ|512880.SH|513030.SH|513180.SH|513750.SH|515220.SH|518880.SH,0.8001814003495615,0.9069207080351152,initial_beam,,,
rolling_beam_search,2025-01-01/2025-06-30,2025-07-01/2025-12-31,3,159206.SZ|159529.SZ|159766.SZ|159985.SZ|161226.SZ|501018.SH|510500.SH|513080.SH|513100.SH|513120.SH|513180.SH|513880.SH|518880.SH,0.3196102374680585,0.8687187968798249,initial_beam,,,
rolling_beam_search,2025-01-01/2025-06-30,2025-07-01/2025-12-31,4,159529.SZ|159869.SZ|159870.SZ|159920.SZ|159980.SZ|159981.SZ|164824.SZ|501018.SH|513030.SH|513120.SH|513500.SH|518880.SH|562500.SH,1.2076921397741347,0.6997906021070339,initial_beam,,,
rolling_beam_search,2025-01-01/2025-06-30,2025-07-01/2025-12-31,5,159326.SZ|159509.SZ|159529.SZ|159980.SZ|159981.SZ|159985.SZ|164824.SZ|501018.SH|510300.SH|512040.SH|513070.SH|513120.SH|513880.SH,-0.7742935644166854,0.8577230399174133,initial_beam,,,
rolling_beam_search,2025-01-01/2025-06-30,2025-07-01/2025-12-31,6,159687.SZ|159865.SZ|159981.SZ|159985.SZ|161226.SZ|512980.SH|513070.SH|513080.SH|513120.SH|513290.SH|513730.SH|518880.SH|563300.SH,1.1416562874106384,0.8149348374908594,beam_neighbor,0.0,159920.SZ,513070.SH
rolling_beam_search,2025-01-01/2025-06-30,2025-07-01/2025-12-31,7,159329.SZ|159529.SZ|159687.SZ|159915.SZ|159981.SZ|159985.SZ|161226.SZ|512880.SH|513030.SH|513180.SH|513750.SH|515220.SH|518880.SH,-0.17857494078857156,0.9069207080351152,beam_neighbor,0.0,159980.SZ,159985.SZ
rolling_beam_search,2025-01-01/2025-06-30,2025-07-01/2025-12-31,8,159206.SZ|159529.SZ|159766.SZ|159980.SZ|161226.SZ|501018.SH|510500.SH|513080.SH|513100.SH|513120.SH|513180.SH|513880.SH|518880.SH,1.0577299847153012,0.8687187968798249,beam_neighbor,0.0,159985.SZ,159980.SZ
rolling_beam_search,2025-01-01/2025-06-30,2025-07-01/2025-12-31,9,159529.SZ|159869.SZ|159870.SZ|159920.SZ|159980.SZ|159981.SZ|161226.SZ|164824.SZ|501018.SH|513030.SH|513120.SH|513500.SH|562500.SH,-0.41712016603111673,0.6997906021070339,beam_neighbor,0.0,518880.SH,161226.SZ
rolling_beam_search,2025-01-01/2025-06-30,2025-07-01/2025-12-31,10,159326.SZ|159529.SZ|159980.SZ|159981.SZ|159985.SZ|164824.SZ|501018.SH|510300.SH|512040.SH|513070.SH|513100.SH|513120.SH|513880.SH,-0.6455541256653828,0.8577230399174133,beam_neighbor,0.0,159509.SZ,513100.SH
rolling_beam_search,2025-01-01/2025-06-30,2025-07-01/2025-12-31,11,159529.SZ|159865.SZ|159870.SZ|159920.SZ|159980.SZ|159981.SZ|164824.SZ|501018.SH|513030.SH|513120.SH|513500.SH|518880.SH|562500.SH,1.2276439104099124,0.6690906029707654,beam_neighbor,1.0,159869.SZ,159865.SZ
rolling_beam_search,2025-01-01/2025-06-30,2025-07-01/2025-12-31,12,159687.SZ|159865.SZ|159920.SZ|159949.SZ|159981.SZ|159985.SZ|161226.SZ|512980.SH|513080.SH|513120.SH|513290.SH|513730.SH|518880.SH,1.2738039493930549,0.7450757034021771,beam_neighbor,1.0,563300.SH,159949.SZ
rolling_beam_search,2025-01-01/2025-06-30,2025-07-01/2025-12-31,13,159687.SZ|159865.SZ|159981.SZ|159985.SZ|161226.SZ|512980.SH|513070.SH|513120.SH|513290.SH|513310.SH|513730.SH|518880.SH|563300.SH,1.6580006615274618,0.8149348374908594,beam_neighbor,1.0,513080.SH,513310.SH
rolling_beam_search,2025-01-01/2025-06-30,2025-07-01/2025-12-31,14,159206.SZ|159529.SZ|159766.SZ|159980.SZ|159981.SZ|161226.SZ|510500.SH|513080.SH|513100.SH|513120.SH|513180.SH|513880.SH|518880.SH,0.8592636362111782,0.8687187968798249,beam_neighbor,1.0,501018.SH,159981.SZ
rolling_beam_search,2025-01-01/2025-06-30,2025-07-01/2025-12-31,15,159329.SZ|159529.SZ|159687.SZ|159915.SZ|159980.SZ|159981.SZ|161226.SZ|512880.SH|513100.SH|513180.SH|513750.SH|515220.SH|518880.SH,0.610900947061814,0.9069207080351152,beam_neighbor,1.0,513030.SH,513100.SH
rolling_beam_search,2025-01-01/2025-06-30,2025-07-01/2025-12-31,16,159687.SZ|159865.SZ|159981.SZ|159985.SZ|501018.SH|512980.SH|513070.SH|513120.SH|513290.SH|513310.SH|513730.SH|518880.SH|563300.SH,1.0899940506666537,0.8149348374908594,beam_neighbor,2.0,161226.SZ,501018.SH
rolling_beam_search,2025-01-01/2025-06-30,2025-07-01/2025-12-31,17,159687.SZ|159865.SZ|159949.SZ|159981.SZ|159985.SZ|161226.SZ|512980.SH|513080.SH|513120.SH|513290.SH|513730.SH|513750.SH|518880.SH,1.7565410986804193,0.7450757034021771,beam_neighbor,2.0,159920.SZ,513750.SH
rolling_beam_search,2025-01-01/2025-06-30,2025-07-01/2025-12-31,18,159529.SZ|159865.SZ|159870.SZ|159920.SZ|159980.SZ|159981.SZ|164824.SZ|501018.SH|513030.SH|513120.SH|513310.SH|518880.SH|562500.SH,0.8454847977292343,0.6690906029707654,beam_neighbor,2.0,513500.SH,513310.SH
rolling_beam_search,2025-01-01/2025-06-30,2025-07-01/2025-12-31,19,159518.SZ|159529.SZ|159869.SZ|159870.SZ|159920.SZ|159980.SZ|159981.SZ|501018.SH|513030.SH|513120.SH|513500.SH|518880.SH|562500.SH,0.5095691510499241,0.6997906021070339,beam_neighbor,2.0,164824.SZ,159518.SZ
rolling_beam_search,2025-01-01/2025-06-30,2025-07-01/2025-12-31,20,159687.SZ|159865.SZ|159920.SZ|159981.SZ|159985.SZ|161226.SZ|512980.SH|513080.SH|513120.SH|513290.SH|513730.SH|515880.SH|518880.SH,1.605465281728895,0.6499596012655676,beam_neighbor,2.0,563300.SH,515880.SH
rolling_beam_search,2025-01-01/2025-06-30,2025-07-01/2025-12-31,21,159687.SZ|159865.SZ|159949.SZ|159981.SZ|159985.SZ|501018.SH|512980.SH|513080.SH|513120.SH|513290.SH|513730.SH|513750.SH|518880.SH,1.2700727591895649,0.7450757034021771,beam_neighbor,3.0,161226.SZ,501018.SH
rolling_beam_search,2025-01-01/2025-06-30,2025-07-01/2025-12-31,22,159687.SZ|159865.SZ|159981.SZ|159985.SZ|161226.SZ|512980.SH|513070.SH|513120.SH|513310.SH|513730.SH|513880.SH|518880.SH|563300.SH,1.816963506178917,0.8149348374908594,beam_neighbor,3.0,513290.SH,513880.SH
rolling_beam_search,2025-01-01/2025-06-30,2025-07-01/2025-12-31,23,159687.SZ|159865.SZ|159920.SZ|159981.SZ|159985.SZ|161226.SZ|512980.SH|513080.SH|513100.SH|513120.SH|513290.SH|515880.SH|518880.SH,1.5570248746619193,0.6771187149313193,beam_neighbor,3.0,513730.SH,513100.SH
rolling_beam_search,2025-01-01/2025-06-30,2025-07-01/2025-12-31,24,159687.SZ|159920.SZ|159949.SZ|159981.SZ|159985.SZ|161226.SZ|512880.SH|512980.SH|513080.SH|513120.SH|513290.SH|513730.SH|518880.SH,0.4035222608585268,0.9023396797593993,beam_neighbor,3.0,159865.SZ,512880.SH
rolling_beam_search,2025-01-01/2025-06-30,2025-07-01/2025-12-31,25,159529.SZ|159865.SZ|159870.SZ|159920.SZ|159980.SZ|159981.SZ|159985.SZ|164824.SZ|513030.SH|513120.SH|513500.SH|518880.SH|562500.SH,1.202457223073441,0.6690906029707654,beam_neighbor,3.0,501018.SH,159985.SZ
rolling_beam_search,2025-01-01/2025-06-30,2025-07-01/2025-12-31,26,159687.SZ|159865.SZ|159981.SZ|159985.SZ|161226.SZ|512980.SH|513070.SH|513120.SH|513310.SH|513730.SH|513880.SH|515210.SH|518880.SH,1.8601116820384493,0.7647445077056443,beam_neighbor,4.0,563300.SH,515210.SH
rolling_beam_search,2025-01-01/2025-06-30,2025-07-01/2025-12-31,27,159529.SZ|159687.SZ|159865.SZ|159949.SZ|159981.SZ|159985.SZ|161226.SZ|512980.SH|513080.SH|513120.SH|513730.SH|513750.SH|518880.SH,1.4234310060629425,0.7450757034021771,beam_neighbor,4.0,513290.SH,159529.SZ
rolling_beam_search,2025-01-01/2025-06-30,2025-07-01/2025-12-31,28,159687.SZ|159865.SZ|159981.SZ|159985.SZ|161226.SZ|512980.SH|513070.SH|513120.SH|513290.SH|513310.SH|513730.SH|515790.SH|518880.SH,1.6434790492185951,0.6955656858742555,beam_neighbor,4.0,563300.SH,515790.SH
rolling_beam_search,2025-01-01/2025-06-30,2025-07-01/2025-12-31,29,159687.SZ|159865.SZ|159920.SZ|159981.SZ|159985.SZ|161226.SZ|164824.SZ|512980.SH|513120.SH|513290.SH|513730.SH|515880.SH|518880.SH,1.0699120658813268,0.6500228394498138,beam_neighbor,4.0,513080.SH,164824.SZ
rolling_beam_search,2025-01-01/2025-06-30,2025-07-01/2025-12-31,30,159687.SZ|159865.SZ|159920.SZ|159981.SZ|159985.SZ|161226.SZ|512980.SH|513100.SH|513120.SH|513290.SH|513310.SH|515880.SH|518880.SH,2.2967468263975035,0.6771187149313193,beam_neighbor,4.0,513080.SH,513310.SH
rolling_beam_search,2025-01-01/2025-06-30,2025-07-01/2025-12-31,31,159687.SZ|159865.SZ|159920.SZ|159980.SZ|159981.SZ|159985.SZ|161226.SZ|512980.SH|513100.SH|513120.SH|513290.SH|513310.SH|515880.SH,0.9074393949077231,0.6771187149313193,beam_neighbor,5.0,518880.SH,159980.SZ
rolling_beam_search,2025-01-01/2025-06-30,2025-07-01/2025-12-31,32,159518.SZ|159687.SZ|159865.SZ|159981.SZ|159985.SZ|161226.SZ|512980.SH|513070.SH|513120.SH|513730.SH|513880.SH|515210.SH|518880.SH,0.10581646430084476,0.7647445077056443,beam_neighbor,5.0,513310.SH,159518.SZ
rolling_beam_search,2025-01-01/2025-06-30,2025-07-01/2025-12-31,33,159687.SZ|159865.SZ|159981.SZ|161226.SZ|501018.SH|512980.SH|513070.SH|513120.SH|513310.SH|513730.SH|513880.SH|518880.SH|563300.SH,0.9303532547131518,0.8149348374908594,beam_neighbor,5.0,159985.SZ,501018.SH
rolling_beam_search,2025-01-01/2025-06-30,2025-07-01/2025-12-31,34,159865.SZ|159949.SZ|159981.SZ|159985.SZ|161226.SZ|512980.SH|513080.SH|513120.SH|513290.SH|513500.SH|513730.SH|513750.SH|518880.SH,2.1754377084393828,0.8489591242734664,beam_neighbor,5.0,159687.SZ,513500.SH
rolling_beam_search,2025-01-01/2025-06-30,2025-07-01/2025-12-31,35,159687.SZ|159851.SZ|159865.SZ|159981.SZ|159985.SZ|161226.SZ|512980.SH|513070.SH|513120.SH|513290.SH|513310.SH|513730.SH|518880.SH,1.6775460532685444,0.832730832055089,beam_neighbor,5.0,563300.SH,159851.SZ
rolling_beam_search,2025-01-01/2025-06-30,2025-07-01/2025-12-31,36,159687.SZ|159825.SZ|159920.SZ|159981.SZ|159985.SZ|161226.SZ|512980.SH|513100.SH|513120.SH|513290.SH|513310.SH|515880.SH|518880.SH,2.1520828126807,0.6771187149313193,beam_neighbor,6.0,159865.SZ,159825.SZ
rolling_beam_search,2025-01-01/2025-06-30,2025-07-01/2025-12-31,37,159865.SZ|159949.SZ|159981.SZ|159985.SZ|161226.SZ|512980.SH|513070.SH|513080.SH|513120.SH|513290.SH|513500.SH|513730.SH|518880.SH,1.525294993482896,0.8489591242734664,beam_neighbor,6.0,513750.SH,513070.SH
rolling_beam_search,2025-01-01/2025-06-30,2025-07-01/2025-12-31,38,159687.SZ|159865.SZ|159981.SZ|159985.SZ|161226.SZ|512980.SH|513070.SH|513100.SH|513120.SH|513310.SH|513880.SH|515210.SH|518880.SH,1.9283586641539558,0.7935214657978767,beam_neighbor,6.0,513730.SH,513100.SH
rolling_beam_search,2025-01-01/2025-06-30,2025-07-01/2025-12-31,39,159687.SZ|159766.SZ|159865.SZ|159981.SZ|159985.SZ|161226.SZ|512980.SH|513070.SH|513120.SH|513310.SH|513730.SH|513880.SH|518880.SH,1.6744890046970844,0.7647445077056443,beam_neighbor,6.0,563300.SH,159766.SZ
rolling_beam_search,2025-01-01/2025-06-30,2025-07-01/2025-12-31,40,159687.SZ|159865.SZ|159981.SZ|159985.SZ|161226.SZ|512800.SH|512980.SH|513080.SH|513120.SH|513290.SH|513730.SH|513750.SH|518880.SH,1.646743138513229,0.6499596012655676,beam_neighbor,6.0,159949.SZ,512800.SH
rolling_beam_search,2025-01-01/2025-06-30,2025-07-01/2025-12-31,41,159687.SZ|159865.SZ|159920.SZ|159981.SZ|159985.SZ|161226.SZ|501018.SH|512980.SH|513100.SH|513120.SH|513290.SH|513310.SH|515880.SH,0.9325265948067994,0.6771187149313193,beam_neighbor,7.0,518880.SH,501018.SH
rolling_beam_search,2025-01-01/2025-06-30,2025-07-01/2025-12-31,42,159865.SZ|159949.SZ|159981.SZ|159985.SZ|161226.SZ|512980.SH|513080.SH|513100.SH|513120.SH|513290.SH|513730.SH|513750.SH|518880.SH,2.1024137479721987,0.8627541750814681,beam_neighbor,7.0,513500.SH,513100.SH
rolling_beam_search,2025-01-01/2025-06-30,2025-07-01/2025-12-31,43,159825.SZ|159920.SZ|159981.SZ|159985.SZ|161226.SZ|164824.SZ|512980.SH|513100.SH|513120.SH|513290.SH|513310.SH|515880.SH|518880.SH,0.9794037520261132,0.6771187149313193,beam_neighbor,7.0,159687.SZ,164824.SZ
rolling_beam_search,2025-01-01/2025-06-30,2025-07-01/2025-12-31,44,159687.SZ|159981.SZ|159985.SZ|161226.SZ|512980.SH|513070.SH|513100.SH|513120.SH|513310.SH|513880.SH|515210.SH|518880.SH|588000.SH,0.8117354090702033,0.7935214657978767,beam_neighbor,7.0,159865.SZ,588000.SH
rolling_beam_search,2025-01-01/2025-06-30,2025-07-01/2025-12-31,45,159329.SZ|159687.SZ|159865.SZ|159981.SZ|159985.SZ|161226.SZ|512980.SH|513070.SH|513120.SH|513310.SH|513880.SH|515210.SH|518880.SH,1.094997734880494,0.6535585767192468,beam_neighbor,7.0,513730.SH,159329.SZ
rolling_beam_search,2025-01-01/2025-06-30,2025-07-01/2025-12-31,46,159865.SZ|159920.SZ|159981.SZ|159985.SZ|161226.SZ|512980.SH|513100.SH|513120.SH|513290.SH|513310.SH|513400.SH|515880.SH|518880.SH,2.1276466409374404,0.8896514833819045,beam_neighbor,8.0,159687.SZ,513400.SH
rolling_beam_search,2025-01-01/2025-06-30,2025-07-01/2025-12-31,47,159865.SZ|159949.SZ|159981.SZ|159985.SZ|501018.SH|512980.SH|513080.SH|513120.SH|513290.SH|513500.SH|513730.SH|513750.SH|518880.SH,1.2846550431727348,0.8489591242734664,beam_neighbor,8.0,161226.SZ,501018.SH
rolling_beam_search,2025-01-01/2025-06-30,2025-07-01/2025-12-31,48,159687.SZ|159825.SZ|159920.SZ|159981.SZ|159985.SZ|161226.SZ|501018.SH|512980.SH|513100.SH|513120.SH|513290.SH|513310.SH|515880.SH,0.8074547330065647,0.6771187149313193,beam_neighbor,8.0,518880.SH,501018.SH
rolling_beam_search,2025-01-01/2025-06-30,2025-07-01/2025-12-31,49,159518.SZ|159865.SZ|159949.SZ|159981.SZ|159985.SZ|161226.SZ|512980.SH|513080.SH|513120.SH|513290.SH|513730.SH|513750.SH|518880.SH,0.5669440372283265,0.7450757034021771,beam_neighbor,8.0,513100.SH,159518.SZ
rolling_beam_search,2025-01-01/2025-06-30,2025-07-01/2025-12-31,50,159687.SZ|159865.SZ|159920.SZ|159981.SZ|159985.SZ|161226.SZ|512980.SH|513100.SH|513120.SH|513310.SH|513880.SH|515210.SH|518880.SH,2.0413635630504916,0.7935214657978767,beam_neighbor,8.0,513070.SH,159920.SZ
rolling_beam_search,2025-01-01/2025-06-30,2025-07-01/2025-12-31,51,159209.SZ|159687.SZ|159865.SZ|159920.SZ|159981.SZ|159985.SZ|161226.SZ|512980.SH|513100.SH|513120.SH|513290.SH|513310.SH|518880.SH,1.8568625004908546,0.7238175188479684,beam_neighbor,9.0,515880.SH,159209.SZ
rolling_beam_search,2025-01-01/2025-06-30,2025-07-01/2025-12-31,52,159865.SZ|159949.SZ|159981.SZ|161226.SZ|501018.SH|512980.SH|513080.SH|513120.SH|513290.SH|513500.SH|513730.SH|513750.SH|518880.SH,0.9172963932504608,0.8489591242734664,beam_neighbor,9.0,159985.SZ,501018.SH
rolling_beam_search,2025-01-01/2025-06-30,2025-07-01/2025-12-31,53,159687.SZ|159825.SZ|159920.SZ|159981.SZ|159985.SZ|161226.SZ|512980.SH|513120.SH|513290.SH|513310.SH|513500.SH|515880.SH|518880.SH,2.1112309412996204,0.7613998744945906,beam_neighbor,9.0,513100.SH,513500.SH
rolling_beam_search,2025-01-01/2025-06-30,2025-07-01/2025-12-31,54,159865.SZ|159920.SZ|159981.SZ|159985.SZ|161226.SZ|164824.SZ|512980.SH|513100.SH|513120.SH|513310.SH|513400.SH|515880.SH|518880.SH,1.3104771518742566,0.8896514833819045,beam_neighbor,9.0,513290.SH,164824.SZ
rolling_beam_search,2025-01-01/2025-06-30,2025-07-01/2025-12-31,55,159326.SZ|159949.SZ|159981.SZ|159985.SZ|161226.SZ|512980.SH|513080.SH|513100.SH|513120.SH|513290.SH|513730.SH|513750.SH|518880.SH,1.2443860795921584,0.8779030394902476,beam_neighbor,9.0,159865.SZ,159326.SZ
rolling_beam_search,2025-01-01/2025-06-30,2025-07-01/2025-12-31,56,159865.SZ|159920.SZ|159981.SZ|159985.SZ|161226.SZ|512980.SH|513080.SH|513100.SH|513120.SH|513290.SH|513310.SH|515880.SH|518880.SH,2.0254503031138715,0.6771187149313193,beam_neighbor,10.0,159687.SZ,513080.SH
rolling_beam_search,2025-01-01/2025-06-30,2025-07-01/2025-12-31,57,159865.SZ|159949.SZ|159980.SZ|159981.SZ|159985.SZ|512980.SH|513080.SH|513120.SH|513290.SH|513500.SH|513730.SH|513750.SH|518880.SH,1.7483536432864963,0.8489591242734664,beam_neighbor,10.0,161226.SZ,159980.SZ
rolling_beam_search,2025-01-01/2025-06-30,2025-07-01/2025-12-31,58,159825.SZ|159920.SZ|159981.SZ|159985.SZ|160644.SZ|161226.SZ|512980.SH|513100.SH|513120.SH|513290.SH|513310.SH|515880.SH|518880.SH,1.664918890904289,0.7469485152397182,beam_neighbor,10.0,159687.SZ,160644.SZ
rolling_beam_search,2025-01-01/2025-06-30,2025-07-01/2025-12-31,59,159920.SZ|159981.SZ|159985.SZ|161226.SZ|512980.SH|513100.SH|513120.SH|513290.SH|513310.SH|513400.SH|515790.SH|515880.SH|518880.SH,1.0809416359704611,0.8896514833819045,beam_neighbor,10.0,159865.SZ,515790.SH
rolling_beam_search,2025-01-01/2025-06-30,2025-07-01/2025-12-31,60,159687.SZ|159825.SZ|159920.SZ|159981.SZ|159985.SZ|501018.SH|512980.SH|513120.SH|513290.SH|513310.SH|513500.SH|515880.SH|518880.SH,1.4695377538004675,0.7613998744945906,beam_neighbor,10.0,161226.SZ,501018.SH
rolling_beam_search,2025-01-01/2025-06-30,2025-07-01/2025-12-31,61,159687.SZ|159865.SZ|159920.SZ|159981.SZ|159985.SZ|161226.SZ|512980.SH|513100.SH|513120.SH|513290.SH|513730.SH|515880.SH|518880.SH,1.9279967988597182,0.8627541750814681,beam_neighbor,11.0,513310.SH,513730.SH
rolling_beam_search,2025-01-01/2025-06-30,2025-07-01/2025-12-31,62,159865.SZ|159949.SZ|159980.SZ|159981.SZ|159985.SZ|161226.SZ|512980.SH|513080.SH|513120.SH|513290.SH|513500.SH|513730.SH|513750.SH,1.1051682805433338,0.8489591242734664,beam_neighbor,11.0,518880.SH,159980.SZ
rolling_beam_search,2025-01-01/2025-06-30,2025-07-01/2025-12-31,63,159687.SZ|159825.SZ|159981.SZ|159985.SZ|161226.SZ|512980.SH|513100.SH|513120.SH|513290.SH|513310.SH|513750.SH|515880.SH|518880.SH,2.6775573041475305,0.6771187149313193,beam_neighbor,11.0,159920.SZ,513750.SH
rolling_beam_search,2025-01-01/2025-06-30,2025-07-01/2025-12-31,64,159865.SZ|159920.SZ|159981.SZ|159985.SZ|161226.SZ|512980.SH|513100.SH|513120.SH|513290.SH|513310.SH|513400.SH|515790.SH|518880.SH,1.6014181308491409,0.8896514833819045,beam_neighbor,11.0,515880.SH,515790.SH
rolling_beam_search,2025-01-01/2025-06-30,2025-07-01/2025-12-31,65,159687.SZ|159825.SZ|159920.SZ|159981.SZ|159985.SZ|160644.SZ|161226.SZ|512980.SH|513120.SH|513290.SH|513500.SH|515880.SH|518880.SH,1.4800011795766095,0.7613998744945906,beam_neighbor,11.0,513310.SH,160644.SZ
rolling_beam_search,2025-01-01/2025-06-30,2025-07-01/2025-12-31,66,159326.SZ|159687.SZ|159825.SZ|159981.SZ|159985.SZ|161226.SZ|512980.SH|513100.SH|513120.SH|513290.SH|513310.SH|513750.SH|518880.SH,1.9905102385601114,0.7379906036726179,beam_neighbor,12.0,515880.SH,159326.SZ
rolling_beam_search,2025-01-01/2025-06-30,2025-07-01/2025-12-31,67,159329.SZ|159687.SZ|159865.SZ|159920.SZ|159981.SZ|159985.SZ|161226.SZ|512980.SH|513120.SH|513290.SH|513310.SH|515880.SH|518880.SH,0.4468753820387299,0.6535585767192468,beam_neighbor,12.0,513100.SH,159329.SZ
rolling_beam_search,2025-01-01/2025-06-30,2025-07-01/2025-12-31,68,159329.SZ|159865.SZ|159949.SZ|159981.SZ|159985.SZ|161226.SZ|512980.SH|513120.SH|513290.SH|513500.SH|513730.SH|513750.SH|518880.SH,1.6134316665366977,0.8489591242734664,beam_neighbor,12.0,513080.SH,159329.SZ
rolling_beam_search,2025-01-01/2025-06-30,2025-07-01/2025-12-31,69,159687.SZ|159901.SZ|159920.SZ|159981.SZ|159985.SZ|161226.SZ|512980.SH|513100.SH|513120.SH|513290.SH|513310.SH|515880.SH|518880.SH,1.1267394410426979,0.7588560951011586,beam_neighbor,12.0,159825.SZ,159901.SZ
rolling_beam_search,2025-01-01/2025-06-30,2025-07-01/2025-12-31,70,159865.SZ|159920.SZ|159981.SZ|159985.SZ|161226.SZ|512980.SH|513100.SH|513120.SH|513290.SH|513400.SH|513880.SH|515880.SH|518880.SH,1.8668463002969176,0.8896514833819045,beam_neighbor,12.0,513310.SH,513880.SH
rolling_beam_search,2025-01-01/2025-06-30,2025-07-01/2025-12-31,71,159687.SZ|159825.SZ|159928.SZ|159981.SZ|159985.SZ|161226.SZ|512980.SH|513100.SH|513120.SH|513290.SH|513310.SH|513750.SH|518880.SH,1.7893820730277832,0.7032971370411847,beam_neighbor,13.0,515880.SH,159928.SZ
rolling_beam_search,2025-01-01/2025-06-30,2025-07-01/2025-12-31,72,159687.SZ|159865.SZ|159920.SZ|159985.SZ|161226.SZ|501018.SH|512980.SH|513100.SH|513120.SH|513290.SH|513310.SH|515880.SH|518880.SH,1.1497050043925086,0.6771187149313193,beam_neighbor,13.0,159981.SZ,501018.SH
rolling_beam_search,2025-01-01/2025-06-30,2025-07-01/2025-12-31,73,159529.SZ|159865.SZ|159949.SZ|159981.SZ|159985.SZ|161226.SZ|512980.SH|513080.SH|513120.SH|513500.SH|513730.SH|513750.SH|518880.SH,1.9790568271715634,0.8489591242734664,beam_neighbor,13.0,513290.SH,159529.SZ
rolling_beam_search,2025-01-01/2025-06-30,2025-07-01/2025-12-31,74,159687.SZ|159825.SZ|159920.SZ|159980.SZ|159985.SZ|161226.SZ|512980.SH|513100.SH|513120.SH|513290.SH|513310.SH|515880.SH|518880.SH,1.1331879468339718,0.6771187149313193,beam_neighbor,13.0,159981.SZ,159980.SZ
rolling_beam_search,2025-01-01/2025-06-30,2025-07-01/2025-12-31,75,159865.SZ|159920.SZ|159981.SZ|161226.SZ|501018.SH|512980.SH|513100.SH|513120.SH|513290.SH|513310.SH|513400.SH|515880.SH|518880.SH,0.9901254625919884,0.8896514833819045,beam_neighbor,13.0,159985.SZ,501018.SH
rolling_beam_search,2025-01-01/2025-06-30,2025-07-01/2025-12-31,76,159687.SZ|159825.SZ|159920.SZ|159981.SZ|159985.SZ|161226.SZ|512980.SH|513100.SH|513290.SH|513310.SH|513750.SH|515880.SH|518880.SH,1.7054165457532107,0.9042601594691357,beam_neighbor,14.0,513120.SH,159920.SZ
rolling_beam_search,2025-01-01/2025-06-30,2025-07-01/2025-12-31,77,159529.SZ|159687.SZ|159865.SZ|159920.SZ|159981.SZ|159985.SZ|161226.SZ|512980.SH|513100.SH|513120.SH|513290.SH|515880.SH|518880.SH,1.9010538296157429,0.6771187149313193,beam_neighbor,14.0,513310.SH,159529.SZ
rolling_beam_search,2025-01-01/2025-06-30,2025-07-01/2025-12-31,78,159796.SZ|159949.SZ|159981.SZ|159985.SZ|161226.SZ|512980.SH|513080.SH|513120.SH|513290.SH|513500.SH|513730.SH|513750.SH|518880.SH,1.165612110439544,0.862321860816802,beam_neighbor,14.0,159865.SZ,159796.SZ
rolling_beam_search,2025-01-01/2025-06-30,2025-07-01/2025-12-31,79,159687.SZ|159825.SZ|159981.SZ|159985.SZ|161226.SZ|512980.SH|513070.SH|513100.SH|513120.SH|513290.SH|513310.SH|515880.SH|518880.SH,2.0366161240692735,0.6771187149313193,beam_neighbor,14.0,159920.SZ,513070.SH
rolling_beam_search,2025-01-01/2025-06-30,2025-07-01/2025-12-31,80,159865.SZ|159920.SZ|159981.SZ|159985.SZ|160644.SZ|161226.SZ|512980.SH|513100.SH|513120.SH|513290.SH|513400.SH|515880.SH|518880.SH,1.4897997658477586,0.8896514833819045,beam_neighbor,14.0,513310.SH,160644.SZ
rolling_beam_search,2025-01-01/2025-06-30,2025-07-01/2025-12-31,81,159825.SZ|159981.SZ|159985.SZ|161226.SZ|512980.SH|513100.SH|513120.SH|513290.SH|513310.SH|513750.SH|513880.SH|515880.SH|518880.SH,2.410521959114637,0.7935214657978767,beam_neighbor,15.0,159687.SZ,513880.SH
rolling_beam_search,2025-01-01/2025-06-30,2025-07-01/2025-12-31,82,159326.SZ|159687.SZ|159865.SZ|159920.SZ|159981.SZ|159985.SZ|161226.SZ|512980.SH|513100.SH|513120.SH|513290.SH|513310.SH|518880.SH,1.6616692452284418,0.7379906036726179,beam_neighbor,15.0,515880.SH,159326.SZ
rolling_beam_search,2025-01-01/2025-06-30,2025-07-01/2025-12-31,83,159928.SZ|159949.SZ|159981.SZ|159985.SZ|161226.SZ|512980.SH|513080.SH|513120.SH|513290.SH|513500.SH|513730.SH|513750.SH|518880.SH,1.9203807827990274,0.8489591242734664,beam_neighbor,15.0,159865.SZ,159928.SZ
rolling_beam_search,2025-01-01/2025-06-30,2025-07-01/2025-12-31,84,159687.SZ|159920.SZ|159981.SZ|159985.SZ|161226.SZ|512100.SH|512980.SH|513100.SH|513120.SH|513290.SH|513310.SH|515880.SH|518880.SH,1.1335818008193113,0.8467512631259039,beam_neighbor,15.0,159825.SZ,512100.SH
rolling_beam_search,2025-01-01/2025-06-30,2025-07-01/2025-12-31,85,159865.SZ|159920.SZ|159981.SZ|159985.SZ|161226.SZ|501018.SH|512980.SH|513100.SH|513120.SH|513290.SH|513310.SH|513400.SH|515880.SH,0.6427100587254575,0.8896514833819045,beam_neighbor,15.0,518880.SH,501018.SH
rolling_beam_search,2025-01-01/2025-06-30,2025-07-01/2025-12-31,86,159687.SZ|159825.SZ|159981.SZ|159985.SZ|161226.SZ|510050.SH|513100.SH|513120.SH|513290.SH|513310.SH|513750.SH|515880.SH|518880.SH,2.4717648101291254,0.6771187149313193,beam_neighbor,16.0,512980.SH,510050.SH
rolling_beam_search,2025-01-01/2025-06-30,2025-07-01/2025-12-31,87,159825.SZ|159981.SZ|159985.SZ|161226.SZ|512980.SH|513030.SH|513100.SH|513120.SH|513290.SH|513750.SH|513880.SH|515880.SH|518880.SH,2.2091185972834095,0.7935214657978767,beam_neighbor,16.0,513310.SH,513030.SH
rolling_beam_search,2025-01-01/2025-06-30,2025-07-01/2025-12-31,88,159687.SZ|159865.SZ|159920.SZ|159981.SZ|159985.SZ|161226.SZ|164824.SZ|512980.SH|513100.SH|513120.SH|513310.SH|515880.SH|518880.SH,1.4654180764794618,0.6697454349726484,beam_neighbor,16.0,513290.SH,164824.SZ
rolling_beam_search,2025-01-01/2025-06-30,2025-07-01/2025-12-31,89,159209.SZ|159865.SZ|159981.SZ|159985.SZ|161226.SZ|512980.SH|513080.SH|513120.SH|513290.SH|513500.SH|513730.SH|513750.SH|518880.SH,2.275441195837542,0.8489591242734664,beam_neighbor,16.0,159949.SZ,159209.SZ
rolling_beam_search,2025-01-01/2025-06-30,2025-07-01/2025-12-31,90,159687.SZ|159825.SZ|159920.SZ|159981.SZ|159985.SZ|161226.SZ|512980.SH|513030.SH|513120.SH|513290.SH|513310.SH|515880.SH|518880.SH,1.6017213000240107,0.6497250955970425,beam_neighbor,16.0,513100.SH,513030.SH
rolling_beam_search,2025-01-01/2025-06-30,2025-07-01/2025-12-31,91,159529.SZ|159687.SZ|159825.SZ|159981.SZ|159985.SZ|161226.SZ|512980.SH|513100.SH|513120.SH|513310.SH|513750.SH|515880.SH|518880.SH,2.273517375004359,0.6609857955738808,beam_neighbor,17.0,513290.SH,159529.SZ
rolling_beam_search,2025-01-01/2025-06-30,2025-07-01/2025-12-31,92,159687.SZ|159825.SZ|159981.SZ|159985.SZ|161226.SZ|510050.SH|513070.SH|513100.SH|513290.SH|513310.SH|513750.SH|515880.SH|518880.SH,1.7503064161807802,0.8346945255088569,beam_neighbor,17.0,513120.SH,513070.SH
rolling_beam_search,2025-01-01/2025-06-30,2025-07-01/2025-12-31,93,159825.SZ|159981.SZ|159985.SZ|161226.SZ|512980.SH|513100.SH|513120.SH|513290.SH|513400.SH|513750.SH|513880.SH|515880.SH|518880.SH,1.9471434017607299,0.8896514833819045,beam_neighbor,17.0,513310.SH,513400.SH
rolling_beam_search,2025-01-01/2025-06-30,2025-07-01/2025-12-31,94,159687.SZ|159865.SZ|159920.SZ|159981.SZ|159985.SZ|161226.SZ|512400.SH|512980.SH|513100.SH|513120.SH|513290.SH|513310.SH|518880.SH,1.653869056334681,0.6771187149313193,beam_neighbor,17.0,515880.SH,512400.SH
rolling_beam_search,2025-01-01/2025-06-30,2025-07-01/2025-12-31,95,159209.SZ|159865.SZ|159920.SZ|159981.SZ|159985.SZ|161226.SZ|512980.SH|513080.SH|513290.SH|513500.SH|513730.SH|513750.SH|518880.SH,1.3150875844569692,0.9042601594691357,beam_neighbor,17.0,513120.SH,159920.SZ
rolling_beam_search,2025-01-01/2025-06-30,2025-07-01/2025-12-31,96,159518.SZ|159825.SZ|159981.SZ|159985.SZ|161226.SZ|512980.SH|513100.SH|513120.SH|513290.SH|513310.SH|513750.SH|515880.SH|518880.SH,0.7449610373665142,0.6771187149313193,beam_neighbor,18.0,159687.SZ,159518.SZ
rolling_beam_search,2025-01-01/2025-06-30,2025-07-01/2025-12-31,97,159687.SZ|159825.SZ|159981.SZ|159985.SZ|161226.SZ|510050.SH|513080.SH|513100.SH|513120.SH|513310.SH|513750.SH|515880.SH|518880.SH,2.046062265924468,0.6651499612916767,beam_neighbor,18.0,513290.SH,513080.SH
rolling_beam_search,2025-01-01/2025-06-30,2025-07-01/2025-12-31,98,159518.SZ|159825.SZ|159981.SZ|159985.SZ|161226.SZ|512980.SH|513100.SH|513120.SH|513310.SH|513750.SH|513880.SH|515880.SH|518880.SH,0.9130323663645309,0.7935214657978767,beam_neighbor,18.0,513290.SH,159518.SZ
rolling_beam_search,2025-01-01/2025-06-30,2025-07-01/2025-12-31,99,159687.SZ|159865.SZ|159920.SZ|159980.SZ|159981.SZ|159985.SZ|512980.SH|513100.SH|513120.SH|513290.SH|513310.SH|515880.SH|518880.SH,1.8545959343582579,0.6771187149313193,beam_neighbor,18.0,161226.SZ,159980.SZ
rolling_beam_search,2025-01-01/2025-06-30,2025-07-01/2025-12-31,100,159209.SZ|159687.SZ|159865.SZ|159981.SZ|159985.SZ|161226.SZ|512980.SH|513080.SH|513120.SH|513290.SH|513500.SH|513750.SH|518880.SH,1.8716740965871248,0.7613998744945906,beam_neighbor,18.0,513730.SH,159687.SZ
rolling_beam_search,2025-07-01/2025-12-31,2026-01-01/2026-06-30,1,159920.SZ|159980.SZ|159985.SZ|164824.SZ|501018.SH|512100.SH|512980.SH|513080.SH|513100.SH|513180.SH|513730.SH|518880.SH|562500.SH,1.8069290305759032,0.896611122646074,initial_beam,,,
rolling_beam_search,2025-07-01/2025-12-31,2026-01-01/2026-06-30,2,159509.SZ|159766.SZ|159920.SZ|159980.SZ|159981.SZ|501018.SH|512800.SH|512890.SH|513290.SH|513500.SH|513750.SH|513880.SH|518880.SH,1.7058848777597388,0.8506159542299097,initial_beam,,,
rolling_beam_search,2025-07-01/2025-12-31,2026-01-01/2026-06-30,3,159518.SZ|159852.SZ|159869.SZ|159981.SZ|161226.SZ|501018.SH|512660.SH|513070.SH|513080.SH|513290.SH|513310.SH|513750.SH|518880.SH,2.6826191306316525,0.6539588775874908,initial_beam,,,
rolling_beam_search,2025-07-01/2025-12-31,2026-01-01/2026-06-30,4,159329.SZ|159611.SZ|159687.SZ|159928.SZ|159949.SZ|159980.SZ|161226.SZ|501018.SH|513100.SH|513180.SH|513400.SH|513750.SH|518880.SH,1.6183845945120776,0.7210958925798221,initial_beam,,,
rolling_beam_search,2025-07-01/2025-12-31,2026-01-01/2026-06-30,5,159201.SZ|159329.SZ|159518.SZ|159980.SZ|159985.SZ|161226.SZ|512100.SH|513030.SH|513070.SH|513100.SH|513180.SH|515790.SH|518880.SH,2.0127529124433603,0.830842807816761,initial_beam,,,
rolling_beam_search,2025-07-01/2025-12-31,2026-01-01/2026-06-30,6,159920.SZ|159980.SZ|159981.SZ|159985.SZ|164824.SZ|512100.SH|512980.SH|513080.SH|513100.SH|513180.SH|513730.SH|518880.SH|562500.SH,1.6426781845021965,0.896611122646074,beam_neighbor,0.0,501018.SH,159981.SZ
rolling_beam_search,2025-07-01/2025-12-31,2026-01-01/2026-06-30,7,159509.SZ|159766.SZ|159920.SZ|159981.SZ|161226.SZ|501018.SH|512800.SH|512890.SH|513290.SH|513500.SH|513750.SH|513880.SH|518880.SH,2.0715334720928813,0.8506159542299097,beam_neighbor,0.0,159980.SZ,161226.SZ
rolling_beam_search,2025-07-01/2025-12-31,2026-01-01/2026-06-30,8,159518.SZ|159852.SZ|159869.SZ|159981.SZ|159985.SZ|161226.SZ|512660.SH|513070.SH|513080.SH|513290.SH|513310.SH|513750.SH|518880.SH,2.3999292050700194,0.6539588775874908,beam_neighbor,0.0,501018.SH,159985.SZ
rolling_beam_search,2025-07-01/2025-12-31,2026-01-01/2026-06-30,9,159326.SZ|159329.SZ|159687.SZ|159928.SZ|159949.SZ|159980.SZ|161226.SZ|501018.SH|513100.SH|513180.SH|513400.SH|513750.SH|518880.SH,1.4173446965826595,0.7210958925798221,beam_neighbor,0.0,159611.SZ,159326.SZ
rolling_beam_search,2025-07-01/2025-12-31,2026-01-01/2026-06-30,10,159201.SZ|159329.SZ|159980.SZ|159985.SZ|161226.SZ|512100.SH|513030.SH|513070.SH|513100.SH|513180.SH|513400.SH|515790.SH|518880.SH,1.9186373201114721,0.830842807816761,beam_neighbor,0.0,159518.SZ,513400.SH
rolling_beam_search,2025-07-01/2025-12-31,2026-01-01/2026-06-30,11,159209.SZ|159518.SZ|159852.SZ|159869.SZ|159981.SZ|161226.SZ|501018.SH|513070.SH|513080.SH|513290.SH|513310.SH|513750.SH|518880.SH,1.792669114608091,0.5835502313497182,beam_neighbor,1.0,512660.SH,159209.SZ
rolling_beam_search,2025-07-01/2025-12-31,2026-01-01/2026-06-30,12,159518.SZ|159687.SZ|159852.SZ|159869.SZ|159981.SZ|159985.SZ|161226.SZ|512660.SH|513070.SH|513290.SH|513310.SH|513750.SH|518880.SH,2.498338733948304,0.6539588775874908,beam_neighbor,1.0,513080.SH,159687.SZ
rolling_beam_search,2025-07-01/2025-12-31,2026-01-01/2026-06-30,13,159509.SZ|159766.SZ|159920.SZ|159981.SZ|159985.SZ|161226.SZ|501018.SH|512800.SH|512890.SH|513290.SH|513500.SH|513750.SH|513880.SH,1.8034973971833832,0.8506159542299097,beam_neighbor,1.0,518880.SH,159985.SZ
rolling_beam_search,2025-07-01/2025-12-31,2026-01-01/2026-06-30,14,159201.SZ|159329.SZ|159518.SZ|159980.SZ|159985.SZ|161226.SZ|512100.SH|513030.SH|513100.SH|513180.SH|513750.SH|515790.SH|518880.SH,2.3222751140905546,0.6885307048010918,beam_neighbor,1.0,513070.SH,513750.SH
rolling_beam_search,2025-07-01/2025-12-31,2026-01-01/2026-06-30,15,159201.SZ|159329.SZ|159980.SZ|159985.SZ|161226.SZ|512200.SH|513030.SH|513070.SH|513100.SH|513180.SH|513400.SH|515790.SH|518880.SH,1.6279158146345432,0.830842807816761,beam_neighbor,1.0,512100.SH,512200.SH
rolling_beam_search,2025-07-01/2025-12-31,2026-01-01/2026-06-30,16,159329.SZ|159518.SZ|159852.SZ|159869.SZ|159981.SZ|161226.SZ|501018.SH|512660.SH|513070.SH|513080.SH|513310.SH|513750.SH|518880.SH,1.8415980976356325,0.6539588775874908,beam_neighbor,2.0,513290.SH,159329.SZ
rolling_beam_search,2025-07-01/2025-12-31,2026-01-01/2026-06-30,17,159518.SZ|159687.SZ|159869.SZ|159981.SZ|159985.SZ|161226.SZ|512660.SH|512980.SH|513070.SH|513290.SH|513310.SH|513750.SH|518880.SH,2.7748802018514884,0.8583170954826607,beam_neighbor,2.0,159852.SZ,512980.SH
rolling_beam_search,2025-07-01/2025-12-31,2026-01-01/2026-06-30,18,159518.SZ|159852.SZ|159869.SZ|159981.SZ|159985.SZ|501018.SH|512660.SH|513070.SH|513080.SH|513290.SH|513310.SH|513750.SH|518880.SH,1.7096201637342858,0.6539588775874908,beam_neighbor,2.0,161226.SZ,501018.SH
rolling_beam_search,2025-07-01/2025-12-31,2026-01-01/2026-06-30,19,159201.SZ|159329.SZ|159687.SZ|159980.SZ|159985.SZ|161226.SZ|512100.SH|513030.SH|513100.SH|513180.SH|513750.SH|515790.SH|518880.SH,2.0765428782379876,0.6885307048010918,beam_neighbor,2.0,159518.SZ,159687.SZ
rolling_beam_search,2025-07-01/2025-12-31,2026-01-01/2026-06-30,20,159509.SZ|159766.SZ|159981.SZ|161226.SZ|501018.SH|512800.SH|512890.SH|513120.SH|513290.SH|513500.SH|513750.SH|513880.SH|518880.SH,2.3260897801003204,0.8506159542299097,beam_neighbor,2.0,159920.SZ,513120.SH
rolling_beam_search,2025-07-01/2025-12-31,2026-01-01/2026-06-30,21,159518.SZ|159687.SZ|159869.SZ|159901.SZ|159981.SZ|159985.SZ|161226.SZ|512980.SH|513070.SH|513290.SH|513310.SH|513750.SH|518880.SH,1.9426373649381776,0.8583170954826607,beam_neighbor,3.0,512660.SH,159901.SZ
rolling_beam_search,2025-07-01/2025-12-31,2026-01-01/2026-06-30,22,159518.SZ|159852.SZ|159869.SZ|159980.SZ|159981.SZ|501018.SH|512660.SH|513070.SH|513080.SH|513290.SH|513310.SH|513750.SH|518880.SH,2.0173325544483625,0.6539588775874908,beam_neighbor,3.0,161226.SZ,159980.SZ
rolling_beam_search,2025-07-01/2025-12-31,2026-01-01/2026-06-30,23,159687.SZ|159852.SZ|159869.SZ|159981.SZ|159985.SZ|161226.SZ|512660.SH|513070.SH|513290.SH|513310.SH|513730.SH|513750.SH|518880.SH,2.0830382609241136,0.6539588775874908,beam_neighbor,3.0,159518.SZ,513730.SH
rolling_beam_search,2025-07-01/2025-12-31,2026-01-01/2026-06-30,24,159518.SZ|159852.SZ|159869.SZ|159981.SZ|159985.SZ|161226.SZ|512660.SH|513070.SH|513290.SH|513310.SH|513730.SH|513750.SH|518880.SH,2.0611375302317625,0.6539588775874908,beam_neighbor,3.0,513080.SH,513730.SH
rolling_beam_search,2025-07-01/2025-12-31,2026-01-01/2026-06-30,25,159509.SZ|159766.SZ|159981.SZ|161226.SZ|501018.SH|510210.SH|512890.SH|513120.SH|513290.SH|513500.SH|513750.SH|513880.SH|518880.SH,2.809859232559567,0.7412591912692081,beam_neighbor,3.0,512800.SH,510210.SH
rolling_beam_search,2025-07-01/2025-12-31,2026-01-01/2026-06-30,26,159509.SZ|159766.SZ|159981.SZ|161226.SZ|501018.SH|510210.SH|512890.SH|513070.SH|513120.SH|513290.SH|513500.SH|513880.SH|518880.SH,2.816672208938439,0.7412591912692081,beam_neighbor,4.0,513750.SH,513070.SH
rolling_beam_search,2025-07-01/2025-12-31,2026-01-01/2026-06-30,27,159518.SZ|159687.SZ|159869.SZ|159981.SZ|159985.SZ|161226.SZ|512660.SH|512980.SH|513030.SH|513070.SH|513310.SH|513750.SH|518880.SH,2.179883578124598,0.8583170954826607,beam_neighbor,4.0,513290.SH,513030.SH
rolling_beam_search,2025-07-01/2025-12-31,2026-01-01/2026-06-30,28,159518.SZ|159852.SZ|159869.SZ|159981.SZ|161226.SZ|501018.SH|512660.SH|513070.SH|513080.SH|513100.SH|513310.SH|513750.SH|518880.SH,2.2785436675936146,0.6539588775874908,beam_neighbor,4.0,513290.SH,513100.SH
rolling_beam_search,2025-07-01/2025-12-31,2026-01-01/2026-06-30,29,159518.SZ|159852.SZ|159869.SZ|159981.SZ|159985.SZ|161226.SZ|512660.SH|513070.SH|513290.SH|513310.SH|513750.SH|513880.SH|518880.SH,2.178905171076456,0.6539588775874908,beam_neighbor,4.0,159687.SZ,513880.SH
rolling_beam_search,2025-07-01/2025-12-31,2026-01-01/2026-06-30,30,159518.SZ|159852.SZ|159869.SZ|159981.SZ|159985.SZ|161226.SZ|512660.SH|513070.SH|513080.SH|513100.SH|513290.SH|513750.SH|518880.SH,2.0094160226906475,0.6539588775874908,beam_neighbor,4.0,513310.SH,513100.SH
rolling_beam_search,2025-07-01/2025-12-31,2026-01-01/2026-06-30,31,159509.SZ|159766.SZ|159981.SZ|161226.SZ|501018.SH|510210.SH|512890.SH|513070.SH|513120.SH|513290.SH|513400.SH|513880.SH|518880.SH,3.1907653826440137,0.614178418246743,beam_neighbor,5.0,513500.SH,513400.SH
rolling_beam_search,2025-07-01/2025-12-31,2026-01-01/2026-06-30,32,159766.SZ|159981.SZ|161226.SZ|501018.SH|510210.SH|512890.SH|513120.SH|513290.SH|513400.SH|513500.SH|513750.SH|513880.SH|518880.SH,2.423577325440155,0.8047960289181927,beam_neighbor,5.0,159509.SZ,513400.SH
rolling_beam_search,2025-07-01/2025-12-31,2026-01-01/2026-06-30,33,159518.SZ|159687.SZ|159869.SZ|159981.SZ|159985.SZ|161226.SZ|512660.SH|512980.SH|513070.SH|513180.SH|513290.SH|513310.SH|518880.SH,2.407954176003042,0.8583170954826607,beam_neighbor,5.0,513750.SH,513180.SH
rolling_beam_search,2025-07-01/2025-12-31,2026-01-01/2026-06-30,34,159518.SZ|159852.SZ|159869.SZ|159981.SZ|161226.SZ|501018.SH|513070.SH|513080.SH|513290.SH|513310.SH|513750.SH|515210.SH|518880.SH,1.847264189734217,0.5835502313497182,beam_neighbor,5.0,512660.SH,515210.SH
rolling_beam_search,2025-07-01/2025-12-31,2026-01-01/2026-06-30,35,159518.SZ|159687.SZ|159852.SZ|159869.SZ|159981.SZ|159985.SZ|161226.SZ|510050.SH|513070.SH|513290.SH|513310.SH|513750.SH|518880.SH,1.8281264066846108,0.5835502313497182,beam_neighbor,5.0,512660.SH,510050.SH
rolling_beam_search,2025-07-01/2025-12-31,2026-01-01/2026-06-30,36,159509.SZ|159981.SZ|161226.SZ|501018.SH|510210.SH|512890.SH|513070.SH|513120.SH|513290.SH|513400.SH|513880.SH|518880.SH|563300.SH,3.3679895996855698,0.7315305387277319,beam_neighbor,6.0,159766.SZ,563300.SH
rolling_beam_search,2025-07-01/2025-12-31,2026-01-01/2026-06-30,37,159509.SZ|159766.SZ|159980.SZ|159981.SZ|501018.SH|510210.SH|512890.SH|513070.SH|513120.SH|513290.SH|513500.SH|513880.SH|518880.SH,2.3228878760263303,0.7412591912692081,beam_neighbor,6.0,161226.SZ,159980.SZ
rolling_beam_search,2025-07-01/2025-12-31,2026-01-01/2026-06-30,38,159509.SZ|159766.SZ|159981.SZ|161226.SZ|501018.SH|510210.SH|512890.SH|513120.SH|513290.SH|513400.SH|513750.SH|513880.SH|518880.SH,3.222240472467541,0.614178418246743,beam_neighbor,6.0,513500.SH,513400.SH
rolling_beam_search,2025-07-01/2025-12-31,2026-01-01/2026-06-30,39,159518.SZ|159687.SZ|159981.SZ|159985.SZ|161226.SZ|510880.SH|512660.SH|512980.SH|513070.SH|513290.SH|513310.SH|513750.SH|518880.SH,2.6355698821813833,0.5835502313497182,beam_neighbor,6.0,159869.SZ,510880.SH
rolling_beam_search,2025-07-01/2025-12-31,2026-01-01/2026-06-30,40,159518.SZ|159852.SZ|159869.SZ|159981.SZ|161226.SZ|501018.SH|512660.SH|513070.SH|513080.SH|513180.SH|513290.SH|513310.SH|518880.SH,2.086746518794712,0.830842807816761,beam_neighbor,6.0,513750.SH,513180.SH
rolling_beam_search,2025-07-01/2025-12-31,2026-01-01/2026-06-30,41,159509.SZ|159981.SZ|161226.SZ|501018.SH|510210.SH|512890.SH|513070.SH|513120.SH|513290.SH|513400.SH|513880.SH|515210.SH|518880.SH,3.523327090913132,0.6242463155410999,beam_neighbor,7.0,563300.SH,515210.SH
rolling_beam_search,2025-07-01/2025-12-31,2026-01-01/2026-06-30,42,159509.SZ|159766.SZ|159981.SZ|161226.SZ|501018.SH|510210.SH|512890.SH|513070.SH|513290.SH|513400.SH|513750.SH|513880.SH|518880.SH,3.0336053154687743,0.614178418246743,beam_neighbor,7.0,513120.SH,513070.SH
rolling_beam_search,2025-07-01/2025-12-31,2026-01-01/2026-06-30,43,159509.SZ|159766.SZ|159981.SZ|161226.SZ|501018.SH|510210.SH|510300.SH|513070.SH|513120.SH|513290.SH|513400.SH|513880.SH|518880.SH,3.7880005859297157,0.8984863846859665,beam_neighbor,7.0,512890.SH,510300.SH
rolling_beam_search,2025-07-01/2025-12-31,2026-01-01/2026-06-30,44,159509.SZ|159766.SZ|159981.SZ|161226.SZ|501018.SH|510210.SH|513070.SH|513120.SH|513290.SH|513500.SH|513880.SH|518880.SH|562500.SH,3.6316636639171973,0.7412591912692081,beam_neighbor,7.0,512890.SH,562500.SH
rolling_beam_search,2025-07-01/2025-12-31,2026-01-01/2026-06-30,45,159509.SZ|159766.SZ|159796.SZ|159981.SZ|161226.SZ|501018.SH|510210.SH|513120.SH|513290.SH|513500.SH|513750.SH|513880.SH|518880.SH,3.4717981001523404,0.7412591912692081,beam_neighbor,7.0,512890.SH,159796.SZ
rolling_beam_search,2025-07-01/2025-12-31,2026-01-01/2026-06-30,46,159509.SZ|159766.SZ|159981.SZ|161226.SZ|501018.SH|510210.SH|510300.SH|513120.SH|513290.SH|513400.SH|513750.SH|513880.SH|518880.SH,3.339563913360597,0.8984863846859665,beam_neighbor,8.0,513070.SH,513750.SH
rolling_beam_search,2025-07-01/2025-12-31,2026-01-01/2026-06-30,47,159509.SZ|159766.SZ|159981.SZ|159985.SZ|161226.SZ|510210.SH|513070.SH|513120.SH|513290.SH|513500.SH|513880.SH|518880.SH|562500.SH,3.5927655268468843,0.7412591912692081,beam_neighbor,8.0,501018.SH,159985.SZ
rolling_beam_search,2025-07-01/2025-12-31,2026-01-01/2026-06-30,48,159509.SZ|159852.SZ|159981.SZ|161226.SZ|501018.SH|512890.SH|513070.SH|513120.SH|513290.SH|513400.SH|513880.SH|515210.SH|518880.SH,2.6620470724484844,0.614178418246743,beam_neighbor,8.0,510210.SH,159852.SZ
rolling_beam_search,2025-07-01/2025-12-31,2026-01-01/2026-06-30,49,159766.SZ|159796.SZ|159981.SZ|161226.SZ|501018.SH|510210.SH|513100.SH|513120.SH|513290.SH|513500.SH|513750.SH|513880.SH|518880.SH,2.9161530256213104,0.8694020646184932,beam_neighbor,8.0,159509.SZ,513100.SH
rolling_beam_search,2025-07-01/2025-12-31,2026-01-01/2026-06-30,50,159509.SZ|159981.SZ|161226.SZ|501018.SH|510210.SH|512890.SH|513070.SH|513120.SH|513290.SH|513400.SH|513880.SH|515880.SH|518880.SH,4.217452751902807,0.614178418246743,beam_neighbor,8.0,563300.SH,515880.SH
rolling_beam_search,2025-07-01/2025-12-31,2026-01-01/2026-06-30,51,159509.SZ|159980.SZ|159981.SZ|161226.SZ|501018.SH|510210.SH|512890.SH|513070.SH|513120.SH|513290.SH|513400.SH|513880.SH|515880.SH,4.2687399506714,0.614178418246743,beam_neighbor,9.0,518880.SH,159980.SZ
rolling_beam_search,2025-07-01/2025-12-31,2026-01-01/2026-06-30,52,159509.SZ|159766.SZ|159981.SZ|159985.SZ|501018.SH|510210.SH|510300.SH|513070.SH|513120.SH|513290.SH|513400.SH|513880.SH|518880.SH,2.88906024450431,0.8984863846859665,beam_neighbor,9.0,161226.SZ,159985.SZ
rolling_beam_search,2025-07-01/2025-12-31,2026-01-01/2026-06-30,53,159509.SZ|159766.SZ|159981.SZ|160644.SZ|161226.SZ|501018.SH|510210.SH|513070.SH|513120.SH|513290.SH|513880.SH|518880.SH|562500.SH,3.543485435701443,0.6097008173027191,beam_neighbor,9.0,513500.SH,160644.SZ
rolling_beam_search,2025-07-01/2025-12-31,2026-01-01/2026-06-30,54,159509.SZ|159981.SZ|159985.SZ|161226.SZ|510210.SH|512040.SH|513070.SH|513120.SH|513290.SH|513500.SH|513880.SH|518880.SH|562500.SH,3.351861609167505,0.8495613101616063,beam_neighbor,9.0,159766.SZ,512040.SH
rolling_beam_search,2025-07-01/2025-12-31,2026-01-01/2026-06-30,55,159509.SZ|159901.SZ|159981.SZ|161226.SZ|501018.SH|512890.SH|513070.SH|513120.SH|513290.SH|513400.SH|513880.SH|515210.SH|518880.SH,3.3908007327350225,0.614178418246743,beam_neighbor,9.0,510210.SH,159901.SZ
rolling_beam_search,2025-07-01/2025-12-31,2026-01-01/2026-06-30,56,159980.SZ|159981.SZ|161226.SZ|501018.SH|510210.SH|512890.SH|513070.SH|513080.SH|513120.SH|513290.SH|513400.SH|513880.SH|515880.SH,3.1493131515787534,0.6434541568581719,beam_neighbor,10.0,159509.SZ,513080.SH
rolling_beam_search,2025-07-01/2025-12-31,2026-01-01/2026-06-30,57,159509.SZ|159981.SZ|161226.SZ|501018.SH|510210.SH|512890.SH|513070.SH|513120.SH|513290.SH|513400.SH|513730.SH|515880.SH|518880.SH,4.401570310066576,0.646583745050377,beam_neighbor,10.0,513880.SH,513730.SH
rolling_beam_search,2025-07-01/2025-12-31,2026-01-01/2026-06-30,58,159509.SZ|159981.SZ|161226.SZ|501018.SH|510210.SH|510300.SH|513070.SH|513120.SH|513290.SH|513400.SH|513880.SH|516150.SH|518880.SH,3.8264925797393667,0.8984863846859665,beam_neighbor,10.0,159766.SZ,516150.SH
rolling_beam_search,2025-07-01/2025-12-31,2026-01-01/2026-06-30,59,159509.SZ|159766.SZ|159981.SZ|161226.SZ|501018.SH|510210.SH|513070.SH|513290.SH|513500.SH|513750.SH|513880.SH|518880.SH|562500.SH,3.438512676110517,0.7412591912692081,beam_neighbor,10.0,513120.SH,513750.SH
rolling_beam_search,2025-07-01/2025-12-31,2026-01-01/2026-06-30,60,159509.SZ|159766.SZ|159981.SZ|159985.SZ|161226.SZ|510210.SH|513070.SH|513180.SH|513290.SH|513500.SH|513880.SH|518880.SH|562500.SH,2.7210263212002532,0.830842807816761,beam_neighbor,10.0,513120.SH,513180.SH
rolling_beam_search,2025-07-01/2025-12-31,2026-01-01/2026-06-30,61,159509.SZ|159981.SZ|161226.SZ|164824.SZ|501018.SH|510210.SH|512890.SH|513070.SH|513120.SH|513400.SH|513730.SH|515880.SH|518880.SH,3.8751218936874268,0.646583745050377,beam_neighbor,11.0,513290.SH,164824.SZ
rolling_beam_search,2025-07-01/2025-12-31,2026-01-01/2026-06-30,62,159509.SZ|159980.SZ|159981.SZ|161226.SZ|501018.SH|510210.SH|512890.SH|513030.SH|513070.SH|513120.SH|513290.SH|513880.SH|515880.SH,4.216904590380851,0.5808373895737946,beam_neighbor,11.0,513400.SH,513030.SH
rolling_beam_search,2025-07-01/2025-12-31,2026-01-01/2026-06-30,63,159509.SZ|159981.SZ|159985.SZ|501018.SH|510210.SH|512890.SH|513070.SH|513120.SH|513290.SH|513400.SH|513880.SH|515880.SH|518880.SH,3.662945840087336,0.614178418246743,beam_neighbor,11.0,161226.SZ,159985.SZ
rolling_beam_search,2025-07-01/2025-12-31,2026-01-01/2026-06-30,64,159509.SZ|159981.SZ|161226.SZ|501018.SH|510210.SH|510300.SH|513070.SH|513120.SH|513290.SH|513310.SH|513400.SH|516150.SH|518880.SH,3.8933711591329057,0.8984863846859665,beam_neighbor,11.0,513880.SH,513310.SH
rolling_beam_search,2025-07-01/2025-12-31,2026-01-01/2026-06-30,65,159509.SZ|159981.SZ|161226.SZ|501018.SH|510210.SH|510300.SH|512890.SH|513070.SH|513120.SH|513290.SH|513400.SH|513880.SH|518880.SH,3.7138101052248738,0.8984863846859665,beam_neighbor,11.0,159766.SZ,512890.SH
rolling_beam_search,2025-07-01/2025-12-31,2026-01-01/2026-06-30,66,159509.SZ|159981.SZ|161226.SZ|501018.SH|510210.SH|512890.SH|513120.SH|513290.SH|513400.SH|513730.SH|513750.SH|515880.SH|518880.SH,3.924774784460266,0.646583745050377,beam_neighbor,12.0,513070.SH,513750.SH
rolling_beam_search,2025-07-01/2025-12-31,2026-01-01/2026-06-30,67,159509.SZ|159980.SZ|159981.SZ|501018.SH|510210.SH|512890.SH|513070.SH|513120.SH|513290.SH|513400.SH|513880.SH|515880.SH|518880.SH,3.7071362791725657,0.614178418246743,beam_neighbor,12.0,161226.SZ,518880.SH
rolling_beam_search,2025-07-01/2025-12-31,2026-01-01/2026-06-30,68,159509.SZ|159852.SZ|159981.SZ|161226.SZ|501018.SH|512890.SH|513070.SH|513120.SH|513290.SH|513400.SH|513880.SH|515880.SH|518880.SH,3.225254978839108,0.614178418246743,beam_neighbor,12.0,510210.SH,159852.SZ
rolling_beam_search,2025-07-01/2025-12-31,2026-01-01/2026-06-30,69,159509.SZ|159980.SZ|159981.SZ|159985.SZ|161226.SZ|510210.SH|512890.SH|513030.SH|513070.SH|513120.SH|513290.SH|513880.SH|515880.SH,4.064357214075724,0.5808373895737946,beam_neighbor,12.0,501018.SH,159985.SZ
rolling_beam_search,2025-07-01/2025-12-31,2026-01-01/2026-06-30,70,159509.SZ|159980.SZ|159981.SZ|161226.SZ|510210.SH|510300.SH|513070.SH|513120.SH|513290.SH|513310.SH|513400.SH|516150.SH|518880.SH,3.6687166090866534,0.8984863846859665,beam_neighbor,12.0,501018.SH,159980.SZ
rolling_beam_search,2025-07-01/2025-12-31,2026-01-01/2026-06-30,71,159509.SZ|159981.SZ|160644.SZ|161226.SZ|501018.SH|510210.SH|512890.SH|513070.SH|513120.SH|513290.SH|513400.SH|515880.SH|518880.SH,4.64477700611999,0.5672778172369838,beam_neighbor,13.0,513730.SH,160644.SZ
rolling_beam_search,2025-07-01/2025-12-31,2026-01-01/2026-06-30,72,159206.SZ|159509.SZ|159980.SZ|159981.SZ|161226.SZ|501018.SH|510210.SH|512890.SH|513070.SH|513120.SH|513290.SH|513400.SH|513880.SH,3.7290189820502855,0.614178418246743,beam_neighbor,13.0,515880.SH,159206.SZ
rolling_beam_search,2025-07-01/2025-12-31,2026-01-01/2026-06-30,73,159509.SZ|159920.SZ|159981.SZ|161226.SZ|501018.SH|510210.SH|512890.SH|513120.SH|513290.SH|513400.SH|513880.SH|515880.SH|518880.SH,4.090114724155748,0.614178418246743,beam_neighbor,13.0,513070.SH,159920.SZ
rolling_beam_search,2025-07-01/2025-12-31,2026-01-01/2026-06-30,74,159509.SZ|159980.SZ|159981.SZ|161226.SZ|501018.SH|510210.SH|512890.SH|513030.SH|513070.SH|513120.SH|513290.SH|513880.SH|563300.SH,3.122920893030207,0.7315305387277319,beam_neighbor,13.0,515880.SH,563300.SH
rolling_beam_search,2025-07-01/2025-12-31,2026-01-01/2026-06-30,75,159329.SZ|159509.SZ|159980.SZ|159981.SZ|159985.SZ|161226.SZ|510210.SH|512890.SH|513030.SH|513070.SH|513120.SH|513880.SH|515880.SH,4.018959286368059,0.5756271089826394,beam_neighbor,13.0,513290.SH,159329.SZ
rolling_beam_search,2025-07-01/2025-12-31,2026-01-01/2026-06-30,76,159981.SZ|160644.SZ|161226.SZ|501018.SH|510210.SH|512890.SH|513070.SH|513120.SH|513290.SH|513310.SH|513400.SH|515880.SH|518880.SH,3.7278793451321546,0.5489078219078787,beam_neighbor,14.0,159509.SZ,513310.SH
rolling_beam_search,2025-07-01/2025-12-31,2026-01-01/2026-06-30,77,159509.SZ|159981.SZ|159985.SZ|501018.SH|510210.SH|512890.SH|513070.SH|513120.SH|513290.SH|513400.SH|513730.SH|515880.SH|518880.SH,3.9774941885385684,0.646583745050377,beam_neighbor,14.0,161226.SZ,159985.SZ
rolling_beam_search,2025-07-01/2025-12-31,2026-01-01/2026-06-30,78,159329.SZ|159509.SZ|159980.SZ|159981.SZ|161226.SZ|501018.SH|510210.SH|512890.SH|513070.SH|513120.SH|513290.SH|513400.SH|515880.SH,4.253596297833183,0.5672778172369838,beam_neighbor,14.0,513880.SH,159329.SZ
rolling_beam_search,2025-07-01/2025-12-31,2026-01-01/2026-06-30,79,159509.SZ|159611.SZ|159981.SZ|161226.SZ|501018.SH|512890.SH|513070.SH|513120.SH|513290.SH|513400.SH|513880.SH|515880.SH|518880.SH,3.3002853088037956,0.614178418246743,beam_neighbor,14.0,510210.SH,159611.SZ
rolling_beam_search,2025-07-01/2025-12-31,2026-01-01/2026-06-30,80,159509.SZ|159980.SZ|159981.SZ|161226.SZ|501018.SH|510210.SH|512890.SH|513030.SH|513120.SH|513180.SH|513290.SH|513880.SH|515880.SH,4.121604163875706,0.5808373895737946,beam_neighbor,14.0,513070.SH,513180.SH
rolling_beam_search,2025-07-01/2025-12-31,2026-01-01/2026-06-30,81,159509.SZ|159981.SZ|160644.SZ|161226.SZ|501018.SH|510210.SH|512890.SH|513120.SH|513290.SH|513400.SH|513750.SH|515880.SH|518880.SH,3.857342955814244,0.5672778172369838,beam_neighbor,15.0,513070.SH,513750.SH
rolling_beam_search,2025-07-01/2025-12-31,2026-01-01/2026-06-30,82,159509.SZ|159981.SZ|161226.SZ|501018.SH|510210.SH|512890.SH|513030.SH|513070.SH|513120.SH|513290.SH|513730.SH|515880.SH|518880.SH,4.299000294151673,0.646583745050377,beam_neighbor,15.0,513400.SH,513030.SH
rolling_beam_search,2025-07-01/2025-12-31,2026-01-01/2026-06-30,83,159509.SZ|159852.SZ|159980.SZ|159981.SZ|161226.SZ|501018.SH|512890.SH|513070.SH|513120.SH|513290.SH|513400.SH|513880.SH|515880.SH,3.2536293772509963,0.614178418246743,beam_neighbor,15.0,510210.SH,159852.SZ
rolling_beam_search,2025-07-01/2025-12-31,2026-01-01/2026-06-30,84,159329.SZ|159509.SZ|159980.SZ|159981.SZ|161226.SZ|501018.SH|510210.SH|513070.SH|513120.SH|513290.SH|513400.SH|515880.SH|588000.SH,4.052181059912975,0.6840860376010911,beam_neighbor,15.0,512890.SH,588000.SH
rolling_beam_search,2025-07-01/2025-12-31,2026-01-01/2026-06-30,85,159509.SZ|159518.SZ|159981.SZ|161226.SZ|501018.SH|510210.SH|512890.SH|513070.SH|513120.SH|513290.SH|513400.SH|515880.SH|518880.SH,4.422299611691867,0.5672778172369838,beam_neighbor,15.0,513880.SH,159518.SZ
rolling_beam_search,2025-07-01/2025-12-31,2026-01-01/2026-06-30,86,159509.SZ|159981.SZ|160644.SZ|161226.SZ|501018.SH|510210.SH|512890.SH|513030.SH|513070.SH|513120.SH|513290.SH|515880.SH|518880.SH,4.493682374300471,0.5586656684812616,beam_neighbor,16.0,513400.SH,513030.SH
rolling_beam_search,2025-07-01/2025-12-31,2026-01-01/2026-06-30,87,159509.SZ|159981.SZ|161226.SZ|501018.SH|510210.SH|512890.SH|513070.SH|513120.SH|513290.SH|513310.SH|513400.SH|515880.SH|518880.SH,4.448741290285965,0.5672778172369838,beam_neighbor,16.0,159518.SZ,513310.SH
rolling_beam_search,2025-07-01/2025-12-31,2026-01-01/2026-06-30,88,159509.SZ|159529.SZ|159981.SZ|161226.SZ|501018.SH|510210.SH|512890.SH|513070.SH|513120.SH|513290.SH|513730.SH|515880.SH|518880.SH,4.269447844783369,0.646583745050377,beam_neighbor,16.0,513400.SH,159529.SZ
rolling_beam_search,2025-07-01/2025-12-31,2026-01-01/2026-06-30,89,159518.SZ|159981.SZ|161226.SZ|501018.SH|510210.SH|512890.SH|513030.SH|513070.SH|513120.SH|513290.SH|513730.SH|515880.SH|518880.SH,3.529448907617373,0.6147506487636801,beam_neighbor,16.0,159509.SZ,159518.SZ
rolling_beam_search,2025-07-01/2025-12-31,2026-01-01/2026-06-30,90,159509.SZ|159980.SZ|159981.SZ|161226.SZ|501018.SH|510210.SH|512890.SH|513070.SH|513080.SH|513120.SH|513400.SH|513880.SH|515880.SH,3.900926462636569,0.6434541568581719,beam_neighbor,16.0,513290.SH,513080.SH
rolling_beam_search,2025-07-01/2025-12-31,2026-01-01/2026-06-30,91,159509.SZ|159985.SZ|160644.SZ|161226.SZ|501018.SH|510210.SH|512890.SH|513070.SH|513120.SH|513290.SH|513400.SH|515880.SH|518880.SH,4.553874620467528,0.5672778172369838,beam_neighbor,17.0,159981.SZ,159985.SZ
rolling_beam_search,2025-07-01/2025-12-31,2026-01-01/2026-06-30,92,159981.SZ|160644.SZ|161226.SZ|501018.SH|510210.SH|512890.SH|513030.SH|513070.SH|513080.SH|513120.SH|513290.SH|515880.SH|518880.SH,3.696448614133401,0.8206353307771239,beam_neighbor,17.0,159509.SZ,513080.SH
rolling_beam_search,2025-07-01/2025-12-31,2026-01-01/2026-06-30,93,159509.SZ|159981.SZ|159985.SZ|161226.SZ|510210.SH|512890.SH|513070.SH|513120.SH|513290.SH|513310.SH|513400.SH|515880.SH|518880.SH,4.3707389194673905,0.5672778172369838,beam_neighbor,17.0,501018.SH,159985.SZ
rolling_beam_search,2025-07-01/2025-12-31,2026-01-01/2026-06-30,94,159509.SZ|159518.SZ|159981.SZ|161226.SZ|501018.SH|510210.SH|512890.SH|513120.SH|513290.SH|513400.SH|513750.SH|515880.SH|518880.SH,4.00652866165933,0.5672778172369838,beam_neighbor,17.0,513070.SH,513750.SH
rolling_beam_search,2025-07-01/2025-12-31,2026-01-01/2026-06-30,95,159509.SZ|159980.SZ|159981.SZ|501018.SH|510210.SH|512890.SH|513070.SH|513120.SH|513290.SH|513400.SH|513730.SH|515880.SH|518880.SH,3.884277030005121,0.646583745050377,beam_neighbor,17.0,161226.SZ,159980.SZ
rolling_beam_search,2025-07-01/2025-12-31,2026-01-01/2026-06-30,96,159509.SZ|159920.SZ|159981.SZ|160644.SZ|161226.SZ|501018.SH|510210.SH|512890.SH|513070.SH|513290.SH|513400.SH|515880.SH|518880.SH,4.370701146173338,0.8781907596410816,beam_neighbor,18.0,513120.SH,159920.SZ
rolling_beam_search,2025-07-01/2025-12-31,2026-01-01/2026-06-30,97,159509.SZ|159985.SZ|160644.SZ|161226.SZ|501018.SH|510210.SH|512890.SH|513120.SH|513290.SH|513400.SH|513750.SH|515880.SH|518880.SH,3.7909294801208056,0.5672778172369838,beam_neighbor,18.0,513070.SH,513750.SH
rolling_beam_search,2025-07-01/2025-12-31,2026-01-01/2026-06-30,98,159509.SZ|159981.SZ|161226.SZ|501018.SH|510210.SH|512890.SH|513030.SH|513070.SH|513120.SH|513290.SH|513500.SH|515880.SH|518880.SH,4.475057934657905,0.7412591912692081,beam_neighbor,18.0,160644.SZ,513500.SH
rolling_beam_search,2025-07-01/2025-12-31,2026-01-01/2026-06-30,99,159509.SZ|159870.SZ|159981.SZ|161226.SZ|501018.SH|510210.SH|512890.SH|513070.SH|513120.SH|513290.SH|513310.SH|513400.SH|518880.SH,3.851286265518223,0.707129247460417,beam_neighbor,18.0,515880.SH,159870.SZ
rolling_beam_search,2025-07-01/2025-12-31,2026-01-01/2026-06-30,100,159509.SZ|159518.SZ|159796.SZ|159981.SZ|161226.SZ|501018.SH|512890.SH|513070.SH|513120.SH|513290.SH|513400.SH|515880.SH|518880.SH,4.083599401540771,0.5672778172369838,beam_neighbor,18.0,510210.SH,159796.SZ
rolling_beam_search,2026-01-01/2026-06-30,2026-07-01/2026-07-26,1,159201.SZ|159518.SZ|159980.SZ|161226.SZ|501018.SH|512400.SH|513070.SH|513080.SH|513120.SH|513290.SH|513880.SH|516150.SH|518880.SH,0.24563257276417347,0.7931704563444925,initial_beam,,,
rolling_beam_search,2026-01-01/2026-06-30,2026-07-01/2026-07-26,2,159687.SZ|159980.SZ|159981.SZ|161226.SZ|501018.SH|512890.SH|513070.SH|513120.SH|513400.SH|513500.SH|513880.SH|563300.SH|588200.SH,1.4425976209408076,0.8411201594101444,initial_beam,,,
rolling_beam_search,2026-01-01/2026-06-30,2026-07-01/2026-07-26,3,159206.SZ|159326.SZ|159529.SZ|159901.SZ|159920.SZ|159980.SZ|161226.SZ|501018.SH|513030.SH|513180.SH|513400.SH|513500.SH|518880.SH,0.685135843156472,0.8614689435973625,initial_beam,,,
rolling_beam_search,2026-01-01/2026-06-30,2026-07-01/2026-07-26,4,159509.SZ|159766.SZ|159981.SZ|159985.SZ|160644.SZ|501018.SH|512980.SH|513030.SH|513070.SH|513120.SH|513500.SH|515880.SH|518880.SH,1.7726850674402435,0.8077971362532227,initial_beam,,,
rolling_beam_search,2026-01-01/2026-06-30,2026-07-01/2026-07-26,5,159206.SZ|159209.SZ|159509.SZ|159920.SZ|159980.SZ|161226.SZ|501018.SH|512880.SH|513030.SH|513180.SH|513500.SH|513880.SH|518880.SH,0.7170701558278327,0.8614689435973625,initial_beam,,,
rolling_beam_search,2026-01-01/2026-06-30,2026-07-01/2026-07-26,6,159201.SZ|159518.SZ|159985.SZ|161226.SZ|501018.SH|512400.SH|513070.SH|513080.SH|513120.SH|513290.SH|513880.SH|516150.SH|518880.SH,0.6135573573499437,0.7931704563444925,beam_neighbor,0.0,159980.SZ,159985.SZ
rolling_beam_search,2026-01-01/2026-06-30,2026-07-01/2026-07-26,7,159687.SZ|159981.SZ|161226.SZ|501018.SH|512890.SH|513070.SH|513120.SH|513400.SH|513500.SH|513880.SH|518880.SH|563300.SH|588200.SH,1.4716666801948062,0.8411201594101444,beam_neighbor,0.0,159980.SZ,518880.SH
rolling_beam_search,2026-01-01/2026-06-30,2026-07-01/2026-07-26,8,159326.SZ|159529.SZ|159901.SZ|159920.SZ|159980.SZ|161226.SZ|501018.SH|513030.SH|513180.SH|513400.SH|513500.SH|516150.SH|518880.SH,0.48891598692882016,0.8614689435973625,beam_neighbor,0.0,159206.SZ,516150.SH
rolling_beam_search,2026-01-01/2026-06-30,2026-07-01/2026-07-26,9,159329.SZ|159509.SZ|159766.SZ|159981.SZ|159985.SZ|160644.SZ|501018.SH|512980.SH|513070.SH|513120.SH|513500.SH|515880.SH|518880.SH,1.5620285614503033,0.8077971362532227,beam_neighbor,0.0,513030.SH,159329.SZ
rolling_beam_search,2026-01-01/2026-06-30,2026-07-01/2026-07-26,10,159206.SZ|159209.SZ|159509.SZ|159920.SZ|159980.SZ|159981.SZ|501018.SH|512880.SH|513030.SH|513180.SH|513500.SH|513880.SH|518880.SH,0.27857108380750967,0.8614689435973625,beam_neighbor,0.0,161226.SZ,159981.SZ
rolling_beam_search,2026-01-01/2026-06-30,2026-07-01/2026-07-26,11,159509.SZ|159766.SZ|159981.SZ|159985.SZ|160644.SZ|501018.SH|512980.SH|513070.SH|513120.SH|513310.SH|513500.SH|515880.SH|518880.SH,2.540664675238528,0.8077971362532227,beam_neighbor,1.0,513030.SH,513310.SH
rolling_beam_search,2026-01-01/2026-06-30,2026-07-01/2026-07-26,12,159509.SZ|159766.SZ|159981.SZ|159985.SZ|160644.SZ|501018.SH|512980.SH|513070.SH|513080.SH|513120.SH|513500.SH|515880.SH|518880.SH,1.8895862386266153,0.8077971362532227,beam_neighbor,1.0,159329.SZ,513080.SH
rolling_beam_search,2026-01-01/2026-06-30,2026-07-01/2026-07-26,13,159529.SZ|159981.SZ|161226.SZ|501018.SH|512890.SH|513070.SH|513120.SH|513400.SH|513500.SH|513880.SH|518880.SH|563300.SH|588200.SH,1.4388887486114683,0.7824809592486331,beam_neighbor,1.0,159687.SZ,159529.SZ
rolling_beam_search,2026-01-01/2026-06-30,2026-07-01/2026-07-26,14,159687.SZ|159980.SZ|159981.SZ|161226.SZ|501018.SH|513070.SH|513120.SH|513400.SH|513500.SH|513880.SH|516150.SH|563300.SH|588200.SH,1.8992006618021418,0.8411201594101444,beam_neighbor,1.0,512890.SH,516150.SH
rolling_beam_search,2026-01-01/2026-06-30,2026-07-01/2026-07-26,15,159206.SZ|159209.SZ|159920.SZ|159980.SZ|161226.SZ|164824.SZ|501018.SH|512880.SH|513030.SH|513180.SH|513500.SH|513880.SH|518880.SH,-0.08106825124623974,0.8614689435973625,beam_neighbor,1.0,159509.SZ,164824.SZ
rolling_beam_search,2026-01-01/2026-06-30,2026-07-01/2026-07-26,16,159509.SZ|159766.SZ|159981.SZ|159985.SZ|160644.SZ|501018.SH|512980.SH|513070.SH|513180.SH|513310.SH|513500.SH|515880.SH|518880.SH,2.999022765027161,0.8077971362532227,beam_neighbor,2.0,513120.SH,513180.SH
rolling_beam_search,2026-01-01/2026-06-30,2026-07-01/2026-07-26,17,159687.SZ|159980.SZ|159981.SZ|161226.SZ|501018.SH|513070.SH|513100.SH|513120.SH|513400.SH|513880.SH|516150.SH|563300.SH|588200.SH,2.2062620778277546,0.8411201594101444,beam_neighbor,2.0,513500.SH,513100.SH
rolling_beam_search,2026-01-01/2026-06-30,2026-07-01/2026-07-26,18,159509.SZ|159766.SZ|159981.SZ|159985.SZ|160644.SZ|501018.SH|512980.SH|513070.SH|513080.SH|513500.SH|513750.SH|515880.SH|518880.SH,2.1907794679697568,0.8077971362532227,beam_neighbor,2.0,513120.SH,513750.SH
rolling_beam_search,2026-01-01/2026-06-30,2026-07-01/2026-07-26,19,159509.SZ|159687.SZ|159766.SZ|159981.SZ|159985.SZ|160644.SZ|501018.SH|512980.SH|513030.SH|513070.SH|513120.SH|515880.SH|518880.SH,1.5582448935481543,0.8150040766128622,beam_neighbor,2.0,513500.SH,159687.SZ
rolling_beam_search,2026-01-01/2026-06-30,2026-07-01/2026-07-26,20,159329.SZ|159509.SZ|159766.SZ|159981.SZ|159985.SZ|160644.SZ|501018.SH|512980.SH|513070.SH|513120.SH|513310.SH|515880.SH|518880.SH,2.202224098626904,0.7047547740338291,beam_neighbor,2.0,513500.SH,513310.SH
rolling_beam_search,2026-01-01/2026-06-30,2026-07-01/2026-07-26,21,159766.SZ|159981.SZ|159985.SZ|160644.SZ|501018.SH|512980.SH|513030.SH|513070.SH|513180.SH|513310.SH|513500.SH|515880.SH|518880.SH,2.1306780478583836,0.7434708202286995,beam_neighbor,3.0,159509.SZ,513030.SH
rolling_beam_search,2026-01-01/2026-06-30,2026-07-01/2026-07-26,22,159509.SZ|159766.SZ|159981.SZ|159985.SZ|160644.SZ|501018.SH|513070.SH|513120.SH|513310.SH|513500.SH|515790.SH|515880.SH|518880.SH,2.3714971410713566,0.8077971362532227,beam_neighbor,3.0,512980.SH,515790.SH
rolling_beam_search,2026-01-01/2026-06-30,2026-07-01/2026-07-26,23,159980.SZ|159981.SZ|161226.SZ|501018.SH|513070.SH|513100.SH|513120.SH|513400.SH|513880.SH|516150.SH|520870.SH|563300.SH|588200.SH,1.3071120996716743,0.8137662027812319,beam_neighbor,3.0,159687.SZ,520870.SH
rolling_beam_search,2026-01-01/2026-06-30,2026-07-01/2026-07-26,24,159329.SZ|159509.SZ|159766.SZ|159920.SZ|159981.SZ|159985.SZ|160644.SZ|501018.SH|512980.SH|513070.SH|513310.SH|515880.SH|518880.SH,2.6974603376761412,0.7170096681479771,beam_neighbor,3.0,513120.SH,159920.SZ
rolling_beam_search,2026-01-01/2026-06-30,2026-07-01/2026-07-26,25,159509.SZ|159766.SZ|159981.SZ|159985.SZ|160644.SZ|501018.SH|512800.SH|513070.SH|513080.SH|513500.SH|513750.SH|515880.SH|518880.SH,1.5858651013206904,0.8077971362532227,beam_neighbor,3.0,512980.SH,512800.SH
rolling_beam_search,2026-01-01/2026-06-30,2026-07-01/2026-07-26,26,159201.SZ|159509.SZ|159766.SZ|159981.SZ|159985.SZ|160644.SZ|501018.SH|512980.SH|513070.SH|513180.SH|513310.SH|513500.SH|518880.SH,2.656191753718911,0.8077971362532227,beam_neighbor,4.0,515880.SH,159201.SZ
rolling_beam_search,2026-01-01/2026-06-30,2026-07-01/2026-07-26,27,159329.SZ|159509.SZ|159766.SZ|159920.SZ|159981.SZ|159985.SZ|160644.SZ|501018.SH|513070.SH|513310.SH|515880.SH|518880.SH|588220.SH,2.8018910571331763,0.7305177976181892,beam_neighbor,4.0,512980.SH,588220.SH
rolling_beam_search,2026-01-01/2026-06-30,2026-07-01/2026-07-26,28,159509.SZ|159766.SZ|159920.SZ|159981.SZ|159985.SZ|160644.SZ|501018.SH|512980.SH|513120.SH|513310.SH|513500.SH|515880.SH|518880.SH,2.7904757617851255,0.8077971362532227,beam_neighbor,4.0,513070.SH,159920.SZ
rolling_beam_search,2026-01-01/2026-06-30,2026-07-01/2026-07-26,29,159509.SZ|159766.SZ|159981.SZ|159985.SZ|160644.SZ|501018.SH|513070.SH|513120.SH|513310.SH|513500.SH|515790.SH|518880.SH|588200.SH,1.8316804409874368,0.8077971362532227,beam_neighbor,4.0,515880.SH,588200.SH
rolling_beam_search,2026-01-01/2026-06-30,2026-07-01/2026-07-26,30,159687.SZ|159980.SZ|159981.SZ|161226.SZ|501018.SH|512880.SH|513070.SH|513100.SH|513120.SH|513400.SH|513880.SH|563300.SH|588200.SH,1.9953605189801478,0.8411201594101444,beam_neighbor,4.0,516150.SH,512880.SH
rolling_beam_search,2026-01-01/2026-06-30,2026-07-01/2026-07-26,31,159509.SZ|159766.SZ|159985.SZ|160644.SZ|161226.SZ|501018.SH|512980.SH|513070.SH|513180.SH|513310.SH|513500.SH|515880.SH|518880.SH,3.2375795309544126,0.8077971362532227,beam_neighbor,5.0,159981.SZ,161226.SZ
rolling_beam_search,2026-01-01/2026-06-30,2026-07-01/2026-07-26,32,159329.SZ|159766.SZ|159920.SZ|159981.SZ|159985.SZ|160644.SZ|501018.SH|513070.SH|513310.SH|513500.SH|515880.SH|518880.SH|588220.SH,2.6668059643501776,0.7305177976181892,beam_neighbor,5.0,159509.SZ,513500.SH
rolling_beam_search,2026-01-01/2026-06-30,2026-07-01/2026-07-26,33,159509.SZ|159920.SZ|159981.SZ|159985.SZ|160644.SZ|501018.SH|512100.SH|512980.SH|513120.SH|513310.SH|513500.SH|515880.SH|518880.SH,2.7944293922713555,0.8077971362532227,beam_neighbor,5.0,159766.SZ,512100.SH
rolling_beam_search,2026-01-01/2026-06-30,2026-07-01/2026-07-26,34,159329.SZ|159509.SZ|159766.SZ|159920.SZ|159967.SZ|159981.SZ|159985.SZ|160644.SZ|501018.SH|513070.SH|513310.SH|515880.SH|518880.SH,2.1818983373934224,0.9063198775498007,beam_neighbor,5.0,512980.SH,159967.SZ
rolling_beam_search,2026-01-01/2026-06-30,2026-07-01/2026-07-26,35,159201.SZ|159509.SZ|159766.SZ|159981.SZ|159985.SZ|164824.SZ|501018.SH|512980.SH|513070.SH|513180.SH|513310.SH|513500.SH|518880.SH,1.9140273155654266,0.8077971362532227,beam_neighbor,5.0,160644.SZ,164824.SZ
rolling_beam_search,2026-01-01/2026-06-30,2026-07-01/2026-07-26,36,159509.SZ|159766.SZ|159985.SZ|160644.SZ|161226.SZ|501018.SH|512980.SH|513070.SH|513080.SH|513180.SH|513310.SH|515880.SH|518880.SH,2.449433442053575,0.7047547740338291,beam_neighbor,6.0,513500.SH,513080.SH
rolling_beam_search,2026-01-01/2026-06-30,2026-07-01/2026-07-26,37,159509.SZ|159766.SZ|159981.SZ|159985.SZ|160644.SZ|161226.SZ|512980.SH|513070.SH|513180.SH|513310.SH|513500.SH|515880.SH|518880.SH,2.5061118030953478,0.8077971362532227,beam_neighbor,6.0,501018.SH,161226.SZ
rolling_beam_search,2026-01-01/2026-06-30,2026-07-01/2026-07-26,38,159329.SZ|159509.SZ|159920.SZ|159981.SZ|159985.SZ|160644.SZ|501018.SH|512170.SH|513070.SH|513310.SH|515880.SH|518880.SH|588220.SH,2.802684672237554,0.7305177976181892,beam_neighbor,6.0,159766.SZ,512170.SH
rolling_beam_search,2026-01-01/2026-06-30,2026-07-01/2026-07-26,39,159509.SZ|159981.SZ|159985.SZ|160644.SZ|501018.SH|512100.SH|512980.SH|513070.SH|513120.SH|513310.SH|513500.SH|515880.SH|518880.SH,2.536675546585327,0.8077971362532227,beam_neighbor,6.0,159920.SZ,513070.SH
rolling_beam_search,2026-01-01/2026-06-30,2026-07-01/2026-07-26,40,159509.SZ|159766.SZ|159920.SZ|159981.SZ|160644.SZ|161226.SZ|501018.SH|512980.SH|513120.SH|513310.SH|513500.SH|515880.SH|518880.SH,3.22774805413057,0.8077971362532227,beam_neighbor,6.0,159985.SZ,161226.SZ
rolling_beam_search,2026-01-01/2026-06-30,2026-07-01/2026-07-26,41,159509.SZ|159766.SZ|159985.SZ|160644.SZ|161226.SZ|164824.SZ|501018.SH|512980.SH|513070.SH|513180.SH|513310.SH|515880.SH|518880.SH,2.876301555176802,0.7047547740338291,beam_neighbor,7.0,513500.SH,164824.SZ
rolling_beam_search,2026-01-01/2026-06-30,2026-07-01/2026-07-26,42,159509.SZ|159766.SZ|159981.SZ|160644.SZ|161226.SZ|501018.SH|512980.SH|513070.SH|513120.SH|513310.SH|513500.SH|515880.SH|518880.SH,3.032105475428425,0.8077971362532227,beam_neighbor,7.0,159920.SZ,513070.SH
rolling_beam_search,2026-01-01/2026-06-30,2026-07-01/2026-07-26,43,159329.SZ|159509.SZ|159766.SZ|159981.SZ|159985.SZ|160644.SZ|501018.SH|512980.SH|513070.SH|513180.SH|513500.SH|515880.SH|518880.SH,2.0345189930978718,0.8077971362532227,beam_neighbor,7.0,513310.SH,159329.SZ
rolling_beam_search,2026-01-01/2026-06-30,2026-07-01/2026-07-26,44,159329.SZ|159509.SZ|159920.SZ|159980.SZ|159985.SZ|160644.SZ|501018.SH|512170.SH|513070.SH|513310.SH|515880.SH|518880.SH|588220.SH,2.9599476905874402,0.7522587312090414,beam_neighbor,7.0,159981.SZ,159980.SZ
rolling_beam_search,2026-01-01/2026-06-30,2026-07-01/2026-07-26,45,159329.SZ|159766.SZ|159920.SZ|159981.SZ|159985.SZ|160644.SZ|501018.SH|513070.SH|513310.SH|513730.SH|515880.SH|518880.SH|588220.SH,2.672123453309832,0.7305177976181892,beam_neighbor,7.0,159509.SZ,513730.SH
rolling_beam_search,2026-01-01/2026-06-30,2026-07-01/2026-07-26,46,159509.SZ|159766.SZ|159985.SZ|161226.SZ|501018.SH|512980.SH|513030.SH|513070.SH|513180.SH|513310.SH|513500.SH|515880.SH|518880.SH,2.273145493680663,0.8077971362532227,beam_neighbor,8.0,160644.SZ,513030.SH
rolling_beam_search,2026-01-01/2026-06-30,2026-07-01/2026-07-26,47,159509.SZ|159920.SZ|159981.SZ|160644.SZ|161226.SZ|501018.SH|512980.SH|513120.SH|513310.SH|513500.SH|515880.SH|518880.SH|588220.SH,3.3543648536446593,0.8077971362532227,beam_neighbor,8.0,159766.SZ,588220.SH
rolling_beam_search,2026-01-01/2026-06-30,2026-07-01/2026-07-26,48,159509.SZ|159766.SZ|159981.SZ|160644.SZ|161226.SZ|501018.SH|512980.SH|513070.SH|513310.SH|513500.SH|513750.SH|515880.SH|518880.SH,2.8740593355604895,0.8077971362532227,beam_neighbor,8.0,513120.SH,513750.SH
rolling_beam_search,2026-01-01/2026-06-30,2026-07-01/2026-07-26,49,159509.SZ|159981.SZ|159985.SZ|160644.SZ|501018.SH|510180.SH|512980.SH|513070.SH|513180.SH|513310.SH|513500.SH|515880.SH|518880.SH,2.992517612701414,0.8077971362532227,beam_neighbor,8.0,159766.SZ,510180.SH
rolling_beam_search,2026-01-01/2026-06-30,2026-07-01/2026-07-26,50,159329.SZ|159509.SZ|159920.SZ|159980.SZ|160644.SZ|161226.SZ|501018.SH|512170.SH|513070.SH|513310.SH|515880.SH|518880.SH|588220.SH,2.0872775073011725,0.7522587312090414,beam_neighbor,8.0,159985.SZ,161226.SZ
rolling_beam_search,2026-01-01/2026-06-30,2026-07-01/2026-07-26,51,159509.SZ|159920.SZ|159981.SZ|160644.SZ|161226.SZ|501018.SH|512400.SH|512980.SH|513120.SH|513310.SH|513500.SH|515880.SH|518880.SH,3.069186969742672,0.8077971362532227,beam_neighbor,9.0,588220.SH,512400.SH
rolling_beam_search,2026-01-01/2026-06-30,2026-07-01/2026-07-26,52,159509.SZ|159766.SZ|159985.SZ|160644.SZ|161226.SZ|501018.SH|512980.SH|513070.SH|513180.SH|513310.SH|513500.SH|516150.SH|518880.SH,1.7928049485697388,0.8077971362532227,beam_neighbor,9.0,515880.SH,516150.SH
rolling_beam_search,2026-01-01/2026-06-30,2026-07-01/2026-07-26,53,159329.SZ|159766.SZ|159920.SZ|159981.SZ|160644.SZ|161226.SZ|501018.SH|512980.SH|513120.SH|513310.SH|513500.SH|515880.SH|518880.SH,2.251464722273224,0.665760968479371,beam_neighbor,9.0,159509.SZ,159329.SZ
rolling_beam_search,2026-01-01/2026-06-30,2026-07-01/2026-07-26,54,159509.SZ|159766.SZ|159981.SZ|160644.SZ|161226.SZ|501018.SH|512980.SH|513070.SH|513120.SH|513310.SH|513500.SH|518880.SH|588000.SH,1.9780698284466742,0.8077971362532227,beam_neighbor,9.0,515880.SH,588000.SH
rolling_beam_search,2026-01-01/2026-06-30,2026-07-01/2026-07-26,55,159509.SZ|159981.SZ|159985.SZ|160644.SZ|501018.SH|512040.SH|512980.SH|513070.SH|513180.SH|513310.SH|513500.SH|515880.SH|518880.SH,3.128161715689079,0.8077971362532227,beam_neighbor,9.0,159766.SZ,512040.SH
rolling_beam_search,2026-01-01/2026-06-30,2026-07-01/2026-07-26,56,159529.SZ|159920.SZ|159981.SZ|160644.SZ|161226.SZ|501018.SH|512980.SH|513120.SH|513310.SH|513500.SH|515880.SH|518880.SH|588220.SH,3.3109281143336373,0.7305177976181892,beam_neighbor,10.0,159509.SZ,159529.SZ
rolling_beam_search,2026-01-01/2026-06-30,2026-07-01/2026-07-26,57,159509.SZ|159985.SZ|160644.SZ|161226.SZ|501018.SH|512980.SH|513070.SH|513180.SH|513310.SH|513500.SH|515220.SH|515880.SH|518880.SH,2.7830387212250907,0.8077971362532227,beam_neighbor,10.0,159766.SZ,515220.SH
rolling_beam_search,2026-01-01/2026-06-30,2026-07-01/2026-07-26,58,159509.SZ|159766.SZ|159920.SZ|159981.SZ|159985.SZ|160644.SZ|161226.SZ|512980.SH|513120.SH|513310.SH|513500.SH|515880.SH|518880.SH,2.6995690915953796,0.8077971362532227,beam_neighbor,10.0,501018.SH,159985.SZ
rolling_beam_search,2026-01-01/2026-06-30,2026-07-01/2026-07-26,59,159509.SZ|159687.SZ|159981.SZ|159985.SZ|501018.SH|512040.SH|512980.SH|513070.SH|513180.SH|513310.SH|513500.SH|515880.SH|518880.SH,2.9222391437672885,0.8150040766128622,beam_neighbor,10.0,160644.SZ,159687.SZ
rolling_beam_search,2026-01-01/2026-06-30,2026-07-01/2026-07-26,60,159509.SZ|159920.SZ|159980.SZ|159981.SZ|160644.SZ|161226.SZ|501018.SH|512400.SH|512980.SH|513120.SH|513310.SH|513500.SH|515880.SH,2.9934213764218156,0.8077971362532227,beam_neighbor,10.0,518880.SH,159980.SZ
rolling_beam_search,2026-01-01/2026-06-30,2026-07-01/2026-07-26,61,159509.SZ|159920.SZ|159981.SZ|160644.SZ|161226.SZ|501018.SH|512980.SH|513100.SH|513120.SH|513500.SH|515880.SH|518880.SH|588220.SH,2.932093853816715,0.8950356736682759,beam_neighbor,11.0,513310.SH,513100.SH
rolling_beam_search,2026-01-01/2026-06-30,2026-07-01/2026-07-26,62,159529.SZ|159920.SZ|159981.SZ|160644.SZ|161226.SZ|501018.SH|512040.SH|513120.SH|513310.SH|513500.SH|515880.SH|518880.SH|588220.SH,3.0279449209346163,0.7305177976181892,beam_neighbor,11.0,512980.SH,512040.SH
rolling_beam_search,2026-01-01/2026-06-30,2026-07-01/2026-07-26,63,159509.SZ|159766.SZ|159980.SZ|159985.SZ|160644.SZ|161226.SZ|501018.SH|512980.SH|513070.SH|513180.SH|513310.SH|513500.SH|515880.SH,3.2036217536728366,0.8077971362532227,beam_neighbor,11.0,518880.SH,159980.SZ
rolling_beam_search,2026-01-01/2026-06-30,2026-07-01/2026-07-26,64,159326.SZ|159509.SZ|159766.SZ|159920.SZ|159981.SZ|160644.SZ|161226.SZ|501018.SH|512980.SH|513120.SH|513310.SH|513500.SH|518880.SH,2.2390177541351153,0.8077971362532227,beam_neighbor,11.0,515880.SH,159326.SZ
rolling_beam_search,2026-01-01/2026-06-30,2026-07-01/2026-07-26,65,159329.SZ|159981.SZ|159985.SZ|160644.SZ|501018.SH|512040.SH|512980.SH|513070.SH|513180.SH|513310.SH|513500.SH|515880.SH|518880.SH,2.8243852854304827,0.665760968479371,beam_neighbor,11.0,159509.SZ,159329.SZ
rolling_beam_search,2026-01-01/2026-06-30,2026-07-01/2026-07-26,66,159509.SZ|159920.SZ|159981.SZ|160644.SZ|161226.SZ|501018.SH|512880.SH|512980.SH|513120.SH|513310.SH|513500.SH|518880.SH|588220.SH,2.284223572397544,0.8077971362532227,beam_neighbor,12.0,515880.SH,512880.SH
rolling_beam_search,2026-01-01/2026-06-30,2026-07-01/2026-07-26,67,159329.SZ|159920.SZ|159981.SZ|160644.SZ|161226.SZ|501018.SH|512980.SH|513120.SH|513310.SH|513500.SH|515880.SH|518880.SH|588220.SH,2.534405883434252,0.7305177976181892,beam_neighbor,12.0,159529.SZ,159329.SZ
rolling_beam_search,2026-01-01/2026-06-30,2026-07-01/2026-07-26,68,159509.SZ|159766.SZ|159985.SZ|160644.SZ|161226.SZ|501018.SH|512400.SH|513070.SH|513180.SH|513310.SH|513500.SH|515880.SH|518880.SH,2.95457071917843,0.8077971362532227,beam_neighbor,12.0,512980.SH,512400.SH
rolling_beam_search,2026-01-01/2026-06-30,2026-07-01/2026-07-26,69,159509.SZ|159766.SZ|159981.SZ|160644.SZ|161226.SZ|501018.SH|512980.SH|513120.SH|513180.SH|513310.SH|513500.SH|515880.SH|518880.SH,3.22774805413057,0.8077971362532227,beam_neighbor,12.0,159920.SZ,513180.SH
rolling_beam_search,2026-01-01/2026-06-30,2026-07-01/2026-07-26,70,159509.SZ|159766.SZ|159980.SZ|159985.SZ|160644.SZ|161226.SZ|501018.SH|512100.SH|513070.SH|513180.SH|513310.SH|513500.SH|515880.SH,3.24191048359281,0.8077971362532227,beam_neighbor,12.0,512980.SH,512100.SH
rolling_beam_search,2026-01-01/2026-06-30,2026-07-01/2026-07-26,71,159509.SZ|159920.SZ|159980.SZ|160644.SZ|161226.SZ|501018.SH|512980.SH|513120.SH|513310.SH|513500.SH|515880.SH|518880.SH|588220.SH,2.8529364739218073,0.8077971362532227,beam_neighbor,13.0,159981.SZ,159980.SZ
rolling_beam_search,2026-01-01/2026-06-30,2026-07-01/2026-07-26,72,159529.SZ|159981.SZ|160644.SZ|161226.SZ|501018.SH|512980.SH|513120.SH|513180.SH|513310.SH|513500.SH|515880.SH|518880.SH|588220.SH,3.3109281143336373,0.7305177976181892,beam_neighbor,13.0,159920.SZ,513180.SH
rolling_beam_search,2026-01-01/2026-06-30,2026-07-01/2026-07-26,73,159509.SZ|159766.SZ|159920.SZ|159980.SZ|159985.SZ|160644.SZ|161226.SZ|501018.SH|512100.SH|513180.SH|513310.SH|513500.SH|515880.SH,3.5099335985569344,0.8614689435973625,beam_neighbor,13.0,513070.SH,159920.SZ
rolling_beam_search,2026-01-01/2026-06-30,2026-07-01/2026-07-26,74,159509.SZ|159766.SZ|159985.SZ|160644.SZ|161226.SZ|501018.SH|512980.SH|513070.SH|513180.SH|513310.SH|515880.SH|518880.SH|520870.SH,2.8287478886274693,0.7047547740338291,beam_neighbor,13.0,513500.SH,520870.SH
rolling_beam_search,2026-01-01/2026-06-30,2026-07-01/2026-07-26,75,159509.SZ|159766.SZ|159985.SZ|160644.SZ|161226.SZ|501018.SH|512980.SH|513120.SH|513180.SH|513310.SH|513500.SH|515880.SH|518880.SH,3.987236444808066,0.8077971362532227,beam_neighbor,13.0,159981.SZ,159985.SZ
rolling_beam_search,2026-01-01/2026-06-30,2026-07-01/2026-07-26,76,159509.SZ|159985.SZ|160644.SZ|161226.SZ|501018.SH|512980.SH|513120.SH|513180.SH|513310.SH|513500.SH|515880.SH|518880.SH|588200.SH,4.124024787999785,0.8077971362532227,beam_neighbor,14.0,159766.SZ,588200.SH
rolling_beam_search,2026-01-01/2026-06-30,2026-07-01/2026-07-26,77,159509.SZ|159766.SZ|159920.SZ|159980.SZ|159985.SZ|160644.SZ|161226.SZ|501018.SH|513180.SH|513310.SH|513500.SH|515220.SH|515880.SH,2.6450290012893904,0.8614689435973625,beam_neighbor,14.0,512100.SH,515220.SH
rolling_beam_search,2026-01-01/2026-06-30,2026-07-01/2026-07-26,78,159209.SZ|159509.SZ|159920.SZ|159981.SZ|160644.SZ|161226.SZ|501018.SH|513120.SH|513310.SH|513500.SH|515880.SH|518880.SH|588220.SH,3.605366974379421,0.8077971362532227,beam_neighbor,14.0,512980.SH,159209.SZ
rolling_beam_search,2026-01-01/2026-06-30,2026-07-01/2026-07-26,79,159206.SZ|159529.SZ|159920.SZ|159981.SZ|160644.SZ|161226.SZ|501018.SH|512980.SH|513120.SH|513310.SH|513500.SH|518880.SH|588220.SH,1.5648743920284498,0.6762565153715587,beam_neighbor,14.0,515880.SH,159206.SZ
rolling_beam_search,2026-01-01/2026-06-30,2026-07-01/2026-07-26,80,159529.SZ|159981.SZ|160644.SZ|161226.SZ|501018.SH|512980.SH|513180.SH|513310.SH|513500.SH|513750.SH|515880.SH|518880.SH|588220.SH,2.7284380154220798,0.7305177976181892,beam_neighbor,14.0,513120.SH,513750.SH
rolling_beam_search,2026-01-01/2026-06-30,2026-07-01/2026-07-26,81,159509.SZ|159981.SZ|159985.SZ|160644.SZ|501018.SH|512980.SH|513120.SH|513180.SH|513310.SH|513500.SH|515880.SH|518880.SH|588200.SH,2.9328652486906424,0.8077971362532227,beam_neighbor,15.0,161226.SZ,159981.SZ
rolling_beam_search,2026-01-01/2026-06-30,2026-07-01/2026-07-26,82,159509.SZ|159766.SZ|159981.SZ|159985.SZ|160644.SZ|161226.SZ|512980.SH|513120.SH|513180.SH|513310.SH|513500.SH|515880.SH|518880.SH,2.6995690915953796,0.8077971362532227,beam_neighbor,15.0,501018.SH,159981.SZ
rolling_beam_search,2026-01-01/2026-06-30,2026-07-01/2026-07-26,83,159209.SZ|159509.SZ|159920.SZ|159981.SZ|160644.SZ|161226.SZ|501018.SH|513120.SH|513310.SH|513500.SH|518880.SH|563300.SH|588220.SH,2.0967628867012205,0.8181025063266231,beam_neighbor,15.0,515880.SH,563300.SH
rolling_beam_search,2026-01-01/2026-06-30,2026-07-01/2026-07-26,84,159509.SZ|159766.SZ|159920.SZ|159980.SZ|159985.SZ|160644.SZ|161226.SZ|501018.SH|510300.SH|513180.SH|513310.SH|513500.SH|515880.SH,2.8633209665377453,0.8614689435973625,beam_neighbor,15.0,512100.SH,510300.SH
rolling_beam_search,2026-01-01/2026-06-30,2026-07-01/2026-07-26,85,159509.SZ|159920.SZ|159981.SZ|160644.SZ|161226.SZ|501018.SH|510880.SH|512980.SH|513120.SH|513310.SH|513500.SH|515880.SH|518880.SH,2.841442695416531,0.8077971362532227,beam_neighbor,15.0,588220.SH,510880.SH
rolling_beam_search,2026-01-01/2026-06-30,2026-07-01/2026-07-26,86,159509.SZ|159985.SZ|160644.SZ|161226.SZ|501018.SH|512980.SH|513070.SH|513180.SH|513310.SH|513500.SH|515880.SH|518880.SH|588200.SH,3.1390395573003946,0.8077971362532227,beam_neighbor,16.0,513120.SH,513070.SH
rolling_beam_search,2026-01-01/2026-06-30,2026-07-01/2026-07-26,87,159509.SZ|159529.SZ|159766.SZ|159985.SZ|160644.SZ|161226.SZ|501018.SH|512980.SH|513120.SH|513180.SH|513500.SH|515880.SH|518880.SH,3.024259590309513,0.8077971362532227,beam_neighbor,16.0,513310.SH,159529.SZ
rolling_beam_search,2026-01-01/2026-06-30,2026-07-01/2026-07-26,88,159209.SZ|159509.SZ|159920.SZ|159981.SZ|160644.SZ|161226.SZ|501018.SH|513120.SH|513500.SH|515880.SH|518880.SH|520870.SH|588220.SH,2.668577276043908,0.8077971362532227,beam_neighbor,16.0,513310.SH,520870.SH
rolling_beam_search,2026-01-01/2026-06-30,2026-07-01/2026-07-26,89,159509.SZ|159766.SZ|159980.SZ|159985.SZ|160644.SZ|161226.SZ|501018.SH|512100.SH|513180.SH|513310.SH|513500.SH|513750.SH|515880.SH,3.5120125910994537,0.8077971362532227,beam_neighbor,16.0,159920.SZ,513750.SH
rolling_beam_search,2026-01-01/2026-06-30,2026-07-01/2026-07-26,90,159509.SZ|159920.SZ|159981.SZ|160644.SZ|161226.SZ|501018.SH|512980.SH|513120.SH|513310.SH|513500.SH|518880.SH|562500.SH|588220.SH,1.9569454267300697,0.8077971362532227,beam_neighbor,16.0,515880.SH,562500.SH
rolling_beam_search,2026-01-01/2026-06-30,2026-07-01/2026-07-26,91,159509.SZ|159870.SZ|159985.SZ|160644.SZ|161226.SZ|501018.SH|513120.SH|513180.SH|513310.SH|513500.SH|515880.SH|518880.SH|588200.SH,3.6527896970978317,0.8077971362532227,beam_neighbor,17.0,512980.SH,159870.SZ
rolling_beam_search,2026-01-01/2026-06-30,2026-07-01/2026-07-26,92,159509.SZ|159766.SZ|159980.SZ|160644.SZ|161226.SZ|501018.SH|512980.SH|513120.SH|513180.SH|513310.SH|513500.SH|515880.SH|518880.SH,2.987932182132442,0.8077971362532227,beam_neighbor,17.0,159985.SZ,159980.SZ
rolling_beam_search,2026-01-01/2026-06-30,2026-07-01/2026-07-26,93,159209.SZ|159518.SZ|159920.SZ|159981.SZ|160644.SZ|161226.SZ|501018.SH|513120.SH|513310.SH|513500.SH|515880.SH|518880.SH|588220.SH,2.55034785217515,0.7305177976181892,beam_neighbor,17.0,159509.SZ,159518.SZ
rolling_beam_search,2026-01-01/2026-06-30,2026-07-01/2026-07-26,94,159509.SZ|159766.SZ|159980.SZ|159985.SZ|160644.SZ|161226.SZ|501018.SH|512100.SH|513180.SH|513290.SH|513500.SH|513750.SH|515880.SH,2.5378403542683317,0.8077971362532227,beam_neighbor,17.0,513310.SH,513290.SH
rolling_beam_search,2026-01-01/2026-06-30,2026-07-01/2026-07-26,95,159509.SZ|159766.SZ|159920.SZ|159980.SZ|159985.SZ|161226.SZ|501018.SH|512100.SH|513180.SH|513310.SH|513500.SH|513730.SH|515880.SH,2.397208554435525,0.8614689435973625,beam_neighbor,17.0,160644.SZ,513730.SH
rolling_beam_search,2026-01-01/2026-06-30,2026-07-01/2026-07-26,96,159509.SZ|159980.SZ|159985.SZ|160644.SZ|161226.SZ|512980.SH|513120.SH|513180.SH|513310.SH|513500.SH|515880.SH|518880.SH|588200.SH,2.0947655460714634,0.8077971362532227,beam_neighbor,18.0,501018.SH,159980.SZ
rolling_beam_search,2026-01-01/2026-06-30,2026-07-01/2026-07-26,97,159509.SZ|159766.SZ|159985.SZ|160644.SZ|161226.SZ|501018.SH|512980.SH|513120.SH|513310.SH|513500.SH|513750.SH|515880.SH|518880.SH,3.987236444808066,0.8077971362532227,beam_neighbor,18.0,513180.SH,513750.SH
rolling_beam_search,2026-01-01/2026-06-30,2026-07-01/2026-07-26,98,159509.SZ|159611.SZ|159985.SZ|160644.SZ|161226.SZ|501018.SH|513120.SH|513180.SH|513310.SH|513500.SH|515880.SH|518880.SH|588200.SH,3.080727954940087,0.8077971362532227,beam_neighbor,18.0,159870.SZ,159611.SZ
rolling_beam_search,2026-01-01/2026-06-30,2026-07-01/2026-07-26,99,159209.SZ|159509.SZ|159920.SZ|159981.SZ|159985.SZ|160644.SZ|161226.SZ|501018.SH|513120.SH|513310.SH|513500.SH|515880.SH|588220.SH,3.377617448074792,0.8077971362532227,beam_neighbor,18.0,518880.SH,159985.SZ
rolling_beam_search,2026-01-01/2026-06-30,2026-07-01/2026-07-26,100,159509.SZ|159766.SZ|159980.SZ|159985.SZ|161226.SZ|501018.SH|512100.SH|513030.SH|513180.SH|513310.SH|513500.SH|513750.SH|515880.SH,1.9148270541266237,0.8077971362532227,beam_neighbor,18.0,160644.SZ,513030.SH
