method,training_period,holding_period,evaluation,codes,sharpe,maximum_within_group_correlation,phase
rolling_ucb_sampling,2021-07-01/2021-12-31,2022-01-01/2022-06-30,1,159901.SZ|159920.SZ|159980.SZ|159985.SZ|501018.SH|512200.SH|513030.SH|513080.SH|513180.SH|513500.SH|513880.SH|516150.SH|518880.SH,-1.3809150180987266,0.9194433972050108,warmup
rolling_ucb_sampling,2021-07-01/2021-12-31,2022-01-01/2022-06-30,2,159825.SZ|159869.SZ|159920.SZ|159949.SZ|159980.SZ|159981.SZ|159985.SZ|160644.SZ|161226.SZ|164824.SZ|513030.SH|513100.SH|513180.SH,-0.09507470222157471,0.9194433972050108,warmup
rolling_ucb_sampling,2021-07-01/2021-12-31,2022-01-01/2022-06-30,3,159920.SZ|159980.SZ|159985.SZ|160644.SZ|161226.SZ|501018.SH|510180.SH|512660.SH|512880.SH|513030.SH|513100.SH|513180.SH|513500.SH,-0.2136423291269693,0.9194433972050108,warmup
rolling_ucb_sampling,2021-07-01/2021-12-31,2022-01-01/2022-06-30,4,159825.SZ|159870.SZ|159920.SZ|159980.SZ|159981.SZ|160644.SZ|161226.SZ|164824.SZ|512040.SH|513080.SH|513180.SH|513880.SH|518880.SH,-0.9191750884189797,0.9194433972050108,warmup
rolling_ucb_sampling,2021-07-01/2021-12-31,2022-01-01/2022-06-30,5,159865.SZ|159920.SZ|159980.SZ|159981.SZ|159985.SZ|164824.SZ|501018.SH|510210.SH|512100.SH|513030.SH|513080.SH|513180.SH|513500.SH,0.4828387088919193,0.9194433972050108,warmup
rolling_ucb_sampling,2021-07-01/2021-12-31,2022-01-01/2022-06-30,6,159870.SZ|159920.SZ|159967.SZ|159981.SZ|159985.SZ|161226.SZ|164824.SZ|510880.SH|513030.SH|513080.SH|513180.SH|513880.SH|518880.SH,-0.8921474599190523,0.9194433972050108,warmup
rolling_ucb_sampling,2021-07-01/2021-12-31,2022-01-01/2022-06-30,7,159920.SZ|159980.SZ|160644.SZ|161226.SZ|164824.SZ|501018.SH|512800.SH|513180.SH|513500.SH|513880.SH|515210.SH|518880.SH|588000.SH,-0.5372583885678947,0.9194433972050108,warmup
rolling_ucb_sampling,2021-07-01/2021-12-31,2022-01-01/2022-06-30,8,159825.SZ|159865.SZ|159920.SZ|159980.SZ|159985.SZ|160644.SZ|161226.SZ|164824.SZ|512400.SH|513030.SH|513180.SH|513880.SH|518880.SH,-2.0844356569807267,0.9194433972050108,warmup
rolling_ucb_sampling,2021-07-01/2021-12-31,2022-01-01/2022-06-30,9,159920.SZ|159980.SZ|159985.SZ|160644.SZ|164824.SZ|501018.SH|510180.SH|512170.SH|513080.SH|513180.SH|513880.SH|516150.SH|518880.SH,-1.512153716437847,0.9194433972050108,warmup
rolling_ucb_sampling,2021-07-01/2021-12-31,2022-01-01/2022-06-30,10,159852.SZ|159920.SZ|159980.SZ|159985.SZ|160644.SZ|161226.SZ|512200.SH|513030.SH|513080.SH|513100.SH|513180.SH|515880.SH|518880.SH,-2.0400869126818373,0.9194433972050108,warmup
rolling_ucb_sampling,2021-07-01/2021-12-31,2022-01-01/2022-06-30,11,159920.SZ|159981.SZ|159985.SZ|160644.SZ|161226.SZ|164824.SZ|501018.SH|512400.SH|512800.SH|513030.SH|513180.SH|513500.SH|515790.SH,-0.820798882122489,0.9194433972050108,warmup
rolling_ucb_sampling,2021-07-01/2021-12-31,2022-01-01/2022-06-30,12,159920.SZ|159980.SZ|159981.SZ|161226.SZ|164824.SZ|512400.SH|512980.SH|513030.SH|513080.SH|513100.SH|513180.SH|518880.SH|588000.SH,-0.3322526566663244,0.9194433972050108,warmup
rolling_ucb_sampling,2021-07-01/2021-12-31,2022-01-01/2022-06-30,13,159852.SZ|159920.SZ|159980.SZ|159981.SZ|159985.SZ|160644.SZ|161226.SZ|510180.SH|512980.SH|513080.SH|513100.SH|513180.SH|513500.SH,-0.756910579033397,0.9194433972050108,warmup
rolling_ucb_sampling,2021-07-01/2021-12-31,2022-01-01/2022-06-30,14,159920.SZ|159980.SZ|159985.SZ|160644.SZ|161226.SZ|164824.SZ|501018.SH|512880.SH|513100.SH|513180.SH|513880.SH|515790.SH|516150.SH,0.3688598292439532,0.9194433972050108,warmup
rolling_ucb_sampling,2021-07-01/2021-12-31,2022-01-01/2022-06-30,15,159766.SZ|159920.SZ|159980.SZ|159981.SZ|159985.SZ|161226.SZ|164824.SZ|510180.SH|510500.SH|513030.SH|513080.SH|513180.SH|513500.SH,-0.9416849495333046,0.9194433972050108,warmup
rolling_ucb_sampling,2021-07-01/2021-12-31,2022-01-01/2022-06-30,16,159869.SZ|159870.SZ|159920.SZ|159980.SZ|159981.SZ|159985.SZ|164824.SZ|501018.SH|512200.SH|513030.SH|513100.SH|513180.SH|513500.SH,0.05663695897732912,0.9194433972050108,warmup
rolling_ucb_sampling,2021-07-01/2021-12-31,2022-01-01/2022-06-30,17,159915.SZ|159920.SZ|159981.SZ|159985.SZ|160644.SZ|161226.SZ|164824.SZ|513030.SH|513180.SH|513880.SH|515210.SH|515880.SH|518880.SH,0.07692191870595254,0.9194433972050108,warmup
rolling_ucb_sampling,2021-07-01/2021-12-31,2022-01-01/2022-06-30,18,159920.SZ|159980.SZ|159981.SZ|159985.SZ|164824.SZ|501018.SH|510210.SH|512100.SH|513030.SH|513180.SH|513500.SH|513880.SH|515790.SH,0.39151736491133576,0.9194433972050108,warmup
rolling_ucb_sampling,2021-07-01/2021-12-31,2022-01-01/2022-06-30,19,159870.SZ|159920.SZ|159967.SZ|159980.SZ|159981.SZ|161226.SZ|164824.SZ|501018.SH|513030.SH|513080.SH|513180.SH|513500.SH|515210.SH,-0.3371821338819445,0.9194433972050108,warmup
rolling_ucb_sampling,2021-07-01/2021-12-31,2022-01-01/2022-06-30,20,159869.SZ|159920.SZ|159980.SZ|159981.SZ|160644.SZ|161226.SZ|164824.SZ|501018.SH|510050.SH|512660.SH|513100.SH|513180.SH|513880.SH,0.34274732919610307,0.9194433972050108,warmup
rolling_ucb_sampling,2021-07-01/2021-12-31,2022-01-01/2022-06-30,21,159915.SZ|159920.SZ|159981.SZ|159985.SZ|160644.SZ|161226.SZ|164824.SZ|501018.SH|510300.SH|512890.SH|513100.SH|513180.SH|513500.SH,0.6261167015351901,0.9194433972050108,ucb
rolling_ucb_sampling,2021-07-01/2021-12-31,2022-01-01/2022-06-30,22,159920.SZ|159949.SZ|159980.SZ|159981.SZ|160644.SZ|161226.SZ|164824.SZ|501018.SH|512890.SH|513100.SH|513180.SH|513500.SH|515220.SH,0.6549766850095591,0.9194433972050108,ucb
rolling_ucb_sampling,2021-07-01/2021-12-31,2022-01-01/2022-06-30,23,159920.SZ|159981.SZ|159985.SZ|160644.SZ|161226.SZ|501018.SH|510050.SH|512400.SH|513030.SH|513100.SH|513180.SH|513500.SH|515220.SH,0.04023217709746622,0.9194433972050108,ucb
rolling_ucb_sampling,2021-07-01/2021-12-31,2022-01-01/2022-06-30,24,159920.SZ|159981.SZ|159985.SZ|161226.SZ|164824.SZ|501018.SH|510300.SH|512890.SH|513030.SH|513080.SH|513180.SH|513500.SH|515220.SH,0.4839340054146875,0.9194433972050108,ucb
rolling_ucb_sampling,2021-07-01/2021-12-31,2022-01-01/2022-06-30,25,159920.SZ|159981.SZ|159985.SZ|160644.SZ|161226.SZ|164824.SZ|501018.SH|510210.SH|512100.SH|512880.SH|513100.SH|513180.SH|513500.SH,0.19292422657584182,0.9194433972050108,ucb
rolling_ucb_sampling,2021-07-01/2021-12-31,2022-01-01/2022-06-30,26,159851.SZ|159920.SZ|159981.SZ|159985.SZ|160644.SZ|161226.SZ|164824.SZ|510300.SH|512890.SH|513030.SH|513100.SH|513180.SH|518880.SH,0.021295343666807288,0.9194433972050108,ucb
rolling_ucb_sampling,2021-07-01/2021-12-31,2022-01-01/2022-06-30,27,159920.SZ|159928.SZ|159981.SZ|160644.SZ|161226.SZ|164824.SZ|501018.SH|510210.SH|512660.SH|513100.SH|513180.SH|513500.SH|518880.SH,0.23089828960125197,0.9194433972050108,ucb
rolling_ucb_sampling,2021-07-01/2021-12-31,2022-01-01/2022-06-30,28,159920.SZ|159928.SZ|159949.SZ|159980.SZ|159981.SZ|160644.SZ|161226.SZ|501018.SH|512890.SH|513080.SH|513100.SH|513180.SH|513500.SH,0.26170492879292817,0.9194433972050108,ucb
rolling_ucb_sampling,2021-07-01/2021-12-31,2022-01-01/2022-06-30,29,159920.SZ|159980.SZ|159981.SZ|160644.SZ|161226.SZ|501018.SH|510210.SH|510300.SH|512100.SH|513030.SH|513080.SH|513180.SH|513500.SH,0.6288575908684133,0.9194433972050108,ucb
rolling_ucb_sampling,2021-07-01/2021-12-31,2022-01-01/2022-06-30,30,159920.SZ|159980.SZ|159981.SZ|160644.SZ|161226.SZ|164824.SZ|501018.SH|510050.SH|510210.SH|512100.SH|513100.SH|513180.SH|513880.SH,0.8967144218750022,0.9194433972050108,ucb
rolling_ucb_sampling,2021-07-01/2021-12-31,2022-01-01/2022-06-30,31,159915.SZ|159920.SZ|159980.SZ|159981.SZ|159985.SZ|160644.SZ|164824.SZ|501018.SH|510300.SH|513100.SH|513180.SH|513880.SH|515220.SH,0.34810905383801477,0.9194433972050108,ucb
rolling_ucb_sampling,2021-07-01/2021-12-31,2022-01-01/2022-06-30,32,159851.SZ|159920.SZ|159980.SZ|159981.SZ|159985.SZ|164824.SZ|501018.SH|512660.SH|512880.SH|513080.SH|513100.SH|513180.SH|513500.SH,1.143217192696701,0.9194433972050108,ucb
rolling_ucb_sampling,2021-07-01/2021-12-31,2022-01-01/2022-06-30,33,159851.SZ|159920.SZ|159949.SZ|159980.SZ|159985.SZ|160644.SZ|161226.SZ|164824.SZ|501018.SH|512880.SH|513030.SH|513100.SH|513180.SH,-0.009211431618532906,0.9194433972050108,ucb
rolling_ucb_sampling,2021-07-01/2021-12-31,2022-01-01/2022-06-30,34,159920.SZ|159949.SZ|159981.SZ|159985.SZ|161226.SZ|164824.SZ|501018.SH|510050.SH|512890.SH|513030.SH|513100.SH|513180.SH|513500.SH,0.8085906337839196,0.9194433972050108,ucb
rolling_ucb_sampling,2021-07-01/2021-12-31,2022-01-01/2022-06-30,35,159915.SZ|159920.SZ|159980.SZ|159981.SZ|159985.SZ|164824.SZ|501018.SH|510300.SH|512880.SH|513080.SH|513100.SH|513180.SH|513500.SH,0.14669911173915906,0.9194433972050108,ucb
rolling_ucb_sampling,2021-07-01/2021-12-31,2022-01-01/2022-06-30,36,159920.SZ|159928.SZ|159967.SZ|159980.SZ|159981.SZ|159985.SZ|164824.SZ|501018.SH|510050.SH|513030.SH|513100.SH|513180.SH|513880.SH,-0.19798992379781197,0.9194433972050108,ucb
rolling_ucb_sampling,2021-07-01/2021-12-31,2022-01-01/2022-06-30,37,159920.SZ|159980.SZ|159985.SZ|160644.SZ|161226.SZ|501018.SH|510050.SH|512800.SH|512880.SH|513030.SH|513100.SH|513180.SH|513500.SH,-1.0167413064713167,0.9194433972050108,ucb
rolling_ucb_sampling,2021-07-01/2021-12-31,2022-01-01/2022-06-30,38,159920.SZ|159949.SZ|159980.SZ|159981.SZ|159985.SZ|160644.SZ|501018.SH|510210.SH|512100.SH|513030.SH|513080.SH|513100.SH|513180.SH,0.18485765199069823,0.9194433972050108,ucb
rolling_ucb_sampling,2021-07-01/2021-12-31,2022-01-01/2022-06-30,39,159915.SZ|159920.SZ|159980.SZ|159981.SZ|161226.SZ|164824.SZ|501018.SH|512100.SH|512890.SH|513100.SH|513180.SH|513500.SH|513880.SH,0.23056895497021626,0.9194433972050108,ucb
rolling_ucb_sampling,2021-07-01/2021-12-31,2022-01-01/2022-06-30,40,159920.SZ|159949.SZ|159980.SZ|159981.SZ|161226.SZ|501018.SH|510500.SH|512660.SH|513030.SH|513100.SH|513180.SH|513500.SH|513880.SH,-0.280913354137642,0.9194433972050108,ucb
rolling_ucb_sampling,2021-07-01/2021-12-31,2022-01-01/2022-06-30,41,159851.SZ|159869.SZ|159920.SZ|159980.SZ|159981.SZ|161226.SZ|501018.SH|512100.SH|513030.SH|513080.SH|513100.SH|513180.SH|513500.SH,0.5907816245224251,0.9194433972050108,ucb
rolling_ucb_sampling,2021-07-01/2021-12-31,2022-01-01/2022-06-30,42,159915.SZ|159920.SZ|159981.SZ|159985.SZ|161226.SZ|164824.SZ|501018.SH|510300.SH|512890.SH|513080.SH|513100.SH|513180.SH|513880.SH,0.2208629807419005,0.9194433972050108,ucb
rolling_ucb_sampling,2021-07-01/2021-12-31,2022-01-01/2022-06-30,43,159920.SZ|159980.SZ|159981.SZ|159985.SZ|164824.SZ|501018.SH|510300.SH|512660.SH|512880.SH|513080.SH|513100.SH|513180.SH|513500.SH,0.49931476495851573,0.9194433972050108,ucb
rolling_ucb_sampling,2021-07-01/2021-12-31,2022-01-01/2022-06-30,44,159851.SZ|159920.SZ|159949.SZ|159981.SZ|159985.SZ|161226.SZ|501018.SH|512170.SH|513030.SH|513080.SH|513100.SH|513180.SH|513880.SH,-0.010406280220808962,0.9194433972050108,ucb
rolling_ucb_sampling,2021-07-01/2021-12-31,2022-01-01/2022-06-30,45,159920.SZ|159980.SZ|159981.SZ|160644.SZ|161226.SZ|501018.SH|510210.SH|512880.SH|513080.SH|513100.SH|513180.SH|513880.SH|515220.SH,0.3232731948301971,0.9194433972050108,ucb
rolling_ucb_sampling,2021-07-01/2021-12-31,2022-01-01/2022-06-30,46,159920.SZ|159981.SZ|159985.SZ|161226.SZ|164824.SZ|501018.SH|512100.SH|512660.SH|513080.SH|513100.SH|513180.SH|513500.SH|588000.SH,0.082453471144626,0.9194433972050108,ucb
rolling_ucb_sampling,2021-07-01/2021-12-31,2022-01-01/2022-06-30,47,159766.SZ|159915.SZ|159920.SZ|159981.SZ|159985.SZ|161226.SZ|501018.SH|512100.SH|513030.SH|513080.SH|513100.SH|513180.SH|513500.SH,-1.1041728463785636,0.9194433972050108,ucb
rolling_ucb_sampling,2021-07-01/2021-12-31,2022-01-01/2022-06-30,48,159915.SZ|159920.SZ|159981.SZ|159985.SZ|160644.SZ|161226.SZ|501018.SH|510300.SH|513080.SH|513100.SH|513180.SH|513500.SH|515790.SH,-0.20334902996383647,0.9194433972050108,ucb
rolling_ucb_sampling,2021-07-01/2021-12-31,2022-01-01/2022-06-30,49,159920.SZ|159949.SZ|159981.SZ|159985.SZ|161226.SZ|164824.SZ|510050.SH|513030.SH|513100.SH|513180.SH|513500.SH|515220.SH|518880.SH,0.00820853286189919,0.9194433972050108,ucb
rolling_ucb_sampling,2021-07-01/2021-12-31,2022-01-01/2022-06-30,50,159915.SZ|159920.SZ|159928.SZ|159980.SZ|159981.SZ|161226.SZ|164824.SZ|501018.SH|510050.SH|513080.SH|513100.SH|513180.SH|513500.SH,0.15871470891674502,0.9194433972050108,ucb
rolling_ucb_sampling,2021-07-01/2021-12-31,2022-01-01/2022-06-30,51,159766.SZ|159851.SZ|159920.SZ|159928.SZ|159980.SZ|159981.SZ|161226.SZ|164824.SZ|501018.SH|513030.SH|513080.SH|513180.SH|513880.SH,-0.5181257487473492,0.9194433972050108,ucb
rolling_ucb_sampling,2021-07-01/2021-12-31,2022-01-01/2022-06-30,52,159869.SZ|159920.SZ|159928.SZ|159981.SZ|159985.SZ|161226.SZ|501018.SH|512800.SH|513030.SH|513100.SH|513180.SH|513500.SH|513880.SH,-0.4723745291214352,0.9194433972050108,ucb
rolling_ucb_sampling,2021-07-01/2021-12-31,2022-01-01/2022-06-30,53,159915.SZ|159920.SZ|159980.SZ|159981.SZ|160644.SZ|161226.SZ|501018.SH|510210.SH|512170.SH|513080.SH|513180.SH|513500.SH|513880.SH,-0.5119141636295831,0.9194433972050108,ucb
rolling_ucb_sampling,2021-07-01/2021-12-31,2022-01-01/2022-06-30,54,159920.SZ|159967.SZ|159980.SZ|159981.SZ|160644.SZ|161226.SZ|164824.SZ|501018.SH|512040.SH|513180.SH|513500.SH|513880.SH|515220.SH,0.23950923412775713,0.9194433972050108,ucb
rolling_ucb_sampling,2021-07-01/2021-12-31,2022-01-01/2022-06-30,55,159869.SZ|159920.SZ|159980.SZ|159981.SZ|161226.SZ|164824.SZ|501018.SH|513030.SH|513080.SH|513100.SH|513180.SH|515210.SH|515790.SH,0.12860747470902242,0.9194433972050108,ucb
rolling_ucb_sampling,2021-07-01/2021-12-31,2022-01-01/2022-06-30,56,159901.SZ|159920.SZ|159985.SZ|160644.SZ|161226.SZ|164824.SZ|501018.SH|512100.SH|512890.SH|513030.SH|513180.SH|513500.SH|518880.SH,-0.2525772915013002,0.9194433972050108,ucb
rolling_ucb_sampling,2021-07-01/2021-12-31,2022-01-01/2022-06-30,57,159869.SZ|159920.SZ|159981.SZ|161226.SZ|164824.SZ|501018.SH|512100.SH|513030.SH|513100.SH|513180.SH|513500.SH|515210.SH|518880.SH,0.5877054005119583,0.9194433972050108,ucb
rolling_ucb_sampling,2021-07-01/2021-12-31,2022-01-01/2022-06-30,58,159920.SZ|159967.SZ|159980.SZ|159985.SZ|160644.SZ|161226.SZ|164824.SZ|501018.SH|513080.SH|513180.SH|513500.SH|515220.SH|588000.SH,0.2469917425983222,0.9194433972050108,ucb
rolling_ucb_sampling,2021-07-01/2021-12-31,2022-01-01/2022-06-30,59,159851.SZ|159920.SZ|159985.SZ|161226.SZ|501018.SH|510210.SH|510880.SH|513080.SH|513100.SH|513180.SH|513500.SH|513880.SH|518880.SH,-0.7064007319190346,0.9194433972050108,ucb
rolling_ucb_sampling,2021-07-01/2021-12-31,2022-01-01/2022-06-30,60,159920.SZ|159980.SZ|159981.SZ|159985.SZ|164824.SZ|501018.SH|510050.SH|512800.SH|513080.SH|513100.SH|513180.SH|513880.SH|515880.SH,-0.34980656212913724,0.9194433972050108,ucb
rolling_ucb_sampling,2021-07-01/2021-12-31,2022-01-01/2022-06-30,61,159920.SZ|159949.SZ|159980.SZ|159981.SZ|159985.SZ|160644.SZ|164824.SZ|501018.SH|510300.SH|512040.SH|513030.SH|513100.SH|513180.SH,0.29995887373756347,0.9194433972050108,ucb
rolling_ucb_sampling,2021-07-01/2021-12-31,2022-01-01/2022-06-30,62,159920.SZ|159980.SZ|159981.SZ|159985.SZ|160644.SZ|164824.SZ|501018.SH|510180.SH|513100.SH|513180.SH|513500.SH|515220.SH|588000.SH,1.093394967467737,0.9194433972050108,ucb
rolling_ucb_sampling,2021-07-01/2021-12-31,2022-01-01/2022-06-30,63,159869.SZ|159920.SZ|159949.SZ|159980.SZ|159981.SZ|160644.SZ|161226.SZ|501018.SH|512170.SH|513080.SH|513100.SH|513180.SH|513500.SH,-0.49936164093365465,0.9194433972050108,ucb
rolling_ucb_sampling,2021-07-01/2021-12-31,2022-01-01/2022-06-30,64,159920.SZ|159980.SZ|159985.SZ|164824.SZ|501018.SH|512040.SH|512660.SH|513080.SH|513100.SH|513180.SH|513880.SH|515220.SH|518880.SH,0.4196697573019866,0.9194433972050108,ucb
rolling_ucb_sampling,2021-07-01/2021-12-31,2022-01-01/2022-06-30,65,159920.SZ|159980.SZ|159981.SZ|159985.SZ|164824.SZ|501018.SH|510210.SH|513030.SH|513100.SH|513180.SH|513500.SH|515220.SH|588000.SH,1.2378212083348408,0.9194433972050108,ucb
rolling_ucb_sampling,2021-07-01/2021-12-31,2022-01-01/2022-06-30,66,159920.SZ|159980.SZ|159985.SZ|160644.SZ|164824.SZ|501018.SH|512100.SH|512890.SH|513100.SH|513180.SH|513500.SH|515220.SH|518880.SH,0.7393000276603355,0.9194433972050108,ucb
rolling_ucb_sampling,2021-07-01/2021-12-31,2022-01-01/2022-06-30,67,159920.SZ|159980.SZ|159981.SZ|159985.SZ|164824.SZ|501018.SH|510300.SH|510500.SH|512040.SH|513030.SH|513080.SH|513100.SH|513180.SH,0.9958506853970046,0.9194433972050108,ucb
rolling_ucb_sampling,2021-07-01/2021-12-31,2022-01-01/2022-06-30,68,159851.SZ|159920.SZ|159980.SZ|159981.SZ|161226.SZ|164824.SZ|501018.SH|512040.SH|512660.SH|513030.SH|513180.SH|513500.SH|513880.SH,0.330233942511961,0.9194433972050108,ucb
rolling_ucb_sampling,2021-07-01/2021-12-31,2022-01-01/2022-06-30,69,159865.SZ|159920.SZ|159980.SZ|159981.SZ|159985.SZ|161226.SZ|164824.SZ|510050.SH|513080.SH|513100.SH|513180.SH|513500.SH|515220.SH,0.6183135375748016,0.9194433972050108,ucb
rolling_ucb_sampling,2021-07-01/2021-12-31,2022-01-01/2022-06-30,70,159915.SZ|159920.SZ|159980.SZ|159981.SZ|159985.SZ|164824.SZ|501018.SH|512660.SH|513030.SH|513080.SH|513100.SH|513180.SH|515220.SH,0.47817974782310757,0.9194433972050108,ucb
rolling_ucb_sampling,2021-07-01/2021-12-31,2022-01-01/2022-06-30,71,159920.SZ|159980.SZ|159985.SZ|161226.SZ|164824.SZ|501018.SH|513080.SH|513180.SH|513500.SH|513880.SH|515210.SH|515220.SH|588000.SH,-0.23859669550669946,0.9194433972050108,ucb
rolling_ucb_sampling,2021-07-01/2021-12-31,2022-01-01/2022-06-30,72,159825.SZ|159865.SZ|159920.SZ|159980.SZ|159985.SZ|161226.SZ|501018.SH|512880.SH|513030.SH|513080.SH|513100.SH|513180.SH|513500.SH,-0.1542029639370527,0.9194433972050108,ucb
rolling_ucb_sampling,2021-07-01/2021-12-31,2022-01-01/2022-06-30,73,159920.SZ|159928.SZ|159981.SZ|159985.SZ|161226.SZ|164824.SZ|501018.SH|510300.SH|510500.SH|513100.SH|513180.SH|513500.SH|513880.SH,-0.09478529036850293,0.9194433972050108,ucb
rolling_ucb_sampling,2021-07-01/2021-12-31,2022-01-01/2022-06-30,74,159920.SZ|159980.SZ|159985.SZ|161226.SZ|164824.SZ|501018.SH|512040.SH|512800.SH|512980.SH|513030.SH|513080.SH|513100.SH|513180.SH,-0.4218121790901953,0.9194433972050108,ucb
rolling_ucb_sampling,2021-07-01/2021-12-31,2022-01-01/2022-06-30,75,159920.SZ|159980.SZ|159985.SZ|160644.SZ|161226.SZ|501018.SH|512880.SH|513030.SH|513080.SH|513100.SH|513180.SH|515210.SH|588000.SH,0.17249888975450098,0.9194433972050108,ucb
rolling_ucb_sampling,2021-07-01/2021-12-31,2022-01-01/2022-06-30,76,159920.SZ|159980.SZ|159981.SZ|160644.SZ|161226.SZ|501018.SH|510300.SH|512890.SH|513080.SH|513180.SH|513500.SH|513880.SH|515210.SH,0.42823867509781277,0.9194433972050108,ucb
rolling_ucb_sampling,2021-07-01/2021-12-31,2022-01-01/2022-06-30,77,159766.SZ|159901.SZ|159920.SZ|159980.SZ|159981.SZ|161226.SZ|501018.SH|512660.SH|513030.SH|513080.SH|513100.SH|513180.SH|513880.SH,-0.20437390925220406,0.9194433972050108,ucb
rolling_ucb_sampling,2021-07-01/2021-12-31,2022-01-01/2022-06-30,78,159920.SZ|159980.SZ|159981.SZ|160644.SZ|501018.SH|510210.SH|512040.SH|512800.SH|513030.SH|513100.SH|513180.SH|513500.SH|518880.SH,0.47538285816103315,0.9194433972050108,ucb
rolling_ucb_sampling,2021-07-01/2021-12-31,2022-01-01/2022-06-30,79,159869.SZ|159920.SZ|159980.SZ|159981.SZ|159985.SZ|501018.SH|510210.SH|510300.SH|513030.SH|513080.SH|513100.SH|513180.SH|513500.SH,0.2397505435922683,0.9194433972050108,ucb
rolling_ucb_sampling,2021-07-01/2021-12-31,2022-01-01/2022-06-30,80,159920.SZ|159980.SZ|159985.SZ|160644.SZ|161226.SZ|164824.SZ|501018.SH|512040.SH|512170.SH|512800.SH|513100.SH|513180.SH|513500.SH,0.07862278212299749,0.9194433972050108,ucb
rolling_ucb_sampling,2021-07-01/2021-12-31,2022-01-01/2022-06-30,81,159920.SZ|159980.SZ|159981.SZ|159985.SZ|160644.SZ|164824.SZ|501018.SH|512100.SH|512890.SH|513100.SH|513180.SH|513500.SH|515220.SH,1.5658590854680445,0.9194433972050108,ucb
rolling_ucb_sampling,2021-07-01/2021-12-31,2022-01-01/2022-06-30,82,159851.SZ|159920.SZ|159980.SZ|159981.SZ|164824.SZ|501018.SH|510050.SH|512800.SH|513030.SH|513100.SH|513180.SH|513500.SH|518880.SH,0.7241379233785856,0.9194433972050108,ucb
rolling_ucb_sampling,2021-07-01/2021-12-31,2022-01-01/2022-06-30,83,159825.SZ|159901.SZ|159920.SZ|159980.SZ|159981.SZ|159985.SZ|160644.SZ|501018.SH|512800.SH|513080.SH|513180.SH|513500.SH|513880.SH,-0.9414248280157863,0.9194433972050108,ucb
rolling_ucb_sampling,2021-07-01/2021-12-31,2022-01-01/2022-06-30,84,159869.SZ|159920.SZ|159981.SZ|159985.SZ|160644.SZ|161226.SZ|164824.SZ|501018.SH|512100.SH|513100.SH|513180.SH|513500.SH|515220.SH,0.7862899640118093,0.9194433972050108,ucb
rolling_ucb_sampling,2021-07-01/2021-12-31,2022-01-01/2022-06-30,85,159851.SZ|159920.SZ|159981.SZ|161226.SZ|164824.SZ|501018.SH|510880.SH|512800.SH|513030.SH|513100.SH|513180.SH|513500.SH|518880.SH,0.33252122222069247,0.9194433972050108,ucb
rolling_ucb_sampling,2021-07-01/2021-12-31,2022-01-01/2022-06-30,86,159766.SZ|159920.SZ|159980.SZ|159981.SZ|159985.SZ|164824.SZ|501018.SH|510880.SH|512040.SH|513030.SH|513100.SH|513180.SH|513500.SH,1.2132916183793403,0.9194433972050108,ucb
rolling_ucb_sampling,2021-07-01/2021-12-31,2022-01-01/2022-06-30,87,159851.SZ|159920.SZ|159980.SZ|159981.SZ|159985.SZ|164824.SZ|501018.SH|512890.SH|513030.SH|513100.SH|513180.SH|513500.SH|588000.SH,1.4017863070834113,0.9194433972050108,ucb
rolling_ucb_sampling,2021-07-01/2021-12-31,2022-01-01/2022-06-30,88,159869.SZ|159920.SZ|159928.SZ|159980.SZ|161226.SZ|164824.SZ|501018.SH|510050.SH|513030.SH|513080.SH|513180.SH|513500.SH|518880.SH,-0.43067601054350163,0.9194433972050108,ucb
rolling_ucb_sampling,2021-07-01/2021-12-31,2022-01-01/2022-06-30,89,159869.SZ|159920.SZ|159980.SZ|159985.SZ|164824.SZ|501018.SH|512040.SH|512660.SH|513030.SH|513100.SH|513180.SH|513500.SH|518880.SH,0.7285677467501582,0.9194433972050108,ucb
rolling_ucb_sampling,2021-07-01/2021-12-31,2022-01-01/2022-06-30,90,159870.SZ|159920.SZ|159981.SZ|159985.SZ|164824.SZ|501018.SH|510210.SH|513030.SH|513080.SH|513180.SH|513880.SH|518880.SH|588000.SH,-1.4735543574176668,0.9194433972050108,ucb
rolling_ucb_sampling,2021-07-01/2021-12-31,2022-01-01/2022-06-30,91,159920.SZ|159980.SZ|159981.SZ|159985.SZ|160644.SZ|501018.SH|510300.SH|512040.SH|513080.SH|513100.SH|513180.SH|513500.SH|588000.SH,0.490162636794154,0.9194433972050108,ucb
rolling_ucb_sampling,2021-07-01/2021-12-31,2022-01-01/2022-06-30,92,159920.SZ|159980.SZ|159985.SZ|160644.SZ|161226.SZ|164824.SZ|501018.SH|510050.SH|512100.SH|513100.SH|513180.SH|513500.SH|515220.SH,0.20681911289507454,0.9194433972050108,ucb
rolling_ucb_sampling,2021-07-01/2021-12-31,2022-01-01/2022-06-30,93,159920.SZ|159949.SZ|159980.SZ|159981.SZ|159985.SZ|164824.SZ|501018.SH|512660.SH|512800.SH|513080.SH|513100.SH|513180.SH|513500.SH,-0.3251340926302764,0.9194433972050108,ucb
rolling_ucb_sampling,2021-07-01/2021-12-31,2022-01-01/2022-06-30,94,159920.SZ|159980.SZ|159985.SZ|161226.SZ|164824.SZ|501018.SH|512100.SH|512890.SH|512980.SH|513030.SH|513100.SH|513180.SH|513500.SH,0.6877318976011251,0.9194433972050108,ucb
rolling_ucb_sampling,2021-07-01/2021-12-31,2022-01-01/2022-06-30,95,159851.SZ|159920.SZ|159949.SZ|159980.SZ|159985.SZ|160644.SZ|161226.SZ|501018.SH|510300.SH|513080.SH|513100.SH|513180.SH|513500.SH,-0.48564103859927193,0.9194433972050108,ucb
rolling_ucb_sampling,2021-07-01/2021-12-31,2022-01-01/2022-06-30,96,159920.SZ|159981.SZ|159985.SZ|160644.SZ|164824.SZ|501018.SH|512170.SH|513100.SH|513180.SH|513500.SH|515210.SH|515790.SH|518880.SH,0.5387428834510813,0.9194433972050108,ucb
rolling_ucb_sampling,2021-07-01/2021-12-31,2022-01-01/2022-06-30,97,159920.SZ|159980.SZ|159981.SZ|159985.SZ|160644.SZ|161226.SZ|510050.SH|512040.SH|512890.SH|513030.SH|513080.SH|513180.SH|513500.SH,0.17775460844585353,0.9194433972050108,ucb
rolling_ucb_sampling,2021-07-01/2021-12-31,2022-01-01/2022-06-30,98,159920.SZ|159980.SZ|159985.SZ|160644.SZ|164824.SZ|501018.SH|510050.SH|512800.SH|513080.SH|513100.SH|513180.SH|515880.SH|518880.SH,-1.2453590207957626,0.9194433972050108,ucb
rolling_ucb_sampling,2021-07-01/2021-12-31,2022-01-01/2022-06-30,99,159920.SZ|159980.SZ|159981.SZ|159985.SZ|160644.SZ|164824.SZ|501018.SH|512170.SH|512890.SH|513080.SH|513180.SH|513500.SH|588000.SH,0.5694840937812364,0.9194433972050108,ucb
rolling_ucb_sampling,2021-07-01/2021-12-31,2022-01-01/2022-06-30,100,159851.SZ|159920.SZ|159981.SZ|159985.SZ|160644.SZ|164824.SZ|501018.SH|512100.SH|512660.SH|513100.SH|513180.SH|513880.SH|518880.SH,0.5512689361146758,0.9194433972050108,ucb
rolling_ucb_sampling,2022-01-01/2022-06-30,2022-07-01/2022-12-31,1,159915.SZ|159920.SZ|159980.SZ|159985.SZ|164824.SZ|501018.SH|510210.SH|512880.SH|513070.SH|513080.SH|513500.SH|513880.SH|518880.SH,0.8332575277730402,0.902954449056628,warmup
rolling_ucb_sampling,2022-01-01/2022-06-30,2022-07-01/2022-12-31,2,159920.SZ|159980.SZ|159981.SZ|159985.SZ|160644.SZ|161226.SZ|164824.SZ|512660.SH|513070.SH|513500.SH|513880.SH|515220.SH|516150.SH,-1.083436535781059,0.902954449056628,warmup
rolling_ucb_sampling,2022-01-01/2022-06-30,2022-07-01/2022-12-31,3,159920.SZ|159928.SZ|159980.SZ|159985.SZ|160644.SZ|161226.SZ|164824.SZ|510300.SH|513030.SH|513070.SH|513100.SH|515880.SH|518880.SH,-0.5375053280445065,0.902954449056628,warmup
rolling_ucb_sampling,2022-01-01/2022-06-30,2022-07-01/2022-12-31,4,159870.SZ|159901.SZ|159980.SZ|159981.SZ|161226.SZ|164824.SZ|512660.SH|513070.SH|513080.SH|513100.SH|513180.SH|513880.SH|518880.SH,-0.5126874293118034,0.9123874319228055,warmup
rolling_ucb_sampling,2022-01-01/2022-06-30,2022-07-01/2022-12-31,5,159901.SZ|159980.SZ|159981.SZ|160644.SZ|161226.SZ|512170.SH|512200.SH|513030.SH|513070.SH|513100.SH|513180.SH|513880.SH|518880.SH,0.024393115161218202,0.9123874319228055,warmup
rolling_ucb_sampling,2022-01-01/2022-06-30,2022-07-01/2022-12-31,6,159611.SZ|159980.SZ|159981.SZ|160644.SZ|161226.SZ|501018.SH|513030.SH|513070.SH|513180.SH|513500.SH|513880.SH|515210.SH|515880.SH,-0.1598728184045569,0.9123874319228055,warmup
rolling_ucb_sampling,2022-01-01/2022-06-30,2022-07-01/2022-12-31,7,159981.SZ|159985.SZ|160644.SZ|161226.SZ|510050.SH|510500.SH|512890.SH|513070.SH|513080.SH|513180.SH|513500.SH|513880.SH|518880.SH,-0.3758202464260868,0.9123874319228055,warmup
rolling_ucb_sampling,2022-01-01/2022-06-30,2022-07-01/2022-12-31,8,159967.SZ|159980.SZ|161226.SZ|164824.SZ|501018.SH|510500.SH|513030.SH|513070.SH|513180.SH|513500.SH|513880.SH|515220.SH|518880.SH,0.16916708870127667,0.9123874319228055,warmup
rolling_ucb_sampling,2022-01-01/2022-06-30,2022-07-01/2022-12-31,9,159851.SZ|159870.SZ|159920.SZ|159981.SZ|160644.SZ|161226.SZ|501018.SH|513070.SH|513080.SH|513100.SH|513880.SH|515790.SH|518880.SH,0.16100590142332466,0.902954449056628,warmup
rolling_ucb_sampling,2022-01-01/2022-06-30,2022-07-01/2022-12-31,10,159865.SZ|159920.SZ|159980.SZ|159981.SZ|159985.SZ|160644.SZ|164824.SZ|510210.SH|513070.SH|513080.SH|513100.SH|515220.SH|518880.SH,-0.21645430412383038,0.902954449056628,warmup
rolling_ucb_sampling,2022-01-01/2022-06-30,2022-07-01/2022-12-31,11,159981.SZ|159985.SZ|161226.SZ|164824.SZ|501018.SH|510880.SH|512170.SH|513030.SH|513070.SH|513100.SH|513180.SH|513880.SH|515210.SH,0.2415093815403688,0.9123874319228055,warmup
rolling_ucb_sampling,2022-01-01/2022-06-30,2022-07-01/2022-12-31,12,159980.SZ|159981.SZ|160644.SZ|161226.SZ|512040.SH|513030.SH|513070.SH|513180.SH|513500.SH|513880.SH|515790.SH|515880.SH|518880.SH,-0.7836097544168035,0.9123874319228055,warmup
rolling_ucb_sampling,2022-01-01/2022-06-30,2022-07-01/2022-12-31,13,159796.SZ|159920.SZ|159967.SZ|159981.SZ|160644.SZ|161226.SZ|501018.SH|510050.SH|513070.SH|513080.SH|513100.SH|513880.SH|518880.SH,0.3542987285517092,0.9029877351780191,warmup
rolling_ucb_sampling,2022-01-01/2022-06-30,2022-07-01/2022-12-31,14,159915.SZ|159980.SZ|159981.SZ|161226.SZ|164824.SZ|512040.SH|513070.SH|513080.SH|513180.SH|513500.SH|513880.SH|516150.SH|518880.SH,-0.12563175073291136,0.9123874319228055,warmup
rolling_ucb_sampling,2022-01-01/2022-06-30,2022-07-01/2022-12-31,15,159611.SZ|159920.SZ|159981.SZ|160644.SZ|161226.SZ|164824.SZ|501018.SH|512800.SH|513030.SH|513070.SH|513880.SH|518880.SH|562500.SH,-0.0044178093850780874,0.902954449056628,warmup
rolling_ucb_sampling,2022-01-01/2022-06-30,2022-07-01/2022-12-31,16,159796.SZ|159920.SZ|159980.SZ|161226.SZ|164824.SZ|501018.SH|512200.SH|512880.SH|513070.SH|513080.SH|513100.SH|513880.SH|518880.SH,0.37726395312482625,0.902954449056628,warmup
rolling_ucb_sampling,2022-01-01/2022-06-30,2022-07-01/2022-12-31,17,159949.SZ|159981.SZ|159985.SZ|160644.SZ|161226.SZ|164824.SZ|501018.SH|513070.SH|513180.SH|513500.SH|513880.SH|515210.SH|562500.SH,0.5361830488913082,0.9123874319228055,warmup
rolling_ucb_sampling,2022-01-01/2022-06-30,2022-07-01/2022-12-31,18,159967.SZ|159981.SZ|159985.SZ|160644.SZ|501018.SH|510180.SH|513070.SH|513080.SH|513180.SH|513500.SH|513880.SH|515220.SH|518880.SH,0.66822508387651,0.9123874319228055,warmup
rolling_ucb_sampling,2022-01-01/2022-06-30,2022-07-01/2022-12-31,19,159920.SZ|159980.SZ|159981.SZ|164824.SZ|501018.SH|510500.SH|513030.SH|513070.SH|513100.SH|513880.SH|515220.SH|515790.SH|518880.SH,0.5283562753945554,0.902954449056628,warmup
rolling_ucb_sampling,2022-01-01/2022-06-30,2022-07-01/2022-12-31,20,159901.SZ|159920.SZ|159981.SZ|159985.SZ|160644.SZ|501018.SH|510500.SH|513030.SH|513070.SH|513100.SH|513880.SH|516150.SH|518880.SH,0.3369336696178452,0.902954449056628,warmup
rolling_ucb_sampling,2022-01-01/2022-06-30,2022-07-01/2022-12-31,21,159851.SZ|159869.SZ|159920.SZ|159980.SZ|159981.SZ|160644.SZ|501018.SH|512880.SH|513030.SH|513070.SH|513100.SH|513880.SH|518880.SH,-0.1876381644037698,0.902954449056628,ucb
rolling_ucb_sampling,2022-01-01/2022-06-30,2022-07-01/2022-12-31,22,159870.SZ|159920.SZ|159981.SZ|159985.SZ|164824.SZ|501018.SH|510180.SH|512890.SH|513030.SH|513070.SH|513500.SH|513880.SH|518880.SH,0.22349507022969714,0.902954449056628,ucb
rolling_ucb_sampling,2022-01-01/2022-06-30,2022-07-01/2022-12-31,23,159985.SZ|161226.SZ|164824.SZ|501018.SH|512100.SH|512400.SH|512980.SH|513030.SH|513070.SH|513100.SH|513180.SH|513880.SH|518880.SH,0.21779193584815867,0.9123874319228055,ucb
rolling_ucb_sampling,2022-01-01/2022-06-30,2022-07-01/2022-12-31,24,159796.SZ|159920.SZ|159980.SZ|159985.SZ|160644.SZ|501018.SH|510880.SH|513070.SH|513080.SH|513500.SH|513880.SH|515210.SH|518880.SH,0.6912097343247227,0.902954449056628,ucb
rolling_ucb_sampling,2022-01-01/2022-06-30,2022-07-01/2022-12-31,25,159920.SZ|159949.SZ|159981.SZ|159985.SZ|161226.SZ|164824.SZ|501018.SH|510180.SH|512400.SH|513070.SH|513080.SH|513500.SH|513880.SH,-0.03209413013461428,0.902954449056628,ucb
rolling_ucb_sampling,2022-01-01/2022-06-30,2022-07-01/2022-12-31,26,159796.SZ|159915.SZ|159981.SZ|159985.SZ|160644.SZ|161226.SZ|164824.SZ|501018.SH|512100.SH|513070.SH|513080.SH|513180.SH|513880.SH,0.4644982293497847,0.9123874319228055,ucb
rolling_ucb_sampling,2022-01-01/2022-06-30,2022-07-01/2022-12-31,27,159865.SZ|159981.SZ|159985.SZ|160644.SZ|161226.SZ|164824.SZ|501018.SH|512800.SH|512980.SH|513030.SH|513070.SH|513100.SH|513180.SH,-0.5410650597018906,0.9123874319228055,ucb
rolling_ucb_sampling,2022-01-01/2022-06-30,2022-07-01/2022-12-31,28,159920.SZ|159949.SZ|159980.SZ|159985.SZ|164824.SZ|501018.SH|510180.SH|512100.SH|513070.SH|513080.SH|513500.SH|513880.SH|518880.SH,0.6780797560718111,0.902954449056628,ucb
rolling_ucb_sampling,2022-01-01/2022-06-30,2022-07-01/2022-12-31,29,159825.SZ|159869.SZ|159920.SZ|159980.SZ|159981.SZ|160644.SZ|161226.SZ|164824.SZ|512200.SH|513070.SH|513080.SH|513500.SH|518880.SH,-1.5262158841979416,0.902954449056628,ucb
rolling_ucb_sampling,2022-01-01/2022-06-30,2022-07-01/2022-12-31,30,159852.SZ|159967.SZ|159980.SZ|159981.SZ|159985.SZ|160644.SZ|161226.SZ|164824.SZ|512170.SH|513030.SH|513070.SH|513100.SH|513180.SH,0.4464152577886733,0.9123874319228055,ucb
rolling_ucb_sampling,2022-01-01/2022-06-30,2022-07-01/2022-12-31,31,159852.SZ|159915.SZ|159980.SZ|159981.SZ|164824.SZ|501018.SH|513030.SH|513070.SH|513100.SH|513180.SH|513880.SH|515790.SH|518880.SH,1.4421869822062618,0.9123874319228055,ucb
rolling_ucb_sampling,2022-01-01/2022-06-30,2022-07-01/2022-12-31,32,159766.SZ|159852.SZ|159981.SZ|161226.SZ|164824.SZ|501018.SH|510500.SH|513030.SH|513070.SH|513180.SH|513500.SH|513880.SH|518880.SH,-0.2917069518467371,0.9123874319228055,ucb
rolling_ucb_sampling,2022-01-01/2022-06-30,2022-07-01/2022-12-31,33,159796.SZ|159852.SZ|159981.SZ|159985.SZ|164824.SZ|501018.SH|513030.SH|513070.SH|513180.SH|513500.SH|513880.SH|518880.SH|588000.SH,0.974358090646603,0.9123874319228055,ucb
rolling_ucb_sampling,2022-01-01/2022-06-30,2022-07-01/2022-12-31,34,159920.SZ|159981.SZ|159985.SZ|160644.SZ|164824.SZ|501018.SH|512100.SH|512800.SH|513070.SH|513080.SH|513880.SH|518880.SH|588000.SH,-0.2303688818196347,0.902954449056628,ucb
rolling_ucb_sampling,2022-01-01/2022-06-30,2022-07-01/2022-12-31,35,159796.SZ|159915.SZ|159928.SZ|159980.SZ|159985.SZ|160644.SZ|164824.SZ|501018.SH|513070.SH|513080.SH|513180.SH|513500.SH|518880.SH,1.4636434692884375,0.9123874319228055,ucb
rolling_ucb_sampling,2022-01-01/2022-06-30,2022-07-01/2022-12-31,36,159851.SZ|159852.SZ|159980.SZ|159985.SZ|160644.SZ|164824.SZ|501018.SH|513070.SH|513080.SH|513180.SH|513500.SH|518880.SH|588000.SH,1.2858742020793992,0.9123874319228055,ucb
rolling_ucb_sampling,2022-01-01/2022-06-30,2022-07-01/2022-12-31,37,159796.SZ|159928.SZ|159980.SZ|159981.SZ|159985.SZ|164824.SZ|501018.SH|513070.SH|513080.SH|513180.SH|513500.SH|513880.SH|588000.SH,1.3514602073043935,0.9123874319228055,ucb
rolling_ucb_sampling,2022-01-01/2022-06-30,2022-07-01/2022-12-31,38,159981.SZ|159985.SZ|161226.SZ|164824.SZ|501018.SH|512200.SH|512880.SH|513070.SH|513080.SH|513180.SH|513500.SH|513880.SH|588000.SH,0.35105462313643687,0.9123874319228055,ucb
rolling_ucb_sampling,2022-01-01/2022-06-30,2022-07-01/2022-12-31,39,159852.SZ|159915.SZ|159920.SZ|159980.SZ|159985.SZ|160644.SZ|164824.SZ|501018.SH|513070.SH|513500.SH|513880.SH|515790.SH|518880.SH,1.3094893429216579,0.902954449056628,ucb
rolling_ucb_sampling,2022-01-01/2022-06-30,2022-07-01/2022-12-31,40,159796.SZ|159915.SZ|159980.SZ|159981.SZ|159985.SZ|160644.SZ|161226.SZ|513070.SH|513080.SH|513180.SH|513500.SH|513880.SH|562500.SH,0.7250234372776446,0.9123874319228055,ucb
rolling_ucb_sampling,2022-01-01/2022-06-30,2022-07-01/2022-12-31,41,159851.SZ|159980.SZ|159981.SZ|159985.SZ|164824.SZ|510880.SH|513070.SH|513080.SH|513180.SH|513500.SH|513880.SH|515790.SH|518880.SH,0.2636452134357239,0.9123874319228055,ucb
rolling_ucb_sampling,2022-01-01/2022-06-30,2022-07-01/2022-12-31,42,159852.SZ|159928.SZ|159980.SZ|159985.SZ|160644.SZ|501018.SH|512890.SH|513070.SH|513080.SH|513180.SH|513500.SH|513880.SH|518880.SH,1.1301303652969674,0.9123874319228055,ucb
rolling_ucb_sampling,2022-01-01/2022-06-30,2022-07-01/2022-12-31,43,159915.SZ|159928.SZ|159981.SZ|159985.SZ|160644.SZ|164824.SZ|501018.SH|510210.SH|513070.SH|513080.SH|513180.SH|513880.SH|518880.SH,0.37730567305157453,0.9123874319228055,ucb
rolling_ucb_sampling,2022-01-01/2022-06-30,2022-07-01/2022-12-31,44,159796.SZ|159980.SZ|159981.SZ|160644.SZ|164824.SZ|501018.SH|510180.SH|510500.SH|513070.SH|513080.SH|513100.SH|513180.SH|518880.SH,0.9681414851840899,0.9123874319228055,ucb
rolling_ucb_sampling,2022-01-01/2022-06-30,2022-07-01/2022-12-31,45,159766.SZ|159949.SZ|159980.SZ|159985.SZ|160644.SZ|164824.SZ|501018.SH|510500.SH|513070.SH|513080.SH|513180.SH|513500.SH|518880.SH,0.8039425753799904,0.9123874319228055,ucb
rolling_ucb_sampling,2022-01-01/2022-06-30,2022-07-01/2022-12-31,46,159766.SZ|159981.SZ|159985.SZ|160644.SZ|164824.SZ|501018.SH|510210.SH|513070.SH|513080.SH|513100.SH|513180.SH|518880.SH|588000.SH,0.7713009764038579,0.9123874319228055,ucb
rolling_ucb_sampling,2022-01-01/2022-06-30,2022-07-01/2022-12-31,47,159852.SZ|159915.SZ|159980.SZ|159981.SZ|161226.SZ|164824.SZ|512040.SH|513070.SH|513080.SH|513180.SH|513500.SH|513880.SH|518880.SH,0.11686994610049954,0.9123874319228055,ucb
rolling_ucb_sampling,2022-01-01/2022-06-30,2022-07-01/2022-12-31,48,159920.SZ|159949.SZ|159981.SZ|159985.SZ|164824.SZ|501018.SH|510880.SH|512880.SH|513030.SH|513070.SH|513100.SH|513880.SH|518880.SH,0.14036043301752865,0.902954449056628,ucb
rolling_ucb_sampling,2022-01-01/2022-06-30,2022-07-01/2022-12-31,49,159852.SZ|159928.SZ|159980.SZ|159985.SZ|164824.SZ|501018.SH|510500.SH|513070.SH|513080.SH|513100.SH|513180.SH|513880.SH|518880.SH,1.0800471883106768,0.9123874319228055,ucb
rolling_ucb_sampling,2022-01-01/2022-06-30,2022-07-01/2022-12-31,50,159920.SZ|159928.SZ|159981.SZ|159985.SZ|161226.SZ|164824.SZ|501018.SH|512100.SH|513070.SH|513080.SH|513500.SH|513880.SH|562500.SH,-0.18475811131716469,0.902954449056628,ucb
rolling_ucb_sampling,2022-01-01/2022-06-30,2022-07-01/2022-12-31,51,159870.SZ|159915.SZ|159980.SZ|159981.SZ|160644.SZ|161226.SZ|164824.SZ|501018.SH|512100.SH|513070.SH|513180.SH|513500.SH|513880.SH,0.20442789723973478,0.9123874319228055,ucb
rolling_ucb_sampling,2022-01-01/2022-06-30,2022-07-01/2022-12-31,52,159766.SZ|159928.SZ|159967.SZ|159980.SZ|159981.SZ|159985.SZ|160644.SZ|164824.SZ|501018.SH|513070.SH|513180.SH|513500.SH|513880.SH,0.7722773933660272,0.9123874319228055,ucb
rolling_ucb_sampling,2022-01-01/2022-06-30,2022-07-01/2022-12-31,53,159766.SZ|159980.SZ|159981.SZ|159985.SZ|160644.SZ|164824.SZ|501018.SH|512170.SH|512890.SH|513070.SH|513080.SH|513180.SH|513880.SH,0.33165867344161315,0.9123874319228055,ucb
rolling_ucb_sampling,2022-01-01/2022-06-30,2022-07-01/2022-12-31,54,159796.SZ|159949.SZ|159980.SZ|159981.SZ|161226.SZ|164824.SZ|513070.SH|513080.SH|513100.SH|513180.SH|513880.SH|518880.SH|588000.SH,0.32140764301954355,0.9123874319228055,ucb
rolling_ucb_sampling,2022-01-01/2022-06-30,2022-07-01/2022-12-31,55,159611.SZ|159852.SZ|159980.SZ|159985.SZ|164824.SZ|501018.SH|510050.SH|513070.SH|513080.SH|513100.SH|513180.SH|513880.SH|518880.SH,1.1669459634115653,0.9123874319228055,ucb
rolling_ucb_sampling,2022-01-01/2022-06-30,2022-07-01/2022-12-31,56,159852.SZ|159980.SZ|159981.SZ|159985.SZ|160644.SZ|164824.SZ|501018.SH|510500.SH|512400.SH|513070.SH|513080.SH|513180.SH|513500.SH,0.9685777759092641,0.9123874319228055,ucb
rolling_ucb_sampling,2022-01-01/2022-06-30,2022-07-01/2022-12-31,57,159796.SZ|159980.SZ|159985.SZ|160644.SZ|164824.SZ|501018.SH|510300.SH|513070.SH|513180.SH|513500.SH|513880.SH|518880.SH|588000.SH,1.7554577735899368,0.9123874319228055,ucb
rolling_ucb_sampling,2022-01-01/2022-06-30,2022-07-01/2022-12-31,58,159766.SZ|159852.SZ|159980.SZ|159985.SZ|160644.SZ|164824.SZ|501018.SH|510300.SH|513070.SH|513100.SH|513180.SH|513880.SH|518880.SH,0.8697616529274446,0.9123874319228055,ucb
rolling_ucb_sampling,2022-01-01/2022-06-30,2022-07-01/2022-12-31,59,159915.SZ|159980.SZ|160644.SZ|161226.SZ|501018.SH|512660.SH|513070.SH|513080.SH|513180.SH|513500.SH|513880.SH|518880.SH|588000.SH,0.6661691801004,0.9123874319228055,ucb
rolling_ucb_sampling,2022-01-01/2022-06-30,2022-07-01/2022-12-31,60,159920.SZ|159981.SZ|159985.SZ|164824.SZ|501018.SH|510180.SH|512170.SH|513030.SH|513070.SH|513500.SH|513880.SH|518880.SH|588000.SH,0.20678334242017382,0.902954449056628,ucb
rolling_ucb_sampling,2022-01-01/2022-06-30,2022-07-01/2022-12-31,61,159852.SZ|159915.SZ|159980.SZ|159985.SZ|160644.SZ|501018.SH|512880.SH|513070.SH|513080.SH|513180.SH|513500.SH|513880.SH|518880.SH,1.3888126597901878,0.9123874319228055,ucb
rolling_ucb_sampling,2022-01-01/2022-06-30,2022-07-01/2022-12-31,62,159870.SZ|159949.SZ|159980.SZ|159981.SZ|159985.SZ|164824.SZ|501018.SH|512400.SH|513070.SH|513080.SH|513180.SH|513500.SH|513880.SH,0.571095609273547,0.9123874319228055,ucb
rolling_ucb_sampling,2022-01-01/2022-06-30,2022-07-01/2022-12-31,63,159851.SZ|159980.SZ|159981.SZ|159985.SZ|161226.SZ|164824.SZ|510300.SH|512880.SH|513070.SH|513080.SH|513180.SH|513500.SH|513880.SH,0.20344386455033678,0.9123874319228055,ucb
rolling_ucb_sampling,2022-01-01/2022-06-30,2022-07-01/2022-12-31,64,159611.SZ|159967.SZ|159980.SZ|159981.SZ|159985.SZ|164824.SZ|501018.SH|510050.SH|513070.SH|513080.SH|513180.SH|513500.SH|513880.SH,0.9589273650811473,0.9123874319228055,ucb
rolling_ucb_sampling,2022-01-01/2022-06-30,2022-07-01/2022-12-31,65,159611.SZ|159851.SZ|159980.SZ|159981.SZ|159985.SZ|160644.SZ|513070.SH|513080.SH|513180.SH|513500.SH|513880.SH|515790.SH|518880.SH,0.5429903443283534,0.9123874319228055,ucb
rolling_ucb_sampling,2022-01-01/2022-06-30,2022-07-01/2022-12-31,66,159766.SZ|159920.SZ|159980.SZ|159985.SZ|160644.SZ|161226.SZ|501018.SH|512040.SH|512100.SH|513070.SH|513080.SH|513500.SH|513880.SH,0.002554517860040106,0.902954449056628,ucb
rolling_ucb_sampling,2022-01-01/2022-06-30,2022-07-01/2022-12-31,67,159920.SZ|159980.SZ|159985.SZ|161226.SZ|164824.SZ|501018.SH|510500.SH|512400.SH|512800.SH|513070.SH|513080.SH|513500.SH|513880.SH,0.40281310698511724,0.902954449056628,ucb
rolling_ucb_sampling,2022-01-01/2022-06-30,2022-07-01/2022-12-31,68,159611.SZ|159851.SZ|159980.SZ|159981.SZ|159985.SZ|160644.SZ|164824.SZ|510210.SH|513030.SH|513070.SH|513180.SH|513880.SH|518880.SH,0.229352310042126,0.9123874319228055,ucb
rolling_ucb_sampling,2022-01-01/2022-06-30,2022-07-01/2022-12-31,69,159981.SZ|159985.SZ|160644.SZ|501018.SH|512800.SH|512890.SH|513070.SH|513080.SH|513100.SH|513180.SH|513880.SH|515790.SH|518880.SH,1.1742483430169064,0.9123874319228055,ucb
rolling_ucb_sampling,2022-01-01/2022-06-30,2022-07-01/2022-12-31,70,159928.SZ|159980.SZ|159981.SZ|159985.SZ|160644.SZ|161226.SZ|512400.SH|513030.SH|513070.SH|513100.SH|513180.SH|513880.SH|588000.SH,-0.024752363566356347,0.9123874319228055,ucb
rolling_ucb_sampling,2022-01-01/2022-06-30,2022-07-01/2022-12-31,71,159852.SZ|159980.SZ|159981.SZ|159985.SZ|164824.SZ|510500.SH|513070.SH|513080.SH|513100.SH|513180.SH|513880.SH|518880.SH|588000.SH,-0.08718737274783354,0.9123874319228055,ucb
rolling_ucb_sampling,2022-01-01/2022-06-30,2022-07-01/2022-12-31,72,159611.SZ|159766.SZ|159980.SZ|159981.SZ|159985.SZ|160644.SZ|512980.SH|513070.SH|513080.SH|513180.SH|513500.SH|513880.SH|518880.SH,-0.01339602923569238,0.9123874319228055,ucb
rolling_ucb_sampling,2022-01-01/2022-06-30,2022-07-01/2022-12-31,73,159852.SZ|159980.SZ|159985.SZ|160644.SZ|164824.SZ|501018.SH|510880.SH|513070.SH|513080.SH|513180.SH|513500.SH|515220.SH|518880.SH,0.34308540035538604,0.9123874319228055,ucb
rolling_ucb_sampling,2022-01-01/2022-06-30,2022-07-01/2022-12-31,74,159796.SZ|159920.SZ|159980.SZ|159985.SZ|160644.SZ|161226.SZ|510050.SH|512400.SH|513030.SH|513070.SH|513100.SH|513880.SH|518880.SH,0.09094557244880186,0.902954449056628,ucb
rolling_ucb_sampling,2022-01-01/2022-06-30,2022-07-01/2022-12-31,75,159796.SZ|159870.SZ|159980.SZ|159985.SZ|160644.SZ|164824.SZ|501018.SH|513070.SH|513080.SH|513180.SH|513880.SH|515790.SH|518880.SH,1.910282054742206,0.9123874319228055,ucb
rolling_ucb_sampling,2022-01-01/2022-06-30,2022-07-01/2022-12-31,76,159852.SZ|159967.SZ|159980.SZ|160644.SZ|161226.SZ|164824.SZ|501018.SH|510300.SH|513070.SH|513080.SH|513180.SH|513500.SH|518880.SH,0.7365307892849475,0.9123874319228055,ucb
rolling_ucb_sampling,2022-01-01/2022-06-30,2022-07-01/2022-12-31,77,159852.SZ|159949.SZ|159985.SZ|160644.SZ|161226.SZ|501018.SH|510050.SH|513070.SH|513080.SH|513100.SH|513180.SH|513880.SH|518880.SH,0.5957683324504225,0.9123874319228055,ucb
rolling_ucb_sampling,2022-01-01/2022-06-30,2022-07-01/2022-12-31,78,159825.SZ|159920.SZ|159985.SZ|160644.SZ|161226.SZ|164824.SZ|501018.SH|510210.SH|513070.SH|513080.SH|513100.SH|515210.SH|518880.SH,-0.06997741037472402,0.902954449056628,ucb
rolling_ucb_sampling,2022-01-01/2022-06-30,2022-07-01/2022-12-31,79,159852.SZ|159967.SZ|159980.SZ|159981.SZ|160644.SZ|501018.SH|510300.SH|513070.SH|513080.SH|513100.SH|513180.SH|513880.SH|518880.SH,1.1045779566277054,0.9123874319228055,ucb
rolling_ucb_sampling,2022-01-01/2022-06-30,2022-07-01/2022-12-31,80,159980.SZ|159981.SZ|159985.SZ|164824.SZ|501018.SH|510050.SH|510880.SH|512170.SH|513070.SH|513080.SH|513100.SH|513180.SH|513880.SH,0.6366195357690861,0.9123874319228055,ucb
rolling_ucb_sampling,2022-01-01/2022-06-30,2022-07-01/2022-12-31,81,159852.SZ|159980.SZ|159985.SZ|160644.SZ|164824.SZ|501018.SH|510500.SH|512890.SH|513070.SH|513180.SH|513500.SH|513880.SH|518880.SH,0.7946719963486842,0.9123874319228055,ucb
rolling_ucb_sampling,2022-01-01/2022-06-30,2022-07-01/2022-12-31,82,159980.SZ|159981.SZ|164824.SZ|501018.SH|510300.SH|512200.SH|513070.SH|513080.SH|513100.SH|513180.SH|513880.SH|518880.SH|588000.SH,0.7853232445983362,0.9123874319228055,ucb
rolling_ucb_sampling,2022-01-01/2022-06-30,2022-07-01/2022-12-31,83,159870.SZ|159967.SZ|159980.SZ|159981.SZ|159985.SZ|164824.SZ|501018.SH|510180.SH|513030.SH|513070.SH|513100.SH|513180.SH|513880.SH,0.6563728488871999,0.9123874319228055,ucb
rolling_ucb_sampling,2022-01-01/2022-06-30,2022-07-01/2022-12-31,84,159796.SZ|159981.SZ|159985.SZ|164824.SZ|501018.SH|512040.SH|513070.SH|513080.SH|513100.SH|513180.SH|513880.SH|516150.SH|518880.SH,0.6038192445484327,0.9123874319228055,ucb
rolling_ucb_sampling,2022-01-01/2022-06-30,2022-07-01/2022-12-31,85,159796.SZ|159852.SZ|159980.SZ|159985.SZ|160644.SZ|164824.SZ|501018.SH|513070.SH|513180.SH|513500.SH|513880.SH|515210.SH|518880.SH,1.4231898830177356,0.9123874319228055,ucb
rolling_ucb_sampling,2022-01-01/2022-06-30,2022-07-01/2022-12-31,86,159796.SZ|159851.SZ|159928.SZ|159980.SZ|160644.SZ|161226.SZ|501018.SH|513030.SH|513070.SH|513100.SH|513180.SH|513880.SH|518880.SH,0.6997372559887312,0.9123874319228055,ucb
rolling_ucb_sampling,2022-01-01/2022-06-30,2022-07-01/2022-12-31,87,159870.SZ|159980.SZ|159985.SZ|160644.SZ|164824.SZ|501018.SH|512040.SH|513070.SH|513100.SH|513180.SH|513880.SH|518880.SH|588000.SH,0.5328748672150716,0.9123874319228055,ucb
rolling_ucb_sampling,2022-01-01/2022-06-30,2022-07-01/2022-12-31,88,159851.SZ|159980.SZ|159985.SZ|160644.SZ|501018.SH|510210.SH|512880.SH|513030.SH|513070.SH|513180.SH|513500.SH|513880.SH|518880.SH,0.7175592186026445,0.9123874319228055,ucb
rolling_ucb_sampling,2022-01-01/2022-06-30,2022-07-01/2022-12-31,89,159980.SZ|159985.SZ|160644.SZ|164824.SZ|501018.SH|510050.SH|512170.SH|513070.SH|513080.SH|513100.SH|513180.SH|518880.SH|562500.SH,1.4801842121411801,0.9123874319228055,ucb
rolling_ucb_sampling,2022-01-01/2022-06-30,2022-07-01/2022-12-31,90,159869.SZ|159920.SZ|159967.SZ|159980.SZ|159985.SZ|164824.SZ|501018.SH|513070.SH|513080.SH|513500.SH|513880.SH|515220.SH|518880.SH,0.10125575250650855,0.902954449056628,ucb
rolling_ucb_sampling,2022-01-01/2022-06-30,2022-07-01/2022-12-31,91,159796.SZ|159915.SZ|159980.SZ|159985.SZ|160644.SZ|161226.SZ|164824.SZ|512100.SH|513070.SH|513080.SH|513100.SH|513180.SH|518880.SH,0.4783534019632726,0.9123874319228055,ucb
rolling_ucb_sampling,2022-01-01/2022-06-30,2022-07-01/2022-12-31,92,159920.SZ|159967.SZ|159980.SZ|159985.SZ|164824.SZ|501018.SH|510210.SH|513070.SH|513080.SH|513100.SH|513880.SH|515790.SH|518880.SH,0.7611784110479378,0.902954449056628,ucb
rolling_ucb_sampling,2022-01-01/2022-06-30,2022-07-01/2022-12-31,93,159928.SZ|159981.SZ|159985.SZ|160644.SZ|501018.SH|510180.SH|512980.SH|513070.SH|513080.SH|513100.SH|513180.SH|513880.SH|518880.SH,0.7187284871517977,0.9123874319228055,ucb
rolling_ucb_sampling,2022-01-01/2022-06-30,2022-07-01/2022-12-31,94,159980.SZ|159985.SZ|164824.SZ|501018.SH|512100.SH|512170.SH|513030.SH|513070.SH|513180.SH|513500.SH|513880.SH|515210.SH|518880.SH,0.5564234146646182,0.9123874319228055,ucb
rolling_ucb_sampling,2022-01-01/2022-06-30,2022-07-01/2022-12-31,95,159766.SZ|159928.SZ|159981.SZ|159985.SZ|160644.SZ|164824.SZ|501018.SH|510500.SH|513030.SH|513070.SH|513180.SH|513880.SH|518880.SH,-0.17038332057938138,0.9123874319228055,ucb
rolling_ucb_sampling,2022-01-01/2022-06-30,2022-07-01/2022-12-31,96,159920.SZ|159967.SZ|159980.SZ|159981.SZ|159985.SZ|164824.SZ|501018.SH|510050.SH|512100.SH|513030.SH|513070.SH|513500.SH|513880.SH,0.4603644611979557,0.902954449056628,ucb
rolling_ucb_sampling,2022-01-01/2022-06-30,2022-07-01/2022-12-31,97,159611.SZ|159928.SZ|159980.SZ|160644.SZ|161226.SZ|164824.SZ|501018.SH|513070.SH|513100.SH|513180.SH|513880.SH|515210.SH|518880.SH,0.28213850138715096,0.9123874319228055,ucb
rolling_ucb_sampling,2022-01-01/2022-06-30,2022-07-01/2022-12-31,98,159766.SZ|159852.SZ|159980.SZ|159981.SZ|159985.SZ|164824.SZ|512890.SH|513030.SH|513070.SH|513100.SH|513180.SH|513880.SH|518880.SH,-0.30538004698405347,0.9123874319228055,ucb
rolling_ucb_sampling,2022-01-01/2022-06-30,2022-07-01/2022-12-31,99,159915.SZ|159981.SZ|160644.SZ|161226.SZ|164824.SZ|501018.SH|510180.SH|513070.SH|513080.SH|513180.SH|513500.SH|515210.SH|518880.SH,0.5894698847085255,0.9123874319228055,ucb
rolling_ucb_sampling,2022-01-01/2022-06-30,2022-07-01/2022-12-31,100,159985.SZ|160644.SZ|161226.SZ|164824.SZ|501018.SH|510210.SH|512800.SH|513070.SH|513080.SH|513100.SH|513180.SH|518880.SH|588000.SH,0.3048908397843536,0.9123874319228055,ucb
rolling_ucb_sampling,2022-07-01/2022-12-31,2023-01-01/2023-06-30,1,159901.SZ|159920.SZ|159980.SZ|159981.SZ|160644.SZ|161226.SZ|501018.SH|512400.SH|513080.SH|513120.SH|513290.SH|513500.SH|588000.SH,-0.820162863413124,0.8316275404607769,warmup
rolling_ucb_sampling,2022-07-01/2022-12-31,2023-01-01/2023-06-30,2,159851.SZ|159852.SZ|159967.SZ|159980.SZ|159985.SZ|160644.SZ|164824.SZ|501018.SH|513070.SH|513100.SH|513120.SH|513290.SH|518880.SH,0.9156720737763762,0.8734352753721032,warmup
rolling_ucb_sampling,2022-07-01/2022-12-31,2023-01-01/2023-06-30,3,159901.SZ|159980.SZ|159981.SZ|160644.SZ|161226.SZ|164824.SZ|501018.SH|510180.SH|510500.SH|513030.SH|513100.SH|513120.SH|513180.SH,0.2110544519784801,0.8738534541132639,warmup
rolling_ucb_sampling,2022-07-01/2022-12-31,2023-01-01/2023-06-30,4,159980.SZ|160644.SZ|161226.SZ|501018.SH|510210.SH|512040.SH|512170.SH|513080.SH|513120.SH|513180.SH|513290.SH|513880.SH|518880.SH,-0.9409454367894303,0.8796533674115041,warmup
rolling_ucb_sampling,2022-07-01/2022-12-31,2023-01-01/2023-06-30,5,159920.SZ|159967.SZ|159981.SZ|159985.SZ|160644.SZ|161226.SZ|510500.SH|512660.SH|513080.SH|513120.SH|513500.SH|513880.SH|518880.SH,0.14910599375297728,0.8316275404607769,warmup
rolling_ucb_sampling,2022-07-01/2022-12-31,2023-01-01/2023-06-30,6,159851.SZ|159981.SZ|160644.SZ|161226.SZ|164824.SZ|501018.SH|510300.SH|512880.SH|513030.SH|513120.SH|513180.SH|513880.SH|518880.SH,0.44460358526764787,0.8144788375052159,warmup
rolling_ucb_sampling,2022-07-01/2022-12-31,2023-01-01/2023-06-30,7,159825.SZ|159920.SZ|159980.SZ|159985.SZ|160644.SZ|161226.SZ|512800.SH|513080.SH|513120.SH|513290.SH|513880.SH|516150.SH|518880.SH,-0.024660211703864465,0.8020701325811442,warmup
rolling_ucb_sampling,2022-07-01/2022-12-31,2023-01-01/2023-06-30,8,159766.SZ|159928.SZ|159967.SZ|159980.SZ|159985.SZ|160644.SZ|164824.SZ|501018.SH|513070.SH|513120.SH|513290.SH|513880.SH|518880.SH,0.9475550714210739,0.7091623327353709,warmup
rolling_ucb_sampling,2022-07-01/2022-12-31,2023-01-01/2023-06-30,9,159981.SZ|159985.SZ|160644.SZ|501018.SH|512100.SH|512660.SH|513080.SH|513100.SH|513120.SH|513180.SH|513880.SH|515880.SH|518880.SH,0.19273525210420686,0.8300418024117714,warmup
rolling_ucb_sampling,2022-07-01/2022-12-31,2023-01-01/2023-06-30,10,159980.SZ|159981.SZ|159985.SZ|161226.SZ|510500.SH|512800.SH|513030.SH|513120.SH|513180.SH|513290.SH|513500.SH|513880.SH|515880.SH,0.19496222395823917,0.84582438159002,warmup
rolling_ucb_sampling,2022-07-01/2022-12-31,2023-01-01/2023-06-30,11,159920.SZ|159980.SZ|159985.SZ|160644.SZ|501018.SH|510050.SH|512100.SH|513080.SH|513100.SH|513120.SH|513290.SH|515880.SH|518880.SH,-0.28345032977145923,0.8300418024117714,warmup
rolling_ucb_sampling,2022-07-01/2022-12-31,2023-01-01/2023-06-30,12,159766.SZ|159980.SZ|160644.SZ|161226.SZ|164824.SZ|501018.SH|510180.SH|513070.SH|513080.SH|513100.SH|513120.SH|515210.SH|518880.SH,0.24401428036914638,0.7655141320931955,warmup
rolling_ucb_sampling,2022-07-01/2022-12-31,2023-01-01/2023-06-30,13,159869.SZ|159980.SZ|159985.SZ|160644.SZ|161226.SZ|501018.SH|510300.SH|512660.SH|513030.SH|513070.SH|513100.SH|513120.SH|513880.SH,-0.06076076938492533,0.7805308310639488,warmup
rolling_ucb_sampling,2022-07-01/2022-12-31,2023-01-01/2023-06-30,14,159920.SZ|159980.SZ|159985.SZ|160644.SZ|164824.SZ|501018.SH|512890.SH|513030.SH|513100.SH|513120.SH|515220.SH|515790.SH|518880.SH,1.1216223885626257,0.7805308310639488,warmup
rolling_ucb_sampling,2022-07-01/2022-12-31,2023-01-01/2023-06-30,15,159870.SZ|159920.SZ|159980.SZ|159981.SZ|501018.SH|512880.SH|513080.SH|513100.SH|513120.SH|513290.SH|513880.SH|518880.SH|588000.SH,-0.8766196466213412,0.8020701325811442,warmup
rolling_ucb_sampling,2022-07-01/2022-12-31,2023-01-01/2023-06-30,16,159920.SZ|159980.SZ|159981.SZ|164824.SZ|501018.SH|510300.SH|512660.SH|513100.SH|513120.SH|513290.SH|513880.SH|518880.SH|562500.SH,-0.3546461691969307,0.7599788068936458,warmup
rolling_ucb_sampling,2022-07-01/2022-12-31,2023-01-01/2023-06-30,17,159851.SZ|159901.SZ|159920.SZ|159928.SZ|159980.SZ|159981.SZ|161226.SZ|164824.SZ|513030.SH|513120.SH|513290.SH|513880.SH|518880.SH,-0.2402238743859787,0.7768884409244624,warmup
rolling_ucb_sampling,2022-07-01/2022-12-31,2023-01-01/2023-06-30,18,159915.SZ|159920.SZ|159981.SZ|159985.SZ|160644.SZ|161226.SZ|164824.SZ|510300.SH|513080.SH|513120.SH|513290.SH|515220.SH|518880.SH,0.8845680010470381,0.7691912766207186,warmup
rolling_ucb_sampling,2022-07-01/2022-12-31,2023-01-01/2023-06-30,19,159949.SZ|159981.SZ|160644.SZ|161226.SZ|501018.SH|512170.SH|512660.SH|513070.SH|513100.SH|513120.SH|513290.SH|513880.SH|518880.SH,-0.661822850754874,0.7599788068936458,warmup
rolling_ucb_sampling,2022-07-01/2022-12-31,2023-01-01/2023-06-30,20,159766.SZ|159915.SZ|159980.SZ|160644.SZ|161226.SZ|164824.SZ|501018.SH|513030.SH|513100.SH|513120.SH|513180.SH|515880.SH|518880.SH,-0.3137724095641354,0.7805308310639488,warmup
rolling_ucb_sampling,2022-07-01/2022-12-31,2023-01-01/2023-06-30,21,159852.SZ|159865.SZ|159981.SZ|159985.SZ|160644.SZ|161226.SZ|164824.SZ|513030.SH|513100.SH|513120.SH|513180.SH|515790.SH|518880.SH,1.4121497193192392,0.7805308310639488,ucb
rolling_ucb_sampling,2022-07-01/2022-12-31,2023-01-01/2023-06-30,22,159865.SZ|159980.SZ|159985.SZ|161226.SZ|164824.SZ|501018.SH|512890.SH|513030.SH|513100.SH|513120.SH|513180.SH|513880.SH|515790.SH,0.8058694985304352,0.7805308310639488,ucb
rolling_ucb_sampling,2022-07-01/2022-12-31,2023-01-01/2023-06-30,23,159865.SZ|159981.SZ|159985.SZ|160644.SZ|161226.SZ|164824.SZ|501018.SH|512200.SH|513030.SH|513120.SH|513180.SH|513500.SH|516150.SH,0.34185983030656136,0.84582438159002,ucb
rolling_ucb_sampling,2022-07-01/2022-12-31,2023-01-01/2023-06-30,24,159611.SZ|159852.SZ|159869.SZ|159981.SZ|159985.SZ|161226.SZ|164824.SZ|513070.SH|513080.SH|513120.SH|513500.SH|513880.SH|518880.SH,0.15836271365556903,0.8316275404607769,ucb
rolling_ucb_sampling,2022-07-01/2022-12-31,2023-01-01/2023-06-30,25,159796.SZ|159985.SZ|160644.SZ|161226.SZ|164824.SZ|501018.SH|510180.SH|513070.SH|513100.SH|513120.SH|513880.SH|515210.SH|518880.SH,0.45577765844546003,0.7520854374286099,ucb
rolling_ucb_sampling,2022-07-01/2022-12-31,2023-01-01/2023-06-30,26,159796.SZ|159825.SZ|159980.SZ|159985.SZ|164824.SZ|501018.SH|513030.SH|513070.SH|513100.SH|513120.SH|513290.SH|515790.SH|518880.SH,-0.10124982454772945,0.8482313278992691,ucb
rolling_ucb_sampling,2022-07-01/2022-12-31,2023-01-01/2023-06-30,27,159796.SZ|159920.SZ|159981.SZ|161226.SZ|164824.SZ|501018.SH|512890.SH|513030.SH|513120.SH|513290.SH|513880.SH|515220.SH|518880.SH,-0.1072384192980596,0.7768884409244624,ucb
rolling_ucb_sampling,2022-07-01/2022-12-31,2023-01-01/2023-06-30,28,159980.SZ|159981.SZ|159985.SZ|160644.SZ|510050.SH|513120.SH|513180.SH|513290.SH|513500.SH|513880.SH|515220.SH|518880.SH|588000.SH,0.39536293074828793,0.8251090976449644,ucb
rolling_ucb_sampling,2022-07-01/2022-12-31,2023-01-01/2023-06-30,29,159928.SZ|159980.SZ|159985.SZ|160644.SZ|161226.SZ|164824.SZ|513030.SH|513120.SH|513180.SH|513290.SH|515210.SH|518880.SH|562500.SH,0.7288660189499446,0.7051191112834191,ucb
rolling_ucb_sampling,2022-07-01/2022-12-31,2023-01-01/2023-06-30,30,159915.SZ|159920.SZ|159981.SZ|159985.SZ|161226.SZ|164824.SZ|512200.SH|512800.SH|513030.SH|513120.SH|513290.SH|513500.SH|518880.SH,0.7020620507336356,0.84582438159002,ucb
rolling_ucb_sampling,2022-07-01/2022-12-31,2023-01-01/2023-06-30,31,159865.SZ|159920.SZ|159981.SZ|159985.SZ|160644.SZ|161226.SZ|164824.SZ|510880.SH|513030.SH|513100.SH|513120.SH|515790.SH|518880.SH,0.8339464596954251,0.7805308310639488,ucb
rolling_ucb_sampling,2022-07-01/2022-12-31,2023-01-01/2023-06-30,32,159852.SZ|159967.SZ|159980.SZ|159981.SZ|160644.SZ|164824.SZ|501018.SH|510880.SH|513030.SH|513120.SH|513180.SH|513880.SH|518880.SH,0.2537104070235029,0.7768884409244624,ucb
rolling_ucb_sampling,2022-07-01/2022-12-31,2023-01-01/2023-06-30,33,159852.SZ|159928.SZ|159967.SZ|159985.SZ|160644.SZ|161226.SZ|164824.SZ|501018.SH|513080.SH|513100.SH|513120.SH|513180.SH|518880.SH,1.1122258702857053,0.7655141320931955,ucb
rolling_ucb_sampling,2022-07-01/2022-12-31,2023-01-01/2023-06-30,34,159920.SZ|159980.SZ|159981.SZ|159985.SZ|160644.SZ|164824.SZ|512980.SH|513030.SH|513100.SH|513120.SH|515210.SH|518880.SH|562500.SH,1.0984362298837178,0.7805308310639488,ucb
rolling_ucb_sampling,2022-07-01/2022-12-31,2023-01-01/2023-06-30,35,159985.SZ|160644.SZ|161226.SZ|501018.SH|512980.SH|513030.SH|513070.SH|513120.SH|513500.SH|513880.SH|515210.SH|515220.SH|518880.SH,-0.3281113539091216,0.84582438159002,ucb
rolling_ucb_sampling,2022-07-01/2022-12-31,2023-01-01/2023-06-30,36,159796.SZ|159981.SZ|159985.SZ|160644.SZ|164824.SZ|501018.SH|510050.SH|512980.SH|513100.SH|513120.SH|513180.SH|513290.SH|518880.SH,1.0649758322795537,0.7599788068936458,ucb
rolling_ucb_sampling,2022-07-01/2022-12-31,2023-01-01/2023-06-30,37,159611.SZ|159865.SZ|159870.SZ|159985.SZ|160644.SZ|161226.SZ|164824.SZ|501018.SH|513120.SH|513180.SH|513290.SH|513500.SH|518880.SH,0.6410189215951584,0.8066339524114409,ucb
rolling_ucb_sampling,2022-07-01/2022-12-31,2023-01-01/2023-06-30,38,159611.SZ|159981.SZ|159985.SZ|164824.SZ|501018.SH|510180.SH|512890.SH|513030.SH|513100.SH|513120.SH|513180.SH|513880.SH|518880.SH,0.3026849422782421,0.7805308310639488,ucb
rolling_ucb_sampling,2022-07-01/2022-12-31,2023-01-01/2023-06-30,39,159611.SZ|159766.SZ|159980.SZ|159981.SZ|159985.SZ|161226.SZ|164824.SZ|513030.SH|513100.SH|513120.SH|513180.SH|513290.SH|515210.SH,0.8075417974434626,0.7805308310639488,ucb
rolling_ucb_sampling,2022-07-01/2022-12-31,2023-01-01/2023-06-30,40,159981.SZ|159985.SZ|160644.SZ|164824.SZ|501018.SH|510180.SH|512890.SH|512980.SH|513030.SH|513120.SH|513180.SH|513500.SH|518880.SH,0.5240751403368674,0.84582438159002,ucb
rolling_ucb_sampling,2022-07-01/2022-12-31,2023-01-01/2023-06-30,41,159611.SZ|159865.SZ|159920.SZ|159981.SZ|159985.SZ|160644.SZ|161226.SZ|164824.SZ|513030.SH|513120.SH|513500.SH|515790.SH|518880.SH,0.12278134035414122,0.84582438159002,ucb
rolling_ucb_sampling,2022-07-01/2022-12-31,2023-01-01/2023-06-30,42,159920.SZ|159928.SZ|159980.SZ|159981.SZ|159985.SZ|160644.SZ|512200.SH|513030.SH|513100.SH|513120.SH|513880.SH|515790.SH|518880.SH,0.5879794864624531,0.7805308310639488,ucb
rolling_ucb_sampling,2022-07-01/2022-12-31,2023-01-01/2023-06-30,43,159796.SZ|159901.SZ|159980.SZ|159985.SZ|160644.SZ|161226.SZ|164824.SZ|501018.SH|512800.SH|513100.SH|513120.SH|513180.SH|513880.SH,0.2823097005501571,0.7520854374286099,ucb
rolling_ucb_sampling,2022-07-01/2022-12-31,2023-01-01/2023-06-30,44,159611.SZ|159852.SZ|159980.SZ|159981.SZ|159985.SZ|160644.SZ|164824.SZ|513080.SH|513120.SH|513180.SH|513290.SH|515880.SH|518880.SH,0.7563385856767646,0.7051191112834191,ucb
rolling_ucb_sampling,2022-07-01/2022-12-31,2023-01-01/2023-06-30,45,159869.SZ|159980.SZ|159981.SZ|159985.SZ|160644.SZ|161226.SZ|164824.SZ|510880.SH|512200.SH|513030.SH|513100.SH|513120.SH|513180.SH,0.9690640029191521,0.7805308310639488,ucb
rolling_ucb_sampling,2022-07-01/2022-12-31,2023-01-01/2023-06-30,46,159865.SZ|159980.SZ|159981.SZ|160644.SZ|501018.SH|512100.SH|513120.SH|513180.SH|513290.SH|513500.SH|513880.SH|515210.SH|518880.SH,-0.3146288545323186,0.8251090976449644,ucb
rolling_ucb_sampling,2022-07-01/2022-12-31,2023-01-01/2023-06-30,47,159928.SZ|159985.SZ|160644.SZ|161226.SZ|501018.SH|513030.SH|513100.SH|513120.SH|513180.SH|513880.SH|515880.SH|516150.SH|518880.SH,-0.13676361754523672,0.7805308310639488,ucb
rolling_ucb_sampling,2022-07-01/2022-12-31,2023-01-01/2023-06-30,48,159766.SZ|159870.SZ|159980.SZ|159981.SZ|160644.SZ|161226.SZ|164824.SZ|512200.SH|513070.SH|513100.SH|513120.SH|513880.SH|518880.SH,0.35670436088361795,0.7520854374286099,ucb
rolling_ucb_sampling,2022-07-01/2022-12-31,2023-01-01/2023-06-30,49,159796.SZ|159852.SZ|159980.SZ|159981.SZ|159985.SZ|160644.SZ|164824.SZ|513070.SH|513080.SH|513100.SH|513120.SH|515210.SH|518880.SH,1.3776674658830477,0.7655141320931955,ucb
rolling_ucb_sampling,2022-07-01/2022-12-31,2023-01-01/2023-06-30,50,159985.SZ|160644.SZ|161226.SZ|164824.SZ|501018.SH|510050.SH|510880.SH|512980.SH|513030.SH|513100.SH|513120.SH|513180.SH|518880.SH,0.6785039401209005,0.7805308310639488,ucb
rolling_ucb_sampling,2022-07-01/2022-12-31,2023-01-01/2023-06-30,51,159611.SZ|159981.SZ|159985.SZ|161226.SZ|164824.SZ|510180.SH|512200.SH|513030.SH|513070.SH|513100.SH|513120.SH|513290.SH|518880.SH,1.1734879166692653,0.7805308310639488,ucb
rolling_ucb_sampling,2022-07-01/2022-12-31,2023-01-01/2023-06-30,52,159611.SZ|159967.SZ|159980.SZ|159985.SZ|160644.SZ|161226.SZ|164824.SZ|501018.SH|510050.SH|513080.SH|513120.SH|513180.SH|513290.SH,0.7636897132754694,0.7051191112834191,ucb
rolling_ucb_sampling,2022-07-01/2022-12-31,2023-01-01/2023-06-30,53,159852.SZ|159901.SZ|159980.SZ|159981.SZ|159985.SZ|160644.SZ|161226.SZ|164824.SZ|510180.SH|513070.SH|513080.SH|513120.SH|513290.SH,1.1127474311608068,0.8738534541132639,ucb
rolling_ucb_sampling,2022-07-01/2022-12-31,2023-01-01/2023-06-30,54,159766.SZ|159796.SZ|159980.SZ|159981.SZ|161226.SZ|164824.SZ|513070.SH|513100.SH|513120.SH|513290.SH|513880.SH|516150.SH|518880.SH,-0.43975591436234185,0.7599788068936458,ucb
rolling_ucb_sampling,2022-07-01/2022-12-31,2023-01-01/2023-06-30,55,159611.SZ|159865.SZ|159920.SZ|159980.SZ|159981.SZ|159985.SZ|164824.SZ|513030.SH|513100.SH|513120.SH|513290.SH|518880.SH|588000.SH,0.21851097371957326,0.7805308310639488,ucb
rolling_ucb_sampling,2022-07-01/2022-12-31,2023-01-01/2023-06-30,56,159865.SZ|159980.SZ|159981.SZ|159985.SZ|161226.SZ|164824.SZ|512880.SH|513030.SH|513120.SH|513180.SH|513290.SH|513880.SH|515210.SH,0.8323607273597291,0.7768884409244624,ucb
rolling_ucb_sampling,2022-07-01/2022-12-31,2023-01-01/2023-06-30,57,159796.SZ|159981.SZ|159985.SZ|160644.SZ|161226.SZ|164824.SZ|501018.SH|512980.SH|513100.SH|513120.SH|513180.SH|513290.SH|515790.SH,0.8013188301705534,0.8482313278992691,ucb
rolling_ucb_sampling,2022-07-01/2022-12-31,2023-01-01/2023-06-30,58,159852.SZ|159920.SZ|159928.SZ|159985.SZ|160644.SZ|161226.SZ|164824.SZ|501018.SH|510180.SH|513030.SH|513120.SH|513500.SH|518880.SH,0.7637172560067172,0.84582438159002,ucb
rolling_ucb_sampling,2022-07-01/2022-12-31,2023-01-01/2023-06-30,59,159611.SZ|159869.SZ|159920.SZ|159949.SZ|159981.SZ|159985.SZ|160644.SZ|161226.SZ|513030.SH|513100.SH|513120.SH|513880.SH|518880.SH,0.02801593578060925,0.7805308310639488,ucb
rolling_ucb_sampling,2022-07-01/2022-12-31,2023-01-01/2023-06-30,60,159865.SZ|159869.SZ|159967.SZ|159981.SZ|159985.SZ|161226.SZ|164824.SZ|501018.SH|513030.SH|513070.SH|513120.SH|513290.SH|513500.SH,0.48403405480692696,0.84582438159002,ucb
rolling_ucb_sampling,2022-07-01/2022-12-31,2023-01-01/2023-06-30,61,159915.SZ|159928.SZ|159981.SZ|159985.SZ|160644.SZ|161226.SZ|164824.SZ|512170.SH|513030.SH|513120.SH|513180.SH|513880.SH|518880.SH,0.7642448551693071,0.7768884409244624,ucb
rolling_ucb_sampling,2022-07-01/2022-12-31,2023-01-01/2023-06-30,62,159825.SZ|159967.SZ|159980.SZ|159981.SZ|159985.SZ|160644.SZ|164824.SZ|510050.SH|513030.SH|513120.SH|513180.SH|513500.SH|518880.SH,0.6942429453170247,0.84582438159002,ucb
rolling_ucb_sampling,2022-07-01/2022-12-31,2023-01-01/2023-06-30,63,159766.SZ|159985.SZ|160644.SZ|161226.SZ|164824.SZ|501018.SH|510500.SH|513070.SH|513080.SH|513120.SH|513880.SH|518880.SH|562500.SH,1.1413606964979761,0.8020701325811442,ucb
rolling_ucb_sampling,2022-07-01/2022-12-31,2023-01-01/2023-06-30,64,159796.SZ|159825.SZ|159980.SZ|159985.SZ|160644.SZ|161226.SZ|501018.SH|510050.SH|513030.SH|513070.SH|513100.SH|513120.SH|513290.SH,0.5046101218738603,0.7805308310639488,ucb
rolling_ucb_sampling,2022-07-01/2022-12-31,2023-01-01/2023-06-30,65,159852.SZ|159981.SZ|161226.SZ|164824.SZ|501018.SH|513070.SH|513080.SH|513120.SH|513500.SH|513880.SH|515210.SH|518880.SH|562500.SH,0.3564278833191023,0.8316275404607769,ucb
rolling_ucb_sampling,2022-07-01/2022-12-31,2023-01-01/2023-06-30,66,159915.SZ|159981.SZ|159985.SZ|160644.SZ|161226.SZ|501018.SH|512100.SH|513030.SH|513070.SH|513120.SH|513500.SH|513880.SH|516150.SH,3.24219402512471e-05,0.8826346808446377,ucb
rolling_ucb_sampling,2022-07-01/2022-12-31,2023-01-01/2023-06-30,67,159852.SZ|159915.SZ|159920.SZ|159980.SZ|159981.SZ|159985.SZ|160644.SZ|164824.SZ|512100.SH|513080.SH|513100.SH|513120.SH|518880.SH,1.2113876653566857,0.8459312539501147,ucb
rolling_ucb_sampling,2022-07-01/2022-12-31,2023-01-01/2023-06-30,68,159611.SZ|159981.SZ|159985.SZ|160644.SZ|161226.SZ|164824.SZ|501018.SH|512200.SH|513070.SH|513080.SH|513120.SH|513500.SH|515790.SH,0.011365194034630327,0.8316275404607769,ucb
rolling_ucb_sampling,2022-07-01/2022-12-31,2023-01-01/2023-06-30,69,159915.SZ|159980.SZ|159981.SZ|159985.SZ|160644.SZ|161226.SZ|164824.SZ|512980.SH|513100.SH|513120.SH|513180.SH|513880.SH|515210.SH,1.2370710745952598,0.7520854374286099,ucb
rolling_ucb_sampling,2022-07-01/2022-12-31,2023-01-01/2023-06-30,70,159928.SZ|159980.SZ|159981.SZ|159985.SZ|510880.SH|513080.SH|513120.SH|513180.SH|513290.SH|513500.SH|513880.SH|518880.SH|588000.SH,0.25134422667909123,0.8316275404607769,ucb
rolling_ucb_sampling,2022-07-01/2022-12-31,2023-01-01/2023-06-30,71,159825.SZ|159851.SZ|159915.SZ|159980.SZ|159981.SZ|161226.SZ|164824.SZ|501018.SH|513070.SH|513100.SH|513120.SH|513290.SH|513880.SH,-0.06275074976440628,0.7599788068936458,ucb
rolling_ucb_sampling,2022-07-01/2022-12-31,2023-01-01/2023-06-30,72,159920.SZ|159980.SZ|159985.SZ|160644.SZ|161226.SZ|510500.SH|512800.SH|513080.SH|513120.SH|513500.SH|513880.SH|518880.SH|562500.SH,0.15029736456797071,0.8316275404607769,ucb
rolling_ucb_sampling,2022-07-01/2022-12-31,2023-01-01/2023-06-30,73,159852.SZ|159865.SZ|159981.SZ|159985.SZ|161226.SZ|164824.SZ|501018.SH|512980.SH|513030.SH|513070.SH|513120.SH|513290.SH|513880.SH,1.2354129539855057,0.7768884409244624,ucb
rolling_ucb_sampling,2022-07-01/2022-12-31,2023-01-01/2023-06-30,74,159980.SZ|159985.SZ|160644.SZ|161226.SZ|510180.SH|510500.SH|512980.SH|513030.SH|513070.SH|513120.SH|513500.SH|513880.SH|518880.SH,-0.36900293519038935,0.84582438159002,ucb
rolling_ucb_sampling,2022-07-01/2022-12-31,2023-01-01/2023-06-30,75,159920.SZ|159980.SZ|160644.SZ|161226.SZ|501018.SH|512800.SH|513030.SH|513100.SH|513120.SH|513290.SH|515210.SH|515220.SH|518880.SH,-0.019776366054928357,0.7805308310639488,ucb
rolling_ucb_sampling,2022-07-01/2022-12-31,2023-01-01/2023-06-30,76,159766.SZ|159920.SZ|159980.SZ|160644.SZ|161226.SZ|164824.SZ|501018.SH|510210.SH|513100.SH|513120.SH|513290.SH|518880.SH|562500.SH,0.20892820783751465,0.7599788068936458,ucb
rolling_ucb_sampling,2022-07-01/2022-12-31,2023-01-01/2023-06-30,77,159852.SZ|159870.SZ|159915.SZ|159981.SZ|159985.SZ|160644.SZ|161226.SZ|501018.SH|513030.SH|513070.SH|513100.SH|513120.SH|513290.SH,0.4077214786524486,0.7805308310639488,ucb
rolling_ucb_sampling,2022-07-01/2022-12-31,2023-01-01/2023-06-30,78,159852.SZ|159967.SZ|159980.SZ|159981.SZ|159985.SZ|160644.SZ|164824.SZ|510880.SH|513070.SH|513100.SH|513120.SH|513880.SH|518880.SH,1.3822844789154536,0.7520854374286099,ucb
rolling_ucb_sampling,2022-07-01/2022-12-31,2023-01-01/2023-06-30,79,159920.SZ|159980.SZ|159981.SZ|159985.SZ|160644.SZ|161226.SZ|164824.SZ|510300.SH|512890.SH|512980.SH|513100.SH|513120.SH|513880.SH,0.8910577423881018,0.7520854374286099,ucb
rolling_ucb_sampling,2022-07-01/2022-12-31,2023-01-01/2023-06-30,80,159865.SZ|159920.SZ|159981.SZ|159985.SZ|160644.SZ|161226.SZ|164824.SZ|510300.SH|513030.SH|513120.SH|513290.SH|515880.SH|518880.SH,0.6033084129780351,0.7050666337742449,ucb
rolling_ucb_sampling,2022-07-01/2022-12-31,2023-01-01/2023-06-30,81,159870.SZ|159920.SZ|159980.SZ|159985.SZ|160644.SZ|164824.SZ|501018.SH|512100.SH|512880.SH|513120.SH|513290.SH|513880.SH|518880.SH,-0.029174804612583455,0.7939262010391281,ucb
rolling_ucb_sampling,2022-07-01/2022-12-31,2023-01-01/2023-06-30,82,159852.SZ|159981.SZ|159985.SZ|160644.SZ|501018.SH|512040.SH|512400.SH|513030.SH|513100.SH|513120.SH|513180.SH|513880.SH|518880.SH,0.571227503685948,0.7805308310639488,ucb
rolling_ucb_sampling,2022-07-01/2022-12-31,2023-01-01/2023-06-30,83,159851.SZ|159901.SZ|159981.SZ|159985.SZ|161226.SZ|164824.SZ|512400.SH|513030.SH|513070.SH|513100.SH|513120.SH|513290.SH|518880.SH,0.6102668202526008,0.7805308310639488,ucb
rolling_ucb_sampling,2022-07-01/2022-12-31,2023-01-01/2023-06-30,84,159611.SZ|159869.SZ|159920.SZ|159980.SZ|159981.SZ|159985.SZ|161226.SZ|164824.SZ|510210.SH|513030.SH|513100.SH|513120.SH|513290.SH,0.5536951760744059,0.7805308310639488,ucb
rolling_ucb_sampling,2022-07-01/2022-12-31,2023-01-01/2023-06-30,85,159915.SZ|159980.SZ|159981.SZ|159985.SZ|160644.SZ|164824.SZ|510180.SH|513120.SH|513180.SH|513500.SH|513880.SH|516150.SH|518880.SH,0.9274178070832952,0.8251090976449644,ucb
rolling_ucb_sampling,2022-07-01/2022-12-31,2023-01-01/2023-06-30,86,159870.SZ|159980.SZ|159981.SZ|159985.SZ|160644.SZ|161226.SZ|512200.SH|513030.SH|513070.SH|513120.SH|513500.SH|513880.SH|562500.SH,0.2299729265188729,0.84582438159002,ucb
rolling_ucb_sampling,2022-07-01/2022-12-31,2023-01-01/2023-06-30,87,159796.SZ|159852.SZ|159980.SZ|159985.SZ|161226.SZ|164824.SZ|513080.SH|513120.SH|513180.SH|513290.SH|513500.SH|518880.SH|562500.SH,0.9821430407102267,0.8316275404607769,ucb
rolling_ucb_sampling,2022-07-01/2022-12-31,2023-01-01/2023-06-30,88,159928.SZ|159980.SZ|159981.SZ|159985.SZ|160644.SZ|501018.SH|510300.SH|513100.SH|513120.SH|513180.SH|513290.SH|513880.SH|515210.SH,0.5019411870901026,0.8071568304376469,ucb
rolling_ucb_sampling,2022-07-01/2022-12-31,2023-01-01/2023-06-30,89,159852.SZ|159981.SZ|159985.SZ|160644.SZ|161226.SZ|510880.SH|512200.SH|513030.SH|513120.SH|513180.SH|513290.SH|513880.SH|518880.SH,0.9004840415937814,0.7770406934839836,ucb
rolling_ucb_sampling,2022-07-01/2022-12-31,2023-01-01/2023-06-30,90,159766.SZ|159981.SZ|159985.SZ|160644.SZ|161226.SZ|164824.SZ|512170.SH|513070.SH|513100.SH|513120.SH|513290.SH|515790.SH|518880.SH,0.8851000873510911,0.7599788068936458,ucb
rolling_ucb_sampling,2022-07-01/2022-12-31,2023-01-01/2023-06-30,91,159852.SZ|159865.SZ|159980.SZ|159985.SZ|160644.SZ|164824.SZ|501018.SH|512890.SH|513030.SH|513100.SH|513120.SH|513180.SH|518880.SH,0.9416928465669284,0.7805308310639488,ucb
rolling_ucb_sampling,2022-07-01/2022-12-31,2023-01-01/2023-06-30,92,159825.SZ|159980.SZ|159981.SZ|159985.SZ|160644.SZ|161226.SZ|164824.SZ|510050.SH|513030.SH|513070.SH|513100.SH|513120.SH|515220.SH,1.1291425665173842,0.7805308310639488,ucb
rolling_ucb_sampling,2022-07-01/2022-12-31,2023-01-01/2023-06-30,93,159865.SZ|159915.SZ|159980.SZ|159981.SZ|159985.SZ|164824.SZ|512200.SH|513030.SH|513100.SH|513120.SH|513180.SH|513290.SH|518880.SH,0.8287606518732084,0.7805308310639488,ucb
rolling_ucb_sampling,2022-07-01/2022-12-31,2023-01-01/2023-06-30,94,159980.SZ|159981.SZ|161226.SZ|164824.SZ|510880.SH|512100.SH|512800.SH|513030.SH|513070.SH|513100.SH|513120.SH|513880.SH|518880.SH,0.3464625353384515,0.7805308310639488,ucb
rolling_ucb_sampling,2022-07-01/2022-12-31,2023-01-01/2023-06-30,95,159915.SZ|159920.SZ|159981.SZ|159985.SZ|161226.SZ|501018.SH|510880.SH|512800.SH|513080.SH|513120.SH|513290.SH|513500.SH|513880.SH,0.2481429707723801,0.8316275404607769,ucb
rolling_ucb_sampling,2022-07-01/2022-12-31,2023-01-01/2023-06-30,96,159611.SZ|159851.SZ|159869.SZ|159985.SZ|160644.SZ|161226.SZ|164824.SZ|501018.SH|513030.SH|513120.SH|513180.SH|513290.SH|518880.SH,0.32184904778655954,0.7051191112834191,ucb
rolling_ucb_sampling,2022-07-01/2022-12-31,2023-01-01/2023-06-30,97,159825.SZ|159985.SZ|161226.SZ|164824.SZ|501018.SH|510210.SH|512100.SH|513070.SH|513080.SH|513100.SH|513120.SH|513880.SH|518880.SH,0.6332778575987613,0.8020701325811442,ucb
rolling_ucb_sampling,2022-07-01/2022-12-31,2023-01-01/2023-06-30,98,159920.SZ|159981.SZ|160644.SZ|161226.SZ|501018.SH|510210.SH|513030.SH|513100.SH|513120.SH|513880.SH|515210.SH|515220.SH|518880.SH,-0.23608224381020207,0.7805308310639488,ucb
rolling_ucb_sampling,2022-07-01/2022-12-31,2023-01-01/2023-06-30,99,159981.SZ|159985.SZ|161226.SZ|512400.SH|512880.SH|512980.SH|513030.SH|513100.SH|513120.SH|513180.SH|513290.SH|513880.SH|518880.SH,0.5866481114292713,0.7805308310639488,ucb
rolling_ucb_sampling,2022-07-01/2022-12-31,2023-01-01/2023-06-30,100,159980.SZ|159981.SZ|159985.SZ|160644.SZ|501018.SH|512200.SH|512890.SH|513080.SH|513120.SH|513180.SH|513290.SH|513880.SH|515790.SH,-0.021906472201553503,0.8020701325811442,ucb
rolling_ucb_sampling,2023-01-01/2023-06-30,2023-07-01/2023-12-31,1,159980.SZ|159981.SZ|159985.SZ|501018.SH|512100.SH|512200.SH|512800.SH|513030.SH|513070.SH|513100.SH|513120.SH|513290.SH|513310.SH,0.37071477636860406,0.6186640087669161,warmup
rolling_ucb_sampling,2023-01-01/2023-06-30,2023-07-01/2023-12-31,2,159687.SZ|159928.SZ|159985.SZ|161226.SZ|164824.SZ|501018.SH|512170.SH|512880.SH|513030.SH|513120.SH|513180.SH|513500.SH|518880.SH,1.002093325023398,0.6871488226207012,warmup
rolling_ucb_sampling,2023-01-01/2023-06-30,2023-07-01/2023-12-31,3,159851.SZ|159981.SZ|159985.SZ|160644.SZ|501018.SH|510500.SH|513070.SH|513080.SH|513120.SH|513290.SH|513500.SH|515790.SH|518880.SH,1.123322174323204,0.6717973155865423,warmup
rolling_ucb_sampling,2023-01-01/2023-06-30,2023-07-01/2023-12-31,4,159865.SZ|159920.SZ|159980.SZ|159981.SZ|159985.SZ|160644.SZ|161226.SZ|164824.SZ|512040.SH|512200.SH|513120.SH|513500.SH|513880.SH,1.4381942209437912,0.6370400785873382,warmup
rolling_ucb_sampling,2023-01-01/2023-06-30,2023-07-01/2023-12-31,5,159852.SZ|159870.SZ|159980.SZ|159981.SZ|160644.SZ|501018.SH|510050.SH|513100.SH|513120.SH|513180.SH|513290.SH|513500.SH|518880.SH,1.590727587649082,0.8866258135554016,warmup
rolling_ucb_sampling,2023-01-01/2023-06-30,2023-07-01/2023-12-31,6,159687.SZ|159920.SZ|159981.SZ|159985.SZ|501018.SH|510500.SH|512890.SH|513070.SH|513080.SH|513310.SH|513880.SH|518880.SH|588000.SH,2.0531089121530264,0.9035245733924316,warmup
rolling_ucb_sampling,2023-01-01/2023-06-30,2023-07-01/2023-12-31,7,159687.SZ|159796.SZ|159825.SZ|159915.SZ|159981.SZ|159985.SZ|160644.SZ|161226.SZ|513070.SH|513080.SH|513120.SH|513500.SH|518880.SH,1.435052880673194,0.772441473969004,warmup
rolling_ucb_sampling,2023-01-01/2023-06-30,2023-07-01/2023-12-31,8,159687.SZ|159852.SZ|159920.SZ|159980.SZ|159985.SZ|161226.SZ|164824.SZ|510050.SH|513070.SH|513100.SH|513310.SH|518880.SH|588200.SH,3.318539915463469,0.9035245733924316,warmup
rolling_ucb_sampling,2023-01-01/2023-06-30,2023-07-01/2023-12-31,9,159980.SZ|159985.SZ|161226.SZ|164824.SZ|510300.SH|512200.SH|513030.SH|513070.SH|513080.SH|513100.SH|513120.SH|515210.SH|518880.SH,1.8030297809264912,0.9096396735534105,warmup
rolling_ucb_sampling,2023-01-01/2023-06-30,2023-07-01/2023-12-31,10,159687.SZ|159920.SZ|159949.SZ|159981.SZ|159985.SZ|161226.SZ|164824.SZ|512890.SH|513080.SH|513120.SH|513880.SH|515210.SH|518880.SH,2.09587402586134,0.6995802811180952,warmup
rolling_ucb_sampling,2023-01-01/2023-06-30,2023-07-01/2023-12-31,11,159687.SZ|159980.SZ|159981.SZ|160644.SZ|161226.SZ|501018.SH|510050.SH|512170.SH|513120.SH|513180.SH|513310.SH|513500.SH|515210.SH,-0.19741067344554294,0.6606311648779111,warmup
rolling_ucb_sampling,2023-01-01/2023-06-30,2023-07-01/2023-12-31,12,159967.SZ|159981.SZ|161226.SZ|164824.SZ|501018.SH|510300.SH|512400.SH|513070.SH|513080.SH|513100.SH|513120.SH|513500.SH|518880.SH,2.026196722212979,0.8866258135554016,warmup
rolling_ucb_sampling,2023-01-01/2023-06-30,2023-07-01/2023-12-31,13,159687.SZ|159980.SZ|159985.SZ|164824.SZ|501018.SH|510210.SH|512660.SH|513030.SH|513070.SH|513120.SH|513290.SH|515880.SH|518880.SH,2.6887235756698558,0.606544851705029,warmup
rolling_ucb_sampling,2023-01-01/2023-06-30,2023-07-01/2023-12-31,14,159611.SZ|159825.SZ|159981.SZ|159985.SZ|160644.SZ|164824.SZ|501018.SH|510300.SH|513070.SH|513120.SH|513290.SH|513500.SH|518880.SH,0.5268680767576227,0.5716497176954507,warmup
rolling_ucb_sampling,2023-01-01/2023-06-30,2023-07-01/2023-12-31,15,159865.SZ|159980.SZ|159985.SZ|160644.SZ|501018.SH|512800.SH|513080.SH|513100.SH|513120.SH|513180.SH|513310.SH|515790.SH|518880.SH,0.8613299824717009,0.560103773549188,warmup
rolling_ucb_sampling,2023-01-01/2023-06-30,2023-07-01/2023-12-31,16,159687.SZ|159980.SZ|159981.SZ|159985.SZ|161226.SZ|510210.SH|512400.SH|513030.SH|513080.SH|513120.SH|513180.SH|513290.SH|588200.SH,0.9932960789903214,0.9096396735534105,warmup
rolling_ucb_sampling,2023-01-01/2023-06-30,2023-07-01/2023-12-31,17,159611.SZ|159920.SZ|159980.SZ|159981.SZ|160644.SZ|164824.SZ|501018.SH|510500.SH|512890.SH|513120.SH|513290.SH|513500.SH|518880.SH,1.6532924360409844,0.6186640087669161,warmup
rolling_ucb_sampling,2023-01-01/2023-06-30,2023-07-01/2023-12-31,18,159611.SZ|159920.SZ|159985.SZ|160644.SZ|161226.SZ|501018.SH|510300.SH|513180.SH|513290.SH|513500.SH|513880.SH|515210.SH|518880.SH,1.2069799153549825,0.8931243278220744,warmup
rolling_ucb_sampling,2023-01-01/2023-06-30,2023-07-01/2023-12-31,19,159687.SZ|159870.SZ|159915.SZ|159920.SZ|159981.SZ|159985.SZ|161226.SZ|164824.SZ|513120.SH|513500.SH|513880.SH|515790.SH|518880.SH,2.0349866402560615,0.6995802811180952,warmup
rolling_ucb_sampling,2023-01-01/2023-06-30,2023-07-01/2023-12-31,20,159687.SZ|159920.SZ|159980.SZ|159981.SZ|159985.SZ|164824.SZ|501018.SH|512100.SH|513070.SH|513080.SH|513880.SH|515790.SH|562500.SH,0.9643096556142353,0.9035245733924316,warmup
rolling_ucb_sampling,2023-01-01/2023-06-30,2023-07-01/2023-12-31,21,159852.SZ|159949.SZ|159980.SZ|159981.SZ|161226.SZ|164824.SZ|512660.SH|513030.SH|513100.SH|513120.SH|513180.SH|513880.SH|518880.SH,3.3031699791986564,0.6871488226207012,ucb
rolling_ucb_sampling,2023-01-01/2023-06-30,2023-07-01/2023-12-31,22,159852.SZ|159920.SZ|159980.SZ|161226.SZ|501018.SH|512660.SH|513030.SH|513070.SH|513100.SH|513310.SH|513880.SH|515880.SH|518880.SH,2.8260306739904877,0.9035245733924316,ucb
rolling_ucb_sampling,2023-01-01/2023-06-30,2023-07-01/2023-12-31,23,159920.SZ|159980.SZ|161226.SZ|164824.SZ|501018.SH|513030.SH|513120.SH|513290.SH|513880.SH|515880.SH|518880.SH|588000.SH|588200.SH,2.4837218122847062,0.9021275335766116,ucb
rolling_ucb_sampling,2023-01-01/2023-06-30,2023-07-01/2023-12-31,24,159687.SZ|159920.SZ|159949.SZ|159980.SZ|161226.SZ|501018.SH|512660.SH|513080.SH|513100.SH|513180.SH|513880.SH|518880.SH|588200.SH,1.8182005398294676,0.8931243278220744,ucb
rolling_ucb_sampling,2023-01-01/2023-06-30,2023-07-01/2023-12-31,25,159852.SZ|159920.SZ|159949.SZ|159967.SZ|159980.SZ|159981.SZ|161226.SZ|164824.SZ|513030.SH|513070.SH|513100.SH|513310.SH|518880.SH,3.023748745828457,0.9035245733924316,ucb
rolling_ucb_sampling,2023-01-01/2023-06-30,2023-07-01/2023-12-31,26,159687.SZ|159920.SZ|159949.SZ|159967.SZ|159980.SZ|159981.SZ|159985.SZ|513030.SH|513070.SH|513310.SH|513880.SH|515880.SH|518880.SH,2.0064690639147416,0.9035245733924316,ucb
rolling_ucb_sampling,2023-01-01/2023-06-30,2023-07-01/2023-12-31,27,159920.SZ|159949.SZ|159967.SZ|159980.SZ|159981.SZ|159985.SZ|161226.SZ|164824.SZ|512660.SH|513030.SH|513120.SH|513290.SH|513880.SH,1.3618106787236628,0.876915419407552,ucb
rolling_ucb_sampling,2023-01-01/2023-06-30,2023-07-01/2023-12-31,28,159920.SZ|159949.SZ|159980.SZ|159981.SZ|159985.SZ|512660.SH|513030.SH|513070.SH|513080.SH|513500.SH|513880.SH|515880.SH|518880.SH,3.460473726657397,0.9096396735534105,ucb
rolling_ucb_sampling,2023-01-01/2023-06-30,2023-07-01/2023-12-31,29,159687.SZ|159852.SZ|159920.SZ|159980.SZ|159985.SZ|161226.SZ|164824.SZ|510210.SH|513030.SH|513070.SH|513100.SH|518880.SH|588000.SH,2.69215288193475,0.9035245733924316,ucb
rolling_ucb_sampling,2023-01-01/2023-06-30,2023-07-01/2023-12-31,30,159687.SZ|159915.SZ|159920.SZ|159980.SZ|159981.SZ|161226.SZ|513030.SH|513070.SH|513080.SH|513880.SH|518880.SH|588000.SH|588200.SH,2.003016580840161,0.9096396735534105,ucb
rolling_ucb_sampling,2023-01-01/2023-06-30,2023-07-01/2023-12-31,31,159852.SZ|159920.SZ|159949.SZ|159981.SZ|159985.SZ|161226.SZ|513080.SH|513120.SH|513310.SH|513500.SH|513880.SH|515880.SH|518880.SH,2.35730483586426,0.7106873422882997,ucb
rolling_ucb_sampling,2023-01-01/2023-06-30,2023-07-01/2023-12-31,32,159852.SZ|159920.SZ|159981.SZ|159985.SZ|161226.SZ|164824.SZ|512400.SH|512660.SH|513030.SH|513100.SH|513180.SH|513880.SH|518880.SH,3.286033518584251,0.8931243278220744,ucb
rolling_ucb_sampling,2023-01-01/2023-06-30,2023-07-01/2023-12-31,33,159852.SZ|159920.SZ|159980.SZ|161226.SZ|164824.SZ|501018.SH|512040.SH|513030.SH|513070.SH|513080.SH|513100.SH|515880.SH|518880.SH,3.284768208077605,0.9096396735534105,ucb
rolling_ucb_sampling,2023-01-01/2023-06-30,2023-07-01/2023-12-31,34,159687.SZ|159870.SZ|159920.SZ|159981.SZ|159985.SZ|161226.SZ|512400.SH|513070.SH|513080.SH|513100.SH|513880.SH|518880.SH|588000.SH,1.7560590744084572,0.9035245733924316,ucb
rolling_ucb_sampling,2023-01-01/2023-06-30,2023-07-01/2023-12-31,35,159687.SZ|159920.SZ|159949.SZ|159980.SZ|159985.SZ|161226.SZ|510500.SH|512890.SH|513030.SH|513070.SH|513080.SH|513100.SH|518880.SH,1.9756574807128058,0.9096396735534105,ucb
rolling_ucb_sampling,2023-01-01/2023-06-30,2023-07-01/2023-12-31,36,159920.SZ|159928.SZ|159980.SZ|159985.SZ|161226.SZ|512040.SH|513030.SH|513070.SH|513080.SH|513100.SH|513290.SH|518880.SH|588000.SH,2.0781221129312164,0.9096396735534105,ucb
rolling_ucb_sampling,2023-01-01/2023-06-30,2023-07-01/2023-12-31,37,159920.SZ|159980.SZ|159981.SZ|161226.SZ|164824.SZ|510210.SH|512400.SH|512660.SH|513030.SH|513070.SH|513080.SH|513310.SH|518880.SH,1.1577843792821765,0.9096396735534105,ucb
rolling_ucb_sampling,2023-01-01/2023-06-30,2023-07-01/2023-12-31,38,159852.SZ|159920.SZ|159981.SZ|159985.SZ|161226.SZ|164824.SZ|510500.SH|513030.SH|513070.SH|513310.SH|513880.SH|518880.SH|588200.SH,2.4283159182712644,0.9035245733924316,ucb
rolling_ucb_sampling,2023-01-01/2023-06-30,2023-07-01/2023-12-31,39,159687.SZ|159796.SZ|159915.SZ|159920.SZ|159980.SZ|159981.SZ|159985.SZ|513030.SH|513100.SH|513120.SH|513880.SH|515880.SH|518880.SH,2.9703756504938865,0.772441473969004,ucb
rolling_ucb_sampling,2023-01-01/2023-06-30,2023-07-01/2023-12-31,40,159687.SZ|159796.SZ|159920.SZ|159985.SZ|161226.SZ|501018.SH|512890.SH|513070.SH|513310.SH|513500.SH|513880.SH|515880.SH|518880.SH,3.2019221888321976,0.9035245733924316,ucb
rolling_ucb_sampling,2023-01-01/2023-06-30,2023-07-01/2023-12-31,41,159687.SZ|159796.SZ|159852.SZ|159920.SZ|159980.SZ|159985.SZ|161226.SZ|164824.SZ|501018.SH|512200.SH|513180.SH|513310.SH|513880.SH,0.8306716089821046,0.8931243278220744,ucb
rolling_ucb_sampling,2023-01-01/2023-06-30,2023-07-01/2023-12-31,42,159870.SZ|159920.SZ|159980.SZ|159985.SZ|161226.SZ|164824.SZ|501018.SH|512040.SH|513030.SH|513100.SH|513180.SH|513880.SH|515880.SH,2.3957425955711975,0.8931243278220744,ucb
rolling_ucb_sampling,2023-01-01/2023-06-30,2023-07-01/2023-12-31,43,159920.SZ|159980.SZ|159981.SZ|159985.SZ|164824.SZ|512040.SH|512400.SH|513030.SH|513100.SH|513120.SH|513880.SH|515880.SH|518880.SH,3.5751785011172017,0.6186640087669161,ucb
rolling_ucb_sampling,2023-01-01/2023-06-30,2023-07-01/2023-12-31,44,159687.SZ|159920.SZ|159981.SZ|159985.SZ|161226.SZ|512040.SH|513030.SH|513100.SH|513180.SH|513880.SH|515880.SH|518880.SH|588200.SH,3.6615934370257257,0.8931243278220744,ucb
rolling_ucb_sampling,2023-01-01/2023-06-30,2023-07-01/2023-12-31,45,159870.SZ|159920.SZ|159980.SZ|159981.SZ|161226.SZ|512040.SH|513070.SH|513080.SH|513100.SH|513290.SH|513310.SH|515880.SH|518880.SH,2.8147769125032975,0.9035245733924316,ucb
rolling_ucb_sampling,2023-01-01/2023-06-30,2023-07-01/2023-12-31,46,159915.SZ|159920.SZ|159981.SZ|159985.SZ|161226.SZ|501018.SH|512400.SH|513030.SH|513100.SH|513120.SH|513310.SH|513500.SH|515880.SH,1.554573543305378,0.8866258135554016,ucb
rolling_ucb_sampling,2023-01-01/2023-06-30,2023-07-01/2023-12-31,47,159851.SZ|159981.SZ|159985.SZ|161226.SZ|512040.SH|512890.SH|513030.SH|513070.SH|513080.SH|513100.SH|513120.SH|513880.SH|518880.SH,3.040044739417886,0.9096396735534105,ucb
rolling_ucb_sampling,2023-01-01/2023-06-30,2023-07-01/2023-12-31,48,159920.SZ|159949.SZ|159967.SZ|159980.SZ|159981.SZ|161226.SZ|510500.SH|513030.SH|513070.SH|513080.SH|513100.SH|513880.SH|518880.SH,1.6487678468160258,0.9096396735534105,ucb
rolling_ucb_sampling,2023-01-01/2023-06-30,2023-07-01/2023-12-31,49,159852.SZ|159920.SZ|159980.SZ|161226.SZ|164824.SZ|501018.SH|513030.SH|513070.SH|513100.SH|513880.SH|515210.SH|515880.SH|518880.SH,3.582644358399234,0.9035245733924316,ucb
rolling_ucb_sampling,2023-01-01/2023-06-30,2023-07-01/2023-12-31,50,159920.SZ|159928.SZ|159980.SZ|159981.SZ|159985.SZ|161226.SZ|164824.SZ|512040.SH|513030.SH|513080.SH|513180.SH|513880.SH|515880.SH,2.4758187036339443,0.9096396735534105,ucb
rolling_ucb_sampling,2023-01-01/2023-06-30,2023-07-01/2023-12-31,51,159852.SZ|159967.SZ|159981.SZ|159985.SZ|160644.SZ|161226.SZ|501018.SH|513030.SH|513070.SH|513080.SH|513120.SH|513880.SH|515880.SH,1.9630697236742936,0.9096396735534105,ucb
rolling_ucb_sampling,2023-01-01/2023-06-30,2023-07-01/2023-12-31,52,159920.SZ|159980.SZ|159985.SZ|161226.SZ|164824.SZ|512040.SH|513030.SH|513080.SH|513100.SH|513180.SH|518880.SH|562500.SH|588200.SH,2.337434367289095,0.9096396735534105,ucb
rolling_ucb_sampling,2023-01-01/2023-06-30,2023-07-01/2023-12-31,53,159687.SZ|159920.SZ|159980.SZ|159981.SZ|161226.SZ|510210.SH|513100.SH|513120.SH|513290.SH|513880.SH|515880.SH|518880.SH|588200.SH,2.9477569953106935,0.6995802811180952,ucb
rolling_ucb_sampling,2023-01-01/2023-06-30,2023-07-01/2023-12-31,54,159687.SZ|159851.SZ|159920.SZ|159985.SZ|161226.SZ|501018.SH|512040.SH|512890.SH|513030.SH|513070.SH|513080.SH|513880.SH|518880.SH,2.436260001993473,0.9096396735534105,ucb
rolling_ucb_sampling,2023-01-01/2023-06-30,2023-07-01/2023-12-31,55,159796.SZ|159920.SZ|159928.SZ|159980.SZ|159985.SZ|164824.SZ|501018.SH|513070.SH|513100.SH|513500.SH|513880.SH|518880.SH|588200.SH,2.827827390730924,0.9035245733924316,ucb
rolling_ucb_sampling,2023-01-01/2023-06-30,2023-07-01/2023-12-31,56,159915.SZ|159980.SZ|159985.SZ|161226.SZ|164824.SZ|512660.SH|512890.SH|513030.SH|513070.SH|513100.SH|513120.SH|513310.SH|518880.SH,2.6107393669174543,0.6871488226207012,ucb
rolling_ucb_sampling,2023-01-01/2023-06-30,2023-07-01/2023-12-31,57,159687.SZ|159796.SZ|159949.SZ|159980.SZ|161226.SZ|501018.SH|513030.SH|513070.SH|513100.SH|513120.SH|513880.SH|515880.SH|518880.SH,3.447752959280767,0.8274142909398361,ucb
rolling_ucb_sampling,2023-01-01/2023-06-30,2023-07-01/2023-12-31,58,159920.SZ|159967.SZ|159980.SZ|159981.SZ|161226.SZ|512040.SH|513030.SH|513070.SH|513080.SH|513100.SH|513310.SH|515880.SH|518880.SH,2.5414367182517106,0.9096396735534105,ucb
rolling_ucb_sampling,2023-01-01/2023-06-30,2023-07-01/2023-12-31,59,159920.SZ|159980.SZ|159985.SZ|161226.SZ|510210.SH|512890.SH|513030.SH|513070.SH|513100.SH|513310.SH|513880.SH|518880.SH|588000.SH,2.6835857005268804,0.9035245733924316,ucb
rolling_ucb_sampling,2023-01-01/2023-06-30,2023-07-01/2023-12-31,60,159920.SZ|159980.SZ|159981.SZ|164824.SZ|501018.SH|512040.SH|512660.SH|513030.SH|513070.SH|513100.SH|513500.SH|515880.SH|518880.SH,2.540108289930654,0.9035245733924316,ucb
rolling_ucb_sampling,2023-01-01/2023-06-30,2023-07-01/2023-12-31,61,159851.SZ|159920.SZ|159980.SZ|159981.SZ|161226.SZ|512040.SH|513030.SH|513100.SH|513180.SH|513310.SH|513880.SH|518880.SH|562500.SH,1.834218273169358,0.8931243278220744,ucb
rolling_ucb_sampling,2023-01-01/2023-06-30,2023-07-01/2023-12-31,62,159687.SZ|159796.SZ|159920.SZ|159980.SZ|161226.SZ|501018.SH|513030.SH|513070.SH|513100.SH|513310.SH|518880.SH|588000.SH|588200.SH,2.0874278080438113,0.9035245733924316,ucb
rolling_ucb_sampling,2023-01-01/2023-06-30,2023-07-01/2023-12-31,63,159687.SZ|159920.SZ|159985.SZ|161226.SZ|164824.SZ|501018.SH|510210.SH|512040.SH|513030.SH|513070.SH|513500.SH|515210.SH|518880.SH,1.5596694246503577,0.9035245733924316,ucb
rolling_ucb_sampling,2023-01-01/2023-06-30,2023-07-01/2023-12-31,64,159687.SZ|159870.SZ|159920.SZ|159980.SZ|159985.SZ|161226.SZ|164824.SZ|512660.SH|513070.SH|513100.SH|513880.SH|515880.SH|518880.SH,3.6184364424277944,0.9035245733924316,ucb
rolling_ucb_sampling,2023-01-01/2023-06-30,2023-07-01/2023-12-31,65,159915.SZ|159920.SZ|159981.SZ|159985.SZ|161226.SZ|164824.SZ|501018.SH|513030.SH|513100.SH|513120.SH|513880.SH|515880.SH|588000.SH,2.916864004780872,0.6735093400484425,ucb
rolling_ucb_sampling,2023-01-01/2023-06-30,2023-07-01/2023-12-31,66,159687.SZ|159870.SZ|159980.SZ|159985.SZ|161226.SZ|164824.SZ|513030.SH|513070.SH|513080.SH|513120.SH|515880.SH|518880.SH|588000.SH,3.081916063644864,0.9096396735534105,ucb
rolling_ucb_sampling,2023-01-01/2023-06-30,2023-07-01/2023-12-31,67,159687.SZ|159870.SZ|159920.SZ|159981.SZ|159985.SZ|161226.SZ|510180.SH|513030.SH|513070.SH|513100.SH|513880.SH|518880.SH|588000.SH,2.0710004220660254,0.9035245733924316,ucb
rolling_ucb_sampling,2023-01-01/2023-06-30,2023-07-01/2023-12-31,68,159920.SZ|159949.SZ|159980.SZ|159985.SZ|161226.SZ|512040.SH|513030.SH|513070.SH|513080.SH|513290.SH|513310.SH|518880.SH|588000.SH,1.2508536407984074,0.9096396735534105,ucb
rolling_ucb_sampling,2023-01-01/2023-06-30,2023-07-01/2023-12-31,69,159980.SZ|159981.SZ|159985.SZ|512660.SH|512890.SH|513030.SH|513070.SH|513100.SH|513120.SH|513310.SH|513880.SH|515880.SH|518880.SH,2.9808700219475406,0.6186640087669161,ucb
rolling_ucb_sampling,2023-01-01/2023-06-30,2023-07-01/2023-12-31,70,159796.SZ|159865.SZ|159920.SZ|159980.SZ|159985.SZ|161226.SZ|164824.SZ|510180.SH|513030.SH|513100.SH|513180.SH|513880.SH|518880.SH,2.9928884836484464,0.8931243278220744,ucb
rolling_ucb_sampling,2023-01-01/2023-06-30,2023-07-01/2023-12-31,71,159852.SZ|159920.SZ|159980.SZ|159985.SZ|161226.SZ|164824.SZ|512040.SH|513030.SH|513100.SH|513120.SH|513500.SH|518880.SH|588000.SH,3.1603907938144777,0.8866258135554016,ucb
rolling_ucb_sampling,2023-01-01/2023-06-30,2023-07-01/2023-12-31,72,159687.SZ|159865.SZ|159980.SZ|159985.SZ|161226.SZ|164824.SZ|510180.SH|513070.SH|513100.SH|513120.SH|513290.SH|518880.SH|588200.SH,1.858782620890443,0.6871488226207012,ucb
rolling_ucb_sampling,2023-01-01/2023-06-30,2023-07-01/2023-12-31,73,159920.SZ|159928.SZ|159980.SZ|159985.SZ|161226.SZ|164824.SZ|513030.SH|513100.SH|513180.SH|513310.SH|515880.SH|518880.SH|588200.SH,3.1752718143355154,0.8931243278220744,ucb
rolling_ucb_sampling,2023-01-01/2023-06-30,2023-07-01/2023-12-31,74,159687.SZ|159920.SZ|159980.SZ|159985.SZ|161226.SZ|512660.SH|512890.SH|513030.SH|513080.SH|513120.SH|513310.SH|515880.SH|518880.SH,3.2642824328518376,0.9096396735534105,ucb
rolling_ucb_sampling,2023-01-01/2023-06-30,2023-07-01/2023-12-31,75,159851.SZ|159920.SZ|159980.SZ|159985.SZ|161226.SZ|164824.SZ|510500.SH|513030.SH|513100.SH|513180.SH|513880.SH|518880.SH|588000.SH,2.744359034033728,0.8931243278220744,ucb
rolling_ucb_sampling,2023-01-01/2023-06-30,2023-07-01/2023-12-31,76,159852.SZ|159920.SZ|159980.SZ|159981.SZ|161226.SZ|512040.SH|512890.SH|513030.SH|513080.SH|513100.SH|513180.SH|513880.SH|518880.SH,3.341752085883363,0.9096396735534105,ucb
rolling_ucb_sampling,2023-01-01/2023-06-30,2023-07-01/2023-12-31,77,159687.SZ|159852.SZ|159980.SZ|161226.SZ|164824.SZ|501018.SH|510180.SH|513030.SH|513070.SH|513120.SH|513880.SH|518880.SH|588200.SH,2.0189226233516813,0.6995802811180952,ucb
rolling_ucb_sampling,2023-01-01/2023-06-30,2023-07-01/2023-12-31,78,159852.SZ|159920.SZ|159980.SZ|161226.SZ|164824.SZ|501018.SH|510500.SH|512890.SH|513030.SH|513070.SH|513100.SH|513290.SH|518880.SH,2.1965533641454105,0.9035245733924316,ucb
rolling_ucb_sampling,2023-01-01/2023-06-30,2023-07-01/2023-12-31,79,159687.SZ|159928.SZ|159949.SZ|159980.SZ|159985.SZ|161226.SZ|501018.SH|512660.SH|513030.SH|513070.SH|513080.SH|513120.SH|513880.SH,0.9222721535625331,0.9096396735534105,ucb
rolling_ucb_sampling,2023-01-01/2023-06-30,2023-07-01/2023-12-31,80,159865.SZ|159920.SZ|159980.SZ|161226.SZ|164824.SZ|501018.SH|512890.SH|513080.SH|513180.SH|513310.SH|513880.SH|515880.SH|518880.SH,3.404419570208258,0.8931243278220744,ucb
rolling_ucb_sampling,2023-01-01/2023-06-30,2023-07-01/2023-12-31,81,159687.SZ|159920.SZ|159980.SZ|159981.SZ|161226.SZ|164824.SZ|510050.SH|512890.SH|513100.SH|513180.SH|513880.SH|518880.SH|588000.SH,2.8503309175229807,0.8931243278220744,ucb
rolling_ucb_sampling,2023-01-01/2023-06-30,2023-07-01/2023-12-31,82,159870.SZ|159980.SZ|159981.SZ|159985.SZ|161226.SZ|164824.SZ|510050.SH|510500.SH|513030.SH|513070.SH|513100.SH|513120.SH|513290.SH,1.3129278500935468,0.6836329553859348,ucb
rolling_ucb_sampling,2023-01-01/2023-06-30,2023-07-01/2023-12-31,83,159687.SZ|159915.SZ|159920.SZ|159928.SZ|159980.SZ|161226.SZ|164824.SZ|501018.SH|510500.SH|513080.SH|513180.SH|513310.SH|518880.SH,0.6054339072279059,0.8931243278220744,ucb
rolling_ucb_sampling,2023-01-01/2023-06-30,2023-07-01/2023-12-31,84,159920.SZ|159980.SZ|159985.SZ|161226.SZ|510210.SH|512660.SH|513030.SH|513080.SH|513100.SH|513180.SH|513500.SH|518880.SH|562500.SH,1.2871001432278553,0.9096396735534105,ucb
rolling_ucb_sampling,2023-01-01/2023-06-30,2023-07-01/2023-12-31,85,159796.SZ|159920.SZ|159980.SZ|159985.SZ|161226.SZ|164824.SZ|512890.SH|513070.SH|513100.SH|513290.SH|513880.SH|518880.SH|588200.SH,2.5932656195949093,0.9035245733924316,ucb
rolling_ucb_sampling,2023-01-01/2023-06-30,2023-07-01/2023-12-31,86,159851.SZ|159870.SZ|159920.SZ|159981.SZ|159985.SZ|164824.SZ|501018.SH|513100.SH|513180.SH|513290.SH|513500.SH|518880.SH|588000.SH,1.4659975634597522,0.8931243278220744,ucb
rolling_ucb_sampling,2023-01-01/2023-06-30,2023-07-01/2023-12-31,87,159611.SZ|159920.SZ|159981.SZ|159985.SZ|164824.SZ|501018.SH|513070.SH|513100.SH|513500.SH|513880.SH|515790.SH|518880.SH|588000.SH,2.3838803684843413,0.9035245733924316,ucb
rolling_ucb_sampling,2023-01-01/2023-06-30,2023-07-01/2023-12-31,88,159796.SZ|159825.SZ|159920.SZ|159980.SZ|159981.SZ|164824.SZ|501018.SH|512660.SH|513080.SH|513100.SH|513180.SH|513880.SH|518880.SH,2.0017885751425264,0.8931243278220744,ucb
rolling_ucb_sampling,2023-01-01/2023-06-30,2023-07-01/2023-12-31,89,159687.SZ|159851.SZ|159920.SZ|159980.SZ|159981.SZ|159985.SZ|161226.SZ|164824.SZ|512890.SH|513080.SH|513100.SH|513180.SH|515210.SH,1.495214170208098,0.8931243278220744,ucb
rolling_ucb_sampling,2023-01-01/2023-06-30,2023-07-01/2023-12-31,90,159915.SZ|159920.SZ|159981.SZ|159985.SZ|161226.SZ|164824.SZ|512890.SH|513100.SH|513180.SH|513310.SH|513880.SH|518880.SH|588200.SH,2.8541873807246136,0.8931243278220744,ucb
rolling_ucb_sampling,2023-01-01/2023-06-30,2023-07-01/2023-12-31,91,159852.SZ|159865.SZ|159920.SZ|159980.SZ|159985.SZ|161226.SZ|164824.SZ|510300.SH|513030.SH|513100.SH|513180.SH|513880.SH|518880.SH,3.216318445449097,0.8931243278220744,ucb
rolling_ucb_sampling,2023-01-01/2023-06-30,2023-07-01/2023-12-31,92,159870.SZ|159920.SZ|159980.SZ|159981.SZ|164824.SZ|501018.SH|510180.SH|512040.SH|513030.SH|513070.SH|513100.SH|513880.SH|518880.SH,2.2170891645094786,0.9035245733924316,ucb
rolling_ucb_sampling,2023-01-01/2023-06-30,2023-07-01/2023-12-31,93,159687.SZ|159796.SZ|159870.SZ|159920.SZ|159980.SZ|159981.SZ|161226.SZ|513030.SH|513100.SH|513120.SH|513500.SH|515880.SH|518880.SH,3.3502786496837067,0.8866258135554016,ucb
rolling_ucb_sampling,2023-01-01/2023-06-30,2023-07-01/2023-12-31,94,159920.SZ|159981.SZ|159985.SZ|164824.SZ|501018.SH|510180.SH|512890.SH|513030.SH|513100.SH|513120.SH|513500.SH|515880.SH|518880.SH,3.4976673874019037,0.8866258135554016,ucb
rolling_ucb_sampling,2023-01-01/2023-06-30,2023-07-01/2023-12-31,95,159687.SZ|159865.SZ|159915.SZ|159980.SZ|159981.SZ|159985.SZ|164824.SZ|512890.SH|513030.SH|513100.SH|513120.SH|513180.SH|518880.SH,2.5373710895415122,0.6186640087669161,ucb
rolling_ucb_sampling,2023-01-01/2023-06-30,2023-07-01/2023-12-31,96,159949.SZ|159980.SZ|159985.SZ|161226.SZ|501018.SH|513030.SH|513080.SH|513120.SH|513180.SH|513290.SH|513880.SH|515880.SH|562500.SH,1.1414060046368266,0.9096396735534105,ucb
rolling_ucb_sampling,2023-01-01/2023-06-30,2023-07-01/2023-12-31,97,159865.SZ|159915.SZ|159920.SZ|159980.SZ|159985.SZ|160644.SZ|161226.SZ|501018.SH|512040.SH|513030.SH|513180.SH|513310.SH|513880.SH,0.1812195485377879,0.8931243278220744,ucb
rolling_ucb_sampling,2023-01-01/2023-06-30,2023-07-01/2023-12-31,98,159915.SZ|159920.SZ|159980.SZ|159981.SZ|159985.SZ|161226.SZ|510180.SH|513030.SH|513100.SH|513180.SH|513290.SH|513880.SH|588000.SH,1.0387970657554704,0.8931243278220744,ucb
rolling_ucb_sampling,2023-01-01/2023-06-30,2023-07-01/2023-12-31,99,159870.SZ|159981.SZ|159985.SZ|161226.SZ|164824.SZ|512040.SH|513100.SH|513120.SH|513180.SH|513310.SH|513880.SH|515790.SH|518880.SH,2.1651810068270243,0.6871488226207012,ucb
rolling_ucb_sampling,2023-01-01/2023-06-30,2023-07-01/2023-12-31,100,159851.SZ|159920.SZ|159981.SZ|159985.SZ|161226.SZ|512660.SH|512880.SH|513070.SH|513100.SH|513310.SH|513500.SH|513880.SH|518880.SH,1.7201967884332543,0.9035245733924316,ucb
rolling_ucb_sampling,2023-07-01/2023-12-31,2024-01-01/2024-06-30,1,159870.SZ|159920.SZ|159980.SZ|159985.SZ|161226.SZ|513100.SH|513120.SH|513290.SH|513500.SH|513880.SH|515220.SH|518880.SH|563300.SH,-1.255101121846962,0.8909152686603402,warmup
rolling_ucb_sampling,2023-07-01/2023-12-31,2024-01-01/2024-06-30,2,159509.SZ|159687.SZ|159920.SZ|159967.SZ|159980.SZ|159981.SZ|159985.SZ|512800.SH|513120.SH|513500.SH|513880.SH|515790.SH|518880.SH,-0.004123795165535761,0.8806115882628334,warmup
rolling_ucb_sampling,2023-07-01/2023-12-31,2024-01-01/2024-06-30,3,159509.SZ|159687.SZ|159851.SZ|159920.SZ|159949.SZ|159980.SZ|159981.SZ|159985.SZ|164824.SZ|512100.SH|513080.SH|513120.SH|518880.SH,0.3583058195265063,0.8127308872742268,warmup
rolling_ucb_sampling,2023-07-01/2023-12-31,2024-01-01/2024-06-30,4,159796.SZ|159870.SZ|159985.SZ|161226.SZ|164824.SZ|501018.SH|512890.SH|513070.SH|513080.SH|513120.SH|513290.SH|513880.SH|518880.SH,-0.4387764180131553,0.8305587798376518,warmup
rolling_ucb_sampling,2023-07-01/2023-12-31,2024-01-01/2024-06-30,5,159509.SZ|159870.SZ|159920.SZ|159980.SZ|159981.SZ|161226.SZ|512200.SH|513080.SH|513120.SH|513290.SH|513880.SH|518880.SH|588220.SH,-0.6251166418150662,0.7739538917479323,warmup
rolling_ucb_sampling,2023-07-01/2023-12-31,2024-01-01/2024-06-30,6,159825.SZ|159901.SZ|159981.SZ|161226.SZ|501018.SH|512800.SH|513100.SH|513120.SH|513180.SH|513290.SH|513310.SH|513500.SH|518880.SH,-0.44258414624619147,0.8909152686603402,warmup
rolling_ucb_sampling,2023-07-01/2023-12-31,2024-01-01/2024-06-30,7,159869.SZ|159980.SZ|159981.SZ|159985.SZ|161226.SZ|164824.SZ|510210.SH|513080.SH|513120.SH|513180.SH|513290.SH|513880.SH|588000.SH,-0.3592666384415266,0.7739538917479323,warmup
rolling_ucb_sampling,2023-07-01/2023-12-31,2024-01-01/2024-06-30,8,159509.SZ|159851.SZ|159869.SZ|159981.SZ|160644.SZ|161226.SZ|501018.SH|510210.SH|513070.SH|513120.SH|513290.SH|513880.SH|518880.SH,-1.2075650511440998,0.7427509010578249,warmup
rolling_ucb_sampling,2023-07-01/2023-12-31,2024-01-01/2024-06-30,9,159851.SZ|159928.SZ|159980.SZ|159981.SZ|161226.SZ|501018.SH|513070.SH|513080.SH|513120.SH|513290.SH|513310.SH|513500.SH|588220.SH,-0.08530759158175748,0.7408368521193833,warmup
rolling_ucb_sampling,2023-07-01/2023-12-31,2024-01-01/2024-06-30,10,159796.SZ|159852.SZ|159980.SZ|159981.SZ|159985.SZ|160644.SZ|164824.SZ|501018.SH|513070.SH|513080.SH|513120.SH|513880.SH|562500.SH,-0.0223974167633591,0.8173459180487914,warmup
rolling_ucb_sampling,2023-07-01/2023-12-31,2024-01-01/2024-06-30,11,159509.SZ|159852.SZ|159865.SZ|159980.SZ|160644.SZ|161226.SZ|164824.SZ|501018.SH|513080.SH|513120.SH|513180.SH|518880.SH|588220.SH,-1.5619678221671536,0.6829124438787434,warmup
rolling_ucb_sampling,2023-07-01/2023-12-31,2024-01-01/2024-06-30,12,159796.SZ|159852.SZ|159920.SZ|159981.SZ|159985.SZ|160644.SZ|161226.SZ|501018.SH|512100.SH|513120.SH|513290.SH|513310.SH|513880.SH,-1.041984824537056,0.8152616572969218,warmup
rolling_ucb_sampling,2023-07-01/2023-12-31,2024-01-01/2024-06-30,13,159851.SZ|159981.SZ|159985.SZ|160644.SZ|501018.SH|510180.SH|513070.SH|513080.SH|513120.SH|513500.SH|513880.SH|515210.SH|518880.SH,-0.3428023251238278,0.7739538917479323,warmup
rolling_ucb_sampling,2023-07-01/2023-12-31,2024-01-01/2024-06-30,14,159869.SZ|159920.SZ|159981.SZ|159985.SZ|164824.SZ|501018.SH|510300.SH|513100.SH|513120.SH|513500.SH|513880.SH|515220.SH|518880.SH,-0.5454962858518322,0.8909152686603402,warmup
rolling_ucb_sampling,2023-07-01/2023-12-31,2024-01-01/2024-06-30,15,159687.SZ|159851.SZ|159980.SZ|159981.SZ|159985.SZ|164824.SZ|501018.SH|510880.SH|513070.SH|513120.SH|513310.SH|513500.SH|515220.SH,0.1681655633091632,0.7057157706326638,warmup
rolling_ucb_sampling,2023-07-01/2023-12-31,2024-01-01/2024-06-30,16,159687.SZ|159920.SZ|159981.SZ|161226.SZ|164824.SZ|501018.SH|510050.SH|513080.SH|513120.SH|513880.SH|515790.SH|516150.SH|518880.SH,-1.2207715153286613,0.8806115882628334,warmup
rolling_ucb_sampling,2023-07-01/2023-12-31,2024-01-01/2024-06-30,17,159928.SZ|159981.SZ|159985.SZ|160644.SZ|164824.SZ|501018.SH|512800.SH|513070.SH|513120.SH|513290.SH|513310.SH|518880.SH|563300.SH,1.0362473064347115,0.5868313982039095,warmup
rolling_ucb_sampling,2023-07-01/2023-12-31,2024-01-01/2024-06-30,18,159687.SZ|159980.SZ|159985.SZ|161226.SZ|164824.SZ|501018.SH|512400.SH|512660.SH|512880.SH|513030.SH|513070.SH|513120.SH|513310.SH,0.7384836354136961,0.7579092133299615,warmup
rolling_ucb_sampling,2023-07-01/2023-12-31,2024-01-01/2024-06-30,19,159687.SZ|159851.SZ|159920.SZ|159967.SZ|159981.SZ|159985.SZ|160644.SZ|161226.SZ|501018.SH|510500.SH|513030.SH|513120.SH|513290.SH,-0.2928735899856686,0.8537700010467473,warmup
rolling_ucb_sampling,2023-07-01/2023-12-31,2024-01-01/2024-06-30,20,159687.SZ|159852.SZ|159949.SZ|159981.SZ|161226.SZ|164824.SZ|501018.SH|510050.SH|513120.SH|513180.SH|513310.SH|513500.SH|518880.SH,-1.0021274881684599,0.7410710693128422,warmup
rolling_ucb_sampling,2023-07-01/2023-12-31,2024-01-01/2024-06-30,21,159980.SZ|159981.SZ|159985.SZ|160644.SZ|164824.SZ|501018.SH|512400.SH|512660.SH|513030.SH|513070.SH|513120.SH|513290.SH|562500.SH,0.6933990022979494,0.7229220334426911,ucb
rolling_ucb_sampling,2023-07-01/2023-12-31,2024-01-01/2024-06-30,22,159687.SZ|159980.SZ|159985.SZ|160644.SZ|501018.SH|510300.SH|512980.SH|513030.SH|513070.SH|513120.SH|513290.SH|515880.SH|518880.SH,0.2110348233664752,0.7579092133299615,ucb
rolling_ucb_sampling,2023-07-01/2023-12-31,2024-01-01/2024-06-30,23,159509.SZ|159915.SZ|159980.SZ|159981.SZ|159985.SZ|164824.SZ|501018.SH|510880.SH|512980.SH|513030.SH|513070.SH|513120.SH|513310.SH,0.6494802864864961,0.6367968444072951,ucb
rolling_ucb_sampling,2023-07-01/2023-12-31,2024-01-01/2024-06-30,24,159687.SZ|159980.SZ|159981.SZ|159985.SZ|160644.SZ|164824.SZ|512400.SH|512660.SH|512880.SH|513030.SH|513070.SH|513120.SH|518880.SH,0.2764095801349135,0.7579092133299615,ucb
rolling_ucb_sampling,2023-07-01/2023-12-31,2024-01-01/2024-06-30,25,159687.SZ|159915.SZ|159928.SZ|159981.SZ|159985.SZ|164824.SZ|501018.SH|513030.SH|513070.SH|513120.SH|513290.SH|518880.SH|588200.SH,0.6613915420704258,0.7579092133299615,ucb
rolling_ucb_sampling,2023-07-01/2023-12-31,2024-01-01/2024-06-30,26,159980.SZ|159981.SZ|159985.SZ|164824.SZ|501018.SH|512170.SH|513070.SH|513100.SH|513120.SH|513290.SH|513310.SH|515880.SH|588200.SH,0.6656960832014585,0.6953397097032948,ucb
rolling_ucb_sampling,2023-07-01/2023-12-31,2024-01-01/2024-06-30,27,159980.SZ|159981.SZ|160644.SZ|161226.SZ|164824.SZ|501018.SH|512400.SH|512660.SH|512880.SH|513030.SH|513070.SH|513100.SH|513120.SH,-0.5028703082988983,0.7182503628120884,ucb
rolling_ucb_sampling,2023-07-01/2023-12-31,2024-01-01/2024-06-30,28,159687.SZ|159915.SZ|159928.SZ|159980.SZ|159981.SZ|159985.SZ|501018.SH|510500.SH|513030.SH|513070.SH|513120.SH|513290.SH|513310.SH,0.6028464042246996,0.890994967676377,ucb
rolling_ucb_sampling,2023-07-01/2023-12-31,2024-01-01/2024-06-30,29,159920.SZ|159980.SZ|159985.SZ|160644.SZ|501018.SH|512170.SH|513030.SH|513120.SH|513290.SH|513310.SH|518880.SH|562500.SH|588200.SH,-0.2676216432825649,0.7714849735853948,ucb
rolling_ucb_sampling,2023-07-01/2023-12-31,2024-01-01/2024-06-30,30,159509.SZ|159980.SZ|159985.SZ|160644.SZ|501018.SH|510880.SH|512040.SH|513030.SH|513070.SH|513120.SH|513290.SH|515880.SH|518880.SH,-1.1861975198505261,0.7174068505057339,ucb
rolling_ucb_sampling,2023-07-01/2023-12-31,2024-01-01/2024-06-30,31,159509.SZ|159687.SZ|159915.SZ|159928.SZ|159980.SZ|159981.SZ|159985.SZ|501018.SH|512980.SH|513030.SH|513070.SH|513120.SH|513290.SH,0.7036765478493946,0.7579092133299615,ucb
rolling_ucb_sampling,2023-07-01/2023-12-31,2024-01-01/2024-06-30,32,159687.SZ|159980.SZ|159985.SZ|161226.SZ|501018.SH|512200.SH|512880.SH|513030.SH|513070.SH|513120.SH|513310.SH|513500.SH|515210.SH,-0.0070254817584565685,0.7597995185455373,ucb
rolling_ucb_sampling,2023-07-01/2023-12-31,2024-01-01/2024-06-30,33,159980.SZ|159981.SZ|159985.SZ|161226.SZ|164824.SZ|512170.SH|513070.SH|513100.SH|513120.SH|513310.SH|513880.SH|515210.SH|588200.SH,-0.23707228937934502,0.679900570954732,ucb
rolling_ucb_sampling,2023-07-01/2023-12-31,2024-01-01/2024-06-30,34,159766.SZ|159980.SZ|159981.SZ|159985.SZ|160644.SZ|501018.SH|510500.SH|510880.SH|513030.SH|513070.SH|513120.SH|513290.SH|513310.SH,0.11828436605676902,0.7230793966122295,ucb
rolling_ucb_sampling,2023-07-01/2023-12-31,2024-01-01/2024-06-30,35,159687.SZ|159825.SZ|159915.SZ|159928.SZ|159980.SZ|159985.SZ|161226.SZ|164824.SZ|501018.SH|513030.SH|513070.SH|513120.SH|513290.SH,0.2843843091759508,0.7579092133299615,ucb
rolling_ucb_sampling,2023-07-01/2023-12-31,2024-01-01/2024-06-30,36,159611.SZ|159687.SZ|159967.SZ|159980.SZ|159981.SZ|159985.SZ|160644.SZ|501018.SH|512170.SH|513070.SH|513100.SH|513120.SH|513880.SH,0.020234089036843674,0.8806115882628334,ucb
rolling_ucb_sampling,2023-07-01/2023-12-31,2024-01-01/2024-06-30,37,159611.SZ|159687.SZ|159980.SZ|159981.SZ|159985.SZ|501018.SH|510180.SH|512880.SH|513030.SH|513070.SH|513120.SH|513290.SH|513310.SH,0.1981097712702056,0.764141482150349,ucb
rolling_ucb_sampling,2023-07-01/2023-12-31,2024-01-01/2024-06-30,38,159611.SZ|159766.SZ|159920.SZ|159980.SZ|159981.SZ|159985.SZ|510500.SH|513080.SH|513120.SH|513290.SH|513310.SH|513500.SH|518880.SH,-0.6464569905295282,0.7408368521193833,ucb
rolling_ucb_sampling,2023-07-01/2023-12-31,2024-01-01/2024-06-30,39,159509.SZ|159981.SZ|159985.SZ|161226.SZ|164824.SZ|501018.SH|512660.SH|512880.SH|512890.SH|513030.SH|513070.SH|513120.SH|513290.SH,0.378506114366267,0.6367968444072951,ucb
rolling_ucb_sampling,2023-07-01/2023-12-31,2024-01-01/2024-06-30,40,159687.SZ|159949.SZ|159980.SZ|159981.SZ|159985.SZ|160644.SZ|164824.SZ|501018.SH|512980.SH|513030.SH|513070.SH|513120.SH|515210.SH,0.8167524601185331,0.7579092133299615,ucb
rolling_ucb_sampling,2023-07-01/2023-12-31,2024-01-01/2024-06-30,41,159980.SZ|159981.SZ|161226.SZ|501018.SH|512400.SH|512980.SH|513030.SH|513070.SH|513120.SH|513290.SH|513500.SH|513880.SH|588000.SH,-0.5071680216000345,0.7824059319979025,ucb
rolling_ucb_sampling,2023-07-01/2023-12-31,2024-01-01/2024-06-30,42,159611.SZ|159687.SZ|159825.SZ|159980.SZ|159981.SZ|160644.SZ|161226.SZ|164824.SZ|501018.SH|512800.SH|513030.SH|513070.SH|513120.SH,-0.8209543789596692,0.7579092133299615,ucb
rolling_ucb_sampling,2023-07-01/2023-12-31,2024-01-01/2024-06-30,43,159509.SZ|159687.SZ|159920.SZ|159980.SZ|159981.SZ|159985.SZ|160644.SZ|161226.SZ|512170.SH|512400.SH|513120.SH|513880.SH|562500.SH,-1.3501063726260034,0.8806115882628334,ucb
rolling_ucb_sampling,2023-07-01/2023-12-31,2024-01-01/2024-06-30,44,159980.SZ|159981.SZ|159985.SZ|501018.SH|510500.SH|512660.SH|512890.SH|513030.SH|513070.SH|513100.SH|513120.SH|513290.SH|513500.SH,0.4130142216183501,0.8909152686603402,ucb
rolling_ucb_sampling,2023-07-01/2023-12-31,2024-01-01/2024-06-30,45,159687.SZ|159766.SZ|159980.SZ|159985.SZ|164824.SZ|501018.SH|510180.SH|512980.SH|513120.SH|513180.SH|513290.SH|513310.SH|518880.SH,-0.27824073268201427,0.6612897102203853,ucb
rolling_ucb_sampling,2023-07-01/2023-12-31,2024-01-01/2024-06-30,46,159766.SZ|159980.SZ|159981.SZ|159985.SZ|161226.SZ|510180.SH|512800.SH|513030.SH|513070.SH|513100.SH|513120.SH|513290.SH|513880.SH,-0.668359708260466,0.7824059319979025,ucb
rolling_ucb_sampling,2023-07-01/2023-12-31,2024-01-01/2024-06-30,47,159509.SZ|159901.SZ|159981.SZ|159985.SZ|160644.SZ|501018.SH|510210.SH|513030.SH|513070.SH|513120.SH|513500.SH|515880.SH|518880.SH,-0.23275383176124362,0.885285604044056,ucb
rolling_ucb_sampling,2023-07-01/2023-12-31,2024-01-01/2024-06-30,48,159687.SZ|159928.SZ|159949.SZ|159980.SZ|159981.SZ|159985.SZ|164824.SZ|501018.SH|513070.SH|513100.SH|513120.SH|513290.SH|563300.SH,1.3570862074848633,0.6881870456901322,ucb
rolling_ucb_sampling,2023-07-01/2023-12-31,2024-01-01/2024-06-30,49,159687.SZ|159851.SZ|159949.SZ|159980.SZ|159981.SZ|159985.SZ|160644.SZ|510050.SH|513030.SH|513070.SH|513120.SH|513310.SH|518880.SH,-0.44973238881512817,0.7579092133299615,ucb
rolling_ucb_sampling,2023-07-01/2023-12-31,2024-01-01/2024-06-30,50,159687.SZ|159901.SZ|159967.SZ|159981.SZ|159985.SZ|164824.SZ|501018.SH|513030.SH|513070.SH|513120.SH|513500.SH|515210.SH|518880.SH,0.13418050472029433,0.8139056435187053,ucb
rolling_ucb_sampling,2023-07-01/2023-12-31,2024-01-01/2024-06-30,51,159687.SZ|159825.SZ|159915.SZ|159980.SZ|159981.SZ|159985.SZ|164824.SZ|501018.SH|512890.SH|513080.SH|513120.SH|513180.SH|513500.SH,0.6481489692482368,0.7408368521193833,ucb
rolling_ucb_sampling,2023-07-01/2023-12-31,2024-01-01/2024-06-30,52,159687.SZ|159915.SZ|159980.SZ|159985.SZ|161226.SZ|164824.SZ|501018.SH|512880.SH|513030.SH|513100.SH|513120.SH|513180.SH|563300.SH,0.39563999280753254,0.7579092133299615,ucb
rolling_ucb_sampling,2023-07-01/2023-12-31,2024-01-01/2024-06-30,53,159915.SZ|159967.SZ|159980.SZ|159981.SZ|159985.SZ|501018.SH|512100.SH|513030.SH|513070.SH|513100.SH|513120.SH|513310.SH|513500.SH,0.1140612943794011,0.8909152686603402,ucb
rolling_ucb_sampling,2023-07-01/2023-12-31,2024-01-01/2024-06-30,54,159509.SZ|159980.SZ|159985.SZ|501018.SH|512660.SH|513030.SH|513070.SH|513120.SH|513310.SH|513880.SH|518880.SH|563300.SH|588200.SH,0.10749378403707359,0.7824059319979025,ucb
rolling_ucb_sampling,2023-07-01/2023-12-31,2024-01-01/2024-06-30,55,159509.SZ|159687.SZ|159915.SZ|159980.SZ|159981.SZ|159985.SZ|160644.SZ|501018.SH|513120.SH|513180.SH|513500.SH|515210.SH|588000.SH,0.7086267367827183,0.8491752636158579,ucb
rolling_ucb_sampling,2023-07-01/2023-12-31,2024-01-01/2024-06-30,56,159687.SZ|159796.SZ|159915.SZ|159980.SZ|159981.SZ|159985.SZ|164824.SZ|501018.SH|513030.SH|513070.SH|513100.SH|513120.SH|515210.SH,0.8121397676070513,0.8753773637302723,ucb
rolling_ucb_sampling,2023-07-01/2023-12-31,2024-01-01/2024-06-30,57,159611.SZ|159949.SZ|159981.SZ|159985.SZ|161226.SZ|501018.SH|512660.SH|513030.SH|513070.SH|513100.SH|513120.SH|513310.SH|513500.SH,-0.6298247267909135,0.8909152686603402,ucb
rolling_ucb_sampling,2023-07-01/2023-12-31,2024-01-01/2024-06-30,58,159687.SZ|159967.SZ|159980.SZ|159981.SZ|159985.SZ|164824.SZ|512980.SH|513070.SH|513120.SH|513310.SH|513500.SH|518880.SH|588000.SH,-0.13604134864173756,0.854891686641813,ucb
rolling_ucb_sampling,2023-07-01/2023-12-31,2024-01-01/2024-06-30,59,159509.SZ|159796.SZ|159980.SZ|159985.SZ|164824.SZ|501018.SH|510180.SH|513080.SH|513120.SH|513180.SH|513880.SH|515220.SH|518880.SH,-0.028472786687978074,0.7739538917479323,ucb
rolling_ucb_sampling,2023-07-01/2023-12-31,2024-01-01/2024-06-30,60,159687.SZ|159852.SZ|159928.SZ|159980.SZ|159981.SZ|159985.SZ|164824.SZ|513070.SH|513100.SH|513120.SH|513290.SH|515220.SH|518880.SH,-0.9420757946102553,0.6800005945881478,ucb
rolling_ucb_sampling,2023-07-01/2023-12-31,2024-01-01/2024-06-30,61,159687.SZ|159980.SZ|159981.SZ|159985.SZ|164824.SZ|510880.SH|512890.SH|512980.SH|513070.SH|513100.SH|513120.SH|513310.SH|518880.SH,-0.14555097444941534,0.8645265361003734,ucb
rolling_ucb_sampling,2023-07-01/2023-12-31,2024-01-01/2024-06-30,62,159687.SZ|159980.SZ|160644.SZ|161226.SZ|501018.SH|512890.SH|513100.SH|513120.SH|513180.SH|513310.SH|518880.SH|562500.SH|563300.SH,-1.373728191822332,0.7621978849406463,ucb
rolling_ucb_sampling,2023-07-01/2023-12-31,2024-01-01/2024-06-30,63,159915.SZ|159980.SZ|159981.SZ|161226.SZ|164824.SZ|501018.SH|512980.SH|513070.SH|513100.SH|513120.SH|513290.SH|513310.SH|515880.SH,-0.654860937221594,0.6339392433075595,ucb
rolling_ucb_sampling,2023-07-01/2023-12-31,2024-01-01/2024-06-30,64,159687.SZ|159825.SZ|159920.SZ|159980.SZ|159981.SZ|159985.SZ|501018.SH|510300.SH|512980.SH|513030.SH|513120.SH|513310.SH|513500.SH,0.5795471819308058,0.7597995185455373,ucb
rolling_ucb_sampling,2023-07-01/2023-12-31,2024-01-01/2024-06-30,65,159509.SZ|159825.SZ|159980.SZ|159981.SZ|159985.SZ|501018.SH|513080.SH|513120.SH|513180.SH|513290.SH|513500.SH|515220.SH|588200.SH,1.0177378029796895,0.7799027480940437,ucb
rolling_ucb_sampling,2023-07-01/2023-12-31,2024-01-01/2024-06-30,66,159611.SZ|159980.SZ|159981.SZ|159985.SZ|160644.SZ|501018.SH|510300.SH|512200.SH|513070.SH|513100.SH|513120.SH|513310.SH|513500.SH,0.41860139621206915,0.8909152686603402,ucb
rolling_ucb_sampling,2023-07-01/2023-12-31,2024-01-01/2024-06-30,67,159509.SZ|159915.SZ|159980.SZ|159981.SZ|159985.SZ|160644.SZ|501018.SH|512040.SH|513120.SH|513180.SH|513290.SH|513500.SH|516150.SH,-0.16081231806268728,0.7799027480940437,ucb
rolling_ucb_sampling,2023-07-01/2023-12-31,2024-01-01/2024-06-30,68,159967.SZ|159980.SZ|159981.SZ|159985.SZ|164824.SZ|501018.SH|512980.SH|513030.SH|513120.SH|513180.SH|513290.SH|513500.SH|515210.SH,1.0301523532482533,0.7597995185455373,ucb
rolling_ucb_sampling,2023-07-01/2023-12-31,2024-01-01/2024-06-30,69,159509.SZ|159981.SZ|159985.SZ|164824.SZ|501018.SH|510300.SH|512040.SH|512880.SH|513080.SH|513120.SH|513180.SH|513310.SH|518880.SH,0.6598792832204182,0.774831807067181,ucb
rolling_ucb_sampling,2023-07-01/2023-12-31,2024-01-01/2024-06-30,70,159611.SZ|159687.SZ|159825.SZ|159915.SZ|159980.SZ|159981.SZ|159985.SZ|164824.SZ|501018.SH|513080.SH|513120.SH|513180.SH|513310.SH,1.095161648286453,0.7366857191376772,ucb
rolling_ucb_sampling,2023-07-01/2023-12-31,2024-01-01/2024-06-30,71,159611.SZ|159687.SZ|159928.SZ|159980.SZ|159981.SZ|159985.SZ|160644.SZ|501018.SH|510300.SH|513070.SH|513120.SH|513310.SH|513500.SH,0.4730068611286172,0.8324427965201131,ucb
rolling_ucb_sampling,2023-07-01/2023-12-31,2024-01-01/2024-06-30,72,159687.SZ|159980.SZ|159981.SZ|161226.SZ|501018.SH|512200.SH|512800.SH|513080.SH|513100.SH|513120.SH|513180.SH|513310.SH|588220.SH,0.4948925122215126,0.7366857191376772,ucb
rolling_ucb_sampling,2023-07-01/2023-12-31,2024-01-01/2024-06-30,73,159509.SZ|159980.SZ|159981.SZ|159985.SZ|501018.SH|510880.SH|512660.SH|513080.SH|513120.SH|513180.SH|513310.SH|513500.SH|515880.SH,-0.17627453946501714,0.7799027480940437,ucb
rolling_ucb_sampling,2023-07-01/2023-12-31,2024-01-01/2024-06-30,74,159687.SZ|159928.SZ|159980.SZ|159981.SZ|164824.SZ|501018.SH|513070.SH|513100.SH|513120.SH|513500.SH|515790.SH|518880.SH|588200.SH,-0.45480546720829823,0.8909152686603402,ucb
rolling_ucb_sampling,2023-07-01/2023-12-31,2024-01-01/2024-06-30,75,159509.SZ|159915.SZ|159928.SZ|159980.SZ|159981.SZ|159985.SZ|164824.SZ|501018.SH|513120.SH|513180.SH|513290.SH|513500.SH|515210.SH,1.031070677369052,0.7799027480940437,ucb
rolling_ucb_sampling,2023-07-01/2023-12-31,2024-01-01/2024-06-30,76,159687.SZ|159981.SZ|159985.SZ|160644.SZ|164824.SZ|501018.SH|510180.SH|510500.SH|512800.SH|513120.SH|513180.SH|513500.SH|518880.SH,0.23360565624349672,0.8283522994657805,ucb
rolling_ucb_sampling,2023-07-01/2023-12-31,2024-01-01/2024-06-30,77,159687.SZ|159980.SZ|159981.SZ|159985.SZ|161226.SZ|164824.SZ|512100.SH|512800.SH|513120.SH|513180.SH|513290.SH|513880.SH|515210.SH,-0.622340157232469,0.8806115882628334,ucb
rolling_ucb_sampling,2023-07-01/2023-12-31,2024-01-01/2024-06-30,78,159915.SZ|159980.SZ|159981.SZ|160644.SZ|161226.SZ|164824.SZ|501018.SH|513070.SH|513120.SH|513290.SH|513500.SH|515210.SH|515880.SH,-1.0242307614590922,0.6339392433075595,ucb
rolling_ucb_sampling,2023-07-01/2023-12-31,2024-01-01/2024-06-30,79,159825.SZ|159980.SZ|159985.SZ|164824.SZ|501018.SH|510300.SH|510880.SH|513080.SH|513120.SH|513180.SH|513310.SH|513500.SH|518880.SH,0.15333651842749704,0.7408368521193833,ucb
rolling_ucb_sampling,2023-07-01/2023-12-31,2024-01-01/2024-06-30,80,159509.SZ|159980.SZ|159981.SZ|159985.SZ|161226.SZ|164824.SZ|512400.SH|512890.SH|513030.SH|513120.SH|513180.SH|513310.SH|588200.SH,-0.1990338810206113,0.6367968444072951,ucb
rolling_ucb_sampling,2023-07-01/2023-12-31,2024-01-01/2024-06-30,81,159901.SZ|159967.SZ|159980.SZ|159981.SZ|159985.SZ|164824.SZ|510180.SH|513100.SH|513120.SH|513180.SH|513310.SH|513880.SH|518880.SH,0.1447933335443928,0.8971257852973454,ucb
rolling_ucb_sampling,2023-07-01/2023-12-31,2024-01-01/2024-06-30,82,159687.SZ|159967.SZ|159980.SZ|159981.SZ|159985.SZ|160644.SZ|161226.SZ|512660.SH|513030.SH|513120.SH|513180.SH|513290.SH|515220.SH,-0.7768068690703291,0.7579092133299615,ucb
rolling_ucb_sampling,2023-07-01/2023-12-31,2024-01-01/2024-06-30,83,159687.SZ|159825.SZ|159915.SZ|159980.SZ|159981.SZ|159985.SZ|164824.SZ|501018.SH|512400.SH|513100.SH|513120.SH|513180.SH|513500.SH,0.35786669467987275,0.8909152686603402,ucb
rolling_ucb_sampling,2023-07-01/2023-12-31,2024-01-01/2024-06-30,84,159509.SZ|159687.SZ|159928.SZ|159980.SZ|159981.SZ|159985.SZ|161226.SZ|164824.SZ|510880.SH|512880.SH|513070.SH|513120.SH|513500.SH,-1.0221914767628826,0.7799027480940437,ucb
rolling_ucb_sampling,2023-07-01/2023-12-31,2024-01-01/2024-06-30,85,159509.SZ|159851.SZ|159980.SZ|159981.SZ|159985.SZ|164824.SZ|501018.SH|512660.SH|513070.SH|513080.SH|513120.SH|513500.SH|588000.SH,1.2703750082199285,0.7799027480940437,ucb
rolling_ucb_sampling,2023-07-01/2023-12-31,2024-01-01/2024-06-30,86,159687.SZ|159825.SZ|159980.SZ|159981.SZ|159985.SZ|164824.SZ|501018.SH|513100.SH|513120.SH|513180.SH|513290.SH|515210.SH|588000.SH,0.914542509192918,0.6800005945881478,ucb
rolling_ucb_sampling,2023-07-01/2023-12-31,2024-01-01/2024-06-30,87,159509.SZ|159980.SZ|159985.SZ|501018.SH|510180.SH|512200.SH|513070.SH|513120.SH|513310.SH|513500.SH|513880.SH|515220.SH|518880.SH,0.6160124908247342,0.7799027480940437,ucb
rolling_ucb_sampling,2023-07-01/2023-12-31,2024-01-01/2024-06-30,88,159687.SZ|159980.SZ|159981.SZ|159985.SZ|164824.SZ|501018.SH|510180.SH|510500.SH|513030.SH|513120.SH|513180.SH|513310.SH|515880.SH,0.9005757009119885,0.8283522994657805,ucb
rolling_ucb_sampling,2023-07-01/2023-12-31,2024-01-01/2024-06-30,89,159687.SZ|159980.SZ|159981.SZ|159985.SZ|501018.SH|512170.SH|513080.SH|513100.SH|513120.SH|513180.SH|513500.SH|563300.SH|588200.SH,1.0118854560547956,0.8909152686603402,ucb
rolling_ucb_sampling,2023-07-01/2023-12-31,2024-01-01/2024-06-30,90,159509.SZ|159980.SZ|159981.SZ|159985.SZ|501018.SH|510300.SH|513080.SH|513120.SH|513180.SH|513310.SH|513500.SH|516150.SH|588220.SH,0.437982612900891,0.7799027480940437,ucb
rolling_ucb_sampling,2023-07-01/2023-12-31,2024-01-01/2024-06-30,91,159980.SZ|159981.SZ|159985.SZ|164824.SZ|501018.SH|512040.SH|512200.SH|512880.SH|513070.SH|513080.SH|513120.SH|513290.SH|513880.SH,1.4406947458127082,0.7739538917479323,ucb
rolling_ucb_sampling,2023-07-01/2023-12-31,2024-01-01/2024-06-30,92,159509.SZ|159980.SZ|159981.SZ|159985.SZ|501018.SH|510880.SH|512040.SH|512980.SH|513030.SH|513070.SH|513120.SH|513310.SH|513880.SH,0.0627083009889678,0.7824059319979025,ucb
rolling_ucb_sampling,2023-07-01/2023-12-31,2024-01-01/2024-06-30,93,159980.SZ|159981.SZ|160644.SZ|161226.SZ|501018.SH|512040.SH|513080.SH|513100.SH|513120.SH|513180.SH|513880.SH|563300.SH|588000.SH,-0.521218244808523,0.7739538917479323,ucb
rolling_ucb_sampling,2023-07-01/2023-12-31,2024-01-01/2024-06-30,94,159687.SZ|159980.SZ|159981.SZ|159985.SZ|501018.SH|512040.SH|512200.SH|513030.SH|513070.SH|513120.SH|513310.SH|513500.SH|515880.SH,0.026056579470455237,0.7597995185455373,ucb
rolling_ucb_sampling,2023-07-01/2023-12-31,2024-01-01/2024-06-30,95,159509.SZ|159928.SZ|159949.SZ|159980.SZ|159981.SZ|159985.SZ|512880.SH|513070.SH|513080.SH|513120.SH|513290.SH|513310.SH|518880.SH,-0.14135590704014886,0.6774735239766759,ucb
rolling_ucb_sampling,2023-07-01/2023-12-31,2024-01-01/2024-06-30,96,159796.SZ|159980.SZ|159981.SZ|159985.SZ|501018.SH|510300.SH|513030.SH|513070.SH|513120.SH|513310.SH|513500.SH|513880.SH|515210.SH,0.7597692369695704,0.7824059319979025,ucb
rolling_ucb_sampling,2023-07-01/2023-12-31,2024-01-01/2024-06-30,97,159509.SZ|159766.SZ|159901.SZ|159980.SZ|159981.SZ|159985.SZ|501018.SH|510500.SH|513030.SH|513120.SH|513180.SH|513290.SH|513500.SH,0.18261573426176284,0.8785623455711242,ucb
rolling_ucb_sampling,2023-07-01/2023-12-31,2024-01-01/2024-06-30,98,159509.SZ|159687.SZ|159825.SZ|159967.SZ|159980.SZ|159985.SZ|161226.SZ|501018.SH|512170.SH|513070.SH|513120.SH|513290.SH|513310.SH,0.08121366428498569,0.6840072582759038,ucb
rolling_ucb_sampling,2023-07-01/2023-12-31,2024-01-01/2024-06-30,99,159509.SZ|159687.SZ|159920.SZ|159980.SZ|159981.SZ|164824.SZ|501018.SH|512660.SH|512880.SH|513120.SH|513310.SH|515210.SH|518880.SH,-0.20353452086501392,0.6527891396861959,ucb
rolling_ucb_sampling,2023-07-01/2023-12-31,2024-01-01/2024-06-30,100,159509.SZ|159687.SZ|159870.SZ|159980.SZ|159981.SZ|159985.SZ|161226.SZ|512980.SH|513030.SH|513070.SH|513120.SH|513310.SH|515210.SH,-1.2094876555375214,0.7579092133299615,ucb
rolling_ucb_sampling,2024-01-01/2024-06-30,2024-07-01/2024-12-31,1,159920.SZ|159980.SZ|159981.SZ|161226.SZ|512800.SH|513100.SH|513180.SH|513310.SH|513400.SH|513730.SH|515790.SH|518880.SH|588000.SH,1.3720695102011555,0.9194110626548546,warmup
rolling_ucb_sampling,2024-01-01/2024-06-30,2024-07-01/2024-12-31,2,159687.SZ|159920.SZ|159980.SZ|159985.SZ|160644.SZ|161226.SZ|512200.SH|513100.SH|513180.SH|513310.SH|515210.SH|518880.SH|562500.SH,1.7811879502991488,0.9194110626548546,warmup
rolling_ucb_sampling,2024-01-01/2024-06-30,2024-07-01/2024-12-31,3,159687.SZ|159870.SZ|159920.SZ|159928.SZ|159980.SZ|159985.SZ|161226.SZ|164824.SZ|501018.SH|512660.SH|513400.SH|513500.SH|513750.SH,1.85836455720073,0.8926225266665948,warmup
rolling_ucb_sampling,2024-01-01/2024-06-30,2024-07-01/2024-12-31,4,159518.SZ|159796.SZ|159920.SZ|159980.SZ|161226.SZ|501018.SH|512170.SH|513030.SH|513080.SH|513100.SH|513180.SH|515220.SH|518880.SH,0.43794930298894985,0.9194110626548546,warmup
rolling_ucb_sampling,2024-01-01/2024-06-30,2024-07-01/2024-12-31,5,159687.SZ|159980.SZ|159981.SZ|161226.SZ|164824.SZ|512800.SH|512890.SH|513030.SH|513120.SH|513180.SH|513400.SH|516150.SH|518880.SH,0.6083479017952539,0.809756851832685,warmup
rolling_ucb_sampling,2024-01-01/2024-06-30,2024-07-01/2024-12-31,6,159518.SZ|159928.SZ|159981.SZ|159985.SZ|160644.SZ|161226.SZ|512200.SH|513180.SH|513500.SH|513750.SH|513880.SH|515220.SH|518880.SH,0.38247984765341925,0.809756851832685,warmup
rolling_ucb_sampling,2024-01-01/2024-06-30,2024-07-01/2024-12-31,7,159869.SZ|159920.SZ|159980.SZ|160644.SZ|161226.SZ|501018.SH|510180.SH|512890.SH|513080.SH|513120.SH|513400.SH|513500.SH|518880.SH,2.0546367074199043,0.809756851832685,warmup
rolling_ucb_sampling,2024-01-01/2024-06-30,2024-07-01/2024-12-31,8,159869.SZ|159985.SZ|161226.SZ|501018.SH|510210.SH|513080.SH|513120.SH|513180.SH|513290.SH|513310.SH|513400.SH|516150.SH|518880.SH,0.024855953341091634,0.809756851832685,warmup
rolling_ucb_sampling,2024-01-01/2024-06-30,2024-07-01/2024-12-31,9,159865.SZ|159980.SZ|159981.SZ|161226.SZ|164824.SZ|510880.SH|513080.SH|513120.SH|513180.SH|513290.SH|513880.SH|518880.SH|563300.SH,0.7096877817983648,0.809756851832685,warmup
rolling_ucb_sampling,2024-01-01/2024-06-30,2024-07-01/2024-12-31,10,159687.SZ|159869.SZ|159928.SZ|159980.SZ|159985.SZ|501018.SH|513100.SH|513120.SH|513180.SH|513290.SH|513400.SH|518880.SH|563300.SH,1.241102697178045,0.7795246421895436,warmup
rolling_ucb_sampling,2024-01-01/2024-06-30,2024-07-01/2024-12-31,11,159529.SZ|159611.SZ|159687.SZ|159920.SZ|159980.SZ|159981.SZ|159985.SZ|164824.SZ|510500.SH|512170.SH|513120.SH|513290.SH|518880.SH,-0.0348649179783795,0.7946686557084323,warmup
rolling_ucb_sampling,2024-01-01/2024-06-30,2024-07-01/2024-12-31,12,159529.SZ|159687.SZ|159852.SZ|159865.SZ|159980.SZ|159985.SZ|161226.SZ|164824.SZ|510300.SH|513070.SH|513120.SH|513290.SH|518880.SH,1.7795685204549387,0.809756851832685,warmup
rolling_ucb_sampling,2024-01-01/2024-06-30,2024-07-01/2024-12-31,13,159851.SZ|159980.SZ|159981.SZ|159985.SZ|164824.SZ|510300.SH|512200.SH|513120.SH|513180.SH|513290.SH|513500.SH|513880.SH|518880.SH,1.0696054628951814,0.763303340072328,warmup
rolling_ucb_sampling,2024-01-01/2024-06-30,2024-07-01/2024-12-31,14,159529.SZ|159611.SZ|159851.SZ|159920.SZ|159980.SZ|159981.SZ|159985.SZ|160644.SZ|161226.SZ|512660.SH|513120.SH|513310.SH|513400.SH,-1.431968843925813,0.8080594774008106,warmup
rolling_ucb_sampling,2024-01-01/2024-06-30,2024-07-01/2024-12-31,15,159509.SZ|159518.SZ|159687.SZ|159915.SZ|159920.SZ|159981.SZ|161226.SZ|501018.SH|510500.SH|513290.SH|513750.SH|518880.SH|588200.SH,1.7013443038729212,0.8926225266665948,warmup
rolling_ucb_sampling,2024-01-01/2024-06-30,2024-07-01/2024-12-31,16,159529.SZ|159611.SZ|159901.SZ|159920.SZ|159928.SZ|159985.SZ|161226.SZ|501018.SH|513030.SH|513290.SH|513400.SH|513750.SH|518880.SH,0.8632380303411155,0.8926225266665948,warmup
rolling_ucb_sampling,2024-01-01/2024-06-30,2024-07-01/2024-12-31,17,159518.SZ|159766.SZ|159870.SZ|159980.SZ|159981.SZ|161226.SZ|164824.SZ|510880.SH|513070.SH|513120.SH|513290.SH|513400.SH|518880.SH,0.11434288118602266,0.809756851832685,warmup
rolling_ucb_sampling,2024-01-01/2024-06-30,2024-07-01/2024-12-31,18,159509.SZ|159980.SZ|159981.SZ|159985.SZ|164824.SZ|501018.SH|512890.SH|513080.SH|513120.SH|513310.SH|513750.SH|515790.SH|588220.SH,0.5853660591448998,0.76482288524707,warmup
rolling_ucb_sampling,2024-01-01/2024-06-30,2024-07-01/2024-12-31,19,159509.SZ|159851.SZ|159980.SZ|159981.SZ|501018.SH|512880.SH|513030.SH|513070.SH|513080.SH|513120.SH|513730.SH|518880.SH|588220.SH,0.09178590303064225,0.8794774846866373,warmup
rolling_ucb_sampling,2024-01-01/2024-06-30,2024-07-01/2024-12-31,20,159509.SZ|159901.SZ|159928.SZ|159980.SZ|159985.SZ|501018.SH|510500.SH|513070.SH|513100.SH|513310.SH|513500.SH|513750.SH|518880.SH,3.28765989228288,0.8284455626917091,warmup
rolling_ucb_sampling,2024-01-01/2024-06-30,2024-07-01/2024-12-31,21,159509.SZ|159687.SZ|159980.SZ|159981.SZ|501018.SH|510180.SH|512800.SH|513070.SH|513100.SH|513290.SH|513750.SH|515210.SH|518880.SH,3.3056252888071866,0.8174245780531227,ucb
rolling_ucb_sampling,2024-01-01/2024-06-30,2024-07-01/2024-12-31,22,159509.SZ|159687.SZ|159901.SZ|159920.SZ|159981.SZ|161226.SZ|501018.SH|510180.SH|513100.SH|513500.SH|513750.SH|515210.SH|518880.SH,2.2159005599305956,0.8926225266665948,ucb
rolling_ucb_sampling,2024-01-01/2024-06-30,2024-07-01/2024-12-31,23,159518.SZ|159766.SZ|159985.SZ|161226.SZ|164824.SZ|501018.SH|510180.SH|513070.SH|513100.SH|513500.SH|513750.SH|515210.SH|518880.SH,3.4001091418617335,0.8284455626917091,ucb
rolling_ucb_sampling,2024-01-01/2024-06-30,2024-07-01/2024-12-31,24,159509.SZ|159915.SZ|159980.SZ|159985.SZ|501018.SH|513070.SH|513100.SH|513500.SH|513750.SH|513880.SH|515210.SH|518880.SH|588000.SH,2.1056892880502796,0.9039740456658436,ucb
rolling_ucb_sampling,2024-01-01/2024-06-30,2024-07-01/2024-12-31,25,159509.SZ|159518.SZ|159852.SZ|159985.SZ|161226.SZ|501018.SH|510180.SH|513070.SH|513100.SH|513500.SH|513750.SH|515210.SH|518880.SH,3.348594339494702,0.8284455626917091,ucb
rolling_ucb_sampling,2024-01-01/2024-06-30,2024-07-01/2024-12-31,26,159509.SZ|159687.SZ|159852.SZ|159985.SZ|161226.SZ|501018.SH|510180.SH|513070.SH|513100.SH|513500.SH|513750.SH|518880.SH|588200.SH,2.8589388539377105,0.8401243119464499,ucb
rolling_ucb_sampling,2024-01-01/2024-06-30,2024-07-01/2024-12-31,27,159518.SZ|159985.SZ|161226.SZ|164824.SZ|501018.SH|510180.SH|513070.SH|513500.SH|513750.SH|513880.SH|518880.SH|562500.SH|588200.SH,2.700779894989303,0.809756851832685,ucb
rolling_ucb_sampling,2024-01-01/2024-06-30,2024-07-01/2024-12-31,28,159509.SZ|159852.SZ|159980.SZ|159981.SZ|161226.SZ|164824.SZ|501018.SH|513070.SH|513100.SH|513500.SH|513750.SH|515210.SH|562500.SH,1.7610559064132394,0.8820761010660748,ucb
rolling_ucb_sampling,2024-01-01/2024-06-30,2024-07-01/2024-12-31,29,159509.SZ|159518.SZ|159852.SZ|159901.SZ|159980.SZ|159985.SZ|501018.SH|513070.SH|513100.SH|513500.SH|513750.SH|515210.SH|518880.SH,2.4635507130124985,0.8284455626917091,ucb
rolling_ucb_sampling,2024-01-01/2024-06-30,2024-07-01/2024-12-31,30,159509.SZ|159687.SZ|159852.SZ|159985.SZ|161226.SZ|501018.SH|513070.SH|513100.SH|513500.SH|513750.SH|515210.SH|518880.SH|588200.SH,2.441742407830933,0.8401243119464499,ucb
rolling_ucb_sampling,2024-01-01/2024-06-30,2024-07-01/2024-12-31,31,159509.SZ|159766.SZ|159852.SZ|159981.SZ|159985.SZ|161226.SZ|501018.SH|512800.SH|513070.SH|513100.SH|513500.SH|513730.SH|513750.SH,3.735825725587109,0.8284455626917091,ucb
rolling_ucb_sampling,2024-01-01/2024-06-30,2024-07-01/2024-12-31,32,159509.SZ|159518.SZ|159985.SZ|161226.SZ|501018.SH|512200.SH|513070.SH|513100.SH|513730.SH|513750.SH|518880.SH|562500.SH|588200.SH,2.9779858905607686,0.8174245780531227,ucb
rolling_ucb_sampling,2024-01-01/2024-06-30,2024-07-01/2024-12-31,33,159518.SZ|159687.SZ|159766.SZ|159852.SZ|159985.SZ|161226.SZ|501018.SH|512800.SH|513070.SH|513500.SH|513730.SH|513750.SH|518880.SH,3.2217944981453175,0.809756851832685,ucb
rolling_ucb_sampling,2024-01-01/2024-06-30,2024-07-01/2024-12-31,34,159687.SZ|159766.SZ|159852.SZ|159915.SZ|159985.SZ|161226.SZ|164824.SZ|501018.SH|513070.SH|513100.SH|513730.SH|513750.SH|518880.SH,2.6938023374159648,0.809756851832685,ucb
rolling_ucb_sampling,2024-01-01/2024-06-30,2024-07-01/2024-12-31,35,159509.SZ|159766.SZ|159985.SZ|161226.SZ|501018.SH|510180.SH|513070.SH|513100.SH|513500.SH|513730.SH|513750.SH|515210.SH|518880.SH,2.9797781090809075,0.8284455626917091,ucb
rolling_ucb_sampling,2024-01-01/2024-06-30,2024-07-01/2024-12-31,36,159509.SZ|159766.SZ|159985.SZ|161226.SZ|501018.SH|512800.SH|513070.SH|513100.SH|513500.SH|513730.SH|513750.SH|515210.SH|518880.SH,4.121798394213154,0.8284455626917091,ucb
rolling_ucb_sampling,2024-01-01/2024-06-30,2024-07-01/2024-12-31,37,159687.SZ|159766.SZ|159980.SZ|159985.SZ|501018.SH|510180.SH|513070.SH|513100.SH|513500.SH|513730.SH|513750.SH|518880.SH|562500.SH,2.11635170455404,0.8284455626917091,ucb
rolling_ucb_sampling,2024-01-01/2024-06-30,2024-07-01/2024-12-31,38,159518.SZ|159985.SZ|161226.SZ|501018.SH|510180.SH|512800.SH|513070.SH|513400.SH|513500.SH|513730.SH|513750.SH|518880.SH|562500.SH,3.0920430800434215,0.809756851832685,ucb
rolling_ucb_sampling,2024-01-01/2024-06-30,2024-07-01/2024-12-31,39,159518.SZ|159915.SZ|159985.SZ|161226.SZ|501018.SH|512800.SH|513070.SH|513100.SH|513500.SH|513730.SH|513750.SH|515210.SH|518880.SH,3.523213143290691,0.8284455626917091,ucb
rolling_ucb_sampling,2024-01-01/2024-06-30,2024-07-01/2024-12-31,40,159518.SZ|159687.SZ|159980.SZ|159985.SZ|161226.SZ|164824.SZ|501018.SH|510210.SH|510500.SH|512800.SH|513070.SH|513500.SH|513750.SH,3.0847227353763307,0.8646812760137823,ucb
rolling_ucb_sampling,2024-01-01/2024-06-30,2024-07-01/2024-12-31,41,159509.SZ|159766.SZ|159985.SZ|161226.SZ|164824.SZ|501018.SH|510180.SH|512800.SH|513070.SH|513500.SH|513730.SH|513750.SH|518880.SH,3.584597307848419,0.809756851832685,ucb
rolling_ucb_sampling,2024-01-01/2024-06-30,2024-07-01/2024-12-31,42,159509.SZ|159766.SZ|159852.SZ|159915.SZ|159985.SZ|161226.SZ|501018.SH|513070.SH|513100.SH|513500.SH|513730.SH|513750.SH|518880.SH,3.720611962436811,0.8284455626917091,ucb
rolling_ucb_sampling,2024-01-01/2024-06-30,2024-07-01/2024-12-31,43,159518.SZ|159766.SZ|159915.SZ|159985.SZ|161226.SZ|501018.SH|513070.SH|513100.SH|513500.SH|513730.SH|513750.SH|518880.SH|588000.SH,2.3041310093040184,0.9039740456658436,ucb
rolling_ucb_sampling,2024-01-01/2024-06-30,2024-07-01/2024-12-31,44,159518.SZ|159852.SZ|159985.SZ|161226.SZ|501018.SH|510180.SH|512800.SH|513100.SH|513180.SH|513500.SH|513730.SH|513750.SH|518880.SH,3.397690392045514,0.8284455626917091,ucb
rolling_ucb_sampling,2024-01-01/2024-06-30,2024-07-01/2024-12-31,45,159509.SZ|159852.SZ|159985.SZ|161226.SZ|501018.SH|510300.SH|512800.SH|513070.SH|513100.SH|513500.SH|513730.SH|513750.SH|518880.SH,4.031706769865751,0.8284455626917091,ucb
rolling_ucb_sampling,2024-01-01/2024-06-30,2024-07-01/2024-12-31,46,159509.SZ|159518.SZ|159766.SZ|159985.SZ|161226.SZ|501018.SH|513070.SH|513100.SH|513730.SH|513750.SH|515210.SH|518880.SH|562500.SH,2.554876119360104,0.8174245780531227,ucb
rolling_ucb_sampling,2024-01-01/2024-06-30,2024-07-01/2024-12-31,47,159509.SZ|159518.SZ|159870.SZ|159985.SZ|161226.SZ|501018.SH|510180.SH|513070.SH|513500.SH|513730.SH|513750.SH|518880.SH|588200.SH,3.23544861061905,0.809756851832685,ucb
rolling_ucb_sampling,2024-01-01/2024-06-30,2024-07-01/2024-12-31,48,159509.SZ|159687.SZ|159980.SZ|159985.SZ|161226.SZ|501018.SH|510180.SH|512800.SH|513070.SH|513100.SH|513730.SH|513750.SH|588200.SH,3.39587587616991,0.8174245780531227,ucb
rolling_ucb_sampling,2024-01-01/2024-06-30,2024-07-01/2024-12-31,49,159509.SZ|159518.SZ|159985.SZ|161226.SZ|501018.SH|510180.SH|512800.SH|513070.SH|513500.SH|513730.SH|513750.SH|518880.SH|588200.SH,3.3403867743444255,0.809756851832685,ucb
rolling_ucb_sampling,2024-01-01/2024-06-30,2024-07-01/2024-12-31,50,159509.SZ|159985.SZ|161226.SZ|501018.SH|510180.SH|513070.SH|513100.SH|513500.SH|513730.SH|513750.SH|518880.SH|562500.SH|588200.SH,2.7848609919591927,0.8284455626917091,ucb
rolling_ucb_sampling,2024-01-01/2024-06-30,2024-07-01/2024-12-31,51,159509.SZ|159766.SZ|159915.SZ|159980.SZ|159985.SZ|161226.SZ|164824.SZ|501018.SH|513070.SH|513100.SH|513730.SH|513750.SH|562500.SH,3.5544111093885475,0.8174245780531227,ucb
rolling_ucb_sampling,2024-01-01/2024-06-30,2024-07-01/2024-12-31,52,159518.SZ|159852.SZ|159985.SZ|161226.SZ|501018.SH|510500.SH|513070.SH|513100.SH|513500.SH|513730.SH|513750.SH|515210.SH|518880.SH,2.8826761994965797,0.8284455626917091,ucb
rolling_ucb_sampling,2024-01-01/2024-06-30,2024-07-01/2024-12-31,53,159509.SZ|159915.SZ|159920.SZ|159985.SZ|161226.SZ|164824.SZ|501018.SH|512800.SH|513500.SH|513730.SH|513750.SH|518880.SH|562500.SH,4.529874738384545,0.8926225266665948,ucb
rolling_ucb_sampling,2024-01-01/2024-06-30,2024-07-01/2024-12-31,54,159509.SZ|159766.SZ|159985.SZ|161226.SZ|501018.SH|510180.SH|513070.SH|513100.SH|513500.SH|513750.SH|513880.SH|518880.SH|588200.SH,3.0137640056820243,0.8284455626917091,ucb
rolling_ucb_sampling,2024-01-01/2024-06-30,2024-07-01/2024-12-31,55,159509.SZ|159518.SZ|159687.SZ|159766.SZ|159915.SZ|159985.SZ|161226.SZ|501018.SH|512800.SH|513070.SH|513730.SH|513750.SH|518880.SH,2.7806209311050942,0.809756851832685,ucb
rolling_ucb_sampling,2024-01-01/2024-06-30,2024-07-01/2024-12-31,56,159518.SZ|159766.SZ|159852.SZ|159985.SZ|161226.SZ|164824.SZ|501018.SH|513070.SH|513500.SH|513730.SH|513750.SH|518880.SH|562500.SH,2.8768872400806624,0.8820761010660748,ucb
rolling_ucb_sampling,2024-01-01/2024-06-30,2024-07-01/2024-12-31,57,159509.SZ|159915.SZ|159980.SZ|159985.SZ|161226.SZ|164824.SZ|501018.SH|510180.SH|513070.SH|513500.SH|513730.SH|513750.SH|515210.SH,2.112796921778099,0.7740348165060975,ucb
rolling_ucb_sampling,2024-01-01/2024-06-30,2024-07-01/2024-12-31,58,159518.SZ|159915.SZ|159981.SZ|159985.SZ|161226.SZ|164824.SZ|501018.SH|510210.SH|512800.SH|513070.SH|513100.SH|513730.SH|513750.SH,2.84921061323078,0.7694161263312431,ucb
rolling_ucb_sampling,2024-01-01/2024-06-30,2024-07-01/2024-12-31,59,159509.SZ|159980.SZ|159985.SZ|161226.SZ|501018.SH|510500.SH|512800.SH|513070.SH|513100.SH|513500.SH|513730.SH|513750.SH|515210.SH,3.5430073445603987,0.8284455626917091,ucb
rolling_ucb_sampling,2024-01-01/2024-06-30,2024-07-01/2024-12-31,60,159509.SZ|159687.SZ|159766.SZ|159865.SZ|159985.SZ|161226.SZ|501018.SH|512800.SH|513070.SH|513100.SH|513500.SH|513750.SH|518880.SH,3.852026504006184,0.8284455626917091,ucb
rolling_ucb_sampling,2024-01-01/2024-06-30,2024-07-01/2024-12-31,61,159509.SZ|159687.SZ|159766.SZ|159985.SZ|161226.SZ|501018.SH|512800.SH|513070.SH|513100.SH|513500.SH|513750.SH|518880.SH|562500.SH,4.112198716993781,0.8284455626917091,ucb
rolling_ucb_sampling,2024-01-01/2024-06-30,2024-07-01/2024-12-31,62,159509.SZ|159687.SZ|159766.SZ|159985.SZ|161226.SZ|501018.SH|510300.SH|513070.SH|513100.SH|513730.SH|513750.SH|518880.SH|588000.SH,2.6025088334747286,0.8174245780531227,ucb
rolling_ucb_sampling,2024-01-01/2024-06-30,2024-07-01/2024-12-31,63,159509.SZ|159687.SZ|159985.SZ|161226.SZ|501018.SH|510300.SH|512800.SH|513070.SH|513500.SH|513730.SH|513750.SH|515210.SH|518880.SH,3.260015993798206,0.809756851832685,ucb
rolling_ucb_sampling,2024-01-01/2024-06-30,2024-07-01/2024-12-31,64,159509.SZ|159518.SZ|159852.SZ|159901.SZ|159985.SZ|161226.SZ|501018.SH|512800.SH|513070.SH|513100.SH|513730.SH|513750.SH|518880.SH,3.8373073034623806,0.8174245780531227,ucb
rolling_ucb_sampling,2024-01-01/2024-06-30,2024-07-01/2024-12-31,65,159509.SZ|159766.SZ|159985.SZ|161226.SZ|501018.SH|512800.SH|513070.SH|513100.SH|513500.SH|513730.SH|513750.SH|518880.SH|588000.SH,3.8131209067690324,0.8284455626917091,ucb
rolling_ucb_sampling,2024-01-01/2024-06-30,2024-07-01/2024-12-31,66,159518.SZ|159985.SZ|161226.SZ|501018.SH|510500.SH|512800.SH|513070.SH|513500.SH|513730.SH|513750.SH|513880.SH|515210.SH|518880.SH,3.4644584191068692,0.809756851832685,ucb
rolling_ucb_sampling,2024-01-01/2024-06-30,2024-07-01/2024-12-31,67,159509.SZ|159518.SZ|159915.SZ|159985.SZ|161226.SZ|501018.SH|510180.SH|512800.SH|513070.SH|513500.SH|513730.SH|513750.SH|518880.SH,3.677340213304584,0.809756851832685,ucb
rolling_ucb_sampling,2024-01-01/2024-06-30,2024-07-01/2024-12-31,68,159509.SZ|159518.SZ|159766.SZ|159901.SZ|159985.SZ|161226.SZ|501018.SH|513070.SH|513100.SH|513730.SH|513750.SH|518880.SH|562500.SH,3.1499872394598807,0.8174245780531227,ucb
rolling_ucb_sampling,2024-01-01/2024-06-30,2024-07-01/2024-12-31,69,159509.SZ|159766.SZ|159865.SZ|159985.SZ|161226.SZ|501018.SH|512800.SH|513070.SH|513500.SH|513730.SH|513750.SH|513880.SH|518880.SH,3.795272920340775,0.809756851832685,ucb
rolling_ucb_sampling,2024-01-01/2024-06-30,2024-07-01/2024-12-31,70,159509.SZ|159687.SZ|159985.SZ|161226.SZ|501018.SH|510180.SH|510500.SH|513070.SH|513500.SH|513730.SH|513750.SH|515210.SH|518880.SH,2.7201880880189764,0.809756851832685,ucb
rolling_ucb_sampling,2024-01-01/2024-06-30,2024-07-01/2024-12-31,71,159509.SZ|159518.SZ|159766.SZ|159915.SZ|159980.SZ|159985.SZ|164824.SZ|501018.SH|513070.SH|513100.SH|513750.SH|518880.SH|588200.SH,2.6548535531010273,0.8238293023750702,ucb
rolling_ucb_sampling,2024-01-01/2024-06-30,2024-07-01/2024-12-31,72,159509.SZ|159518.SZ|159870.SZ|159985.SZ|161226.SZ|164824.SZ|501018.SH|510180.SH|512800.SH|513070.SH|513100.SH|513750.SH|518880.SH,4.0326560883905085,0.8174245780531227,ucb
rolling_ucb_sampling,2024-01-01/2024-06-30,2024-07-01/2024-12-31,73,159518.SZ|159915.SZ|159985.SZ|161226.SZ|501018.SH|510180.SH|512800.SH|513070.SH|513100.SH|513500.SH|513730.SH|513750.SH|518880.SH,3.470301769280069,0.8284455626917091,ucb
rolling_ucb_sampling,2024-01-01/2024-06-30,2024-07-01/2024-12-31,74,159509.SZ|159687.SZ|159985.SZ|161226.SZ|501018.SH|512800.SH|513070.SH|513500.SH|513730.SH|513750.SH|515210.SH|518880.SH|588200.SH,3.326456198818923,0.809756851832685,ucb
rolling_ucb_sampling,2024-01-01/2024-06-30,2024-07-01/2024-12-31,75,159509.SZ|159518.SZ|159852.SZ|159901.SZ|159985.SZ|161226.SZ|501018.SH|512800.SH|513070.SH|513500.SH|513730.SH|513750.SH|518880.SH,3.808747473827016,0.809756851832685,ucb
rolling_ucb_sampling,2024-01-01/2024-06-30,2024-07-01/2024-12-31,76,159509.SZ|159518.SZ|159852.SZ|159915.SZ|159985.SZ|161226.SZ|501018.SH|512800.SH|513070.SH|513100.SH|513730.SH|513750.SH|518880.SH,3.7901256094616933,0.8174245780531227,ucb
rolling_ucb_sampling,2024-01-01/2024-06-30,2024-07-01/2024-12-31,77,159509.SZ|159852.SZ|159865.SZ|159901.SZ|159985.SZ|161226.SZ|501018.SH|513070.SH|513100.SH|513500.SH|513750.SH|513880.SH|518880.SH,3.817692767383867,0.8284455626917091,ucb
rolling_ucb_sampling,2024-01-01/2024-06-30,2024-07-01/2024-12-31,78,159509.SZ|159518.SZ|159852.SZ|159981.SZ|159985.SZ|501018.SH|513070.SH|513500.SH|513750.SH|513880.SH|515210.SH|518880.SH|588000.SH,1.1219995347285947,0.8593615369460731,ucb
rolling_ucb_sampling,2024-01-01/2024-06-30,2024-07-01/2024-12-31,79,159509.SZ|159852.SZ|159967.SZ|159985.SZ|161226.SZ|501018.SH|512800.SH|513070.SH|513500.SH|513730.SH|513750.SH|513880.SH|518880.SH,3.4884052841815807,0.8400222824708488,ucb
rolling_ucb_sampling,2024-01-01/2024-06-30,2024-07-01/2024-12-31,80,159518.SZ|159870.SZ|159967.SZ|159985.SZ|161226.SZ|501018.SH|510180.SH|513070.SH|513100.SH|513500.SH|513730.SH|513750.SH|518880.SH,3.2520662823585496,0.8284455626917091,ucb
rolling_ucb_sampling,2024-01-01/2024-06-30,2024-07-01/2024-12-31,81,159518.SZ|159852.SZ|159967.SZ|159985.SZ|161226.SZ|501018.SH|510180.SH|513070.SH|513100.SH|513500.SH|513730.SH|513750.SH|518880.SH,3.7293024475574836,0.8400222824708488,ucb
rolling_ucb_sampling,2024-01-01/2024-06-30,2024-07-01/2024-12-31,82,159509.SZ|159865.SZ|159967.SZ|159985.SZ|161226.SZ|164824.SZ|501018.SH|512800.SH|513070.SH|513100.SH|513500.SH|513750.SH|518880.SH,3.9982435854149228,0.8284455626917091,ucb
rolling_ucb_sampling,2024-01-01/2024-06-30,2024-07-01/2024-12-31,83,159518.SZ|159967.SZ|159985.SZ|161226.SZ|164824.SZ|501018.SH|510500.SH|512800.SH|513070.SH|513500.SH|513730.SH|513750.SH|518880.SH,2.9915628524631255,0.809756851832685,ucb
rolling_ucb_sampling,2024-01-01/2024-06-30,2024-07-01/2024-12-31,84,159985.SZ|161226.SZ|501018.SH|510300.SH|512800.SH|513070.SH|513400.SH|513500.SH|513730.SH|513750.SH|513880.SH|518880.SH|562500.SH,2.8649175817169414,0.809756851832685,ucb
rolling_ucb_sampling,2024-01-01/2024-06-30,2024-07-01/2024-12-31,85,159509.SZ|159852.SZ|159865.SZ|159967.SZ|159985.SZ|161226.SZ|164824.SZ|501018.SH|513070.SH|513500.SH|513730.SH|513750.SH|518880.SH,3.30024494289374,0.8400222824708488,ucb
rolling_ucb_sampling,2024-01-01/2024-06-30,2024-07-01/2024-12-31,86,159509.SZ|159687.SZ|159852.SZ|159901.SZ|159967.SZ|159981.SZ|161226.SZ|501018.SH|513070.SH|513500.SH|513750.SH|513880.SH|518880.SH,2.0244985474217936,0.8682221767676225,ucb
rolling_ucb_sampling,2024-01-01/2024-06-30,2024-07-01/2024-12-31,87,159865.SZ|159967.SZ|159985.SZ|161226.SZ|501018.SH|510300.SH|513070.SH|513100.SH|513500.SH|513730.SH|513750.SH|513880.SH|518880.SH,2.9074092427531246,0.8284455626917091,ucb
rolling_ucb_sampling,2024-01-01/2024-06-30,2024-07-01/2024-12-31,88,159687.SZ|159967.SZ|159985.SZ|161226.SZ|501018.SH|512800.SH|513070.SH|513500.SH|513730.SH|513750.SH|513880.SH|518880.SH|562500.SH,2.4840150241361405,0.8170712656203459,ucb
rolling_ucb_sampling,2024-01-01/2024-06-30,2024-07-01/2024-12-31,89,159509.SZ|159518.SZ|159766.SZ|159852.SZ|159915.SZ|159985.SZ|161226.SZ|501018.SH|513070.SH|513500.SH|513750.SH|513880.SH|518880.SH,3.4344727166807094,0.809756851832685,ucb
rolling_ucb_sampling,2024-01-01/2024-06-30,2024-07-01/2024-12-31,90,159518.SZ|159985.SZ|161226.SZ|501018.SH|510180.SH|510500.SH|512800.SH|513070.SH|513500.SH|513730.SH|513750.SH|513880.SH|518880.SH,3.3486934585541763,0.809756851832685,ucb
rolling_ucb_sampling,2024-01-01/2024-06-30,2024-07-01/2024-12-31,91,159509.SZ|159967.SZ|159985.SZ|161226.SZ|501018.SH|512800.SH|513070.SH|513500.SH|513730.SH|513750.SH|513880.SH|518880.SH|588200.SH,3.6467783931689755,0.8567934447580456,ucb
rolling_ucb_sampling,2024-01-01/2024-06-30,2024-07-01/2024-12-31,92,159509.SZ|159766.SZ|159967.SZ|159980.SZ|161226.SZ|164824.SZ|501018.SH|510300.SH|513070.SH|513100.SH|513730.SH|513750.SH|518880.SH,3.0211725092388217,0.8174245780531227,ucb
rolling_ucb_sampling,2024-01-01/2024-06-30,2024-07-01/2024-12-31,93,159509.SZ|159518.SZ|159766.SZ|159870.SZ|159901.SZ|159985.SZ|161226.SZ|501018.SH|513070.SH|513100.SH|513500.SH|513750.SH|518880.SH,3.6734549732402098,0.8284455626917091,ucb
rolling_ucb_sampling,2024-01-01/2024-06-30,2024-07-01/2024-12-31,94,159518.SZ|159766.SZ|159852.SZ|159985.SZ|161226.SZ|501018.SH|513070.SH|513100.SH|513120.SH|513500.SH|513880.SH|518880.SH|562500.SH,3.215346804432727,0.8820761010660748,ucb
rolling_ucb_sampling,2024-01-01/2024-06-30,2024-07-01/2024-12-31,95,159509.SZ|159687.SZ|159870.SZ|159967.SZ|159985.SZ|161226.SZ|501018.SH|510180.SH|513070.SH|513100.SH|513730.SH|513750.SH|518880.SH,3.1987617297647697,0.8174245780531227,ucb
rolling_ucb_sampling,2024-01-01/2024-06-30,2024-07-01/2024-12-31,96,159518.SZ|159852.SZ|159865.SZ|159985.SZ|161226.SZ|501018.SH|510210.SH|513070.SH|513100.SH|513500.SH|513730.SH|513750.SH|518880.SH,3.5309036561609557,0.8284455626917091,ucb
rolling_ucb_sampling,2024-01-01/2024-06-30,2024-07-01/2024-12-31,97,159509.SZ|159518.SZ|159901.SZ|159985.SZ|161226.SZ|501018.SH|510180.SH|510500.SH|513070.SH|513100.SH|513730.SH|513750.SH|518880.SH,3.72630232303693,0.8541252853201223,ucb
rolling_ucb_sampling,2024-01-01/2024-06-30,2024-07-01/2024-12-31,98,159509.SZ|159518.SZ|159985.SZ|161226.SZ|164824.SZ|501018.SH|510210.SH|512800.SH|513070.SH|513730.SH|513750.SH|518880.SH|588200.SH,3.3444834754871606,0.809756851832685,ucb
rolling_ucb_sampling,2024-01-01/2024-06-30,2024-07-01/2024-12-31,99,159509.SZ|159901.SZ|159967.SZ|159985.SZ|161226.SZ|501018.SH|513070.SH|513100.SH|513500.SH|513730.SH|513750.SH|518880.SH|562500.SH,3.629580033630864,0.8682221767676225,ucb
rolling_ucb_sampling,2024-01-01/2024-06-30,2024-07-01/2024-12-31,100,159509.SZ|159865.SZ|159985.SZ|161226.SZ|501018.SH|510300.SH|512800.SH|513070.SH|513100.SH|513730.SH|513750.SH|513880.SH|518880.SH,4.260399898339259,0.8174245780531227,ucb
rolling_ucb_sampling,2024-07-01/2024-12-31,2025-01-01/2025-06-30,1,159825.SZ|159852.SZ|159985.SZ|161226.SZ|501018.SH|512040.SH|513030.SH|513100.SH|513120.SH|513290.SH|513400.SH|513750.SH|518880.SH,0.5440138959737449,0.8950243912593482,warmup
rolling_ucb_sampling,2024-07-01/2024-12-31,2025-01-01/2025-06-30,2,159326.SZ|159329.SZ|159518.SZ|159920.SZ|159980.SZ|159981.SZ|159985.SZ|164824.SZ|510050.SH|512170.SH|513310.SH|513750.SH|518880.SH,-1.2201025849714526,0.8958197259318315,warmup
rolling_ucb_sampling,2024-07-01/2024-12-31,2025-01-01/2025-06-30,3,159518.SZ|159687.SZ|159852.SZ|159920.SZ|159980.SZ|159981.SZ|161226.SZ|510880.SH|513120.SH|513400.SH|513730.SH|518880.SH|588000.SH,1.0200909237607876,0.7978084316452795,warmup
rolling_ucb_sampling,2024-07-01/2024-12-31,2025-01-01/2025-06-30,4,159329.SZ|159870.SZ|159980.SZ|159981.SZ|159985.SZ|513030.SH|513100.SH|513120.SH|513180.SH|513310.SH|515210.SH|518880.SH|588200.SH,-0.1535888556989718,0.8270326969967593,warmup
rolling_ucb_sampling,2024-07-01/2024-12-31,2025-01-01/2025-06-30,5,159518.SZ|159687.SZ|159920.SZ|159928.SZ|159980.SZ|159985.SZ|160644.SZ|501018.SH|512200.SH|512880.SH|513080.SH|513750.SH|518880.SH,-0.524345947955432,0.8958197259318315,warmup
rolling_ucb_sampling,2024-07-01/2024-12-31,2025-01-01/2025-06-30,6,159329.SZ|159529.SZ|159967.SZ|159980.SZ|159985.SZ|501018.SH|512100.SH|513030.SH|513120.SH|513400.SH|513750.SH|515220.SH|518880.SH,0.42702292019043825,0.8502223301644143,warmup
rolling_ucb_sampling,2024-07-01/2024-12-31,2025-01-01/2025-06-30,7,159518.SZ|159529.SZ|159687.SZ|159869.SZ|159980.SZ|161226.SZ|501018.SH|512170.SH|513030.SH|513120.SH|513750.SH|518880.SH|563300.SH,-0.25258750104130284,0.8890261723238754,warmup
rolling_ucb_sampling,2024-07-01/2024-12-31,2025-01-01/2025-06-30,8,159529.SZ|159825.SZ|159920.SZ|159949.SZ|159980.SZ|159981.SZ|161226.SZ|510180.SH|513310.SH|513400.SH|513500.SH|513750.SH|518880.SH,0.20367944742245908,0.8958197259318315,warmup
rolling_ucb_sampling,2024-07-01/2024-12-31,2025-01-01/2025-06-30,9,159687.SZ|159981.SZ|159985.SZ|164824.SZ|501018.SH|510300.SH|512400.SH|513070.SH|513120.SH|513290.SH|513500.SH|515790.SH|518880.SH,0.07038131684709241,0.8396509007691003,warmup
rolling_ucb_sampling,2024-07-01/2024-12-31,2025-01-01/2025-06-30,10,159329.SZ|159869.SZ|159870.SZ|159928.SZ|159980.SZ|161226.SZ|501018.SH|513030.SH|513080.SH|513120.SH|513730.SH|513750.SH|518880.SH,-0.03343409999030615,0.9050122424256786,warmup
rolling_ucb_sampling,2024-07-01/2024-12-31,2025-01-01/2025-06-30,11,159509.SZ|159981.SZ|159985.SZ|161226.SZ|501018.SH|512400.SH|513030.SH|513070.SH|513290.SH|513730.SH|513750.SH|515790.SH|588220.SH,0.28533590304638545,0.8521308642411007,warmup
rolling_ucb_sampling,2024-07-01/2024-12-31,2025-01-01/2025-06-30,12,159329.SZ|159529.SZ|159985.SZ|161226.SZ|501018.SH|510210.SH|512980.SH|513080.SH|513120.SH|513290.SH|513750.SH|518880.SH|588200.SH,-0.08633703953505932,0.7992805487269082,warmup
rolling_ucb_sampling,2024-07-01/2024-12-31,2025-01-01/2025-06-30,13,159326.SZ|159981.SZ|159985.SZ|160644.SZ|161226.SZ|513100.SH|513120.SH|513180.SH|513310.SH|513880.SH|515210.SH|518880.SH|588200.SH,-0.4181939357563194,0.781078061256192,warmup
rolling_ucb_sampling,2024-07-01/2024-12-31,2025-01-01/2025-06-30,14,159687.SZ|159928.SZ|159981.SZ|159985.SZ|161226.SZ|164824.SZ|512170.SH|513120.SH|513180.SH|513500.SH|513730.SH|515790.SH|518880.SH,0.10959804841941613,0.8498408994712761,warmup
rolling_ucb_sampling,2024-07-01/2024-12-31,2025-01-01/2025-06-30,15,159518.SZ|159687.SZ|159796.SZ|159985.SZ|161226.SZ|501018.SH|512800.SH|513180.SH|513290.SH|513500.SH|513750.SH|518880.SH|563300.SH,-0.6962558596134276,0.8861226651551434,warmup
rolling_ucb_sampling,2024-07-01/2024-12-31,2025-01-01/2025-06-30,16,159901.SZ|159980.SZ|159981.SZ|161226.SZ|164824.SZ|512200.SH|513030.SH|513080.SH|513120.SH|513180.SH|513400.SH|515210.SH|518880.SH,0.2258433065447844,0.9050122424256786,warmup
rolling_ucb_sampling,2024-07-01/2024-12-31,2025-01-01/2025-06-30,17,159766.SZ|159920.SZ|159981.SZ|159985.SZ|161226.SZ|510180.SH|513120.SH|513310.SH|513400.SH|513500.SH|513880.SH|518880.SH|588220.SH,-0.6802931250896483,0.8164331173149452,warmup
rolling_ucb_sampling,2024-07-01/2024-12-31,2025-01-01/2025-06-30,18,159518.SZ|159529.SZ|159796.SZ|159980.SZ|159981.SZ|501018.SH|510050.SH|513070.SH|513100.SH|513120.SH|513310.SH|515210.SH|518880.SH,0.46985522605550833,0.8157649170976331,warmup
rolling_ucb_sampling,2024-07-01/2024-12-31,2025-01-01/2025-06-30,19,159509.SZ|159518.SZ|159869.SZ|159967.SZ|159981.SZ|159985.SZ|161226.SZ|513120.SH|513180.SH|513290.SH|513310.SH|518880.SH|588000.SH,-0.8170269342134556,0.9076258260410772,warmup
rolling_ucb_sampling,2024-07-01/2024-12-31,2025-01-01/2025-06-30,20,159509.SZ|159920.SZ|159981.SZ|161226.SZ|164824.SZ|501018.SH|512660.SH|513100.SH|513120.SH|513880.SH|515790.SH|518880.SH|588220.SH,-0.2766669817002066,0.9103349868626713,warmup
rolling_ucb_sampling,2024-07-01/2024-12-31,2025-01-01/2025-06-30,21,159509.SZ|159920.SZ|159980.SZ|159985.SZ|161226.SZ|164824.SZ|501018.SH|510210.SH|513500.SH|513730.SH|513750.SH|515220.SH|515880.SH,-0.24281107193773493,0.8958197259318315,ucb
rolling_ucb_sampling,2024-07-01/2024-12-31,2025-01-01/2025-06-30,22,159329.SZ|159509.SZ|159865.SZ|159949.SZ|159980.SZ|159981.SZ|161226.SZ|501018.SH|512660.SH|513030.SH|513070.SH|513730.SH|513750.SH,0.399572489863812,0.8406231432114443,ucb
rolling_ucb_sampling,2024-07-01/2024-12-31,2025-01-01/2025-06-30,23,159851.SZ|159980.SZ|159981.SZ|161226.SZ|501018.SH|510880.SH|512100.SH|513180.SH|513290.SH|513400.SH|513500.SH|513750.SH|513880.SH,1.179179965180384,0.8861226651551434,ucb
rolling_ucb_sampling,2024-07-01/2024-12-31,2025-01-01/2025-06-30,24,159529.SZ|159851.SZ|159980.SZ|159981.SZ|161226.SZ|164824.SZ|510880.SH|513070.SH|513290.SH|513750.SH|513880.SH|515880.SH|518880.SH,0.9812730957406394,0.8406231432114443,ucb
rolling_ucb_sampling,2024-07-01/2024-12-31,2025-01-01/2025-06-30,25,159329.SZ|159766.SZ|159865.SZ|159980.SZ|160644.SZ|161226.SZ|501018.SH|512890.SH|513100.SH|513120.SH|513180.SH|513730.SH|518880.SH,0.3244098242584564,0.863941989102733,ucb
rolling_ucb_sampling,2024-07-01/2024-12-31,2025-01-01/2025-06-30,26,159529.SZ|159851.SZ|159980.SZ|161226.SZ|501018.SH|512040.SH|512100.SH|513070.SH|513100.SH|513290.SH|513400.SH|513750.SH|518880.SH,1.3443329294861335,0.8526350352733528,ucb
rolling_ucb_sampling,2024-07-01/2024-12-31,2025-01-01/2025-06-30,27,159687.SZ|159865.SZ|159980.SZ|160644.SZ|161226.SZ|501018.SH|510300.SH|510880.SH|513070.SH|513400.SH|513730.SH|513750.SH|518880.SH,0.5700441347894366,0.8406231432114443,ucb
rolling_ucb_sampling,2024-07-01/2024-12-31,2025-01-01/2025-06-30,28,159529.SZ|159865.SZ|159949.SZ|159980.SZ|159981.SZ|159985.SZ|501018.SH|512980.SH|513070.SH|513120.SH|513500.SH|513730.SH|513880.SH,1.0804180107157066,0.8047577871053292,ucb
rolling_ucb_sampling,2024-07-01/2024-12-31,2025-01-01/2025-06-30,29,159611.SZ|159901.SZ|159980.SZ|159985.SZ|160644.SZ|161226.SZ|501018.SH|510880.SH|513070.SH|513290.SH|513400.SH|513730.SH|513750.SH,0.9803080823229774,0.8406231432114443,ucb
rolling_ucb_sampling,2024-07-01/2024-12-31,2025-01-01/2025-06-30,30,159509.SZ|159518.SZ|159611.SZ|159851.SZ|159901.SZ|159980.SZ|159985.SZ|161226.SZ|513030.SH|513070.SH|513500.SH|513750.SH|518880.SH,-0.4920081299439469,0.8406231432114443,ucb
rolling_ucb_sampling,2024-07-01/2024-12-31,2025-01-01/2025-06-30,31,159980.SZ|159981.SZ|160644.SZ|161226.SZ|501018.SH|512100.SH|512660.SH|512980.SH|513070.SH|513080.SH|513290.SH|513750.SH|513880.SH,-0.4633559096716353,0.8747723536343764,ucb
rolling_ucb_sampling,2024-07-01/2024-12-31,2025-01-01/2025-06-30,32,159529.SZ|159852.SZ|159980.SZ|159985.SZ|161226.SZ|501018.SH|512040.SH|513070.SH|513100.SH|513400.SH|513750.SH|513880.SH|562500.SH,1.0537495707228315,0.8406231432114443,ucb
rolling_ucb_sampling,2024-07-01/2024-12-31,2025-01-01/2025-06-30,33,159518.SZ|159852.SZ|159920.SZ|159980.SZ|159981.SZ|160644.SZ|501018.SH|510300.SH|513730.SH|513750.SH|513880.SH|518880.SH|588000.SH,0.677074389663973,0.8958197259318315,ucb
rolling_ucb_sampling,2024-07-01/2024-12-31,2025-01-01/2025-06-30,34,159529.SZ|159980.SZ|159985.SZ|161226.SZ|501018.SH|512040.SH|512100.SH|513070.SH|513080.SH|513100.SH|513730.SH|513750.SH|562500.SH,0.5794148868661877,0.9017431972402724,ucb
rolling_ucb_sampling,2024-07-01/2024-12-31,2025-01-01/2025-06-30,35,159529.SZ|159687.SZ|159825.SZ|159980.SZ|159981.SZ|160644.SZ|161226.SZ|501018.SH|510500.SH|513030.SH|513070.SH|513750.SH|515880.SH,-0.6376884368666991,0.8708610010610455,ucb
rolling_ucb_sampling,2024-07-01/2024-12-31,2025-01-01/2025-06-30,36,159611.SZ|159980.SZ|159981.SZ|159985.SZ|501018.SH|510880.SH|513100.SH|513120.SH|513400.SH|513730.SH|513750.SH|513880.SH|515220.SH,1.238762129650088,0.8501473195275876,ucb
rolling_ucb_sampling,2024-07-01/2024-12-31,2025-01-01/2025-06-30,37,159865.SZ|159915.SZ|159981.SZ|159985.SZ|161226.SZ|164824.SZ|501018.SH|512040.SH|513100.SH|513120.SH|513290.SH|513500.SH|513750.SH,0.2926531537777048,0.8709501697880271,ucb
rolling_ucb_sampling,2024-07-01/2024-12-31,2025-01-01/2025-06-30,38,159611.SZ|159980.SZ|159985.SZ|501018.SH|512890.SH|513030.SH|513180.SH|513290.SH|513400.SH|513750.SH|513880.SH|518880.SH|562500.SH,0.3123464746237618,0.8861226651551434,ucb
rolling_ucb_sampling,2024-07-01/2024-12-31,2025-01-01/2025-06-30,39,159509.SZ|159915.SZ|159928.SZ|159980.SZ|159981.SZ|159985.SZ|501018.SH|512040.SH|513100.SH|513120.SH|513180.SH|513500.SH|513730.SH,0.8240070229679592,0.9103349868626713,ucb
rolling_ucb_sampling,2024-07-01/2024-12-31,2025-01-01/2025-06-30,40,159509.SZ|159980.SZ|159981.SZ|160644.SZ|501018.SH|512100.SH|512200.SH|513120.SH|513290.SH|513400.SH|513750.SH|518880.SH|562500.SH,1.0424066963095193,0.9017431972402724,ucb
rolling_ucb_sampling,2024-07-01/2024-12-31,2025-01-01/2025-06-30,41,159529.SZ|159687.SZ|159796.SZ|159851.SZ|159980.SZ|159981.SZ|161226.SZ|501018.SH|513030.SH|513070.SH|513120.SH|513400.SH|588000.SH,1.1374044273293906,0.8518678882060505,ucb
rolling_ucb_sampling,2024-07-01/2024-12-31,2025-01-01/2025-06-30,42,159796.SZ|159852.SZ|159928.SZ|159980.SZ|161226.SZ|501018.SH|513030.SH|513070.SH|513120.SH|513290.SH|513310.SH|513400.SH|518880.SH,-0.07075228140588483,0.7703390842413431,ucb
rolling_ucb_sampling,2024-07-01/2024-12-31,2025-01-01/2025-06-30,43,159329.SZ|159529.SZ|159915.SZ|159980.SZ|159981.SZ|160644.SZ|161226.SZ|501018.SH|510180.SH|512100.SH|513070.SH|513120.SH|513730.SH,0.5465981335275092,0.8853534766638758,ucb
rolling_ucb_sampling,2024-07-01/2024-12-31,2025-01-01/2025-06-30,44,159851.SZ|159980.SZ|161226.SZ|501018.SH|510880.SH|512100.SH|513100.SH|513120.SH|513180.SH|513290.SH|513400.SH|513500.SH|518880.SH,1.4992569024378612,0.8626765910012685,ucb
rolling_ucb_sampling,2024-07-01/2024-12-31,2025-01-01/2025-06-30,45,159901.SZ|159980.SZ|159981.SZ|159985.SZ|161226.SZ|164824.SZ|512800.SH|513100.SH|513180.SH|513290.SH|513730.SH|513750.SH|516150.SH,0.8503908600387567,0.8861226651551434,ucb
rolling_ucb_sampling,2024-07-01/2024-12-31,2025-01-01/2025-06-30,46,159329.SZ|159865.SZ|159928.SZ|159980.SZ|159985.SZ|160644.SZ|161226.SZ|501018.SH|513070.SH|513310.SH|513400.SH|513750.SH|516150.SH,-1.1741895582752788,0.9065986069931544,ucb
rolling_ucb_sampling,2024-07-01/2024-12-31,2025-01-01/2025-06-30,47,159915.SZ|159920.SZ|159981.SZ|159985.SZ|160644.SZ|161226.SZ|501018.SH|510500.SH|513080.SH|513120.SH|513400.SH|513730.SH|588000.SH,-0.2408684237740102,0.9179251225992219,ucb
rolling_ucb_sampling,2024-07-01/2024-12-31,2025-01-01/2025-06-30,48,159766.SZ|159980.SZ|161226.SZ|501018.SH|510880.SH|512800.SH|513070.SH|513100.SH|513120.SH|513290.SH|513730.SH|513880.SH|518880.SH,0.44923680250733183,0.8151554668579901,ucb
rolling_ucb_sampling,2024-07-01/2024-12-31,2025-01-01/2025-06-30,49,159509.SZ|159529.SZ|159851.SZ|159981.SZ|159985.SZ|161226.SZ|501018.SH|512800.SH|513100.SH|513120.SH|513180.SH|513730.SH|562500.SH,1.4610318703591598,0.9103349868626713,ucb
rolling_ucb_sampling,2024-07-01/2024-12-31,2025-01-01/2025-06-30,50,159518.SZ|159529.SZ|159851.SZ|159980.SZ|159981.SZ|159985.SZ|161226.SZ|512980.SH|513120.SH|513180.SH|513310.SH|513880.SH|515210.SH,-0.3266520207371148,0.781078061256192,ucb
rolling_ucb_sampling,2024-07-01/2024-12-31,2025-01-01/2025-06-30,51,159901.SZ|159920.SZ|159980.SZ|159981.SZ|161226.SZ|512400.SH|513120.SH|513310.SH|513400.SH|513730.SH|513880.SH|518880.SH|562500.SH,0.6109363861229201,0.8552499056291595,ucb
rolling_ucb_sampling,2024-07-01/2024-12-31,2025-01-01/2025-06-30,52,159529.SZ|159980.SZ|159981.SZ|160644.SZ|501018.SH|512200.SH|512890.SH|513120.SH|513290.SH|513730.SH|513750.SH|515220.SH|518880.SH,1.9672055898310246,0.8388645880911098,ucb
rolling_ucb_sampling,2024-07-01/2024-12-31,2025-01-01/2025-06-30,53,159529.SZ|159980.SZ|159981.SZ|161226.SZ|164824.SZ|510210.SH|512890.SH|513070.SH|513100.SH|513400.SH|513750.SH|518880.SH|563300.SH,1.1552292244575655,0.8406231432114443,ucb
rolling_ucb_sampling,2024-07-01/2024-12-31,2025-01-01/2025-06-30,54,159529.SZ|159687.SZ|159980.SZ|159981.SZ|161226.SZ|501018.SH|512040.SH|512200.SH|513030.SH|513120.SH|513290.SH|513750.SH|562500.SH,1.3026973642697288,0.7590340779076864,ucb
rolling_ucb_sampling,2024-07-01/2024-12-31,2025-01-01/2025-06-30,55,159529.SZ|159852.SZ|159980.SZ|159981.SZ|161226.SZ|501018.SH|513120.SH|513180.SH|513400.SH|513730.SH|513880.SH|515220.SH|562500.SH,1.3571945791884927,0.7980001932509598,ucb
rolling_ucb_sampling,2024-07-01/2024-12-31,2025-01-01/2025-06-30,56,159687.SZ|159980.SZ|159981.SZ|501018.SH|512040.SH|512200.SH|513070.SH|513120.SH|513310.SH|513500.SH|513730.SH|515220.SH|518880.SH,0.8939014079340587,0.8194151914959155,ucb
rolling_ucb_sampling,2024-07-01/2024-12-31,2025-01-01/2025-06-30,57,159509.SZ|159529.SZ|159687.SZ|159766.SZ|159915.SZ|159980.SZ|159981.SZ|161226.SZ|501018.SH|513180.SH|513400.SH|513750.SH|562500.SH,1.3550642823414139,0.8861226651551434,ucb
rolling_ucb_sampling,2024-07-01/2024-12-31,2025-01-01/2025-06-30,58,159518.SZ|159529.SZ|159851.SZ|159980.SZ|161226.SZ|501018.SH|512800.SH|513100.SH|513120.SH|513180.SH|513310.SH|518880.SH|562500.SH,0.4774054455685861,0.781078061256192,ucb
rolling_ucb_sampling,2024-07-01/2024-12-31,2025-01-01/2025-06-30,59,159329.SZ|159687.SZ|159980.SZ|159981.SZ|159985.SZ|164824.SZ|510180.SH|512890.SH|513080.SH|513180.SH|513750.SH|515220.SH|518880.SH,-0.6463976561382668,0.8861226651551434,ucb
rolling_ucb_sampling,2024-07-01/2024-12-31,2025-01-01/2025-06-30,60,159852.SZ|159949.SZ|159980.SZ|159981.SZ|161226.SZ|512660.SH|513030.SH|513100.SH|513180.SH|513290.SH|513730.SH|513750.SH|518880.SH,0.9740070116233268,0.8861226651551434,ucb
rolling_ucb_sampling,2024-07-01/2024-12-31,2025-01-01/2025-06-30,61,159687.SZ|159981.SZ|159985.SZ|161226.SZ|501018.SH|510210.SH|510880.SH|513070.SH|513120.SH|513290.SH|513400.SH|513880.SH|515220.SH,0.255953509785054,0.8501473195275876,ucb
rolling_ucb_sampling,2024-07-01/2024-12-31,2025-01-01/2025-06-30,62,159329.SZ|159529.SZ|159611.SZ|159766.SZ|159981.SZ|161226.SZ|501018.SH|510880.SH|513100.SH|513120.SH|513500.SH|513750.SH|518880.SH,0.5598581863799956,0.8626765910012685,ucb
rolling_ucb_sampling,2024-07-01/2024-12-31,2025-01-01/2025-06-30,63,159852.SZ|159980.SZ|159981.SZ|159985.SZ|160644.SZ|161226.SZ|512040.SH|512400.SH|513070.SH|513080.SH|513730.SH|513750.SH|513880.SH,0.5823934636047503,0.8718566993306884,ucb
rolling_ucb_sampling,2024-07-01/2024-12-31,2025-01-01/2025-06-30,64,159687.SZ|159825.SZ|159949.SZ|159980.SZ|159981.SZ|159985.SZ|501018.SH|513100.SH|513180.SH|513730.SH|513750.SH|513880.SH|515220.SH,0.7996995119798249,0.8861226651551434,ucb
rolling_ucb_sampling,2024-07-01/2024-12-31,2025-01-01/2025-06-30,65,159518.SZ|159851.SZ|159981.SZ|159985.SZ|161226.SZ|501018.SH|510050.SH|513120.SH|513180.SH|513290.SH|513730.SH|513880.SH|562500.SH,0.910186372181477,0.781078061256192,ucb
rolling_ucb_sampling,2024-07-01/2024-12-31,2025-01-01/2025-06-30,66,159611.SZ|159687.SZ|159865.SZ|159980.SZ|159981.SZ|501018.SH|512040.SH|513070.SH|513100.SH|513730.SH|513750.SH|513880.SH|518880.SH,0.4904260966391283,0.8709501697880271,ucb
rolling_ucb_sampling,2024-07-01/2024-12-31,2025-01-01/2025-06-30,67,159529.SZ|159949.SZ|159980.SZ|159981.SZ|501018.SH|510300.SH|513070.SH|513120.SH|513400.SH|513500.SH|513730.SH|516150.SH|518880.SH,1.5191118539764201,0.8996337787848713,ucb
rolling_ucb_sampling,2024-07-01/2024-12-31,2025-01-01/2025-06-30,68,159509.SZ|159529.SZ|159980.SZ|161226.SZ|164824.SZ|501018.SH|512200.SH|512800.SH|513070.SH|513100.SH|513120.SH|515210.SH|518880.SH,0.5712737829076246,0.9103349868626713,ucb
rolling_ucb_sampling,2024-07-01/2024-12-31,2025-01-01/2025-06-30,69,159329.SZ|159687.SZ|159949.SZ|159980.SZ|159981.SZ|161226.SZ|510880.SH|512040.SH|513120.SH|513180.SH|513290.SH|513730.SH|518880.SH,1.034664873864614,0.838000007170935,ucb
rolling_ucb_sampling,2024-07-01/2024-12-31,2025-01-01/2025-06-30,70,159529.SZ|159949.SZ|159980.SZ|161226.SZ|501018.SH|510880.SH|512880.SH|513070.SH|513100.SH|513120.SH|513400.SH|513730.SH|518880.SH,1.6324255730581803,0.8322988195287456,ucb
rolling_ucb_sampling,2024-07-01/2024-12-31,2025-01-01/2025-06-30,71,159611.SZ|159980.SZ|159981.SZ|159985.SZ|501018.SH|510500.SH|512660.SH|513030.SH|513180.SH|513500.SH|513730.SH|513750.SH|513880.SH,0.7096662828971763,0.8861226651551434,ucb
rolling_ucb_sampling,2024-07-01/2024-12-31,2025-01-01/2025-06-30,72,159529.SZ|159852.SZ|159980.SZ|159985.SZ|161226.SZ|501018.SH|510300.SH|512880.SH|513100.SH|513180.SH|513400.SH|513730.SH|513750.SH,1.9787368366045393,0.8861226651551434,ucb
rolling_ucb_sampling,2024-07-01/2024-12-31,2025-01-01/2025-06-30,73,159529.SZ|159865.SZ|159980.SZ|159981.SZ|161226.SZ|512880.SH|513070.SH|513080.SH|513400.SH|513730.SH|513750.SH|518880.SH|562500.SH,1.595785446229607,0.8406231432114443,ucb
rolling_ucb_sampling,2024-07-01/2024-12-31,2025-01-01/2025-06-30,74,159529.SZ|159980.SZ|159985.SZ|161226.SZ|510300.SH|512880.SH|512890.SH|513100.SH|513120.SH|513290.SH|513310.SH|513750.SH|518880.SH,0.9007699664526811,0.80430117004774,ucb
rolling_ucb_sampling,2024-07-01/2024-12-31,2025-01-01/2025-06-30,75,159329.SZ|159529.SZ|159920.SZ|159981.SZ|161226.SZ|501018.SH|510300.SH|510880.SH|512880.SH|513080.SH|513750.SH|513880.SH|518880.SH,1.2895270015817901,0.8958197259318315,ucb
rolling_ucb_sampling,2024-07-01/2024-12-31,2025-01-01/2025-06-30,76,159329.SZ|159687.SZ|159796.SZ|159981.SZ|159985.SZ|160644.SZ|161226.SZ|512660.SH|513120.SH|513180.SH|513500.SH|516150.SH|518880.SH,-0.8609095574305142,0.8217633742544791,ucb
rolling_ucb_sampling,2024-07-01/2024-12-31,2025-01-01/2025-06-30,77,159967.SZ|159980.SZ|159981.SZ|160644.SZ|501018.SH|510300.SH|513180.SH|513290.SH|513400.SH|513750.SH|513880.SH|515880.SH|518880.SH,0.6474124527165027,0.8861226651551434,ucb
rolling_ucb_sampling,2024-07-01/2024-12-31,2025-01-01/2025-06-30,78,159509.SZ|159518.SZ|159687.SZ|159865.SZ|159870.SZ|159980.SZ|159985.SZ|161226.SZ|512100.SH|513120.SH|513180.SH|513500.SH|518880.SH,-0.49200756584536587,0.9000511022628488,ucb
rolling_ucb_sampling,2024-07-01/2024-12-31,2025-01-01/2025-06-30,79,159518.SZ|159985.SZ|161226.SZ|501018.SH|510300.SH|512400.SH|513030.SH|513100.SH|513120.SH|513310.SH|513750.SH|516150.SH|518880.SH,-0.28898537214570336,0.8661530355882048,ucb
rolling_ucb_sampling,2024-07-01/2024-12-31,2025-01-01/2025-06-30,80,159687.SZ|159766.SZ|159920.SZ|159980.SZ|159985.SZ|161226.SZ|164824.SZ|512200.SH|513080.SH|513100.SH|513120.SH|518880.SH|562500.SH,-0.6826520747344689,0.8138100763747664,ucb
rolling_ucb_sampling,2024-07-01/2024-12-31,2025-01-01/2025-06-30,81,159509.SZ|159915.SZ|159980.SZ|159981.SZ|160644.SZ|161226.SZ|164824.SZ|501018.SH|510880.SH|513120.SH|513180.SH|513290.SH|588200.SH,0.22771565080527661,0.781078061256192,ucb
rolling_ucb_sampling,2024-07-01/2024-12-31,2025-01-01/2025-06-30,82,159529.SZ|159949.SZ|159980.SZ|161226.SZ|501018.SH|510050.SH|513070.SH|513120.SH|513400.SH|513500.SH|513730.SH|515880.SH|518880.SH,1.2692796992715512,0.8152400600255949,ucb
rolling_ucb_sampling,2024-07-01/2024-12-31,2025-01-01/2025-06-30,83,159529.SZ|159928.SZ|159980.SZ|159981.SZ|161226.SZ|501018.SH|513070.SH|513080.SH|513290.SH|513730.SH|513750.SH|515880.SH|588000.SH,0.7247913913736352,0.8406231432114443,ucb
rolling_ucb_sampling,2024-07-01/2024-12-31,2025-01-01/2025-06-30,84,159518.SZ|159852.SZ|159980.SZ|159981.SZ|161226.SZ|164824.SZ|501018.SH|512040.SH|512880.SH|513100.SH|513120.SH|513180.SH|513400.SH,1.5832319420241057,0.7837149643736099,ucb
rolling_ucb_sampling,2024-07-01/2024-12-31,2025-01-01/2025-06-30,85,159509.SZ|159529.SZ|159915.SZ|159980.SZ|159985.SZ|161226.SZ|501018.SH|512880.SH|513180.SH|513730.SH|513750.SH|513880.SH|562500.SH,0.9922223511301298,0.8861226651551434,ucb
rolling_ucb_sampling,2024-07-01/2024-12-31,2025-01-01/2025-06-30,86,159509.SZ|159529.SZ|159980.SZ|159981.SZ|161226.SZ|501018.SH|512660.SH|513180.SH|513290.SH|513750.SH|513880.SH|515880.SH|588000.SH,0.17570455800535678,0.8861226651551434,ucb
rolling_ucb_sampling,2024-07-01/2024-12-31,2025-01-01/2025-06-30,87,159509.SZ|159980.SZ|159981.SZ|161226.SZ|501018.SH|510180.SH|512880.SH|513070.SH|513080.SH|513120.SH|513290.SH|513400.SH|562500.SH,1.145741961817887,0.7848433275284874,ucb
rolling_ucb_sampling,2024-07-01/2024-12-31,2025-01-01/2025-06-30,88,159529.SZ|159915.SZ|159980.SZ|159985.SZ|161226.SZ|510300.SH|513070.SH|513290.SH|513310.SH|513730.SH|513750.SH|515220.SH|518880.SH,0.15581547350230085,0.8995131352729698,ucb
rolling_ucb_sampling,2024-07-01/2024-12-31,2025-01-01/2025-06-30,89,159518.SZ|159852.SZ|159980.SZ|159985.SZ|164824.SZ|501018.SH|512400.SH|513070.SH|513080.SH|513100.SH|513120.SH|518880.SH|588000.SH,-0.15455808294591078,0.7978084316452795,ucb
rolling_ucb_sampling,2024-07-01/2024-12-31,2025-01-01/2025-06-30,90,159529.SZ|159687.SZ|159851.SZ|159981.SZ|159985.SZ|501018.SH|510210.SH|512880.SH|513070.SH|513100.SH|513500.SH|513750.SH|518880.SH,1.3865539475004514,0.8626765910012685,ucb
rolling_ucb_sampling,2024-07-01/2024-12-31,2025-01-01/2025-06-30,91,159687.SZ|159980.SZ|159981.SZ|501018.SH|512040.SH|512800.SH|512880.SH|513180.SH|513290.SH|513500.SH|513730.SH|513750.SH|518880.SH,1.8294372192981156,0.8861226651551434,ucb
rolling_ucb_sampling,2024-07-01/2024-12-31,2025-01-01/2025-06-30,92,159687.SZ|159865.SZ|159980.SZ|159981.SZ|161226.SZ|501018.SH|510210.SH|512880.SH|513030.SH|513100.SH|513120.SH|513180.SH|513400.SH,1.2654407731654576,0.7897605534408043,ucb
rolling_ucb_sampling,2024-07-01/2024-12-31,2025-01-01/2025-06-30,93,159529.SZ|159901.SZ|159920.SZ|159981.SZ|161226.SZ|501018.SH|512880.SH|512890.SH|513080.SH|513100.SH|513120.SH|513290.SH|518880.SH,1.8728315349290907,0.8562027294288218,ucb
rolling_ucb_sampling,2024-07-01/2024-12-31,2025-01-01/2025-06-30,94,159329.SZ|159870.SZ|159920.SZ|159981.SZ|161226.SZ|501018.SH|512880.SH|513120.SH|513400.SH|513730.SH|513880.SH|518880.SH|562500.SH,1.5976972745138809,0.7879452865213583,ucb
rolling_ucb_sampling,2024-07-01/2024-12-31,2025-01-01/2025-06-30,95,159529.SZ|159825.SZ|159949.SZ|159981.SZ|161226.SZ|501018.SH|513080.SH|513100.SH|513180.SH|513290.SH|513750.SH|518880.SH|562500.SH,0.9253969365630467,0.8861226651551434,ucb
rolling_ucb_sampling,2024-07-01/2024-12-31,2025-01-01/2025-06-30,96,159870.SZ|159915.SZ|159981.SZ|161226.SZ|501018.SH|512890.SH|513100.SH|513120.SH|513180.SH|513400.SH|513500.SH|513730.SH|518880.SH,1.2487287137322571,0.8626765910012685,ucb
rolling_ucb_sampling,2024-07-01/2024-12-31,2025-01-01/2025-06-30,97,159796.SZ|159980.SZ|159981.SZ|161226.SZ|164824.SZ|512880.SH|513120.SH|513180.SH|513310.SH|513400.SH|513500.SH|518880.SH|562500.SH,0.5921258108089829,0.8455407368800586,ucb
rolling_ucb_sampling,2024-07-01/2024-12-31,2025-01-01/2025-06-30,98,159329.SZ|159687.SZ|159980.SZ|159981.SZ|161226.SZ|501018.SH|512200.SH|513120.SH|513180.SH|513310.SH|513730.SH|515210.SH|516150.SH,-0.12324405995597483,0.7989377167515237,ucb
rolling_ucb_sampling,2024-07-01/2024-12-31,2025-01-01/2025-06-30,99,159687.SZ|159852.SZ|159980.SZ|159981.SZ|501018.SH|512880.SH|512890.SH|513100.SH|513180.SH|513500.SH|513730.SH|513750.SH|518880.SH,1.46046726031835,0.8861226651551434,ucb
rolling_ucb_sampling,2024-07-01/2024-12-31,2025-01-01/2025-06-30,100,159329.SZ|159529.SZ|159611.SZ|159980.SZ|159981.SZ|161226.SZ|501018.SH|512880.SH|513030.SH|513180.SH|513500.SH|513750.SH|515220.SH,0.776448467714183,0.8861226651551434,ucb
rolling_ucb_sampling,2025-01-01/2025-06-30,2025-07-01/2025-12-31,1,159518.SZ|159851.SZ|159852.SZ|159920.SZ|159949.SZ|159981.SZ|161226.SZ|501018.SH|513030.SH|513120.SH|513290.SH|513880.SH|518880.SH,0.1300484223401511,0.8936089729693539,warmup
rolling_ucb_sampling,2025-01-01/2025-06-30,2025-07-01/2025-12-31,2,159509.SZ|159529.SZ|159611.SZ|159981.SZ|159985.SZ|161226.SZ|501018.SH|513120.SH|513180.SH|513400.SH|513880.SH|515210.SH|588200.SH,0.02904844151934238,0.8208512885877406,warmup
rolling_ucb_sampling,2025-01-01/2025-06-30,2025-07-01/2025-12-31,3,159329.SZ|159870.SZ|159980.SZ|159985.SZ|164824.SZ|501018.SH|510050.SH|513120.SH|513180.SH|513290.SH|513310.SH|518880.SH|588000.SH,-0.2794335728509027,0.7497077102306594,warmup
rolling_ucb_sampling,2025-01-01/2025-06-30,2025-07-01/2025-12-31,4,159509.SZ|159611.SZ|159981.SZ|159985.SZ|160644.SZ|161226.SZ|512400.SH|513070.SH|513500.SH|513750.SH|513880.SH|515210.SH|518880.SH,0.19655413968282884,0.9127168100554361,warmup
rolling_ucb_sampling,2025-01-01/2025-06-30,2025-07-01/2025-12-31,5,159201.SZ|159509.SZ|159796.SZ|159980.SZ|159985.SZ|160644.SZ|161226.SZ|512800.SH|513030.SH|513120.SH|513180.SH|513290.SH|518880.SH,0.3010911072324836,0.7639156138443662,warmup
rolling_ucb_sampling,2025-01-01/2025-06-30,2025-07-01/2025-12-31,6,159329.SZ|159980.SZ|159981.SZ|160644.SZ|161226.SZ|501018.SH|510300.SH|513080.SH|513120.SH|513180.SH|513310.SH|515220.SH|515790.SH,-1.1872099710713893,0.7884897360575407,warmup
rolling_ucb_sampling,2025-01-01/2025-06-30,2025-07-01/2025-12-31,7,159209.SZ|159518.SZ|159687.SZ|159869.SZ|159980.SZ|159981.SZ|159985.SZ|161226.SZ|512200.SH|513180.SH|513290.SH|513310.SH|513750.SH,-0.5182819997325729,0.829117026530356,warmup
rolling_ucb_sampling,2025-01-01/2025-06-30,2025-07-01/2025-12-31,8,159529.SZ|159825.SZ|159869.SZ|159981.SZ|159985.SZ|160644.SZ|164824.SZ|501018.SH|510880.SH|513120.SH|513730.SH|513750.SH|518880.SH,1.3136062124814365,0.7282420618134918,warmup
rolling_ucb_sampling,2025-01-01/2025-06-30,2025-07-01/2025-12-31,9,159329.SZ|159509.SZ|159796.SZ|159980.SZ|159981.SZ|161226.SZ|501018.SH|512200.SH|512400.SH|513080.SH|513180.SH|513750.SH|513880.SH,-1.3170396116680045,0.829117026530356,warmup
rolling_ucb_sampling,2025-01-01/2025-06-30,2025-07-01/2025-12-31,10,159206.SZ|159529.SZ|159825.SZ|159980.SZ|159981.SZ|164824.SZ|501018.SH|510050.SH|513180.SH|513290.SH|513400.SH|513750.SH|518880.SH,0.6273787604109459,0.829117026530356,warmup
rolling_ucb_sampling,2025-01-01/2025-06-30,2025-07-01/2025-12-31,11,159209.SZ|159509.SZ|159687.SZ|159920.SZ|159980.SZ|161226.SZ|501018.SH|510050.SH|512980.SH|513080.SH|513400.SH|513750.SH|518880.SH,0.39905916133157004,0.9042601594691357,warmup
rolling_ucb_sampling,2025-01-01/2025-06-30,2025-07-01/2025-12-31,12,159329.SZ|159529.SZ|159901.SZ|159985.SZ|160644.SZ|161226.SZ|501018.SH|512040.SH|513070.SH|513120.SH|513880.SH|518880.SH|588000.SH,-0.21873304203529892,0.8334814821486283,warmup
rolling_ucb_sampling,2025-01-01/2025-06-30,2025-07-01/2025-12-31,13,159329.SZ|159851.SZ|159928.SZ|159981.SZ|159985.SZ|161226.SZ|510880.SH|513030.SH|513100.SH|513120.SH|513290.SH|513750.SH|518880.SH,0.6976723121755858,0.6771187149313193,warmup
rolling_ucb_sampling,2025-01-01/2025-06-30,2025-07-01/2025-12-31,14,159329.SZ|159518.SZ|159967.SZ|159980.SZ|159985.SZ|501018.SH|510210.SH|513030.SH|513080.SH|513120.SH|513180.SH|516150.SH|518880.SH,-0.45098102045869076,0.8376867764596351,warmup
rolling_ucb_sampling,2025-01-01/2025-06-30,2025-07-01/2025-12-31,15,159529.SZ|159611.SZ|159687.SZ|159796.SZ|159869.SZ|159920.SZ|159981.SZ|161226.SZ|501018.SH|513080.SH|513100.SH|513750.SH|518880.SH,0.5625307325456452,0.9042601594691357,warmup
rolling_ucb_sampling,2025-01-01/2025-06-30,2025-07-01/2025-12-31,16,159201.SZ|159509.SZ|159518.SZ|159687.SZ|159920.SZ|159980.SZ|161226.SZ|501018.SH|510880.SH|512200.SH|513120.SH|513310.SH|518880.SH,1.0681923974943563,0.8402043027587869,warmup
rolling_ucb_sampling,2025-01-01/2025-06-30,2025-07-01/2025-12-31,17,159201.SZ|159209.SZ|159529.SZ|159865.SZ|159980.SZ|161226.SZ|501018.SH|513070.SH|513290.SH|513500.SH|513730.SH|513750.SH|518880.SH,0.8682310023307493,0.9189409336508267,warmup
rolling_ucb_sampling,2025-01-01/2025-06-30,2025-07-01/2025-12-31,18,159509.SZ|159529.SZ|159766.SZ|159825.SZ|159901.SZ|159981.SZ|159985.SZ|160644.SZ|161226.SZ|513080.SH|513120.SH|513180.SH|518880.SH,0.5465094767209319,0.7639156138443662,warmup
rolling_ucb_sampling,2025-01-01/2025-06-30,2025-07-01/2025-12-31,19,159201.SZ|159687.SZ|159851.SZ|159920.SZ|159980.SZ|159981.SZ|159985.SZ|501018.SH|512170.SH|513100.SH|513120.SH|513310.SH|513730.SH,-0.633007185610308,0.8627541750814681,warmup
rolling_ucb_sampling,2025-01-01/2025-06-30,2025-07-01/2025-12-31,20,159518.SZ|159529.SZ|159865.SZ|159980.SZ|159985.SZ|161226.SZ|501018.SH|513070.SH|513100.SH|513120.SH|513290.SH|515220.SH|516150.SH,-1.1358772261959191,0.6771187149313193,warmup
rolling_ucb_sampling,2025-01-01/2025-06-30,2025-07-01/2025-12-31,21,159687.SZ|159928.SZ|159980.SZ|159981.SZ|159985.SZ|164824.SZ|512880.SH|513070.SH|513290.SH|513500.SH|513750.SH|515210.SH|518880.SH,1.2621654296779605,0.8346945255088569,ucb
rolling_ucb_sampling,2025-01-01/2025-06-30,2025-07-01/2025-12-31,22,159766.SZ|159980.SZ|159981.SZ|501018.SH|510210.SH|512880.SH|513070.SH|513080.SH|513290.SH|513500.SH|513730.SH|513750.SH|518880.SH,1.314678128976125,0.8739691547258938,ucb
rolling_ucb_sampling,2025-01-01/2025-06-30,2025-07-01/2025-12-31,23,159509.SZ|159766.SZ|159981.SZ|159985.SZ|161226.SZ|164824.SZ|510880.SH|512880.SH|513070.SH|513120.SH|513500.SH|513730.SH|518880.SH,0.4949989208762456,0.9127168100554361,ucb
rolling_ucb_sampling,2025-01-01/2025-06-30,2025-07-01/2025-12-31,24,159687.SZ|159915.SZ|159920.SZ|159981.SZ|159985.SZ|501018.SH|512890.SH|513030.SH|513080.SH|513120.SH|513400.SH|515210.SH|518880.SH,-0.2569729684541216,0.8248864925491514,ucb
rolling_ucb_sampling,2025-01-01/2025-06-30,2025-07-01/2025-12-31,25,159206.SZ|159980.SZ|159981.SZ|161226.SZ|164824.SZ|510300.SH|512980.SH|513070.SH|513080.SH|513500.SH|513730.SH|513750.SH|518880.SH,1.3427168898762873,0.8489591242734664,ucb
rolling_ucb_sampling,2025-01-01/2025-06-30,2025-07-01/2025-12-31,26,159529.SZ|159980.SZ|159985.SZ|161226.SZ|164824.SZ|512800.SH|512880.SH|513070.SH|513500.SH|513730.SH|513750.SH|515210.SH|518880.SH,1.3669787217642333,0.8489591242734664,ucb
rolling_ucb_sampling,2025-01-01/2025-06-30,2025-07-01/2025-12-31,27,159509.SZ|159529.SZ|159980.SZ|159985.SZ|164824.SZ|501018.SH|512660.SH|512800.SH|513070.SH|513500.SH|513750.SH|515880.SH|518880.SH,0.9424810567310702,0.9127168100554361,ucb
rolling_ucb_sampling,2025-01-01/2025-06-30,2025-07-01/2025-12-31,28,159529.SZ|159920.SZ|159981.SZ|159985.SZ|160644.SZ|161226.SZ|501018.SH|512400.SH|512660.SH|512880.SH|513080.SH|513730.SH|513750.SH,-0.8799581834467937,0.9042601594691357,ucb
rolling_ucb_sampling,2025-01-01/2025-06-30,2025-07-01/2025-12-31,29,159980.SZ|159985.SZ|161226.SZ|164824.SZ|512880.SH|513030.SH|513070.SH|513500.SH|513730.SH|513750.SH|515880.SH|518880.SH|562500.SH,0.9705058767911108,0.8489591242734664,ucb
rolling_ucb_sampling,2025-01-01/2025-06-30,2025-07-01/2025-12-31,30,159206.SZ|159981.SZ|161226.SZ|164824.SZ|501018.SH|510180.SH|513070.SH|513290.SH|513400.SH|513730.SH|513750.SH|518880.SH|562500.SH,0.7905954152772902,0.8649137804514015,ucb
rolling_ucb_sampling,2025-01-01/2025-06-30,2025-07-01/2025-12-31,31,159529.SZ|159980.SZ|159981.SZ|159985.SZ|164824.SZ|510180.SH|513030.SH|513070.SH|513290.SH|513750.SH|515880.SH|518880.SH|588200.SH,0.7925077722245057,0.8346945255088569,ucb
rolling_ucb_sampling,2025-01-01/2025-06-30,2025-07-01/2025-12-31,32,159518.SZ|159529.SZ|159870.SZ|159980.SZ|161226.SZ|164824.SZ|501018.SH|512880.SH|512980.SH|513070.SH|513500.SH|513750.SH|518880.SH,0.7988652037406313,0.8346945255088569,ucb
rolling_ucb_sampling,2025-01-01/2025-06-30,2025-07-01/2025-12-31,33,159509.SZ|159870.SZ|159980.SZ|159981.SZ|501018.SH|510180.SH|513070.SH|513290.SH|513500.SH|513730.SH|513750.SH|518880.SH|588200.SH,0.7185069203006879,0.9127168100554361,ucb
rolling_ucb_sampling,2025-01-01/2025-06-30,2025-07-01/2025-12-31,34,159206.SZ|159518.SZ|159529.SZ|159949.SZ|159980.SZ|159981.SZ|164824.SZ|501018.SH|513120.SH|513400.SH|513750.SH|515880.SH|518880.SH,0.9961717287560964,0.8676683968248857,ucb
rolling_ucb_sampling,2025-01-01/2025-06-30,2025-07-01/2025-12-31,35,159687.SZ|159869.SZ|159980.SZ|159981.SZ|161226.SZ|164824.SZ|510180.SH|513070.SH|513500.SH|513730.SH|513750.SH|518880.SH|563300.SH,1.003649174780793,0.8489591242734664,ucb
rolling_ucb_sampling,2025-01-01/2025-06-30,2025-07-01/2025-12-31,36,159529.SZ|159920.SZ|159928.SZ|159981.SZ|159985.SZ|160644.SZ|501018.SH|512800.SH|513500.SH|513730.SH|513750.SH|518880.SH|563300.SH,0.5765757357942466,0.9042601594691357,ucb
rolling_ucb_sampling,2025-01-01/2025-06-30,2025-07-01/2025-12-31,37,159529.SZ|159766.SZ|159851.SZ|159928.SZ|159981.SZ|159985.SZ|161226.SZ|164824.SZ|513030.SH|513070.SH|513500.SH|513750.SH|518880.SH,1.0125070638545883,0.8346945255088569,ucb
rolling_ucb_sampling,2025-01-01/2025-06-30,2025-07-01/2025-12-31,38,159201.SZ|159206.SZ|159518.SZ|159529.SZ|159985.SZ|161226.SZ|501018.SH|510880.SH|513180.SH|513500.SH|513730.SH|513750.SH|518880.SH,0.23312112150348377,0.8489591242734664,ucb
rolling_ucb_sampling,2025-01-01/2025-06-30,2025-07-01/2025-12-31,39,159687.SZ|159825.SZ|159928.SZ|159985.SZ|160644.SZ|161226.SZ|164824.SZ|501018.SH|513070.SH|513400.SH|513750.SH|518880.SH|563300.SH,0.26991849430758624,0.8346945255088569,ucb
rolling_ucb_sampling,2025-01-01/2025-06-30,2025-07-01/2025-12-31,40,159529.SZ|159766.SZ|159852.SZ|159981.SZ|159985.SZ|161226.SZ|512170.SH|513070.SH|513080.SH|513500.SH|513730.SH|513750.SH|518880.SH,0.8623678886141954,0.8489591242734664,ucb
rolling_ucb_sampling,2025-01-01/2025-06-30,2025-07-01/2025-12-31,41,159980.SZ|159981.SZ|159985.SZ|164824.SZ|510880.SH|512200.SH|512880.SH|513030.SH|513070.SH|513120.SH|513500.SH|513880.SH|518880.SH,0.6809878508573232,0.8221534939092613,ucb
rolling_ucb_sampling,2025-01-01/2025-06-30,2025-07-01/2025-12-31,42,159206.SZ|159518.SZ|159529.SZ|159928.SZ|159980.SZ|159981.SZ|159985.SZ|512890.SH|513070.SH|513400.SH|513750.SH|513880.SH|518880.SH,0.049352970973928136,0.8346945255088569,ucb
rolling_ucb_sampling,2025-01-01/2025-06-30,2025-07-01/2025-12-31,43,159869.SZ|159980.SZ|159981.SZ|159985.SZ|512170.SH|512800.SH|513030.SH|513070.SH|513310.SH|513500.SH|513730.SH|513750.SH|518880.SH,0.7678046133421947,0.8489591242734664,ucb
rolling_ucb_sampling,2025-01-01/2025-06-30,2025-07-01/2025-12-31,44,159326.SZ|159329.SZ|159509.SZ|159980.SZ|159985.SZ|161226.SZ|164824.SZ|510050.SH|513070.SH|513080.SH|513750.SH|518880.SH|562500.SH,0.7960433913629891,0.8346945255088569,ucb
rolling_ucb_sampling,2025-01-01/2025-06-30,2025-07-01/2025-12-31,45,159326.SZ|159687.SZ|159869.SZ|159920.SZ|159980.SZ|159985.SZ|161226.SZ|513030.SH|513100.SH|513730.SH|513750.SH|518880.SH|562500.SH,0.9573752494294312,0.9042601594691357,ucb
rolling_ucb_sampling,2025-01-01/2025-06-30,2025-07-01/2025-12-31,46,159326.SZ|159529.SZ|159980.SZ|159981.SZ|164824.SZ|501018.SH|510210.SH|513030.SH|513070.SH|513500.SH|513750.SH|518880.SH|588220.SH,0.9209494218408777,0.8629319000999045,ucb
rolling_ucb_sampling,2025-01-01/2025-06-30,2025-07-01/2025-12-31,47,159206.SZ|159529.SZ|159980.SZ|159985.SZ|161226.SZ|164824.SZ|510180.SH|513070.SH|513500.SH|513730.SH|513750.SH|515880.SH|518880.SH,1.2245593873784715,0.8676683968248857,ucb
rolling_ucb_sampling,2025-01-01/2025-06-30,2025-07-01/2025-12-31,48,159326.SZ|159329.SZ|159980.SZ|159985.SZ|164824.SZ|501018.SH|512040.SH|513100.SH|513180.SH|513310.SH|513750.SH|518880.SH|562500.SH,-0.06769701205238983,0.8325266366133957,ucb
rolling_ucb_sampling,2025-01-01/2025-06-30,2025-07-01/2025-12-31,49,159611.SZ|159920.SZ|159949.SZ|159980.SZ|159985.SZ|161226.SZ|513030.SH|513290.SH|513500.SH|513730.SH|513750.SH|518880.SH|588220.SH,0.9352995146072232,0.9042601594691357,ucb
rolling_ucb_sampling,2025-01-01/2025-06-30,2025-07-01/2025-12-31,50,159518.SZ|159981.SZ|159985.SZ|501018.SH|512980.SH|513030.SH|513070.SH|513100.SH|513750.SH|513880.SH|515880.SH|518880.SH|588220.SH,0.38710033028927926,0.8346945255088569,ucb
rolling_ucb_sampling,2025-01-01/2025-06-30,2025-07-01/2025-12-31,51,159206.SZ|159980.SZ|159985.SZ|161226.SZ|512170.SH|513030.SH|513070.SH|513080.SH|513100.SH|513730.SH|513750.SH|518880.SH|588220.SH,0.9882628448961543,0.8627541750814681,ucb
rolling_ucb_sampling,2025-01-01/2025-06-30,2025-07-01/2025-12-31,52,159509.SZ|159766.SZ|159852.SZ|159869.SZ|159981.SZ|159985.SZ|161226.SZ|164824.SZ|513030.SH|513070.SH|513290.SH|513750.SH|518880.SH,1.1599263286054138,0.8425189142612616,ucb
rolling_ucb_sampling,2025-01-01/2025-06-30,2025-07-01/2025-12-31,53,159509.SZ|159687.SZ|159766.SZ|159981.SZ|161226.SZ|164824.SZ|501018.SH|512170.SH|513070.SH|513500.SH|513750.SH|518880.SH|588220.SH,0.47623558071156485,0.9127168100554361,ucb
rolling_ucb_sampling,2025-01-01/2025-06-30,2025-07-01/2025-12-31,54,159201.SZ|159509.SZ|159920.SZ|159980.SZ|159981.SZ|159985.SZ|161226.SZ|513030.SH|513730.SH|513750.SH|513880.SH|515880.SH|588200.SH,-0.17392860408644079,0.9042601594691357,ucb
rolling_ucb_sampling,2025-01-01/2025-06-30,2025-07-01/2025-12-31,55,159326.SZ|159509.SZ|159687.SZ|159981.SZ|159985.SZ|160644.SZ|161226.SZ|512800.SH|513070.SH|513120.SH|513290.SH|518880.SH|588220.SH,0.14278588433579192,0.8126663950482932,ucb
rolling_ucb_sampling,2025-01-01/2025-06-30,2025-07-01/2025-12-31,56,159825.SZ|159920.SZ|159980.SZ|159985.SZ|161226.SZ|512100.SH|512170.SH|513290.SH|513310.SH|513400.SH|513730.SH|513750.SH|518880.SH,1.550483726256558,0.9042601594691357,ucb
rolling_ucb_sampling,2025-01-01/2025-06-30,2025-07-01/2025-12-31,57,159529.SZ|159920.SZ|159967.SZ|159980.SZ|159981.SZ|159985.SZ|512100.SH|512200.SH|513120.SH|513290.SH|513500.SH|513730.SH|518880.SH,0.9301344501312797,0.9045679701972807,ucb
rolling_ucb_sampling,2025-01-01/2025-06-30,2025-07-01/2025-12-31,58,159509.SZ|159518.SZ|159687.SZ|159851.SZ|159981.SZ|159985.SZ|161226.SZ|164824.SZ|510180.SH|512880.SH|513070.SH|513750.SH|518880.SH,-0.18277534521076877,0.8812112025322899,ucb
rolling_ucb_sampling,2025-01-01/2025-06-30,2025-07-01/2025-12-31,59,159509.SZ|159529.SZ|159796.SZ|159928.SZ|159985.SZ|161226.SZ|501018.SH|512170.SH|513180.SH|513500.SH|513730.SH|513750.SH|518880.SH,0.35061778297753154,0.9127168100554361,ucb
rolling_ucb_sampling,2025-01-01/2025-06-30,2025-07-01/2025-12-31,60,159852.SZ|159981.SZ|159985.SZ|161226.SZ|164824.SZ|510210.SH|512100.SH|513030.SH|513070.SH|513290.SH|513500.SH|513750.SH|518880.SH,1.0751953408402697,0.8664069403704526,ucb
rolling_ucb_sampling,2025-01-01/2025-06-30,2025-07-01/2025-12-31,61,159509.SZ|159980.SZ|159985.SZ|164824.SZ|501018.SH|510210.SH|512100.SH|512980.SH|513030.SH|513070.SH|513500.SH|513750.SH|518880.SH,0.1256967216278021,0.9127168100554361,ucb
rolling_ucb_sampling,2025-01-01/2025-06-30,2025-07-01/2025-12-31,62,159529.SZ|159869.SZ|159980.SZ|159985.SZ|161226.SZ|501018.SH|513030.SH|513070.SH|513290.SH|513310.SH|513750.SH|515880.SH|588220.SH,-0.3122323615262483,0.8346945255088569,ucb
rolling_ucb_sampling,2025-01-01/2025-06-30,2025-07-01/2025-12-31,63,159529.SZ|159852.SZ|159980.SZ|159981.SZ|159985.SZ|160644.SZ|164824.SZ|501018.SH|512880.SH|513030.SH|513070.SH|513120.SH|563300.SH,-1.0139879958034987,0.7812167172725752,ucb
rolling_ucb_sampling,2025-01-01/2025-06-30,2025-07-01/2025-12-31,64,159825.SZ|159869.SZ|159980.SZ|159981.SZ|161226.SZ|501018.SH|510500.SH|513030.SH|513180.SH|513310.SH|513400.SH|513730.SH|513750.SH,-0.3399296521403864,0.829117026530356,ucb
rolling_ucb_sampling,2025-01-01/2025-06-30,2025-07-01/2025-12-31,65,159206.SZ|159796.SZ|159825.SZ|159985.SZ|161226.SZ|501018.SH|513030.SH|513070.SH|513100.SH|513400.SH|513730.SH|513750.SH|518880.SH,1.1163877813313332,0.8896514833819045,ucb
rolling_ucb_sampling,2025-01-01/2025-06-30,2025-07-01/2025-12-31,66,159865.SZ|159870.SZ|159980.SZ|159985.SZ|160644.SZ|161226.SZ|510180.SH|513070.SH|513080.SH|513310.SH|513500.SH|513750.SH|518880.SH,1.56832303844109,0.8359240052236644,ucb
rolling_ucb_sampling,2025-01-01/2025-06-30,2025-07-01/2025-12-31,67,159206.SZ|159326.SZ|159980.SZ|159981.SZ|161226.SZ|164824.SZ|510880.SH|513070.SH|513100.SH|513400.SH|513730.SH|513750.SH|518880.SH,1.1046171923480188,0.8896514833819045,ucb
rolling_ucb_sampling,2025-01-01/2025-06-30,2025-07-01/2025-12-31,68,159201.SZ|159518.SZ|159687.SZ|159920.SZ|159980.SZ|159985.SZ|161226.SZ|510050.SH|512100.SH|513030.SH|513100.SH|513120.SH|518880.SH,-1.1218310179926865,0.8230925766345099,ucb
rolling_ucb_sampling,2025-01-01/2025-06-30,2025-07-01/2025-12-31,69,159329.SZ|159920.SZ|159967.SZ|159980.SZ|159985.SZ|161226.SZ|164824.SZ|510180.SH|513500.SH|513730.SH|513750.SH|518880.SH|588200.SH,1.730267330535786,0.9042601594691357,ucb
rolling_ucb_sampling,2025-01-01/2025-06-30,2025-07-01/2025-12-31,70,159206.SZ|159329.SZ|159920.SZ|159949.SZ|159980.SZ|159981.SZ|164824.SZ|501018.SH|513080.SH|513120.SH|513290.SH|518880.SH|588200.SH,0.45291488005566766,0.8378472069213566,ucb
rolling_ucb_sampling,2025-01-01/2025-06-30,2025-07-01/2025-12-31,71,159825.SZ|159980.SZ|159981.SZ|159985.SZ|161226.SZ|164824.SZ|510300.SH|512170.SH|513030.SH|513070.SH|513080.SH|513400.SH|513750.SH,0.3379333925983814,0.8346945255088569,ucb
rolling_ucb_sampling,2025-01-01/2025-06-30,2025-07-01/2025-12-31,72,159529.SZ|159851.SZ|159865.SZ|159980.SZ|159981.SZ|161226.SZ|510500.SH|513030.SH|513070.SH|513500.SH|513730.SH|513750.SH|518880.SH,1.9145751508381579,0.8489591242734664,ucb
rolling_ucb_sampling,2025-01-01/2025-06-30,2025-07-01/2025-12-31,73,159687.SZ|159980.SZ|159981.SZ|161226.SZ|164824.SZ|510500.SH|513070.SH|513080.SH|513500.SH|513750.SH|515880.SH|518880.SH|562500.SH,1.2015029543391316,0.8346945255088569,ucb
rolling_ucb_sampling,2025-01-01/2025-06-30,2025-07-01/2025-12-31,74,159529.SZ|159825.SZ|159870.SZ|159920.SZ|159981.SZ|159985.SZ|161226.SZ|164824.SZ|512980.SH|513120.SH|513400.SH|513730.SH|518880.SH,0.6384072265886455,0.7844473400812552,ucb
rolling_ucb_sampling,2025-01-01/2025-06-30,2025-07-01/2025-12-31,75,159529.SZ|159687.SZ|159980.SZ|159981.SZ|159985.SZ|161226.SZ|510180.SH|512880.SH|513030.SH|513070.SH|513120.SH|513500.SH|515210.SH,-0.16314694909497937,0.8812112025322899,ucb
rolling_ucb_sampling,2025-01-01/2025-06-30,2025-07-01/2025-12-31,76,159518.SZ|159766.SZ|159852.SZ|159865.SZ|159980.SZ|159981.SZ|159985.SZ|164824.SZ|513070.SH|513310.SH|513730.SH|513750.SH|518880.SH,0.6442232475754563,0.8346945255088569,ucb
rolling_ucb_sampling,2025-01-01/2025-06-30,2025-07-01/2025-12-31,77,159509.SZ|159529.SZ|159865.SZ|159920.SZ|159980.SZ|159985.SZ|501018.SH|512800.SH|512890.SH|513290.SH|513750.SH|513880.SH|518880.SH,1.5288891030458833,0.9042601594691357,ucb
rolling_ucb_sampling,2025-01-01/2025-06-30,2025-07-01/2025-12-31,78,159509.SZ|159687.SZ|159870.SZ|159967.SZ|159980.SZ|159985.SZ|501018.SH|510300.SH|513120.SH|513500.SH|513730.SH|513750.SH|518880.SH,0.29342973686561896,0.9127168100554361,ucb
rolling_ucb_sampling,2025-01-01/2025-06-30,2025-07-01/2025-12-31,79,159509.SZ|159611.SZ|159865.SZ|159980.SZ|159985.SZ|161226.SZ|164824.SZ|510500.SH|513120.SH|513290.SH|513730.SH|513750.SH|518880.SH,0.7343597343566243,0.8348181381191616,ucb
rolling_ucb_sampling,2025-01-01/2025-06-30,2025-07-01/2025-12-31,80,159209.SZ|159687.SZ|159766.SZ|159981.SZ|161226.SZ|501018.SH|510880.SH|513030.SH|513070.SH|513500.SH|513730.SH|513750.SH|518880.SH,0.5016507497392305,0.8489591242734664,ucb
rolling_ucb_sampling,2025-01-01/2025-06-30,2025-07-01/2025-12-31,81,159518.SZ|159687.SZ|159870.SZ|159920.SZ|159967.SZ|159980.SZ|159981.SZ|159985.SZ|161226.SZ|164824.SZ|510180.SH|513310.SH|513750.SH,-0.3740439890829194,0.9042601594691357,ucb
rolling_ucb_sampling,2025-01-01/2025-06-30,2025-07-01/2025-12-31,82,159825.SZ|159920.SZ|159980.SZ|159981.SZ|160644.SZ|161226.SZ|512980.SH|513030.SH|513080.SH|513500.SH|513750.SH|518880.SH|588200.SH,1.0048395986772953,0.9042601594691357,ucb
rolling_ucb_sampling,2025-01-01/2025-06-30,2025-07-01/2025-12-31,83,159206.SZ|159509.SZ|159920.SZ|159980.SZ|159981.SZ|161226.SZ|164824.SZ|510500.SH|513030.SH|513730.SH|513750.SH|515210.SH|518880.SH,1.0507919381602517,0.9042601594691357,ucb
rolling_ucb_sampling,2025-01-01/2025-06-30,2025-07-01/2025-12-31,84,159201.SZ|159865.SZ|159980.SZ|159985.SZ|160644.SZ|164824.SZ|501018.SH|513070.SH|513400.SH|513730.SH|513750.SH|515880.SH|518880.SH,0.28816409403250204,0.8346945255088569,ucb
rolling_ucb_sampling,2025-01-01/2025-06-30,2025-07-01/2025-12-31,85,159206.SZ|159529.SZ|159687.SZ|159980.SZ|159981.SZ|161226.SZ|510210.SH|512800.SH|513070.SH|513500.SH|513730.SH|513750.SH|518880.SH,1.5901010053656006,0.8489591242734664,ucb
rolling_ucb_sampling,2025-01-01/2025-06-30,2025-07-01/2025-12-31,86,159329.SZ|159611.SZ|159980.SZ|159985.SZ|161226.SZ|510210.SH|513070.SH|513100.SH|513310.SH|513400.SH|513750.SH|518880.SH|562500.SH,1.7371581660467377,0.8896514833819045,ucb
rolling_ucb_sampling,2025-01-01/2025-06-30,2025-07-01/2025-12-31,87,159529.SZ|159687.SZ|159980.SZ|159981.SZ|160644.SZ|161226.SZ|510210.SH|512980.SH|513070.SH|513290.SH|513750.SH|518880.SH|563300.SH,0.8851741037476807,0.8346945255088569,ucb
rolling_ucb_sampling,2025-01-01/2025-06-30,2025-07-01/2025-12-31,88,159329.SZ|159687.SZ|159901.SZ|159980.SZ|159981.SZ|161226.SZ|510050.SH|512660.SH|513120.SH|513290.SH|513500.SH|513750.SH|518880.SH,1.3791024726730003,0.8470707088608833,ucb
rolling_ucb_sampling,2025-01-01/2025-06-30,2025-07-01/2025-12-31,89,159529.SZ|159796.SZ|159865.SZ|159920.SZ|159980.SZ|159981.SZ|160644.SZ|161226.SZ|512800.SH|513290.SH|513500.SH|513750.SH|518880.SH,1.5867907837344577,0.9042601594691357,ucb
rolling_ucb_sampling,2025-01-01/2025-06-30,2025-07-01/2025-12-31,90,159529.SZ|159825.SZ|159901.SZ|159980.SZ|159981.SZ|161226.SZ|164824.SZ|501018.SH|513070.SH|513100.SH|513400.SH|513750.SH|562500.SH,-0.0240776863532057,0.8896514833819045,ucb
rolling_ucb_sampling,2025-01-01/2025-06-30,2025-07-01/2025-12-31,91,159509.SZ|159851.SZ|159915.SZ|159980.SZ|159981.SZ|159985.SZ|161226.SZ|164824.SZ|512800.SH|513070.SH|513500.SH|513730.SH|513750.SH,-0.19008350329323595,0.9127168100554361,ucb
rolling_ucb_sampling,2025-01-01/2025-06-30,2025-07-01/2025-12-31,92,159611.SZ|159687.SZ|159865.SZ|159981.SZ|160644.SZ|161226.SZ|501018.SH|513120.SH|513310.SH|513400.SH|513750.SH|518880.SH|588000.SH,1.4570182960251843,0.6617561878523793,ucb
rolling_ucb_sampling,2025-01-01/2025-06-30,2025-07-01/2025-12-31,93,159529.SZ|159865.SZ|159920.SZ|159980.SZ|159985.SZ|161226.SZ|510180.SH|512170.SH|513100.SH|513290.SH|513730.SH|513750.SH|518880.SH,1.3055281399225618,0.9042601594691357,ucb
rolling_ucb_sampling,2025-01-01/2025-06-30,2025-07-01/2025-12-31,94,159329.SZ|159529.SZ|159851.SZ|159980.SZ|159981.SZ|161226.SZ|513070.SH|513120.SH|513310.SH|513730.SH|518880.SH|563300.SH|588000.SH,0.9559367649118512,0.8443183910143117,ucb
rolling_ucb_sampling,2025-01-01/2025-06-30,2025-07-01/2025-12-31,95,159326.SZ|159329.SZ|159509.SZ|159529.SZ|159766.SZ|159980.SZ|159981.SZ|159985.SZ|512400.SH|513070.SH|513400.SH|513750.SH|518880.SH,0.04861484039238051,0.8346945255088569,ucb
rolling_ucb_sampling,2025-01-01/2025-06-30,2025-07-01/2025-12-31,96,159766.SZ|159865.SZ|159901.SZ|159920.SZ|159980.SZ|159981.SZ|161226.SZ|164824.SZ|513310.SH|513500.SH|513730.SH|513750.SH|518880.SH,2.0148516341420977,0.9042601594691357,ucb
rolling_ucb_sampling,2025-01-01/2025-06-30,2025-07-01/2025-12-31,97,159529.SZ|159981.SZ|159985.SZ|161226.SZ|510500.SH|512980.SH|513030.SH|513070.SH|513120.SH|513290.SH|513730.SH|518880.SH|588000.SH,0.5924865862350127,0.8626064955511207,ucb
rolling_ucb_sampling,2025-01-01/2025-06-30,2025-07-01/2025-12-31,98,159509.SZ|159529.SZ|159825.SZ|159920.SZ|159980.SZ|159981.SZ|159985.SZ|501018.SH|512660.SH|512800.SH|513310.SH|513730.SH|513750.SH,-0.20971418344478865,0.9042601594691357,ucb
rolling_ucb_sampling,2025-01-01/2025-06-30,2025-07-01/2025-12-31,99,159326.SZ|159687.SZ|159981.SZ|161226.SZ|164824.SZ|501018.SH|510210.SH|512800.SH|513070.SH|513080.SH|513500.SH|513750.SH|518880.SH,0.4407651525530525,0.8629319000999045,ucb
rolling_ucb_sampling,2025-01-01/2025-06-30,2025-07-01/2025-12-31,100,159529.SZ|159915.SZ|159920.SZ|159980.SZ|159981.SZ|159985.SZ|512800.SH|512890.SH|513030.SH|513120.SH|513290.SH|513500.SH|518880.SH,0.8629187841311177,0.8235560766374734,ucb
rolling_ucb_sampling,2025-07-01/2025-12-31,2026-01-01/2026-06-30,1,159529.SZ|159915.SZ|159980.SZ|159981.SZ|160644.SZ|161226.SZ|164824.SZ|512200.SH|512980.SH|513180.SH|513750.SH|513880.SH|518880.SH,1.7525376262672012,0.5949825230331695,warmup
rolling_ucb_sampling,2025-07-01/2025-12-31,2026-01-01/2026-06-30,2,159509.SZ|159825.SZ|159928.SZ|159981.SZ|159985.SZ|501018.SH|510050.SH|513030.SH|513120.SH|513180.SH|513400.SH|513500.SH|518880.SH,1.1389082898570255,0.8047960289181927,warmup
rolling_ucb_sampling,2025-07-01/2025-12-31,2026-01-01/2026-06-30,3,159209.SZ|159509.SZ|159981.SZ|159985.SZ|164824.SZ|501018.SH|510210.SH|513070.SH|513120.SH|513500.SH|513730.SH|516150.SH|518880.SH,2.5687436593786233,0.7740116384719741,warmup
rolling_ucb_sampling,2025-07-01/2025-12-31,2026-01-01/2026-06-30,4,159518.SZ|159611.SZ|159687.SZ|159852.SZ|159949.SZ|159980.SZ|159985.SZ|161226.SZ|513030.SH|513070.SH|513180.SH|513500.SH|518880.SH,0.49464920918885963,0.830842807816761,warmup
rolling_ucb_sampling,2025-07-01/2025-12-31,2026-01-01/2026-06-30,5,159509.SZ|159920.SZ|159980.SZ|159985.SZ|161226.SZ|512880.SH|513120.SH|513290.SH|513400.SH|513880.SH|515790.SH|518880.SH|563300.SH,2.773467436051896,0.6413247658701808,warmup
rolling_ucb_sampling,2025-07-01/2025-12-31,2026-01-01/2026-06-30,6,159529.SZ|159687.SZ|159981.SZ|159985.SZ|161226.SZ|501018.SH|513120.SH|513180.SH|513310.SH|513400.SH|515880.SH|562500.SH|588220.SH,3.145369680637969,0.7906335613652875,warmup
rolling_ucb_sampling,2025-07-01/2025-12-31,2026-01-01/2026-06-30,7,159518.SZ|159611.SZ|159980.SZ|159981.SZ|159985.SZ|160644.SZ|510300.SH|513120.SH|513180.SH|513290.SH|513880.SH|518880.SH|563300.SH,1.8721729057546486,0.6475562728829248,warmup
rolling_ucb_sampling,2025-07-01/2025-12-31,2026-01-01/2026-06-30,8,159851.SZ|159980.SZ|159981.SZ|160644.SZ|161226.SZ|513030.SH|513100.SH|513120.SH|513400.SH|513750.SH|515210.SH|515220.SH|518880.SH,1.9735316851373859,0.7210958925798221,warmup
rolling_ucb_sampling,2025-07-01/2025-12-31,2026-01-01/2026-06-30,9,159920.SZ|159980.SZ|159981.SZ|160644.SZ|161226.SZ|501018.SH|510300.SH|512040.SH|513120.SH|513310.SH|513500.SH|513730.SH|515790.SH,2.008959294794498,0.771546803858715,warmup
rolling_ucb_sampling,2025-07-01/2025-12-31,2026-01-01/2026-06-30,10,159206.SZ|159329.SZ|159529.SZ|159949.SZ|159980.SZ|159985.SZ|161226.SZ|501018.SH|513180.SH|513400.SH|513730.SH|513750.SH|562500.SH,3.6187631856525013,0.6449236218068173,warmup
rolling_ucb_sampling,2025-07-01/2025-12-31,2026-01-01/2026-06-30,11,159869.SZ|159980.SZ|159985.SZ|160644.SZ|161226.SZ|164824.SZ|512040.SH|513120.SH|513310.SH|513500.SH|513750.SH|518880.SH|588000.SH,1.6076395197819349,0.5489078219078787,warmup
rolling_ucb_sampling,2025-07-01/2025-12-31,2026-01-01/2026-06-30,12,159518.SZ|159687.SZ|159920.SZ|159928.SZ|159980.SZ|159981.SZ|160644.SZ|161226.SZ|512890.SH|512980.SH|513180.SH|513880.SH|518880.SH,1.425374057890009,0.896611122646074,warmup
rolling_ucb_sampling,2025-07-01/2025-12-31,2026-01-01/2026-06-30,13,159529.SZ|159870.SZ|159980.SZ|159981.SZ|161226.SZ|512170.SH|513100.SH|513120.SH|513180.SH|513310.SH|513400.SH|518880.SH|563300.SH,2.227583898657365,0.7210958925798221,warmup
rolling_ucb_sampling,2025-07-01/2025-12-31,2026-01-01/2026-06-30,14,159518.SZ|159529.SZ|159865.SZ|159915.SZ|159920.SZ|159980.SZ|159981.SZ|164824.SZ|501018.SH|513180.SH|513880.SH|518880.SH|562500.SH,1.8661664136975429,0.896611122646074,warmup
rolling_ucb_sampling,2025-07-01/2025-12-31,2026-01-01/2026-06-30,15,159509.SZ|159529.SZ|159796.SZ|159980.SZ|159981.SZ|161226.SZ|501018.SH|510300.SH|512200.SH|513070.SH|513180.SH|513310.SH|513400.SH,2.7946004170070298,0.830842807816761,warmup
rolling_ucb_sampling,2025-07-01/2025-12-31,2026-01-01/2026-06-30,16,159329.SZ|159796.SZ|159980.SZ|159985.SZ|161226.SZ|501018.SH|510180.SH|512040.SH|513030.SH|513070.SH|513100.SH|513180.SH|513400.SH,2.699025205223752,0.830842807816761,warmup
rolling_ucb_sampling,2025-07-01/2025-12-31,2026-01-01/2026-06-30,17,159209.SZ|159518.SZ|159529.SZ|159980.SZ|161226.SZ|501018.SH|512800.SH|513030.SH|513180.SH|513500.SH|513750.SH|518880.SH|562500.SH,1.8133566648399733,0.6546092645179226,warmup
rolling_ucb_sampling,2025-07-01/2025-12-31,2026-01-01/2026-06-30,18,159518.SZ|159915.SZ|159981.SZ|160644.SZ|161226.SZ|501018.SH|513070.SH|513120.SH|513310.SH|513400.SH|515790.SH|518880.SH|588200.SH,2.2680633545945246,0.7388003631861783,warmup
rolling_ucb_sampling,2025-07-01/2025-12-31,2026-01-01/2026-06-30,19,159329.SZ|159611.SZ|159920.SZ|159980.SZ|159985.SZ|501018.SH|512980.SH|513100.SH|513500.SH|513750.SH|513880.SH|515790.SH|518880.SH,1.7085106405466766,0.8694020646184932,warmup
rolling_ucb_sampling,2025-07-01/2025-12-31,2026-01-01/2026-06-30,20,159509.SZ|159865.SZ|159980.SZ|159985.SZ|161226.SZ|164824.SZ|510300.SH|513070.SH|513120.SH|513290.SH|513400.SH|515220.SH|518880.SH,3.251034439147125,0.5672778172369838,warmup
rolling_ucb_sampling,2025-07-01/2025-12-31,2026-01-01/2026-06-30,21,159206.SZ|159509.SZ|159870.SZ|159980.SZ|159981.SZ|159985.SZ|164824.SZ|501018.SH|513070.SH|513120.SH|513290.SH|513730.SH|515880.SH,2.44888738228929,0.646583745050377,ucb
rolling_ucb_sampling,2025-07-01/2025-12-31,2026-01-01/2026-06-30,22,159206.SZ|159509.SZ|159920.SZ|159980.SZ|159981.SZ|159985.SZ|501018.SH|513180.SH|513290.SH|513310.SH|513730.SH|588000.SH|588220.SH,2.993663334760686,0.896611122646074,ucb
rolling_ucb_sampling,2025-07-01/2025-12-31,2026-01-01/2026-06-30,23,159509.SZ|159529.SZ|159981.SZ|159985.SZ|501018.SH|510210.SH|513070.SH|513290.SH|513730.SH|513750.SH|515210.SH|518880.SH|588220.SH,3.252601278370669,0.6476155365970057,ucb
rolling_ucb_sampling,2025-07-01/2025-12-31,2026-01-01/2026-06-30,24,159329.SZ|159509.SZ|159796.SZ|159920.SZ|159949.SZ|159980.SZ|159985.SZ|161226.SZ|501018.SH|513070.SH|513290.SH|513730.SH|588200.SH,3.7198610018374634,0.8781907596410816,ucb
rolling_ucb_sampling,2025-07-01/2025-12-31,2026-01-01/2026-06-30,25,159329.SZ|159509.SZ|159529.SZ|159981.SZ|159985.SZ|161226.SZ|501018.SH|512880.SH|513070.SH|513730.SH|513750.SH|515210.SH|588200.SH,2.9673965580045327,0.646583745050377,ucb
rolling_ucb_sampling,2025-07-01/2025-12-31,2026-01-01/2026-06-30,26,159329.SZ|159687.SZ|159796.SZ|159981.SZ|161226.SZ|501018.SH|510180.SH|513070.SH|513100.SH|513400.SH|513750.SH|518880.SH|588200.SH,2.0713400175385415,0.7261832191445962,ucb
rolling_ucb_sampling,2025-07-01/2025-12-31,2026-01-01/2026-06-30,27,159206.SZ|159329.SZ|159509.SZ|159865.SZ|159981.SZ|159985.SZ|161226.SZ|501018.SH|513070.SH|513120.SH|513290.SH|513730.SH|515880.SH,4.669670800124173,0.646583745050377,ucb
rolling_ucb_sampling,2025-07-01/2025-12-31,2026-01-01/2026-06-30,28,159980.SZ|159985.SZ|161226.SZ|164824.SZ|501018.SH|510210.SH|510300.SH|513070.SH|513100.SH|513290.SH|513730.SH|513750.SH|515880.SH,3.1726732744428556,0.8984863846859665,ucb
rolling_ucb_sampling,2025-07-01/2025-12-31,2026-01-01/2026-06-30,29,159206.SZ|159329.SZ|159529.SZ|159981.SZ|159985.SZ|161226.SZ|501018.SH|510210.SH|513070.SH|513100.SH|513120.SH|513290.SH|515880.SH,4.357360618171927,0.5606287046702274,ucb
rolling_ucb_sampling,2025-07-01/2025-12-31,2026-01-01/2026-06-30,30,159206.SZ|159329.SZ|159865.SZ|159981.SZ|159985.SZ|161226.SZ|164824.SZ|501018.SH|513070.SH|513120.SH|513290.SH|513500.SH|516150.SH,1.9864766445877104,0.5547914999893949,ucb
rolling_ucb_sampling,2025-07-01/2025-12-31,2026-01-01/2026-06-30,31,159329.SZ|159509.SZ|159981.SZ|161226.SZ|501018.SH|512880.SH|513070.SH|513290.SH|513730.SH|513750.SH|515220.SH|515880.SH|518880.SH,3.512719246664832,0.646583745050377,ucb
rolling_ucb_sampling,2025-07-01/2025-12-31,2026-01-01/2026-06-30,32,159509.SZ|159529.SZ|159981.SZ|159985.SZ|161226.SZ|501018.SH|512170.SH|513070.SH|513100.SH|513400.SH|513750.SH|588200.SH|588220.SH,3.1419059928426236,0.8498833324563035,ucb
rolling_ucb_sampling,2025-07-01/2025-12-31,2026-01-01/2026-06-30,33,159329.SZ|159529.SZ|159981.SZ|159985.SZ|160644.SZ|161226.SZ|501018.SH|510300.SH|513070.SH|513310.SH|513750.SH|515880.SH|588220.SH,3.1424642562698484,0.7548817520963652,ucb
rolling_ucb_sampling,2025-07-01/2025-12-31,2026-01-01/2026-06-30,34,159329.SZ|159796.SZ|159920.SZ|159981.SZ|161226.SZ|501018.SH|510210.SH|513070.SH|513290.SH|513400.SH|513730.SH|518880.SH|563300.SH,3.3885041122731105,0.8781907596410816,ucb
rolling_ucb_sampling,2025-07-01/2025-12-31,2026-01-01/2026-06-30,35,159329.SZ|159529.SZ|159981.SZ|159985.SZ|161226.SZ|501018.SH|510180.SH|510210.SH|512170.SH|513120.SH|513290.SH|513730.SH|513750.SH,2.670274197451961,0.9074179323944449,ucb
rolling_ucb_sampling,2025-07-01/2025-12-31,2026-01-01/2026-06-30,36,159509.SZ|159529.SZ|159920.SZ|159981.SZ|159985.SZ|161226.SZ|501018.SH|510300.SH|512880.SH|513120.SH|513310.SH|513730.SH|516150.SH,3.022663197930976,0.7348134833189409,ucb
rolling_ucb_sampling,2025-07-01/2025-12-31,2026-01-01/2026-06-30,37,159329.SZ|159529.SZ|159796.SZ|159865.SZ|159981.SZ|159985.SZ|161226.SZ|512880.SH|513070.SH|513100.SH|513730.SH|513750.SH|518880.SH,2.425886656152634,0.690607802228965,ucb
rolling_ucb_sampling,2025-07-01/2025-12-31,2026-01-01/2026-06-30,38,159206.SZ|159329.SZ|159509.SZ|159981.SZ|159985.SZ|161226.SZ|501018.SH|510210.SH|512880.SH|513070.SH|513310.SH|513730.SH|513750.SH,3.5255913659197438,0.7470733185420468,ucb
rolling_ucb_sampling,2025-07-01/2025-12-31,2026-01-01/2026-06-30,39,159206.SZ|159329.SZ|159869.SZ|159920.SZ|159981.SZ|159985.SZ|161226.SZ|512040.SH|513100.SH|513290.SH|513730.SH|513750.SH|518880.SH,3.9402910655727608,0.7241698032373148,ucb
rolling_ucb_sampling,2025-07-01/2025-12-31,2026-01-01/2026-06-30,40,159329.SZ|159509.SZ|159920.SZ|159980.SZ|159985.SZ|160644.SZ|161226.SZ|501018.SH|510300.SH|513290.SH|513750.SH|515210.SH|515220.SH,3.035597452473757,0.7241698032373148,ucb
rolling_ucb_sampling,2025-07-01/2025-12-31,2026-01-01/2026-06-30,41,159206.SZ|159329.SZ|159869.SZ|159981.SZ|159985.SZ|161226.SZ|510210.SH|513070.SH|513100.SH|513120.SH|513290.SH|513730.SH|518880.SH,3.9675991907927153,0.690607802228965,ucb
rolling_ucb_sampling,2025-07-01/2025-12-31,2026-01-01/2026-06-30,42,159206.SZ|159851.SZ|159869.SZ|159920.SZ|159980.SZ|159981.SZ|159985.SZ|160644.SZ|513100.SH|513180.SH|513290.SH|513400.SH|518880.SH,2.1875658851390356,0.896611122646074,ucb
rolling_ucb_sampling,2025-07-01/2025-12-31,2026-01-01/2026-06-30,43,159329.SZ|159920.SZ|159981.SZ|159985.SZ|161226.SZ|164824.SZ|512800.SH|513100.SH|513120.SH|513290.SH|515220.SH|515880.SH|518880.SH,3.439689053326873,0.5489078219078787,ucb
rolling_ucb_sampling,2025-07-01/2025-12-31,2026-01-01/2026-06-30,44,159509.SZ|159851.SZ|159920.SZ|159985.SZ|161226.SZ|501018.SH|513070.SH|513100.SH|513290.SH|513400.SH|515880.SH|518880.SH|588220.SH,3.638396395752986,0.8781907596410816,ucb
rolling_ucb_sampling,2025-07-01/2025-12-31,2026-01-01/2026-06-30,45,159206.SZ|159329.SZ|159509.SZ|159920.SZ|159985.SZ|161226.SZ|501018.SH|512880.SH|513120.SH|513290.SH|513730.SH|518880.SH|588220.SH,3.834741294958941,0.6503410951643052,ucb
rolling_ucb_sampling,2025-07-01/2025-12-31,2026-01-01/2026-06-30,46,159329.SZ|159509.SZ|159920.SZ|159981.SZ|159985.SZ|161226.SZ|501018.SH|513070.SH|513100.SH|513730.SH|515210.SH|562500.SH|588220.SH,3.4976301541148804,0.8781907596410816,ucb
rolling_ucb_sampling,2025-07-01/2025-12-31,2026-01-01/2026-06-30,47,159206.SZ|159509.SZ|159920.SZ|159981.SZ|159985.SZ|161226.SZ|513070.SH|513290.SH|513400.SH|513730.SH|515220.SH|515880.SH|518880.SH,4.051076235205076,0.8781907596410816,ucb
rolling_ucb_sampling,2025-07-01/2025-12-31,2026-01-01/2026-06-30,48,159206.SZ|159329.SZ|159920.SZ|159980.SZ|159981.SZ|161226.SZ|501018.SH|513180.SH|513290.SH|513310.SH|513730.SH|515880.SH|588200.SH,3.656689122330368,0.896611122646074,ucb
rolling_ucb_sampling,2025-07-01/2025-12-31,2026-01-01/2026-06-30,49,159329.SZ|159529.SZ|159796.SZ|159920.SZ|159980.SZ|161226.SZ|501018.SH|513070.SH|513290.SH|513730.SH|515210.SH|518880.SH|588220.SH,3.4316672907047825,0.8781907596410816,ucb
rolling_ucb_sampling,2025-07-01/2025-12-31,2026-01-01/2026-06-30,50,159206.SZ|159509.SZ|159687.SZ|159920.SZ|159985.SZ|161226.SZ|501018.SH|510210.SH|510300.SH|513070.SH|513290.SH|513730.SH|518880.SH,3.989811523454012,0.8984863846859665,ucb
rolling_ucb_sampling,2025-07-01/2025-12-31,2026-01-01/2026-06-30,51,159209.SZ|159329.SZ|159509.SZ|159851.SZ|159920.SZ|159981.SZ|159985.SZ|501018.SH|513070.SH|513290.SH|513400.SH|515210.SH|518880.SH,2.5308158700045897,0.8781907596410816,ucb
rolling_ucb_sampling,2025-07-01/2025-12-31,2026-01-01/2026-06-30,52,159206.SZ|159981.SZ|159985.SZ|161226.SZ|164824.SZ|501018.SH|512800.SH|513070.SH|513290.SH|513400.SH|513730.SH|513750.SH|515880.SH,3.799376994855553,0.5835502313497182,ucb
rolling_ucb_sampling,2025-07-01/2025-12-31,2026-01-01/2026-06-30,53,159981.SZ|159985.SZ|161226.SZ|501018.SH|510180.SH|513070.SH|513100.SH|513290.SH|513400.SH|513730.SH|513750.SH|515790.SH|588200.SH,2.415421851139264,0.7261832191445962,ucb
rolling_ucb_sampling,2025-07-01/2025-12-31,2026-01-01/2026-06-30,54,159509.SZ|159529.SZ|159920.SZ|159981.SZ|159985.SZ|161226.SZ|501018.SH|512800.SH|513070.SH|513290.SH|513730.SH|515220.SH|588220.SH,2.8727293918430163,0.8781907596410816,ucb
rolling_ucb_sampling,2025-07-01/2025-12-31,2026-01-01/2026-06-30,55,159206.SZ|159329.SZ|159687.SZ|159870.SZ|159920.SZ|159980.SZ|161226.SZ|164824.SZ|501018.SH|513070.SH|513730.SH|515880.SH|518880.SH,2.7956027911399035,0.8781907596410816,ucb
rolling_ucb_sampling,2025-07-01/2025-12-31,2026-01-01/2026-06-30,56,159329.SZ|159509.SZ|159920.SZ|159980.SZ|159981.SZ|161226.SZ|501018.SH|510210.SH|512880.SH|513070.SH|513290.SH|513730.SH|588220.SH,3.599611544975632,0.8781907596410816,ucb
rolling_ucb_sampling,2025-07-01/2025-12-31,2026-01-01/2026-06-30,57,159206.SZ|159509.SZ|159920.SZ|159949.SZ|159980.SZ|159981.SZ|161226.SZ|501018.SH|513100.SH|513310.SH|513730.SH|513750.SH|515880.SH,4.819904732214966,0.8496577034190855,ucb
rolling_ucb_sampling,2025-07-01/2025-12-31,2026-01-01/2026-06-30,58,159329.SZ|159870.SZ|159920.SZ|159980.SZ|159981.SZ|159985.SZ|161226.SZ|512880.SH|513070.SH|513290.SH|513310.SH|513730.SH|515880.SH,3.059530849564948,0.8781907596410816,ucb
rolling_ucb_sampling,2025-07-01/2025-12-31,2026-01-01/2026-06-30,59,159509.SZ|159529.SZ|159796.SZ|159920.SZ|159981.SZ|159985.SZ|161226.SZ|510210.SH|513070.SH|513290.SH|513730.SH|515220.SH|518880.SH,3.6728385057898336,0.8781907596410816,ucb
rolling_ucb_sampling,2025-07-01/2025-12-31,2026-01-01/2026-06-30,60,159206.SZ|159920.SZ|159981.SZ|159985.SZ|164824.SZ|501018.SH|512800.SH|513120.SH|513310.SH|513400.SH|513730.SH|518880.SH|562500.SH,2.132737776133114,0.6217724618329225,ucb
rolling_ucb_sampling,2025-07-01/2025-12-31,2026-01-01/2026-06-30,61,159206.SZ|159329.SZ|159981.SZ|159985.SZ|161226.SZ|510210.SH|512040.SH|513070.SH|513100.SH|513180.SH|513290.SH|513310.SH|518880.SH,3.1919889062567495,0.8495613101616063,ucb
rolling_ucb_sampling,2025-07-01/2025-12-31,2026-01-01/2026-06-30,62,159206.SZ|159509.SZ|159687.SZ|159949.SZ|159981.SZ|159985.SZ|161226.SZ|501018.SH|510210.SH|513100.SH|513120.SH|513730.SH|513750.SH,3.50974811255358,0.8496577034190855,ucb
rolling_ucb_sampling,2025-07-01/2025-12-31,2026-01-01/2026-06-30,63,159209.SZ|159329.SZ|159869.SZ|159920.SZ|159985.SZ|161226.SZ|501018.SH|513070.SH|513100.SH|513290.SH|513400.SH|515210.SH|518880.SH,2.807234078079343,0.8781907596410816,ucb
rolling_ucb_sampling,2025-07-01/2025-12-31,2026-01-01/2026-06-30,64,159206.SZ|159329.SZ|159509.SZ|159920.SZ|159949.SZ|159981.SZ|159985.SZ|161226.SZ|501018.SH|513310.SH|513730.SH|513750.SH|588220.SH,3.789322666965889,0.8144133374048662,ucb
rolling_ucb_sampling,2025-07-01/2025-12-31,2026-01-01/2026-06-30,65,159329.SZ|159509.SZ|159529.SZ|159920.SZ|159949.SZ|159981.SZ|159985.SZ|161226.SZ|501018.SH|510210.SH|512170.SH|513070.SH|513310.SH,3.7598596367041015,0.8781907596410816,ucb
rolling_ucb_sampling,2025-07-01/2025-12-31,2026-01-01/2026-06-30,66,159329.SZ|159529.SZ|159865.SZ|159920.SZ|159949.SZ|159981.SZ|159985.SZ|501018.SH|510210.SH|513070.SH|513290.SH|513730.SH|518880.SH,2.6758622380225687,0.8781907596410816,ucb
rolling_ucb_sampling,2025-07-01/2025-12-31,2026-01-01/2026-06-30,67,159329.SZ|159509.SZ|159869.SZ|159920.SZ|159985.SZ|161226.SZ|501018.SH|513290.SH|513500.SH|513750.SH|515880.SH|518880.SH|588200.SH,3.3068777772142917,0.7412591912692081,ucb
rolling_ucb_sampling,2025-07-01/2025-12-31,2026-01-01/2026-06-30,68,159329.SZ|159529.SZ|159865.SZ|159920.SZ|159980.SZ|159981.SZ|161226.SZ|501018.SH|510210.SH|513100.SH|513290.SH|513750.SH|562500.SH,3.052598897921534,0.7241698032373148,ucb
rolling_ucb_sampling,2025-07-01/2025-12-31,2026-01-01/2026-06-30,69,159329.SZ|159509.SZ|159869.SZ|159920.SZ|159981.SZ|159985.SZ|161226.SZ|512040.SH|512170.SH|513290.SH|513730.SH|513750.SH|518880.SH,3.768996084466829,0.7241698032373148,ucb
rolling_ucb_sampling,2025-07-01/2025-12-31,2026-01-01/2026-06-30,70,159206.SZ|159509.SZ|159687.SZ|159920.SZ|159985.SZ|161226.SZ|501018.SH|512800.SH|513070.SH|513310.SH|513730.SH|515220.SH|518880.SH,3.6062720252068776,0.8781907596410816,ucb
rolling_ucb_sampling,2025-07-01/2025-12-31,2026-01-01/2026-06-30,71,159509.SZ|159529.SZ|159825.SZ|159920.SZ|159980.SZ|159985.SZ|161226.SZ|501018.SH|510210.SH|513070.SH|513290.SH|513730.SH|588220.SH,3.4417936174935457,0.8781907596410816,ucb
rolling_ucb_sampling,2025-07-01/2025-12-31,2026-01-01/2026-06-30,72,159206.SZ|159329.SZ|159529.SZ|159870.SZ|159920.SZ|159980.SZ|159985.SZ|161226.SZ|510050.SH|513290.SH|513310.SH|513750.SH|518880.SH,3.111912193203054,0.7241698032373148,ucb
rolling_ucb_sampling,2025-07-01/2025-12-31,2026-01-01/2026-06-30,73,159529.SZ|159920.SZ|159981.SZ|159985.SZ|161226.SZ|501018.SH|512170.SH|513100.SH|513290.SH|513730.SH|513750.SH|515880.SH|516150.SH,3.991717195578767,0.7241698032373148,ucb
rolling_ucb_sampling,2025-07-01/2025-12-31,2026-01-01/2026-06-30,74,159329.SZ|159509.SZ|159949.SZ|159980.SZ|161226.SZ|501018.SH|512880.SH|513070.SH|513310.SH|513400.SH|513750.SH|515880.SH|518880.SH,3.080250523051352,0.8397376578520993,ucb
rolling_ucb_sampling,2025-07-01/2025-12-31,2026-01-01/2026-06-30,75,159329.SZ|159509.SZ|159796.SZ|159869.SZ|159980.SZ|159985.SZ|161226.SZ|510210.SH|513120.SH|513290.SH|513310.SH|513750.SH|518880.SH,3.1079346192022705,0.5883785917945373,ucb
rolling_ucb_sampling,2025-07-01/2025-12-31,2026-01-01/2026-06-30,76,159509.SZ|159687.SZ|159920.SZ|159981.SZ|159985.SZ|161226.SZ|501018.SH|512040.SH|512170.SH|513290.SH|513310.SH|513750.SH|515880.SH,4.036244033509693,0.7241698032373148,ucb
rolling_ucb_sampling,2025-07-01/2025-12-31,2026-01-01/2026-06-30,77,159206.SZ|159329.SZ|159920.SZ|159981.SZ|159985.SZ|161226.SZ|501018.SH|512880.SH|513100.SH|513120.SH|513310.SH|513730.SH|515880.SH,3.92432150312593,0.690607802228965,ucb
rolling_ucb_sampling,2025-07-01/2025-12-31,2026-01-01/2026-06-30,78,159509.SZ|159529.SZ|159949.SZ|159980.SZ|159985.SZ|501018.SH|512040.SH|513070.SH|513120.SH|513400.SH|513730.SH|515880.SH|518880.SH,3.4149622813468494,0.8397376578520993,ucb
rolling_ucb_sampling,2025-07-01/2025-12-31,2026-01-01/2026-06-30,79,159509.SZ|159529.SZ|159796.SZ|159825.SZ|159980.SZ|159985.SZ|501018.SH|510210.SH|513070.SH|513310.SH|513730.SH|513750.SH|518880.SH,3.196185575178734,0.646583745050377,ucb
rolling_ucb_sampling,2025-07-01/2025-12-31,2026-01-01/2026-06-30,80,159509.SZ|159687.SZ|159920.SZ|159949.SZ|159981.SZ|159985.SZ|161226.SZ|513070.SH|513100.SH|513730.SH|516150.SH|518880.SH|588220.SH,3.0054166426685494,0.8781907596410816,ucb
rolling_ucb_sampling,2025-07-01/2025-12-31,2026-01-01/2026-06-30,81,159329.SZ|159825.SZ|159980.SZ|159981.SZ|161226.SZ|510210.SH|512800.SH|513070.SH|513100.SH|513120.SH|513290.SH|513730.SH|518880.SH,3.0044600770724843,0.690607802228965,ucb
rolling_ucb_sampling,2025-07-01/2025-12-31,2026-01-01/2026-06-30,82,159329.SZ|159920.SZ|159980.SZ|159981.SZ|159985.SZ|161226.SZ|510210.SH|513100.SH|513290.SH|513310.SH|513750.SH|516150.SH|588220.SH,3.339096274764731,0.7241698032373148,ucb
rolling_ucb_sampling,2025-07-01/2025-12-31,2026-01-01/2026-06-30,83,159687.SZ|159920.SZ|159980.SZ|159981.SZ|161226.SZ|501018.SH|510500.SH|512800.SH|513070.SH|513100.SH|513290.SH|513500.SH|515880.SH,3.5289776951874465,0.8781907596410816,ucb
rolling_ucb_sampling,2025-07-01/2025-12-31,2026-01-01/2026-06-30,84,159509.SZ|159529.SZ|159687.SZ|159920.SZ|159949.SZ|159981.SZ|160644.SZ|161226.SZ|501018.SH|510500.SH|513070.SH|515220.SH|518880.SH,2.7011195277174394,0.8781907596410816,ucb
rolling_ucb_sampling,2025-07-01/2025-12-31,2026-01-01/2026-06-30,85,159687.SZ|159981.SZ|159985.SZ|164824.SZ|501018.SH|510210.SH|512200.SH|512800.SH|513070.SH|513290.SH|513730.SH|513750.SH|518880.SH,1.7605211874821876,0.5850165097215375,ucb
rolling_ucb_sampling,2025-07-01/2025-12-31,2026-01-01/2026-06-30,86,159509.SZ|159687.SZ|159920.SZ|159981.SZ|159985.SZ|501018.SH|510210.SH|512040.SH|513070.SH|513310.SH|513400.SH|518880.SH|588220.SH,2.4291362845155975,0.8781907596410816,ucb
rolling_ucb_sampling,2025-07-01/2025-12-31,2026-01-01/2026-06-30,87,159329.SZ|159920.SZ|159949.SZ|159980.SZ|159985.SZ|161226.SZ|164824.SZ|501018.SH|510500.SH|512170.SH|513100.SH|513750.SH|513880.SH,2.878064720493078,0.8464175928744053,ucb
rolling_ucb_sampling,2025-07-01/2025-12-31,2026-01-01/2026-06-30,88,159509.SZ|159529.SZ|159920.SZ|159985.SZ|161226.SZ|501018.SH|513070.SH|513290.SH|513730.SH|515220.SH|518880.SH|562500.SH|588220.SH,2.963743914532096,0.8781907596410816,ucb
rolling_ucb_sampling,2025-07-01/2025-12-31,2026-01-01/2026-06-30,89,159509.SZ|159529.SZ|159851.SZ|159981.SZ|159985.SZ|161226.SZ|501018.SH|510050.SH|513070.SH|513290.SH|513310.SH|513750.SH|515880.SH,3.4661675366913856,0.5835502313497182,ucb
rolling_ucb_sampling,2025-07-01/2025-12-31,2026-01-01/2026-06-30,90,159329.SZ|159529.SZ|159869.SZ|159920.SZ|159980.SZ|159981.SZ|159985.SZ|160644.SZ|161226.SZ|512880.SH|513120.SH|513730.SH|562500.SH,1.9081640060204852,0.5341511187946858,ucb
rolling_ucb_sampling,2025-07-01/2025-12-31,2026-01-01/2026-06-30,91,159209.SZ|159329.SZ|159509.SZ|159920.SZ|159981.SZ|159985.SZ|501018.SH|512170.SH|512880.SH|513070.SH|513290.SH|513310.SH|518880.SH,2.9227736080994227,0.8781907596410816,ucb
rolling_ucb_sampling,2025-07-01/2025-12-31,2026-01-01/2026-06-30,92,159529.SZ|159920.SZ|159949.SZ|159981.SZ|159985.SZ|161226.SZ|501018.SH|510300.SH|512890.SH|513290.SH|513310.SH|513730.SH|513750.SH,2.461390231146686,0.8677686766373477,ucb
rolling_ucb_sampling,2025-07-01/2025-12-31,2026-01-01/2026-06-30,93,159206.SZ|159329.SZ|159529.SZ|159920.SZ|159981.SZ|159985.SZ|161226.SZ|510500.SH|512880.SH|513070.SH|513100.SH|513310.SH|518880.SH,2.965792090082226,0.8781907596410816,ucb
rolling_ucb_sampling,2025-07-01/2025-12-31,2026-01-01/2026-06-30,94,159329.SZ|159529.SZ|159981.SZ|159985.SZ|161226.SZ|501018.SH|512170.SH|512880.SH|513070.SH|513100.SH|513730.SH|513750.SH|515880.SH,3.058673700752526,0.690607802228965,ucb
rolling_ucb_sampling,2025-07-01/2025-12-31,2026-01-01/2026-06-30,95,159329.SZ|159920.SZ|159981.SZ|159985.SZ|161226.SZ|501018.SH|510500.SH|512170.SH|513100.SH|513290.SH|513310.SH|513750.SH|588000.SH,3.4486968500020247,0.7999409604284868,ucb
rolling_ucb_sampling,2025-07-01/2025-12-31,2026-01-01/2026-06-30,96,159329.SZ|159509.SZ|159981.SZ|159985.SZ|161226.SZ|510500.SH|512200.SH|513100.SH|513180.SH|513310.SH|513750.SH|516150.SH|518880.SH,1.673922948678205,0.8496577034190855,ucb
rolling_ucb_sampling,2025-07-01/2025-12-31,2026-01-01/2026-06-30,97,159206.SZ|159509.SZ|159981.SZ|159985.SZ|161226.SZ|501018.SH|512170.SH|513070.SH|513120.SH|513400.SH|513500.SH|513730.SH|516150.SH,3.744871891316153,0.8047960289181927,ucb
rolling_ucb_sampling,2025-07-01/2025-12-31,2026-01-01/2026-06-30,98,159981.SZ|159985.SZ|161226.SZ|501018.SH|510210.SH|513100.SH|513120.SH|513290.SH|513310.SH|513730.SH|513750.SH|515220.SH|516150.SH,3.1673550404328012,0.690607802228965,ucb
rolling_ucb_sampling,2025-07-01/2025-12-31,2026-01-01/2026-06-30,99,159329.SZ|159981.SZ|159985.SZ|161226.SZ|501018.SH|510050.SH|512170.SH|512800.SH|513070.SH|513290.SH|513400.SH|513730.SH|513750.SH,1.9902947731143206,0.5873217359015873,ucb
rolling_ucb_sampling,2025-07-01/2025-12-31,2026-01-01/2026-06-30,100,159509.SZ|159980.SZ|159985.SZ|161226.SZ|501018.SH|512040.SH|513100.SH|513180.SH|513290.SH|513730.SH|513750.SH|515220.SH|588000.SH,2.6307462185639103,0.8496577034190855,ucb
rolling_ucb_sampling,2026-01-01/2026-06-30,2026-07-01/2026-07-26,1,159509.SZ|159518.SZ|159915.SZ|159980.SZ|159981.SZ|159985.SZ|160644.SZ|501018.SH|510500.SH|513180.SH|513500.SH|513750.SH|562500.SH,1.4507972280725554,0.8077971362532227,warmup
rolling_ucb_sampling,2026-01-01/2026-06-30,2026-07-01/2026-07-26,2,159206.SZ|159980.SZ|159981.SZ|164824.SZ|501018.SH|513070.SH|513120.SH|513290.SH|513880.SH|515220.SH|516150.SH|518880.SH|520870.SH,0.0026187772567062536,0.7522587312090414,warmup
rolling_ucb_sampling,2026-01-01/2026-06-30,2026-07-01/2026-07-26,3,159518.SZ|159967.SZ|159980.SZ|159981.SZ|159985.SZ|501018.SH|512100.SH|512170.SH|513030.SH|513080.SH|513180.SH|513310.SH|513750.SH,1.265717816354954,0.8826043989398089,warmup
rolling_ucb_sampling,2026-01-01/2026-06-30,2026-07-01/2026-07-26,4,159509.SZ|159687.SZ|159980.SZ|159981.SZ|161226.SZ|501018.SH|512170.SH|513030.SH|513120.SH|513400.SH|513750.SH|515220.SH|515790.SH,-0.8107368629132179,0.8150040766128622,warmup
rolling_ucb_sampling,2026-01-01/2026-06-30,2026-07-01/2026-07-26,5,159201.SZ|159518.SZ|159611.SZ|159869.SZ|159920.SZ|159980.SZ|159985.SZ|161226.SZ|501018.SH|513290.SH|513310.SH|513400.SH|513750.SH,0.6582130748513515,0.8225381952022786,warmup
rolling_ucb_sampling,2026-01-01/2026-06-30,2026-07-01/2026-07-26,6,159206.SZ|159209.SZ|159329.SZ|159529.SZ|159920.SZ|159981.SZ|159985.SZ|161226.SZ|512660.SH|513100.SH|513500.SH|513750.SH|518880.SH,0.3500097357965635,0.8950356736682759,warmup
rolling_ucb_sampling,2026-01-01/2026-06-30,2026-07-01/2026-07-26,7,159529.SZ|159611.SZ|159796.SZ|159920.SZ|159980.SZ|159981.SZ|159985.SZ|161226.SZ|513120.SH|513290.SH|513880.SH|515220.SH|520870.SH,0.09466790041701835,0.6149438007170498,warmup
rolling_ucb_sampling,2026-01-01/2026-06-30,2026-07-01/2026-07-26,8,159329.SZ|159509.SZ|159870.SZ|159980.SZ|159981.SZ|161226.SZ|501018.SH|510050.SH|512980.SH|513120.SH|513400.SH|513750.SH|520870.SH,0.3931893452742698,0.6726405680998997,warmup
rolling_ucb_sampling,2026-01-01/2026-06-30,2026-07-01/2026-07-26,9,159201.SZ|159206.SZ|159529.SZ|159920.SZ|159980.SZ|159981.SZ|159985.SZ|512980.SH|513070.SH|513400.SH|513500.SH|513730.SH|518880.SH,0.43089808811263186,0.7894230253883981,warmup
rolling_ucb_sampling,2026-01-01/2026-06-30,2026-07-01/2026-07-26,10,159509.SZ|159766.SZ|159851.SZ|159920.SZ|159981.SZ|159985.SZ|160644.SZ|161226.SZ|501018.SH|512800.SH|513500.SH|513750.SH|513880.SH,1.495613970439803,0.8225381952022786,warmup
rolling_ucb_sampling,2026-01-01/2026-06-30,2026-07-01/2026-07-26,11,159329.SZ|159518.SZ|159611.SZ|159796.SZ|159920.SZ|159980.SZ|159981.SZ|159985.SZ|501018.SH|510050.SH|513100.SH|513120.SH|513400.SH,-0.40938830812506766,0.7335372127078846,warmup
rolling_ucb_sampling,2026-01-01/2026-06-30,2026-07-01/2026-07-26,12,159329.SZ|159529.SZ|159851.SZ|159901.SZ|159985.SZ|161226.SZ|501018.SH|513070.SH|513080.SH|513730.SH|513750.SH|518880.SH|588000.SH,0.5603785378599353,0.7194956759552422,warmup
rolling_ucb_sampling,2026-01-01/2026-06-30,2026-07-01/2026-07-26,13,159206.SZ|159920.SZ|159981.SZ|159985.SZ|501018.SH|510880.SH|512890.SH|513070.SH|513080.SH|513290.SH|513400.SH|513880.SH|518880.SH,-0.3698095546073398,0.7328446319951737,warmup
rolling_ucb_sampling,2026-01-01/2026-06-30,2026-07-01/2026-07-26,14,159980.SZ|161226.SZ|164824.SZ|501018.SH|512040.SH|512890.SH|513070.SH|513080.SH|513120.SH|513310.SH|513500.SH|518880.SH|562500.SH,0.06340419668451194,0.7522587312090414,warmup
rolling_ucb_sampling,2026-01-01/2026-06-30,2026-07-01/2026-07-26,15,159518.SZ|159901.SZ|159920.SZ|159981.SZ|159985.SZ|160644.SZ|161226.SZ|164824.SZ|501018.SH|512100.SH|513070.SH|513290.SH|516150.SH,1.037329752520965,0.798434893845919,warmup
rolling_ucb_sampling,2026-01-01/2026-06-30,2026-07-01/2026-07-26,16,159206.SZ|159980.SZ|159985.SZ|161226.SZ|512800.SH|513070.SH|513080.SH|513100.SH|513180.SH|513730.SH|518880.SH|520870.SH|588220.SH,0.1082670957785328,0.7965634434938876,warmup
rolling_ucb_sampling,2026-01-01/2026-06-30,2026-07-01/2026-07-26,17,159509.SZ|159687.SZ|159865.SZ|159870.SZ|159980.SZ|159985.SZ|161226.SZ|501018.SH|512980.SH|513070.SH|513290.SH|513310.SH|513750.SH,1.5289332683866301,0.8150040766128622,warmup
rolling_ucb_sampling,2026-01-01/2026-06-30,2026-07-01/2026-07-26,18,159201.SZ|159329.SZ|159509.SZ|159687.SZ|159766.SZ|159967.SZ|159981.SZ|159985.SZ|161226.SZ|501018.SH|513070.SH|513500.SH|513750.SH,2.0167997296561544,0.8150040766128622,warmup
rolling_ucb_sampling,2026-01-01/2026-06-30,2026-07-01/2026-07-26,19,159209.SZ|159529.SZ|159920.SZ|159981.SZ|161226.SZ|164824.SZ|501018.SH|510180.SH|513100.SH|513180.SH|515790.SH|518880.SH|520870.SH,-1.266395327818143,0.8614689435973625,warmup
rolling_ucb_sampling,2026-01-01/2026-06-30,2026-07-01/2026-07-26,20,159509.SZ|159870.SZ|159980.SZ|159981.SZ|159985.SZ|512200.SH|512800.SH|513030.SH|513100.SH|513120.SH|513180.SH|513500.SH|518880.SH,-0.18446588437980438,0.8950356736682759,warmup
rolling_ucb_sampling,2026-01-01/2026-06-30,2026-07-01/2026-07-26,21,159687.SZ|159851.SZ|159915.SZ|159980.SZ|159981.SZ|159985.SZ|160644.SZ|501018.SH|510500.SH|513070.SH|513310.SH|513400.SH|513750.SH,1.5740908722410127,0.8049844720179905,ucb
rolling_ucb_sampling,2026-01-01/2026-06-30,2026-07-01/2026-07-26,22,159529.SZ|159687.SZ|159766.SZ|159915.SZ|159980.SZ|159981.SZ|159985.SZ|160644.SZ|161226.SZ|512200.SH|513070.SH|513310.SH|513750.SH,1.0929013631106321,0.6819451677563051,ucb
rolling_ucb_sampling,2026-01-01/2026-06-30,2026-07-01/2026-07-26,23,159509.SZ|159687.SZ|159865.SZ|159920.SZ|159981.SZ|159985.SZ|161226.SZ|501018.SH|510500.SH|512040.SH|513310.SH|513500.SH|513750.SH,2.105534158815419,0.8225381952022786,ucb
rolling_ucb_sampling,2026-01-01/2026-06-30,2026-07-01/2026-07-26,24,159509.SZ|159518.SZ|159865.SZ|159920.SZ|159967.SZ|159980.SZ|159981.SZ|159985.SZ|160644.SZ|512890.SH|513310.SH|513750.SH|518880.SH,2.34030591847946,0.8225381952022786,ucb
rolling_ucb_sampling,2026-01-01/2026-06-30,2026-07-01/2026-07-26,25,159326.SZ|159687.SZ|159967.SZ|159980.SZ|159981.SZ|160644.SZ|501018.SH|510500.SH|513080.SH|513180.SH|513310.SH|513750.SH|518880.SH,1.6587663901992236,0.7522587312090414,ucb
rolling_ucb_sampling,2026-01-01/2026-06-30,2026-07-01/2026-07-26,26,159509.SZ|159766.SZ|159980.SZ|159981.SZ|160644.SZ|161226.SZ|501018.SH|510500.SH|513070.SH|513080.SH|513310.SH|513750.SH|562500.SH,0.8120275087600534,0.721412946677052,ucb
rolling_ucb_sampling,2026-01-01/2026-06-30,2026-07-01/2026-07-26,27,159326.SZ|159509.SZ|159518.SZ|159967.SZ|159980.SZ|159985.SZ|161226.SZ|512040.SH|513120.SH|513730.SH|513750.SH|513880.SH|518880.SH,1.633505614387591,0.7921734576246972,ucb
rolling_ucb_sampling,2026-01-01/2026-06-30,2026-07-01/2026-07-26,28,159326.SZ|159518.SZ|159687.SZ|159920.SZ|159981.SZ|159985.SZ|160644.SZ|161226.SZ|501018.SH|512200.SH|512660.SH|513730.SH|513750.SH,-0.5682710810920488,0.8225381952022786,ucb
rolling_ucb_sampling,2026-01-01/2026-06-30,2026-07-01/2026-07-26,29,159509.SZ|159518.SZ|159865.SZ|159920.SZ|159981.SZ|159985.SZ|161226.SZ|501018.SH|510300.SH|512040.SH|513310.SH|513730.SH|513750.SH,0.6354383897144185,0.8225381952022786,ucb
rolling_ucb_sampling,2026-01-01/2026-06-30,2026-07-01/2026-07-26,30,159509.SZ|159687.SZ|159865.SZ|159967.SZ|159980.SZ|161226.SZ|501018.SH|512100.SH|513070.SH|513400.SH|513730.SH|513750.SH|518880.SH,1.0783864602167288,0.8150040766128622,ucb
rolling_ucb_sampling,2026-01-01/2026-06-30,2026-07-01/2026-07-26,31,159509.SZ|159766.SZ|159981.SZ|159985.SZ|161226.SZ|513180.SH|513290.SH|513400.SH|513750.SH|513880.SH|515880.SH|518880.SH|562500.SH,1.9644744583447433,0.7921734576246972,ucb
rolling_ucb_sampling,2026-01-01/2026-06-30,2026-07-01/2026-07-26,32,159509.SZ|159687.SZ|159915.SZ|159928.SZ|159980.SZ|159985.SZ|160644.SZ|161226.SZ|501018.SH|513070.SH|513750.SH|513880.SH|515880.SH,1.4387516451896778,0.856601388914163,ucb
rolling_ucb_sampling,2026-01-01/2026-06-30,2026-07-01/2026-07-26,33,159901.SZ|159981.SZ|159985.SZ|161226.SZ|501018.SH|512100.SH|513180.SH|513310.SH|513500.SH|513730.SH|513750.SH|513880.SH|515880.SH,2.0805631820613657,0.8240672796084922,ucb
rolling_ucb_sampling,2026-01-01/2026-06-30,2026-07-01/2026-07-26,34,159201.SZ|159865.SZ|159980.SZ|159981.SZ|159985.SZ|160644.SZ|161226.SZ|510210.SH|513180.SH|513290.SH|513310.SH|513750.SH|513880.SH,1.7479433717603239,0.7349793627477124,ucb
rolling_ucb_sampling,2026-01-01/2026-06-30,2026-07-01/2026-07-26,35,159518.SZ|159766.SZ|159981.SZ|159985.SZ|160644.SZ|161226.SZ|510210.SH|513070.SH|513100.SH|513180.SH|513880.SH|518880.SH|562500.SH,0.7071902009205326,0.8137662027812319,ucb
rolling_ucb_sampling,2026-01-01/2026-06-30,2026-07-01/2026-07-26,36,159865.SZ|159928.SZ|159981.SZ|159985.SZ|160644.SZ|161226.SZ|513080.SH|513120.SH|513180.SH|513310.SH|513730.SH|515880.SH|518880.SH,1.7806790331519726,0.7085016519453052,ucb
rolling_ucb_sampling,2026-01-01/2026-06-30,2026-07-01/2026-07-26,37,159509.SZ|159915.SZ|159981.SZ|159985.SZ|161226.SZ|501018.SH|510300.SH|512100.SH|513180.SH|513290.SH|513310.SH|513500.SH|513750.SH,2.2015613468961317,0.8569884894851404,ucb
rolling_ucb_sampling,2026-01-01/2026-06-30,2026-07-01/2026-07-26,38,159509.SZ|159869.SZ|159928.SZ|159967.SZ|159980.SZ|159981.SZ|159985.SZ|513070.SH|513080.SH|513180.SH|513290.SH|513880.SH|518880.SH,1.0317457156257854,0.7921734576246972,ucb
rolling_ucb_sampling,2026-01-01/2026-06-30,2026-07-01/2026-07-26,39,159687.SZ|159766.SZ|159980.SZ|159985.SZ|160644.SZ|161226.SZ|501018.SH|512880.SH|513120.SH|513500.SH|513750.SH|513880.SH|588220.SH,2.0578177043474533,0.8411201594101444,ucb
rolling_ucb_sampling,2026-01-01/2026-06-30,2026-07-01/2026-07-26,40,159687.SZ|159928.SZ|159981.SZ|159985.SZ|160644.SZ|161226.SZ|501018.SH|510210.SH|512880.SH|513180.SH|513500.SH|513750.SH|520870.SH,1.0026517318079837,0.7933520712600858,ucb
rolling_ucb_sampling,2026-01-01/2026-06-30,2026-07-01/2026-07-26,41,159509.SZ|159949.SZ|159980.SZ|159981.SZ|159985.SZ|501018.SH|510300.SH|513070.SH|513180.SH|513310.SH|513730.SH|513880.SH|588000.SH,1.813036954328452,0.8429576999987001,ucb
rolling_ucb_sampling,2026-01-01/2026-06-30,2026-07-01/2026-07-26,42,159518.SZ|159687.SZ|159796.SZ|159949.SZ|159980.SZ|159981.SZ|161226.SZ|501018.SH|513180.SH|513500.SH|513730.SH|513750.SH|588220.SH,0.9438738141053622,0.7933520712600858,ucb
rolling_ucb_sampling,2026-01-01/2026-06-30,2026-07-01/2026-07-26,43,159509.SZ|159518.SZ|159796.SZ|159865.SZ|159981.SZ|159985.SZ|161226.SZ|501018.SH|513180.SH|513310.SH|513500.SH|513750.SH|515880.SH,2.039581937987902,0.8077971362532227,ucb
rolling_ucb_sampling,2026-01-01/2026-06-30,2026-07-01/2026-07-26,44,159329.SZ|159509.SZ|159796.SZ|159981.SZ|159985.SZ|501018.SH|512880.SH|513180.SH|513290.SH|513310.SH|513750.SH|518880.SH|588000.SH,1.8224733800001736,0.7047547740338291,ucb
rolling_ucb_sampling,2026-01-01/2026-06-30,2026-07-01/2026-07-26,45,159509.SZ|159687.SZ|159851.SZ|159980.SZ|159981.SZ|161226.SZ|501018.SH|512100.SH|512880.SH|513070.SH|513120.SH|513500.SH|513730.SH,0.3875009274224082,0.8150040766128622,ucb
rolling_ucb_sampling,2026-01-01/2026-06-30,2026-07-01/2026-07-26,46,159901.SZ|159980.SZ|159981.SZ|160644.SZ|501018.SH|513120.SH|513290.SH|513500.SH|513750.SH|513880.SH|515880.SH|518880.SH|588000.SH,1.6742883784077265,0.8240672796084922,ucb
rolling_ucb_sampling,2026-01-01/2026-06-30,2026-07-01/2026-07-26,47,159509.SZ|159967.SZ|159981.SZ|159985.SZ|160644.SZ|161226.SZ|513030.SH|513180.SH|513310.SH|513750.SH|515880.SH|518880.SH|588000.SH,2.251279869619929,0.9063198775498007,ucb
rolling_ucb_sampling,2026-01-01/2026-06-30,2026-07-01/2026-07-26,48,159509.SZ|159981.SZ|159985.SZ|161226.SZ|501018.SH|510050.SH|510210.SH|510300.SH|513030.SH|513180.SH|513310.SH|513500.SH|513750.SH,1.39716592649924,0.8975426873308764,ucb
rolling_ucb_sampling,2026-01-01/2026-06-30,2026-07-01/2026-07-26,49,159201.SZ|159687.SZ|159920.SZ|159980.SZ|159985.SZ|501018.SH|510300.SH|513030.SH|513290.SH|513310.SH|513750.SH|515880.SH|518880.SH,1.9813751404254785,0.8225381952022786,ucb
rolling_ucb_sampling,2026-01-01/2026-06-30,2026-07-01/2026-07-26,50,159201.SZ|159509.SZ|159529.SZ|159980.SZ|159985.SZ|501018.SH|512980.SH|513030.SH|513070.SH|513180.SH|513310.SH|518880.SH|588220.SH,1.0993139527823366,0.7522587312090414,ucb
rolling_ucb_sampling,2026-01-01/2026-06-30,2026-07-01/2026-07-26,51,159796.SZ|159869.SZ|159980.SZ|159981.SZ|159985.SZ|512880.SH|513080.SH|513180.SH|513290.SH|513310.SH|513750.SH|513880.SH|518880.SH,0.9226723215095292,0.7522587312090414,ucb
rolling_ucb_sampling,2026-01-01/2026-06-30,2026-07-01/2026-07-26,52,159329.SZ|159509.SZ|159687.SZ|159901.SZ|159981.SZ|161226.SZ|501018.SH|512800.SH|513120.SH|513180.SH|513310.SH|518880.SH|588220.SH,0.49509182192437573,0.8150040766128622,ucb
rolling_ucb_sampling,2026-01-01/2026-06-30,2026-07-01/2026-07-26,53,159509.SZ|159687.SZ|159949.SZ|159981.SZ|159985.SZ|161226.SZ|510300.SH|513030.SH|513180.SH|513290.SH|513750.SH|515880.SH|518880.SH,1.1899361608189838,0.8764264291672599,ucb
rolling_ucb_sampling,2026-01-01/2026-06-30,2026-07-01/2026-07-26,54,159687.SZ|159865.SZ|159949.SZ|159981.SZ|159985.SZ|161226.SZ|513080.SH|513180.SH|513310.SH|513500.SH|513750.SH|515880.SH|518880.SH,1.5649717546290773,0.8764264291672599,ucb
rolling_ucb_sampling,2026-01-01/2026-06-30,2026-07-01/2026-07-26,55,159509.SZ|159796.SZ|159949.SZ|159981.SZ|159985.SZ|501018.SH|510300.SH|513030.SH|513070.SH|513180.SH|513500.SH|513730.SH|518880.SH,0.6201059353300401,0.8429576999987001,ucb
rolling_ucb_sampling,2026-01-01/2026-06-30,2026-07-01/2026-07-26,56,159206.SZ|159326.SZ|159687.SZ|159980.SZ|159981.SZ|159985.SZ|160644.SZ|510300.SH|513070.SH|513310.SH|513750.SH|513880.SH|518880.SH,0.6845841602328389,0.8411201594101444,ucb
rolling_ucb_sampling,2026-01-01/2026-06-30,2026-07-01/2026-07-26,57,159509.SZ|159920.SZ|159980.SZ|159985.SZ|160644.SZ|161226.SZ|510210.SH|510500.SH|513290.SH|513500.SH|513750.SH|518880.SH|563300.SH,0.8947284474829259,0.896981505371618,ucb
rolling_ucb_sampling,2026-01-01/2026-06-30,2026-07-01/2026-07-26,58,159518.SZ|159967.SZ|159980.SZ|159981.SZ|160644.SZ|161226.SZ|501018.SH|513180.SH|513290.SH|513730.SH|513750.SH|515880.SH|588000.SH,2.565346948333312,0.9063198775498007,ucb
rolling_ucb_sampling,2026-01-01/2026-06-30,2026-07-01/2026-07-26,59,159687.SZ|159915.SZ|159928.SZ|159980.SZ|159981.SZ|501018.SH|510300.SH|513180.SH|513310.SH|513730.SH|513750.SH|513880.SH|518880.SH,1.0453942359454336,0.8569884894851404,ucb
rolling_ucb_sampling,2026-01-01/2026-06-30,2026-07-01/2026-07-26,60,159865.SZ|159920.SZ|159985.SZ|161226.SZ|501018.SH|510300.SH|512100.SH|513030.SH|513080.SH|513310.SH|513730.SH|513750.SH|518880.SH,0.2565181338162788,0.8826043989398089,ucb
rolling_ucb_sampling,2026-01-01/2026-06-30,2026-07-01/2026-07-26,61,159509.SZ|159901.SZ|159981.SZ|159985.SZ|160644.SZ|501018.SH|512400.SH|513070.SH|513080.SH|513180.SH|513730.SH|515880.SH|518880.SH,1.2833701909058983,0.8240672796084922,ucb
rolling_ucb_sampling,2026-01-01/2026-06-30,2026-07-01/2026-07-26,62,159518.SZ|159687.SZ|159967.SZ|159980.SZ|159981.SZ|159985.SZ|160644.SZ|501018.SH|512400.SH|512880.SH|513070.SH|513310.SH|513750.SH,2.1628545985551613,0.6819451677563051,ucb
rolling_ucb_sampling,2026-01-01/2026-06-30,2026-07-01/2026-07-26,63,159518.SZ|159687.SZ|159865.SZ|159981.SZ|160644.SZ|161226.SZ|501018.SH|510500.SH|512400.SH|513120.SH|513180.SH|513310.SH|518880.SH,1.840621799455173,0.7417776827072949,ucb
rolling_ucb_sampling,2026-01-01/2026-06-30,2026-07-01/2026-07-26,64,159326.SZ|159509.SZ|159518.SZ|159980.SZ|159985.SZ|160644.SZ|161226.SZ|510500.SH|512880.SH|513120.SH|513180.SH|513310.SH|518880.SH,2.059846317559886,0.7522587312090414,ucb
rolling_ucb_sampling,2026-01-01/2026-06-30,2026-07-01/2026-07-26,65,159687.SZ|159851.SZ|159981.SZ|159985.SZ|161226.SZ|501018.SH|510210.SH|513030.SH|513070.SH|513180.SH|513290.SH|513310.SH|515880.SH,1.952214337337257,0.701538075465841,ucb
rolling_ucb_sampling,2026-01-01/2026-06-30,2026-07-01/2026-07-26,66,159201.SZ|159518.SZ|159766.SZ|159920.SZ|159981.SZ|159985.SZ|161226.SZ|501018.SH|512400.SH|513310.SH|513500.SH|513730.SH|513750.SH,0.5473052086361956,0.8225381952022786,ucb
rolling_ucb_sampling,2026-01-01/2026-06-30,2026-07-01/2026-07-26,67,159518.SZ|159980.SZ|159981.SZ|160644.SZ|501018.SH|510210.SH|510500.SH|513030.SH|513120.SH|513180.SH|513290.SH|515220.SH|518880.SH,-0.2650515268123384,0.896981505371618,ucb
rolling_ucb_sampling,2026-01-01/2026-06-30,2026-07-01/2026-07-26,68,159825.SZ|159981.SZ|159985.SZ|161226.SZ|501018.SH|510300.SH|513030.SH|513180.SH|513290.SH|513310.SH|513730.SH|513750.SH|588000.SH,0.964393163987453,0.7896281396014395,ucb
rolling_ucb_sampling,2026-01-01/2026-06-30,2026-07-01/2026-07-26,69,159329.SZ|159518.SZ|159825.SZ|159980.SZ|159981.SZ|159985.SZ|501018.SH|510880.SH|513180.SH|513290.SH|513310.SH|513750.SH|588000.SH,0.618015506320979,0.665760968479371,ucb
rolling_ucb_sampling,2026-01-01/2026-06-30,2026-07-01/2026-07-26,70,159529.SZ|159949.SZ|159980.SZ|159981.SZ|159985.SZ|160644.SZ|501018.SH|512170.SH|512400.SH|513070.SH|513310.SH|513400.SH|513750.SH,1.2882210874451763,0.665760968479371,ucb
rolling_ucb_sampling,2026-01-01/2026-06-30,2026-07-01/2026-07-26,71,159201.SZ|159980.SZ|159985.SZ|501018.SH|510300.SH|513070.SH|513290.SH|513310.SH|513730.SH|513750.SH|513880.SH|518880.SH|588000.SH,1.9562072196433502,0.7609825374948022,ucb
rolling_ucb_sampling,2026-01-01/2026-06-30,2026-07-01/2026-07-26,72,159206.SZ|159518.SZ|159766.SZ|159980.SZ|159981.SZ|159985.SZ|513030.SH|513070.SH|513750.SH|513880.SH|515880.SH|518880.SH|520870.SH,0.7574005843432463,0.7522587312090414,ucb
rolling_ucb_sampling,2026-01-01/2026-06-30,2026-07-01/2026-07-26,73,159687.SZ|159967.SZ|159980.SZ|159985.SZ|160644.SZ|161226.SZ|501018.SH|510210.SH|513080.SH|513180.SH|513310.SH|513750.SH|588000.SH,2.534948015981896,0.6875645735659837,ucb
rolling_ucb_sampling,2026-01-01/2026-06-30,2026-07-01/2026-07-26,74,159509.SZ|159920.SZ|159980.SZ|159985.SZ|160644.SZ|161226.SZ|501018.SH|512040.SH|512880.SH|513120.SH|513290.SH|513500.SH|588000.SH,1.8255692403630797,0.8077971362532227,ucb
rolling_ucb_sampling,2026-01-01/2026-06-30,2026-07-01/2026-07-26,75,159687.SZ|159852.SZ|159980.SZ|159985.SZ|160644.SZ|501018.SH|513180.SH|513290.SH|513310.SH|513750.SH|518880.SH|563300.SH|588000.SH,1.7704564675797736,0.7522587312090414,ucb
rolling_ucb_sampling,2026-01-01/2026-06-30,2026-07-01/2026-07-26,76,159509.SZ|159852.SZ|159967.SZ|159980.SZ|159981.SZ|161226.SZ|501018.SH|510210.SH|513030.SH|513070.SH|513080.SH|513180.SH|513310.SH,1.2593629228866392,0.8826043989398089,ucb
rolling_ucb_sampling,2026-01-01/2026-06-30,2026-07-01/2026-07-26,77,159518.SZ|159851.SZ|159920.SZ|159980.SZ|159981.SZ|159985.SZ|160644.SZ|161226.SZ|164824.SZ|510500.SH|512040.SH|513070.SH|513310.SH,0.7406921429414883,0.7189624422981635,ucb
rolling_ucb_sampling,2026-01-01/2026-06-30,2026-07-01/2026-07-26,78,159509.SZ|159852.SZ|159980.SZ|159985.SZ|161226.SZ|501018.SH|510300.SH|513080.SH|513120.SH|513180.SH|513310.SH|513730.SH|588220.SH,1.812216087113058,0.75732479050478,ucb
rolling_ucb_sampling,2026-01-01/2026-06-30,2026-07-01/2026-07-26,79,159329.SZ|159915.SZ|159980.SZ|159981.SZ|159985.SZ|161226.SZ|513070.SH|513120.SH|513310.SH|513500.SH|513730.SH|515210.SH|563300.SH,0.3638549015323431,0.7802658508638117,ucb
rolling_ucb_sampling,2026-01-01/2026-06-30,2026-07-01/2026-07-26,80,159329.SZ|159509.SZ|159518.SZ|159852.SZ|159920.SZ|159928.SZ|159980.SZ|159981.SZ|159985.SZ|160644.SZ|161226.SZ|512880.SH|513750.SH,0.33850751898837533,0.8225381952022786,ucb
rolling_ucb_sampling,2026-01-01/2026-06-30,2026-07-01/2026-07-26,81,159687.SZ|159865.SZ|159981.SZ|159985.SZ|160644.SZ|501018.SH|513180.SH|513310.SH|513730.SH|513750.SH|515880.SH|518880.SH|588000.SH,2.797418712819831,0.7732687430007159,ucb
rolling_ucb_sampling,2026-01-01/2026-06-30,2026-07-01/2026-07-26,82,159687.SZ|159967.SZ|159985.SZ|160644.SZ|161226.SZ|501018.SH|512880.SH|513080.SH|513180.SH|513730.SH|513750.SH|515880.SH|518880.SH,2.3792656629851394,0.9063198775498007,ucb
rolling_ucb_sampling,2026-01-01/2026-06-30,2026-07-01/2026-07-26,83,159687.SZ|159869.SZ|159980.SZ|159981.SZ|159985.SZ|512400.SH|513120.SH|513180.SH|513290.SH|513310.SH|513730.SH|518880.SH|588000.SH,1.4453802874367718,0.7732687430007159,ucb
rolling_ucb_sampling,2026-01-01/2026-06-30,2026-07-01/2026-07-26,84,159509.SZ|159687.SZ|159915.SZ|159981.SZ|159985.SZ|160644.SZ|501018.SH|512880.SH|513180.SH|513750.SH|513880.SH|518880.SH|588000.SH,1.5922340966466506,0.8411201594101444,ucb
rolling_ucb_sampling,2026-01-01/2026-06-30,2026-07-01/2026-07-26,85,159509.SZ|159967.SZ|159981.SZ|159985.SZ|160644.SZ|161226.SZ|510050.SH|512100.SH|513120.SH|513290.SH|513750.SH|513880.SH|518880.SH,2.2239626600708124,0.7921734576246972,ucb
rolling_ucb_sampling,2026-01-01/2026-06-30,2026-07-01/2026-07-26,86,159687.SZ|159869.SZ|159967.SZ|159981.SZ|159985.SZ|161226.SZ|510210.SH|513070.SH|513080.SH|513500.SH|513730.SH|513750.SH|518880.SH,1.0479595341604406,0.7933520712600858,ucb
rolling_ucb_sampling,2026-01-01/2026-06-30,2026-07-01/2026-07-26,87,159329.SZ|159509.SZ|159687.SZ|159825.SZ|159920.SZ|159928.SZ|159949.SZ|159981.SZ|159985.SZ|501018.SH|513180.SH|513880.SH|518880.SH,1.0526316379154514,0.8614689435973625,ucb
rolling_ucb_sampling,2026-01-01/2026-06-30,2026-07-01/2026-07-26,88,159949.SZ|159980.SZ|159985.SZ|160644.SZ|501018.SH|513070.SH|513290.SH|513500.SH|513750.SH|513880.SH|515880.SH|516150.SH|518880.SH,1.7462981507124753,0.8764264291672599,ucb
rolling_ucb_sampling,2026-01-01/2026-06-30,2026-07-01/2026-07-26,89,159509.SZ|159518.SZ|159869.SZ|159915.SZ|159980.SZ|159985.SZ|161226.SZ|512040.SH|513180.SH|513400.SH|513750.SH|513880.SH|518880.SH,1.0497676777925238,0.7921734576246972,ucb
rolling_ucb_sampling,2026-01-01/2026-06-30,2026-07-01/2026-07-26,90,159865.SZ|159980.SZ|159981.SZ|161226.SZ|164824.SZ|510210.SH|510300.SH|513180.SH|513290.SH|513310.SH|513500.SH|513750.SH|518880.SH,-0.054711856380353106,0.8975426873308764,ucb
rolling_ucb_sampling,2026-01-01/2026-06-30,2026-07-01/2026-07-26,91,159518.SZ|159915.SZ|159980.SZ|160644.SZ|161226.SZ|501018.SH|512880.SH|513070.SH|513180.SH|513290.SH|515880.SH|518880.SH|520870.SH,2.598833038539692,0.856601388914163,ucb
rolling_ucb_sampling,2026-01-01/2026-06-30,2026-07-01/2026-07-26,92,159201.SZ|159509.SZ|159920.SZ|159981.SZ|159985.SZ|160644.SZ|501018.SH|513070.SH|513080.SH|513880.SH|518880.SH|563300.SH|588000.SH,0.8762132881485253,0.7921734576246972,ucb
rolling_ucb_sampling,2026-01-01/2026-06-30,2026-07-01/2026-07-26,93,159509.SZ|159852.SZ|159980.SZ|159981.SZ|159985.SZ|160644.SZ|501018.SH|512400.SH|512880.SH|513030.SH|513180.SH|513500.SH|513750.SH,1.2374912328931216,0.8077971362532227,ucb
rolling_ucb_sampling,2026-01-01/2026-06-30,2026-07-01/2026-07-26,94,159796.SZ|159851.SZ|159967.SZ|159980.SZ|159985.SZ|501018.SH|513070.SH|513290.SH|513400.SH|513730.SH|513750.SH|513880.SH|518880.SH,1.3178460491940902,0.7894230253883981,ucb
rolling_ucb_sampling,2026-01-01/2026-06-30,2026-07-01/2026-07-26,95,159687.SZ|159766.SZ|159980.SZ|159981.SZ|161226.SZ|512100.SH|513030.SH|513120.SH|513180.SH|513290.SH|513880.SH|518880.SH|588200.SH,0.23156504827530397,0.8411201594101444,ucb
rolling_ucb_sampling,2026-01-01/2026-06-30,2026-07-01/2026-07-26,96,159206.SZ|159518.SZ|159981.SZ|161226.SZ|501018.SH|512170.SH|513180.SH|513290.SH|513500.SH|513750.SH|513880.SH|518880.SH|588000.SH,1.321488302230401,0.7824809592486331,ucb
rolling_ucb_sampling,2026-01-01/2026-06-30,2026-07-01/2026-07-26,97,159518.SZ|159766.SZ|159980.SZ|159985.SZ|161226.SZ|501018.SH|512400.SH|513080.SH|513120.SH|513310.SH|513730.SH|513750.SH|588200.SH,1.832618351666473,0.7085016519453052,ucb
rolling_ucb_sampling,2026-01-01/2026-06-30,2026-07-01/2026-07-26,98,159518.SZ|159865.SZ|159980.SZ|159981.SZ|161226.SZ|512400.SH|513070.SH|513290.SH|513310.SH|513750.SH|513880.SH|515210.SH|518880.SH,0.3022949802503947,0.7934468574119619,ucb
rolling_ucb_sampling,2026-01-01/2026-06-30,2026-07-01/2026-07-26,99,159201.SZ|159518.SZ|159981.SZ|159985.SZ|160644.SZ|161226.SZ|510050.SH|510500.SH|513180.SH|513310.SH|513500.SH|513750.SH|518880.SH,1.7357183633793074,0.6651683869489157,ucb
rolling_ucb_sampling,2026-01-01/2026-06-30,2026-07-01/2026-07-26,100,159967.SZ|159981.SZ|159985.SZ|501018.SH|513070.SH|513120.SH|513310.SH|513500.SH|513730.SH|513880.SH|515880.SH|518880.SH|562500.SH,2.035518693340151,0.9063198775498007,ucb
