method,training_year,holding_year,evaluation,codes,sharpe,maximum_within_group_correlation,phase,removed,added
rolling_hill_climb,2021,2022,1,159865.SZ|159901.SZ|159920.SZ|159980.SZ|159985.SZ|501018.SH|513030.SH|513080.SH|513180.SH|513500.SH|513880.SH|515210.SH|518880.SH,-0.04141558142205041,0.910284859375849,initial,,
rolling_hill_climb,2021,2022,2,159865.SZ|159901.SZ|159920.SZ|159980.SZ|159981.SZ|159985.SZ|501018.SH|513030.SH|513080.SH|513180.SH|513500.SH|513880.SH|515210.SH,0.6521923424089844,0.910284859375849,neighbor,518880.SH,159981.SZ
rolling_hill_climb,2021,2022,3,159865.SZ|159901.SZ|159920.SZ|159980.SZ|159981.SZ|159985.SZ|164824.SZ|501018.SH|513030.SH|513080.SH|513180.SH|513500.SH|515210.SH,0.6396720765830668,0.910284859375849,neighbor,513880.SH,164824.SZ
rolling_hill_climb,2021,2022,4,159865.SZ|159901.SZ|159920.SZ|159980.SZ|159981.SZ|159985.SZ|501018.SH|513030.SH|513080.SH|513180.SH|513500.SH|513880.SH|516150.SH,0.6809922945291886,0.910284859375849,neighbor,515210.SH,516150.SH
rolling_hill_climb,2021,2022,5,159865.SZ|159901.SZ|159920.SZ|159980.SZ|159981.SZ|159985.SZ|164824.SZ|501018.SH|513030.SH|513080.SH|513180.SH|513500.SH|516150.SH,0.7601322431634413,0.910284859375849,neighbor,513880.SH,164824.SZ
rolling_hill_climb,2021,2022,6,159865.SZ|159920.SZ|159980.SZ|159981.SZ|159985.SZ|164824.SZ|501018.SH|510500.SH|513030.SH|513080.SH|513180.SH|513500.SH|516150.SH,0.8336260233261608,0.910284859375849,neighbor,159901.SZ,510500.SH
rolling_hill_climb,2021,2022,7,159865.SZ|159920.SZ|159980.SZ|159981.SZ|159985.SZ|164824.SZ|501018.SH|513030.SH|513080.SH|513180.SH|513500.SH|515880.SH|516150.SH,1.2916658977240076,0.910284859375849,neighbor,510500.SH,515880.SH
rolling_hill_climb,2021,2022,8,159865.SZ|159920.SZ|159980.SZ|159981.SZ|159985.SZ|501018.SH|513030.SH|513080.SH|513180.SH|513500.SH|513880.SH|515880.SH|516150.SH,1.1332852968529952,0.910284859375849,neighbor,164824.SZ,513880.SH
rolling_hill_climb,2021,2022,9,159865.SZ|159920.SZ|159981.SZ|159985.SZ|161226.SZ|164824.SZ|501018.SH|513030.SH|513080.SH|513180.SH|513500.SH|515880.SH|516150.SH,1.291215900688198,0.910284859375849,neighbor,159980.SZ,161226.SZ
rolling_hill_climb,2021,2022,10,159865.SZ|159920.SZ|159980.SZ|159981.SZ|159985.SZ|164824.SZ|501018.SH|513030.SH|513080.SH|513180.SH|513880.SH|515880.SH|516150.SH,1.3112590470988799,0.910284859375849,neighbor,513500.SH,513880.SH
rolling_hill_climb,2021,2022,11,159865.SZ|159920.SZ|159980.SZ|159985.SZ|161226.SZ|164824.SZ|501018.SH|513030.SH|513080.SH|513180.SH|513880.SH|515880.SH|516150.SH,0.44097348657237506,0.910284859375849,neighbor,159981.SZ,161226.SZ
rolling_hill_climb,2021,2022,12,159865.SZ|159920.SZ|159980.SZ|159981.SZ|159985.SZ|164824.SZ|501018.SH|512980.SH|513030.SH|513080.SH|513180.SH|513880.SH|515880.SH,1.3051340308356356,0.910284859375849,neighbor,516150.SH,512980.SH
rolling_hill_climb,2021,2022,13,159901.SZ|159920.SZ|159980.SZ|159981.SZ|159985.SZ|164824.SZ|501018.SH|513030.SH|513080.SH|513180.SH|513880.SH|515880.SH|516150.SH,0.7638165753984981,0.910284859375849,neighbor,159865.SZ,159901.SZ
rolling_hill_climb,2021,2022,14,159865.SZ|159920.SZ|159980.SZ|159981.SZ|159985.SZ|161226.SZ|164824.SZ|513030.SH|513080.SH|513180.SH|513880.SH|515880.SH|516150.SH,0.4013700129811903,0.910284859375849,neighbor,501018.SH,161226.SZ
rolling_hill_climb,2021,2022,15,159865.SZ|159920.SZ|159980.SZ|159981.SZ|159985.SZ|164824.SZ|513030.SH|513080.SH|513180.SH|513880.SH|515880.SH|516150.SH|518880.SH,0.11270251457850107,0.910284859375849,neighbor,501018.SH,518880.SH
rolling_hill_climb,2021,2022,16,159865.SZ|159920.SZ|159980.SZ|159981.SZ|159985.SZ|164824.SZ|501018.SH|512100.SH|513030.SH|513080.SH|513180.SH|513880.SH|516150.SH,1.075370941793724,0.910284859375849,neighbor,515880.SH,512100.SH
rolling_hill_climb,2021,2022,17,159865.SZ|159920.SZ|159981.SZ|159985.SZ|161226.SZ|164824.SZ|501018.SH|513030.SH|513080.SH|513180.SH|513880.SH|515880.SH|516150.SH,0.9195614535346586,0.910284859375849,neighbor,159980.SZ,161226.SZ
rolling_hill_climb,2021,2022,18,159865.SZ|159920.SZ|159980.SZ|159981.SZ|159985.SZ|164824.SZ|501018.SH|510880.SH|513030.SH|513080.SH|513180.SH|513880.SH|516150.SH,1.094969704693964,0.910284859375849,neighbor,515880.SH,510880.SH
rolling_hill_climb,2021,2022,19,159865.SZ|159920.SZ|159980.SZ|159981.SZ|161226.SZ|164824.SZ|501018.SH|513030.SH|513080.SH|513180.SH|513880.SH|515880.SH|516150.SH,0.6121426996015117,0.910284859375849,neighbor,159985.SZ,161226.SZ
rolling_hill_climb,2021,2022,20,159865.SZ|159920.SZ|159980.SZ|159981.SZ|159985.SZ|164824.SZ|501018.SH|510210.SH|513030.SH|513080.SH|513180.SH|513880.SH|515880.SH,1.3130233238372295,0.910284859375849,neighbor,516150.SH,510210.SH
rolling_hill_climb,2021,2022,21,159865.SZ|159920.SZ|159980.SZ|159981.SZ|159985.SZ|501018.SH|510210.SH|513030.SH|513080.SH|513180.SH|513500.SH|513880.SH|515880.SH,1.4177219971761708,0.910284859375849,neighbor,164824.SZ,513500.SH
rolling_hill_climb,2021,2022,22,159920.SZ|159980.SZ|159981.SZ|159985.SZ|501018.SH|510210.SH|512170.SH|513030.SH|513080.SH|513180.SH|513500.SH|513880.SH|515880.SH,1.1641660378220238,0.910284859375849,neighbor,159865.SZ,512170.SH
rolling_hill_climb,2021,2022,23,159865.SZ|159920.SZ|159980.SZ|159981.SZ|159985.SZ|160644.SZ|501018.SH|510210.SH|513030.SH|513180.SH|513500.SH|513880.SH|515880.SH,1.5572726181329313,0.910284859375849,neighbor,513080.SH,160644.SZ
rolling_hill_climb,2021,2022,24,159865.SZ|159920.SZ|159980.SZ|159985.SZ|160644.SZ|161226.SZ|501018.SH|510210.SH|513030.SH|513180.SH|513500.SH|513880.SH|515880.SH,1.2360137519138186,0.910284859375849,neighbor,159981.SZ,161226.SZ
rolling_hill_climb,2021,2022,25,159865.SZ|159920.SZ|159980.SZ|159981.SZ|159985.SZ|160644.SZ|161226.SZ|510210.SH|513030.SH|513180.SH|513500.SH|513880.SH|515880.SH,1.083222371483244,0.910284859375849,neighbor,501018.SH,161226.SZ
rolling_hill_climb,2021,2022,26,159865.SZ|159920.SZ|159980.SZ|159981.SZ|159985.SZ|160644.SZ|501018.SH|510210.SH|513030.SH|513100.SH|513180.SH|513880.SH|515880.SH,1.7539413046901253,0.910284859375849,neighbor,513500.SH,513100.SH
rolling_hill_climb,2021,2022,27,159865.SZ|159920.SZ|159980.SZ|159981.SZ|159985.SZ|160644.SZ|501018.SH|510210.SH|513080.SH|513100.SH|513180.SH|513880.SH|515880.SH,1.59932293897421,0.910284859375849,neighbor,513030.SH,513080.SH
rolling_hill_climb,2021,2022,28,159865.SZ|159920.SZ|159981.SZ|159985.SZ|160644.SZ|161226.SZ|501018.SH|510210.SH|513030.SH|513100.SH|513180.SH|513880.SH|515880.SH,1.589989041838147,0.910284859375849,neighbor,159980.SZ,161226.SZ
rolling_hill_climb,2021,2022,29,159865.SZ|159920.SZ|159980.SZ|159981.SZ|159985.SZ|160644.SZ|164824.SZ|501018.SH|510210.SH|513100.SH|513180.SH|513880.SH|515880.SH,1.750275647264651,0.910284859375849,neighbor,513030.SH,164824.SZ
rolling_hill_climb,2021,2022,30,159865.SZ|159920.SZ|159928.SZ|159980.SZ|159981.SZ|159985.SZ|160644.SZ|501018.SH|513030.SH|513100.SH|513180.SH|513880.SH|515880.SH,1.6128487491125651,0.910284859375849,neighbor,510210.SH,159928.SZ
rolling_hill_climb,2021,2022,31,159865.SZ|159920.SZ|159980.SZ|159981.SZ|159985.SZ|160644.SZ|501018.SH|512890.SH|513030.SH|513100.SH|513180.SH|513880.SH|515880.SH,2.06158891508698,0.910284859375849,neighbor,510210.SH,512890.SH
rolling_hill_climb,2021,2022,32,159865.SZ|159920.SZ|159980.SZ|159981.SZ|159985.SZ|160644.SZ|161226.SZ|512890.SH|513030.SH|513100.SH|513180.SH|513880.SH|515880.SH,1.2820336270868011,0.910284859375849,neighbor,501018.SH,161226.SZ
rolling_hill_climb,2021,2022,33,159865.SZ|159920.SZ|159980.SZ|159981.SZ|160644.SZ|161226.SZ|501018.SH|512890.SH|513030.SH|513100.SH|513180.SH|513880.SH|515880.SH,1.2480899156722962,0.910284859375849,neighbor,159985.SZ,161226.SZ
rolling_hill_climb,2021,2022,34,159865.SZ|159920.SZ|159980.SZ|159981.SZ|159985.SZ|160644.SZ|501018.SH|512890.SH|513030.SH|513080.SH|513100.SH|513180.SH|515880.SH,2.0275128256922508,0.910284859375849,neighbor,513880.SH,513080.SH
rolling_hill_climb,2021,2022,35,159865.SZ|159920.SZ|159981.SZ|159985.SZ|160644.SZ|501018.SH|512890.SH|513030.SH|513100.SH|513180.SH|513880.SH|515880.SH|518880.SH,1.392933405535692,0.910284859375849,neighbor,159980.SZ,518880.SH
rolling_hill_climb,2021,2022,36,159865.SZ|159920.SZ|159980.SZ|159981.SZ|159985.SZ|160644.SZ|512890.SH|513030.SH|513100.SH|513180.SH|513880.SH|515880.SH|518880.SH,0.9226795660190109,0.910284859375849,neighbor,501018.SH,518880.SH
rolling_hill_climb,2021,2022,37,159865.SZ|159920.SZ|159980.SZ|159985.SZ|160644.SZ|161226.SZ|501018.SH|512890.SH|513030.SH|513100.SH|513180.SH|513880.SH|515880.SH,1.5200880610186565,0.910284859375849,neighbor,159981.SZ,161226.SZ
rolling_hill_climb,2021,2022,38,159865.SZ|159920.SZ|159980.SZ|159981.SZ|159985.SZ|160644.SZ|501018.SH|512100.SH|513030.SH|513100.SH|513180.SH|513880.SH|515880.SH,1.8680170226735542,0.910284859375849,neighbor,512890.SH,512100.SH
rolling_hill_climb,2021,2022,39,159865.SZ|159915.SZ|159920.SZ|159980.SZ|159981.SZ|159985.SZ|160644.SZ|501018.SH|513030.SH|513100.SH|513180.SH|513880.SH|515880.SH,1.255529527383336,0.910284859375849,neighbor,512890.SH,159915.SZ
rolling_hill_climb,2021,2022,40,159865.SZ|159920.SZ|159980.SZ|159981.SZ|159985.SZ|160644.SZ|501018.SH|512890.SH|513100.SH|513180.SH|513500.SH|513880.SH|515880.SH,1.751932242788541,0.910284859375849,neighbor,513030.SH,513500.SH
rolling_hill_climb,2021,2022,41,159865.SZ|159920.SZ|159980.SZ|159981.SZ|159985.SZ|160644.SZ|501018.SH|512100.SH|512890.SH|513030.SH|513100.SH|513180.SH|513880.SH,1.8156776458588861,0.910284859375849,neighbor,515880.SH,512100.SH
rolling_hill_climb,2021,2022,42,159865.SZ|159920.SZ|159980.SZ|159981.SZ|159985.SZ|160644.SZ|164824.SZ|501018.SH|512890.SH|513030.SH|513100.SH|513180.SH|515880.SH,2.184370191645738,0.910284859375849,neighbor,513880.SH,164824.SZ
rolling_hill_climb,2021,2022,43,159865.SZ|159920.SZ|159980.SZ|159981.SZ|159985.SZ|160644.SZ|164824.SZ|501018.SH|512890.SH|513080.SH|513100.SH|513180.SH|515880.SH,1.7644658117708667,0.910284859375849,neighbor,513030.SH,513080.SH
rolling_hill_climb,2021,2022,44,159865.SZ|159920.SZ|159980.SZ|159981.SZ|159985.SZ|160644.SZ|164824.SZ|501018.SH|512890.SH|513030.SH|513180.SH|513880.SH|515880.SH,1.4231869696986474,0.910284859375849,neighbor,513100.SH,513880.SH
rolling_hill_climb,2021,2022,45,159825.SZ|159865.SZ|159920.SZ|159980.SZ|159981.SZ|159985.SZ|160644.SZ|164824.SZ|501018.SH|513030.SH|513100.SH|513180.SH|515880.SH,1.848129352154461,0.910284859375849,neighbor,512890.SH,159825.SZ
rolling_hill_climb,2021,2022,46,159865.SZ|159920.SZ|159980.SZ|159981.SZ|159985.SZ|160644.SZ|164824.SZ|501018.SH|512890.SH|513030.SH|513180.SH|513500.SH|515880.SH,1.989159386664716,0.910284859375849,neighbor,513100.SH,513500.SH
rolling_hill_climb,2021,2022,47,159865.SZ|159920.SZ|159980.SZ|159985.SZ|160644.SZ|161226.SZ|164824.SZ|501018.SH|512890.SH|513030.SH|513100.SH|513180.SH|515880.SH,1.7652928636040692,0.910284859375849,neighbor,159981.SZ,161226.SZ
rolling_hill_climb,2021,2022,48,159852.SZ|159920.SZ|159980.SZ|159981.SZ|159985.SZ|160644.SZ|164824.SZ|501018.SH|512890.SH|513030.SH|513100.SH|513180.SH|515880.SH,1.6489221656882642,0.910284859375849,neighbor,159865.SZ,159852.SZ
rolling_hill_climb,2021,2022,49,159920.SZ|159980.SZ|159981.SZ|159985.SZ|160644.SZ|164824.SZ|501018.SH|512100.SH|512890.SH|513030.SH|513100.SH|513180.SH|515880.SH,2.135853283742133,0.910284859375849,neighbor,159865.SZ,512100.SH
rolling_hill_climb,2021,2022,50,159865.SZ|159920.SZ|159980.SZ|159981.SZ|159985.SZ|160644.SZ|164824.SZ|501018.SH|512200.SH|512890.SH|513030.SH|513100.SH|513180.SH,1.6114623635593832,0.910284859375849,neighbor,515880.SH,512200.SH
rolling_hill_climb,2021,2022,51,159865.SZ|159920.SZ|159980.SZ|159981.SZ|159985.SZ|160644.SZ|161226.SZ|164824.SZ|512890.SH|513030.SH|513100.SH|513180.SH|515880.SH,1.596651026924298,0.910284859375849,neighbor,501018.SH,161226.SZ
rolling_hill_climb,2021,2022,52,159865.SZ|159920.SZ|159981.SZ|159985.SZ|160644.SZ|161226.SZ|164824.SZ|501018.SH|512890.SH|513030.SH|513100.SH|513180.SH|515880.SH,2.0263495822485287,0.910284859375849,neighbor,159980.SZ,161226.SZ
rolling_hill_climb,2021,2022,53,159865.SZ|159920.SZ|159980.SZ|159981.SZ|160644.SZ|164824.SZ|501018.SH|512890.SH|513030.SH|513100.SH|513180.SH|515880.SH|518880.SH,1.1994075066563448,0.910284859375849,neighbor,159985.SZ,518880.SH
rolling_hill_climb,2021,2022,54,159865.SZ|159920.SZ|159980.SZ|159985.SZ|160644.SZ|164824.SZ|501018.SH|512890.SH|513030.SH|513100.SH|513180.SH|515880.SH|518880.SH,1.2126173148784753,0.910284859375849,neighbor,159981.SZ,518880.SH
rolling_hill_climb,2021,2022,55,159865.SZ|159920.SZ|159980.SZ|159981.SZ|159985.SZ|160644.SZ|164824.SZ|501018.SH|512890.SH|513100.SH|513180.SH|513500.SH|515880.SH,1.8490800241751346,0.910284859375849,neighbor,513030.SH,513500.SH
rolling_hill_climb,2021,2022,56,159865.SZ|159920.SZ|159980.SZ|159981.SZ|159985.SZ|160644.SZ|164824.SZ|501018.SH|512980.SH|513030.SH|513100.SH|513180.SH|515880.SH,1.8548140212415416,0.910284859375849,neighbor,512890.SH,512980.SH
rolling_hill_climb,2021,2022,57,159865.SZ|159920.SZ|159980.SZ|159981.SZ|159985.SZ|160644.SZ|164824.SZ|512890.SH|513030.SH|513100.SH|513180.SH|515880.SH|518880.SH,1.1747284389244437,0.910284859375849,neighbor,501018.SH,518880.SH
rolling_hill_climb,2021,2022,58,159865.SZ|159920.SZ|159980.SZ|159981.SZ|159985.SZ|160644.SZ|164824.SZ|501018.SH|512800.SH|512890.SH|513030.SH|513100.SH|513180.SH,1.424452362801866,0.910284859375849,neighbor,515880.SH,512800.SH
rolling_hill_climb,2021,2022,59,159852.SZ|159865.SZ|159920.SZ|159980.SZ|159981.SZ|159985.SZ|160644.SZ|164824.SZ|501018.SH|513030.SH|513100.SH|513180.SH|515880.SH,1.6747033186934488,0.910284859375849,neighbor,512890.SH,159852.SZ
rolling_hill_climb,2021,2022,60,159920.SZ|159928.SZ|159980.SZ|159981.SZ|159985.SZ|160644.SZ|164824.SZ|501018.SH|512890.SH|513030.SH|513100.SH|513180.SH|515880.SH,1.537604111044519,0.910284859375849,neighbor,159865.SZ,159928.SZ
rolling_hill_climb,2021,2022,61,159865.SZ|159920.SZ|159980.SZ|159981.SZ|159985.SZ|160644.SZ|164824.SZ|501018.SH|512660.SH|513030.SH|513100.SH|513180.SH|515880.SH,1.9037221387724916,0.910284859375849,neighbor,512890.SH,512660.SH
rolling_hill_climb,2021,2022,62,159865.SZ|159920.SZ|159980.SZ|159981.SZ|159985.SZ|164824.SZ|501018.SH|512890.SH|513030.SH|513100.SH|513180.SH|513880.SH|515880.SH,1.9082512620414909,0.910284859375849,neighbor,160644.SZ,513880.SH
rolling_hill_climb,2021,2022,63,159865.SZ|159920.SZ|159980.SZ|159981.SZ|159985.SZ|160644.SZ|164824.SZ|501018.SH|512890.SH|513100.SH|513180.SH|513880.SH|515880.SH,1.811986910126596,0.910284859375849,neighbor,513030.SH,513880.SH
rolling_hill_climb,2021,2022,64,159865.SZ|159920.SZ|159981.SZ|159985.SZ|160644.SZ|164824.SZ|501018.SH|512890.SH|513030.SH|513100.SH|513180.SH|515880.SH|518880.SH,1.6138553149222443,0.910284859375849,neighbor,159980.SZ,518880.SH
rolling_hill_climb,2021,2022,65,159865.SZ|159920.SZ|159980.SZ|159981.SZ|159985.SZ|160644.SZ|164824.SZ|501018.SH|512890.SH|513030.SH|513100.SH|513180.SH|515220.SH,1.8132970396327146,0.910284859375849,neighbor,515880.SH,515220.SH
rolling_hill_climb,2021,2022,66,159865.SZ|159920.SZ|159980.SZ|159981.SZ|159985.SZ|160644.SZ|501018.SH|512890.SH|513030.SH|513100.SH|513180.SH|513500.SH|515880.SH,1.9639727456314522,0.910284859375849,neighbor,164824.SZ,513500.SH
rolling_hill_climb,2021,2022,67,159920.SZ|159980.SZ|159981.SZ|159985.SZ|160644.SZ|164824.SZ|501018.SH|510880.SH|512890.SH|513030.SH|513100.SH|513180.SH|515880.SH,2.1561632984471473,0.910284859375849,neighbor,159865.SZ,510880.SH
rolling_hill_climb,2021,2022,68,159865.SZ|159920.SZ|159980.SZ|159981.SZ|159985.SZ|164824.SZ|501018.SH|512890.SH|513030.SH|513100.SH|513180.SH|513500.SH|515880.SH,1.8191978356895004,0.910284859375849,neighbor,160644.SZ,513500.SH
rolling_hill_climb,2021,2022,69,159865.SZ|159920.SZ|159980.SZ|159981.SZ|160644.SZ|161226.SZ|164824.SZ|501018.SH|512890.SH|513030.SH|513100.SH|513180.SH|515880.SH,1.577132149324507,0.910284859375849,neighbor,159985.SZ,161226.SZ
rolling_hill_climb,2021,2022,70,159865.SZ|159920.SZ|159980.SZ|159981.SZ|159985.SZ|160644.SZ|164824.SZ|501018.SH|510050.SH|513030.SH|513100.SH|513180.SH|515880.SH,1.8922668636459088,0.910284859375849,neighbor,512890.SH,510050.SH
rolling_hill_climb,2021,2022,71,159920.SZ|159980.SZ|159981.SZ|159985.SZ|160644.SZ|164824.SZ|501018.SH|510210.SH|512890.SH|513030.SH|513100.SH|513180.SH|515880.SH,1.9915122659740199,0.910284859375849,neighbor,159865.SZ,510210.SH
rolling_hill_climb,2021,2022,72,159920.SZ|159980.SZ|159981.SZ|159985.SZ|160644.SZ|164824.SZ|501018.SH|512880.SH|512890.SH|513030.SH|513100.SH|513180.SH|515880.SH,1.9921695098551377,0.910284859375849,neighbor,159865.SZ,512880.SH
rolling_hill_climb,2021,2022,73,159920.SZ|159980.SZ|159981.SZ|159985.SZ|160644.SZ|164824.SZ|501018.SH|510050.SH|512890.SH|513030.SH|513100.SH|513180.SH|515880.SH,1.9615137152737265,0.910284859375849,neighbor,159865.SZ,510050.SH
rolling_hill_climb,2021,2022,74,159865.SZ|159920.SZ|159928.SZ|159980.SZ|159981.SZ|159985.SZ|160644.SZ|164824.SZ|501018.SH|513030.SH|513100.SH|513180.SH|515880.SH,1.5557066202659344,0.910284859375849,neighbor,512890.SH,159928.SZ
rolling_hill_climb,2021,2022,75,159865.SZ|159920.SZ|159980.SZ|159981.SZ|159985.SZ|160644.SZ|164824.SZ|501018.SH|512890.SH|513030.SH|513080.SH|513180.SH|515880.SH,1.4288758382486766,0.910284859375849,neighbor,513100.SH,513080.SH
rolling_hill_climb,2021,2022,76,159920.SZ|159967.SZ|159980.SZ|159981.SZ|159985.SZ|160644.SZ|164824.SZ|501018.SH|512890.SH|513030.SH|513100.SH|513180.SH|515880.SH,1.8251965966916952,0.910284859375849,neighbor,159865.SZ,159967.SZ
rolling_hill_climb,2021,2022,77,159920.SZ|159980.SZ|159981.SZ|159985.SZ|160644.SZ|164824.SZ|501018.SH|512660.SH|512890.SH|513030.SH|513100.SH|513180.SH|515880.SH,2.061553122956475,0.910284859375849,neighbor,159865.SZ,512660.SH
rolling_hill_climb,2021,2022,78,159865.SZ|159920.SZ|159980.SZ|159981.SZ|159985.SZ|160644.SZ|164824.SZ|501018.SH|513030.SH|513100.SH|513180.SH|515210.SH|515880.SH,2.0233022217968246,0.910284859375849,neighbor,512890.SH,515210.SH
rolling_hill_climb,2021,2022,79,159865.SZ|159920.SZ|159980.SZ|159981.SZ|159985.SZ|160644.SZ|164824.SZ|501018.SH|512400.SH|512890.SH|513030.SH|513100.SH|513180.SH,1.518253273256613,0.910284859375849,neighbor,515880.SH,512400.SH
rolling_hill_climb,2021,2022,80,159865.SZ|159920.SZ|159980.SZ|159981.SZ|159985.SZ|164824.SZ|501018.SH|512890.SH|513030.SH|513080.SH|513100.SH|513180.SH|515880.SH,1.6288460878148177,0.910284859375849,neighbor,160644.SZ,513080.SH
rolling_hill_climb,2021,2022,81,159865.SZ|159869.SZ|159920.SZ|159980.SZ|159981.SZ|159985.SZ|160644.SZ|164824.SZ|501018.SH|512890.SH|513030.SH|513100.SH|513180.SH,1.773309633234395,0.910284859375849,neighbor,515880.SH,159869.SZ
rolling_hill_climb,2021,2022,82,159865.SZ|159920.SZ|159949.SZ|159980.SZ|159981.SZ|159985.SZ|160644.SZ|164824.SZ|501018.SH|513030.SH|513100.SH|513180.SH|515880.SH,1.72411249141825,0.910284859375849,neighbor,512890.SH,159949.SZ
rolling_hill_climb,2021,2022,83,159865.SZ|159915.SZ|159920.SZ|159980.SZ|159981.SZ|159985.SZ|160644.SZ|164824.SZ|501018.SH|512890.SH|513030.SH|513100.SH|513180.SH,1.7750815991506588,0.910284859375849,neighbor,515880.SH,159915.SZ
rolling_hill_climb,2021,2022,84,159920.SZ|159980.SZ|159981.SZ|159985.SZ|160644.SZ|164824.SZ|501018.SH|512170.SH|512890.SH|513030.SH|513100.SH|513180.SH|515880.SH,1.826994672794847,0.910284859375849,neighbor,159865.SZ,512170.SH
rolling_hill_climb,2021,2022,85,159865.SZ|159920.SZ|159980.SZ|159981.SZ|159985.SZ|160644.SZ|164824.SZ|501018.SH|512880.SH|513030.SH|513100.SH|513180.SH|515880.SH,1.9334566146723697,0.910284859375849,neighbor,512890.SH,512880.SH
rolling_hill_climb,2021,2022,86,159865.SZ|159920.SZ|159980.SZ|159981.SZ|159985.SZ|160644.SZ|164824.SZ|501018.SH|512880.SH|512890.SH|513030.SH|513100.SH|513180.SH,1.613821767478455,0.910284859375849,neighbor,515880.SH,512880.SH
rolling_hill_climb,2021,2022,87,159920.SZ|159980.SZ|159981.SZ|159985.SZ|160644.SZ|164824.SZ|501018.SH|512890.SH|513030.SH|513100.SH|513180.SH|515880.SH|516150.SH,1.8658562655449267,0.910284859375849,neighbor,159865.SZ,516150.SH
rolling_hill_climb,2021,2022,88,159869.SZ|159920.SZ|159980.SZ|159981.SZ|159985.SZ|160644.SZ|164824.SZ|501018.SH|512890.SH|513030.SH|513100.SH|513180.SH|515880.SH,2.0873892051688476,0.910284859375849,neighbor,159865.SZ,159869.SZ
rolling_hill_climb,2021,2022,89,159920.SZ|159980.SZ|159981.SZ|159985.SZ|160644.SZ|164824.SZ|501018.SH|512890.SH|512980.SH|513030.SH|513100.SH|513180.SH|515880.SH,2.1708190491000243,0.910284859375849,neighbor,159865.SZ,512980.SH
rolling_hill_climb,2021,2022,90,159920.SZ|159980.SZ|159981.SZ|159985.SZ|160644.SZ|164824.SZ|501018.SH|510500.SH|512890.SH|513030.SH|513100.SH|513180.SH|515880.SH,2.0050974678950957,0.910284859375849,neighbor,159865.SZ,510500.SH
rolling_hill_climb,2021,2022,91,159865.SZ|159920.SZ|159980.SZ|159981.SZ|159985.SZ|160644.SZ|164824.SZ|501018.SH|510500.SH|512890.SH|513030.SH|513100.SH|513180.SH,1.5906716287867706,0.910284859375849,neighbor,515880.SH,510500.SH
rolling_hill_climb,2021,2022,92,159920.SZ|159980.SZ|159981.SZ|159985.SZ|160644.SZ|164824.SZ|501018.SH|512890.SH|513030.SH|513100.SH|513180.SH|515220.SH|515880.SH,1.9910085533936754,0.910284859375849,neighbor,159865.SZ,515220.SH
rolling_hill_climb,2021,2022,93,159865.SZ|159920.SZ|159980.SZ|159981.SZ|159985.SZ|160644.SZ|164824.SZ|501018.SH|510300.SH|513030.SH|513100.SH|513180.SH|515880.SH,1.8607947933442182,0.910284859375849,neighbor,512890.SH,510300.SH
rolling_hill_climb,2021,2022,94,159920.SZ|159980.SZ|159981.SZ|159985.SZ|160644.SZ|164824.SZ|501018.SH|512800.SH|512890.SH|513030.SH|513100.SH|513180.SH|515880.SH,1.7913207271019111,0.910284859375849,neighbor,159865.SZ,512800.SH
rolling_hill_climb,2021,2022,95,159865.SZ|159901.SZ|159920.SZ|159980.SZ|159981.SZ|159985.SZ|160644.SZ|164824.SZ|501018.SH|513030.SH|513100.SH|513180.SH|515880.SH,1.745318250968734,0.910284859375849,neighbor,512890.SH,159901.SZ
rolling_hill_climb,2021,2022,96,159865.SZ|159915.SZ|159920.SZ|159980.SZ|159981.SZ|159985.SZ|160644.SZ|164824.SZ|501018.SH|513030.SH|513100.SH|513180.SH|515880.SH,1.6825339300896693,0.910284859375849,neighbor,512890.SH,159915.SZ
rolling_hill_climb,2021,2022,97,159865.SZ|159901.SZ|159920.SZ|159980.SZ|159981.SZ|159985.SZ|160644.SZ|164824.SZ|501018.SH|512890.SH|513030.SH|513100.SH|513180.SH,1.4035958868122904,0.910284859375849,neighbor,515880.SH,159901.SZ
rolling_hill_climb,2021,2022,98,159920.SZ|159980.SZ|159981.SZ|159985.SZ|160644.SZ|164824.SZ|501018.SH|512890.SH|513030.SH|513100.SH|513180.SH|515880.SH|588000.SH,2.1246559043098276,0.910284859375849,neighbor,159865.SZ,588000.SH
rolling_hill_climb,2021,2022,99,159865.SZ|159920.SZ|159980.SZ|159981.SZ|159985.SZ|160644.SZ|164824.SZ|501018.SH|512040.SH|513030.SH|513100.SH|513180.SH|515880.SH,1.9987608191289976,0.910284859375849,neighbor,512890.SH,512040.SH
rolling_hill_climb,2021,2022,100,159865.SZ|159920.SZ|159980.SZ|159981.SZ|159985.SZ|160644.SZ|164824.SZ|501018.SH|510050.SH|512890.SH|513030.SH|513100.SH|513180.SH,1.5534959432107742,0.910284859375849,neighbor,515880.SH,510050.SH
rolling_hill_climb,2022,2023,1,159852.SZ|159920.SZ|159981.SZ|159985.SZ|160644.SZ|164824.SZ|501018.SH|510180.SH|512200.SH|513070.SH|513080.SH|513880.SH|518880.SH,0.5371255244483394,0.9184217642745492,initial,,
rolling_hill_climb,2022,2023,2,159852.SZ|159865.SZ|159920.SZ|159981.SZ|159985.SZ|160644.SZ|164824.SZ|501018.SH|512200.SH|513070.SH|513080.SH|513880.SH|518880.SH,0.35868366957760534,0.9184217642745492,neighbor,510180.SH,159865.SZ
rolling_hill_climb,2022,2023,3,159852.SZ|159920.SZ|159981.SZ|159985.SZ|160644.SZ|161226.SZ|164824.SZ|501018.SH|510180.SH|512200.SH|513070.SH|513080.SH|513880.SH,0.13012511957418713,0.9184217642745492,neighbor,518880.SH,161226.SZ
rolling_hill_climb,2022,2023,4,159852.SZ|159920.SZ|159980.SZ|159981.SZ|159985.SZ|160644.SZ|164824.SZ|510180.SH|512200.SH|513070.SH|513080.SH|513880.SH|518880.SH,0.4326568627074757,0.9184217642745492,neighbor,501018.SH,159980.SZ
rolling_hill_climb,2022,2023,5,159852.SZ|159920.SZ|159980.SZ|159985.SZ|160644.SZ|164824.SZ|501018.SH|510180.SH|512200.SH|513070.SH|513080.SH|513880.SH|518880.SH,0.5453287386000008,0.9184217642745492,neighbor,159981.SZ,159980.SZ
rolling_hill_climb,2022,2023,6,159852.SZ|159920.SZ|159980.SZ|159985.SZ|160644.SZ|164824.SZ|501018.SH|510180.SH|512200.SH|513070.SH|513500.SH|513880.SH|518880.SH,0.475188256562713,0.9184217642745492,neighbor,513080.SH,513500.SH
rolling_hill_climb,2022,2023,7,159766.SZ|159852.SZ|159920.SZ|159980.SZ|159985.SZ|160644.SZ|164824.SZ|501018.SH|510180.SH|513070.SH|513080.SH|513880.SH|518880.SH,0.39944514866472086,0.9184217642745492,neighbor,512200.SH,159766.SZ
rolling_hill_climb,2022,2023,8,159852.SZ|159920.SZ|159980.SZ|159981.SZ|159985.SZ|160644.SZ|164824.SZ|501018.SH|510180.SH|512200.SH|513070.SH|513080.SH|513880.SH,0.662940256444885,0.9184217642745492,neighbor,518880.SH,159981.SZ
rolling_hill_climb,2022,2023,9,159851.SZ|159920.SZ|159980.SZ|159981.SZ|159985.SZ|160644.SZ|164824.SZ|501018.SH|510180.SH|512200.SH|513070.SH|513080.SH|513880.SH,0.49924242324318535,0.9184217642745492,neighbor,159852.SZ,159851.SZ
rolling_hill_climb,2022,2023,10,159852.SZ|159920.SZ|159980.SZ|159981.SZ|159985.SZ|160644.SZ|161226.SZ|164824.SZ|510180.SH|512200.SH|513070.SH|513080.SH|513880.SH,-0.023919620523560895,0.9184217642745492,neighbor,501018.SH,161226.SZ
rolling_hill_climb,2022,2023,11,159852.SZ|159920.SZ|159980.SZ|159981.SZ|160644.SZ|164824.SZ|501018.SH|510180.SH|512200.SH|513070.SH|513080.SH|513880.SH|518880.SH,0.18655431908256145,0.9184217642745492,neighbor,159985.SZ,518880.SH
rolling_hill_climb,2022,2023,12,159611.SZ|159852.SZ|159920.SZ|159980.SZ|159981.SZ|159985.SZ|160644.SZ|164824.SZ|501018.SH|512200.SH|513070.SH|513080.SH|513880.SH,0.2732837007929375,0.9184217642745492,neighbor,510180.SH,159611.SZ
rolling_hill_climb,2022,2023,13,159865.SZ|159920.SZ|159980.SZ|159981.SZ|159985.SZ|160644.SZ|164824.SZ|501018.SH|510180.SH|512200.SH|513070.SH|513080.SH|513880.SH,0.0067017925749206135,0.9184217642745492,neighbor,159852.SZ,159865.SZ
rolling_hill_climb,2022,2023,14,159852.SZ|159920.SZ|159980.SZ|159981.SZ|159985.SZ|160644.SZ|164824.SZ|501018.SH|510180.SH|512200.SH|513030.SH|513070.SH|513880.SH,0.6683664891478294,0.9184217642745492,neighbor,513080.SH,513030.SH
rolling_hill_climb,2022,2023,15,159852.SZ|159920.SZ|159980.SZ|159981.SZ|159985.SZ|160644.SZ|161226.SZ|164824.SZ|510180.SH|512200.SH|513030.SH|513070.SH|513880.SH,-0.06855838478043523,0.9184217642745492,neighbor,501018.SH,161226.SZ
rolling_hill_climb,2022,2023,16,159901.SZ|159920.SZ|159980.SZ|159981.SZ|159985.SZ|160644.SZ|164824.SZ|501018.SH|510180.SH|512200.SH|513030.SH|513070.SH|513880.SH,0.2517182590864509,0.9184217642745492,neighbor,159852.SZ,159901.SZ
rolling_hill_climb,2022,2023,17,159852.SZ|159920.SZ|159980.SZ|159985.SZ|160644.SZ|164824.SZ|501018.SH|510180.SH|512200.SH|513030.SH|513070.SH|513880.SH|518880.SH,0.5642868298224042,0.9184217642745492,neighbor,159981.SZ,518880.SH
rolling_hill_climb,2022,2023,18,159852.SZ|159920.SZ|159981.SZ|159985.SZ|160644.SZ|161226.SZ|164824.SZ|501018.SH|510180.SH|512200.SH|513030.SH|513070.SH|513880.SH,0.13449543521502805,0.9184217642745492,neighbor,159980.SZ,161226.SZ
rolling_hill_climb,2022,2023,19,159852.SZ|159920.SZ|159980.SZ|159981.SZ|159985.SZ|164824.SZ|501018.SH|510180.SH|512200.SH|513030.SH|513070.SH|513100.SH|513880.SH,0.628400278200518,0.9184217642745492,neighbor,160644.SZ,513100.SH
rolling_hill_climb,2022,2023,20,159920.SZ|159980.SZ|159981.SZ|159985.SZ|160644.SZ|164824.SZ|501018.SH|510180.SH|512200.SH|513030.SH|513070.SH|513880.SH|515790.SH,0.24302130164095545,0.9184217642745492,neighbor,159852.SZ,515790.SH
rolling_hill_climb,2022,2023,21,159852.SZ|159869.SZ|159920.SZ|159980.SZ|159981.SZ|159985.SZ|160644.SZ|164824.SZ|501018.SH|512200.SH|513030.SH|513070.SH|513880.SH,0.3828096530219146,0.9184217642745492,neighbor,510180.SH,159869.SZ
rolling_hill_climb,2022,2023,22,159852.SZ|159920.SZ|159980.SZ|159981.SZ|159985.SZ|160644.SZ|164824.SZ|501018.SH|510180.SH|512200.SH|513030.SH|513070.SH|513500.SH,0.47656534352044194,0.9184217642745492,neighbor,513880.SH,513500.SH
rolling_hill_climb,2022,2023,23,159870.SZ|159920.SZ|159980.SZ|159981.SZ|159985.SZ|160644.SZ|164824.SZ|501018.SH|510180.SH|512200.SH|513030.SH|513070.SH|513880.SH,0.10881652930575594,0.9184217642745492,neighbor,159852.SZ,159870.SZ
rolling_hill_climb,2022,2023,24,159852.SZ|159920.SZ|159980.SZ|159981.SZ|159985.SZ|160644.SZ|164824.SZ|510180.SH|512200.SH|513030.SH|513070.SH|513880.SH|518880.SH,0.44941252026859413,0.9184217642745492,neighbor,501018.SH,518880.SH
rolling_hill_climb,2022,2023,25,159852.SZ|159920.SZ|159980.SZ|159981.SZ|159985.SZ|160644.SZ|164824.SZ|501018.SH|510180.SH|512200.SH|513070.SH|513500.SH|513880.SH,0.5043792831990184,0.9184217642745492,neighbor,513030.SH,513500.SH
rolling_hill_climb,2022,2023,26,159852.SZ|159920.SZ|159980.SZ|159981.SZ|159985.SZ|160644.SZ|164824.SZ|501018.SH|510500.SH|512200.SH|513030.SH|513070.SH|513880.SH,0.2538473353812624,0.9184217642745492,neighbor,510180.SH,510500.SH
rolling_hill_climb,2022,2023,27,159852.SZ|159920.SZ|159980.SZ|159981.SZ|160644.SZ|164824.SZ|501018.SH|510180.SH|512200.SH|513030.SH|513070.SH|513880.SH|518880.SH,0.18302081766089454,0.9184217642745492,neighbor,159985.SZ,518880.SH
rolling_hill_climb,2022,2023,28,159851.SZ|159852.SZ|159920.SZ|159980.SZ|159981.SZ|159985.SZ|160644.SZ|164824.SZ|501018.SH|512200.SH|513030.SH|513070.SH|513880.SH,0.5840385815940645,0.9184217642745492,neighbor,510180.SH,159851.SZ
rolling_hill_climb,2022,2023,29,159852.SZ|159920.SZ|159980.SZ|159981.SZ|159985.SZ|160644.SZ|164824.SZ|501018.SH|512200.SH|512660.SH|513030.SH|513070.SH|513880.SH,0.35579100900102933,0.9184217642745492,neighbor,510180.SH,512660.SH
rolling_hill_climb,2022,2023,30,159852.SZ|159920.SZ|159980.SZ|159981.SZ|159985.SZ|164824.SZ|501018.SH|510180.SH|512200.SH|513030.SH|513070.SH|513500.SH|513880.SH,0.3839561085862156,0.9184217642745492,neighbor,160644.SZ,513500.SH
rolling_hill_climb,2022,2023,31,159852.SZ|159920.SZ|159980.SZ|159981.SZ|159985.SZ|160644.SZ|501018.SH|510180.SH|512200.SH|513030.SH|513070.SH|513500.SH|513880.SH,0.5711405720897735,0.9184217642745492,neighbor,164824.SZ,513500.SH
rolling_hill_climb,2022,2023,32,159852.SZ|159920.SZ|159949.SZ|159980.SZ|159981.SZ|159985.SZ|160644.SZ|164824.SZ|501018.SH|512200.SH|513030.SH|513070.SH|513880.SH,0.6354791200093618,0.9184217642745492,neighbor,510180.SH,159949.SZ
rolling_hill_climb,2022,2023,33,159852.SZ|159920.SZ|159980.SZ|159981.SZ|159985.SZ|160644.SZ|501018.SH|510180.SH|512200.SH|513030.SH|513070.SH|513100.SH|513880.SH,0.6304052569711733,0.9184217642745492,neighbor,164824.SZ,513100.SH
rolling_hill_climb,2022,2023,34,159852.SZ|159920.SZ|159980.SZ|159985.SZ|160644.SZ|161226.SZ|164824.SZ|501018.SH|510180.SH|512200.SH|513030.SH|513070.SH|513880.SH,0.38094329309465047,0.9184217642745492,neighbor,159981.SZ,161226.SZ
rolling_hill_climb,2022,2023,35,159920.SZ|159980.SZ|159981.SZ|159985.SZ|160644.SZ|164824.SZ|501018.SH|510180.SH|512200.SH|513030.SH|513070.SH|513880.SH|515220.SH,0.24278732253050825,0.9184217642745492,neighbor,159852.SZ,515220.SH
rolling_hill_climb,2022,2023,36,159852.SZ|159920.SZ|159980.SZ|159981.SZ|160644.SZ|161226.SZ|164824.SZ|501018.SH|510180.SH|512200.SH|513030.SH|513070.SH|513880.SH,0.08353428651983473,0.9184217642745492,neighbor,159985.SZ,161226.SZ
rolling_hill_climb,2022,2023,37,159852.SZ|159920.SZ|159981.SZ|159985.SZ|160644.SZ|164824.SZ|501018.SH|510180.SH|512200.SH|513030.SH|513070.SH|513880.SH|518880.SH,0.531766124298644,0.9184217642745492,neighbor,159980.SZ,518880.SH
rolling_hill_climb,2022,2023,38,159852.SZ|159920.SZ|159980.SZ|159981.SZ|159985.SZ|160644.SZ|164824.SZ|501018.SH|510180.SH|512980.SH|513030.SH|513070.SH|513880.SH,0.6913661751210963,0.9184217642745492,neighbor,512200.SH,512980.SH
rolling_hill_climb,2022,2023,39,159920.SZ|159980.SZ|159981.SZ|159985.SZ|160644.SZ|164824.SZ|501018.SH|510180.SH|512100.SH|512980.SH|513030.SH|513070.SH|513880.SH,0.1494590499317044,0.9184217642745492,neighbor,159852.SZ,512100.SH
rolling_hill_climb,2022,2023,40,159852.SZ|159920.SZ|159980.SZ|159981.SZ|159985.SZ|160644.SZ|501018.SH|510180.SH|512980.SH|513030.SH|513070.SH|513500.SH|513880.SH,0.24655581605402727,0.9184217642745492,neighbor,164824.SZ,513500.SH
rolling_hill_climb,2022,2023,41,159852.SZ|159920.SZ|159980.SZ|159981.SZ|159985.SZ|164824.SZ|501018.SH|510180.SH|512980.SH|513030.SH|513070.SH|513100.SH|513880.SH,0.6128111926289099,0.9184217642745492,neighbor,160644.SZ,513100.SH
rolling_hill_climb,2022,2023,42,159865.SZ|159920.SZ|159980.SZ|159981.SZ|159985.SZ|160644.SZ|164824.SZ|501018.SH|510180.SH|512980.SH|513030.SH|513070.SH|513880.SH,0.017447141639195526,0.9184217642745492,neighbor,159852.SZ,159865.SZ
rolling_hill_climb,2022,2023,43,159852.SZ|159869.SZ|159920.SZ|159980.SZ|159981.SZ|159985.SZ|160644.SZ|164824.SZ|501018.SH|510180.SH|513030.SH|513070.SH|513880.SH,0.6034118286020664,0.9184217642745492,neighbor,512980.SH,159869.SZ
rolling_hill_climb,2022,2023,44,159852.SZ|159920.SZ|159981.SZ|159985.SZ|160644.SZ|164824.SZ|501018.SH|510180.SH|512980.SH|513030.SH|513070.SH|513880.SH|518880.SH,0.3209360042933611,0.9184217642745492,neighbor,159980.SZ,518880.SH
rolling_hill_climb,2022,2023,45,159920.SZ|159980.SZ|159981.SZ|159985.SZ|160644.SZ|164824.SZ|501018.SH|510180.SH|512200.SH|512980.SH|513030.SH|513070.SH|513880.SH,0.28282810494203914,0.9184217642745492,neighbor,159852.SZ,512200.SH
rolling_hill_climb,2022,2023,46,159852.SZ|159920.SZ|159980.SZ|159981.SZ|159985.SZ|160644.SZ|164824.SZ|501018.SH|510180.SH|512980.SH|513030.SH|513070.SH|513500.SH,0.597492041443149,0.9184217642745492,neighbor,513880.SH,513500.SH
rolling_hill_climb,2022,2023,47,159852.SZ|159865.SZ|159920.SZ|159980.SZ|159981.SZ|159985.SZ|160644.SZ|164824.SZ|501018.SH|510180.SH|513030.SH|513070.SH|513880.SH,0.40804380732618617,0.9184217642745492,neighbor,512980.SH,159865.SZ
rolling_hill_climb,2022,2023,48,159852.SZ|159920.SZ|159980.SZ|159981.SZ|159985.SZ|160644.SZ|164824.SZ|501018.SH|510180.SH|512980.SH|513070.SH|513100.SH|513880.SH,0.6111258037523211,0.9184217642745492,neighbor,513030.SH,513100.SH
rolling_hill_climb,2022,2023,49,159852.SZ|159920.SZ|159980.SZ|159985.SZ|160644.SZ|161226.SZ|164824.SZ|501018.SH|510180.SH|512980.SH|513030.SH|513070.SH|513880.SH,0.30635155185360546,0.9184217642745492,neighbor,159981.SZ,161226.SZ
rolling_hill_climb,2022,2023,50,159852.SZ|159920.SZ|159980.SZ|159981.SZ|160644.SZ|161226.SZ|164824.SZ|501018.SH|510180.SH|512980.SH|513030.SH|513070.SH|513880.SH,0.14484824099520424,0.9184217642745492,neighbor,159985.SZ,161226.SZ
rolling_hill_climb,2022,2023,51,159920.SZ|159980.SZ|159981.SZ|159985.SZ|160644.SZ|164824.SZ|501018.SH|510180.SH|512980.SH|513030.SH|513070.SH|513880.SH|516150.SH,0.35668032283509327,0.9184217642745492,neighbor,159852.SZ,516150.SH
rolling_hill_climb,2022,2023,52,159920.SZ|159928.SZ|159980.SZ|159981.SZ|159985.SZ|160644.SZ|164824.SZ|501018.SH|510180.SH|512980.SH|513030.SH|513070.SH|513880.SH,0.3925515915545776,0.9184217642745492,neighbor,159852.SZ,159928.SZ
rolling_hill_climb,2022,2023,53,159852.SZ|159920.SZ|159980.SZ|159981.SZ|159985.SZ|160644.SZ|164824.SZ|501018.SH|512980.SH|513030.SH|513070.SH|513880.SH|515220.SH,0.595682486656339,0.9184217642745492,neighbor,510180.SH,515220.SH
rolling_hill_climb,2022,2023,54,159852.SZ|159920.SZ|159980.SZ|159981.SZ|160644.SZ|164824.SZ|501018.SH|510180.SH|512980.SH|513030.SH|513070.SH|513880.SH|518880.SH,0.27864041576118165,0.9184217642745492,neighbor,159985.SZ,518880.SH
rolling_hill_climb,2022,2023,55,159852.SZ|159920.SZ|159981.SZ|159985.SZ|160644.SZ|161226.SZ|164824.SZ|501018.SH|510180.SH|512980.SH|513030.SH|513070.SH|513880.SH,0.05330092748728488,0.9184217642745492,neighbor,159980.SZ,161226.SZ
rolling_hill_climb,2022,2023,56,159852.SZ|159920.SZ|159980.SZ|159985.SZ|160644.SZ|164824.SZ|501018.SH|510180.SH|512980.SH|513030.SH|513070.SH|513880.SH|518880.SH,0.5635273398707913,0.9184217642745492,neighbor,159981.SZ,518880.SH
rolling_hill_climb,2022,2023,57,159870.SZ|159920.SZ|159980.SZ|159981.SZ|159985.SZ|160644.SZ|164824.SZ|501018.SH|510180.SH|512980.SH|513030.SH|513070.SH|513880.SH,0.17382032603183706,0.9184217642745492,neighbor,159852.SZ,159870.SZ
rolling_hill_climb,2022,2023,58,159852.SZ|159870.SZ|159920.SZ|159980.SZ|159981.SZ|159985.SZ|160644.SZ|164824.SZ|501018.SH|510180.SH|513030.SH|513070.SH|513880.SH,0.5808270349856508,0.9184217642745492,neighbor,512980.SH,159870.SZ
rolling_hill_climb,2022,2023,59,159852.SZ|159920.SZ|159980.SZ|159981.SZ|159985.SZ|160644.SZ|161226.SZ|164824.SZ|510180.SH|512980.SH|513030.SH|513070.SH|513880.SH,-0.23720185949754521,0.9184217642745492,neighbor,501018.SH,161226.SZ
rolling_hill_climb,2022,2023,60,159766.SZ|159852.SZ|159920.SZ|159980.SZ|159981.SZ|159985.SZ|160644.SZ|164824.SZ|501018.SH|510180.SH|513030.SH|513070.SH|513880.SH,0.6566068646904636,0.9184217642745492,neighbor,512980.SH,159766.SZ
rolling_hill_climb,2022,2023,61,159611.SZ|159852.SZ|159920.SZ|159980.SZ|159981.SZ|159985.SZ|160644.SZ|164824.SZ|501018.SH|512980.SH|513030.SH|513070.SH|513880.SH,0.201038456594086,0.9184217642745492,neighbor,510180.SH,159611.SZ
rolling_hill_climb,2022,2023,62,159852.SZ|159920.SZ|159980.SZ|159981.SZ|159985.SZ|160644.SZ|164824.SZ|501018.SH|510180.SH|512980.SH|513030.SH|513070.SH|513100.SH,0.7115583972249641,0.9184217642745492,neighbor,513880.SH,513100.SH
rolling_hill_climb,2022,2023,63,159766.SZ|159852.SZ|159920.SZ|159980.SZ|159981.SZ|159985.SZ|160644.SZ|164824.SZ|501018.SH|512980.SH|513030.SH|513070.SH|513100.SH,0.49123495116067,0.9184217642745492,neighbor,510180.SH,159766.SZ
rolling_hill_climb,2022,2023,64,159851.SZ|159852.SZ|159920.SZ|159980.SZ|159981.SZ|159985.SZ|160644.SZ|164824.SZ|501018.SH|510180.SH|513030.SH|513070.SH|513100.SH,0.8506856022700862,0.9184217642745492,neighbor,512980.SH,159851.SZ
rolling_hill_climb,2022,2023,65,159851.SZ|159852.SZ|159920.SZ|159981.SZ|159985.SZ|160644.SZ|164824.SZ|501018.SH|510180.SH|513030.SH|513070.SH|513100.SH|518880.SH,0.5246921011127543,0.9184217642745492,neighbor,159980.SZ,518880.SH
rolling_hill_climb,2022,2023,66,159851.SZ|159852.SZ|159920.SZ|159980.SZ|159981.SZ|159985.SZ|160644.SZ|164824.SZ|501018.SH|510180.SH|513030.SH|513070.SH|513500.SH,0.7164119488483706,0.9184217642745492,neighbor,513100.SH,513500.SH
rolling_hill_climb,2022,2023,67,159851.SZ|159852.SZ|159920.SZ|159980.SZ|159985.SZ|160644.SZ|164824.SZ|501018.SH|510180.SH|513030.SH|513070.SH|513100.SH|518880.SH,0.7147003486787181,0.9184217642745492,neighbor,159981.SZ,518880.SH
rolling_hill_climb,2022,2023,68,159851.SZ|159852.SZ|159920.SZ|159980.SZ|159981.SZ|159985.SZ|160644.SZ|501018.SH|510180.SH|513030.SH|513070.SH|513100.SH|513880.SH,0.42160650981405007,0.9184217642745492,neighbor,164824.SZ,513880.SH
rolling_hill_climb,2022,2023,69,159851.SZ|159901.SZ|159920.SZ|159980.SZ|159981.SZ|159985.SZ|160644.SZ|164824.SZ|501018.SH|510180.SH|513030.SH|513070.SH|513100.SH,0.716360517988946,0.9184217642745492,neighbor,159852.SZ,159901.SZ
rolling_hill_climb,2022,2023,70,159851.SZ|159852.SZ|159920.SZ|159980.SZ|159981.SZ|159985.SZ|160644.SZ|161226.SZ|164824.SZ|510180.SH|513030.SH|513070.SH|513100.SH,0.1784836387324027,0.9184217642745492,neighbor,501018.SH,161226.SZ
rolling_hill_climb,2022,2023,71,159852.SZ|159920.SZ|159980.SZ|159981.SZ|159985.SZ|160644.SZ|164824.SZ|501018.SH|510180.SH|512170.SH|513030.SH|513070.SH|513100.SH,0.8064259131614548,0.9184217642745492,neighbor,159851.SZ,512170.SH
rolling_hill_climb,2022,2023,72,159851.SZ|159852.SZ|159920.SZ|159980.SZ|159981.SZ|160644.SZ|164824.SZ|501018.SH|510180.SH|513030.SH|513070.SH|513100.SH|518880.SH,0.5082414928213539,0.9184217642745492,neighbor,159985.SZ,518880.SH
rolling_hill_climb,2022,2023,73,159611.SZ|159851.SZ|159852.SZ|159920.SZ|159980.SZ|159981.SZ|159985.SZ|160644.SZ|164824.SZ|501018.SH|513030.SH|513070.SH|513100.SH,0.5032998214838494,0.9184217642745492,neighbor,510180.SH,159611.SZ
rolling_hill_climb,2022,2023,74,159852.SZ|159869.SZ|159920.SZ|159980.SZ|159981.SZ|159985.SZ|160644.SZ|164824.SZ|501018.SH|510180.SH|513030.SH|513070.SH|513100.SH,0.6524882024428706,0.9184217642745492,neighbor,159851.SZ,159869.SZ
rolling_hill_climb,2022,2023,75,159851.SZ|159920.SZ|159949.SZ|159980.SZ|159981.SZ|159985.SZ|160644.SZ|164824.SZ|501018.SH|510180.SH|513030.SH|513070.SH|513100.SH,0.7304863647257327,0.9184217642745492,neighbor,159852.SZ,159949.SZ
rolling_hill_climb,2022,2023,76,159851.SZ|159852.SZ|159920.SZ|159980.SZ|159981.SZ|159985.SZ|164824.SZ|501018.SH|510180.SH|513030.SH|513070.SH|513100.SH|513880.SH,0.6802167461042574,0.9184217642745492,neighbor,160644.SZ,513880.SH
rolling_hill_climb,2022,2023,77,159851.SZ|159852.SZ|159920.SZ|159980.SZ|159981.SZ|159985.SZ|160644.SZ|164824.SZ|501018.SH|510180.SH|513030.SH|513070.SH|513880.SH,0.7746327972201221,0.9184217642745492,neighbor,513100.SH,513880.SH
rolling_hill_climb,2022,2023,78,159851.SZ|159852.SZ|159920.SZ|159980.SZ|159981.SZ|159985.SZ|160644.SZ|164824.SZ|501018.SH|512660.SH|513030.SH|513070.SH|513100.SH,0.539093425064382,0.9184217642745492,neighbor,510180.SH,512660.SH
rolling_hill_climb,2022,2023,79,159852.SZ|159920.SZ|159980.SZ|159981.SZ|159985.SZ|160644.SZ|164824.SZ|501018.SH|510180.SH|513030.SH|513070.SH|513100.SH|515220.SH,0.7708280993906846,0.9184217642745492,neighbor,159851.SZ,515220.SH
rolling_hill_climb,2022,2023,80,159851.SZ|159920.SZ|159980.SZ|159981.SZ|159985.SZ|160644.SZ|164824.SZ|501018.SH|510180.SH|512880.SH|513030.SH|513070.SH|513100.SH,0.5224749179151801,0.9184217642745492,neighbor,159852.SZ,512880.SH
rolling_hill_climb,2022,2023,81,159851.SZ|159852.SZ|159920.SZ|159980.SZ|159981.SZ|159985.SZ|160644.SZ|164824.SZ|501018.SH|512400.SH|513030.SH|513070.SH|513100.SH,0.6738190173283873,0.9184217642745492,neighbor,510180.SH,512400.SH
rolling_hill_climb,2022,2023,82,159851.SZ|159852.SZ|159920.SZ|159980.SZ|159981.SZ|159985.SZ|160644.SZ|164824.SZ|510180.SH|513030.SH|513070.SH|513100.SH|518880.SH,0.6624739478923662,0.9184217642745492,neighbor,501018.SH,518880.SH
rolling_hill_climb,2022,2023,83,159851.SZ|159852.SZ|159920.SZ|159980.SZ|159981.SZ|159985.SZ|160644.SZ|164824.SZ|501018.SH|510180.SH|513070.SH|513100.SH|513880.SH,0.7336285070461033,0.9184217642745492,neighbor,513030.SH,513880.SH
rolling_hill_climb,2022,2023,84,159851.SZ|159852.SZ|159920.SZ|159980.SZ|159981.SZ|160644.SZ|161226.SZ|164824.SZ|501018.SH|510180.SH|513030.SH|513070.SH|513100.SH,0.41609714386690455,0.9184217642745492,neighbor,159985.SZ,161226.SZ
rolling_hill_climb,2022,2023,85,159852.SZ|159920.SZ|159980.SZ|159981.SZ|159985.SZ|160644.SZ|164824.SZ|501018.SH|510180.SH|513030.SH|513070.SH|513100.SH|515880.SH,0.5149468448965258,0.9184217642745492,neighbor,159851.SZ,515880.SH
rolling_hill_climb,2022,2023,86,159852.SZ|159915.SZ|159920.SZ|159980.SZ|159981.SZ|159985.SZ|160644.SZ|164824.SZ|501018.SH|510180.SH|513030.SH|513070.SH|513100.SH,0.8947268581312781,0.9184217642745492,neighbor,159851.SZ,159915.SZ
rolling_hill_climb,2022,2023,87,159852.SZ|159915.SZ|159920.SZ|159980.SZ|159985.SZ|160644.SZ|164824.SZ|501018.SH|510180.SH|513030.SH|513070.SH|513100.SH|518880.SH,0.7813753307517699,0.9184217642745492,neighbor,159981.SZ,518880.SH
rolling_hill_climb,2022,2023,88,159915.SZ|159920.SZ|159980.SZ|159981.SZ|159985.SZ|160644.SZ|164824.SZ|501018.SH|510180.SH|513030.SH|513070.SH|513100.SH|588000.SH,0.37226948196158927,0.9184217642745492,neighbor,159852.SZ,588000.SH
rolling_hill_climb,2022,2023,89,159852.SZ|159915.SZ|159920.SZ|159980.SZ|159981.SZ|159985.SZ|160644.SZ|164824.SZ|501018.SH|513030.SH|513070.SH|513100.SH|588000.SH,0.4229872536593768,0.9184217642745492,neighbor,510180.SH,588000.SH
rolling_hill_climb,2022,2023,90,159852.SZ|159915.SZ|159920.SZ|159980.SZ|159981.SZ|159985.SZ|164824.SZ|501018.SH|510180.SH|513030.SH|513070.SH|513100.SH|513880.SH,0.8032484779175616,0.9184217642745492,neighbor,160644.SZ,513880.SH
rolling_hill_climb,2022,2023,91,159915.SZ|159920.SZ|159980.SZ|159981.SZ|159985.SZ|160644.SZ|164824.SZ|501018.SH|510180.SH|512400.SH|513030.SH|513070.SH|513100.SH,0.5550123598075247,0.9184217642745492,neighbor,159852.SZ,512400.SH
rolling_hill_climb,2022,2023,92,159852.SZ|159915.SZ|159920.SZ|159980.SZ|159981.SZ|159985.SZ|160644.SZ|164824.SZ|501018.SH|510180.SH|513030.SH|513070.SH|513880.SH,0.7234024234896549,0.9184217642745492,neighbor,513100.SH,513880.SH
rolling_hill_climb,2022,2023,93,159852.SZ|159915.SZ|159920.SZ|159980.SZ|159981.SZ|159985.SZ|160644.SZ|501018.SH|510180.SH|513030.SH|513070.SH|513100.SH|513880.SH,0.31322262422351477,0.9184217642745492,neighbor,164824.SZ,513880.SH
rolling_hill_climb,2022,2023,94,159852.SZ|159915.SZ|159920.SZ|159980.SZ|159981.SZ|159985.SZ|160644.SZ|164824.SZ|501018.SH|512980.SH|513030.SH|513070.SH|513100.SH,0.6703317380352704,0.9184217642745492,neighbor,510180.SH,512980.SH
rolling_hill_climb,2022,2023,95,159852.SZ|159915.SZ|159920.SZ|159980.SZ|159981.SZ|159985.SZ|160644.SZ|164824.SZ|501018.SH|510180.SH|513030.SH|513070.SH|513500.SH,0.8053458809828907,0.9184217642745492,neighbor,513100.SH,513500.SH
rolling_hill_climb,2022,2023,96,159852.SZ|159920.SZ|159949.SZ|159980.SZ|159981.SZ|159985.SZ|160644.SZ|164824.SZ|501018.SH|510180.SH|513030.SH|513070.SH|513100.SH,0.8756619914418142,0.9184217642745492,neighbor,159915.SZ,159949.SZ
rolling_hill_climb,2022,2023,97,159852.SZ|159915.SZ|159920.SZ|159981.SZ|159985.SZ|160644.SZ|161226.SZ|164824.SZ|501018.SH|510180.SH|513030.SH|513070.SH|513100.SH,0.3683457745019998,0.9184217642745492,neighbor,159980.SZ,161226.SZ
rolling_hill_climb,2022,2023,98,159852.SZ|159915.SZ|159920.SZ|159980.SZ|159981.SZ|159985.SZ|160644.SZ|164824.SZ|501018.SH|513030.SH|513070.SH|513100.SH|515790.SH,0.737811790073196,0.9184217642745492,neighbor,510180.SH,515790.SH
rolling_hill_climb,2022,2023,99,159796.SZ|159852.SZ|159915.SZ|159920.SZ|159980.SZ|159981.SZ|159985.SZ|160644.SZ|164824.SZ|501018.SH|513030.SH|513070.SH|513100.SH,1.1224162660000354,0.9184217642745492,neighbor,510180.SH,159796.SZ
rolling_hill_climb,2022,2023,100,159852.SZ|159915.SZ|159920.SZ|159980.SZ|159981.SZ|159985.SZ|160644.SZ|164824.SZ|501018.SH|510500.SH|513030.SH|513070.SH|513100.SH,0.425175988936362,0.9184217642745492,neighbor,159796.SZ,510500.SH
rolling_hill_climb,2023,2024,1,159869.SZ|159981.SZ|161226.SZ|164824.SZ|501018.SH|510880.SH|513070.SH|513080.SH|513120.SH|513500.SH|513880.SH|515210.SH|518880.SH,0.7187868088088696,0.7040106538277557,initial,,
rolling_hill_climb,2023,2024,2,159869.SZ|159981.SZ|161226.SZ|164824.SZ|501018.SH|510300.SH|510880.SH|513070.SH|513080.SH|513120.SH|513500.SH|513880.SH|518880.SH,0.7800573353671731,0.7040106538277557,neighbor,515210.SH,510300.SH
rolling_hill_climb,2023,2024,3,159981.SZ|161226.SZ|164824.SZ|501018.SH|510210.SH|510300.SH|510880.SH|513070.SH|513080.SH|513120.SH|513500.SH|513880.SH|518880.SH,0.8669289465179787,0.9161450617249427,neighbor,159869.SZ,510210.SH
rolling_hill_climb,2023,2024,4,159981.SZ|161226.SZ|164824.SZ|501018.SH|510210.SH|510300.SH|510880.SH|513070.SH|513080.SH|513120.SH|513310.SH|513880.SH|518880.SH,1.426246963215417,0.9161450617249427,neighbor,513500.SH,513310.SH
rolling_hill_climb,2023,2024,5,159981.SZ|161226.SZ|164824.SZ|501018.SH|510300.SH|510880.SH|513070.SH|513080.SH|513120.SH|513310.SH|513880.SH|518880.SH|588000.SH,1.0317571517489337,0.6565224325624922,neighbor,510210.SH,588000.SH
rolling_hill_climb,2023,2024,6,159980.SZ|159981.SZ|164824.SZ|501018.SH|510210.SH|510300.SH|510880.SH|513070.SH|513080.SH|513120.SH|513310.SH|513880.SH|518880.SH,1.3462830747589511,0.9161450617249427,neighbor,161226.SZ,159980.SZ
rolling_hill_climb,2023,2024,7,159981.SZ|161226.SZ|164824.SZ|501018.SH|510210.SH|510300.SH|510880.SH|513030.SH|513070.SH|513120.SH|513310.SH|513880.SH|518880.SH,1.421399316726059,0.9161450617249427,neighbor,513080.SH,513030.SH
rolling_hill_climb,2023,2024,8,159981.SZ|161226.SZ|164824.SZ|501018.SH|510210.SH|510300.SH|512800.SH|513070.SH|513080.SH|513120.SH|513310.SH|513880.SH|518880.SH,1.2556886170110084,0.9161450617249427,neighbor,510880.SH,512800.SH
rolling_hill_climb,2023,2024,9,159981.SZ|161226.SZ|164824.SZ|501018.SH|510210.SH|510300.SH|512660.SH|513070.SH|513080.SH|513120.SH|513310.SH|513880.SH|518880.SH,0.6089147342569594,0.9161450617249427,neighbor,510880.SH,512660.SH
rolling_hill_climb,2023,2024,10,159920.SZ|159981.SZ|161226.SZ|164824.SZ|501018.SH|510210.SH|510300.SH|510880.SH|513070.SH|513080.SH|513310.SH|513880.SH|518880.SH,0.8646518829825073,0.9196494911995831,neighbor,513120.SH,159920.SZ
rolling_hill_climb,2023,2024,11,159980.SZ|161226.SZ|164824.SZ|501018.SH|510210.SH|510300.SH|510880.SH|513070.SH|513080.SH|513120.SH|513310.SH|513880.SH|518880.SH,1.2411938192410548,0.9161450617249427,neighbor,159981.SZ,159980.SZ
rolling_hill_climb,2023,2024,12,159949.SZ|159981.SZ|161226.SZ|164824.SZ|501018.SH|510210.SH|510880.SH|513070.SH|513080.SH|513120.SH|513310.SH|513880.SH|518880.SH,1.2956903669786521,0.6653035710569372,neighbor,510300.SH,159949.SZ
rolling_hill_climb,2023,2024,13,159981.SZ|161226.SZ|164824.SZ|501018.SH|510210.SH|510300.SH|510880.SH|513070.SH|513080.SH|513120.SH|513310.SH|513500.SH|518880.SH,0.843735861166398,0.9161450617249427,neighbor,513880.SH,513500.SH
rolling_hill_climb,2023,2024,14,159981.SZ|161226.SZ|164824.SZ|501018.SH|510210.SH|510300.SH|510880.SH|513080.SH|513120.SH|513180.SH|513310.SH|513880.SH|518880.SH,1.4005540817887698,0.9161450617249427,neighbor,513070.SH,513180.SH
rolling_hill_climb,2023,2024,15,159981.SZ|159985.SZ|161226.SZ|164824.SZ|510210.SH|510300.SH|510880.SH|513070.SH|513080.SH|513120.SH|513310.SH|513880.SH|518880.SH,0.9662747207456754,0.9161450617249427,neighbor,501018.SH,159985.SZ
rolling_hill_climb,2023,2024,16,159920.SZ|159981.SZ|161226.SZ|164824.SZ|501018.SH|510210.SH|510300.SH|510880.SH|513080.SH|513120.SH|513310.SH|513880.SH|518880.SH,1.597166530552975,0.9161450617249427,neighbor,513070.SH,159920.SZ
rolling_hill_climb,2023,2024,17,159920.SZ|159980.SZ|159981.SZ|164824.SZ|501018.SH|510210.SH|510300.SH|510880.SH|513080.SH|513120.SH|513310.SH|513880.SH|518880.SH,1.527079208729684,0.9161450617249427,neighbor,161226.SZ,159980.SZ
rolling_hill_climb,2023,2024,18,159920.SZ|159981.SZ|161226.SZ|164824.SZ|501018.SH|510210.SH|510300.SH|510880.SH|513030.SH|513120.SH|513310.SH|513880.SH|518880.SH,1.5947501041473995,0.9161450617249427,neighbor,513080.SH,513030.SH
rolling_hill_climb,2023,2024,19,159825.SZ|159920.SZ|159981.SZ|161226.SZ|164824.SZ|501018.SH|510210.SH|510880.SH|513080.SH|513120.SH|513310.SH|513880.SH|518880.SH,1.1272444757571667,0.6565224325624922,neighbor,510300.SH,159825.SZ
rolling_hill_climb,2023,2024,20,159865.SZ|159920.SZ|159981.SZ|161226.SZ|164824.SZ|501018.SH|510210.SH|510880.SH|513080.SH|513120.SH|513310.SH|513880.SH|518880.SH,1.3803382313088968,0.6565224325624922,neighbor,510300.SH,159865.SZ
rolling_hill_climb,2023,2024,21,159920.SZ|159981.SZ|161226.SZ|164824.SZ|501018.SH|510210.SH|510300.SH|510880.SH|513080.SH|513100.SH|513120.SH|513310.SH|518880.SH,1.328926705222358,0.9161450617249427,neighbor,513880.SH,513100.SH
rolling_hill_climb,2023,2024,22,159920.SZ|159981.SZ|160644.SZ|161226.SZ|164824.SZ|501018.SH|510210.SH|510300.SH|510880.SH|513080.SH|513120.SH|513310.SH|518880.SH,1.2935476306524014,0.9161450617249427,neighbor,513880.SH,160644.SZ
rolling_hill_climb,2023,2024,23,159920.SZ|159980.SZ|159981.SZ|161226.SZ|164824.SZ|510210.SH|510300.SH|510880.SH|513080.SH|513120.SH|513310.SH|513880.SH|518880.SH,1.1393158536621741,0.9161450617249427,neighbor,501018.SH,159980.SZ
rolling_hill_climb,2023,2024,24,159920.SZ|159981.SZ|161226.SZ|501018.SH|510210.SH|510300.SH|510880.SH|513080.SH|513120.SH|513310.SH|513500.SH|513880.SH|518880.SH,1.0375121317229858,0.9161450617249427,neighbor,164824.SZ,513500.SH
rolling_hill_climb,2023,2024,25,159687.SZ|159920.SZ|159981.SZ|161226.SZ|164824.SZ|501018.SH|510210.SH|510300.SH|510880.SH|513080.SH|513120.SH|513310.SH|518880.SH,1.327862292998453,0.9161450617249427,neighbor,513880.SH,159687.SZ
rolling_hill_climb,2023,2024,26,159920.SZ|159981.SZ|161226.SZ|164824.SZ|501018.SH|510210.SH|510300.SH|513080.SH|513120.SH|513310.SH|513880.SH|515220.SH|518880.SH,0.8256828003034614,0.9161450617249427,neighbor,510880.SH,515220.SH
rolling_hill_climb,2023,2024,27,159920.SZ|159981.SZ|159985.SZ|164824.SZ|501018.SH|510210.SH|510300.SH|510880.SH|513080.SH|513120.SH|513310.SH|513880.SH|518880.SH,1.609838406954858,0.9161450617249427,neighbor,161226.SZ,159985.SZ
rolling_hill_climb,2023,2024,28,159920.SZ|159981.SZ|159985.SZ|164824.SZ|501018.SH|510210.SH|510300.SH|510880.SH|513080.SH|513120.SH|513310.SH|513500.SH|518880.SH,1.346002185352202,0.9161450617249427,neighbor,513880.SH,513500.SH
rolling_hill_climb,2023,2024,29,159920.SZ|159981.SZ|159985.SZ|161226.SZ|164824.SZ|501018.SH|510210.SH|510300.SH|510880.SH|513080.SH|513120.SH|513310.SH|513880.SH,1.1718965077006123,0.9161450617249427,neighbor,518880.SH,161226.SZ
rolling_hill_climb,2023,2024,30,159920.SZ|159981.SZ|159985.SZ|164824.SZ|501018.SH|510210.SH|510300.SH|513080.SH|513120.SH|513310.SH|513880.SH|518880.SH|562500.SH,1.1133402260490195,0.9161450617249427,neighbor,510880.SH,562500.SH
rolling_hill_climb,2023,2024,31,159920.SZ|159981.SZ|159985.SZ|164824.SZ|501018.SH|510210.SH|510300.SH|510880.SH|513080.SH|513120.SH|513290.SH|513310.SH|518880.SH,1.5262712742367626,0.9161450617249427,neighbor,513880.SH,513290.SH
rolling_hill_climb,2023,2024,32,159920.SZ|159980.SZ|159985.SZ|164824.SZ|501018.SH|510210.SH|510300.SH|510880.SH|513080.SH|513120.SH|513310.SH|513880.SH|518880.SH,1.582697637068054,0.9161450617249427,neighbor,159981.SZ,159980.SZ
rolling_hill_climb,2023,2024,33,159611.SZ|159920.SZ|159981.SZ|159985.SZ|164824.SZ|501018.SH|510300.SH|510880.SH|513080.SH|513120.SH|513310.SH|513880.SH|518880.SH,1.0403457604028072,0.6004576432220986,neighbor,510210.SH,159611.SZ
rolling_hill_climb,2023,2024,34,159852.SZ|159920.SZ|159981.SZ|159985.SZ|164824.SZ|501018.SH|510210.SH|510880.SH|513080.SH|513120.SH|513310.SH|513880.SH|518880.SH,1.3232213042654968,0.617120757450028,neighbor,510300.SH,159852.SZ
rolling_hill_climb,2023,2024,35,159920.SZ|159981.SZ|159985.SZ|164824.SZ|501018.SH|510210.SH|510300.SH|510880.SH|513100.SH|513120.SH|513310.SH|513880.SH|518880.SH,1.5257497016040829,0.9161450617249427,neighbor,513080.SH,513100.SH
rolling_hill_climb,2023,2024,36,159920.SZ|159981.SZ|159985.SZ|164824.SZ|501018.SH|510210.SH|510500.SH|510880.SH|513080.SH|513120.SH|513310.SH|513880.SH|518880.SH,1.4688414203191151,0.866831333008635,neighbor,510300.SH,510500.SH
rolling_hill_climb,2023,2024,37,159920.SZ|159981.SZ|159985.SZ|164824.SZ|501018.SH|510210.SH|510300.SH|510880.SH|513120.SH|513290.SH|513310.SH|513880.SH|518880.SH,1.5050506280414349,0.9161450617249427,neighbor,513080.SH,513290.SH
rolling_hill_climb,2023,2024,38,159920.SZ|159981.SZ|159985.SZ|160644.SZ|164824.SZ|501018.SH|510210.SH|510300.SH|510880.SH|513120.SH|513310.SH|513880.SH|518880.SH,1.4781215740865747,0.9161450617249427,neighbor,513080.SH,160644.SZ
rolling_hill_climb,2023,2024,39,159920.SZ|159981.SZ|159985.SZ|164824.SZ|501018.SH|510210.SH|510880.SH|513080.SH|513120.SH|513310.SH|513880.SH|515210.SH|518880.SH,1.4960381876817184,0.6656449651291382,neighbor,510300.SH,515210.SH
rolling_hill_climb,2023,2024,40,159687.SZ|159920.SZ|159981.SZ|159985.SZ|164824.SZ|501018.SH|510210.SH|510300.SH|510880.SH|513120.SH|513310.SH|513880.SH|518880.SH,1.4552339006414456,0.9161450617249427,neighbor,513080.SH,159687.SZ
rolling_hill_climb,2023,2024,41,159920.SZ|159981.SZ|159985.SZ|164824.SZ|501018.SH|510210.SH|510300.SH|510880.SH|513080.SH|513100.SH|513120.SH|513310.SH|518880.SH,1.5883630948837424,0.9161450617249427,neighbor,513880.SH,513100.SH
rolling_hill_climb,2023,2024,42,159920.SZ|159981.SZ|159985.SZ|164824.SZ|501018.SH|510210.SH|510300.SH|512170.SH|513080.SH|513120.SH|513310.SH|513880.SH|518880.SH,1.410973191278123,0.9161450617249427,neighbor,510880.SH,512170.SH
rolling_hill_climb,2023,2024,43,159920.SZ|159980.SZ|159981.SZ|159985.SZ|164824.SZ|501018.SH|510210.SH|510300.SH|510880.SH|513080.SH|513120.SH|513310.SH|513880.SH,1.489061447106679,0.9161450617249427,neighbor,518880.SH,159980.SZ
rolling_hill_climb,2023,2024,44,159920.SZ|159985.SZ|161226.SZ|164824.SZ|501018.SH|510210.SH|510300.SH|510880.SH|513080.SH|513120.SH|513310.SH|513880.SH|518880.SH,1.4810869589684252,0.9161450617249427,neighbor,159981.SZ,161226.SZ
rolling_hill_climb,2023,2024,45,159981.SZ|159985.SZ|164824.SZ|501018.SH|510210.SH|510300.SH|510880.SH|513080.SH|513120.SH|513180.SH|513310.SH|513880.SH|518880.SH,1.68944068652214,0.9161450617249427,neighbor,159920.SZ,513180.SH
rolling_hill_climb,2023,2024,46,159687.SZ|159981.SZ|159985.SZ|164824.SZ|501018.SH|510210.SH|510300.SH|510880.SH|513080.SH|513120.SH|513180.SH|513880.SH|518880.SH,1.5102950691590693,0.9161450617249427,neighbor,513310.SH,159687.SZ
rolling_hill_climb,2023,2024,47,159981.SZ|159985.SZ|164824.SZ|501018.SH|510210.SH|510300.SH|510880.SH|513030.SH|513120.SH|513180.SH|513310.SH|513880.SH|518880.SH,1.7334106661185908,0.9161450617249427,neighbor,513080.SH,513030.SH
rolling_hill_climb,2023,2024,48,159981.SZ|161226.SZ|164824.SZ|501018.SH|510210.SH|510300.SH|510880.SH|513030.SH|513120.SH|513180.SH|513310.SH|513880.SH|518880.SH,1.410030407974704,0.9161450617249427,neighbor,159985.SZ,161226.SZ
rolling_hill_climb,2023,2024,49,159920.SZ|159981.SZ|159985.SZ|164824.SZ|501018.SH|510210.SH|510300.SH|510880.SH|513030.SH|513180.SH|513310.SH|513880.SH|518880.SH,1.451629669906314,0.9161450617249427,neighbor,513120.SH,159920.SZ
rolling_hill_climb,2023,2024,50,159981.SZ|159985.SZ|164824.SZ|501018.SH|510210.SH|510300.SH|510880.SH|513030.SH|513120.SH|513180.SH|513290.SH|513310.SH|518880.SH,1.431650046232118,0.9161450617249427,neighbor,513880.SH,513290.SH
rolling_hill_climb,2023,2024,51,159687.SZ|159981.SZ|159985.SZ|164824.SZ|501018.SH|510210.SH|510300.SH|510880.SH|513030.SH|513120.SH|513180.SH|513310.SH|518880.SH,1.3714549878342548,0.9161450617249427,neighbor,513880.SH,159687.SZ
rolling_hill_climb,2023,2024,52,159981.SZ|159985.SZ|164824.SZ|501018.SH|510210.SH|510300.SH|510880.SH|513120.SH|513180.SH|513310.SH|513500.SH|513880.SH|518880.SH,1.3440889881024252,0.9161450617249427,neighbor,513030.SH,513500.SH
rolling_hill_climb,2023,2024,53,159981.SZ|159985.SZ|501018.SH|510210.SH|510300.SH|510880.SH|513030.SH|513120.SH|513180.SH|513290.SH|513310.SH|513880.SH|518880.SH,1.1799304111257003,0.9161450617249427,neighbor,164824.SZ,513290.SH
rolling_hill_climb,2023,2024,54,159980.SZ|159981.SZ|159985.SZ|164824.SZ|501018.SH|510210.SH|510300.SH|510880.SH|513030.SH|513120.SH|513180.SH|513310.SH|513880.SH,1.436403019346565,0.9161450617249427,neighbor,518880.SH,159980.SZ
rolling_hill_climb,2023,2024,55,159981.SZ|159985.SZ|164824.SZ|501018.SH|510210.SH|510300.SH|510880.SH|513120.SH|513180.SH|513290.SH|513310.SH|513880.SH|518880.SH,1.4309893614995768,0.9161450617249427,neighbor,513030.SH,513290.SH
rolling_hill_climb,2023,2024,56,159981.SZ|159985.SZ|164824.SZ|501018.SH|510300.SH|510880.SH|512400.SH|513030.SH|513120.SH|513180.SH|513310.SH|513880.SH|518880.SH,1.8849167895930912,0.7097953543808768,neighbor,510210.SH,512400.SH
rolling_hill_climb,2023,2024,57,159980.SZ|159981.SZ|159985.SZ|164824.SZ|510300.SH|510880.SH|512400.SH|513030.SH|513120.SH|513180.SH|513310.SH|513880.SH|518880.SH,1.6391233331448092,0.7097953543808768,neighbor,501018.SH,159980.SZ
rolling_hill_climb,2023,2024,58,159981.SZ|159985.SZ|164824.SZ|501018.SH|510880.SH|512400.SH|512800.SH|513030.SH|513120.SH|513180.SH|513310.SH|513880.SH|518880.SH,1.499612089351641,0.7999076111136164,neighbor,510300.SH,512800.SH
rolling_hill_climb,2023,2024,59,159981.SZ|159985.SZ|164824.SZ|501018.SH|510300.SH|510880.SH|512800.SH|513030.SH|513120.SH|513180.SH|513310.SH|513880.SH|518880.SH,1.4537613504587568,0.7999076111136164,neighbor,512400.SH,512800.SH
rolling_hill_climb,2023,2024,60,159981.SZ|159985.SZ|164824.SZ|501018.SH|510300.SH|510880.SH|512040.SH|513030.SH|513120.SH|513180.SH|513310.SH|513880.SH|518880.SH,1.4375367975801692,0.7681447321706952,neighbor,512400.SH,512040.SH
rolling_hill_climb,2023,2024,61,159981.SZ|159985.SZ|164824.SZ|501018.SH|510880.SH|512400.SH|512980.SH|513030.SH|513120.SH|513180.SH|513310.SH|513880.SH|518880.SH,1.1559009615170457,0.6125095317301315,neighbor,510300.SH,512980.SH
rolling_hill_climb,2023,2024,62,159981.SZ|159985.SZ|161226.SZ|164824.SZ|501018.SH|510300.SH|510880.SH|512400.SH|513030.SH|513120.SH|513180.SH|513310.SH|513880.SH,1.2959316007503288,0.7097953543808768,neighbor,518880.SH,161226.SZ
rolling_hill_climb,2023,2024,63,159980.SZ|159985.SZ|164824.SZ|501018.SH|510300.SH|510880.SH|512400.SH|513030.SH|513120.SH|513180.SH|513310.SH|513880.SH|518880.SH,1.5213009794106962,0.7097953543808768,neighbor,159981.SZ,159980.SZ
rolling_hill_climb,2023,2024,64,159981.SZ|159985.SZ|501018.SH|510300.SH|510880.SH|512400.SH|513030.SH|513120.SH|513180.SH|513290.SH|513310.SH|513880.SH|518880.SH,1.265193201605256,0.7097953543808768,neighbor,164824.SZ,513290.SH
rolling_hill_climb,2023,2024,65,159981.SZ|159985.SZ|164824.SZ|501018.SH|510300.SH|510880.SH|512400.SH|513120.SH|513180.SH|513290.SH|513310.SH|513880.SH|518880.SH,1.4725278875338697,0.7097953543808768,neighbor,513030.SH,513290.SH
rolling_hill_climb,2023,2024,66,159981.SZ|159985.SZ|164824.SZ|501018.SH|510300.SH|512200.SH|512400.SH|513030.SH|513120.SH|513180.SH|513310.SH|513880.SH|518880.SH,1.3857494451810042,0.7097953543808768,neighbor,510880.SH,512200.SH
rolling_hill_climb,2023,2024,67,159981.SZ|161226.SZ|164824.SZ|501018.SH|510300.SH|510880.SH|512400.SH|513030.SH|513120.SH|513180.SH|513310.SH|513880.SH|518880.SH,1.5804221660400966,0.7097953543808768,neighbor,159985.SZ,161226.SZ
rolling_hill_climb,2023,2024,68,159920.SZ|159981.SZ|159985.SZ|164824.SZ|501018.SH|510300.SH|510880.SH|512400.SH|513030.SH|513180.SH|513310.SH|513880.SH|518880.SH,1.538141415381362,0.9130217366562248,neighbor,513120.SH,159920.SZ
rolling_hill_climb,2023,2024,69,159985.SZ|161226.SZ|164824.SZ|501018.SH|510300.SH|510880.SH|512400.SH|513030.SH|513120.SH|513180.SH|513310.SH|513880.SH|518880.SH,1.569367158081888,0.7097953543808768,neighbor,159981.SZ,161226.SZ
rolling_hill_climb,2023,2024,70,159920.SZ|159981.SZ|159985.SZ|164824.SZ|501018.SH|510300.SH|510880.SH|512400.SH|513030.SH|513120.SH|513310.SH|513880.SH|518880.SH,1.8020793136796451,0.7097953543808768,neighbor,513180.SH,159920.SZ
rolling_hill_climb,2023,2024,71,159981.SZ|159985.SZ|164824.SZ|501018.SH|510880.SH|512400.SH|513030.SH|513120.SH|513180.SH|513310.SH|513880.SH|515880.SH|518880.SH,1.6481920929906768,0.6125095317301315,neighbor,510300.SH,515880.SH
rolling_hill_climb,2023,2024,72,159981.SZ|159985.SZ|164824.SZ|501018.SH|510300.SH|512400.SH|513030.SH|513120.SH|513180.SH|513310.SH|513880.SH|515220.SH|518880.SH,1.2136434945004408,0.7097953543808768,neighbor,510880.SH,515220.SH
rolling_hill_climb,2023,2024,73,159981.SZ|159985.SZ|164824.SZ|501018.SH|510500.SH|510880.SH|512400.SH|513030.SH|513120.SH|513180.SH|513310.SH|513880.SH|518880.SH,1.642946408670694,0.6988858430623839,neighbor,510300.SH,510500.SH
rolling_hill_climb,2023,2024,74,159865.SZ|159981.SZ|159985.SZ|164824.SZ|501018.SH|510880.SH|512400.SH|513030.SH|513120.SH|513180.SH|513310.SH|513880.SH|518880.SH,1.8514105829212113,0.6125095317301315,neighbor,510300.SH,159865.SZ
rolling_hill_climb,2023,2024,75,159852.SZ|159981.SZ|159985.SZ|164824.SZ|501018.SH|510880.SH|512400.SH|513030.SH|513120.SH|513180.SH|513310.SH|513880.SH|518880.SH,1.4359922974899226,0.6125095317301315,neighbor,510300.SH,159852.SZ
rolling_hill_climb,2023,2024,76,159981.SZ|159985.SZ|164824.SZ|501018.SH|510300.SH|510880.SH|512400.SH|513030.SH|513100.SH|513120.SH|513180.SH|513880.SH|518880.SH,1.6617938111588435,0.7097953543808768,neighbor,513310.SH,513100.SH
rolling_hill_climb,2023,2024,77,159980.SZ|159981.SZ|164824.SZ|501018.SH|510300.SH|510880.SH|512400.SH|513030.SH|513120.SH|513180.SH|513310.SH|513880.SH|518880.SH,1.4211567455338379,0.7097953543808768,neighbor,159985.SZ,159980.SZ
rolling_hill_climb,2023,2024,78,159981.SZ|159985.SZ|161226.SZ|164824.SZ|510300.SH|510880.SH|512400.SH|513030.SH|513120.SH|513180.SH|513310.SH|513880.SH|518880.SH,1.5286883279875887,0.7097953543808768,neighbor,501018.SH,161226.SZ
rolling_hill_climb,2023,2024,79,159852.SZ|159981.SZ|159985.SZ|164824.SZ|501018.SH|510300.SH|512400.SH|513030.SH|513120.SH|513180.SH|513310.SH|513880.SH|518880.SH,1.1651603227661047,0.7097953543808768,neighbor,510880.SH,159852.SZ
rolling_hill_climb,2023,2024,80,159981.SZ|159985.SZ|164824.SZ|501018.SH|510300.SH|510500.SH|510880.SH|513030.SH|513120.SH|513180.SH|513310.SH|513880.SH|518880.SH,1.6878111263679754,0.8431234538643484,neighbor,512400.SH,510500.SH
rolling_hill_climb,2023,2024,81,159980.SZ|159981.SZ|159985.SZ|164824.SZ|501018.SH|510300.SH|510880.SH|512400.SH|513030.SH|513120.SH|513180.SH|513310.SH|513880.SH,1.421531524489316,0.7097953543808768,neighbor,518880.SH,159980.SZ
rolling_hill_climb,2023,2024,82,159949.SZ|159981.SZ|159985.SZ|164824.SZ|501018.SH|510300.SH|510880.SH|513030.SH|513120.SH|513180.SH|513310.SH|513880.SH|518880.SH,1.7695054250050803,0.7815906130278941,neighbor,512400.SH,159949.SZ
rolling_hill_climb,2023,2024,83,159981.SZ|159985.SZ|164824.SZ|501018.SH|510300.SH|510880.SH|512890.SH|513030.SH|513120.SH|513180.SH|513310.SH|513880.SH|518880.SH,1.572719828588338,0.8834396388164137,neighbor,512400.SH,512890.SH
rolling_hill_climb,2023,2024,84,159981.SZ|159985.SZ|501018.SH|510300.SH|510880.SH|512400.SH|513030.SH|513080.SH|513120.SH|513180.SH|513310.SH|513880.SH|518880.SH,1.3501813023406917,0.9172474776669125,neighbor,164824.SZ,513080.SH
rolling_hill_climb,2023,2024,85,159981.SZ|159985.SZ|164824.SZ|501018.SH|510300.SH|510880.SH|512400.SH|513030.SH|513080.SH|513120.SH|513180.SH|513880.SH|518880.SH,1.8351413158159273,0.9172474776669125,neighbor,513310.SH,513080.SH
rolling_hill_climb,2023,2024,86,159901.SZ|159981.SZ|159985.SZ|164824.SZ|501018.SH|510880.SH|512400.SH|513030.SH|513120.SH|513180.SH|513310.SH|513880.SH|518880.SH,1.7655985960281755,0.703857313522939,neighbor,510300.SH,159901.SZ
rolling_hill_climb,2023,2024,87,159981.SZ|159985.SZ|164824.SZ|501018.SH|510300.SH|510880.SH|512400.SH|513030.SH|513100.SH|513120.SH|513180.SH|513310.SH|518880.SH,1.6574555455970703,0.7097953543808768,neighbor,513880.SH,513100.SH
rolling_hill_climb,2023,2024,88,159981.SZ|159985.SZ|501018.SH|510300.SH|510880.SH|512400.SH|513030.SH|513100.SH|513120.SH|513180.SH|513310.SH|513880.SH|518880.SH,1.3503968531196555,0.7097953543808768,neighbor,164824.SZ,513100.SH
rolling_hill_climb,2023,2024,89,159981.SZ|159985.SZ|164824.SZ|501018.SH|510210.SH|510300.SH|512400.SH|513030.SH|513120.SH|513180.SH|513310.SH|513880.SH|518880.SH,1.394816766252349,0.9161450617249427,neighbor,510880.SH,510210.SH
rolling_hill_climb,2023,2024,90,159981.SZ|159985.SZ|164824.SZ|501018.SH|510300.SH|510880.SH|512400.SH|513030.SH|513070.SH|513120.SH|513310.SH|513880.SH|518880.SH,1.7985497499980914,0.7097953543808768,neighbor,513180.SH,513070.SH
rolling_hill_climb,2023,2024,91,159981.SZ|159985.SZ|160644.SZ|164824.SZ|501018.SH|510300.SH|510880.SH|512400.SH|513120.SH|513180.SH|513310.SH|513880.SH|518880.SH,1.5537229842001894,0.7097953543808768,neighbor,513030.SH,160644.SZ
rolling_hill_climb,2023,2024,92,159981.SZ|159985.SZ|164824.SZ|501018.SH|510300.SH|512400.SH|512980.SH|513030.SH|513120.SH|513180.SH|513310.SH|513880.SH|518880.SH,1.104090958122592,0.7097953543808768,neighbor,510880.SH,512980.SH
rolling_hill_climb,2023,2024,93,159981.SZ|159985.SZ|160644.SZ|501018.SH|510300.SH|510880.SH|512400.SH|513030.SH|513120.SH|513180.SH|513310.SH|513880.SH|518880.SH,1.3498356051635247,0.7097953543808768,neighbor,164824.SZ,160644.SZ
rolling_hill_climb,2023,2024,94,159981.SZ|159985.SZ|164824.SZ|501018.SH|510300.SH|510500.SH|512400.SH|513030.SH|513120.SH|513180.SH|513310.SH|513880.SH|518880.SH,1.2432384207201748,0.8431234538643484,neighbor,510880.SH,510500.SH
rolling_hill_climb,2023,2024,95,159981.SZ|159985.SZ|164824.SZ|501018.SH|510300.SH|510880.SH|512400.SH|513120.SH|513180.SH|513310.SH|513500.SH|513880.SH|518880.SH,1.5092191653961124,0.7097953543808768,neighbor,513030.SH,513500.SH
rolling_hill_climb,2023,2024,96,159915.SZ|159981.SZ|159985.SZ|164824.SZ|501018.SH|510300.SH|512400.SH|513030.SH|513120.SH|513180.SH|513310.SH|513880.SH|518880.SH,1.1806447791922248,0.8127632985274658,neighbor,510880.SH,159915.SZ
rolling_hill_climb,2023,2024,97,159981.SZ|159985.SZ|160644.SZ|164824.SZ|501018.SH|510300.SH|510880.SH|512400.SH|513030.SH|513120.SH|513180.SH|513310.SH|518880.SH,1.3417927876783915,0.7097953543808768,neighbor,513880.SH,160644.SZ
rolling_hill_climb,2023,2024,98,159687.SZ|159981.SZ|159985.SZ|501018.SH|510300.SH|510880.SH|512400.SH|513030.SH|513120.SH|513180.SH|513310.SH|513880.SH|518880.SH,1.5054661499205504,0.8055829520541524,neighbor,164824.SZ,159687.SZ
rolling_hill_climb,2023,2024,99,159981.SZ|159985.SZ|164824.SZ|501018.SH|510300.SH|512100.SH|512400.SH|513030.SH|513120.SH|513180.SH|513310.SH|513880.SH|518880.SH,1.2968758986589017,0.7314060839339888,neighbor,510880.SH,512100.SH
rolling_hill_climb,2023,2024,100,159981.SZ|159985.SZ|164824.SZ|501018.SH|510300.SH|512400.SH|512890.SH|513030.SH|513120.SH|513180.SH|513310.SH|513880.SH|518880.SH,1.707479813868669,0.7097953543808768,neighbor,510880.SH,512890.SH
rolling_hill_climb,2024,2025,1,159509.SZ|159529.SZ|159825.SZ|159928.SZ|159980.SZ|159981.SZ|159985.SZ|513120.SH|513180.SH|513290.SH|513400.SH|518880.SH|562500.SH,0.42755350084828175,0.8402431816568312,initial,,
rolling_hill_climb,2024,2025,2,159509.SZ|159529.SZ|159825.SZ|159928.SZ|159980.SZ|159981.SZ|159985.SZ|512040.SH|513120.SH|513180.SH|513290.SH|513400.SH|518880.SH,0.1287424955178615,0.8402431816568312,neighbor,562500.SH,512040.SH
rolling_hill_climb,2024,2025,3,159509.SZ|159825.SZ|159928.SZ|159980.SZ|159981.SZ|159985.SZ|164824.SZ|513120.SH|513180.SH|513290.SH|513400.SH|518880.SH|562500.SH,0.16222963021021775,0.8402431816568312,neighbor,159529.SZ,164824.SZ
rolling_hill_climb,2024,2025,4,159509.SZ|159529.SZ|159825.SZ|159928.SZ|159980.SZ|159985.SZ|501018.SH|513120.SH|513180.SH|513290.SH|513400.SH|518880.SH|562500.SH,1.0228881305403066,0.8402431816568312,neighbor,159981.SZ,501018.SH
rolling_hill_climb,2024,2025,5,159509.SZ|159529.SZ|159825.SZ|159980.SZ|159985.SZ|501018.SH|512800.SH|513120.SH|513180.SH|513290.SH|513400.SH|518880.SH|562500.SH,1.529212724417037,0.7718796702394679,neighbor,159928.SZ,512800.SH
rolling_hill_climb,2024,2025,6,159509.SZ|159529.SZ|159825.SZ|159980.SZ|159985.SZ|501018.SH|512800.SH|513120.SH|513180.SH|513290.SH|513310.SH|518880.SH|562500.SH,1.3671780106074491,0.7718796702394679,neighbor,513400.SH,513310.SH
rolling_hill_climb,2024,2025,7,159509.SZ|159529.SZ|159825.SZ|159980.SZ|159985.SZ|501018.SH|512660.SH|513120.SH|513180.SH|513290.SH|513400.SH|518880.SH|562500.SH,1.0623904940393196,0.839949077383209,neighbor,512800.SH,512660.SH
rolling_hill_climb,2024,2025,8,159509.SZ|159529.SZ|159825.SZ|159980.SZ|159985.SZ|501018.SH|512800.SH|513080.SH|513120.SH|513180.SH|513400.SH|518880.SH|562500.SH,1.5252016436578073,0.7718796702394679,neighbor,513290.SH,513080.SH
rolling_hill_climb,2024,2025,9,159509.SZ|159529.SZ|159825.SZ|159980.SZ|159981.SZ|159985.SZ|512800.SH|513120.SH|513180.SH|513290.SH|513400.SH|518880.SH|562500.SH,0.9559152320146624,0.7718796702394679,neighbor,501018.SH,159981.SZ
rolling_hill_climb,2024,2025,10,159509.SZ|159529.SZ|159825.SZ|159985.SZ|161226.SZ|501018.SH|512800.SH|513120.SH|513180.SH|513290.SH|513400.SH|518880.SH|562500.SH,1.6754582975860528,0.7889425391722841,neighbor,159980.SZ,161226.SZ
rolling_hill_climb,2024,2025,11,159509.SZ|159529.SZ|159825.SZ|159985.SZ|161226.SZ|501018.SH|512800.SH|513080.SH|513120.SH|513180.SH|513400.SH|518880.SH|562500.SH,1.785643852337853,0.7889425391722841,neighbor,513290.SH,513080.SH
rolling_hill_climb,2024,2025,12,159509.SZ|159529.SZ|159825.SZ|159981.SZ|161226.SZ|501018.SH|512800.SH|513080.SH|513120.SH|513180.SH|513400.SH|518880.SH|562500.SH,1.8086089341312368,0.7889425391722841,neighbor,159985.SZ,159981.SZ
rolling_hill_climb,2024,2025,13,159509.SZ|159518.SZ|159825.SZ|159981.SZ|161226.SZ|501018.SH|512800.SH|513080.SH|513120.SH|513180.SH|513400.SH|518880.SH|562500.SH,1.4617911154705872,0.7889425391722841,neighbor,159529.SZ,159518.SZ
rolling_hill_climb,2024,2025,14,159509.SZ|159529.SZ|159825.SZ|159981.SZ|161226.SZ|501018.SH|512800.SH|513080.SH|513120.SH|513180.SH|513400.SH|518880.SH|588000.SH,1.643010546548189,0.7889425391722841,neighbor,562500.SH,588000.SH
rolling_hill_climb,2024,2025,15,159509.SZ|159529.SZ|159981.SZ|161226.SZ|501018.SH|512800.SH|513080.SH|513120.SH|513180.SH|513400.SH|515220.SH|518880.SH|562500.SH,1.3857247819616325,0.7889425391722841,neighbor,159825.SZ,515220.SH
rolling_hill_climb,2024,2025,16,159529.SZ|159825.SZ|159981.SZ|160644.SZ|161226.SZ|501018.SH|512800.SH|513080.SH|513120.SH|513180.SH|513400.SH|518880.SH|562500.SH,1.4487563925721167,0.7889425391722841,neighbor,159509.SZ,160644.SZ
rolling_hill_climb,2024,2025,17,159509.SZ|159529.SZ|159825.SZ|159981.SZ|161226.SZ|501018.SH|510050.SH|512800.SH|513080.SH|513120.SH|513180.SH|513400.SH|518880.SH,1.5862555048144815,0.7889425391722841,neighbor,562500.SH,510050.SH
rolling_hill_climb,2024,2025,18,159509.SZ|159529.SZ|159825.SZ|159981.SZ|161226.SZ|501018.SH|512800.SH|513030.SH|513120.SH|513180.SH|513400.SH|518880.SH|562500.SH,1.63074872576783,0.7889425391722841,neighbor,513080.SH,513030.SH
rolling_hill_climb,2024,2025,19,159509.SZ|159529.SZ|159825.SZ|159981.SZ|161226.SZ|501018.SH|512800.SH|513080.SH|513180.SH|513400.SH|513750.SH|518880.SH|562500.SH,1.8566377027773324,0.8415836756152468,neighbor,513120.SH,513750.SH
rolling_hill_climb,2024,2025,20,159509.SZ|159529.SZ|159825.SZ|159981.SZ|161226.SZ|501018.SH|512800.SH|513070.SH|513080.SH|513400.SH|513750.SH|518880.SH|562500.SH,1.6101737765691804,0.8109949251878138,neighbor,513180.SH,513070.SH
rolling_hill_climb,2024,2025,21,159509.SZ|159529.SZ|159825.SZ|159980.SZ|159981.SZ|161226.SZ|501018.SH|512800.SH|513080.SH|513180.SH|513400.SH|513750.SH|562500.SH,1.8689929673521781,0.8415836756152468,neighbor,518880.SH,159980.SZ
rolling_hill_climb,2024,2025,22,159509.SZ|159529.SZ|159825.SZ|159980.SZ|159981.SZ|161226.SZ|501018.SH|512800.SH|513080.SH|513120.SH|513400.SH|513750.SH|562500.SH,1.8537244944928133,0.706441678609349,neighbor,513180.SH,513120.SH
rolling_hill_climb,2024,2025,23,159509.SZ|159529.SZ|159980.SZ|159981.SZ|161226.SZ|501018.SH|512800.SH|512890.SH|513080.SH|513180.SH|513400.SH|513750.SH|562500.SH,1.7080059634495466,0.8415836756152468,neighbor,159825.SZ,512890.SH
rolling_hill_climb,2024,2025,24,159509.SZ|159529.SZ|159825.SZ|159980.SZ|159981.SZ|161226.SZ|501018.SH|512800.SH|513080.SH|513120.SH|513180.SH|513400.SH|562500.SH,1.8137211549603323,0.7718796702394679,neighbor,513750.SH,513120.SH
rolling_hill_climb,2024,2025,25,159509.SZ|159529.SZ|159825.SZ|159980.SZ|159981.SZ|501018.SH|512800.SH|513080.SH|513180.SH|513400.SH|513750.SH|518880.SH|562500.SH,1.6814726251090482,0.8415836756152468,neighbor,161226.SZ,518880.SH
rolling_hill_climb,2024,2025,26,159509.SZ|159529.SZ|159611.SZ|159825.SZ|159980.SZ|159981.SZ|161226.SZ|501018.SH|512800.SH|513080.SH|513180.SH|513400.SH|513750.SH,1.1669481793194392,0.8415836756152468,neighbor,562500.SH,159611.SZ
rolling_hill_climb,2024,2025,27,159509.SZ|159529.SZ|159865.SZ|159980.SZ|159981.SZ|161226.SZ|501018.SH|512800.SH|513080.SH|513180.SH|513400.SH|513750.SH|562500.SH,1.9895488941685042,0.8415836756152468,neighbor,159825.SZ,159865.SZ
rolling_hill_climb,2024,2025,28,159509.SZ|159529.SZ|159865.SZ|159980.SZ|159981.SZ|161226.SZ|512800.SH|513080.SH|513180.SH|513400.SH|513750.SH|518880.SH|562500.SH,1.6509306016078416,0.8415836756152468,neighbor,501018.SH,518880.SH
rolling_hill_climb,2024,2025,29,159509.SZ|159529.SZ|159865.SZ|159980.SZ|159981.SZ|161226.SZ|164824.SZ|501018.SH|512800.SH|513080.SH|513180.SH|513750.SH|562500.SH,2.0714567586212187,0.8415836756152468,neighbor,513400.SH,164824.SZ
rolling_hill_climb,2024,2025,30,159509.SZ|159529.SZ|159865.SZ|159980.SZ|159981.SZ|161226.SZ|164824.SZ|501018.SH|512800.SH|513080.SH|513120.SH|513180.SH|562500.SH,2.109394320500639,0.7718796702394679,neighbor,513750.SH,513120.SH
rolling_hill_climb,2024,2025,31,159509.SZ|159529.SZ|159865.SZ|159980.SZ|159981.SZ|161226.SZ|501018.SH|512800.SH|513080.SH|513120.SH|513180.SH|513290.SH|562500.SH,1.803048978791804,0.7718796702394679,neighbor,164824.SZ,513290.SH
rolling_hill_climb,2024,2025,32,159509.SZ|159529.SZ|159865.SZ|159980.SZ|161226.SZ|164824.SZ|501018.SH|512800.SH|513080.SH|513120.SH|513180.SH|518880.SH|562500.SH,1.904373082057509,0.7889425391722841,neighbor,159981.SZ,518880.SH
rolling_hill_climb,2024,2025,33,159509.SZ|159529.SZ|159980.SZ|159981.SZ|161226.SZ|164824.SZ|501018.SH|512660.SH|512800.SH|513080.SH|513120.SH|513180.SH|562500.SH,1.8616635373836208,0.839949077383209,neighbor,159865.SZ,512660.SH
rolling_hill_climb,2024,2025,34,159509.SZ|159529.SZ|159865.SZ|159980.SZ|159981.SZ|161226.SZ|164824.SZ|501018.SH|513080.SH|513120.SH|513180.SH|562500.SH|563300.SH,1.097016327573597,0.8707396443847765,neighbor,512800.SH,563300.SH
rolling_hill_climb,2024,2025,35,159509.SZ|159529.SZ|159865.SZ|159980.SZ|159981.SZ|161226.SZ|164824.SZ|501018.SH|513080.SH|513120.SH|513180.SH|515880.SH|562500.SH,0.8229791483372615,0.7941794933096935,neighbor,512800.SH,515880.SH
rolling_hill_climb,2024,2025,36,159509.SZ|159529.SZ|159865.SZ|159980.SZ|159981.SZ|164824.SZ|501018.SH|512800.SH|513080.SH|513120.SH|513180.SH|518880.SH|562500.SH,1.6941413411359594,0.7718796702394679,neighbor,161226.SZ,518880.SH
rolling_hill_climb,2024,2025,37,159509.SZ|159529.SZ|159865.SZ|159980.SZ|159981.SZ|161226.SZ|501018.SH|512800.SH|513080.SH|513120.SH|513180.SH|513310.SH|562500.SH,1.5980039220587647,0.7718796702394679,neighbor,164824.SZ,513310.SH
rolling_hill_climb,2024,2025,38,159509.SZ|159529.SZ|159865.SZ|159980.SZ|159981.SZ|161226.SZ|164824.SZ|501018.SH|512040.SH|512800.SH|513080.SH|513120.SH|513180.SH,1.6049701081369723,0.7777765368748212,neighbor,562500.SH,512040.SH
rolling_hill_climb,2024,2025,39,159509.SZ|159529.SZ|159865.SZ|159980.SZ|159981.SZ|161226.SZ|164824.SZ|501018.SH|510050.SH|512800.SH|513080.SH|513120.SH|513180.SH,1.8155175890194593,0.7718796702394679,neighbor,562500.SH,510050.SH
rolling_hill_climb,2024,2025,40,159509.SZ|159865.SZ|159980.SZ|159981.SZ|161226.SZ|164824.SZ|501018.SH|512800.SH|513080.SH|513120.SH|513180.SH|513290.SH|562500.SH,1.5198294992647918,0.7718796702394679,neighbor,159529.SZ,513290.SH
rolling_hill_climb,2024,2025,41,159529.SZ|159865.SZ|159980.SZ|159981.SZ|161226.SZ|164824.SZ|501018.SH|512800.SH|513080.SH|513120.SH|513180.SH|513880.SH|562500.SH,1.8161859131863878,0.7718796702394679,neighbor,159509.SZ,513880.SH
rolling_hill_climb,2024,2025,42,159509.SZ|159529.SZ|159865.SZ|159980.SZ|159981.SZ|161226.SZ|164824.SZ|501018.SH|512800.SH|513070.SH|513080.SH|513120.SH|562500.SH,1.8743807679138984,0.7265589049246975,neighbor,513180.SH,513070.SH
rolling_hill_climb,2024,2025,43,159509.SZ|159529.SZ|159865.SZ|159920.SZ|159980.SZ|159981.SZ|161226.SZ|164824.SZ|501018.SH|512800.SH|513080.SH|513120.SH|562500.SH,2.22226752143942,0.7251138829934614,neighbor,513180.SH,159920.SZ
rolling_hill_climb,2024,2025,44,159509.SZ|159529.SZ|159865.SZ|159920.SZ|159980.SZ|159981.SZ|161226.SZ|164824.SZ|501018.SH|513080.SH|513120.SH|515880.SH|562500.SH,0.8440553079739678,0.7941794933096935,neighbor,512800.SH,515880.SH
rolling_hill_climb,2024,2025,45,159509.SZ|159865.SZ|159920.SZ|159980.SZ|159981.SZ|161226.SZ|164824.SZ|501018.SH|512800.SH|513080.SH|513120.SH|513500.SH|562500.SH,1.595808106556394,0.7342352025519209,neighbor,159529.SZ,513500.SH
rolling_hill_climb,2024,2025,46,159509.SZ|159529.SZ|159865.SZ|159920.SZ|159980.SZ|159981.SZ|161226.SZ|164824.SZ|501018.SH|512800.SH|513080.SH|513120.SH|516150.SH,1.9719188890966672,0.7251138829934614,neighbor,562500.SH,516150.SH
rolling_hill_climb,2024,2025,47,159509.SZ|159529.SZ|159865.SZ|159920.SZ|159980.SZ|159981.SZ|164824.SZ|501018.SH|512800.SH|513080.SH|513120.SH|518880.SH|562500.SH,1.7064877220976198,0.7251138829934614,neighbor,161226.SZ,518880.SH
rolling_hill_climb,2024,2025,48,159509.SZ|159529.SZ|159865.SZ|159920.SZ|159980.SZ|159981.SZ|161226.SZ|164824.SZ|501018.SH|512170.SH|512800.SH|513080.SH|513120.SH,1.900316064485386,0.7251138829934614,neighbor,562500.SH,512170.SH
rolling_hill_climb,2024,2025,49,159509.SZ|159865.SZ|159920.SZ|159980.SZ|159981.SZ|161226.SZ|164824.SZ|501018.SH|512800.SH|513030.SH|513080.SH|513120.SH|562500.SH,1.4730929280325948,0.8934888117483807,neighbor,159529.SZ,513030.SH
rolling_hill_climb,2024,2025,50,159509.SZ|159529.SZ|159865.SZ|159920.SZ|159980.SZ|159981.SZ|161226.SZ|164824.SZ|501018.SH|512800.SH|513080.SH|513120.SH|563300.SH,2.0475280521987336,0.7251138829934614,neighbor,562500.SH,563300.SH
rolling_hill_climb,2024,2025,51,159509.SZ|159529.SZ|159920.SZ|159980.SZ|159981.SZ|161226.SZ|164824.SZ|501018.SH|510180.SH|512800.SH|513080.SH|513120.SH|562500.SH,2.2650962799259373,0.7251138829934614,neighbor,159865.SZ,510180.SH
rolling_hill_climb,2024,2025,52,159509.SZ|159529.SZ|159980.SZ|159981.SZ|161226.SZ|164824.SZ|501018.SH|510180.SH|512800.SH|513070.SH|513080.SH|513120.SH|562500.SH,1.9301481969112395,0.7265589049246975,neighbor,159920.SZ,513070.SH
rolling_hill_climb,2024,2025,53,159509.SZ|159920.SZ|159980.SZ|159981.SZ|161226.SZ|164824.SZ|501018.SH|510180.SH|512800.SH|513030.SH|513080.SH|513120.SH|562500.SH,1.5227251302531588,0.8934888117483807,neighbor,159529.SZ,513030.SH
rolling_hill_climb,2024,2025,54,159509.SZ|159529.SZ|159920.SZ|159980.SZ|159981.SZ|161226.SZ|164824.SZ|501018.SH|512800.SH|513080.SH|513120.SH|515210.SH|562500.SH,1.6012141902995678,0.7251138829934614,neighbor,510180.SH,515210.SH
rolling_hill_climb,2024,2025,55,159509.SZ|159529.SZ|159920.SZ|159980.SZ|159981.SZ|161226.SZ|164824.SZ|501018.SH|510180.SH|512800.SH|513080.SH|513120.SH|563300.SH,2.040633196847237,0.7251138829934614,neighbor,562500.SH,563300.SH
rolling_hill_climb,2024,2025,56,159509.SZ|159529.SZ|159920.SZ|159980.SZ|159981.SZ|164824.SZ|501018.SH|510180.SH|512800.SH|513080.SH|513120.SH|518880.SH|562500.SH,1.8049946245987922,0.7251138829934614,neighbor,161226.SZ,518880.SH
rolling_hill_climb,2024,2025,57,159509.SZ|159529.SZ|159920.SZ|159981.SZ|159985.SZ|161226.SZ|164824.SZ|501018.SH|510180.SH|512800.SH|513080.SH|513120.SH|562500.SH,1.8089913171127854,0.7251138829934614,neighbor,159980.SZ,159985.SZ
rolling_hill_climb,2024,2025,58,159509.SZ|159920.SZ|159980.SZ|159981.SZ|161226.SZ|164824.SZ|501018.SH|510180.SH|512800.SH|513080.SH|513120.SH|513500.SH|562500.SH,1.7933731264108255,0.7342352025519209,neighbor,159529.SZ,513500.SH
rolling_hill_climb,2024,2025,59,159529.SZ|159687.SZ|159920.SZ|159980.SZ|159981.SZ|161226.SZ|164824.SZ|501018.SH|510180.SH|512800.SH|513080.SH|513120.SH|562500.SH,1.6620487085080207,0.7251138829934614,neighbor,159509.SZ,159687.SZ
rolling_hill_climb,2024,2025,60,159529.SZ|159920.SZ|159980.SZ|159981.SZ|160644.SZ|161226.SZ|164824.SZ|501018.SH|510180.SH|512800.SH|513080.SH|513120.SH|562500.SH,1.8995282399575626,0.7251138829934614,neighbor,159509.SZ,160644.SZ
rolling_hill_climb,2024,2025,61,159509.SZ|159529.SZ|159920.SZ|159981.SZ|161226.SZ|164824.SZ|501018.SH|510180.SH|512800.SH|513080.SH|513120.SH|518880.SH|562500.SH,1.9595134275747452,0.7889425391722841,neighbor,159980.SZ,518880.SH
rolling_hill_climb,2024,2025,62,159509.SZ|159920.SZ|159980.SZ|159981.SZ|160644.SZ|161226.SZ|164824.SZ|501018.SH|510180.SH|512800.SH|513080.SH|513120.SH|562500.SH,1.4750197975673243,0.7251138829934614,neighbor,159529.SZ,160644.SZ
rolling_hill_climb,2024,2025,63,159509.SZ|159529.SZ|159920.SZ|159980.SZ|159981.SZ|161226.SZ|164824.SZ|501018.SH|510180.SH|512890.SH|513080.SH|513120.SH|562500.SH,1.520685114723294,0.7410901272949058,neighbor,512800.SH,512890.SH
rolling_hill_climb,2024,2025,64,159509.SZ|159529.SZ|159920.SZ|159980.SZ|159981.SZ|161226.SZ|164824.SZ|510180.SH|512800.SH|513080.SH|513120.SH|518880.SH|562500.SH,1.7133860110060881,0.7889425391722841,neighbor,501018.SH,518880.SH
rolling_hill_climb,2024,2025,65,159509.SZ|159529.SZ|159920.SZ|159980.SZ|159981.SZ|161226.SZ|164824.SZ|501018.SH|510180.SH|510500.SH|512800.SH|513080.SH|513120.SH,1.9687476413742535,0.8218021585563856,neighbor,562500.SH,510500.SH
rolling_hill_climb,2024,2025,66,159529.SZ|159920.SZ|159980.SZ|159981.SZ|161226.SZ|164824.SZ|501018.SH|510180.SH|512800.SH|513080.SH|513120.SH|513880.SH|562500.SH,1.7642655851709792,0.7251138829934614,neighbor,159509.SZ,513880.SH
rolling_hill_climb,2024,2025,67,159509.SZ|159529.SZ|159920.SZ|159980.SZ|161226.SZ|164824.SZ|501018.SH|510180.SH|512800.SH|513080.SH|513120.SH|518880.SH|562500.SH,1.8402353668853724,0.7889425391722841,neighbor,159981.SZ,518880.SH
rolling_hill_climb,2024,2025,68,159509.SZ|159529.SZ|159825.SZ|159920.SZ|159980.SZ|159981.SZ|161226.SZ|164824.SZ|501018.SH|512800.SH|513080.SH|513120.SH|562500.SH,1.9208720434752833,0.7251138829934614,neighbor,510180.SH,159825.SZ
rolling_hill_climb,2024,2025,69,159509.SZ|159529.SZ|159920.SZ|159980.SZ|159985.SZ|161226.SZ|164824.SZ|501018.SH|510180.SH|512800.SH|513080.SH|513120.SH|562500.SH,1.9864201385589522,0.7251138829934614,neighbor,159981.SZ,159985.SZ
rolling_hill_climb,2024,2025,70,159509.SZ|159529.SZ|159915.SZ|159920.SZ|159980.SZ|159981.SZ|161226.SZ|164824.SZ|501018.SH|510180.SH|512800.SH|513080.SH|513120.SH,1.9146290408702547,0.848985282965664,neighbor,562500.SH,159915.SZ
rolling_hill_climb,2024,2025,71,159509.SZ|159529.SZ|159980.SZ|159981.SZ|161226.SZ|164824.SZ|501018.SH|510180.SH|512800.SH|513080.SH|513120.SH|513180.SH|562500.SH,2.1023288282383112,0.7718796702394679,neighbor,159920.SZ,513180.SH
rolling_hill_climb,2024,2025,72,159509.SZ|159920.SZ|159980.SZ|159981.SZ|161226.SZ|164824.SZ|501018.SH|510180.SH|512800.SH|513080.SH|513100.SH|513120.SH|562500.SH,2.072270459380502,0.8598122919060952,neighbor,159529.SZ,513100.SH
rolling_hill_climb,2024,2025,73,159509.SZ|159529.SZ|159920.SZ|159980.SZ|159981.SZ|161226.SZ|164824.SZ|501018.SH|512800.SH|513080.SH|513120.SH|515220.SH|562500.SH,1.2684533159710085,0.7251138829934614,neighbor,510180.SH,515220.SH
rolling_hill_climb,2024,2025,74,159509.SZ|159529.SZ|159920.SZ|159980.SZ|159981.SZ|159985.SZ|161226.SZ|164824.SZ|510180.SH|512800.SH|513080.SH|513120.SH|562500.SH,1.5117084565744061,0.7251138829934614,neighbor,501018.SH,159985.SZ
rolling_hill_climb,2024,2025,75,159509.SZ|159529.SZ|159851.SZ|159920.SZ|159980.SZ|159981.SZ|161226.SZ|164824.SZ|501018.SH|512800.SH|513080.SH|513120.SH|562500.SH,2.149131010666785,0.7679808600737967,neighbor,510180.SH,159851.SZ
rolling_hill_climb,2024,2025,76,159509.SZ|159529.SZ|159920.SZ|159980.SZ|159981.SZ|159985.SZ|164824.SZ|501018.SH|510180.SH|512800.SH|513080.SH|513120.SH|562500.SH,1.5896260588301425,0.7251138829934614,neighbor,161226.SZ,159985.SZ
rolling_hill_climb,2024,2025,77,159509.SZ|159529.SZ|159920.SZ|159980.SZ|159981.SZ|160644.SZ|161226.SZ|164824.SZ|501018.SH|510180.SH|512800.SH|513120.SH|562500.SH,2.1608874511336835,0.7251138829934614,neighbor,513080.SH,160644.SZ
rolling_hill_climb,2024,2025,78,159509.SZ|159529.SZ|159920.SZ|159980.SZ|159981.SZ|161226.SZ|164824.SZ|501018.SH|510180.SH|512170.SH|513080.SH|513120.SH|562500.SH,1.3147064325780713,0.7687956231686878,neighbor,512800.SH,512170.SH
rolling_hill_climb,2024,2025,79,159509.SZ|159529.SZ|159920.SZ|159980.SZ|159981.SZ|161226.SZ|164824.SZ|501018.SH|510210.SH|512800.SH|513080.SH|513120.SH|562500.SH,2.1153007114716784,0.7551591406506614,neighbor,510180.SH,510210.SH
rolling_hill_climb,2024,2025,80,159529.SZ|159920.SZ|159980.SZ|159981.SZ|161226.SZ|164824.SZ|501018.SH|510180.SH|512800.SH|513080.SH|513120.SH|513290.SH|562500.SH,1.4307767558532278,0.7251138829934614,neighbor,159509.SZ,513290.SH
rolling_hill_climb,2024,2025,81,159509.SZ|159518.SZ|159529.SZ|159920.SZ|159980.SZ|159981.SZ|161226.SZ|164824.SZ|501018.SH|510180.SH|512800.SH|513120.SH|562500.SH,1.9570537535375978,0.7251138829934614,neighbor,513080.SH,159518.SZ
rolling_hill_climb,2024,2025,82,159509.SZ|159529.SZ|159920.SZ|159980.SZ|159981.SZ|161226.SZ|164824.SZ|501018.SH|510180.SH|512800.SH|513030.SH|513120.SH|562500.SH,2.0380783970004672,0.7251138829934614,neighbor,513080.SH,513030.SH
rolling_hill_climb,2024,2025,83,159509.SZ|159529.SZ|159920.SZ|159980.SZ|159981.SZ|161226.SZ|164824.SZ|501018.SH|510180.SH|512200.SH|513080.SH|513120.SH|562500.SH,1.201333280793713,0.7251138829934614,neighbor,512800.SH,512200.SH
rolling_hill_climb,2024,2025,84,159509.SZ|159529.SZ|159920.SZ|159980.SZ|159981.SZ|161226.SZ|164824.SZ|501018.SH|510180.SH|512800.SH|513080.SH|513750.SH|562500.SH,2.3279405430717435,0.8920130717054932,neighbor,513120.SH,513750.SH
rolling_hill_climb,2024,2025,85,159509.SZ|159529.SZ|159980.SZ|159981.SZ|161226.SZ|164824.SZ|501018.SH|510180.SH|512800.SH|513080.SH|513180.SH|513750.SH|562500.SH,2.1710812445864422,0.8415836756152468,neighbor,159920.SZ,513180.SH
rolling_hill_climb,2024,2025,86,159509.SZ|159529.SZ|159865.SZ|159920.SZ|159980.SZ|159981.SZ|161226.SZ|164824.SZ|501018.SH|512800.SH|513080.SH|513750.SH|562500.SH,2.0847102993573996,0.8920130717054932,neighbor,510180.SH,159865.SZ
rolling_hill_climb,2024,2025,87,159509.SZ|159529.SZ|159920.SZ|159981.SZ|159985.SZ|161226.SZ|164824.SZ|501018.SH|510180.SH|512800.SH|513080.SH|513750.SH|562500.SH,1.897555792337007,0.8920130717054932,neighbor,159980.SZ,159985.SZ
rolling_hill_climb,2024,2025,88,159509.SZ|159529.SZ|159920.SZ|159980.SZ|159981.SZ|161226.SZ|164824.SZ|510180.SH|512800.SH|513080.SH|513750.SH|518880.SH|562500.SH,1.8008910211641274,0.8920130717054932,neighbor,501018.SH,518880.SH
rolling_hill_climb,2024,2025,89,159509.SZ|159529.SZ|159920.SZ|159980.SZ|159981.SZ|161226.SZ|164824.SZ|501018.SH|510180.SH|512170.SH|513080.SH|513750.SH|562500.SH,1.2272164733450168,0.8920130717054932,neighbor,512800.SH,512170.SH
rolling_hill_climb,2024,2025,90,159509.SZ|159529.SZ|159920.SZ|159980.SZ|159981.SZ|159985.SZ|161226.SZ|164824.SZ|510180.SH|512800.SH|513080.SH|513750.SH|562500.SH,1.7211660094343169,0.8920130717054932,neighbor,501018.SH,159985.SZ
rolling_hill_climb,2024,2025,91,159509.SZ|159529.SZ|159920.SZ|159980.SZ|159985.SZ|161226.SZ|164824.SZ|501018.SH|510180.SH|512800.SH|513080.SH|513750.SH|562500.SH,2.060226586021484,0.8920130717054932,neighbor,159981.SZ,159985.SZ
rolling_hill_climb,2024,2025,92,159509.SZ|159529.SZ|159611.SZ|159920.SZ|159980.SZ|159981.SZ|161226.SZ|164824.SZ|501018.SH|510180.SH|513080.SH|513750.SH|562500.SH,1.0479604102835585,0.8920130717054932,neighbor,512800.SH,159611.SZ
rolling_hill_climb,2024,2025,93,159529.SZ|159920.SZ|159980.SZ|159981.SZ|161226.SZ|164824.SZ|501018.SH|510180.SH|512800.SH|513080.SH|513500.SH|513750.SH|562500.SH,1.78168338929595,0.8920130717054932,neighbor,159509.SZ,513500.SH
rolling_hill_climb,2024,2025,94,159509.SZ|159529.SZ|159920.SZ|159949.SZ|159980.SZ|159981.SZ|161226.SZ|164824.SZ|501018.SH|510180.SH|512800.SH|513080.SH|513750.SH,2.2463692143790426,0.8920130717054932,neighbor,562500.SH,159949.SZ
rolling_hill_climb,2024,2025,95,159509.SZ|159529.SZ|159920.SZ|159980.SZ|159981.SZ|160644.SZ|161226.SZ|164824.SZ|501018.SH|510180.SH|512800.SH|513750.SH|562500.SH,2.267329978653589,0.8920130717054932,neighbor,513080.SH,160644.SZ
rolling_hill_climb,2024,2025,96,159509.SZ|159529.SZ|159980.SZ|159981.SZ|161226.SZ|164824.SZ|501018.SH|510180.SH|512800.SH|513080.SH|513120.SH|513750.SH|562500.SH,2.272128150012105,0.706441678609349,neighbor,159920.SZ,513120.SH
rolling_hill_climb,2024,2025,97,159509.SZ|159529.SZ|159687.SZ|159920.SZ|159980.SZ|159981.SZ|161226.SZ|501018.SH|510180.SH|512800.SH|513080.SH|513750.SH|562500.SH,2.1754567078507696,0.8920130717054932,neighbor,164824.SZ,159687.SZ
rolling_hill_climb,2024,2025,98,159509.SZ|159529.SZ|159920.SZ|159980.SZ|159981.SZ|161226.SZ|164824.SZ|501018.SH|512170.SH|512800.SH|513080.SH|513750.SH|562500.SH,2.192693035242702,0.8920130717054932,neighbor,510180.SH,512170.SH
rolling_hill_climb,2024,2025,99,159509.SZ|159529.SZ|159869.SZ|159920.SZ|159980.SZ|159981.SZ|161226.SZ|164824.SZ|501018.SH|512800.SH|513080.SH|513750.SH|562500.SH,1.950757131906249,0.8920130717054932,neighbor,510180.SH,159869.SZ
rolling_hill_climb,2024,2025,100,159509.SZ|159529.SZ|159920.SZ|159980.SZ|159981.SZ|161226.SZ|501018.SH|510180.SH|512800.SH|513080.SH|513750.SH|513880.SH|562500.SH,2.187248472027032,0.8920130717054932,neighbor,164824.SZ,513880.SH
rolling_hill_climb,2025,2026,1,159518.SZ|159687.SZ|159825.SZ|159920.SZ|159928.SZ|159980.SZ|159985.SZ|161226.SZ|510050.SH|513100.SH|513120.SH|513310.SH|518880.SH,0.3672780442714674,0.7193123250760916,initial,,
rolling_hill_climb,2025,2026,2,159518.SZ|159687.SZ|159825.SZ|159928.SZ|159980.SZ|159985.SZ|161226.SZ|510050.SH|513100.SH|513120.SH|513310.SH|513750.SH|518880.SH,0.8263846963271607,0.7193123250760916,neighbor,159920.SZ,513750.SH
rolling_hill_climb,2025,2026,3,159518.SZ|159687.SZ|159928.SZ|159980.SZ|159985.SZ|161226.SZ|510050.SH|512800.SH|513100.SH|513120.SH|513310.SH|513750.SH|518880.SH,1.037323078639183,0.6271657438481835,neighbor,159825.SZ,512800.SH
rolling_hill_climb,2025,2026,4,159518.SZ|159687.SZ|159928.SZ|159980.SZ|159985.SZ|501018.SH|510050.SH|512800.SH|513100.SH|513120.SH|513310.SH|513750.SH|518880.SH,1.1009027537218807,0.6271657438481835,neighbor,161226.SZ,501018.SH
rolling_hill_climb,2025,2026,5,159329.SZ|159687.SZ|159928.SZ|159980.SZ|159985.SZ|501018.SH|510050.SH|512800.SH|513100.SH|513120.SH|513310.SH|513750.SH|518880.SH,0.909413369290353,0.6271657438481835,neighbor,159518.SZ,159329.SZ
rolling_hill_climb,2025,2026,6,159518.SZ|159687.SZ|159825.SZ|159928.SZ|159980.SZ|159985.SZ|501018.SH|510050.SH|513100.SH|513120.SH|513310.SH|513750.SH|518880.SH,0.6818660853612136,0.7193123250760916,neighbor,512800.SH,159825.SZ
rolling_hill_climb,2025,2026,7,159518.SZ|159687.SZ|159928.SZ|159980.SZ|159985.SZ|501018.SH|510050.SH|512800.SH|513030.SH|513120.SH|513310.SH|513750.SH|518880.SH,0.783979611009314,0.6271657438481835,neighbor,513100.SH,513030.SH
rolling_hill_climb,2025,2026,8,159687.SZ|159928.SZ|159980.SZ|159985.SZ|501018.SH|510050.SH|512800.SH|513100.SH|513120.SH|513310.SH|513730.SH|513750.SH|518880.SH,1.1179793435088858,0.8121121546849319,neighbor,159518.SZ,513730.SH
rolling_hill_climb,2025,2026,9,159687.SZ|159928.SZ|159985.SZ|161226.SZ|501018.SH|510050.SH|512800.SH|513100.SH|513120.SH|513310.SH|513730.SH|513750.SH|518880.SH,1.4083362828741246,0.8121121546849319,neighbor,159980.SZ,161226.SZ
rolling_hill_climb,2025,2026,10,159687.SZ|159928.SZ|159980.SZ|159985.SZ|161226.SZ|510050.SH|512800.SH|513100.SH|513120.SH|513310.SH|513730.SH|513750.SH|518880.SH,1.5080985106979752,0.8121121546849319,neighbor,501018.SH,159980.SZ
rolling_hill_climb,2025,2026,11,159687.SZ|159928.SZ|159980.SZ|159985.SZ|161226.SZ|510050.SH|512040.SH|513100.SH|513120.SH|513310.SH|513730.SH|513750.SH|518880.SH,1.778166562176534,0.8121121546849319,neighbor,512800.SH,512040.SH
rolling_hill_climb,2025,2026,12,159687.SZ|159928.SZ|159980.SZ|159985.SZ|161226.SZ|510050.SH|512200.SH|513100.SH|513120.SH|513310.SH|513730.SH|513750.SH|518880.SH,1.4953296834676961,0.8121121546849319,neighbor,512040.SH,512200.SH
rolling_hill_climb,2025,2026,13,159687.SZ|159928.SZ|159980.SZ|159981.SZ|159985.SZ|510050.SH|512040.SH|513100.SH|513120.SH|513310.SH|513730.SH|513750.SH|518880.SH,1.4803952569826409,0.8121121546849319,neighbor,161226.SZ,159981.SZ
rolling_hill_climb,2025,2026,14,159687.SZ|159928.SZ|159985.SZ|161226.SZ|501018.SH|510050.SH|512040.SH|513100.SH|513120.SH|513310.SH|513730.SH|513750.SH|518880.SH,1.7278156585020574,0.8121121546849319,neighbor,159980.SZ,501018.SH
rolling_hill_climb,2025,2026,15,159687.SZ|159928.SZ|159980.SZ|159981.SZ|161226.SZ|510050.SH|512040.SH|513100.SH|513120.SH|513310.SH|513730.SH|513750.SH|518880.SH,1.766914528395022,0.8121121546849319,neighbor,159985.SZ,159981.SZ
rolling_hill_climb,2025,2026,16,159329.SZ|159687.SZ|159928.SZ|159980.SZ|159985.SZ|161226.SZ|510050.SH|512040.SH|513120.SH|513310.SH|513730.SH|513750.SH|518880.SH,2.017325779484798,0.7433510781186939,neighbor,513100.SH,159329.SZ
rolling_hill_climb,2025,2026,17,159329.SZ|159687.SZ|159980.SZ|159985.SZ|161226.SZ|510050.SH|512040.SH|513120.SH|513310.SH|513730.SH|513750.SH|518880.SH|588220.SH,1.9522675203998225,0.7433510781186939,neighbor,159928.SZ,588220.SH
rolling_hill_climb,2025,2026,18,159329.SZ|159687.SZ|159928.SZ|159980.SZ|159985.SZ|161226.SZ|510050.SH|512040.SH|513120.SH|513400.SH|513730.SH|513750.SH|518880.SH,1.9512170517585483,0.7433510781186939,neighbor,513310.SH,513400.SH
rolling_hill_climb,2025,2026,19,159329.SZ|159928.SZ|159980.SZ|159985.SZ|161226.SZ|510050.SH|512040.SH|513080.SH|513120.SH|513310.SH|513730.SH|513750.SH|518880.SH,1.895922368974066,0.7433510781186939,neighbor,159687.SZ,513080.SH
rolling_hill_climb,2025,2026,20,159329.SZ|159687.SZ|159928.SZ|159967.SZ|159980.SZ|159985.SZ|161226.SZ|510050.SH|513120.SH|513310.SH|513730.SH|513750.SH|518880.SH,1.8352901338288055,0.675593263320369,neighbor,512040.SH,159967.SZ
rolling_hill_climb,2025,2026,21,159329.SZ|159687.SZ|159928.SZ|159980.SZ|159985.SZ|501018.SH|510050.SH|512040.SH|513120.SH|513310.SH|513730.SH|513750.SH|518880.SH,1.337505505651774,0.7433510781186939,neighbor,161226.SZ,501018.SH
rolling_hill_climb,2025,2026,22,159329.SZ|159687.SZ|159928.SZ|159980.SZ|159985.SZ|161226.SZ|501018.SH|510050.SH|512040.SH|513120.SH|513310.SH|513730.SH|513750.SH,0.9397887801112483,0.7433510781186939,neighbor,518880.SH,501018.SH
rolling_hill_climb,2025,2026,23,159329.SZ|159687.SZ|159920.SZ|159928.SZ|159980.SZ|159985.SZ|161226.SZ|510050.SH|512040.SH|513310.SH|513730.SH|513750.SH|518880.SH,1.268240162293384,0.8342956687363152,neighbor,513120.SH,159920.SZ
rolling_hill_climb,2025,2026,24,159329.SZ|159687.SZ|159928.SZ|159980.SZ|159985.SZ|161226.SZ|510050.SH|512040.SH|513120.SH|513180.SH|513310.SH|513730.SH|518880.SH,1.055054603057268,0.7433510781186939,neighbor,513750.SH,513180.SH
rolling_hill_climb,2025,2026,25,159329.SZ|159687.SZ|159928.SZ|159980.SZ|159981.SZ|159985.SZ|161226.SZ|510050.SH|512040.SH|513120.SH|513310.SH|513730.SH|513750.SH,1.0040521527513893,0.7433510781186939,neighbor,518880.SH,159981.SZ
rolling_hill_climb,2025,2026,26,159329.SZ|159687.SZ|159928.SZ|159980.SZ|159985.SZ|161226.SZ|510050.SH|512040.SH|513180.SH|513310.SH|513730.SH|513750.SH|518880.SH,1.0291824413256885,0.7433510781186939,neighbor,513120.SH,513180.SH
rolling_hill_climb,2025,2026,27,159329.SZ|159687.SZ|159920.SZ|159928.SZ|159980.SZ|159985.SZ|161226.SZ|510050.SH|512040.SH|513120.SH|513310.SH|513730.SH|518880.SH,1.4223557906868363,0.7433510781186939,neighbor,513750.SH,159920.SZ
rolling_hill_climb,2025,2026,28,159329.SZ|159928.SZ|159980.SZ|159985.SZ|160644.SZ|161226.SZ|510050.SH|512040.SH|513120.SH|513310.SH|513730.SH|513750.SH|518880.SH,1.4203143131871507,0.7433510781186939,neighbor,159687.SZ,160644.SZ
rolling_hill_climb,2025,2026,29,159329.SZ|159529.SZ|159928.SZ|159980.SZ|159985.SZ|161226.SZ|510050.SH|512040.SH|513120.SH|513310.SH|513730.SH|513750.SH|518880.SH,1.8123453629649782,0.7433510781186939,neighbor,159687.SZ,159529.SZ
rolling_hill_climb,2025,2026,30,159329.SZ|159518.SZ|159687.SZ|159928.SZ|159980.SZ|159985.SZ|161226.SZ|510050.SH|512040.SH|513120.SH|513730.SH|513750.SH|518880.SH,1.7166886067559155,0.7433510781186939,neighbor,513310.SH,159518.SZ
rolling_hill_climb,2025,2026,31,159329.SZ|159687.SZ|159928.SZ|159980.SZ|159985.SZ|161226.SZ|510050.SH|512040.SH|513070.SH|513120.SH|513310.SH|513730.SH|518880.SH,1.8440177439814385,0.7433510781186939,neighbor,513750.SH,513070.SH
rolling_hill_climb,2025,2026,32,159329.SZ|159687.SZ|159928.SZ|159980.SZ|159985.SZ|161226.SZ|510050.SH|512040.SH|513120.SH|513290.SH|513730.SH|513750.SH|518880.SH,2.029254003464208,0.7433510781186939,neighbor,513310.SH,513290.SH
rolling_hill_climb,2025,2026,33,159329.SZ|159687.SZ|159928.SZ|159967.SZ|159980.SZ|159985.SZ|161226.SZ|512040.SH|513120.SH|513290.SH|513730.SH|513750.SH|518880.SH,1.9530911477012927,0.6406494331789315,neighbor,510050.SH,159967.SZ
rolling_hill_climb,2025,2026,34,159329.SZ|159687.SZ|159928.SZ|159980.SZ|159985.SZ|161226.SZ|510050.SH|512040.SH|513100.SH|513120.SH|513290.SH|513750.SH|518880.SH,1.932104729340366,0.7433510781186939,neighbor,513730.SH,513100.SH
rolling_hill_climb,2025,2026,35,159329.SZ|159509.SZ|159928.SZ|159980.SZ|159985.SZ|161226.SZ|510050.SH|512040.SH|513120.SH|513290.SH|513730.SH|513750.SH|518880.SH,2.220048360230334,0.7700255446396679,neighbor,159687.SZ,159509.SZ
rolling_hill_climb,2025,2026,36,159329.SZ|159509.SZ|159928.SZ|159980.SZ|159985.SZ|161226.SZ|512040.SH|512880.SH|513120.SH|513290.SH|513730.SH|513750.SH|518880.SH,2.2593631361151147,0.7700255446396679,neighbor,510050.SH,512880.SH
rolling_hill_climb,2025,2026,37,159329.SZ|159509.SZ|159928.SZ|159980.SZ|159985.SZ|501018.SH|512040.SH|512880.SH|513120.SH|513290.SH|513730.SH|513750.SH|518880.SH,1.5963730030109682,0.7700255446396679,neighbor,161226.SZ,501018.SH
rolling_hill_climb,2025,2026,38,159329.SZ|159509.SZ|159687.SZ|159928.SZ|159980.SZ|159985.SZ|161226.SZ|512040.SH|512880.SH|513120.SH|513730.SH|513750.SH|518880.SH,1.7980300045626894,0.7700255446396679,neighbor,513290.SH,159687.SZ
rolling_hill_climb,2025,2026,39,159329.SZ|159509.SZ|159928.SZ|159980.SZ|159985.SZ|161226.SZ|512880.SH|513120.SH|513290.SH|513730.SH|513750.SH|515210.SH|518880.SH,2.103084400086521,0.7700255446396679,neighbor,512040.SH,515210.SH
rolling_hill_climb,2025,2026,40,159509.SZ|159928.SZ|159980.SZ|159985.SZ|161226.SZ|512040.SH|512880.SH|513120.SH|513290.SH|513500.SH|513730.SH|513750.SH|518880.SH,1.7892839603304551,0.8555362044200798,neighbor,159329.SZ,513500.SH
rolling_hill_climb,2025,2026,41,159329.SZ|159509.SZ|159920.SZ|159928.SZ|159980.SZ|159985.SZ|161226.SZ|512040.SH|512880.SH|513120.SH|513290.SH|513730.SH|518880.SH,2.176252296077392,0.7700255446396679,neighbor,513750.SH,159920.SZ
rolling_hill_climb,2025,2026,42,159329.SZ|159509.SZ|159928.SZ|159985.SZ|161226.SZ|501018.SH|512040.SH|512880.SH|513120.SH|513290.SH|513730.SH|513750.SH|518880.SH,2.2839534358814872,0.7700255446396679,neighbor,159980.SZ,501018.SH
rolling_hill_climb,2025,2026,43,159329.SZ|159509.SZ|159928.SZ|159981.SZ|159985.SZ|161226.SZ|512040.SH|512880.SH|513120.SH|513290.SH|513730.SH|513750.SH|518880.SH,2.374488076803508,0.7700255446396679,neighbor,501018.SH,159981.SZ
rolling_hill_climb,2025,2026,44,159329.SZ|159509.SZ|159981.SZ|159985.SZ|161226.SZ|510500.SH|512040.SH|512880.SH|513120.SH|513290.SH|513730.SH|513750.SH|518880.SH,2.47952092709836,0.8246465824210728,neighbor,159928.SZ,510500.SH
rolling_hill_climb,2025,2026,45,159329.SZ|159981.SZ|159985.SZ|161226.SZ|510500.SH|512040.SH|512880.SH|513120.SH|513290.SH|513400.SH|513730.SH|513750.SH|518880.SH,2.2461232437440244,0.8246465824210728,neighbor,159509.SZ,513400.SH
rolling_hill_climb,2025,2026,46,159329.SZ|159509.SZ|159981.SZ|159985.SZ|501018.SH|510500.SH|512040.SH|512880.SH|513120.SH|513290.SH|513730.SH|513750.SH|518880.SH,1.1956593265126716,0.8246465824210728,neighbor,161226.SZ,501018.SH
rolling_hill_climb,2025,2026,47,159329.SZ|159509.SZ|159851.SZ|159981.SZ|159985.SZ|161226.SZ|510500.SH|512040.SH|513120.SH|513290.SH|513730.SH|513750.SH|518880.SH,2.399030849774851,0.8017357903543425,neighbor,512880.SH,159851.SZ
rolling_hill_climb,2025,2026,48,159329.SZ|159509.SZ|159981.SZ|159985.SZ|161226.SZ|164824.SZ|510500.SH|512040.SH|512880.SH|513120.SH|513290.SH|513750.SH|518880.SH,2.401195473481089,0.8246465824210728,neighbor,513730.SH,164824.SZ
rolling_hill_climb,2025,2026,49,159329.SZ|159509.SZ|159980.SZ|159981.SZ|159985.SZ|510500.SH|512040.SH|512880.SH|513120.SH|513290.SH|513730.SH|513750.SH|518880.SH,1.6070883474611608,0.8246465824210728,neighbor,161226.SZ,159980.SZ
rolling_hill_climb,2025,2026,50,159329.SZ|159509.SZ|159981.SZ|159985.SZ|161226.SZ|510180.SH|510500.SH|512040.SH|513120.SH|513290.SH|513730.SH|513750.SH|518880.SH,2.288474511601973,0.8885016629033623,neighbor,512880.SH,510180.SH
rolling_hill_climb,2025,2026,51,159329.SZ|159509.SZ|159981.SZ|159985.SZ|161226.SZ|510500.SH|512040.SH|512880.SH|513120.SH|513290.SH|513500.SH|513750.SH|518880.SH,2.1729870917991665,0.8555362044200798,neighbor,513730.SH,513500.SH
rolling_hill_climb,2025,2026,52,159329.SZ|159529.SZ|159981.SZ|159985.SZ|161226.SZ|510500.SH|512040.SH|512880.SH|513120.SH|513290.SH|513730.SH|513750.SH|518880.SH,2.3587148993654963,0.8246465824210728,neighbor,159509.SZ,159529.SZ
rolling_hill_climb,2025,2026,53,159206.SZ|159329.SZ|159509.SZ|159981.SZ|159985.SZ|161226.SZ|510500.SH|512040.SH|513120.SH|513290.SH|513730.SH|513750.SH|518880.SH,2.717076495346447,0.8017357903543425,neighbor,512880.SH,159206.SZ
rolling_hill_climb,2025,2026,54,159206.SZ|159329.SZ|159509.SZ|159981.SZ|159985.SZ|161226.SZ|510500.SH|512040.SH|513080.SH|513120.SH|513730.SH|513750.SH|518880.SH,2.160252729530967,0.8017357903543425,neighbor,513290.SH,513080.SH
rolling_hill_climb,2025,2026,55,159206.SZ|159329.SZ|159509.SZ|159981.SZ|159985.SZ|161226.SZ|510500.SH|512040.SH|513120.SH|513290.SH|513310.SH|513750.SH|518880.SH,2.1331015819936647,0.8017357903543425,neighbor,513730.SH,513310.SH
rolling_hill_climb,2025,2026,56,159206.SZ|159329.SZ|159509.SZ|159981.SZ|159985.SZ|161226.SZ|510500.SH|512040.SH|513070.SH|513290.SH|513730.SH|513750.SH|518880.SH,2.4093301839249537,0.8017357903543425,neighbor,513120.SH,513070.SH
rolling_hill_climb,2025,2026,57,159206.SZ|159329.SZ|159509.SZ|159981.SZ|159985.SZ|161226.SZ|510500.SH|512890.SH|513120.SH|513290.SH|513730.SH|513750.SH|518880.SH,2.7674376028226466,0.7700255446396679,neighbor,512040.SH,512890.SH
rolling_hill_climb,2025,2026,58,159206.SZ|159329.SZ|159509.SZ|159981.SZ|159985.SZ|161226.SZ|510500.SH|513120.SH|513290.SH|513730.SH|513750.SH|518880.SH|562500.SH,2.711277041169661,0.7885445933305323,neighbor,512890.SH,562500.SH
rolling_hill_climb,2025,2026,59,159206.SZ|159509.SZ|159981.SZ|159985.SZ|161226.SZ|510500.SH|512890.SH|513080.SH|513120.SH|513290.SH|513730.SH|513750.SH|518880.SH,2.592751177799789,0.7700255446396679,neighbor,159329.SZ,513080.SH
rolling_hill_climb,2025,2026,60,159206.SZ|159329.SZ|159509.SZ|159920.SZ|159981.SZ|159985.SZ|161226.SZ|510500.SH|512890.SH|513120.SH|513290.SH|513730.SH|518880.SH,2.578694042102964,0.7700255446396679,neighbor,513750.SH,159920.SZ
rolling_hill_climb,2025,2026,61,159206.SZ|159329.SZ|159509.SZ|159766.SZ|159981.SZ|159985.SZ|161226.SZ|512890.SH|513120.SH|513290.SH|513730.SH|513750.SH|518880.SH,2.3717929691530246,0.7700255446396679,neighbor,510500.SH,159766.SZ
rolling_hill_climb,2025,2026,62,159206.SZ|159509.SZ|159981.SZ|159985.SZ|161226.SZ|510500.SH|512890.SH|513030.SH|513120.SH|513290.SH|513730.SH|513750.SH|518880.SH,2.8211153101645237,0.7700255446396679,neighbor,159329.SZ,513030.SH
rolling_hill_climb,2025,2026,63,159206.SZ|159509.SZ|159981.SZ|159985.SZ|161226.SZ|510500.SH|512890.SH|513030.SH|513070.SH|513120.SH|513290.SH|513730.SH|518880.SH,2.528289486676352,0.7700255446396679,neighbor,513750.SH,513070.SH
rolling_hill_climb,2025,2026,64,159206.SZ|159509.SZ|159981.SZ|159985.SZ|161226.SZ|512800.SH|512890.SH|513030.SH|513120.SH|513290.SH|513730.SH|513750.SH|518880.SH,2.4421782530794776,0.8298997300658688,neighbor,510500.SH,512800.SH
rolling_hill_climb,2025,2026,65,159206.SZ|159509.SZ|159518.SZ|159981.SZ|159985.SZ|161226.SZ|510500.SH|512890.SH|513030.SH|513120.SH|513730.SH|513750.SH|518880.SH,2.4588335872103717,0.7700255446396679,neighbor,513290.SH,159518.SZ
rolling_hill_climb,2025,2026,66,159206.SZ|159509.SZ|159981.SZ|159985.SZ|161226.SZ|512890.SH|513030.SH|513120.SH|513290.SH|513730.SH|513750.SH|515210.SH|518880.SH,2.5907292711727377,0.7700255446396679,neighbor,510500.SH,515210.SH
rolling_hill_climb,2025,2026,67,159509.SZ|159981.SZ|159985.SZ|161226.SZ|510500.SH|510880.SH|512890.SH|513030.SH|513120.SH|513290.SH|513730.SH|513750.SH|518880.SH,2.47553384190768,0.8983814081391552,neighbor,159206.SZ,510880.SH
rolling_hill_climb,2025,2026,68,159206.SZ|159509.SZ|159981.SZ|159985.SZ|161226.SZ|164824.SZ|510500.SH|512890.SH|513030.SH|513120.SH|513730.SH|513750.SH|518880.SH,2.2640852321434615,0.7700255446396679,neighbor,513290.SH,164824.SZ
rolling_hill_climb,2025,2026,69,159206.SZ|159509.SZ|159980.SZ|159981.SZ|161226.SZ|510500.SH|512890.SH|513030.SH|513120.SH|513290.SH|513730.SH|513750.SH|518880.SH,2.629313327669046,0.7700255446396679,neighbor,159985.SZ,159980.SZ
rolling_hill_climb,2025,2026,70,159206.SZ|159509.SZ|159687.SZ|159981.SZ|159985.SZ|161226.SZ|510500.SH|512890.SH|513120.SH|513290.SH|513730.SH|513750.SH|518880.SH,2.5855271044304717,0.7700255446396679,neighbor,513030.SH,159687.SZ
rolling_hill_climb,2025,2026,71,159206.SZ|159509.SZ|159981.SZ|159985.SZ|161226.SZ|510500.SH|512890.SH|513030.SH|513080.SH|513120.SH|513730.SH|513750.SH|518880.SH,2.1890001374452277,0.8203596986693006,neighbor,513290.SH,513080.SH
rolling_hill_climb,2025,2026,72,159206.SZ|159981.SZ|159985.SZ|161226.SZ|510500.SH|512890.SH|513030.SH|513080.SH|513120.SH|513290.SH|513730.SH|513750.SH|518880.SH,2.4478227699806108,0.8203596986693006,neighbor,159509.SZ,513080.SH
rolling_hill_climb,2025,2026,73,159206.SZ|159509.SZ|159981.SZ|159985.SZ|501018.SH|510500.SH|512890.SH|513030.SH|513120.SH|513290.SH|513730.SH|513750.SH|518880.SH,2.1234241388995265,0.7700255446396679,neighbor,161226.SZ,501018.SH
rolling_hill_climb,2025,2026,74,159206.SZ|159509.SZ|159981.SZ|159985.SZ|161226.SZ|512890.SH|512980.SH|513030.SH|513120.SH|513290.SH|513730.SH|513750.SH|518880.SH,2.6614825244634903,0.7700255446396679,neighbor,510500.SH,512980.SH
rolling_hill_climb,2025,2026,75,159206.SZ|159509.SZ|159980.SZ|159985.SZ|161226.SZ|510500.SH|512890.SH|513030.SH|513120.SH|513290.SH|513730.SH|513750.SH|518880.SH,2.7076624896530834,0.7700255446396679,neighbor,159981.SZ,159980.SZ
rolling_hill_climb,2025,2026,76,159206.SZ|159509.SZ|159981.SZ|161226.SZ|501018.SH|510500.SH|512890.SH|513030.SH|513120.SH|513290.SH|513730.SH|513750.SH|518880.SH,2.667304837097662,0.7700255446396679,neighbor,159985.SZ,501018.SH
rolling_hill_climb,2025,2026,77,159206.SZ|159509.SZ|159981.SZ|159985.SZ|161226.SZ|501018.SH|510500.SH|512890.SH|513030.SH|513120.SH|513290.SH|513730.SH|513750.SH,2.1063736959918304,0.7700255446396679,neighbor,518880.SH,501018.SH
rolling_hill_climb,2025,2026,78,159206.SZ|159509.SZ|159980.SZ|159981.SZ|159985.SZ|510500.SH|512890.SH|513030.SH|513120.SH|513290.SH|513730.SH|513750.SH|518880.SH,2.056128371039494,0.7700255446396679,neighbor,161226.SZ,159980.SZ
rolling_hill_climb,2025,2026,79,159206.SZ|159509.SZ|159915.SZ|159981.SZ|159985.SZ|161226.SZ|510500.SH|513030.SH|513120.SH|513290.SH|513730.SH|513750.SH|518880.SH,2.6293004961765893,0.9160599717887877,neighbor,512890.SH,159915.SZ
rolling_hill_climb,2025,2026,80,159206.SZ|159509.SZ|159949.SZ|159981.SZ|159985.SZ|161226.SZ|512890.SH|513030.SH|513120.SH|513290.SH|513730.SH|513750.SH|518880.SH,2.629485756944627,0.7700255446396679,neighbor,510500.SH,159949.SZ
rolling_hill_climb,2025,2026,81,159206.SZ|159509.SZ|159981.SZ|159985.SZ|160644.SZ|161226.SZ|510500.SH|512890.SH|513120.SH|513290.SH|513730.SH|513750.SH|518880.SH,2.450275142467689,0.7700255446396679,neighbor,513030.SH,160644.SZ
rolling_hill_climb,2025,2026,82,159206.SZ|159509.SZ|159920.SZ|159981.SZ|159985.SZ|161226.SZ|510500.SH|512890.SH|513030.SH|513290.SH|513730.SH|513750.SH|518880.SH,2.498361670114637,0.8342956687363152,neighbor,513120.SH,159920.SZ
rolling_hill_climb,2025,2026,83,159206.SZ|159509.SZ|159981.SZ|159985.SZ|161226.SZ|510500.SH|512890.SH|513120.SH|513290.SH|513730.SH|513750.SH|513880.SH|518880.SH,2.2895705927630905,0.7700255446396679,neighbor,513030.SH,513880.SH
rolling_hill_climb,2025,2026,84,159206.SZ|159509.SZ|159949.SZ|159981.SZ|159985.SZ|161226.SZ|510500.SH|513030.SH|513120.SH|513290.SH|513730.SH|513750.SH|518880.SH,2.617983094700156,0.8851812860555432,neighbor,512890.SH,159949.SZ
rolling_hill_climb,2025,2026,85,159206.SZ|159509.SZ|159870.SZ|159981.SZ|159985.SZ|161226.SZ|512890.SH|513030.SH|513120.SH|513290.SH|513730.SH|513750.SH|518880.SH,2.371700838262713,0.7700255446396679,neighbor,510500.SH,159870.SZ
rolling_hill_climb,2025,2026,86,159206.SZ|159509.SZ|159981.SZ|159985.SZ|161226.SZ|512200.SH|512890.SH|513030.SH|513120.SH|513290.SH|513730.SH|513750.SH|518880.SH,2.514901836380706,0.7700255446396679,neighbor,510500.SH,512200.SH
rolling_hill_climb,2025,2026,87,159206.SZ|159329.SZ|159509.SZ|159981.SZ|159985.SZ|161226.SZ|510500.SH|512890.SH|513030.SH|513120.SH|513290.SH|513750.SH|518880.SH,2.686024532119493,0.7459287489465269,neighbor,513730.SH,159329.SZ
rolling_hill_climb,2025,2026,88,159206.SZ|159509.SZ|159518.SZ|159981.SZ|159985.SZ|161226.SZ|510500.SH|512890.SH|513030.SH|513120.SH|513290.SH|513750.SH|518880.SH,2.5288841104888435,0.7459287489465269,neighbor,513730.SH,159518.SZ
rolling_hill_climb,2025,2026,89,159206.SZ|159509.SZ|159851.SZ|159981.SZ|159985.SZ|161226.SZ|510500.SH|513030.SH|513120.SH|513290.SH|513730.SH|513750.SH|518880.SH,2.639705141196094,0.7877623860751904,neighbor,512890.SH,159851.SZ
rolling_hill_climb,2025,2026,90,159209.SZ|159509.SZ|159981.SZ|159985.SZ|161226.SZ|510500.SH|512890.SH|513030.SH|513120.SH|513290.SH|513730.SH|513750.SH|518880.SH,2.451745813209316,0.8100157343830297,neighbor,159206.SZ,159209.SZ
rolling_hill_climb,2025,2026,91,159201.SZ|159206.SZ|159509.SZ|159981.SZ|159985.SZ|161226.SZ|510500.SH|513030.SH|513120.SH|513290.SH|513730.SH|513750.SH|518880.SH,2.2781745094144874,0.8043257441990549,neighbor,512890.SH,159201.SZ
rolling_hill_climb,2025,2026,92,159206.SZ|159509.SZ|159529.SZ|159981.SZ|159985.SZ|161226.SZ|510500.SH|512890.SH|513030.SH|513120.SH|513290.SH|513750.SH|518880.SH,2.727748351076264,0.7459287489465269,neighbor,513730.SH,159529.SZ
rolling_hill_climb,2025,2026,93,159206.SZ|159509.SZ|159796.SZ|159981.SZ|159985.SZ|161226.SZ|510500.SH|513030.SH|513120.SH|513290.SH|513730.SH|513750.SH|518880.SH,2.8176480122087986,0.7707026304495602,neighbor,512890.SH,159796.SZ
rolling_hill_climb,2025,2026,94,159206.SZ|159329.SZ|159981.SZ|159985.SZ|161226.SZ|510500.SH|512890.SH|513030.SH|513120.SH|513290.SH|513730.SH|513750.SH|518880.SH,2.7888157287002664,0.7459287489465269,neighbor,159509.SZ,159329.SZ
rolling_hill_climb,2025,2026,95,159206.SZ|159509.SZ|159981.SZ|159985.SZ|161226.SZ|510500.SH|512890.SH|513030.SH|513120.SH|513290.SH|513750.SH|513880.SH|518880.SH,2.466996401622546,0.7459287489465269,neighbor,513730.SH,513880.SH
rolling_hill_climb,2025,2026,96,159206.SZ|159509.SZ|159981.SZ|159985.SZ|161226.SZ|510500.SH|512890.SH|513030.SH|513070.SH|513290.SH|513730.SH|513750.SH|518880.SH,2.5329889760587982,0.7700255446396679,neighbor,513120.SH,513070.SH
rolling_hill_climb,2025,2026,97,159206.SZ|159509.SZ|159928.SZ|159981.SZ|159985.SZ|161226.SZ|510500.SH|513030.SH|513120.SH|513290.SH|513730.SH|513750.SH|518880.SH,2.7628207378571856,0.7700255446396679,neighbor,512890.SH,159928.SZ
rolling_hill_climb,2025,2026,98,159206.SZ|159981.SZ|159985.SZ|161226.SZ|164824.SZ|510500.SH|512890.SH|513030.SH|513120.SH|513290.SH|513730.SH|513750.SH|518880.SH,2.451434148577976,0.7459287489465269,neighbor,159509.SZ,164824.SZ
rolling_hill_climb,2025,2026,99,159206.SZ|159509.SZ|159985.SZ|161226.SZ|501018.SH|510500.SH|512890.SH|513030.SH|513120.SH|513290.SH|513730.SH|513750.SH|518880.SH,2.737731908814303,0.7700255446396679,neighbor,159981.SZ,501018.SH
rolling_hill_climb,2025,2026,100,159206.SZ|159509.SZ|159981.SZ|159985.SZ|161226.SZ|510500.SH|512890.SH|513030.SH|513120.SH|513180.SH|513290.SH|513730.SH|518880.SH,2.5115263640042613,0.7700255446396679,neighbor,513750.SH,513180.SH
