method,training_year,holding_year,evaluation,codes,sharpe,maximum_within_group_correlation,phase,generation
rolling_cross_entropy,2021,2022,1,159920.SZ|159981.SZ|161226.SZ|501018.SH|510180.SH|512040.SH|512200.SH|513080.SH|513100.SH|513180.SH|513500.SH|513880.SH|518880.SH,-0.2127624586380166,0.910284859375849,cross_entropy,0
rolling_cross_entropy,2021,2022,2,159870.SZ|159920.SZ|159980.SZ|159981.SZ|159985.SZ|164824.SZ|501018.SH|510210.SH|510880.SH|513030.SH|513100.SH|513180.SH|513880.SH,0.5012313791174074,0.910284859375849,cross_entropy,0
rolling_cross_entropy,2021,2022,3,159869.SZ|159920.SZ|159980.SZ|159981.SZ|160644.SZ|161226.SZ|164824.SZ|510500.SH|513030.SH|513080.SH|513180.SH|518880.SH|588000.SH,0.195090621437151,0.910284859375849,cross_entropy,0
rolling_cross_entropy,2021,2022,4,159920.SZ|159928.SZ|159981.SZ|159985.SZ|160644.SZ|161226.SZ|510880.SH|512040.SH|513080.SH|513100.SH|513180.SH|513880.SH|518880.SH,-0.3615575236835904,0.910284859375849,cross_entropy,0
rolling_cross_entropy,2021,2022,5,159851.SZ|159901.SZ|159920.SZ|159980.SZ|159985.SZ|160644.SZ|161226.SZ|512170.SH|513080.SH|513100.SH|513180.SH|513500.SH|518880.SH,-0.7547840161259228,0.910284859375849,cross_entropy,0
rolling_cross_entropy,2021,2022,6,159920.SZ|159981.SZ|159985.SZ|160644.SZ|161226.SZ|512040.SH|512170.SH|512200.SH|513030.SH|513080.SH|513100.SH|513180.SH|518880.SH,-0.10446213205269889,0.910284859375849,cross_entropy,0
rolling_cross_entropy,2021,2022,7,159920.SZ|159980.SZ|159981.SZ|159985.SZ|160644.SZ|501018.SH|512040.SH|512880.SH|512980.SH|513030.SH|513080.SH|513100.SH|513180.SH,1.2378187856235958,0.910284859375849,cross_entropy,0
rolling_cross_entropy,2021,2022,8,159920.SZ|159980.SZ|159981.SZ|160644.SZ|161226.SZ|510500.SH|512100.SH|512400.SH|513030.SH|513080.SH|513100.SH|513180.SH|518880.SH,-0.19669990201465376,0.910284859375849,cross_entropy,0
rolling_cross_entropy,2021,2022,9,159852.SZ|159920.SZ|159980.SZ|159985.SZ|160644.SZ|161226.SZ|164824.SZ|501018.SH|512170.SH|513030.SH|513180.SH|513880.SH|515790.SH,0.5244746346807387,0.910284859375849,cross_entropy,0
rolling_cross_entropy,2021,2022,10,159865.SZ|159870.SZ|159901.SZ|159920.SZ|159981.SZ|161226.SZ|164824.SZ|501018.SH|513030.SH|513180.SH|513500.SH|513880.SH|518880.SH,-0.27142357464528416,0.910284859375849,cross_entropy,0
rolling_cross_entropy,2021,2022,11,159825.SZ|159870.SZ|159920.SZ|159980.SZ|159981.SZ|160644.SZ|501018.SH|510300.SH|513080.SH|513100.SH|513180.SH|513880.SH|518880.SH,0.20116116229648145,0.910284859375849,cross_entropy,0
rolling_cross_entropy,2021,2022,12,159852.SZ|159865.SZ|159920.SZ|159981.SZ|159985.SZ|160644.SZ|161226.SZ|512880.SH|513030.SH|513100.SH|513180.SH|513880.SH|518880.SH,-0.0798460741380383,0.910284859375849,cross_entropy,0
rolling_cross_entropy,2021,2022,13,159920.SZ|159980.SZ|160644.SZ|161226.SZ|501018.SH|510880.SH|512400.SH|513030.SH|513180.SH|513500.SH|513880.SH|515210.SH|518880.SH,0.19440421762961171,0.910284859375849,cross_entropy,0
rolling_cross_entropy,2021,2022,14,159865.SZ|159920.SZ|159980.SZ|159981.SZ|159985.SZ|164824.SZ|512660.SH|512880.SH|513030.SH|513080.SH|513180.SH|513500.SH|518880.SH,0.5679876251870747,0.910284859375849,cross_entropy,0
rolling_cross_entropy,2021,2022,15,159869.SZ|159920.SZ|159980.SZ|160644.SZ|161226.SZ|164824.SZ|501018.SH|513100.SH|513180.SH|513880.SH|515210.SH|518880.SH|588000.SH,0.959012004364298,0.910284859375849,cross_entropy,0
rolling_cross_entropy,2021,2022,16,159870.SZ|159920.SZ|159980.SZ|160644.SZ|161226.SZ|164824.SZ|501018.SH|512880.SH|512890.SH|513080.SH|513180.SH|513500.SH|518880.SH,0.2076087697425846,0.910284859375849,cross_entropy,0
rolling_cross_entropy,2021,2022,17,159865.SZ|159869.SZ|159920.SZ|159981.SZ|159985.SZ|160644.SZ|161226.SZ|513030.SH|513100.SH|513180.SH|513500.SH|515880.SH|518880.SH,0.07974457111488496,0.910284859375849,cross_entropy,0
rolling_cross_entropy,2021,2022,18,159901.SZ|159920.SZ|159980.SZ|159985.SZ|160644.SZ|161226.SZ|164824.SZ|510880.SH|512890.SH|513030.SH|513080.SH|513180.SH|518880.SH,-0.8237990291469783,0.910284859375849,cross_entropy,0
rolling_cross_entropy,2021,2022,19,159865.SZ|159920.SZ|159980.SZ|159985.SZ|164824.SZ|501018.SH|510180.SH|512980.SH|513030.SH|513080.SH|513180.SH|513880.SH|518880.SH,-0.7103077304161716,0.910284859375849,cross_entropy,0
rolling_cross_entropy,2021,2022,20,159851.SZ|159920.SZ|159980.SZ|159981.SZ|159985.SZ|160644.SZ|161226.SZ|512880.SH|512980.SH|513080.SH|513180.SH|513500.SH|513880.SH,0.792853594256631,0.910284859375849,cross_entropy,0
rolling_cross_entropy,2021,2022,21,159915.SZ|159920.SZ|159980.SZ|159985.SZ|161226.SZ|164824.SZ|510180.SH|512890.SH|513100.SH|513180.SH|513500.SH|513880.SH|518880.SH,-0.28825169777040904,0.910284859375849,cross_entropy,1
rolling_cross_entropy,2021,2022,22,159920.SZ|159981.SZ|159985.SZ|160644.SZ|164824.SZ|501018.SH|512200.SH|512660.SH|513030.SH|513180.SH|513500.SH|515210.SH|518880.SH,0.632371051080037,0.910284859375849,cross_entropy,1
rolling_cross_entropy,2021,2022,23,159869.SZ|159920.SZ|159980.SZ|159981.SZ|160644.SZ|164824.SZ|501018.SH|512200.SH|513080.SH|513100.SH|513180.SH|515790.SH|518880.SH,0.5540297479926515,0.910284859375849,cross_entropy,1
rolling_cross_entropy,2021,2022,24,159852.SZ|159920.SZ|159980.SZ|159981.SZ|159985.SZ|160644.SZ|164824.SZ|501018.SH|512170.SH|512880.SH|513030.SH|513180.SH|513880.SH,1.1078344678331182,0.910284859375849,cross_entropy,1
rolling_cross_entropy,2021,2022,25,159920.SZ|159980.SZ|159985.SZ|160644.SZ|161226.SZ|164824.SZ|510210.SH|512200.SH|513080.SH|513180.SH|513500.SH|515220.SH|518880.SH,-0.351674680661476,0.910284859375849,cross_entropy,1
rolling_cross_entropy,2021,2022,26,159920.SZ|159980.SZ|159981.SZ|160644.SZ|161226.SZ|164824.SZ|501018.SH|512100.SH|512660.SH|513080.SH|513180.SH|513880.SH|515210.SH,0.3735739062165905,0.910284859375849,cross_entropy,1
rolling_cross_entropy,2021,2022,27,159865.SZ|159869.SZ|159920.SZ|159980.SZ|159981.SZ|159985.SZ|164824.SZ|501018.SH|512980.SH|513030.SH|513080.SH|513100.SH|513180.SH,1.287977387865141,0.910284859375849,cross_entropy,1
rolling_cross_entropy,2021,2022,28,159901.SZ|159920.SZ|159980.SZ|159985.SZ|160644.SZ|161226.SZ|164824.SZ|501018.SH|512100.SH|513180.SH|513500.SH|513880.SH|515790.SH,0.5349807857034404,0.910284859375849,cross_entropy,1
rolling_cross_entropy,2021,2022,29,159851.SZ|159920.SZ|159981.SZ|159985.SZ|160644.SZ|161226.SZ|164824.SZ|501018.SH|512400.SH|513100.SH|513180.SH|513500.SH|516150.SH,1.2504733007017956,0.910284859375849,cross_entropy,1
rolling_cross_entropy,2021,2022,30,159851.SZ|159920.SZ|159980.SZ|159981.SZ|160644.SZ|161226.SZ|510050.SH|513100.SH|513180.SH|513500.SH|513880.SH|518880.SH|588000.SH,0.15394110515581372,0.910284859375849,cross_entropy,1
rolling_cross_entropy,2021,2022,31,159852.SZ|159869.SZ|159920.SZ|159980.SZ|159981.SZ|159985.SZ|160644.SZ|513080.SH|513100.SH|513180.SH|513880.SH|515880.SH|518880.SH,0.4765566966502212,0.910284859375849,cross_entropy,1
rolling_cross_entropy,2021,2022,32,159920.SZ|159980.SZ|159985.SZ|161226.SZ|164824.SZ|501018.SH|512040.SH|512200.SH|512980.SH|513030.SH|513080.SH|513180.SH|513500.SH,0.01609063395694205,0.910284859375849,cross_entropy,1
rolling_cross_entropy,2021,2022,33,159920.SZ|159980.SZ|160644.SZ|161226.SZ|501018.SH|512170.SH|512660.SH|513030.SH|513180.SH|513500.SH|513880.SH|518880.SH|588000.SH,0.12561044134295746,0.910284859375849,cross_entropy,1
rolling_cross_entropy,2021,2022,34,159920.SZ|159980.SZ|159981.SZ|159985.SZ|501018.SH|512170.SH|512880.SH|513030.SH|513080.SH|513100.SH|513180.SH|513500.SH|515880.SH,1.3929123546735869,0.910284859375849,cross_entropy,1
rolling_cross_entropy,2021,2022,35,159901.SZ|159920.SZ|159980.SZ|160644.SZ|161226.SZ|164824.SZ|501018.SH|512040.SH|513030.SH|513180.SH|513880.SH|515790.SH|518880.SH,-0.3099557782598981,0.910284859375849,cross_entropy,1
rolling_cross_entropy,2021,2022,36,159920.SZ|159980.SZ|159985.SZ|160644.SZ|161226.SZ|510050.SH|512170.SH|512660.SH|513030.SH|513080.SH|513180.SH|513500.SH|518880.SH,-0.8107129727416746,0.910284859375849,cross_entropy,1
rolling_cross_entropy,2021,2022,37,159920.SZ|159980.SZ|159981.SZ|159985.SZ|164824.SZ|501018.SH|510210.SH|512400.SH|513030.SH|513180.SH|513500.SH|513880.SH|516150.SH,0.5478900518725923,0.910284859375849,cross_entropy,1
rolling_cross_entropy,2021,2022,38,159920.SZ|159980.SZ|159981.SZ|159985.SZ|161226.SZ|164824.SZ|510180.SH|512660.SH|513030.SH|513100.SH|513180.SH|513880.SH|515880.SH,0.331776585387362,0.910284859375849,cross_entropy,1
rolling_cross_entropy,2021,2022,39,159920.SZ|159928.SZ|159980.SZ|160644.SZ|161226.SZ|501018.SH|510300.SH|513080.SH|513180.SH|513500.SH|513880.SH|518880.SH|588000.SH,-0.08073193826689701,0.910284859375849,cross_entropy,1
rolling_cross_entropy,2021,2022,40,159825.SZ|159920.SZ|159949.SZ|159980.SZ|159981.SZ|160644.SZ|161226.SZ|164824.SZ|512880.SH|513180.SH|513500.SH|513880.SH|518880.SH,-0.4436502976295581,0.910284859375849,cross_entropy,1
rolling_cross_entropy,2021,2022,41,159825.SZ|159920.SZ|159980.SZ|159985.SZ|160644.SZ|161226.SZ|164824.SZ|501018.SH|512100.SH|512880.SH|513080.SH|513100.SH|513180.SH,1.000386977854507,0.910284859375849,cross_entropy,2
rolling_cross_entropy,2021,2022,42,159852.SZ|159920.SZ|159980.SZ|159981.SZ|159985.SZ|160644.SZ|164824.SZ|501018.SH|512100.SH|512980.SH|513080.SH|513180.SH|513500.SH,1.0917584072494737,0.910284859375849,cross_entropy,2
rolling_cross_entropy,2021,2022,43,159920.SZ|159980.SZ|159981.SZ|159985.SZ|160644.SZ|501018.SH|512200.SH|512400.SH|513030.SH|513180.SH|513500.SH|513880.SH|515210.SH,0.8866480910614907,0.910284859375849,cross_entropy,2
rolling_cross_entropy,2021,2022,44,159852.SZ|159920.SZ|159980.SZ|159981.SZ|160644.SZ|161226.SZ|512880.SH|513080.SH|513100.SH|513180.SH|513500.SH|515880.SH|518880.SH,0.1567018687970378,0.910284859375849,cross_entropy,2
rolling_cross_entropy,2021,2022,45,159851.SZ|159920.SZ|159980.SZ|159981.SZ|159985.SZ|164824.SZ|501018.SH|510050.SH|512040.SH|513030.SH|513100.SH|513180.SH|513500.SH,1.383336107064005,0.910284859375849,cross_entropy,2
rolling_cross_entropy,2021,2022,46,159920.SZ|159981.SZ|160644.SZ|161226.SZ|501018.SH|512170.SH|512880.SH|513030.SH|513100.SH|513180.SH|513500.SH|516150.SH|518880.SH,0.7923409947510586,0.910284859375849,cross_entropy,2
rolling_cross_entropy,2021,2022,47,159920.SZ|159980.SZ|159985.SZ|501018.SH|512170.SH|512980.SH|513030.SH|513080.SH|513100.SH|513180.SH|513500.SH|515880.SH|518880.SH,-0.09289283802030715,0.910284859375849,cross_entropy,2
rolling_cross_entropy,2021,2022,48,159920.SZ|159980.SZ|159981.SZ|160644.SZ|161226.SZ|164824.SZ|501018.SH|512170.SH|512200.SH|513030.SH|513080.SH|513180.SH|515220.SH,0.27374393065330177,0.910284859375849,cross_entropy,2
rolling_cross_entropy,2021,2022,49,159920.SZ|159980.SZ|159981.SZ|159985.SZ|160644.SZ|512170.SH|513030.SH|513080.SH|513100.SH|513180.SH|515210.SH|515880.SH|518880.SH,0.38335362258583366,0.910284859375849,cross_entropy,2
rolling_cross_entropy,2021,2022,50,159920.SZ|159980.SZ|159981.SZ|159985.SZ|160644.SZ|501018.SH|512200.SH|513030.SH|513080.SH|513180.SH|513500.SH|516150.SH|588000.SH,1.2798704484922145,0.910284859375849,cross_entropy,2
rolling_cross_entropy,2021,2022,51,159920.SZ|159980.SZ|159981.SZ|159985.SZ|160644.SZ|164824.SZ|501018.SH|512170.SH|512880.SH|513030.SH|513180.SH|513500.SH|516150.SH,1.2568825893418871,0.910284859375849,cross_entropy,2
rolling_cross_entropy,2021,2022,52,159851.SZ|159920.SZ|159980.SZ|159985.SZ|160644.SZ|501018.SH|512880.SH|512890.SH|513030.SH|513080.SH|513180.SH|513500.SH|518880.SH,0.5414803120208277,0.910284859375849,cross_entropy,2
rolling_cross_entropy,2021,2022,53,159851.SZ|159920.SZ|159985.SZ|160644.SZ|161226.SZ|164824.SZ|501018.SH|512170.SH|513100.SH|513180.SH|513500.SH|518880.SH|588000.SH,0.401972770880239,0.910284859375849,cross_entropy,2
rolling_cross_entropy,2021,2022,54,159852.SZ|159920.SZ|159981.SZ|159985.SZ|161226.SZ|164824.SZ|501018.SH|512170.SH|513080.SH|513100.SH|513180.SH|513500.SH|588000.SH,1.1767723590597379,0.910284859375849,cross_entropy,2
rolling_cross_entropy,2021,2022,55,159920.SZ|159967.SZ|159980.SZ|159985.SZ|160644.SZ|161226.SZ|164824.SZ|501018.SH|510880.SH|512170.SH|513030.SH|513080.SH|513180.SH,0.36926329233389005,0.910284859375849,cross_entropy,2
rolling_cross_entropy,2021,2022,56,159915.SZ|159920.SZ|159981.SZ|159985.SZ|160644.SZ|501018.SH|512980.SH|513030.SH|513080.SH|513180.SH|513500.SH|515880.SH|518880.SH,0.22538512799768093,0.910284859375849,cross_entropy,2
rolling_cross_entropy,2021,2022,57,159920.SZ|159980.SZ|159981.SZ|159985.SZ|161226.SZ|164824.SZ|512170.SH|512200.SH|513100.SH|513180.SH|513500.SH|513880.SH|515880.SH,0.1372063517854893,0.910284859375849,cross_entropy,2
rolling_cross_entropy,2021,2022,58,159852.SZ|159865.SZ|159920.SZ|159928.SZ|159980.SZ|159981.SZ|160644.SZ|161226.SZ|164824.SZ|501018.SH|513030.SH|513180.SH|513500.SH,0.5542815931310737,0.910284859375849,cross_entropy,2
rolling_cross_entropy,2021,2022,59,159869.SZ|159920.SZ|159980.SZ|159985.SZ|160644.SZ|161226.SZ|164824.SZ|501018.SH|510880.SH|513100.SH|513180.SH|513500.SH|516150.SH,1.361926272525291,0.910284859375849,cross_entropy,2
rolling_cross_entropy,2021,2022,60,159852.SZ|159920.SZ|159980.SZ|159981.SZ|159985.SZ|160644.SZ|513080.SH|513180.SH|513500.SH|513880.SH|515210.SH|515790.SH|518880.SH,0.13674368569070672,0.910284859375849,cross_entropy,2
rolling_cross_entropy,2021,2022,61,159851.SZ|159852.SZ|159920.SZ|159980.SZ|159981.SZ|159985.SZ|160644.SZ|501018.SH|512200.SH|513030.SH|513080.SH|513100.SH|513180.SH,1.3394109421953073,0.910284859375849,cross_entropy,3
rolling_cross_entropy,2021,2022,62,159920.SZ|159980.SZ|159981.SZ|159985.SZ|160644.SZ|164824.SZ|501018.SH|512170.SH|512880.SH|513030.SH|513100.SH|513180.SH|516150.SH,1.30703753820991,0.910284859375849,cross_entropy,3
rolling_cross_entropy,2021,2022,63,159920.SZ|159980.SZ|159981.SZ|159985.SZ|160644.SZ|164824.SZ|501018.SH|512200.SH|512660.SH|513100.SH|513180.SH|513500.SH|588000.SH,1.6502894016176974,0.910284859375849,cross_entropy,3
rolling_cross_entropy,2021,2022,64,159920.SZ|159981.SZ|159985.SZ|161226.SZ|164824.SZ|501018.SH|512040.SH|512880.SH|512890.SH|513080.SH|513100.SH|513180.SH|513500.SH,1.1094314017341242,0.910284859375849,cross_entropy,3
rolling_cross_entropy,2021,2022,65,159920.SZ|159980.SZ|159985.SZ|160644.SZ|161226.SZ|164824.SZ|501018.SH|512200.SH|512880.SH|513030.SH|513080.SH|513180.SH|516150.SH,0.24803077928361575,0.910284859375849,cross_entropy,3
rolling_cross_entropy,2021,2022,66,159852.SZ|159920.SZ|159981.SZ|159985.SZ|160644.SZ|161226.SZ|164824.SZ|501018.SH|513030.SH|513180.SH|513500.SH|516150.SH|588000.SH,0.8236583407634707,0.910284859375849,cross_entropy,3
rolling_cross_entropy,2021,2022,67,159865.SZ|159920.SZ|159980.SZ|159981.SZ|161226.SZ|164824.SZ|501018.SH|512170.SH|512400.SH|513030.SH|513080.SH|513180.SH|513500.SH,0.5579066134605203,0.910284859375849,cross_entropy,3
rolling_cross_entropy,2021,2022,68,159870.SZ|159920.SZ|159980.SZ|159985.SZ|161226.SZ|164824.SZ|501018.SH|512200.SH|512880.SH|513030.SH|513180.SH|513500.SH|513880.SH,-0.15043892831017563,0.910284859375849,cross_entropy,3
rolling_cross_entropy,2021,2022,69,159852.SZ|159920.SZ|159980.SZ|159981.SZ|159985.SZ|161226.SZ|164824.SZ|512170.SH|513030.SH|513100.SH|513180.SH|513500.SH|516150.SH,0.02785404410710272,0.910284859375849,cross_entropy,3
rolling_cross_entropy,2021,2022,70,159920.SZ|159980.SZ|159981.SZ|159985.SZ|160644.SZ|164824.SZ|501018.SH|510180.SH|512200.SH|513100.SH|513180.SH|513500.SH|588000.SH,1.39258263281144,0.910284859375849,cross_entropy,3
rolling_cross_entropy,2021,2022,71,159851.SZ|159920.SZ|159980.SZ|159981.SZ|161226.SZ|164824.SZ|501018.SH|512170.SH|513030.SH|513080.SH|513100.SH|513180.SH|515220.SH,0.833473428319921,0.910284859375849,cross_entropy,3
rolling_cross_entropy,2021,2022,72,159920.SZ|159980.SZ|159981.SZ|159985.SZ|161226.SZ|164824.SZ|512170.SH|512800.SH|512880.SH|513030.SH|513100.SH|513180.SH|513500.SH,0.15330668988241597,0.910284859375849,cross_entropy,3
rolling_cross_entropy,2021,2022,73,159920.SZ|159980.SZ|159981.SZ|159985.SZ|160644.SZ|164824.SZ|501018.SH|510050.SH|512880.SH|513080.SH|513180.SH|513500.SH|515790.SH,1.2874261060840286,0.910284859375849,cross_entropy,3
rolling_cross_entropy,2021,2022,74,159920.SZ|159981.SZ|159985.SZ|161226.SZ|164824.SZ|512660.SH|513030.SH|513100.SH|513180.SH|513500.SH|515210.SH|518880.SH|588000.SH,-0.28199370295999865,0.910284859375849,cross_entropy,3
rolling_cross_entropy,2021,2022,75,159869.SZ|159920.SZ|159980.SZ|159981.SZ|159985.SZ|160644.SZ|164824.SZ|512170.SH|513100.SH|513180.SH|513500.SH|518880.SH|588000.SH,0.25881846945792963,0.910284859375849,cross_entropy,3
rolling_cross_entropy,2021,2022,76,159920.SZ|159980.SZ|159981.SZ|159985.SZ|160644.SZ|501018.SH|512400.SH|513080.SH|513100.SH|513180.SH|513500.SH|515880.SH|516150.SH,1.2861133602208146,0.910284859375849,cross_entropy,3
rolling_cross_entropy,2021,2022,77,159851.SZ|159920.SZ|159928.SZ|159980.SZ|159985.SZ|161226.SZ|164824.SZ|501018.SH|512170.SH|513080.SH|513100.SH|513180.SH|513500.SH,0.6299605896173466,0.910284859375849,cross_entropy,3
rolling_cross_entropy,2021,2022,78,159920.SZ|159980.SZ|159985.SZ|161226.SZ|164824.SZ|501018.SH|510880.SH|512040.SH|513030.SH|513080.SH|513180.SH|513500.SH|515220.SH,0.7573570677229083,0.910284859375849,cross_entropy,3
rolling_cross_entropy,2021,2022,79,159851.SZ|159920.SZ|159980.SZ|159981.SZ|160644.SZ|161226.SZ|501018.SH|512170.SH|513100.SH|513180.SH|513500.SH|513880.SH|588000.SH,1.2506109892018986,0.910284859375849,cross_entropy,3
rolling_cross_entropy,2021,2022,80,159920.SZ|159928.SZ|159980.SZ|159981.SZ|159985.SZ|160644.SZ|164824.SZ|501018.SH|512200.SH|513100.SH|513180.SH|513500.SH|516150.SH,0.8825742368788817,0.910284859375849,cross_entropy,3
rolling_cross_entropy,2021,2022,81,159920.SZ|159949.SZ|159980.SZ|159981.SZ|159985.SZ|160644.SZ|501018.SH|512660.SH|513100.SH|513180.SH|513500.SH|513880.SH|516150.SH,1.1240153316914199,0.910284859375849,cross_entropy,4
rolling_cross_entropy,2021,2022,82,159920.SZ|159967.SZ|159980.SZ|159981.SZ|160644.SZ|501018.SH|512100.SH|513030.SH|513100.SH|513180.SH|513500.SH|518880.SH|588000.SH,0.8213883676826687,0.910284859375849,cross_entropy,4
rolling_cross_entropy,2021,2022,83,159920.SZ|159980.SZ|159981.SZ|159985.SZ|160644.SZ|164824.SZ|501018.SH|512200.SH|513080.SH|513100.SH|513180.SH|516150.SH|588000.SH,1.3267730953783818,0.910284859375849,cross_entropy,4
rolling_cross_entropy,2021,2022,84,159920.SZ|159980.SZ|159981.SZ|159985.SZ|160644.SZ|501018.SH|512200.SH|512880.SH|513030.SH|513100.SH|513180.SH|513500.SH|588000.SH,1.2581356266584316,0.910284859375849,cross_entropy,4
rolling_cross_entropy,2021,2022,85,159920.SZ|159980.SZ|159981.SZ|159985.SZ|160644.SZ|164824.SZ|501018.SH|512880.SH|513100.SH|513180.SH|513500.SH|515210.SH|516150.SH,1.251174076853937,0.910284859375849,cross_entropy,4
rolling_cross_entropy,2021,2022,86,159920.SZ|159980.SZ|159981.SZ|159985.SZ|160644.SZ|501018.SH|512170.SH|513080.SH|513100.SH|513180.SH|513500.SH|516150.SH|588000.SH,1.3609006893778919,0.910284859375849,cross_entropy,4
rolling_cross_entropy,2021,2022,87,159851.SZ|159869.SZ|159920.SZ|159980.SZ|159981.SZ|159985.SZ|160644.SZ|164824.SZ|501018.SH|513030.SH|513100.SH|513180.SH|515210.SH,1.9430413310562702,0.910284859375849,cross_entropy,4
rolling_cross_entropy,2021,2022,88,159920.SZ|159980.SZ|159981.SZ|159985.SZ|160644.SZ|164824.SZ|501018.SH|510210.SH|510300.SH|513100.SH|513180.SH|513500.SH|588000.SH,1.369225160429478,0.910284859375849,cross_entropy,4
rolling_cross_entropy,2021,2022,89,159825.SZ|159920.SZ|159980.SZ|159981.SZ|159985.SZ|164824.SZ|501018.SH|510050.SH|512170.SH|513030.SH|513100.SH|513180.SH|513500.SH,0.8667305114556202,0.910284859375849,cross_entropy,4
rolling_cross_entropy,2021,2022,90,159920.SZ|159980.SZ|159981.SZ|159985.SZ|160644.SZ|501018.SH|510180.SH|512890.SH|513080.SH|513100.SH|513180.SH|513500.SH|516150.SH,1.0933083373536874,0.910284859375849,cross_entropy,4
rolling_cross_entropy,2021,2022,91,159920.SZ|159980.SZ|159981.SZ|159985.SZ|160644.SZ|164824.SZ|501018.SH|512170.SH|513030.SH|513180.SH|513500.SH|515790.SH|516150.SH,0.8643449788122933,0.910284859375849,cross_entropy,4
rolling_cross_entropy,2021,2022,92,159920.SZ|159981.SZ|159985.SZ|160644.SZ|161226.SZ|164824.SZ|501018.SH|510210.SH|512200.SH|512980.SH|513080.SH|513100.SH|513180.SH,0.7904156190660339,0.910284859375849,cross_entropy,4
rolling_cross_entropy,2021,2022,93,159920.SZ|159980.SZ|159981.SZ|159985.SZ|160644.SZ|501018.SH|510180.SH|512170.SH|513080.SH|513100.SH|513180.SH|513500.SH|588000.SH,1.016537068495857,0.910284859375849,cross_entropy,4
rolling_cross_entropy,2021,2022,94,159852.SZ|159920.SZ|159980.SZ|159981.SZ|159985.SZ|160644.SZ|164824.SZ|501018.SH|512170.SH|512200.SH|513030.SH|513080.SH|513180.SH,0.6001693056075162,0.910284859375849,cross_entropy,4
rolling_cross_entropy,2021,2022,95,159825.SZ|159920.SZ|159980.SZ|159981.SZ|159985.SZ|160644.SZ|164824.SZ|510180.SH|512200.SH|513100.SH|513180.SH|513500.SH|518880.SH,0.22079760021756253,0.910284859375849,cross_entropy,4
rolling_cross_entropy,2021,2022,96,159915.SZ|159920.SZ|159980.SZ|159981.SZ|159985.SZ|160644.SZ|501018.SH|512200.SH|513030.SH|513100.SH|513180.SH|513500.SH|515790.SH,1.1206779089702272,0.910284859375849,cross_entropy,4
rolling_cross_entropy,2021,2022,97,159920.SZ|159980.SZ|159981.SZ|159985.SZ|160644.SZ|161226.SZ|164824.SZ|512880.SH|513100.SH|513180.SH|513500.SH|516150.SH|588000.SH,0.7851419173314595,0.910284859375849,cross_entropy,4
rolling_cross_entropy,2021,2022,98,159920.SZ|159928.SZ|159981.SZ|159985.SZ|160644.SZ|161226.SZ|164824.SZ|501018.SH|510880.SH|512880.SH|513080.SH|513100.SH|513180.SH,0.7962502565474094,0.910284859375849,cross_entropy,4
rolling_cross_entropy,2021,2022,99,159865.SZ|159920.SZ|159980.SZ|159981.SZ|159985.SZ|160644.SZ|164824.SZ|501018.SH|510050.SH|513100.SH|513180.SH|513500.SH|515790.SH,1.1440063065727766,0.910284859375849,cross_entropy,4
rolling_cross_entropy,2021,2022,100,159920.SZ|159980.SZ|159981.SZ|159985.SZ|160644.SZ|501018.SH|510180.SH|512170.SH|512200.SH|513030.SH|513080.SH|513100.SH|513180.SH,0.5146766092868286,0.910284859375849,cross_entropy,4
rolling_cross_entropy,2022,2023,1,159920.SZ|159928.SZ|159985.SZ|160644.SZ|161226.SZ|501018.SH|512100.SH|513070.SH|513080.SH|513500.SH|513880.SH|515880.SH|518880.SH,-0.11240478497678885,0.9184217642745492,cross_entropy,0
rolling_cross_entropy,2022,2023,2,159920.SZ|159980.SZ|159981.SZ|160644.SZ|161226.SZ|164824.SZ|510050.SH|510880.SH|513030.SH|513070.SH|513500.SH|515210.SH|518880.SH,-0.4882831568879987,0.9184217642745492,cross_entropy,0
rolling_cross_entropy,2022,2023,3,159852.SZ|159865.SZ|159920.SZ|159980.SZ|159981.SZ|164824.SZ|501018.SH|512400.SH|513030.SH|513070.SH|513500.SH|513880.SH|518880.SH,-0.19440270826585723,0.9184217642745492,cross_entropy,0
rolling_cross_entropy,2022,2023,4,159920.SZ|159980.SZ|159985.SZ|160644.SZ|161226.SZ|164824.SZ|512200.SH|512880.SH|513070.SH|513080.SH|513100.SH|515210.SH|518880.SH,0.03611431172108599,0.9184217642745492,cross_entropy,0
rolling_cross_entropy,2022,2023,5,159865.SZ|159920.SZ|159949.SZ|159981.SZ|160644.SZ|161226.SZ|164824.SZ|501018.SH|510180.SH|513070.SH|513080.SH|513100.SH|518880.SH,0.05312500936690087,0.9184217642745492,cross_entropy,0
rolling_cross_entropy,2022,2023,6,159920.SZ|159949.SZ|159980.SZ|159981.SZ|160644.SZ|161226.SZ|164824.SZ|501018.SH|513030.SH|513070.SH|513500.SH|515220.SH|562500.SH,0.09628418276191869,0.9184217642745492,cross_entropy,0
rolling_cross_entropy,2022,2023,7,159920.SZ|159980.SZ|159981.SZ|159985.SZ|160644.SZ|164824.SZ|510210.SH|510500.SH|512880.SH|513070.SH|513500.SH|513880.SH|518880.SH,0.06814798601153275,0.9184217642745492,cross_entropy,0
rolling_cross_entropy,2022,2023,8,159766.SZ|159901.SZ|159920.SZ|159981.SZ|160644.SZ|161226.SZ|501018.SH|512100.SH|513030.SH|513070.SH|513500.SH|513880.SH|518880.SH,-0.6912838404383744,0.9184217642745492,cross_entropy,0
rolling_cross_entropy,2022,2023,9,159865.SZ|159920.SZ|159980.SZ|159981.SZ|160644.SZ|161226.SZ|501018.SH|510500.SH|513030.SH|513070.SH|513100.SH|513880.SH|516150.SH,-0.3747454644520811,0.9184217642745492,cross_entropy,0
rolling_cross_entropy,2022,2023,10,159915.SZ|159920.SZ|159981.SZ|159985.SZ|160644.SZ|164824.SZ|501018.SH|510050.SH|513030.SH|513070.SH|513880.SH|516150.SH|518880.SH,0.07667384975471073,0.9184217642745492,cross_entropy,0
rolling_cross_entropy,2022,2023,11,159920.SZ|159928.SZ|159980.SZ|159981.SZ|159985.SZ|160644.SZ|164824.SZ|510180.SH|512660.SH|513070.SH|513080.SH|513500.SH|518880.SH,0.16589170140756102,0.9184217642745492,cross_entropy,0
rolling_cross_entropy,2022,2023,12,159766.SZ|159865.SZ|159920.SZ|159981.SZ|159985.SZ|160644.SZ|161226.SZ|164824.SZ|510500.SH|513070.SH|513100.SH|513880.SH|518880.SH,-0.5490116548192758,0.9184217642745492,cross_entropy,0
rolling_cross_entropy,2022,2023,13,159920.SZ|159949.SZ|159980.SZ|159981.SZ|160644.SZ|164824.SZ|501018.SH|510050.SH|513030.SH|513070.SH|513880.SH|515220.SH|518880.SH,-0.17915503174351605,0.9184217642745492,cross_entropy,0
rolling_cross_entropy,2022,2023,14,159915.SZ|159920.SZ|159980.SZ|159981.SZ|159985.SZ|164824.SZ|501018.SH|510050.SH|512170.SH|513070.SH|513080.SH|513100.SH|513880.SH,0.4698102247517182,0.9184217642745492,cross_entropy,0
rolling_cross_entropy,2022,2023,15,159869.SZ|159920.SZ|159980.SZ|159981.SZ|160644.SZ|161226.SZ|164824.SZ|501018.SH|510180.SH|512200.SH|513070.SH|513080.SH|513500.SH,-0.23559386960125905,0.9184217642745492,cross_entropy,0
rolling_cross_entropy,2022,2023,16,159611.SZ|159920.SZ|159980.SZ|159981.SZ|160644.SZ|161226.SZ|164824.SZ|512100.SH|513030.SH|513070.SH|513100.SH|516150.SH|518880.SH,-0.7116831960134952,0.9184217642745492,cross_entropy,0
rolling_cross_entropy,2022,2023,17,159851.SZ|159915.SZ|159920.SZ|159980.SZ|159981.SZ|160644.SZ|164824.SZ|501018.SH|510180.SH|513070.SH|513100.SH|513880.SH|518880.SH,0.38099741265087533,0.9184217642745492,cross_entropy,0
rolling_cross_entropy,2022,2023,18,159766.SZ|159852.SZ|159920.SZ|159980.SZ|159981.SZ|161226.SZ|164824.SZ|510180.SH|513030.SH|513070.SH|513500.SH|513880.SH|518880.SH,-0.34121926865005753,0.9184217642745492,cross_entropy,0
rolling_cross_entropy,2022,2023,19,159915.SZ|159920.SZ|159980.SZ|159981.SZ|159985.SZ|160644.SZ|164824.SZ|510180.SH|512100.SH|513070.SH|513500.SH|513880.SH|518880.SH,0.42566397621316215,0.9184217642745492,cross_entropy,0
rolling_cross_entropy,2022,2023,20,159611.SZ|159915.SZ|159920.SZ|159980.SZ|159981.SZ|160644.SZ|161226.SZ|164824.SZ|501018.SH|512040.SH|513070.SH|513500.SH|513880.SH,-0.6053852426279739,0.9184217642745492,cross_entropy,0
rolling_cross_entropy,2022,2023,21,159920.SZ|159980.SZ|159981.SZ|160644.SZ|164824.SZ|501018.SH|512170.SH|512890.SH|513070.SH|513080.SH|513100.SH|515210.SH|518880.SH,-0.27707495262361226,0.9184217642745492,cross_entropy,1
rolling_cross_entropy,2022,2023,22,159920.SZ|159980.SZ|159981.SZ|159985.SZ|164824.SZ|512100.SH|512200.SH|512880.SH|513070.SH|513080.SH|513500.SH|513880.SH|518880.SH,0.06346693107660611,0.9184217642745492,cross_entropy,1
rolling_cross_entropy,2022,2023,23,159865.SZ|159920.SZ|159980.SZ|159985.SZ|160644.SZ|161226.SZ|501018.SH|512400.SH|513030.SH|513070.SH|513100.SH|513880.SH|515220.SH,-0.188709811115984,0.9184217642745492,cross_entropy,1
rolling_cross_entropy,2022,2023,24,159920.SZ|159928.SZ|159949.SZ|159980.SZ|159981.SZ|160644.SZ|501018.SH|512040.SH|513030.SH|513070.SH|513500.SH|513880.SH|518880.SH,-0.24325604001011691,0.9184217642745492,cross_entropy,1
rolling_cross_entropy,2022,2023,25,159920.SZ|159980.SZ|159985.SZ|160644.SZ|164824.SZ|501018.SH|512170.SH|512890.SH|513070.SH|513500.SH|513880.SH|518880.SH|588000.SH,0.28949573210331964,0.9184217642745492,cross_entropy,1
rolling_cross_entropy,2022,2023,26,159825.SZ|159920.SZ|159981.SZ|160644.SZ|161226.SZ|164824.SZ|501018.SH|510050.SH|512400.SH|513070.SH|513500.SH|513880.SH|518880.SH,-0.5032457958632979,0.9184217642745492,cross_entropy,1
rolling_cross_entropy,2022,2023,27,159611.SZ|159766.SZ|159920.SZ|159981.SZ|159985.SZ|160644.SZ|161226.SZ|164824.SZ|510050.SH|513030.SH|513070.SH|513500.SH|518880.SH,-0.3850979057466776,0.9184217642745492,cross_entropy,1
rolling_cross_entropy,2022,2023,28,159869.SZ|159915.SZ|159920.SZ|159980.SZ|159981.SZ|160644.SZ|161226.SZ|164824.SZ|501018.SH|510050.SH|513070.SH|513100.SH|513880.SH,0.023520925276200987,0.9184217642745492,cross_entropy,1
rolling_cross_entropy,2022,2023,29,159915.SZ|159920.SZ|159980.SZ|159981.SZ|160644.SZ|161226.SZ|513070.SH|513080.SH|513100.SH|513880.SH|515220.SH|518880.SH|562500.SH,-0.2397299999189578,0.9184217642745492,cross_entropy,1
rolling_cross_entropy,2022,2023,30,159796.SZ|159920.SZ|159967.SZ|159980.SZ|159985.SZ|160644.SZ|164824.SZ|501018.SH|513070.SH|513500.SH|513880.SH|518880.SH|562500.SH,0.9710126912774981,0.9184217642745492,cross_entropy,1
rolling_cross_entropy,2022,2023,31,159852.SZ|159920.SZ|159980.SZ|159981.SZ|160644.SZ|161226.SZ|164824.SZ|501018.SH|510210.SH|512800.SH|513070.SH|513500.SH|513880.SH,-0.26124316311478396,0.9184217642745492,cross_entropy,1
rolling_cross_entropy,2022,2023,32,159869.SZ|159920.SZ|159980.SZ|159981.SZ|159985.SZ|160644.SZ|164824.SZ|512170.SH|512660.SH|513030.SH|513070.SH|513880.SH|518880.SH,-0.23572222926986638,0.9184217642745492,cross_entropy,1
rolling_cross_entropy,2022,2023,33,159851.SZ|159865.SZ|159920.SZ|159928.SZ|159980.SZ|159981.SZ|159985.SZ|160644.SZ|501018.SH|513030.SH|513070.SH|513500.SH|513880.SH,0.03487939953352523,0.9184217642745492,cross_entropy,1
rolling_cross_entropy,2022,2023,34,159611.SZ|159920.SZ|159949.SZ|159980.SZ|159981.SZ|160644.SZ|164824.SZ|501018.SH|512040.SH|513030.SH|513070.SH|513880.SH|518880.SH,-0.7347906849922641,0.9184217642745492,cross_entropy,1
rolling_cross_entropy,2022,2023,35,159920.SZ|159980.SZ|159981.SZ|159985.SZ|160644.SZ|164824.SZ|510050.SH|512660.SH|513030.SH|513070.SH|513880.SH|515220.SH|518880.SH,-0.08820276168203775,0.9184217642745492,cross_entropy,1
rolling_cross_entropy,2022,2023,36,159611.SZ|159851.SZ|159920.SZ|159980.SZ|161226.SZ|164824.SZ|501018.SH|513030.SH|513070.SH|513500.SH|513880.SH|515880.SH|518880.SH,-0.46870468046883806,0.9184217642745492,cross_entropy,1
rolling_cross_entropy,2022,2023,37,159915.SZ|159920.SZ|159981.SZ|159985.SZ|164824.SZ|501018.SH|510210.SH|513070.SH|513080.SH|513500.SH|513880.SH|515220.SH|518880.SH,0.15235873295012375,0.9184217642745492,cross_entropy,1
rolling_cross_entropy,2022,2023,38,159915.SZ|159920.SZ|159980.SZ|159981.SZ|159985.SZ|160644.SZ|164824.SZ|501018.SH|512400.SH|513070.SH|513080.SH|513880.SH|515220.SH,0.28671675495589977,0.9184217642745492,cross_entropy,1
rolling_cross_entropy,2022,2023,39,159825.SZ|159920.SZ|159980.SZ|159981.SZ|159985.SZ|160644.SZ|164824.SZ|510180.SH|512660.SH|513070.SH|513500.SH|513880.SH|518880.SH,-0.11331846154335594,0.9184217642745492,cross_entropy,1
rolling_cross_entropy,2022,2023,40,159796.SZ|159920.SZ|159981.SZ|159985.SZ|160644.SZ|161226.SZ|164824.SZ|501018.SH|510500.SH|513070.SH|513100.SH|513880.SH|588000.SH,-0.19215051618366633,0.9184217642745492,cross_entropy,1
rolling_cross_entropy,2022,2023,41,159796.SZ|159825.SZ|159920.SZ|159980.SZ|159981.SZ|159985.SZ|160644.SZ|164824.SZ|501018.SH|512890.SH|513070.SH|513080.SH|513880.SH,0.10993602125962072,0.9184217642745492,cross_entropy,2
rolling_cross_entropy,2022,2023,42,159869.SZ|159920.SZ|159980.SZ|159981.SZ|160644.SZ|164824.SZ|501018.SH|510180.SH|512400.SH|513070.SH|513080.SH|513880.SH|518880.SH,-0.14577345404812708,0.9184217642745492,cross_entropy,2
rolling_cross_entropy,2022,2023,43,159920.SZ|159980.SZ|159981.SZ|159985.SZ|160644.SZ|164824.SZ|501018.SH|512170.SH|512880.SH|513070.SH|513080.SH|513500.SH|516150.SH,0.488963324795772,0.9184217642745492,cross_entropy,2
rolling_cross_entropy,2022,2023,44,159796.SZ|159920.SZ|159949.SZ|159980.SZ|159985.SZ|160644.SZ|501018.SH|512660.SH|513070.SH|513080.SH|513500.SH|513880.SH|518880.SH,0.3163258574462645,0.9184217642745492,cross_entropy,2
rolling_cross_entropy,2022,2023,45,159920.SZ|159967.SZ|159985.SZ|160644.SZ|161226.SZ|164824.SZ|501018.SH|510880.SH|512880.SH|513070.SH|513080.SH|513880.SH|518880.SH,-0.04397307766849219,0.9184217642745492,cross_entropy,2
rolling_cross_entropy,2022,2023,46,159920.SZ|159980.SZ|159985.SZ|160644.SZ|164824.SZ|501018.SH|512100.SH|512880.SH|513070.SH|513080.SH|513500.SH|515220.SH|518880.SH,0.26664015957349746,0.9184217642745492,cross_entropy,2
rolling_cross_entropy,2022,2023,47,159920.SZ|159928.SZ|159980.SZ|159985.SZ|160644.SZ|161226.SZ|164824.SZ|501018.SH|512040.SH|513070.SH|513500.SH|513880.SH|515220.SH,-0.3584016471935948,0.9184217642745492,cross_entropy,2
rolling_cross_entropy,2022,2023,48,159915.SZ|159920.SZ|159980.SZ|159985.SZ|160644.SZ|161226.SZ|164824.SZ|510180.SH|512890.SH|513070.SH|513080.SH|513880.SH|518880.SH,0.013422853793639201,0.9184217642745492,cross_entropy,2
rolling_cross_entropy,2022,2023,49,159920.SZ|159928.SZ|159980.SZ|159981.SZ|160644.SZ|501018.SH|512100.SH|512200.SH|513070.SH|513080.SH|513500.SH|513880.SH|518880.SH,-0.04434565600408609,0.9184217642745492,cross_entropy,2
rolling_cross_entropy,2022,2023,50,159825.SZ|159901.SZ|159920.SZ|159980.SZ|159985.SZ|160644.SZ|501018.SH|512800.SH|513070.SH|513080.SH|513500.SH|513880.SH|518880.SH,-0.2583491066174072,0.9184217642745492,cross_entropy,2
rolling_cross_entropy,2022,2023,51,159920.SZ|159981.SZ|159985.SZ|160644.SZ|161226.SZ|501018.SH|510050.SH|510880.SH|513070.SH|513080.SH|513100.SH|513880.SH|562500.SH,-0.21293686763094727,0.9184217642745492,cross_entropy,2
rolling_cross_entropy,2022,2023,52,159920.SZ|159980.SZ|159981.SZ|159985.SZ|164824.SZ|512100.SH|512890.SH|513070.SH|513080.SH|513500.SH|513880.SH|518880.SH|562500.SH,0.5214174989538007,0.9184217642745492,cross_entropy,2
rolling_cross_entropy,2022,2023,53,159915.SZ|159920.SZ|159981.SZ|159985.SZ|164824.SZ|501018.SH|512200.SH|513070.SH|513080.SH|513500.SH|513880.SH|515220.SH|518880.SH,0.2150713537020869,0.9184217642745492,cross_entropy,2
rolling_cross_entropy,2022,2023,54,159796.SZ|159851.SZ|159920.SZ|159980.SZ|159981.SZ|159985.SZ|164824.SZ|501018.SH|512890.SH|513070.SH|513080.SH|513500.SH|513880.SH,0.4276803565181684,0.9184217642745492,cross_entropy,2
rolling_cross_entropy,2022,2023,55,159611.SZ|159865.SZ|159920.SZ|159980.SZ|159985.SZ|160644.SZ|164824.SZ|501018.SH|512880.SH|513030.SH|513070.SH|513500.SH|518880.SH,-0.019036414329456835,0.9184217642745492,cross_entropy,2
rolling_cross_entropy,2022,2023,56,159920.SZ|159980.SZ|159981.SZ|164824.SZ|501018.SH|512880.SH|513070.SH|513080.SH|513500.SH|513880.SH|518880.SH|562500.SH|588000.SH,0.23906437427428745,0.9184217642745492,cross_entropy,2
rolling_cross_entropy,2022,2023,57,159915.SZ|159920.SZ|159980.SZ|159981.SZ|159985.SZ|160644.SZ|510050.SH|510880.SH|513070.SH|513080.SH|513500.SH|513880.SH|518880.SH,-0.19814720314523074,0.9184217642745492,cross_entropy,2
rolling_cross_entropy,2022,2023,58,159796.SZ|159920.SZ|159980.SZ|159985.SZ|164824.SZ|501018.SH|510180.SH|512890.SH|513070.SH|513080.SH|513500.SH|513880.SH|518880.SH,0.3611075060625215,0.9184217642745492,cross_entropy,2
rolling_cross_entropy,2022,2023,59,159865.SZ|159915.SZ|159920.SZ|159980.SZ|159985.SZ|160644.SZ|164824.SZ|501018.SH|513070.SH|513500.SH|513880.SH|518880.SH|588000.SH,0.46025805478940857,0.9184217642745492,cross_entropy,2
rolling_cross_entropy,2022,2023,60,159920.SZ|159967.SZ|159981.SZ|159985.SZ|160644.SZ|164824.SZ|501018.SH|512400.SH|513070.SH|513080.SH|513500.SH|515220.SH|518880.SH,0.28255789641192836,0.9184217642745492,cross_entropy,2
rolling_cross_entropy,2022,2023,61,159852.SZ|159920.SZ|159980.SZ|159981.SZ|159985.SZ|160644.SZ|164824.SZ|501018.SH|510180.SH|512890.SH|513030.SH|513070.SH|513880.SH,0.45858737440373026,0.9184217642745492,cross_entropy,3
rolling_cross_entropy,2022,2023,62,159851.SZ|159920.SZ|159980.SZ|159981.SZ|159985.SZ|160644.SZ|164824.SZ|512880.SH|513070.SH|513080.SH|513500.SH|518880.SH|588000.SH,0.0596936633442588,0.9184217642745492,cross_entropy,3
rolling_cross_entropy,2022,2023,63,159920.SZ|159980.SZ|159985.SZ|160644.SZ|164824.SZ|501018.SH|510180.SH|512890.SH|513070.SH|513080.SH|513880.SH|518880.SH|562500.SH,0.4201772959367813,0.9184217642745492,cross_entropy,3
rolling_cross_entropy,2022,2023,64,159915.SZ|159920.SZ|159980.SZ|159981.SZ|159985.SZ|160644.SZ|164824.SZ|501018.SH|512400.SH|512890.SH|513070.SH|513080.SH|513880.SH,0.28756447732049606,0.9184217642745492,cross_entropy,3
rolling_cross_entropy,2022,2023,65,159920.SZ|159967.SZ|159980.SZ|159985.SZ|160644.SZ|164824.SZ|501018.SH|512170.SH|513070.SH|513080.SH|513880.SH|518880.SH|588000.SH,0.5981172535423327,0.9184217642745492,cross_entropy,3
rolling_cross_entropy,2022,2023,66,159796.SZ|159920.SZ|159980.SZ|159981.SZ|159985.SZ|164824.SZ|501018.SH|512100.SH|513070.SH|513080.SH|513500.SH|513880.SH|516150.SH,0.44936385658779854,0.9184217642745492,cross_entropy,3
rolling_cross_entropy,2022,2023,67,159796.SZ|159920.SZ|159980.SZ|159981.SZ|160644.SZ|164824.SZ|501018.SH|512400.SH|513070.SH|513500.SH|513880.SH|516150.SH|518880.SH,0.33827295504010485,0.9184217642745492,cross_entropy,3
rolling_cross_entropy,2022,2023,68,159920.SZ|159980.SZ|159981.SZ|159985.SZ|160644.SZ|164824.SZ|501018.SH|512100.SH|512800.SH|513070.SH|513080.SH|513500.SH|516150.SH,0.12397367991672971,0.9184217642745492,cross_entropy,3
rolling_cross_entropy,2022,2023,69,159920.SZ|159980.SZ|159981.SZ|159985.SZ|161226.SZ|164824.SZ|512170.SH|512880.SH|513070.SH|513080.SH|513500.SH|513880.SH|515220.SH,-0.4405741572415833,0.9184217642745492,cross_entropy,3
rolling_cross_entropy,2022,2023,70,159865.SZ|159920.SZ|159981.SZ|159985.SZ|164824.SZ|501018.SH|510050.SH|512170.SH|513070.SH|513080.SH|513500.SH|513880.SH|518880.SH,-0.026899926797703276,0.9184217642745492,cross_entropy,3
rolling_cross_entropy,2022,2023,71,159766.SZ|159851.SZ|159920.SZ|159980.SZ|159981.SZ|159985.SZ|164824.SZ|513070.SH|513080.SH|513500.SH|513880.SH|518880.SH|562500.SH,0.3547517753524187,0.9184217642745492,cross_entropy,3
rolling_cross_entropy,2022,2023,72,159796.SZ|159920.SZ|159980.SZ|159985.SZ|160644.SZ|164824.SZ|501018.SH|512880.SH|513070.SH|513080.SH|513880.SH|515220.SH|518880.SH,0.23669019377112432,0.9184217642745492,cross_entropy,3
rolling_cross_entropy,2022,2023,73,159796.SZ|159920.SZ|159981.SZ|159985.SZ|164824.SZ|501018.SH|510180.SH|512100.SH|513070.SH|513080.SH|513500.SH|513880.SH|518880.SH,0.32780880483898567,0.9184217642745492,cross_entropy,3
rolling_cross_entropy,2022,2023,74,159796.SZ|159851.SZ|159920.SZ|159981.SZ|159985.SZ|160644.SZ|164824.SZ|501018.SH|513070.SH|513500.SH|513880.SH|518880.SH|588000.SH,0.40156472387944747,0.9184217642745492,cross_entropy,3
rolling_cross_entropy,2022,2023,75,159920.SZ|159980.SZ|159981.SZ|164824.SZ|501018.SH|510180.SH|512200.SH|512890.SH|513070.SH|513080.SH|513500.SH|513880.SH|518880.SH,-0.48189707017389805,0.9184217642745492,cross_entropy,3
rolling_cross_entropy,2022,2023,76,159851.SZ|159915.SZ|159920.SZ|159980.SZ|159981.SZ|164824.SZ|501018.SH|513070.SH|513080.SH|513500.SH|513880.SH|515880.SH|518880.SH,0.0636441045145954,0.9184217642745492,cross_entropy,3
rolling_cross_entropy,2022,2023,77,159851.SZ|159920.SZ|159981.SZ|159985.SZ|160644.SZ|164824.SZ|501018.SH|510180.SH|513070.SH|513080.SH|513500.SH|518880.SH|588000.SH,0.21187311358134814,0.9184217642745492,cross_entropy,3
rolling_cross_entropy,2022,2023,78,159796.SZ|159915.SZ|159920.SZ|159980.SZ|159985.SZ|160644.SZ|164824.SZ|501018.SH|512890.SH|513070.SH|513080.SH|513880.SH|518880.SH,0.29208931089219575,0.9184217642745492,cross_entropy,3
rolling_cross_entropy,2022,2023,79,159851.SZ|159915.SZ|159920.SZ|159980.SZ|159985.SZ|160644.SZ|164824.SZ|501018.SH|513070.SH|513080.SH|513880.SH|518880.SH|562500.SH,0.7207210288710715,0.9184217642745492,cross_entropy,3
rolling_cross_entropy,2022,2023,80,159796.SZ|159920.SZ|159980.SZ|159981.SZ|159985.SZ|164824.SZ|510300.SH|513070.SH|513080.SH|513500.SH|513880.SH|516150.SH|518880.SH,0.2996088866459876,0.9184217642745492,cross_entropy,3
rolling_cross_entropy,2022,2023,81,159920.SZ|159980.SZ|159981.SZ|159985.SZ|160644.SZ|164824.SZ|501018.SH|510180.SH|512170.SH|512890.SH|513070.SH|513500.SH|513880.SH,0.4748279625157516,0.9184217642745492,cross_entropy,4
rolling_cross_entropy,2022,2023,82,159920.SZ|159967.SZ|159980.SZ|159985.SZ|160644.SZ|164824.SZ|501018.SH|510050.SH|512100.SH|513070.SH|513080.SH|513500.SH|518880.SH,0.3372374273254051,0.9184217642745492,cross_entropy,4
rolling_cross_entropy,2022,2023,83,159796.SZ|159920.SZ|159981.SZ|159985.SZ|160644.SZ|164824.SZ|501018.SH|512100.SH|513070.SH|513080.SH|513880.SH|518880.SH|588000.SH,0.3270329529679683,0.9184217642745492,cross_entropy,4
rolling_cross_entropy,2022,2023,84,159796.SZ|159920.SZ|159967.SZ|159980.SZ|159981.SZ|159985.SZ|160644.SZ|164824.SZ|501018.SH|510180.SH|513070.SH|513080.SH|513880.SH,0.7397640671347702,0.9184217642745492,cross_entropy,4
rolling_cross_entropy,2022,2023,85,159920.SZ|159981.SZ|159985.SZ|160644.SZ|164824.SZ|501018.SH|510050.SH|513070.SH|513500.SH|513880.SH|515210.SH|518880.SH|562500.SH,0.5771642903699118,0.9184217642745492,cross_entropy,4
rolling_cross_entropy,2022,2023,86,159920.SZ|159980.SZ|159981.SZ|160644.SZ|164824.SZ|501018.SH|512880.SH|513070.SH|513080.SH|513880.SH|516150.SH|518880.SH|588000.SH,0.05247533992922418,0.9184217642745492,cross_entropy,4
rolling_cross_entropy,2022,2023,87,159852.SZ|159920.SZ|159981.SZ|161226.SZ|164824.SZ|501018.SH|510180.SH|512890.SH|513070.SH|513080.SH|513500.SH|513880.SH|518880.SH,0.01155061389144524,0.9184217642745492,cross_entropy,4
rolling_cross_entropy,2022,2023,88,159851.SZ|159920.SZ|159985.SZ|160644.SZ|161226.SZ|164824.SZ|501018.SH|513030.SH|513070.SH|513500.SH|515220.SH|518880.SH|588000.SH,-0.11445870186488971,0.9184217642745492,cross_entropy,4
rolling_cross_entropy,2022,2023,89,159796.SZ|159920.SZ|159980.SZ|159981.SZ|159985.SZ|160644.SZ|164824.SZ|501018.SH|510180.SH|512890.SH|513070.SH|513080.SH|513500.SH,0.619070797134688,0.9184217642745492,cross_entropy,4
rolling_cross_entropy,2022,2023,90,159920.SZ|159980.SZ|159981.SZ|159985.SZ|160644.SZ|501018.SH|513070.SH|513080.SH|513500.SH|513880.SH|515210.SH|516150.SH|562500.SH,0.48619049586458074,0.9184217642745492,cross_entropy,4
rolling_cross_entropy,2022,2023,91,159920.SZ|159980.SZ|159985.SZ|160644.SZ|164824.SZ|501018.SH|512660.SH|512890.SH|513070.SH|513080.SH|513880.SH|518880.SH|588000.SH,-0.13217757186608547,0.9184217642745492,cross_entropy,4
rolling_cross_entropy,2022,2023,92,159920.SZ|159980.SZ|159985.SZ|164824.SZ|501018.SH|512890.SH|512980.SH|513070.SH|513080.SH|513500.SH|513880.SH|515880.SH|518880.SH,-0.181074849028832,0.9184217642745492,cross_entropy,4
rolling_cross_entropy,2022,2023,93,159920.SZ|159967.SZ|159980.SZ|159985.SZ|160644.SZ|164824.SZ|501018.SH|512890.SH|513070.SH|513080.SH|513880.SH|518880.SH|562500.SH,0.42468868753209665,0.9184217642745492,cross_entropy,4
rolling_cross_entropy,2022,2023,94,159920.SZ|159967.SZ|159980.SZ|159985.SZ|160644.SZ|164824.SZ|501018.SH|510180.SH|513070.SH|513080.SH|513880.SH|518880.SH|588000.SH,0.6698560753646701,0.9184217642745492,cross_entropy,4
rolling_cross_entropy,2022,2023,95,159920.SZ|159967.SZ|159980.SZ|159981.SZ|160644.SZ|501018.SH|510210.SH|512400.SH|513070.SH|513080.SH|513500.SH|513880.SH|518880.SH,-0.3003541019220808,0.9184217642745492,cross_entropy,4
rolling_cross_entropy,2022,2023,96,159851.SZ|159920.SZ|159981.SZ|159985.SZ|164824.SZ|501018.SH|512100.SH|513070.SH|513080.SH|513500.SH|513880.SH|518880.SH|562500.SH,0.3982713887760792,0.9184217642745492,cross_entropy,4
rolling_cross_entropy,2022,2023,97,159796.SZ|159920.SZ|159980.SZ|159985.SZ|160644.SZ|164824.SZ|501018.SH|510180.SH|513070.SH|513080.SH|513880.SH|516150.SH|518880.SH,0.6265705993899331,0.9184217642745492,cross_entropy,4
rolling_cross_entropy,2022,2023,98,159766.SZ|159920.SZ|159980.SZ|159985.SZ|160644.SZ|164824.SZ|501018.SH|513070.SH|513500.SH|513880.SH|518880.SH|562500.SH|588000.SH,0.4069289607993536,0.9184217642745492,cross_entropy,4
rolling_cross_entropy,2022,2023,99,159796.SZ|159852.SZ|159920.SZ|159981.SZ|159985.SZ|164824.SZ|501018.SH|513070.SH|513080.SH|513500.SH|513880.SH|518880.SH|562500.SH,0.7525471326158963,0.9184217642745492,cross_entropy,4
rolling_cross_entropy,2022,2023,100,159796.SZ|159851.SZ|159920.SZ|159980.SZ|159981.SZ|159985.SZ|160644.SZ|513070.SH|513080.SH|513500.SH|513880.SH|518880.SH|588000.SH,-0.05589149965218907,0.9184217642745492,cross_entropy,4
rolling_cross_entropy,2023,2024,1,159825.SZ|159920.SZ|159981.SZ|159985.SZ|161226.SZ|164824.SZ|510500.SH|512890.SH|513030.SH|513180.SH|513290.SH|513500.SH|518880.SH,0.2997676043793304,0.9130217366562248,cross_entropy,0
rolling_cross_entropy,2023,2024,2,159825.SZ|159851.SZ|159852.SZ|159980.SZ|159985.SZ|160644.SZ|161226.SZ|513070.SH|513080.SH|513120.SH|513500.SH|513880.SH|518880.SH,0.4099514457311183,0.8962154498663868,cross_entropy,0
rolling_cross_entropy,2023,2024,3,159687.SZ|159851.SZ|159920.SZ|159981.SZ|160644.SZ|161226.SZ|164824.SZ|501018.SH|512200.SH|512800.SH|513030.SH|513180.SH|518880.SH,-0.03533392368642983,0.9130217366562248,cross_entropy,0
rolling_cross_entropy,2023,2024,4,159687.SZ|159825.SZ|159920.SZ|159980.SZ|159985.SZ|160644.SZ|161226.SZ|164824.SZ|510050.SH|513070.SH|513080.SH|515790.SH|518880.SH,-0.8030848494552667,0.9196494911995831,cross_entropy,0
rolling_cross_entropy,2023,2024,5,159687.SZ|159915.SZ|159920.SZ|159981.SZ|159985.SZ|164824.SZ|501018.SH|510500.SH|513100.SH|513180.SH|513310.SH|515220.SH|518880.SH,0.6584113199325107,0.9130217366562248,cross_entropy,0
rolling_cross_entropy,2023,2024,6,159611.SZ|159687.SZ|159980.SZ|159981.SZ|159985.SZ|160644.SZ|510210.SH|513030.SH|513070.SH|513120.SH|513290.SH|518880.SH|588200.SH,0.4741514078722207,0.6755480123658768,cross_entropy,0
rolling_cross_entropy,2023,2024,7,159852.SZ|159920.SZ|159981.SZ|159985.SZ|164824.SZ|501018.SH|513080.SH|513120.SH|513290.SH|513310.SH|515790.SH|515880.SH|518880.SH,1.1394705528932616,0.7552639442207999,cross_entropy,0
rolling_cross_entropy,2023,2024,8,159985.SZ|161226.SZ|501018.SH|512890.SH|513080.SH|513100.SH|513120.SH|513180.SH|513290.SH|513880.SH|518880.SH|562500.SH|588200.SH,0.4766279840067838,0.6565224325624922,cross_entropy,0
rolling_cross_entropy,2023,2024,9,159687.SZ|159796.SZ|159920.SZ|159980.SZ|159985.SZ|160644.SZ|161226.SZ|512100.SH|513030.SH|513070.SH|513290.SH|516150.SH|518880.SH,-0.6423446957928882,0.9196494911995831,cross_entropy,0
rolling_cross_entropy,2023,2024,10,159851.SZ|159901.SZ|159920.SZ|159981.SZ|161226.SZ|164824.SZ|501018.SH|513030.SH|513100.SH|513120.SH|513310.SH|515210.SH|518880.SH,0.70906832311025,0.6565224325624922,cross_entropy,0
rolling_cross_entropy,2023,2024,11,159920.SZ|159980.SZ|160644.SZ|161226.SZ|501018.SH|512170.SH|512400.SH|513030.SH|513120.SH|513290.SH|513880.SH|518880.SH|588000.SH,0.4288154110312804,0.6565224325624922,cross_entropy,0
rolling_cross_entropy,2023,2024,12,159851.SZ|159920.SZ|159980.SZ|159985.SZ|161226.SZ|510500.SH|512890.SH|513030.SH|513070.SH|513080.SH|513100.SH|513500.SH|518880.SH,0.4753650556523222,0.9196494911995831,cross_entropy,0
rolling_cross_entropy,2023,2024,13,159687.SZ|159980.SZ|159985.SZ|501018.SH|510300.SH|510880.SH|512880.SH|513080.SH|513100.SH|513120.SH|513180.SH|513500.SH|518880.SH,0.9161696481405001,0.8876334498348947,cross_entropy,0
rolling_cross_entropy,2023,2024,14,159766.SZ|159981.SZ|159985.SZ|164824.SZ|501018.SH|512800.SH|513030.SH|513070.SH|513120.SH|513290.SH|513310.SH|515220.SH|518880.SH,0.16619162729113748,0.5606215077566773,cross_entropy,0
rolling_cross_entropy,2023,2024,15,159852.SZ|159920.SZ|159928.SZ|159980.SZ|159981.SZ|161226.SZ|512880.SH|513030.SH|513100.SH|513180.SH|513290.SH|513500.SH|518880.SH,-0.05416745535559834,0.9130217366562248,cross_entropy,0
rolling_cross_entropy,2023,2024,16,159869.SZ|159980.SZ|159981.SZ|161226.SZ|510300.SH|513030.SH|513070.SH|513080.SH|513120.SH|513290.SH|513500.SH|518880.SH|588200.SH,0.42591762038540976,0.9172474776669125,cross_entropy,0
rolling_cross_entropy,2023,2024,17,159825.SZ|159981.SZ|159985.SZ|161226.SZ|164824.SZ|510050.SH|510500.SH|513030.SH|513120.SH|513180.SH|513290.SH|513880.SH|518880.SH,0.9983272502259133,0.7171213159893393,cross_entropy,0
rolling_cross_entropy,2023,2024,18,159687.SZ|159920.SZ|159980.SZ|159981.SZ|161226.SZ|164824.SZ|510050.SH|512100.SH|512200.SH|513030.SH|513120.SH|513500.SH|518880.SH,0.2865726784678963,0.7197588332800243,cross_entropy,0
rolling_cross_entropy,2023,2024,19,159915.SZ|159920.SZ|159980.SZ|159985.SZ|164824.SZ|501018.SH|512800.SH|513030.SH|513070.SH|513080.SH|513500.SH|515220.SH|518880.SH,0.12288755458529411,0.9196494911995831,cross_entropy,0
rolling_cross_entropy,2023,2024,20,159851.SZ|159920.SZ|159980.SZ|159981.SZ|159985.SZ|161226.SZ|164824.SZ|510300.SH|512890.SH|513100.SH|513120.SH|513310.SH|513500.SH,0.702462284107206,0.8876334498348947,cross_entropy,0
rolling_cross_entropy,2023,2024,21,159687.SZ|159901.SZ|159920.SZ|159980.SZ|159981.SZ|161226.SZ|501018.SH|512040.SH|513030.SH|513080.SH|513120.SH|513310.SH|515790.SH,-0.5144464405947399,0.9172474776669125,cross_entropy,1
rolling_cross_entropy,2023,2024,22,159825.SZ|159869.SZ|159980.SZ|159981.SZ|161226.SZ|164824.SZ|510880.SH|513030.SH|513100.SH|513120.SH|513180.SH|513290.SH|518880.SH,0.6485177002680368,0.6565224325624922,cross_entropy,1
rolling_cross_entropy,2023,2024,23,159766.SZ|159920.SZ|159980.SZ|159981.SZ|159985.SZ|164824.SZ|501018.SH|512170.SH|512400.SH|513120.SH|513290.SH|513310.SH|513500.SH,0.43738650630852527,0.5732432207873639,cross_entropy,1
rolling_cross_entropy,2023,2024,24,159687.SZ|159796.SZ|159980.SZ|159985.SZ|161226.SZ|164824.SZ|510180.SH|512980.SH|513030.SH|513070.SH|513100.SH|513120.SH|518880.SH,0.5953929031197288,0.6755480123658768,cross_entropy,1
rolling_cross_entropy,2023,2024,25,159901.SZ|159920.SZ|159949.SZ|159980.SZ|159981.SZ|164824.SZ|501018.SH|510050.SH|513030.SH|513100.SH|513120.SH|513310.SH|518880.SH,0.4528866886160307,0.9001097245401373,cross_entropy,1
rolling_cross_entropy,2023,2024,26,159901.SZ|159980.SZ|159981.SZ|164824.SZ|501018.SH|512800.SH|512880.SH|513030.SH|513100.SH|513120.SH|513180.SH|513310.SH|518880.SH,0.8684631933200062,0.6767736020412328,cross_entropy,1
rolling_cross_entropy,2023,2024,27,159851.SZ|159920.SZ|159949.SZ|159980.SZ|159981.SZ|161226.SZ|501018.SH|513100.SH|513180.SH|513290.SH|513310.SH|513500.SH|588000.SH,-0.12061134811352225,0.9130217366562248,cross_entropy,1
rolling_cross_entropy,2023,2024,28,159687.SZ|159851.SZ|159981.SZ|159985.SZ|161226.SZ|164824.SZ|512040.SH|513030.SH|513120.SH|513180.SH|513310.SH|518880.SH|588200.SH,0.7091497203354675,0.6755480123658768,cross_entropy,1
rolling_cross_entropy,2023,2024,29,159851.SZ|159920.SZ|159980.SZ|159981.SZ|159985.SZ|164824.SZ|510500.SH|513030.SH|513100.SH|513180.SH|513310.SH|518880.SH|588200.SH,1.3882165399460686,0.9130217366562248,cross_entropy,1
rolling_cross_entropy,2023,2024,30,159981.SZ|159985.SZ|164824.SZ|501018.SH|510180.SH|513030.SH|513120.SH|513180.SH|513310.SH|513880.SH|515880.SH|518880.SH|562500.SH,1.3085322613612005,0.7099832031658062,cross_entropy,1
rolling_cross_entropy,2023,2024,31,159611.SZ|159851.SZ|159981.SZ|160644.SZ|161226.SZ|501018.SH|513030.SH|513100.SH|513120.SH|513180.SH|513290.SH|515210.SH|518880.SH,-0.0012194394645392542,0.6565224325624922,cross_entropy,1
rolling_cross_entropy,2023,2024,32,159851.SZ|159920.SZ|159981.SZ|159985.SZ|161226.SZ|512890.SH|513080.SH|513100.SH|513120.SH|513310.SH|513500.SH|515220.SH|518880.SH,0.6813071767449332,0.8876334498348947,cross_entropy,1
rolling_cross_entropy,2023,2024,33,159852.SZ|159920.SZ|159980.SZ|159981.SZ|159985.SZ|160644.SZ|501018.SH|512200.SH|512400.SH|513070.SH|513290.SH|513310.SH|513880.SH,-0.13530179554998253,0.9196494911995831,cross_entropy,1
rolling_cross_entropy,2023,2024,34,159687.SZ|159920.SZ|159981.SZ|161226.SZ|501018.SH|510050.SH|510880.SH|512040.SH|513030.SH|513100.SH|513120.SH|513500.SH|518880.SH,0.7929945396460515,0.8876334498348947,cross_entropy,1
rolling_cross_entropy,2023,2024,35,159920.SZ|159980.SZ|159985.SZ|161226.SZ|164824.SZ|501018.SH|510300.SH|512800.SH|513100.SH|513120.SH|513290.SH|513500.SH|515210.SH,0.10615257179151565,0.8876334498348947,cross_entropy,1
rolling_cross_entropy,2023,2024,36,159980.SZ|159981.SZ|164824.SZ|501018.SH|510180.SH|512880.SH|513030.SH|513070.SH|513120.SH|513310.SH|513500.SH|515210.SH|518880.SH,0.49697726711777496,0.7746046493291555,cross_entropy,1
rolling_cross_entropy,2023,2024,37,159687.SZ|159920.SZ|159980.SZ|159981.SZ|164824.SZ|501018.SH|510300.SH|512980.SH|513080.SH|513100.SH|513120.SH|515210.SH|518880.SH,1.1651639160800482,0.6543975278970577,cross_entropy,1
rolling_cross_entropy,2023,2024,38,159796.SZ|159920.SZ|159949.SZ|159980.SZ|159981.SZ|161226.SZ|501018.SH|513030.SH|513080.SH|513100.SH|513120.SH|513880.SH|588000.SH,0.28667135326893894,0.9172474776669125,cross_entropy,1
rolling_cross_entropy,2023,2024,39,159949.SZ|159980.SZ|159985.SZ|164824.SZ|501018.SH|510300.SH|512100.SH|513080.SH|513100.SH|513120.SH|513180.SH|513310.SH|518880.SH,1.277237556248552,0.7815906130278941,cross_entropy,1
rolling_cross_entropy,2023,2024,40,159915.SZ|159981.SZ|160644.SZ|161226.SZ|164824.SZ|501018.SH|510050.SH|512880.SH|513030.SH|513120.SH|513180.SH|513290.SH|518880.SH,0.11040178172466071,0.7281298277017437,cross_entropy,1
rolling_cross_entropy,2023,2024,41,159949.SZ|159981.SZ|161226.SZ|164824.SZ|501018.SH|510500.SH|513080.SH|513100.SH|513120.SH|513180.SH|513880.SH|518880.SH|562500.SH,0.07221426100278401,0.7699184768777949,cross_entropy,2
rolling_cross_entropy,2023,2024,42,159980.SZ|159981.SZ|159985.SZ|164824.SZ|501018.SH|510300.SH|512200.SH|513030.SH|513080.SH|513100.SH|513120.SH|513180.SH|588200.SH,1.3574831943103614,0.9172474776669125,cross_entropy,2
rolling_cross_entropy,2023,2024,43,159766.SZ|159949.SZ|159981.SZ|159985.SZ|161226.SZ|501018.SH|510300.SH|513030.SH|513080.SH|513100.SH|513120.SH|513180.SH|513310.SH,0.35785527649156845,0.9172474776669125,cross_entropy,2
rolling_cross_entropy,2023,2024,44,159920.SZ|159980.SZ|159981.SZ|164824.SZ|501018.SH|513080.SH|513100.SH|513120.SH|513880.SH|515790.SH|515880.SH|518880.SH|562500.SH,1.2406400180997974,0.7099832031658062,cross_entropy,2
rolling_cross_entropy,2023,2024,45,159852.SZ|159980.SZ|159985.SZ|164824.SZ|501018.SH|512040.SH|513030.SH|513100.SH|513120.SH|513180.SH|513310.SH|518880.SH|588200.SH,1.0517273577152932,0.6550899267519877,cross_entropy,2
rolling_cross_entropy,2023,2024,46,159920.SZ|159981.SZ|159985.SZ|161226.SZ|164824.SZ|512100.SH|512800.SH|512890.SH|513100.SH|513180.SH|513310.SH|513880.SH|518880.SH,1.2149355829033055,0.9130217366562248,cross_entropy,2
rolling_cross_entropy,2023,2024,47,159980.SZ|159981.SZ|160644.SZ|164824.SZ|501018.SH|510180.SH|512980.SH|513100.SH|513120.SH|513180.SH|513310.SH|515880.SH|518880.SH,0.6251915855082215,0.6271158591389228,cross_entropy,2
rolling_cross_entropy,2023,2024,48,159980.SZ|159981.SZ|159985.SZ|164824.SZ|501018.SH|510500.SH|512880.SH|513080.SH|513120.SH|513180.SH|513290.SH|513880.SH|515210.SH,0.7985484821120398,0.6687908632045033,cross_entropy,2
rolling_cross_entropy,2023,2024,49,159687.SZ|159920.SZ|159980.SZ|159985.SZ|501018.SH|513080.SH|513100.SH|513180.SH|513310.SH|515210.SH|515880.SH|516150.SH|518880.SH,0.7822750641758291,0.9130217366562248,cross_entropy,2
rolling_cross_entropy,2023,2024,50,159980.SZ|159981.SZ|159985.SZ|164824.SZ|501018.SH|510050.SH|512980.SH|513100.SH|513120.SH|513180.SH|513310.SH|513880.SH|515880.SH,1.395400277966394,0.6271158591389228,cross_entropy,2
rolling_cross_entropy,2023,2024,51,159920.SZ|159981.SZ|159985.SZ|164824.SZ|501018.SH|510300.SH|512100.SH|512800.SH|513030.SH|513120.SH|513290.SH|513310.SH|518880.SH,1.2142583963048919,0.7314060839339888,cross_entropy,2
rolling_cross_entropy,2023,2024,52,159851.SZ|159967.SZ|159980.SZ|159981.SZ|164824.SZ|501018.SH|513030.SH|513080.SH|513120.SH|513180.SH|513310.SH|515880.SH|518880.SH,0.6978031449751,0.9172474776669125,cross_entropy,2
rolling_cross_entropy,2023,2024,53,159825.SZ|159920.SZ|159967.SZ|159980.SZ|159981.SZ|164824.SZ|501018.SH|513080.SH|513180.SH|513310.SH|513880.SH|518880.SH|562500.SH,0.3378254489701488,0.9130217366562248,cross_entropy,2
rolling_cross_entropy,2023,2024,54,159852.SZ|159920.SZ|159981.SZ|159985.SZ|164824.SZ|501018.SH|510300.SH|512400.SH|513080.SH|513180.SH|513310.SH|513880.SH|518880.SH,1.0388808161204153,0.9130217366562248,cross_entropy,2
rolling_cross_entropy,2023,2024,55,159687.SZ|159980.SZ|159985.SZ|501018.SH|512800.SH|512980.SH|513030.SH|513080.SH|513100.SH|513120.SH|513180.SH|515210.SH|518880.SH,0.8384307800177238,0.9172474776669125,cross_entropy,2
rolling_cross_entropy,2023,2024,56,159766.SZ|159915.SZ|159981.SZ|159985.SZ|164824.SZ|501018.SH|512980.SH|513030.SH|513100.SH|513120.SH|513180.SH|513310.SH|518880.SH,0.9915701928157553,0.6550899267519877,cross_entropy,2
rolling_cross_entropy,2023,2024,57,159980.SZ|159981.SZ|159985.SZ|164824.SZ|512880.SH|513100.SH|513120.SH|513180.SH|513310.SH|513880.SH|515210.SH|515880.SH|518880.SH,1.6069067666516146,0.6264589958121686,cross_entropy,2
rolling_cross_entropy,2023,2024,58,159687.SZ|159901.SZ|159920.SZ|159980.SZ|159981.SZ|161226.SZ|510180.SH|512880.SH|513030.SH|513080.SH|513180.SH|513500.SH|518880.SH,-0.25978815447405057,0.9172474776669125,cross_entropy,2
rolling_cross_entropy,2023,2024,59,159825.SZ|159920.SZ|159980.SZ|159981.SZ|159985.SZ|164824.SZ|513080.SH|513100.SH|513120.SH|513310.SH|515210.SH|518880.SH|588200.SH,0.8527936844404861,0.6110802695917538,cross_entropy,2
rolling_cross_entropy,2023,2024,60,159687.SZ|159920.SZ|159980.SZ|159985.SZ|160644.SZ|164824.SZ|501018.SH|512880.SH|513030.SH|513180.SH|515210.SH|515220.SH|518880.SH,-0.1857165224234652,0.9130217366562248,cross_entropy,2
rolling_cross_entropy,2023,2024,61,159920.SZ|159980.SZ|159981.SZ|159985.SZ|164824.SZ|501018.SH|510050.SH|512100.SH|513030.SH|513080.SH|513120.SH|513500.SH|515790.SH,0.7111964916657831,0.9172474776669125,cross_entropy,3
rolling_cross_entropy,2023,2024,62,159920.SZ|159980.SZ|159981.SZ|159985.SZ|512100.SH|512200.SH|513030.SH|513180.SH|513290.SH|513310.SH|513880.SH|515210.SH|518880.SH,0.8372977544895351,0.9130217366562248,cross_entropy,3
rolling_cross_entropy,2023,2024,63,159920.SZ|159980.SZ|159981.SZ|159985.SZ|164824.SZ|501018.SH|510300.SH|512200.SH|513080.SH|513100.SH|513180.SH|513290.SH|515880.SH,1.5006194652130693,0.9130217366562248,cross_entropy,3
rolling_cross_entropy,2023,2024,64,159766.SZ|159949.SZ|159980.SZ|159981.SZ|159985.SZ|164824.SZ|510050.SH|513100.SH|513120.SH|513180.SH|513310.SH|513880.SH|518880.SH,0.7583936117847337,0.6713105657545785,cross_entropy,3
rolling_cross_entropy,2023,2024,65,159766.SZ|159920.SZ|159967.SZ|159980.SZ|159985.SZ|164824.SZ|501018.SH|512880.SH|513080.SH|513100.SH|513120.SH|513880.SH|518880.SH,0.5962585647056334,0.6264589958121686,cross_entropy,3
rolling_cross_entropy,2023,2024,66,159865.SZ|159920.SZ|159967.SZ|159980.SZ|159981.SZ|159985.SZ|501018.SH|512980.SH|513080.SH|513100.SH|513120.SH|513310.SH|513880.SH,1.1554929858874705,0.6264589958121686,cross_entropy,3
rolling_cross_entropy,2023,2024,67,159980.SZ|159981.SZ|159985.SZ|164824.SZ|510050.SH|512890.SH|513080.SH|513100.SH|513120.SH|513180.SH|513310.SH|515880.SH|518880.SH,1.8552070082859948,0.6110802695917538,cross_entropy,3
rolling_cross_entropy,2023,2024,68,159920.SZ|159980.SZ|159981.SZ|159985.SZ|164824.SZ|510300.SH|512800.SH|512980.SH|513100.SH|513180.SH|513290.SH|513880.SH|518880.SH,1.23566578278977,0.9130217366562248,cross_entropy,3
rolling_cross_entropy,2023,2024,69,159851.SZ|159920.SZ|159980.SZ|159981.SZ|159985.SZ|164824.SZ|512100.SH|513030.SH|513100.SH|513180.SH|513880.SH|515880.SH|518880.SH,1.8935824899154794,0.9130217366562248,cross_entropy,3
rolling_cross_entropy,2023,2024,70,159687.SZ|159920.SZ|159981.SZ|159985.SZ|161226.SZ|501018.SH|513030.SH|513100.SH|513180.SH|513880.SH|515880.SH|562500.SH|588200.SH,0.9928321768424901,0.9130217366562248,cross_entropy,3
rolling_cross_entropy,2023,2024,71,159920.SZ|159981.SZ|159985.SZ|164824.SZ|501018.SH|510300.SH|512880.SH|513030.SH|513100.SH|513180.SH|513310.SH|518880.SH|588000.SH,1.0882912963131517,0.9130217366562248,cross_entropy,3
rolling_cross_entropy,2023,2024,72,159980.SZ|159985.SZ|161226.SZ|164824.SZ|501018.SH|510180.SH|512980.SH|513030.SH|513100.SH|513120.SH|513180.SH|513310.SH|515880.SH,0.8408041068949427,0.6550899267519877,cross_entropy,3
rolling_cross_entropy,2023,2024,73,159920.SZ|159980.SZ|159981.SZ|159985.SZ|501018.SH|512980.SH|513080.SH|513100.SH|513120.SH|513310.SH|513880.SH|562500.SH|588000.SH,0.8522152716998116,0.7278851045270315,cross_entropy,3
rolling_cross_entropy,2023,2024,74,159980.SZ|159981.SZ|159985.SZ|501018.SH|510880.SH|512800.SH|512890.SH|513030.SH|513080.SH|513100.SH|513120.SH|513180.SH|513880.SH,1.079626072908862,0.9172474776669125,cross_entropy,3
rolling_cross_entropy,2023,2024,75,159687.SZ|159920.SZ|159928.SZ|159980.SZ|159981.SZ|501018.SH|510180.SH|513080.SH|513100.SH|513120.SH|513880.SH|515880.SH|518880.SH,1.305041993118066,0.8055829520541524,cross_entropy,3
rolling_cross_entropy,2023,2024,76,159865.SZ|159920.SZ|159981.SZ|159985.SZ|164824.SZ|501018.SH|512200.SH|512880.SH|513100.SH|513180.SH|513310.SH|513880.SH|518880.SH,0.6192721765895984,0.9130217366562248,cross_entropy,3
rolling_cross_entropy,2023,2024,77,159920.SZ|159949.SZ|159981.SZ|159985.SZ|164824.SZ|501018.SH|512100.SH|512880.SH|513100.SH|513180.SH|513310.SH|513880.SH|518880.SH,1.348384086058924,0.9130217366562248,cross_entropy,3
rolling_cross_entropy,2023,2024,78,159901.SZ|159920.SZ|159949.SZ|159981.SZ|159985.SZ|161226.SZ|512100.SH|513030.SH|513080.SH|513100.SH|513180.SH|513310.SH|518880.SH,0.3311059011472013,0.9172474776669125,cross_entropy,3
rolling_cross_entropy,2023,2024,79,159687.SZ|159920.SZ|159981.SZ|159985.SZ|164824.SZ|501018.SH|512100.SH|512890.SH|513100.SH|513120.SH|513310.SH|515790.SH|518880.SH,1.3601674446270144,0.6464045202816908,cross_entropy,3
rolling_cross_entropy,2023,2024,80,159901.SZ|159920.SZ|159980.SZ|159981.SZ|164824.SZ|501018.SH|512980.SH|513100.SH|513180.SH|513310.SH|513880.SH|515210.SH|518880.SH,0.8847152132609545,0.9130217366562248,cross_entropy,3
rolling_cross_entropy,2023,2024,81,159920.SZ|159980.SZ|159981.SZ|159985.SZ|164824.SZ|512100.SH|512800.SH|513030.SH|513180.SH|513310.SH|513880.SH|515880.SH|518880.SH,1.7423929707338606,0.9130217366562248,cross_entropy,4
rolling_cross_entropy,2023,2024,82,159920.SZ|159949.SZ|159980.SZ|159981.SZ|501018.SH|512880.SH|513030.SH|513080.SH|513100.SH|513120.SH|513310.SH|518880.SH|588200.SH,0.6212664977869652,0.9172474776669125,cross_entropy,4
rolling_cross_entropy,2023,2024,83,159920.SZ|159980.SZ|161226.SZ|164824.SZ|501018.SH|512980.SH|513100.SH|513180.SH|513310.SH|513880.SH|515210.SH|515880.SH|518880.SH,0.823191715479704,0.9130217366562248,cross_entropy,4
rolling_cross_entropy,2023,2024,84,159920.SZ|159981.SZ|159985.SZ|501018.SH|510300.SH|512660.SH|513030.SH|513100.SH|513120.SH|513290.SH|513310.SH|518880.SH|562500.SH,0.5963999482265395,0.6550899267519877,cross_entropy,4
rolling_cross_entropy,2023,2024,85,159687.SZ|159920.SZ|159981.SZ|159985.SZ|164824.SZ|501018.SH|512100.SH|512200.SH|512880.SH|513070.SH|513080.SH|513100.SH|518880.SH,0.786466971808021,0.9196494911995831,cross_entropy,4
rolling_cross_entropy,2023,2024,86,159920.SZ|159980.SZ|159985.SZ|164824.SZ|501018.SH|510210.SH|510880.SH|512880.SH|513100.SH|513180.SH|513310.SH|513880.SH|518880.SH,1.1296669498744245,0.9130217366562248,cross_entropy,4
rolling_cross_entropy,2023,2024,87,159920.SZ|159980.SZ|159981.SZ|159985.SZ|512200.SH|513080.SH|513100.SH|513120.SH|513310.SH|513880.SH|515210.SH|518880.SH|588200.SH,0.9388332805194837,0.6264589958121686,cross_entropy,4
rolling_cross_entropy,2023,2024,88,159980.SZ|159981.SZ|159985.SZ|164824.SZ|512100.SH|512200.SH|513080.SH|513100.SH|513120.SH|513180.SH|513880.SH|515790.SH|518880.SH,1.329064995058314,0.6264589958121686,cross_entropy,4
rolling_cross_entropy,2023,2024,89,159869.SZ|159981.SZ|159985.SZ|161226.SZ|164824.SZ|501018.SH|513030.SH|513100.SH|513120.SH|513180.SH|513290.SH|515880.SH|516150.SH,1.1489939786543755,0.6550899267519877,cross_entropy,4
rolling_cross_entropy,2023,2024,90,159920.SZ|159980.SZ|159985.SZ|160644.SZ|501018.SH|510500.SH|512200.SH|513100.SH|513120.SH|513310.SH|513880.SH|515880.SH|518880.SH,1.4070145570526085,0.6430025134759398,cross_entropy,4
rolling_cross_entropy,2023,2024,91,159920.SZ|159980.SZ|159985.SZ|164824.SZ|501018.SH|510050.SH|512980.SH|513080.SH|513100.SH|513180.SH|513880.SH|516150.SH|518880.SH,0.8558391185913338,0.9130217366562248,cross_entropy,4
rolling_cross_entropy,2023,2024,92,159920.SZ|159949.SZ|159980.SZ|159981.SZ|159985.SZ|164824.SZ|501018.SH|513030.SH|513100.SH|513180.SH|513310.SH|515880.SH|588000.SH,1.2283061746425061,0.9130217366562248,cross_entropy,4
rolling_cross_entropy,2023,2024,93,159852.SZ|159920.SZ|159980.SZ|159981.SZ|159985.SZ|164824.SZ|501018.SH|512100.SH|512880.SH|513100.SH|513180.SH|513310.SH|513880.SH,1.341956651677373,0.9130217366562248,cross_entropy,4
rolling_cross_entropy,2023,2024,94,159920.SZ|159949.SZ|159980.SZ|159981.SZ|164824.SZ|501018.SH|510050.SH|513080.SH|513100.SH|513180.SH|513310.SH|515880.SH|518880.SH,0.9523676362610511,0.9130217366562248,cross_entropy,4
rolling_cross_entropy,2023,2024,95,159851.SZ|159920.SZ|159980.SZ|159981.SZ|164824.SZ|501018.SH|510500.SH|513030.SH|513180.SH|513290.SH|513880.SH|515790.SH|518880.SH,0.4895145060767509,0.9130217366562248,cross_entropy,4
rolling_cross_entropy,2023,2024,96,159981.SZ|159985.SZ|164824.SZ|501018.SH|510300.SH|512200.SH|513080.SH|513100.SH|513120.SH|513180.SH|513880.SH|515880.SH|518880.SH,1.91640911413644,0.6264589958121686,cross_entropy,4
rolling_cross_entropy,2023,2024,97,159687.SZ|159920.SZ|159980.SZ|159981.SZ|164824.SZ|501018.SH|510050.SH|512200.SH|512880.SH|513080.SH|513180.SH|513880.SH|518880.SH,0.5335720264717895,0.9130217366562248,cross_entropy,4
rolling_cross_entropy,2023,2024,98,159980.SZ|159985.SZ|164824.SZ|501018.SH|512100.SH|512980.SH|513080.SH|513100.SH|513120.SH|513180.SH|513880.SH|515210.SH|518880.SH,1.1998583898873438,0.6264589958121686,cross_entropy,4
rolling_cross_entropy,2023,2024,99,159687.SZ|159920.SZ|159981.SZ|159985.SZ|164824.SZ|501018.SH|510300.SH|512800.SH|513100.SH|513180.SH|513310.SH|515880.SH|518880.SH,1.518291915141966,0.9130217366562248,cross_entropy,4
rolling_cross_entropy,2023,2024,100,159851.SZ|159949.SZ|159981.SZ|159985.SZ|501018.SH|513080.SH|513100.SH|513120.SH|513180.SH|513310.SH|513880.SH|515790.SH|518880.SH,0.7871603939771178,0.7615811396379649,cross_entropy,4
rolling_cross_entropy,2024,2025,1,159509.SZ|159920.SZ|159980.SZ|159981.SZ|159985.SZ|161226.SZ|512880.SH|512890.SH|512980.SH|513030.SH|513310.SH|513730.SH|513750.SH,0.5381082021322892,0.8920130717054932,cross_entropy,0
rolling_cross_entropy,2024,2025,2,159981.SZ|161226.SZ|501018.SH|510210.SH|510880.SH|513030.SH|513180.SH|513310.SH|513400.SH|513750.SH|513880.SH|518880.SH|588220.SH,0.655121404158488,0.8592948415926276,cross_entropy,0
rolling_cross_entropy,2024,2025,3,159509.SZ|159518.SZ|159529.SZ|159920.SZ|159928.SZ|159985.SZ|161226.SZ|501018.SH|512800.SH|513120.SH|513400.SH|515220.SH|518880.SH,0.9627588033238085,0.7889425391722841,cross_entropy,0
rolling_cross_entropy,2024,2025,4,159509.SZ|159518.SZ|159796.SZ|159852.SZ|159981.SZ|161226.SZ|501018.SH|513100.SH|513120.SH|513180.SH|513500.SH|518880.SH|588000.SH,1.1219015359417888,0.8598122919060952,cross_entropy,0
rolling_cross_entropy,2024,2025,5,159518.SZ|159852.SZ|159980.SZ|159981.SZ|160644.SZ|161226.SZ|512980.SH|513070.SH|513080.SH|513730.SH|513750.SH|518880.SH|588220.SH,-0.005669868444400098,0.8109949251878138,cross_entropy,0
rolling_cross_entropy,2024,2025,6,159509.SZ|159687.SZ|159920.SZ|159981.SZ|159985.SZ|161226.SZ|510050.SH|510880.SH|512660.SH|513290.SH|513500.SH|513750.SH|518880.SH,1.1292421365046905,0.8920130717054932,cross_entropy,0
rolling_cross_entropy,2024,2025,7,159980.SZ|159981.SZ|159985.SZ|160644.SZ|161226.SZ|164824.SZ|512040.SH|512100.SH|513180.SH|513290.SH|513310.SH|513750.SH|562500.SH,0.1356650929144462,0.9062931062244416,cross_entropy,0
rolling_cross_entropy,2024,2025,8,159766.SZ|159865.SZ|159980.SZ|159981.SZ|159985.SZ|161226.SZ|164824.SZ|513030.SH|513120.SH|513180.SH|513310.SH|513400.SH|515220.SH,-0.76365196201137,0.7731992642013015,cross_entropy,0
rolling_cross_entropy,2024,2025,9,159509.SZ|159920.SZ|159949.SZ|159980.SZ|159981.SZ|159985.SZ|161226.SZ|510300.SH|513030.SH|513080.SH|513100.SH|513750.SH|562500.SH,0.6253816481338721,0.8934888117483807,cross_entropy,0
rolling_cross_entropy,2024,2025,10,159518.SZ|159920.SZ|159980.SZ|159985.SZ|164824.SZ|501018.SH|510500.SH|512400.SH|513310.SH|513750.SH|513880.SH|515880.SH|518880.SH,0.07016311773781676,0.8920130717054932,cross_entropy,0
rolling_cross_entropy,2024,2025,11,159518.SZ|159870.SZ|159981.SZ|159985.SZ|501018.SH|512400.SH|513070.SH|513100.SH|513120.SH|513310.SH|513400.SH|518880.SH|563300.SH,0.8368644674143976,0.819036550521911,cross_entropy,0
rolling_cross_entropy,2024,2025,12,159529.SZ|159901.SZ|159920.SZ|159980.SZ|159981.SZ|159985.SZ|513080.SH|513290.SH|513730.SH|513750.SH|515790.SH|518880.SH|588200.SH,0.17972097083203353,0.8920130717054932,cross_entropy,0
rolling_cross_entropy,2024,2025,13,159529.SZ|159852.SZ|159980.SZ|159981.SZ|160644.SZ|161226.SZ|501018.SH|510300.SH|513030.SH|513120.SH|513180.SH|513290.SH|588000.SH,0.7215664928314528,0.79675798662605,cross_entropy,0
rolling_cross_entropy,2024,2025,14,159509.SZ|159928.SZ|159980.SZ|161226.SZ|164824.SZ|501018.SH|512980.SH|513180.SH|513730.SH|513750.SH|513880.SH|515220.SH|518880.SH,1.0649394321876553,0.8415836756152468,cross_entropy,0
rolling_cross_entropy,2024,2025,15,159518.SZ|159852.SZ|159981.SZ|159985.SZ|161226.SZ|512170.SH|512400.SH|513030.SH|513120.SH|513180.SH|513310.SH|513880.SH|518880.SH,-0.34135876215969885,0.7889425391722841,cross_entropy,0
rolling_cross_entropy,2024,2025,16,159509.SZ|159529.SZ|159825.SZ|159852.SZ|159901.SZ|159980.SZ|159981.SZ|161226.SZ|501018.SH|513070.SH|513080.SH|513100.SH|513750.SH,1.452469838918483,0.8598122919060952,cross_entropy,0
rolling_cross_entropy,2024,2025,17,159509.SZ|159980.SZ|160644.SZ|161226.SZ|501018.SH|510880.SH|512170.SH|513100.SH|513120.SH|513730.SH|513750.SH|518880.SH|588200.SH,0.9890066487490873,0.8598122919060952,cross_entropy,0
rolling_cross_entropy,2024,2025,18,159509.SZ|159518.SZ|159687.SZ|159796.SZ|159852.SZ|159901.SZ|159980.SZ|161226.SZ|501018.SH|513030.SH|513180.SH|513750.SH|518880.SH,0.40138979421862553,0.8526538312783507,cross_entropy,0
rolling_cross_entropy,2024,2025,19,159518.SZ|159980.SZ|159981.SZ|161226.SZ|501018.SH|512170.SH|512880.SH|513030.SH|513070.SH|513500.SH|513750.SH|513880.SH|515790.SH,0.6879281732580498,0.8109949251878138,cross_entropy,0
rolling_cross_entropy,2024,2025,20,159518.SZ|159869.SZ|159920.SZ|159981.SZ|161226.SZ|501018.SH|512880.SH|513120.SH|513500.SH|513730.SH|513880.SH|515880.SH|518880.SH,1.3946334330634658,0.7889425391722841,cross_entropy,0
rolling_cross_entropy,2024,2025,21,159920.SZ|159980.SZ|159981.SZ|161226.SZ|164824.SZ|512800.SH|512880.SH|513100.SH|513120.SH|513500.SH|513880.SH|515210.SH|518880.SH,1.7994162256390347,0.8532903457695046,cross_entropy,1
rolling_cross_entropy,2024,2025,22,159509.SZ|159529.SZ|159901.SZ|159980.SZ|159981.SZ|501018.SH|512880.SH|513070.SH|513100.SH|513730.SH|513750.SH|515880.SH|518880.SH,1.839416461041816,0.8598122919060952,cross_entropy,1
rolling_cross_entropy,2024,2025,23,159509.SZ|159518.SZ|159981.SZ|161226.SZ|501018.SH|512400.SH|512980.SH|513080.SH|513120.SH|513180.SH|513400.SH|518880.SH|588200.SH,0.4314750293163284,0.7889425391722841,cross_entropy,1
rolling_cross_entropy,2024,2025,24,159529.SZ|159981.SZ|159985.SZ|161226.SZ|501018.SH|510050.SH|512890.SH|513070.SH|513500.SH|513730.SH|513750.SH|513880.SH|588220.SH,1.4575419219967565,0.8109949251878138,cross_entropy,1
rolling_cross_entropy,2024,2025,25,159518.SZ|159796.SZ|159852.SZ|159901.SZ|159980.SZ|159981.SZ|160644.SZ|161226.SZ|501018.SH|513120.SH|513180.SH|513290.SH|513730.SH,0.627217479688043,0.8526538312783507,cross_entropy,1
rolling_cross_entropy,2024,2025,26,159852.SZ|159920.SZ|159985.SZ|161226.SZ|501018.SH|510880.SH|513100.SH|513500.SH|513730.SH|513750.SH|513880.SH|518880.SH|588000.SH,1.8525359858186308,0.8920130717054932,cross_entropy,1
rolling_cross_entropy,2024,2025,27,159529.SZ|159687.SZ|159852.SZ|159980.SZ|159985.SZ|501018.SH|512100.SH|512880.SH|513100.SH|513120.SH|513750.SH|513880.SH|518880.SH,1.4986339550888954,0.8219828955155504,cross_entropy,1
rolling_cross_entropy,2024,2025,28,159509.SZ|159852.SZ|159981.SZ|159985.SZ|161226.SZ|510050.SH|512980.SH|513120.SH|513180.SH|513310.SH|513730.SH|513880.SH|518880.SH,0.9267889539076322,0.7889425391722841,cross_entropy,1
rolling_cross_entropy,2024,2025,29,159509.SZ|159529.SZ|159687.SZ|159766.SZ|159981.SZ|161226.SZ|501018.SH|512660.SH|512880.SH|513080.SH|513120.SH|513180.SH|518880.SH,0.9699203634532684,0.7889425391722841,cross_entropy,1
rolling_cross_entropy,2024,2025,30,159518.SZ|159796.SZ|159980.SZ|159981.SZ|159985.SZ|164824.SZ|510180.SH|512660.SH|513070.SH|513500.SH|513730.SH|513750.SH|518880.SH,-0.11551781735417116,0.8109949251878138,cross_entropy,1
rolling_cross_entropy,2024,2025,31,159509.SZ|159825.SZ|159870.SZ|159981.SZ|161226.SZ|501018.SH|512980.SH|513070.SH|513310.SH|513730.SH|513750.SH|513880.SH|518880.SH,1.2037765141709493,0.8282979607634428,cross_entropy,1
rolling_cross_entropy,2024,2025,32,159509.SZ|159687.SZ|159852.SZ|159980.SZ|161226.SZ|501018.SH|513120.SH|513730.SH|513750.SH|513880.SH|515220.SH|518880.SH|588000.SH,1.3738935500299385,0.79675798662605,cross_entropy,1
rolling_cross_entropy,2024,2025,33,159518.SZ|159687.SZ|159870.SZ|159915.SZ|159981.SZ|159985.SZ|501018.SH|512980.SH|513120.SH|513500.SH|513730.SH|513750.SH|518880.SH,0.8682201499474201,0.8127422505446794,cross_entropy,1
rolling_cross_entropy,2024,2025,34,159825.SZ|159869.SZ|159920.SZ|159981.SZ|161226.SZ|164824.SZ|501018.SH|513120.SH|513290.SH|513310.SH|513880.SH|515880.SH|518880.SH,0.37744621861454714,0.7889425391722841,cross_entropy,1
rolling_cross_entropy,2024,2025,35,159687.SZ|159981.SZ|161226.SZ|501018.SH|510300.SH|510500.SH|513030.SH|513180.SH|513310.SH|513500.SH|513750.SH|515220.SH|518880.SH,0.49392469049547216,0.8570217885277375,cross_entropy,1
rolling_cross_entropy,2024,2025,36,159509.SZ|159967.SZ|159980.SZ|159981.SZ|159985.SZ|161226.SZ|510300.SH|513100.SH|513120.SH|513180.SH|513290.SH|513310.SH|588000.SH,0.24798242357617867,0.903221489249376,cross_entropy,1
rolling_cross_entropy,2024,2025,37,159509.SZ|159518.SZ|159852.SZ|159981.SZ|159985.SZ|161226.SZ|510880.SH|513070.SH|513500.SH|513750.SH|513880.SH|515880.SH|518880.SH,1.0158808520504201,0.8109949251878138,cross_entropy,1
rolling_cross_entropy,2024,2025,38,159509.SZ|159687.SZ|159825.SZ|159981.SZ|159985.SZ|501018.SH|512100.SH|512200.SH|513120.SH|513500.SH|513730.SH|513750.SH|518880.SH,1.2403635717566683,0.7851641930781441,cross_entropy,1
rolling_cross_entropy,2024,2025,39,159509.SZ|159852.SZ|159981.SZ|159985.SZ|161226.SZ|501018.SH|513030.SH|513120.SH|513290.SH|513500.SH|513750.SH|515220.SH|515880.SH,0.3571429333528577,0.7627269214412702,cross_entropy,1
rolling_cross_entropy,2024,2025,40,159509.SZ|159796.SZ|159920.SZ|159985.SZ|160644.SZ|161226.SZ|501018.SH|510050.SH|512880.SH|513500.SH|513750.SH|513880.SH|518880.SH,1.2302307127864724,0.8920130717054932,cross_entropy,1
rolling_cross_entropy,2024,2025,41,159518.SZ|159687.SZ|159980.SZ|159981.SZ|159985.SZ|512660.SH|512890.SH|513070.SH|513100.SH|513120.SH|513880.SH|518880.SH|563300.SH,0.7559618825826675,0.7834381360441357,cross_entropy,2
rolling_cross_entropy,2024,2025,42,159509.SZ|159920.SZ|159980.SZ|159981.SZ|501018.SH|510880.SH|512880.SH|513080.SH|513100.SH|513730.SH|513750.SH|515790.SH|518880.SH,1.6792910440695834,0.8920130717054932,cross_entropy,2
rolling_cross_entropy,2024,2025,43,159509.SZ|159920.SZ|159928.SZ|159980.SZ|159981.SZ|161226.SZ|164824.SZ|510210.SH|513500.SH|513750.SH|513880.SH|518880.SH|588000.SH,0.3247060324296376,0.8920130717054932,cross_entropy,2
rolling_cross_entropy,2024,2025,44,159509.SZ|159687.SZ|159920.SZ|159967.SZ|159981.SZ|161226.SZ|501018.SH|513730.SH|513750.SH|513880.SH|515210.SH|518880.SH|588220.SH,1.123147482102025,0.9055559477443305,cross_entropy,2
rolling_cross_entropy,2024,2025,45,159687.SZ|159915.SZ|159920.SZ|159980.SZ|159985.SZ|501018.SH|510050.SH|510880.SH|513080.SH|513120.SH|513500.SH|513880.SH|518880.SH,1.081345076765762,0.7564063998415339,cross_entropy,2
rolling_cross_entropy,2024,2025,46,159980.SZ|159985.SZ|164824.SZ|501018.SH|510880.SH|512800.SH|513070.SH|513100.SH|513730.SH|513750.SH|513880.SH|515880.SH|518880.SH,1.7097528444386558,0.8109949251878138,cross_entropy,2
rolling_cross_entropy,2024,2025,47,159529.SZ|159920.SZ|159981.SZ|161226.SZ|501018.SH|512880.SH|512890.SH|512980.SH|513120.SH|513290.SH|513500.SH|513880.SH|518880.SH,1.5301554146584486,0.7889425391722841,cross_entropy,2
rolling_cross_entropy,2024,2025,48,159509.SZ|159611.SZ|159901.SZ|159920.SZ|159980.SZ|159981.SZ|501018.SH|512040.SH|513080.SH|513100.SH|513500.SH|513750.SH|518880.SH,0.7907766821594379,0.8920130717054932,cross_entropy,2
rolling_cross_entropy,2024,2025,49,159980.SZ|159981.SZ|161226.SZ|512880.SH|513030.SH|513120.SH|513500.SH|513730.SH|513750.SH|513880.SH|515210.SH|518880.SH|588220.SH,0.8995769670428047,0.7889425391722841,cross_entropy,2
rolling_cross_entropy,2024,2025,50,159687.SZ|159865.SZ|159980.SZ|161226.SZ|501018.SH|512800.SH|513080.SH|513100.SH|513180.SH|513400.SH|513750.SH|515220.SH|518880.SH,1.1753746022197593,0.8415836756152468,cross_entropy,2
rolling_cross_entropy,2024,2025,51,159509.SZ|159985.SZ|160644.SZ|161226.SZ|501018.SH|510880.SH|513030.SH|513070.SH|513730.SH|513750.SH|515210.SH|515880.SH|518880.SH,0.918061344175231,0.8109949251878138,cross_entropy,2
rolling_cross_entropy,2024,2025,52,159529.SZ|159611.SZ|159851.SZ|159985.SZ|161226.SZ|501018.SH|510880.SH|513070.SH|513100.SH|513500.SH|513750.SH|513880.SH|518880.SH,1.6665530854781219,0.8532903457695046,cross_entropy,2
rolling_cross_entropy,2024,2025,53,159529.SZ|159901.SZ|159980.SZ|159985.SZ|161226.SZ|510050.SH|512100.SH|513120.SH|513180.SH|513500.SH|513730.SH|513880.SH|518880.SH,0.9776745848992267,0.8402121423259479,cross_entropy,2
rolling_cross_entropy,2024,2025,54,159529.SZ|159852.SZ|159980.SZ|159981.SZ|161226.SZ|513080.SH|513120.SH|513500.SH|513750.SH|513880.SH|518880.SH|562500.SH|588000.SH,0.587168491254626,0.8298458853233829,cross_entropy,2
rolling_cross_entropy,2024,2025,55,159509.SZ|159920.SZ|159981.SZ|159985.SZ|501018.SH|510880.SH|512800.SH|513100.SH|513730.SH|513750.SH|513880.SH|515220.SH|518880.SH,1.476890267605052,0.8920130717054932,cross_entropy,2
rolling_cross_entropy,2024,2025,56,159529.SZ|159920.SZ|159980.SZ|159981.SZ|161226.SZ|512880.SH|512890.SH|513100.SH|513500.SH|513730.SH|513750.SH|518880.SH|562500.SH,1.200868002493472,0.8920130717054932,cross_entropy,2
rolling_cross_entropy,2024,2025,57,159509.SZ|159529.SZ|159687.SZ|159852.SZ|159981.SZ|161226.SZ|501018.SH|512100.SH|513120.SH|513750.SH|513880.SH|515220.SH|518880.SH,1.2824732271756079,0.8219828955155504,cross_entropy,2
rolling_cross_entropy,2024,2025,58,159509.SZ|159518.SZ|159852.SZ|159920.SZ|159928.SZ|159980.SZ|159981.SZ|161226.SZ|501018.SH|510050.SH|513500.SH|513750.SH|513880.SH,1.0621442663229854,0.8920130717054932,cross_entropy,2
rolling_cross_entropy,2024,2025,59,159509.SZ|159529.SZ|159920.SZ|159981.SZ|159985.SZ|501018.SH|512800.SH|512880.SH|512890.SH|513100.SH|513120.SH|513880.SH|518880.SH,1.8130579355173186,0.8598122919060952,cross_entropy,2
rolling_cross_entropy,2024,2025,60,159825.SZ|159980.SZ|159985.SZ|501018.SH|510050.SH|512880.SH|513070.SH|513100.SH|513500.SH|513730.SH|513750.SH|513880.SH|518880.SH,1.5393992255151248,0.8532903457695046,cross_entropy,2
rolling_cross_entropy,2024,2025,61,159509.SZ|159529.SZ|159611.SZ|159980.SZ|159981.SZ|159985.SZ|501018.SH|512800.SH|512880.SH|513070.SH|513120.SH|513500.SH|513880.SH,1.4981611692729218,0.7342352025519209,cross_entropy,3
rolling_cross_entropy,2024,2025,62,159509.SZ|159529.SZ|159852.SZ|159981.SZ|159985.SZ|161226.SZ|501018.SH|512100.SH|512800.SH|513070.SH|513100.SH|513750.SH|513880.SH,2.301672599657524,0.8598122919060952,cross_entropy,3
rolling_cross_entropy,2024,2025,63,159509.SZ|159852.SZ|159928.SZ|159980.SZ|159985.SZ|501018.SH|510880.SH|513070.SH|513100.SH|513500.SH|513750.SH|513880.SH|518880.SH,1.7310039481240798,0.8598122919060952,cross_entropy,3
rolling_cross_entropy,2024,2025,64,159529.SZ|159825.SZ|159869.SZ|159920.SZ|159980.SZ|159985.SZ|161226.SZ|512800.SH|513100.SH|513500.SH|513750.SH|513880.SH|518880.SH,1.1784501738652267,0.8920130717054932,cross_entropy,3
rolling_cross_entropy,2024,2025,65,159851.SZ|159980.SZ|159981.SZ|159985.SZ|501018.SH|513070.SH|513100.SH|513500.SH|513730.SH|513750.SH|513880.SH|515210.SH|515790.SH,1.6255102173290026,0.8532903457695046,cross_entropy,3
rolling_cross_entropy,2024,2025,66,159529.SZ|159852.SZ|159920.SZ|159980.SZ|159981.SZ|159985.SZ|512800.SH|512890.SH|513100.SH|513290.SH|513750.SH|513880.SH|518880.SH,1.5550223294088032,0.8920130717054932,cross_entropy,3
rolling_cross_entropy,2024,2025,67,159529.SZ|159852.SZ|159980.SZ|159985.SZ|161226.SZ|510880.SH|513070.SH|513100.SH|513120.SH|513500.SH|513880.SH|515210.SH|518880.SH,1.382551060302188,0.8532903457695046,cross_entropy,3
rolling_cross_entropy,2024,2025,68,159980.SZ|159981.SZ|159985.SZ|510050.SH|512800.SH|513070.SH|513100.SH|513500.SH|513730.SH|513750.SH|513880.SH|518880.SH|588000.SH,1.495576950015039,0.8532903457695046,cross_entropy,3
rolling_cross_entropy,2024,2025,69,159949.SZ|159981.SZ|159985.SZ|501018.SH|510880.SH|513070.SH|513080.SH|513100.SH|513500.SH|513750.SH|513880.SH|518880.SH|588000.SH,1.286341446037946,0.9130182508444796,cross_entropy,3
rolling_cross_entropy,2024,2025,70,159518.SZ|159529.SZ|159920.SZ|159980.SZ|159985.SZ|161226.SZ|510050.SH|512800.SH|513500.SH|513730.SH|513750.SH|518880.SH|588220.SH,0.8350421027679031,0.8920130717054932,cross_entropy,3
rolling_cross_entropy,2024,2025,71,159529.SZ|159985.SZ|161226.SZ|501018.SH|512880.SH|512890.SH|513070.SH|513100.SH|513500.SH|513730.SH|513750.SH|515790.SH|518880.SH,1.8275584186033869,0.8532903457695046,cross_entropy,3
rolling_cross_entropy,2024,2025,72,159865.SZ|159980.SZ|161226.SZ|501018.SH|510880.SH|512880.SH|513070.SH|513100.SH|513500.SH|513730.SH|513750.SH|513880.SH|518880.SH,1.579469457058576,0.8532903457695046,cross_entropy,3
rolling_cross_entropy,2024,2025,73,159529.SZ|159920.SZ|159928.SZ|159985.SZ|161226.SZ|501018.SH|510880.SH|512880.SH|513100.SH|513730.SH|513750.SH|513880.SH|518880.SH,1.8956211524374802,0.8920130717054932,cross_entropy,3
rolling_cross_entropy,2024,2025,74,159611.SZ|159851.SZ|159865.SZ|159980.SZ|159981.SZ|501018.SH|513070.SH|513080.SH|513100.SH|513500.SH|513730.SH|513750.SH|518880.SH,1.253822486194856,0.8532903457695046,cross_entropy,3
rolling_cross_entropy,2024,2025,75,159509.SZ|159852.SZ|159981.SZ|159985.SZ|501018.SH|510880.SH|512880.SH|513070.SH|513080.SH|513120.SH|513730.SH|513880.SH|518880.SH,1.489493344146437,0.7594748213487255,cross_entropy,3
rolling_cross_entropy,2024,2025,76,159611.SZ|159980.SZ|159981.SZ|501018.SH|510050.SH|512800.SH|513070.SH|513080.SH|513120.SH|513290.SH|513500.SH|513880.SH|518880.SH,0.8901011830425031,0.7265589049246975,cross_entropy,3
rolling_cross_entropy,2024,2025,77,159509.SZ|159529.SZ|159852.SZ|159981.SZ|159985.SZ|501018.SH|512880.SH|513180.SH|513500.SH|513730.SH|513750.SH|518880.SH|588220.SH,1.6202541689980114,0.8415836756152468,cross_entropy,3
rolling_cross_entropy,2024,2025,78,159529.SZ|159611.SZ|159980.SZ|159985.SZ|501018.SH|510880.SH|512880.SH|513080.SH|513120.SH|513730.SH|513750.SH|513880.SH|518880.SH,1.0240203619275108,0.7396322445917171,cross_entropy,3
rolling_cross_entropy,2024,2025,79,159509.SZ|159851.SZ|159980.SZ|159985.SZ|164824.SZ|501018.SH|513070.SH|513100.SH|513120.SH|513880.SH|515220.SH|515880.SH|518880.SH,1.1430008832550187,0.8598122919060952,cross_entropy,3
rolling_cross_entropy,2024,2025,80,159529.SZ|159920.SZ|159980.SZ|159981.SZ|159985.SZ|164824.SZ|501018.SH|512880.SH|513500.SH|513750.SH|513880.SH|515790.SH|588220.SH,1.3216723273906592,0.8920130717054932,cross_entropy,3
rolling_cross_entropy,2024,2025,81,159509.SZ|159980.SZ|159985.SZ|164824.SZ|501018.SH|510880.SH|512100.SH|512880.SH|513070.SH|513100.SH|513730.SH|513750.SH|518880.SH,2.1309222758730733,0.8598122919060952,cross_entropy,4
rolling_cross_entropy,2024,2025,82,159509.SZ|159529.SZ|159928.SZ|159980.SZ|159981.SZ|159985.SZ|161226.SZ|164824.SZ|510880.SH|513070.SH|513100.SH|513750.SH|515210.SH,1.3530187240079452,0.8598122919060952,cross_entropy,4
rolling_cross_entropy,2024,2025,83,159529.SZ|159928.SZ|159980.SZ|161226.SZ|501018.SH|512880.SH|513070.SH|513100.SH|513500.SH|513730.SH|513750.SH|515210.SH|518880.SH,1.5705344888303348,0.8532903457695046,cross_entropy,4
rolling_cross_entropy,2024,2025,84,159529.SZ|159687.SZ|159825.SZ|159851.SZ|159870.SZ|159981.SZ|159985.SZ|160644.SZ|501018.SH|513070.SH|513750.SH|513880.SH|518880.SH,1.175045880404267,0.8282979607634428,cross_entropy,4
rolling_cross_entropy,2024,2025,85,159981.SZ|161226.SZ|164824.SZ|501018.SH|510880.SH|513070.SH|513310.SH|513730.SH|513750.SH|513880.SH|515210.SH|515790.SH|518880.SH,1.0305813593708226,0.8109949251878138,cross_entropy,4
rolling_cross_entropy,2024,2025,86,159529.SZ|159920.SZ|159981.SZ|159985.SZ|161226.SZ|164824.SZ|501018.SH|510880.SH|512800.SH|513730.SH|513750.SH|513880.SH|515880.SH,1.2621877240410309,0.8920130717054932,cross_entropy,4
rolling_cross_entropy,2024,2025,87,159529.SZ|159825.SZ|159928.SZ|159980.SZ|159981.SZ|159985.SZ|501018.SH|512880.SH|513070.SH|513100.SH|513730.SH|513750.SH|513880.SH,1.93033436212158,0.8402431816568312,cross_entropy,4
rolling_cross_entropy,2024,2025,88,159529.SZ|159851.SZ|159981.SZ|161226.SZ|501018.SH|512880.SH|512890.SH|513030.SH|513070.SH|513500.SH|513750.SH|513880.SH|518880.SH,1.4826657719085654,0.8109949251878138,cross_entropy,4
rolling_cross_entropy,2024,2025,89,159529.SZ|159920.SZ|159928.SZ|159985.SZ|161226.SZ|501018.SH|512400.SH|512880.SH|513100.SH|513500.SH|513750.SH|513880.SH|518880.SH,1.2605740214083379,0.8920130717054932,cross_entropy,4
rolling_cross_entropy,2024,2025,90,159985.SZ|161226.SZ|501018.SH|512100.SH|512660.SH|512890.SH|513070.SH|513100.SH|513500.SH|513730.SH|513750.SH|513880.SH|518880.SH,1.7965198387379504,0.8768490119592794,cross_entropy,4
rolling_cross_entropy,2024,2025,91,159529.SZ|159825.SZ|159869.SZ|159981.SZ|161226.SZ|501018.SH|510210.SH|513070.SH|513100.SH|513500.SH|513750.SH|513880.SH|518880.SH,1.238649871561458,0.8532903457695046,cross_entropy,4
rolling_cross_entropy,2024,2025,92,159518.SZ|159852.SZ|159928.SZ|159981.SZ|159985.SZ|161226.SZ|501018.SH|512890.SH|513070.SH|513100.SH|513500.SH|513750.SH|513880.SH,1.2302715824123986,0.8532903457695046,cross_entropy,4
rolling_cross_entropy,2024,2025,93,159529.SZ|159920.SZ|159981.SZ|159985.SZ|501018.SH|510880.SH|513100.SH|513120.SH|513500.SH|513730.SH|515210.SH|518880.SH|563300.SH,0.9334834090025502,0.8532903457695046,cross_entropy,4
rolling_cross_entropy,2024,2025,94,159509.SZ|159852.SZ|159870.SZ|159980.SZ|159985.SZ|501018.SH|512880.SH|513030.SH|513070.SH|513730.SH|513750.SH|513880.SH|518880.SH,1.674368190308595,0.8109949251878138,cross_entropy,4
rolling_cross_entropy,2024,2025,95,159981.SZ|159985.SZ|501018.SH|512100.SH|512880.SH|513070.SH|513100.SH|513500.SH|513730.SH|513750.SH|513880.SH|518880.SH|588000.SH,1.7744873792996452,0.8532903457695046,cross_entropy,4
rolling_cross_entropy,2024,2025,96,159529.SZ|159851.SZ|159985.SZ|161226.SZ|501018.SH|510880.SH|512880.SH|513070.SH|513080.SH|513100.SH|513730.SH|513750.SH|518880.SH,2.1406391646394836,0.8109949251878138,cross_entropy,4
rolling_cross_entropy,2024,2025,97,159509.SZ|159529.SZ|159611.SZ|159928.SZ|159981.SZ|161226.SZ|501018.SH|512040.SH|513070.SH|513100.SH|513750.SH|513880.SH|518880.SH,1.295383642357453,0.8598122919060952,cross_entropy,4
rolling_cross_entropy,2024,2025,98,159509.SZ|159529.SZ|159985.SZ|161226.SZ|501018.SH|512800.SH|512880.SH|512890.SH|513070.SH|513500.SH|513750.SH|513880.SH|518880.SH,2.083246108048692,0.8109949251878138,cross_entropy,4
rolling_cross_entropy,2024,2025,99,159529.SZ|159980.SZ|159981.SZ|501018.SH|512800.SH|512890.SH|513070.SH|513100.SH|513500.SH|513730.SH|513750.SH|515210.SH|518880.SH,1.6058324474097714,0.8532903457695046,cross_entropy,4
rolling_cross_entropy,2024,2025,100,159509.SZ|159529.SZ|159851.SZ|159980.SZ|161226.SZ|501018.SH|512880.SH|513070.SH|513100.SH|513750.SH|513880.SH|515210.SH|518880.SH,1.889946646156323,0.8598122919060952,cross_entropy,4
rolling_cross_entropy,2025,2026,1,159687.SZ|159920.SZ|159967.SZ|159985.SZ|161226.SZ|501018.SH|510500.SH|512040.SH|513080.SH|513180.SH|513500.SH|513880.SH|518880.SH,0.6916260689115181,0.9154186634947195,cross_entropy,0
rolling_cross_entropy,2025,2026,2,159509.SZ|159901.SZ|159980.SZ|159985.SZ|160644.SZ|161226.SZ|501018.SH|512660.SH|513030.SH|513180.SH|513290.SH|513750.SH|515790.SH,0.8512460610425644,0.7596541200814041,cross_entropy,0
rolling_cross_entropy,2025,2026,3,159206.SZ|159687.SZ|159981.SZ|159985.SZ|160644.SZ|501018.SH|510500.SH|513030.SH|513070.SH|513120.SH|513310.SH|515210.SH|518880.SH,1.5057507640042262,0.7459287489465269,cross_entropy,0
rolling_cross_entropy,2025,2026,4,159529.SZ|159851.SZ|159915.SZ|159920.SZ|159980.SZ|159981.SZ|161226.SZ|512800.SH|513030.SH|513100.SH|513290.SH|513750.SH|518880.SH,1.894133910523893,0.8342956687363152,cross_entropy,0
rolling_cross_entropy,2025,2026,5,159201.SZ|159518.SZ|159529.SZ|159980.SZ|159985.SZ|160644.SZ|161226.SZ|512890.SH|513070.SH|513310.SH|513750.SH|515220.SH|518880.SH,1.1235952029203933,0.7410296767805958,cross_entropy,0
rolling_cross_entropy,2025,2026,6,159518.SZ|159985.SZ|160644.SZ|161226.SZ|164824.SZ|501018.SH|512400.SH|512980.SH|513120.SH|513180.SH|513730.SH|518880.SH|588200.SH,0.9644376856565596,0.6688529783989702,cross_entropy,0
rolling_cross_entropy,2025,2026,7,159518.SZ|159870.SZ|159985.SZ|160644.SZ|161226.SZ|501018.SH|513100.SH|513180.SH|513400.SH|513750.SH|515790.SH|518880.SH|588200.SH,0.6154105044681586,0.8435159933897625,cross_entropy,0
rolling_cross_entropy,2025,2026,8,159209.SZ|159529.SZ|159687.SZ|159980.SZ|159981.SZ|161226.SZ|501018.SH|512170.SH|513120.SH|513180.SH|513290.SH|513730.SH|515790.SH,0.7238792912711772,0.7299524520511864,cross_entropy,0
rolling_cross_entropy,2025,2026,9,159851.SZ|159920.SZ|159981.SZ|161226.SZ|164824.SZ|501018.SH|510300.SH|510880.SH|513030.SH|513180.SH|513310.SH|513400.SH|518880.SH,1.4019670142732426,0.9154186634947195,cross_entropy,0
rolling_cross_entropy,2025,2026,10,159920.SZ|159980.SZ|159981.SZ|164824.SZ|501018.SH|510500.SH|510880.SH|513030.SH|513120.SH|513290.SH|513500.SH|515210.SH|518880.SH,1.4426263045546006,0.6730653748886845,cross_entropy,0
rolling_cross_entropy,2025,2026,11,159509.SZ|159981.SZ|159985.SZ|160644.SZ|161226.SZ|164824.SZ|501018.SH|512040.SH|513070.SH|513080.SH|513180.SH|515210.SH|562500.SH,0.2507204570841548,0.9189240922360594,cross_entropy,0
rolling_cross_entropy,2025,2026,12,159209.SZ|159518.SZ|159980.SZ|159981.SZ|159985.SZ|160644.SZ|512040.SH|512100.SH|513070.SH|513080.SH|513100.SH|513180.SH|518880.SH,0.036244335925546586,0.9189240922360594,cross_entropy,0
rolling_cross_entropy,2025,2026,13,159326.SZ|159529.SZ|159687.SZ|159869.SZ|159920.SZ|159981.SZ|159985.SZ|160644.SZ|161226.SZ|501018.SH|513120.SH|513400.SH|516150.SH,0.8736176165385848,0.6251397056460753,cross_entropy,0
rolling_cross_entropy,2025,2026,14,159980.SZ|159981.SZ|159985.SZ|160644.SZ|501018.SH|510180.SH|510880.SH|512170.SH|513070.SH|513180.SH|513290.SH|513310.SH|513500.SH,0.06869505760058826,0.9189240922360594,cross_entropy,0
rolling_cross_entropy,2025,2026,15,159529.SZ|159766.SZ|159920.SZ|159981.SZ|159985.SZ|161226.SZ|510880.SH|512400.SH|513030.SH|513100.SH|513750.SH|513880.SH|518880.SH,1.329295980161063,0.8342956687363152,cross_entropy,0
rolling_cross_entropy,2025,2026,16,159209.SZ|159529.SZ|159865.SZ|159920.SZ|159980.SZ|159981.SZ|159985.SZ|160644.SZ|164824.SZ|513100.SH|513180.SH|515210.SH|518880.SH,0.5976618782870539,0.9154186634947195,cross_entropy,0
rolling_cross_entropy,2025,2026,17,159687.SZ|159920.SZ|159928.SZ|159980.SZ|161226.SZ|501018.SH|512100.SH|513080.SH|513180.SH|513400.SH|513730.SH|515880.SH|518880.SH,1.120049685215178,0.9154186634947195,cross_entropy,0
rolling_cross_entropy,2025,2026,18,159851.SZ|159949.SZ|159985.SZ|161226.SZ|164824.SZ|501018.SH|510300.SH|513030.SH|513100.SH|513120.SH|513180.SH|513730.SH|518880.SH,1.0839935098184472,0.8929290146200869,cross_entropy,0
rolling_cross_entropy,2025,2026,19,159206.SZ|159851.SZ|159980.SZ|159985.SZ|161226.SZ|164824.SZ|501018.SH|512100.SH|513120.SH|513180.SH|513290.SH|513400.SH|513500.SH,0.5095672317284899,0.9181393430680445,cross_entropy,0
rolling_cross_entropy,2025,2026,20,159529.SZ|159766.SZ|159981.SZ|159985.SZ|161226.SZ|501018.SH|513070.SH|513100.SH|513120.SH|513310.SH|513730.SH|588000.SH|588220.SH,1.4038319744608987,0.8699260682164384,cross_entropy,0
rolling_cross_entropy,2025,2026,21,159326.SZ|159529.SZ|159796.SZ|159901.SZ|159980.SZ|159985.SZ|164824.SZ|501018.SH|513070.SH|513120.SH|513290.SH|513400.SH|518880.SH,1.5705154275555269,0.7922774630150109,cross_entropy,1
rolling_cross_entropy,2025,2026,22,159825.SZ|159901.SZ|159920.SZ|159981.SZ|159985.SZ|164824.SZ|501018.SH|513030.SH|513100.SH|513120.SH|513290.SH|518880.SH|563300.SH,0.8470538293783503,0.7246407321576009,cross_entropy,1
rolling_cross_entropy,2025,2026,23,159529.SZ|159870.SZ|159920.SZ|159980.SZ|159981.SZ|160644.SZ|501018.SH|510880.SH|512800.SH|513030.SH|513120.SH|513290.SH|518880.SH,1.5141233419856601,0.6758868414091979,cross_entropy,1
rolling_cross_entropy,2025,2026,24,159865.SZ|159920.SZ|159949.SZ|159985.SZ|160644.SZ|161226.SZ|501018.SH|510880.SH|513030.SH|513100.SH|513730.SH|513750.SH|518880.SH,1.2069015802794674,0.8342956687363152,cross_entropy,1
rolling_cross_entropy,2025,2026,25,159529.SZ|159981.SZ|159985.SZ|161226.SZ|164824.SZ|510300.SH|510880.SH|513030.SH|513070.SH|513500.SH|513750.SH|515210.SH|518880.SH,1.2470195281740484,0.7410296767805958,cross_entropy,1
rolling_cross_entropy,2025,2026,26,159329.SZ|159928.SZ|159981.SZ|161226.SZ|501018.SH|513100.SH|513180.SH|513290.SH|513400.SH|513750.SH|515210.SH|518880.SH|588220.SH,0.8846611000705111,0.8435159933897625,cross_entropy,1
rolling_cross_entropy,2025,2026,27,159518.SZ|159980.SZ|159981.SZ|160644.SZ|161226.SZ|501018.SH|512100.SH|513030.SH|513070.SH|513180.SH|513290.SH|515220.SH|588220.SH,-0.03655074648780791,0.9189240922360594,cross_entropy,1
rolling_cross_entropy,2025,2026,28,159326.SZ|159529.SZ|159687.SZ|159920.SZ|159980.SZ|159981.SZ|501018.SH|510180.SH|513030.SH|513120.SH|513310.SH|518880.SH|588000.SH,1.207145790503711,0.7962671954849927,cross_entropy,1
rolling_cross_entropy,2025,2026,29,159326.SZ|159920.SZ|159980.SZ|161226.SZ|164824.SZ|501018.SH|510050.SH|512880.SH|513030.SH|513100.SH|513120.SH|513310.SH|518880.SH,1.3598997155219343,0.7688613721819887,cross_entropy,1
rolling_cross_entropy,2025,2026,30,159206.SZ|159329.SZ|159985.SZ|161226.SZ|164824.SZ|501018.SH|513030.SH|513120.SH|513500.SH|513750.SH|515210.SH|518880.SH|588000.SH,2.0543886009142645,0.6198791660841211,cross_entropy,1
rolling_cross_entropy,2025,2026,31,159687.SZ|159865.SZ|159920.SZ|159981.SZ|159985.SZ|160644.SZ|501018.SH|513030.SH|513120.SH|513310.SH|515210.SH|518880.SH|562500.SH,1.1978328021202158,0.5883745302297005,cross_entropy,1
rolling_cross_entropy,2025,2026,32,159206.SZ|159687.SZ|159981.SZ|159985.SZ|160644.SZ|501018.SH|510880.SH|512800.SH|513120.SH|513290.SH|513310.SH|513750.SH|518880.SH,1.6107124013222098,0.6758868414091979,cross_entropy,1
rolling_cross_entropy,2025,2026,33,159518.SZ|159529.SZ|159920.SZ|159980.SZ|159981.SZ|501018.SH|512660.SH|512880.SH|512890.SH|513100.SH|513400.SH|513750.SH|518880.SH,1.267921066551303,0.8435159933897625,cross_entropy,1
rolling_cross_entropy,2025,2026,34,159326.SZ|159981.SZ|161226.SZ|501018.SH|512800.SH|513030.SH|513070.SH|513180.SH|513310.SH|513400.SH|513880.SH|518880.SH|588000.SH,0.9702401876851984,0.9189240922360594,cross_entropy,1
rolling_cross_entropy,2025,2026,35,159529.SZ|159825.SZ|159920.SZ|159981.SZ|161226.SZ|501018.SH|510050.SH|512200.SH|513030.SH|513120.SH|513400.SH|513730.SH|518880.SH,1.1762487506663453,0.7149329360815625,cross_entropy,1
rolling_cross_entropy,2025,2026,36,159529.SZ|159796.SZ|159980.SZ|159981.SZ|161226.SZ|510300.SH|513030.SH|513080.SH|513120.SH|513180.SH|513500.SH|518880.SH|588220.SH,1.2464595010704358,0.8203596986693006,cross_entropy,1
rolling_cross_entropy,2025,2026,37,159529.SZ|159915.SZ|159920.SZ|159981.SZ|161226.SZ|164824.SZ|501018.SH|513100.SH|513120.SH|513310.SH|515880.SH|518880.SH|588200.SH,2.313722154109886,0.7990265061867076,cross_entropy,1
rolling_cross_entropy,2025,2026,38,159518.SZ|159915.SZ|159980.SZ|159981.SZ|164824.SZ|501018.SH|513030.SH|513120.SH|513500.SH|513750.SH|515220.SH|518880.SH|588220.SH,0.909767124611207,0.861257834410198,cross_entropy,1
rolling_cross_entropy,2025,2026,39,159509.SZ|159687.SZ|159980.SZ|159981.SZ|501018.SH|510880.SH|513070.SH|513120.SH|513310.SH|513400.SH|518880.SH|562500.SH|563300.SH,1.9451975942580588,0.8235735985071821,cross_entropy,1
rolling_cross_entropy,2025,2026,40,159529.SZ|159611.SZ|159796.SZ|159920.SZ|159980.SZ|159981.SZ|159985.SZ|160644.SZ|501018.SH|510500.SH|513030.SH|513120.SH|513400.SH,0.23012468572867933,0.7707026304495602,cross_entropy,1
rolling_cross_entropy,2025,2026,41,159529.SZ|159766.SZ|159980.SZ|159981.SZ|160644.SZ|501018.SH|512980.SH|513100.SH|513120.SH|513310.SH|513750.SH|515210.SH|518880.SH,1.4899261794142715,0.6944219174941428,cross_entropy,2
rolling_cross_entropy,2025,2026,42,159206.SZ|159529.SZ|159687.SZ|159981.SZ|159985.SZ|160644.SZ|501018.SH|510880.SH|513120.SH|513290.SH|513750.SH|515210.SH|518880.SH,1.179963925029039,0.5802716968374719,cross_entropy,2
rolling_cross_entropy,2025,2026,43,159329.SZ|159980.SZ|159985.SZ|161226.SZ|501018.SH|512800.SH|513030.SH|513070.SH|513120.SH|513310.SH|513500.SH|562500.SH|588200.SH,0.40834599362359103,0.6967976977990241,cross_entropy,2
rolling_cross_entropy,2025,2026,44,159329.SZ|159865.SZ|159981.SZ|161226.SZ|164824.SZ|501018.SH|513030.SH|513070.SH|513120.SH|513500.SH|515880.SH|518880.SH|588000.SH,1.0643998649606399,0.6775737912900233,cross_entropy,2
rolling_cross_entropy,2025,2026,45,159967.SZ|159981.SZ|161226.SZ|164824.SZ|501018.SH|512800.SH|513070.SH|513100.SH|513120.SH|513290.SH|513400.SH|518880.SH|562500.SH,1.7424161455586293,0.8435159933897625,cross_entropy,2
rolling_cross_entropy,2025,2026,46,159529.SZ|159920.SZ|159980.SZ|159981.SZ|161226.SZ|164824.SZ|501018.SH|510880.SH|513100.SH|513120.SH|513290.SH|515880.SH|562500.SH,1.3702269094062802,0.6102494732985178,cross_entropy,2
rolling_cross_entropy,2025,2026,47,159825.SZ|159980.SZ|160644.SZ|161226.SZ|501018.SH|510500.SH|510880.SH|513030.SH|513070.SH|513100.SH|513120.SH|513310.SH|518880.SH,1.619749897731374,0.6944219174941428,cross_entropy,2
rolling_cross_entropy,2025,2026,48,159206.SZ|159981.SZ|160644.SZ|161226.SZ|164824.SZ|501018.SH|510880.SH|513030.SH|513070.SH|513120.SH|513310.SH|515880.SH|518880.SH,2.3239237037722082,0.5802716968374719,cross_entropy,2
rolling_cross_entropy,2025,2026,49,159206.SZ|159796.SZ|159980.SZ|161226.SZ|164824.SZ|501018.SH|513030.SH|513070.SH|513120.SH|513400.SH|513500.SH|515880.SH|518880.SH,2.1201605656471796,0.9181393430680445,cross_entropy,2
rolling_cross_entropy,2025,2026,50,159529.SZ|159980.SZ|161226.SZ|164824.SZ|501018.SH|510880.SH|513070.SH|513180.SH|513310.SH|513500.SH|515210.SH|515880.SH|518880.SH,1.8452334421406051,0.9189240922360594,cross_entropy,2
rolling_cross_entropy,2025,2026,51,159206.SZ|159329.SZ|159687.SZ|159980.SZ|159985.SZ|164824.SZ|501018.SH|513120.SH|513290.SH|513750.SH|515210.SH|515880.SH|518880.SH,2.3940634651742507,0.5928929697323078,cross_entropy,2
rolling_cross_entropy,2025,2026,52,159529.SZ|159687.SZ|159980.SZ|159985.SZ|161226.SZ|512400.SH|513120.SH|513310.SH|513400.SH|513750.SH|518880.SH|562500.SH|588000.SH,1.811984333448539,0.7270094528479908,cross_entropy,2
rolling_cross_entropy,2025,2026,53,159529.SZ|159949.SZ|159981.SZ|159985.SZ|501018.SH|510180.SH|510880.SH|513030.SH|513070.SH|513310.SH|513500.SH|513750.SH|518880.SH,1.5538790481371627,0.8238716780130195,cross_entropy,2
rolling_cross_entropy,2025,2026,54,159529.SZ|159915.SZ|159981.SZ|159985.SZ|501018.SH|513030.SH|513070.SH|513120.SH|513290.SH|513310.SH|518880.SH|562500.SH|588200.SH,1.4911737697102898,0.7352714597530533,cross_entropy,2
rolling_cross_entropy,2025,2026,55,159509.SZ|159796.SZ|159980.SZ|159981.SZ|161226.SZ|164824.SZ|513030.SH|513070.SH|513120.SH|513500.SH|515880.SH|516150.SH|518880.SH,2.4313277689469683,0.8555362044200798,cross_entropy,2
rolling_cross_entropy,2025,2026,56,159529.SZ|159796.SZ|159981.SZ|159985.SZ|160644.SZ|501018.SH|512800.SH|513070.SH|513120.SH|513290.SH|513400.SH|515880.SH|518880.SH,2.1747770271211406,0.6832452895372874,cross_entropy,2
rolling_cross_entropy,2025,2026,57,159509.SZ|159766.SZ|159920.SZ|159980.SZ|159985.SZ|160644.SZ|161226.SZ|513120.SH|513400.SH|513500.SH|515220.SH|515880.SH|518880.SH,1.864265308759171,0.9181393430680445,cross_entropy,2
rolling_cross_entropy,2025,2026,58,159326.SZ|159687.SZ|159985.SZ|160644.SZ|161226.SZ|501018.SH|510210.SH|513070.SH|513120.SH|513400.SH|513500.SH|515210.SH|518880.SH,1.2429615385054327,0.9181393430680445,cross_entropy,2
rolling_cross_entropy,2025,2026,59,159329.SZ|159687.SZ|159981.SZ|159985.SZ|161226.SZ|501018.SH|510050.SH|512890.SH|513180.SH|513310.SH|513400.SH|513750.SH|562500.SH,0.46098009750377905,0.7369415508190277,cross_entropy,2
rolling_cross_entropy,2025,2026,60,159529.SZ|159687.SZ|159870.SZ|159915.SZ|159980.SZ|159985.SZ|164824.SZ|501018.SH|512980.SH|513070.SH|513290.SH|513750.SH|518880.SH,0.7367460051719751,0.7410296767805958,cross_entropy,2
rolling_cross_entropy,2025,2026,61,159796.SZ|159865.SZ|159980.SZ|159981.SZ|164824.SZ|501018.SH|513030.SH|513070.SH|513120.SH|513310.SH|513500.SH|516150.SH|518880.SH,0.862837117289705,0.6040298328573165,cross_entropy,3
rolling_cross_entropy,2025,2026,62,159206.SZ|159915.SZ|159981.SZ|159985.SZ|164824.SZ|501018.SH|510880.SH|513030.SH|513070.SH|513120.SH|513290.SH|513500.SH|518880.SH,1.306265982270142,0.6730653748886845,cross_entropy,3
rolling_cross_entropy,2025,2026,63,159326.SZ|159981.SZ|161226.SZ|501018.SH|513030.SH|513070.SH|513120.SH|513290.SH|513400.SH|513500.SH|515210.SH|518880.SH|588000.SH,1.4103544377274309,0.9181393430680445,cross_entropy,3
rolling_cross_entropy,2025,2026,64,159206.SZ|159981.SZ|161226.SZ|164824.SZ|501018.SH|513030.SH|513070.SH|513120.SH|513310.SH|513400.SH|515880.SH|518880.SH|588220.SH,2.3573723542075355,0.7185371382888649,cross_entropy,3
rolling_cross_entropy,2025,2026,65,159687.SZ|159915.SZ|159980.SZ|159985.SZ|160644.SZ|501018.SH|510210.SH|513180.SH|513290.SH|513310.SH|513750.SH|516150.SH|518880.SH,0.8617513886261519,0.7952909350211425,cross_entropy,3
rolling_cross_entropy,2025,2026,66,159967.SZ|159980.SZ|159981.SZ|161226.SZ|164824.SZ|513030.SH|513120.SH|513310.SH|513500.SH|513750.SH|515880.SH|518880.SH|563300.SH,2.1387017822024297,0.8251378443044752,cross_entropy,3
rolling_cross_entropy,2025,2026,67,159206.SZ|159326.SZ|159509.SZ|159980.SZ|159985.SZ|160644.SZ|164824.SZ|501018.SH|513120.SH|513500.SH|513750.SH|518880.SH|562500.SH,1.3803133453403615,0.8555362044200798,cross_entropy,3
rolling_cross_entropy,2025,2026,68,159529.SZ|159980.SZ|159981.SZ|160644.SZ|161226.SZ|501018.SH|512170.SH|512800.SH|513030.SH|513070.SH|513120.SH|513310.SH|515880.SH,1.1455259390342696,0.5802716968374719,cross_entropy,3
rolling_cross_entropy,2025,2026,69,159611.SZ|159687.SZ|159949.SZ|159981.SZ|159985.SZ|164824.SZ|501018.SH|513030.SH|513070.SH|513120.SH|513400.SH|518880.SH|588000.SH,1.1728440234668354,0.7751171912907833,cross_entropy,3
rolling_cross_entropy,2025,2026,70,159529.SZ|159687.SZ|159796.SZ|159980.SZ|159985.SZ|501018.SH|513030.SH|513070.SH|513120.SH|513310.SH|515210.SH|515790.SH|518880.SH,1.0227964222865968,0.819383843274864,cross_entropy,3
rolling_cross_entropy,2025,2026,71,159206.SZ|159529.SZ|159687.SZ|159825.SZ|159980.SZ|159985.SZ|164824.SZ|501018.SH|510500.SH|513030.SH|513070.SH|513120.SH|518880.SH,0.696994958614938,0.7459287489465269,cross_entropy,3
rolling_cross_entropy,2025,2026,72,159509.SZ|159865.SZ|159985.SZ|161226.SZ|164824.SZ|501018.SH|510880.SH|512890.SH|513030.SH|513070.SH|513120.SH|513290.SH|518880.SH,1.6107133858061091,0.8983814081391552,cross_entropy,3
rolling_cross_entropy,2025,2026,73,159206.SZ|159326.SZ|159687.SZ|159825.SZ|159980.SZ|159981.SZ|501018.SH|513030.SH|513070.SH|513290.SH|513500.SH|513750.SH|518880.SH,1.391602916568083,0.7410296767805958,cross_entropy,3
rolling_cross_entropy,2025,2026,74,159206.SZ|159796.SZ|159980.SZ|159985.SZ|160644.SZ|164824.SZ|501018.SH|513030.SH|513070.SH|513120.SH|513290.SH|515880.SH|518880.SH,1.8222527720298656,0.5548819696377425,cross_entropy,3
rolling_cross_entropy,2025,2026,75,159206.SZ|159766.SZ|159920.SZ|159980.SZ|159981.SZ|501018.SH|513030.SH|513120.SH|513310.SH|513400.SH|513500.SH|515880.SH|518880.SH,1.769569642220143,0.9181393430680445,cross_entropy,3
rolling_cross_entropy,2025,2026,76,159206.SZ|159518.SZ|159920.SZ|159980.SZ|159981.SZ|164824.SZ|501018.SH|510880.SH|513120.SH|513290.SH|513310.SH|515880.SH|518880.SH,1.9753500094227028,0.5802716968374719,cross_entropy,3
rolling_cross_entropy,2025,2026,77,159206.SZ|159509.SZ|159529.SZ|159980.SZ|161226.SZ|164824.SZ|501018.SH|513030.SH|513070.SH|513750.SH|515210.SH|515880.SH|518880.SH,2.2664542967083587,0.7410296767805958,cross_entropy,3
rolling_cross_entropy,2025,2026,78,159206.SZ|159326.SZ|159980.SZ|159981.SZ|161226.SZ|164824.SZ|501018.SH|513030.SH|513070.SH|513120.SH|513310.SH|513400.SH|515880.SH,1.143640113651758,0.6238561867218773,cross_entropy,3
rolling_cross_entropy,2025,2026,79,159687.SZ|159766.SZ|159920.SZ|159980.SZ|159985.SZ|164824.SZ|501018.SH|512800.SH|512980.SH|513030.SH|513120.SH|513500.SH|518880.SH,0.7576340291079225,0.6040298328573165,cross_entropy,3
rolling_cross_entropy,2025,2026,80,159206.SZ|159796.SZ|159980.SZ|159985.SZ|160644.SZ|164824.SZ|501018.SH|512800.SH|513030.SH|513070.SH|513120.SH|513290.SH|518880.SH,1.6130652945474073,0.5548819696377425,cross_entropy,3
rolling_cross_entropy,2025,2026,81,159518.SZ|159980.SZ|159981.SZ|161226.SZ|164824.SZ|512980.SH|513030.SH|513070.SH|513120.SH|513310.SH|515210.SH|515880.SH|518880.SH,1.4252681549545776,0.5548819696377425,cross_entropy,4
rolling_cross_entropy,2025,2026,82,159206.SZ|159509.SZ|159980.SZ|159981.SZ|501018.SH|513030.SH|513070.SH|513120.SH|513310.SH|513400.SH|515210.SH|515880.SH|518880.SH,2.1677742668478865,0.7390702798506157,cross_entropy,4
rolling_cross_entropy,2025,2026,83,159206.SZ|159967.SZ|159980.SZ|159981.SZ|161226.SZ|164824.SZ|513030.SH|513070.SH|513120.SH|513290.SH|513500.SH|518880.SH|588000.SH,2.0832357824804943,0.7417560367646421,cross_entropy,4
rolling_cross_entropy,2025,2026,84,159920.SZ|159967.SZ|159981.SZ|159985.SZ|161226.SZ|164824.SZ|512400.SH|513030.SH|513120.SH|513290.SH|513310.SH|515880.SH|518880.SH,2.31754860037601,0.8251378443044752,cross_entropy,4
rolling_cross_entropy,2025,2026,85,159206.SZ|159981.SZ|159985.SZ|160644.SZ|161226.SZ|513120.SH|513290.SH|513310.SH|513400.SH|513750.SH|515790.SH|518880.SH|588220.SH,1.9621729753865382,0.7185371382888649,cross_entropy,4
rolling_cross_entropy,2025,2026,86,159206.SZ|159529.SZ|159920.SZ|159981.SZ|159985.SZ|501018.SH|513030.SH|513100.SH|513120.SH|513310.SH|515880.SH|518880.SH|562500.SH,2.1344907227454626,0.7103317003596087,cross_entropy,4
rolling_cross_entropy,2025,2026,87,159509.SZ|159518.SZ|159796.SZ|159980.SZ|159981.SZ|161226.SZ|501018.SH|513070.SH|513080.SH|513290.SH|513750.SH|515210.SH|515880.SH,1.202427876360602,0.7410296767805958,cross_entropy,4
rolling_cross_entropy,2025,2026,88,159206.SZ|159509.SZ|159980.SZ|159981.SZ|159985.SZ|161226.SZ|512800.SH|513070.SH|513080.SH|513120.SH|513290.SH|513310.SH|563300.SH,1.362588181632988,0.7244947597144119,cross_entropy,4
rolling_cross_entropy,2025,2026,89,159529.SZ|159796.SZ|159967.SZ|159981.SZ|159985.SZ|161226.SZ|501018.SH|513030.SH|513070.SH|513120.SH|513290.SH|513310.SH|515880.SH,1.6878535036922222,0.8251378443044752,cross_entropy,4
rolling_cross_entropy,2025,2026,90,159206.SZ|159509.SZ|159920.SZ|159980.SZ|159981.SZ|159985.SZ|160644.SZ|513030.SH|513120.SH|513400.SH|515880.SH|518880.SH|588220.SH,1.5187876710155108,0.7390702798506157,cross_entropy,4
rolling_cross_entropy,2025,2026,91,159509.SZ|159967.SZ|159981.SZ|161226.SZ|164824.SZ|501018.SH|513120.SH|513290.SH|513500.SH|513750.SH|518880.SH|562500.SH|588220.SH,2.0389023187521187,0.8555362044200798,cross_entropy,4
rolling_cross_entropy,2025,2026,92,159206.SZ|159509.SZ|159852.SZ|159980.SZ|159981.SZ|164824.SZ|501018.SH|513030.SH|513120.SH|513400.SH|513750.SH|518880.SH|588200.SH,1.6531618836436224,0.7390702798506157,cross_entropy,4
rolling_cross_entropy,2025,2026,93,159529.SZ|159901.SZ|159967.SZ|159981.SZ|161226.SZ|501018.SH|513030.SH|513070.SH|513120.SH|513310.SH|513400.SH|515880.SH|518880.SH,1.9673733453542157,0.9106541589136087,cross_entropy,4
rolling_cross_entropy,2025,2026,94,159206.SZ|159529.SZ|159981.SZ|159985.SZ|164824.SZ|501018.SH|513030.SH|513070.SH|513120.SH|513310.SH|515880.SH|518880.SH|588000.SH,1.8561902676690027,0.6775737912900233,cross_entropy,4
rolling_cross_entropy,2025,2026,95,159518.SZ|159529.SZ|159796.SZ|159980.SZ|159981.SZ|160644.SZ|164824.SZ|501018.SH|513120.SH|513750.SH|515210.SH|515880.SH|518880.SH,1.2186675798788908,0.5802716968374719,cross_entropy,4
rolling_cross_entropy,2025,2026,96,159509.SZ|159611.SZ|159980.SZ|159981.SZ|159985.SZ|164824.SZ|512800.SH|513070.SH|513400.SH|513500.SH|513750.SH|515880.SH|518880.SH,1.896361761372601,0.9181393430680445,cross_entropy,4
rolling_cross_entropy,2025,2026,97,159206.SZ|159529.SZ|159796.SZ|159980.SZ|159981.SZ|160644.SZ|161226.SZ|164824.SZ|501018.SH|513070.SH|513120.SH|513290.SH|515880.SH,1.4719872716598688,0.5802716968374719,cross_entropy,4
rolling_cross_entropy,2025,2026,98,159980.SZ|159985.SZ|161226.SZ|164824.SZ|501018.SH|510300.SH|510880.SH|513030.SH|513120.SH|513310.SH|513500.SH|513750.SH|588000.SH,1.1238647535967878,0.7874327031732767,cross_entropy,4
rolling_cross_entropy,2025,2026,99,159980.SZ|159981.SZ|161226.SZ|164824.SZ|510880.SH|513070.SH|513120.SH|513400.SH|513500.SH|513880.SH|515880.SH|518880.SH|588220.SH,1.7035627638642223,0.9181393430680445,cross_entropy,4
rolling_cross_entropy,2025,2026,100,159206.SZ|159687.SZ|159980.SZ|159981.SZ|164824.SZ|501018.SH|510880.SH|513070.SH|513120.SH|513290.SH|513400.SH|515880.SH|518880.SH,1.980586392422273,0.6832452895372874,cross_entropy,4
