method,training_period,holding_period,evaluation,codes,sharpe,maximum_within_group_correlation,phase,restart,removed,added
rolling_multi_start_hill,2021-07-01/2021-12-31,2022-01-01/2022-06-30,1,159901.SZ|159920.SZ|159980.SZ|159985.SZ|501018.SH|512200.SH|513030.SH|513080.SH|513180.SH|513500.SH|513880.SH|516150.SH|518880.SH,-1.3809150180987266,0.9194433972050108,restart,0,,
rolling_multi_start_hill,2021-07-01/2021-12-31,2022-01-01/2022-06-30,2,159901.SZ|159920.SZ|159980.SZ|159981.SZ|159985.SZ|501018.SH|512200.SH|513030.SH|513080.SH|513180.SH|513500.SH|513880.SH|516150.SH,-0.19910924570860905,0.9194433972050108,neighbor,0,518880.SH,159981.SZ
rolling_multi_start_hill,2021-07-01/2021-12-31,2022-01-01/2022-06-30,3,159901.SZ|159920.SZ|159980.SZ|159981.SZ|159985.SZ|164824.SZ|501018.SH|512200.SH|513030.SH|513080.SH|513180.SH|513500.SH|516150.SH,0.51981942654732,0.9194433972050108,neighbor,0,513880.SH,164824.SZ
rolling_multi_start_hill,2021-07-01/2021-12-31,2022-01-01/2022-06-30,4,159766.SZ|159901.SZ|159920.SZ|159980.SZ|159981.SZ|159985.SZ|164824.SZ|501018.SH|512200.SH|513030.SH|513080.SH|513180.SH|513500.SH,0.46960243360510884,0.9194433972050108,neighbor,0,516150.SH,159766.SZ
rolling_multi_start_hill,2021-07-01/2021-12-31,2022-01-01/2022-06-30,5,159901.SZ|159920.SZ|159980.SZ|159981.SZ|159985.SZ|160644.SZ|164824.SZ|501018.SH|512200.SH|513030.SH|513080.SH|513180.SH|516150.SH,0.6516846390051144,0.9194433972050108,neighbor,0,513500.SH,160644.SZ
rolling_multi_start_hill,2021-07-01/2021-12-31,2022-01-01/2022-06-30,6,159920.SZ|159980.SZ|159981.SZ|159985.SZ|160644.SZ|164824.SZ|501018.SH|512200.SH|513030.SH|513080.SH|513180.SH|515210.SH|516150.SH,0.7917341927219842,0.9194433972050108,neighbor,0,159901.SZ,515210.SH
rolling_multi_start_hill,2021-07-01/2021-12-31,2022-01-01/2022-06-30,7,159920.SZ|159980.SZ|159981.SZ|159985.SZ|164824.SZ|501018.SH|512200.SH|513030.SH|513080.SH|513180.SH|513880.SH|515210.SH|516150.SH,0.21183413865998516,0.9194433972050108,neighbor,0,160644.SZ,513880.SH
rolling_multi_start_hill,2021-07-01/2021-12-31,2022-01-01/2022-06-30,8,159920.SZ|159980.SZ|159985.SZ|160644.SZ|161226.SZ|164824.SZ|501018.SH|512200.SH|513030.SH|513080.SH|513180.SH|515210.SH|516150.SH,-0.10252468964649748,0.9194433972050108,neighbor,0,159981.SZ,161226.SZ
rolling_multi_start_hill,2021-07-01/2021-12-31,2022-01-01/2022-06-30,9,159920.SZ|159980.SZ|159981.SZ|160644.SZ|161226.SZ|164824.SZ|501018.SH|512200.SH|513030.SH|513080.SH|513180.SH|515210.SH|516150.SH,0.4073770989433201,0.9194433972050108,neighbor,0,159985.SZ,161226.SZ
rolling_multi_start_hill,2021-07-01/2021-12-31,2022-01-01/2022-06-30,10,159865.SZ|159920.SZ|159980.SZ|159981.SZ|159985.SZ|160644.SZ|164824.SZ|501018.SH|512200.SH|513030.SH|513080.SH|513180.SH|515210.SH,0.1778942028403911,0.9194433972050108,neighbor,0,516150.SH,159865.SZ
rolling_multi_start_hill,2021-07-01/2021-12-31,2022-01-01/2022-06-30,11,159920.SZ|159980.SZ|159985.SZ|160644.SZ|164824.SZ|501018.SH|512200.SH|513030.SH|513080.SH|513180.SH|515210.SH|516150.SH|518880.SH,-0.44059690226971354,0.9194433972050108,neighbor,0,159981.SZ,518880.SH
rolling_multi_start_hill,2021-07-01/2021-12-31,2022-01-01/2022-06-30,12,159920.SZ|159980.SZ|159981.SZ|159985.SZ|160644.SZ|161226.SZ|164824.SZ|512200.SH|513030.SH|513080.SH|513180.SH|515210.SH|516150.SH,0.40753120725416686,0.9194433972050108,neighbor,0,501018.SH,161226.SZ
rolling_multi_start_hill,2021-07-01/2021-12-31,2022-01-01/2022-06-30,13,159920.SZ|159980.SZ|159981.SZ|159985.SZ|160644.SZ|164824.SZ|501018.SH|512200.SH|513080.SH|513180.SH|513880.SH|515210.SH|516150.SH,0.2951569348291936,0.9194433972050108,neighbor,0,513030.SH,513880.SH
rolling_multi_start_hill,2021-07-01/2021-12-31,2022-01-01/2022-06-30,14,159920.SZ|159981.SZ|159985.SZ|160644.SZ|164824.SZ|501018.SH|512200.SH|513030.SH|513080.SH|513180.SH|515210.SH|516150.SH|518880.SH,-0.09871132904664648,0.9194433972050108,neighbor,0,159980.SZ,518880.SH
rolling_multi_start_hill,2021-07-01/2021-12-31,2022-01-01/2022-06-30,15,159870.SZ|159920.SZ|159980.SZ|159981.SZ|159985.SZ|160644.SZ|164824.SZ|501018.SH|512200.SH|513030.SH|513080.SH|513180.SH|516150.SH,-0.057406238246989594,0.9194433972050108,neighbor,0,515210.SH,159870.SZ
rolling_multi_start_hill,2021-07-01/2021-12-31,2022-01-01/2022-06-30,16,159920.SZ|159981.SZ|159985.SZ|160644.SZ|161226.SZ|164824.SZ|501018.SH|512200.SH|513030.SH|513080.SH|513180.SH|515210.SH|516150.SH,0.34849691381720826,0.9194433972050108,neighbor,0,159980.SZ,161226.SZ
rolling_multi_start_hill,2021-07-01/2021-12-31,2022-01-01/2022-06-30,17,159869.SZ|159920.SZ|159980.SZ|159981.SZ|159985.SZ|160644.SZ|164824.SZ|501018.SH|512200.SH|513030.SH|513080.SH|513180.SH|516150.SH,0.8583653392261592,0.9194433972050108,neighbor,0,515210.SH,159869.SZ
rolling_multi_start_hill,2021-07-01/2021-12-31,2022-01-01/2022-06-30,18,159869.SZ|159920.SZ|159980.SZ|159981.SZ|159985.SZ|160644.SZ|164824.SZ|501018.SH|512200.SH|513080.SH|513180.SH|513500.SH|516150.SH,1.1395358234089383,0.9194433972050108,neighbor,0,513030.SH,513500.SH
rolling_multi_start_hill,2021-07-01/2021-12-31,2022-01-01/2022-06-30,19,159869.SZ|159920.SZ|159980.SZ|159981.SZ|159985.SZ|160644.SZ|164824.SZ|501018.SH|512200.SH|513080.SH|513100.SH|513180.SH|516150.SH,1.1095168796005348,0.9194433972050108,neighbor,0,513500.SH,513100.SH
rolling_multi_start_hill,2021-07-01/2021-12-31,2022-01-01/2022-06-30,20,159852.SZ|159869.SZ|159920.SZ|159980.SZ|159981.SZ|159985.SZ|160644.SZ|164824.SZ|501018.SH|513080.SH|513180.SH|513500.SH|516150.SH,0.0082577924011866,0.9194433972050108,neighbor,0,512200.SH,159852.SZ
rolling_multi_start_hill,2021-07-01/2021-12-31,2022-01-01/2022-06-30,21,159920.SZ|159980.SZ|159981.SZ|160644.SZ|161226.SZ|510050.SH|510880.SH|512040.SH|513080.SH|513180.SH|513500.SH|513880.SH|518880.SH,-0.6316641722646131,0.9194433972050108,restart,1,,
rolling_multi_start_hill,2021-07-01/2021-12-31,2022-01-01/2022-06-30,22,159920.SZ|159980.SZ|159981.SZ|160644.SZ|161226.SZ|510050.SH|510880.SH|512040.SH|513080.SH|513100.SH|513180.SH|513880.SH|518880.SH,-0.09847494125422414,0.9194433972050108,neighbor,1,513500.SH,513100.SH
rolling_multi_start_hill,2021-07-01/2021-12-31,2022-01-01/2022-06-30,23,159920.SZ|159980.SZ|159985.SZ|160644.SZ|161226.SZ|510050.SH|510880.SH|512040.SH|513080.SH|513100.SH|513180.SH|513880.SH|518880.SH,-1.8096772852105207,0.9194433972050108,neighbor,1,159981.SZ,159985.SZ
rolling_multi_start_hill,2021-07-01/2021-12-31,2022-01-01/2022-06-30,24,159920.SZ|159980.SZ|159981.SZ|160644.SZ|161226.SZ|164824.SZ|510050.SH|510880.SH|512040.SH|513100.SH|513180.SH|513880.SH|518880.SH,0.5094780920844424,0.9194433972050108,neighbor,1,513080.SH,164824.SZ
rolling_multi_start_hill,2021-07-01/2021-12-31,2022-01-01/2022-06-30,25,159920.SZ|159980.SZ|159981.SZ|160644.SZ|161226.SZ|164824.SZ|510880.SH|512040.SH|512880.SH|513100.SH|513180.SH|513880.SH|518880.SH,0.6797601045661801,0.9194433972050108,neighbor,1,510050.SH,512880.SH
rolling_multi_start_hill,2021-07-01/2021-12-31,2022-01-01/2022-06-30,26,159920.SZ|159980.SZ|159981.SZ|160644.SZ|161226.SZ|164824.SZ|510880.SH|512170.SH|512880.SH|513100.SH|513180.SH|513880.SH|518880.SH,-0.26294466398326294,0.9194433972050108,neighbor,1,512040.SH,512170.SH
rolling_multi_start_hill,2021-07-01/2021-12-31,2022-01-01/2022-06-30,27,159870.SZ|159920.SZ|159980.SZ|159981.SZ|160644.SZ|161226.SZ|164824.SZ|510880.SH|512880.SH|513100.SH|513180.SH|513880.SH|518880.SH,0.026717911466185643,0.9194433972050108,neighbor,1,512040.SH,159870.SZ
rolling_multi_start_hill,2021-07-01/2021-12-31,2022-01-01/2022-06-30,28,159920.SZ|159980.SZ|159981.SZ|160644.SZ|161226.SZ|164824.SZ|510880.SH|512040.SH|512880.SH|513080.SH|513100.SH|513180.SH|518880.SH,0.8209679870716408,0.9194433972050108,neighbor,1,513880.SH,513080.SH
rolling_multi_start_hill,2021-07-01/2021-12-31,2022-01-01/2022-06-30,29,159920.SZ|159980.SZ|159981.SZ|159985.SZ|160644.SZ|161226.SZ|164824.SZ|510880.SH|512040.SH|512880.SH|513080.SH|513100.SH|513180.SH,0.6982974775473573,0.9194433972050108,neighbor,1,518880.SH,159985.SZ
rolling_multi_start_hill,2021-07-01/2021-12-31,2022-01-01/2022-06-30,30,159901.SZ|159920.SZ|159980.SZ|159981.SZ|160644.SZ|161226.SZ|164824.SZ|512040.SH|512880.SH|513080.SH|513100.SH|513180.SH|518880.SH,0.34593587090587774,0.9194433972050108,neighbor,1,510880.SH,159901.SZ
rolling_multi_start_hill,2021-07-01/2021-12-31,2022-01-01/2022-06-30,31,159920.SZ|159980.SZ|159981.SZ|160644.SZ|161226.SZ|164824.SZ|512040.SH|512880.SH|513080.SH|513100.SH|513180.SH|516150.SH|518880.SH,0.6759804974689853,0.9194433972050108,neighbor,1,510880.SH,516150.SH
rolling_multi_start_hill,2021-07-01/2021-12-31,2022-01-01/2022-06-30,32,159915.SZ|159920.SZ|159980.SZ|159981.SZ|160644.SZ|161226.SZ|164824.SZ|512040.SH|512880.SH|513080.SH|513100.SH|513180.SH|518880.SH,0.3621243164096824,0.9194433972050108,neighbor,1,510880.SH,159915.SZ
rolling_multi_start_hill,2021-07-01/2021-12-31,2022-01-01/2022-06-30,33,159920.SZ|159980.SZ|159981.SZ|159985.SZ|160644.SZ|164824.SZ|510880.SH|512040.SH|512880.SH|513080.SH|513100.SH|513180.SH|518880.SH,0.7100143643978161,0.9194433972050108,neighbor,1,161226.SZ,159985.SZ
rolling_multi_start_hill,2021-07-01/2021-12-31,2022-01-01/2022-06-30,34,159920.SZ|159980.SZ|159981.SZ|160644.SZ|161226.SZ|164824.SZ|510880.SH|512040.SH|512800.SH|513080.SH|513100.SH|513180.SH|518880.SH,0.515290132334772,0.9194433972050108,neighbor,1,512880.SH,512800.SH
rolling_multi_start_hill,2021-07-01/2021-12-31,2022-01-01/2022-06-30,35,159920.SZ|159980.SZ|159981.SZ|161226.SZ|164824.SZ|510880.SH|512040.SH|512880.SH|513080.SH|513100.SH|513180.SH|513880.SH|518880.SH,0.3324205039319227,0.9194433972050108,neighbor,1,160644.SZ,513880.SH
rolling_multi_start_hill,2021-07-01/2021-12-31,2022-01-01/2022-06-30,36,159920.SZ|159980.SZ|159981.SZ|160644.SZ|161226.SZ|164824.SZ|510880.SH|512040.SH|512880.SH|513080.SH|513180.SH|513880.SH|518880.SH,-0.13291663217242802,0.9194433972050108,neighbor,1,513100.SH,513880.SH
rolling_multi_start_hill,2021-07-01/2021-12-31,2022-01-01/2022-06-30,37,159920.SZ|159981.SZ|159985.SZ|160644.SZ|161226.SZ|164824.SZ|510880.SH|512040.SH|512880.SH|513080.SH|513100.SH|513180.SH|518880.SH,0.2854832794565713,0.9194433972050108,neighbor,1,159980.SZ,159985.SZ
rolling_multi_start_hill,2021-07-01/2021-12-31,2022-01-01/2022-06-30,38,159825.SZ|159920.SZ|159980.SZ|159981.SZ|160644.SZ|161226.SZ|164824.SZ|510880.SH|512040.SH|513080.SH|513100.SH|513180.SH|518880.SH,0.6355176848227245,0.9194433972050108,neighbor,1,512880.SH,159825.SZ
rolling_multi_start_hill,2021-07-01/2021-12-31,2022-01-01/2022-06-30,39,159920.SZ|159980.SZ|159981.SZ|160644.SZ|161226.SZ|164824.SZ|510880.SH|512040.SH|512880.SH|513080.SH|513180.SH|513500.SH|518880.SH,0.6972281884941524,0.9194433972050108,neighbor,1,513100.SH,513500.SH
rolling_multi_start_hill,2021-07-01/2021-12-31,2022-01-01/2022-06-30,40,159920.SZ|159980.SZ|159981.SZ|160644.SZ|161226.SZ|164824.SZ|510880.SH|512040.SH|512880.SH|513100.SH|513180.SH|513500.SH|518880.SH,1.3782075777440899,0.9194433972050108,neighbor,1,513080.SH,513500.SH
rolling_multi_start_hill,2021-07-01/2021-12-31,2022-01-01/2022-06-30,41,159825.SZ|159920.SZ|159949.SZ|159980.SZ|159981.SZ|160644.SZ|161226.SZ|164824.SZ|513080.SH|513180.SH|513500.SH|515790.SH|518880.SH,-0.466689906216416,0.9194433972050108,restart,2,,
rolling_multi_start_hill,2021-07-01/2021-12-31,2022-01-01/2022-06-30,42,159825.SZ|159920.SZ|159949.SZ|159980.SZ|159981.SZ|160644.SZ|161226.SZ|164824.SZ|513100.SH|513180.SH|513500.SH|515790.SH|518880.SH,-0.33090535705363877,0.9194433972050108,neighbor,2,513080.SH,513100.SH
rolling_multi_start_hill,2021-07-01/2021-12-31,2022-01-01/2022-06-30,43,159825.SZ|159920.SZ|159949.SZ|159980.SZ|159981.SZ|160644.SZ|161226.SZ|513100.SH|513180.SH|513500.SH|513880.SH|515790.SH|518880.SH,-0.894780875864507,0.9194433972050108,neighbor,2,164824.SZ,513880.SH
rolling_multi_start_hill,2021-07-01/2021-12-31,2022-01-01/2022-06-30,44,159825.SZ|159920.SZ|159949.SZ|159981.SZ|160644.SZ|161226.SZ|164824.SZ|501018.SH|513100.SH|513180.SH|513500.SH|515790.SH|518880.SH,0.1624554328541995,0.9194433972050108,neighbor,2,159980.SZ,501018.SH
rolling_multi_start_hill,2021-07-01/2021-12-31,2022-01-01/2022-06-30,45,159825.SZ|159920.SZ|159949.SZ|159981.SZ|160644.SZ|161226.SZ|164824.SZ|501018.SH|513180.SH|513500.SH|513880.SH|515790.SH|518880.SH,-0.05957657601007772,0.9194433972050108,neighbor,2,513100.SH,513880.SH
rolling_multi_start_hill,2021-07-01/2021-12-31,2022-01-01/2022-06-30,46,159825.SZ|159920.SZ|159949.SZ|159980.SZ|159981.SZ|160644.SZ|161226.SZ|164824.SZ|501018.SH|513100.SH|513180.SH|513500.SH|515790.SH,-0.03953340929316508,0.9194433972050108,neighbor,2,518880.SH,159980.SZ
rolling_multi_start_hill,2021-07-01/2021-12-31,2022-01-01/2022-06-30,47,159825.SZ|159920.SZ|159949.SZ|159981.SZ|160644.SZ|161226.SZ|164824.SZ|501018.SH|513100.SH|513180.SH|513880.SH|515790.SH|518880.SH,-0.1411121380323168,0.9194433972050108,neighbor,2,513500.SH,513880.SH
rolling_multi_start_hill,2021-07-01/2021-12-31,2022-01-01/2022-06-30,48,159920.SZ|159949.SZ|159981.SZ|160644.SZ|161226.SZ|164824.SZ|501018.SH|513100.SH|513180.SH|513500.SH|515220.SH|515790.SH|518880.SH,0.5654705831021801,0.9194433972050108,neighbor,2,159825.SZ,515220.SH
rolling_multi_start_hill,2021-07-01/2021-12-31,2022-01-01/2022-06-30,49,159920.SZ|159949.SZ|159981.SZ|160644.SZ|161226.SZ|501018.SH|513100.SH|513180.SH|513500.SH|513880.SH|515220.SH|515790.SH|518880.SH,0.30744456796258984,0.9194433972050108,neighbor,2,164824.SZ,513880.SH
rolling_multi_start_hill,2021-07-01/2021-12-31,2022-01-01/2022-06-30,50,159920.SZ|159949.SZ|159981.SZ|160644.SZ|161226.SZ|164824.SZ|501018.SH|513100.SH|513180.SH|513880.SH|515220.SH|515790.SH|518880.SH,0.302237895878464,0.9194433972050108,neighbor,2,513500.SH,513880.SH
rolling_multi_start_hill,2021-07-01/2021-12-31,2022-01-01/2022-06-30,51,159920.SZ|159949.SZ|159980.SZ|160644.SZ|161226.SZ|164824.SZ|501018.SH|513100.SH|513180.SH|513500.SH|515220.SH|515790.SH|518880.SH,0.6147756885122218,0.9194433972050108,neighbor,2,159981.SZ,159980.SZ
rolling_multi_start_hill,2021-07-01/2021-12-31,2022-01-01/2022-06-30,52,159920.SZ|159949.SZ|159980.SZ|160644.SZ|161226.SZ|164824.SZ|501018.SH|513080.SH|513180.SH|513500.SH|515220.SH|515790.SH|518880.SH,-0.049530542071140486,0.9194433972050108,neighbor,2,513100.SH,513080.SH
rolling_multi_start_hill,2021-07-01/2021-12-31,2022-01-01/2022-06-30,53,159920.SZ|159949.SZ|159980.SZ|159981.SZ|160644.SZ|161226.SZ|164824.SZ|513100.SH|513180.SH|513500.SH|515220.SH|515790.SH|518880.SH,0.5410238532354285,0.9194433972050108,neighbor,2,501018.SH,159981.SZ
rolling_multi_start_hill,2021-07-01/2021-12-31,2022-01-01/2022-06-30,54,159920.SZ|159949.SZ|159985.SZ|160644.SZ|161226.SZ|164824.SZ|501018.SH|513100.SH|513180.SH|513500.SH|515220.SH|515790.SH|518880.SH,-0.006487344940823187,0.9194433972050108,neighbor,2,159980.SZ,159985.SZ
rolling_multi_start_hill,2021-07-01/2021-12-31,2022-01-01/2022-06-30,55,159920.SZ|159949.SZ|159980.SZ|160644.SZ|161226.SZ|164824.SZ|501018.SH|512890.SH|513100.SH|513180.SH|513500.SH|515790.SH|518880.SH,0.7304356164774168,0.9194433972050108,neighbor,2,515220.SH,512890.SH
rolling_multi_start_hill,2021-07-01/2021-12-31,2022-01-01/2022-06-30,56,159920.SZ|159949.SZ|159980.SZ|159981.SZ|160644.SZ|161226.SZ|164824.SZ|512890.SH|513100.SH|513180.SH|513500.SH|515790.SH|518880.SH,0.7204089984945067,0.9194433972050108,neighbor,2,501018.SH,159981.SZ
rolling_multi_start_hill,2021-07-01/2021-12-31,2022-01-01/2022-06-30,57,159852.SZ|159920.SZ|159980.SZ|160644.SZ|161226.SZ|164824.SZ|501018.SH|512890.SH|513100.SH|513180.SH|513500.SH|515790.SH|518880.SH,0.3727845427159791,0.9194433972050108,neighbor,2,159949.SZ,159852.SZ
rolling_multi_start_hill,2021-07-01/2021-12-31,2022-01-01/2022-06-30,58,159870.SZ|159920.SZ|159949.SZ|159980.SZ|160644.SZ|161226.SZ|164824.SZ|501018.SH|513100.SH|513180.SH|513500.SH|515790.SH|518880.SH,-0.02969990752565073,0.9194433972050108,neighbor,2,512890.SH,159870.SZ
rolling_multi_start_hill,2021-07-01/2021-12-31,2022-01-01/2022-06-30,59,159920.SZ|159949.SZ|159980.SZ|159985.SZ|160644.SZ|161226.SZ|164824.SZ|501018.SH|512890.SH|513100.SH|513180.SH|513500.SH|515790.SH,0.909008110694919,0.9194433972050108,neighbor,2,518880.SH,159985.SZ
rolling_multi_start_hill,2021-07-01/2021-12-31,2022-01-01/2022-06-30,60,159920.SZ|159949.SZ|159980.SZ|159985.SZ|160644.SZ|161226.SZ|164824.SZ|501018.SH|512890.SH|513100.SH|513180.SH|513880.SH|515790.SH,0.24708726127292135,0.9194433972050108,neighbor,2,513500.SH,513880.SH
rolling_multi_start_hill,2021-07-01/2021-12-31,2022-01-01/2022-06-30,61,159870.SZ|159920.SZ|159928.SZ|159980.SZ|159985.SZ|160644.SZ|161226.SZ|164824.SZ|501018.SH|510180.SH|513180.SH|513500.SH|513880.SH,-1.1476149752081686,0.9194433972050108,restart,3,,
rolling_multi_start_hill,2021-07-01/2021-12-31,2022-01-01/2022-06-30,62,159870.SZ|159920.SZ|159928.SZ|159980.SZ|159985.SZ|161226.SZ|164824.SZ|501018.SH|510180.SH|513100.SH|513180.SH|513500.SH|513880.SH,-1.394644427371302,0.9194433972050108,neighbor,3,160644.SZ,513100.SH
rolling_multi_start_hill,2021-07-01/2021-12-31,2022-01-01/2022-06-30,63,159870.SZ|159920.SZ|159928.SZ|159980.SZ|159985.SZ|160644.SZ|161226.SZ|164824.SZ|510180.SH|513180.SH|513500.SH|513880.SH|518880.SH,-2.035545750207771,0.9194433972050108,neighbor,3,501018.SH,518880.SH
rolling_multi_start_hill,2021-07-01/2021-12-31,2022-01-01/2022-06-30,64,159901.SZ|159920.SZ|159928.SZ|159980.SZ|159985.SZ|160644.SZ|161226.SZ|164824.SZ|501018.SH|510180.SH|513180.SH|513500.SH|513880.SH,-1.1814867512391674,0.9194433972050108,neighbor,3,159870.SZ,159901.SZ
rolling_multi_start_hill,2021-07-01/2021-12-31,2022-01-01/2022-06-30,65,159870.SZ|159920.SZ|159928.SZ|159980.SZ|159985.SZ|160644.SZ|161226.SZ|164824.SZ|501018.SH|510180.SH|513100.SH|513180.SH|513880.SH,-0.9914273350164873,0.9194433972050108,neighbor,3,513500.SH,513100.SH
rolling_multi_start_hill,2021-07-01/2021-12-31,2022-01-01/2022-06-30,66,159870.SZ|159920.SZ|159949.SZ|159980.SZ|159985.SZ|160644.SZ|161226.SZ|164824.SZ|501018.SH|510180.SH|513100.SH|513180.SH|513880.SH,-0.8387346844265461,0.9194433972050108,neighbor,3,159928.SZ,159949.SZ
rolling_multi_start_hill,2021-07-01/2021-12-31,2022-01-01/2022-06-30,67,159870.SZ|159920.SZ|159949.SZ|159980.SZ|159985.SZ|161226.SZ|164824.SZ|501018.SH|510180.SH|513030.SH|513100.SH|513180.SH|513880.SH,-1.3754168347222726,0.9194433972050108,neighbor,3,160644.SZ,513030.SH
rolling_multi_start_hill,2021-07-01/2021-12-31,2022-01-01/2022-06-30,68,159920.SZ|159949.SZ|159980.SZ|159985.SZ|160644.SZ|161226.SZ|164824.SZ|501018.SH|510180.SH|512660.SH|513100.SH|513180.SH|513880.SH,-0.39348573581360763,0.9194433972050108,neighbor,3,159870.SZ,512660.SH
rolling_multi_start_hill,2021-07-01/2021-12-31,2022-01-01/2022-06-30,69,159852.SZ|159920.SZ|159949.SZ|159980.SZ|159985.SZ|160644.SZ|161226.SZ|164824.SZ|501018.SH|510180.SH|513100.SH|513180.SH|513880.SH,-0.9087585622356615,0.9194433972050108,neighbor,3,512660.SH,159852.SZ
rolling_multi_start_hill,2021-07-01/2021-12-31,2022-01-01/2022-06-30,70,159920.SZ|159949.SZ|159980.SZ|159985.SZ|160644.SZ|161226.SZ|164824.SZ|501018.SH|510180.SH|512660.SH|513180.SH|513500.SH|513880.SH,-0.12731957448412376,0.9194433972050108,neighbor,3,513100.SH,513500.SH
rolling_multi_start_hill,2021-07-01/2021-12-31,2022-01-01/2022-06-30,71,159920.SZ|159949.SZ|159985.SZ|160644.SZ|161226.SZ|164824.SZ|501018.SH|510180.SH|512660.SH|513180.SH|513500.SH|513880.SH|518880.SH,-0.6334129668537041,0.9194433972050108,neighbor,3,159980.SZ,518880.SH
rolling_multi_start_hill,2021-07-01/2021-12-31,2022-01-01/2022-06-30,72,159920.SZ|159949.SZ|159980.SZ|159985.SZ|161226.SZ|164824.SZ|501018.SH|510180.SH|512660.SH|513080.SH|513180.SH|513500.SH|513880.SH,-0.7283200692631137,0.9194433972050108,neighbor,3,160644.SZ,513080.SH
rolling_multi_start_hill,2021-07-01/2021-12-31,2022-01-01/2022-06-30,73,159920.SZ|159949.SZ|159980.SZ|159985.SZ|161226.SZ|164824.SZ|501018.SH|510180.SH|512660.SH|513100.SH|513180.SH|513500.SH|513880.SH,-0.38601849197101384,0.9194433972050108,neighbor,3,160644.SZ,513100.SH
rolling_multi_start_hill,2021-07-01/2021-12-31,2022-01-01/2022-06-30,74,159920.SZ|159949.SZ|159980.SZ|160644.SZ|161226.SZ|164824.SZ|501018.SH|510180.SH|512660.SH|513180.SH|513500.SH|513880.SH|518880.SH,-0.8460942104629452,0.9194433972050108,neighbor,3,159985.SZ,518880.SH
rolling_multi_start_hill,2021-07-01/2021-12-31,2022-01-01/2022-06-30,75,159851.SZ|159920.SZ|159980.SZ|159985.SZ|160644.SZ|161226.SZ|164824.SZ|501018.SH|510180.SH|512660.SH|513180.SH|513500.SH|513880.SH,0.6695905443156441,0.9194433972050108,neighbor,3,159949.SZ,159851.SZ
rolling_multi_start_hill,2021-07-01/2021-12-31,2022-01-01/2022-06-30,76,159851.SZ|159920.SZ|159980.SZ|159985.SZ|160644.SZ|161226.SZ|164824.SZ|501018.SH|512170.SH|512660.SH|513180.SH|513500.SH|513880.SH,-0.32368156147922483,0.9194433972050108,neighbor,3,510180.SH,512170.SH
rolling_multi_start_hill,2021-07-01/2021-12-31,2022-01-01/2022-06-30,77,159851.SZ|159920.SZ|159980.SZ|159985.SZ|160644.SZ|161226.SZ|164824.SZ|501018.SH|512660.SH|513180.SH|513500.SH|513880.SH|516150.SH,1.3946055922045535,0.9194433972050108,neighbor,3,510180.SH,516150.SH
rolling_multi_start_hill,2021-07-01/2021-12-31,2022-01-01/2022-06-30,78,159851.SZ|159920.SZ|159980.SZ|159985.SZ|160644.SZ|161226.SZ|164824.SZ|512660.SH|513180.SH|513500.SH|513880.SH|516150.SH|518880.SH,-0.4015201632666591,0.9194433972050108,neighbor,3,501018.SH,518880.SH
rolling_multi_start_hill,2021-07-01/2021-12-31,2022-01-01/2022-06-30,79,159920.SZ|159967.SZ|159980.SZ|159985.SZ|160644.SZ|161226.SZ|164824.SZ|501018.SH|512660.SH|513180.SH|513500.SH|513880.SH|516150.SH,0.8307357463897673,0.9194433972050108,neighbor,3,159851.SZ,159967.SZ
rolling_multi_start_hill,2021-07-01/2021-12-31,2022-01-01/2022-06-30,80,159851.SZ|159920.SZ|159985.SZ|160644.SZ|161226.SZ|164824.SZ|501018.SH|512660.SH|513180.SH|513500.SH|513880.SH|516150.SH|518880.SH,-0.029268138910761327,0.9194433972050108,neighbor,3,159980.SZ,518880.SH
rolling_multi_start_hill,2021-07-01/2021-12-31,2022-01-01/2022-06-30,81,159870.SZ|159920.SZ|159980.SZ|159985.SZ|160644.SZ|161226.SZ|501018.SH|510300.SH|512880.SH|513030.SH|513100.SH|513180.SH|513880.SH,-1.2421220851326618,0.9194433972050108,restart,4,,
rolling_multi_start_hill,2021-07-01/2021-12-31,2022-01-01/2022-06-30,82,159870.SZ|159920.SZ|159980.SZ|160644.SZ|161226.SZ|501018.SH|510300.SH|512880.SH|513030.SH|513100.SH|513180.SH|513880.SH|518880.SH,-1.0324889469694996,0.9194433972050108,neighbor,4,159985.SZ,518880.SH
rolling_multi_start_hill,2021-07-01/2021-12-31,2022-01-01/2022-06-30,83,159870.SZ|159920.SZ|159980.SZ|160644.SZ|161226.SZ|164824.SZ|501018.SH|510300.SH|512880.SH|513030.SH|513100.SH|513180.SH|518880.SH,-0.589526940980042,0.9194433972050108,neighbor,4,513880.SH,164824.SZ
rolling_multi_start_hill,2021-07-01/2021-12-31,2022-01-01/2022-06-30,84,159870.SZ|159920.SZ|159980.SZ|160644.SZ|161226.SZ|164824.SZ|501018.SH|510300.SH|512880.SH|513080.SH|513100.SH|513180.SH|518880.SH,-0.7136888882273666,0.9194433972050108,neighbor,4,513030.SH,513080.SH
rolling_multi_start_hill,2021-07-01/2021-12-31,2022-01-01/2022-06-30,85,159870.SZ|159920.SZ|159928.SZ|159980.SZ|160644.SZ|161226.SZ|164824.SZ|501018.SH|510300.SH|513030.SH|513100.SH|513180.SH|518880.SH,-0.7779519902172046,0.9194433972050108,neighbor,4,512880.SH,159928.SZ
rolling_multi_start_hill,2021-07-01/2021-12-31,2022-01-01/2022-06-30,86,159870.SZ|159920.SZ|159980.SZ|160644.SZ|161226.SZ|164824.SZ|501018.SH|510180.SH|512880.SH|513030.SH|513100.SH|513180.SH|518880.SH,-0.7823191259741085,0.9194433972050108,neighbor,4,510300.SH,510180.SH
rolling_multi_start_hill,2021-07-01/2021-12-31,2022-01-01/2022-06-30,87,159870.SZ|159920.SZ|159980.SZ|160644.SZ|161226.SZ|164824.SZ|501018.SH|512880.SH|513030.SH|513100.SH|513180.SH|518880.SH|588000.SH,-0.2893489456135534,0.9194433972050108,neighbor,4,510300.SH,588000.SH
rolling_multi_start_hill,2021-07-01/2021-12-31,2022-01-01/2022-06-30,88,159920.SZ|159980.SZ|160644.SZ|161226.SZ|164824.SZ|501018.SH|512880.SH|513030.SH|513100.SH|513180.SH|515210.SH|518880.SH|588000.SH,0.6875090020357958,0.9194433972050108,neighbor,4,159870.SZ,515210.SH
rolling_multi_start_hill,2021-07-01/2021-12-31,2022-01-01/2022-06-30,89,159920.SZ|159980.SZ|160644.SZ|161226.SZ|501018.SH|512880.SH|513030.SH|513100.SH|513180.SH|513880.SH|515210.SH|518880.SH|588000.SH,-0.04482806890230877,0.9194433972050108,neighbor,4,164824.SZ,513880.SH
rolling_multi_start_hill,2021-07-01/2021-12-31,2022-01-01/2022-06-30,90,159920.SZ|159980.SZ|160644.SZ|161226.SZ|164824.SZ|501018.SH|512400.SH|512880.SH|513030.SH|513100.SH|513180.SH|515210.SH|518880.SH,0.4580660446625957,0.9194433972050108,neighbor,4,588000.SH,512400.SH
rolling_multi_start_hill,2021-07-01/2021-12-31,2022-01-01/2022-06-30,91,159920.SZ|159980.SZ|161226.SZ|164824.SZ|501018.SH|512880.SH|513030.SH|513100.SH|513180.SH|513500.SH|515210.SH|518880.SH|588000.SH,0.5100563322352567,0.9194433972050108,neighbor,4,160644.SZ,513500.SH
rolling_multi_start_hill,2021-07-01/2021-12-31,2022-01-01/2022-06-30,92,159920.SZ|159980.SZ|159985.SZ|160644.SZ|164824.SZ|501018.SH|512880.SH|513030.SH|513100.SH|513180.SH|515210.SH|518880.SH|588000.SH,0.3000186310766026,0.9194433972050108,neighbor,4,161226.SZ,159985.SZ
rolling_multi_start_hill,2021-07-01/2021-12-31,2022-01-01/2022-06-30,93,159920.SZ|159980.SZ|159981.SZ|160644.SZ|161226.SZ|164824.SZ|512880.SH|513030.SH|513100.SH|513180.SH|515210.SH|518880.SH|588000.SH,0.8179038013196269,0.9194433972050108,neighbor,4,501018.SH,159981.SZ
rolling_multi_start_hill,2021-07-01/2021-12-31,2022-01-01/2022-06-30,94,159920.SZ|159980.SZ|159981.SZ|160644.SZ|161226.SZ|164824.SZ|512880.SH|513030.SH|513100.SH|513180.SH|515790.SH|518880.SH|588000.SH,0.9479338971876272,0.9194433972050108,neighbor,4,515210.SH,515790.SH
rolling_multi_start_hill,2021-07-01/2021-12-31,2022-01-01/2022-06-30,95,159920.SZ|159980.SZ|159981.SZ|160644.SZ|161226.SZ|164824.SZ|512200.SH|513030.SH|513100.SH|513180.SH|515790.SH|518880.SH|588000.SH,0.6557011097412564,0.9194433972050108,neighbor,4,512880.SH,512200.SH
rolling_multi_start_hill,2021-07-01/2021-12-31,2022-01-01/2022-06-30,96,159920.SZ|159980.SZ|159981.SZ|160644.SZ|161226.SZ|164824.SZ|512880.SH|512980.SH|513030.SH|513100.SH|513180.SH|515790.SH|518880.SH,0.7228981970396372,0.9194433972050108,neighbor,4,588000.SH,512980.SH
rolling_multi_start_hill,2021-07-01/2021-12-31,2022-01-01/2022-06-30,97,159852.SZ|159920.SZ|159980.SZ|159981.SZ|160644.SZ|161226.SZ|164824.SZ|512880.SH|513030.SH|513100.SH|513180.SH|518880.SH|588000.SH,-0.06782154972390365,0.9194433972050108,neighbor,4,515790.SH,159852.SZ
rolling_multi_start_hill,2021-07-01/2021-12-31,2022-01-01/2022-06-30,98,159920.SZ|159980.SZ|159981.SZ|160644.SZ|161226.SZ|164824.SZ|512880.SH|513030.SH|513180.SH|513500.SH|515790.SH|518880.SH|588000.SH,0.5901398693792752,0.9194433972050108,neighbor,4,513100.SH,513500.SH
rolling_multi_start_hill,2021-07-01/2021-12-31,2022-01-01/2022-06-30,99,159920.SZ|159980.SZ|159981.SZ|160644.SZ|164824.SZ|501018.SH|512880.SH|513030.SH|513100.SH|513180.SH|515790.SH|518880.SH|588000.SH,0.8063599690688975,0.9194433972050108,neighbor,4,161226.SZ,501018.SH
rolling_multi_start_hill,2021-07-01/2021-12-31,2022-01-01/2022-06-30,100,159920.SZ|159981.SZ|160644.SZ|161226.SZ|164824.SZ|501018.SH|512880.SH|513030.SH|513100.SH|513180.SH|515790.SH|518880.SH|588000.SH,0.24508760574287508,0.9194433972050108,neighbor,4,159980.SZ,501018.SH
rolling_multi_start_hill,2022-01-01/2022-06-30,2022-07-01/2022-12-31,1,159796.SZ|159980.SZ|159981.SZ|160644.SZ|161226.SZ|501018.SH|510300.SH|510500.SH|513030.SH|513070.SH|513180.SH|513500.SH|513880.SH,0.4552641558956275,0.9123874319228055,restart,0,,
rolling_multi_start_hill,2022-01-01/2022-06-30,2022-07-01/2022-12-31,2,159796.SZ|159980.SZ|159981.SZ|160644.SZ|161226.SZ|501018.SH|510500.SH|512800.SH|513030.SH|513070.SH|513180.SH|513500.SH|513880.SH,0.49120545166100665,0.9123874319228055,neighbor,0,510300.SH,512800.SH
rolling_multi_start_hill,2022-01-01/2022-06-30,2022-07-01/2022-12-31,3,159980.SZ|159981.SZ|160644.SZ|161226.SZ|501018.SH|510500.SH|512800.SH|513030.SH|513070.SH|513180.SH|513500.SH|513880.SH|515880.SH,0.28462183484251846,0.9123874319228055,neighbor,0,159796.SZ,515880.SH
rolling_multi_start_hill,2022-01-01/2022-06-30,2022-07-01/2022-12-31,4,159796.SZ|159980.SZ|159981.SZ|160644.SZ|161226.SZ|501018.SH|510500.SH|512800.SH|513030.SH|513070.SH|513100.SH|513180.SH|513880.SH,0.3609705185724241,0.9123874319228055,neighbor,0,513500.SH,513100.SH
rolling_multi_start_hill,2022-01-01/2022-06-30,2022-07-01/2022-12-31,5,159796.SZ|159980.SZ|159981.SZ|160644.SZ|501018.SH|510500.SH|512800.SH|513030.SH|513070.SH|513180.SH|513500.SH|513880.SH|518880.SH,0.6147418472488112,0.9123874319228055,neighbor,0,161226.SZ,518880.SH
rolling_multi_start_hill,2022-01-01/2022-06-30,2022-07-01/2022-12-31,6,159796.SZ|159980.SZ|159981.SZ|164824.SZ|501018.SH|510500.SH|512800.SH|513030.SH|513070.SH|513180.SH|513500.SH|513880.SH|518880.SH,0.07756027570237493,0.9123874319228055,neighbor,0,160644.SZ,164824.SZ
rolling_multi_start_hill,2022-01-01/2022-06-30,2022-07-01/2022-12-31,7,159796.SZ|159980.SZ|159981.SZ|160644.SZ|164824.SZ|501018.SH|510500.SH|512800.SH|513070.SH|513180.SH|513500.SH|513880.SH|518880.SH,0.10554107167712196,0.9123874319228055,neighbor,0,513030.SH,164824.SZ
rolling_multi_start_hill,2022-01-01/2022-06-30,2022-07-01/2022-12-31,8,159980.SZ|159981.SZ|160644.SZ|501018.SH|510500.SH|512170.SH|512800.SH|513030.SH|513070.SH|513180.SH|513500.SH|513880.SH|518880.SH,0.7167160135350803,0.9123874319228055,neighbor,0,159796.SZ,512170.SH
rolling_multi_start_hill,2022-01-01/2022-06-30,2022-07-01/2022-12-31,9,159980.SZ|159981.SZ|160644.SZ|164824.SZ|501018.SH|510500.SH|512170.SH|512800.SH|513070.SH|513180.SH|513500.SH|513880.SH|518880.SH,0.3948528818227737,0.9123874319228055,neighbor,0,513030.SH,164824.SZ
rolling_multi_start_hill,2022-01-01/2022-06-30,2022-07-01/2022-12-31,10,159869.SZ|159980.SZ|159981.SZ|160644.SZ|501018.SH|510500.SH|512170.SH|513030.SH|513070.SH|513180.SH|513500.SH|513880.SH|518880.SH,0.5401120155999412,0.9123874319228055,neighbor,0,512800.SH,159869.SZ
rolling_multi_start_hill,2022-01-01/2022-06-30,2022-07-01/2022-12-31,11,159980.SZ|159981.SZ|160644.SZ|501018.SH|510500.SH|512170.SH|512800.SH|513070.SH|513080.SH|513180.SH|513500.SH|513880.SH|518880.SH,0.8383670397186421,0.9123874319228055,neighbor,0,513030.SH,513080.SH
rolling_multi_start_hill,2022-01-01/2022-06-30,2022-07-01/2022-12-31,12,159980.SZ|160644.SZ|161226.SZ|501018.SH|510500.SH|512170.SH|512800.SH|513070.SH|513080.SH|513180.SH|513500.SH|513880.SH|518880.SH,0.7483790374566135,0.9123874319228055,neighbor,0,159981.SZ,161226.SZ
rolling_multi_start_hill,2022-01-01/2022-06-30,2022-07-01/2022-12-31,13,159980.SZ|159981.SZ|159985.SZ|160644.SZ|510500.SH|512170.SH|512800.SH|513070.SH|513080.SH|513180.SH|513500.SH|513880.SH|518880.SH,0.22378833244036492,0.9123874319228055,neighbor,0,501018.SH,159985.SZ
rolling_multi_start_hill,2022-01-01/2022-06-30,2022-07-01/2022-12-31,14,159980.SZ|159981.SZ|160644.SZ|161226.SZ|510500.SH|512170.SH|512800.SH|513070.SH|513080.SH|513180.SH|513500.SH|513880.SH|518880.SH,-0.05372751497938751,0.9123874319228055,neighbor,0,501018.SH,161226.SZ
rolling_multi_start_hill,2022-01-01/2022-06-30,2022-07-01/2022-12-31,15,159980.SZ|159981.SZ|160644.SZ|501018.SH|510050.SH|512170.SH|512800.SH|513070.SH|513080.SH|513180.SH|513500.SH|513880.SH|518880.SH,0.8784005306802256,0.9123874319228055,neighbor,0,510500.SH,510050.SH
rolling_multi_start_hill,2022-01-01/2022-06-30,2022-07-01/2022-12-31,16,159980.SZ|159981.SZ|160644.SZ|161226.SZ|510050.SH|512170.SH|512800.SH|513070.SH|513080.SH|513180.SH|513500.SH|513880.SH|518880.SH,-0.1700134006142092,0.9123874319228055,neighbor,0,501018.SH,161226.SZ
rolling_multi_start_hill,2022-01-01/2022-06-30,2022-07-01/2022-12-31,17,159980.SZ|159981.SZ|164824.SZ|501018.SH|510050.SH|512170.SH|512800.SH|513070.SH|513080.SH|513180.SH|513500.SH|513880.SH|518880.SH,0.4503785467242338,0.9123874319228055,neighbor,0,160644.SZ,164824.SZ
rolling_multi_start_hill,2022-01-01/2022-06-30,2022-07-01/2022-12-31,18,159980.SZ|159981.SZ|160644.SZ|164824.SZ|501018.SH|510050.SH|512170.SH|512800.SH|513070.SH|513180.SH|513500.SH|513880.SH|518880.SH,0.481087901734041,0.9123874319228055,neighbor,0,513080.SH,164824.SZ
rolling_multi_start_hill,2022-01-01/2022-06-30,2022-07-01/2022-12-31,19,159980.SZ|159981.SZ|160644.SZ|164824.SZ|501018.SH|510050.SH|512170.SH|512800.SH|513070.SH|513080.SH|513180.SH|513880.SH|518880.SH,0.24956673521090897,0.9123874319228055,neighbor,0,513500.SH,164824.SZ
rolling_multi_start_hill,2022-01-01/2022-06-30,2022-07-01/2022-12-31,20,159980.SZ|159981.SZ|160644.SZ|501018.SH|510050.SH|512800.SH|512880.SH|513070.SH|513080.SH|513180.SH|513500.SH|513880.SH|518880.SH,0.9085039583770814,0.9123874319228055,neighbor,0,512170.SH,512880.SH
rolling_multi_start_hill,2022-01-01/2022-06-30,2022-07-01/2022-12-31,21,159851.SZ|159920.SZ|159980.SZ|159981.SZ|161226.SZ|164824.SZ|512170.SH|512200.SH|513030.SH|513070.SH|513500.SH|513880.SH|518880.SH,-0.5760532664299217,0.902954449056628,restart,1,,
rolling_multi_start_hill,2022-01-01/2022-06-30,2022-07-01/2022-12-31,22,159851.SZ|159920.SZ|159980.SZ|159981.SZ|161226.SZ|164824.SZ|512200.SH|512890.SH|513030.SH|513070.SH|513500.SH|513880.SH|518880.SH,-1.249251658722977,0.902954449056628,neighbor,1,512170.SH,512890.SH
rolling_multi_start_hill,2022-01-01/2022-06-30,2022-07-01/2022-12-31,23,159851.SZ|159920.SZ|159980.SZ|159981.SZ|161226.SZ|164824.SZ|501018.SH|512170.SH|512200.SH|513030.SH|513070.SH|513500.SH|513880.SH,-0.0637202583427585,0.902954449056628,neighbor,1,518880.SH,501018.SH
rolling_multi_start_hill,2022-01-01/2022-06-30,2022-07-01/2022-12-31,24,159851.SZ|159920.SZ|159980.SZ|159981.SZ|159985.SZ|161226.SZ|164824.SZ|512170.SH|512200.SH|513030.SH|513070.SH|513500.SH|513880.SH,-1.2506266566666961,0.902954449056628,neighbor,1,501018.SH,159985.SZ
rolling_multi_start_hill,2022-01-01/2022-06-30,2022-07-01/2022-12-31,25,159851.SZ|159920.SZ|159980.SZ|159981.SZ|160644.SZ|161226.SZ|164824.SZ|501018.SH|512170.SH|512200.SH|513070.SH|513500.SH|513880.SH,0.13500064128313785,0.902954449056628,neighbor,1,513030.SH,160644.SZ
rolling_multi_start_hill,2022-01-01/2022-06-30,2022-07-01/2022-12-31,26,159851.SZ|159980.SZ|159981.SZ|160644.SZ|161226.SZ|164824.SZ|501018.SH|512170.SH|512200.SH|513070.SH|513180.SH|513500.SH|513880.SH,0.2774160575101055,0.9123874319228055,neighbor,1,159920.SZ,513180.SH
rolling_multi_start_hill,2022-01-01/2022-06-30,2022-07-01/2022-12-31,27,159980.SZ|159981.SZ|160644.SZ|161226.SZ|164824.SZ|501018.SH|512170.SH|512200.SH|512660.SH|513070.SH|513180.SH|513500.SH|513880.SH,0.02045986038077551,0.9123874319228055,neighbor,1,159851.SZ,512660.SH
rolling_multi_start_hill,2022-01-01/2022-06-30,2022-07-01/2022-12-31,28,159611.SZ|159851.SZ|159980.SZ|159981.SZ|160644.SZ|161226.SZ|164824.SZ|501018.SH|512200.SH|513070.SH|513180.SH|513500.SH|513880.SH,0.17979117264226802,0.9123874319228055,neighbor,1,512170.SH,159611.SZ
rolling_multi_start_hill,2022-01-01/2022-06-30,2022-07-01/2022-12-31,29,159851.SZ|159980.SZ|159981.SZ|160644.SZ|161226.SZ|501018.SH|512170.SH|512200.SH|513070.SH|513080.SH|513180.SH|513500.SH|513880.SH,0.3857702737416741,0.9123874319228055,neighbor,1,164824.SZ,513080.SH
rolling_multi_start_hill,2022-01-01/2022-06-30,2022-07-01/2022-12-31,30,159851.SZ|159980.SZ|159981.SZ|159985.SZ|160644.SZ|501018.SH|512170.SH|512200.SH|513070.SH|513080.SH|513180.SH|513500.SH|513880.SH,0.7613574486261793,0.9123874319228055,neighbor,1,161226.SZ,159985.SZ
rolling_multi_start_hill,2022-01-01/2022-06-30,2022-07-01/2022-12-31,31,159851.SZ|159981.SZ|159985.SZ|160644.SZ|161226.SZ|501018.SH|512170.SH|512200.SH|513070.SH|513080.SH|513180.SH|513500.SH|513880.SH,0.1842408239601702,0.9123874319228055,neighbor,1,159980.SZ,161226.SZ
rolling_multi_start_hill,2022-01-01/2022-06-30,2022-07-01/2022-12-31,32,159851.SZ|159980.SZ|159981.SZ|160644.SZ|501018.SH|512170.SH|512200.SH|513070.SH|513080.SH|513180.SH|513500.SH|513880.SH|518880.SH,0.9916047641370923,0.9123874319228055,neighbor,1,159985.SZ,518880.SH
rolling_multi_start_hill,2022-01-01/2022-06-30,2022-07-01/2022-12-31,33,159851.SZ|159980.SZ|159981.SZ|160644.SZ|164824.SZ|501018.SH|512170.SH|512200.SH|513070.SH|513080.SH|513180.SH|513880.SH|518880.SH,0.8040934756611956,0.9123874319228055,neighbor,1,513500.SH,164824.SZ
rolling_multi_start_hill,2022-01-01/2022-06-30,2022-07-01/2022-12-31,34,159851.SZ|159980.SZ|159981.SZ|160644.SZ|501018.SH|512170.SH|512200.SH|513030.SH|513070.SH|513180.SH|513500.SH|513880.SH|518880.SH,0.8744924030977796,0.9123874319228055,neighbor,1,513080.SH,513030.SH
rolling_multi_start_hill,2022-01-01/2022-06-30,2022-07-01/2022-12-31,35,159851.SZ|159980.SZ|159981.SZ|160644.SZ|164824.SZ|501018.SH|512170.SH|512200.SH|513070.SH|513180.SH|513500.SH|513880.SH|518880.SH,0.8201688178454691,0.9123874319228055,neighbor,1,513080.SH,164824.SZ
rolling_multi_start_hill,2022-01-01/2022-06-30,2022-07-01/2022-12-31,36,159851.SZ|159980.SZ|159981.SZ|160644.SZ|164824.SZ|501018.SH|512170.SH|512200.SH|513070.SH|513080.SH|513180.SH|513500.SH|518880.SH,0.8481905061464179,0.9123874319228055,neighbor,1,513880.SH,164824.SZ
rolling_multi_start_hill,2022-01-01/2022-06-30,2022-07-01/2022-12-31,37,159851.SZ|159981.SZ|160644.SZ|161226.SZ|501018.SH|512170.SH|512200.SH|513070.SH|513080.SH|513180.SH|513500.SH|513880.SH|518880.SH,0.4138080903190914,0.9123874319228055,neighbor,1,159980.SZ,161226.SZ
rolling_multi_start_hill,2022-01-01/2022-06-30,2022-07-01/2022-12-31,38,159851.SZ|159980.SZ|159981.SZ|160644.SZ|501018.SH|512170.SH|512200.SH|513070.SH|513080.SH|513100.SH|513180.SH|513880.SH|518880.SH,0.9435913067714131,0.9123874319228055,neighbor,1,513500.SH,513100.SH
rolling_multi_start_hill,2022-01-01/2022-06-30,2022-07-01/2022-12-31,39,159851.SZ|159901.SZ|159980.SZ|159981.SZ|160644.SZ|501018.SH|512200.SH|513070.SH|513080.SH|513180.SH|513500.SH|513880.SH|518880.SH,1.1401925824574886,0.9123874319228055,neighbor,1,512170.SH,159901.SZ
rolling_multi_start_hill,2022-01-01/2022-06-30,2022-07-01/2022-12-31,40,159851.SZ|159901.SZ|159981.SZ|159985.SZ|160644.SZ|501018.SH|512200.SH|513070.SH|513080.SH|513180.SH|513500.SH|513880.SH|518880.SH,0.6650144598895925,0.9123874319228055,neighbor,1,159980.SZ,159985.SZ
rolling_multi_start_hill,2022-01-01/2022-06-30,2022-07-01/2022-12-31,41,159825.SZ|159915.SZ|159920.SZ|159980.SZ|159981.SZ|159985.SZ|160644.SZ|501018.SH|512980.SH|513070.SH|513080.SH|513100.SH|513880.SH,-0.1096327693195069,0.902954449056628,restart,2,,
rolling_multi_start_hill,2022-01-01/2022-06-30,2022-07-01/2022-12-31,42,159825.SZ|159915.SZ|159920.SZ|159980.SZ|159981.SZ|160644.SZ|161226.SZ|501018.SH|512980.SH|513070.SH|513080.SH|513100.SH|513880.SH,-0.5786818837490763,0.902954449056628,neighbor,2,159985.SZ,161226.SZ
rolling_multi_start_hill,2022-01-01/2022-06-30,2022-07-01/2022-12-31,43,159825.SZ|159851.SZ|159915.SZ|159920.SZ|159980.SZ|159981.SZ|159985.SZ|160644.SZ|501018.SH|513070.SH|513080.SH|513100.SH|513880.SH,-0.05167910558497976,0.902954449056628,neighbor,2,512980.SH,159851.SZ
rolling_multi_start_hill,2022-01-01/2022-06-30,2022-07-01/2022-12-31,44,159825.SZ|159851.SZ|159915.SZ|159920.SZ|159980.SZ|159981.SZ|159985.SZ|164824.SZ|501018.SH|513070.SH|513080.SH|513100.SH|513880.SH,-0.06179348483641453,0.902954449056628,neighbor,2,160644.SZ,164824.SZ
rolling_multi_start_hill,2022-01-01/2022-06-30,2022-07-01/2022-12-31,45,159825.SZ|159851.SZ|159915.SZ|159920.SZ|159980.SZ|159985.SZ|160644.SZ|161226.SZ|501018.SH|513070.SH|513080.SH|513100.SH|513880.SH,-0.24174118996677232,0.902954449056628,neighbor,2,159981.SZ,161226.SZ
rolling_multi_start_hill,2022-01-01/2022-06-30,2022-07-01/2022-12-31,46,159825.SZ|159851.SZ|159915.SZ|159920.SZ|159980.SZ|159981.SZ|159985.SZ|160644.SZ|164824.SZ|501018.SH|513070.SH|513080.SH|513880.SH,0.054131278395088286,0.902954449056628,neighbor,2,513100.SH,164824.SZ
rolling_multi_start_hill,2022-01-01/2022-06-30,2022-07-01/2022-12-31,47,159825.SZ|159851.SZ|159915.SZ|159920.SZ|159981.SZ|159985.SZ|160644.SZ|164824.SZ|501018.SH|513070.SH|513080.SH|513880.SH|518880.SH,-0.3166646012741033,0.902954449056628,neighbor,2,159980.SZ,518880.SH
rolling_multi_start_hill,2022-01-01/2022-06-30,2022-07-01/2022-12-31,48,159825.SZ|159851.SZ|159915.SZ|159920.SZ|159980.SZ|159981.SZ|160644.SZ|164824.SZ|501018.SH|513070.SH|513080.SH|513880.SH|518880.SH,-0.5599215677552896,0.902954449056628,neighbor,2,159985.SZ,518880.SH
rolling_multi_start_hill,2022-01-01/2022-06-30,2022-07-01/2022-12-31,49,159825.SZ|159915.SZ|159920.SZ|159980.SZ|159981.SZ|159985.SZ|160644.SZ|164824.SZ|501018.SH|512880.SH|513070.SH|513080.SH|513880.SH,-0.10787735531354242,0.902954449056628,neighbor,2,159851.SZ,512880.SH
rolling_multi_start_hill,2022-01-01/2022-06-30,2022-07-01/2022-12-31,50,159825.SZ|159851.SZ|159915.SZ|159920.SZ|159980.SZ|159981.SZ|160644.SZ|161226.SZ|164824.SZ|501018.SH|513070.SH|513080.SH|513880.SH,-0.8397446772331602,0.902954449056628,neighbor,2,159985.SZ,161226.SZ
rolling_multi_start_hill,2022-01-01/2022-06-30,2022-07-01/2022-12-31,51,159851.SZ|159915.SZ|159920.SZ|159980.SZ|159981.SZ|159985.SZ|160644.SZ|164824.SZ|501018.SH|513070.SH|513080.SH|513880.SH|515880.SH,0.40787930349935553,0.902954449056628,neighbor,2,159825.SZ,515880.SH
rolling_multi_start_hill,2022-01-01/2022-06-30,2022-07-01/2022-12-31,52,159851.SZ|159915.SZ|159920.SZ|159980.SZ|159981.SZ|159985.SZ|160644.SZ|164824.SZ|501018.SH|513030.SH|513070.SH|513880.SH|515880.SH,0.377030703220303,0.902954449056628,neighbor,2,513080.SH,513030.SH
rolling_multi_start_hill,2022-01-01/2022-06-30,2022-07-01/2022-12-31,53,159851.SZ|159915.SZ|159920.SZ|159980.SZ|159981.SZ|159985.SZ|160644.SZ|164824.SZ|501018.SH|513070.SH|513080.SH|513100.SH|515880.SH,0.2535584106026651,0.902954449056628,neighbor,2,513880.SH,513100.SH
rolling_multi_start_hill,2022-01-01/2022-06-30,2022-07-01/2022-12-31,54,159851.SZ|159915.SZ|159920.SZ|159980.SZ|159981.SZ|160644.SZ|161226.SZ|164824.SZ|501018.SH|513070.SH|513080.SH|513880.SH|515880.SH,0.0460650138114338,0.902954449056628,neighbor,2,159985.SZ,161226.SZ
rolling_multi_start_hill,2022-01-01/2022-06-30,2022-07-01/2022-12-31,55,159851.SZ|159920.SZ|159980.SZ|159981.SZ|159985.SZ|160644.SZ|164824.SZ|501018.SH|513070.SH|513080.SH|513880.SH|515880.SH|562500.SH,0.4362752777127571,0.902954449056628,neighbor,2,159915.SZ,562500.SH
rolling_multi_start_hill,2022-01-01/2022-06-30,2022-07-01/2022-12-31,56,159851.SZ|159920.SZ|159980.SZ|159985.SZ|160644.SZ|161226.SZ|164824.SZ|501018.SH|513070.SH|513080.SH|513880.SH|515880.SH|562500.SH,-0.06389099187021653,0.902954449056628,neighbor,2,159981.SZ,161226.SZ
rolling_multi_start_hill,2022-01-01/2022-06-30,2022-07-01/2022-12-31,57,159851.SZ|159920.SZ|159980.SZ|159981.SZ|160644.SZ|161226.SZ|164824.SZ|501018.SH|513070.SH|513080.SH|513880.SH|515880.SH|562500.SH,0.11868561671997203,0.902954449056628,neighbor,2,159985.SZ,161226.SZ
rolling_multi_start_hill,2022-01-01/2022-06-30,2022-07-01/2022-12-31,58,159851.SZ|159915.SZ|159920.SZ|159980.SZ|159981.SZ|159985.SZ|160644.SZ|164824.SZ|501018.SH|513070.SH|513080.SH|513880.SH|562500.SH,1.0060337712238063,0.902954449056628,neighbor,2,515880.SH,159915.SZ
rolling_multi_start_hill,2022-01-01/2022-06-30,2022-07-01/2022-12-31,59,159851.SZ|159915.SZ|159920.SZ|159980.SZ|159981.SZ|160644.SZ|164824.SZ|501018.SH|513070.SH|513080.SH|513880.SH|518880.SH|562500.SH,0.9319018309677243,0.902954449056628,neighbor,2,159985.SZ,518880.SH
rolling_multi_start_hill,2022-01-01/2022-06-30,2022-07-01/2022-12-31,60,159851.SZ|159915.SZ|159980.SZ|159981.SZ|159985.SZ|160644.SZ|164824.SZ|501018.SH|513070.SH|513080.SH|513180.SH|513880.SH|562500.SH,1.4795777751958665,0.9123874319228055,neighbor,2,159920.SZ,513180.SH
rolling_multi_start_hill,2022-01-01/2022-06-30,2022-07-01/2022-12-31,61,159852.SZ|159920.SZ|159981.SZ|159985.SZ|160644.SZ|164824.SZ|501018.SH|512040.SH|513070.SH|513080.SH|513880.SH|515790.SH|518880.SH,0.5821360118131719,0.902954449056628,restart,3,,
rolling_multi_start_hill,2022-01-01/2022-06-30,2022-07-01/2022-12-31,62,159920.SZ|159981.SZ|159985.SZ|160644.SZ|164824.SZ|501018.SH|512040.SH|512100.SH|513070.SH|513080.SH|513880.SH|515790.SH|518880.SH,0.33670619418472897,0.902954449056628,neighbor,3,159852.SZ,512100.SH
rolling_multi_start_hill,2022-01-01/2022-06-30,2022-07-01/2022-12-31,63,159852.SZ|159981.SZ|159985.SZ|160644.SZ|164824.SZ|501018.SH|512040.SH|513070.SH|513080.SH|513180.SH|513880.SH|515790.SH|518880.SH,0.8419454336744783,0.9123874319228055,neighbor,3,159920.SZ,513180.SH
rolling_multi_start_hill,2022-01-01/2022-06-30,2022-07-01/2022-12-31,64,159852.SZ|159981.SZ|159985.SZ|160644.SZ|164824.SZ|501018.SH|512400.SH|513070.SH|513080.SH|513180.SH|513880.SH|515790.SH|518880.SH,0.9230957153459969,0.9123874319228055,neighbor,3,512040.SH,512400.SH
rolling_multi_start_hill,2022-01-01/2022-06-30,2022-07-01/2022-12-31,65,159852.SZ|159981.SZ|159985.SZ|160644.SZ|161226.SZ|164824.SZ|512400.SH|513070.SH|513080.SH|513180.SH|513880.SH|515790.SH|518880.SH,-0.07060654518163728,0.9123874319228055,neighbor,3,501018.SH,161226.SZ
rolling_multi_start_hill,2022-01-01/2022-06-30,2022-07-01/2022-12-31,66,159852.SZ|159870.SZ|159981.SZ|159985.SZ|160644.SZ|164824.SZ|501018.SH|513070.SH|513080.SH|513180.SH|513880.SH|515790.SH|518880.SH,1.1988525321752337,0.9123874319228055,neighbor,3,512400.SH,159870.SZ
rolling_multi_start_hill,2022-01-01/2022-06-30,2022-07-01/2022-12-31,67,159865.SZ|159870.SZ|159981.SZ|159985.SZ|160644.SZ|164824.SZ|501018.SH|513070.SH|513080.SH|513180.SH|513880.SH|515790.SH|518880.SH,0.728271491684378,0.9123874319228055,neighbor,3,159852.SZ,159865.SZ
rolling_multi_start_hill,2022-01-01/2022-06-30,2022-07-01/2022-12-31,68,159852.SZ|159870.SZ|159920.SZ|159981.SZ|159985.SZ|160644.SZ|164824.SZ|501018.SH|513070.SH|513080.SH|513880.SH|515790.SH|518880.SH,0.6546307943252959,0.902954449056628,neighbor,3,513180.SH,159920.SZ
rolling_multi_start_hill,2022-01-01/2022-06-30,2022-07-01/2022-12-31,69,159852.SZ|159870.SZ|159980.SZ|159985.SZ|160644.SZ|164824.SZ|501018.SH|513070.SH|513080.SH|513180.SH|513880.SH|515790.SH|518880.SH,1.6183796486534117,0.9123874319228055,neighbor,3,159981.SZ,159980.SZ
rolling_multi_start_hill,2022-01-01/2022-06-30,2022-07-01/2022-12-31,70,159870.SZ|159980.SZ|159985.SZ|160644.SZ|164824.SZ|501018.SH|512800.SH|513070.SH|513080.SH|513180.SH|513880.SH|515790.SH|518880.SH,0.8471769191690546,0.9123874319228055,neighbor,3,159852.SZ,512800.SH
rolling_multi_start_hill,2022-01-01/2022-06-30,2022-07-01/2022-12-31,71,159852.SZ|159870.SZ|159980.SZ|159981.SZ|159985.SZ|160644.SZ|164824.SZ|501018.SH|513070.SH|513080.SH|513180.SH|513880.SH|515790.SH,1.0948252657176099,0.9123874319228055,neighbor,3,518880.SH,159981.SZ
rolling_multi_start_hill,2022-01-01/2022-06-30,2022-07-01/2022-12-31,72,159852.SZ|159870.SZ|159920.SZ|159980.SZ|159985.SZ|160644.SZ|164824.SZ|501018.SH|513070.SH|513080.SH|513880.SH|515790.SH|518880.SH,0.9313376577571322,0.902954449056628,neighbor,3,513180.SH,159920.SZ
rolling_multi_start_hill,2022-01-01/2022-06-30,2022-07-01/2022-12-31,73,159852.SZ|159870.SZ|159980.SZ|159985.SZ|160644.SZ|164824.SZ|501018.SH|513070.SH|513080.SH|513100.SH|513180.SH|515790.SH|518880.SH,1.5391750902321597,0.9123874319228055,neighbor,3,513880.SH,513100.SH
rolling_multi_start_hill,2022-01-01/2022-06-30,2022-07-01/2022-12-31,74,159852.SZ|159980.SZ|159985.SZ|160644.SZ|164824.SZ|501018.SH|512400.SH|513070.SH|513080.SH|513180.SH|513880.SH|515790.SH|518880.SH,1.3489591822234994,0.9123874319228055,neighbor,3,159870.SZ,512400.SH
rolling_multi_start_hill,2022-01-01/2022-06-30,2022-07-01/2022-12-31,75,159852.SZ|159870.SZ|159980.SZ|159985.SZ|160644.SZ|501018.SH|513070.SH|513080.SH|513100.SH|513180.SH|513880.SH|515790.SH|518880.SH,1.6753580939958073,0.9123874319228055,neighbor,3,164824.SZ,513100.SH
rolling_multi_start_hill,2022-01-01/2022-06-30,2022-07-01/2022-12-31,76,159852.SZ|159980.SZ|159985.SZ|160644.SZ|501018.SH|512890.SH|513070.SH|513080.SH|513100.SH|513180.SH|513880.SH|515790.SH|518880.SH,1.1330408801012568,0.9123874319228055,neighbor,3,159870.SZ,512890.SH
rolling_multi_start_hill,2022-01-01/2022-06-30,2022-07-01/2022-12-31,77,159852.SZ|159870.SZ|159980.SZ|160644.SZ|161226.SZ|501018.SH|513070.SH|513080.SH|513100.SH|513180.SH|513880.SH|515790.SH|518880.SH,1.3343028071678238,0.9123874319228055,neighbor,3,159985.SZ,161226.SZ
rolling_multi_start_hill,2022-01-01/2022-06-30,2022-07-01/2022-12-31,78,159852.SZ|159870.SZ|159980.SZ|159985.SZ|164824.SZ|501018.SH|513070.SH|513080.SH|513100.SH|513180.SH|513880.SH|515790.SH|518880.SH,1.5016554507180049,0.9123874319228055,neighbor,3,160644.SZ,164824.SZ
rolling_multi_start_hill,2022-01-01/2022-06-30,2022-07-01/2022-12-31,79,159825.SZ|159852.SZ|159870.SZ|159980.SZ|159985.SZ|160644.SZ|501018.SH|513070.SH|513080.SH|513100.SH|513180.SH|513880.SH|518880.SH,0.6534678733902316,0.9123874319228055,neighbor,3,515790.SH,159825.SZ
rolling_multi_start_hill,2022-01-01/2022-06-30,2022-07-01/2022-12-31,80,159870.SZ|159980.SZ|159985.SZ|160644.SZ|501018.SH|513070.SH|513080.SH|513100.SH|513180.SH|513880.SH|515790.SH|516150.SH|518880.SH,1.5992012940940505,0.9123874319228055,neighbor,3,159852.SZ,516150.SH
rolling_multi_start_hill,2022-01-01/2022-06-30,2022-07-01/2022-12-31,81,159920.SZ|159981.SZ|159985.SZ|160644.SZ|161226.SZ|164824.SZ|510180.SH|512170.SH|513070.SH|513500.SH|513880.SH|518880.SH|588000.SH,-0.23856843016466328,0.902954449056628,restart,4,,
rolling_multi_start_hill,2022-01-01/2022-06-30,2022-07-01/2022-12-31,82,159981.SZ|159985.SZ|160644.SZ|161226.SZ|164824.SZ|510180.SH|512170.SH|513070.SH|513180.SH|513500.SH|513880.SH|518880.SH|588000.SH,0.2024890034502333,0.9123874319228055,neighbor,4,159920.SZ,513180.SH
rolling_multi_start_hill,2022-01-01/2022-06-30,2022-07-01/2022-12-31,83,159980.SZ|159981.SZ|159985.SZ|160644.SZ|164824.SZ|510180.SH|512170.SH|513070.SH|513180.SH|513500.SH|513880.SH|518880.SH|588000.SH,0.8102065332940517,0.9123874319228055,neighbor,4,161226.SZ,159980.SZ
rolling_multi_start_hill,2022-01-01/2022-06-30,2022-07-01/2022-12-31,84,159980.SZ|159981.SZ|159985.SZ|160644.SZ|164824.SZ|510180.SH|512170.SH|513070.SH|513180.SH|513500.SH|513880.SH|518880.SH|562500.SH,1.171336202223148,0.9123874319228055,neighbor,4,588000.SH,562500.SH
rolling_multi_start_hill,2022-01-01/2022-06-30,2022-07-01/2022-12-31,85,159980.SZ|159981.SZ|159985.SZ|160644.SZ|164824.SZ|510180.SH|512170.SH|513070.SH|513080.SH|513180.SH|513500.SH|518880.SH|562500.SH,1.0710832343590095,0.9123874319228055,neighbor,4,513880.SH,513080.SH
rolling_multi_start_hill,2022-01-01/2022-06-30,2022-07-01/2022-12-31,86,159980.SZ|159981.SZ|159985.SZ|160644.SZ|164824.SZ|510180.SH|512170.SH|513070.SH|513100.SH|513180.SH|513880.SH|518880.SH|562500.SH,1.123401902041573,0.9123874319228055,neighbor,4,513500.SH,513100.SH
rolling_multi_start_hill,2022-01-01/2022-06-30,2022-07-01/2022-12-31,87,159980.SZ|159981.SZ|160644.SZ|161226.SZ|164824.SZ|510180.SH|512170.SH|513070.SH|513180.SH|513500.SH|513880.SH|518880.SH|562500.SH,0.44982820846192445,0.9123874319228055,neighbor,4,159985.SZ,161226.SZ
rolling_multi_start_hill,2022-01-01/2022-06-30,2022-07-01/2022-12-31,88,159981.SZ|159985.SZ|160644.SZ|164824.SZ|501018.SH|510180.SH|512170.SH|513070.SH|513180.SH|513500.SH|513880.SH|518880.SH|562500.SH,1.2218686138919708,0.9123874319228055,neighbor,4,159980.SZ,501018.SH
rolling_multi_start_hill,2022-01-01/2022-06-30,2022-07-01/2022-12-31,89,159967.SZ|159981.SZ|159985.SZ|160644.SZ|164824.SZ|501018.SH|510180.SH|513070.SH|513180.SH|513500.SH|513880.SH|518880.SH|562500.SH,1.1373693106057332,0.9123874319228055,neighbor,4,512170.SH,159967.SZ
rolling_multi_start_hill,2022-01-01/2022-06-30,2022-07-01/2022-12-31,90,159825.SZ|159981.SZ|159985.SZ|160644.SZ|164824.SZ|501018.SH|512170.SH|513070.SH|513180.SH|513500.SH|513880.SH|518880.SH|562500.SH,0.8645766319537519,0.9123874319228055,neighbor,4,510180.SH,159825.SZ
rolling_multi_start_hill,2022-01-01/2022-06-30,2022-07-01/2022-12-31,91,159981.SZ|159985.SZ|160644.SZ|164824.SZ|501018.SH|510180.SH|512170.SH|513030.SH|513070.SH|513180.SH|513500.SH|518880.SH|562500.SH,1.0860124599986984,0.9123874319228055,neighbor,4,513880.SH,513030.SH
rolling_multi_start_hill,2022-01-01/2022-06-30,2022-07-01/2022-12-31,92,159980.SZ|159981.SZ|159985.SZ|160644.SZ|164824.SZ|501018.SH|510180.SH|512170.SH|513070.SH|513180.SH|513500.SH|513880.SH|562500.SH,1.3580976855524605,0.9123874319228055,neighbor,4,518880.SH,159980.SZ
rolling_multi_start_hill,2022-01-01/2022-06-30,2022-07-01/2022-12-31,93,159980.SZ|159981.SZ|159985.SZ|160644.SZ|501018.SH|510180.SH|512170.SH|513070.SH|513080.SH|513180.SH|513500.SH|513880.SH|562500.SH,1.3366171128315423,0.9123874319228055,neighbor,4,164824.SZ,513080.SH
rolling_multi_start_hill,2022-01-01/2022-06-30,2022-07-01/2022-12-31,94,159980.SZ|159981.SZ|159985.SZ|160644.SZ|164824.SZ|501018.SH|510180.SH|512170.SH|512800.SH|513070.SH|513180.SH|513500.SH|513880.SH,0.8947127563478436,0.9123874319228055,neighbor,4,562500.SH,512800.SH
rolling_multi_start_hill,2022-01-01/2022-06-30,2022-07-01/2022-12-31,95,159928.SZ|159980.SZ|159981.SZ|159985.SZ|160644.SZ|164824.SZ|501018.SH|510180.SH|513070.SH|513180.SH|513500.SH|513880.SH|562500.SH,1.749856211115264,0.9123874319228055,neighbor,4,512170.SH,159928.SZ
rolling_multi_start_hill,2022-01-01/2022-06-30,2022-07-01/2022-12-31,96,159928.SZ|159980.SZ|159981.SZ|159985.SZ|164824.SZ|501018.SH|510180.SH|513030.SH|513070.SH|513180.SH|513500.SH|513880.SH|562500.SH,1.590593903298754,0.9123874319228055,neighbor,4,160644.SZ,513030.SH
rolling_multi_start_hill,2022-01-01/2022-06-30,2022-07-01/2022-12-31,97,159928.SZ|159980.SZ|159981.SZ|159985.SZ|160644.SZ|164824.SZ|501018.SH|512200.SH|513070.SH|513180.SH|513500.SH|513880.SH|562500.SH,1.5292363101253037,0.9123874319228055,neighbor,4,510180.SH,512200.SH
rolling_multi_start_hill,2022-01-01/2022-06-30,2022-07-01/2022-12-31,98,159928.SZ|159980.SZ|159981.SZ|159985.SZ|160644.SZ|164824.SZ|501018.SH|510180.SH|513070.SH|513100.SH|513180.SH|513880.SH|562500.SH,1.704918540151852,0.9123874319228055,neighbor,4,513500.SH,513100.SH
rolling_multi_start_hill,2022-01-01/2022-06-30,2022-07-01/2022-12-31,99,159928.SZ|159980.SZ|159985.SZ|160644.SZ|164824.SZ|501018.SH|510180.SH|513070.SH|513180.SH|513500.SH|513880.SH|518880.SH|562500.SH,1.5542131118170976,0.9123874319228055,neighbor,4,159981.SZ,518880.SH
rolling_multi_start_hill,2022-01-01/2022-06-30,2022-07-01/2022-12-31,100,159928.SZ|159980.SZ|159981.SZ|159985.SZ|160644.SZ|164824.SZ|501018.SH|510180.SH|513030.SH|513070.SH|513180.SH|513500.SH|562500.SH,1.685346585749887,0.9123874319228055,neighbor,4,513880.SH,513030.SH
rolling_multi_start_hill,2022-07-01/2022-12-31,2023-01-01/2023-06-30,1,159825.SZ|159980.SZ|159981.SZ|159985.SZ|160644.SZ|161226.SZ|164824.SZ|510500.SH|512200.SH|513030.SH|513070.SH|513100.SH|513120.SH,0.8822813033329486,0.7805308310639488,restart,0,,
rolling_multi_start_hill,2022-07-01/2022-12-31,2023-01-01/2023-06-30,2,159825.SZ|159980.SZ|159981.SZ|159985.SZ|160644.SZ|161226.SZ|164824.SZ|510500.SH|512200.SH|513030.SH|513070.SH|513120.SH|513880.SH,0.3605415030878558,0.7768884409244624,neighbor,0,513100.SH,513880.SH
rolling_multi_start_hill,2022-07-01/2022-12-31,2023-01-01/2023-06-30,3,159825.SZ|159980.SZ|159985.SZ|160644.SZ|161226.SZ|164824.SZ|510500.SH|512200.SH|513030.SH|513070.SH|513100.SH|513120.SH|518880.SH,0.9773554047324389,0.7805308310639488,neighbor,0,159981.SZ,518880.SH
rolling_multi_start_hill,2022-07-01/2022-12-31,2023-01-01/2023-06-30,4,159825.SZ|159980.SZ|159985.SZ|160644.SZ|161226.SZ|164824.SZ|510500.SH|512200.SH|513030.SH|513100.SH|513120.SH|513180.SH|518880.SH,1.0546131907039198,0.7805308310639488,neighbor,0,513070.SH,513180.SH
rolling_multi_start_hill,2022-07-01/2022-12-31,2023-01-01/2023-06-30,5,159825.SZ|159980.SZ|159985.SZ|160644.SZ|161226.SZ|164824.SZ|510500.SH|512200.SH|513100.SH|513120.SH|513180.SH|513290.SH|518880.SH,0.8666621404309056,0.7599788068936458,neighbor,0,513030.SH,513290.SH
rolling_multi_start_hill,2022-07-01/2022-12-31,2023-01-01/2023-06-30,6,159825.SZ|159980.SZ|160644.SZ|161226.SZ|164824.SZ|501018.SH|510500.SH|512200.SH|513030.SH|513100.SH|513120.SH|513180.SH|518880.SH,-0.1536445265760669,0.7805308310639488,neighbor,0,159985.SZ,501018.SH
rolling_multi_start_hill,2022-07-01/2022-12-31,2023-01-01/2023-06-30,7,159825.SZ|159980.SZ|159981.SZ|159985.SZ|160644.SZ|164824.SZ|510500.SH|512200.SH|513030.SH|513100.SH|513120.SH|513180.SH|518880.SH,0.7715793064144918,0.7805308310639488,neighbor,0,161226.SZ,159981.SZ
rolling_multi_start_hill,2022-07-01/2022-12-31,2023-01-01/2023-06-30,8,159825.SZ|159980.SZ|159981.SZ|159985.SZ|160644.SZ|161226.SZ|164824.SZ|510500.SH|512200.SH|513030.SH|513100.SH|513120.SH|513180.SH,0.959466942141035,0.7805308310639488,neighbor,0,518880.SH,159981.SZ
rolling_multi_start_hill,2022-07-01/2022-12-31,2023-01-01/2023-06-30,9,159825.SZ|159980.SZ|159985.SZ|160644.SZ|161226.SZ|510500.SH|512200.SH|513030.SH|513100.SH|513120.SH|513180.SH|513880.SH|518880.SH,0.47091257654458674,0.7805308310639488,neighbor,0,164824.SZ,513880.SH
rolling_multi_start_hill,2022-07-01/2022-12-31,2023-01-01/2023-06-30,10,159825.SZ|159980.SZ|159985.SZ|160644.SZ|161226.SZ|510500.SH|512200.SH|513030.SH|513100.SH|513120.SH|513180.SH|513290.SH|518880.SH,0.6073860983438151,0.7805308310639488,neighbor,0,164824.SZ,513290.SH
rolling_multi_start_hill,2022-07-01/2022-12-31,2023-01-01/2023-06-30,11,159980.SZ|159985.SZ|160644.SZ|161226.SZ|164824.SZ|510210.SH|510500.SH|512200.SH|513030.SH|513100.SH|513120.SH|513180.SH|518880.SH,1.4296553973522033,0.8454082139969015,neighbor,0,159825.SZ,510210.SH
rolling_multi_start_hill,2022-07-01/2022-12-31,2023-01-01/2023-06-30,12,159980.SZ|159985.SZ|160644.SZ|161226.SZ|164824.SZ|510210.SH|510500.SH|513030.SH|513100.SH|513120.SH|513180.SH|518880.SH|588000.SH,1.2305769934528066,0.8454082139969015,neighbor,0,512200.SH,588000.SH
rolling_multi_start_hill,2022-07-01/2022-12-31,2023-01-01/2023-06-30,13,159980.SZ|159985.SZ|160644.SZ|161226.SZ|164824.SZ|510210.SH|510500.SH|513030.SH|513100.SH|513120.SH|513180.SH|518880.SH|562500.SH,1.286282478896787,0.8454082139969015,neighbor,0,512200.SH,562500.SH
rolling_multi_start_hill,2022-07-01/2022-12-31,2023-01-01/2023-06-30,14,159980.SZ|159985.SZ|160644.SZ|161226.SZ|164824.SZ|510210.SH|510500.SH|512200.SH|513030.SH|513120.SH|513180.SH|513290.SH|518880.SH,0.8014725662769321,0.8454082139969015,neighbor,0,513100.SH,513290.SH
rolling_multi_start_hill,2022-07-01/2022-12-31,2023-01-01/2023-06-30,15,159980.SZ|159985.SZ|160644.SZ|161226.SZ|510210.SH|510500.SH|512200.SH|513030.SH|513100.SH|513120.SH|513180.SH|513880.SH|518880.SH,0.4804952598517853,0.8454082139969015,neighbor,0,164824.SZ,513880.SH
rolling_multi_start_hill,2022-07-01/2022-12-31,2023-01-01/2023-06-30,16,159869.SZ|159980.SZ|159985.SZ|160644.SZ|161226.SZ|164824.SZ|510500.SH|512200.SH|513030.SH|513100.SH|513120.SH|513180.SH|518880.SH,0.7872953472889054,0.7805308310639488,neighbor,0,510210.SH,159869.SZ
rolling_multi_start_hill,2022-07-01/2022-12-31,2023-01-01/2023-06-30,17,159980.SZ|159985.SZ|160644.SZ|161226.SZ|164824.SZ|510210.SH|510500.SH|512200.SH|513030.SH|513120.SH|513180.SH|513500.SH|518880.SH,0.691506463035532,0.84582438159002,neighbor,0,513100.SH,513500.SH
rolling_multi_start_hill,2022-07-01/2022-12-31,2023-01-01/2023-06-30,18,159869.SZ|159980.SZ|159985.SZ|160644.SZ|161226.SZ|164824.SZ|510210.SH|510500.SH|513030.SH|513100.SH|513120.SH|513180.SH|518880.SH,1.1153989955130497,0.8454082139969015,neighbor,0,512200.SH,159869.SZ
rolling_multi_start_hill,2022-07-01/2022-12-31,2023-01-01/2023-06-30,19,159980.SZ|159985.SZ|160644.SZ|161226.SZ|164824.SZ|510210.SH|510500.SH|512200.SH|513030.SH|513070.SH|513100.SH|513120.SH|518880.SH,1.3369019118663958,0.8454082139969015,neighbor,0,513180.SH,513070.SH
rolling_multi_start_hill,2022-07-01/2022-12-31,2023-01-01/2023-06-30,20,159980.SZ|159985.SZ|161226.SZ|164824.SZ|510210.SH|510500.SH|512200.SH|513030.SH|513100.SH|513120.SH|513180.SH|513290.SH|518880.SH,1.2579650235829276,0.8454082139969015,neighbor,0,160644.SZ,513290.SH
rolling_multi_start_hill,2022-07-01/2022-12-31,2023-01-01/2023-06-30,21,159901.SZ|159920.SZ|159980.SZ|159981.SZ|160644.SZ|161226.SZ|512800.SH|513080.SH|513120.SH|513290.SH|513500.SH|515210.SH|518880.SH,-0.4921958647247447,0.8316275404607769,restart,1,,
rolling_multi_start_hill,2022-07-01/2022-12-31,2023-01-01/2023-06-30,22,159901.SZ|159920.SZ|159980.SZ|159981.SZ|160644.SZ|161226.SZ|512880.SH|513080.SH|513120.SH|513290.SH|513500.SH|515210.SH|518880.SH,-0.3001187243500898,0.8316275404607769,neighbor,1,512800.SH,512880.SH
rolling_multi_start_hill,2022-07-01/2022-12-31,2023-01-01/2023-06-30,23,159901.SZ|159920.SZ|159980.SZ|159981.SZ|160644.SZ|161226.SZ|510050.SH|512880.SH|513080.SH|513120.SH|513290.SH|513500.SH|518880.SH,-0.711559500425669,0.8316275404607769,neighbor,1,515210.SH,510050.SH
rolling_multi_start_hill,2022-07-01/2022-12-31,2023-01-01/2023-06-30,24,159901.SZ|159920.SZ|159980.SZ|159985.SZ|160644.SZ|161226.SZ|512880.SH|513080.SH|513120.SH|513290.SH|513500.SH|515210.SH|518880.SH,0.11815636089509972,0.8316275404607769,neighbor,1,159981.SZ,159985.SZ
rolling_multi_start_hill,2022-07-01/2022-12-31,2023-01-01/2023-06-30,25,159901.SZ|159920.SZ|159980.SZ|159985.SZ|161226.SZ|164824.SZ|512880.SH|513080.SH|513120.SH|513290.SH|513500.SH|515210.SH|518880.SH,0.6702721934168684,0.8316275404607769,neighbor,1,160644.SZ,164824.SZ
rolling_multi_start_hill,2022-07-01/2022-12-31,2023-01-01/2023-06-30,26,159869.SZ|159901.SZ|159920.SZ|159980.SZ|159985.SZ|161226.SZ|164824.SZ|512880.SH|513080.SH|513120.SH|513290.SH|513500.SH|518880.SH,0.047531697978333905,0.8316275404607769,neighbor,1,515210.SH,159869.SZ
rolling_multi_start_hill,2022-07-01/2022-12-31,2023-01-01/2023-06-30,27,159901.SZ|159920.SZ|159980.SZ|159985.SZ|161226.SZ|164824.SZ|512880.SH|513120.SH|513290.SH|513500.SH|513880.SH|515210.SH|518880.SH,0.4588296755147215,0.8251090976449644,neighbor,1,513080.SH,513880.SH
rolling_multi_start_hill,2022-07-01/2022-12-31,2023-01-01/2023-06-30,28,159901.SZ|159920.SZ|159980.SZ|159981.SZ|159985.SZ|161226.SZ|164824.SZ|512880.SH|513080.SH|513120.SH|513290.SH|513500.SH|515210.SH,0.8184803542529026,0.8316275404607769,neighbor,1,518880.SH,159981.SZ
rolling_multi_start_hill,2022-07-01/2022-12-31,2023-01-01/2023-06-30,29,159901.SZ|159920.SZ|159980.SZ|159981.SZ|159985.SZ|161226.SZ|164824.SZ|512880.SH|513080.SH|513120.SH|513500.SH|513880.SH|515210.SH,0.6344975914753685,0.8316275404607769,neighbor,1,513290.SH,513880.SH
rolling_multi_start_hill,2022-07-01/2022-12-31,2023-01-01/2023-06-30,30,159901.SZ|159920.SZ|159981.SZ|159985.SZ|161226.SZ|164824.SZ|512880.SH|513080.SH|513120.SH|513290.SH|513500.SH|515210.SH|518880.SH,0.8427366451729965,0.8316275404607769,neighbor,1,159980.SZ,518880.SH
rolling_multi_start_hill,2022-07-01/2022-12-31,2023-01-01/2023-06-30,31,159901.SZ|159920.SZ|159981.SZ|159985.SZ|161226.SZ|164824.SZ|501018.SH|512880.SH|513080.SH|513120.SH|513290.SH|513500.SH|515210.SH,0.9083965051846984,0.8316275404607769,neighbor,1,518880.SH,501018.SH
rolling_multi_start_hill,2022-07-01/2022-12-31,2023-01-01/2023-06-30,32,159901.SZ|159920.SZ|159981.SZ|159985.SZ|164824.SZ|501018.SH|512880.SH|513080.SH|513120.SH|513290.SH|513500.SH|515210.SH|518880.SH,0.3167087967080922,0.8316275404607769,neighbor,1,161226.SZ,518880.SH
rolling_multi_start_hill,2022-07-01/2022-12-31,2023-01-01/2023-06-30,33,159611.SZ|159901.SZ|159920.SZ|159981.SZ|159985.SZ|161226.SZ|164824.SZ|501018.SH|512880.SH|513080.SH|513120.SH|513290.SH|513500.SH,0.546481510831036,0.8316275404607769,neighbor,1,515210.SH,159611.SZ
rolling_multi_start_hill,2022-07-01/2022-12-31,2023-01-01/2023-06-30,34,159901.SZ|159920.SZ|159981.SZ|159985.SZ|160644.SZ|161226.SZ|164824.SZ|501018.SH|512880.SH|513080.SH|513120.SH|513290.SH|515210.SH,0.8342131872656434,0.7050666337742449,neighbor,1,513500.SH,160644.SZ
rolling_multi_start_hill,2022-07-01/2022-12-31,2023-01-01/2023-06-30,35,159901.SZ|159920.SZ|159985.SZ|161226.SZ|164824.SZ|501018.SH|512880.SH|513080.SH|513120.SH|513290.SH|513500.SH|515210.SH|518880.SH,0.6275157884542385,0.8316275404607769,neighbor,1,159981.SZ,518880.SH
rolling_multi_start_hill,2022-07-01/2022-12-31,2023-01-01/2023-06-30,36,159901.SZ|159920.SZ|159981.SZ|159985.SZ|160644.SZ|161226.SZ|501018.SH|512880.SH|513080.SH|513120.SH|513290.SH|513500.SH|515210.SH,-0.02336985469001786,0.8316275404607769,neighbor,1,164824.SZ,160644.SZ
rolling_multi_start_hill,2022-07-01/2022-12-31,2023-01-01/2023-06-30,37,159901.SZ|159920.SZ|159981.SZ|159985.SZ|161226.SZ|164824.SZ|501018.SH|512660.SH|512880.SH|513080.SH|513120.SH|513290.SH|513500.SH,0.678407570571688,0.8316275404607769,neighbor,1,515210.SH,512660.SH
rolling_multi_start_hill,2022-07-01/2022-12-31,2023-01-01/2023-06-30,38,159920.SZ|159928.SZ|159981.SZ|159985.SZ|161226.SZ|164824.SZ|501018.SH|512880.SH|513080.SH|513120.SH|513290.SH|513500.SH|515210.SH,1.0043634723259944,0.8316275404607769,neighbor,1,159901.SZ,159928.SZ
rolling_multi_start_hill,2022-07-01/2022-12-31,2023-01-01/2023-06-30,39,159920.SZ|159928.SZ|159981.SZ|161226.SZ|164824.SZ|501018.SH|512880.SH|513080.SH|513120.SH|513290.SH|513500.SH|515210.SH|518880.SH,-0.18622672750684374,0.8316275404607769,neighbor,1,159985.SZ,518880.SH
rolling_multi_start_hill,2022-07-01/2022-12-31,2023-01-01/2023-06-30,40,159852.SZ|159920.SZ|159928.SZ|159981.SZ|159985.SZ|161226.SZ|164824.SZ|501018.SH|513080.SH|513120.SH|513290.SH|513500.SH|515210.SH,1.180881450042705,0.8316275404607769,neighbor,1,512880.SH,159852.SZ
rolling_multi_start_hill,2022-07-01/2022-12-31,2023-01-01/2023-06-30,41,159796.SZ|159981.SZ|159985.SZ|161226.SZ|164824.SZ|501018.SH|512880.SH|513070.SH|513080.SH|513120.SH|513290.SH|513500.SH|515790.SH,0.7193967308309703,0.8482313278992691,restart,2,,
rolling_multi_start_hill,2022-07-01/2022-12-31,2023-01-01/2023-06-30,42,159796.SZ|159981.SZ|159985.SZ|160644.SZ|161226.SZ|164824.SZ|501018.SH|512880.SH|513070.SH|513080.SH|513120.SH|513500.SH|515790.SH,0.8247914188536188,0.8482313278992691,neighbor,2,513290.SH,160644.SZ
rolling_multi_start_hill,2022-07-01/2022-12-31,2023-01-01/2023-06-30,43,159796.SZ|159981.SZ|159985.SZ|160644.SZ|161226.SZ|164824.SZ|501018.SH|512200.SH|513070.SH|513080.SH|513120.SH|513500.SH|515790.SH,0.3016502611207498,0.8482313278992691,neighbor,2,512880.SH,512200.SH
rolling_multi_start_hill,2022-07-01/2022-12-31,2023-01-01/2023-06-30,44,159796.SZ|159980.SZ|159981.SZ|159985.SZ|160644.SZ|161226.SZ|164824.SZ|512880.SH|513070.SH|513080.SH|513120.SH|513500.SH|515790.SH,0.9078847108797202,0.8482313278992691,neighbor,2,501018.SH,159980.SZ
rolling_multi_start_hill,2022-07-01/2022-12-31,2023-01-01/2023-06-30,45,159796.SZ|159920.SZ|159980.SZ|159981.SZ|159985.SZ|160644.SZ|161226.SZ|164824.SZ|512880.SH|513080.SH|513120.SH|513500.SH|515790.SH,0.6681120540318706,0.8482313278992691,neighbor,2,513070.SH,159920.SZ
rolling_multi_start_hill,2022-07-01/2022-12-31,2023-01-01/2023-06-30,46,159980.SZ|159981.SZ|159985.SZ|160644.SZ|161226.SZ|164824.SZ|510500.SH|512880.SH|513070.SH|513080.SH|513120.SH|513500.SH|515790.SH,1.0636242289853124,0.8316275404607769,neighbor,2,159796.SZ,510500.SH
rolling_multi_start_hill,2022-07-01/2022-12-31,2023-01-01/2023-06-30,47,159980.SZ|159985.SZ|160644.SZ|161226.SZ|164824.SZ|510500.SH|512880.SH|513070.SH|513080.SH|513120.SH|513500.SH|515790.SH|518880.SH,1.4024847097084274,0.8316275404607769,neighbor,2,159981.SZ,518880.SH
rolling_multi_start_hill,2022-07-01/2022-12-31,2023-01-01/2023-06-30,48,159980.SZ|159985.SZ|160644.SZ|161226.SZ|164824.SZ|510500.SH|512200.SH|512880.SH|513070.SH|513080.SH|513120.SH|513500.SH|518880.SH,0.7288203855519495,0.8316275404607769,neighbor,2,515790.SH,512200.SH
rolling_multi_start_hill,2022-07-01/2022-12-31,2023-01-01/2023-06-30,49,159980.SZ|160644.SZ|161226.SZ|164824.SZ|501018.SH|510500.SH|512880.SH|513070.SH|513080.SH|513120.SH|513500.SH|515790.SH|518880.SH,0.4820865749792578,0.8316275404607769,neighbor,2,159985.SZ,501018.SH
rolling_multi_start_hill,2022-07-01/2022-12-31,2023-01-01/2023-06-30,50,159980.SZ|159985.SZ|160644.SZ|161226.SZ|164824.SZ|510500.SH|512880.SH|513030.SH|513070.SH|513120.SH|513500.SH|515790.SH|518880.SH,1.3378142249485476,0.84582438159002,neighbor,2,513080.SH,513030.SH
rolling_multi_start_hill,2022-07-01/2022-12-31,2023-01-01/2023-06-30,51,159980.SZ|159985.SZ|160644.SZ|161226.SZ|164824.SZ|510500.SH|512800.SH|513070.SH|513080.SH|513120.SH|513500.SH|515790.SH|518880.SH,0.8758243785326361,0.8316275404607769,neighbor,2,512880.SH,512800.SH
rolling_multi_start_hill,2022-07-01/2022-12-31,2023-01-01/2023-06-30,52,159980.SZ|159985.SZ|160644.SZ|161226.SZ|164824.SZ|510500.SH|512660.SH|513070.SH|513080.SH|513120.SH|513500.SH|515790.SH|518880.SH,0.9624715991791706,0.8316275404607769,neighbor,2,512880.SH,512660.SH
rolling_multi_start_hill,2022-07-01/2022-12-31,2023-01-01/2023-06-30,53,159980.SZ|159985.SZ|160644.SZ|164824.SZ|501018.SH|510500.SH|512880.SH|513070.SH|513080.SH|513120.SH|513500.SH|515790.SH|518880.SH,1.0325333297467503,0.8316275404607769,neighbor,2,161226.SZ,501018.SH
rolling_multi_start_hill,2022-07-01/2022-12-31,2023-01-01/2023-06-30,54,159980.SZ|159985.SZ|161226.SZ|164824.SZ|510500.SH|512880.SH|513070.SH|513080.SH|513120.SH|513290.SH|513500.SH|515790.SH|518880.SH,1.0804552916418284,0.8316275404607769,neighbor,2,160644.SZ,513290.SH
rolling_multi_start_hill,2022-07-01/2022-12-31,2023-01-01/2023-06-30,55,159980.SZ|159985.SZ|160644.SZ|161226.SZ|164824.SZ|510500.SH|512880.SH|512890.SH|513070.SH|513080.SH|513120.SH|513500.SH|518880.SH,0.8315480241966671,0.8316275404607769,neighbor,2,515790.SH,512890.SH
rolling_multi_start_hill,2022-07-01/2022-12-31,2023-01-01/2023-06-30,56,159980.SZ|159985.SZ|160644.SZ|161226.SZ|164824.SZ|510500.SH|512880.SH|513080.SH|513120.SH|513180.SH|513500.SH|515790.SH|518880.SH,1.3665518093644309,0.8316275404607769,neighbor,2,513070.SH,513180.SH
rolling_multi_start_hill,2022-07-01/2022-12-31,2023-01-01/2023-06-30,57,159920.SZ|159980.SZ|159985.SZ|160644.SZ|161226.SZ|164824.SZ|510500.SH|512880.SH|513080.SH|513120.SH|513500.SH|515790.SH|518880.SH,1.1775621254182156,0.8316275404607769,neighbor,2,513070.SH,159920.SZ
rolling_multi_start_hill,2022-07-01/2022-12-31,2023-01-01/2023-06-30,58,159980.SZ|159985.SZ|160644.SZ|161226.SZ|164824.SZ|510500.SH|512880.SH|513070.SH|513080.SH|513120.SH|513880.SH|515790.SH|518880.SH,1.10696352710103,0.8020701325811442,neighbor,2,513500.SH,513880.SH
rolling_multi_start_hill,2022-07-01/2022-12-31,2023-01-01/2023-06-30,59,159980.SZ|159985.SZ|160644.SZ|161226.SZ|164824.SZ|510500.SH|510880.SH|512880.SH|513070.SH|513080.SH|513120.SH|513500.SH|518880.SH,0.8879073318159278,0.8316275404607769,neighbor,2,515790.SH,510880.SH
rolling_multi_start_hill,2022-07-01/2022-12-31,2023-01-01/2023-06-30,60,159611.SZ|159980.SZ|159985.SZ|160644.SZ|161226.SZ|164824.SZ|510500.SH|512880.SH|513070.SH|513080.SH|513120.SH|513500.SH|518880.SH,0.6624145628688682,0.8316275404607769,neighbor,2,515790.SH,159611.SZ
rolling_multi_start_hill,2022-07-01/2022-12-31,2023-01-01/2023-06-30,61,159796.SZ|159980.SZ|159981.SZ|160644.SZ|161226.SZ|164824.SZ|501018.SH|510180.SH|512660.SH|513030.SH|513070.SH|513120.SH|513880.SH,-0.0423893623802521,0.7768884409244624,restart,3,,
rolling_multi_start_hill,2022-07-01/2022-12-31,2023-01-01/2023-06-30,62,159796.SZ|159980.SZ|159981.SZ|160644.SZ|164824.SZ|501018.SH|510180.SH|512660.SH|513030.SH|513070.SH|513120.SH|513880.SH|518880.SH,-0.44058031528845903,0.7768884409244624,neighbor,3,161226.SZ,518880.SH
rolling_multi_start_hill,2022-07-01/2022-12-31,2023-01-01/2023-06-30,63,159796.SZ|159980.SZ|159981.SZ|160644.SZ|161226.SZ|164824.SZ|501018.SH|510180.SH|512660.SH|513070.SH|513120.SH|513290.SH|513880.SH,0.03714595481536061,0.7091623327353709,neighbor,3,513030.SH,513290.SH
rolling_multi_start_hill,2022-07-01/2022-12-31,2023-01-01/2023-06-30,64,159796.SZ|159920.SZ|159980.SZ|159981.SZ|160644.SZ|161226.SZ|164824.SZ|501018.SH|510180.SH|512660.SH|513120.SH|513290.SH|513880.SH,-0.0642989945466819,0.7050666337742449,neighbor,3,513070.SH,159920.SZ
rolling_multi_start_hill,2022-07-01/2022-12-31,2023-01-01/2023-06-30,65,159980.SZ|159981.SZ|160644.SZ|161226.SZ|164824.SZ|501018.SH|510180.SH|512200.SH|512660.SH|513070.SH|513120.SH|513290.SH|513880.SH,0.329872344251107,0.7091623327353709,neighbor,3,159796.SZ,512200.SH
rolling_multi_start_hill,2022-07-01/2022-12-31,2023-01-01/2023-06-30,66,159981.SZ|160644.SZ|161226.SZ|164824.SZ|501018.SH|510180.SH|512200.SH|512660.SH|513070.SH|513120.SH|513290.SH|513880.SH|518880.SH,0.025302974264230366,0.7091623327353709,neighbor,3,159980.SZ,518880.SH
rolling_multi_start_hill,2022-07-01/2022-12-31,2023-01-01/2023-06-30,67,159611.SZ|159980.SZ|159981.SZ|160644.SZ|161226.SZ|164824.SZ|501018.SH|510180.SH|512660.SH|513070.SH|513120.SH|513290.SH|513880.SH,-0.26497373163929666,0.7091623327353709,neighbor,3,512200.SH,159611.SZ
rolling_multi_start_hill,2022-07-01/2022-12-31,2023-01-01/2023-06-30,68,159980.SZ|159981.SZ|160644.SZ|161226.SZ|501018.SH|510180.SH|512200.SH|512660.SH|513030.SH|513070.SH|513120.SH|513290.SH|513880.SH,-0.19786842599168053,0.7768884409244624,neighbor,3,164824.SZ,513030.SH
rolling_multi_start_hill,2022-07-01/2022-12-31,2023-01-01/2023-06-30,69,159980.SZ|159981.SZ|160644.SZ|161226.SZ|164824.SZ|501018.SH|510180.SH|512200.SH|512660.SH|513070.SH|513100.SH|513120.SH|513290.SH,0.342699952427703,0.7599788068936458,neighbor,3,513880.SH,513100.SH
rolling_multi_start_hill,2022-07-01/2022-12-31,2023-01-01/2023-06-30,70,159949.SZ|159980.SZ|159981.SZ|160644.SZ|161226.SZ|164824.SZ|501018.SH|510180.SH|512660.SH|513070.SH|513100.SH|513120.SH|513290.SH,0.16318489362510738,0.7599788068936458,neighbor,3,512200.SH,159949.SZ
rolling_multi_start_hill,2022-07-01/2022-12-31,2023-01-01/2023-06-30,71,159980.SZ|159981.SZ|160644.SZ|161226.SZ|164824.SZ|501018.SH|510180.SH|512660.SH|513070.SH|513100.SH|513120.SH|513290.SH|515210.SH,0.10905782137610914,0.7599788068936458,neighbor,3,512200.SH,515210.SH
rolling_multi_start_hill,2022-07-01/2022-12-31,2023-01-01/2023-06-30,72,159796.SZ|159980.SZ|159981.SZ|160644.SZ|161226.SZ|164824.SZ|501018.SH|512200.SH|512660.SH|513070.SH|513100.SH|513120.SH|513290.SH,0.5514441694368125,0.7599788068936458,neighbor,3,510180.SH,159796.SZ
rolling_multi_start_hill,2022-07-01/2022-12-31,2023-01-01/2023-06-30,73,159796.SZ|159980.SZ|159981.SZ|160644.SZ|161226.SZ|164824.SZ|501018.SH|512200.SH|512660.SH|513070.SH|513120.SH|513290.SH|513880.SH,0.5437778806106138,0.7091623327353709,neighbor,3,513100.SH,513880.SH
rolling_multi_start_hill,2022-07-01/2022-12-31,2023-01-01/2023-06-30,74,159796.SZ|159980.SZ|159981.SZ|161226.SZ|164824.SZ|501018.SH|512200.SH|512660.SH|513070.SH|513100.SH|513120.SH|513290.SH|513880.SH,0.23529237717190943,0.7599788068936458,neighbor,3,160644.SZ,513880.SH
rolling_multi_start_hill,2022-07-01/2022-12-31,2023-01-01/2023-06-30,75,159796.SZ|159980.SZ|159981.SZ|160644.SZ|161226.SZ|164824.SZ|501018.SH|512200.SH|512660.SH|513030.SH|513070.SH|513120.SH|513290.SH,0.3652776049939726,0.7091623327353709,neighbor,3,513100.SH,513030.SH
rolling_multi_start_hill,2022-07-01/2022-12-31,2023-01-01/2023-06-30,76,159796.SZ|159980.SZ|159981.SZ|160644.SZ|164824.SZ|501018.SH|512200.SH|512660.SH|513070.SH|513100.SH|513120.SH|513290.SH|518880.SH,0.4810438824016032,0.7599788068936458,neighbor,3,161226.SZ,518880.SH
rolling_multi_start_hill,2022-07-01/2022-12-31,2023-01-01/2023-06-30,77,159796.SZ|159980.SZ|159981.SZ|160644.SZ|161226.SZ|164824.SZ|501018.SH|512200.SH|512660.SH|513070.SH|513100.SH|513120.SH|513880.SH,0.16012476196597214,0.7520854374286099,neighbor,3,513290.SH,513880.SH
rolling_multi_start_hill,2022-07-01/2022-12-31,2023-01-01/2023-06-30,78,159796.SZ|159981.SZ|159985.SZ|160644.SZ|161226.SZ|164824.SZ|501018.SH|512200.SH|512660.SH|513070.SH|513100.SH|513120.SH|513290.SH,1.4190170410099627,0.7599788068936458,neighbor,3,159980.SZ,159985.SZ
rolling_multi_start_hill,2022-07-01/2022-12-31,2023-01-01/2023-06-30,79,159981.SZ|159985.SZ|160644.SZ|161226.SZ|164824.SZ|501018.SH|510180.SH|512200.SH|512660.SH|513070.SH|513100.SH|513120.SH|513290.SH,1.2669784407072706,0.7599788068936458,neighbor,3,159796.SZ,510180.SH
rolling_multi_start_hill,2022-07-01/2022-12-31,2023-01-01/2023-06-30,80,159796.SZ|159920.SZ|159981.SZ|159985.SZ|160644.SZ|161226.SZ|164824.SZ|501018.SH|512200.SH|512660.SH|513100.SH|513120.SH|513290.SH,1.1616014410186963,0.7599788068936458,neighbor,3,513070.SH,159920.SZ
rolling_multi_start_hill,2022-07-01/2022-12-31,2023-01-01/2023-06-30,81,159865.SZ|159869.SZ|159980.SZ|159981.SZ|159985.SZ|160644.SZ|161226.SZ|513030.SH|513100.SH|513120.SH|513180.SH|513290.SH|562500.SH,0.536152956465558,0.7805308310639488,restart,4,,
rolling_multi_start_hill,2022-07-01/2022-12-31,2023-01-01/2023-06-30,82,159865.SZ|159869.SZ|159980.SZ|159981.SZ|159985.SZ|160644.SZ|501018.SH|513030.SH|513100.SH|513120.SH|513180.SH|513290.SH|562500.SH,0.22929853403935024,0.7805308310639488,neighbor,4,161226.SZ,501018.SH
rolling_multi_start_hill,2022-07-01/2022-12-31,2023-01-01/2023-06-30,83,159865.SZ|159869.SZ|159980.SZ|159981.SZ|159985.SZ|161226.SZ|513030.SH|513100.SH|513120.SH|513180.SH|513290.SH|513880.SH|562500.SH,0.4290298938276109,0.7805308310639488,neighbor,4,160644.SZ,513880.SH
rolling_multi_start_hill,2022-07-01/2022-12-31,2023-01-01/2023-06-30,84,159865.SZ|159869.SZ|159980.SZ|159985.SZ|160644.SZ|161226.SZ|501018.SH|513030.SH|513100.SH|513120.SH|513180.SH|513290.SH|562500.SH,0.19014406051154678,0.7805308310639488,neighbor,4,159981.SZ,501018.SH
rolling_multi_start_hill,2022-07-01/2022-12-31,2023-01-01/2023-06-30,85,159865.SZ|159869.SZ|159980.SZ|159981.SZ|159985.SZ|160644.SZ|161226.SZ|512100.SH|513030.SH|513100.SH|513120.SH|513180.SH|513290.SH,0.6466760920805377,0.7805308310639488,neighbor,4,562500.SH,512100.SH
rolling_multi_start_hill,2022-07-01/2022-12-31,2023-01-01/2023-06-30,86,159865.SZ|159869.SZ|159980.SZ|159981.SZ|160644.SZ|161226.SZ|501018.SH|512100.SH|513030.SH|513100.SH|513120.SH|513180.SH|513290.SH,-0.4633491650131914,0.7805308310639488,neighbor,4,159985.SZ,501018.SH
rolling_multi_start_hill,2022-07-01/2022-12-31,2023-01-01/2023-06-30,87,159865.SZ|159869.SZ|159980.SZ|159981.SZ|159985.SZ|160644.SZ|501018.SH|512100.SH|513030.SH|513100.SH|513120.SH|513180.SH|513290.SH,-0.029073607583461634,0.7805308310639488,neighbor,4,161226.SZ,501018.SH
rolling_multi_start_hill,2022-07-01/2022-12-31,2023-01-01/2023-06-30,88,159865.SZ|159869.SZ|159980.SZ|159981.SZ|159985.SZ|160644.SZ|161226.SZ|164824.SZ|512100.SH|513030.SH|513100.SH|513120.SH|513180.SH,0.8618328075590449,0.7805308310639488,neighbor,4,513290.SH,164824.SZ
rolling_multi_start_hill,2022-07-01/2022-12-31,2023-01-01/2023-06-30,89,159869.SZ|159980.SZ|159981.SZ|159985.SZ|160644.SZ|161226.SZ|164824.SZ|510180.SH|512100.SH|513030.SH|513100.SH|513120.SH|513180.SH,0.943564222054526,0.7805308310639488,neighbor,4,159865.SZ,510180.SH
rolling_multi_start_hill,2022-07-01/2022-12-31,2023-01-01/2023-06-30,90,159869.SZ|159980.SZ|159985.SZ|160644.SZ|161226.SZ|164824.SZ|510180.SH|512100.SH|513030.SH|513100.SH|513120.SH|513180.SH|518880.SH,1.2582930355598256,0.7805308310639488,neighbor,4,159981.SZ,518880.SH
rolling_multi_start_hill,2022-07-01/2022-12-31,2023-01-01/2023-06-30,91,159869.SZ|159980.SZ|159985.SZ|161226.SZ|164824.SZ|510180.SH|512100.SH|513030.SH|513100.SH|513120.SH|513180.SH|513290.SH|518880.SH,0.866131728633277,0.7805308310639488,neighbor,4,160644.SZ,513290.SH
rolling_multi_start_hill,2022-07-01/2022-12-31,2023-01-01/2023-06-30,92,159869.SZ|159980.SZ|159985.SZ|160644.SZ|161226.SZ|510180.SH|512100.SH|513030.SH|513100.SH|513120.SH|513180.SH|513880.SH|518880.SH,0.24260625952621026,0.7805308310639488,neighbor,4,164824.SZ,513880.SH
rolling_multi_start_hill,2022-07-01/2022-12-31,2023-01-01/2023-06-30,93,159980.SZ|159985.SZ|160644.SZ|161226.SZ|164824.SZ|510180.SH|512100.SH|512200.SH|513030.SH|513100.SH|513120.SH|513180.SH|518880.SH,1.48261759925287,0.7805308310639488,neighbor,4,159869.SZ,512200.SH
rolling_multi_start_hill,2022-07-01/2022-12-31,2023-01-01/2023-06-30,94,159980.SZ|159985.SZ|160644.SZ|161226.SZ|164824.SZ|510180.SH|512100.SH|512200.SH|513100.SH|513120.SH|513180.SH|513880.SH|518880.SH,1.1292714389320073,0.7520854374286099,neighbor,4,513030.SH,513880.SH
rolling_multi_start_hill,2022-07-01/2022-12-31,2023-01-01/2023-06-30,95,159980.SZ|159985.SZ|160644.SZ|161226.SZ|164824.SZ|510180.SH|512100.SH|512200.SH|513030.SH|513120.SH|513180.SH|513290.SH|518880.SH,0.5604064032302101,0.7051191112834191,neighbor,4,513100.SH,513290.SH
rolling_multi_start_hill,2022-07-01/2022-12-31,2023-01-01/2023-06-30,96,159980.SZ|159985.SZ|160644.SZ|161226.SZ|510180.SH|512100.SH|512200.SH|513030.SH|513100.SH|513120.SH|513180.SH|513290.SH|518880.SH,0.4719143788990488,0.7805308310639488,neighbor,4,164824.SZ,513290.SH
rolling_multi_start_hill,2022-07-01/2022-12-31,2023-01-01/2023-06-30,97,159980.SZ|159985.SZ|160644.SZ|161226.SZ|164824.SZ|512100.SH|512200.SH|512400.SH|513030.SH|513100.SH|513120.SH|513180.SH|518880.SH,1.4691091978478765,0.7805308310639488,neighbor,4,510180.SH,512400.SH
rolling_multi_start_hill,2022-07-01/2022-12-31,2023-01-01/2023-06-30,98,159980.SZ|159981.SZ|159985.SZ|160644.SZ|161226.SZ|164824.SZ|510180.SH|512100.SH|512200.SH|513030.SH|513100.SH|513120.SH|513180.SH,1.2553891147028289,0.7805308310639488,neighbor,4,518880.SH,159981.SZ
rolling_multi_start_hill,2022-07-01/2022-12-31,2023-01-01/2023-06-30,99,159980.SZ|159985.SZ|160644.SZ|164824.SZ|501018.SH|510180.SH|512100.SH|512200.SH|513030.SH|513100.SH|513120.SH|513180.SH|518880.SH,0.7242217348448641,0.7805308310639488,neighbor,4,161226.SZ,501018.SH
rolling_multi_start_hill,2022-07-01/2022-12-31,2023-01-01/2023-06-30,100,159980.SZ|159985.SZ|160644.SZ|161226.SZ|164824.SZ|501018.SH|510180.SH|512100.SH|512200.SH|513030.SH|513100.SH|513120.SH|513180.SH,0.7857580450261945,0.7805308310639488,neighbor,4,518880.SH,501018.SH
rolling_multi_start_hill,2023-01-01/2023-06-30,2023-07-01/2023-12-31,1,159687.SZ|159920.SZ|159980.SZ|159981.SZ|160644.SZ|164824.SZ|501018.SH|510210.SH|510300.SH|512100.SH|513180.SH|513500.SH|518880.SH,1.9033850100563685,0.8931243278220744,restart,0,,
rolling_multi_start_hill,2023-01-01/2023-06-30,2023-07-01/2023-12-31,2,159687.SZ|159920.SZ|159981.SZ|160644.SZ|161226.SZ|164824.SZ|501018.SH|510210.SH|510300.SH|512100.SH|513180.SH|513500.SH|518880.SH,1.4970122403905788,0.8931243278220744,neighbor,0,159980.SZ,161226.SZ
rolling_multi_start_hill,2023-01-01/2023-06-30,2023-07-01/2023-12-31,3,159687.SZ|159920.SZ|159980.SZ|159981.SZ|160644.SZ|501018.SH|510210.SH|510300.SH|512100.SH|513180.SH|513500.SH|513880.SH|518880.SH,1.8853876754199557,0.8931243278220744,neighbor,0,164824.SZ,513880.SH
rolling_multi_start_hill,2023-01-01/2023-06-30,2023-07-01/2023-12-31,4,159920.SZ|159980.SZ|159981.SZ|160644.SZ|164824.SZ|501018.SH|510210.SH|510300.SH|512100.SH|513030.SH|513180.SH|513500.SH|518880.SH,1.7594047465767744,0.8931243278220744,neighbor,0,159687.SZ,513030.SH
rolling_multi_start_hill,2023-01-01/2023-06-30,2023-07-01/2023-12-31,5,159687.SZ|159920.SZ|159980.SZ|159981.SZ|159985.SZ|160644.SZ|164824.SZ|501018.SH|510210.SH|510300.SH|512100.SH|513180.SH|513500.SH,0.920487734720393,0.8931243278220744,neighbor,0,518880.SH,159985.SZ
rolling_multi_start_hill,2023-01-01/2023-06-30,2023-07-01/2023-12-31,6,159687.SZ|159920.SZ|159980.SZ|159981.SZ|160644.SZ|161226.SZ|164824.SZ|510210.SH|510300.SH|512100.SH|513180.SH|513500.SH|518880.SH,2.215166162463393,0.8931243278220744,neighbor,0,501018.SH,161226.SZ
rolling_multi_start_hill,2023-01-01/2023-06-30,2023-07-01/2023-12-31,7,159687.SZ|159920.SZ|159980.SZ|159981.SZ|160644.SZ|161226.SZ|164824.SZ|510210.SH|510300.SH|512100.SH|513120.SH|513500.SH|518880.SH,2.434342867908001,0.8912152332717017,neighbor,0,513180.SH,513120.SH
rolling_multi_start_hill,2023-01-01/2023-06-30,2023-07-01/2023-12-31,8,159687.SZ|159920.SZ|159980.SZ|159981.SZ|161226.SZ|164824.SZ|510210.SH|510300.SH|512100.SH|513120.SH|513290.SH|513500.SH|518880.SH,1.6326607857610949,0.8912152332717017,neighbor,0,160644.SZ,513290.SH
rolling_multi_start_hill,2023-01-01/2023-06-30,2023-07-01/2023-12-31,9,159687.SZ|159920.SZ|159980.SZ|159981.SZ|160644.SZ|161226.SZ|164824.SZ|510210.SH|510300.SH|512100.SH|513100.SH|513120.SH|518880.SH,2.943665372872716,0.8912152332717017,neighbor,0,513500.SH,513100.SH
rolling_multi_start_hill,2023-01-01/2023-06-30,2023-07-01/2023-12-31,10,159687.SZ|159920.SZ|159981.SZ|160644.SZ|161226.SZ|164824.SZ|501018.SH|510210.SH|510300.SH|512100.SH|513100.SH|513120.SH|518880.SH,2.0541978185252088,0.8912152332717017,neighbor,0,159980.SZ,501018.SH
rolling_multi_start_hill,2023-01-01/2023-06-30,2023-07-01/2023-12-31,11,159920.SZ|159980.SZ|159981.SZ|160644.SZ|161226.SZ|164824.SZ|510210.SH|510300.SH|512100.SH|513100.SH|513120.SH|513290.SH|518880.SH,2.5142275898069193,0.8912152332717017,neighbor,0,159687.SZ,513290.SH
rolling_multi_start_hill,2023-01-01/2023-06-30,2023-07-01/2023-12-31,12,159687.SZ|159920.SZ|159928.SZ|159980.SZ|159981.SZ|160644.SZ|161226.SZ|164824.SZ|510300.SH|512100.SH|513100.SH|513120.SH|518880.SH,2.7528944460125406,0.7101197656563057,neighbor,0,510210.SH,159928.SZ
rolling_multi_start_hill,2023-01-01/2023-06-30,2023-07-01/2023-12-31,13,159687.SZ|159980.SZ|159981.SZ|160644.SZ|161226.SZ|164824.SZ|510210.SH|510300.SH|512100.SH|513070.SH|513100.SH|513120.SH|518880.SH,2.871796656250123,0.8912152332717017,neighbor,0,159920.SZ,513070.SH
rolling_multi_start_hill,2023-01-01/2023-06-30,2023-07-01/2023-12-31,14,159687.SZ|159920.SZ|159980.SZ|159985.SZ|160644.SZ|161226.SZ|164824.SZ|510210.SH|510300.SH|512100.SH|513100.SH|513120.SH|518880.SH,2.3967335397835536,0.8912152332717017,neighbor,0,159981.SZ,159985.SZ
rolling_multi_start_hill,2023-01-01/2023-06-30,2023-07-01/2023-12-31,15,159687.SZ|159920.SZ|159980.SZ|159981.SZ|160644.SZ|164824.SZ|501018.SH|510210.SH|510300.SH|512100.SH|513100.SH|513120.SH|518880.SH,2.4347735611879355,0.8912152332717017,neighbor,0,161226.SZ,501018.SH
rolling_multi_start_hill,2023-01-01/2023-06-30,2023-07-01/2023-12-31,16,159687.SZ|159920.SZ|159967.SZ|159980.SZ|159981.SZ|160644.SZ|161226.SZ|164824.SZ|510210.SH|510300.SH|513100.SH|513120.SH|518880.SH,2.5512494506143564,0.8912152332717017,neighbor,0,512100.SH,159967.SZ
rolling_multi_start_hill,2023-01-01/2023-06-30,2023-07-01/2023-12-31,17,159687.SZ|159920.SZ|159980.SZ|159981.SZ|160644.SZ|161226.SZ|164824.SZ|510300.SH|512040.SH|512100.SH|513100.SH|513120.SH|518880.SH,3.208373585497626,0.7101197656563057,neighbor,0,510210.SH,512040.SH
rolling_multi_start_hill,2023-01-01/2023-06-30,2023-07-01/2023-12-31,18,159687.SZ|159920.SZ|159981.SZ|159985.SZ|160644.SZ|161226.SZ|164824.SZ|510300.SH|512040.SH|512100.SH|513100.SH|513120.SH|518880.SH,3.1268747374258585,0.7101197656563057,neighbor,0,159980.SZ,159985.SZ
rolling_multi_start_hill,2023-01-01/2023-06-30,2023-07-01/2023-12-31,19,159687.SZ|159980.SZ|159981.SZ|160644.SZ|161226.SZ|164824.SZ|510300.SH|512040.SH|512100.SH|513100.SH|513120.SH|513180.SH|518880.SH,3.159899035019356,0.7101197656563057,neighbor,0,159920.SZ,513180.SH
rolling_multi_start_hill,2023-01-01/2023-06-30,2023-07-01/2023-12-31,20,159687.SZ|159920.SZ|159980.SZ|159981.SZ|160644.SZ|161226.SZ|164824.SZ|510300.SH|512040.SH|513100.SH|513120.SH|516150.SH|518880.SH,3.124346596397263,0.6871488226207012,neighbor,0,512100.SH,516150.SH
rolling_multi_start_hill,2023-01-01/2023-06-30,2023-07-01/2023-12-31,21,159687.SZ|159852.SZ|159980.SZ|161226.SZ|501018.SH|510500.SH|512200.SH|513030.SH|513070.SH|513080.SH|513120.SH|513310.SH|518880.SH,1.5977476483459465,0.9096396735534105,restart,1,,
rolling_multi_start_hill,2023-01-01/2023-06-30,2023-07-01/2023-12-31,22,159687.SZ|159852.SZ|159980.SZ|159981.SZ|501018.SH|510500.SH|512200.SH|513030.SH|513070.SH|513080.SH|513120.SH|513310.SH|518880.SH,1.7248525521826312,0.9096396735534105,neighbor,1,161226.SZ,159981.SZ
rolling_multi_start_hill,2023-01-01/2023-06-30,2023-07-01/2023-12-31,23,159687.SZ|159852.SZ|159981.SZ|159985.SZ|501018.SH|510500.SH|512200.SH|513030.SH|513070.SH|513080.SH|513120.SH|513310.SH|518880.SH,1.8557306516067587,0.9096396735534105,neighbor,1,159980.SZ,159985.SZ
rolling_multi_start_hill,2023-01-01/2023-06-30,2023-07-01/2023-12-31,24,159687.SZ|159852.SZ|159981.SZ|159985.SZ|501018.SH|512200.SH|512890.SH|513030.SH|513070.SH|513080.SH|513120.SH|513310.SH|518880.SH,2.346642995553928,0.9096396735534105,neighbor,1,510500.SH,512890.SH
rolling_multi_start_hill,2023-01-01/2023-06-30,2023-07-01/2023-12-31,25,159687.SZ|159852.SZ|159981.SZ|159985.SZ|164824.SZ|501018.SH|512200.SH|512890.SH|513030.SH|513070.SH|513120.SH|513310.SH|518880.SH,2.206290153970934,0.606544851705029,neighbor,1,513080.SH,164824.SZ
rolling_multi_start_hill,2023-01-01/2023-06-30,2023-07-01/2023-12-31,26,159687.SZ|159852.SZ|159981.SZ|159985.SZ|501018.SH|510050.SH|512200.SH|513030.SH|513070.SH|513080.SH|513120.SH|513310.SH|518880.SH,1.7142624985968005,0.9096396735534105,neighbor,1,512890.SH,510050.SH
rolling_multi_start_hill,2023-01-01/2023-06-30,2023-07-01/2023-12-31,27,159852.SZ|159981.SZ|159985.SZ|501018.SH|512200.SH|512890.SH|513030.SH|513070.SH|513080.SH|513100.SH|513120.SH|513310.SH|518880.SH,2.797831950898033,0.9096396735534105,neighbor,1,159687.SZ,513100.SH
rolling_multi_start_hill,2023-01-01/2023-06-30,2023-07-01/2023-12-31,28,159852.SZ|159981.SZ|159985.SZ|501018.SH|512890.SH|513030.SH|513070.SH|513080.SH|513100.SH|513120.SH|513310.SH|515220.SH|518880.SH,2.651901151906832,0.9096396735534105,neighbor,1,512200.SH,515220.SH
rolling_multi_start_hill,2023-01-01/2023-06-30,2023-07-01/2023-12-31,29,159852.SZ|159981.SZ|159985.SZ|501018.SH|512890.SH|513030.SH|513070.SH|513080.SH|513100.SH|513120.SH|513310.SH|518880.SH|562500.SH,2.200252203440007,0.9096396735534105,neighbor,1,512200.SH,562500.SH
rolling_multi_start_hill,2023-01-01/2023-06-30,2023-07-01/2023-12-31,30,159852.SZ|159915.SZ|159981.SZ|159985.SZ|501018.SH|512890.SH|513030.SH|513070.SH|513080.SH|513100.SH|513120.SH|513310.SH|518880.SH,2.757920841664832,0.9096396735534105,neighbor,1,512200.SH,159915.SZ
rolling_multi_start_hill,2023-01-01/2023-06-30,2023-07-01/2023-12-31,31,159852.SZ|159981.SZ|159985.SZ|160644.SZ|501018.SH|512200.SH|512890.SH|513030.SH|513070.SH|513080.SH|513120.SH|513310.SH|518880.SH,2.0493043809884095,0.9096396735534105,neighbor,1,513100.SH,160644.SZ
rolling_multi_start_hill,2023-01-01/2023-06-30,2023-07-01/2023-12-31,32,159852.SZ|159985.SZ|161226.SZ|501018.SH|512200.SH|512890.SH|513030.SH|513070.SH|513080.SH|513100.SH|513120.SH|513310.SH|518880.SH,2.3608920385739505,0.9096396735534105,neighbor,1,159981.SZ,161226.SZ
rolling_multi_start_hill,2023-01-01/2023-06-30,2023-07-01/2023-12-31,33,159852.SZ|159981.SZ|159985.SZ|160644.SZ|501018.SH|512200.SH|512890.SH|513030.SH|513070.SH|513100.SH|513120.SH|513310.SH|518880.SH,2.7556555517512344,0.5987426581640302,neighbor,1,513080.SH,160644.SZ
rolling_multi_start_hill,2023-01-01/2023-06-30,2023-07-01/2023-12-31,34,159852.SZ|159901.SZ|159981.SZ|159985.SZ|501018.SH|512200.SH|513030.SH|513070.SH|513080.SH|513100.SH|513120.SH|513310.SH|518880.SH,2.1300484788120366,0.9096396735534105,neighbor,1,512890.SH,159901.SZ
rolling_multi_start_hill,2023-01-01/2023-06-30,2023-07-01/2023-12-31,35,159852.SZ|159980.SZ|159981.SZ|159985.SZ|501018.SH|512200.SH|512890.SH|513030.SH|513070.SH|513080.SH|513100.SH|513120.SH|513310.SH,1.6863915959078017,0.9096396735534105,neighbor,1,518880.SH,159980.SZ
rolling_multi_start_hill,2023-01-01/2023-06-30,2023-07-01/2023-12-31,36,159852.SZ|159981.SZ|161226.SZ|501018.SH|512200.SH|512890.SH|513030.SH|513070.SH|513080.SH|513100.SH|513120.SH|513310.SH|518880.SH,2.3754434973170793,0.9096396735534105,neighbor,1,159985.SZ,161226.SZ
rolling_multi_start_hill,2023-01-01/2023-06-30,2023-07-01/2023-12-31,37,159852.SZ|159980.SZ|159981.SZ|159985.SZ|512200.SH|512890.SH|513030.SH|513070.SH|513080.SH|513100.SH|513120.SH|513310.SH|518880.SH,2.8373386720289693,0.9096396735534105,neighbor,1,501018.SH,159980.SZ
rolling_multi_start_hill,2023-01-01/2023-06-30,2023-07-01/2023-12-31,38,159852.SZ|159980.SZ|159985.SZ|501018.SH|512200.SH|512890.SH|513030.SH|513070.SH|513080.SH|513100.SH|513120.SH|513310.SH|518880.SH,2.6231463530121477,0.9096396735534105,neighbor,1,159981.SZ,501018.SH
rolling_multi_start_hill,2023-01-01/2023-06-30,2023-07-01/2023-12-31,39,159852.SZ|159980.SZ|159981.SZ|159985.SZ|512200.SH|512890.SH|513030.SH|513070.SH|513100.SH|513120.SH|513310.SH|513880.SH|518880.SH,2.903577463403938,0.6186640087669161,neighbor,1,513080.SH,513880.SH
rolling_multi_start_hill,2023-01-01/2023-06-30,2023-07-01/2023-12-31,40,159687.SZ|159852.SZ|159980.SZ|159981.SZ|159985.SZ|512200.SH|512890.SH|513030.SH|513070.SH|513120.SH|513310.SH|513880.SH|518880.SH,2.2699818382733143,0.6995802811180952,neighbor,1,513100.SH,159687.SZ
rolling_multi_start_hill,2023-01-01/2023-06-30,2023-07-01/2023-12-31,41,159865.SZ|159920.SZ|159980.SZ|159981.SZ|159985.SZ|160644.SZ|164824.SZ|501018.SH|510180.SH|510880.SH|513080.SH|513180.SH|513880.SH,0.6456265361144091,0.8931243278220744,restart,2,,
rolling_multi_start_hill,2023-01-01/2023-06-30,2023-07-01/2023-12-31,42,159852.SZ|159865.SZ|159920.SZ|159980.SZ|159981.SZ|159985.SZ|160644.SZ|164824.SZ|501018.SH|510880.SH|513080.SH|513180.SH|513880.SH,2.208693850095286,0.8931243278220744,neighbor,2,510180.SH,159852.SZ
rolling_multi_start_hill,2023-01-01/2023-06-30,2023-07-01/2023-12-31,43,159852.SZ|159865.SZ|159920.SZ|159980.SZ|159981.SZ|159985.SZ|164824.SZ|501018.SH|510880.SH|513080.SH|513180.SH|513310.SH|513880.SH,1.5801404228595672,0.8931243278220744,neighbor,2,160644.SZ,513310.SH
rolling_multi_start_hill,2023-01-01/2023-06-30,2023-07-01/2023-12-31,44,159852.SZ|159865.SZ|159920.SZ|159980.SZ|159981.SZ|159985.SZ|160644.SZ|164824.SZ|501018.SH|510880.SH|513080.SH|513120.SH|513880.SH,1.9087423003653534,0.6186640087669161,neighbor,2,513180.SH,513120.SH
rolling_multi_start_hill,2023-01-01/2023-06-30,2023-07-01/2023-12-31,45,159852.SZ|159865.SZ|159980.SZ|159981.SZ|159985.SZ|160644.SZ|164824.SZ|501018.SH|510880.SH|513080.SH|513120.SH|513180.SH|513880.SH,2.0626951938281803,0.6186640087669161,neighbor,2,159920.SZ,513120.SH
rolling_multi_start_hill,2023-01-01/2023-06-30,2023-07-01/2023-12-31,46,159852.SZ|159865.SZ|159920.SZ|159980.SZ|159981.SZ|159985.SZ|160644.SZ|164824.SZ|501018.SH|510880.SH|513080.SH|513180.SH|513290.SH,0.633870964807451,0.8931243278220744,neighbor,2,513880.SH,513290.SH
rolling_multi_start_hill,2023-01-01/2023-06-30,2023-07-01/2023-12-31,47,159687.SZ|159852.SZ|159865.SZ|159920.SZ|159980.SZ|159981.SZ|159985.SZ|164824.SZ|501018.SH|510880.SH|513080.SH|513180.SH|513880.SH,2.3948558349247917,0.8931243278220744,neighbor,2,160644.SZ,159687.SZ
rolling_multi_start_hill,2023-01-01/2023-06-30,2023-07-01/2023-12-31,48,159687.SZ|159852.SZ|159865.SZ|159920.SZ|159980.SZ|159981.SZ|159985.SZ|501018.SH|510880.SH|513080.SH|513180.SH|513310.SH|513880.SH,1.3787770390733964,0.8931243278220744,neighbor,2,164824.SZ,513310.SH
rolling_multi_start_hill,2023-01-01/2023-06-30,2023-07-01/2023-12-31,49,159687.SZ|159852.SZ|159865.SZ|159920.SZ|159980.SZ|159981.SZ|159985.SZ|501018.SH|510880.SH|513080.SH|513180.SH|513500.SH|513880.SH,1.8755199940383025,0.8931243278220744,neighbor,2,164824.SZ,513500.SH
rolling_multi_start_hill,2023-01-01/2023-06-30,2023-07-01/2023-12-31,50,159687.SZ|159852.SZ|159865.SZ|159920.SZ|159980.SZ|159981.SZ|159985.SZ|160644.SZ|164824.SZ|501018.SH|510880.SH|513080.SH|513180.SH,1.181109425905263,0.8931243278220744,neighbor,2,513880.SH,160644.SZ
rolling_multi_start_hill,2023-01-01/2023-06-30,2023-07-01/2023-12-31,51,159687.SZ|159852.SZ|159920.SZ|159967.SZ|159980.SZ|159981.SZ|159985.SZ|164824.SZ|501018.SH|510880.SH|513080.SH|513180.SH|513880.SH,2.591793148605651,0.8931243278220744,neighbor,2,159865.SZ,159967.SZ
rolling_multi_start_hill,2023-01-01/2023-06-30,2023-07-01/2023-12-31,52,159687.SZ|159852.SZ|159920.SZ|159967.SZ|159980.SZ|159981.SZ|159985.SZ|164824.SZ|501018.SH|513080.SH|513180.SH|513880.SH|588200.SH,2.1257012113587646,0.8931243278220744,neighbor,2,510880.SH,588200.SH
rolling_multi_start_hill,2023-01-01/2023-06-30,2023-07-01/2023-12-31,53,159687.SZ|159852.SZ|159967.SZ|159980.SZ|159981.SZ|159985.SZ|164824.SZ|501018.SH|510880.SH|513080.SH|513120.SH|513180.SH|513880.SH,2.4875522880623366,0.6995802811180952,neighbor,2,159920.SZ,513120.SH
rolling_multi_start_hill,2023-01-01/2023-06-30,2023-07-01/2023-12-31,54,159687.SZ|159852.SZ|159920.SZ|159967.SZ|159980.SZ|159981.SZ|159985.SZ|501018.SH|510880.SH|513080.SH|513180.SH|513500.SH|513880.SH,2.0794039974271454,0.8931243278220744,neighbor,2,164824.SZ,513500.SH
rolling_multi_start_hill,2023-01-01/2023-06-30,2023-07-01/2023-12-31,55,159687.SZ|159852.SZ|159920.SZ|159967.SZ|159980.SZ|159981.SZ|159985.SZ|164824.SZ|501018.SH|510880.SH|513080.SH|513180.SH|513290.SH,1.09153890062614,0.8931243278220744,neighbor,2,513880.SH,513290.SH
rolling_multi_start_hill,2023-01-01/2023-06-30,2023-07-01/2023-12-31,56,159687.SZ|159852.SZ|159920.SZ|159967.SZ|159980.SZ|159985.SZ|161226.SZ|164824.SZ|501018.SH|510880.SH|513080.SH|513180.SH|513880.SH,2.442336971991248,0.8931243278220744,neighbor,2,159981.SZ,161226.SZ
rolling_multi_start_hill,2023-01-01/2023-06-30,2023-07-01/2023-12-31,57,159687.SZ|159852.SZ|159920.SZ|159967.SZ|159980.SZ|159981.SZ|159985.SZ|164824.SZ|501018.SH|510880.SH|513080.SH|513100.SH|513180.SH,2.5089446072020958,0.8931243278220744,neighbor,2,513880.SH,513100.SH
rolling_multi_start_hill,2023-01-01/2023-06-30,2023-07-01/2023-12-31,58,159687.SZ|159852.SZ|159920.SZ|159967.SZ|159981.SZ|159985.SZ|164824.SZ|501018.SH|510880.SH|513080.SH|513180.SH|513880.SH|518880.SH,3.1680627315981793,0.8931243278220744,neighbor,2,159980.SZ,518880.SH
rolling_multi_start_hill,2023-01-01/2023-06-30,2023-07-01/2023-12-31,59,159687.SZ|159852.SZ|159869.SZ|159920.SZ|159967.SZ|159981.SZ|159985.SZ|164824.SZ|501018.SH|513080.SH|513180.SH|513880.SH|518880.SH,3.110863145193162,0.8931243278220744,neighbor,2,510880.SH,159869.SZ
rolling_multi_start_hill,2023-01-01/2023-06-30,2023-07-01/2023-12-31,60,159687.SZ|159825.SZ|159920.SZ|159967.SZ|159981.SZ|159985.SZ|164824.SZ|501018.SH|510880.SH|513080.SH|513180.SH|513880.SH|518880.SH,2.086981408448587,0.8931243278220744,neighbor,2,159852.SZ,159825.SZ
rolling_multi_start_hill,2023-01-01/2023-06-30,2023-07-01/2023-12-31,61,159766.SZ|159870.SZ|159981.SZ|160644.SZ|161226.SZ|501018.SH|513030.SH|513070.SH|513120.SH|513310.SH|513500.SH|518880.SH|588000.SH,1.0662115257843896,0.6871488226207012,restart,3,,
rolling_multi_start_hill,2023-01-01/2023-06-30,2023-07-01/2023-12-31,62,159766.SZ|159870.SZ|159980.SZ|159981.SZ|160644.SZ|501018.SH|513030.SH|513070.SH|513120.SH|513310.SH|513500.SH|518880.SH|588000.SH,0.7052272415261668,0.6861192240287576,neighbor,3,161226.SZ,159980.SZ
rolling_multi_start_hill,2023-01-01/2023-06-30,2023-07-01/2023-12-31,63,159766.SZ|159870.SZ|159985.SZ|160644.SZ|161226.SZ|501018.SH|513030.SH|513070.SH|513120.SH|513310.SH|513500.SH|518880.SH|588000.SH,1.000631269555373,0.6871488226207012,neighbor,3,159981.SZ,159985.SZ
rolling_multi_start_hill,2023-01-01/2023-06-30,2023-07-01/2023-12-31,64,159766.SZ|159870.SZ|159981.SZ|161226.SZ|501018.SH|513030.SH|513070.SH|513120.SH|513290.SH|513310.SH|513500.SH|518880.SH|588000.SH,0.9581607120308637,0.6871488226207012,neighbor,3,160644.SZ,513290.SH
rolling_multi_start_hill,2023-01-01/2023-06-30,2023-07-01/2023-12-31,65,159766.SZ|159870.SZ|159981.SZ|160644.SZ|161226.SZ|501018.SH|513030.SH|513070.SH|513100.SH|513120.SH|513310.SH|518880.SH|588000.SH,1.2915091489011952,0.6871488226207012,neighbor,3,513500.SH,513100.SH
rolling_multi_start_hill,2023-01-01/2023-06-30,2023-07-01/2023-12-31,66,159766.SZ|159870.SZ|159981.SZ|161226.SZ|164824.SZ|501018.SH|513030.SH|513070.SH|513100.SH|513120.SH|513310.SH|518880.SH|588000.SH,1.7413231416112218,0.6871488226207012,neighbor,3,160644.SZ,164824.SZ
rolling_multi_start_hill,2023-01-01/2023-06-30,2023-07-01/2023-12-31,67,159766.SZ|159870.SZ|159981.SZ|161226.SZ|164824.SZ|501018.SH|513030.SH|513070.SH|513100.SH|513120.SH|513880.SH|518880.SH|588000.SH,2.220623294993127,0.6871488226207012,neighbor,3,513310.SH,513880.SH
rolling_multi_start_hill,2023-01-01/2023-06-30,2023-07-01/2023-12-31,68,159870.SZ|159981.SZ|161226.SZ|164824.SZ|501018.SH|510880.SH|513030.SH|513070.SH|513100.SH|513120.SH|513880.SH|518880.SH|588000.SH,2.697883637407813,0.6871488226207012,neighbor,3,159766.SZ,510880.SH
rolling_multi_start_hill,2023-01-01/2023-06-30,2023-07-01/2023-12-31,69,159870.SZ|159981.SZ|161226.SZ|164824.SZ|501018.SH|512100.SH|513030.SH|513070.SH|513100.SH|513120.SH|513880.SH|518880.SH|588000.SH,2.572165264867022,0.7093421844093003,neighbor,3,510880.SH,512100.SH
rolling_multi_start_hill,2023-01-01/2023-06-30,2023-07-01/2023-12-31,70,159870.SZ|159980.SZ|161226.SZ|164824.SZ|501018.SH|510880.SH|513030.SH|513070.SH|513100.SH|513120.SH|513880.SH|518880.SH|588000.SH,2.1368089289355665,0.6871488226207012,neighbor,3,159981.SZ,159980.SZ
rolling_multi_start_hill,2023-01-01/2023-06-30,2023-07-01/2023-12-31,71,159870.SZ|159981.SZ|161226.SZ|164824.SZ|501018.SH|510880.SH|513030.SH|513100.SH|513120.SH|513180.SH|513880.SH|518880.SH|588000.SH,2.616243248774878,0.6871488226207012,neighbor,3,513070.SH,513180.SH
rolling_multi_start_hill,2023-01-01/2023-06-30,2023-07-01/2023-12-31,72,159870.SZ|159920.SZ|159981.SZ|161226.SZ|164824.SZ|501018.SH|510880.SH|513030.SH|513070.SH|513100.SH|513880.SH|518880.SH|588000.SH,2.252311551677245,0.9035245733924316,neighbor,3,513120.SH,159920.SZ
rolling_multi_start_hill,2023-01-01/2023-06-30,2023-07-01/2023-12-31,73,159870.SZ|159981.SZ|160644.SZ|161226.SZ|164824.SZ|501018.SH|510880.SH|513070.SH|513100.SH|513120.SH|513880.SH|518880.SH|588000.SH,2.561244570252902,0.6871488226207012,neighbor,3,513030.SH,160644.SZ
rolling_multi_start_hill,2023-01-01/2023-06-30,2023-07-01/2023-12-31,74,159981.SZ|161226.SZ|164824.SZ|501018.SH|510050.SH|510880.SH|513030.SH|513070.SH|513100.SH|513120.SH|513880.SH|518880.SH|588000.SH,2.6567585385184054,0.6871488226207012,neighbor,3,159870.SZ,510050.SH
rolling_multi_start_hill,2023-01-01/2023-06-30,2023-07-01/2023-12-31,75,159870.SZ|159981.SZ|161226.SZ|164824.SZ|501018.SH|510050.SH|513030.SH|513070.SH|513100.SH|513120.SH|513880.SH|518880.SH|588000.SH,2.5958517311396814,0.6871488226207012,neighbor,3,510880.SH,510050.SH
rolling_multi_start_hill,2023-01-01/2023-06-30,2023-07-01/2023-12-31,76,159687.SZ|159870.SZ|159981.SZ|161226.SZ|501018.SH|510880.SH|513030.SH|513070.SH|513100.SH|513120.SH|513880.SH|518880.SH|588000.SH,2.1785370445306222,0.6995802811180952,neighbor,3,164824.SZ,159687.SZ
rolling_multi_start_hill,2023-01-01/2023-06-30,2023-07-01/2023-12-31,77,159870.SZ|159920.SZ|159981.SZ|161226.SZ|164824.SZ|501018.SH|510880.SH|513030.SH|513100.SH|513120.SH|513880.SH|518880.SH|588000.SH,2.781441483289913,0.6871488226207012,neighbor,3,513070.SH,159920.SZ
rolling_multi_start_hill,2023-01-01/2023-06-30,2023-07-01/2023-12-31,78,159870.SZ|159920.SZ|159981.SZ|159985.SZ|161226.SZ|164824.SZ|501018.SH|510880.SH|513030.SH|513100.SH|513120.SH|513880.SH|588000.SH,2.142885015289118,0.5987426581640302,neighbor,3,518880.SH,159985.SZ
rolling_multi_start_hill,2023-01-01/2023-06-30,2023-07-01/2023-12-31,79,159920.SZ|159981.SZ|161226.SZ|164824.SZ|501018.SH|510880.SH|512890.SH|513030.SH|513100.SH|513120.SH|513880.SH|518880.SH|588000.SH,2.543034277161279,0.8945765919292531,neighbor,3,159870.SZ,512890.SH
rolling_multi_start_hill,2023-01-01/2023-06-30,2023-07-01/2023-12-31,80,159870.SZ|159920.SZ|159980.SZ|159981.SZ|161226.SZ|164824.SZ|501018.SH|510880.SH|513030.SH|513100.SH|513120.SH|513880.SH|588000.SH,2.0797393931639423,0.6186640087669161,neighbor,3,518880.SH,159980.SZ
rolling_multi_start_hill,2023-01-01/2023-06-30,2023-07-01/2023-12-31,81,159920.SZ|159967.SZ|159985.SZ|161226.SZ|164824.SZ|501018.SH|510210.SH|512040.SH|513070.SH|513080.SH|513290.SH|513310.SH|518880.SH,0.46154445747868433,0.9035245733924316,restart,4,,
rolling_multi_start_hill,2023-01-01/2023-06-30,2023-07-01/2023-12-31,82,159920.SZ|159985.SZ|161226.SZ|164824.SZ|501018.SH|510210.SH|512040.SH|513070.SH|513080.SH|513290.SH|513310.SH|518880.SH|588000.SH,1.1404059960704345,0.9035245733924316,neighbor,4,159967.SZ,588000.SH
rolling_multi_start_hill,2023-01-01/2023-06-30,2023-07-01/2023-12-31,83,159920.SZ|159985.SZ|161226.SZ|164824.SZ|501018.SH|510210.SH|512040.SH|513080.SH|513180.SH|513290.SH|513310.SH|518880.SH|588000.SH,1.050143241534413,0.8931243278220744,neighbor,4,513070.SH,513180.SH
rolling_multi_start_hill,2023-01-01/2023-06-30,2023-07-01/2023-12-31,84,159920.SZ|159985.SZ|161226.SZ|164824.SZ|501018.SH|510210.SH|510300.SH|512040.SH|513070.SH|513080.SH|513290.SH|513310.SH|518880.SH,0.7047891341515885,0.9035245733924316,neighbor,4,588000.SH,510300.SH
rolling_multi_start_hill,2023-01-01/2023-06-30,2023-07-01/2023-12-31,85,159920.SZ|159981.SZ|161226.SZ|164824.SZ|501018.SH|510210.SH|512040.SH|513070.SH|513080.SH|513290.SH|513310.SH|518880.SH|588000.SH,1.7846170742417133,0.9035245733924316,neighbor,4,159985.SZ,159981.SZ
rolling_multi_start_hill,2023-01-01/2023-06-30,2023-07-01/2023-12-31,86,159920.SZ|159981.SZ|161226.SZ|164824.SZ|501018.SH|512040.SH|512980.SH|513070.SH|513080.SH|513290.SH|513310.SH|518880.SH|588000.SH,1.630350647551213,0.9035245733924316,neighbor,4,510210.SH,512980.SH
rolling_multi_start_hill,2023-01-01/2023-06-30,2023-07-01/2023-12-31,87,159920.SZ|159981.SZ|161226.SZ|164824.SZ|501018.SH|510210.SH|512040.SH|513070.SH|513290.SH|513310.SH|513880.SH|518880.SH|588000.SH,1.4292398840719587,0.9035245733924316,neighbor,4,513080.SH,513880.SH
rolling_multi_start_hill,2023-01-01/2023-06-30,2023-07-01/2023-12-31,88,159920.SZ|159981.SZ|161226.SZ|501018.SH|510210.SH|512040.SH|513030.SH|513070.SH|513080.SH|513290.SH|513310.SH|518880.SH|588000.SH,1.148477057123982,0.9096396735534105,neighbor,4,164824.SZ,513030.SH
rolling_multi_start_hill,2023-01-01/2023-06-30,2023-07-01/2023-12-31,89,159920.SZ|159981.SZ|159985.SZ|161226.SZ|164824.SZ|510210.SH|512040.SH|513070.SH|513080.SH|513290.SH|513310.SH|518880.SH|588000.SH,1.589259274321758,0.9035245733924316,neighbor,4,501018.SH,159985.SZ
rolling_multi_start_hill,2023-01-01/2023-06-30,2023-07-01/2023-12-31,90,159920.SZ|159981.SZ|160644.SZ|161226.SZ|501018.SH|510210.SH|512040.SH|513070.SH|513080.SH|513290.SH|513310.SH|518880.SH|588000.SH,1.1782389241710962,0.9035245733924316,neighbor,4,164824.SZ,160644.SZ
rolling_multi_start_hill,2023-01-01/2023-06-30,2023-07-01/2023-12-31,91,159920.SZ|159980.SZ|159981.SZ|164824.SZ|501018.SH|510210.SH|512040.SH|513070.SH|513080.SH|513290.SH|513310.SH|518880.SH|588000.SH,1.3726686943749664,0.9035245733924316,neighbor,4,161226.SZ,159980.SZ
rolling_multi_start_hill,2023-01-01/2023-06-30,2023-07-01/2023-12-31,92,159920.SZ|159980.SZ|161226.SZ|164824.SZ|501018.SH|510210.SH|512040.SH|513070.SH|513080.SH|513290.SH|513310.SH|518880.SH|588000.SH,1.010244753960997,0.9035245733924316,neighbor,4,159981.SZ,159980.SZ
rolling_multi_start_hill,2023-01-01/2023-06-30,2023-07-01/2023-12-31,93,159920.SZ|159981.SZ|161226.SZ|164824.SZ|501018.SH|510210.SH|512040.SH|513030.SH|513070.SH|513290.SH|513310.SH|518880.SH|588000.SH,1.7123986024265887,0.9035245733924316,neighbor,4,513080.SH,513030.SH
rolling_multi_start_hill,2023-01-01/2023-06-30,2023-07-01/2023-12-31,94,159920.SZ|159980.SZ|159981.SZ|161226.SZ|164824.SZ|510210.SH|512040.SH|513070.SH|513080.SH|513290.SH|513310.SH|518880.SH|588000.SH,1.5019774099705867,0.9035245733924316,neighbor,4,501018.SH,159980.SZ
rolling_multi_start_hill,2023-01-01/2023-06-30,2023-07-01/2023-12-31,95,159920.SZ|159980.SZ|159981.SZ|161226.SZ|164824.SZ|501018.SH|510210.SH|512040.SH|513070.SH|513080.SH|513290.SH|513310.SH|588000.SH,0.5033290093195179,0.9035245733924316,neighbor,4,518880.SH,159980.SZ
rolling_multi_start_hill,2023-01-01/2023-06-30,2023-07-01/2023-12-31,96,159920.SZ|159981.SZ|160644.SZ|161226.SZ|164824.SZ|501018.SH|510210.SH|512040.SH|513070.SH|513290.SH|513310.SH|518880.SH|588000.SH,1.0002552054347436,0.9035245733924316,neighbor,4,513080.SH,160644.SZ
rolling_multi_start_hill,2023-01-01/2023-06-30,2023-07-01/2023-12-31,97,159920.SZ|159981.SZ|161226.SZ|501018.SH|510210.SH|512040.SH|513070.SH|513080.SH|513100.SH|513290.SH|513310.SH|518880.SH|588000.SH,1.6538202490992886,0.9035245733924316,neighbor,4,164824.SZ,513100.SH
rolling_multi_start_hill,2023-01-01/2023-06-30,2023-07-01/2023-12-31,98,159869.SZ|159920.SZ|159981.SZ|161226.SZ|164824.SZ|501018.SH|512040.SH|513070.SH|513080.SH|513290.SH|513310.SH|518880.SH|588000.SH,1.924063439455489,0.9035245733924316,neighbor,4,510210.SH,159869.SZ
rolling_multi_start_hill,2023-01-01/2023-06-30,2023-07-01/2023-12-31,99,159869.SZ|159920.SZ|159981.SZ|160644.SZ|161226.SZ|164824.SZ|501018.SH|512040.SH|513070.SH|513080.SH|513290.SH|518880.SH|588000.SH,1.848610862225993,0.9035245733924316,neighbor,4,513310.SH,160644.SZ
rolling_multi_start_hill,2023-01-01/2023-06-30,2023-07-01/2023-12-31,100,159869.SZ|159920.SZ|159985.SZ|161226.SZ|164824.SZ|501018.SH|512040.SH|513070.SH|513080.SH|513290.SH|513310.SH|518880.SH|588000.SH,2.0254988610310196,0.9035245733924316,neighbor,4,159981.SZ,159985.SZ
rolling_multi_start_hill,2023-07-01/2023-12-31,2024-01-01/2024-06-30,1,159687.SZ|159851.SZ|159980.SZ|159981.SZ|160644.SZ|501018.SH|510210.SH|512800.SH|513070.SH|513080.SH|513120.SH|513500.SH|518880.SH,-0.44202060902766455,0.7427509010578249,restart,0,,
rolling_multi_start_hill,2023-07-01/2023-12-31,2024-01-01/2024-06-30,2,159687.SZ|159851.SZ|159980.SZ|159981.SZ|160644.SZ|164824.SZ|501018.SH|510210.SH|512800.SH|513070.SH|513080.SH|513120.SH|518880.SH,-0.13698328010890792,0.7427509010578249,neighbor,0,513500.SH,164824.SZ
rolling_multi_start_hill,2023-07-01/2023-12-31,2024-01-01/2024-06-30,3,159687.SZ|159851.SZ|159980.SZ|159981.SZ|160644.SZ|164824.SZ|501018.SH|510210.SH|512800.SH|513080.SH|513120.SH|513180.SH|518880.SH,-0.1077474987021477,0.7427509010578249,neighbor,0,513070.SH,513180.SH
rolling_multi_start_hill,2023-07-01/2023-12-31,2024-01-01/2024-06-30,4,159687.SZ|159851.SZ|159980.SZ|160644.SZ|161226.SZ|164824.SZ|501018.SH|510210.SH|512800.SH|513080.SH|513120.SH|513180.SH|518880.SH,-0.6480283419868651,0.7427509010578249,neighbor,0,159981.SZ,161226.SZ
rolling_multi_start_hill,2023-07-01/2023-12-31,2024-01-01/2024-06-30,5,159687.SZ|159980.SZ|159981.SZ|160644.SZ|164824.SZ|501018.SH|510210.SH|512800.SH|513080.SH|513120.SH|513180.SH|518880.SH|562500.SH,-0.4699994815672108,0.7366857191376772,neighbor,0,159851.SZ,562500.SH
rolling_multi_start_hill,2023-07-01/2023-12-31,2024-01-01/2024-06-30,6,159687.SZ|159851.SZ|159980.SZ|159981.SZ|164824.SZ|501018.SH|510210.SH|512800.SH|513080.SH|513120.SH|513180.SH|513310.SH|518880.SH,-0.2893728094824895,0.7427509010578249,neighbor,0,160644.SZ,513310.SH
rolling_multi_start_hill,2023-07-01/2023-12-31,2024-01-01/2024-06-30,7,159687.SZ|159851.SZ|159980.SZ|159981.SZ|160644.SZ|164824.SZ|501018.SH|510210.SH|512800.SH|513030.SH|513120.SH|513180.SH|518880.SH,-0.3437008051263744,0.7579092133299615,neighbor,0,513080.SH,513030.SH
rolling_multi_start_hill,2023-07-01/2023-12-31,2024-01-01/2024-06-30,8,159851.SZ|159980.SZ|159981.SZ|160644.SZ|164824.SZ|501018.SH|510210.SH|512800.SH|513080.SH|513120.SH|513180.SH|513500.SH|518880.SH,-0.07736506199018027,0.7427509010578249,neighbor,0,159687.SZ,513500.SH
rolling_multi_start_hill,2023-07-01/2023-12-31,2024-01-01/2024-06-30,9,159851.SZ|159980.SZ|159981.SZ|160644.SZ|161226.SZ|164824.SZ|510210.SH|512800.SH|513080.SH|513120.SH|513180.SH|513500.SH|518880.SH,-1.2321055143160142,0.7427509010578249,neighbor,0,501018.SH,161226.SZ
rolling_multi_start_hill,2023-07-01/2023-12-31,2024-01-01/2024-06-30,10,159851.SZ|159980.SZ|159981.SZ|160644.SZ|164824.SZ|501018.SH|510210.SH|512800.SH|513120.SH|513180.SH|513290.SH|513500.SH|518880.SH,-0.0821528221081587,0.7427509010578249,neighbor,0,513080.SH,513290.SH
rolling_multi_start_hill,2023-07-01/2023-12-31,2024-01-01/2024-06-30,11,159851.SZ|159980.SZ|159981.SZ|160644.SZ|164824.SZ|501018.SH|510210.SH|512800.SH|513030.SH|513120.SH|513180.SH|513500.SH|518880.SH,-0.07598718341840832,0.7597995185455373,neighbor,0,513080.SH,513030.SH
rolling_multi_start_hill,2023-07-01/2023-12-31,2024-01-01/2024-06-30,12,159851.SZ|159980.SZ|159981.SZ|160644.SZ|501018.SH|510210.SH|512800.SH|513030.SH|513120.SH|513180.SH|513310.SH|513500.SH|518880.SH,-0.7196004125743954,0.7597995185455373,neighbor,0,164824.SZ,513310.SH
rolling_multi_start_hill,2023-07-01/2023-12-31,2024-01-01/2024-06-30,13,159851.SZ|159980.SZ|159981.SZ|160644.SZ|164824.SZ|501018.SH|510210.SH|512800.SH|513120.SH|513180.SH|513310.SH|513500.SH|518880.SH,-0.5296260242657923,0.7427509010578249,neighbor,0,513030.SH,513310.SH
rolling_multi_start_hill,2023-07-01/2023-12-31,2024-01-01/2024-06-30,14,159851.SZ|159981.SZ|160644.SZ|161226.SZ|164824.SZ|501018.SH|510210.SH|512800.SH|513030.SH|513120.SH|513180.SH|513500.SH|518880.SH,-0.5426416522811784,0.7597995185455373,neighbor,0,159980.SZ,161226.SZ
rolling_multi_start_hill,2023-07-01/2023-12-31,2024-01-01/2024-06-30,15,159851.SZ|159980.SZ|159981.SZ|160644.SZ|501018.SH|510210.SH|512800.SH|513030.SH|513120.SH|513180.SH|513500.SH|513880.SH|518880.SH,-0.3508941388042139,0.7824059319979025,neighbor,0,164824.SZ,513880.SH
rolling_multi_start_hill,2023-07-01/2023-12-31,2024-01-01/2024-06-30,16,159851.SZ|159980.SZ|159981.SZ|164824.SZ|501018.SH|510210.SH|512800.SH|513030.SH|513120.SH|513180.SH|513500.SH|513880.SH|518880.SH,-0.04690148794584403,0.7824059319979025,neighbor,0,160644.SZ,513880.SH
rolling_multi_start_hill,2023-07-01/2023-12-31,2024-01-01/2024-06-30,17,159687.SZ|159851.SZ|159980.SZ|159981.SZ|164824.SZ|501018.SH|510210.SH|512800.SH|513120.SH|513180.SH|513500.SH|513880.SH|518880.SH,-0.12446183825165442,0.8806115882628334,neighbor,0,513030.SH,159687.SZ
rolling_multi_start_hill,2023-07-01/2023-12-31,2024-01-01/2024-06-30,18,159509.SZ|159851.SZ|159980.SZ|159981.SZ|164824.SZ|501018.SH|510210.SH|512800.SH|513030.SH|513120.SH|513180.SH|513880.SH|518880.SH,0.23486779899911972,0.7824059319979025,neighbor,0,513500.SH,159509.SZ
rolling_multi_start_hill,2023-07-01/2023-12-31,2024-01-01/2024-06-30,19,159509.SZ|159766.SZ|159980.SZ|159981.SZ|164824.SZ|501018.SH|510210.SH|512800.SH|513030.SH|513120.SH|513180.SH|513880.SH|518880.SH,-0.35274482788913963,0.7824059319979025,neighbor,0,159851.SZ,159766.SZ
rolling_multi_start_hill,2023-07-01/2023-12-31,2024-01-01/2024-06-30,20,159509.SZ|159851.SZ|159980.SZ|159981.SZ|160644.SZ|501018.SH|510210.SH|512800.SH|513030.SH|513120.SH|513180.SH|513880.SH|518880.SH,0.33075589474135964,0.7824059319979025,neighbor,0,164824.SZ,160644.SZ
rolling_multi_start_hill,2023-07-01/2023-12-31,2024-01-01/2024-06-30,21,159852.SZ|159870.SZ|159901.SZ|159980.SZ|159981.SZ|164824.SZ|501018.SH|513080.SH|513100.SH|513120.SH|513180.SH|513880.SH|518880.SH,-0.976772655944585,0.8240442777739098,restart,1,,
rolling_multi_start_hill,2023-07-01/2023-12-31,2024-01-01/2024-06-30,22,159852.SZ|159870.SZ|159901.SZ|159980.SZ|159981.SZ|164824.SZ|501018.SH|513080.SH|513120.SH|513180.SH|513500.SH|513880.SH|518880.SH,-1.1907303509377747,0.8240442777739098,neighbor,1,513100.SH,513500.SH
rolling_multi_start_hill,2023-07-01/2023-12-31,2024-01-01/2024-06-30,23,159852.SZ|159870.SZ|159901.SZ|159980.SZ|159981.SZ|164824.SZ|501018.SH|513030.SH|513100.SH|513120.SH|513180.SH|513880.SH|518880.SH,-1.0766866184537822,0.8240442777739098,neighbor,1,513080.SH,513030.SH
rolling_multi_start_hill,2023-07-01/2023-12-31,2024-01-01/2024-06-30,24,159852.SZ|159870.SZ|159901.SZ|159980.SZ|161226.SZ|164824.SZ|501018.SH|513080.SH|513100.SH|513120.SH|513180.SH|513880.SH|518880.SH,-1.867291676118115,0.8240442777739098,neighbor,1,159981.SZ,161226.SZ
rolling_multi_start_hill,2023-07-01/2023-12-31,2024-01-01/2024-06-30,25,159852.SZ|159870.SZ|159901.SZ|159981.SZ|159985.SZ|164824.SZ|501018.SH|513080.SH|513100.SH|513120.SH|513180.SH|513880.SH|518880.SH,-0.3839519060921181,0.8240442777739098,neighbor,1,159980.SZ,159985.SZ
rolling_multi_start_hill,2023-07-01/2023-12-31,2024-01-01/2024-06-30,26,159851.SZ|159852.SZ|159870.SZ|159981.SZ|159985.SZ|164824.SZ|501018.SH|513080.SH|513100.SH|513120.SH|513180.SH|513880.SH|518880.SH,0.13592021763093146,0.8647793867976346,neighbor,1,159901.SZ,159851.SZ
rolling_multi_start_hill,2023-07-01/2023-12-31,2024-01-01/2024-06-30,27,159851.SZ|159852.SZ|159870.SZ|159981.SZ|159985.SZ|161226.SZ|164824.SZ|513080.SH|513100.SH|513120.SH|513180.SH|513880.SH|518880.SH,-1.4055939912779891,0.8647793867976346,neighbor,1,501018.SH,161226.SZ
rolling_multi_start_hill,2023-07-01/2023-12-31,2024-01-01/2024-06-30,28,159851.SZ|159852.SZ|159870.SZ|159980.SZ|159981.SZ|159985.SZ|164824.SZ|513080.SH|513100.SH|513120.SH|513180.SH|513880.SH|518880.SH,-0.6511739965373242,0.8647793867976346,neighbor,1,501018.SH,159980.SZ
rolling_multi_start_hill,2023-07-01/2023-12-31,2024-01-01/2024-06-30,29,159851.SZ|159852.SZ|159981.SZ|159985.SZ|164824.SZ|501018.SH|513080.SH|513100.SH|513120.SH|513180.SH|513880.SH|518880.SH|588000.SH,-0.15751252348682201,0.8647793867976346,neighbor,1,159870.SZ,588000.SH
rolling_multi_start_hill,2023-07-01/2023-12-31,2024-01-01/2024-06-30,30,159687.SZ|159851.SZ|159852.SZ|159870.SZ|159981.SZ|159985.SZ|164824.SZ|501018.SH|513100.SH|513120.SH|513180.SH|513880.SH|518880.SH,0.2432932557117356,0.8806115882628334,neighbor,1,513080.SH,159687.SZ
rolling_multi_start_hill,2023-07-01/2023-12-31,2024-01-01/2024-06-30,31,159687.SZ|159851.SZ|159870.SZ|159915.SZ|159981.SZ|159985.SZ|164824.SZ|501018.SH|513100.SH|513120.SH|513180.SH|513880.SH|518880.SH,0.20947843562878604,0.8806115882628334,neighbor,1,159852.SZ,159915.SZ
rolling_multi_start_hill,2023-07-01/2023-12-31,2024-01-01/2024-06-30,32,159687.SZ|159851.SZ|159852.SZ|159870.SZ|159981.SZ|159985.SZ|161226.SZ|164824.SZ|513100.SH|513120.SH|513180.SH|513880.SH|518880.SH,-1.3719713548683936,0.8806115882628334,neighbor,1,501018.SH,161226.SZ
rolling_multi_start_hill,2023-07-01/2023-12-31,2024-01-01/2024-06-30,33,159687.SZ|159851.SZ|159852.SZ|159870.SZ|159980.SZ|159981.SZ|164824.SZ|501018.SH|513100.SH|513120.SH|513180.SH|513880.SH|518880.SH,-0.7849972230514956,0.8806115882628334,neighbor,1,159985.SZ,159980.SZ
rolling_multi_start_hill,2023-07-01/2023-12-31,2024-01-01/2024-06-30,34,159687.SZ|159851.SZ|159852.SZ|159870.SZ|159980.SZ|159981.SZ|159985.SZ|164824.SZ|501018.SH|513100.SH|513120.SH|513180.SH|513880.SH,0.5980591873788015,0.8806115882628334,neighbor,1,518880.SH,159980.SZ
rolling_multi_start_hill,2023-07-01/2023-12-31,2024-01-01/2024-06-30,35,159687.SZ|159851.SZ|159852.SZ|159870.SZ|159980.SZ|159981.SZ|159985.SZ|164824.SZ|513100.SH|513120.SH|513180.SH|513880.SH|518880.SH,-0.6657428114891978,0.8806115882628334,neighbor,1,501018.SH,518880.SH
rolling_multi_start_hill,2023-07-01/2023-12-31,2024-01-01/2024-06-30,36,159687.SZ|159851.SZ|159852.SZ|159870.SZ|159980.SZ|159981.SZ|159985.SZ|164824.SZ|501018.SH|513100.SH|513120.SH|513180.SH|513310.SH,0.37600360315596404,0.8647793867976346,neighbor,1,513880.SH,513310.SH
rolling_multi_start_hill,2023-07-01/2023-12-31,2024-01-01/2024-06-30,37,159687.SZ|159851.SZ|159852.SZ|159870.SZ|159980.SZ|159981.SZ|159985.SZ|164824.SZ|501018.SH|513100.SH|513120.SH|513180.SH|513500.SH,0.5387318248609704,0.8909152686603402,neighbor,1,513880.SH,513500.SH
rolling_multi_start_hill,2023-07-01/2023-12-31,2024-01-01/2024-06-30,38,159687.SZ|159852.SZ|159870.SZ|159980.SZ|159981.SZ|159985.SZ|164824.SZ|501018.SH|513100.SH|513120.SH|513180.SH|513880.SH|588220.SH,0.8322471379303685,0.8806115882628334,neighbor,1,159851.SZ,588220.SH
rolling_multi_start_hill,2023-07-01/2023-12-31,2024-01-01/2024-06-30,39,159687.SZ|159852.SZ|159870.SZ|159980.SZ|159981.SZ|159985.SZ|164824.SZ|501018.SH|510500.SH|513100.SH|513120.SH|513180.SH|513880.SH,0.5400325970208533,0.8806115882628334,neighbor,1,588220.SH,510500.SH
rolling_multi_start_hill,2023-07-01/2023-12-31,2024-01-01/2024-06-30,40,159687.SZ|159852.SZ|159870.SZ|159980.SZ|159981.SZ|159985.SZ|164824.SZ|501018.SH|513030.SH|513120.SH|513180.SH|513880.SH|588220.SH,1.1244131872713963,0.8806115882628334,neighbor,1,513100.SH,513030.SH
rolling_multi_start_hill,2023-07-01/2023-12-31,2024-01-01/2024-06-30,41,159687.SZ|159796.SZ|159865.SZ|159920.SZ|159980.SZ|159985.SZ|160644.SZ|161226.SZ|164824.SZ|510050.SH|513080.SH|513120.SH|518880.SH,-1.5427299008893172,0.7366857191376772,restart,2,,
rolling_multi_start_hill,2023-07-01/2023-12-31,2024-01-01/2024-06-30,42,159687.SZ|159796.SZ|159865.SZ|159920.SZ|159980.SZ|159985.SZ|161226.SZ|164824.SZ|510050.SH|513080.SH|513120.SH|513290.SH|518880.SH,-0.8435856772057458,0.7366857191376772,neighbor,2,160644.SZ,513290.SH
rolling_multi_start_hill,2023-07-01/2023-12-31,2024-01-01/2024-06-30,43,159796.SZ|159865.SZ|159920.SZ|159980.SZ|159985.SZ|161226.SZ|164824.SZ|510050.SH|513080.SH|513120.SH|513290.SH|513500.SH|518880.SH,-0.8989171470440671,0.7408368521193833,neighbor,2,159687.SZ,513500.SH
rolling_multi_start_hill,2023-07-01/2023-12-31,2024-01-01/2024-06-30,44,159687.SZ|159796.SZ|159865.SZ|159980.SZ|159985.SZ|161226.SZ|164824.SZ|510050.SH|513080.SH|513120.SH|513180.SH|513290.SH|518880.SH,-0.7848759772815184,0.7366857191376772,neighbor,2,159920.SZ,513180.SH
rolling_multi_start_hill,2023-07-01/2023-12-31,2024-01-01/2024-06-30,45,159687.SZ|159796.SZ|159980.SZ|159985.SZ|161226.SZ|164824.SZ|510050.SH|510500.SH|513080.SH|513120.SH|513180.SH|513290.SH|518880.SH,-0.8575344149848912,0.7637523308037052,neighbor,2,159865.SZ,510500.SH
rolling_multi_start_hill,2023-07-01/2023-12-31,2024-01-01/2024-06-30,46,159687.SZ|159865.SZ|159980.SZ|159985.SZ|161226.SZ|164824.SZ|510050.SH|513080.SH|513120.SH|513180.SH|513290.SH|515880.SH|518880.SH,-0.8498706235088294,0.7366857191376772,neighbor,2,159796.SZ,515880.SH
rolling_multi_start_hill,2023-07-01/2023-12-31,2024-01-01/2024-06-30,47,159796.SZ|159865.SZ|159980.SZ|159985.SZ|161226.SZ|164824.SZ|510050.SH|513080.SH|513120.SH|513180.SH|513290.SH|513880.SH|518880.SH,-0.7332278380921847,0.7739538917479323,neighbor,2,159687.SZ,513880.SH
rolling_multi_start_hill,2023-07-01/2023-12-31,2024-01-01/2024-06-30,48,159796.SZ|159865.SZ|159980.SZ|159985.SZ|161226.SZ|164824.SZ|513080.SH|513120.SH|513180.SH|513290.SH|513880.SH|518880.SH|588000.SH,-0.9891933684259119,0.7739538917479323,neighbor,2,510050.SH,588000.SH
rolling_multi_start_hill,2023-07-01/2023-12-31,2024-01-01/2024-06-30,49,159796.SZ|159865.SZ|159980.SZ|159985.SZ|161226.SZ|164824.SZ|501018.SH|510050.SH|513080.SH|513120.SH|513180.SH|513290.SH|513880.SH,0.23012277604009304,0.7739538917479323,neighbor,2,518880.SH,501018.SH
rolling_multi_start_hill,2023-07-01/2023-12-31,2024-01-01/2024-06-30,50,159796.SZ|159865.SZ|159985.SZ|161226.SZ|164824.SZ|501018.SH|510050.SH|513080.SH|513120.SH|513180.SH|513290.SH|513880.SH|518880.SH,-0.007898779452686465,0.7739538917479323,neighbor,2,159980.SZ,518880.SH
rolling_multi_start_hill,2023-07-01/2023-12-31,2024-01-01/2024-06-30,51,159687.SZ|159796.SZ|159865.SZ|159980.SZ|159985.SZ|161226.SZ|164824.SZ|501018.SH|510050.SH|513120.SH|513180.SH|513290.SH|513880.SH,0.004404197536746505,0.8806115882628334,neighbor,2,513080.SH,159687.SZ
rolling_multi_start_hill,2023-07-01/2023-12-31,2024-01-01/2024-06-30,52,159796.SZ|159865.SZ|159980.SZ|159985.SZ|160644.SZ|161226.SZ|501018.SH|510050.SH|513080.SH|513120.SH|513180.SH|513290.SH|513880.SH,-0.33176115819476976,0.7739538917479323,neighbor,2,164824.SZ,160644.SZ
rolling_multi_start_hill,2023-07-01/2023-12-31,2024-01-01/2024-06-30,53,159796.SZ|159865.SZ|159980.SZ|159985.SZ|161226.SZ|164824.SZ|501018.SH|510050.SH|513120.SH|513180.SH|513290.SH|513310.SH|513880.SH,0.4192718500946457,0.6426054272020852,neighbor,2,513080.SH,513310.SH
rolling_multi_start_hill,2023-07-01/2023-12-31,2024-01-01/2024-06-30,54,159796.SZ|159865.SZ|159980.SZ|159985.SZ|161226.SZ|164824.SZ|501018.SH|510050.SH|513030.SH|513120.SH|513180.SH|513290.SH|513880.SH,0.41140588061370204,0.7824059319979025,neighbor,2,513310.SH,513030.SH
rolling_multi_start_hill,2023-07-01/2023-12-31,2024-01-01/2024-06-30,55,159796.SZ|159865.SZ|159980.SZ|159985.SZ|161226.SZ|164824.SZ|501018.SH|510050.SH|513100.SH|513120.SH|513180.SH|513290.SH|513880.SH,-0.47671866939549623,0.679900570954732,neighbor,2,513310.SH,513100.SH
rolling_multi_start_hill,2023-07-01/2023-12-31,2024-01-01/2024-06-30,56,159796.SZ|159865.SZ|159980.SZ|159985.SZ|161226.SZ|501018.SH|510050.SH|513080.SH|513120.SH|513180.SH|513290.SH|513310.SH|513880.SH,0.11720516957065728,0.7739538917479323,neighbor,2,164824.SZ,513080.SH
rolling_multi_start_hill,2023-07-01/2023-12-31,2024-01-01/2024-06-30,57,159796.SZ|159865.SZ|159980.SZ|159985.SZ|161226.SZ|164824.SZ|501018.SH|510050.SH|513100.SH|513120.SH|513180.SH|513310.SH|513880.SH,-0.42741207589122654,0.679900570954732,neighbor,2,513290.SH,513100.SH
rolling_multi_start_hill,2023-07-01/2023-12-31,2024-01-01/2024-06-30,58,159796.SZ|159865.SZ|159980.SZ|159981.SZ|159985.SZ|161226.SZ|164824.SZ|510050.SH|513120.SH|513180.SH|513290.SH|513310.SH|513880.SH,0.08716880848032821,0.6426054272020852,neighbor,2,501018.SH,159981.SZ
rolling_multi_start_hill,2023-07-01/2023-12-31,2024-01-01/2024-06-30,59,159796.SZ|159865.SZ|159980.SZ|159985.SZ|161226.SZ|164824.SZ|501018.SH|510050.SH|513080.SH|513120.SH|513180.SH|513290.SH|513310.SH,0.6083098219219966,0.6426054272020852,neighbor,2,513880.SH,513080.SH
rolling_multi_start_hill,2023-07-01/2023-12-31,2024-01-01/2024-06-30,60,159796.SZ|159865.SZ|159915.SZ|159980.SZ|159985.SZ|161226.SZ|164824.SZ|501018.SH|513080.SH|513120.SH|513180.SH|513290.SH|513310.SH,0.48056517752906963,0.8753773637302723,neighbor,2,510050.SH,159915.SZ
rolling_multi_start_hill,2023-07-01/2023-12-31,2024-01-01/2024-06-30,61,159509.SZ|159920.SZ|159981.SZ|161226.SZ|501018.SH|510210.SH|512170.SH|513030.SH|513120.SH|513500.SH|513880.SH|515210.SH|518880.SH,-0.7134870604428911,0.7824059319979025,restart,3,,
rolling_multi_start_hill,2023-07-01/2023-12-31,2024-01-01/2024-06-30,62,159509.SZ|159920.SZ|159980.SZ|159981.SZ|501018.SH|510210.SH|512170.SH|513030.SH|513120.SH|513500.SH|513880.SH|515210.SH|518880.SH,-0.11810304271225118,0.7824059319979025,neighbor,3,161226.SZ,159980.SZ
rolling_multi_start_hill,2023-07-01/2023-12-31,2024-01-01/2024-06-30,63,159509.SZ|159920.SZ|159980.SZ|159981.SZ|159985.SZ|501018.SH|510210.SH|512170.SH|513030.SH|513120.SH|513500.SH|513880.SH|515210.SH,1.0989604429686268,0.7824059319979025,neighbor,3,518880.SH,159985.SZ
rolling_multi_start_hill,2023-07-01/2023-12-31,2024-01-01/2024-06-30,64,159509.SZ|159920.SZ|159980.SZ|159981.SZ|159985.SZ|501018.SH|510210.SH|512170.SH|513030.SH|513120.SH|513500.SH|513880.SH|563300.SH,1.5298562037158154,0.7824059319979025,neighbor,3,515210.SH,563300.SH
rolling_multi_start_hill,2023-07-01/2023-12-31,2024-01-01/2024-06-30,65,159509.SZ|159920.SZ|159949.SZ|159980.SZ|159981.SZ|159985.SZ|501018.SH|512170.SH|513030.SH|513120.SH|513500.SH|513880.SH|563300.SH,1.2923621128786467,0.7824059319979025,neighbor,3,510210.SH,159949.SZ
rolling_multi_start_hill,2023-07-01/2023-12-31,2024-01-01/2024-06-30,66,159509.SZ|159920.SZ|159980.SZ|159981.SZ|159985.SZ|510210.SH|512170.SH|513030.SH|513120.SH|513500.SH|513880.SH|518880.SH|563300.SH,-0.021507266126828076,0.7824059319979025,neighbor,3,501018.SH,518880.SH
rolling_multi_start_hill,2023-07-01/2023-12-31,2024-01-01/2024-06-30,67,159509.SZ|159766.SZ|159920.SZ|159980.SZ|159981.SZ|159985.SZ|501018.SH|510210.SH|513030.SH|513120.SH|513500.SH|513880.SH|563300.SH,0.7808026162361537,0.7824059319979025,neighbor,3,512170.SH,159766.SZ
rolling_multi_start_hill,2023-07-01/2023-12-31,2024-01-01/2024-06-30,68,159509.SZ|159920.SZ|159980.SZ|159981.SZ|159985.SZ|501018.SH|510210.SH|512880.SH|513030.SH|513120.SH|513500.SH|513880.SH|563300.SH,0.8170957528287975,0.7824059319979025,neighbor,3,512170.SH,512880.SH
rolling_multi_start_hill,2023-07-01/2023-12-31,2024-01-01/2024-06-30,69,159509.SZ|159920.SZ|159981.SZ|159985.SZ|161226.SZ|501018.SH|510210.SH|512170.SH|513030.SH|513120.SH|513500.SH|513880.SH|563300.SH,0.48928352198084035,0.7824059319979025,neighbor,3,159980.SZ,161226.SZ
rolling_multi_start_hill,2023-07-01/2023-12-31,2024-01-01/2024-06-30,70,159509.SZ|159901.SZ|159920.SZ|159980.SZ|159981.SZ|159985.SZ|501018.SH|512170.SH|513030.SH|513120.SH|513500.SH|513880.SH|563300.SH,1.3693534226087587,0.7824059319979025,neighbor,3,510210.SH,159901.SZ
rolling_multi_start_hill,2023-07-01/2023-12-31,2024-01-01/2024-06-30,71,159509.SZ|159687.SZ|159920.SZ|159980.SZ|159981.SZ|159985.SZ|501018.SH|510210.SH|512170.SH|513030.SH|513120.SH|513880.SH|563300.SH,1.1594096272737828,0.8806115882628334,neighbor,3,513500.SH,159687.SZ
rolling_multi_start_hill,2023-07-01/2023-12-31,2024-01-01/2024-06-30,72,159509.SZ|159920.SZ|159980.SZ|159981.SZ|159985.SZ|501018.SH|510210.SH|512170.SH|513030.SH|513120.SH|513290.SH|513880.SH|563300.SH,1.7123981762451186,0.7824059319979025,neighbor,3,513500.SH,513290.SH
rolling_multi_start_hill,2023-07-01/2023-12-31,2024-01-01/2024-06-30,73,159509.SZ|159766.SZ|159920.SZ|159980.SZ|159981.SZ|159985.SZ|501018.SH|512170.SH|513030.SH|513120.SH|513290.SH|513880.SH|563300.SH,1.1246613860695844,0.7824059319979025,neighbor,3,510210.SH,159766.SZ
rolling_multi_start_hill,2023-07-01/2023-12-31,2024-01-01/2024-06-30,74,159920.SZ|159980.SZ|159981.SZ|159985.SZ|164824.SZ|501018.SH|510210.SH|512170.SH|513030.SH|513120.SH|513290.SH|513880.SH|563300.SH,2.0870186710535332,0.7824059319979025,neighbor,3,159509.SZ,164824.SZ
rolling_multi_start_hill,2023-07-01/2023-12-31,2024-01-01/2024-06-30,75,159920.SZ|159967.SZ|159980.SZ|159981.SZ|159985.SZ|164824.SZ|501018.SH|512170.SH|513030.SH|513120.SH|513290.SH|513880.SH|563300.SH,1.993759069359455,0.7824059319979025,neighbor,3,510210.SH,159967.SZ
rolling_multi_start_hill,2023-07-01/2023-12-31,2024-01-01/2024-06-30,76,159851.SZ|159920.SZ|159980.SZ|159981.SZ|159985.SZ|164824.SZ|501018.SH|510210.SH|513030.SH|513120.SH|513290.SH|513880.SH|563300.SH,1.7322585148466771,0.7824059319979025,neighbor,3,512170.SH,159851.SZ
rolling_multi_start_hill,2023-07-01/2023-12-31,2024-01-01/2024-06-30,77,159825.SZ|159920.SZ|159980.SZ|159981.SZ|159985.SZ|164824.SZ|501018.SH|512170.SH|513030.SH|513120.SH|513290.SH|513880.SH|563300.SH,1.3964018738762296,0.7824059319979025,neighbor,3,510210.SH,159825.SZ
rolling_multi_start_hill,2023-07-01/2023-12-31,2024-01-01/2024-06-30,78,159920.SZ|159980.SZ|159981.SZ|159985.SZ|164824.SZ|501018.SH|512170.SH|513030.SH|513120.SH|513290.SH|513880.SH|563300.SH|588200.SH,2.3830968567318207,0.7824059319979025,neighbor,3,510210.SH,588200.SH
rolling_multi_start_hill,2023-07-01/2023-12-31,2024-01-01/2024-06-30,79,159920.SZ|159980.SZ|159981.SZ|159985.SZ|164824.SZ|501018.SH|510210.SH|513030.SH|513120.SH|513290.SH|513880.SH|563300.SH|588200.SH,2.097304631874726,0.7824059319979025,neighbor,3,512170.SH,510210.SH
rolling_multi_start_hill,2023-07-01/2023-12-31,2024-01-01/2024-06-30,80,159509.SZ|159920.SZ|159980.SZ|159981.SZ|159985.SZ|164824.SZ|501018.SH|512170.SH|513030.SH|513120.SH|513290.SH|563300.SH|588200.SH,2.3285324753532373,0.6937230645543883,neighbor,3,513880.SH,159509.SZ
rolling_multi_start_hill,2023-07-01/2023-12-31,2024-01-01/2024-06-30,81,159687.SZ|159915.SZ|159981.SZ|159985.SZ|164824.SZ|501018.SH|510210.SH|513030.SH|513120.SH|513180.SH|513310.SH|516150.SH|518880.SH,0.5241550945082304,0.8150110970608478,restart,4,,
rolling_multi_start_hill,2023-07-01/2023-12-31,2024-01-01/2024-06-30,82,159687.SZ|159915.SZ|159981.SZ|159985.SZ|501018.SH|510210.SH|513030.SH|513120.SH|513180.SH|513310.SH|513500.SH|516150.SH|518880.SH,-0.11569318976538243,0.8150110970608478,neighbor,4,164824.SZ,513500.SH
rolling_multi_start_hill,2023-07-01/2023-12-31,2024-01-01/2024-06-30,83,159687.SZ|159981.SZ|159985.SZ|164824.SZ|501018.SH|510210.SH|510500.SH|513030.SH|513120.SH|513180.SH|513310.SH|516150.SH|518880.SH,0.5241550945082304,0.896591641277192,neighbor,4,159915.SZ,510500.SH
rolling_multi_start_hill,2023-07-01/2023-12-31,2024-01-01/2024-06-30,84,159687.SZ|159915.SZ|159920.SZ|159981.SZ|159985.SZ|164824.SZ|501018.SH|510210.SH|513030.SH|513120.SH|513310.SH|516150.SH|518880.SH,0.30787262601673565,0.8150110970608478,neighbor,4,513180.SH,159920.SZ
rolling_multi_start_hill,2023-07-01/2023-12-31,2024-01-01/2024-06-30,85,159687.SZ|159915.SZ|159980.SZ|159981.SZ|164824.SZ|501018.SH|510210.SH|513030.SH|513120.SH|513180.SH|513310.SH|516150.SH|518880.SH,-0.18660247074456426,0.8150110970608478,neighbor,4,159985.SZ,159980.SZ
rolling_multi_start_hill,2023-07-01/2023-12-31,2024-01-01/2024-06-30,86,159687.SZ|159915.SZ|159980.SZ|159985.SZ|164824.SZ|501018.SH|510210.SH|513030.SH|513120.SH|513180.SH|513310.SH|516150.SH|518880.SH,0.33633849649408076,0.8150110970608478,neighbor,4,159981.SZ,159980.SZ
rolling_multi_start_hill,2023-07-01/2023-12-31,2024-01-01/2024-06-30,87,159687.SZ|159915.SZ|159981.SZ|159985.SZ|160644.SZ|164824.SZ|501018.SH|510210.SH|513030.SH|513120.SH|513180.SH|516150.SH|518880.SH,0.17662037376654696,0.8150110970608478,neighbor,4,513310.SH,160644.SZ
rolling_multi_start_hill,2023-07-01/2023-12-31,2024-01-01/2024-06-30,88,159687.SZ|159915.SZ|159981.SZ|159985.SZ|161226.SZ|164824.SZ|501018.SH|510210.SH|513030.SH|513120.SH|513180.SH|513310.SH|516150.SH,0.2523729546201875,0.8150110970608478,neighbor,4,518880.SH,161226.SZ
rolling_multi_start_hill,2023-07-01/2023-12-31,2024-01-01/2024-06-30,89,159687.SZ|159915.SZ|159981.SZ|159985.SZ|164824.SZ|501018.SH|510210.SH|513030.SH|513070.SH|513120.SH|513310.SH|516150.SH|518880.SH,0.29964067774668757,0.8150110970608478,neighbor,4,513180.SH,513070.SH
rolling_multi_start_hill,2023-07-01/2023-12-31,2024-01-01/2024-06-30,90,159687.SZ|159915.SZ|159981.SZ|159985.SZ|164824.SZ|501018.SH|510210.SH|513030.SH|513120.SH|513180.SH|513310.SH|515210.SH|518880.SH,1.0176833246831578,0.8150110970608478,neighbor,4,516150.SH,515210.SH
rolling_multi_start_hill,2023-07-01/2023-12-31,2024-01-01/2024-06-30,91,159687.SZ|159901.SZ|159981.SZ|159985.SZ|164824.SZ|501018.SH|510210.SH|513030.SH|513120.SH|513180.SH|513310.SH|515210.SH|518880.SH,0.8096925383210997,0.885285604044056,neighbor,4,159915.SZ,159901.SZ
rolling_multi_start_hill,2023-07-01/2023-12-31,2024-01-01/2024-06-30,92,159687.SZ|159915.SZ|159980.SZ|159985.SZ|164824.SZ|501018.SH|510210.SH|513030.SH|513120.SH|513180.SH|513310.SH|515210.SH|518880.SH,0.3821854286329934,0.8150110970608478,neighbor,4,159981.SZ,159980.SZ
rolling_multi_start_hill,2023-07-01/2023-12-31,2024-01-01/2024-06-30,93,159687.SZ|159915.SZ|159981.SZ|159985.SZ|501018.SH|510210.SH|513030.SH|513120.SH|513180.SH|513290.SH|513310.SH|515210.SH|518880.SH,0.3779322013063624,0.8150110970608478,neighbor,4,164824.SZ,513290.SH
rolling_multi_start_hill,2023-07-01/2023-12-31,2024-01-01/2024-06-30,94,159687.SZ|159915.SZ|159981.SZ|159985.SZ|164824.SZ|501018.SH|510210.SH|512800.SH|513030.SH|513120.SH|513180.SH|513310.SH|518880.SH,1.116216362945039,0.8150110970608478,neighbor,4,515210.SH,512800.SH
rolling_multi_start_hill,2023-07-01/2023-12-31,2024-01-01/2024-06-30,95,159687.SZ|159915.SZ|159980.SZ|159981.SZ|164824.SZ|501018.SH|510210.SH|512800.SH|513030.SH|513120.SH|513180.SH|513310.SH|518880.SH,0.1330955530838279,0.8150110970608478,neighbor,4,159985.SZ,159980.SZ
rolling_multi_start_hill,2023-07-01/2023-12-31,2024-01-01/2024-06-30,96,159687.SZ|159915.SZ|159981.SZ|159985.SZ|164824.SZ|501018.SH|510210.SH|512100.SH|513030.SH|513120.SH|513180.SH|513310.SH|518880.SH,0.9460116896000986,0.8497191098584839,neighbor,4,512800.SH,512100.SH
rolling_multi_start_hill,2023-07-01/2023-12-31,2024-01-01/2024-06-30,97,159915.SZ|159981.SZ|159985.SZ|164824.SZ|501018.SH|510210.SH|512800.SH|513030.SH|513120.SH|513180.SH|513290.SH|513310.SH|518880.SH,1.1842098984406146,0.8150110970608478,neighbor,4,159687.SZ,513290.SH
rolling_multi_start_hill,2023-07-01/2023-12-31,2024-01-01/2024-06-30,98,159915.SZ|159981.SZ|161226.SZ|164824.SZ|501018.SH|510210.SH|512800.SH|513030.SH|513120.SH|513180.SH|513290.SH|513310.SH|518880.SH,0.41718269113966,0.8150110970608478,neighbor,4,159985.SZ,161226.SZ
rolling_multi_start_hill,2023-07-01/2023-12-31,2024-01-01/2024-06-30,99,159915.SZ|159980.SZ|159985.SZ|164824.SZ|501018.SH|510210.SH|512800.SH|513030.SH|513120.SH|513180.SH|513290.SH|513310.SH|518880.SH,0.8502053520687621,0.8150110970608478,neighbor,4,159981.SZ,159980.SZ
rolling_multi_start_hill,2023-07-01/2023-12-31,2024-01-01/2024-06-30,100,159870.SZ|159915.SZ|159981.SZ|159985.SZ|164824.SZ|501018.SH|510210.SH|513030.SH|513120.SH|513180.SH|513290.SH|513310.SH|518880.SH,0.9105090667139424,0.8150110970608478,neighbor,4,512800.SH,159870.SZ
rolling_multi_start_hill,2024-01-01/2024-06-30,2024-07-01/2024-12-31,1,159915.SZ|159920.SZ|159980.SZ|159981.SZ|501018.SH|513100.SH|513180.SH|513310.SH|513400.SH|513730.SH|515880.SH|516150.SH|518880.SH,0.8314743242371572,0.9194110626548546,restart,0,,
rolling_multi_start_hill,2024-01-01/2024-06-30,2024-07-01/2024-12-31,2,159687.SZ|159915.SZ|159920.SZ|159980.SZ|159981.SZ|501018.SH|513100.SH|513180.SH|513310.SH|513400.SH|515880.SH|516150.SH|518880.SH,0.6749451433549075,0.9194110626548546,neighbor,0,513730.SH,159687.SZ
rolling_multi_start_hill,2024-01-01/2024-06-30,2024-07-01/2024-12-31,3,159915.SZ|159920.SZ|159980.SZ|159981.SZ|501018.SH|513100.SH|513310.SH|513400.SH|513730.SH|513750.SH|515880.SH|516150.SH|518880.SH,1.0587034493717757,0.8926225266665948,neighbor,0,513180.SH,513750.SH
rolling_multi_start_hill,2024-01-01/2024-06-30,2024-07-01/2024-12-31,4,159915.SZ|159920.SZ|159980.SZ|159985.SZ|501018.SH|513100.SH|513310.SH|513400.SH|513730.SH|513750.SH|515880.SH|516150.SH|518880.SH,1.0468478846833882,0.8926225266665948,neighbor,0,159981.SZ,159985.SZ
rolling_multi_start_hill,2024-01-01/2024-06-30,2024-07-01/2024-12-31,5,159920.SZ|159980.SZ|159981.SZ|501018.SH|512400.SH|513100.SH|513310.SH|513400.SH|513730.SH|513750.SH|515880.SH|516150.SH|518880.SH,1.0420229253100286,0.8926225266665948,neighbor,0,159915.SZ,512400.SH
rolling_multi_start_hill,2024-01-01/2024-06-30,2024-07-01/2024-12-31,6,159915.SZ|159920.SZ|159980.SZ|159981.SZ|164824.SZ|501018.SH|513100.SH|513310.SH|513730.SH|513750.SH|515880.SH|516150.SH|518880.SH,1.7870649513744792,0.8926225266665948,neighbor,0,513400.SH,164824.SZ
rolling_multi_start_hill,2024-01-01/2024-06-30,2024-07-01/2024-12-31,7,159529.SZ|159915.SZ|159920.SZ|159980.SZ|159981.SZ|164824.SZ|501018.SH|513100.SH|513310.SH|513750.SH|515880.SH|516150.SH|518880.SH,1.1315384593708133,0.8926225266665948,neighbor,0,513730.SH,159529.SZ
rolling_multi_start_hill,2024-01-01/2024-06-30,2024-07-01/2024-12-31,8,159915.SZ|159980.SZ|159981.SZ|164824.SZ|501018.SH|513100.SH|513180.SH|513310.SH|513730.SH|513750.SH|515880.SH|516150.SH|518880.SH,1.5931498388414143,0.7985055969042496,neighbor,0,159920.SZ,513180.SH
rolling_multi_start_hill,2024-01-01/2024-06-30,2024-07-01/2024-12-31,9,159920.SZ|159980.SZ|159981.SZ|164824.SZ|501018.SH|513100.SH|513310.SH|513730.SH|513750.SH|515880.SH|516150.SH|518880.SH|588000.SH,1.5513777150255423,0.8926225266665948,neighbor,0,159915.SZ,588000.SH
rolling_multi_start_hill,2024-01-01/2024-06-30,2024-07-01/2024-12-31,10,159915.SZ|159920.SZ|159980.SZ|159981.SZ|164824.SZ|501018.SH|512890.SH|513100.SH|513310.SH|513730.SH|513750.SH|515880.SH|518880.SH,1.696767818719255,0.8926225266665948,neighbor,0,516150.SH,512890.SH
rolling_multi_start_hill,2024-01-01/2024-06-30,2024-07-01/2024-12-31,11,159915.SZ|159920.SZ|159981.SZ|159985.SZ|164824.SZ|501018.SH|513100.SH|513310.SH|513730.SH|513750.SH|515880.SH|516150.SH|518880.SH,0.9967134320713407,0.8926225266665948,neighbor,0,159980.SZ,159985.SZ
rolling_multi_start_hill,2024-01-01/2024-06-30,2024-07-01/2024-12-31,12,159915.SZ|159920.SZ|159980.SZ|159981.SZ|501018.SH|513100.SH|513310.SH|513500.SH|513730.SH|513750.SH|515880.SH|516150.SH|518880.SH,1.8977658177783008,0.8926225266665948,neighbor,0,164824.SZ,513500.SH
rolling_multi_start_hill,2024-01-01/2024-06-30,2024-07-01/2024-12-31,13,159920.SZ|159980.SZ|159981.SZ|501018.SH|513100.SH|513310.SH|513500.SH|513730.SH|513750.SH|515880.SH|516150.SH|518880.SH|563300.SH,1.7892715744850172,0.8926225266665948,neighbor,0,159915.SZ,563300.SH
rolling_multi_start_hill,2024-01-01/2024-06-30,2024-07-01/2024-12-31,14,159915.SZ|159920.SZ|159980.SZ|159981.SZ|501018.SH|513310.SH|513500.SH|513730.SH|513750.SH|513880.SH|515880.SH|516150.SH|518880.SH,1.5105071883150012,0.8926225266665948,neighbor,0,513100.SH,513880.SH
rolling_multi_start_hill,2024-01-01/2024-06-30,2024-07-01/2024-12-31,15,159915.SZ|159920.SZ|159980.SZ|159981.SZ|501018.SH|512400.SH|513100.SH|513310.SH|513500.SH|513730.SH|513750.SH|516150.SH|518880.SH,1.7907764993853938,0.8926225266665948,neighbor,0,515880.SH,512400.SH
rolling_multi_start_hill,2024-01-01/2024-06-30,2024-07-01/2024-12-31,16,159915.SZ|159920.SZ|159981.SZ|159985.SZ|501018.SH|513100.SH|513310.SH|513500.SH|513730.SH|513750.SH|515880.SH|516150.SH|518880.SH,1.6211995912308015,0.8926225266665948,neighbor,0,159980.SZ,159985.SZ
rolling_multi_start_hill,2024-01-01/2024-06-30,2024-07-01/2024-12-31,17,159915.SZ|159920.SZ|159980.SZ|159981.SZ|501018.SH|513100.SH|513180.SH|513310.SH|513500.SH|513730.SH|515880.SH|516150.SH|518880.SH,1.710935203234385,0.9194110626548546,neighbor,0,513750.SH,513180.SH
rolling_multi_start_hill,2024-01-01/2024-06-30,2024-07-01/2024-12-31,18,159915.SZ|159920.SZ|159980.SZ|159981.SZ|501018.SH|512660.SH|513100.SH|513310.SH|513500.SH|513730.SH|513750.SH|515880.SH|518880.SH,1.7034352016620407,0.8926225266665948,neighbor,0,516150.SH,512660.SH
rolling_multi_start_hill,2024-01-01/2024-06-30,2024-07-01/2024-12-31,19,159915.SZ|159920.SZ|159980.SZ|159981.SZ|501018.SH|513030.SH|513100.SH|513310.SH|513730.SH|513750.SH|515880.SH|516150.SH|518880.SH,0.7386151110806942,0.8926225266665948,neighbor,0,513500.SH,513030.SH
rolling_multi_start_hill,2024-01-01/2024-06-30,2024-07-01/2024-12-31,20,159915.SZ|159920.SZ|159980.SZ|159981.SZ|501018.SH|513100.SH|513290.SH|513310.SH|513500.SH|513750.SH|515880.SH|516150.SH|518880.SH,1.581177433612732,0.8926225266665948,neighbor,0,513730.SH,513290.SH
rolling_multi_start_hill,2024-01-01/2024-06-30,2024-07-01/2024-12-31,21,159509.SZ|159529.SZ|159980.SZ|159985.SZ|501018.SH|512040.SH|512170.SH|513070.SH|513080.SH|513730.SH|513750.SH|518880.SH|588200.SH,1.7850935315371816,0.7694161263312431,restart,1,,
rolling_multi_start_hill,2024-01-01/2024-06-30,2024-07-01/2024-12-31,22,159509.SZ|159529.SZ|159870.SZ|159980.SZ|159985.SZ|501018.SH|512040.SH|512170.SH|513070.SH|513080.SH|513730.SH|513750.SH|518880.SH,1.8799120653631576,0.7917467384900799,neighbor,1,588200.SH,159870.SZ
rolling_multi_start_hill,2024-01-01/2024-06-30,2024-07-01/2024-12-31,23,159509.SZ|159529.SZ|159870.SZ|159980.SZ|159985.SZ|161226.SZ|512040.SH|512170.SH|513070.SH|513080.SH|513730.SH|513750.SH|518880.SH,2.047677658618412,0.809756851832685,neighbor,1,501018.SH,161226.SZ
rolling_multi_start_hill,2024-01-01/2024-06-30,2024-07-01/2024-12-31,24,159509.SZ|159529.SZ|159870.SZ|159980.SZ|159985.SZ|161226.SZ|512040.SH|512170.SH|513080.SH|513180.SH|513730.SH|513750.SH|518880.SH,2.1568587637607415,0.809756851832685,neighbor,1,513070.SH,513180.SH
rolling_multi_start_hill,2024-01-01/2024-06-30,2024-07-01/2024-12-31,25,159509.SZ|159529.SZ|159980.SZ|159985.SZ|161226.SZ|510880.SH|512040.SH|512170.SH|513080.SH|513180.SH|513730.SH|513750.SH|518880.SH,2.0448005720781235,0.809756851832685,neighbor,1,159870.SZ,510880.SH
rolling_multi_start_hill,2024-01-01/2024-06-30,2024-07-01/2024-12-31,26,159509.SZ|159529.SZ|159980.SZ|159985.SZ|161226.SZ|512040.SH|512170.SH|512880.SH|513080.SH|513180.SH|513730.SH|513750.SH|518880.SH,2.477676766976014,0.809756851832685,neighbor,1,159870.SZ,512880.SH
rolling_multi_start_hill,2024-01-01/2024-06-30,2024-07-01/2024-12-31,27,159518.SZ|159529.SZ|159980.SZ|159985.SZ|161226.SZ|512040.SH|512170.SH|512880.SH|513080.SH|513180.SH|513730.SH|513750.SH|518880.SH,0.5386335997170439,0.809756851832685,neighbor,1,159509.SZ,159518.SZ
rolling_multi_start_hill,2024-01-01/2024-06-30,2024-07-01/2024-12-31,28,159509.SZ|159529.SZ|159980.SZ|159985.SZ|161226.SZ|512040.SH|512400.SH|512880.SH|513080.SH|513180.SH|513730.SH|513750.SH|518880.SH,1.897858488310495,0.809756851832685,neighbor,1,512170.SH,512400.SH
rolling_multi_start_hill,2024-01-01/2024-06-30,2024-07-01/2024-12-31,29,159509.SZ|159980.SZ|159985.SZ|161226.SZ|512040.SH|512170.SH|512880.SH|513080.SH|513180.SH|513500.SH|513730.SH|513750.SH|518880.SH,2.1197147962318637,0.809756851832685,neighbor,1,159529.SZ,513500.SH
rolling_multi_start_hill,2024-01-01/2024-06-30,2024-07-01/2024-12-31,30,159509.SZ|159529.SZ|159870.SZ|159980.SZ|159985.SZ|161226.SZ|512170.SH|512880.SH|513080.SH|513180.SH|513730.SH|513750.SH|518880.SH,2.1622042333668703,0.809756851832685,neighbor,1,512040.SH,159870.SZ
rolling_multi_start_hill,2024-01-01/2024-06-30,2024-07-01/2024-12-31,31,159509.SZ|159529.SZ|159980.SZ|159985.SZ|161226.SZ|512040.SH|512170.SH|512880.SH|513080.SH|513100.SH|513180.SH|513750.SH|518880.SH,2.66536777294549,0.8174245780531227,neighbor,1,513730.SH,513100.SH
rolling_multi_start_hill,2024-01-01/2024-06-30,2024-07-01/2024-12-31,32,159529.SZ|159980.SZ|159985.SZ|161226.SZ|164824.SZ|512040.SH|512170.SH|512880.SH|513080.SH|513100.SH|513180.SH|513750.SH|518880.SH,2.216467421556108,0.809756851832685,neighbor,1,159509.SZ,164824.SZ
rolling_multi_start_hill,2024-01-01/2024-06-30,2024-07-01/2024-12-31,33,159509.SZ|159980.SZ|159985.SZ|161226.SZ|512040.SH|512170.SH|512880.SH|513080.SH|513100.SH|513180.SH|513750.SH|513880.SH|518880.SH,2.444537116863808,0.8174245780531227,neighbor,1,159529.SZ,513880.SH
rolling_multi_start_hill,2024-01-01/2024-06-30,2024-07-01/2024-12-31,34,159529.SZ|159980.SZ|159985.SZ|161226.SZ|512040.SH|512170.SH|512880.SH|513080.SH|513100.SH|513180.SH|513400.SH|513750.SH|518880.SH,1.4842627626264164,0.809756851832685,neighbor,1,159509.SZ,513400.SH
rolling_multi_start_hill,2024-01-01/2024-06-30,2024-07-01/2024-12-31,35,159509.SZ|159529.SZ|159980.SZ|159985.SZ|161226.SZ|512040.SH|512170.SH|512880.SH|513080.SH|513180.SH|513750.SH|513880.SH|518880.SH,2.1072285622521405,0.809756851832685,neighbor,1,513100.SH,513880.SH
rolling_multi_start_hill,2024-01-01/2024-06-30,2024-07-01/2024-12-31,36,159509.SZ|159529.SZ|159980.SZ|159981.SZ|161226.SZ|512040.SH|512170.SH|512880.SH|513080.SH|513100.SH|513180.SH|513750.SH|518880.SH,1.8233648940815215,0.8174245780531227,neighbor,1,159985.SZ,159981.SZ
rolling_multi_start_hill,2024-01-01/2024-06-30,2024-07-01/2024-12-31,37,159509.SZ|159529.SZ|159980.SZ|159985.SZ|161226.SZ|512170.SH|512880.SH|513080.SH|513100.SH|513180.SH|513750.SH|515220.SH|518880.SH,2.2181641684932725,0.8174245780531227,neighbor,1,512040.SH,515220.SH
rolling_multi_start_hill,2024-01-01/2024-06-30,2024-07-01/2024-12-31,38,159509.SZ|159529.SZ|159869.SZ|159980.SZ|159985.SZ|161226.SZ|512040.SH|512880.SH|513080.SH|513100.SH|513180.SH|513750.SH|518880.SH,2.353063439814106,0.8174245780531227,neighbor,1,512170.SH,159869.SZ
rolling_multi_start_hill,2024-01-01/2024-06-30,2024-07-01/2024-12-31,39,159509.SZ|159529.SZ|159980.SZ|159985.SZ|161226.SZ|510300.SH|512170.SH|512880.SH|513080.SH|513100.SH|513180.SH|513750.SH|518880.SH,2.0334337110124854,0.8174245780531227,neighbor,1,512040.SH,510300.SH
rolling_multi_start_hill,2024-01-01/2024-06-30,2024-07-01/2024-12-31,40,159509.SZ|159529.SZ|159980.SZ|159981.SZ|159985.SZ|161226.SZ|512040.SH|512170.SH|512880.SH|513080.SH|513100.SH|513180.SH|513750.SH,1.4093356729112738,0.8174245780531227,neighbor,1,518880.SH,159981.SZ
rolling_multi_start_hill,2024-01-01/2024-06-30,2024-07-01/2024-12-31,41,159518.SZ|159870.SZ|159915.SZ|159981.SZ|159985.SZ|161226.SZ|501018.SH|512200.SH|513070.SH|513290.SH|513310.SH|513500.SH|513750.SH,1.3791034659880217,0.7875657113819564,restart,2,,
rolling_multi_start_hill,2024-01-01/2024-06-30,2024-07-01/2024-12-31,42,159518.SZ|159529.SZ|159870.SZ|159915.SZ|159981.SZ|159985.SZ|161226.SZ|501018.SH|512200.SH|513070.SH|513290.SH|513500.SH|513750.SH,1.5703457547435462,0.7875657113819564,neighbor,2,513310.SH,159529.SZ
rolling_multi_start_hill,2024-01-01/2024-06-30,2024-07-01/2024-12-31,43,159518.SZ|159870.SZ|159915.SZ|159981.SZ|159985.SZ|161226.SZ|501018.SH|512200.SH|513070.SH|513290.SH|513500.SH|513730.SH|513750.SH,1.8549731641463914,0.7875657113819564,neighbor,2,159529.SZ,513730.SH
rolling_multi_start_hill,2024-01-01/2024-06-30,2024-07-01/2024-12-31,44,159518.SZ|159870.SZ|159981.SZ|159985.SZ|161226.SZ|501018.SH|510500.SH|512200.SH|513070.SH|513290.SH|513500.SH|513730.SH|513750.SH,1.8068594680127499,0.8939093618457863,neighbor,2,159915.SZ,510500.SH
rolling_multi_start_hill,2024-01-01/2024-06-30,2024-07-01/2024-12-31,45,159518.SZ|159870.SZ|159915.SZ|159980.SZ|159981.SZ|159985.SZ|501018.SH|512200.SH|513070.SH|513290.SH|513500.SH|513730.SH|513750.SH,1.0822985275417376,0.7875657113819564,neighbor,2,161226.SZ,159980.SZ
rolling_multi_start_hill,2024-01-01/2024-06-30,2024-07-01/2024-12-31,46,159518.SZ|159870.SZ|159915.SZ|159980.SZ|159981.SZ|159985.SZ|161226.SZ|512200.SH|513070.SH|513290.SH|513500.SH|513730.SH|513750.SH,0.3538447929165516,0.7875657113819564,neighbor,2,501018.SH,159980.SZ
rolling_multi_start_hill,2024-01-01/2024-06-30,2024-07-01/2024-12-31,47,159518.SZ|159870.SZ|159915.SZ|159981.SZ|161226.SZ|501018.SH|512200.SH|513070.SH|513290.SH|513500.SH|513730.SH|513750.SH|518880.SH,2.1436440522576787,0.809756851832685,neighbor,2,159985.SZ,518880.SH
rolling_multi_start_hill,2024-01-01/2024-06-30,2024-07-01/2024-12-31,48,159518.SZ|159870.SZ|159915.SZ|159981.SZ|161226.SZ|501018.SH|512200.SH|513070.SH|513310.SH|513500.SH|513730.SH|513750.SH|518880.SH,2.031217790991576,0.809756851832685,neighbor,2,513290.SH,513310.SH
rolling_multi_start_hill,2024-01-01/2024-06-30,2024-07-01/2024-12-31,49,159518.SZ|159870.SZ|159981.SZ|161226.SZ|501018.SH|512170.SH|512200.SH|513070.SH|513290.SH|513500.SH|513730.SH|513750.SH|518880.SH,2.0659541754847672,0.809756851832685,neighbor,2,159915.SZ,512170.SH
rolling_multi_start_hill,2024-01-01/2024-06-30,2024-07-01/2024-12-31,50,159870.SZ|159915.SZ|159981.SZ|161226.SZ|501018.SH|512200.SH|513070.SH|513290.SH|513310.SH|513500.SH|513730.SH|513750.SH|518880.SH,1.654920191874678,0.809756851832685,neighbor,2,159518.SZ,513310.SH
rolling_multi_start_hill,2024-01-01/2024-06-30,2024-07-01/2024-12-31,51,159518.SZ|159870.SZ|159915.SZ|159981.SZ|159985.SZ|501018.SH|512200.SH|513070.SH|513290.SH|513500.SH|513730.SH|513750.SH|518880.SH,1.3652084089261334,0.7875657113819564,neighbor,2,161226.SZ,159985.SZ
rolling_multi_start_hill,2024-01-01/2024-06-30,2024-07-01/2024-12-31,52,159870.SZ|159915.SZ|159981.SZ|161226.SZ|501018.SH|512200.SH|513070.SH|513290.SH|513400.SH|513500.SH|513730.SH|513750.SH|518880.SH,1.6279408798354489,0.809756851832685,neighbor,2,159518.SZ,513400.SH
rolling_multi_start_hill,2024-01-01/2024-06-30,2024-07-01/2024-12-31,53,159518.SZ|159915.SZ|159981.SZ|161226.SZ|501018.SH|512200.SH|513070.SH|513290.SH|513500.SH|513730.SH|513750.SH|515210.SH|518880.SH,2.2751791906469836,0.809756851832685,neighbor,2,159870.SZ,515210.SH
rolling_multi_start_hill,2024-01-01/2024-06-30,2024-07-01/2024-12-31,54,159518.SZ|159981.SZ|161226.SZ|501018.SH|512200.SH|513070.SH|513290.SH|513500.SH|513730.SH|513750.SH|515210.SH|515880.SH|518880.SH,2.0498136009578354,0.809756851832685,neighbor,2,159915.SZ,515880.SH
rolling_multi_start_hill,2024-01-01/2024-06-30,2024-07-01/2024-12-31,55,159518.SZ|159865.SZ|159981.SZ|161226.SZ|501018.SH|512200.SH|513070.SH|513290.SH|513500.SH|513730.SH|513750.SH|515210.SH|518880.SH,2.0872285587035693,0.809756851832685,neighbor,2,159915.SZ,159865.SZ
rolling_multi_start_hill,2024-01-01/2024-06-30,2024-07-01/2024-12-31,56,159518.SZ|159915.SZ|159981.SZ|161226.SZ|501018.SH|512200.SH|513070.SH|513120.SH|513290.SH|513500.SH|513730.SH|515210.SH|518880.SH,2.082292934916485,0.809756851832685,neighbor,2,513750.SH,513120.SH
rolling_multi_start_hill,2024-01-01/2024-06-30,2024-07-01/2024-12-31,57,159518.SZ|159981.SZ|161226.SZ|501018.SH|512100.SH|512200.SH|513070.SH|513290.SH|513500.SH|513730.SH|513750.SH|515210.SH|518880.SH,2.257282349613448,0.809756851832685,neighbor,2,159915.SZ,512100.SH
rolling_multi_start_hill,2024-01-01/2024-06-30,2024-07-01/2024-12-31,58,159518.SZ|159915.SZ|159981.SZ|160644.SZ|161226.SZ|501018.SH|512200.SH|513070.SH|513290.SH|513730.SH|513750.SH|515210.SH|518880.SH,1.1043443149287633,0.809756851832685,neighbor,2,513500.SH,160644.SZ
rolling_multi_start_hill,2024-01-01/2024-06-30,2024-07-01/2024-12-31,59,159518.SZ|159915.SZ|159981.SZ|161226.SZ|164824.SZ|501018.SH|512200.SH|513070.SH|513290.SH|513500.SH|513750.SH|515210.SH|518880.SH,2.2645340740526816,0.809756851832685,neighbor,2,513730.SH,164824.SZ
rolling_multi_start_hill,2024-01-01/2024-06-30,2024-07-01/2024-12-31,60,159518.SZ|159915.SZ|159981.SZ|161226.SZ|501018.SH|512200.SH|513070.SH|513080.SH|513290.SH|513500.SH|513750.SH|515210.SH|518880.SH,2.037180034464193,0.809756851832685,neighbor,2,513730.SH,513080.SH
rolling_multi_start_hill,2024-01-01/2024-06-30,2024-07-01/2024-12-31,61,159687.SZ|159852.SZ|159920.SZ|159928.SZ|159980.SZ|161226.SZ|501018.SH|513080.SH|513290.SH|513750.SH|513880.SH|518880.SH|588000.SH,0.7772962522672072,0.8926225266665948,restart,3,,
rolling_multi_start_hill,2024-01-01/2024-06-30,2024-07-01/2024-12-31,62,159687.SZ|159852.SZ|159920.SZ|159928.SZ|159980.SZ|159981.SZ|501018.SH|513080.SH|513290.SH|513750.SH|513880.SH|518880.SH|588000.SH,-0.22887827051818196,0.8926225266665948,neighbor,3,161226.SZ,159981.SZ
rolling_multi_start_hill,2024-01-01/2024-06-30,2024-07-01/2024-12-31,63,159687.SZ|159852.SZ|159920.SZ|159928.SZ|159980.SZ|159985.SZ|161226.SZ|513080.SH|513290.SH|513750.SH|513880.SH|518880.SH|588000.SH,0.3494664110084838,0.8926225266665948,neighbor,3,501018.SH,159985.SZ
rolling_multi_start_hill,2024-01-01/2024-06-30,2024-07-01/2024-12-31,64,159687.SZ|159852.SZ|159920.SZ|159928.SZ|159980.SZ|159985.SZ|501018.SH|513080.SH|513290.SH|513750.SH|513880.SH|518880.SH|588000.SH,0.4875282405605268,0.8926225266665948,neighbor,3,161226.SZ,159985.SZ
rolling_multi_start_hill,2024-01-01/2024-06-30,2024-07-01/2024-12-31,65,159687.SZ|159852.SZ|159920.SZ|159980.SZ|161226.SZ|501018.SH|510500.SH|513080.SH|513290.SH|513750.SH|513880.SH|518880.SH|588000.SH,0.5564227746749943,0.8926225266665948,neighbor,3,159928.SZ,510500.SH
rolling_multi_start_hill,2024-01-01/2024-06-30,2024-07-01/2024-12-31,66,159687.SZ|159852.SZ|159920.SZ|159980.SZ|161226.SZ|501018.SH|510300.SH|513080.SH|513290.SH|513750.SH|513880.SH|518880.SH|588000.SH,0.6568081977008747,0.8926225266665948,neighbor,3,159928.SZ,510300.SH
rolling_multi_start_hill,2024-01-01/2024-06-30,2024-07-01/2024-12-31,67,159687.SZ|159852.SZ|159920.SZ|159928.SZ|159980.SZ|161226.SZ|501018.SH|513080.SH|513180.SH|513290.SH|513880.SH|518880.SH|588000.SH,0.8248876976709881,0.9194110626548546,neighbor,3,513750.SH,513180.SH
rolling_multi_start_hill,2024-01-01/2024-06-30,2024-07-01/2024-12-31,68,159687.SZ|159852.SZ|159920.SZ|159928.SZ|159981.SZ|161226.SZ|501018.SH|513080.SH|513180.SH|513290.SH|513880.SH|518880.SH|588000.SH,0.380064368137635,0.9194110626548546,neighbor,3,159980.SZ,159981.SZ
rolling_multi_start_hill,2024-01-01/2024-06-30,2024-07-01/2024-12-31,69,159687.SZ|159852.SZ|159865.SZ|159920.SZ|159928.SZ|159980.SZ|161226.SZ|501018.SH|513080.SH|513180.SH|513290.SH|513880.SH|518880.SH,0.9468872480533643,0.9194110626548546,neighbor,3,588000.SH,159865.SZ
rolling_multi_start_hill,2024-01-01/2024-06-30,2024-07-01/2024-12-31,70,159687.SZ|159852.SZ|159865.SZ|159920.SZ|159928.SZ|159980.SZ|159985.SZ|161226.SZ|501018.SH|513080.SH|513180.SH|513290.SH|513880.SH,1.174643496748638,0.9194110626548546,neighbor,3,518880.SH,159985.SZ
rolling_multi_start_hill,2024-01-01/2024-06-30,2024-07-01/2024-12-31,71,159509.SZ|159687.SZ|159852.SZ|159865.SZ|159920.SZ|159928.SZ|159980.SZ|159985.SZ|161226.SZ|501018.SH|513080.SH|513180.SH|513290.SH,2.0864766533686447,0.9194110626548546,neighbor,3,513880.SH,159509.SZ
rolling_multi_start_hill,2024-01-01/2024-06-30,2024-07-01/2024-12-31,72,159509.SZ|159518.SZ|159852.SZ|159865.SZ|159920.SZ|159928.SZ|159980.SZ|159985.SZ|161226.SZ|501018.SH|513080.SH|513180.SH|513290.SH,2.039343486157152,0.9194110626548546,neighbor,3,159687.SZ,159518.SZ
rolling_multi_start_hill,2024-01-01/2024-06-30,2024-07-01/2024-12-31,73,159509.SZ|159687.SZ|159852.SZ|159865.SZ|159920.SZ|159928.SZ|159981.SZ|159985.SZ|161226.SZ|501018.SH|513080.SH|513180.SH|513290.SH,1.4537275553993578,0.9194110626548546,neighbor,3,159980.SZ,159981.SZ
rolling_multi_start_hill,2024-01-01/2024-06-30,2024-07-01/2024-12-31,74,159509.SZ|159687.SZ|159865.SZ|159920.SZ|159928.SZ|159980.SZ|159985.SZ|161226.SZ|501018.SH|513080.SH|513180.SH|513290.SH|588000.SH,1.621649684455222,0.9194110626548546,neighbor,3,159852.SZ,588000.SH
rolling_multi_start_hill,2024-01-01/2024-06-30,2024-07-01/2024-12-31,75,159509.SZ|159852.SZ|159865.SZ|159920.SZ|159928.SZ|159980.SZ|159985.SZ|161226.SZ|501018.SH|513080.SH|513180.SH|513290.SH|513880.SH,2.199869058882995,0.9194110626548546,neighbor,3,159687.SZ,513880.SH
rolling_multi_start_hill,2024-01-01/2024-06-30,2024-07-01/2024-12-31,76,159509.SZ|159852.SZ|159865.SZ|159928.SZ|159980.SZ|159985.SZ|161226.SZ|501018.SH|513080.SH|513120.SH|513180.SH|513290.SH|513880.SH,2.1831389276891877,0.763303340072328,neighbor,3,159920.SZ,513120.SH
rolling_multi_start_hill,2024-01-01/2024-06-30,2024-07-01/2024-12-31,77,159509.SZ|159852.SZ|159865.SZ|159920.SZ|159928.SZ|159980.SZ|159985.SZ|161226.SZ|501018.SH|513080.SH|513180.SH|513730.SH|513880.SH,2.3368463769716072,0.9194110626548546,neighbor,3,513290.SH,513730.SH
rolling_multi_start_hill,2024-01-01/2024-06-30,2024-07-01/2024-12-31,78,159509.SZ|159796.SZ|159852.SZ|159920.SZ|159928.SZ|159980.SZ|159985.SZ|161226.SZ|501018.SH|513080.SH|513180.SH|513730.SH|513880.SH,1.9556051528272675,0.9194110626548546,neighbor,3,159865.SZ,159796.SZ
rolling_multi_start_hill,2024-01-01/2024-06-30,2024-07-01/2024-12-31,79,159509.SZ|159852.SZ|159865.SZ|159920.SZ|159928.SZ|159980.SZ|159985.SZ|501018.SH|513080.SH|513180.SH|513730.SH|513880.SH|518880.SH,1.7564651230281823,0.9194110626548546,neighbor,3,161226.SZ,518880.SH
rolling_multi_start_hill,2024-01-01/2024-06-30,2024-07-01/2024-12-31,80,159509.SZ|159852.SZ|159865.SZ|159920.SZ|159928.SZ|159980.SZ|159981.SZ|159985.SZ|161226.SZ|513080.SH|513180.SH|513730.SH|513880.SH,0.9854804279605874,0.9194110626548546,neighbor,3,501018.SH,159981.SZ
rolling_multi_start_hill,2024-01-01/2024-06-30,2024-07-01/2024-12-31,81,159687.SZ|159865.SZ|159928.SZ|159980.SZ|159981.SZ|159985.SZ|161226.SZ|513030.SH|513180.SH|513500.SH|513750.SH|513880.SH|588200.SH,0.07068467214685271,0.8170712656203459,restart,4,,
rolling_multi_start_hill,2024-01-01/2024-06-30,2024-07-01/2024-12-31,82,159518.SZ|159865.SZ|159928.SZ|159980.SZ|159981.SZ|159985.SZ|161226.SZ|513030.SH|513180.SH|513500.SH|513750.SH|513880.SH|588200.SH,0.22454871021976355,0.7985055969042496,neighbor,4,159687.SZ,159518.SZ
rolling_multi_start_hill,2024-01-01/2024-06-30,2024-07-01/2024-12-31,83,159518.SZ|159865.SZ|159928.SZ|159981.SZ|159985.SZ|161226.SZ|501018.SH|513030.SH|513180.SH|513500.SH|513750.SH|513880.SH|588200.SH,1.5720001517893483,0.7985055969042496,neighbor,4,159980.SZ,501018.SH
rolling_multi_start_hill,2024-01-01/2024-06-30,2024-07-01/2024-12-31,84,159687.SZ|159865.SZ|159928.SZ|159981.SZ|159985.SZ|161226.SZ|501018.SH|513030.SH|513180.SH|513500.SH|513750.SH|513880.SH|588200.SH,1.0821735232623813,0.8170712656203459,neighbor,4,159518.SZ,159687.SZ
rolling_multi_start_hill,2024-01-01/2024-06-30,2024-07-01/2024-12-31,85,159518.SZ|159865.SZ|159928.SZ|159980.SZ|159985.SZ|161226.SZ|501018.SH|513030.SH|513180.SH|513500.SH|513750.SH|513880.SH|588200.SH,1.7750139079594214,0.7985055969042496,neighbor,4,159981.SZ,159980.SZ
rolling_multi_start_hill,2024-01-01/2024-06-30,2024-07-01/2024-12-31,86,159518.SZ|159865.SZ|159928.SZ|159980.SZ|159985.SZ|161226.SZ|501018.SH|513030.SH|513120.SH|513500.SH|513750.SH|513880.SH|588200.SH,1.8242658488587038,0.7040385672491776,neighbor,4,513180.SH,513120.SH
rolling_multi_start_hill,2024-01-01/2024-06-30,2024-07-01/2024-12-31,87,159509.SZ|159518.SZ|159865.SZ|159928.SZ|159980.SZ|159985.SZ|161226.SZ|501018.SH|513120.SH|513500.SH|513750.SH|513880.SH|588200.SH,2.5521732520510825,0.7040385672491776,neighbor,4,513030.SH,159509.SZ
rolling_multi_start_hill,2024-01-01/2024-06-30,2024-07-01/2024-12-31,88,159509.SZ|159518.SZ|159865.SZ|159928.SZ|159980.SZ|159981.SZ|161226.SZ|501018.SH|513120.SH|513500.SH|513750.SH|513880.SH|588200.SH,2.2294713793865157,0.7040385672491776,neighbor,4,159985.SZ,159981.SZ
rolling_multi_start_hill,2024-01-01/2024-06-30,2024-07-01/2024-12-31,89,159509.SZ|159518.SZ|159865.SZ|159928.SZ|159980.SZ|159985.SZ|161226.SZ|513120.SH|513500.SH|513750.SH|513880.SH|518880.SH|588200.SH,2.01426567451984,0.809756851832685,neighbor,4,501018.SH,518880.SH
rolling_multi_start_hill,2024-01-01/2024-06-30,2024-07-01/2024-12-31,90,159509.SZ|159518.SZ|159865.SZ|159928.SZ|159981.SZ|159985.SZ|161226.SZ|501018.SH|513120.SH|513500.SH|513750.SH|513880.SH|588200.SH,2.3528403174201893,0.6601202377690534,neighbor,4,159980.SZ,159981.SZ
rolling_multi_start_hill,2024-01-01/2024-06-30,2024-07-01/2024-12-31,91,159509.SZ|159518.SZ|159865.SZ|159928.SZ|159980.SZ|159985.SZ|161226.SZ|164824.SZ|501018.SH|513120.SH|513500.SH|513750.SH|588200.SH,2.6296623766647427,0.7040385672491776,neighbor,4,513880.SH,164824.SZ
rolling_multi_start_hill,2024-01-01/2024-06-30,2024-07-01/2024-12-31,92,159518.SZ|159865.SZ|159928.SZ|159980.SZ|159985.SZ|161226.SZ|164824.SZ|501018.SH|513100.SH|513120.SH|513500.SH|513750.SH|588200.SH,2.6563865441950156,0.8284455626917091,neighbor,4,159509.SZ,513100.SH
rolling_multi_start_hill,2024-01-01/2024-06-30,2024-07-01/2024-12-31,93,159865.SZ|159928.SZ|159980.SZ|159985.SZ|161226.SZ|164824.SZ|501018.SH|513100.SH|513120.SH|513500.SH|513730.SH|513750.SH|588200.SH,2.445390362833557,0.8284455626917091,neighbor,4,159518.SZ,513730.SH
rolling_multi_start_hill,2024-01-01/2024-06-30,2024-07-01/2024-12-31,94,159865.SZ|159928.SZ|159980.SZ|159985.SZ|161226.SZ|164824.SZ|501018.SH|513100.SH|513120.SH|513310.SH|513500.SH|513750.SH|588200.SH,2.07794217006681,0.8284455626917091,neighbor,4,159518.SZ,513310.SH
rolling_multi_start_hill,2024-01-01/2024-06-30,2024-07-01/2024-12-31,95,159518.SZ|159865.SZ|159928.SZ|159980.SZ|159985.SZ|164824.SZ|501018.SH|513100.SH|513120.SH|513500.SH|513750.SH|518880.SH|588200.SH,1.966265097874702,0.8284455626917091,neighbor,4,161226.SZ,518880.SH
rolling_multi_start_hill,2024-01-01/2024-06-30,2024-07-01/2024-12-31,96,159518.SZ|159865.SZ|159928.SZ|159980.SZ|159985.SZ|161226.SZ|164824.SZ|501018.SH|512880.SH|513100.SH|513120.SH|513500.SH|513750.SH,3.0338773578094194,0.8284455626917091,neighbor,4,588200.SH,512880.SH
rolling_multi_start_hill,2024-01-01/2024-06-30,2024-07-01/2024-12-31,97,159518.SZ|159928.SZ|159980.SZ|159985.SZ|161226.SZ|164824.SZ|501018.SH|512880.SH|513100.SH|513120.SH|513500.SH|513750.SH|588220.SH,2.9626595835482252,0.8284455626917091,neighbor,4,159865.SZ,588220.SH
rolling_multi_start_hill,2024-01-01/2024-06-30,2024-07-01/2024-12-31,98,159518.SZ|159865.SZ|159928.SZ|159980.SZ|159985.SZ|161226.SZ|164824.SZ|501018.SH|512880.SH|513100.SH|513120.SH|513310.SH|513750.SH,2.4592572222637425,0.7040385672491776,neighbor,4,513500.SH,513310.SH
rolling_multi_start_hill,2024-01-01/2024-06-30,2024-07-01/2024-12-31,99,159518.SZ|159865.SZ|159928.SZ|159980.SZ|159981.SZ|159985.SZ|164824.SZ|501018.SH|512880.SH|513100.SH|513120.SH|513500.SH|513750.SH,1.9642274374382813,0.8284455626917091,neighbor,4,161226.SZ,159981.SZ
rolling_multi_start_hill,2024-01-01/2024-06-30,2024-07-01/2024-12-31,100,159518.SZ|159865.SZ|159928.SZ|159980.SZ|159985.SZ|164824.SZ|501018.SH|512880.SH|513100.SH|513120.SH|513500.SH|513750.SH|518880.SH,1.958747600084691,0.8284455626917091,neighbor,4,161226.SZ,518880.SH
rolling_multi_start_hill,2024-07-01/2024-12-31,2025-01-01/2025-06-30,1,159329.SZ|159796.SZ|159981.SZ|159985.SZ|160644.SZ|161226.SZ|164824.SZ|510180.SH|512100.SH|513070.SH|513120.SH|513500.SH|518880.SH,-0.7742015549612608,0.8748255254402321,restart,0,,
rolling_multi_start_hill,2024-07-01/2024-12-31,2025-01-01/2025-06-30,2,159796.SZ|159981.SZ|159985.SZ|160644.SZ|161226.SZ|164824.SZ|510180.SH|512100.SH|513070.SH|513100.SH|513120.SH|513500.SH|518880.SH,-0.48133161582080175,0.8748255254402321,neighbor,0,159329.SZ,513100.SH
rolling_multi_start_hill,2024-07-01/2024-12-31,2025-01-01/2025-06-30,3,159796.SZ|159981.SZ|159985.SZ|160644.SZ|161226.SZ|164824.SZ|510180.SH|510500.SH|513070.SH|513100.SH|513120.SH|513500.SH|518880.SH,-0.5919859925741991,0.8792980681007975,neighbor,0,512100.SH,510500.SH
rolling_multi_start_hill,2024-07-01/2024-12-31,2025-01-01/2025-06-30,4,159796.SZ|159981.SZ|159985.SZ|160644.SZ|161226.SZ|164824.SZ|510180.SH|512200.SH|513070.SH|513100.SH|513120.SH|513500.SH|518880.SH,-0.7414277749133413,0.8626765910012685,neighbor,0,512100.SH,512200.SH
rolling_multi_start_hill,2024-07-01/2024-12-31,2025-01-01/2025-06-30,5,159796.SZ|159981.SZ|159985.SZ|160644.SZ|161226.SZ|164824.SZ|510180.SH|512100.SH|513070.SH|513100.SH|513500.SH|513750.SH|518880.SH,-0.617527661144531,0.8748255254402321,neighbor,0,513120.SH,513750.SH
rolling_multi_start_hill,2024-07-01/2024-12-31,2025-01-01/2025-06-30,6,159518.SZ|159796.SZ|159981.SZ|159985.SZ|160644.SZ|161226.SZ|164824.SZ|510180.SH|512100.SH|513070.SH|513100.SH|513120.SH|518880.SH,-0.4435290709913041,0.8748255254402321,neighbor,0,513500.SH,159518.SZ
rolling_multi_start_hill,2024-07-01/2024-12-31,2025-01-01/2025-06-30,7,159518.SZ|159796.SZ|159980.SZ|159981.SZ|159985.SZ|160644.SZ|164824.SZ|510180.SH|512100.SH|513070.SH|513100.SH|513120.SH|518880.SH,-0.2667303950381957,0.8748255254402321,neighbor,0,161226.SZ,159980.SZ
rolling_multi_start_hill,2024-07-01/2024-12-31,2025-01-01/2025-06-30,8,159518.SZ|159796.SZ|159980.SZ|159981.SZ|159985.SZ|160644.SZ|164824.SZ|510300.SH|512100.SH|513070.SH|513100.SH|513120.SH|518880.SH,-0.3024094234576699,0.8762618282865456,neighbor,0,510180.SH,510300.SH
rolling_multi_start_hill,2024-07-01/2024-12-31,2025-01-01/2025-06-30,9,159326.SZ|159518.SZ|159796.SZ|159980.SZ|159981.SZ|159985.SZ|160644.SZ|164824.SZ|512100.SH|513070.SH|513100.SH|513120.SH|518880.SH,-0.5407799674087095,0.8748255254402321,neighbor,0,510180.SH,159326.SZ
rolling_multi_start_hill,2024-07-01/2024-12-31,2025-01-01/2025-06-30,10,159329.SZ|159518.SZ|159796.SZ|159980.SZ|159981.SZ|159985.SZ|160644.SZ|164824.SZ|510180.SH|512100.SH|513070.SH|513120.SH|518880.SH,-1.1629749542549561,0.8748255254402321,neighbor,0,513100.SH,159329.SZ
rolling_multi_start_hill,2024-07-01/2024-12-31,2025-01-01/2025-06-30,11,159518.SZ|159796.SZ|159980.SZ|159985.SZ|160644.SZ|161226.SZ|164824.SZ|510180.SH|512100.SH|513070.SH|513100.SH|513120.SH|518880.SH,-0.48051093602007683,0.8748255254402321,neighbor,0,159981.SZ,161226.SZ
rolling_multi_start_hill,2024-07-01/2024-12-31,2025-01-01/2025-06-30,12,159796.SZ|159980.SZ|159981.SZ|159985.SZ|160644.SZ|164824.SZ|510180.SH|512100.SH|513030.SH|513070.SH|513100.SH|513120.SH|518880.SH,-0.2595865877761701,0.8748255254402321,neighbor,0,159518.SZ,513030.SH
rolling_multi_start_hill,2024-07-01/2024-12-31,2025-01-01/2025-06-30,13,159529.SZ|159796.SZ|159980.SZ|159981.SZ|159985.SZ|160644.SZ|510180.SH|512100.SH|513030.SH|513070.SH|513100.SH|513120.SH|518880.SH,0.6131785182662078,0.8748255254402321,neighbor,0,164824.SZ,159529.SZ
rolling_multi_start_hill,2024-07-01/2024-12-31,2025-01-01/2025-06-30,14,159796.SZ|159980.SZ|159981.SZ|159985.SZ|160644.SZ|510180.SH|512100.SH|513030.SH|513070.SH|513100.SH|513120.SH|513400.SH|518880.SH,0.11513538594531877,0.8748255254402321,neighbor,0,159529.SZ,513400.SH
rolling_multi_start_hill,2024-07-01/2024-12-31,2025-01-01/2025-06-30,15,159529.SZ|159796.SZ|159980.SZ|159981.SZ|159985.SZ|160644.SZ|510180.SH|512100.SH|513070.SH|513100.SH|513120.SH|513880.SH|518880.SH,0.7692511688632354,0.8748255254402321,neighbor,0,513030.SH,513880.SH
rolling_multi_start_hill,2024-07-01/2024-12-31,2025-01-01/2025-06-30,16,159529.SZ|159796.SZ|159980.SZ|159981.SZ|160644.SZ|161226.SZ|510180.SH|512100.SH|513070.SH|513100.SH|513120.SH|513880.SH|518880.SH,0.5201387501904106,0.8748255254402321,neighbor,0,159985.SZ,161226.SZ
rolling_multi_start_hill,2024-07-01/2024-12-31,2025-01-01/2025-06-30,17,159529.SZ|159796.SZ|159980.SZ|159981.SZ|159985.SZ|160644.SZ|510180.SH|512100.SH|513070.SH|513100.SH|513750.SH|513880.SH|518880.SH,0.5596257378443157,0.8748255254402321,neighbor,0,513120.SH,513750.SH
rolling_multi_start_hill,2024-07-01/2024-12-31,2025-01-01/2025-06-30,18,159529.SZ|159796.SZ|159981.SZ|159985.SZ|160644.SZ|501018.SH|510180.SH|512100.SH|513070.SH|513100.SH|513120.SH|513880.SH|518880.SH,0.8596558433905711,0.8748255254402321,neighbor,0,159980.SZ,501018.SH
rolling_multi_start_hill,2024-07-01/2024-12-31,2025-01-01/2025-06-30,19,159529.SZ|159981.SZ|159985.SZ|160644.SZ|501018.SH|510180.SH|512100.SH|513070.SH|513100.SH|513120.SH|513880.SH|518880.SH|562500.SH,1.1070444606752359,0.9017431972402724,neighbor,0,159796.SZ,562500.SH
rolling_multi_start_hill,2024-07-01/2024-12-31,2025-01-01/2025-06-30,20,159529.SZ|159981.SZ|159985.SZ|160644.SZ|501018.SH|510180.SH|512880.SH|513070.SH|513100.SH|513120.SH|513880.SH|518880.SH|562500.SH,1.309422433319525,0.7848433275284874,neighbor,0,512100.SH,512880.SH
rolling_multi_start_hill,2024-07-01/2024-12-31,2025-01-01/2025-06-30,21,159329.SZ|159509.SZ|159865.SZ|159915.SZ|159980.SZ|159985.SZ|161226.SZ|513030.SH|513070.SH|513500.SH|513750.SH|515210.SH|518880.SH,-0.18824407806802199,0.8406231432114443,restart,1,,
rolling_multi_start_hill,2024-07-01/2024-12-31,2025-01-01/2025-06-30,22,159329.SZ|159509.SZ|159865.SZ|159915.SZ|159980.SZ|159985.SZ|161226.SZ|164824.SZ|513030.SH|513070.SH|513750.SH|515210.SH|518880.SH,-0.4890014268174589,0.8406231432114443,neighbor,1,513500.SH,164824.SZ
rolling_multi_start_hill,2024-07-01/2024-12-31,2025-01-01/2025-06-30,23,159329.SZ|159509.SZ|159865.SZ|159915.SZ|159981.SZ|159985.SZ|161226.SZ|513030.SH|513070.SH|513500.SH|513750.SH|515210.SH|518880.SH,-0.5348590969995746,0.8406231432114443,neighbor,1,159980.SZ,159981.SZ
rolling_multi_start_hill,2024-07-01/2024-12-31,2025-01-01/2025-06-30,24,159329.SZ|159509.SZ|159865.SZ|159915.SZ|159980.SZ|161226.SZ|501018.SH|513030.SH|513070.SH|513500.SH|513750.SH|515210.SH|518880.SH,-0.22935193304456047,0.8406231432114443,neighbor,1,159985.SZ,501018.SH
rolling_multi_start_hill,2024-07-01/2024-12-31,2025-01-01/2025-06-30,25,159329.SZ|159509.SZ|159865.SZ|159915.SZ|159980.SZ|159985.SZ|161226.SZ|513030.SH|513180.SH|513500.SH|513750.SH|515210.SH|518880.SH,-0.29387758140178133,0.8861226651551434,neighbor,1,513070.SH,513180.SH
rolling_multi_start_hill,2024-07-01/2024-12-31,2025-01-01/2025-06-30,26,159509.SZ|159865.SZ|159915.SZ|159980.SZ|159985.SZ|161226.SZ|513030.SH|513070.SH|513310.SH|513500.SH|513750.SH|515210.SH|518880.SH,-0.15719230647341667,0.8406231432114443,neighbor,1,159329.SZ,513310.SH
rolling_multi_start_hill,2024-07-01/2024-12-31,2025-01-01/2025-06-30,27,159509.SZ|159865.SZ|159928.SZ|159980.SZ|159985.SZ|161226.SZ|513030.SH|513070.SH|513310.SH|513500.SH|513750.SH|515210.SH|518880.SH,-0.6862536780280205,0.9065986069931544,neighbor,1,159915.SZ,159928.SZ
rolling_multi_start_hill,2024-07-01/2024-12-31,2025-01-01/2025-06-30,28,159509.SZ|159865.SZ|159915.SZ|159980.SZ|161226.SZ|501018.SH|513030.SH|513070.SH|513310.SH|513500.SH|513750.SH|515210.SH|518880.SH,0.06408920381917281,0.8406231432114443,neighbor,1,159985.SZ,501018.SH
rolling_multi_start_hill,2024-07-01/2024-12-31,2025-01-01/2025-06-30,29,159509.SZ|159851.SZ|159915.SZ|159980.SZ|161226.SZ|501018.SH|513030.SH|513070.SH|513310.SH|513500.SH|513750.SH|515210.SH|518880.SH,-0.008834074944870925,0.8406231432114443,neighbor,1,159865.SZ,159851.SZ
rolling_multi_start_hill,2024-07-01/2024-12-31,2025-01-01/2025-06-30,30,159518.SZ|159865.SZ|159915.SZ|159980.SZ|161226.SZ|501018.SH|513030.SH|513070.SH|513310.SH|513500.SH|513750.SH|515210.SH|518880.SH,-0.518768619627751,0.8406231432114443,neighbor,1,159509.SZ,159518.SZ
rolling_multi_start_hill,2024-07-01/2024-12-31,2025-01-01/2025-06-30,31,159509.SZ|159915.SZ|159980.SZ|161226.SZ|501018.SH|513030.SH|513070.SH|513310.SH|513500.SH|513750.SH|515210.SH|515790.SH|518880.SH,-0.28083862935242326,0.8423894774276284,neighbor,1,159865.SZ,515790.SH
rolling_multi_start_hill,2024-07-01/2024-12-31,2025-01-01/2025-06-30,32,159509.SZ|159865.SZ|159915.SZ|159980.SZ|161226.SZ|501018.SH|513070.SH|513100.SH|513310.SH|513500.SH|513750.SH|515210.SH|518880.SH,0.19755604551153685,0.9103349868626713,neighbor,1,513030.SH,513100.SH
rolling_multi_start_hill,2024-07-01/2024-12-31,2025-01-01/2025-06-30,33,159509.SZ|159796.SZ|159915.SZ|159980.SZ|161226.SZ|501018.SH|513070.SH|513100.SH|513310.SH|513500.SH|513750.SH|515210.SH|518880.SH,0.0913794841213785,0.9103349868626713,neighbor,1,159865.SZ,159796.SZ
rolling_multi_start_hill,2024-07-01/2024-12-31,2025-01-01/2025-06-30,34,159509.SZ|159865.SZ|159915.SZ|159980.SZ|161226.SZ|501018.SH|512400.SH|513070.SH|513100.SH|513310.SH|513500.SH|513750.SH|518880.SH,0.06604561128452861,0.9103349868626713,neighbor,1,515210.SH,512400.SH
rolling_multi_start_hill,2024-07-01/2024-12-31,2025-01-01/2025-06-30,35,159509.SZ|159865.SZ|159915.SZ|159980.SZ|161226.SZ|501018.SH|513070.SH|513310.SH|513400.SH|513500.SH|513750.SH|515210.SH|518880.SH,-0.052589006449795334,0.8406231432114443,neighbor,1,513100.SH,513400.SH
rolling_multi_start_hill,2024-07-01/2024-12-31,2025-01-01/2025-06-30,36,159329.SZ|159509.SZ|159865.SZ|159915.SZ|159980.SZ|161226.SZ|501018.SH|513070.SH|513100.SH|513310.SH|513750.SH|515210.SH|518880.SH,0.38155170913047437,0.9103349868626713,neighbor,1,513500.SH,159329.SZ
rolling_multi_start_hill,2024-07-01/2024-12-31,2025-01-01/2025-06-30,37,159329.SZ|159509.SZ|159865.SZ|159915.SZ|159980.SZ|161226.SZ|501018.SH|513100.SH|513180.SH|513310.SH|513750.SH|515210.SH|518880.SH,0.37437752970130017,0.9103349868626713,neighbor,1,513070.SH,513180.SH
rolling_multi_start_hill,2024-07-01/2024-12-31,2025-01-01/2025-06-30,38,159329.SZ|159509.SZ|159518.SZ|159865.SZ|159915.SZ|159980.SZ|161226.SZ|501018.SH|513070.SH|513310.SH|513750.SH|515210.SH|518880.SH,-0.7520121624456719,0.8406231432114443,neighbor,1,513100.SH,159518.SZ
rolling_multi_start_hill,2024-07-01/2024-12-31,2025-01-01/2025-06-30,39,159326.SZ|159329.SZ|159509.SZ|159865.SZ|159980.SZ|161226.SZ|501018.SH|513070.SH|513100.SH|513310.SH|513750.SH|515210.SH|518880.SH,-0.24321326553554137,0.9103349868626713,neighbor,1,159915.SZ,159326.SZ
rolling_multi_start_hill,2024-07-01/2024-12-31,2025-01-01/2025-06-30,40,159329.SZ|159529.SZ|159865.SZ|159915.SZ|159980.SZ|161226.SZ|501018.SH|513070.SH|513100.SH|513310.SH|513750.SH|515210.SH|518880.SH,0.4165628258890313,0.8406231432114443,neighbor,1,159509.SZ,159529.SZ
rolling_multi_start_hill,2024-07-01/2024-12-31,2025-01-01/2025-06-30,41,159329.SZ|159687.SZ|159796.SZ|159928.SZ|159981.SZ|159985.SZ|501018.SH|512200.SH|513080.SH|513120.SH|513180.SH|513500.SH|518880.SH,-0.6334817351750744,0.7872446800586286,restart,2,,
rolling_multi_start_hill,2024-07-01/2024-12-31,2025-01-01/2025-06-30,42,159329.SZ|159687.SZ|159796.SZ|159928.SZ|159981.SZ|159985.SZ|501018.SH|512200.SH|513080.SH|513120.SH|513500.SH|513750.SH|518880.SH,-0.5217486550851869,0.7872446800586286,neighbor,2,513180.SH,513750.SH
rolling_multi_start_hill,2024-07-01/2024-12-31,2025-01-01/2025-06-30,43,159329.SZ|159509.SZ|159687.SZ|159796.SZ|159928.SZ|159981.SZ|159985.SZ|501018.SH|512200.SH|513080.SH|513120.SH|513750.SH|518880.SH,-0.7594591341891024,0.7872446800586286,neighbor,2,513500.SH,159509.SZ
rolling_multi_start_hill,2024-07-01/2024-12-31,2025-01-01/2025-06-30,44,159329.SZ|159687.SZ|159796.SZ|159928.SZ|159985.SZ|161226.SZ|501018.SH|512200.SH|513080.SH|513120.SH|513500.SH|513750.SH|518880.SH,-0.8549332262796158,0.7872446800586286,neighbor,2,159981.SZ,161226.SZ
rolling_multi_start_hill,2024-07-01/2024-12-31,2025-01-01/2025-06-30,45,159329.SZ|159687.SZ|159825.SZ|159928.SZ|159981.SZ|159985.SZ|501018.SH|512200.SH|513080.SH|513120.SH|513500.SH|513750.SH|518880.SH,-0.34903500029557855,0.9018554000592175,neighbor,2,159796.SZ,159825.SZ
rolling_multi_start_hill,2024-07-01/2024-12-31,2025-01-01/2025-06-30,46,159329.SZ|159687.SZ|159825.SZ|159928.SZ|159980.SZ|159981.SZ|159985.SZ|501018.SH|512200.SH|513080.SH|513120.SH|513500.SH|513750.SH,0.24348996906436937,0.9018554000592175,neighbor,2,518880.SH,159980.SZ
rolling_multi_start_hill,2024-07-01/2024-12-31,2025-01-01/2025-06-30,47,159329.SZ|159687.SZ|159825.SZ|159928.SZ|159980.SZ|159981.SZ|501018.SH|512200.SH|513080.SH|513120.SH|513500.SH|513750.SH|518880.SH,0.14232873394288229,0.9018554000592175,neighbor,2,159985.SZ,518880.SH
rolling_multi_start_hill,2024-07-01/2024-12-31,2025-01-01/2025-06-30,48,159329.SZ|159687.SZ|159928.SZ|159980.SZ|159981.SZ|159985.SZ|501018.SH|512200.SH|512800.SH|513080.SH|513120.SH|513500.SH|513750.SH,-0.2296757378836134,0.7872446800586286,neighbor,2,159825.SZ,512800.SH
rolling_multi_start_hill,2024-07-01/2024-12-31,2025-01-01/2025-06-30,49,159329.SZ|159687.SZ|159825.SZ|159980.SZ|159981.SZ|159985.SZ|501018.SH|512200.SH|513080.SH|513120.SH|513500.SH|513750.SH|588200.SH,0.4066914336279442,0.7742410089297296,neighbor,2,159928.SZ,588200.SH
rolling_multi_start_hill,2024-07-01/2024-12-31,2025-01-01/2025-06-30,50,159329.SZ|159687.SZ|159825.SZ|159980.SZ|159981.SZ|159985.SZ|512200.SH|513080.SH|513120.SH|513500.SH|513750.SH|518880.SH|588200.SH,-0.10884450300366594,0.7742410089297296,neighbor,2,501018.SH,518880.SH
rolling_multi_start_hill,2024-07-01/2024-12-31,2025-01-01/2025-06-30,51,159329.SZ|159687.SZ|159825.SZ|159980.SZ|159981.SZ|159985.SZ|501018.SH|512200.SH|513080.SH|513120.SH|513180.SH|513500.SH|588200.SH,0.08552867129833693,0.781078061256192,neighbor,2,513750.SH,513180.SH
rolling_multi_start_hill,2024-07-01/2024-12-31,2025-01-01/2025-06-30,52,159329.SZ|159687.SZ|159825.SZ|159981.SZ|159985.SZ|161226.SZ|501018.SH|512200.SH|513080.SH|513120.SH|513500.SH|513750.SH|588200.SH,-0.11998891719643677,0.7742410089297296,neighbor,2,159980.SZ,161226.SZ
rolling_multi_start_hill,2024-07-01/2024-12-31,2025-01-01/2025-06-30,53,159329.SZ|159687.SZ|159980.SZ|159981.SZ|159985.SZ|501018.SH|512200.SH|513080.SH|513120.SH|513500.SH|513750.SH|516150.SH|588200.SH,0.6661517762621728,0.7579535481871515,neighbor,2,159825.SZ,516150.SH
rolling_multi_start_hill,2024-07-01/2024-12-31,2025-01-01/2025-06-30,54,159329.SZ|159687.SZ|159980.SZ|159981.SZ|159985.SZ|501018.SH|512200.SH|513080.SH|513120.SH|513730.SH|513750.SH|516150.SH|588200.SH,1.06733490552246,0.7579535481871515,neighbor,2,513500.SH,513730.SH
rolling_multi_start_hill,2024-07-01/2024-12-31,2025-01-01/2025-06-30,55,159329.SZ|159687.SZ|159980.SZ|159981.SZ|159985.SZ|512200.SH|513080.SH|513120.SH|513730.SH|513750.SH|516150.SH|518880.SH|588200.SH,0.5426558116011432,0.7579535481871515,neighbor,2,501018.SH,518880.SH
rolling_multi_start_hill,2024-07-01/2024-12-31,2025-01-01/2025-06-30,56,159329.SZ|159518.SZ|159687.SZ|159980.SZ|159981.SZ|159985.SZ|501018.SH|512200.SH|513120.SH|513730.SH|513750.SH|516150.SH|588200.SH,0.3607918687079394,0.7579535481871515,neighbor,2,513080.SH,159518.SZ
rolling_multi_start_hill,2024-07-01/2024-12-31,2025-01-01/2025-06-30,57,159329.SZ|159687.SZ|159980.SZ|159981.SZ|501018.SH|512200.SH|513080.SH|513120.SH|513730.SH|513750.SH|516150.SH|518880.SH|588200.SH,0.8305276556607295,0.7579535481871515,neighbor,2,159985.SZ,518880.SH
rolling_multi_start_hill,2024-07-01/2024-12-31,2025-01-01/2025-06-30,58,159329.SZ|159687.SZ|159980.SZ|159981.SZ|159985.SZ|501018.SH|510180.SH|513080.SH|513120.SH|513730.SH|513750.SH|516150.SH|588200.SH,0.5785399065303183,0.7601657723782278,neighbor,2,512200.SH,510180.SH
rolling_multi_start_hill,2024-07-01/2024-12-31,2025-01-01/2025-06-30,59,159687.SZ|159980.SZ|159981.SZ|159985.SZ|501018.SH|512200.SH|513080.SH|513100.SH|513120.SH|513730.SH|513750.SH|516150.SH|588200.SH,1.0922738649629327,0.7579535481871515,neighbor,2,159329.SZ,513100.SH
rolling_multi_start_hill,2024-07-01/2024-12-31,2025-01-01/2025-06-30,60,159687.SZ|159980.SZ|159981.SZ|501018.SH|512200.SH|513080.SH|513100.SH|513120.SH|513730.SH|513750.SH|516150.SH|518880.SH|588200.SH,1.0254228970246433,0.7579535481871515,neighbor,2,159985.SZ,518880.SH
rolling_multi_start_hill,2024-07-01/2024-12-31,2025-01-01/2025-06-30,61,159509.SZ|159518.SZ|159920.SZ|159980.SZ|159981.SZ|159985.SZ|164824.SZ|510300.SH|510500.SH|512800.SH|513500.SH|513750.SH|518880.SH,-0.454014837370965,0.9085053755958449,restart,3,,
rolling_multi_start_hill,2024-07-01/2024-12-31,2025-01-01/2025-06-30,62,159509.SZ|159518.SZ|159852.SZ|159920.SZ|159980.SZ|159981.SZ|159985.SZ|164824.SZ|510300.SH|510500.SH|513500.SH|513750.SH|518880.SH,-0.10806716622312185,0.9085053755958449,neighbor,3,512800.SH,159852.SZ
rolling_multi_start_hill,2024-07-01/2024-12-31,2025-01-01/2025-06-30,63,159509.SZ|159518.SZ|159825.SZ|159852.SZ|159920.SZ|159980.SZ|159981.SZ|159985.SZ|164824.SZ|510300.SH|513500.SH|513750.SH|518880.SH,-0.3132588853073246,0.8958197259318315,neighbor,3,510500.SH,159825.SZ
rolling_multi_start_hill,2024-07-01/2024-12-31,2025-01-01/2025-06-30,64,159509.SZ|159518.SZ|159852.SZ|159920.SZ|159980.SZ|159981.SZ|159985.SZ|164824.SZ|510300.SH|510500.SH|513120.SH|513500.SH|518880.SH,-0.20885562707125382,0.9085053755958449,neighbor,3,513750.SH,513120.SH
rolling_multi_start_hill,2024-07-01/2024-12-31,2025-01-01/2025-06-30,65,159509.SZ|159518.SZ|159920.SZ|159980.SZ|159981.SZ|159985.SZ|164824.SZ|510300.SH|510500.SH|513500.SH|513750.SH|515790.SH|518880.SH,-0.9209221272728927,0.9085053755958449,neighbor,3,159852.SZ,515790.SH
rolling_multi_start_hill,2024-07-01/2024-12-31,2025-01-01/2025-06-30,66,159509.SZ|159518.SZ|159920.SZ|159980.SZ|159981.SZ|159985.SZ|164824.SZ|510300.SH|510500.SH|513500.SH|513750.SH|518880.SH|588200.SH,-0.4978632988949992,0.9085053755958449,neighbor,3,159852.SZ,588200.SH
rolling_multi_start_hill,2024-07-01/2024-12-31,2025-01-01/2025-06-30,67,159509.SZ|159518.SZ|159852.SZ|159920.SZ|159980.SZ|159981.SZ|159985.SZ|164824.SZ|510300.SH|512400.SH|513500.SH|513750.SH|518880.SH,-0.5114865717166941,0.8958197259318315,neighbor,3,510500.SH,512400.SH
rolling_multi_start_hill,2024-07-01/2024-12-31,2025-01-01/2025-06-30,68,159509.SZ|159518.SZ|159852.SZ|159920.SZ|159980.SZ|159985.SZ|161226.SZ|164824.SZ|510300.SH|510500.SH|513500.SH|513750.SH|518880.SH,-0.46060347724381007,0.9085053755958449,neighbor,3,159981.SZ,161226.SZ
rolling_multi_start_hill,2024-07-01/2024-12-31,2025-01-01/2025-06-30,69,159509.SZ|159518.SZ|159852.SZ|159920.SZ|159980.SZ|159981.SZ|159985.SZ|164824.SZ|510300.SH|513500.SH|513750.SH|515880.SH|518880.SH,-0.012817815955453978,0.8958197259318315,neighbor,3,510500.SH,515880.SH
rolling_multi_start_hill,2024-07-01/2024-12-31,2025-01-01/2025-06-30,70,159509.SZ|159518.SZ|159852.SZ|159920.SZ|159981.SZ|159985.SZ|161226.SZ|164824.SZ|510300.SH|513500.SH|513750.SH|515880.SH|518880.SH,-0.4544268011456166,0.8958197259318315,neighbor,3,159980.SZ,161226.SZ
rolling_multi_start_hill,2024-07-01/2024-12-31,2025-01-01/2025-06-30,71,159509.SZ|159518.SZ|159852.SZ|159920.SZ|159980.SZ|159985.SZ|161226.SZ|164824.SZ|510300.SH|513500.SH|513750.SH|515880.SH|518880.SH,-0.5646347892691408,0.8958197259318315,neighbor,3,159981.SZ,161226.SZ
rolling_multi_start_hill,2024-07-01/2024-12-31,2025-01-01/2025-06-30,72,159509.SZ|159518.SZ|159852.SZ|159920.SZ|159980.SZ|159981.SZ|159985.SZ|164824.SZ|510300.SH|513100.SH|513750.SH|515880.SH|518880.SH,0.5932410187620065,0.9103349868626713,neighbor,3,513500.SH,513100.SH
rolling_multi_start_hill,2024-07-01/2024-12-31,2025-01-01/2025-06-30,73,159509.SZ|159518.SZ|159852.SZ|159920.SZ|159981.SZ|159985.SZ|164824.SZ|501018.SH|510300.SH|513100.SH|513750.SH|515880.SH|518880.SH,0.454940271375853,0.9103349868626713,neighbor,3,159980.SZ,501018.SH
rolling_multi_start_hill,2024-07-01/2024-12-31,2025-01-01/2025-06-30,74,159509.SZ|159518.SZ|159920.SZ|159980.SZ|159981.SZ|159985.SZ|164824.SZ|510300.SH|513100.SH|513750.SH|515790.SH|515880.SH|518880.SH,0.007861074183137607,0.9103349868626713,neighbor,3,159852.SZ,515790.SH
rolling_multi_start_hill,2024-07-01/2024-12-31,2025-01-01/2025-06-30,75,159509.SZ|159518.SZ|159852.SZ|159920.SZ|159980.SZ|159981.SZ|159985.SZ|164824.SZ|510300.SH|512200.SH|513100.SH|513750.SH|518880.SH,0.6320558478442263,0.9103349868626713,neighbor,3,515880.SH,512200.SH
rolling_multi_start_hill,2024-07-01/2024-12-31,2025-01-01/2025-06-30,76,159509.SZ|159529.SZ|159852.SZ|159920.SZ|159980.SZ|159981.SZ|159985.SZ|164824.SZ|510300.SH|512200.SH|513100.SH|513750.SH|518880.SH,0.9262262511410339,0.9103349868626713,neighbor,3,159518.SZ,159529.SZ
rolling_multi_start_hill,2024-07-01/2024-12-31,2025-01-01/2025-06-30,77,159509.SZ|159529.SZ|159766.SZ|159852.SZ|159920.SZ|159980.SZ|159981.SZ|159985.SZ|164824.SZ|512200.SH|513100.SH|513750.SH|518880.SH,0.6284875363638979,0.9103349868626713,neighbor,3,510300.SH,159766.SZ
rolling_multi_start_hill,2024-07-01/2024-12-31,2025-01-01/2025-06-30,78,159509.SZ|159529.SZ|159920.SZ|159967.SZ|159980.SZ|159981.SZ|159985.SZ|164824.SZ|510300.SH|512200.SH|513100.SH|513750.SH|518880.SH,0.695535747784301,0.9103349868626713,neighbor,3,159852.SZ,159967.SZ
rolling_multi_start_hill,2024-07-01/2024-12-31,2025-01-01/2025-06-30,79,159529.SZ|159852.SZ|159920.SZ|159980.SZ|159981.SZ|159985.SZ|164824.SZ|510300.SH|512200.SH|513100.SH|513730.SH|513750.SH|518880.SH,0.8564489171757712,0.8958197259318315,neighbor,3,159509.SZ,513730.SH
rolling_multi_start_hill,2024-07-01/2024-12-31,2025-01-01/2025-06-30,80,159509.SZ|159529.SZ|159852.SZ|159920.SZ|159980.SZ|159981.SZ|159985.SZ|164824.SZ|501018.SH|510300.SH|512200.SH|513100.SH|513750.SH,1.1991246006717498,0.9103349868626713,neighbor,3,518880.SH,501018.SH
rolling_multi_start_hill,2024-07-01/2024-12-31,2025-01-01/2025-06-30,81,159509.SZ|159518.SZ|159687.SZ|159825.SZ|159967.SZ|159980.SZ|159981.SZ|161226.SZ|501018.SH|513120.SH|513500.SH|513750.SH|515790.SH,-0.7242953800128072,0.8042605341192945,restart,4,,
rolling_multi_start_hill,2024-07-01/2024-12-31,2025-01-01/2025-06-30,82,159509.SZ|159518.SZ|159687.SZ|159825.SZ|159980.SZ|159981.SZ|161226.SZ|501018.SH|510300.SH|513120.SH|513500.SH|513750.SH|515790.SH,-0.7589344080404375,0.8698223338301332,neighbor,4,159967.SZ,510300.SH
rolling_multi_start_hill,2024-07-01/2024-12-31,2025-01-01/2025-06-30,83,159509.SZ|159518.SZ|159825.SZ|159967.SZ|159980.SZ|159981.SZ|161226.SZ|501018.SH|513030.SH|513120.SH|513500.SH|513750.SH|515790.SH,-1.0252349381767198,0.8042605341192945,neighbor,4,159687.SZ,513030.SH
rolling_multi_start_hill,2024-07-01/2024-12-31,2025-01-01/2025-06-30,84,159518.SZ|159687.SZ|159825.SZ|159967.SZ|159980.SZ|159981.SZ|161226.SZ|501018.SH|513120.SH|513500.SH|513730.SH|513750.SH|515790.SH,0.07754140568882092,0.791961656573461,neighbor,4,159509.SZ,513730.SH
rolling_multi_start_hill,2024-07-01/2024-12-31,2025-01-01/2025-06-30,85,159518.SZ|159687.SZ|159825.SZ|159967.SZ|159980.SZ|161226.SZ|501018.SH|513120.SH|513500.SH|513730.SH|513750.SH|515790.SH|518880.SH,0.12299406942242436,0.791961656573461,neighbor,4,159981.SZ,518880.SH
rolling_multi_start_hill,2024-07-01/2024-12-31,2025-01-01/2025-06-30,86,159518.SZ|159687.SZ|159825.SZ|159967.SZ|159980.SZ|161226.SZ|501018.SH|513070.SH|513120.SH|513500.SH|513730.SH|515790.SH|518880.SH,-0.12399168006253396,0.791961656573461,neighbor,4,513750.SH,513070.SH
rolling_multi_start_hill,2024-07-01/2024-12-31,2025-01-01/2025-06-30,87,159518.SZ|159825.SZ|159967.SZ|159980.SZ|161226.SZ|501018.SH|513030.SH|513120.SH|513500.SH|513730.SH|513750.SH|515790.SH|518880.SH,-0.2197797940222653,0.791961656573461,neighbor,4,159687.SZ,513030.SH
rolling_multi_start_hill,2024-07-01/2024-12-31,2025-01-01/2025-06-30,88,159518.SZ|159687.SZ|159825.SZ|159980.SZ|161226.SZ|501018.SH|513120.SH|513500.SH|513730.SH|513750.SH|515220.SH|515790.SH|518880.SH,-0.19639793877150435,0.7703390842413431,neighbor,4,159967.SZ,515220.SH
rolling_multi_start_hill,2024-07-01/2024-12-31,2025-01-01/2025-06-30,89,159518.SZ|159687.SZ|159825.SZ|159967.SZ|159980.SZ|159981.SZ|161226.SZ|513120.SH|513500.SH|513730.SH|513750.SH|515790.SH|518880.SH,0.10448361623328291,0.791961656573461,neighbor,4,501018.SH,159981.SZ
rolling_multi_start_hill,2024-07-01/2024-12-31,2025-01-01/2025-06-30,90,159518.SZ|159687.SZ|159825.SZ|159967.SZ|159980.SZ|161226.SZ|501018.SH|513120.SH|513500.SH|513730.SH|513750.SH|515210.SH|518880.SH,-0.17524554586851873,0.8420608587619155,neighbor,4,515790.SH,515210.SH
rolling_multi_start_hill,2024-07-01/2024-12-31,2025-01-01/2025-06-30,91,159687.SZ|159825.SZ|159967.SZ|159980.SZ|161226.SZ|164824.SZ|501018.SH|513120.SH|513500.SH|513730.SH|513750.SH|515790.SH|518880.SH,0.20783626916482265,0.791961656573461,neighbor,4,159518.SZ,164824.SZ
rolling_multi_start_hill,2024-07-01/2024-12-31,2025-01-01/2025-06-30,92,159687.SZ|159825.SZ|159967.SZ|159985.SZ|161226.SZ|164824.SZ|501018.SH|513120.SH|513500.SH|513730.SH|513750.SH|515790.SH|518880.SH,-0.03333368886527597,0.791961656573461,neighbor,4,159980.SZ,159985.SZ
rolling_multi_start_hill,2024-07-01/2024-12-31,2025-01-01/2025-06-30,93,159825.SZ|159967.SZ|159980.SZ|161226.SZ|164824.SZ|501018.SH|513120.SH|513400.SH|513500.SH|513730.SH|513750.SH|515790.SH|518880.SH,0.3813868472766428,0.791961656573461,neighbor,4,159687.SZ,513400.SH
rolling_multi_start_hill,2024-07-01/2024-12-31,2025-01-01/2025-06-30,94,159825.SZ|159967.SZ|159980.SZ|161226.SZ|164824.SZ|501018.SH|513120.SH|513400.SH|513500.SH|513750.SH|513880.SH|515790.SH|518880.SH,-0.11422869792527372,0.791961656573461,neighbor,4,513730.SH,513880.SH
rolling_multi_start_hill,2024-07-01/2024-12-31,2025-01-01/2025-06-30,95,159825.SZ|159967.SZ|159980.SZ|159981.SZ|164824.SZ|501018.SH|513120.SH|513400.SH|513500.SH|513730.SH|513750.SH|515790.SH|518880.SH,0.7450397155693178,0.791961656573461,neighbor,4,161226.SZ,159981.SZ
rolling_multi_start_hill,2024-07-01/2024-12-31,2025-01-01/2025-06-30,96,159967.SZ|159980.SZ|159981.SZ|164824.SZ|501018.SH|513120.SH|513400.SH|513500.SH|513730.SH|513750.SH|515790.SH|515880.SH|518880.SH,1.2707384090127143,0.8769205438302886,neighbor,4,159825.SZ,515880.SH
rolling_multi_start_hill,2024-07-01/2024-12-31,2025-01-01/2025-06-30,97,159967.SZ|159980.SZ|159981.SZ|164824.SZ|501018.SH|513080.SH|513120.SH|513500.SH|513730.SH|513750.SH|515790.SH|515880.SH|518880.SH,0.7208995403649959,0.8769205438302886,neighbor,4,513400.SH,513080.SH
rolling_multi_start_hill,2024-07-01/2024-12-31,2025-01-01/2025-06-30,98,159967.SZ|159980.SZ|159981.SZ|164824.SZ|501018.SH|513120.SH|513180.SH|513400.SH|513500.SH|513730.SH|515790.SH|515880.SH|518880.SH,1.3578537067340704,0.8769205438302886,neighbor,4,513750.SH,513180.SH
rolling_multi_start_hill,2024-07-01/2024-12-31,2025-01-01/2025-06-30,99,159852.SZ|159967.SZ|159980.SZ|159981.SZ|164824.SZ|501018.SH|513120.SH|513180.SH|513400.SH|513500.SH|513730.SH|515880.SH|518880.SH,1.7406911501308369,0.8769205438302886,neighbor,4,515790.SH,159852.SZ
rolling_multi_start_hill,2024-07-01/2024-12-31,2025-01-01/2025-06-30,100,159967.SZ|159980.SZ|159981.SZ|164824.SZ|501018.SH|512660.SH|513120.SH|513180.SH|513400.SH|513500.SH|513730.SH|515880.SH|518880.SH,1.543271836082355,0.8769205438302886,neighbor,4,159852.SZ,512660.SH
rolling_multi_start_hill,2025-01-01/2025-06-30,2025-07-01/2025-12-31,1,159518.SZ|159529.SZ|159851.SZ|159865.SZ|159920.SZ|159981.SZ|159985.SZ|160644.SZ|501018.SH|512200.SH|513030.SH|513750.SH|518880.SH,0.018292681003919675,0.9042601594691357,restart,0,,
rolling_multi_start_hill,2025-01-01/2025-06-30,2025-07-01/2025-12-31,2,159518.SZ|159529.SZ|159851.SZ|159865.SZ|159920.SZ|159981.SZ|159985.SZ|160644.SZ|501018.SH|512200.SH|513750.SH|513880.SH|518880.SH,0.08828602340388221,0.9042601594691357,neighbor,0,513030.SH,513880.SH
rolling_multi_start_hill,2025-01-01/2025-06-30,2025-07-01/2025-12-31,3,159518.SZ|159529.SZ|159851.SZ|159865.SZ|159920.SZ|159981.SZ|159985.SZ|160644.SZ|501018.SH|512170.SH|513750.SH|513880.SH|518880.SH,0.0460030318001978,0.9042601594691357,neighbor,0,512200.SH,512170.SH
rolling_multi_start_hill,2025-01-01/2025-06-30,2025-07-01/2025-12-31,4,159518.SZ|159529.SZ|159851.SZ|159865.SZ|159920.SZ|159981.SZ|159985.SZ|160644.SZ|501018.SH|513750.SH|513880.SH|515220.SH|518880.SH,0.2990871650001835,0.9042601594691357,neighbor,0,512200.SH,515220.SH
rolling_multi_start_hill,2025-01-01/2025-06-30,2025-07-01/2025-12-31,5,159201.SZ|159518.SZ|159529.SZ|159851.SZ|159920.SZ|159981.SZ|159985.SZ|160644.SZ|501018.SH|513750.SH|513880.SH|515220.SH|518880.SH,-0.5563150933301181,0.9042601594691357,neighbor,0,159865.SZ,159201.SZ
rolling_multi_start_hill,2025-01-01/2025-06-30,2025-07-01/2025-12-31,6,159518.SZ|159529.SZ|159851.SZ|159865.SZ|159920.SZ|159985.SZ|160644.SZ|161226.SZ|501018.SH|513750.SH|513880.SH|515220.SH|518880.SH,-0.16103552701126253,0.9042601594691357,neighbor,0,159981.SZ,161226.SZ
rolling_multi_start_hill,2025-01-01/2025-06-30,2025-07-01/2025-12-31,7,159509.SZ|159518.SZ|159529.SZ|159851.SZ|159865.SZ|159920.SZ|159981.SZ|159985.SZ|501018.SH|513750.SH|513880.SH|515220.SH|518880.SH,0.6118112892226398,0.9042601594691357,neighbor,0,160644.SZ,159509.SZ
rolling_multi_start_hill,2025-01-01/2025-06-30,2025-07-01/2025-12-31,8,159518.SZ|159529.SZ|159851.SZ|159865.SZ|159920.SZ|159981.SZ|159985.SZ|164824.SZ|501018.SH|513750.SH|513880.SH|515220.SH|518880.SH,-0.15687406657448255,0.9042601594691357,neighbor,0,159509.SZ,164824.SZ
rolling_multi_start_hill,2025-01-01/2025-06-30,2025-07-01/2025-12-31,9,159509.SZ|159518.SZ|159529.SZ|159851.SZ|159865.SZ|159920.SZ|159981.SZ|159985.SZ|501018.SH|513500.SH|513750.SH|515220.SH|518880.SH,0.5879140974386244,0.9127168100554361,neighbor,0,513880.SH,513500.SH
rolling_multi_start_hill,2025-01-01/2025-06-30,2025-07-01/2025-12-31,10,159509.SZ|159518.SZ|159529.SZ|159851.SZ|159865.SZ|159920.SZ|159981.SZ|159985.SZ|501018.SH|513080.SH|513750.SH|515220.SH|518880.SH,0.23520270163070103,0.9042601594691357,neighbor,0,513880.SH,513080.SH
rolling_multi_start_hill,2025-01-01/2025-06-30,2025-07-01/2025-12-31,11,159509.SZ|159518.SZ|159529.SZ|159851.SZ|159865.SZ|159920.SZ|159981.SZ|161226.SZ|501018.SH|513750.SH|513880.SH|515220.SH|518880.SH,0.14574540137896394,0.9042601594691357,neighbor,0,159985.SZ,161226.SZ
rolling_multi_start_hill,2025-01-01/2025-06-30,2025-07-01/2025-12-31,12,159509.SZ|159518.SZ|159529.SZ|159851.SZ|159920.SZ|159981.SZ|159985.SZ|501018.SH|512100.SH|513750.SH|513880.SH|515220.SH|518880.SH,-0.032640175063059794,0.9042601594691357,neighbor,0,159865.SZ,512100.SH
rolling_multi_start_hill,2025-01-01/2025-06-30,2025-07-01/2025-12-31,13,159329.SZ|159509.SZ|159518.SZ|159851.SZ|159865.SZ|159920.SZ|159981.SZ|159985.SZ|501018.SH|513750.SH|513880.SH|515220.SH|518880.SH,-0.6502913809952264,0.9042601594691357,neighbor,0,159529.SZ,159329.SZ
rolling_multi_start_hill,2025-01-01/2025-06-30,2025-07-01/2025-12-31,14,159509.SZ|159518.SZ|159529.SZ|159687.SZ|159851.SZ|159865.SZ|159920.SZ|159981.SZ|159985.SZ|501018.SH|513750.SH|515220.SH|518880.SH,0.4711491903861934,0.9042601594691357,neighbor,0,513880.SH,159687.SZ
rolling_multi_start_hill,2025-01-01/2025-06-30,2025-07-01/2025-12-31,15,159509.SZ|159518.SZ|159529.SZ|159851.SZ|159865.SZ|159920.SZ|159980.SZ|159981.SZ|159985.SZ|513750.SH|513880.SH|515220.SH|518880.SH,0.11605573728844805,0.9042601594691357,neighbor,0,501018.SH,159980.SZ
rolling_multi_start_hill,2025-01-01/2025-06-30,2025-07-01/2025-12-31,16,159509.SZ|159518.SZ|159529.SZ|159851.SZ|159865.SZ|159920.SZ|159980.SZ|159985.SZ|501018.SH|513750.SH|513880.SH|515220.SH|518880.SH,0.3105910007744312,0.9042601594691357,neighbor,0,159981.SZ,159980.SZ
rolling_multi_start_hill,2025-01-01/2025-06-30,2025-07-01/2025-12-31,17,159509.SZ|159518.SZ|159529.SZ|159851.SZ|159865.SZ|159920.SZ|159981.SZ|159985.SZ|501018.SH|513730.SH|513750.SH|515220.SH|518880.SH,0.5729858956453838,0.9042601594691357,neighbor,0,513880.SH,513730.SH
rolling_multi_start_hill,2025-01-01/2025-06-30,2025-07-01/2025-12-31,18,159509.SZ|159518.SZ|159529.SZ|159851.SZ|159865.SZ|159981.SZ|159985.SZ|501018.SH|513180.SH|513750.SH|513880.SH|515220.SH|518880.SH,0.6784799299883341,0.829117026530356,neighbor,0,159920.SZ,513180.SH
rolling_multi_start_hill,2025-01-01/2025-06-30,2025-07-01/2025-12-31,19,159509.SZ|159518.SZ|159529.SZ|159851.SZ|159865.SZ|159981.SZ|159985.SZ|501018.SH|513120.SH|513750.SH|513880.SH|515220.SH|518880.SH,0.7243631635582723,0.7500392681675007,neighbor,0,513180.SH,513120.SH
rolling_multi_start_hill,2025-01-01/2025-06-30,2025-07-01/2025-12-31,20,159509.SZ|159518.SZ|159529.SZ|159851.SZ|159865.SZ|159981.SZ|159985.SZ|501018.SH|513120.SH|513310.SH|513750.SH|515220.SH|518880.SH,0.7701776962342773,0.6617561878523793,neighbor,0,513880.SH,513310.SH
rolling_multi_start_hill,2025-01-01/2025-06-30,2025-07-01/2025-12-31,21,159206.SZ|159529.SZ|159796.SZ|159980.SZ|159981.SZ|159985.SZ|164824.SZ|501018.SH|513120.SH|513290.SH|513730.SH|513750.SH|515880.SH,0.17620014098584535,0.8676683968248857,restart,1,,
rolling_multi_start_hill,2025-01-01/2025-06-30,2025-07-01/2025-12-31,22,159206.SZ|159529.SZ|159796.SZ|159981.SZ|159985.SZ|164824.SZ|501018.SH|513120.SH|513290.SH|513730.SH|513750.SH|515880.SH|518880.SH,1.9122259748349346,0.8676683968248857,neighbor,1,159980.SZ,518880.SH
rolling_multi_start_hill,2025-01-01/2025-06-30,2025-07-01/2025-12-31,23,159529.SZ|159796.SZ|159949.SZ|159981.SZ|159985.SZ|164824.SZ|501018.SH|513120.SH|513290.SH|513730.SH|513750.SH|515880.SH|518880.SH,1.884745632802581,0.862321860816802,neighbor,1,159206.SZ,159949.SZ
rolling_multi_start_hill,2025-01-01/2025-06-30,2025-07-01/2025-12-31,24,159206.SZ|159529.SZ|159796.SZ|159981.SZ|159985.SZ|161226.SZ|164824.SZ|501018.SH|513120.SH|513290.SH|513730.SH|513750.SH|515880.SH,0.13520718952064498,0.8676683968248857,neighbor,1,518880.SH,161226.SZ
rolling_multi_start_hill,2025-01-01/2025-06-30,2025-07-01/2025-12-31,25,159206.SZ|159796.SZ|159981.SZ|159985.SZ|164824.SZ|501018.SH|513030.SH|513120.SH|513290.SH|513730.SH|513750.SH|515880.SH|518880.SH,1.570926080019864,0.8676683968248857,neighbor,1,159529.SZ,513030.SH
rolling_multi_start_hill,2025-01-01/2025-06-30,2025-07-01/2025-12-31,26,159206.SZ|159529.SZ|159796.SZ|159851.SZ|159981.SZ|159985.SZ|164824.SZ|501018.SH|513120.SH|513290.SH|513730.SH|513750.SH|518880.SH,1.2444250401087742,0.8284201101357126,neighbor,1,515880.SH,159851.SZ
rolling_multi_start_hill,2025-01-01/2025-06-30,2025-07-01/2025-12-31,27,159206.SZ|159529.SZ|159796.SZ|159981.SZ|159985.SZ|164824.SZ|501018.SH|513100.SH|513120.SH|513290.SH|513750.SH|515880.SH|518880.SH,1.8105936875427933,0.8676683968248857,neighbor,1,513730.SH,513100.SH
rolling_multi_start_hill,2025-01-01/2025-06-30,2025-07-01/2025-12-31,28,159201.SZ|159206.SZ|159529.SZ|159981.SZ|159985.SZ|164824.SZ|501018.SH|513120.SH|513290.SH|513730.SH|513750.SH|515880.SH|518880.SH,2.036672112541895,0.8676683968248857,neighbor,1,159796.SZ,159201.SZ
rolling_multi_start_hill,2025-01-01/2025-06-30,2025-07-01/2025-12-31,29,159201.SZ|159206.SZ|159529.SZ|159981.SZ|159985.SZ|161226.SZ|164824.SZ|501018.SH|513120.SH|513290.SH|513730.SH|513750.SH|515880.SH,-0.07997092616963293,0.8676683968248857,neighbor,1,518880.SH,161226.SZ
rolling_multi_start_hill,2025-01-01/2025-06-30,2025-07-01/2025-12-31,30,159201.SZ|159206.SZ|159981.SZ|159985.SZ|164824.SZ|501018.SH|513120.SH|513290.SH|513730.SH|513750.SH|513880.SH|515880.SH|518880.SH,1.4241958979758187,0.8676683968248857,neighbor,1,159529.SZ,513880.SH
rolling_multi_start_hill,2025-01-01/2025-06-30,2025-07-01/2025-12-31,31,159201.SZ|159206.SZ|159529.SZ|159981.SZ|159985.SZ|164824.SZ|501018.SH|513070.SH|513290.SH|513730.SH|513750.SH|515880.SH|518880.SH,1.3192240572747043,0.8676683968248857,neighbor,1,513120.SH,513070.SH
rolling_multi_start_hill,2025-01-01/2025-06-30,2025-07-01/2025-12-31,32,159201.SZ|159206.SZ|159529.SZ|159920.SZ|159981.SZ|159985.SZ|164824.SZ|501018.SH|513290.SH|513730.SH|513750.SH|515880.SH|518880.SH,1.381858300301002,0.9042601594691357,neighbor,1,513120.SH,159920.SZ
rolling_multi_start_hill,2025-01-01/2025-06-30,2025-07-01/2025-12-31,33,159201.SZ|159206.SZ|159529.SZ|159687.SZ|159981.SZ|159985.SZ|164824.SZ|501018.SH|513120.SH|513290.SH|513750.SH|515880.SH|518880.SH,1.8453754346462923,0.8676683968248857,neighbor,1,513730.SH,159687.SZ
rolling_multi_start_hill,2025-01-01/2025-06-30,2025-07-01/2025-12-31,34,159201.SZ|159529.SZ|159981.SZ|159985.SZ|164824.SZ|501018.SH|510500.SH|513120.SH|513290.SH|513730.SH|513750.SH|515880.SH|518880.SH,1.6726346850340454,0.8869104403052311,neighbor,1,159206.SZ,510500.SH
rolling_multi_start_hill,2025-01-01/2025-06-30,2025-07-01/2025-12-31,35,159201.SZ|159206.SZ|159529.SZ|159981.SZ|159985.SZ|164824.SZ|501018.SH|513120.SH|513290.SH|513400.SH|513750.SH|515880.SH|518880.SH,2.095162655160094,0.8676683968248857,neighbor,1,513730.SH,513400.SH
rolling_multi_start_hill,2025-01-01/2025-06-30,2025-07-01/2025-12-31,36,159206.SZ|159529.SZ|159981.SZ|159985.SZ|164824.SZ|501018.SH|512170.SH|513120.SH|513290.SH|513400.SH|513750.SH|515880.SH|518880.SH,1.846549509579653,0.8676683968248857,neighbor,1,159201.SZ,512170.SH
rolling_multi_start_hill,2025-01-01/2025-06-30,2025-07-01/2025-12-31,37,159201.SZ|159206.SZ|159529.SZ|159981.SZ|161226.SZ|164824.SZ|501018.SH|513120.SH|513290.SH|513400.SH|513750.SH|515880.SH|518880.SH,1.5314085870739886,0.8676683968248857,neighbor,1,159985.SZ,161226.SZ
rolling_multi_start_hill,2025-01-01/2025-06-30,2025-07-01/2025-12-31,38,159201.SZ|159206.SZ|159529.SZ|159981.SZ|159985.SZ|501018.SH|513120.SH|513290.SH|513310.SH|513400.SH|513750.SH|515880.SH|518880.SH,1.3777142120257033,0.8676683968248857,neighbor,1,164824.SZ,513310.SH
rolling_multi_start_hill,2025-01-01/2025-06-30,2025-07-01/2025-12-31,39,159201.SZ|159206.SZ|159529.SZ|159985.SZ|161226.SZ|164824.SZ|501018.SH|513120.SH|513290.SH|513400.SH|513750.SH|515880.SH|518880.SH,1.7170987623819096,0.8676683968248857,neighbor,1,159981.SZ,161226.SZ
rolling_multi_start_hill,2025-01-01/2025-06-30,2025-07-01/2025-12-31,40,159201.SZ|159206.SZ|159529.SZ|159981.SZ|159985.SZ|164824.SZ|501018.SH|513030.SH|513120.SH|513400.SH|513750.SH|515880.SH|518880.SH,1.5105991646896124,0.8676683968248857,neighbor,1,513290.SH,513030.SH
rolling_multi_start_hill,2025-01-01/2025-06-30,2025-07-01/2025-12-31,41,159687.SZ|159981.SZ|159985.SZ|160644.SZ|161226.SZ|510300.SH|513080.SH|513120.SH|513180.SH|513500.SH|515210.SH|516150.SH|518880.SH,0.09698040088491772,0.7265858044313082,restart,2,,
rolling_multi_start_hill,2025-01-01/2025-06-30,2025-07-01/2025-12-31,42,159981.SZ|159985.SZ|160644.SZ|161226.SZ|510300.SH|513080.SH|513120.SH|513180.SH|513500.SH|513730.SH|515210.SH|516150.SH|518880.SH,0.5923189874436395,0.8489591242734664,neighbor,2,159687.SZ,513730.SH
rolling_multi_start_hill,2025-01-01/2025-06-30,2025-07-01/2025-12-31,43,159980.SZ|159985.SZ|160644.SZ|161226.SZ|510300.SH|513080.SH|513120.SH|513180.SH|513500.SH|513730.SH|515210.SH|516150.SH|518880.SH,0.542587347104597,0.8489591242734664,neighbor,2,159981.SZ,159980.SZ
rolling_multi_start_hill,2025-01-01/2025-06-30,2025-07-01/2025-12-31,44,159687.SZ|159981.SZ|159985.SZ|160644.SZ|161226.SZ|510300.SH|513120.SH|513180.SH|513500.SH|513730.SH|515210.SH|516150.SH|518880.SH,0.42034055625333794,0.8489591242734664,neighbor,2,513080.SH,159687.SZ
rolling_multi_start_hill,2025-01-01/2025-06-30,2025-07-01/2025-12-31,45,159967.SZ|159981.SZ|159985.SZ|160644.SZ|161226.SZ|510300.SH|513080.SH|513120.SH|513180.SH|513500.SH|513730.SH|516150.SH|518880.SH,0.5775497698331074,0.864585663202432,neighbor,2,515210.SH,159967.SZ
rolling_multi_start_hill,2025-01-01/2025-06-30,2025-07-01/2025-12-31,46,159967.SZ|159981.SZ|159985.SZ|160644.SZ|161226.SZ|513080.SH|513120.SH|513180.SH|513500.SH|513730.SH|515210.SH|516150.SH|518880.SH,0.5466971855780246,0.8489591242734664,neighbor,2,510300.SH,159967.SZ
rolling_multi_start_hill,2025-01-01/2025-06-30,2025-07-01/2025-12-31,47,159766.SZ|159981.SZ|159985.SZ|160644.SZ|161226.SZ|510300.SH|513080.SH|513120.SH|513180.SH|513500.SH|513730.SH|515210.SH|518880.SH,0.9555645031481733,0.8489591242734664,neighbor,2,516150.SH,159766.SZ
rolling_multi_start_hill,2025-01-01/2025-06-30,2025-07-01/2025-12-31,48,159766.SZ|159981.SZ|159985.SZ|160644.SZ|161226.SZ|510300.SH|513070.SH|513080.SH|513120.SH|513500.SH|513730.SH|515210.SH|518880.SH,0.8350492101044035,0.8489591242734664,neighbor,2,513180.SH,513070.SH
rolling_multi_start_hill,2025-01-01/2025-06-30,2025-07-01/2025-12-31,49,159852.SZ|159981.SZ|159985.SZ|160644.SZ|161226.SZ|510300.SH|513080.SH|513120.SH|513180.SH|513500.SH|513730.SH|515210.SH|518880.SH,0.5260039674146102,0.8489591242734664,neighbor,2,159766.SZ,159852.SZ
rolling_multi_start_hill,2025-01-01/2025-06-30,2025-07-01/2025-12-31,50,159766.SZ|159949.SZ|159981.SZ|159985.SZ|160644.SZ|161226.SZ|513080.SH|513120.SH|513180.SH|513500.SH|513730.SH|515210.SH|518880.SH,0.9946779326029681,0.8489591242734664,neighbor,2,510300.SH,159949.SZ
rolling_multi_start_hill,2025-01-01/2025-06-30,2025-07-01/2025-12-31,51,159766.SZ|159949.SZ|159980.SZ|159985.SZ|160644.SZ|161226.SZ|513080.SH|513120.SH|513180.SH|513500.SH|513730.SH|515210.SH|518880.SH,0.46470216712603496,0.8489591242734664,neighbor,2,159981.SZ,159980.SZ
rolling_multi_start_hill,2025-01-01/2025-06-30,2025-07-01/2025-12-31,52,159766.SZ|159949.SZ|159981.SZ|159985.SZ|160644.SZ|161226.SZ|513080.SH|513120.SH|513180.SH|513400.SH|513730.SH|515210.SH|518880.SH,0.8999430832030253,0.7844473400812552,neighbor,2,513500.SH,513400.SH
rolling_multi_start_hill,2025-01-01/2025-06-30,2025-07-01/2025-12-31,53,159766.SZ|159949.SZ|159981.SZ|159985.SZ|160644.SZ|161226.SZ|510880.SH|513080.SH|513120.SH|513180.SH|513500.SH|513730.SH|518880.SH,0.45179096519508616,0.8489591242734664,neighbor,2,515210.SH,510880.SH
rolling_multi_start_hill,2025-01-01/2025-06-30,2025-07-01/2025-12-31,54,159687.SZ|159766.SZ|159949.SZ|159981.SZ|159985.SZ|160644.SZ|161226.SZ|513080.SH|513120.SH|513180.SH|513500.SH|515210.SH|518880.SH,0.4618066190675572,0.7265858044313082,neighbor,2,513730.SH,159687.SZ
rolling_multi_start_hill,2025-01-01/2025-06-30,2025-07-01/2025-12-31,55,159766.SZ|159949.SZ|159980.SZ|159981.SZ|159985.SZ|160644.SZ|513080.SH|513120.SH|513180.SH|513500.SH|513730.SH|515210.SH|518880.SH,0.5501128488296478,0.8489591242734664,neighbor,2,161226.SZ,159980.SZ
rolling_multi_start_hill,2025-01-01/2025-06-30,2025-07-01/2025-12-31,56,159766.SZ|159949.SZ|159981.SZ|159985.SZ|160644.SZ|161226.SZ|513080.SH|513120.SH|513180.SH|513290.SH|513730.SH|515210.SH|518880.SH,0.856992435283331,0.7282420618134918,neighbor,2,513500.SH,513290.SH
rolling_multi_start_hill,2025-01-01/2025-06-30,2025-07-01/2025-12-31,57,159529.SZ|159766.SZ|159949.SZ|159981.SZ|159985.SZ|160644.SZ|161226.SZ|513080.SH|513120.SH|513180.SH|513500.SH|515210.SH|518880.SH,0.38333084903554904,0.7265858044313082,neighbor,2,513730.SH,159529.SZ
rolling_multi_start_hill,2025-01-01/2025-06-30,2025-07-01/2025-12-31,58,159518.SZ|159766.SZ|159949.SZ|159981.SZ|159985.SZ|160644.SZ|161226.SZ|513080.SH|513120.SH|513180.SH|513500.SH|515210.SH|518880.SH,-0.5060334286321686,0.7265858044313082,neighbor,2,513730.SH,159518.SZ
rolling_multi_start_hill,2025-01-01/2025-06-30,2025-07-01/2025-12-31,59,159766.SZ|159949.SZ|159981.SZ|159985.SZ|160644.SZ|161226.SZ|513080.SH|513120.SH|513180.SH|513500.SH|513730.SH|515790.SH|518880.SH,1.1050923113712248,0.8507383796519583,neighbor,2,515210.SH,515790.SH
rolling_multi_start_hill,2025-01-01/2025-06-30,2025-07-01/2025-12-31,60,159766.SZ|159981.SZ|159985.SZ|160644.SZ|161226.SZ|512980.SH|513080.SH|513120.SH|513180.SH|513500.SH|513730.SH|515790.SH|518880.SH,0.9005974782871942,0.8489591242734664,neighbor,2,159949.SZ,512980.SH
rolling_multi_start_hill,2025-01-01/2025-06-30,2025-07-01/2025-12-31,61,159326.SZ|159518.SZ|159766.SZ|159981.SZ|159985.SZ|501018.SH|513100.SH|513180.SH|513310.SH|513400.SH|513750.SH|515880.SH|518880.SH,0.9399127698758803,0.8896514833819045,restart,3,,
rolling_multi_start_hill,2025-01-01/2025-06-30,2025-07-01/2025-12-31,62,159326.SZ|159518.SZ|159766.SZ|159981.SZ|159985.SZ|501018.SH|513100.SH|513180.SH|513310.SH|513400.SH|513750.SH|516150.SH|518880.SH,0.3513981925290236,0.8896514833819045,neighbor,3,515880.SH,516150.SH
rolling_multi_start_hill,2025-01-01/2025-06-30,2025-07-01/2025-12-31,63,159326.SZ|159518.SZ|159766.SZ|159980.SZ|159981.SZ|501018.SH|513100.SH|513180.SH|513310.SH|513400.SH|513750.SH|515880.SH|518880.SH,0.704763692415271,0.8896514833819045,neighbor,3,159985.SZ,159980.SZ
rolling_multi_start_hill,2025-01-01/2025-06-30,2025-07-01/2025-12-31,64,159518.SZ|159766.SZ|159928.SZ|159981.SZ|159985.SZ|501018.SH|513100.SH|513180.SH|513310.SH|513400.SH|513750.SH|515880.SH|518880.SH,0.9279179922130468,0.8896514833819045,neighbor,3,159326.SZ,159928.SZ
rolling_multi_start_hill,2025-01-01/2025-06-30,2025-07-01/2025-12-31,65,159326.SZ|159766.SZ|159981.SZ|159985.SZ|164824.SZ|501018.SH|513100.SH|513180.SH|513310.SH|513400.SH|513750.SH|515880.SH|518880.SH,1.4035730301856928,0.8896514833819045,neighbor,3,159518.SZ,164824.SZ
rolling_multi_start_hill,2025-01-01/2025-06-30,2025-07-01/2025-12-31,66,159326.SZ|159766.SZ|159920.SZ|159981.SZ|159985.SZ|164824.SZ|501018.SH|513100.SH|513310.SH|513400.SH|513750.SH|515880.SH|518880.SH,1.6755068493505763,0.9042601594691357,neighbor,3,513180.SH,159920.SZ
rolling_multi_start_hill,2025-01-01/2025-06-30,2025-07-01/2025-12-31,67,159206.SZ|159326.SZ|159920.SZ|159981.SZ|159985.SZ|164824.SZ|501018.SH|513100.SH|513310.SH|513400.SH|513750.SH|515880.SH|518880.SH,1.2924712377967225,0.9042601594691357,neighbor,3,159766.SZ,159206.SZ
rolling_multi_start_hill,2025-01-01/2025-06-30,2025-07-01/2025-12-31,68,159326.SZ|159766.SZ|159920.SZ|159981.SZ|159985.SZ|161226.SZ|164824.SZ|513100.SH|513310.SH|513400.SH|513750.SH|515880.SH|518880.SH,1.6552600895760228,0.9042601594691357,neighbor,3,501018.SH,161226.SZ
rolling_multi_start_hill,2025-01-01/2025-06-30,2025-07-01/2025-12-31,69,159326.SZ|159766.SZ|159920.SZ|159980.SZ|159981.SZ|159985.SZ|164824.SZ|501018.SH|513100.SH|513310.SH|513400.SH|513750.SH|515880.SH,0.028423849183416332,0.9042601594691357,neighbor,3,518880.SH,159980.SZ
rolling_multi_start_hill,2025-01-01/2025-06-30,2025-07-01/2025-12-31,70,159326.SZ|159766.SZ|159920.SZ|159981.SZ|159985.SZ|164824.SZ|501018.SH|513310.SH|513400.SH|513750.SH|513880.SH|515880.SH|518880.SH,1.6317640803537958,0.9042601594691357,neighbor,3,513100.SH,513880.SH
rolling_multi_start_hill,2025-01-01/2025-06-30,2025-07-01/2025-12-31,71,159766.SZ|159920.SZ|159981.SZ|159985.SZ|164824.SZ|501018.SH|510880.SH|513100.SH|513310.SH|513400.SH|513750.SH|515880.SH|518880.SH,1.5528226985044966,0.9042601594691357,neighbor,3,159326.SZ,510880.SH
rolling_multi_start_hill,2025-01-01/2025-06-30,2025-07-01/2025-12-31,72,159326.SZ|159766.SZ|159920.SZ|159981.SZ|159985.SZ|501018.SH|513100.SH|513310.SH|513400.SH|513750.SH|513880.SH|515880.SH|518880.SH,1.5848733049113712,0.9042601594691357,neighbor,3,164824.SZ,513880.SH
rolling_multi_start_hill,2025-01-01/2025-06-30,2025-07-01/2025-12-31,73,159326.SZ|159766.SZ|159920.SZ|159980.SZ|159981.SZ|164824.SZ|501018.SH|513100.SH|513310.SH|513400.SH|513750.SH|515880.SH|518880.SH,0.8515542216616614,0.9042601594691357,neighbor,3,159985.SZ,159980.SZ
rolling_multi_start_hill,2025-01-01/2025-06-30,2025-07-01/2025-12-31,74,159326.SZ|159766.SZ|159981.SZ|159985.SZ|164824.SZ|501018.SH|513100.SH|513120.SH|513310.SH|513400.SH|513750.SH|515880.SH|518880.SH,1.7118501367815582,0.8896514833819045,neighbor,3,159920.SZ,513120.SH
rolling_multi_start_hill,2025-01-01/2025-06-30,2025-07-01/2025-12-31,75,159326.SZ|159766.SZ|159981.SZ|159985.SZ|164824.SZ|501018.SH|513030.SH|513120.SH|513310.SH|513400.SH|513750.SH|515880.SH|518880.SH,1.3367820527470649,0.741337693738796,neighbor,3,513100.SH,513030.SH
rolling_multi_start_hill,2025-01-01/2025-06-30,2025-07-01/2025-12-31,76,159326.SZ|159766.SZ|159981.SZ|159985.SZ|164824.SZ|501018.SH|513070.SH|513100.SH|513310.SH|513400.SH|513750.SH|515880.SH|518880.SH,1.5494372685468483,0.8896514833819045,neighbor,3,513120.SH,513070.SH
rolling_multi_start_hill,2025-01-01/2025-06-30,2025-07-01/2025-12-31,77,159326.SZ|159611.SZ|159981.SZ|159985.SZ|164824.SZ|501018.SH|513100.SH|513120.SH|513310.SH|513400.SH|513750.SH|515880.SH|518880.SH,2.1343124561817723,0.8896514833819045,neighbor,3,159766.SZ,159611.SZ
rolling_multi_start_hill,2025-01-01/2025-06-30,2025-07-01/2025-12-31,78,159326.SZ|159529.SZ|159611.SZ|159981.SZ|159985.SZ|164824.SZ|501018.SH|513100.SH|513120.SH|513400.SH|513750.SH|515880.SH|518880.SH,2.116113840162399,0.8896514833819045,neighbor,3,513310.SH,159529.SZ
rolling_multi_start_hill,2025-01-01/2025-06-30,2025-07-01/2025-12-31,79,159326.SZ|159611.SZ|159981.SZ|159985.SZ|164824.SZ|501018.SH|513030.SH|513100.SH|513120.SH|513310.SH|513750.SH|515880.SH|518880.SH,1.9260599260591758,0.741337693738796,neighbor,3,513400.SH,513030.SH
rolling_multi_start_hill,2025-01-01/2025-06-30,2025-07-01/2025-12-31,80,159326.SZ|159611.SZ|159981.SZ|159985.SZ|164824.SZ|501018.SH|510050.SH|513100.SH|513120.SH|513310.SH|513400.SH|513750.SH|518880.SH,1.5770044310131712,0.8896514833819045,neighbor,3,515880.SH,510050.SH
rolling_multi_start_hill,2025-01-01/2025-06-30,2025-07-01/2025-12-31,81,159851.SZ|159920.SZ|159980.SZ|159985.SZ|164824.SZ|501018.SH|512980.SH|513030.SH|513400.SH|513750.SH|513880.SH|518880.SH|562500.SH,0.3843321951661586,0.9042601594691357,restart,4,,
rolling_multi_start_hill,2025-01-01/2025-06-30,2025-07-01/2025-12-31,82,159329.SZ|159851.SZ|159920.SZ|159980.SZ|159985.SZ|164824.SZ|501018.SH|512980.SH|513400.SH|513750.SH|513880.SH|518880.SH|562500.SH,1.0118754521472795,0.9042601594691357,neighbor,4,513030.SH,159329.SZ
rolling_multi_start_hill,2025-01-01/2025-06-30,2025-07-01/2025-12-31,83,159329.SZ|159851.SZ|159920.SZ|159980.SZ|159985.SZ|161226.SZ|164824.SZ|501018.SH|512980.SH|513400.SH|513750.SH|513880.SH|562500.SH,-0.2769891486601895,0.9042601594691357,neighbor,4,518880.SH,161226.SZ
rolling_multi_start_hill,2025-01-01/2025-06-30,2025-07-01/2025-12-31,84,159329.SZ|159851.SZ|159920.SZ|159981.SZ|159985.SZ|164824.SZ|501018.SH|512980.SH|513400.SH|513750.SH|513880.SH|518880.SH|562500.SH,0.25784798553562527,0.9042601594691357,neighbor,4,159980.SZ,159981.SZ
rolling_multi_start_hill,2025-01-01/2025-06-30,2025-07-01/2025-12-31,85,159329.SZ|159852.SZ|159920.SZ|159980.SZ|159985.SZ|164824.SZ|501018.SH|512980.SH|513400.SH|513750.SH|513880.SH|518880.SH|562500.SH,0.8411494260423282,0.9042601594691357,neighbor,4,159851.SZ,159852.SZ
rolling_multi_start_hill,2025-01-01/2025-06-30,2025-07-01/2025-12-31,86,159329.SZ|159920.SZ|159980.SZ|159985.SZ|164824.SZ|501018.SH|512980.SH|513400.SH|513750.SH|513880.SH|518880.SH|562500.SH|588220.SH,0.9999074763262845,0.9042601594691357,neighbor,4,159851.SZ,588220.SH
rolling_multi_start_hill,2025-01-01/2025-06-30,2025-07-01/2025-12-31,87,159329.SZ|159851.SZ|159920.SZ|159980.SZ|159985.SZ|164824.SZ|501018.SH|512980.SH|513120.SH|513400.SH|513880.SH|518880.SH|562500.SH,0.9073018044995954,0.832730832055089,neighbor,4,513750.SH,513120.SH
rolling_multi_start_hill,2025-01-01/2025-06-30,2025-07-01/2025-12-31,88,159329.SZ|159851.SZ|159920.SZ|159980.SZ|159981.SZ|164824.SZ|501018.SH|512980.SH|513400.SH|513750.SH|513880.SH|518880.SH|562500.SH,1.2932914342949016,0.9042601594691357,neighbor,4,159985.SZ,159981.SZ
rolling_multi_start_hill,2025-01-01/2025-06-30,2025-07-01/2025-12-31,89,159329.SZ|159851.SZ|159920.SZ|159980.SZ|159981.SZ|164824.SZ|501018.SH|513400.SH|513750.SH|513880.SH|518880.SH|562500.SH|588000.SH,1.0376373513583184,0.9042601594691357,neighbor,4,512980.SH,588000.SH
rolling_multi_start_hill,2025-01-01/2025-06-30,2025-07-01/2025-12-31,90,159329.SZ|159518.SZ|159851.SZ|159920.SZ|159980.SZ|159981.SZ|164824.SZ|501018.SH|512980.SH|513400.SH|513750.SH|518880.SH|562500.SH,0.6837950348779255,0.9042601594691357,neighbor,4,513880.SH,159518.SZ
rolling_multi_start_hill,2025-01-01/2025-06-30,2025-07-01/2025-12-31,91,159329.SZ|159851.SZ|159920.SZ|159980.SZ|159981.SZ|164824.SZ|501018.SH|512980.SH|513120.SH|513400.SH|513880.SH|518880.SH|562500.SH,1.1183924718735283,0.832730832055089,neighbor,4,513750.SH,513120.SH
rolling_multi_start_hill,2025-01-01/2025-06-30,2025-07-01/2025-12-31,92,159329.SZ|159920.SZ|159928.SZ|159980.SZ|159981.SZ|164824.SZ|501018.SH|512980.SH|513400.SH|513750.SH|513880.SH|518880.SH|562500.SH,1.5638174382616303,0.9042601594691357,neighbor,4,159851.SZ,159928.SZ
rolling_multi_start_hill,2025-01-01/2025-06-30,2025-07-01/2025-12-31,93,159920.SZ|159928.SZ|159980.SZ|159981.SZ|164824.SZ|501018.SH|512980.SH|513290.SH|513400.SH|513750.SH|513880.SH|518880.SH|562500.SH,0.6205898552209029,0.9042601594691357,neighbor,4,159329.SZ,513290.SH
rolling_multi_start_hill,2025-01-01/2025-06-30,2025-07-01/2025-12-31,94,159329.SZ|159920.SZ|159928.SZ|159980.SZ|159981.SZ|161226.SZ|164824.SZ|501018.SH|512980.SH|513400.SH|513750.SH|513880.SH|562500.SH,0.0667468990694079,0.9042601594691357,neighbor,4,518880.SH,161226.SZ
rolling_multi_start_hill,2025-01-01/2025-06-30,2025-07-01/2025-12-31,95,159329.SZ|159928.SZ|159980.SZ|159981.SZ|164824.SZ|501018.SH|512980.SH|513180.SH|513400.SH|513750.SH|513880.SH|518880.SH|562500.SH,1.4525276299261434,0.829117026530356,neighbor,4,159920.SZ,513180.SH
rolling_multi_start_hill,2025-01-01/2025-06-30,2025-07-01/2025-12-31,96,159329.SZ|159920.SZ|159928.SZ|159949.SZ|159980.SZ|159981.SZ|164824.SZ|501018.SH|512980.SH|513400.SH|513750.SH|513880.SH|518880.SH,1.3920144715599778,0.9042601594691357,neighbor,4,562500.SH,159949.SZ
rolling_multi_start_hill,2025-01-01/2025-06-30,2025-07-01/2025-12-31,97,159920.SZ|159928.SZ|159980.SZ|159981.SZ|164824.SZ|501018.SH|512980.SH|513400.SH|513730.SH|513750.SH|513880.SH|518880.SH|562500.SH,0.956667401502515,0.9042601594691357,neighbor,4,159329.SZ,513730.SH
rolling_multi_start_hill,2025-01-01/2025-06-30,2025-07-01/2025-12-31,98,159329.SZ|159920.SZ|159928.SZ|159980.SZ|159981.SZ|164824.SZ|501018.SH|512980.SH|513120.SH|513400.SH|513880.SH|518880.SH|562500.SH,1.4691241832399415,0.8081858331791523,neighbor,4,513750.SH,513120.SH
rolling_multi_start_hill,2025-01-01/2025-06-30,2025-07-01/2025-12-31,99,159329.SZ|159529.SZ|159920.SZ|159928.SZ|159980.SZ|159981.SZ|501018.SH|512980.SH|513400.SH|513750.SH|513880.SH|518880.SH|562500.SH,0.7193967738637554,0.9042601594691357,neighbor,4,164824.SZ,159529.SZ
rolling_multi_start_hill,2025-01-01/2025-06-30,2025-07-01/2025-12-31,100,159329.SZ|159687.SZ|159920.SZ|159928.SZ|159980.SZ|159981.SZ|164824.SZ|501018.SH|512980.SH|513400.SH|513750.SH|518880.SH|562500.SH,1.2400987625233022,0.9042601594691357,neighbor,4,513880.SH,159687.SZ
rolling_multi_start_hill,2025-07-01/2025-12-31,2026-01-01/2026-06-30,1,159980.SZ|159985.SZ|161226.SZ|513070.SH|513100.SH|513180.SH|513290.SH|513400.SH|513730.SH|515210.SH|515790.SH|515880.SH|518880.SH,2.969790127799634,0.830842807816761,restart,0,,
rolling_multi_start_hill,2025-07-01/2025-12-31,2026-01-01/2026-06-30,2,159980.SZ|159985.SZ|161226.SZ|510050.SH|513070.SH|513100.SH|513180.SH|513290.SH|513400.SH|513730.SH|515210.SH|515880.SH|518880.SH,2.564904688847354,0.830842807816761,neighbor,0,515790.SH,510050.SH
rolling_multi_start_hill,2025-07-01/2025-12-31,2026-01-01/2026-06-30,3,159980.SZ|159985.SZ|161226.SZ|510210.SH|513070.SH|513100.SH|513180.SH|513290.SH|513400.SH|513730.SH|515210.SH|515880.SH|518880.SH,3.1592115160860192,0.830842807816761,neighbor,0,515790.SH,510210.SH
rolling_multi_start_hill,2025-07-01/2025-12-31,2026-01-01/2026-06-30,4,159980.SZ|159985.SZ|161226.SZ|501018.SH|510210.SH|513070.SH|513100.SH|513180.SH|513290.SH|513400.SH|513730.SH|515210.SH|515880.SH,3.1601981787650453,0.830842807816761,neighbor,0,518880.SH,501018.SH
rolling_multi_start_hill,2025-07-01/2025-12-31,2026-01-01/2026-06-30,5,159980.SZ|159985.SZ|161226.SZ|164824.SZ|501018.SH|510210.SH|513070.SH|513100.SH|513180.SH|513400.SH|513730.SH|515210.SH|515880.SH,2.8341100625084596,0.830842807816761,neighbor,0,513290.SH,164824.SZ
rolling_multi_start_hill,2025-07-01/2025-12-31,2026-01-01/2026-06-30,6,159980.SZ|159985.SZ|161226.SZ|501018.SH|510210.SH|513070.SH|513100.SH|513180.SH|513310.SH|513400.SH|513730.SH|515210.SH|515880.SH,3.460025118679609,0.830842807816761,neighbor,0,513290.SH,513310.SH
rolling_multi_start_hill,2025-07-01/2025-12-31,2026-01-01/2026-06-30,7,159980.SZ|159985.SZ|161226.SZ|501018.SH|510210.SH|513070.SH|513080.SH|513100.SH|513180.SH|513400.SH|513730.SH|515210.SH|515880.SH,2.9111065772049316,0.830842807816761,neighbor,0,513310.SH,513080.SH
rolling_multi_start_hill,2025-07-01/2025-12-31,2026-01-01/2026-06-30,8,159509.SZ|159980.SZ|159985.SZ|161226.SZ|501018.SH|510210.SH|513070.SH|513180.SH|513310.SH|513400.SH|513730.SH|515210.SH|515880.SH,3.4502965478181773,0.830842807816761,neighbor,0,513100.SH,159509.SZ
rolling_multi_start_hill,2025-07-01/2025-12-31,2026-01-01/2026-06-30,9,159865.SZ|159980.SZ|159985.SZ|161226.SZ|501018.SH|510210.SH|513070.SH|513100.SH|513180.SH|513310.SH|513400.SH|513730.SH|515880.SH,3.4291472922393473,0.830842807816761,neighbor,0,515210.SH,159865.SZ
rolling_multi_start_hill,2025-07-01/2025-12-31,2026-01-01/2026-06-30,10,159980.SZ|159985.SZ|160644.SZ|161226.SZ|501018.SH|510210.SH|513070.SH|513100.SH|513180.SH|513310.SH|513730.SH|515210.SH|515880.SH,3.129913717838932,0.830842807816761,neighbor,0,513400.SH,160644.SZ
rolling_multi_start_hill,2025-07-01/2025-12-31,2026-01-01/2026-06-30,11,159518.SZ|159980.SZ|159985.SZ|161226.SZ|501018.SH|510210.SH|513070.SH|513100.SH|513180.SH|513310.SH|513730.SH|515210.SH|515880.SH,3.3780478069009625,0.830842807816761,neighbor,0,513400.SH,159518.SZ
rolling_multi_start_hill,2025-07-01/2025-12-31,2026-01-01/2026-06-30,12,159980.SZ|159985.SZ|161226.SZ|501018.SH|510210.SH|513070.SH|513100.SH|513180.SH|513290.SH|513310.SH|513730.SH|515210.SH|515880.SH,3.3638509295900794,0.830842807816761,neighbor,0,513400.SH,513290.SH
rolling_multi_start_hill,2025-07-01/2025-12-31,2026-01-01/2026-06-30,13,159980.SZ|159985.SZ|161226.SZ|501018.SH|510210.SH|512400.SH|513070.SH|513100.SH|513180.SH|513310.SH|513400.SH|513730.SH|515210.SH,2.5437129620112855,0.830842807816761,neighbor,0,515880.SH,512400.SH
rolling_multi_start_hill,2025-07-01/2025-12-31,2026-01-01/2026-06-30,14,159980.SZ|161226.SZ|501018.SH|510210.SH|513070.SH|513100.SH|513180.SH|513310.SH|513400.SH|513730.SH|515210.SH|515880.SH|518880.SH,3.1630082540755198,0.830842807816761,neighbor,0,159985.SZ,518880.SH
rolling_multi_start_hill,2025-07-01/2025-12-31,2026-01-01/2026-06-30,15,159329.SZ|159980.SZ|159985.SZ|161226.SZ|501018.SH|510210.SH|513070.SH|513100.SH|513180.SH|513310.SH|513730.SH|515210.SH|515880.SH,3.2690638203001976,0.830842807816761,neighbor,0,513400.SH,159329.SZ
rolling_multi_start_hill,2025-07-01/2025-12-31,2026-01-01/2026-06-30,16,159529.SZ|159980.SZ|159985.SZ|161226.SZ|501018.SH|510210.SH|513070.SH|513100.SH|513180.SH|513400.SH|513730.SH|515210.SH|515880.SH,3.152096593366913,0.830842807816761,neighbor,0,513310.SH,159529.SZ
rolling_multi_start_hill,2025-07-01/2025-12-31,2026-01-01/2026-06-30,17,159980.SZ|159985.SZ|161226.SZ|501018.SH|510210.SH|513070.SH|513100.SH|513120.SH|513310.SH|513400.SH|513730.SH|515210.SH|515880.SH,3.4276988768649885,0.7210958925798221,neighbor,0,513180.SH,513120.SH
rolling_multi_start_hill,2025-07-01/2025-12-31,2026-01-01/2026-06-30,18,159980.SZ|159981.SZ|159985.SZ|501018.SH|510210.SH|513070.SH|513100.SH|513180.SH|513310.SH|513400.SH|513730.SH|515210.SH|515880.SH,2.5740486958503053,0.830842807816761,neighbor,0,161226.SZ,159981.SZ
rolling_multi_start_hill,2025-07-01/2025-12-31,2026-01-01/2026-06-30,19,159985.SZ|161226.SZ|501018.SH|510210.SH|513070.SH|513100.SH|513180.SH|513310.SH|513400.SH|513730.SH|515210.SH|515880.SH|518880.SH,2.7063742886053532,0.830842807816761,neighbor,0,159980.SZ,518880.SH
rolling_multi_start_hill,2025-07-01/2025-12-31,2026-01-01/2026-06-30,20,159980.SZ|159985.SZ|161226.SZ|501018.SH|510210.SH|513070.SH|513080.SH|513100.SH|513180.SH|513310.SH|513400.SH|515210.SH|515880.SH,3.1691802830180227,0.830842807816761,neighbor,0,513730.SH,513080.SH
rolling_multi_start_hill,2025-07-01/2025-12-31,2026-01-01/2026-06-30,21,159326.SZ|159687.SZ|159865.SZ|159980.SZ|159981.SZ|159985.SZ|161226.SZ|510300.SH|513030.SH|513070.SH|513120.SH|513290.SH|513880.SH,2.296647738417715,0.6765912594150043,restart,1,,
rolling_multi_start_hill,2025-07-01/2025-12-31,2026-01-01/2026-06-30,22,159687.SZ|159865.SZ|159980.SZ|159981.SZ|159985.SZ|161226.SZ|510300.SH|512890.SH|513030.SH|513070.SH|513120.SH|513290.SH|513880.SH,2.1725722068081774,0.6572220276880232,neighbor,1,159326.SZ,512890.SH
rolling_multi_start_hill,2025-07-01/2025-12-31,2026-01-01/2026-06-30,23,159326.SZ|159687.SZ|159980.SZ|159981.SZ|159985.SZ|161226.SZ|510300.SH|512170.SH|513030.SH|513070.SH|513120.SH|513290.SH|513880.SH,2.509873729684442,0.6765912594150043,neighbor,1,159865.SZ,512170.SH
rolling_multi_start_hill,2025-07-01/2025-12-31,2026-01-01/2026-06-30,24,159326.SZ|159687.SZ|159980.SZ|159981.SZ|159985.SZ|161226.SZ|510300.SH|512170.SH|513030.SH|513070.SH|513080.SH|513120.SH|513290.SH,2.3480418256576696,0.8206353307771239,neighbor,1,513880.SH,513080.SH
rolling_multi_start_hill,2025-07-01/2025-12-31,2026-01-01/2026-06-30,25,159326.SZ|159687.SZ|159980.SZ|159981.SZ|159985.SZ|161226.SZ|512170.SH|512880.SH|513030.SH|513070.SH|513120.SH|513290.SH|513880.SH,2.109742578961933,0.6572220276880232,neighbor,1,510300.SH,512880.SH
rolling_multi_start_hill,2025-07-01/2025-12-31,2026-01-01/2026-06-30,26,159326.SZ|159980.SZ|159981.SZ|159985.SZ|161226.SZ|510300.SH|512170.SH|513030.SH|513070.SH|513120.SH|513290.SH|513500.SH|513880.SH,2.270843082257171,0.6765912594150043,neighbor,1,159687.SZ,513500.SH
rolling_multi_start_hill,2025-07-01/2025-12-31,2026-01-01/2026-06-30,27,159326.SZ|159687.SZ|159980.SZ|159981.SZ|159985.SZ|510300.SH|512170.SH|513030.SH|513070.SH|513120.SH|513290.SH|513880.SH|518880.SH,2.008531485546374,0.6765912594150043,neighbor,1,161226.SZ,518880.SH
rolling_multi_start_hill,2025-07-01/2025-12-31,2026-01-01/2026-06-30,28,159326.SZ|159518.SZ|159980.SZ|159981.SZ|159985.SZ|161226.SZ|510300.SH|512170.SH|513030.SH|513070.SH|513120.SH|513290.SH|513880.SH,2.6401737586132157,0.6765912594150043,neighbor,1,159687.SZ,159518.SZ
rolling_multi_start_hill,2025-07-01/2025-12-31,2026-01-01/2026-06-30,29,159518.SZ|159980.SZ|159981.SZ|159985.SZ|161226.SZ|510300.SH|512170.SH|513030.SH|513070.SH|513120.SH|513290.SH|513880.SH|588000.SH,2.6799497126341505,0.7984579006111181,neighbor,1,159326.SZ,588000.SH
rolling_multi_start_hill,2025-07-01/2025-12-31,2026-01-01/2026-06-30,30,159518.SZ|159980.SZ|159981.SZ|159985.SZ|160644.SZ|161226.SZ|510300.SH|512170.SH|513030.SH|513070.SH|513120.SH|513290.SH|588000.SH,2.6618851961390466,0.7984579006111181,neighbor,1,513880.SH,160644.SZ
rolling_multi_start_hill,2025-07-01/2025-12-31,2026-01-01/2026-06-30,31,159980.SZ|159981.SZ|159985.SZ|161226.SZ|164824.SZ|510300.SH|512170.SH|513030.SH|513070.SH|513120.SH|513290.SH|513880.SH|588000.SH,2.4755330555806765,0.7984579006111181,neighbor,1,159518.SZ,164824.SZ
rolling_multi_start_hill,2025-07-01/2025-12-31,2026-01-01/2026-06-30,32,159518.SZ|159825.SZ|159980.SZ|159981.SZ|159985.SZ|161226.SZ|510300.SH|513030.SH|513070.SH|513120.SH|513290.SH|513880.SH|588000.SH,2.267521094590703,0.7984579006111181,neighbor,1,512170.SH,159825.SZ
rolling_multi_start_hill,2025-07-01/2025-12-31,2026-01-01/2026-06-30,33,159518.SZ|159869.SZ|159980.SZ|159981.SZ|159985.SZ|161226.SZ|510300.SH|512170.SH|513030.SH|513070.SH|513120.SH|513290.SH|513880.SH,2.605182850718061,0.6497288158851717,neighbor,1,588000.SH,159869.SZ
rolling_multi_start_hill,2025-07-01/2025-12-31,2026-01-01/2026-06-30,34,159518.SZ|159920.SZ|159980.SZ|159981.SZ|159985.SZ|161226.SZ|510300.SH|512170.SH|513030.SH|513120.SH|513290.SH|513880.SH|588000.SH,2.5586741698252515,0.7984579006111181,neighbor,1,513070.SH,159920.SZ
rolling_multi_start_hill,2025-07-01/2025-12-31,2026-01-01/2026-06-30,35,159980.SZ|159981.SZ|159985.SZ|161226.SZ|510300.SH|512170.SH|513030.SH|513070.SH|513080.SH|513120.SH|513290.SH|513880.SH|588000.SH,2.6595294264253133,0.8206353307771239,neighbor,1,159518.SZ,513080.SH
rolling_multi_start_hill,2025-07-01/2025-12-31,2026-01-01/2026-06-30,36,159518.SZ|159980.SZ|159981.SZ|159985.SZ|161226.SZ|510300.SH|512170.SH|513030.SH|513120.SH|513290.SH|513750.SH|513880.SH|588000.SH,2.9546367730096157,0.7984579006111181,neighbor,1,513070.SH,513750.SH
rolling_multi_start_hill,2025-07-01/2025-12-31,2026-01-01/2026-06-30,37,159518.SZ|159928.SZ|159980.SZ|159981.SZ|159985.SZ|161226.SZ|510300.SH|513030.SH|513120.SH|513290.SH|513750.SH|513880.SH|588000.SH,2.5417300421604354,0.7984579006111181,neighbor,1,512170.SH,159928.SZ
rolling_multi_start_hill,2025-07-01/2025-12-31,2026-01-01/2026-06-30,38,159509.SZ|159518.SZ|159980.SZ|159981.SZ|159985.SZ|161226.SZ|510300.SH|512170.SH|513030.SH|513120.SH|513290.SH|513750.SH|588000.SH,3.489812351148751,0.7984579006111181,neighbor,1,513880.SH,159509.SZ
rolling_multi_start_hill,2025-07-01/2025-12-31,2026-01-01/2026-06-30,39,159509.SZ|159518.SZ|159980.SZ|159981.SZ|159985.SZ|161226.SZ|510300.SH|512170.SH|513030.SH|513180.SH|513290.SH|513750.SH|588000.SH,3.454598122828973,0.7984579006111181,neighbor,1,513120.SH,513180.SH
rolling_multi_start_hill,2025-07-01/2025-12-31,2026-01-01/2026-06-30,40,159509.SZ|159687.SZ|159980.SZ|159981.SZ|159985.SZ|161226.SZ|510300.SH|512170.SH|513030.SH|513120.SH|513290.SH|513750.SH|588000.SH,3.2927713731573593,0.7984579006111181,neighbor,1,159518.SZ,159687.SZ
rolling_multi_start_hill,2025-07-01/2025-12-31,2026-01-01/2026-06-30,41,159329.SZ|159825.SZ|159865.SZ|159920.SZ|159981.SZ|159985.SZ|160644.SZ|161226.SZ|501018.SH|513100.SH|513750.SH|513880.SH|563300.SH,1.7287135823096877,0.9163688165563522,restart,2,,
rolling_multi_start_hill,2025-07-01/2025-12-31,2026-01-01/2026-06-30,42,159206.SZ|159329.SZ|159865.SZ|159920.SZ|159981.SZ|159985.SZ|160644.SZ|161226.SZ|501018.SH|513100.SH|513750.SH|513880.SH|563300.SH,2.5469810192844404,0.7241698032373148,neighbor,2,159825.SZ,159206.SZ
rolling_multi_start_hill,2025-07-01/2025-12-31,2026-01-01/2026-06-30,43,159206.SZ|159329.SZ|159766.SZ|159865.SZ|159920.SZ|159981.SZ|159985.SZ|160644.SZ|161226.SZ|501018.SH|513100.SH|513750.SH|513880.SH,2.5275862270801506,0.7241698032373148,neighbor,2,563300.SH,159766.SZ
rolling_multi_start_hill,2025-07-01/2025-12-31,2026-01-01/2026-06-30,44,159206.SZ|159329.SZ|159518.SZ|159865.SZ|159920.SZ|159981.SZ|159985.SZ|161226.SZ|501018.SH|513100.SH|513750.SH|513880.SH|563300.SH,2.718639986858811,0.7241698032373148,neighbor,2,160644.SZ,159518.SZ
rolling_multi_start_hill,2025-07-01/2025-12-31,2026-01-01/2026-06-30,45,159206.SZ|159329.SZ|159518.SZ|159865.SZ|159920.SZ|159981.SZ|159985.SZ|501018.SH|513100.SH|513750.SH|513880.SH|518880.SH|563300.SH,2.1733411969201697,0.7241698032373148,neighbor,2,161226.SZ,518880.SH
rolling_multi_start_hill,2025-07-01/2025-12-31,2026-01-01/2026-06-30,46,159206.SZ|159329.SZ|159518.SZ|159865.SZ|159920.SZ|159981.SZ|159985.SZ|161226.SZ|501018.SH|513030.SH|513100.SH|513750.SH|563300.SH,2.119745310806133,0.7241698032373148,neighbor,2,513880.SH,513030.SH
rolling_multi_start_hill,2025-07-01/2025-12-31,2026-01-01/2026-06-30,47,159206.SZ|159329.SZ|159518.SZ|159529.SZ|159865.SZ|159920.SZ|159981.SZ|159985.SZ|161226.SZ|501018.SH|513750.SH|513880.SH|563300.SH,2.238967577355305,0.7241698032373148,neighbor,2,513100.SH,159529.SZ
rolling_multi_start_hill,2025-07-01/2025-12-31,2026-01-01/2026-06-30,48,159329.SZ|159518.SZ|159865.SZ|159920.SZ|159981.SZ|159985.SZ|161226.SZ|501018.SH|512170.SH|513100.SH|513750.SH|513880.SH|563300.SH,2.309053702815378,0.7241698032373148,neighbor,2,159206.SZ,512170.SH
rolling_multi_start_hill,2025-07-01/2025-12-31,2026-01-01/2026-06-30,49,159206.SZ|159329.SZ|159509.SZ|159518.SZ|159865.SZ|159920.SZ|159981.SZ|159985.SZ|161226.SZ|501018.SH|513750.SH|513880.SH|563300.SH,3.0571186969587942,0.7241698032373148,neighbor,2,513100.SH,159509.SZ
rolling_multi_start_hill,2025-07-01/2025-12-31,2026-01-01/2026-06-30,50,159206.SZ|159329.SZ|159509.SZ|159518.SZ|159865.SZ|159920.SZ|159981.SZ|159985.SZ|161226.SZ|501018.SH|513750.SH|513880.SH|588220.SH,2.9844745422192336,0.7241698032373148,neighbor,2,563300.SH,588220.SH
rolling_multi_start_hill,2025-07-01/2025-12-31,2026-01-01/2026-06-30,51,159206.SZ|159329.SZ|159509.SZ|159518.SZ|159865.SZ|159981.SZ|159985.SZ|161226.SZ|501018.SH|513070.SH|513750.SH|513880.SH|563300.SH,3.084433858209905,0.6527264325657031,neighbor,2,159920.SZ,513070.SH
rolling_multi_start_hill,2025-07-01/2025-12-31,2026-01-01/2026-06-30,52,159206.SZ|159329.SZ|159509.SZ|159518.SZ|159865.SZ|159981.SZ|159985.SZ|161226.SZ|164824.SZ|501018.SH|513070.SH|513750.SH|563300.SH,2.3030594970130744,0.6527264325657031,neighbor,2,513880.SH,164824.SZ
rolling_multi_start_hill,2025-07-01/2025-12-31,2026-01-01/2026-06-30,53,159329.SZ|159509.SZ|159518.SZ|159865.SZ|159981.SZ|159985.SZ|161226.SZ|501018.SH|513070.SH|513750.SH|513880.SH|563300.SH|588220.SH,2.3428923824192576,0.7349999527004092,neighbor,2,159206.SZ,588220.SH
rolling_multi_start_hill,2025-07-01/2025-12-31,2026-01-01/2026-06-30,54,159206.SZ|159329.SZ|159509.SZ|159518.SZ|159851.SZ|159865.SZ|159981.SZ|159985.SZ|161226.SZ|501018.SH|513070.SH|513750.SH|513880.SH,2.986105689889071,0.5835502313497182,neighbor,2,563300.SH,159851.SZ
rolling_multi_start_hill,2025-07-01/2025-12-31,2026-01-01/2026-06-30,55,159206.SZ|159329.SZ|159509.SZ|159518.SZ|159865.SZ|159981.SZ|159985.SZ|161226.SZ|501018.SH|513180.SH|513750.SH|513880.SH|563300.SH,2.7769387095559575,0.6527264325657031,neighbor,2,513070.SH,513180.SH
rolling_multi_start_hill,2025-07-01/2025-12-31,2026-01-01/2026-06-30,56,159206.SZ|159329.SZ|159509.SZ|159518.SZ|159865.SZ|159981.SZ|159985.SZ|161226.SZ|513070.SH|513750.SH|513880.SH|518880.SH|563300.SH,3.033523534905225,0.6527264325657031,neighbor,2,501018.SH,518880.SH
rolling_multi_start_hill,2025-07-01/2025-12-31,2026-01-01/2026-06-30,57,159206.SZ|159329.SZ|159518.SZ|159865.SZ|159981.SZ|159985.SZ|161226.SZ|501018.SH|513070.SH|513100.SH|513750.SH|513880.SH|563300.SH,2.693278471610857,0.689940881109717,neighbor,2,159509.SZ,513100.SH
rolling_multi_start_hill,2025-07-01/2025-12-31,2026-01-01/2026-06-30,58,159206.SZ|159329.SZ|159509.SZ|159518.SZ|159865.SZ|159985.SZ|161226.SZ|501018.SH|513070.SH|513750.SH|513880.SH|518880.SH|563300.SH,3.033523534905225,0.6527264325657031,neighbor,2,159981.SZ,518880.SH
rolling_multi_start_hill,2025-07-01/2025-12-31,2026-01-01/2026-06-30,59,159206.SZ|159329.SZ|159509.SZ|159518.SZ|159865.SZ|159981.SZ|159985.SZ|161226.SZ|501018.SH|513120.SH|513750.SH|513880.SH|563300.SH,2.669674012859565,0.6527264325657031,neighbor,2,513070.SH,513120.SH
rolling_multi_start_hill,2025-07-01/2025-12-31,2026-01-01/2026-06-30,60,159206.SZ|159329.SZ|159509.SZ|159518.SZ|159865.SZ|159981.SZ|159985.SZ|161226.SZ|501018.SH|513070.SH|513180.SH|513880.SH|563300.SH,2.963056016343963,0.830842807816761,neighbor,2,513750.SH,513180.SH
rolling_multi_start_hill,2025-07-01/2025-12-31,2026-01-01/2026-06-30,61,159529.SZ|159920.SZ|159949.SZ|159981.SZ|159985.SZ|161226.SZ|501018.SH|512100.SH|513120.SH|513310.SH|513400.SH|513880.SH|515790.SH,2.718980913137541,0.7875693216209608,restart,3,,
rolling_multi_start_hill,2025-07-01/2025-12-31,2026-01-01/2026-06-30,62,159529.SZ|159920.SZ|159949.SZ|159985.SZ|161226.SZ|501018.SH|512100.SH|513120.SH|513310.SH|513400.SH|513880.SH|515790.SH|518880.SH,2.849725242955022,0.7875693216209608,neighbor,3,159981.SZ,518880.SH
rolling_multi_start_hill,2025-07-01/2025-12-31,2026-01-01/2026-06-30,63,159529.SZ|159920.SZ|159949.SZ|159985.SZ|161226.SZ|501018.SH|512100.SH|513070.SH|513310.SH|513400.SH|513880.SH|515790.SH|518880.SH,2.7696830758007587,0.8781907596410816,neighbor,3,513120.SH,513070.SH
rolling_multi_start_hill,2025-07-01/2025-12-31,2026-01-01/2026-06-30,64,159529.SZ|159920.SZ|159928.SZ|159985.SZ|161226.SZ|501018.SH|512100.SH|513120.SH|513310.SH|513400.SH|513880.SH|515790.SH|518880.SH,2.6278591467301577,0.6885307048010918,neighbor,3,159949.SZ,159928.SZ
rolling_multi_start_hill,2025-07-01/2025-12-31,2026-01-01/2026-06-30,65,159920.SZ|159949.SZ|159985.SZ|161226.SZ|501018.SH|512100.SH|513120.SH|513310.SH|513400.SH|513730.SH|513880.SH|515790.SH|518880.SH,2.8824151232799164,0.7875693216209608,neighbor,3,159529.SZ,513730.SH
rolling_multi_start_hill,2025-07-01/2025-12-31,2026-01-01/2026-06-30,66,159920.SZ|159949.SZ|159985.SZ|161226.SZ|501018.SH|512100.SH|513180.SH|513310.SH|513400.SH|513730.SH|513880.SH|515790.SH|518880.SH,2.4445029225473527,0.896611122646074,neighbor,3,513120.SH,513180.SH
rolling_multi_start_hill,2025-07-01/2025-12-31,2026-01-01/2026-06-30,67,159687.SZ|159920.SZ|159949.SZ|159985.SZ|161226.SZ|501018.SH|512100.SH|513120.SH|513400.SH|513730.SH|513880.SH|515790.SH|518880.SH,2.718119195126437,0.7875693216209608,neighbor,3,513310.SH,159687.SZ
rolling_multi_start_hill,2025-07-01/2025-12-31,2026-01-01/2026-06-30,68,159920.SZ|159949.SZ|159985.SZ|161226.SZ|501018.SH|510210.SH|513120.SH|513310.SH|513400.SH|513730.SH|513880.SH|515790.SH|518880.SH,2.8704091201683433,0.6898273788189164,neighbor,3,512100.SH,510210.SH
rolling_multi_start_hill,2025-07-01/2025-12-31,2026-01-01/2026-06-30,69,159920.SZ|159949.SZ|159985.SZ|161226.SZ|501018.SH|510180.SH|512100.SH|513120.SH|513310.SH|513400.SH|513730.SH|513880.SH|518880.SH,2.977659945363957,0.7875693216209608,neighbor,3,515790.SH,510180.SH
rolling_multi_start_hill,2025-07-01/2025-12-31,2026-01-01/2026-06-30,70,159920.SZ|159949.SZ|159985.SZ|161226.SZ|501018.SH|510180.SH|512100.SH|513100.SH|513120.SH|513310.SH|513400.SH|513730.SH|518880.SH,2.8350408645912535,0.7875693216209608,neighbor,3,513880.SH,513100.SH
rolling_multi_start_hill,2025-07-01/2025-12-31,2026-01-01/2026-06-30,71,159920.SZ|159949.SZ|159985.SZ|161226.SZ|501018.SH|510180.SH|513120.SH|513310.SH|513400.SH|513730.SH|513880.SH|515880.SH|518880.SH,3.186368338853798,0.8397376578520993,neighbor,3,512100.SH,515880.SH
rolling_multi_start_hill,2025-07-01/2025-12-31,2026-01-01/2026-06-30,72,159920.SZ|159949.SZ|159985.SZ|161226.SZ|501018.SH|510180.SH|513120.SH|513310.SH|513400.SH|513730.SH|513880.SH|518880.SH|562500.SH,2.7445072146608562,0.7743900031769716,neighbor,3,515880.SH,562500.SH
rolling_multi_start_hill,2025-07-01/2025-12-31,2026-01-01/2026-06-30,73,159920.SZ|159949.SZ|159985.SZ|161226.SZ|501018.SH|510180.SH|513030.SH|513120.SH|513400.SH|513730.SH|513880.SH|515880.SH|518880.SH,3.178874686766865,0.8397376578520993,neighbor,3,513310.SH,513030.SH
rolling_multi_start_hill,2025-07-01/2025-12-31,2026-01-01/2026-06-30,74,159920.SZ|159949.SZ|159985.SZ|161226.SZ|501018.SH|510180.SH|513310.SH|513400.SH|513730.SH|513750.SH|513880.SH|515880.SH|518880.SH,3.1755542120289895,0.8397376578520993,neighbor,3,513120.SH,513750.SH
rolling_multi_start_hill,2025-07-01/2025-12-31,2026-01-01/2026-06-30,75,159920.SZ|159949.SZ|159985.SZ|161226.SZ|501018.SH|510180.SH|513120.SH|513310.SH|513500.SH|513730.SH|513880.SH|515880.SH|518880.SH,2.876934495575363,0.8397376578520993,neighbor,3,513400.SH,513500.SH
rolling_multi_start_hill,2025-07-01/2025-12-31,2026-01-01/2026-06-30,76,159920.SZ|159949.SZ|159981.SZ|161226.SZ|501018.SH|510180.SH|513120.SH|513310.SH|513400.SH|513730.SH|513880.SH|515880.SH|518880.SH,3.056464411040896,0.8397376578520993,neighbor,3,159985.SZ,159981.SZ
rolling_multi_start_hill,2025-07-01/2025-12-31,2026-01-01/2026-06-30,77,159920.SZ|159949.SZ|159980.SZ|159985.SZ|161226.SZ|510180.SH|513120.SH|513310.SH|513400.SH|513730.SH|513880.SH|515880.SH|518880.SH,3.27476908013834,0.8397376578520993,neighbor,3,501018.SH,159980.SZ
rolling_multi_start_hill,2025-07-01/2025-12-31,2026-01-01/2026-06-30,78,159920.SZ|159949.SZ|159980.SZ|159985.SZ|161226.SZ|164824.SZ|510180.SH|513120.SH|513310.SH|513730.SH|513880.SH|515880.SH|518880.SH,2.9665475109082604,0.8397376578520993,neighbor,3,513400.SH,164824.SZ
rolling_multi_start_hill,2025-07-01/2025-12-31,2026-01-01/2026-06-30,79,159920.SZ|159949.SZ|159980.SZ|159985.SZ|161226.SZ|510180.SH|513120.SH|513400.SH|513500.SH|513730.SH|513880.SH|515880.SH|518880.SH,3.064978863639895,0.8397376578520993,neighbor,3,513310.SH,513500.SH
rolling_multi_start_hill,2025-07-01/2025-12-31,2026-01-01/2026-06-30,80,159920.SZ|159949.SZ|159980.SZ|159985.SZ|501018.SH|510180.SH|513120.SH|513310.SH|513400.SH|513730.SH|513880.SH|515880.SH|518880.SH,2.916868847262654,0.8397376578520993,neighbor,3,161226.SZ,501018.SH
rolling_multi_start_hill,2025-07-01/2025-12-31,2026-01-01/2026-06-30,81,159326.SZ|159518.SZ|159529.SZ|159870.SZ|159980.SZ|159981.SZ|161226.SZ|510880.SH|513030.SH|513070.SH|513120.SH|513500.SH|518880.SH,1.6137567815617972,0.6546092645179226,restart,4,,
rolling_multi_start_hill,2025-07-01/2025-12-31,2026-01-01/2026-06-30,82,159326.SZ|159518.SZ|159529.SZ|159980.SZ|159981.SZ|161226.SZ|510210.SH|510880.SH|513030.SH|513070.SH|513120.SH|513500.SH|518880.SH,1.9952884572743368,0.7107013405630083,neighbor,4,159870.SZ,510210.SH
rolling_multi_start_hill,2025-07-01/2025-12-31,2026-01-01/2026-06-30,83,159326.SZ|159518.SZ|159529.SZ|159980.SZ|161226.SZ|501018.SH|510210.SH|510880.SH|513030.SH|513070.SH|513120.SH|513500.SH|518880.SH,1.8792553964011558,0.7107013405630083,neighbor,4,159981.SZ,501018.SH
rolling_multi_start_hill,2025-07-01/2025-12-31,2026-01-01/2026-06-30,84,159326.SZ|159518.SZ|159529.SZ|159980.SZ|159981.SZ|159985.SZ|510210.SH|510880.SH|513030.SH|513070.SH|513120.SH|513500.SH|518880.SH,1.2931978586579822,0.7107013405630083,neighbor,4,161226.SZ,159985.SZ
rolling_multi_start_hill,2025-07-01/2025-12-31,2026-01-01/2026-06-30,85,159326.SZ|159518.SZ|159529.SZ|159851.SZ|159980.SZ|159981.SZ|161226.SZ|510210.SH|513030.SH|513070.SH|513120.SH|513500.SH|518880.SH,1.89147107453183,0.7107013405630083,neighbor,4,510880.SH,159851.SZ
rolling_multi_start_hill,2025-07-01/2025-12-31,2026-01-01/2026-06-30,86,159326.SZ|159529.SZ|159980.SZ|159981.SZ|161226.SZ|510210.SH|510880.SH|513030.SH|513070.SH|513120.SH|513500.SH|513730.SH|518880.SH,2.165537001118243,0.7107013405630083,neighbor,4,159518.SZ,513730.SH
rolling_multi_start_hill,2025-07-01/2025-12-31,2026-01-01/2026-06-30,87,159529.SZ|159949.SZ|159980.SZ|159981.SZ|161226.SZ|510210.SH|510880.SH|513030.SH|513070.SH|513120.SH|513500.SH|513730.SH|518880.SH,2.6757801091018534,0.6758366664832373,neighbor,4,159326.SZ,159949.SZ
rolling_multi_start_hill,2025-07-01/2025-12-31,2026-01-01/2026-06-30,88,159529.SZ|159949.SZ|159981.SZ|159985.SZ|161226.SZ|510210.SH|510880.SH|513030.SH|513070.SH|513120.SH|513500.SH|513730.SH|518880.SH,3.268151203279113,0.6758366664832373,neighbor,4,159980.SZ,159985.SZ
rolling_multi_start_hill,2025-07-01/2025-12-31,2026-01-01/2026-06-30,89,159329.SZ|159529.SZ|159949.SZ|159981.SZ|159985.SZ|161226.SZ|510210.SH|510880.SH|513070.SH|513120.SH|513500.SH|513730.SH|518880.SH,2.680009582234306,0.6758366664832373,neighbor,4,513030.SH,159329.SZ
rolling_multi_start_hill,2025-07-01/2025-12-31,2026-01-01/2026-06-30,90,159529.SZ|159949.SZ|159981.SZ|159985.SZ|161226.SZ|510210.SH|512170.SH|513030.SH|513070.SH|513120.SH|513500.SH|513730.SH|518880.SH,3.2819359681140496,0.6758366664832373,neighbor,4,510880.SH,512170.SH
rolling_multi_start_hill,2025-07-01/2025-12-31,2026-01-01/2026-06-30,91,159529.SZ|159949.SZ|159980.SZ|159985.SZ|161226.SZ|510210.SH|512170.SH|513030.SH|513070.SH|513120.SH|513500.SH|513730.SH|518880.SH,3.4870557230224555,0.6758366664832373,neighbor,4,159981.SZ,159980.SZ
rolling_multi_start_hill,2025-07-01/2025-12-31,2026-01-01/2026-06-30,92,159529.SZ|159851.SZ|159949.SZ|159980.SZ|159985.SZ|161226.SZ|510210.SH|513030.SH|513070.SH|513120.SH|513500.SH|513730.SH|518880.SH,3.0142994630295097,0.6758366664832373,neighbor,4,512170.SH,159851.SZ
rolling_multi_start_hill,2025-07-01/2025-12-31,2026-01-01/2026-06-30,93,159529.SZ|159825.SZ|159949.SZ|159980.SZ|159985.SZ|161226.SZ|510210.SH|513030.SH|513070.SH|513120.SH|513500.SH|513730.SH|518880.SH,3.170272976041507,0.6758366664832373,neighbor,4,512170.SH,159825.SZ
rolling_multi_start_hill,2025-07-01/2025-12-31,2026-01-01/2026-06-30,94,159529.SZ|159949.SZ|159980.SZ|161226.SZ|501018.SH|510210.SH|512170.SH|513030.SH|513070.SH|513120.SH|513500.SH|513730.SH|518880.SH,3.340605083775116,0.6758366664832373,neighbor,4,159985.SZ,501018.SH
rolling_multi_start_hill,2025-07-01/2025-12-31,2026-01-01/2026-06-30,95,159529.SZ|159949.SZ|159980.SZ|159985.SZ|161226.SZ|510880.SH|512170.SH|513030.SH|513070.SH|513120.SH|513500.SH|513730.SH|518880.SH,2.612803037888952,0.6546092645179226,neighbor,4,510210.SH,510880.SH
rolling_multi_start_hill,2025-07-01/2025-12-31,2026-01-01/2026-06-30,96,159529.SZ|159949.SZ|159980.SZ|159985.SZ|161226.SZ|510210.SH|512170.SH|513030.SH|513070.SH|513120.SH|513290.SH|513730.SH|518880.SH,3.3323474623919083,0.6758366664832373,neighbor,4,513500.SH,513290.SH
rolling_multi_start_hill,2025-07-01/2025-12-31,2026-01-01/2026-06-30,97,159201.SZ|159529.SZ|159980.SZ|159985.SZ|161226.SZ|510210.SH|512170.SH|513030.SH|513070.SH|513120.SH|513500.SH|513730.SH|518880.SH,2.619944725028479,0.817562013248194,neighbor,4,159949.SZ,159201.SZ
rolling_multi_start_hill,2025-07-01/2025-12-31,2026-01-01/2026-06-30,98,159529.SZ|159949.SZ|159980.SZ|159985.SZ|161226.SZ|510210.SH|512170.SH|513030.SH|513070.SH|513500.SH|513730.SH|513750.SH|518880.SH,3.414398517377763,0.6758366664832373,neighbor,4,513120.SH,513750.SH
rolling_multi_start_hill,2025-07-01/2025-12-31,2026-01-01/2026-06-30,99,159529.SZ|159949.SZ|159985.SZ|161226.SZ|501018.SH|510210.SH|512170.SH|513030.SH|513070.SH|513120.SH|513500.SH|513730.SH|518880.SH,3.541743460338198,0.6758366664832373,neighbor,4,159980.SZ,501018.SH
rolling_multi_start_hill,2025-07-01/2025-12-31,2026-01-01/2026-06-30,100,159529.SZ|159766.SZ|159949.SZ|159985.SZ|161226.SZ|501018.SH|510210.SH|513030.SH|513070.SH|513120.SH|513500.SH|513730.SH|518880.SH,3.3833307070007486,0.6758366664832373,neighbor,4,512170.SH,159766.SZ
rolling_multi_start_hill,2026-01-01/2026-06-30,2026-07-01/2026-07-26,1,159329.SZ|159529.SZ|159865.SZ|159915.SZ|159920.SZ|159980.SZ|159981.SZ|160644.SZ|161226.SZ|513070.SH|515790.SH|518880.SH|520870.SH,-1.3129513512170299,0.7522587312090414,restart,0,,
rolling_multi_start_hill,2026-01-01/2026-06-30,2026-07-01/2026-07-26,2,159329.SZ|159529.SZ|159865.SZ|159915.SZ|159920.SZ|159980.SZ|160644.SZ|161226.SZ|501018.SH|513070.SH|515790.SH|518880.SH|520870.SH,-0.6030286593698296,0.7522587312090414,neighbor,0,159981.SZ,501018.SH
rolling_multi_start_hill,2026-01-01/2026-06-30,2026-07-01/2026-07-26,3,159329.SZ|159529.SZ|159865.SZ|159915.SZ|159920.SZ|159980.SZ|159981.SZ|160644.SZ|501018.SH|513070.SH|515790.SH|518880.SH|520870.SH,-0.1270122972993115,0.7522587312090414,neighbor,0,161226.SZ,159981.SZ
rolling_multi_start_hill,2026-01-01/2026-06-30,2026-07-01/2026-07-26,4,159329.SZ|159529.SZ|159865.SZ|159915.SZ|159980.SZ|159981.SZ|160644.SZ|501018.SH|513070.SH|513120.SH|515790.SH|518880.SH|520870.SH,-0.5954821080824202,0.7522587312090414,neighbor,0,159920.SZ,513120.SH
rolling_multi_start_hill,2026-01-01/2026-06-30,2026-07-01/2026-07-26,5,159329.SZ|159529.SZ|159915.SZ|159920.SZ|159980.SZ|159981.SZ|160644.SZ|501018.SH|513070.SH|515220.SH|515790.SH|518880.SH|520870.SH,-0.3447506416401805,0.7522587312090414,neighbor,0,159865.SZ,515220.SH
rolling_multi_start_hill,2026-01-01/2026-06-30,2026-07-01/2026-07-26,6,159329.SZ|159529.SZ|159865.SZ|159915.SZ|159920.SZ|159980.SZ|159981.SZ|160644.SZ|161226.SZ|501018.SH|513070.SH|515790.SH|520870.SH,0.13717008632393857,0.7170096681479771,neighbor,0,518880.SH,161226.SZ
rolling_multi_start_hill,2026-01-01/2026-06-30,2026-07-01/2026-07-26,7,159329.SZ|159509.SZ|159865.SZ|159915.SZ|159920.SZ|159980.SZ|159981.SZ|160644.SZ|161226.SZ|501018.SH|513070.SH|515790.SH|520870.SH,0.8369190385299704,0.7170096681479771,neighbor,0,159529.SZ,159509.SZ
rolling_multi_start_hill,2026-01-01/2026-06-30,2026-07-01/2026-07-26,8,159329.SZ|159509.SZ|159865.SZ|159915.SZ|159920.SZ|159980.SZ|159981.SZ|161226.SZ|501018.SH|513070.SH|513310.SH|515790.SH|520870.SH,1.1800605121981191,0.7170096681479771,neighbor,0,160644.SZ,513310.SH
rolling_multi_start_hill,2026-01-01/2026-06-30,2026-07-01/2026-07-26,9,159329.SZ|159509.SZ|159865.SZ|159915.SZ|159920.SZ|159980.SZ|159981.SZ|161226.SZ|513070.SH|513310.SH|515790.SH|518880.SH|520870.SH,-0.12466647175960924,0.7522587312090414,neighbor,0,501018.SH,518880.SH
rolling_multi_start_hill,2026-01-01/2026-06-30,2026-07-01/2026-07-26,10,159326.SZ|159329.SZ|159509.SZ|159915.SZ|159920.SZ|159980.SZ|159981.SZ|161226.SZ|501018.SH|513070.SH|513310.SH|515790.SH|520870.SH,1.0329562640474101,0.7170096681479771,neighbor,0,159865.SZ,159326.SZ
rolling_multi_start_hill,2026-01-01/2026-06-30,2026-07-01/2026-07-26,11,159329.SZ|159865.SZ|159915.SZ|159920.SZ|159980.SZ|159981.SZ|161226.SZ|501018.SH|513070.SH|513310.SH|513500.SH|515790.SH|520870.SH,0.9728771464859335,0.7170096681479771,neighbor,0,159509.SZ,513500.SH
rolling_multi_start_hill,2026-01-01/2026-06-30,2026-07-01/2026-07-26,12,159329.SZ|159509.SZ|159865.SZ|159915.SZ|159920.SZ|159980.SZ|159981.SZ|161226.SZ|501018.SH|513070.SH|513310.SH|520870.SH|563300.SH,1.3461089298539655,0.7426056518059593,neighbor,0,515790.SH,563300.SH
rolling_multi_start_hill,2026-01-01/2026-06-30,2026-07-01/2026-07-26,13,159509.SZ|159865.SZ|159915.SZ|159920.SZ|159980.SZ|159981.SZ|161226.SZ|501018.SH|513070.SH|513310.SH|513730.SH|520870.SH|563300.SH,1.4576067747014663,0.75732479050478,neighbor,0,159329.SZ,513730.SH
rolling_multi_start_hill,2026-01-01/2026-06-30,2026-07-01/2026-07-26,14,159509.SZ|159865.SZ|159915.SZ|159920.SZ|159980.SZ|159981.SZ|159985.SZ|161226.SZ|513070.SH|513310.SH|513730.SH|520870.SH|563300.SH,1.5592412482965659,0.75732479050478,neighbor,0,501018.SH,159985.SZ
rolling_multi_start_hill,2026-01-01/2026-06-30,2026-07-01/2026-07-26,15,159509.SZ|159865.SZ|159915.SZ|159920.SZ|159980.SZ|159985.SZ|161226.SZ|513070.SH|513310.SH|513730.SH|518880.SH|520870.SH|563300.SH,0.7326916577281555,0.75732479050478,neighbor,0,159981.SZ,518880.SH
rolling_multi_start_hill,2026-01-01/2026-06-30,2026-07-01/2026-07-26,16,159509.SZ|159865.SZ|159915.SZ|159920.SZ|159980.SZ|159981.SZ|159985.SZ|501018.SH|513070.SH|513310.SH|513730.SH|520870.SH|563300.SH,1.2597725551048267,0.75732479050478,neighbor,0,161226.SZ,501018.SH
rolling_multi_start_hill,2026-01-01/2026-06-30,2026-07-01/2026-07-26,17,159865.SZ|159915.SZ|159920.SZ|159980.SZ|159981.SZ|159985.SZ|161226.SZ|513070.SH|513290.SH|513310.SH|513730.SH|520870.SH|563300.SH,1.6273379137548445,0.7426056518059593,neighbor,0,159509.SZ,513290.SH
rolling_multi_start_hill,2026-01-01/2026-06-30,2026-07-01/2026-07-26,18,159915.SZ|159920.SZ|159980.SZ|159981.SZ|159985.SZ|161226.SZ|513070.SH|513290.SH|513310.SH|513730.SH|515220.SH|520870.SH|563300.SH,0.9612358554869812,0.7426056518059593,neighbor,0,159865.SZ,515220.SH
rolling_multi_start_hill,2026-01-01/2026-06-30,2026-07-01/2026-07-26,19,159915.SZ|159920.SZ|159980.SZ|159981.SZ|159985.SZ|161226.SZ|513070.SH|513290.SH|513310.SH|513730.SH|515210.SH|520870.SH|563300.SH,1.5373857525482229,0.7426056518059593,neighbor,0,159865.SZ,515210.SH
rolling_multi_start_hill,2026-01-01/2026-06-30,2026-07-01/2026-07-26,20,159865.SZ|159915.SZ|159920.SZ|159980.SZ|159981.SZ|159985.SZ|161226.SZ|513070.SH|513290.SH|513310.SH|513500.SH|520870.SH|563300.SH,1.7220115528996303,0.7426056518059593,neighbor,0,513730.SH,513500.SH
rolling_multi_start_hill,2026-01-01/2026-06-30,2026-07-01/2026-07-26,21,159687.SZ|159980.SZ|159981.SZ|159985.SZ|501018.SH|510300.SH|512200.SH|513030.SH|513080.SH|513120.SH|513180.SH|513310.SH|515790.SH,0.5306040622939429,0.8826043989398089,restart,1,,
rolling_multi_start_hill,2026-01-01/2026-06-30,2026-07-01/2026-07-26,22,159687.SZ|159980.SZ|159981.SZ|501018.SH|510300.SH|512200.SH|513030.SH|513080.SH|513120.SH|513180.SH|513310.SH|515790.SH|518880.SH,0.6745126004342662,0.8826043989398089,neighbor,1,159985.SZ,518880.SH
rolling_multi_start_hill,2026-01-01/2026-06-30,2026-07-01/2026-07-26,23,159687.SZ|159980.SZ|159981.SZ|501018.SH|510300.SH|512200.SH|513080.SH|513120.SH|513180.SH|513310.SH|513730.SH|515790.SH|518880.SH,0.6460856980754824,0.7732687430007159,neighbor,1,513030.SH,513730.SH
rolling_multi_start_hill,2026-01-01/2026-06-30,2026-07-01/2026-07-26,24,159687.SZ|159980.SZ|159981.SZ|501018.SH|510300.SH|512200.SH|512880.SH|513030.SH|513080.SH|513120.SH|513180.SH|513310.SH|518880.SH,0.7551582069989621,0.8826043989398089,neighbor,1,515790.SH,512880.SH
rolling_multi_start_hill,2026-01-01/2026-06-30,2026-07-01/2026-07-26,25,159687.SZ|159980.SZ|159981.SZ|501018.SH|510300.SH|512200.SH|512890.SH|513030.SH|513080.SH|513120.SH|513180.SH|513310.SH|518880.SH,0.5094252094463623,0.8826043989398089,neighbor,1,512880.SH,512890.SH
rolling_multi_start_hill,2026-01-01/2026-06-30,2026-07-01/2026-07-26,26,159687.SZ|159980.SZ|159981.SZ|159985.SZ|501018.SH|510300.SH|512200.SH|512880.SH|513030.SH|513080.SH|513120.SH|513180.SH|513310.SH,1.33847285651102,0.8826043989398089,neighbor,1,518880.SH,159985.SZ
rolling_multi_start_hill,2026-01-01/2026-06-30,2026-07-01/2026-07-26,27,159687.SZ|159980.SZ|159981.SZ|159985.SZ|501018.SH|512200.SH|512400.SH|512880.SH|513030.SH|513080.SH|513120.SH|513180.SH|513310.SH,1.2111742286563805,0.8826043989398089,neighbor,1,510300.SH,512400.SH
rolling_multi_start_hill,2026-01-01/2026-06-30,2026-07-01/2026-07-26,28,159980.SZ|159981.SZ|159985.SZ|501018.SH|510300.SH|512200.SH|512880.SH|513030.SH|513080.SH|513120.SH|513180.SH|513310.SH|520870.SH,1.0941699506377944,0.8826043989398089,neighbor,1,159687.SZ,520870.SH
rolling_multi_start_hill,2026-01-01/2026-06-30,2026-07-01/2026-07-26,29,159687.SZ|159980.SZ|159981.SZ|161226.SZ|501018.SH|510300.SH|512200.SH|512880.SH|513030.SH|513080.SH|513120.SH|513180.SH|513310.SH,0.7403949018535525,0.8826043989398089,neighbor,1,159985.SZ,161226.SZ
rolling_multi_start_hill,2026-01-01/2026-06-30,2026-07-01/2026-07-26,30,159687.SZ|159980.SZ|159981.SZ|159985.SZ|501018.SH|510300.SH|512880.SH|513030.SH|513080.SH|513120.SH|513180.SH|513310.SH|588000.SH,1.7291830272676252,0.8826043989398089,neighbor,1,512200.SH,588000.SH
rolling_multi_start_hill,2026-01-01/2026-06-30,2026-07-01/2026-07-26,31,159687.SZ|159980.SZ|159985.SZ|501018.SH|510300.SH|512880.SH|513030.SH|513080.SH|513120.SH|513180.SH|513310.SH|518880.SH|588000.SH,1.3327351275872867,0.8826043989398089,neighbor,1,159981.SZ,518880.SH
rolling_multi_start_hill,2026-01-01/2026-06-30,2026-07-01/2026-07-26,32,159687.SZ|159980.SZ|159981.SZ|159985.SZ|501018.SH|510300.SH|512880.SH|513030.SH|513080.SH|513120.SH|513180.SH|513310.SH|515210.SH,1.4588516184737175,0.8826043989398089,neighbor,1,588000.SH,515210.SH
rolling_multi_start_hill,2026-01-01/2026-06-30,2026-07-01/2026-07-26,33,159687.SZ|159766.SZ|159980.SZ|159981.SZ|159985.SZ|501018.SH|510300.SH|512880.SH|513030.SH|513080.SH|513120.SH|513180.SH|513310.SH,1.5074102739471864,0.8826043989398089,neighbor,1,588000.SH,159766.SZ
rolling_multi_start_hill,2026-01-01/2026-06-30,2026-07-01/2026-07-26,34,159687.SZ|159980.SZ|159981.SZ|159985.SZ|501018.SH|510300.SH|513030.SH|513080.SH|513120.SH|513180.SH|513310.SH|515210.SH|588000.SH,1.5029730584501522,0.8826043989398089,neighbor,1,512880.SH,515210.SH
rolling_multi_start_hill,2026-01-01/2026-06-30,2026-07-01/2026-07-26,35,159687.SZ|159980.SZ|159981.SZ|501018.SH|510300.SH|512880.SH|513030.SH|513080.SH|513120.SH|513180.SH|513310.SH|518880.SH|588000.SH,1.1250460619540374,0.8826043989398089,neighbor,1,159985.SZ,518880.SH
rolling_multi_start_hill,2026-01-01/2026-06-30,2026-07-01/2026-07-26,36,159687.SZ|159980.SZ|159981.SZ|159985.SZ|501018.SH|510050.SH|512880.SH|513030.SH|513080.SH|513120.SH|513180.SH|513310.SH|588000.SH,1.6923176158767976,0.8826043989398089,neighbor,1,510300.SH,510050.SH
rolling_multi_start_hill,2026-01-01/2026-06-30,2026-07-01/2026-07-26,37,159687.SZ|159920.SZ|159980.SZ|159981.SZ|159985.SZ|501018.SH|510300.SH|512880.SH|513030.SH|513080.SH|513120.SH|513310.SH|588000.SH,1.7291830272676252,0.8826043989398089,neighbor,1,513180.SH,159920.SZ
rolling_multi_start_hill,2026-01-01/2026-06-30,2026-07-01/2026-07-26,38,159687.SZ|159949.SZ|159980.SZ|159981.SZ|159985.SZ|501018.SH|510300.SH|512880.SH|513030.SH|513080.SH|513120.SH|513180.SH|513310.SH,1.0282811417885094,0.8826043989398089,neighbor,1,588000.SH,159949.SZ
rolling_multi_start_hill,2026-01-01/2026-06-30,2026-07-01/2026-07-26,39,159687.SZ|159980.SZ|159981.SZ|159985.SZ|501018.SH|510300.SH|512880.SH|513030.SH|513080.SH|513120.SH|513180.SH|513310.SH|588200.SH,1.992207679904835,0.8826043989398089,neighbor,1,588000.SH,588200.SH
rolling_multi_start_hill,2026-01-01/2026-06-30,2026-07-01/2026-07-26,40,159687.SZ|159980.SZ|159981.SZ|159985.SZ|161226.SZ|510300.SH|512880.SH|513030.SH|513080.SH|513120.SH|513180.SH|513310.SH|588200.SH,1.4341172522215326,0.8826043989398089,neighbor,1,501018.SH,161226.SZ
rolling_multi_start_hill,2026-01-01/2026-06-30,2026-07-01/2026-07-26,41,159329.SZ|159529.SZ|159796.SZ|159865.SZ|159901.SZ|159920.SZ|159980.SZ|159985.SZ|161226.SZ|513080.SH|513100.SH|513750.SH|518880.SH,-0.21984951494179664,0.8225381952022786,restart,2,,
rolling_multi_start_hill,2026-01-01/2026-06-30,2026-07-01/2026-07-26,42,159329.SZ|159529.SZ|159865.SZ|159869.SZ|159901.SZ|159920.SZ|159980.SZ|159985.SZ|161226.SZ|513080.SH|513100.SH|513750.SH|518880.SH,-0.0228329233814289,0.8225381952022786,neighbor,2,159796.SZ,159869.SZ
rolling_multi_start_hill,2026-01-01/2026-06-30,2026-07-01/2026-07-26,43,159329.SZ|159509.SZ|159865.SZ|159869.SZ|159901.SZ|159920.SZ|159980.SZ|159985.SZ|161226.SZ|513080.SH|513100.SH|513750.SH|518880.SH,0.0518063385878917,0.8901497039450326,neighbor,2,159529.SZ,159509.SZ
rolling_multi_start_hill,2026-01-01/2026-06-30,2026-07-01/2026-07-26,44,159329.SZ|159509.SZ|159865.SZ|159869.SZ|159901.SZ|159920.SZ|159980.SZ|159985.SZ|161226.SZ|164824.SZ|513100.SH|513750.SH|518880.SH,0.26671177977037264,0.8901497039450326,neighbor,2,513080.SH,164824.SZ
rolling_multi_start_hill,2026-01-01/2026-06-30,2026-07-01/2026-07-26,45,159329.SZ|159509.SZ|159865.SZ|159869.SZ|159901.SZ|159980.SZ|159985.SZ|161226.SZ|164824.SZ|513070.SH|513100.SH|513750.SH|518880.SH,0.06637712711158227,0.8901497039450326,neighbor,2,159920.SZ,513070.SH
rolling_multi_start_hill,2026-01-01/2026-06-30,2026-07-01/2026-07-26,46,159329.SZ|159509.SZ|159865.SZ|159869.SZ|159901.SZ|159920.SZ|159980.SZ|159985.SZ|161226.SZ|164824.SZ|513400.SH|513750.SH|518880.SH,-0.20749374495068554,0.8225381952022786,neighbor,2,513100.SH,513400.SH
rolling_multi_start_hill,2026-01-01/2026-06-30,2026-07-01/2026-07-26,47,159329.SZ|159509.SZ|159865.SZ|159869.SZ|159901.SZ|159920.SZ|159980.SZ|159985.SZ|161226.SZ|513100.SH|513310.SH|513750.SH|518880.SH,1.009687889949435,0.8901497039450326,neighbor,2,164824.SZ,513310.SH
rolling_multi_start_hill,2026-01-01/2026-06-30,2026-07-01/2026-07-26,48,159329.SZ|159509.SZ|159865.SZ|159870.SZ|159901.SZ|159920.SZ|159980.SZ|159985.SZ|161226.SZ|513100.SH|513310.SH|513750.SH|518880.SH,1.3011612696770227,0.8901497039450326,neighbor,2,159869.SZ,159870.SZ
rolling_multi_start_hill,2026-01-01/2026-06-30,2026-07-01/2026-07-26,49,159329.SZ|159509.SZ|159870.SZ|159901.SZ|159920.SZ|159980.SZ|159985.SZ|161226.SZ|510050.SH|513100.SH|513310.SH|513750.SH|518880.SH,1.5093991413947312,0.8901497039450326,neighbor,2,159865.SZ,510050.SH
rolling_multi_start_hill,2026-01-01/2026-06-30,2026-07-01/2026-07-26,50,159329.SZ|159509.SZ|159870.SZ|159901.SZ|159920.SZ|159980.SZ|159985.SZ|161226.SZ|510050.SH|513100.SH|513180.SH|513310.SH|518880.SH,1.5093991413947312,0.8901497039450326,neighbor,2,513750.SH,513180.SH
rolling_multi_start_hill,2026-01-01/2026-06-30,2026-07-01/2026-07-26,51,159329.SZ|159509.SZ|159870.SZ|159920.SZ|159980.SZ|159985.SZ|161226.SZ|510050.SH|513100.SH|513310.SH|513750.SH|515220.SH|518880.SH,0.883979978946015,0.8901497039450326,neighbor,2,159901.SZ,515220.SH
rolling_multi_start_hill,2026-01-01/2026-06-30,2026-07-01/2026-07-26,52,159329.SZ|159509.SZ|159796.SZ|159870.SZ|159920.SZ|159980.SZ|159985.SZ|161226.SZ|510050.SH|513100.SH|513310.SH|513750.SH|518880.SH,1.2574505096523194,0.8901497039450326,neighbor,2,159901.SZ,159796.SZ
rolling_multi_start_hill,2026-01-01/2026-06-30,2026-07-01/2026-07-26,53,159329.SZ|159509.SZ|159870.SZ|159901.SZ|159920.SZ|159980.SZ|159985.SZ|161226.SZ|501018.SH|510050.SH|513100.SH|513310.SH|513750.SH,2.0385758747853413,0.8901497039450326,neighbor,2,518880.SH,501018.SH
rolling_multi_start_hill,2026-01-01/2026-06-30,2026-07-01/2026-07-26,54,159329.SZ|159509.SZ|159870.SZ|159901.SZ|159920.SZ|159980.SZ|159985.SZ|161226.SZ|501018.SH|510210.SH|513100.SH|513310.SH|513750.SH,1.8726791147487531,0.8901497039450326,neighbor,2,510050.SH,510210.SH
rolling_multi_start_hill,2026-01-01/2026-06-30,2026-07-01/2026-07-26,55,159329.SZ|159870.SZ|159901.SZ|159920.SZ|159980.SZ|159985.SZ|161226.SZ|501018.SH|510050.SH|513100.SH|513290.SH|513310.SH|513750.SH,2.017710271010122,0.8225381952022786,neighbor,2,159509.SZ,513290.SH
rolling_multi_start_hill,2026-01-01/2026-06-30,2026-07-01/2026-07-26,56,159329.SZ|159509.SZ|159870.SZ|159901.SZ|159920.SZ|159980.SZ|159985.SZ|160644.SZ|161226.SZ|501018.SH|510050.SH|513100.SH|513750.SH,1.3006528947407123,0.8901497039450326,neighbor,2,513310.SH,160644.SZ
rolling_multi_start_hill,2026-01-01/2026-06-30,2026-07-01/2026-07-26,57,159509.SZ|159870.SZ|159901.SZ|159920.SZ|159980.SZ|159985.SZ|161226.SZ|501018.SH|510050.SH|513100.SH|513310.SH|513730.SH|513750.SH,2.051590309206612,0.8901497039450326,neighbor,2,159329.SZ,513730.SH
rolling_multi_start_hill,2026-01-01/2026-06-30,2026-07-01/2026-07-26,58,159509.SZ|159870.SZ|159901.SZ|159920.SZ|159980.SZ|159985.SZ|161226.SZ|501018.SH|510050.SH|513100.SH|513730.SH|513750.SH|513880.SH,1.0130227257288678,0.8901497039450326,neighbor,2,513310.SH,513880.SH
rolling_multi_start_hill,2026-01-01/2026-06-30,2026-07-01/2026-07-26,59,159329.SZ|159870.SZ|159901.SZ|159920.SZ|159980.SZ|159985.SZ|161226.SZ|501018.SH|510050.SH|513100.SH|513310.SH|513730.SH|513750.SH,1.6911394149417038,0.8225381952022786,neighbor,2,159509.SZ,159329.SZ
rolling_multi_start_hill,2026-01-01/2026-06-30,2026-07-01/2026-07-26,60,159509.SZ|159870.SZ|159901.SZ|159920.SZ|159980.SZ|159981.SZ|159985.SZ|501018.SH|510050.SH|513100.SH|513310.SH|513730.SH|513750.SH,2.074599499921724,0.8901497039450326,neighbor,2,161226.SZ,159981.SZ
rolling_multi_start_hill,2026-01-01/2026-06-30,2026-07-01/2026-07-26,61,159611.SZ|159980.SZ|159981.SZ|161226.SZ|513070.SH|513100.SH|513180.SH|513310.SH|513500.SH|515220.SH|518880.SH|520870.SH|588200.SH,0.876474646502551,0.8950356736682759,restart,3,,
rolling_multi_start_hill,2026-01-01/2026-06-30,2026-07-01/2026-07-26,62,159611.SZ|159980.SZ|159981.SZ|159985.SZ|161226.SZ|513070.SH|513100.SH|513180.SH|513310.SH|513500.SH|515220.SH|520870.SH|588200.SH,1.05257645240355,0.8950356736682759,neighbor,3,518880.SH,159985.SZ
rolling_multi_start_hill,2026-01-01/2026-06-30,2026-07-01/2026-07-26,63,159611.SZ|159687.SZ|159980.SZ|159981.SZ|159985.SZ|161226.SZ|513070.SH|513180.SH|513310.SH|513500.SH|515220.SH|520870.SH|588200.SH,0.677069245564461,0.7933520712600858,neighbor,3,513100.SH,159687.SZ
rolling_multi_start_hill,2026-01-01/2026-06-30,2026-07-01/2026-07-26,64,159611.SZ|159980.SZ|159981.SZ|161226.SZ|501018.SH|513070.SH|513100.SH|513180.SH|513310.SH|513500.SH|515220.SH|520870.SH|588200.SH,1.7713882725994146,0.8950356736682759,neighbor,3,159985.SZ,501018.SH
rolling_multi_start_hill,2026-01-01/2026-06-30,2026-07-01/2026-07-26,65,159611.SZ|159980.SZ|159981.SZ|161226.SZ|501018.SH|513070.SH|513100.SH|513180.SH|513310.SH|513500.SH|520870.SH|563300.SH|588200.SH,1.5207612869203084,0.8950356736682759,neighbor,3,515220.SH,563300.SH
rolling_multi_start_hill,2026-01-01/2026-06-30,2026-07-01/2026-07-26,66,159611.SZ|159980.SZ|159981.SZ|161226.SZ|501018.SH|513070.SH|513100.SH|513180.SH|513400.SH|513500.SH|515220.SH|520870.SH|588200.SH,1.4221980739328506,0.8950356736682759,neighbor,3,513310.SH,513400.SH
rolling_multi_start_hill,2026-01-01/2026-06-30,2026-07-01/2026-07-26,67,159611.SZ|159980.SZ|159981.SZ|161226.SZ|501018.SH|510880.SH|513070.SH|513100.SH|513180.SH|513310.SH|513500.SH|515220.SH|520870.SH,0.947098840505918,0.8950356736682759,neighbor,3,588200.SH,510880.SH
rolling_multi_start_hill,2026-01-01/2026-06-30,2026-07-01/2026-07-26,68,159611.SZ|159980.SZ|159981.SZ|161226.SZ|501018.SH|513070.SH|513180.SH|513310.SH|513500.SH|513730.SH|515220.SH|520870.SH|588200.SH,1.4641711333621155,0.7802658508638117,neighbor,3,513100.SH,513730.SH
rolling_multi_start_hill,2026-01-01/2026-06-30,2026-07-01/2026-07-26,69,159529.SZ|159611.SZ|159980.SZ|159981.SZ|161226.SZ|501018.SH|513070.SH|513100.SH|513180.SH|513310.SH|515220.SH|520870.SH|588200.SH,1.8099781173893963,0.665760968479371,neighbor,3,513500.SH,159529.SZ
rolling_multi_start_hill,2026-01-01/2026-06-30,2026-07-01/2026-07-26,70,159529.SZ|159611.SZ|159980.SZ|159981.SZ|161226.SZ|501018.SH|513070.SH|513100.SH|513310.SH|513750.SH|515220.SH|520870.SH|588200.SH,1.71574249561716,0.665760968479371,neighbor,3,513180.SH,513750.SH
rolling_multi_start_hill,2026-01-01/2026-06-30,2026-07-01/2026-07-26,71,159529.SZ|159611.SZ|159981.SZ|159985.SZ|161226.SZ|501018.SH|513070.SH|513100.SH|513180.SH|513310.SH|515220.SH|520870.SH|588200.SH,1.4227731508362313,0.665760968479371,neighbor,3,159980.SZ,159985.SZ
rolling_multi_start_hill,2026-01-01/2026-06-30,2026-07-01/2026-07-26,72,159529.SZ|159611.SZ|159980.SZ|159981.SZ|161226.SZ|513070.SH|513100.SH|513180.SH|513310.SH|515220.SH|518880.SH|520870.SH|588200.SH,0.775158254977061,0.7522587312090414,neighbor,3,501018.SH,518880.SH
rolling_multi_start_hill,2026-01-01/2026-06-30,2026-07-01/2026-07-26,73,159529.SZ|159611.SZ|159852.SZ|159980.SZ|159981.SZ|161226.SZ|501018.SH|513070.SH|513100.SH|513180.SH|513310.SH|520870.SH|588200.SH,1.1397911774785738,0.665760968479371,neighbor,3,515220.SH,159852.SZ
rolling_multi_start_hill,2026-01-01/2026-06-30,2026-07-01/2026-07-26,74,159529.SZ|159611.SZ|159981.SZ|161226.SZ|501018.SH|513070.SH|513100.SH|513180.SH|513310.SH|515220.SH|518880.SH|520870.SH|588200.SH,1.3014722996505053,0.665760968479371,neighbor,3,159980.SZ,518880.SH
rolling_multi_start_hill,2026-01-01/2026-06-30,2026-07-01/2026-07-26,75,159529.SZ|159901.SZ|159980.SZ|159981.SZ|161226.SZ|501018.SH|513070.SH|513100.SH|513180.SH|513310.SH|515220.SH|520870.SH|588200.SH,1.9534526825072012,0.6830857758674789,neighbor,3,159611.SZ,159901.SZ
rolling_multi_start_hill,2026-01-01/2026-06-30,2026-07-01/2026-07-26,76,159529.SZ|159901.SZ|159980.SZ|159981.SZ|161226.SZ|501018.SH|513070.SH|513100.SH|513180.SH|513290.SH|515220.SH|520870.SH|588200.SH,0.9407204050079611,0.6830857758674789,neighbor,3,513310.SH,513290.SH
rolling_multi_start_hill,2026-01-01/2026-06-30,2026-07-01/2026-07-26,77,159509.SZ|159529.SZ|159901.SZ|159980.SZ|159981.SZ|161226.SZ|501018.SH|513070.SH|513100.SH|513180.SH|515220.SH|520870.SH|588200.SH,0.903628780536488,0.8901497039450326,neighbor,3,513310.SH,159509.SZ
rolling_multi_start_hill,2026-01-01/2026-06-30,2026-07-01/2026-07-26,78,159529.SZ|159901.SZ|159980.SZ|159981.SZ|159985.SZ|161226.SZ|513070.SH|513100.SH|513180.SH|513310.SH|515220.SH|520870.SH|588200.SH,1.3475571699422104,0.6830857758674789,neighbor,3,501018.SH,159985.SZ
rolling_multi_start_hill,2026-01-01/2026-06-30,2026-07-01/2026-07-26,79,159529.SZ|159901.SZ|159980.SZ|159981.SZ|161226.SZ|501018.SH|513070.SH|513100.SH|513180.SH|513310.SH|513500.SH|515220.SH|588200.SH,1.4866483496558922,0.8950356736682759,neighbor,3,520870.SH,513500.SH
rolling_multi_start_hill,2026-01-01/2026-06-30,2026-07-01/2026-07-26,80,159529.SZ|159901.SZ|159980.SZ|159981.SZ|159985.SZ|501018.SH|513070.SH|513100.SH|513180.SH|513310.SH|515220.SH|520870.SH|588200.SH,1.2356133879636102,0.6830857758674789,neighbor,3,161226.SZ,159985.SZ
rolling_multi_start_hill,2026-01-01/2026-06-30,2026-07-01/2026-07-26,81,159509.SZ|159796.SZ|159920.SZ|159980.SZ|159981.SZ|501018.SH|512660.SH|513070.SH|513100.SH|513290.SH|515880.SH|518880.SH|520870.SH,1.533875357365146,0.8901497039450326,restart,4,,
rolling_multi_start_hill,2026-01-01/2026-06-30,2026-07-01/2026-07-26,82,159509.SZ|159796.SZ|159920.SZ|159980.SZ|159981.SZ|160644.SZ|501018.SH|512660.SH|513070.SH|513100.SH|513290.SH|515880.SH|518880.SH,1.7971880893646965,0.8901497039450326,neighbor,4,520870.SH,160644.SZ
rolling_multi_start_hill,2026-01-01/2026-06-30,2026-07-01/2026-07-26,83,159509.SZ|159796.SZ|159920.SZ|159980.SZ|159981.SZ|160644.SZ|501018.SH|512660.SH|513070.SH|513100.SH|513310.SH|515880.SH|518880.SH,1.8453799905179566,0.8901497039450326,neighbor,4,513290.SH,513310.SH
rolling_multi_start_hill,2026-01-01/2026-06-30,2026-07-01/2026-07-26,84,159509.SZ|159796.SZ|159920.SZ|159980.SZ|159981.SZ|160644.SZ|501018.SH|512660.SH|513030.SH|513070.SH|513100.SH|515880.SH|518880.SH,1.1696486735584946,0.8901497039450326,neighbor,4,513310.SH,513030.SH
rolling_multi_start_hill,2026-01-01/2026-06-30,2026-07-01/2026-07-26,85,159509.SZ|159796.SZ|159920.SZ|159980.SZ|160644.SZ|161226.SZ|501018.SH|512660.SH|513070.SH|513100.SH|513310.SH|515880.SH|518880.SH,2.199802602919457,0.8901497039450326,neighbor,4,159981.SZ,161226.SZ
rolling_multi_start_hill,2026-01-01/2026-06-30,2026-07-01/2026-07-26,86,159509.SZ|159796.SZ|159920.SZ|159980.SZ|160644.SZ|161226.SZ|501018.SH|512040.SH|512660.SH|513070.SH|513100.SH|513310.SH|518880.SH,1.53025092672761,0.8901497039450326,neighbor,4,515880.SH,512040.SH
rolling_multi_start_hill,2026-01-01/2026-06-30,2026-07-01/2026-07-26,87,159509.SZ|159796.SZ|159920.SZ|159980.SZ|160644.SZ|161226.SZ|501018.SH|512660.SH|513070.SH|513100.SH|513290.SH|515880.SH|518880.SH,2.095106029653103,0.8901497039450326,neighbor,4,513310.SH,513290.SH
rolling_multi_start_hill,2026-01-01/2026-06-30,2026-07-01/2026-07-26,88,159509.SZ|159796.SZ|159920.SZ|159985.SZ|160644.SZ|161226.SZ|501018.SH|512660.SH|513070.SH|513100.SH|513310.SH|515880.SH|518880.SH,3.2036475634031523,0.8901497039450326,neighbor,4,159980.SZ,159985.SZ
rolling_multi_start_hill,2026-01-01/2026-06-30,2026-07-01/2026-07-26,89,159201.SZ|159509.SZ|159796.SZ|159920.SZ|159985.SZ|160644.SZ|161226.SZ|501018.SH|513070.SH|513100.SH|513310.SH|515880.SH|518880.SH,3.707014120684582,0.8901497039450326,neighbor,4,512660.SH,159201.SZ
rolling_multi_start_hill,2026-01-01/2026-06-30,2026-07-01/2026-07-26,90,159509.SZ|159796.SZ|159920.SZ|159985.SZ|160644.SZ|161226.SZ|501018.SH|513070.SH|513100.SH|513310.SH|515210.SH|515880.SH|518880.SH,3.4203746689363546,0.8901497039450326,neighbor,4,159201.SZ,515210.SH
rolling_multi_start_hill,2026-01-01/2026-06-30,2026-07-01/2026-07-26,91,159201.SZ|159509.SZ|159920.SZ|159985.SZ|160644.SZ|161226.SZ|501018.SH|510180.SH|513070.SH|513100.SH|513310.SH|515880.SH|518880.SH,3.0922112864605134,0.8901497039450326,neighbor,4,159796.SZ,510180.SH
rolling_multi_start_hill,2026-01-01/2026-06-30,2026-07-01/2026-07-26,92,159201.SZ|159509.SZ|159796.SZ|159985.SZ|160644.SZ|161226.SZ|501018.SH|513070.SH|513100.SH|513180.SH|513310.SH|515880.SH|518880.SH,3.707014120684582,0.8901497039450326,neighbor,4,159920.SZ,513180.SH
rolling_multi_start_hill,2026-01-01/2026-06-30,2026-07-01/2026-07-26,93,159201.SZ|159509.SZ|159796.SZ|159920.SZ|159980.SZ|159985.SZ|160644.SZ|161226.SZ|513070.SH|513100.SH|513310.SH|515880.SH|518880.SH,1.973922857105894,0.8901497039450326,neighbor,4,501018.SH,159980.SZ
rolling_multi_start_hill,2026-01-01/2026-06-30,2026-07-01/2026-07-26,94,159201.SZ|159509.SZ|159796.SZ|159920.SZ|159981.SZ|159985.SZ|160644.SZ|501018.SH|513070.SH|513100.SH|513310.SH|515880.SH|518880.SH,2.8173001257472583,0.8901497039450326,neighbor,4,161226.SZ,159981.SZ
rolling_multi_start_hill,2026-01-01/2026-06-30,2026-07-01/2026-07-26,95,159201.SZ|159509.SZ|159796.SZ|159920.SZ|159985.SZ|160644.SZ|161226.SZ|501018.SH|512100.SH|513070.SH|513100.SH|513310.SH|518880.SH,2.1703507131381943,0.8901497039450326,neighbor,4,515880.SH,512100.SH
rolling_multi_start_hill,2026-01-01/2026-06-30,2026-07-01/2026-07-26,96,159201.SZ|159509.SZ|159796.SZ|159920.SZ|159985.SZ|160644.SZ|161226.SZ|501018.SH|513070.SH|513100.SH|513310.SH|516150.SH|518880.SH,2.11849628764049,0.8901497039450326,neighbor,4,515880.SH,516150.SH
rolling_multi_start_hill,2026-01-01/2026-06-30,2026-07-01/2026-07-26,97,159201.SZ|159509.SZ|159796.SZ|159920.SZ|159981.SZ|159985.SZ|160644.SZ|161226.SZ|513070.SH|513100.SH|513310.SH|515880.SH|518880.SH,2.4488274266270733,0.8901497039450326,neighbor,4,501018.SH,159981.SZ
rolling_multi_start_hill,2026-01-01/2026-06-30,2026-07-01/2026-07-26,98,159201.SZ|159509.SZ|159796.SZ|159920.SZ|159981.SZ|159985.SZ|160644.SZ|161226.SZ|501018.SH|513070.SH|513100.SH|513310.SH|515880.SH,3.4141042864109283,0.8901497039450326,neighbor,4,518880.SH,159981.SZ
rolling_multi_start_hill,2026-01-01/2026-06-30,2026-07-01/2026-07-26,99,159201.SZ|159509.SZ|159796.SZ|159920.SZ|159980.SZ|159985.SZ|160644.SZ|501018.SH|513070.SH|513100.SH|513310.SH|515880.SH|518880.SH,3.166806803772087,0.8901497039450326,neighbor,4,161226.SZ,159980.SZ
rolling_multi_start_hill,2026-01-01/2026-06-30,2026-07-01/2026-07-26,100,159509.SZ|159796.SZ|159920.SZ|159985.SZ|160644.SZ|161226.SZ|501018.SH|512200.SH|513070.SH|513100.SH|513310.SH|515880.SH|518880.SH,3.457217716999138,0.8901497039450326,neighbor,4,159201.SZ,512200.SH
