method,training_year,holding_year,evaluation,codes,sharpe,maximum_within_group_correlation,phase,locked_count
rolling_sequential_forward,2021,2022,1,159865.SZ|159901.SZ|159920.SZ|159980.SZ|159985.SZ|501018.SH|513030.SH|513080.SH|513180.SH|513500.SH|513880.SH|515210.SH|518880.SH,-0.04141558142205041,0.910284859375849,warmup,
rolling_sequential_forward,2021,2022,2,159869.SZ|159920.SZ|159949.SZ|159980.SZ|159981.SZ|159985.SZ|160644.SZ|161226.SZ|164824.SZ|512660.SH|513030.SH|513100.SH|513180.SH,0.5792789991411761,0.910284859375849,warmup,
rolling_sequential_forward,2021,2022,3,159920.SZ|159980.SZ|159985.SZ|160644.SZ|161226.SZ|501018.SH|510180.SH|512800.SH|512880.SH|513030.SH|513100.SH|513180.SH|513500.SH,0.4639849103247611,0.910284859375849,warmup,
rolling_sequential_forward,2021,2022,4,159825.SZ|159920.SZ|159980.SZ|159981.SZ|160644.SZ|161226.SZ|164824.SZ|512040.SH|512400.SH|513080.SH|513180.SH|513880.SH|518880.SH,-0.4830060470827395,0.910284859375849,warmup,
rolling_sequential_forward,2021,2022,5,159920.SZ|159980.SZ|159981.SZ|159985.SZ|164824.SZ|501018.SH|510210.SH|512100.SH|512980.SH|513030.SH|513080.SH|513180.SH|513500.SH,1.3954882682134913,0.910284859375849,warmup,
rolling_sequential_forward,2021,2022,6,159870.SZ|159920.SZ|159967.SZ|159981.SZ|159985.SZ|161226.SZ|164824.SZ|510880.SH|513030.SH|513080.SH|513180.SH|513880.SH|518880.SH,-0.24604472652473744,0.910284859375849,warmup,
rolling_sequential_forward,2021,2022,7,159920.SZ|159980.SZ|160644.SZ|161226.SZ|164824.SZ|501018.SH|512200.SH|513180.SH|513500.SH|513880.SH|515210.SH|518880.SH|588000.SH,0.3759751358098472,0.910284859375849,warmup,
rolling_sequential_forward,2021,2022,8,159869.SZ|159920.SZ|159980.SZ|159985.SZ|160644.SZ|161226.SZ|164824.SZ|512980.SH|513030.SH|513180.SH|513880.SH|515220.SH|518880.SH,-0.5120980498510609,0.910284859375849,warmup,
rolling_sequential_forward,2021,2022,9,159920.SZ|159980.SZ|159985.SZ|160644.SZ|164824.SZ|501018.SH|510180.SH|513080.SH|513180.SH|513880.SH|515880.SH|516150.SH|518880.SH,0.14992775701918234,0.910284859375849,warmup,
rolling_sequential_forward,2021,2022,10,159852.SZ|159920.SZ|159980.SZ|159985.SZ|160644.SZ|161226.SZ|513030.SH|513080.SH|513100.SH|513180.SH|515210.SH|518880.SH|588000.SH,-0.7684624636808436,0.910284859375849,warmup,
rolling_sequential_forward,2021,2022,11,159920.SZ|159928.SZ|159981.SZ|159985.SZ|160644.SZ|161226.SZ|164824.SZ|501018.SH|512200.SH|512400.SH|513030.SH|513180.SH|513500.SH,0.33345553737924344,0.910284859375849,warmup,
rolling_sequential_forward,2021,2022,12,159852.SZ|159920.SZ|159980.SZ|159981.SZ|161226.SZ|164824.SZ|513030.SH|513080.SH|513100.SH|513180.SH|515220.SH|518880.SH|588000.SH,0.2038216108056168,0.910284859375849,warmup,
rolling_sequential_forward,2021,2022,13,159825.SZ|159852.SZ|159920.SZ|159980.SZ|159981.SZ|159985.SZ|160644.SZ|161226.SZ|510180.SH|513080.SH|513100.SH|513180.SH|513500.SH,0.2047927948590405,0.910284859375849,warmup,
rolling_sequential_forward,2021,2022,14,159920.SZ|159928.SZ|159980.SZ|159985.SZ|160644.SZ|161226.SZ|164824.SZ|501018.SH|512800.SH|513100.SH|513180.SH|513880.SH|516150.SH,-0.30047909498608455,0.910284859375849,warmup,
rolling_sequential_forward,2021,2022,15,159920.SZ|159980.SZ|159981.SZ|159985.SZ|161226.SZ|164824.SZ|510180.SH|510500.SH|513030.SH|513080.SH|513180.SH|513500.SH|516150.SH,-0.2294158582879856,0.910284859375849,warmup,
rolling_sequential_forward,2021,2022,16,159869.SZ|159870.SZ|159920.SZ|159980.SZ|159981.SZ|159985.SZ|164824.SZ|501018.SH|513030.SH|513100.SH|513180.SH|513500.SH|515210.SH,0.90369039351012,0.910284859375849,warmup,
rolling_sequential_forward,2021,2022,17,159870.SZ|159915.SZ|159920.SZ|159981.SZ|159985.SZ|160644.SZ|161226.SZ|164824.SZ|513030.SH|513180.SH|513880.SH|515880.SH|518880.SH,-0.2769895943956601,0.910284859375849,warmup,
rolling_sequential_forward,2021,2022,18,159920.SZ|159928.SZ|159980.SZ|159981.SZ|159985.SZ|164824.SZ|501018.SH|510210.SH|512100.SH|513030.SH|513180.SH|513500.SH|513880.SH,0.8441350599837124,0.910284859375849,warmup,
rolling_sequential_forward,2021,2022,19,159870.SZ|159920.SZ|159967.SZ|159980.SZ|159981.SZ|161226.SZ|164824.SZ|501018.SH|512400.SH|513030.SH|513080.SH|513180.SH|513500.SH,0.4887972347938275,0.910284859375849,warmup,
rolling_sequential_forward,2021,2022,20,159869.SZ|159920.SZ|159980.SZ|159981.SZ|160644.SZ|161226.SZ|164824.SZ|501018.SH|510050.SH|512880.SH|513100.SH|513180.SH|513880.SH,0.5390819970945087,0.910284859375849,warmup,
rolling_sequential_forward,2021,2022,21,159869.SZ|159920.SZ|159980.SZ|159981.SZ|159985.SZ|160644.SZ|164824.SZ|501018.SH|510210.SH|510300.SH|513100.SH|513180.SH|513500.SH,1.3800948140125016,0.910284859375849,forward,1.0
rolling_sequential_forward,2021,2022,22,159920.SZ|159980.SZ|159981.SZ|161226.SZ|164824.SZ|510050.SH|510210.SH|513030.SH|513180.SH|513500.SH|513880.SH|516150.SH|518880.SH,-0.46826829626507127,0.910284859375849,forward,1.0
rolling_sequential_forward,2021,2022,23,159852.SZ|159920.SZ|159985.SZ|160644.SZ|161226.SZ|164824.SZ|501018.SH|510210.SH|512040.SH|513030.SH|513100.SH|513180.SH|518880.SH,0.33554384631897155,0.910284859375849,forward,1.0
rolling_sequential_forward,2021,2022,24,159920.SZ|159980.SZ|159985.SZ|160644.SZ|501018.SH|510050.SH|510210.SH|512980.SH|513030.SH|513180.SH|513500.SH|513880.SH|518880.SH,-0.36476004317280664,0.910284859375849,forward,1.0
rolling_sequential_forward,2021,2022,25,159920.SZ|159980.SZ|159985.SZ|164824.SZ|501018.SH|510210.SH|512890.SH|513080.SH|513100.SH|513180.SH|513500.SH|515790.SH|518880.SH,1.124354329588412,0.910284859375849,forward,1.0
rolling_sequential_forward,2021,2022,26,159920.SZ|159980.SZ|159981.SZ|161226.SZ|164824.SZ|510210.SH|510300.SH|512800.SH|513030.SH|513180.SH|513500.SH|513880.SH|518880.SH,-0.6300533709832217,0.910284859375849,forward,2.0
rolling_sequential_forward,2021,2022,27,159920.SZ|159980.SZ|159981.SZ|159985.SZ|160644.SZ|501018.SH|510210.SH|510300.SH|512100.SH|513030.SH|513100.SH|513180.SH|513500.SH,0.6876460057198431,0.910284859375849,forward,2.0
rolling_sequential_forward,2021,2022,28,159920.SZ|159980.SZ|159985.SZ|164824.SZ|501018.SH|510210.SH|510300.SH|513030.SH|513080.SH|513180.SH|513880.SH|516150.SH|518880.SH,-0.08899725814282047,0.910284859375849,forward,2.0
rolling_sequential_forward,2021,2022,29,159869.SZ|159920.SZ|159980.SZ|159981.SZ|159985.SZ|160644.SZ|161226.SZ|164824.SZ|510210.SH|510300.SH|513030.SH|513080.SH|513180.SH,0.18106790797546288,0.910284859375849,forward,2.0
rolling_sequential_forward,2021,2022,30,159920.SZ|159980.SZ|159985.SZ|501018.SH|510210.SH|510300.SH|512660.SH|513030.SH|513080.SH|513100.SH|513180.SH|513500.SH|518880.SH,-0.005135209580293131,0.910284859375849,forward,2.0
rolling_sequential_forward,2021,2022,31,159920.SZ|159980.SZ|159981.SZ|160644.SZ|164824.SZ|501018.SH|510210.SH|510300.SH|512890.SH|513030.SH|513180.SH|513500.SH|518880.SH,0.6210957672986007,0.910284859375849,forward,3.0
rolling_sequential_forward,2021,2022,32,159920.SZ|159980.SZ|159985.SZ|160644.SZ|164824.SZ|501018.SH|510210.SH|510300.SH|512890.SH|513100.SH|513180.SH|513880.SH|518880.SH,0.2686691795684338,0.910284859375849,forward,3.0
rolling_sequential_forward,2021,2022,33,159920.SZ|159985.SZ|161226.SZ|164824.SZ|501018.SH|510210.SH|510300.SH|512890.SH|513030.SH|513080.SH|513180.SH|513500.SH|518880.SH,-0.07210182756037847,0.910284859375849,forward,3.0
rolling_sequential_forward,2021,2022,34,159920.SZ|159980.SZ|159981.SZ|501018.SH|510210.SH|510300.SH|512890.SH|513030.SH|513080.SH|513100.SH|513180.SH|513500.SH|518880.SH,0.5590639975266343,0.910284859375849,forward,3.0
rolling_sequential_forward,2021,2022,35,159920.SZ|159980.SZ|159981.SZ|160644.SZ|501018.SH|510210.SH|510300.SH|512890.SH|513080.SH|513100.SH|513180.SH|513500.SH|518880.SH,0.6581909413808855,0.910284859375849,forward,3.0
rolling_sequential_forward,2021,2022,36,159920.SZ|159980.SZ|159985.SZ|164824.SZ|501018.SH|510210.SH|510300.SH|512890.SH|513030.SH|513080.SH|513180.SH|513880.SH|518880.SH,-0.29189806565054127,0.910284859375849,forward,4.0
rolling_sequential_forward,2021,2022,37,159920.SZ|159980.SZ|159981.SZ|159985.SZ|160644.SZ|164824.SZ|501018.SH|510210.SH|510300.SH|512890.SH|513080.SH|513180.SH|513880.SH,0.2168179664182319,0.910284859375849,forward,4.0
rolling_sequential_forward,2021,2022,38,159920.SZ|159980.SZ|159981.SZ|160644.SZ|501018.SH|510210.SH|510300.SH|512890.SH|513080.SH|513100.SH|513180.SH|513880.SH|518880.SH,0.33486992859432396,0.910284859375849,forward,4.0
rolling_sequential_forward,2021,2022,39,159920.SZ|159980.SZ|159981.SZ|160644.SZ|164824.SZ|501018.SH|510210.SH|510300.SH|512890.SH|513080.SH|513180.SH|513500.SH|518880.SH,0.7563348091715602,0.910284859375849,forward,4.0
rolling_sequential_forward,2021,2022,40,159920.SZ|159980.SZ|159981.SZ|160644.SZ|161226.SZ|501018.SH|510210.SH|510300.SH|512890.SH|513100.SH|513180.SH|513500.SH|513880.SH,0.875796380802188,0.910284859375849,forward,4.0
rolling_sequential_forward,2021,2022,41,159920.SZ|159985.SZ|160644.SZ|161226.SZ|164824.SZ|501018.SH|510210.SH|510300.SH|512890.SH|513030.SH|513180.SH|513500.SH|518880.SH,-0.0672535964798855,0.910284859375849,forward,5.0
rolling_sequential_forward,2021,2022,42,159920.SZ|159981.SZ|159985.SZ|161226.SZ|164824.SZ|501018.SH|510210.SH|510300.SH|512890.SH|513030.SH|513180.SH|513500.SH|513880.SH,0.27784532699181547,0.910284859375849,forward,5.0
rolling_sequential_forward,2021,2022,43,159920.SZ|159985.SZ|160644.SZ|161226.SZ|501018.SH|510210.SH|510300.SH|512890.SH|513030.SH|513080.SH|513180.SH|513500.SH|518880.SH,-0.41250718079959536,0.910284859375849,forward,5.0
rolling_sequential_forward,2021,2022,44,159920.SZ|159985.SZ|161226.SZ|164824.SZ|501018.SH|510210.SH|510300.SH|512890.SH|513080.SH|513100.SH|513180.SH|513500.SH|518880.SH,0.26474637284338887,0.910284859375849,forward,5.0
rolling_sequential_forward,2021,2022,45,159920.SZ|159981.SZ|159985.SZ|161226.SZ|501018.SH|510210.SH|510300.SH|512890.SH|513030.SH|513080.SH|513100.SH|513180.SH|513500.SH,0.5187698755599642,0.910284859375849,forward,5.0
rolling_sequential_forward,2021,2022,46,159920.SZ|159980.SZ|159985.SZ|160644.SZ|161226.SZ|501018.SH|510210.SH|510300.SH|512890.SH|513080.SH|513100.SH|513180.SH|513500.SH,0.6869514305841444,0.910284859375849,forward,6.0
rolling_sequential_forward,2021,2022,47,159920.SZ|159980.SZ|159985.SZ|501018.SH|510210.SH|510300.SH|512890.SH|513030.SH|513080.SH|513100.SH|513180.SH|513500.SH|518880.SH,-0.06396465214999444,0.910284859375849,forward,6.0
rolling_sequential_forward,2021,2022,48,159920.SZ|159980.SZ|159981.SZ|159985.SZ|164824.SZ|501018.SH|510210.SH|510300.SH|512890.SH|513080.SH|513100.SH|513180.SH|513500.SH,1.0038807308482338,0.910284859375849,forward,6.0
rolling_sequential_forward,2021,2022,49,159920.SZ|159985.SZ|160644.SZ|161226.SZ|501018.SH|510210.SH|510300.SH|512890.SH|513100.SH|513180.SH|513500.SH|513880.SH|518880.SH,-0.3035240153985929,0.910284859375849,forward,6.0
rolling_sequential_forward,2021,2022,50,159920.SZ|159980.SZ|159985.SZ|160644.SZ|161226.SZ|501018.SH|510210.SH|510300.SH|512890.SH|513100.SH|513180.SH|513500.SH|513880.SH,0.6099203539067726,0.910284859375849,forward,6.0
rolling_sequential_forward,2021,2022,51,159920.SZ|159981.SZ|161226.SZ|501018.SH|510210.SH|510300.SH|512890.SH|513030.SH|513080.SH|513100.SH|513180.SH|513500.SH|518880.SH,0.36848358422406896,0.910284859375849,forward,7.0
rolling_sequential_forward,2021,2022,52,159920.SZ|159981.SZ|159985.SZ|160644.SZ|161226.SZ|501018.SH|510210.SH|510300.SH|512890.SH|513100.SH|513180.SH|513500.SH|513880.SH,0.8677760785248937,0.910284859375849,forward,7.0
rolling_sequential_forward,2021,2022,53,159920.SZ|159980.SZ|159981.SZ|159985.SZ|160644.SZ|501018.SH|510210.SH|510300.SH|512890.SH|513080.SH|513100.SH|513180.SH|513500.SH,1.0855140210416823,0.910284859375849,forward,7.0
rolling_sequential_forward,2021,2022,54,159920.SZ|159981.SZ|160644.SZ|161226.SZ|164824.SZ|501018.SH|510210.SH|510300.SH|512890.SH|513100.SH|513180.SH|513500.SH|518880.SH,0.7645248002072027,0.910284859375849,forward,7.0
rolling_sequential_forward,2021,2022,55,159920.SZ|159980.SZ|159981.SZ|164824.SZ|501018.SH|510210.SH|510300.SH|512890.SH|513080.SH|513100.SH|513180.SH|513500.SH|518880.SH,0.8664296986324732,0.910284859375849,forward,7.0
rolling_sequential_forward,2021,2022,56,159920.SZ|159981.SZ|159985.SZ|161226.SZ|501018.SH|510210.SH|510300.SH|512890.SH|513030.SH|513100.SH|513180.SH|513500.SH|513880.SH,0.5808544189503616,0.910284859375849,forward,7.0
rolling_sequential_forward,2021,2022,57,159920.SZ|159981.SZ|159985.SZ|164824.SZ|501018.SH|510210.SH|510300.SH|512890.SH|513080.SH|513100.SH|513180.SH|513500.SH|518880.SH,0.6124008424208982,0.910284859375849,forward,7.0
rolling_sequential_forward,2021,2022,58,159920.SZ|159981.SZ|161226.SZ|164824.SZ|501018.SH|510210.SH|510300.SH|512890.SH|513080.SH|513100.SH|513180.SH|513500.SH|518880.SH,0.5336573349036149,0.910284859375849,forward,7.0
rolling_sequential_forward,2021,2022,59,159920.SZ|159980.SZ|159981.SZ|160644.SZ|164824.SZ|501018.SH|510210.SH|510300.SH|512890.SH|513100.SH|513180.SH|513500.SH|518880.SH,0.9699026981547643,0.910284859375849,forward,7.0
rolling_sequential_forward,2021,2022,60,159920.SZ|159981.SZ|159985.SZ|501018.SH|510210.SH|510300.SH|512890.SH|513030.SH|513100.SH|513180.SH|513500.SH|513880.SH|518880.SH,0.1363720784411448,0.910284859375849,forward,7.0
rolling_sequential_forward,2021,2022,61,159920.SZ|159981.SZ|159985.SZ|160644.SZ|501018.SH|510210.SH|510300.SH|512890.SH|513080.SH|513100.SH|513180.SH|513500.SH|518880.SH,0.6322145993086329,0.910284859375849,forward,7.0
rolling_sequential_forward,2021,2022,62,159920.SZ|159980.SZ|159981.SZ|160644.SZ|161226.SZ|501018.SH|510210.SH|510300.SH|512890.SH|513030.SH|513100.SH|513180.SH|513500.SH,1.019464998118884,0.910284859375849,forward,7.0
rolling_sequential_forward,2021,2022,63,159920.SZ|159980.SZ|159981.SZ|159985.SZ|164824.SZ|501018.SH|510210.SH|510300.SH|512890.SH|513100.SH|513180.SH|513500.SH|513880.SH,0.6193918042535251,0.910284859375849,forward,7.0
rolling_sequential_forward,2021,2022,64,159920.SZ|159980.SZ|159981.SZ|159985.SZ|160644.SZ|501018.SH|510210.SH|510300.SH|512890.SH|513100.SH|513180.SH|513500.SH|513880.SH,1.2046451811005703,0.910284859375849,forward,7.0
rolling_sequential_forward,2021,2022,65,159920.SZ|159981.SZ|159985.SZ|501018.SH|510210.SH|510300.SH|512890.SH|513030.SH|513080.SH|513100.SH|513180.SH|513500.SH|518880.SH,0.2035535388404977,0.910284859375849,forward,7.0
rolling_sequential_forward,2021,2022,66,159920.SZ|159980.SZ|159981.SZ|164824.SZ|501018.SH|510210.SH|510300.SH|512890.SH|513030.SH|513100.SH|513180.SH|513500.SH|518880.SH,0.7248353551288452,0.910284859375849,forward,7.0
rolling_sequential_forward,2021,2022,67,159920.SZ|159981.SZ|159985.SZ|160644.SZ|501018.SH|510210.SH|510300.SH|512890.SH|513030.SH|513100.SH|513180.SH|513500.SH|518880.SH,0.4157003201624022,0.910284859375849,forward,7.0
rolling_sequential_forward,2021,2022,68,159920.SZ|159980.SZ|159981.SZ|160644.SZ|501018.SH|510210.SH|510300.SH|512890.SH|513100.SH|513180.SH|513500.SH|513880.SH|518880.SH,0.586667039894688,0.910284859375849,forward,7.0
rolling_sequential_forward,2021,2022,69,159920.SZ|159981.SZ|160644.SZ|161226.SZ|501018.SH|510210.SH|510300.SH|512890.SH|513030.SH|513100.SH|513180.SH|513500.SH|518880.SH,0.5544028498034964,0.910284859375849,forward,7.0
rolling_sequential_forward,2021,2022,70,159920.SZ|159980.SZ|159981.SZ|161226.SZ|164824.SZ|501018.SH|510210.SH|510300.SH|512890.SH|513080.SH|513100.SH|513180.SH|513500.SH,0.9909305189195577,0.910284859375849,forward,7.0
rolling_sequential_forward,2021,2022,71,159920.SZ|159981.SZ|159985.SZ|160644.SZ|161226.SZ|164824.SZ|501018.SH|510210.SH|510300.SH|512890.SH|513100.SH|513180.SH|513500.SH,1.1896829241591629,0.910284859375849,forward,7.0
rolling_sequential_forward,2021,2022,72,159920.SZ|159980.SZ|159981.SZ|161226.SZ|164824.SZ|501018.SH|510210.SH|510300.SH|512890.SH|513030.SH|513100.SH|513180.SH|513500.SH,0.9693187510986293,0.910284859375849,forward,7.0
rolling_sequential_forward,2021,2022,73,159920.SZ|159980.SZ|159981.SZ|159985.SZ|160644.SZ|164824.SZ|501018.SH|510210.SH|510300.SH|512890.SH|513100.SH|513180.SH|513500.SH,1.3750845355537502,0.910284859375849,forward,7.0
rolling_sequential_forward,2021,2022,74,159920.SZ|159981.SZ|159985.SZ|161226.SZ|164824.SZ|501018.SH|510210.SH|510300.SH|512890.SH|513080.SH|513100.SH|513180.SH|513500.SH,0.8069694778181625,0.910284859375849,forward,7.0
rolling_sequential_forward,2021,2022,75,159920.SZ|159981.SZ|159985.SZ|160644.SZ|161226.SZ|501018.SH|510210.SH|510300.SH|512890.SH|513030.SH|513100.SH|513180.SH|513500.SH,0.694693895529231,0.910284859375849,forward,7.0
rolling_sequential_forward,2021,2022,76,159920.SZ|159981.SZ|159985.SZ|161226.SZ|501018.SH|510210.SH|510300.SH|512890.SH|513080.SH|513100.SH|513180.SH|513500.SH|513880.SH,0.668793058793587,0.910284859375849,forward,7.0
rolling_sequential_forward,2021,2022,77,159920.SZ|159981.SZ|159985.SZ|164824.SZ|501018.SH|510210.SH|510300.SH|512890.SH|513100.SH|513180.SH|513500.SH|513880.SH|518880.SH,0.37172683646161603,0.910284859375849,forward,7.0
rolling_sequential_forward,2021,2022,78,159920.SZ|159980.SZ|159981.SZ|160644.SZ|161226.SZ|501018.SH|510210.SH|510300.SH|512890.SH|513080.SH|513100.SH|513180.SH|513500.SH,0.9839659873473569,0.910284859375849,forward,7.0
rolling_sequential_forward,2021,2022,79,159920.SZ|159980.SZ|159981.SZ|159985.SZ|501018.SH|510210.SH|510300.SH|512890.SH|513030.SH|513080.SH|513100.SH|513180.SH|513500.SH,0.835876468367675,0.910284859375849,forward,7.0
rolling_sequential_forward,2021,2022,80,159920.SZ|159980.SZ|159981.SZ|161226.SZ|501018.SH|510210.SH|510300.SH|512890.SH|513030.SH|513100.SH|513180.SH|513500.SH|513880.SH,0.8324411502821655,0.910284859375849,forward,7.0
rolling_sequential_forward,2021,2022,81,159920.SZ|159980.SZ|159981.SZ|159985.SZ|501018.SH|510210.SH|510300.SH|512890.SH|513080.SH|513100.SH|513180.SH|513500.SH|513880.SH,0.8147544888118405,0.910284859375849,forward,7.0
rolling_sequential_forward,2021,2022,82,159920.SZ|159980.SZ|159981.SZ|501018.SH|510210.SH|510300.SH|512890.SH|513080.SH|513100.SH|513180.SH|513500.SH|513880.SH|518880.SH,0.41378460432550795,0.910284859375849,forward,7.0
rolling_sequential_forward,2021,2022,83,159920.SZ|159980.SZ|159981.SZ|161226.SZ|501018.SH|510210.SH|510300.SH|512890.SH|513030.SH|513080.SH|513100.SH|513180.SH|513500.SH,0.7853064873182292,0.910284859375849,forward,7.0
rolling_sequential_forward,2021,2022,84,159920.SZ|159981.SZ|159985.SZ|160644.SZ|501018.SH|510210.SH|510300.SH|512890.SH|513100.SH|513180.SH|513500.SH|513880.SH|518880.SH,0.5715794798270304,0.910284859375849,forward,7.0
rolling_sequential_forward,2021,2022,85,159920.SZ|159981.SZ|161226.SZ|501018.SH|510210.SH|510300.SH|512890.SH|513080.SH|513100.SH|513180.SH|513500.SH|513880.SH|518880.SH,0.18825304323157543,0.910284859375849,forward,7.0
rolling_sequential_forward,2021,2022,86,159920.SZ|159980.SZ|159981.SZ|161226.SZ|164824.SZ|501018.SH|510210.SH|510300.SH|512890.SH|513100.SH|513180.SH|513500.SH|513880.SH,0.3941821984009988,0.910284859375849,forward,7.0
rolling_sequential_forward,2021,2022,87,159920.SZ|159981.SZ|161226.SZ|164824.SZ|501018.SH|510210.SH|510300.SH|512890.SH|513100.SH|513180.SH|513500.SH|513880.SH|518880.SH,0.09328960386171495,0.910284859375849,forward,7.0
rolling_sequential_forward,2021,2022,88,159920.SZ|159981.SZ|161226.SZ|164824.SZ|501018.SH|510210.SH|510300.SH|512890.SH|513030.SH|513100.SH|513180.SH|513500.SH|518880.SH,0.34326362799800064,0.910284859375849,forward,7.0
rolling_sequential_forward,2021,2022,89,159920.SZ|159980.SZ|159981.SZ|159985.SZ|164824.SZ|501018.SH|510210.SH|510300.SH|512890.SH|513030.SH|513100.SH|513180.SH|513500.SH,0.9399819701131031,0.910284859375849,forward,7.0
rolling_sequential_forward,2021,2022,90,159920.SZ|159980.SZ|159981.SZ|501018.SH|510210.SH|510300.SH|512890.SH|513030.SH|513100.SH|513180.SH|513500.SH|513880.SH|518880.SH,0.44057980094313026,0.910284859375849,forward,7.0
rolling_sequential_forward,2021,2022,91,159920.SZ|159981.SZ|159985.SZ|164824.SZ|501018.SH|510210.SH|510300.SH|512890.SH|513030.SH|513100.SH|513180.SH|513500.SH|518880.SH,0.26866228031275935,0.910284859375849,forward,7.0
rolling_sequential_forward,2021,2022,92,159920.SZ|159981.SZ|160644.SZ|161226.SZ|501018.SH|510210.SH|510300.SH|512890.SH|513080.SH|513100.SH|513180.SH|513500.SH|518880.SH,0.6672846002752314,0.910284859375849,forward,7.0
rolling_sequential_forward,2021,2022,93,159920.SZ|159980.SZ|159981.SZ|159985.SZ|160644.SZ|501018.SH|510210.SH|510300.SH|512890.SH|513030.SH|513100.SH|513180.SH|513500.SH,1.0661963029996304,0.910284859375849,forward,7.0
rolling_sequential_forward,2021,2022,94,159920.SZ|159980.SZ|159981.SZ|161226.SZ|501018.SH|510210.SH|510300.SH|512890.SH|513080.SH|513100.SH|513180.SH|513500.SH|513880.SH,0.6643454966169562,0.910284859375849,forward,7.0
rolling_sequential_forward,2021,2022,95,159920.SZ|159980.SZ|159981.SZ|160644.SZ|501018.SH|510210.SH|510300.SH|512890.SH|513030.SH|513100.SH|513180.SH|513500.SH|518880.SH,0.6554581790170247,0.910284859375849,forward,7.0
rolling_sequential_forward,2021,2022,96,159920.SZ|159981.SZ|159985.SZ|160644.SZ|164824.SZ|501018.SH|510210.SH|510300.SH|512890.SH|513100.SH|513180.SH|513500.SH|518880.SH,1.06229770224207,0.910284859375849,forward,7.0
rolling_sequential_forward,2021,2022,97,159920.SZ|159981.SZ|159985.SZ|161226.SZ|164824.SZ|501018.SH|510210.SH|510300.SH|512890.SH|513030.SH|513100.SH|513180.SH|513500.SH,0.6453161182280549,0.910284859375849,forward,7.0
rolling_sequential_forward,2021,2022,98,159920.SZ|159981.SZ|161226.SZ|501018.SH|510210.SH|510300.SH|512890.SH|513030.SH|513100.SH|513180.SH|513500.SH|513880.SH|518880.SH,0.09384300817261998,0.910284859375849,forward,7.0
rolling_sequential_forward,2021,2022,99,159920.SZ|159981.SZ|160644.SZ|161226.SZ|501018.SH|510210.SH|510300.SH|512890.SH|513100.SH|513180.SH|513500.SH|513880.SH|518880.SH,0.23393046641585147,0.910284859375849,forward,7.0
rolling_sequential_forward,2021,2022,100,159920.SZ|159980.SZ|159981.SZ|159985.SZ|501018.SH|510210.SH|510300.SH|512890.SH|513030.SH|513100.SH|513180.SH|513500.SH|513880.SH,0.8472073751359408,0.910284859375849,forward,7.0
rolling_sequential_forward,2022,2023,1,159920.SZ|159980.SZ|159981.SZ|159985.SZ|161226.SZ|164824.SZ|510210.SH|512200.SH|513070.SH|513080.SH|513100.SH|513880.SH|515220.SH,-0.21850328766591093,0.9184217642745492,warmup,
rolling_sequential_forward,2022,2023,2,159915.SZ|159920.SZ|159981.SZ|159985.SZ|160644.SZ|161226.SZ|164824.SZ|512800.SH|513070.SH|513500.SH|513880.SH|515210.SH|518880.SH,-0.24156762430120182,0.9184217642745492,warmup,
rolling_sequential_forward,2022,2023,3,159865.SZ|159920.SZ|159980.SZ|159985.SZ|160644.SZ|161226.SZ|164824.SZ|510050.SH|513070.SH|513080.SH|513880.SH|518880.SH|588000.SH,-0.2574283214967924,0.9184217642745492,warmup,
rolling_sequential_forward,2022,2023,4,159865.SZ|159920.SZ|159981.SZ|161226.SZ|164824.SZ|501018.SH|510880.SH|512040.SH|513070.SH|513080.SH|513100.SH|513880.SH|518880.SH,-0.7610199760238363,0.9184217642745492,warmup,
rolling_sequential_forward,2022,2023,5,159915.SZ|159920.SZ|159980.SZ|159981.SZ|160644.SZ|164824.SZ|501018.SH|512880.SH|513070.SH|513080.SH|513880.SH|515220.SH|518880.SH,-0.1464270438961432,0.9184217642745492,warmup,
rolling_sequential_forward,2022,2023,6,159920.SZ|159985.SZ|160644.SZ|161226.SZ|164824.SZ|501018.SH|510500.SH|512170.SH|513030.SH|513070.SH|513500.SH|518880.SH|562500.SH,0.7460771546077041,0.9184217642745492,warmup,
rolling_sequential_forward,2022,2023,7,159920.SZ|159980.SZ|159981.SZ|160644.SZ|161226.SZ|164824.SZ|501018.SH|510180.SH|512040.SH|512880.SH|513070.SH|513080.SH|513500.SH,-0.038262234132591486,0.9184217642745492,warmup,
rolling_sequential_forward,2022,2023,8,159852.SZ|159865.SZ|159920.SZ|159949.SZ|159980.SZ|159981.SZ|159985.SZ|160644.SZ|513030.SH|513070.SH|513500.SH|513880.SH|518880.SH,-0.1947326396006729,0.9184217642745492,warmup,
rolling_sequential_forward,2022,2023,9,159869.SZ|159920.SZ|159980.SZ|159981.SZ|160644.SZ|164824.SZ|501018.SH|510050.SH|513030.SH|513070.SH|513880.SH|518880.SH|562500.SH,0.08037228110241439,0.9184217642745492,warmup,
rolling_sequential_forward,2022,2023,10,159851.SZ|159920.SZ|159980.SZ|159985.SZ|160644.SZ|161226.SZ|164824.SZ|512170.SH|513030.SH|513070.SH|513880.SH|518880.SH|588000.SH,-0.10159985368545474,0.9184217642745492,warmup,
rolling_sequential_forward,2022,2023,11,159920.SZ|159980.SZ|160644.SZ|161226.SZ|164824.SZ|501018.SH|512170.SH|512880.SH|513030.SH|513070.SH|513500.SH|516150.SH|518880.SH,-0.27329464098195616,0.9184217642745492,warmup,
rolling_sequential_forward,2022,2023,12,159920.SZ|159949.SZ|159980.SZ|159981.SZ|159985.SZ|160644.SZ|164824.SZ|501018.SH|510180.SH|512800.SH|513070.SH|513500.SH|513880.SH,0.5105784087691462,0.9184217642745492,warmup,
rolling_sequential_forward,2022,2023,13,159920.SZ|159949.SZ|159985.SZ|161226.SZ|164824.SZ|501018.SH|512100.SH|513070.SH|513080.SH|513500.SH|513880.SH|515220.SH|518880.SH,0.08959914767563902,0.9184217642745492,warmup,
rolling_sequential_forward,2022,2023,14,159920.SZ|159967.SZ|159980.SZ|159981.SZ|160644.SZ|164824.SZ|501018.SH|513030.SH|513070.SH|513880.SH|515210.SH|515790.SH|518880.SH,0.21290686717150317,0.9184217642745492,warmup,
rolling_sequential_forward,2022,2023,15,159851.SZ|159920.SZ|159980.SZ|159981.SZ|160644.SZ|161226.SZ|501018.SH|512170.SH|512980.SH|513070.SH|513080.SH|513100.SH|513880.SH,-0.5743136494272774,0.9184217642745492,warmup,
rolling_sequential_forward,2022,2023,16,159920.SZ|159980.SZ|159981.SZ|161226.SZ|164824.SZ|510300.SH|510880.SH|513030.SH|513070.SH|513100.SH|513880.SH|518880.SH|588000.SH,-0.5417721038143346,0.9184217642745492,warmup,
rolling_sequential_forward,2022,2023,17,159611.SZ|159870.SZ|159920.SZ|159980.SZ|159985.SZ|160644.SZ|164824.SZ|501018.SH|512660.SH|513030.SH|513070.SH|513100.SH|518880.SH,-0.0773841031425125,0.9184217642745492,warmup,
rolling_sequential_forward,2022,2023,18,159920.SZ|159980.SZ|159981.SZ|159985.SZ|164824.SZ|501018.SH|510300.SH|510880.SH|513070.SH|513080.SH|513500.SH|513880.SH|516150.SH,0.4492282266798523,0.9184217642745492,warmup,
rolling_sequential_forward,2022,2023,19,159796.SZ|159870.SZ|159920.SZ|159981.SZ|160644.SZ|161226.SZ|164824.SZ|501018.SH|510050.SH|513030.SH|513070.SH|513100.SH|518880.SH,-0.24410203092889227,0.9184217642745492,warmup,
rolling_sequential_forward,2022,2023,20,159920.SZ|159980.SZ|159981.SZ|159985.SZ|160644.SZ|164824.SZ|512400.SH|512980.SH|513070.SH|513080.SH|513880.SH|515220.SH|518880.SH,-0.21537541623316747,0.9184217642745492,warmup,
rolling_sequential_forward,2022,2023,21,159825.SZ|159920.SZ|159949.SZ|159980.SZ|159985.SZ|160644.SZ|161226.SZ|164824.SZ|501018.SH|510500.SH|513030.SH|513070.SH|513100.SH,-0.2089166270663525,0.9184217642745492,forward,1.0
rolling_sequential_forward,2022,2023,22,159920.SZ|159928.SZ|159980.SZ|159981.SZ|160644.SZ|161226.SZ|164824.SZ|501018.SH|510300.SH|510500.SH|513070.SH|513100.SH|513880.SH,-0.3164189053826543,0.9184217642745492,forward,1.0
rolling_sequential_forward,2022,2023,23,159611.SZ|159920.SZ|159980.SZ|159985.SZ|160644.SZ|161226.SZ|164824.SZ|501018.SH|510500.SH|513070.SH|513500.SH|513880.SH|562500.SH,0.12019661181261591,0.9184217642745492,forward,1.0
rolling_sequential_forward,2022,2023,24,159869.SZ|159920.SZ|159980.SZ|159981.SZ|160644.SZ|161226.SZ|164824.SZ|510500.SH|513030.SH|513070.SH|513500.SH|515220.SH|518880.SH,-0.5539311436870976,0.9184217642745492,forward,1.0
rolling_sequential_forward,2022,2023,25,159920.SZ|159981.SZ|159985.SZ|160644.SZ|161226.SZ|501018.SH|510050.SH|510500.SH|512880.SH|513070.SH|513080.SH|513500.SH|513880.SH,-0.9010384602713545,0.9184217642745492,forward,1.0
rolling_sequential_forward,2022,2023,26,159920.SZ|159980.SZ|159985.SZ|160644.SZ|501018.SH|510050.SH|510500.SH|513030.SH|513070.SH|513100.SH|513880.SH|518880.SH|562500.SH,0.6490030609617269,0.9184217642745492,forward,2.0
rolling_sequential_forward,2022,2023,27,159920.SZ|159980.SZ|159985.SZ|160644.SZ|161226.SZ|164824.SZ|501018.SH|510500.SH|512170.SH|513030.SH|513070.SH|513500.SH|562500.SH,0.3718939955310962,0.9184217642745492,forward,2.0
rolling_sequential_forward,2022,2023,28,159766.SZ|159920.SZ|159980.SZ|159981.SZ|159985.SZ|164824.SZ|501018.SH|510500.SH|513030.SH|513070.SH|513100.SH|513880.SH|562500.SH,0.2858376697074047,0.9184217642745492,forward,2.0
rolling_sequential_forward,2022,2023,29,159901.SZ|159920.SZ|159980.SZ|159985.SZ|164824.SZ|501018.SH|510500.SH|513070.SH|513080.SH|513100.SH|513880.SH|518880.SH|562500.SH,0.7760159363199617,0.9184217642745492,forward,2.0
rolling_sequential_forward,2022,2023,30,159920.SZ|159980.SZ|159981.SZ|159985.SZ|160644.SZ|164824.SZ|501018.SH|510500.SH|512890.SH|513070.SH|513500.SH|513880.SH|562500.SH,0.44320541049316164,0.9184217642745492,forward,2.0
rolling_sequential_forward,2022,2023,31,159901.SZ|159920.SZ|159980.SZ|159981.SZ|159985.SZ|160644.SZ|161226.SZ|164824.SZ|510500.SH|513030.SH|513070.SH|513880.SH|562500.SH,-0.2846021659276243,0.9184217642745492,forward,3.0
rolling_sequential_forward,2022,2023,32,159901.SZ|159920.SZ|159980.SZ|159981.SZ|164824.SZ|501018.SH|510500.SH|513070.SH|513080.SH|513500.SH|513880.SH|518880.SH|562500.SH,0.21283481267857393,0.9184217642745492,forward,3.0
rolling_sequential_forward,2022,2023,33,159901.SZ|159920.SZ|159980.SZ|160644.SZ|161226.SZ|164824.SZ|501018.SH|510500.SH|513030.SH|513070.SH|513100.SH|518880.SH|562500.SH,0.08774801370517592,0.9184217642745492,forward,3.0
rolling_sequential_forward,2022,2023,34,159901.SZ|159920.SZ|159980.SZ|159981.SZ|161226.SZ|164824.SZ|510500.SH|513070.SH|513080.SH|513500.SH|513880.SH|518880.SH|562500.SH,-0.2167911582814381,0.9184217642745492,forward,3.0
rolling_sequential_forward,2022,2023,35,159901.SZ|159920.SZ|159980.SZ|159985.SZ|160644.SZ|164824.SZ|501018.SH|510500.SH|513070.SH|513080.SH|513500.SH|518880.SH|562500.SH,0.7886862018968374,0.9184217642745492,forward,3.0
rolling_sequential_forward,2022,2023,36,159901.SZ|159920.SZ|159980.SZ|159981.SZ|160644.SZ|161226.SZ|501018.SH|510500.SH|513030.SH|513070.SH|513100.SH|513880.SH|562500.SH,-0.5361752439789554,0.9184217642745492,forward,4.0
rolling_sequential_forward,2022,2023,37,159901.SZ|159920.SZ|159980.SZ|159981.SZ|160644.SZ|161226.SZ|164824.SZ|501018.SH|510500.SH|513030.SH|513070.SH|513500.SH|562500.SH,-0.23673669290945426,0.9184217642745492,forward,4.0
rolling_sequential_forward,2022,2023,38,159901.SZ|159920.SZ|159980.SZ|159985.SZ|160644.SZ|161226.SZ|164824.SZ|501018.SH|510500.SH|513030.SH|513070.SH|513100.SH|562500.SH,0.35362763095932653,0.9184217642745492,forward,4.0
rolling_sequential_forward,2022,2023,39,159901.SZ|159920.SZ|159980.SZ|159985.SZ|160644.SZ|161226.SZ|164824.SZ|501018.SH|510500.SH|513070.SH|513100.SH|513880.SH|562500.SH,0.3843829629128757,0.9184217642745492,forward,4.0
rolling_sequential_forward,2022,2023,40,159901.SZ|159920.SZ|159980.SZ|160644.SZ|161226.SZ|164824.SZ|501018.SH|510500.SH|513030.SH|513070.SH|513500.SH|518880.SH|562500.SH,0.12874843298125296,0.9184217642745492,forward,4.0
rolling_sequential_forward,2022,2023,41,159901.SZ|159920.SZ|159980.SZ|159985.SZ|161226.SZ|164824.SZ|501018.SH|510500.SH|513030.SH|513070.SH|513100.SH|513880.SH|562500.SH,0.3675926274590273,0.9184217642745492,forward,5.0
rolling_sequential_forward,2022,2023,42,159901.SZ|159920.SZ|159981.SZ|159985.SZ|160644.SZ|501018.SH|510500.SH|513070.SH|513080.SH|513100.SH|513880.SH|518880.SH|562500.SH,0.10060693728999048,0.9184217642745492,forward,5.0
rolling_sequential_forward,2022,2023,43,159901.SZ|159920.SZ|159985.SZ|161226.SZ|164824.SZ|501018.SH|510500.SH|513030.SH|513070.SH|513500.SH|513880.SH|518880.SH|562500.SH,0.5388342353901069,0.9184217642745492,forward,5.0
rolling_sequential_forward,2022,2023,44,159901.SZ|159920.SZ|159981.SZ|159985.SZ|160644.SZ|164824.SZ|501018.SH|510500.SH|513070.SH|513080.SH|513500.SH|518880.SH|562500.SH,0.393954905869325,0.9184217642745492,forward,5.0
rolling_sequential_forward,2022,2023,45,159901.SZ|159920.SZ|159980.SZ|159981.SZ|159985.SZ|164824.SZ|501018.SH|510500.SH|513030.SH|513070.SH|513500.SH|513880.SH|562500.SH,0.33000940244732857,0.9184217642745492,forward,5.0
rolling_sequential_forward,2022,2023,46,159901.SZ|159920.SZ|159980.SZ|159985.SZ|161226.SZ|164824.SZ|501018.SH|510500.SH|513030.SH|513070.SH|513500.SH|513880.SH|562500.SH,0.2760544099704978,0.9184217642745492,forward,6.0
rolling_sequential_forward,2022,2023,47,159901.SZ|159920.SZ|159980.SZ|159985.SZ|160644.SZ|161226.SZ|164824.SZ|501018.SH|510500.SH|513030.SH|513070.SH|513880.SH|562500.SH,0.398550550718151,0.9184217642745492,forward,6.0
rolling_sequential_forward,2022,2023,48,159901.SZ|159920.SZ|159980.SZ|159985.SZ|164824.SZ|501018.SH|510500.SH|513030.SH|513070.SH|513500.SH|513880.SH|518880.SH|562500.SH,0.5843637760481709,0.9184217642745492,forward,6.0
rolling_sequential_forward,2022,2023,49,159901.SZ|159920.SZ|159980.SZ|159985.SZ|161226.SZ|164824.SZ|501018.SH|510500.SH|513070.SH|513080.SH|513500.SH|513880.SH|562500.SH,0.4186092908723863,0.9184217642745492,forward,6.0
rolling_sequential_forward,2022,2023,50,159901.SZ|159920.SZ|159985.SZ|160644.SZ|161226.SZ|164824.SZ|501018.SH|510500.SH|513030.SH|513070.SH|513100.SH|518880.SH|562500.SH,0.655763195471191,0.9184217642745492,forward,6.0
rolling_sequential_forward,2022,2023,51,159901.SZ|159920.SZ|159980.SZ|159981.SZ|159985.SZ|160644.SZ|164824.SZ|501018.SH|510500.SH|513030.SH|513070.SH|513880.SH|562500.SH,0.42056330126793007,0.9184217642745492,forward,6.0
rolling_sequential_forward,2022,2023,52,159901.SZ|159920.SZ|159980.SZ|159981.SZ|159985.SZ|160644.SZ|164824.SZ|501018.SH|510500.SH|513070.SH|513080.SH|513500.SH|562500.SH,0.3398721251586782,0.9184217642745492,forward,6.0
rolling_sequential_forward,2022,2023,53,159901.SZ|159920.SZ|159985.SZ|160644.SZ|161226.SZ|164824.SZ|501018.SH|510500.SH|513070.SH|513500.SH|513880.SH|518880.SH|562500.SH,0.7317103054875378,0.9184217642745492,forward,6.0
rolling_sequential_forward,2022,2023,54,159901.SZ|159920.SZ|159980.SZ|159985.SZ|160644.SZ|161226.SZ|164824.SZ|501018.SH|510500.SH|513070.SH|513500.SH|513880.SH|562500.SH,0.39770588732865647,0.9184217642745492,forward,6.0
rolling_sequential_forward,2022,2023,55,159901.SZ|159920.SZ|159981.SZ|159985.SZ|160644.SZ|161226.SZ|164824.SZ|501018.SH|510500.SH|513030.SH|513070.SH|513880.SH|562500.SH,-0.20318467285521125,0.9184217642745492,forward,6.0
rolling_sequential_forward,2022,2023,56,159901.SZ|159920.SZ|159985.SZ|160644.SZ|161226.SZ|164824.SZ|501018.SH|510500.SH|513070.SH|513100.SH|513880.SH|518880.SH|562500.SH,0.6911852800838744,0.9184217642745492,forward,6.0
rolling_sequential_forward,2022,2023,57,159901.SZ|159920.SZ|159981.SZ|159985.SZ|160644.SZ|164824.SZ|501018.SH|510500.SH|513030.SH|513070.SH|513100.SH|518880.SH|562500.SH,0.33576051397451134,0.9184217642745492,forward,6.0
rolling_sequential_forward,2022,2023,58,159901.SZ|159920.SZ|159985.SZ|160644.SZ|161226.SZ|164824.SZ|501018.SH|510500.SH|513030.SH|513070.SH|513500.SH|518880.SH|562500.SH,0.6780608651195331,0.9184217642745492,forward,6.0
rolling_sequential_forward,2022,2023,59,159901.SZ|159920.SZ|159981.SZ|159985.SZ|161226.SZ|164824.SZ|501018.SH|510500.SH|513070.SH|513080.SH|513100.SH|513880.SH|562500.SH,-0.12403224360877443,0.9184217642745492,forward,6.0
rolling_sequential_forward,2022,2023,60,159901.SZ|159920.SZ|159985.SZ|160644.SZ|161226.SZ|164824.SZ|501018.SH|510500.SH|513070.SH|513080.SH|513500.SH|518880.SH|562500.SH,0.7850100365285492,0.9184217642745492,forward,6.0
rolling_sequential_forward,2022,2023,61,159901.SZ|159920.SZ|159985.SZ|160644.SZ|161226.SZ|164824.SZ|501018.SH|510500.SH|513070.SH|513080.SH|513880.SH|518880.SH|562500.SH,0.6538877566310867,0.9184217642745492,forward,6.0
rolling_sequential_forward,2022,2023,62,159901.SZ|159920.SZ|159981.SZ|159985.SZ|164824.SZ|501018.SH|510500.SH|513070.SH|513080.SH|513500.SH|513880.SH|518880.SH|562500.SH,0.32807898941280395,0.9184217642745492,forward,6.0
rolling_sequential_forward,2022,2023,63,159901.SZ|159920.SZ|159981.SZ|159985.SZ|160644.SZ|161226.SZ|164824.SZ|501018.SH|510500.SH|513070.SH|513080.SH|513880.SH|562500.SH,-0.11428273139921875,0.9184217642745492,forward,6.0
rolling_sequential_forward,2022,2023,64,159901.SZ|159920.SZ|159980.SZ|159981.SZ|159985.SZ|160644.SZ|164824.SZ|501018.SH|510500.SH|513030.SH|513070.SH|513100.SH|562500.SH,0.36460342857545563,0.9184217642745492,forward,6.0
rolling_sequential_forward,2022,2023,65,159901.SZ|159920.SZ|159985.SZ|161226.SZ|164824.SZ|501018.SH|510500.SH|513070.SH|513080.SH|513500.SH|513880.SH|518880.SH|562500.SH,0.6990527299433771,0.9184217642745492,forward,6.0
rolling_sequential_forward,2022,2023,66,159901.SZ|159920.SZ|159981.SZ|159985.SZ|160644.SZ|161226.SZ|164824.SZ|501018.SH|510500.SH|513030.SH|513070.SH|513100.SH|562500.SH,-0.19229335906107753,0.9184217642745492,forward,6.0
rolling_sequential_forward,2022,2023,67,159901.SZ|159920.SZ|159981.SZ|159985.SZ|160644.SZ|164824.SZ|501018.SH|510500.SH|513070.SH|513100.SH|513880.SH|518880.SH|562500.SH,0.4740156175652676,0.9184217642745492,forward,6.0
rolling_sequential_forward,2022,2023,68,159901.SZ|159920.SZ|159980.SZ|159981.SZ|159985.SZ|160644.SZ|164824.SZ|501018.SH|510500.SH|513070.SH|513100.SH|513880.SH|562500.SH,0.46946196813041935,0.9184217642745492,forward,6.0
rolling_sequential_forward,2022,2023,69,159901.SZ|159920.SZ|159980.SZ|159985.SZ|160644.SZ|164824.SZ|501018.SH|510500.SH|513030.SH|513070.SH|513880.SH|518880.SH|562500.SH,0.8005709903781809,0.9184217642745492,forward,6.0
rolling_sequential_forward,2022,2023,70,159901.SZ|159920.SZ|159980.SZ|159985.SZ|164824.SZ|501018.SH|510500.SH|513070.SH|513080.SH|513500.SH|513880.SH|518880.SH|562500.SH,0.7243136114187139,0.9184217642745492,forward,6.0
rolling_sequential_forward,2022,2023,71,159901.SZ|159920.SZ|159980.SZ|159985.SZ|160644.SZ|164824.SZ|501018.SH|510500.SH|513030.SH|513070.SH|513100.SH|518880.SH|562500.SH,0.7896519166597392,0.9184217642745492,forward,6.0
rolling_sequential_forward,2022,2023,72,159901.SZ|159920.SZ|159980.SZ|159981.SZ|159985.SZ|164824.SZ|501018.SH|510500.SH|513070.SH|513080.SH|513500.SH|513880.SH|562500.SH,0.41602661767333593,0.9184217642745492,forward,6.0
rolling_sequential_forward,2022,2023,73,159901.SZ|159920.SZ|159985.SZ|160644.SZ|161226.SZ|164824.SZ|501018.SH|510500.SH|513070.SH|513080.SH|513100.SH|518880.SH|562500.SH,0.724207651730952,0.9184217642745492,forward,6.0
rolling_sequential_forward,2022,2023,74,159901.SZ|159920.SZ|159981.SZ|159985.SZ|164824.SZ|501018.SH|510500.SH|513030.SH|513070.SH|513500.SH|513880.SH|518880.SH|562500.SH,0.21772871291206103,0.9184217642745492,forward,6.0
rolling_sequential_forward,2022,2023,75,159901.SZ|159920.SZ|159981.SZ|159985.SZ|160644.SZ|161226.SZ|164824.SZ|501018.SH|510500.SH|513030.SH|513070.SH|513500.SH|562500.SH,-0.22647268742157647,0.9184217642745492,forward,6.0
rolling_sequential_forward,2022,2023,76,159901.SZ|159920.SZ|159980.SZ|159985.SZ|160644.SZ|164824.SZ|501018.SH|510500.SH|513070.SH|513080.SH|513880.SH|518880.SH|562500.SH,0.8696138174710099,0.9184217642745492,forward,6.0
rolling_sequential_forward,2022,2023,77,159901.SZ|159920.SZ|159981.SZ|159985.SZ|160644.SZ|161226.SZ|164824.SZ|501018.SH|510500.SH|513070.SH|513080.SH|513100.SH|562500.SH,-0.17144752375784086,0.9184217642745492,forward,6.0
rolling_sequential_forward,2022,2023,78,159901.SZ|159920.SZ|159981.SZ|159985.SZ|164824.SZ|501018.SH|510500.SH|513070.SH|513080.SH|513100.SH|513880.SH|518880.SH|562500.SH,0.2872958926354228,0.9184217642745492,forward,6.0
rolling_sequential_forward,2022,2023,79,159901.SZ|159920.SZ|159981.SZ|159985.SZ|160644.SZ|161226.SZ|164824.SZ|501018.SH|510500.SH|513070.SH|513080.SH|513500.SH|562500.SH,-0.1443384036352545,0.9184217642745492,forward,6.0
rolling_sequential_forward,2022,2023,80,159901.SZ|159920.SZ|159981.SZ|159985.SZ|160644.SZ|161226.SZ|164824.SZ|501018.SH|510500.SH|513070.SH|513100.SH|513880.SH|562500.SH,-0.10870183294177191,0.9184217642745492,forward,6.0
rolling_sequential_forward,2022,2023,81,159901.SZ|159920.SZ|159980.SZ|159985.SZ|160644.SZ|164824.SZ|501018.SH|510500.SH|513070.SH|513080.SH|513100.SH|518880.SH|562500.SH,0.8426479743882508,0.9184217642745492,forward,6.0
rolling_sequential_forward,2022,2023,82,159901.SZ|159920.SZ|159981.SZ|159985.SZ|160644.SZ|161226.SZ|164824.SZ|501018.SH|510500.SH|513070.SH|513500.SH|513880.SH|562500.SH,-0.050595757293196396,0.9184217642745492,forward,6.0
rolling_sequential_forward,2022,2023,83,159901.SZ|159920.SZ|159981.SZ|159985.SZ|164824.SZ|501018.SH|510500.SH|513030.SH|513070.SH|513100.SH|513880.SH|518880.SH|562500.SH,0.2170680655179821,0.9184217642745492,forward,6.0
rolling_sequential_forward,2022,2023,84,159901.SZ|159920.SZ|159980.SZ|159985.SZ|160644.SZ|161226.SZ|164824.SZ|501018.SH|510500.SH|513070.SH|513080.SH|513100.SH|562500.SH,0.3939972613736943,0.9184217642745492,forward,6.0
rolling_sequential_forward,2022,2023,85,159901.SZ|159920.SZ|159981.SZ|159985.SZ|160644.SZ|164824.SZ|501018.SH|510500.SH|513030.SH|513070.SH|513880.SH|518880.SH|562500.SH,0.2914777311271312,0.9184217642745492,forward,6.0
rolling_sequential_forward,2022,2023,86,159901.SZ|159920.SZ|159980.SZ|159981.SZ|159985.SZ|160644.SZ|164824.SZ|501018.SH|510500.SH|513030.SH|513070.SH|513500.SH|562500.SH,0.2940509997826568,0.9184217642745492,forward,6.0
rolling_sequential_forward,2022,2023,87,159901.SZ|159920.SZ|159980.SZ|159985.SZ|160644.SZ|164824.SZ|501018.SH|510500.SH|513070.SH|513500.SH|513880.SH|518880.SH|562500.SH,0.9749514562308893,0.9184217642745492,forward,6.0
rolling_sequential_forward,2022,2023,88,159901.SZ|159920.SZ|159980.SZ|159985.SZ|160644.SZ|161226.SZ|164824.SZ|501018.SH|510500.SH|513030.SH|513070.SH|513500.SH|562500.SH,0.24310728558058242,0.9184217642745492,forward,6.0
rolling_sequential_forward,2022,2023,89,159901.SZ|159920.SZ|159980.SZ|159981.SZ|159985.SZ|160644.SZ|164824.SZ|501018.SH|510500.SH|513070.SH|513500.SH|513880.SH|562500.SH,0.5178770449643905,0.9184217642745492,forward,6.0
rolling_sequential_forward,2022,2023,90,159901.SZ|159920.SZ|159981.SZ|159985.SZ|161226.SZ|164824.SZ|501018.SH|510500.SH|513030.SH|513070.SH|513500.SH|513880.SH|562500.SH,-0.1835704842811012,0.9184217642745492,forward,6.0
rolling_sequential_forward,2022,2023,91,159901.SZ|159920.SZ|159980.SZ|159981.SZ|159985.SZ|160644.SZ|164824.SZ|501018.SH|510500.SH|513070.SH|513080.SH|513880.SH|562500.SH,0.4761336012417272,0.9184217642745492,forward,6.0
rolling_sequential_forward,2022,2023,92,159901.SZ|159920.SZ|159981.SZ|159985.SZ|160644.SZ|164824.SZ|501018.SH|510500.SH|513070.SH|513080.SH|513100.SH|518880.SH|562500.SH,0.3776538507126914,0.9184217642745492,forward,6.0
rolling_sequential_forward,2022,2023,93,159901.SZ|159920.SZ|159980.SZ|159985.SZ|164824.SZ|501018.SH|510500.SH|513030.SH|513070.SH|513100.SH|513880.SH|518880.SH|562500.SH,0.670877461609371,0.9184217642745492,forward,6.0
rolling_sequential_forward,2022,2023,94,159901.SZ|159920.SZ|159980.SZ|159981.SZ|159985.SZ|160644.SZ|164824.SZ|501018.SH|510500.SH|513070.SH|513080.SH|513100.SH|562500.SH,0.36215698434042315,0.9184217642745492,forward,6.0
rolling_sequential_forward,2022,2023,95,159901.SZ|159920.SZ|159985.SZ|161226.SZ|164824.SZ|501018.SH|510500.SH|513030.SH|513070.SH|513100.SH|513880.SH|518880.SH|562500.SH,0.4980698596636703,0.9184217642745492,forward,6.0
rolling_sequential_forward,2022,2023,96,159901.SZ|159920.SZ|159981.SZ|159985.SZ|160644.SZ|164824.SZ|501018.SH|510500.SH|513070.SH|513500.SH|513880.SH|518880.SH|562500.SH,0.5458613518119586,0.9184217642745492,forward,6.0
rolling_sequential_forward,2022,2023,97,159901.SZ|159920.SZ|159980.SZ|159981.SZ|159985.SZ|164824.SZ|501018.SH|510500.SH|513030.SH|513070.SH|513100.SH|513880.SH|562500.SH,0.38371124556172037,0.9184217642745492,forward,6.0
rolling_sequential_forward,2022,2023,98,159901.SZ|159920.SZ|159980.SZ|159985.SZ|160644.SZ|161226.SZ|164824.SZ|501018.SH|510500.SH|513070.SH|513080.SH|513880.SH|562500.SH,0.46324456342630727,0.9184217642745492,forward,6.0
rolling_sequential_forward,2022,2023,99,159901.SZ|159920.SZ|159980.SZ|159985.SZ|160644.SZ|164824.SZ|501018.SH|510500.SH|513030.SH|513070.SH|513500.SH|518880.SH|562500.SH,0.6991397400708418,0.9184217642745492,forward,6.0
rolling_sequential_forward,2022,2023,100,159901.SZ|159920.SZ|159980.SZ|159985.SZ|161226.SZ|164824.SZ|501018.SH|510500.SH|513070.SH|513080.SH|513100.SH|513880.SH|562500.SH,0.4732502329045295,0.9184217642745492,forward,6.0
rolling_sequential_forward,2023,2024,1,159611.SZ|159865.SZ|159920.SZ|159980.SZ|159985.SZ|161226.SZ|164824.SZ|513120.SH|513290.SH|513310.SH|513500.SH|516150.SH|518880.SH,-0.07363083550379691,0.6565224325624922,warmup,
rolling_sequential_forward,2023,2024,2,159870.SZ|159980.SZ|159985.SZ|160644.SZ|161226.SZ|164824.SZ|510210.SH|512800.SH|513120.SH|513180.SH|513290.SH|513500.SH|518880.SH,0.13899196495028507,0.6565224325624922,warmup,
rolling_sequential_forward,2023,2024,3,159687.SZ|159869.SZ|159981.SZ|159985.SZ|160644.SZ|161226.SZ|501018.SH|510300.SH|513030.SH|513100.SH|513120.SH|513180.SH|562500.SH,0.4373745415294369,0.6755480123658768,warmup,
rolling_sequential_forward,2023,2024,4,159766.SZ|159920.SZ|159967.SZ|159985.SZ|161226.SZ|164824.SZ|501018.SH|512660.SH|513030.SH|513100.SH|513180.SH|513290.SH|518880.SH,-0.4329957010507706,0.9130217366562248,warmup,
rolling_sequential_forward,2023,2024,5,159687.SZ|159869.SZ|159981.SZ|159985.SZ|501018.SH|510180.SH|513030.SH|513120.SH|513180.SH|513500.SH|513880.SH|518880.SH|588000.SH,1.1789330103075817,0.8055829520541524,warmup,
rolling_sequential_forward,2023,2024,6,159920.SZ|159928.SZ|159980.SZ|159981.SZ|160644.SZ|161226.SZ|513030.SH|513070.SH|513500.SH|513880.SH|515790.SH|518880.SH|562500.SH,-0.3827965061280153,0.9196494911995831,warmup,
rolling_sequential_forward,2023,2024,7,159865.SZ|159920.SZ|159980.SZ|159981.SZ|160644.SZ|161226.SZ|512170.SH|512890.SH|513070.SH|513080.SH|513100.SH|513290.SH|518880.SH,0.367927768505365,0.9196494911995831,warmup,
rolling_sequential_forward,2023,2024,8,159980.SZ|159981.SZ|159985.SZ|160644.SZ|501018.SH|510210.SH|512660.SH|513030.SH|513080.SH|513100.SH|513120.SH|513180.SH|588000.SH,0.3435669915198248,0.9172474776669125,warmup,
rolling_sequential_forward,2023,2024,9,159851.SZ|159980.SZ|159981.SZ|164824.SZ|501018.SH|512880.SH|513070.SH|513080.SH|513120.SH|513310.SH|513880.SH|518880.SH|588200.SH,0.7789735497856662,0.6446193021965716,warmup,
rolling_sequential_forward,2023,2024,10,159920.SZ|159985.SZ|161226.SZ|164824.SZ|501018.SH|510500.SH|512040.SH|513030.SH|513100.SH|513180.SH|513290.SH|515220.SH|518880.SH,-0.24455017738685264,0.9130217366562248,warmup,
rolling_sequential_forward,2023,2024,11,159687.SZ|159869.SZ|159870.SZ|159980.SZ|159985.SZ|160644.SZ|161226.SZ|164824.SZ|512100.SH|513070.SH|513080.SH|513120.SH|518880.SH,0.652458341615737,0.6565224325624922,warmup,
rolling_sequential_forward,2023,2024,12,159852.SZ|159920.SZ|159980.SZ|160644.SZ|161226.SZ|501018.SH|510500.SH|513030.SH|513120.SH|513310.SH|513500.SH|515220.SH|518880.SH,-0.22637891708592084,0.7197588332800243,warmup,
rolling_sequential_forward,2023,2024,13,159869.SZ|159920.SZ|159981.SZ|159985.SZ|161226.SZ|164824.SZ|501018.SH|510300.SH|510500.SH|513030.SH|513100.SH|513180.SH|513880.SH,0.9333552255360318,0.9130217366562248,warmup,
rolling_sequential_forward,2023,2024,14,159920.SZ|159967.SZ|159985.SZ|161226.SZ|501018.SH|512890.SH|513030.SH|513100.SH|513120.SH|513500.SH|513880.SH|515790.SH|518880.SH,1.3294246288191804,0.8876334498348947,warmup,
rolling_sequential_forward,2023,2024,15,159687.SZ|159766.SZ|159920.SZ|159928.SZ|159980.SZ|159981.SZ|501018.SH|510180.SH|513030.SH|513080.SH|513180.SH|513500.SH|518880.SH,-0.26798807662555607,0.9172474776669125,warmup,
rolling_sequential_forward,2023,2024,16,159687.SZ|159920.SZ|159980.SZ|159981.SZ|161226.SZ|164824.SZ|501018.SH|510880.SH|512100.SH|512400.SH|513030.SH|513120.SH|513310.SH,0.4658304905889747,0.6755480123658768,warmup,
rolling_sequential_forward,2023,2024,17,159901.SZ|159928.SZ|159980.SZ|159981.SZ|159985.SZ|160644.SZ|510210.SH|513070.SH|513120.SH|513290.SH|513500.SH|513880.SH|518880.SH,0.5715491444554999,0.820224906690953,warmup,
rolling_sequential_forward,2023,2024,18,159687.SZ|159920.SZ|159949.SZ|159980.SZ|159985.SZ|161226.SZ|501018.SH|510880.SH|512400.SH|513070.SH|513080.SH|513100.SH|513310.SH,0.42131153654837705,0.9196494911995831,warmup,
rolling_sequential_forward,2023,2024,19,159611.SZ|159687.SZ|159920.SZ|159981.SZ|161226.SZ|501018.SH|512880.SH|513030.SH|513180.SH|513290.SH|513310.SH|518880.SH|588200.SH,0.032922380573558244,0.9130217366562248,warmup,
rolling_sequential_forward,2023,2024,20,159869.SZ|159980.SZ|159981.SZ|159985.SZ|164824.SZ|510210.SH|512200.SH|513100.SH|513120.SH|513180.SH|513290.SH|513500.SH|518880.SH,1.2266116093076014,0.8876334498348947,warmup,
rolling_sequential_forward,2023,2024,21,159920.SZ|159981.SZ|159985.SZ|164824.SZ|501018.SH|512200.SH|512800.SH|513030.SH|513100.SH|513180.SH|513290.SH|515210.SH|518880.SH,0.5748218915494339,0.9130217366562248,forward,1.0
rolling_sequential_forward,2023,2024,22,159687.SZ|159980.SZ|159985.SZ|161226.SZ|164824.SZ|512200.SH|513080.SH|513120.SH|513180.SH|513290.SH|515220.SH|515880.SH|518880.SH,0.28774544953404474,0.6565224325624922,forward,1.0
rolling_sequential_forward,2023,2024,23,159687.SZ|159981.SZ|159985.SZ|160644.SZ|161226.SZ|510210.SH|512200.SH|512800.SH|513120.SH|513180.SH|513290.SH|513500.SH|518880.SH,0.28747093317525513,0.6565224325624922,forward,1.0
rolling_sequential_forward,2023,2024,24,159796.SZ|159915.SZ|159981.SZ|160644.SZ|161226.SZ|164824.SZ|501018.SH|512200.SH|513120.SH|513180.SH|513310.SH|513880.SH|518880.SH,0.2571974473769126,0.8215042566907323,forward,1.0
rolling_sequential_forward,2023,2024,25,159985.SZ|161226.SZ|164824.SZ|501018.SH|510210.SH|512100.SH|512200.SH|513030.SH|513070.SH|513080.SH|513120.SH|513290.SH|518880.SH,0.7301142629646705,0.9172474776669125,forward,1.0
rolling_sequential_forward,2023,2024,26,159687.SZ|159869.SZ|159920.SZ|159980.SZ|159981.SZ|161226.SZ|501018.SH|512100.SH|512200.SH|513100.SH|513120.SH|513290.SH|513500.SH,1.1324642856806335,0.8876334498348947,forward,2.0
rolling_sequential_forward,2023,2024,27,159825.SZ|159869.SZ|159980.SZ|159981.SZ|160644.SZ|161226.SZ|164824.SZ|512200.SH|513120.SH|513180.SH|513310.SH|513880.SH|518880.SH,0.15342591953589346,0.6565224325624922,forward,2.0
rolling_sequential_forward,2023,2024,28,159869.SZ|159920.SZ|159981.SZ|159985.SZ|160644.SZ|501018.SH|510300.SH|512200.SH|513070.SH|513080.SH|513100.SH|513500.SH|518880.SH,1.1830142515594775,0.9196494911995831,forward,2.0
rolling_sequential_forward,2023,2024,29,159611.SZ|159869.SZ|159920.SZ|159980.SZ|159981.SZ|159985.SZ|160644.SZ|512200.SH|513070.SH|513080.SH|513500.SH|513880.SH|518880.SH,0.7855165973783346,0.9196494911995831,forward,2.0
rolling_sequential_forward,2023,2024,30,159687.SZ|159869.SZ|159920.SZ|159980.SZ|159981.SZ|159985.SZ|501018.SH|512200.SH|513180.SH|513290.SH|513310.SH|513880.SH|515220.SH,0.5633451575463244,0.9130217366562248,forward,2.0
rolling_sequential_forward,2023,2024,31,159869.SZ|159920.SZ|159985.SZ|160644.SZ|161226.SZ|164824.SZ|501018.SH|510300.SH|512200.SH|513030.SH|513120.SH|513880.SH|518880.SH,1.2647979016698745,0.6565224325624922,forward,3.0
rolling_sequential_forward,2023,2024,32,159687.SZ|159869.SZ|159920.SZ|159981.SZ|159985.SZ|161226.SZ|501018.SH|510300.SH|512200.SH|513030.SH|513070.SH|513080.SH|513310.SH,0.23022754382599078,0.9196494911995831,forward,3.0
rolling_sequential_forward,2023,2024,33,159687.SZ|159869.SZ|159920.SZ|159980.SZ|159981.SZ|160644.SZ|161226.SZ|501018.SH|510300.SH|512200.SH|513080.SH|513180.SH|513310.SH,0.11301707411723032,0.9130217366562248,forward,3.0
rolling_sequential_forward,2023,2024,34,159687.SZ|159869.SZ|159920.SZ|159981.SZ|159985.SZ|161226.SZ|510300.SH|512200.SH|513120.SH|513290.SH|513310.SH|513880.SH|518880.SH,0.44196244460416007,0.8055829520541524,forward,3.0
rolling_sequential_forward,2023,2024,35,159869.SZ|159920.SZ|159981.SZ|161226.SZ|501018.SH|510300.SH|512200.SH|513070.SH|513080.SH|513310.SH|513500.SH|513880.SH|518880.SH,0.4012444478157709,0.9196494911995831,forward,3.0
rolling_sequential_forward,2023,2024,36,159869.SZ|159920.SZ|159985.SZ|161226.SZ|501018.SH|510300.SH|512200.SH|513080.SH|513180.SH|513310.SH|513500.SH|513880.SH|518880.SH,0.7099820499809646,0.9130217366562248,forward,4.0
rolling_sequential_forward,2023,2024,37,159687.SZ|159869.SZ|159981.SZ|159985.SZ|161226.SZ|164824.SZ|501018.SH|510300.SH|512200.SH|513080.SH|513120.SH|513180.SH|513290.SH,0.5249694543227039,0.6492703843734722,forward,4.0
rolling_sequential_forward,2023,2024,38,159869.SZ|159981.SZ|159985.SZ|164824.SZ|501018.SH|510300.SH|512200.SH|513070.SH|513120.SH|513290.SH|513500.SH|513880.SH|518880.SH,1.1307807807072616,0.6169939678265955,forward,4.0
rolling_sequential_forward,2023,2024,39,159869.SZ|159980.SZ|159981.SZ|159985.SZ|161226.SZ|164824.SZ|510300.SH|512200.SH|513030.SH|513080.SH|513120.SH|513180.SH|513500.SH,0.8554571991564575,0.9172474776669125,forward,4.0
rolling_sequential_forward,2023,2024,40,159687.SZ|159869.SZ|159981.SZ|159985.SZ|160644.SZ|501018.SH|510300.SH|512200.SH|513030.SH|513070.SH|513120.SH|513310.SH|518880.SH,1.2898870042177282,0.6755480123658768,forward,4.0
rolling_sequential_forward,2023,2024,41,159869.SZ|159920.SZ|159980.SZ|159981.SZ|159985.SZ|510300.SH|512200.SH|513080.SH|513100.SH|513120.SH|513290.SH|513310.SH|518880.SH,1.1359979778073985,0.6110802695917538,forward,5.0
rolling_sequential_forward,2023,2024,42,159869.SZ|159920.SZ|159980.SZ|159985.SZ|164824.SZ|501018.SH|510300.SH|512200.SH|513030.SH|513080.SH|513120.SH|513500.SH|518880.SH,1.5284544760889023,0.9172474776669125,forward,5.0
rolling_sequential_forward,2023,2024,43,159687.SZ|159869.SZ|159981.SZ|159985.SZ|501018.SH|510300.SH|512200.SH|513030.SH|513070.SH|513080.SH|513120.SH|513500.SH|518880.SH,0.9209390148304842,0.9172474776669125,forward,5.0
rolling_sequential_forward,2023,2024,44,159687.SZ|159869.SZ|159985.SZ|161226.SZ|501018.SH|510300.SH|512200.SH|513030.SH|513070.SH|513080.SH|513120.SH|513880.SH|518880.SH,1.2687987763590869,0.9172474776669125,forward,5.0
rolling_sequential_forward,2023,2024,45,159687.SZ|159869.SZ|159981.SZ|159985.SZ|161226.SZ|510300.SH|512200.SH|513030.SH|513070.SH|513120.SH|513290.SH|513310.SH|518880.SH,0.6892414648823405,0.6755480123658768,forward,5.0
rolling_sequential_forward,2023,2024,46,159687.SZ|159869.SZ|159980.SZ|159985.SZ|501018.SH|510300.SH|512200.SH|513030.SH|513100.SH|513120.SH|513180.SH|513880.SH|518880.SH,1.3207707565035323,0.8055829520541524,forward,6.0
rolling_sequential_forward,2023,2024,47,159869.SZ|159920.SZ|159980.SZ|159985.SZ|161226.SZ|510300.SH|512200.SH|513080.SH|513120.SH|513290.SH|513500.SH|513880.SH|518880.SH,1.0514112212224802,0.7040106538277557,forward,6.0
rolling_sequential_forward,2023,2024,48,159869.SZ|159920.SZ|159980.SZ|159981.SZ|159985.SZ|160644.SZ|161226.SZ|510300.SH|512200.SH|513030.SH|513100.SH|513120.SH|513880.SH,0.6101913109065363,0.6550899267519877,forward,6.0
rolling_sequential_forward,2023,2024,49,159869.SZ|159920.SZ|159981.SZ|159985.SZ|161226.SZ|501018.SH|510300.SH|512200.SH|513120.SH|513290.SH|513310.SH|513500.SH|513880.SH,1.0155545005307558,0.6169939678265955,forward,6.0
rolling_sequential_forward,2023,2024,50,159687.SZ|159869.SZ|159920.SZ|159980.SZ|159981.SZ|159985.SZ|164824.SZ|510300.SH|512200.SH|513100.SH|513120.SH|513880.SH|518880.SH,1.2188539313822568,0.8055829520541524,forward,6.0
rolling_sequential_forward,2023,2024,51,159869.SZ|159980.SZ|159981.SZ|159985.SZ|164824.SZ|501018.SH|510300.SH|512200.SH|513070.SH|513100.SH|513120.SH|513500.SH|513880.SH,1.5429209862674822,0.8876334498348947,forward,7.0
rolling_sequential_forward,2023,2024,52,159869.SZ|159980.SZ|159981.SZ|159985.SZ|160644.SZ|501018.SH|510300.SH|512200.SH|513070.SH|513080.SH|513100.SH|513120.SH|513880.SH,1.3466794192854745,0.6264589958121686,forward,7.0
rolling_sequential_forward,2023,2024,53,159869.SZ|159980.SZ|159981.SZ|159985.SZ|160644.SZ|501018.SH|510300.SH|512200.SH|513070.SH|513100.SH|513120.SH|513290.SH|513880.SH,1.1722586351129747,0.6264589958121686,forward,7.0
rolling_sequential_forward,2023,2024,54,159869.SZ|159920.SZ|159981.SZ|159985.SZ|161226.SZ|510300.SH|512200.SH|513030.SH|513100.SH|513120.SH|513290.SH|513880.SH|518880.SH,0.8067585658964784,0.6565224325624922,forward,7.0
rolling_sequential_forward,2023,2024,55,159869.SZ|159920.SZ|159981.SZ|159985.SZ|501018.SH|510300.SH|512200.SH|513080.SH|513100.SH|513120.SH|513500.SH|513880.SH|518880.SH,1.420551909141658,0.8876334498348947,forward,7.0
rolling_sequential_forward,2023,2024,56,159869.SZ|159980.SZ|159981.SZ|159985.SZ|161226.SZ|510300.SH|512200.SH|513070.SH|513100.SH|513120.SH|513310.SH|513500.SH|513880.SH,0.5066255811793766,0.8876334498348947,forward,8.0
rolling_sequential_forward,2023,2024,57,159869.SZ|159981.SZ|159985.SZ|161226.SZ|164824.SZ|510300.SH|512200.SH|513070.SH|513100.SH|513120.SH|513290.SH|513880.SH|518880.SH,0.8945920112847141,0.6565224325624922,forward,8.0
rolling_sequential_forward,2023,2024,58,159687.SZ|159869.SZ|159981.SZ|159985.SZ|160644.SZ|161226.SZ|510300.SH|512200.SH|513070.SH|513100.SH|513120.SH|513880.SH|518880.SH,0.6839892031667789,0.8055829520541524,forward,8.0
rolling_sequential_forward,2023,2024,59,159687.SZ|159869.SZ|159985.SZ|161226.SZ|501018.SH|510300.SH|512200.SH|513070.SH|513100.SH|513120.SH|513310.SH|513880.SH|518880.SH,0.9350015867343076,0.8055829520541524,forward,8.0
rolling_sequential_forward,2023,2024,60,159687.SZ|159869.SZ|159980.SZ|159981.SZ|159985.SZ|160644.SZ|501018.SH|510300.SH|512200.SH|513070.SH|513100.SH|513120.SH|513880.SH,1.1340233866719325,0.8055829520541524,forward,8.0
rolling_sequential_forward,2023,2024,61,159869.SZ|159980.SZ|159985.SZ|501018.SH|510300.SH|512200.SH|513030.SH|513070.SH|513100.SH|513120.SH|513500.SH|513880.SH|518880.SH,1.564271243330644,0.8876334498348947,forward,9.0
rolling_sequential_forward,2023,2024,62,159687.SZ|159869.SZ|159985.SZ|161226.SZ|501018.SH|510300.SH|512200.SH|513070.SH|513100.SH|513120.SH|513290.SH|513880.SH|518880.SH,0.5658423462586475,0.8055829520541524,forward,9.0
rolling_sequential_forward,2023,2024,63,159687.SZ|159869.SZ|159980.SZ|159985.SZ|161226.SZ|501018.SH|510300.SH|512200.SH|513030.SH|513070.SH|513100.SH|513120.SH|513880.SH,0.832075784148008,0.8055829520541524,forward,9.0
rolling_sequential_forward,2023,2024,64,159869.SZ|159981.SZ|159985.SZ|164824.SZ|501018.SH|510300.SH|512200.SH|513070.SH|513100.SH|513120.SH|513290.SH|513880.SH|518880.SH,1.035903145406908,0.6264589958121686,forward,9.0
rolling_sequential_forward,2023,2024,65,159869.SZ|159980.SZ|159981.SZ|159985.SZ|501018.SH|510300.SH|512200.SH|513070.SH|513080.SH|513100.SH|513120.SH|513290.SH|513880.SH,1.0480704839968369,0.6264589958121686,forward,9.0
rolling_sequential_forward,2023,2024,66,159869.SZ|159981.SZ|159985.SZ|501018.SH|510300.SH|512200.SH|513070.SH|513080.SH|513100.SH|513120.SH|513500.SH|513880.SH|518880.SH,1.284430451557948,0.8876334498348947,forward,10.0
rolling_sequential_forward,2023,2024,67,159869.SZ|159981.SZ|159985.SZ|501018.SH|510300.SH|512200.SH|513070.SH|513100.SH|513120.SH|513310.SH|513500.SH|513880.SH|518880.SH,0.9983526761559941,0.8876334498348947,forward,10.0
rolling_sequential_forward,2023,2024,68,159687.SZ|159869.SZ|159981.SZ|159985.SZ|161226.SZ|501018.SH|510300.SH|512200.SH|513070.SH|513100.SH|513120.SH|513500.SH|513880.SH,0.40724833600985716,0.8876334498348947,forward,10.0
rolling_sequential_forward,2023,2024,69,159869.SZ|159980.SZ|159985.SZ|501018.SH|510300.SH|512200.SH|513070.SH|513100.SH|513120.SH|513290.SH|513500.SH|513880.SH|518880.SH,1.1680847848073277,0.8876334498348947,forward,10.0
rolling_sequential_forward,2023,2024,70,159869.SZ|159985.SZ|161226.SZ|501018.SH|510300.SH|512200.SH|513070.SH|513100.SH|513120.SH|513310.SH|513500.SH|513880.SH|518880.SH,0.7013776839407457,0.8876334498348947,forward,10.0
rolling_sequential_forward,2023,2024,71,159869.SZ|159981.SZ|159985.SZ|161226.SZ|501018.SH|510300.SH|512200.SH|513030.SH|513070.SH|513100.SH|513120.SH|513500.SH|513880.SH,0.9309592390855653,0.8876334498348947,forward,10.0
rolling_sequential_forward,2023,2024,72,159869.SZ|159980.SZ|159985.SZ|164824.SZ|501018.SH|510300.SH|512200.SH|513070.SH|513100.SH|513120.SH|513500.SH|513880.SH|518880.SH,1.5804892067148297,0.8876334498348947,forward,10.0
rolling_sequential_forward,2023,2024,73,159869.SZ|159981.SZ|159985.SZ|161226.SZ|164824.SZ|501018.SH|510300.SH|512200.SH|513070.SH|513100.SH|513120.SH|513500.SH|513880.SH,0.661013732157701,0.8876334498348947,forward,10.0
rolling_sequential_forward,2023,2024,74,159869.SZ|159980.SZ|159981.SZ|159985.SZ|501018.SH|510300.SH|512200.SH|513030.SH|513070.SH|513100.SH|513120.SH|513500.SH|513880.SH,1.463156686493063,0.8876334498348947,forward,10.0
rolling_sequential_forward,2023,2024,75,159869.SZ|159980.SZ|159985.SZ|161226.SZ|501018.SH|510300.SH|512200.SH|513030.SH|513070.SH|513100.SH|513120.SH|513500.SH|513880.SH,1.0463459443146066,0.8876334498348947,forward,10.0
rolling_sequential_forward,2023,2024,76,159687.SZ|159869.SZ|159981.SZ|159985.SZ|501018.SH|510300.SH|512200.SH|513070.SH|513100.SH|513120.SH|513500.SH|513880.SH|518880.SH,0.7455421719576362,0.8876334498348947,forward,10.0
rolling_sequential_forward,2023,2024,77,159869.SZ|159985.SZ|161226.SZ|501018.SH|510300.SH|512200.SH|513070.SH|513080.SH|513100.SH|513120.SH|513500.SH|513880.SH|518880.SH,0.875062908353567,0.8876334498348947,forward,10.0
rolling_sequential_forward,2023,2024,78,159869.SZ|159980.SZ|159985.SZ|501018.SH|510300.SH|512200.SH|513070.SH|513100.SH|513120.SH|513310.SH|513500.SH|513880.SH|518880.SH,1.2347472631283076,0.8876334498348947,forward,10.0
rolling_sequential_forward,2023,2024,79,159869.SZ|159980.SZ|159985.SZ|160644.SZ|161226.SZ|501018.SH|510300.SH|512200.SH|513070.SH|513100.SH|513120.SH|513500.SH|513880.SH,0.7054051208382264,0.8876334498348947,forward,10.0
rolling_sequential_forward,2023,2024,80,159869.SZ|159985.SZ|161226.SZ|501018.SH|510300.SH|512200.SH|513070.SH|513100.SH|513120.SH|513290.SH|513500.SH|513880.SH|518880.SH,0.6935803822368535,0.8876334498348947,forward,10.0
rolling_sequential_forward,2023,2024,81,159869.SZ|159981.SZ|159985.SZ|161226.SZ|501018.SH|510300.SH|512200.SH|513070.SH|513100.SH|513120.SH|513290.SH|513500.SH|513880.SH,0.5864160303518045,0.8876334498348947,forward,10.0
rolling_sequential_forward,2023,2024,82,159869.SZ|159980.SZ|159985.SZ|161226.SZ|501018.SH|510300.SH|512200.SH|513070.SH|513100.SH|513120.SH|513290.SH|513500.SH|513880.SH,0.8868760052744437,0.8876334498348947,forward,10.0
rolling_sequential_forward,2023,2024,83,159687.SZ|159869.SZ|159980.SZ|159985.SZ|501018.SH|510300.SH|512200.SH|513070.SH|513100.SH|513120.SH|513500.SH|513880.SH|518880.SH,1.1971102612734073,0.8876334498348947,forward,10.0
rolling_sequential_forward,2023,2024,84,159869.SZ|159980.SZ|159981.SZ|159985.SZ|160644.SZ|501018.SH|510300.SH|512200.SH|513070.SH|513100.SH|513120.SH|513500.SH|513880.SH,1.2902151358332856,0.8876334498348947,forward,10.0
rolling_sequential_forward,2023,2024,85,159869.SZ|159985.SZ|161226.SZ|501018.SH|510300.SH|512200.SH|513030.SH|513070.SH|513100.SH|513120.SH|513500.SH|513880.SH|518880.SH,1.026485147731164,0.8876334498348947,forward,10.0
rolling_sequential_forward,2023,2024,86,159869.SZ|159985.SZ|160644.SZ|161226.SZ|501018.SH|510300.SH|512200.SH|513070.SH|513100.SH|513120.SH|513500.SH|513880.SH|518880.SH,0.674993625151171,0.8876334498348947,forward,10.0
rolling_sequential_forward,2023,2024,87,159869.SZ|159980.SZ|159981.SZ|159985.SZ|501018.SH|510300.SH|512200.SH|513070.SH|513080.SH|513100.SH|513120.SH|513500.SH|513880.SH,1.4397020374534353,0.8876334498348947,forward,10.0
rolling_sequential_forward,2023,2024,88,159869.SZ|159980.SZ|159985.SZ|161226.SZ|164824.SZ|501018.SH|510300.SH|512200.SH|513070.SH|513100.SH|513120.SH|513500.SH|513880.SH,1.0686026409854739,0.8876334498348947,forward,10.0
rolling_sequential_forward,2023,2024,89,159869.SZ|159980.SZ|159981.SZ|159985.SZ|501018.SH|510300.SH|512200.SH|513070.SH|513100.SH|513120.SH|513310.SH|513500.SH|513880.SH,1.1191363524150222,0.8876334498348947,forward,10.0
rolling_sequential_forward,2023,2024,90,159869.SZ|159985.SZ|161226.SZ|164824.SZ|501018.SH|510300.SH|512200.SH|513070.SH|513100.SH|513120.SH|513500.SH|513880.SH|518880.SH,0.7942592911899475,0.8876334498348947,forward,10.0
rolling_sequential_forward,2023,2024,91,159869.SZ|159981.SZ|159985.SZ|501018.SH|510300.SH|512200.SH|513070.SH|513100.SH|513120.SH|513290.SH|513500.SH|513880.SH|518880.SH,0.805900123382999,0.8876334498348947,forward,10.0
rolling_sequential_forward,2023,2024,92,159869.SZ|159980.SZ|159981.SZ|159985.SZ|501018.SH|510300.SH|512200.SH|513070.SH|513100.SH|513120.SH|513290.SH|513500.SH|513880.SH,1.136712085843488,0.8876334498348947,forward,10.0
rolling_sequential_forward,2023,2024,93,159869.SZ|159981.SZ|159985.SZ|164824.SZ|501018.SH|510300.SH|512200.SH|513070.SH|513100.SH|513120.SH|513500.SH|513880.SH|518880.SH,1.1171796536300937,0.8876334498348947,forward,10.0
rolling_sequential_forward,2023,2024,94,159869.SZ|159981.SZ|159985.SZ|161226.SZ|501018.SH|510300.SH|512200.SH|513070.SH|513080.SH|513100.SH|513120.SH|513500.SH|513880.SH,0.802598146829188,0.8876334498348947,forward,10.0
rolling_sequential_forward,2023,2024,95,159687.SZ|159869.SZ|159980.SZ|159981.SZ|159985.SZ|501018.SH|510300.SH|512200.SH|513070.SH|513100.SH|513120.SH|513500.SH|513880.SH,1.1834512764158902,0.8876334498348947,forward,10.0
rolling_sequential_forward,2023,2024,96,159869.SZ|159981.SZ|159985.SZ|161226.SZ|501018.SH|510300.SH|512200.SH|513070.SH|513100.SH|513120.SH|513310.SH|513500.SH|513880.SH,0.538352355406456,0.8876334498348947,forward,10.0
rolling_sequential_forward,2023,2024,97,159869.SZ|159981.SZ|159985.SZ|160644.SZ|501018.SH|510300.SH|512200.SH|513070.SH|513100.SH|513120.SH|513500.SH|513880.SH|518880.SH,0.937808444240259,0.8876334498348947,forward,10.0
rolling_sequential_forward,2023,2024,98,159869.SZ|159980.SZ|159985.SZ|501018.SH|510300.SH|512200.SH|513070.SH|513080.SH|513100.SH|513120.SH|513500.SH|513880.SH|518880.SH,1.4290572436427087,0.8876334498348947,forward,10.0
rolling_sequential_forward,2023,2024,99,159869.SZ|159980.SZ|159985.SZ|161226.SZ|501018.SH|510300.SH|512200.SH|513070.SH|513100.SH|513120.SH|513310.SH|513500.SH|513880.SH,0.8256770875937933,0.8876334498348947,forward,10.0
rolling_sequential_forward,2023,2024,100,159869.SZ|159980.SZ|159985.SZ|160644.SZ|501018.SH|510300.SH|512200.SH|513070.SH|513100.SH|513120.SH|513500.SH|513880.SH|518880.SH,1.3602055278222027,0.8876334498348947,forward,10.0
rolling_sequential_forward,2024,2025,1,159687.SZ|159865.SZ|159981.SZ|160644.SZ|161226.SZ|501018.SH|510210.SH|512200.SH|513030.SH|513070.SH|513120.SH|513400.SH|518880.SH,0.6922660131261047,0.7889425391722841,warmup,
rolling_sequential_forward,2024,2025,2,159687.SZ|159869.SZ|159901.SZ|159920.SZ|159980.SZ|159985.SZ|161226.SZ|164824.SZ|513100.SH|513120.SH|513730.SH|515220.SH|518880.SH,0.8205053321961853,0.7889425391722841,warmup,
rolling_sequential_forward,2024,2025,3,159529.SZ|159915.SZ|159980.SZ|159985.SZ|161226.SZ|501018.SH|510180.SH|513030.SH|513070.SH|513120.SH|513290.SH|513730.SH|563300.SH,1.2183098556404819,0.848985282965664,warmup,
rolling_sequential_forward,2024,2025,4,159518.SZ|159687.SZ|159796.SZ|159915.SZ|159920.SZ|159980.SZ|159985.SZ|161226.SZ|513120.SH|513400.SH|513500.SH|518880.SH|563300.SH,0.6513315115773132,0.8409991249019199,warmup,
rolling_sequential_forward,2024,2025,5,159509.SZ|159518.SZ|159949.SZ|159985.SZ|161226.SZ|164824.SZ|501018.SH|510500.SH|513180.SH|513310.SH|513750.SH|518880.SH|562500.SH,1.2533783619711558,0.8530667988809837,warmup,
rolling_sequential_forward,2024,2025,6,159529.SZ|159766.SZ|159980.SZ|159981.SZ|160644.SZ|161226.SZ|513070.SH|513730.SH|513750.SH|513880.SH|518880.SH|562500.SH|588220.SH,0.5924524016797668,0.8821409627166291,warmup,
rolling_sequential_forward,2024,2025,7,159529.SZ|159870.SZ|159980.SZ|160644.SZ|161226.SZ|501018.SH|510180.SH|513030.SH|513180.SH|513290.SH|513750.SH|518880.SH|588200.SH,0.7826931607185488,0.8415836756152468,warmup,
rolling_sequential_forward,2024,2025,8,159901.SZ|159980.SZ|159981.SZ|159985.SZ|164824.SZ|501018.SH|512800.SH|513070.SH|513120.SH|513290.SH|513500.SH|513880.SH|562500.SH,1.3692669186964008,0.8115737457426698,warmup,
rolling_sequential_forward,2024,2025,9,159529.SZ|159980.SZ|159981.SZ|159985.SZ|161226.SZ|510180.SH|512040.SH|512660.SH|513030.SH|513120.SH|513180.SH|513310.SH|513500.SH,0.2492392663995799,0.8690161300467388,warmup,
rolling_sequential_forward,2024,2025,10,159766.SZ|159870.SZ|159981.SZ|159985.SZ|161226.SZ|512170.SH|513030.SH|513070.SH|513100.SH|513400.SH|513500.SH|513750.SH|518880.SH,0.4129554361644889,0.8532903457695046,warmup,
rolling_sequential_forward,2024,2025,11,159766.SZ|159915.SZ|159980.SZ|159985.SZ|160644.SZ|501018.SH|513030.SH|513100.SH|513180.SH|513730.SH|513750.SH|518880.SH|588200.SH,1.0803170579688108,0.8415836756152468,warmup,
rolling_sequential_forward,2024,2025,12,159509.SZ|159611.SZ|159825.SZ|159981.SZ|159985.SZ|161226.SZ|164824.SZ|501018.SH|510500.SH|513100.SH|513120.SH|513180.SH|513730.SH,0.7363395595491873,0.8598122919060952,warmup,
rolling_sequential_forward,2024,2025,13,159518.SZ|159870.SZ|159980.SZ|159981.SZ|159985.SZ|161226.SZ|512890.SH|512980.SH|513080.SH|513120.SH|513290.SH|513400.SH|513750.SH,-0.09663458766653234,0.7087039781877622,warmup,
rolling_sequential_forward,2024,2025,14,159518.SZ|159529.SZ|159981.SZ|161226.SZ|164824.SZ|501018.SH|512400.SH|512890.SH|513100.SH|513180.SH|513750.SH|516150.SH|518880.SH,1.4491849722789678,0.8415836756152468,warmup,
rolling_sequential_forward,2024,2025,15,159611.SZ|159920.SZ|159980.SZ|159981.SZ|159985.SZ|160644.SZ|512170.SH|513290.SH|513500.SH|513750.SH|513880.SH|518880.SH|562500.SH,0.0916096893731821,0.8920130717054932,warmup,
rolling_sequential_forward,2024,2025,16,159509.SZ|159687.SZ|159851.SZ|159901.SZ|159980.SZ|161226.SZ|501018.SH|510880.SH|513180.SH|513500.SH|513730.SH|513750.SH|518880.SH,1.7208431244441615,0.8415836756152468,warmup,
rolling_sequential_forward,2024,2025,17,159518.SZ|159687.SZ|159949.SZ|159980.SZ|159981.SZ|159985.SZ|501018.SH|512660.SH|512880.SH|513070.SH|513080.SH|513400.SH|513750.SH,0.2398580797266529,0.8109949251878138,warmup,
rolling_sequential_forward,2024,2025,18,159509.SZ|159518.SZ|159851.SZ|159901.SZ|159920.SZ|159967.SZ|159981.SZ|159985.SZ|161226.SZ|501018.SH|513030.SH|513730.SH|513750.SH,0.8013858142471314,0.9199793683104046,warmup,
rolling_sequential_forward,2024,2025,19,159518.SZ|159529.SZ|159865.SZ|159920.SZ|159980.SZ|159981.SZ|161226.SZ|512040.SH|513120.SH|513310.SH|513730.SH|518880.SH|588000.SH,0.013155101394172093,0.7889425391722841,warmup,
rolling_sequential_forward,2024,2025,20,159981.SZ|159985.SZ|160644.SZ|164824.SZ|501018.SH|512040.SH|512880.SH|513030.SH|513070.SH|513310.SH|513750.SH|515210.SH|518880.SH,0.25280498169663806,0.8533419882286508,warmup,
rolling_sequential_forward,2024,2025,21,159529.SZ|159870.SZ|159980.SZ|160644.SZ|161226.SZ|501018.SH|510880.SH|513070.SH|513120.SH|513500.SH|513880.SH|518880.SH|588200.SH,0.5464130330573761,0.7889425391722841,forward,1.0
rolling_sequential_forward,2024,2025,22,159509.SZ|159518.SZ|159901.SZ|159920.SZ|159980.SZ|159981.SZ|159985.SZ|510880.SH|513080.SH|513120.SH|513730.SH|515880.SH|518880.SH,0.3726795466226859,0.7426993758502046,forward,1.0
rolling_sequential_forward,2024,2025,23,159529.SZ|159981.SZ|159985.SZ|160644.SZ|161226.SZ|510880.SH|512200.SH|513070.SH|513100.SH|513310.SH|513750.SH|518880.SH|563300.SH,0.977712213807317,0.8109949251878138,forward,1.0
rolling_sequential_forward,2024,2025,24,159687.SZ|159981.SZ|160644.SZ|161226.SZ|501018.SH|510880.SH|512040.SH|512170.SH|513070.SH|513100.SH|513500.SH|513750.SH|518880.SH,1.1171506444680461,0.8532903457695046,forward,1.0
rolling_sequential_forward,2024,2025,25,159865.SZ|159980.SZ|159981.SZ|159985.SZ|161226.SZ|164824.SZ|510880.SH|513120.SH|513290.SH|513400.SH|513750.SH|513880.SH|516150.SH,0.6502586141451391,0.706441678609349,forward,1.0
rolling_sequential_forward,2024,2025,26,159518.SZ|159920.SZ|159981.SZ|159985.SZ|501018.SH|510880.SH|512200.SH|512400.SH|513030.SH|513100.SH|513400.SH|513750.SH|518880.SH,0.4923370565887064,0.8920130717054932,forward,2.0
rolling_sequential_forward,2024,2025,27,159518.SZ|159920.SZ|159980.SZ|159985.SZ|161226.SZ|510880.SH|512200.SH|512400.SH|513080.SH|513100.SH|513120.SH|513310.SH|518880.SH,0.6128763175925678,0.7889425391722841,forward,2.0
rolling_sequential_forward,2024,2025,28,159985.SZ|160644.SZ|161226.SZ|164824.SZ|501018.SH|510500.SH|510880.SH|512400.SH|513070.SH|513400.SH|513500.SH|513750.SH|518880.SH,0.8624469216182732,0.8109949251878138,forward,2.0
rolling_sequential_forward,2024,2025,29,159518.SZ|159611.SZ|159981.SZ|159985.SZ|501018.SH|510880.SH|512400.SH|513120.SH|513180.SH|513400.SH|513730.SH|513880.SH|518880.SH,0.6441380501682072,0.7718796702394679,forward,2.0
rolling_sequential_forward,2024,2025,30,159529.SZ|159928.SZ|159981.SZ|159985.SZ|161226.SZ|501018.SH|510880.SH|512400.SH|513120.SH|513290.SH|513400.SH|513500.SH|513750.SH,1.3812202710886696,0.7123382192763859,forward,2.0
rolling_sequential_forward,2024,2025,31,159529.SZ|159928.SZ|159985.SZ|161226.SZ|501018.SH|510880.SH|512400.SH|513030.SH|513070.SH|513400.SH|513500.SH|513750.SH|518880.SH,0.4678127280274125,0.8109949251878138,forward,3.0
rolling_sequential_forward,2024,2025,32,159687.SZ|159928.SZ|159980.SZ|159981.SZ|159985.SZ|160644.SZ|161226.SZ|510880.SH|512400.SH|513030.SH|513180.SH|513730.SH|513750.SH,0.16737188260584876,0.8415836756152468,forward,3.0
rolling_sequential_forward,2024,2025,33,159518.SZ|159928.SZ|159980.SZ|159981.SZ|161226.SZ|501018.SH|510880.SH|512400.SH|513030.SH|513100.SH|513180.SH|513400.SH|513750.SH,0.24645119955880138,0.8415836756152468,forward,3.0
rolling_sequential_forward,2024,2025,34,159509.SZ|159518.SZ|159920.SZ|159928.SZ|159980.SZ|159981.SZ|159985.SZ|161226.SZ|510880.SH|512400.SH|513730.SH|513750.SH|513880.SH,0.8515989746026645,0.8920130717054932,forward,3.0
rolling_sequential_forward,2024,2025,35,159518.SZ|159529.SZ|159928.SZ|159981.SZ|161226.SZ|501018.SH|510880.SH|512400.SH|513070.SH|513100.SH|513310.SH|513750.SH|518880.SH,1.0580013924698186,0.8109949251878138,forward,3.0
rolling_sequential_forward,2024,2025,36,159920.SZ|159928.SZ|159980.SZ|159985.SZ|164824.SZ|501018.SH|510880.SH|512400.SH|513080.SH|513100.SH|513120.SH|513730.SH|518880.SH,0.4077798987665486,0.7251138829934614,forward,4.0
rolling_sequential_forward,2024,2025,37,159928.SZ|159980.SZ|159981.SZ|160644.SZ|164824.SZ|501018.SH|510880.SH|512400.SH|513080.SH|513180.SH|513500.SH|513750.SH|518880.SH,0.3788138290915177,0.8415836756152468,forward,4.0
rolling_sequential_forward,2024,2025,38,159518.SZ|159529.SZ|159928.SZ|159980.SZ|159981.SZ|159985.SZ|501018.SH|510880.SH|512400.SH|513070.SH|513120.SH|513290.SH|513310.SH,0.03825845656535199,0.7265589049246975,forward,4.0
rolling_sequential_forward,2024,2025,39,159928.SZ|159981.SZ|159985.SZ|161226.SZ|501018.SH|510880.SH|512400.SH|513070.SH|513080.SH|513100.SH|513730.SH|513750.SH|513880.SH,1.194474559073839,0.8109949251878138,forward,4.0
rolling_sequential_forward,2024,2025,40,159928.SZ|159981.SZ|159985.SZ|161226.SZ|501018.SH|510880.SH|512400.SH|513030.SH|513080.SH|513120.SH|513180.SH|513500.SH|513880.SH,0.6225443052460737,0.8934888117483807,forward,4.0
rolling_sequential_forward,2024,2025,41,159509.SZ|159920.SZ|159928.SZ|159980.SZ|159981.SZ|161226.SZ|501018.SH|510880.SH|512400.SH|513120.SH|513290.SH|513400.SH|513500.SH,0.6559530117711557,0.7342352025519209,forward,5.0
rolling_sequential_forward,2024,2025,42,159509.SZ|159928.SZ|159980.SZ|159981.SZ|160644.SZ|501018.SH|510880.SH|512400.SH|513030.SH|513180.SH|513500.SH|513750.SH|518880.SH,0.37600014127831155,0.8415836756152468,forward,5.0
rolling_sequential_forward,2024,2025,43,159509.SZ|159529.SZ|159928.SZ|159981.SZ|161226.SZ|501018.SH|510880.SH|512400.SH|513120.SH|513180.SH|513310.SH|513880.SH|518880.SH,1.280166688655963,0.7889425391722841,forward,5.0
rolling_sequential_forward,2024,2025,44,159509.SZ|159928.SZ|159980.SZ|159981.SZ|160644.SZ|501018.SH|510880.SH|512400.SH|513120.SH|513400.SH|513750.SH|513880.SH|518880.SH,0.8299291585166402,0.706441678609349,forward,5.0
rolling_sequential_forward,2024,2025,45,159509.SZ|159928.SZ|159980.SZ|159981.SZ|159985.SZ|501018.SH|510880.SH|512400.SH|513070.SH|513080.SH|513120.SH|513290.SH|513400.SH,0.2857831839699282,0.7265589049246975,forward,5.0
rolling_sequential_forward,2024,2025,46,159509.SZ|159928.SZ|159980.SZ|159981.SZ|161226.SZ|501018.SH|510880.SH|512400.SH|513070.SH|513080.SH|513500.SH|513730.SH|513750.SH,1.005995444677447,0.8109949251878138,forward,6.0
rolling_sequential_forward,2024,2025,47,159509.SZ|159518.SZ|159928.SZ|159980.SZ|159981.SZ|161226.SZ|501018.SH|510880.SH|512400.SH|513070.SH|513120.SH|513310.SH|513730.SH,0.5278722775120496,0.7265589049246975,forward,6.0
rolling_sequential_forward,2024,2025,48,159509.SZ|159928.SZ|159985.SZ|161226.SZ|501018.SH|510880.SH|512400.SH|513070.SH|513310.SH|513500.SH|513750.SH|513880.SH|518880.SH,1.0750761811820033,0.8109949251878138,forward,6.0
rolling_sequential_forward,2024,2025,49,159509.SZ|159920.SZ|159928.SZ|159980.SZ|160644.SZ|161226.SZ|501018.SH|510880.SH|512400.SH|513120.SH|513290.SH|513310.SH|518880.SH,0.18745710431035248,0.7889425391722841,forward,6.0
rolling_sequential_forward,2024,2025,50,159509.SZ|159928.SZ|159980.SZ|159985.SZ|161226.SZ|501018.SH|510880.SH|512400.SH|513120.SH|513180.SH|513290.SH|513730.SH|513880.SH,0.9080572649381589,0.7718796702394679,forward,6.0
rolling_sequential_forward,2024,2025,51,159509.SZ|159529.SZ|159928.SZ|159980.SZ|159981.SZ|161226.SZ|501018.SH|510880.SH|512400.SH|513120.SH|513400.SH|513750.SH|513880.SH,1.0247559766979166,0.706441678609349,forward,7.0
rolling_sequential_forward,2024,2025,52,159509.SZ|159928.SZ|159980.SZ|159985.SZ|161226.SZ|501018.SH|510880.SH|512400.SH|513100.SH|513120.SH|513500.SH|513750.SH|513880.SH,1.0855588365352045,0.8598122919060952,forward,7.0
rolling_sequential_forward,2024,2025,53,159509.SZ|159518.SZ|159928.SZ|159980.SZ|161226.SZ|501018.SH|510880.SH|512400.SH|513070.SH|513290.SH|513750.SH|513880.SH|518880.SH,0.3509729922635494,0.8109949251878138,forward,7.0
rolling_sequential_forward,2024,2025,54,159509.SZ|159928.SZ|159985.SZ|161226.SZ|501018.SH|510880.SH|512400.SH|513030.SH|513070.SH|513120.SH|513290.SH|513880.SH|518880.SH,0.4975429895871437,0.7889425391722841,forward,7.0
rolling_sequential_forward,2024,2025,55,159509.SZ|159529.SZ|159928.SZ|159980.SZ|159981.SZ|161226.SZ|501018.SH|510880.SH|512400.SH|513070.SH|513080.SH|513750.SH|513880.SH,0.9746183444194683,0.8109949251878138,forward,7.0
rolling_sequential_forward,2024,2025,56,159509.SZ|159928.SZ|159980.SZ|159985.SZ|161226.SZ|501018.SH|510880.SH|512400.SH|513070.SH|513100.SH|513310.SH|513750.SH|513880.SH,0.8228685508669039,0.8598122919060952,forward,8.0
rolling_sequential_forward,2024,2025,57,159509.SZ|159928.SZ|159981.SZ|159985.SZ|161226.SZ|501018.SH|510880.SH|512400.SH|513100.SH|513120.SH|513180.SH|513310.SH|513880.SH,1.0743293629389163,0.8598122919060952,forward,8.0
rolling_sequential_forward,2024,2025,58,159509.SZ|159687.SZ|159928.SZ|159980.SZ|159985.SZ|161226.SZ|501018.SH|510880.SH|512400.SH|513070.SH|513100.SH|513120.SH|513880.SH,1.0627883440716246,0.8598122919060952,forward,8.0
rolling_sequential_forward,2024,2025,59,159509.SZ|159928.SZ|159980.SZ|159985.SZ|161226.SZ|501018.SH|510880.SH|512400.SH|513100.SH|513180.SH|513290.SH|513750.SH|513880.SH,0.9358075787194515,0.8598122919060952,forward,8.0
rolling_sequential_forward,2024,2025,60,159509.SZ|159928.SZ|159981.SZ|161226.SZ|501018.SH|510880.SH|512400.SH|513030.SH|513100.SH|513120.SH|513750.SH|513880.SH|518880.SH,1.1759726435253297,0.8598122919060952,forward,8.0
rolling_sequential_forward,2024,2025,61,159509.SZ|159920.SZ|159928.SZ|159980.SZ|159985.SZ|161226.SZ|501018.SH|510880.SH|512400.SH|513100.SH|513310.SH|513750.SH|513880.SH,0.8949905110164968,0.8920130717054932,forward,9.0
rolling_sequential_forward,2024,2025,62,159509.SZ|159928.SZ|159981.SZ|161226.SZ|501018.SH|510880.SH|512400.SH|513100.SH|513120.SH|513310.SH|513750.SH|513880.SH|518880.SH,1.5522206535933383,0.8598122919060952,forward,9.0
rolling_sequential_forward,2024,2025,63,159509.SZ|159529.SZ|159928.SZ|159981.SZ|159985.SZ|161226.SZ|501018.SH|510880.SH|512400.SH|513070.SH|513100.SH|513750.SH|513880.SH,1.7930527052012526,0.8598122919060952,forward,9.0
rolling_sequential_forward,2024,2025,64,159509.SZ|159920.SZ|159928.SZ|159985.SZ|161226.SZ|501018.SH|510880.SH|512400.SH|513080.SH|513100.SH|513750.SH|513880.SH|518880.SH,1.3080760937993432,0.8920130717054932,forward,9.0
rolling_sequential_forward,2024,2025,65,159509.SZ|159928.SZ|159985.SZ|161226.SZ|501018.SH|510880.SH|512400.SH|513030.SH|513070.SH|513100.SH|513750.SH|513880.SH|518880.SH,1.0541803348978365,0.8598122919060952,forward,9.0
rolling_sequential_forward,2024,2025,66,159509.SZ|159928.SZ|159980.SZ|161226.SZ|501018.SH|510880.SH|512400.SH|513080.SH|513100.SH|513180.SH|513750.SH|513880.SH|518880.SH,1.1166983894762141,0.8598122919060952,forward,10.0
rolling_sequential_forward,2024,2025,67,159509.SZ|159928.SZ|159980.SZ|159985.SZ|161226.SZ|501018.SH|510880.SH|512400.SH|513100.SH|513180.SH|513730.SH|513750.SH|513880.SH,1.3491545916056968,0.8598122919060952,forward,10.0
rolling_sequential_forward,2024,2025,68,159509.SZ|159928.SZ|159985.SZ|161226.SZ|501018.SH|510880.SH|512400.SH|513100.SH|513180.SH|513730.SH|513750.SH|513880.SH|518880.SH,1.5650886520947827,0.8598122919060952,forward,10.0
rolling_sequential_forward,2024,2025,69,159509.SZ|159518.SZ|159928.SZ|159980.SZ|159981.SZ|161226.SZ|501018.SH|510880.SH|512400.SH|513100.SH|513180.SH|513750.SH|513880.SH,0.9065923493454251,0.8598122919060952,forward,10.0
rolling_sequential_forward,2024,2025,70,159509.SZ|159928.SZ|159980.SZ|161226.SZ|501018.SH|510880.SH|512400.SH|513100.SH|513180.SH|513310.SH|513750.SH|513880.SH|518880.SH,1.1998047656074455,0.8598122919060952,forward,10.0
rolling_sequential_forward,2024,2025,71,159509.SZ|159928.SZ|159981.SZ|161226.SZ|501018.SH|510880.SH|512400.SH|513100.SH|513180.SH|513730.SH|513750.SH|513880.SH|518880.SH,1.6204274267889238,0.8598122919060952,forward,11.0
rolling_sequential_forward,2024,2025,72,159509.SZ|159928.SZ|159980.SZ|161226.SZ|501018.SH|510880.SH|512400.SH|513100.SH|513180.SH|513400.SH|513750.SH|513880.SH|518880.SH,1.4331382753278683,0.8598122919060952,forward,11.0
rolling_sequential_forward,2024,2025,73,159509.SZ|159928.SZ|159981.SZ|161226.SZ|501018.SH|510880.SH|512400.SH|513080.SH|513100.SH|513180.SH|513750.SH|513880.SH|518880.SH,1.2013509181506095,0.8598122919060952,forward,11.0
rolling_sequential_forward,2024,2025,74,159509.SZ|159928.SZ|159985.SZ|161226.SZ|501018.SH|510880.SH|512400.SH|513100.SH|513180.SH|513310.SH|513750.SH|513880.SH|518880.SH,1.4568091594878938,0.8598122919060952,forward,11.0
rolling_sequential_forward,2024,2025,75,159509.SZ|159687.SZ|159928.SZ|159985.SZ|161226.SZ|501018.SH|510880.SH|512400.SH|513100.SH|513180.SH|513750.SH|513880.SH|518880.SH,1.5175851479627447,0.8598122919060952,forward,11.0
rolling_sequential_forward,2024,2025,76,159509.SZ|159928.SZ|159980.SZ|161226.SZ|164824.SZ|501018.SH|510880.SH|512400.SH|513100.SH|513180.SH|513750.SH|513880.SH|518880.SH,0.9362073523726139,0.8598122919060952,forward,11.0
rolling_sequential_forward,2024,2025,77,159509.SZ|159928.SZ|159981.SZ|161226.SZ|501018.SH|510880.SH|512400.SH|513030.SH|513100.SH|513180.SH|513750.SH|513880.SH|518880.SH,1.0867969242903606,0.8598122919060952,forward,11.0
rolling_sequential_forward,2024,2025,78,159509.SZ|159928.SZ|159985.SZ|161226.SZ|501018.SH|510880.SH|512400.SH|513100.SH|513180.SH|513400.SH|513750.SH|513880.SH|518880.SH,1.5494323950436943,0.8598122919060952,forward,11.0
rolling_sequential_forward,2024,2025,79,159509.SZ|159518.SZ|159928.SZ|159980.SZ|161226.SZ|501018.SH|510880.SH|512400.SH|513100.SH|513180.SH|513750.SH|513880.SH|518880.SH,0.9663150670420261,0.8598122919060952,forward,11.0
rolling_sequential_forward,2024,2025,80,159509.SZ|159928.SZ|159980.SZ|160644.SZ|161226.SZ|501018.SH|510880.SH|512400.SH|513100.SH|513180.SH|513750.SH|513880.SH|518880.SH,0.9510602465220903,0.8598122919060952,forward,11.0
rolling_sequential_forward,2024,2025,81,159509.SZ|159518.SZ|159928.SZ|159981.SZ|161226.SZ|501018.SH|510880.SH|512400.SH|513100.SH|513180.SH|513750.SH|513880.SH|518880.SH,1.124930773877832,0.8598122919060952,forward,11.0
rolling_sequential_forward,2024,2025,82,159509.SZ|159928.SZ|159980.SZ|161226.SZ|501018.SH|510880.SH|512400.SH|513100.SH|513180.SH|513500.SH|513750.SH|513880.SH|518880.SH,1.1310403786088583,0.8598122919060952,forward,11.0
rolling_sequential_forward,2024,2025,83,159509.SZ|159928.SZ|159980.SZ|161226.SZ|501018.SH|510880.SH|512400.SH|513100.SH|513180.SH|513730.SH|513750.SH|513880.SH|518880.SH,1.4440031874793362,0.8598122919060952,forward,11.0
rolling_sequential_forward,2024,2025,84,159509.SZ|159928.SZ|159985.SZ|161226.SZ|501018.SH|510880.SH|512400.SH|513100.SH|513180.SH|513290.SH|513750.SH|513880.SH|518880.SH,1.308757088056099,0.8598122919060952,forward,11.0
rolling_sequential_forward,2024,2025,85,159509.SZ|159928.SZ|159985.SZ|161226.SZ|501018.SH|510880.SH|512400.SH|513030.SH|513100.SH|513180.SH|513750.SH|513880.SH|518880.SH,1.0433734928857454,0.8598122919060952,forward,11.0
rolling_sequential_forward,2024,2025,86,159509.SZ|159928.SZ|159985.SZ|160644.SZ|161226.SZ|501018.SH|510880.SH|512400.SH|513100.SH|513180.SH|513750.SH|513880.SH|518880.SH,1.237279677547555,0.8598122919060952,forward,11.0
rolling_sequential_forward,2024,2025,87,159509.SZ|159518.SZ|159928.SZ|159985.SZ|161226.SZ|501018.SH|510880.SH|512400.SH|513100.SH|513180.SH|513750.SH|513880.SH|518880.SH,1.1629627733535184,0.8598122919060952,forward,11.0
rolling_sequential_forward,2024,2025,88,159509.SZ|159687.SZ|159928.SZ|159981.SZ|161226.SZ|501018.SH|510880.SH|512400.SH|513100.SH|513180.SH|513750.SH|513880.SH|518880.SH,1.4312088811821144,0.8598122919060952,forward,11.0
rolling_sequential_forward,2024,2025,89,159509.SZ|159928.SZ|159981.SZ|161226.SZ|501018.SH|510880.SH|512400.SH|513100.SH|513180.SH|513310.SH|513750.SH|513880.SH|518880.SH,1.4234752696984003,0.8598122919060952,forward,11.0
rolling_sequential_forward,2024,2025,90,159509.SZ|159928.SZ|159985.SZ|161226.SZ|164824.SZ|501018.SH|510880.SH|512400.SH|513100.SH|513180.SH|513750.SH|513880.SH|518880.SH,1.1645796405721782,0.8598122919060952,forward,11.0
rolling_sequential_forward,2024,2025,91,159509.SZ|159928.SZ|159980.SZ|161226.SZ|501018.SH|510880.SH|512400.SH|513030.SH|513100.SH|513180.SH|513750.SH|513880.SH|518880.SH,1.0133979825139248,0.8598122919060952,forward,11.0
rolling_sequential_forward,2024,2025,92,159509.SZ|159529.SZ|159928.SZ|159980.SZ|161226.SZ|501018.SH|510880.SH|512400.SH|513100.SH|513180.SH|513750.SH|513880.SH|518880.SH,1.511807936527607,0.8598122919060952,forward,11.0
rolling_sequential_forward,2024,2025,93,159509.SZ|159529.SZ|159928.SZ|159981.SZ|161226.SZ|501018.SH|510880.SH|512400.SH|513100.SH|513180.SH|513750.SH|513880.SH|518880.SH,1.6252166400935344,0.8598122919060952,forward,11.0
rolling_sequential_forward,2024,2025,94,159509.SZ|159928.SZ|159985.SZ|161226.SZ|501018.SH|510880.SH|512400.SH|513080.SH|513100.SH|513180.SH|513750.SH|513880.SH|518880.SH,1.3242575510077574,0.8598122919060952,forward,11.0
rolling_sequential_forward,2024,2025,95,159509.SZ|159687.SZ|159928.SZ|159980.SZ|161226.SZ|501018.SH|510880.SH|512400.SH|513100.SH|513180.SH|513750.SH|513880.SH|518880.SH,1.1575332685798856,0.8598122919060952,forward,11.0
rolling_sequential_forward,2024,2025,96,159509.SZ|159928.SZ|159981.SZ|161226.SZ|501018.SH|510880.SH|512400.SH|513100.SH|513180.SH|513500.SH|513750.SH|513880.SH|518880.SH,1.1107680040481425,0.8598122919060952,forward,11.0
rolling_sequential_forward,2024,2025,97,159509.SZ|159529.SZ|159928.SZ|159985.SZ|161226.SZ|501018.SH|510880.SH|512400.SH|513100.SH|513180.SH|513750.SH|513880.SH|518880.SH,1.3402508004302716,0.8598122919060952,forward,11.0
rolling_sequential_forward,2024,2025,98,159509.SZ|159928.SZ|159980.SZ|161226.SZ|501018.SH|510880.SH|512400.SH|513100.SH|513180.SH|513290.SH|513750.SH|513880.SH|518880.SH,0.8481632986636589,0.8598122919060952,forward,11.0
rolling_sequential_forward,2024,2025,99,159509.SZ|159928.SZ|159981.SZ|161226.SZ|501018.SH|510880.SH|512400.SH|513100.SH|513180.SH|513290.SH|513750.SH|513880.SH|518880.SH,1.1388713073494576,0.8598122919060952,forward,11.0
rolling_sequential_forward,2024,2025,100,159509.SZ|159928.SZ|159981.SZ|161226.SZ|501018.SH|510880.SH|512400.SH|513100.SH|513180.SH|513400.SH|513750.SH|513880.SH|518880.SH,1.5573641026889087,0.8598122919060952,forward,11.0
rolling_sequential_forward,2025,2026,1,159329.SZ|159529.SZ|159915.SZ|159980.SZ|159981.SZ|159985.SZ|161226.SZ|512660.SH|513100.SH|513120.SH|513290.SH|513750.SH|588000.SH,1.1684934066816157,0.795991439672575,warmup,
rolling_sequential_forward,2025,2026,2,159201.SZ|159509.SZ|159980.SZ|159985.SZ|164824.SZ|501018.SH|512100.SH|513080.SH|513120.SH|513180.SH|513310.SH|518880.SH|588000.SH,1.187759569435457,0.7715394942194718,warmup,
rolling_sequential_forward,2025,2026,3,159209.SZ|159529.SZ|159851.SZ|159920.SZ|159981.SZ|159985.SZ|160644.SZ|161226.SZ|164824.SZ|510300.SH|513120.SH|513730.SH|518880.SH,1.2884008642313112,0.8211103383319959,warmup,
rolling_sequential_forward,2025,2026,4,159518.SZ|159529.SZ|159869.SZ|159980.SZ|159985.SZ|160644.SZ|161226.SZ|512660.SH|513030.SH|513120.SH|513180.SH|518880.SH|562500.SH,0.6920310905167076,0.6386831832304587,warmup,
rolling_sequential_forward,2025,2026,5,159329.SZ|159518.SZ|159915.SZ|159920.SZ|159980.SZ|159981.SZ|159985.SZ|501018.SH|512170.SH|513100.SH|513290.SH|513750.SH|515210.SH,-0.18453064037061506,0.8342956687363152,warmup,
rolling_sequential_forward,2025,2026,6,159201.SZ|159529.SZ|159981.SZ|159985.SZ|161226.SZ|512200.SH|513030.SH|513070.SH|513180.SH|513500.SH|513730.SH|515790.SH|518880.SH,0.842041079547118,0.9189240922360594,warmup,
rolling_sequential_forward,2025,2026,7,159509.SZ|159825.SZ|159920.SZ|159980.SZ|159981.SZ|159985.SZ|160644.SZ|510500.SH|510880.SH|513120.SH|513290.SH|513880.SH|518880.SH,1.1627877532211577,0.6687372370154023,warmup,
rolling_sequential_forward,2025,2026,8,159201.SZ|159509.SZ|159529.SZ|159687.SZ|159949.SZ|159980.SZ|159985.SZ|161226.SZ|510210.SH|513070.SH|513180.SH|513730.SH|518880.SH,1.560803825645907,0.9189240922360594,warmup,
rolling_sequential_forward,2025,2026,9,159687.SZ|159869.SZ|159901.SZ|159967.SZ|159980.SZ|159981.SZ|501018.SH|513030.SH|513080.SH|513120.SH|513180.SH|513310.SH|518880.SH,0.9040929202980224,0.9106541589136087,warmup,
rolling_sequential_forward,2025,2026,10,159509.SZ|159852.SZ|159981.SZ|159985.SZ|501018.SH|510500.SH|513070.SH|513080.SH|513290.SH|513750.SH|513880.SH|515880.SH|518880.SH,1.3476396909687458,0.7937635943479663,warmup,
rolling_sequential_forward,2025,2026,11,159687.SZ|159980.SZ|159981.SZ|160644.SZ|161226.SZ|510210.SH|512170.SH|512400.SH|513080.SH|513120.SH|513750.SH|513880.SH|518880.SH,1.4733495106683392,0.7194545803541869,warmup,
rolling_sequential_forward,2025,2026,12,159529.SZ|159920.SZ|159980.SZ|159981.SZ|159985.SZ|161226.SZ|510180.SH|512660.SH|513100.SH|513180.SH|513290.SH|513310.SH|563300.SH,0.844252090217338,0.9154186634947195,warmup,
rolling_sequential_forward,2025,2026,13,159518.SZ|159611.SZ|159980.SZ|159985.SZ|161226.SZ|501018.SH|513070.SH|513080.SH|513180.SH|513290.SH|513500.SH|515790.SH|588000.SH,0.13709148448569272,0.9189240922360594,warmup,
rolling_sequential_forward,2025,2026,14,159329.SZ|159518.SZ|159920.SZ|159985.SZ|161226.SZ|501018.SH|510180.SH|512100.SH|512170.SH|513120.SH|513310.SH|513500.SH|518880.SH,1.3548819209489071,0.806735165553091,warmup,
rolling_sequential_forward,2025,2026,15,159928.SZ|159980.SZ|159985.SZ|164824.SZ|501018.SH|510300.SH|513070.SH|513180.SH|513400.SH|513500.SH|513730.SH|518880.SH|588000.SH,0.9347205378374418,0.9189240922360594,warmup,
rolling_sequential_forward,2025,2026,16,159329.SZ|159687.SZ|159980.SZ|159981.SZ|501018.SH|510210.SH|510500.SH|512400.SH|513070.SH|513080.SH|513310.SH|513750.SH|518880.SH,1.5267852609176016,0.8843364508110882,warmup,
rolling_sequential_forward,2025,2026,17,159209.SZ|159326.SZ|159529.SZ|159981.SZ|160644.SZ|161226.SZ|501018.SH|512890.SH|513030.SH|513120.SH|513400.SH|513750.SH|518880.SH,1.8115566619034378,0.6980145323284309,warmup,
rolling_sequential_forward,2025,2026,18,159687.SZ|159980.SZ|159981.SZ|159985.SZ|160644.SZ|512400.SH|512880.SH|513070.SH|513120.SH|513400.SH|513730.SH|515790.SH|518880.SH,0.8442893263008515,0.7149329360815625,warmup,
rolling_sequential_forward,2025,2026,19,159326.SZ|159766.SZ|159851.SZ|159980.SZ|159985.SZ|160644.SZ|161226.SZ|513030.SH|513080.SH|513120.SH|513180.SH|513500.SH|518880.SH,0.8381613247172207,0.8203596986693006,warmup,
rolling_sequential_forward,2025,2026,20,159209.SZ|159687.SZ|159920.SZ|159981.SZ|159985.SZ|160644.SZ|161226.SZ|501018.SH|513080.SH|513750.SH|513880.SH|515790.SH|588220.SH,0.06344220851248494,0.8342956687363152,warmup,
rolling_sequential_forward,2025,2026,21,159980.SZ|160644.SZ|161226.SZ|501018.SH|512100.SH|512890.SH|513030.SH|513120.SH|513180.SH|513310.SH|513500.SH|518880.SH|588220.SH,1.3994813693913377,0.9084242097657965,forward,1.0
rolling_sequential_forward,2025,2026,22,159518.SZ|159980.SZ|159981.SZ|159985.SZ|501018.SH|510050.SH|512890.SH|513120.SH|513180.SH|513310.SH|513400.SH|513500.SH|563300.SH,-0.08047802942100601,0.9181393430680445,forward,1.0
rolling_sequential_forward,2025,2026,23,159329.SZ|159825.SZ|159980.SZ|159981.SZ|159985.SZ|501018.SH|512890.SH|513070.SH|513100.SH|513120.SH|513290.SH|513310.SH|515220.SH,-0.032864320492203905,0.6102494732985178,forward,1.0
rolling_sequential_forward,2025,2026,24,159509.SZ|159980.SZ|159981.SZ|159985.SZ|501018.SH|512890.SH|513070.SH|513120.SH|513310.SH|513500.SH|513730.SH|515880.SH|516150.SH,1.003473525143024,0.8555362044200798,forward,1.0
rolling_sequential_forward,2025,2026,25,159326.SZ|159980.SZ|159981.SZ|160644.SZ|161226.SZ|512170.SH|512890.SH|513030.SH|513180.SH|513310.SH|513500.SH|513750.SH|518880.SH,1.3838482961521053,0.7369415508190277,forward,1.0
rolling_sequential_forward,2025,2026,26,159329.SZ|159518.SZ|159687.SZ|159980.SZ|159985.SZ|501018.SH|512890.SH|513120.SH|513180.SH|513310.SH|515880.SH|518880.SH|588200.SH,0.92796947195607,0.6695865180301521,forward,2.0
rolling_sequential_forward,2025,2026,27,159509.SZ|159529.SZ|159981.SZ|161226.SZ|501018.SH|512400.SH|512890.SH|513070.SH|513730.SH|513750.SH|513880.SH|518880.SH|563300.SH,1.468943778686328,0.7700255446396679,forward,2.0
rolling_sequential_forward,2025,2026,28,159206.SZ|159529.SZ|159687.SZ|159915.SZ|159920.SZ|159980.SZ|159985.SZ|501018.SH|512890.SH|513030.SH|513120.SH|513500.SH|518880.SH,1.0459277487582181,0.6181974929397187,forward,2.0
rolling_sequential_forward,2025,2026,29,159518.SZ|159928.SZ|159981.SZ|159985.SZ|501018.SH|510300.SH|512890.SH|513030.SH|513080.SH|513120.SH|513180.SH|513500.SH|518880.SH,0.0025265561955459064,0.8203596986693006,forward,2.0
rolling_sequential_forward,2025,2026,30,159329.SZ|159509.SZ|159920.SZ|159980.SZ|159985.SZ|160644.SZ|161226.SZ|512170.SH|512890.SH|513120.SH|513880.SH|518880.SH|563300.SH,1.5888971448824423,0.7063845115730156,forward,2.0
rolling_sequential_forward,2025,2026,31,159687.SZ|159981.SZ|159985.SZ|501018.SH|510050.SH|510210.SH|512890.SH|513030.SH|513070.SH|513100.SH|513180.SH|513730.SH|518880.SH,0.7567035085845008,0.9189240922360594,forward,3.0
rolling_sequential_forward,2025,2026,32,159326.SZ|159920.SZ|159980.SZ|160644.SZ|161226.SZ|164824.SZ|501018.SH|510210.SH|512890.SH|513100.SH|513290.SH|513750.SH|518880.SH,1.6206837869084574,0.8342956687363152,forward,3.0
rolling_sequential_forward,2025,2026,33,159201.SZ|159509.SZ|159529.SZ|159687.SZ|159981.SZ|159985.SZ|501018.SH|510210.SH|512890.SH|513070.SH|513180.SH|513880.SH|518880.SH,1.103147418452225,0.9189240922360594,forward,3.0
rolling_sequential_forward,2025,2026,34,159509.SZ|159980.SZ|159985.SZ|160644.SZ|161226.SZ|510210.SH|512890.SH|512980.SH|513070.SH|513080.SH|513120.SH|513730.SH|518880.SH,2.044720253345685,0.7700255446396679,forward,3.0
rolling_sequential_forward,2025,2026,35,159981.SZ|159985.SZ|160644.SZ|501018.SH|510210.SH|512880.SH|512890.SH|513070.SH|513080.SH|513180.SH|513310.SH|513400.SH|518880.SH,0.9064455006580657,0.9189240922360594,forward,3.0
rolling_sequential_forward,2025,2026,36,159920.SZ|159980.SZ|161226.SZ|501018.SH|510210.SH|512890.SH|512980.SH|513030.SH|513080.SH|513120.SH|513500.SH|513880.SH|518880.SH,1.7316185134509383,0.8203596986693006,forward,4.0
rolling_sequential_forward,2025,2026,37,159329.SZ|159518.SZ|159529.SZ|159981.SZ|159985.SZ|164824.SZ|501018.SH|510210.SH|512890.SH|512980.SH|513070.SH|513750.SH|518880.SH,-0.17924316807030713,0.7410296767805958,forward,4.0
rolling_sequential_forward,2025,2026,38,159509.SZ|159529.SZ|159687.SZ|159985.SZ|161226.SZ|164824.SZ|501018.SH|510210.SH|512890.SH|512980.SH|513180.SH|513750.SH|518880.SH,1.6497765456242814,0.7369415508190277,forward,4.0
rolling_sequential_forward,2025,2026,39,159518.SZ|159980.SZ|159985.SZ|164824.SZ|501018.SH|510210.SH|512890.SH|512980.SH|513070.SH|513080.SH|513750.SH|513880.SH|518880.SH,0.2353102342568242,0.7410296767805958,forward,4.0
rolling_sequential_forward,2025,2026,40,159329.SZ|159529.SZ|159920.SZ|159980.SZ|161226.SZ|501018.SH|510210.SH|512890.SH|512980.SH|513030.SH|513100.SH|513750.SH|518880.SH,1.7940462818034817,0.8342956687363152,forward,4.0
rolling_sequential_forward,2025,2026,41,159985.SZ|160644.SZ|161226.SZ|501018.SH|510210.SH|512890.SH|512980.SH|513070.SH|513080.SH|513100.SH|513120.SH|513400.SH|518880.SH,1.6376357984150542,0.8435159933897625,forward,5.0
rolling_sequential_forward,2025,2026,42,159529.SZ|159687.SZ|159980.SZ|159985.SZ|161226.SZ|510210.SH|512890.SH|512980.SH|513120.SH|513180.SH|513290.SH|513400.SH|518880.SH,1.9208451421974588,0.6832452895372874,forward,5.0
rolling_sequential_forward,2025,2026,43,159985.SZ|161226.SZ|164824.SZ|501018.SH|510210.SH|512890.SH|512980.SH|513030.SH|513120.SH|513180.SH|513310.SH|513500.SH|518880.SH,1.414484908413465,0.6297866002010063,forward,5.0
rolling_sequential_forward,2025,2026,44,159509.SZ|159518.SZ|159687.SZ|159920.SZ|159981.SZ|161226.SZ|501018.SH|510210.SH|512890.SH|512980.SH|513290.SH|513750.SH|518880.SH,1.9764402136127306,0.8342956687363152,forward,5.0
rolling_sequential_forward,2025,2026,45,159980.SZ|159985.SZ|160644.SZ|161226.SZ|510210.SH|512890.SH|512980.SH|513070.SH|513120.SH|513290.SH|513500.SH|513730.SH|518880.SH,1.7003679900819342,0.7866489716881497,forward,5.0
rolling_sequential_forward,2025,2026,46,159329.SZ|159509.SZ|159518.SZ|159920.SZ|159981.SZ|159985.SZ|160644.SZ|161226.SZ|510210.SH|512890.SH|512980.SH|513120.SH|518880.SH,1.4052859069514538,0.6687372370154023,forward,6.0
rolling_sequential_forward,2025,2026,47,159509.SZ|159687.SZ|159920.SZ|159981.SZ|161226.SZ|164824.SZ|501018.SH|510210.SH|512890.SH|512980.SH|513120.SH|513730.SH|518880.SH,1.9824288309423737,0.7700255446396679,forward,6.0
rolling_sequential_forward,2025,2026,48,159509.SZ|159981.SZ|160644.SZ|161226.SZ|501018.SH|510210.SH|512890.SH|512980.SH|513030.SH|513120.SH|513730.SH|513750.SH|518880.SH,1.6928184028083193,0.7700255446396679,forward,6.0
rolling_sequential_forward,2025,2026,49,159509.SZ|159518.SZ|159981.SZ|161226.SZ|501018.SH|510210.SH|512890.SH|512980.SH|513120.SH|513290.SH|513750.SH|513880.SH|518880.SH,2.078597816679677,0.6559960328867108,forward,6.0
rolling_sequential_forward,2025,2026,50,159329.SZ|159509.SZ|159920.SZ|159980.SZ|159981.SZ|161226.SZ|510210.SH|512890.SH|512980.SH|513030.SH|513730.SH|513750.SH|518880.SH,1.8700206630156673,0.8342956687363152,forward,6.0
rolling_sequential_forward,2025,2026,51,159509.SZ|159981.SZ|161226.SZ|501018.SH|510210.SH|512890.SH|512980.SH|513070.SH|513310.SH|513400.SH|513730.SH|513750.SH|518880.SH,1.706385101038899,0.7700255446396679,forward,7.0
rolling_sequential_forward,2025,2026,52,159329.SZ|159509.SZ|159981.SZ|159985.SZ|161226.SZ|510210.SH|512890.SH|512980.SH|513070.SH|513730.SH|513750.SH|513880.SH|518880.SH,1.6155073430228628,0.7700255446396679,forward,7.0
rolling_sequential_forward,2025,2026,53,159509.SZ|159518.SZ|159985.SZ|161226.SZ|501018.SH|510210.SH|512890.SH|512980.SH|513180.SH|513310.SH|513730.SH|513750.SH|518880.SH,1.0962552113351791,0.7700255446396679,forward,7.0
rolling_sequential_forward,2025,2026,54,159509.SZ|159529.SZ|159985.SZ|161226.SZ|501018.SH|510210.SH|512890.SH|512980.SH|513070.SH|513120.SH|513500.SH|513730.SH|518880.SH,2.0601706036406413,0.8555362044200798,forward,7.0
rolling_sequential_forward,2025,2026,55,159329.SZ|159509.SZ|159980.SZ|159985.SZ|161226.SZ|164824.SZ|510210.SH|512890.SH|512980.SH|513120.SH|513180.SH|513730.SH|518880.SH,1.6914876589708028,0.7700255446396679,forward,7.0
rolling_sequential_forward,2025,2026,56,159509.SZ|159980.SZ|159985.SZ|161226.SZ|164824.SZ|510210.SH|512890.SH|512980.SH|513030.SH|513120.SH|513180.SH|513730.SH|518880.SH,1.9685033537188594,0.7700255446396679,forward,8.0
rolling_sequential_forward,2025,2026,57,159509.SZ|159687.SZ|159980.SZ|159981.SZ|161226.SZ|510210.SH|512890.SH|512980.SH|513070.SH|513080.SH|513120.SH|513730.SH|518880.SH,2.2294336624981295,0.7700255446396679,forward,8.0
rolling_sequential_forward,2025,2026,58,159509.SZ|159518.SZ|159981.SZ|161226.SZ|501018.SH|510210.SH|512890.SH|512980.SH|513030.SH|513120.SH|513180.SH|513730.SH|518880.SH,1.7245199291370532,0.7700255446396679,forward,8.0
rolling_sequential_forward,2025,2026,59,159509.SZ|159687.SZ|159920.SZ|159985.SZ|161226.SZ|501018.SH|510210.SH|512890.SH|512980.SH|513120.SH|513400.SH|513730.SH|518880.SH,1.7671602294292565,0.7700255446396679,forward,8.0
rolling_sequential_forward,2025,2026,60,159509.SZ|159518.SZ|159981.SZ|159985.SZ|161226.SZ|510210.SH|512890.SH|512980.SH|513030.SH|513120.SH|513180.SH|513730.SH|518880.SH,1.7845577957320033,0.7700255446396679,forward,8.0
rolling_sequential_forward,2025,2026,61,159509.SZ|159687.SZ|159980.SZ|161226.SZ|501018.SH|510210.SH|512890.SH|512980.SH|513070.SH|513120.SH|513290.SH|513730.SH|518880.SH,2.5607606518121013,0.7700255446396679,forward,9.0
rolling_sequential_forward,2025,2026,62,159509.SZ|159687.SZ|159980.SZ|161226.SZ|501018.SH|510210.SH|512890.SH|512980.SH|513030.SH|513070.SH|513120.SH|513730.SH|518880.SH,2.0525752817632408,0.7700255446396679,forward,9.0
rolling_sequential_forward,2025,2026,63,159509.SZ|159687.SZ|159920.SZ|159981.SZ|161226.SZ|501018.SH|510210.SH|512890.SH|512980.SH|513120.SH|513400.SH|513730.SH|518880.SH,2.1442576066584924,0.7700255446396679,forward,9.0
rolling_sequential_forward,2025,2026,64,159329.SZ|159509.SZ|159687.SZ|159985.SZ|161226.SZ|501018.SH|510210.SH|512890.SH|512980.SH|513070.SH|513120.SH|513730.SH|518880.SH,1.6825816380447336,0.7700255446396679,forward,9.0
rolling_sequential_forward,2025,2026,65,159509.SZ|159687.SZ|159980.SZ|159981.SZ|161226.SZ|510210.SH|512890.SH|512980.SH|513120.SH|513400.SH|513730.SH|513750.SH|518880.SH,2.192299948556857,0.7700255446396679,forward,9.0
rolling_sequential_forward,2025,2026,66,159509.SZ|159687.SZ|159920.SZ|159980.SZ|159985.SZ|161226.SZ|510210.SH|512890.SH|512980.SH|513120.SH|513500.SH|513730.SH|518880.SH,1.9536414465079297,0.8555362044200798,forward,10.0
rolling_sequential_forward,2025,2026,67,159509.SZ|159687.SZ|159920.SZ|159980.SZ|161226.SZ|164824.SZ|501018.SH|510210.SH|512890.SH|512980.SH|513120.SH|513730.SH|518880.SH,2.331274073538663,0.7700255446396679,forward,10.0
rolling_sequential_forward,2025,2026,68,159509.SZ|159687.SZ|159920.SZ|159980.SZ|160644.SZ|161226.SZ|501018.SH|510210.SH|512890.SH|512980.SH|513120.SH|513730.SH|518880.SH,2.01613673217109,0.7700255446396679,forward,10.0
rolling_sequential_forward,2025,2026,69,159509.SZ|159687.SZ|159920.SZ|159985.SZ|161226.SZ|164824.SZ|501018.SH|510210.SH|512890.SH|512980.SH|513120.SH|513730.SH|518880.SH,1.6661528233175678,0.7700255446396679,forward,10.0
rolling_sequential_forward,2025,2026,70,159509.SZ|159687.SZ|159920.SZ|159980.SZ|159985.SZ|161226.SZ|510210.SH|512890.SH|512980.SH|513120.SH|513730.SH|513880.SH|518880.SH,2.158854321887601,0.7700255446396679,forward,10.0
rolling_sequential_forward,2025,2026,71,159509.SZ|159687.SZ|159920.SZ|159980.SZ|159985.SZ|161226.SZ|510210.SH|512890.SH|512980.SH|513120.SH|513310.SH|513730.SH|518880.SH,1.9092217156961715,0.7700255446396679,forward,11.0
rolling_sequential_forward,2025,2026,72,159509.SZ|159518.SZ|159687.SZ|159920.SZ|159980.SZ|159981.SZ|161226.SZ|510210.SH|512890.SH|512980.SH|513120.SH|513730.SH|518880.SH,2.1916595418720886,0.7700255446396679,forward,11.0
rolling_sequential_forward,2025,2026,73,159509.SZ|159687.SZ|159920.SZ|159980.SZ|161226.SZ|501018.SH|510210.SH|512890.SH|512980.SH|513080.SH|513120.SH|513730.SH|518880.SH,2.2108526772471975,0.7700255446396679,forward,11.0
rolling_sequential_forward,2025,2026,74,159329.SZ|159509.SZ|159687.SZ|159920.SZ|159980.SZ|161226.SZ|501018.SH|510210.SH|512890.SH|512980.SH|513120.SH|513730.SH|518880.SH,2.1804169023364115,0.7700255446396679,forward,11.0
rolling_sequential_forward,2025,2026,75,159509.SZ|159687.SZ|159920.SZ|159980.SZ|159985.SZ|161226.SZ|510210.SH|512890.SH|512980.SH|513030.SH|513120.SH|513730.SH|518880.SH,1.95428255727279,0.7700255446396679,forward,11.0
rolling_sequential_forward,2025,2026,76,159509.SZ|159687.SZ|159920.SZ|159980.SZ|159981.SZ|161226.SZ|164824.SZ|510210.SH|512890.SH|512980.SH|513120.SH|513730.SH|518880.SH,2.3825787603530855,0.7700255446396679,forward,11.0
rolling_sequential_forward,2025,2026,77,159509.SZ|159687.SZ|159920.SZ|159980.SZ|159985.SZ|161226.SZ|510210.SH|512890.SH|512980.SH|513120.SH|513290.SH|513730.SH|518880.SH,2.3266420611552387,0.7700255446396679,forward,11.0
rolling_sequential_forward,2025,2026,78,159509.SZ|159687.SZ|159920.SZ|159980.SZ|159981.SZ|161226.SZ|510210.SH|512890.SH|512980.SH|513120.SH|513730.SH|513880.SH|518880.SH,2.363535779410867,0.7700255446396679,forward,11.0
rolling_sequential_forward,2025,2026,79,159329.SZ|159509.SZ|159687.SZ|159920.SZ|159980.SZ|159981.SZ|161226.SZ|510210.SH|512890.SH|512980.SH|513120.SH|513730.SH|518880.SH,2.2877388554984295,0.7700255446396679,forward,11.0
rolling_sequential_forward,2025,2026,80,159509.SZ|159687.SZ|159920.SZ|159980.SZ|159981.SZ|161226.SZ|510210.SH|512890.SH|512980.SH|513120.SH|513290.SH|513730.SH|518880.SH,2.686969305250097,0.7700255446396679,forward,11.0
rolling_sequential_forward,2025,2026,81,159509.SZ|159687.SZ|159920.SZ|159980.SZ|159985.SZ|161226.SZ|510210.SH|512890.SH|512980.SH|513120.SH|513400.SH|513730.SH|518880.SH,2.074705818927748,0.7700255446396679,forward,11.0
rolling_sequential_forward,2025,2026,82,159509.SZ|159687.SZ|159920.SZ|159980.SZ|159985.SZ|161226.SZ|164824.SZ|510210.SH|512890.SH|512980.SH|513120.SH|513730.SH|518880.SH,2.040499371479474,0.7700255446396679,forward,11.0
rolling_sequential_forward,2025,2026,83,159509.SZ|159687.SZ|159920.SZ|159980.SZ|159981.SZ|161226.SZ|510210.SH|512890.SH|512980.SH|513120.SH|513500.SH|513730.SH|518880.SH,2.241347893768429,0.8555362044200798,forward,11.0
rolling_sequential_forward,2025,2026,84,159329.SZ|159509.SZ|159687.SZ|159920.SZ|159980.SZ|159985.SZ|161226.SZ|510210.SH|512890.SH|512980.SH|513120.SH|513730.SH|518880.SH,1.8472845571318737,0.7700255446396679,forward,11.0
rolling_sequential_forward,2025,2026,85,159509.SZ|159687.SZ|159920.SZ|159980.SZ|159981.SZ|160644.SZ|161226.SZ|510210.SH|512890.SH|512980.SH|513120.SH|513730.SH|518880.SH,2.045601749368945,0.7700255446396679,forward,11.0
rolling_sequential_forward,2025,2026,86,159509.SZ|159687.SZ|159920.SZ|159980.SZ|161226.SZ|501018.SH|510210.SH|512890.SH|512980.SH|513120.SH|513310.SH|513730.SH|518880.SH,2.265997606083266,0.7700255446396679,forward,11.0
rolling_sequential_forward,2025,2026,87,159509.SZ|159687.SZ|159920.SZ|159980.SZ|161226.SZ|501018.SH|510210.SH|512890.SH|512980.SH|513120.SH|513500.SH|513730.SH|518880.SH,2.2012789216945303,0.8555362044200798,forward,11.0
rolling_sequential_forward,2025,2026,88,159509.SZ|159687.SZ|159920.SZ|159980.SZ|161226.SZ|501018.SH|510210.SH|512890.SH|512980.SH|513120.SH|513290.SH|513730.SH|518880.SH,2.6331295019565792,0.7700255446396679,forward,11.0
rolling_sequential_forward,2025,2026,89,159509.SZ|159518.SZ|159687.SZ|159920.SZ|159980.SZ|159985.SZ|161226.SZ|510210.SH|512890.SH|512980.SH|513120.SH|513730.SH|518880.SH,1.5890407438816663,0.7700255446396679,forward,11.0
rolling_sequential_forward,2025,2026,90,159509.SZ|159687.SZ|159920.SZ|159980.SZ|159985.SZ|160644.SZ|161226.SZ|510210.SH|512890.SH|512980.SH|513120.SH|513730.SH|518880.SH,1.9225203585306625,0.7700255446396679,forward,11.0
rolling_sequential_forward,2025,2026,91,159509.SZ|159687.SZ|159920.SZ|159980.SZ|161226.SZ|501018.SH|510210.SH|512890.SH|512980.SH|513030.SH|513120.SH|513730.SH|518880.SH,2.066796139205918,0.7700255446396679,forward,11.0
rolling_sequential_forward,2025,2026,92,159509.SZ|159529.SZ|159687.SZ|159920.SZ|159980.SZ|161226.SZ|501018.SH|510210.SH|512890.SH|512980.SH|513120.SH|513730.SH|518880.SH,2.3516609330891445,0.7700255446396679,forward,11.0
rolling_sequential_forward,2025,2026,93,159509.SZ|159687.SZ|159920.SZ|159980.SZ|159985.SZ|161226.SZ|510210.SH|512890.SH|512980.SH|513080.SH|513120.SH|513730.SH|518880.SH,1.9016214691694393,0.7700255446396679,forward,11.0
rolling_sequential_forward,2025,2026,94,159509.SZ|159529.SZ|159687.SZ|159920.SZ|159980.SZ|159981.SZ|161226.SZ|510210.SH|512890.SH|512980.SH|513120.SH|513730.SH|518880.SH,2.4039766644992264,0.7700255446396679,forward,11.0
rolling_sequential_forward,2025,2026,95,159509.SZ|159687.SZ|159920.SZ|159980.SZ|159981.SZ|161226.SZ|510210.SH|512890.SH|512980.SH|513120.SH|513400.SH|513730.SH|518880.SH,2.456805086413213,0.7700255446396679,forward,11.0
rolling_sequential_forward,2025,2026,96,159509.SZ|159687.SZ|159920.SZ|159980.SZ|159981.SZ|161226.SZ|510210.SH|512890.SH|512980.SH|513120.SH|513310.SH|513730.SH|518880.SH,2.280178173545664,0.7700255446396679,forward,11.0
rolling_sequential_forward,2025,2026,97,159509.SZ|159687.SZ|159920.SZ|159980.SZ|159981.SZ|161226.SZ|510210.SH|512890.SH|512980.SH|513080.SH|513120.SH|513730.SH|518880.SH,2.285890826798762,0.7700255446396679,forward,11.0
rolling_sequential_forward,2025,2026,98,159509.SZ|159529.SZ|159687.SZ|159920.SZ|159980.SZ|159985.SZ|161226.SZ|510210.SH|512890.SH|512980.SH|513120.SH|513730.SH|518880.SH,1.9799100103821978,0.7700255446396679,forward,11.0
rolling_sequential_forward,2025,2026,99,159509.SZ|159687.SZ|159920.SZ|159980.SZ|161226.SZ|501018.SH|510210.SH|512890.SH|512980.SH|513120.SH|513400.SH|513730.SH|518880.SH,2.410092274507915,0.7700255446396679,forward,11.0
rolling_sequential_forward,2025,2026,100,159509.SZ|159687.SZ|159920.SZ|159980.SZ|161226.SZ|501018.SH|510210.SH|512890.SH|512980.SH|513120.SH|513730.SH|513880.SH|518880.SH,2.4108917899491242,0.7700255446396679,forward,11.0
