method,training_period,holding_period,evaluation,codes,sharpe,maximum_within_group_correlation,phase,removed,added
rolling_hill_climb,2021-07-01/2021-12-31,2022-01-01/2022-06-30,1,159901.SZ|159920.SZ|159980.SZ|159985.SZ|501018.SH|512200.SH|513030.SH|513080.SH|513180.SH|513500.SH|513880.SH|516150.SH|518880.SH,-1.3809150180987266,0.9194433972050108,initial,,
rolling_hill_climb,2021-07-01/2021-12-31,2022-01-01/2022-06-30,2,159901.SZ|159920.SZ|159980.SZ|159981.SZ|159985.SZ|501018.SH|512200.SH|513030.SH|513080.SH|513180.SH|513500.SH|513880.SH|516150.SH,-0.19910924570860905,0.9194433972050108,neighbor,518880.SH,159981.SZ
rolling_hill_climb,2021-07-01/2021-12-31,2022-01-01/2022-06-30,3,159901.SZ|159920.SZ|159980.SZ|159981.SZ|159985.SZ|164824.SZ|501018.SH|512200.SH|513030.SH|513080.SH|513180.SH|513500.SH|516150.SH,0.51981942654732,0.9194433972050108,neighbor,513880.SH,164824.SZ
rolling_hill_climb,2021-07-01/2021-12-31,2022-01-01/2022-06-30,4,159766.SZ|159901.SZ|159920.SZ|159980.SZ|159981.SZ|159985.SZ|164824.SZ|501018.SH|512200.SH|513030.SH|513080.SH|513180.SH|513500.SH,0.46960243360510884,0.9194433972050108,neighbor,516150.SH,159766.SZ
rolling_hill_climb,2021-07-01/2021-12-31,2022-01-01/2022-06-30,5,159901.SZ|159920.SZ|159980.SZ|159981.SZ|159985.SZ|160644.SZ|164824.SZ|501018.SH|512200.SH|513030.SH|513080.SH|513180.SH|516150.SH,0.6516846390051144,0.9194433972050108,neighbor,513500.SH,160644.SZ
rolling_hill_climb,2021-07-01/2021-12-31,2022-01-01/2022-06-30,6,159920.SZ|159980.SZ|159981.SZ|159985.SZ|160644.SZ|164824.SZ|501018.SH|512200.SH|513030.SH|513080.SH|513180.SH|515210.SH|516150.SH,0.7917341927219842,0.9194433972050108,neighbor,159901.SZ,515210.SH
rolling_hill_climb,2021-07-01/2021-12-31,2022-01-01/2022-06-30,7,159920.SZ|159980.SZ|159981.SZ|159985.SZ|164824.SZ|501018.SH|512200.SH|513030.SH|513080.SH|513180.SH|513880.SH|515210.SH|516150.SH,0.21183413865998516,0.9194433972050108,neighbor,160644.SZ,513880.SH
rolling_hill_climb,2021-07-01/2021-12-31,2022-01-01/2022-06-30,8,159920.SZ|159980.SZ|159985.SZ|160644.SZ|161226.SZ|164824.SZ|501018.SH|512200.SH|513030.SH|513080.SH|513180.SH|515210.SH|516150.SH,-0.10252468964649748,0.9194433972050108,neighbor,159981.SZ,161226.SZ
rolling_hill_climb,2021-07-01/2021-12-31,2022-01-01/2022-06-30,9,159920.SZ|159980.SZ|159981.SZ|160644.SZ|161226.SZ|164824.SZ|501018.SH|512200.SH|513030.SH|513080.SH|513180.SH|515210.SH|516150.SH,0.4073770989433201,0.9194433972050108,neighbor,159985.SZ,161226.SZ
rolling_hill_climb,2021-07-01/2021-12-31,2022-01-01/2022-06-30,10,159865.SZ|159920.SZ|159980.SZ|159981.SZ|159985.SZ|160644.SZ|164824.SZ|501018.SH|512200.SH|513030.SH|513080.SH|513180.SH|515210.SH,0.1778942028403911,0.9194433972050108,neighbor,516150.SH,159865.SZ
rolling_hill_climb,2021-07-01/2021-12-31,2022-01-01/2022-06-30,11,159920.SZ|159980.SZ|159985.SZ|160644.SZ|164824.SZ|501018.SH|512200.SH|513030.SH|513080.SH|513180.SH|515210.SH|516150.SH|518880.SH,-0.44059690226971354,0.9194433972050108,neighbor,159981.SZ,518880.SH
rolling_hill_climb,2021-07-01/2021-12-31,2022-01-01/2022-06-30,12,159920.SZ|159980.SZ|159981.SZ|159985.SZ|160644.SZ|161226.SZ|164824.SZ|512200.SH|513030.SH|513080.SH|513180.SH|515210.SH|516150.SH,0.40753120725416686,0.9194433972050108,neighbor,501018.SH,161226.SZ
rolling_hill_climb,2021-07-01/2021-12-31,2022-01-01/2022-06-30,13,159920.SZ|159980.SZ|159981.SZ|159985.SZ|160644.SZ|164824.SZ|501018.SH|512200.SH|513080.SH|513180.SH|513880.SH|515210.SH|516150.SH,0.2951569348291936,0.9194433972050108,neighbor,513030.SH,513880.SH
rolling_hill_climb,2021-07-01/2021-12-31,2022-01-01/2022-06-30,14,159920.SZ|159981.SZ|159985.SZ|160644.SZ|164824.SZ|501018.SH|512200.SH|513030.SH|513080.SH|513180.SH|515210.SH|516150.SH|518880.SH,-0.09871132904664648,0.9194433972050108,neighbor,159980.SZ,518880.SH
rolling_hill_climb,2021-07-01/2021-12-31,2022-01-01/2022-06-30,15,159870.SZ|159920.SZ|159980.SZ|159981.SZ|159985.SZ|160644.SZ|164824.SZ|501018.SH|512200.SH|513030.SH|513080.SH|513180.SH|516150.SH,-0.057406238246989594,0.9194433972050108,neighbor,515210.SH,159870.SZ
rolling_hill_climb,2021-07-01/2021-12-31,2022-01-01/2022-06-30,16,159920.SZ|159981.SZ|159985.SZ|160644.SZ|161226.SZ|164824.SZ|501018.SH|512200.SH|513030.SH|513080.SH|513180.SH|515210.SH|516150.SH,0.34849691381720826,0.9194433972050108,neighbor,159980.SZ,161226.SZ
rolling_hill_climb,2021-07-01/2021-12-31,2022-01-01/2022-06-30,17,159869.SZ|159920.SZ|159980.SZ|159981.SZ|159985.SZ|160644.SZ|164824.SZ|501018.SH|512200.SH|513030.SH|513080.SH|513180.SH|516150.SH,0.8583653392261592,0.9194433972050108,neighbor,515210.SH,159869.SZ
rolling_hill_climb,2021-07-01/2021-12-31,2022-01-01/2022-06-30,18,159869.SZ|159920.SZ|159980.SZ|159981.SZ|159985.SZ|160644.SZ|164824.SZ|501018.SH|512200.SH|513080.SH|513180.SH|513500.SH|516150.SH,1.1395358234089383,0.9194433972050108,neighbor,513030.SH,513500.SH
rolling_hill_climb,2021-07-01/2021-12-31,2022-01-01/2022-06-30,19,159869.SZ|159920.SZ|159980.SZ|159981.SZ|159985.SZ|160644.SZ|164824.SZ|501018.SH|512200.SH|513080.SH|513100.SH|513180.SH|516150.SH,1.1095168796005348,0.9194433972050108,neighbor,513500.SH,513100.SH
rolling_hill_climb,2021-07-01/2021-12-31,2022-01-01/2022-06-30,20,159852.SZ|159869.SZ|159920.SZ|159980.SZ|159981.SZ|159985.SZ|160644.SZ|164824.SZ|501018.SH|513080.SH|513180.SH|513500.SH|516150.SH,0.0082577924011866,0.9194433972050108,neighbor,512200.SH,159852.SZ
rolling_hill_climb,2021-07-01/2021-12-31,2022-01-01/2022-06-30,21,159869.SZ|159920.SZ|159980.SZ|159981.SZ|159985.SZ|160644.SZ|501018.SH|512200.SH|513080.SH|513180.SH|513500.SH|513880.SH|516150.SH,0.4464086586491365,0.9194433972050108,neighbor,164824.SZ,513880.SH
rolling_hill_climb,2021-07-01/2021-12-31,2022-01-01/2022-06-30,22,159869.SZ|159920.SZ|159980.SZ|159981.SZ|159985.SZ|160644.SZ|164824.SZ|501018.SH|510210.SH|512200.SH|513080.SH|513180.SH|513500.SH,0.9993016629395027,0.9194433972050108,neighbor,516150.SH,510210.SH
rolling_hill_climb,2021-07-01/2021-12-31,2022-01-01/2022-06-30,23,159869.SZ|159920.SZ|159980.SZ|159981.SZ|159985.SZ|164824.SZ|501018.SH|512200.SH|513030.SH|513080.SH|513180.SH|513500.SH|516150.SH,0.8300534168483654,0.9194433972050108,neighbor,160644.SZ,513030.SH
rolling_hill_climb,2021-07-01/2021-12-31,2022-01-01/2022-06-30,24,159920.SZ|159980.SZ|159981.SZ|159985.SZ|160644.SZ|164824.SZ|501018.SH|512200.SH|513080.SH|513180.SH|513500.SH|516150.SH|588000.SH,1.2116747895124333,0.9194433972050108,neighbor,159869.SZ,588000.SH
rolling_hill_climb,2021-07-01/2021-12-31,2022-01-01/2022-06-30,25,159920.SZ|159980.SZ|159981.SZ|159985.SZ|160644.SZ|164824.SZ|501018.SH|512200.SH|513030.SH|513180.SH|513500.SH|516150.SH|588000.SH,1.2387322065516226,0.9194433972050108,neighbor,513080.SH,513030.SH
rolling_hill_climb,2021-07-01/2021-12-31,2022-01-01/2022-06-30,26,159920.SZ|159980.SZ|159981.SZ|160644.SZ|161226.SZ|164824.SZ|501018.SH|512200.SH|513030.SH|513180.SH|513500.SH|516150.SH|588000.SH,1.3846213994135321,0.9194433972050108,neighbor,159985.SZ,161226.SZ
rolling_hill_climb,2021-07-01/2021-12-31,2022-01-01/2022-06-30,27,159920.SZ|159981.SZ|159985.SZ|160644.SZ|161226.SZ|164824.SZ|501018.SH|512200.SH|513030.SH|513180.SH|513500.SH|516150.SH|588000.SH,0.989511842077493,0.9194433972050108,neighbor,159980.SZ,159985.SZ
rolling_hill_climb,2021-07-01/2021-12-31,2022-01-01/2022-06-30,28,159920.SZ|159980.SZ|159981.SZ|160644.SZ|161226.SZ|164824.SZ|501018.SH|512200.SH|513030.SH|513100.SH|513180.SH|516150.SH|588000.SH,1.5011753961401921,0.9194433972050108,neighbor,513500.SH,513100.SH
rolling_hill_climb,2021-07-01/2021-12-31,2022-01-01/2022-06-30,29,159920.SZ|159980.SZ|159985.SZ|160644.SZ|161226.SZ|164824.SZ|501018.SH|512200.SH|513030.SH|513100.SH|513180.SH|516150.SH|588000.SH,0.9823709232505329,0.9194433972050108,neighbor,159981.SZ,159985.SZ
rolling_hill_climb,2021-07-01/2021-12-31,2022-01-01/2022-06-30,30,159920.SZ|159980.SZ|159981.SZ|160644.SZ|161226.SZ|164824.SZ|501018.SH|512200.SH|513080.SH|513100.SH|513180.SH|516150.SH|588000.SH,1.528764693588085,0.9194433972050108,neighbor,513030.SH,513080.SH
rolling_hill_climb,2021-07-01/2021-12-31,2022-01-01/2022-06-30,31,159920.SZ|159980.SZ|159985.SZ|160644.SZ|161226.SZ|164824.SZ|501018.SH|512200.SH|513080.SH|513100.SH|513180.SH|516150.SH|588000.SH,0.86534775433799,0.9194433972050108,neighbor,159981.SZ,159985.SZ
rolling_hill_climb,2021-07-01/2021-12-31,2022-01-01/2022-06-30,32,159920.SZ|159980.SZ|159981.SZ|160644.SZ|161226.SZ|164824.SZ|501018.SH|512200.SH|513100.SH|513180.SH|513880.SH|516150.SH|588000.SH,0.9397575266251026,0.9194433972050108,neighbor,513080.SH,513880.SH
rolling_hill_climb,2021-07-01/2021-12-31,2022-01-01/2022-06-30,33,159920.SZ|159928.SZ|159980.SZ|159981.SZ|160644.SZ|161226.SZ|164824.SZ|501018.SH|513080.SH|513100.SH|513180.SH|516150.SH|588000.SH,1.0630788976565342,0.9194433972050108,neighbor,512200.SH,159928.SZ
rolling_hill_climb,2021-07-01/2021-12-31,2022-01-01/2022-06-30,34,159920.SZ|159980.SZ|159981.SZ|160644.SZ|161226.SZ|164824.SZ|501018.SH|512890.SH|513080.SH|513100.SH|513180.SH|516150.SH|588000.SH,1.6473381521297923,0.9194433972050108,neighbor,512200.SH,512890.SH
rolling_hill_climb,2021-07-01/2021-12-31,2022-01-01/2022-06-30,35,159920.SZ|159980.SZ|159981.SZ|159985.SZ|160644.SZ|161226.SZ|164824.SZ|512890.SH|513080.SH|513100.SH|513180.SH|516150.SH|588000.SH,1.1855365416511154,0.9194433972050108,neighbor,501018.SH,159985.SZ
rolling_hill_climb,2021-07-01/2021-12-31,2022-01-01/2022-06-30,36,159870.SZ|159920.SZ|159980.SZ|159981.SZ|160644.SZ|161226.SZ|164824.SZ|501018.SH|512890.SH|513080.SH|513100.SH|513180.SH|588000.SH,0.8397602510637457,0.9194433972050108,neighbor,516150.SH,159870.SZ
rolling_hill_climb,2021-07-01/2021-12-31,2022-01-01/2022-06-30,37,159920.SZ|159980.SZ|160644.SZ|161226.SZ|164824.SZ|501018.SH|512890.SH|513080.SH|513100.SH|513180.SH|516150.SH|518880.SH|588000.SH,0.896230964934274,0.9194433972050108,neighbor,159981.SZ,518880.SH
rolling_hill_climb,2021-07-01/2021-12-31,2022-01-01/2022-06-30,38,159920.SZ|159980.SZ|159981.SZ|160644.SZ|161226.SZ|164824.SZ|512890.SH|513080.SH|513100.SH|513180.SH|516150.SH|518880.SH|588000.SH,1.0536408800197323,0.9194433972050108,neighbor,501018.SH,518880.SH
rolling_hill_climb,2021-07-01/2021-12-31,2022-01-01/2022-06-30,39,159920.SZ|159928.SZ|159980.SZ|159981.SZ|160644.SZ|161226.SZ|164824.SZ|501018.SH|512890.SH|513080.SH|513100.SH|513180.SH|588000.SH,0.8508419911632232,0.9194433972050108,neighbor,516150.SH,159928.SZ
rolling_hill_climb,2021-07-01/2021-12-31,2022-01-01/2022-06-30,40,159920.SZ|159980.SZ|159981.SZ|160644.SZ|161226.SZ|164824.SZ|501018.SH|512100.SH|513080.SH|513100.SH|513180.SH|516150.SH|588000.SH,1.2254791955148676,0.9194433972050108,neighbor,512890.SH,512100.SH
rolling_hill_climb,2021-07-01/2021-12-31,2022-01-01/2022-06-30,41,159920.SZ|159980.SZ|159981.SZ|160644.SZ|161226.SZ|501018.SH|512890.SH|513080.SH|513100.SH|513180.SH|513880.SH|516150.SH|588000.SH,1.3845504499787882,0.9194433972050108,neighbor,164824.SZ,513880.SH
rolling_hill_climb,2021-07-01/2021-12-31,2022-01-01/2022-06-30,42,159920.SZ|159980.SZ|159981.SZ|160644.SZ|161226.SZ|164824.SZ|501018.SH|513080.SH|513100.SH|513180.SH|515880.SH|516150.SH|588000.SH,1.3651279163826822,0.9194433972050108,neighbor,512890.SH,515880.SH
rolling_hill_climb,2021-07-01/2021-12-31,2022-01-01/2022-06-30,43,159920.SZ|159980.SZ|159981.SZ|160644.SZ|161226.SZ|164824.SZ|501018.SH|512890.SH|513100.SH|513180.SH|513500.SH|516150.SH|588000.SH,1.77642835867559,0.9194433972050108,neighbor,513080.SH,513500.SH
rolling_hill_climb,2021-07-01/2021-12-31,2022-01-01/2022-06-30,44,159920.SZ|159980.SZ|159981.SZ|159985.SZ|160644.SZ|161226.SZ|164824.SZ|512890.SH|513100.SH|513180.SH|513500.SH|516150.SH|588000.SH,1.5392076468160063,0.9194433972050108,neighbor,501018.SH,159985.SZ
rolling_hill_climb,2021-07-01/2021-12-31,2022-01-01/2022-06-30,45,159920.SZ|159980.SZ|159981.SZ|160644.SZ|161226.SZ|164824.SZ|501018.SH|512100.SH|512890.SH|513100.SH|513180.SH|513500.SH|516150.SH,1.2978966134973717,0.9194433972050108,neighbor,588000.SH,512100.SH
rolling_hill_climb,2021-07-01/2021-12-31,2022-01-01/2022-06-30,46,159865.SZ|159920.SZ|159980.SZ|159981.SZ|160644.SZ|161226.SZ|164824.SZ|501018.SH|512890.SH|513100.SH|513180.SH|513500.SH|588000.SH,1.3536163296060266,0.9194433972050108,neighbor,516150.SH,159865.SZ
rolling_hill_climb,2021-07-01/2021-12-31,2022-01-01/2022-06-30,47,159852.SZ|159920.SZ|159980.SZ|159981.SZ|160644.SZ|161226.SZ|164824.SZ|501018.SH|512890.SH|513100.SH|513180.SH|513500.SH|588000.SH,0.788938075657895,0.9194433972050108,neighbor,516150.SH,159852.SZ
rolling_hill_climb,2021-07-01/2021-12-31,2022-01-01/2022-06-30,48,159920.SZ|159980.SZ|159981.SZ|161226.SZ|164824.SZ|501018.SH|512890.SH|513080.SH|513100.SH|513180.SH|513500.SH|516150.SH|588000.SH,1.4508477818706425,0.9194433972050108,neighbor,160644.SZ,513080.SH
rolling_hill_climb,2021-07-01/2021-12-31,2022-01-01/2022-06-30,49,159920.SZ|159980.SZ|159981.SZ|160644.SZ|161226.SZ|164824.SZ|501018.SH|512890.SH|513100.SH|513180.SH|513880.SH|516150.SH|588000.SH,0.8581404780605224,0.9194433972050108,neighbor,513500.SH,513880.SH
rolling_hill_climb,2021-07-01/2021-12-31,2022-01-01/2022-06-30,50,159920.SZ|159980.SZ|159981.SZ|160644.SZ|161226.SZ|164824.SZ|501018.SH|512890.SH|513030.SH|513180.SH|513500.SH|516150.SH|588000.SH,1.5137647707677202,0.9194433972050108,neighbor,513100.SH,513030.SH
rolling_hill_climb,2021-07-01/2021-12-31,2022-01-01/2022-06-30,51,159920.SZ|159981.SZ|159985.SZ|160644.SZ|161226.SZ|164824.SZ|501018.SH|512890.SH|513100.SH|513180.SH|513500.SH|516150.SH|588000.SH,1.189364878125414,0.9194433972050108,neighbor,159980.SZ,159985.SZ
rolling_hill_climb,2021-07-01/2021-12-31,2022-01-01/2022-06-30,52,159920.SZ|159980.SZ|159981.SZ|160644.SZ|161226.SZ|164824.SZ|501018.SH|512800.SH|513100.SH|513180.SH|513500.SH|516150.SH|588000.SH,0.9205960392090861,0.9194433972050108,neighbor,512890.SH,512800.SH
rolling_hill_climb,2021-07-01/2021-12-31,2022-01-01/2022-06-30,53,159920.SZ|159980.SZ|159981.SZ|160644.SZ|161226.SZ|501018.SH|512890.SH|513030.SH|513100.SH|513180.SH|513500.SH|516150.SH|588000.SH,1.3972551168664333,0.9194433972050108,neighbor,164824.SZ,513030.SH
rolling_hill_climb,2021-07-01/2021-12-31,2022-01-01/2022-06-30,54,159920.SZ|159949.SZ|159980.SZ|159981.SZ|160644.SZ|161226.SZ|164824.SZ|501018.SH|513100.SH|513180.SH|513500.SH|516150.SH|588000.SH,0.7927789412437312,0.9194433972050108,neighbor,512890.SH,159949.SZ
rolling_hill_climb,2021-07-01/2021-12-31,2022-01-01/2022-06-30,55,159766.SZ|159920.SZ|159980.SZ|159981.SZ|160644.SZ|161226.SZ|164824.SZ|501018.SH|512890.SH|513100.SH|513180.SH|513500.SH|588000.SH,1.6474378872191675,0.9194433972050108,neighbor,516150.SH,159766.SZ
rolling_hill_climb,2021-07-01/2021-12-31,2022-01-01/2022-06-30,56,159920.SZ|159980.SZ|159981.SZ|160644.SZ|164824.SZ|501018.SH|512890.SH|513100.SH|513180.SH|513500.SH|516150.SH|518880.SH|588000.SH,1.5576384208944387,0.9194433972050108,neighbor,161226.SZ,518880.SH
rolling_hill_climb,2021-07-01/2021-12-31,2022-01-01/2022-06-30,57,159920.SZ|159980.SZ|159981.SZ|160644.SZ|161226.SZ|164824.SZ|501018.SH|510210.SH|512890.SH|513100.SH|513180.SH|513500.SH|516150.SH,1.340593835313855,0.9194433972050108,neighbor,588000.SH,510210.SH
rolling_hill_climb,2021-07-01/2021-12-31,2022-01-01/2022-06-30,58,159920.SZ|159980.SZ|159981.SZ|159985.SZ|160644.SZ|164824.SZ|501018.SH|512890.SH|513100.SH|513180.SH|513500.SH|516150.SH|588000.SH,1.5000181570783255,0.9194433972050108,neighbor,161226.SZ,159985.SZ
rolling_hill_climb,2021-07-01/2021-12-31,2022-01-01/2022-06-30,59,159825.SZ|159920.SZ|159980.SZ|159981.SZ|160644.SZ|161226.SZ|164824.SZ|501018.SH|513100.SH|513180.SH|513500.SH|516150.SH|588000.SH,1.0339199652380437,0.9194433972050108,neighbor,512890.SH,159825.SZ
rolling_hill_climb,2021-07-01/2021-12-31,2022-01-01/2022-06-30,60,159920.SZ|159980.SZ|159981.SZ|161226.SZ|164824.SZ|501018.SH|512890.SH|513030.SH|513100.SH|513180.SH|513500.SH|516150.SH|588000.SH,1.4965742605292771,0.9194433972050108,neighbor,160644.SZ,513030.SH
rolling_hill_climb,2021-07-01/2021-12-31,2022-01-01/2022-06-30,61,159920.SZ|159980.SZ|159981.SZ|160644.SZ|161226.SZ|164824.SZ|501018.SH|512890.SH|513180.SH|513500.SH|513880.SH|516150.SH|588000.SH,0.7848906920322368,0.9194433972050108,neighbor,513100.SH,513880.SH
rolling_hill_climb,2021-07-01/2021-12-31,2022-01-01/2022-06-30,62,159920.SZ|159980.SZ|159981.SZ|160644.SZ|161226.SZ|164824.SZ|501018.SH|513100.SH|513180.SH|513500.SH|515880.SH|516150.SH|588000.SH,1.5108653817371838,0.9194433972050108,neighbor,512890.SH,515880.SH
rolling_hill_climb,2021-07-01/2021-12-31,2022-01-01/2022-06-30,63,159920.SZ|159980.SZ|159981.SZ|160644.SZ|161226.SZ|164824.SZ|501018.SH|512800.SH|512890.SH|513100.SH|513180.SH|513500.SH|516150.SH,1.1046764102487012,0.9194433972050108,neighbor,588000.SH,512800.SH
rolling_hill_climb,2021-07-01/2021-12-31,2022-01-01/2022-06-30,64,159920.SZ|159980.SZ|159981.SZ|160644.SZ|161226.SZ|164824.SZ|501018.SH|512890.SH|513080.SH|513180.SH|513500.SH|516150.SH|588000.SH,1.4334670139621621,0.9194433972050108,neighbor,513100.SH,513080.SH
rolling_hill_climb,2021-07-01/2021-12-31,2022-01-01/2022-06-30,65,159901.SZ|159920.SZ|159980.SZ|159981.SZ|160644.SZ|161226.SZ|164824.SZ|501018.SH|512890.SH|513100.SH|513180.SH|513500.SH|516150.SH,1.4751963898799823,0.9194433972050108,neighbor,588000.SH,159901.SZ
rolling_hill_climb,2021-07-01/2021-12-31,2022-01-01/2022-06-30,66,159920.SZ|159980.SZ|159981.SZ|160644.SZ|161226.SZ|164824.SZ|501018.SH|513100.SH|513180.SH|513500.SH|515790.SH|516150.SH|588000.SH,1.2996268995611278,0.9194433972050108,neighbor,512890.SH,515790.SH
rolling_hill_climb,2021-07-01/2021-12-31,2022-01-01/2022-06-30,67,159920.SZ|159980.SZ|159985.SZ|160644.SZ|161226.SZ|164824.SZ|501018.SH|512890.SH|513100.SH|513180.SH|513500.SH|516150.SH|588000.SH,1.3974597328711142,0.9194433972050108,neighbor,159981.SZ,159985.SZ
rolling_hill_climb,2021-07-01/2021-12-31,2022-01-01/2022-06-30,68,159920.SZ|159980.SZ|159981.SZ|160644.SZ|161226.SZ|164824.SZ|501018.SH|512400.SH|513100.SH|513180.SH|513500.SH|516150.SH|588000.SH,1.306307655116623,0.9194433972050108,neighbor,512890.SH,512400.SH
rolling_hill_climb,2021-07-01/2021-12-31,2022-01-01/2022-06-30,69,159865.SZ|159920.SZ|159980.SZ|159981.SZ|160644.SZ|161226.SZ|164824.SZ|501018.SH|512890.SH|513100.SH|513180.SH|513500.SH|516150.SH,1.5108722312096838,0.9194433972050108,neighbor,588000.SH,159865.SZ
rolling_hill_climb,2021-07-01/2021-12-31,2022-01-01/2022-06-30,70,159920.SZ|159980.SZ|159981.SZ|160644.SZ|161226.SZ|164824.SZ|501018.SH|512890.SH|512980.SH|513100.SH|513180.SH|513500.SH|588000.SH,1.5976781999651295,0.9194433972050108,neighbor,516150.SH,512980.SH
rolling_hill_climb,2021-07-01/2021-12-31,2022-01-01/2022-06-30,71,159920.SZ|159928.SZ|159980.SZ|159981.SZ|160644.SZ|161226.SZ|164824.SZ|501018.SH|512890.SH|513100.SH|513180.SH|513500.SH|516150.SH,1.1350070890220478,0.9194433972050108,neighbor,588000.SH,159928.SZ
rolling_hill_climb,2021-07-01/2021-12-31,2022-01-01/2022-06-30,72,159920.SZ|159980.SZ|159981.SZ|160644.SZ|161226.SZ|164824.SZ|501018.SH|512890.SH|513030.SH|513100.SH|513180.SH|516150.SH|588000.SH,1.6242010256694261,0.9194433972050108,neighbor,513500.SH,513030.SH
rolling_hill_climb,2021-07-01/2021-12-31,2022-01-01/2022-06-30,73,159920.SZ|159980.SZ|159981.SZ|160644.SZ|161226.SZ|164824.SZ|501018.SH|512040.SH|512890.SH|513100.SH|513180.SH|513500.SH|588000.SH,1.7971325967248395,0.9194433972050108,neighbor,516150.SH,512040.SH
rolling_hill_climb,2021-07-01/2021-12-31,2022-01-01/2022-06-30,74,159920.SZ|159980.SZ|159981.SZ|160644.SZ|161226.SZ|164824.SZ|512040.SH|512890.SH|513100.SH|513180.SH|513500.SH|518880.SH|588000.SH,1.7523125854288473,0.9194433972050108,neighbor,501018.SH,518880.SH
rolling_hill_climb,2021-07-01/2021-12-31,2022-01-01/2022-06-30,75,159920.SZ|159980.SZ|159981.SZ|160644.SZ|161226.SZ|164824.SZ|501018.SH|512040.SH|512890.SH|513080.SH|513100.SH|513180.SH|588000.SH,1.4980781305074913,0.9194433972050108,neighbor,513500.SH,513080.SH
rolling_hill_climb,2021-07-01/2021-12-31,2022-01-01/2022-06-30,76,159920.SZ|159980.SZ|159981.SZ|160644.SZ|161226.SZ|501018.SH|512040.SH|512890.SH|513080.SH|513100.SH|513180.SH|513500.SH|588000.SH,1.2082016012227204,0.9194433972050108,neighbor,164824.SZ,513080.SH
rolling_hill_climb,2021-07-01/2021-12-31,2022-01-01/2022-06-30,77,159920.SZ|159980.SZ|159981.SZ|160644.SZ|161226.SZ|164824.SZ|501018.SH|510050.SH|512040.SH|513100.SH|513180.SH|513500.SH|588000.SH,1.438589734572352,0.9194433972050108,neighbor,512890.SH,510050.SH
rolling_hill_climb,2021-07-01/2021-12-31,2022-01-01/2022-06-30,78,159920.SZ|159980.SZ|159985.SZ|160644.SZ|161226.SZ|164824.SZ|501018.SH|512040.SH|512890.SH|513100.SH|513180.SH|513500.SH|588000.SH,1.6327589913102278,0.9194433972050108,neighbor,159981.SZ,159985.SZ
rolling_hill_climb,2021-07-01/2021-12-31,2022-01-01/2022-06-30,79,159920.SZ|159980.SZ|160644.SZ|161226.SZ|164824.SZ|501018.SH|512040.SH|512890.SH|513100.SH|513180.SH|513500.SH|518880.SH|588000.SH,1.0937646144497029,0.9194433972050108,neighbor,159981.SZ,518880.SH
rolling_hill_climb,2021-07-01/2021-12-31,2022-01-01/2022-06-30,80,159920.SZ|159980.SZ|159981.SZ|160644.SZ|161226.SZ|164824.SZ|501018.SH|512040.SH|512890.SH|513100.SH|513180.SH|513880.SH|588000.SH,0.4597439437155836,0.9194433972050108,neighbor,513500.SH,513880.SH
rolling_hill_climb,2021-07-01/2021-12-31,2022-01-01/2022-06-30,81,159920.SZ|159981.SZ|159985.SZ|160644.SZ|161226.SZ|164824.SZ|501018.SH|512040.SH|512890.SH|513100.SH|513180.SH|513500.SH|588000.SH,1.4673581304766319,0.9194433972050108,neighbor,159980.SZ,159985.SZ
rolling_hill_climb,2021-07-01/2021-12-31,2022-01-01/2022-06-30,82,159920.SZ|159980.SZ|159981.SZ|160644.SZ|161226.SZ|501018.SH|512040.SH|512890.SH|513100.SH|513180.SH|513500.SH|513880.SH|588000.SH,1.1482776894574764,0.9194433972050108,neighbor,164824.SZ,513880.SH
rolling_hill_climb,2021-07-01/2021-12-31,2022-01-01/2022-06-30,83,159852.SZ|159920.SZ|159980.SZ|159981.SZ|160644.SZ|161226.SZ|164824.SZ|501018.SH|512040.SH|513100.SH|513180.SH|513500.SH|588000.SH,0.8409745405860439,0.9194433972050108,neighbor,512890.SH,159852.SZ
rolling_hill_climb,2021-07-01/2021-12-31,2022-01-01/2022-06-30,84,159920.SZ|159980.SZ|159981.SZ|160644.SZ|161226.SZ|164824.SZ|501018.SH|512040.SH|512890.SH|513180.SH|513500.SH|513880.SH|588000.SH,0.33143923570327366,0.9194433972050108,neighbor,513100.SH,513880.SH
rolling_hill_climb,2021-07-01/2021-12-31,2022-01-01/2022-06-30,85,159920.SZ|159980.SZ|159981.SZ|159985.SZ|160644.SZ|164824.SZ|501018.SH|512040.SH|512890.SH|513100.SH|513180.SH|513500.SH|588000.SH,1.7382987551782176,0.9194433972050108,neighbor,161226.SZ,159985.SZ
rolling_hill_climb,2021-07-01/2021-12-31,2022-01-01/2022-06-30,86,159920.SZ|159980.SZ|159981.SZ|160644.SZ|164824.SZ|501018.SH|512040.SH|512890.SH|513100.SH|513180.SH|513500.SH|518880.SH|588000.SH,1.5664739594324897,0.9194433972050108,neighbor,161226.SZ,518880.SH
rolling_hill_climb,2021-07-01/2021-12-31,2022-01-01/2022-06-30,87,159920.SZ|159980.SZ|159981.SZ|161226.SZ|164824.SZ|501018.SH|512040.SH|512890.SH|513080.SH|513100.SH|513180.SH|513500.SH|588000.SH,1.5604100036884045,0.9194433972050108,neighbor,160644.SZ,513080.SH
rolling_hill_climb,2021-07-01/2021-12-31,2022-01-01/2022-06-30,88,159920.SZ|159980.SZ|159981.SZ|160644.SZ|161226.SZ|164824.SZ|501018.SH|512040.SH|512890.SH|513030.SH|513100.SH|513180.SH|588000.SH,1.4348745694610476,0.9194433972050108,neighbor,513500.SH,513030.SH
rolling_hill_climb,2021-07-01/2021-12-31,2022-01-01/2022-06-30,89,159920.SZ|159980.SZ|159981.SZ|160644.SZ|161226.SZ|164824.SZ|501018.SH|512040.SH|513100.SH|513180.SH|513500.SH|516150.SH|588000.SH,1.9711729561257276,0.9194433972050108,neighbor,512890.SH,516150.SH
rolling_hill_climb,2021-07-01/2021-12-31,2022-01-01/2022-06-30,90,159920.SZ|159980.SZ|159981.SZ|160644.SZ|161226.SZ|164824.SZ|501018.SH|512040.SH|513080.SH|513100.SH|513180.SH|516150.SH|588000.SH,1.7162380893381763,0.9194433972050108,neighbor,513500.SH,513080.SH
rolling_hill_climb,2021-07-01/2021-12-31,2022-01-01/2022-06-30,91,159920.SZ|159980.SZ|159981.SZ|161226.SZ|164824.SZ|501018.SH|512040.SH|513080.SH|513100.SH|513180.SH|513500.SH|516150.SH|588000.SH,1.6355494949419949,0.9194433972050108,neighbor,160644.SZ,513080.SH
rolling_hill_climb,2021-07-01/2021-12-31,2022-01-01/2022-06-30,92,159901.SZ|159920.SZ|159980.SZ|159981.SZ|160644.SZ|161226.SZ|164824.SZ|501018.SH|512040.SH|513100.SH|513180.SH|513500.SH|516150.SH,1.5146293846292909,0.9194433972050108,neighbor,588000.SH,159901.SZ
rolling_hill_climb,2021-07-01/2021-12-31,2022-01-01/2022-06-30,93,159870.SZ|159920.SZ|159980.SZ|159981.SZ|160644.SZ|161226.SZ|164824.SZ|501018.SH|513100.SH|513180.SH|513500.SH|516150.SH|588000.SH,0.5883266922273545,0.9194433972050108,neighbor,512040.SH,159870.SZ
rolling_hill_climb,2021-07-01/2021-12-31,2022-01-01/2022-06-30,94,159920.SZ|159980.SZ|159985.SZ|160644.SZ|161226.SZ|164824.SZ|501018.SH|512040.SH|513100.SH|513180.SH|513500.SH|516150.SH|588000.SH,1.5272742824931502,0.9194433972050108,neighbor,159981.SZ,159985.SZ
rolling_hill_climb,2021-07-01/2021-12-31,2022-01-01/2022-06-30,95,159920.SZ|159980.SZ|159981.SZ|160644.SZ|161226.SZ|164824.SZ|501018.SH|512040.SH|513180.SH|513500.SH|513880.SH|516150.SH|588000.SH,0.9036738785556947,0.9194433972050108,neighbor,513100.SH,513880.SH
rolling_hill_climb,2021-07-01/2021-12-31,2022-01-01/2022-06-30,96,159920.SZ|159980.SZ|159981.SZ|160644.SZ|161226.SZ|164824.SZ|501018.SH|512040.SH|513030.SH|513180.SH|513500.SH|516150.SH|588000.SH,1.5762982327992145,0.9194433972050108,neighbor,513100.SH,513030.SH
rolling_hill_climb,2021-07-01/2021-12-31,2022-01-01/2022-06-30,97,159920.SZ|159980.SZ|159981.SZ|160644.SZ|161226.SZ|164824.SZ|501018.SH|510300.SH|513100.SH|513180.SH|513500.SH|516150.SH|588000.SH,1.3628437718714241,0.9194433972050108,neighbor,512040.SH,510300.SH
rolling_hill_climb,2021-07-01/2021-12-31,2022-01-01/2022-06-30,98,159920.SZ|159980.SZ|159981.SZ|160644.SZ|161226.SZ|164824.SZ|512040.SH|513100.SH|513180.SH|513500.SH|516150.SH|518880.SH|588000.SH,1.8410435251507908,0.9194433972050108,neighbor,501018.SH,518880.SH
rolling_hill_climb,2021-07-01/2021-12-31,2022-01-01/2022-06-30,99,159920.SZ|159981.SZ|160644.SZ|161226.SZ|164824.SZ|501018.SH|512040.SH|513100.SH|513180.SH|513500.SH|516150.SH|518880.SH|588000.SH,1.5835836847458045,0.9194433972050108,neighbor,159980.SZ,518880.SH
rolling_hill_climb,2021-07-01/2021-12-31,2022-01-01/2022-06-30,100,159920.SZ|159981.SZ|159985.SZ|160644.SZ|161226.SZ|164824.SZ|501018.SH|512040.SH|513100.SH|513180.SH|513500.SH|516150.SH|588000.SH,1.2605217006761078,0.9194433972050108,neighbor,159980.SZ,159985.SZ
rolling_hill_climb,2022-01-01/2022-06-30,2022-07-01/2022-12-31,1,159920.SZ|159949.SZ|159980.SZ|159981.SZ|159985.SZ|164824.SZ|501018.SH|512660.SH|513030.SH|513070.SH|513100.SH|513880.SH|562500.SH,0.5102547006921225,0.902954449056628,initial,,
rolling_hill_climb,2022-01-01/2022-06-30,2022-07-01/2022-12-31,2,159920.SZ|159949.SZ|159980.SZ|159981.SZ|159985.SZ|164824.SZ|501018.SH|512660.SH|513030.SH|513070.SH|513500.SH|513880.SH|562500.SH,0.5826665184706563,0.902954449056628,neighbor,513100.SH,513500.SH
rolling_hill_climb,2022-01-01/2022-06-30,2022-07-01/2022-12-31,3,159852.SZ|159920.SZ|159949.SZ|159980.SZ|159981.SZ|159985.SZ|164824.SZ|501018.SH|512660.SH|513030.SH|513070.SH|513500.SH|513880.SH,0.31219002927440487,0.902954449056628,neighbor,562500.SH,159852.SZ
rolling_hill_climb,2022-01-01/2022-06-30,2022-07-01/2022-12-31,4,159920.SZ|159949.SZ|159980.SZ|159981.SZ|159985.SZ|164824.SZ|501018.SH|512170.SH|512660.SH|513030.SH|513070.SH|513500.SH|513880.SH,0.1695307165568627,0.902954449056628,neighbor,562500.SH,512170.SH
rolling_hill_climb,2022-01-01/2022-06-30,2022-07-01/2022-12-31,5,159949.SZ|159980.SZ|159981.SZ|159985.SZ|164824.SZ|501018.SH|512660.SH|513030.SH|513070.SH|513180.SH|513500.SH|513880.SH|562500.SH,0.9513741454438086,0.9123874319228055,neighbor,159920.SZ,513180.SH
rolling_hill_climb,2022-01-01/2022-06-30,2022-07-01/2022-12-31,6,159949.SZ|159981.SZ|159985.SZ|164824.SZ|501018.SH|512660.SH|513030.SH|513070.SH|513180.SH|513500.SH|513880.SH|518880.SH|562500.SH,0.8607806013589652,0.9123874319228055,neighbor,159980.SZ,518880.SH
rolling_hill_climb,2022-01-01/2022-06-30,2022-07-01/2022-12-31,7,159980.SZ|159981.SZ|159985.SZ|164824.SZ|501018.SH|510880.SH|512660.SH|513030.SH|513070.SH|513180.SH|513500.SH|513880.SH|562500.SH,0.8776742875756235,0.9123874319228055,neighbor,159949.SZ,510880.SH
rolling_hill_climb,2022-01-01/2022-06-30,2022-07-01/2022-12-31,8,159928.SZ|159949.SZ|159980.SZ|159981.SZ|159985.SZ|164824.SZ|501018.SH|513030.SH|513070.SH|513180.SH|513500.SH|513880.SH|562500.SH,1.5818689802206447,0.9123874319228055,neighbor,512660.SH,159928.SZ
rolling_hill_climb,2022-01-01/2022-06-30,2022-07-01/2022-12-31,9,159928.SZ|159949.SZ|159980.SZ|159981.SZ|159985.SZ|164824.SZ|513030.SH|513070.SH|513180.SH|513500.SH|513880.SH|518880.SH|562500.SH,0.8138441094683728,0.9123874319228055,neighbor,501018.SH,518880.SH
rolling_hill_climb,2022-01-01/2022-06-30,2022-07-01/2022-12-31,10,159928.SZ|159949.SZ|159980.SZ|159981.SZ|159985.SZ|160644.SZ|164824.SZ|501018.SH|513030.SH|513070.SH|513180.SH|513500.SH|562500.SH,1.6770800522788156,0.9123874319228055,neighbor,513880.SH,160644.SZ
rolling_hill_climb,2022-01-01/2022-06-30,2022-07-01/2022-12-31,11,159796.SZ|159928.SZ|159949.SZ|159980.SZ|159981.SZ|159985.SZ|160644.SZ|164824.SZ|501018.SH|513030.SH|513070.SH|513180.SH|513500.SH,1.7420735556971838,0.9123874319228055,neighbor,562500.SH,159796.SZ
rolling_hill_climb,2022-01-01/2022-06-30,2022-07-01/2022-12-31,12,159865.SZ|159928.SZ|159949.SZ|159980.SZ|159981.SZ|159985.SZ|160644.SZ|164824.SZ|501018.SH|513030.SH|513070.SH|513180.SH|513500.SH,0.9828715575203782,0.9123874319228055,neighbor,159796.SZ,159865.SZ
rolling_hill_climb,2022-01-01/2022-06-30,2022-07-01/2022-12-31,13,159928.SZ|159949.SZ|159980.SZ|159981.SZ|159985.SZ|160644.SZ|164824.SZ|501018.SH|510500.SH|513030.SH|513070.SH|513180.SH|513500.SH,0.8002037541573285,0.9123874319228055,neighbor,159796.SZ,510500.SH
rolling_hill_climb,2022-01-01/2022-06-30,2022-07-01/2022-12-31,14,159796.SZ|159928.SZ|159949.SZ|159980.SZ|159981.SZ|159985.SZ|160644.SZ|164824.SZ|501018.SH|513030.SH|513070.SH|513100.SH|513180.SH,1.698203591480997,0.9123874319228055,neighbor,513500.SH,513100.SH
rolling_hill_climb,2022-01-01/2022-06-30,2022-07-01/2022-12-31,15,159796.SZ|159928.SZ|159949.SZ|159980.SZ|159981.SZ|159985.SZ|160644.SZ|164824.SZ|501018.SH|513070.SH|513080.SH|513180.SH|513500.SH,1.7703858780029404,0.9123874319228055,neighbor,513030.SH,513080.SH
rolling_hill_climb,2022-01-01/2022-06-30,2022-07-01/2022-12-31,16,159796.SZ|159949.SZ|159980.SZ|159981.SZ|159985.SZ|160644.SZ|164824.SZ|501018.SH|510180.SH|513070.SH|513080.SH|513180.SH|513500.SH,1.5000142790009001,0.9123874319228055,neighbor,159928.SZ,510180.SH
rolling_hill_climb,2022-01-01/2022-06-30,2022-07-01/2022-12-31,17,159928.SZ|159949.SZ|159980.SZ|159981.SZ|159985.SZ|160644.SZ|164824.SZ|501018.SH|513070.SH|513080.SH|513180.SH|513500.SH|515210.SH,1.0602728158191839,0.9123874319228055,neighbor,159796.SZ,515210.SH
rolling_hill_climb,2022-01-01/2022-06-30,2022-07-01/2022-12-31,18,159796.SZ|159928.SZ|159949.SZ|159980.SZ|159981.SZ|159985.SZ|160644.SZ|164824.SZ|513070.SH|513080.SH|513180.SH|513500.SH|518880.SH,1.2600324604464195,0.9123874319228055,neighbor,501018.SH,518880.SH
rolling_hill_climb,2022-01-01/2022-06-30,2022-07-01/2022-12-31,19,159796.SZ|159928.SZ|159949.SZ|159981.SZ|159985.SZ|160644.SZ|161226.SZ|164824.SZ|501018.SH|513070.SH|513080.SH|513180.SH|513500.SH,1.1614416973424722,0.9123874319228055,neighbor,159980.SZ,161226.SZ
rolling_hill_climb,2022-01-01/2022-06-30,2022-07-01/2022-12-31,20,159796.SZ|159949.SZ|159980.SZ|159981.SZ|159985.SZ|160644.SZ|164824.SZ|501018.SH|513070.SH|513080.SH|513180.SH|513500.SH|516150.SH,1.1872427821814138,0.9123874319228055,neighbor,159928.SZ,516150.SH
rolling_hill_climb,2022-01-01/2022-06-30,2022-07-01/2022-12-31,21,159796.SZ|159928.SZ|159949.SZ|159980.SZ|159981.SZ|159985.SZ|160644.SZ|161226.SZ|164824.SZ|513070.SH|513080.SH|513180.SH|513500.SH,0.7807297405104022,0.9123874319228055,neighbor,501018.SH,161226.SZ
rolling_hill_climb,2022-01-01/2022-06-30,2022-07-01/2022-12-31,22,159796.SZ|159949.SZ|159980.SZ|159981.SZ|159985.SZ|160644.SZ|164824.SZ|501018.SH|510210.SH|513070.SH|513080.SH|513180.SH|513500.SH,0.9554339599539906,0.9123874319228055,neighbor,159928.SZ,510210.SH
rolling_hill_climb,2022-01-01/2022-06-30,2022-07-01/2022-12-31,23,159928.SZ|159949.SZ|159980.SZ|159981.SZ|159985.SZ|160644.SZ|164824.SZ|501018.SH|512170.SH|513070.SH|513080.SH|513180.SH|513500.SH,1.4083326332486708,0.9123874319228055,neighbor,159796.SZ,512170.SH
rolling_hill_climb,2022-01-01/2022-06-30,2022-07-01/2022-12-31,24,159796.SZ|159928.SZ|159949.SZ|159981.SZ|159985.SZ|160644.SZ|164824.SZ|501018.SH|513070.SH|513080.SH|513180.SH|513500.SH|518880.SH,1.60992016208909,0.9123874319228055,neighbor,159980.SZ,518880.SH
rolling_hill_climb,2022-01-01/2022-06-30,2022-07-01/2022-12-31,25,159796.SZ|159928.SZ|159949.SZ|159980.SZ|159981.SZ|159985.SZ|160644.SZ|164824.SZ|501018.SH|513070.SH|513080.SH|513100.SH|513180.SH,1.7241371785689805,0.9123874319228055,neighbor,513500.SH,513100.SH
rolling_hill_climb,2022-01-01/2022-06-30,2022-07-01/2022-12-31,26,159796.SZ|159949.SZ|159980.SZ|159981.SZ|159985.SZ|160644.SZ|164824.SZ|501018.SH|512980.SH|513070.SH|513080.SH|513180.SH|513500.SH,1.4080167504513497,0.9123874319228055,neighbor,159928.SZ,512980.SH
rolling_hill_climb,2022-01-01/2022-06-30,2022-07-01/2022-12-31,27,159796.SZ|159928.SZ|159980.SZ|159981.SZ|159985.SZ|160644.SZ|164824.SZ|501018.SH|513070.SH|513080.SH|513180.SH|513500.SH|588000.SH,1.3913421877903032,0.9123874319228055,neighbor,159949.SZ,588000.SH
rolling_hill_climb,2022-01-01/2022-06-30,2022-07-01/2022-12-31,28,159796.SZ|159928.SZ|159949.SZ|159980.SZ|159981.SZ|159985.SZ|160644.SZ|164824.SZ|501018.SH|513070.SH|513180.SH|513500.SH|513880.SH,1.8099308271390553,0.9123874319228055,neighbor,513080.SH,513880.SH
rolling_hill_climb,2022-01-01/2022-06-30,2022-07-01/2022-12-31,29,159928.SZ|159949.SZ|159980.SZ|159981.SZ|159985.SZ|160644.SZ|164824.SZ|501018.SH|512100.SH|513070.SH|513180.SH|513500.SH|513880.SH,1.0138604516996033,0.9123874319228055,neighbor,159796.SZ,512100.SH
rolling_hill_climb,2022-01-01/2022-06-30,2022-07-01/2022-12-31,30,159796.SZ|159920.SZ|159928.SZ|159949.SZ|159980.SZ|159981.SZ|159985.SZ|160644.SZ|164824.SZ|501018.SH|513070.SH|513500.SH|513880.SH,1.542908584257528,0.902954449056628,neighbor,513180.SH,159920.SZ
rolling_hill_climb,2022-01-01/2022-06-30,2022-07-01/2022-12-31,31,159796.SZ|159949.SZ|159980.SZ|159981.SZ|159985.SZ|160644.SZ|164824.SZ|501018.SH|513070.SH|513180.SH|513500.SH|513880.SH|515790.SH,1.5572540891132185,0.9123874319228055,neighbor,159928.SZ,515790.SH
rolling_hill_climb,2022-01-01/2022-06-30,2022-07-01/2022-12-31,32,159796.SZ|159928.SZ|159949.SZ|159980.SZ|159981.SZ|159985.SZ|160644.SZ|164824.SZ|501018.SH|513030.SH|513070.SH|513180.SH|513880.SH,1.703719461933633,0.9123874319228055,neighbor,513500.SH,513030.SH
rolling_hill_climb,2022-01-01/2022-06-30,2022-07-01/2022-12-31,33,159869.SZ|159928.SZ|159949.SZ|159980.SZ|159981.SZ|159985.SZ|160644.SZ|164824.SZ|501018.SH|513070.SH|513180.SH|513500.SH|513880.SH,1.2309596853257556,0.9123874319228055,neighbor,159796.SZ,159869.SZ
rolling_hill_climb,2022-01-01/2022-06-30,2022-07-01/2022-12-31,34,159796.SZ|159928.SZ|159949.SZ|159980.SZ|159981.SZ|159985.SZ|160644.SZ|501018.SH|513030.SH|513070.SH|513180.SH|513500.SH|513880.SH,1.7100145506690392,0.9123874319228055,neighbor,164824.SZ,513030.SH
rolling_hill_climb,2022-01-01/2022-06-30,2022-07-01/2022-12-31,35,159796.SZ|159928.SZ|159949.SZ|159980.SZ|159985.SZ|160644.SZ|164824.SZ|501018.SH|513070.SH|513180.SH|513500.SH|513880.SH|518880.SH,1.6443278493482278,0.9123874319228055,neighbor,159981.SZ,518880.SH
rolling_hill_climb,2022-01-01/2022-06-30,2022-07-01/2022-12-31,36,159796.SZ|159928.SZ|159949.SZ|159980.SZ|159985.SZ|160644.SZ|161226.SZ|164824.SZ|501018.SH|513070.SH|513180.SH|513500.SH|513880.SH,1.194468556355608,0.9123874319228055,neighbor,159981.SZ,161226.SZ
rolling_hill_climb,2022-01-01/2022-06-30,2022-07-01/2022-12-31,37,159611.SZ|159796.SZ|159949.SZ|159980.SZ|159981.SZ|159985.SZ|160644.SZ|164824.SZ|501018.SH|513070.SH|513180.SH|513500.SH|513880.SH,1.5754261688685163,0.9123874319228055,neighbor,159928.SZ,159611.SZ
rolling_hill_climb,2022-01-01/2022-06-30,2022-07-01/2022-12-31,38,159796.SZ|159928.SZ|159949.SZ|159980.SZ|159981.SZ|159985.SZ|160644.SZ|164824.SZ|501018.SH|513070.SH|513100.SH|513180.SH|513880.SH,1.7639337079341648,0.9123874319228055,neighbor,513500.SH,513100.SH
rolling_hill_climb,2022-01-01/2022-06-30,2022-07-01/2022-12-31,39,159928.SZ|159949.SZ|159980.SZ|159981.SZ|159985.SZ|160644.SZ|164824.SZ|501018.SH|513070.SH|513180.SH|513500.SH|513880.SH|515220.SH,1.0455469211220736,0.9123874319228055,neighbor,159796.SZ,515220.SH
rolling_hill_climb,2022-01-01/2022-06-30,2022-07-01/2022-12-31,40,159928.SZ|159949.SZ|159980.SZ|159981.SZ|159985.SZ|160644.SZ|164824.SZ|501018.SH|513070.SH|513180.SH|513500.SH|513880.SH|588000.SH,1.192615261397484,0.9123874319228055,neighbor,159796.SZ,588000.SH
rolling_hill_climb,2022-01-01/2022-06-30,2022-07-01/2022-12-31,41,159796.SZ|159928.SZ|159949.SZ|159980.SZ|159981.SZ|159985.SZ|160644.SZ|161226.SZ|164824.SZ|513070.SH|513180.SH|513500.SH|513880.SH,0.9414651164809478,0.9123874319228055,neighbor,501018.SH,161226.SZ
rolling_hill_climb,2022-01-01/2022-06-30,2022-07-01/2022-12-31,42,159796.SZ|159928.SZ|159949.SZ|159980.SZ|159981.SZ|159985.SZ|160644.SZ|501018.SH|513070.SH|513080.SH|513180.SH|513500.SH|513880.SH,1.7461563189297122,0.9123874319228055,neighbor,164824.SZ,513080.SH
rolling_hill_climb,2022-01-01/2022-06-30,2022-07-01/2022-12-31,43,159796.SZ|159928.SZ|159949.SZ|159981.SZ|159985.SZ|160644.SZ|164824.SZ|501018.SH|513070.SH|513180.SH|513500.SH|513880.SH|518880.SH,1.6458657960783927,0.9123874319228055,neighbor,159980.SZ,518880.SH
rolling_hill_climb,2022-01-01/2022-06-30,2022-07-01/2022-12-31,44,159796.SZ|159928.SZ|159949.SZ|159980.SZ|159981.SZ|160644.SZ|161226.SZ|164824.SZ|501018.SH|513070.SH|513180.SH|513500.SH|513880.SH,1.1009746305687529,0.9123874319228055,neighbor,159985.SZ,161226.SZ
rolling_hill_climb,2022-01-01/2022-06-30,2022-07-01/2022-12-31,45,159796.SZ|159949.SZ|159980.SZ|159981.SZ|159985.SZ|160644.SZ|164824.SZ|501018.SH|510210.SH|513070.SH|513180.SH|513500.SH|513880.SH,1.061401754145375,0.9123874319228055,neighbor,159928.SZ,510210.SH
rolling_hill_climb,2022-01-01/2022-06-30,2022-07-01/2022-12-31,46,159928.SZ|159949.SZ|159980.SZ|159981.SZ|159985.SZ|160644.SZ|164824.SZ|501018.SH|512660.SH|513070.SH|513180.SH|513500.SH|513880.SH,0.9892993989752439,0.9123874319228055,neighbor,159796.SZ,512660.SH
rolling_hill_climb,2022-01-01/2022-06-30,2022-07-01/2022-12-31,47,159796.SZ|159928.SZ|159949.SZ|159980.SZ|159981.SZ|160644.SZ|164824.SZ|501018.SH|513070.SH|513180.SH|513500.SH|513880.SH|518880.SH,1.5714722333896385,0.9123874319228055,neighbor,159985.SZ,518880.SH
rolling_hill_climb,2022-01-01/2022-06-30,2022-07-01/2022-12-31,48,159796.SZ|159928.SZ|159949.SZ|159980.SZ|159981.SZ|159985.SZ|160644.SZ|164824.SZ|513070.SH|513180.SH|513500.SH|513880.SH|518880.SH,1.3713870798305932,0.9123874319228055,neighbor,501018.SH,518880.SH
rolling_hill_climb,2022-01-01/2022-06-30,2022-07-01/2022-12-31,49,159766.SZ|159796.SZ|159949.SZ|159980.SZ|159981.SZ|159985.SZ|160644.SZ|164824.SZ|501018.SH|513070.SH|513180.SH|513500.SH|513880.SH,1.4162330589103957,0.9123874319228055,neighbor,159928.SZ,159766.SZ
rolling_hill_climb,2022-01-01/2022-06-30,2022-07-01/2022-12-31,50,159851.SZ|159928.SZ|159949.SZ|159980.SZ|159981.SZ|159985.SZ|160644.SZ|164824.SZ|501018.SH|513070.SH|513180.SH|513500.SH|513880.SH,1.4264156369994234,0.9123874319228055,neighbor,159796.SZ,159851.SZ
rolling_hill_climb,2022-01-01/2022-06-30,2022-07-01/2022-12-31,51,159796.SZ|159928.SZ|159949.SZ|159980.SZ|159981.SZ|159985.SZ|160644.SZ|164824.SZ|501018.SH|513070.SH|513080.SH|513180.SH|513880.SH,1.7381061431261458,0.9123874319228055,neighbor,513500.SH,513080.SH
rolling_hill_climb,2022-01-01/2022-06-30,2022-07-01/2022-12-31,52,159796.SZ|159949.SZ|159980.SZ|159981.SZ|159985.SZ|160644.SZ|164824.SZ|501018.SH|510180.SH|513070.SH|513180.SH|513500.SH|513880.SH,1.5390232511235662,0.9123874319228055,neighbor,159928.SZ,510180.SH
rolling_hill_climb,2022-01-01/2022-06-30,2022-07-01/2022-12-31,53,159796.SZ|159870.SZ|159949.SZ|159980.SZ|159981.SZ|159985.SZ|160644.SZ|164824.SZ|501018.SH|513070.SH|513180.SH|513500.SH|513880.SH,1.1997485161448695,0.9123874319228055,neighbor,159928.SZ,159870.SZ
rolling_hill_climb,2022-01-01/2022-06-30,2022-07-01/2022-12-31,54,159796.SZ|159928.SZ|159949.SZ|159980.SZ|159981.SZ|159985.SZ|164824.SZ|501018.SH|513030.SH|513070.SH|513180.SH|513500.SH|513880.SH,1.6475102445290384,0.9123874319228055,neighbor,160644.SZ,513030.SH
rolling_hill_climb,2022-01-01/2022-06-30,2022-07-01/2022-12-31,55,159796.SZ|159851.SZ|159928.SZ|159980.SZ|159981.SZ|159985.SZ|160644.SZ|164824.SZ|501018.SH|513070.SH|513180.SH|513500.SH|513880.SH,1.6497066535630145,0.9123874319228055,neighbor,159949.SZ,159851.SZ
rolling_hill_climb,2022-01-01/2022-06-30,2022-07-01/2022-12-31,56,159796.SZ|159949.SZ|159980.SZ|159981.SZ|159985.SZ|160644.SZ|164824.SZ|501018.SH|512980.SH|513070.SH|513180.SH|513500.SH|513880.SH,1.3701522298052178,0.9123874319228055,neighbor,159928.SZ,512980.SH
rolling_hill_climb,2022-01-01/2022-06-30,2022-07-01/2022-12-31,57,159928.SZ|159949.SZ|159980.SZ|159981.SZ|159985.SZ|160644.SZ|164824.SZ|501018.SH|510210.SH|513070.SH|513180.SH|513500.SH|513880.SH,0.7916536756521834,0.9123874319228055,neighbor,159796.SZ,510210.SH
rolling_hill_climb,2022-01-01/2022-06-30,2022-07-01/2022-12-31,58,159928.SZ|159949.SZ|159980.SZ|159981.SZ|159985.SZ|160644.SZ|164824.SZ|501018.SH|510050.SH|513070.SH|513180.SH|513500.SH|513880.SH,1.5314077284082206,0.9123874319228055,neighbor,159796.SZ,510050.SH
rolling_hill_climb,2022-01-01/2022-06-30,2022-07-01/2022-12-31,59,159796.SZ|159928.SZ|159949.SZ|159981.SZ|159985.SZ|160644.SZ|161226.SZ|164824.SZ|501018.SH|513070.SH|513180.SH|513500.SH|513880.SH,1.1517519137289316,0.9123874319228055,neighbor,159980.SZ,161226.SZ
rolling_hill_climb,2022-01-01/2022-06-30,2022-07-01/2022-12-31,60,159928.SZ|159949.SZ|159980.SZ|159981.SZ|159985.SZ|160644.SZ|164824.SZ|501018.SH|513070.SH|513180.SH|513500.SH|513880.SH|515210.SH,1.0936178573259836,0.9123874319228055,neighbor,159796.SZ,515210.SH
rolling_hill_climb,2022-01-01/2022-06-30,2022-07-01/2022-12-31,61,159796.SZ|159928.SZ|159949.SZ|159980.SZ|159981.SZ|159985.SZ|164824.SZ|501018.SH|513070.SH|513080.SH|513180.SH|513500.SH|513880.SH,1.6760967736066021,0.9123874319228055,neighbor,160644.SZ,513080.SH
rolling_hill_climb,2022-01-01/2022-06-30,2022-07-01/2022-12-31,62,159928.SZ|159949.SZ|159980.SZ|159981.SZ|159985.SZ|160644.SZ|164824.SZ|501018.SH|513070.SH|513180.SH|513500.SH|513880.SH|515880.SH,0.7895951185745212,0.9123874319228055,neighbor,159796.SZ,515880.SH
rolling_hill_climb,2022-01-01/2022-06-30,2022-07-01/2022-12-31,63,159796.SZ|159852.SZ|159949.SZ|159980.SZ|159981.SZ|159985.SZ|160644.SZ|164824.SZ|501018.SH|513070.SH|513180.SH|513500.SH|513880.SH,1.4574582772371567,0.9123874319228055,neighbor,159928.SZ,159852.SZ
rolling_hill_climb,2022-01-01/2022-06-30,2022-07-01/2022-12-31,64,159796.SZ|159928.SZ|159980.SZ|159981.SZ|159985.SZ|160644.SZ|164824.SZ|501018.SH|510180.SH|513070.SH|513180.SH|513500.SH|513880.SH,1.8303711435354477,0.9123874319228055,neighbor,159949.SZ,510180.SH
rolling_hill_climb,2022-01-01/2022-06-30,2022-07-01/2022-12-31,65,159796.SZ|159928.SZ|159981.SZ|159985.SZ|160644.SZ|164824.SZ|501018.SH|510180.SH|513070.SH|513180.SH|513500.SH|513880.SH|518880.SH,1.6631673578308115,0.9123874319228055,neighbor,159980.SZ,518880.SH
rolling_hill_climb,2022-01-01/2022-06-30,2022-07-01/2022-12-31,66,159796.SZ|159928.SZ|159980.SZ|159981.SZ|160644.SZ|164824.SZ|501018.SH|510180.SH|513070.SH|513180.SH|513500.SH|513880.SH|518880.SH,1.5368917730593639,0.9123874319228055,neighbor,159985.SZ,518880.SH
rolling_hill_climb,2022-01-01/2022-06-30,2022-07-01/2022-12-31,67,159796.SZ|159928.SZ|159980.SZ|159981.SZ|159985.SZ|164824.SZ|501018.SH|510180.SH|513070.SH|513080.SH|513180.SH|513500.SH|513880.SH,1.6933633163801962,0.9123874319228055,neighbor,160644.SZ,513080.SH
rolling_hill_climb,2022-01-01/2022-06-30,2022-07-01/2022-12-31,68,159796.SZ|159928.SZ|159980.SZ|159985.SZ|160644.SZ|161226.SZ|164824.SZ|501018.SH|510180.SH|513070.SH|513180.SH|513500.SH|513880.SH,1.175121512126941,0.9123874319228055,neighbor,159981.SZ,161226.SZ
rolling_hill_climb,2022-01-01/2022-06-30,2022-07-01/2022-12-31,69,159796.SZ|159980.SZ|159981.SZ|159985.SZ|160644.SZ|164824.SZ|501018.SH|510180.SH|512200.SH|513070.SH|513180.SH|513500.SH|513880.SH,1.5176495489381638,0.9123874319228055,neighbor,159928.SZ,512200.SH
rolling_hill_climb,2022-01-01/2022-06-30,2022-07-01/2022-12-31,70,159796.SZ|159920.SZ|159928.SZ|159980.SZ|159981.SZ|159985.SZ|160644.SZ|164824.SZ|501018.SH|510180.SH|513070.SH|513500.SH|513880.SH,1.6346373121132578,0.902954449056628,neighbor,513180.SH,159920.SZ
rolling_hill_climb,2022-01-01/2022-06-30,2022-07-01/2022-12-31,71,159796.SZ|159928.SZ|159980.SZ|159981.SZ|159985.SZ|160644.SZ|164824.SZ|501018.SH|510180.SH|513070.SH|513080.SH|513180.SH|513500.SH,1.7932257687108237,0.9123874319228055,neighbor,513880.SH,513080.SH
rolling_hill_climb,2022-01-01/2022-06-30,2022-07-01/2022-12-31,72,159796.SZ|159928.SZ|159980.SZ|159981.SZ|159985.SZ|160644.SZ|164824.SZ|501018.SH|512100.SH|513070.SH|513180.SH|513500.SH|513880.SH,1.4278018867030988,0.9123874319228055,neighbor,510180.SH,512100.SH
rolling_hill_climb,2022-01-01/2022-06-30,2022-07-01/2022-12-31,73,159928.SZ|159980.SZ|159981.SZ|159985.SZ|160644.SZ|164824.SZ|501018.SH|510180.SH|512100.SH|513070.SH|513180.SH|513500.SH|513880.SH,0.999485849728787,0.9123874319228055,neighbor,159796.SZ,512100.SH
rolling_hill_climb,2022-01-01/2022-06-30,2022-07-01/2022-12-31,74,159928.SZ|159949.SZ|159980.SZ|159981.SZ|159985.SZ|160644.SZ|164824.SZ|501018.SH|510180.SH|513070.SH|513180.SH|513500.SH|513880.SH,1.5921215554470953,0.9123874319228055,neighbor,159796.SZ,159949.SZ
rolling_hill_climb,2022-01-01/2022-06-30,2022-07-01/2022-12-31,75,159928.SZ|159980.SZ|159981.SZ|159985.SZ|160644.SZ|164824.SZ|501018.SH|510180.SH|512800.SH|513070.SH|513180.SH|513500.SH|513880.SH,0.8989674809154813,0.9123874319228055,neighbor,159796.SZ,512800.SH
rolling_hill_climb,2022-01-01/2022-06-30,2022-07-01/2022-12-31,76,159796.SZ|159980.SZ|159981.SZ|159985.SZ|160644.SZ|164824.SZ|501018.SH|510180.SH|512400.SH|513070.SH|513180.SH|513500.SH|513880.SH,1.2798828872564638,0.9123874319228055,neighbor,159928.SZ,512400.SH
rolling_hill_climb,2022-01-01/2022-06-30,2022-07-01/2022-12-31,77,159796.SZ|159928.SZ|159980.SZ|159981.SZ|160644.SZ|161226.SZ|164824.SZ|501018.SH|510180.SH|513070.SH|513180.SH|513500.SH|513880.SH,1.0738391676025785,0.9123874319228055,neighbor,159985.SZ,161226.SZ
rolling_hill_climb,2022-01-01/2022-06-30,2022-07-01/2022-12-31,78,159796.SZ|159928.SZ|159980.SZ|159981.SZ|159985.SZ|160644.SZ|164824.SZ|501018.SH|510180.SH|513070.SH|513080.SH|513180.SH|513880.SH,1.6639109218618306,0.9123874319228055,neighbor,513500.SH,513080.SH
rolling_hill_climb,2022-01-01/2022-06-30,2022-07-01/2022-12-31,79,159928.SZ|159980.SZ|159981.SZ|159985.SZ|160644.SZ|164824.SZ|501018.SH|510180.SH|513070.SH|513180.SH|513500.SH|513880.SH|516150.SH,1.3163233563945576,0.9123874319228055,neighbor,159796.SZ,516150.SH
rolling_hill_climb,2022-01-01/2022-06-30,2022-07-01/2022-12-31,80,159865.SZ|159928.SZ|159980.SZ|159981.SZ|159985.SZ|160644.SZ|164824.SZ|501018.SH|510180.SH|513070.SH|513180.SH|513500.SH|513880.SH,1.0074716436110083,0.9123874319228055,neighbor,159796.SZ,159865.SZ
rolling_hill_climb,2022-01-01/2022-06-30,2022-07-01/2022-12-31,81,159796.SZ|159980.SZ|159981.SZ|159985.SZ|160644.SZ|164824.SZ|501018.SH|510180.SH|512040.SH|513070.SH|513180.SH|513500.SH|513880.SH,1.0543872197694315,0.9123874319228055,neighbor,159928.SZ,512040.SH
rolling_hill_climb,2022-01-01/2022-06-30,2022-07-01/2022-12-31,82,159928.SZ|159980.SZ|159981.SZ|159985.SZ|160644.SZ|164824.SZ|501018.SH|510180.SH|513070.SH|513180.SH|513500.SH|513880.SH|515790.SH,1.6385968967056934,0.9123874319228055,neighbor,159796.SZ,515790.SH
rolling_hill_climb,2022-01-01/2022-06-30,2022-07-01/2022-12-31,83,159796.SZ|159928.SZ|159980.SZ|159981.SZ|159985.SZ|160644.SZ|164824.SZ|501018.SH|512400.SH|513070.SH|513180.SH|513500.SH|513880.SH,1.5540008695844267,0.9123874319228055,neighbor,510180.SH,512400.SH
rolling_hill_climb,2022-01-01/2022-06-30,2022-07-01/2022-12-31,84,159796.SZ|159928.SZ|159981.SZ|159985.SZ|160644.SZ|161226.SZ|164824.SZ|501018.SH|510180.SH|513070.SH|513180.SH|513500.SH|513880.SH,1.1691558844183898,0.9123874319228055,neighbor,159980.SZ,161226.SZ
rolling_hill_climb,2022-01-01/2022-06-30,2022-07-01/2022-12-31,85,159796.SZ|159980.SZ|159981.SZ|159985.SZ|160644.SZ|164824.SZ|501018.SH|510180.SH|512890.SH|513070.SH|513180.SH|513500.SH|513880.SH,1.1979027005196041,0.9123874319228055,neighbor,159928.SZ,512890.SH
rolling_hill_climb,2022-01-01/2022-06-30,2022-07-01/2022-12-31,86,159796.SZ|159928.SZ|159980.SZ|159985.SZ|160644.SZ|164824.SZ|501018.SH|510180.SH|513070.SH|513180.SH|513500.SH|513880.SH|518880.SH,1.6262492718934338,0.9123874319228055,neighbor,159981.SZ,518880.SH
rolling_hill_climb,2022-01-01/2022-06-30,2022-07-01/2022-12-31,87,159796.SZ|159980.SZ|159981.SZ|159985.SZ|160644.SZ|164824.SZ|501018.SH|510180.SH|510500.SH|513070.SH|513180.SH|513500.SH|513880.SH,1.0037556906465814,0.9123874319228055,neighbor,159928.SZ,510500.SH
rolling_hill_climb,2022-01-01/2022-06-30,2022-07-01/2022-12-31,88,159796.SZ|159825.SZ|159980.SZ|159981.SZ|159985.SZ|160644.SZ|164824.SZ|501018.SH|510180.SH|513070.SH|513180.SH|513500.SH|513880.SH,0.9752846459282035,0.9123874319228055,neighbor,159928.SZ,159825.SZ
rolling_hill_climb,2022-01-01/2022-06-30,2022-07-01/2022-12-31,89,159928.SZ|159980.SZ|159981.SZ|159985.SZ|160644.SZ|164824.SZ|501018.SH|510180.SH|513070.SH|513180.SH|513500.SH|513880.SH|515210.SH,1.1195756975414797,0.9123874319228055,neighbor,159796.SZ,515210.SH
rolling_hill_climb,2022-01-01/2022-06-30,2022-07-01/2022-12-31,90,159796.SZ|159928.SZ|159980.SZ|159981.SZ|159985.SZ|160644.SZ|161226.SZ|164824.SZ|510180.SH|513070.SH|513180.SH|513500.SH|513880.SH,0.9590806338029713,0.9123874319228055,neighbor,501018.SH,161226.SZ
rolling_hill_climb,2022-01-01/2022-06-30,2022-07-01/2022-12-31,91,159796.SZ|159928.SZ|159980.SZ|159981.SZ|159985.SZ|164824.SZ|501018.SH|510180.SH|513030.SH|513070.SH|513180.SH|513500.SH|513880.SH,1.6648326483080977,0.9123874319228055,neighbor,160644.SZ,513030.SH
rolling_hill_climb,2022-01-01/2022-06-30,2022-07-01/2022-12-31,92,159928.SZ|159980.SZ|159981.SZ|159985.SZ|160644.SZ|164824.SZ|501018.SH|510180.SH|512170.SH|513070.SH|513180.SH|513500.SH|513880.SH,1.4028366844332543,0.9123874319228055,neighbor,159796.SZ,512170.SH
rolling_hill_climb,2022-01-01/2022-06-30,2022-07-01/2022-12-31,93,159796.SZ|159928.SZ|159980.SZ|159981.SZ|159985.SZ|160644.SZ|501018.SH|510180.SH|513070.SH|513080.SH|513180.SH|513500.SH|513880.SH,1.6853900669717503,0.9123874319228055,neighbor,164824.SZ,513080.SH
rolling_hill_climb,2022-01-01/2022-06-30,2022-07-01/2022-12-31,94,159796.SZ|159928.SZ|159980.SZ|159981.SZ|159985.SZ|160644.SZ|164824.SZ|501018.SH|510180.SH|513030.SH|513070.SH|513180.SH|513500.SH,1.764607131656163,0.9123874319228055,neighbor,513880.SH,513030.SH
rolling_hill_climb,2022-01-01/2022-06-30,2022-07-01/2022-12-31,95,159796.SZ|159928.SZ|159980.SZ|159981.SZ|159985.SZ|160644.SZ|164824.SZ|501018.SH|510180.SH|513070.SH|513100.SH|513180.SH|513880.SH,1.7843107847284725,0.9123874319228055,neighbor,513500.SH,513100.SH
rolling_hill_climb,2022-01-01/2022-06-30,2022-07-01/2022-12-31,96,159766.SZ|159796.SZ|159928.SZ|159980.SZ|159981.SZ|159985.SZ|160644.SZ|164824.SZ|501018.SH|513070.SH|513180.SH|513500.SH|513880.SH,1.3093569936841767,0.9123874319228055,neighbor,510180.SH,159766.SZ
rolling_hill_climb,2022-01-01/2022-06-30,2022-07-01/2022-12-31,97,159796.SZ|159928.SZ|159980.SZ|159981.SZ|159985.SZ|160644.SZ|164824.SZ|501018.SH|510050.SH|513070.SH|513180.SH|513500.SH|513880.SH,1.7657673832115237,0.9123874319228055,neighbor,510180.SH,510050.SH
rolling_hill_climb,2022-01-01/2022-06-30,2022-07-01/2022-12-31,98,159796.SZ|159928.SZ|159980.SZ|159981.SZ|159985.SZ|160644.SZ|501018.SH|510180.SH|513030.SH|513070.SH|513180.SH|513500.SH|513880.SH,1.6407330587880713,0.9123874319228055,neighbor,164824.SZ,513030.SH
rolling_hill_climb,2022-01-01/2022-06-30,2022-07-01/2022-12-31,99,159796.SZ|159928.SZ|159980.SZ|159981.SZ|159985.SZ|160644.SZ|164824.SZ|501018.SH|510180.SH|513030.SH|513070.SH|513180.SH|513880.SH,1.62629921245138,0.9123874319228055,neighbor,513500.SH,513030.SH
rolling_hill_climb,2022-01-01/2022-06-30,2022-07-01/2022-12-31,100,159796.SZ|159928.SZ|159980.SZ|159981.SZ|159985.SZ|160644.SZ|164824.SZ|501018.SH|513070.SH|513180.SH|513500.SH|513880.SH|515880.SH,1.2430973184043435,0.9123874319228055,neighbor,510180.SH,515880.SH
rolling_hill_climb,2022-07-01/2022-12-31,2023-01-01/2023-06-30,1,159869.SZ|159980.SZ|159981.SZ|159985.SZ|164824.SZ|501018.SH|510500.SH|512400.SH|513070.SH|513080.SH|513100.SH|513120.SH|513880.SH,0.7727775807899477,0.8020701325811442,initial,,
rolling_hill_climb,2022-07-01/2022-12-31,2023-01-01/2023-06-30,2,159869.SZ|159920.SZ|159980.SZ|159981.SZ|159985.SZ|164824.SZ|501018.SH|510500.SH|512400.SH|513080.SH|513100.SH|513120.SH|513880.SH,0.6703423289124515,0.8020701325811442,neighbor,513070.SH,159920.SZ
rolling_hill_climb,2022-07-01/2022-12-31,2023-01-01/2023-06-30,3,159852.SZ|159869.SZ|159980.SZ|159981.SZ|159985.SZ|164824.SZ|501018.SH|510500.SH|513070.SH|513080.SH|513100.SH|513120.SH|513880.SH,1.0438182318388738,0.8020701325811442,neighbor,512400.SH,159852.SZ
rolling_hill_climb,2022-07-01/2022-12-31,2023-01-01/2023-06-30,4,159851.SZ|159852.SZ|159869.SZ|159980.SZ|159981.SZ|159985.SZ|164824.SZ|501018.SH|513070.SH|513080.SH|513100.SH|513120.SH|513880.SH,0.9663103940684774,0.8734352753721032,neighbor,510500.SH,159851.SZ
rolling_hill_climb,2022-07-01/2022-12-31,2023-01-01/2023-06-30,5,159852.SZ|159869.SZ|159980.SZ|159981.SZ|159985.SZ|160644.SZ|164824.SZ|501018.SH|510500.SH|513070.SH|513080.SH|513120.SH|513880.SH,1.1354324525777661,0.8020701325811442,neighbor,513100.SH,160644.SZ
rolling_hill_climb,2022-07-01/2022-12-31,2023-01-01/2023-06-30,6,159852.SZ|159869.SZ|159981.SZ|159985.SZ|160644.SZ|164824.SZ|501018.SH|510500.SH|513070.SH|513080.SH|513120.SH|513880.SH|518880.SH,1.2330159780334848,0.8020701325811442,neighbor,159980.SZ,518880.SH
rolling_hill_climb,2022-07-01/2022-12-31,2023-01-01/2023-06-30,7,159852.SZ|159869.SZ|159980.SZ|159981.SZ|160644.SZ|164824.SZ|501018.SH|510500.SH|513070.SH|513080.SH|513120.SH|513880.SH|518880.SH,0.8022069302743952,0.8020701325811442,neighbor,159985.SZ,159980.SZ
rolling_hill_climb,2022-07-01/2022-12-31,2023-01-01/2023-06-30,8,159852.SZ|159869.SZ|159981.SZ|159985.SZ|160644.SZ|164824.SZ|501018.SH|510180.SH|513070.SH|513080.SH|513120.SH|513880.SH|518880.SH,0.884480740649589,0.8020701325811442,neighbor,510500.SH,510180.SH
rolling_hill_climb,2022-07-01/2022-12-31,2023-01-01/2023-06-30,9,159852.SZ|159869.SZ|159981.SZ|159985.SZ|160644.SZ|501018.SH|510500.SH|513070.SH|513080.SH|513120.SH|513500.SH|513880.SH|518880.SH,0.20923404802460863,0.8316275404607769,neighbor,164824.SZ,513500.SH
rolling_hill_climb,2022-07-01/2022-12-31,2023-01-01/2023-06-30,10,159852.SZ|159869.SZ|159980.SZ|159981.SZ|159985.SZ|160644.SZ|164824.SZ|510500.SH|513070.SH|513080.SH|513120.SH|513880.SH|518880.SH,1.1856457872099593,0.8020701325811442,neighbor,501018.SH,159980.SZ
rolling_hill_climb,2022-07-01/2022-12-31,2023-01-01/2023-06-30,11,159852.SZ|159869.SZ|159981.SZ|160644.SZ|161226.SZ|164824.SZ|501018.SH|510500.SH|513070.SH|513080.SH|513120.SH|513880.SH|518880.SH,0.7134877074436642,0.8020701325811442,neighbor,159985.SZ,161226.SZ
rolling_hill_climb,2022-07-01/2022-12-31,2023-01-01/2023-06-30,12,159869.SZ|159981.SZ|159985.SZ|160644.SZ|164824.SZ|501018.SH|510500.SH|513070.SH|513080.SH|513120.SH|513880.SH|515880.SH|518880.SH,0.5730469572746665,0.8020701325811442,neighbor,159852.SZ,515880.SH
rolling_hill_climb,2022-07-01/2022-12-31,2023-01-01/2023-06-30,13,159869.SZ|159915.SZ|159981.SZ|159985.SZ|160644.SZ|164824.SZ|501018.SH|510500.SH|513070.SH|513080.SH|513120.SH|513880.SH|518880.SH,0.4473871776485814,0.8425634613998013,neighbor,159852.SZ,159915.SZ
rolling_hill_climb,2022-07-01/2022-12-31,2023-01-01/2023-06-30,14,159852.SZ|159869.SZ|159981.SZ|159985.SZ|164824.SZ|501018.SH|510500.SH|513070.SH|513080.SH|513120.SH|513500.SH|513880.SH|518880.SH,0.6735391594420516,0.8316275404607769,neighbor,160644.SZ,513500.SH
rolling_hill_climb,2022-07-01/2022-12-31,2023-01-01/2023-06-30,15,159851.SZ|159852.SZ|159981.SZ|159985.SZ|160644.SZ|164824.SZ|501018.SH|510500.SH|513070.SH|513080.SH|513120.SH|513880.SH|518880.SH,1.0183614334268314,0.8734352753721032,neighbor,159869.SZ,159851.SZ
rolling_hill_climb,2022-07-01/2022-12-31,2023-01-01/2023-06-30,16,159852.SZ|159869.SZ|159985.SZ|160644.SZ|161226.SZ|164824.SZ|501018.SH|510500.SH|513070.SH|513080.SH|513120.SH|513880.SH|518880.SH,1.2341389991759022,0.8020701325811442,neighbor,159981.SZ,161226.SZ
rolling_hill_climb,2022-07-01/2022-12-31,2023-01-01/2023-06-30,17,159852.SZ|159869.SZ|159985.SZ|161226.SZ|164824.SZ|501018.SH|510500.SH|513070.SH|513080.SH|513120.SH|513290.SH|513880.SH|518880.SH,1.1694078285069098,0.8020701325811442,neighbor,160644.SZ,513290.SH
rolling_hill_climb,2022-07-01/2022-12-31,2023-01-01/2023-06-30,18,159852.SZ|159869.SZ|159981.SZ|159985.SZ|160644.SZ|161226.SZ|164824.SZ|510500.SH|513070.SH|513080.SH|513120.SH|513880.SH|518880.SH,1.1059727478190606,0.8020701325811442,neighbor,501018.SH,159981.SZ
rolling_hill_climb,2022-07-01/2022-12-31,2023-01-01/2023-06-30,19,159852.SZ|159985.SZ|160644.SZ|161226.SZ|164824.SZ|501018.SH|510500.SH|512170.SH|513070.SH|513080.SH|513120.SH|513880.SH|518880.SH,1.001608601774805,0.8020701325811442,neighbor,159869.SZ,512170.SH
rolling_hill_climb,2022-07-01/2022-12-31,2023-01-01/2023-06-30,20,159852.SZ|159869.SZ|159985.SZ|160644.SZ|161226.SZ|164824.SZ|501018.SH|510500.SH|513070.SH|513080.SH|513120.SH|513500.SH|518880.SH,0.9777941619287921,0.8316275404607769,neighbor,513880.SH,513500.SH
rolling_hill_climb,2022-07-01/2022-12-31,2023-01-01/2023-06-30,21,159852.SZ|159869.SZ|159985.SZ|161226.SZ|164824.SZ|501018.SH|510500.SH|513070.SH|513080.SH|513100.SH|513120.SH|513880.SH|518880.SH,1.0848388726556148,0.8020701325811442,neighbor,160644.SZ,513100.SH
rolling_hill_climb,2022-07-01/2022-12-31,2023-01-01/2023-06-30,22,159852.SZ|159869.SZ|159980.SZ|159985.SZ|160644.SZ|164824.SZ|501018.SH|510500.SH|513070.SH|513080.SH|513120.SH|513880.SH|518880.SH,1.0600217554232159,0.8020701325811442,neighbor,161226.SZ,159980.SZ
rolling_hill_climb,2022-07-01/2022-12-31,2023-01-01/2023-06-30,23,159852.SZ|159869.SZ|159985.SZ|160644.SZ|161226.SZ|164824.SZ|501018.SH|510500.SH|513070.SH|513080.SH|513120.SH|513290.SH|518880.SH,0.9951947853491897,0.7091623327353709,neighbor,513880.SH,513290.SH
rolling_hill_climb,2022-07-01/2022-12-31,2023-01-01/2023-06-30,24,159852.SZ|159869.SZ|159985.SZ|160644.SZ|161226.SZ|164824.SZ|501018.SH|513070.SH|513080.SH|513120.SH|513880.SH|518880.SH|562500.SH,1.2570286642844581,0.8020701325811442,neighbor,510500.SH,562500.SH
rolling_hill_climb,2022-07-01/2022-12-31,2023-01-01/2023-06-30,25,159852.SZ|159865.SZ|159869.SZ|159985.SZ|160644.SZ|161226.SZ|164824.SZ|501018.SH|513070.SH|513080.SH|513120.SH|513880.SH|518880.SH,1.2040608301097455,0.8020701325811442,neighbor,562500.SH,159865.SZ
rolling_hill_climb,2022-07-01/2022-12-31,2023-01-01/2023-06-30,26,159852.SZ|159869.SZ|159985.SZ|160644.SZ|161226.SZ|164824.SZ|501018.SH|513080.SH|513120.SH|513180.SH|513880.SH|518880.SH|562500.SH,1.2083690064682227,0.8020701325811442,neighbor,513070.SH,513180.SH
rolling_hill_climb,2022-07-01/2022-12-31,2023-01-01/2023-06-30,27,159869.SZ|159985.SZ|160644.SZ|161226.SZ|164824.SZ|501018.SH|510180.SH|513070.SH|513080.SH|513120.SH|513880.SH|518880.SH|562500.SH,0.6112840973344135,0.8020701325811442,neighbor,159852.SZ,510180.SH
rolling_hill_climb,2022-07-01/2022-12-31,2023-01-01/2023-06-30,28,159852.SZ|159869.SZ|159981.SZ|159985.SZ|160644.SZ|161226.SZ|164824.SZ|513070.SH|513080.SH|513120.SH|513880.SH|518880.SH|562500.SH,1.0607077652399004,0.8020701325811442,neighbor,501018.SH,159981.SZ
rolling_hill_climb,2022-07-01/2022-12-31,2023-01-01/2023-06-30,29,159852.SZ|159869.SZ|159985.SZ|160644.SZ|161226.SZ|164824.SZ|501018.SH|513030.SH|513070.SH|513120.SH|513880.SH|518880.SH|562500.SH,1.2389430509370438,0.7768884409244624,neighbor,513080.SH,513030.SH
rolling_hill_climb,2022-07-01/2022-12-31,2023-01-01/2023-06-30,30,159852.SZ|159869.SZ|159985.SZ|160644.SZ|161226.SZ|164824.SZ|501018.SH|513070.SH|513080.SH|513120.SH|513500.SH|518880.SH|562500.SH,1.1101421393435271,0.8316275404607769,neighbor,513880.SH,513500.SH
rolling_hill_climb,2022-07-01/2022-12-31,2023-01-01/2023-06-30,31,159852.SZ|159869.SZ|159980.SZ|159985.SZ|160644.SZ|164824.SZ|501018.SH|513070.SH|513080.SH|513120.SH|513880.SH|518880.SH|562500.SH,1.0842176160083787,0.8020701325811442,neighbor,161226.SZ,159980.SZ
rolling_hill_climb,2022-07-01/2022-12-31,2023-01-01/2023-06-30,32,159852.SZ|159869.SZ|159980.SZ|160644.SZ|161226.SZ|164824.SZ|501018.SH|513070.SH|513080.SH|513120.SH|513880.SH|518880.SH|562500.SH,0.630047420933996,0.8020701325811442,neighbor,159985.SZ,159980.SZ
rolling_hill_climb,2022-07-01/2022-12-31,2023-01-01/2023-06-30,33,159852.SZ|159869.SZ|159985.SZ|161226.SZ|164824.SZ|501018.SH|513070.SH|513080.SH|513120.SH|513500.SH|513880.SH|518880.SH|562500.SH,1.0298408309294091,0.8316275404607769,neighbor,160644.SZ,513500.SH
rolling_hill_climb,2022-07-01/2022-12-31,2023-01-01/2023-06-30,34,159852.SZ|159869.SZ|159985.SZ|160644.SZ|161226.SZ|164824.SZ|501018.SH|513070.SH|513120.SH|513500.SH|513880.SH|518880.SH|562500.SH,0.9739521709281167,0.8251090976449644,neighbor,513080.SH,513500.SH
rolling_hill_climb,2022-07-01/2022-12-31,2023-01-01/2023-06-30,35,159852.SZ|159869.SZ|159985.SZ|160644.SZ|161226.SZ|164824.SZ|501018.SH|513070.SH|513120.SH|513290.SH|513880.SH|518880.SH|562500.SH,1.4900135644132155,0.7091623327353709,neighbor,513080.SH,513290.SH
rolling_hill_climb,2022-07-01/2022-12-31,2023-01-01/2023-06-30,36,159852.SZ|159869.SZ|159985.SZ|160644.SZ|161226.SZ|164824.SZ|501018.SH|513120.SH|513180.SH|513290.SH|513880.SH|518880.SH|562500.SH,1.462284786633254,0.7051191112834191,neighbor,513070.SH,513180.SH
rolling_hill_climb,2022-07-01/2022-12-31,2023-01-01/2023-06-30,37,159852.SZ|159869.SZ|159980.SZ|160644.SZ|161226.SZ|164824.SZ|501018.SH|513070.SH|513120.SH|513290.SH|513880.SH|518880.SH|562500.SH,0.6804712209879978,0.7091623327353709,neighbor,159985.SZ,159980.SZ
rolling_hill_climb,2022-07-01/2022-12-31,2023-01-01/2023-06-30,38,159852.SZ|159869.SZ|159980.SZ|159985.SZ|160644.SZ|164824.SZ|501018.SH|513070.SH|513120.SH|513290.SH|513880.SH|518880.SH|562500.SH,1.2894422851052678,0.7091623327353709,neighbor,161226.SZ,159980.SZ
rolling_hill_climb,2022-07-01/2022-12-31,2023-01-01/2023-06-30,39,159852.SZ|159869.SZ|159985.SZ|161226.SZ|164824.SZ|501018.SH|513030.SH|513070.SH|513120.SH|513290.SH|513880.SH|518880.SH|562500.SH,1.079613205761599,0.7768884409244624,neighbor,160644.SZ,513030.SH
rolling_hill_climb,2022-07-01/2022-12-31,2023-01-01/2023-06-30,40,159852.SZ|159869.SZ|159985.SZ|160644.SZ|161226.SZ|164824.SZ|501018.SH|513070.SH|513080.SH|513120.SH|513290.SH|518880.SH|562500.SH,1.2358606840370083,0.7091623327353709,neighbor,513880.SH,513080.SH
rolling_hill_climb,2022-07-01/2022-12-31,2023-01-01/2023-06-30,41,159852.SZ|159869.SZ|159981.SZ|159985.SZ|160644.SZ|161226.SZ|164824.SZ|501018.SH|513070.SH|513120.SH|513290.SH|513880.SH|562500.SH,1.5522298337062033,0.7091623327353709,neighbor,518880.SH,159981.SZ
rolling_hill_climb,2022-07-01/2022-12-31,2023-01-01/2023-06-30,42,159852.SZ|159869.SZ|159981.SZ|159985.SZ|160644.SZ|161226.SZ|164824.SZ|501018.SH|512660.SH|513070.SH|513120.SH|513290.SH|513880.SH,1.2530156374924328,0.7091623327353709,neighbor,562500.SH,512660.SH
rolling_hill_climb,2022-07-01/2022-12-31,2023-01-01/2023-06-30,43,159852.SZ|159869.SZ|159981.SZ|159985.SZ|161226.SZ|164824.SZ|501018.SH|513070.SH|513080.SH|513120.SH|513290.SH|513880.SH|562500.SH,1.476741809373101,0.8020701325811442,neighbor,160644.SZ,513080.SH
rolling_hill_climb,2022-07-01/2022-12-31,2023-01-01/2023-06-30,44,159852.SZ|159869.SZ|159981.SZ|159985.SZ|160644.SZ|161226.SZ|164824.SZ|501018.SH|513120.SH|513180.SH|513290.SH|513880.SH|562500.SH,1.5120646866874372,0.7051191112834191,neighbor,513070.SH,513180.SH
rolling_hill_climb,2022-07-01/2022-12-31,2023-01-01/2023-06-30,45,159852.SZ|159869.SZ|159981.SZ|159985.SZ|161226.SZ|164824.SZ|501018.SH|513070.SH|513120.SH|513290.SH|513500.SH|513880.SH|562500.SH,1.0044645267337173,0.8251090976449644,neighbor,160644.SZ,513500.SH
rolling_hill_climb,2022-07-01/2022-12-31,2023-01-01/2023-06-30,46,159852.SZ|159869.SZ|159981.SZ|159985.SZ|160644.SZ|161226.SZ|501018.SH|513070.SH|513100.SH|513120.SH|513290.SH|513880.SH|562500.SH,0.583112608410057,0.7599788068936458,neighbor,164824.SZ,513100.SH
rolling_hill_climb,2022-07-01/2022-12-31,2023-01-01/2023-06-30,47,159869.SZ|159981.SZ|159985.SZ|160644.SZ|161226.SZ|164824.SZ|501018.SH|510210.SH|513070.SH|513120.SH|513290.SH|513880.SH|562500.SH,0.9585215165956398,0.7091623327353709,neighbor,159852.SZ,510210.SH
rolling_hill_climb,2022-07-01/2022-12-31,2023-01-01/2023-06-30,48,159852.SZ|159869.SZ|159981.SZ|159985.SZ|160644.SZ|161226.SZ|164824.SZ|501018.SH|513070.SH|513120.SH|513500.SH|513880.SH|562500.SH,0.8387302002565687,0.8251090976449644,neighbor,513290.SH,513500.SH
rolling_hill_climb,2022-07-01/2022-12-31,2023-01-01/2023-06-30,49,159869.SZ|159981.SZ|159985.SZ|160644.SZ|161226.SZ|164824.SZ|501018.SH|510050.SH|513070.SH|513120.SH|513290.SH|513880.SH|562500.SH,0.9976042443484399,0.7091623327353709,neighbor,159852.SZ,510050.SH
rolling_hill_climb,2022-07-01/2022-12-31,2023-01-01/2023-06-30,50,159796.SZ|159852.SZ|159981.SZ|159985.SZ|160644.SZ|161226.SZ|164824.SZ|501018.SH|513070.SH|513120.SH|513290.SH|513880.SH|562500.SH,1.4035927155263743,0.7726673194239418,neighbor,159869.SZ,159796.SZ
rolling_hill_climb,2022-07-01/2022-12-31,2023-01-01/2023-06-30,51,159852.SZ|159869.SZ|159980.SZ|159981.SZ|160644.SZ|161226.SZ|164824.SZ|501018.SH|513070.SH|513120.SH|513290.SH|513880.SH|562500.SH,0.8641602994658061,0.7091623327353709,neighbor,159985.SZ,159980.SZ
rolling_hill_climb,2022-07-01/2022-12-31,2023-01-01/2023-06-30,52,159852.SZ|159869.SZ|159981.SZ|159985.SZ|160644.SZ|161226.SZ|164824.SZ|501018.SH|513030.SH|513070.SH|513120.SH|513880.SH|562500.SH,1.2294273936250004,0.7768884409244624,neighbor,513290.SH,513030.SH
rolling_hill_climb,2022-07-01/2022-12-31,2023-01-01/2023-06-30,53,159852.SZ|159869.SZ|159920.SZ|159981.SZ|159985.SZ|160644.SZ|161226.SZ|164824.SZ|501018.SH|513120.SH|513290.SH|513880.SH|562500.SH,1.462450879396755,0.7050666337742449,neighbor,513070.SH,159920.SZ
rolling_hill_climb,2022-07-01/2022-12-31,2023-01-01/2023-06-30,54,159869.SZ|159981.SZ|159985.SZ|160644.SZ|161226.SZ|164824.SZ|501018.SH|510500.SH|513070.SH|513120.SH|513290.SH|513880.SH|562500.SH,0.9127537515517182,0.7731327067561973,neighbor,159852.SZ,510500.SH
rolling_hill_climb,2022-07-01/2022-12-31,2023-01-01/2023-06-30,55,159852.SZ|159981.SZ|159985.SZ|160644.SZ|161226.SZ|164824.SZ|501018.SH|510180.SH|513070.SH|513120.SH|513290.SH|513880.SH|562500.SH,1.2133223521327883,0.7091623327353709,neighbor,159869.SZ,510180.SH
rolling_hill_climb,2022-07-01/2022-12-31,2023-01-01/2023-06-30,56,159852.SZ|159869.SZ|159981.SZ|159985.SZ|160644.SZ|161226.SZ|164824.SZ|501018.SH|513070.SH|513080.SH|513120.SH|513290.SH|562500.SH,1.4642097223934771,0.7091623327353709,neighbor,513880.SH,513080.SH
rolling_hill_climb,2022-07-01/2022-12-31,2023-01-01/2023-06-30,57,159852.SZ|159869.SZ|159981.SZ|159985.SZ|160644.SZ|161226.SZ|164824.SZ|501018.SH|513070.SH|513080.SH|513120.SH|513880.SH|562500.SH,1.2860206661908533,0.8020701325811442,neighbor,513290.SH,513080.SH
rolling_hill_climb,2022-07-01/2022-12-31,2023-01-01/2023-06-30,58,159852.SZ|159869.SZ|159981.SZ|159985.SZ|161226.SZ|164824.SZ|501018.SH|513070.SH|513100.SH|513120.SH|513290.SH|513880.SH|562500.SH,1.19228691473524,0.7599788068936458,neighbor,160644.SZ,513100.SH
rolling_hill_climb,2022-07-01/2022-12-31,2023-01-01/2023-06-30,59,159869.SZ|159949.SZ|159981.SZ|159985.SZ|160644.SZ|161226.SZ|164824.SZ|501018.SH|513070.SH|513120.SH|513290.SH|513880.SH|562500.SH,1.0976971464747851,0.7956949643903755,neighbor,159852.SZ,159949.SZ
rolling_hill_climb,2022-07-01/2022-12-31,2023-01-01/2023-06-30,60,159852.SZ|159901.SZ|159981.SZ|159985.SZ|160644.SZ|161226.SZ|164824.SZ|501018.SH|513070.SH|513120.SH|513290.SH|513880.SH|562500.SH,1.2529518920340705,0.7091623327353709,neighbor,159869.SZ,159901.SZ
rolling_hill_climb,2022-07-01/2022-12-31,2023-01-01/2023-06-30,61,159852.SZ|159869.SZ|159981.SZ|159985.SZ|160644.SZ|161226.SZ|164824.SZ|501018.SH|512170.SH|513070.SH|513120.SH|513290.SH|513880.SH,1.2613940721508718,0.7091623327353709,neighbor,562500.SH,512170.SH
rolling_hill_climb,2022-07-01/2022-12-31,2023-01-01/2023-06-30,62,159852.SZ|159981.SZ|159985.SZ|160644.SZ|161226.SZ|164824.SZ|501018.SH|510300.SH|513070.SH|513120.SH|513290.SH|513880.SH|562500.SH,1.2163565998804424,0.7091623327353709,neighbor,159869.SZ,510300.SH
rolling_hill_climb,2022-07-01/2022-12-31,2023-01-01/2023-06-30,63,159852.SZ|159869.SZ|159980.SZ|159981.SZ|159985.SZ|160644.SZ|161226.SZ|164824.SZ|513070.SH|513120.SH|513290.SH|513880.SH|562500.SH,1.322616580886167,0.7091623327353709,neighbor,501018.SH,159980.SZ
rolling_hill_climb,2022-07-01/2022-12-31,2023-01-01/2023-06-30,64,159852.SZ|159869.SZ|159981.SZ|159985.SZ|160644.SZ|161226.SZ|501018.SH|513070.SH|513080.SH|513120.SH|513290.SH|513880.SH|562500.SH,0.4837461801021128,0.8020701325811442,neighbor,164824.SZ,513080.SH
rolling_hill_climb,2022-07-01/2022-12-31,2023-01-01/2023-06-30,65,159852.SZ|159869.SZ|159981.SZ|160644.SZ|161226.SZ|164824.SZ|501018.SH|513070.SH|513120.SH|513290.SH|513880.SH|518880.SH|562500.SH,0.6630672972839077,0.7091623327353709,neighbor,159985.SZ,518880.SH
rolling_hill_climb,2022-07-01/2022-12-31,2023-01-01/2023-06-30,66,159852.SZ|159869.SZ|159980.SZ|159985.SZ|160644.SZ|161226.SZ|164824.SZ|501018.SH|513070.SH|513120.SH|513290.SH|513880.SH|562500.SH,1.280598982884172,0.7091623327353709,neighbor,159981.SZ,159980.SZ
rolling_hill_climb,2022-07-01/2022-12-31,2023-01-01/2023-06-30,67,159869.SZ|159915.SZ|159981.SZ|159985.SZ|160644.SZ|161226.SZ|164824.SZ|501018.SH|513070.SH|513120.SH|513290.SH|513880.SH|562500.SH,1.1007884411805537,0.8079993030334093,neighbor,159852.SZ,159915.SZ
rolling_hill_climb,2022-07-01/2022-12-31,2023-01-01/2023-06-30,68,159869.SZ|159981.SZ|159985.SZ|160644.SZ|161226.SZ|164824.SZ|501018.SH|512800.SH|513070.SH|513120.SH|513290.SH|513880.SH|562500.SH,1.0702996267134561,0.7091623327353709,neighbor,159852.SZ,512800.SH
rolling_hill_climb,2022-07-01/2022-12-31,2023-01-01/2023-06-30,69,159852.SZ|159869.SZ|159981.SZ|159985.SZ|160644.SZ|161226.SZ|164824.SZ|513070.SH|513120.SH|513290.SH|513880.SH|518880.SH|562500.SH,1.1037813456197285,0.7091623327353709,neighbor,501018.SH,518880.SH
rolling_hill_climb,2022-07-01/2022-12-31,2023-01-01/2023-06-30,70,159825.SZ|159869.SZ|159981.SZ|159985.SZ|160644.SZ|161226.SZ|164824.SZ|501018.SH|513070.SH|513120.SH|513290.SH|513880.SH|562500.SH,0.8082743269046287,0.7091623327353709,neighbor,159852.SZ,159825.SZ
rolling_hill_climb,2022-07-01/2022-12-31,2023-01-01/2023-06-30,71,159852.SZ|159981.SZ|159985.SZ|160644.SZ|161226.SZ|164824.SZ|501018.SH|510880.SH|513070.SH|513120.SH|513290.SH|513880.SH|562500.SH,1.383302167335765,0.7091623327353709,neighbor,159869.SZ,510880.SH
rolling_hill_climb,2022-07-01/2022-12-31,2023-01-01/2023-06-30,72,159852.SZ|159869.SZ|159981.SZ|159985.SZ|160644.SZ|161226.SZ|164824.SZ|501018.SH|513030.SH|513070.SH|513120.SH|513290.SH|562500.SH,1.4247542938628435,0.7091623327353709,neighbor,513880.SH,513030.SH
rolling_hill_climb,2022-07-01/2022-12-31,2023-01-01/2023-06-30,73,159852.SZ|159981.SZ|159985.SZ|160644.SZ|161226.SZ|164824.SZ|501018.SH|512170.SH|513070.SH|513120.SH|513290.SH|513880.SH|562500.SH,1.2939243589154292,0.7091623327353709,neighbor,159869.SZ,512170.SH
rolling_hill_climb,2022-07-01/2022-12-31,2023-01-01/2023-06-30,74,159852.SZ|159869.SZ|159981.SZ|159985.SZ|160644.SZ|161226.SZ|164824.SZ|501018.SH|513070.SH|513120.SH|513290.SH|513500.SH|562500.SH,1.2487028264264253,0.8066339524114409,neighbor,513880.SH,513500.SH
rolling_hill_climb,2022-07-01/2022-12-31,2023-01-01/2023-06-30,75,159852.SZ|159869.SZ|159981.SZ|159985.SZ|160644.SZ|161226.SZ|501018.SH|513030.SH|513070.SH|513120.SH|513290.SH|513880.SH|562500.SH,0.4840363281377942,0.7768884409244624,neighbor,164824.SZ,513030.SH
rolling_hill_climb,2022-07-01/2022-12-31,2023-01-01/2023-06-30,76,159869.SZ|159981.SZ|159985.SZ|160644.SZ|161226.SZ|164824.SZ|501018.SH|512660.SH|513070.SH|513120.SH|513290.SH|513880.SH|562500.SH,0.9564162558409004,0.7091623327353709,neighbor,159852.SZ,512660.SH
rolling_hill_climb,2022-07-01/2022-12-31,2023-01-01/2023-06-30,77,159852.SZ|159981.SZ|159985.SZ|160644.SZ|161226.SZ|164824.SZ|501018.SH|512660.SH|513070.SH|513120.SH|513290.SH|513880.SH|562500.SH,1.0858828914200649,0.7091623327353709,neighbor,159869.SZ,512660.SH
rolling_hill_climb,2022-07-01/2022-12-31,2023-01-01/2023-06-30,78,159852.SZ|159869.SZ|159981.SZ|159985.SZ|160644.SZ|161226.SZ|164824.SZ|501018.SH|513070.SH|513100.SH|513120.SH|513290.SH|562500.SH,1.530539557060899,0.7599788068936458,neighbor,513880.SH,513100.SH
rolling_hill_climb,2022-07-01/2022-12-31,2023-01-01/2023-06-30,79,159852.SZ|159869.SZ|159981.SZ|159985.SZ|160644.SZ|161226.SZ|164824.SZ|501018.SH|513070.SH|513120.SH|513290.SH|513880.SH|516150.SH,1.4506541140911609,0.7091623327353709,neighbor,562500.SH,516150.SH
rolling_hill_climb,2022-07-01/2022-12-31,2023-01-01/2023-06-30,80,159869.SZ|159981.SZ|159985.SZ|160644.SZ|161226.SZ|164824.SZ|501018.SH|510180.SH|513070.SH|513120.SH|513290.SH|513880.SH|562500.SH,0.9824745321213615,0.7091623327353709,neighbor,159852.SZ,510180.SH
rolling_hill_climb,2022-07-01/2022-12-31,2023-01-01/2023-06-30,81,159852.SZ|159869.SZ|159981.SZ|159985.SZ|160644.SZ|161226.SZ|164824.SZ|501018.SH|513070.SH|513100.SH|513120.SH|513880.SH|562500.SH,1.016345770163877,0.7520854374286099,neighbor,513290.SH,513100.SH
rolling_hill_climb,2022-07-01/2022-12-31,2023-01-01/2023-06-30,82,159852.SZ|159869.SZ|159981.SZ|159985.SZ|160644.SZ|161226.SZ|164824.SZ|501018.SH|512200.SH|513070.SH|513120.SH|513290.SH|513880.SH,1.1053479098122212,0.7091623327353709,neighbor,562500.SH,512200.SH
rolling_hill_climb,2022-07-01/2022-12-31,2023-01-01/2023-06-30,83,159852.SZ|159869.SZ|159981.SZ|159985.SZ|160644.SZ|161226.SZ|164824.SZ|501018.SH|512100.SH|513070.SH|513120.SH|513290.SH|513880.SH,1.065112372290473,0.7091623327353709,neighbor,562500.SH,512100.SH
rolling_hill_climb,2022-07-01/2022-12-31,2023-01-01/2023-06-30,84,159852.SZ|159869.SZ|159981.SZ|159985.SZ|161226.SZ|164824.SZ|501018.SH|513030.SH|513070.SH|513120.SH|513290.SH|513880.SH|562500.SH,1.296980290145281,0.7768884409244624,neighbor,160644.SZ,513030.SH
rolling_hill_climb,2022-07-01/2022-12-31,2023-01-01/2023-06-30,85,159852.SZ|159869.SZ|159980.SZ|159981.SZ|159985.SZ|160644.SZ|164824.SZ|501018.SH|513070.SH|513120.SH|513290.SH|513880.SH|562500.SH,1.3693786245693753,0.7091623327353709,neighbor,161226.SZ,159980.SZ
rolling_hill_climb,2022-07-01/2022-12-31,2023-01-01/2023-06-30,86,159869.SZ|159870.SZ|159981.SZ|159985.SZ|160644.SZ|161226.SZ|164824.SZ|501018.SH|513070.SH|513120.SH|513290.SH|513880.SH|562500.SH,1.0251868691535153,0.7091623327353709,neighbor,159852.SZ,159870.SZ
rolling_hill_climb,2022-07-01/2022-12-31,2023-01-01/2023-06-30,87,159869.SZ|159981.SZ|159985.SZ|160644.SZ|161226.SZ|164824.SZ|501018.SH|513070.SH|513120.SH|513290.SH|513880.SH|516150.SH|562500.SH,1.2068794054063612,0.7820662348155567,neighbor,159852.SZ,516150.SH
rolling_hill_climb,2022-07-01/2022-12-31,2023-01-01/2023-06-30,88,159852.SZ|159869.SZ|159928.SZ|159981.SZ|159985.SZ|160644.SZ|161226.SZ|164824.SZ|501018.SH|513070.SH|513120.SH|513290.SH|513880.SH,1.3016080531810357,0.7091623327353709,neighbor,562500.SH,159928.SZ
rolling_hill_climb,2022-07-01/2022-12-31,2023-01-01/2023-06-30,89,159852.SZ|159981.SZ|159985.SZ|160644.SZ|161226.SZ|164824.SZ|501018.SH|512200.SH|513070.SH|513120.SH|513290.SH|513880.SH|562500.SH,1.65607266929184,0.7091623327353709,neighbor,159869.SZ,512200.SH
rolling_hill_climb,2022-07-01/2022-12-31,2023-01-01/2023-06-30,90,159852.SZ|159985.SZ|160644.SZ|161226.SZ|164824.SZ|501018.SH|512200.SH|513070.SH|513120.SH|513290.SH|513880.SH|518880.SH|562500.SH,1.5655620726358082,0.7091623327353709,neighbor,159981.SZ,518880.SH
rolling_hill_climb,2022-07-01/2022-12-31,2023-01-01/2023-06-30,91,159852.SZ|159981.SZ|159985.SZ|160644.SZ|161226.SZ|501018.SH|512200.SH|513030.SH|513070.SH|513120.SH|513290.SH|513880.SH|562500.SH,0.7208975281425904,0.7768884409244624,neighbor,164824.SZ,513030.SH
rolling_hill_climb,2022-07-01/2022-12-31,2023-01-01/2023-06-30,92,159981.SZ|159985.SZ|160644.SZ|161226.SZ|164824.SZ|501018.SH|510180.SH|512200.SH|513070.SH|513120.SH|513290.SH|513880.SH|562500.SH,1.045797417800124,0.7091623327353709,neighbor,159852.SZ,510180.SH
rolling_hill_climb,2022-07-01/2022-12-31,2023-01-01/2023-06-30,93,159915.SZ|159981.SZ|159985.SZ|160644.SZ|161226.SZ|164824.SZ|501018.SH|512200.SH|513070.SH|513120.SH|513290.SH|513880.SH|562500.SH,1.205194134442472,0.8079993030334093,neighbor,159852.SZ,159915.SZ
rolling_hill_climb,2022-07-01/2022-12-31,2023-01-01/2023-06-30,94,159870.SZ|159981.SZ|159985.SZ|160644.SZ|161226.SZ|164824.SZ|501018.SH|512200.SH|513070.SH|513120.SH|513290.SH|513880.SH|562500.SH,1.1592581355881426,0.7091623327353709,neighbor,159852.SZ,159870.SZ
rolling_hill_climb,2022-07-01/2022-12-31,2023-01-01/2023-06-30,95,159852.SZ|159981.SZ|160644.SZ|161226.SZ|164824.SZ|501018.SH|512200.SH|513070.SH|513120.SH|513290.SH|513880.SH|518880.SH|562500.SH,0.6557537954690323,0.7091623327353709,neighbor,159985.SZ,518880.SH
rolling_hill_climb,2022-07-01/2022-12-31,2023-01-01/2023-06-30,96,159852.SZ|159981.SZ|159985.SZ|160644.SZ|161226.SZ|164824.SZ|512200.SH|513070.SH|513120.SH|513290.SH|513880.SH|518880.SH|562500.SH,1.503685768958925,0.7091623327353709,neighbor,501018.SH,518880.SH
rolling_hill_climb,2022-07-01/2022-12-31,2023-01-01/2023-06-30,97,159852.SZ|159980.SZ|159981.SZ|159985.SZ|160644.SZ|161226.SZ|164824.SZ|512200.SH|513070.SH|513120.SH|513290.SH|513880.SH|562500.SH,1.5461558032543425,0.7091623327353709,neighbor,501018.SH,159980.SZ
rolling_hill_climb,2022-07-01/2022-12-31,2023-01-01/2023-06-30,98,159852.SZ|159980.SZ|159981.SZ|160644.SZ|161226.SZ|164824.SZ|501018.SH|512200.SH|513070.SH|513120.SH|513290.SH|513880.SH|562500.SH,0.7599545025665642,0.7091623327353709,neighbor,159985.SZ,159980.SZ
rolling_hill_climb,2022-07-01/2022-12-31,2023-01-01/2023-06-30,99,159852.SZ|159981.SZ|159985.SZ|160644.SZ|164824.SZ|501018.SH|512200.SH|513070.SH|513120.SH|513290.SH|513880.SH|518880.SH|562500.SH,1.7000854074949918,0.7091623327353709,neighbor,161226.SZ,518880.SH
rolling_hill_climb,2022-07-01/2022-12-31,2023-01-01/2023-06-30,100,159852.SZ|159980.SZ|159981.SZ|160644.SZ|164824.SZ|501018.SH|512200.SH|513070.SH|513120.SH|513290.SH|513880.SH|518880.SH|562500.SH,0.8517865899331484,0.7091623327353709,neighbor,159985.SZ,159980.SZ
rolling_hill_climb,2023-01-01/2023-06-30,2023-07-01/2023-12-31,1,159901.SZ|159920.SZ|159980.SZ|161226.SZ|501018.SH|512170.SH|512980.SH|513030.SH|513070.SH|513080.SH|513310.SH|513500.SH|518880.SH,1.4768638596256842,0.9096396735534105,initial,,
rolling_hill_climb,2023-01-01/2023-06-30,2023-07-01/2023-12-31,2,159901.SZ|159920.SZ|159980.SZ|160644.SZ|161226.SZ|501018.SH|512170.SH|512980.SH|513030.SH|513070.SH|513310.SH|513500.SH|518880.SH,1.7468406887940247,0.9035245733924316,neighbor,513080.SH,160644.SZ
rolling_hill_climb,2023-01-01/2023-06-30,2023-07-01/2023-12-31,3,159901.SZ|159920.SZ|159980.SZ|160644.SZ|161226.SZ|501018.SH|512170.SH|513030.SH|513070.SH|513310.SH|513500.SH|518880.SH|588000.SH,1.2012761758488677,0.9035245733924316,neighbor,512980.SH,588000.SH
rolling_hill_climb,2023-01-01/2023-06-30,2023-07-01/2023-12-31,4,159901.SZ|159920.SZ|159980.SZ|159981.SZ|160644.SZ|161226.SZ|501018.SH|512170.SH|512980.SH|513030.SH|513070.SH|513310.SH|513500.SH,1.2857938087309682,0.9035245733924316,neighbor,518880.SH,159981.SZ
rolling_hill_climb,2023-01-01/2023-06-30,2023-07-01/2023-12-31,5,159901.SZ|159920.SZ|159980.SZ|160644.SZ|161226.SZ|501018.SH|512170.SH|512980.SH|513070.SH|513310.SH|513500.SH|513880.SH|518880.SH,1.6823871402210688,0.9035245733924316,neighbor,513030.SH,513880.SH
rolling_hill_climb,2023-01-01/2023-06-30,2023-07-01/2023-12-31,6,159611.SZ|159901.SZ|159920.SZ|159980.SZ|160644.SZ|161226.SZ|501018.SH|512170.SH|513030.SH|513070.SH|513310.SH|513500.SH|518880.SH,0.8225368134955805,0.9035245733924316,neighbor,512980.SH,159611.SZ
rolling_hill_climb,2023-01-01/2023-06-30,2023-07-01/2023-12-31,7,159901.SZ|159920.SZ|159980.SZ|160644.SZ|161226.SZ|501018.SH|512170.SH|512980.SH|513030.SH|513120.SH|513310.SH|513500.SH|518880.SH,1.4310610562526154,0.6871488226207012,neighbor,513070.SH,513120.SH
rolling_hill_climb,2023-01-01/2023-06-30,2023-07-01/2023-12-31,8,159901.SZ|159920.SZ|159980.SZ|160644.SZ|161226.SZ|164824.SZ|501018.SH|512170.SH|512980.SH|513030.SH|513070.SH|513310.SH|518880.SH,1.8299234099390167,0.9035245733924316,neighbor,513500.SH,164824.SZ
rolling_hill_climb,2023-01-01/2023-06-30,2023-07-01/2023-12-31,9,159901.SZ|159920.SZ|159980.SZ|159985.SZ|160644.SZ|164824.SZ|501018.SH|512170.SH|512980.SH|513030.SH|513070.SH|513310.SH|518880.SH,1.5471961939327978,0.9035245733924316,neighbor,161226.SZ,159985.SZ
rolling_hill_climb,2023-01-01/2023-06-30,2023-07-01/2023-12-31,10,159852.SZ|159920.SZ|159980.SZ|160644.SZ|161226.SZ|164824.SZ|501018.SH|512170.SH|512980.SH|513030.SH|513070.SH|513310.SH|518880.SH,1.91772834930723,0.9035245733924316,neighbor,159901.SZ,159852.SZ
rolling_hill_climb,2023-01-01/2023-06-30,2023-07-01/2023-12-31,11,159852.SZ|159920.SZ|159981.SZ|160644.SZ|161226.SZ|164824.SZ|501018.SH|512170.SH|512980.SH|513030.SH|513070.SH|513310.SH|518880.SH,1.790963980027479,0.9035245733924316,neighbor,159980.SZ,159981.SZ
rolling_hill_climb,2023-01-01/2023-06-30,2023-07-01/2023-12-31,12,159852.SZ|159920.SZ|159980.SZ|161226.SZ|164824.SZ|501018.SH|512170.SH|512980.SH|513030.SH|513070.SH|513310.SH|513500.SH|518880.SH,2.0393316216854434,0.9035245733924316,neighbor,160644.SZ,513500.SH
rolling_hill_climb,2023-01-01/2023-06-30,2023-07-01/2023-12-31,13,159852.SZ|159920.SZ|159981.SZ|161226.SZ|164824.SZ|501018.SH|512170.SH|512980.SH|513030.SH|513070.SH|513310.SH|513500.SH|518880.SH,1.8977270898522673,0.9035245733924316,neighbor,159980.SZ,159981.SZ
rolling_hill_climb,2023-01-01/2023-06-30,2023-07-01/2023-12-31,14,159852.SZ|159920.SZ|159980.SZ|159981.SZ|164824.SZ|501018.SH|512170.SH|512980.SH|513030.SH|513070.SH|513310.SH|513500.SH|518880.SH,2.0649695187542494,0.9035245733924316,neighbor,161226.SZ,159981.SZ
rolling_hill_climb,2023-01-01/2023-06-30,2023-07-01/2023-12-31,15,159852.SZ|159920.SZ|159980.SZ|159981.SZ|161226.SZ|164824.SZ|512170.SH|512980.SH|513030.SH|513070.SH|513310.SH|513500.SH|518880.SH,2.5029484270824587,0.9035245733924316,neighbor,501018.SH,161226.SZ
rolling_hill_climb,2023-01-01/2023-06-30,2023-07-01/2023-12-31,16,159852.SZ|159920.SZ|159980.SZ|159981.SZ|161226.SZ|164824.SZ|510050.SH|512980.SH|513030.SH|513070.SH|513310.SH|513500.SH|518880.SH,2.197073239153419,0.9035245733924316,neighbor,512170.SH,510050.SH
rolling_hill_climb,2023-01-01/2023-06-30,2023-07-01/2023-12-31,17,159920.SZ|159980.SZ|159981.SZ|161226.SZ|164824.SZ|510300.SH|512170.SH|512980.SH|513030.SH|513070.SH|513310.SH|513500.SH|518880.SH,2.369469183380389,0.9035245733924316,neighbor,159852.SZ,510300.SH
rolling_hill_climb,2023-01-01/2023-06-30,2023-07-01/2023-12-31,18,159852.SZ|159920.SZ|159980.SZ|159981.SZ|159985.SZ|164824.SZ|512170.SH|512980.SH|513030.SH|513070.SH|513310.SH|513500.SH|518880.SH,2.5944304506891798,0.9035245733924316,neighbor,161226.SZ,159985.SZ
rolling_hill_climb,2023-01-01/2023-06-30,2023-07-01/2023-12-31,19,159852.SZ|159920.SZ|159980.SZ|159985.SZ|164824.SZ|501018.SH|512170.SH|512980.SH|513030.SH|513070.SH|513310.SH|513500.SH|518880.SH,2.3067035496028674,0.9035245733924316,neighbor,159981.SZ,501018.SH
rolling_hill_climb,2023-01-01/2023-06-30,2023-07-01/2023-12-31,20,159852.SZ|159980.SZ|159981.SZ|159985.SZ|164824.SZ|512170.SH|512980.SH|513030.SH|513070.SH|513120.SH|513310.SH|513500.SH|518880.SH,2.590851671627925,0.6861192240287576,neighbor,159920.SZ,513120.SH
rolling_hill_climb,2023-01-01/2023-06-30,2023-07-01/2023-12-31,21,159687.SZ|159852.SZ|159920.SZ|159980.SZ|159981.SZ|159985.SZ|164824.SZ|512170.SH|512980.SH|513070.SH|513310.SH|513500.SH|518880.SH,3.0248665178232734,0.9035245733924316,neighbor,513030.SH,159687.SZ
rolling_hill_climb,2023-01-01/2023-06-30,2023-07-01/2023-12-31,22,159687.SZ|159852.SZ|159920.SZ|159980.SZ|159981.SZ|164824.SZ|501018.SH|512170.SH|512980.SH|513070.SH|513310.SH|513500.SH|518880.SH,2.3876636296080465,0.9035245733924316,neighbor,159985.SZ,501018.SH
rolling_hill_climb,2023-01-01/2023-06-30,2023-07-01/2023-12-31,23,159687.SZ|159852.SZ|159920.SZ|159980.SZ|159981.SZ|159985.SZ|164824.SZ|512890.SH|512980.SH|513070.SH|513310.SH|513500.SH|518880.SH,2.603018366414484,0.9035245733924316,neighbor,512170.SH,512890.SH
rolling_hill_climb,2023-01-01/2023-06-30,2023-07-01/2023-12-31,24,159687.SZ|159852.SZ|159920.SZ|159980.SZ|159981.SZ|159985.SZ|164824.SZ|501018.SH|512170.SH|512980.SH|513070.SH|513310.SH|513500.SH,1.5633272541883234,0.9035245733924316,neighbor,518880.SH,501018.SH
rolling_hill_climb,2023-01-01/2023-06-30,2023-07-01/2023-12-31,25,159687.SZ|159852.SZ|159980.SZ|159981.SZ|159985.SZ|164824.SZ|512170.SH|512980.SH|513070.SH|513120.SH|513310.SH|513500.SH|518880.SH,2.7324741487107027,0.6677462339205288,neighbor,159920.SZ,513120.SH
rolling_hill_climb,2023-01-01/2023-06-30,2023-07-01/2023-12-31,26,159687.SZ|159920.SZ|159980.SZ|159981.SZ|159985.SZ|164824.SZ|510880.SH|512170.SH|512980.SH|513070.SH|513310.SH|513500.SH|518880.SH,2.4716380690089568,0.9035245733924316,neighbor,159852.SZ,510880.SH
rolling_hill_climb,2023-01-01/2023-06-30,2023-07-01/2023-12-31,27,159687.SZ|159852.SZ|159920.SZ|159980.SZ|159981.SZ|159985.SZ|164824.SZ|512170.SH|512980.SH|513070.SH|513500.SH|513880.SH|518880.SH,2.77941185477971,0.9035245733924316,neighbor,513310.SH,513880.SH
rolling_hill_climb,2023-01-01/2023-06-30,2023-07-01/2023-12-31,28,159687.SZ|159852.SZ|159920.SZ|159980.SZ|159981.SZ|159985.SZ|512170.SH|512980.SH|513070.SH|513310.SH|513500.SH|513880.SH|518880.SH,2.335683975542134,0.9035245733924316,neighbor,164824.SZ,513880.SH
rolling_hill_climb,2023-01-01/2023-06-30,2023-07-01/2023-12-31,29,159687.SZ|159852.SZ|159920.SZ|159980.SZ|159981.SZ|159985.SZ|164824.SZ|512170.SH|512980.SH|513120.SH|513310.SH|513500.SH|518880.SH,2.498390847346934,0.6677462339205288,neighbor,513070.SH,513120.SH
rolling_hill_climb,2023-01-01/2023-06-30,2023-07-01/2023-12-31,30,159687.SZ|159852.SZ|159920.SZ|159981.SZ|159985.SZ|161226.SZ|164824.SZ|512170.SH|512980.SH|513070.SH|513310.SH|513500.SH|518880.SH,2.3844476135635992,0.9035245733924316,neighbor,159980.SZ,161226.SZ
rolling_hill_climb,2023-01-01/2023-06-30,2023-07-01/2023-12-31,31,159687.SZ|159852.SZ|159920.SZ|159980.SZ|159981.SZ|159985.SZ|164824.SZ|512980.SH|513070.SH|513310.SH|513500.SH|515880.SH|518880.SH,3.321363084397686,0.9035245733924316,neighbor,512170.SH,515880.SH
rolling_hill_climb,2023-01-01/2023-06-30,2023-07-01/2023-12-31,32,159687.SZ|159901.SZ|159920.SZ|159980.SZ|159981.SZ|159985.SZ|164824.SZ|512980.SH|513070.SH|513310.SH|513500.SH|515880.SH|518880.SH,3.6561572347012685,0.9035245733924316,neighbor,159852.SZ,159901.SZ
rolling_hill_climb,2023-01-01/2023-06-30,2023-07-01/2023-12-31,33,159901.SZ|159920.SZ|159980.SZ|159981.SZ|159985.SZ|160644.SZ|164824.SZ|512980.SH|513070.SH|513310.SH|513500.SH|515880.SH|518880.SH,3.1448221063978106,0.9035245733924316,neighbor,159687.SZ,160644.SZ
rolling_hill_climb,2023-01-01/2023-06-30,2023-07-01/2023-12-31,34,159687.SZ|159870.SZ|159901.SZ|159920.SZ|159980.SZ|159981.SZ|159985.SZ|164824.SZ|513070.SH|513310.SH|513500.SH|515880.SH|518880.SH,3.368605032566893,0.9035245733924316,neighbor,512980.SH,159870.SZ
rolling_hill_climb,2023-01-01/2023-06-30,2023-07-01/2023-12-31,35,159687.SZ|159901.SZ|159920.SZ|159980.SZ|159981.SZ|159985.SZ|512980.SH|513070.SH|513310.SH|513500.SH|513880.SH|515880.SH|518880.SH,3.027878020588062,0.9035245733924316,neighbor,164824.SZ,513880.SH
rolling_hill_climb,2023-01-01/2023-06-30,2023-07-01/2023-12-31,36,159687.SZ|159901.SZ|159920.SZ|159949.SZ|159980.SZ|159981.SZ|159985.SZ|164824.SZ|512980.SH|513070.SH|513310.SH|513500.SH|518880.SH,2.6433567707043606,0.9035245733924316,neighbor,515880.SH,159949.SZ
rolling_hill_climb,2023-01-01/2023-06-30,2023-07-01/2023-12-31,37,159687.SZ|159901.SZ|159920.SZ|159980.SZ|159981.SZ|159985.SZ|164824.SZ|512880.SH|512980.SH|513070.SH|513310.SH|513500.SH|518880.SH,2.1851351831878363,0.9035245733924316,neighbor,515880.SH,512880.SH
rolling_hill_climb,2023-01-01/2023-06-30,2023-07-01/2023-12-31,38,159687.SZ|159901.SZ|159920.SZ|159980.SZ|159981.SZ|159985.SZ|164824.SZ|512980.SH|513030.SH|513070.SH|513500.SH|515880.SH|518880.SH,3.4040810703802173,0.9035245733924316,neighbor,513310.SH,513030.SH
rolling_hill_climb,2023-01-01/2023-06-30,2023-07-01/2023-12-31,39,159687.SZ|159901.SZ|159980.SZ|159981.SZ|159985.SZ|164824.SZ|512980.SH|513070.SH|513120.SH|513310.SH|513500.SH|515880.SH|518880.SH,3.3586596092786127,0.629514964881252,neighbor,159920.SZ,513120.SH
rolling_hill_climb,2023-01-01/2023-06-30,2023-07-01/2023-12-31,40,159687.SZ|159901.SZ|159920.SZ|159980.SZ|159981.SZ|159985.SZ|164824.SZ|512170.SH|512980.SH|513070.SH|513310.SH|513500.SH|518880.SH,2.6200873259698123,0.9035245733924316,neighbor,515880.SH,512170.SH
rolling_hill_climb,2023-01-01/2023-06-30,2023-07-01/2023-12-31,41,159687.SZ|159901.SZ|159920.SZ|159980.SZ|159981.SZ|164824.SZ|501018.SH|512980.SH|513070.SH|513310.SH|513500.SH|515880.SH|518880.SH,2.9357318660574814,0.9035245733924316,neighbor,159985.SZ,501018.SH
rolling_hill_climb,2023-01-01/2023-06-30,2023-07-01/2023-12-31,42,159687.SZ|159901.SZ|159920.SZ|159980.SZ|159981.SZ|159985.SZ|161226.SZ|164824.SZ|512980.SH|513070.SH|513310.SH|513500.SH|515880.SH,2.467514369748335,0.9035245733924316,neighbor,518880.SH,161226.SZ
rolling_hill_climb,2023-01-01/2023-06-30,2023-07-01/2023-12-31,43,159687.SZ|159901.SZ|159920.SZ|159981.SZ|159985.SZ|164824.SZ|501018.SH|512980.SH|513070.SH|513310.SH|513500.SH|515880.SH|518880.SH,3.0297232457871894,0.9035245733924316,neighbor,159980.SZ,501018.SH
rolling_hill_climb,2023-01-01/2023-06-30,2023-07-01/2023-12-31,44,159687.SZ|159901.SZ|159920.SZ|159980.SZ|159981.SZ|159985.SZ|164824.SZ|512660.SH|513070.SH|513310.SH|513500.SH|515880.SH|518880.SH,3.427971149312836,0.9035245733924316,neighbor,512980.SH,512660.SH
rolling_hill_climb,2023-01-01/2023-06-30,2023-07-01/2023-12-31,45,159687.SZ|159901.SZ|159920.SZ|159980.SZ|159981.SZ|159985.SZ|512980.SH|513070.SH|513100.SH|513310.SH|513500.SH|515880.SH|518880.SH,3.0843395006827072,0.9035245733924316,neighbor,164824.SZ,513100.SH
rolling_hill_climb,2023-01-01/2023-06-30,2023-07-01/2023-12-31,46,159687.SZ|159901.SZ|159920.SZ|159980.SZ|159981.SZ|159985.SZ|160644.SZ|164824.SZ|512980.SH|513070.SH|513310.SH|515880.SH|518880.SH,2.3014477066980588,0.9035245733924316,neighbor,513500.SH,160644.SZ
rolling_hill_climb,2023-01-01/2023-06-30,2023-07-01/2023-12-31,47,159687.SZ|159851.SZ|159901.SZ|159920.SZ|159980.SZ|159981.SZ|159985.SZ|164824.SZ|512980.SH|513070.SH|513310.SH|513500.SH|518880.SH,2.818765175067453,0.9035245733924316,neighbor,515880.SH,159851.SZ
rolling_hill_climb,2023-01-01/2023-06-30,2023-07-01/2023-12-31,48,159687.SZ|159870.SZ|159920.SZ|159980.SZ|159981.SZ|159985.SZ|164824.SZ|512980.SH|513070.SH|513310.SH|513500.SH|515880.SH|518880.SH,3.283569842271714,0.9035245733924316,neighbor,159901.SZ,159870.SZ
rolling_hill_climb,2023-01-01/2023-06-30,2023-07-01/2023-12-31,49,159687.SZ|159901.SZ|159920.SZ|159980.SZ|159981.SZ|159985.SZ|512980.SH|513070.SH|513080.SH|513310.SH|513500.SH|515880.SH|518880.SH,3.4055176314734252,0.9035245733924316,neighbor,164824.SZ,513080.SH
rolling_hill_climb,2023-01-01/2023-06-30,2023-07-01/2023-12-31,50,159687.SZ|159901.SZ|159920.SZ|159980.SZ|159985.SZ|164824.SZ|501018.SH|512980.SH|513070.SH|513310.SH|513500.SH|515880.SH|518880.SH,3.0276931811215873,0.9035245733924316,neighbor,159981.SZ,501018.SH
rolling_hill_climb,2023-01-01/2023-06-30,2023-07-01/2023-12-31,51,159687.SZ|159901.SZ|159920.SZ|159980.SZ|159981.SZ|159985.SZ|164824.SZ|512980.SH|513180.SH|513310.SH|513500.SH|515880.SH|518880.SH,3.475758319384009,0.8931243278220744,neighbor,513070.SH,513180.SH
rolling_hill_climb,2023-01-01/2023-06-30,2023-07-01/2023-12-31,52,159687.SZ|159901.SZ|159920.SZ|159980.SZ|159981.SZ|159985.SZ|164824.SZ|512980.SH|513120.SH|513310.SH|513500.SH|515880.SH|518880.SH,3.1338246374643655,0.629514964881252,neighbor,513070.SH,513120.SH
rolling_hill_climb,2023-01-01/2023-06-30,2023-07-01/2023-12-31,53,159687.SZ|159920.SZ|159980.SZ|159981.SZ|159985.SZ|164824.SZ|512980.SH|513070.SH|513310.SH|513500.SH|515210.SH|515880.SH|518880.SH,3.5678981354515624,0.9035245733924316,neighbor,159901.SZ,515210.SH
rolling_hill_climb,2023-01-01/2023-06-30,2023-07-01/2023-12-31,54,159901.SZ|159920.SZ|159980.SZ|159981.SZ|159985.SZ|164824.SZ|512980.SH|513070.SH|513310.SH|513500.SH|513880.SH|515880.SH|518880.SH,3.0883921960579555,0.9035245733924316,neighbor,159687.SZ,513880.SH
rolling_hill_climb,2023-01-01/2023-06-30,2023-07-01/2023-12-31,55,159687.SZ|159852.SZ|159901.SZ|159920.SZ|159980.SZ|159981.SZ|159985.SZ|164824.SZ|512980.SH|513070.SH|513310.SH|513500.SH|518880.SH,3.0756068198475424,0.9035245733924316,neighbor,515880.SH,159852.SZ
rolling_hill_climb,2023-01-01/2023-06-30,2023-07-01/2023-12-31,56,159687.SZ|159901.SZ|159920.SZ|159980.SZ|159981.SZ|159985.SZ|164824.SZ|512980.SH|513070.SH|513310.SH|513880.SH|515880.SH|518880.SH,2.9679467019399963,0.9035245733924316,neighbor,513500.SH,513880.SH
rolling_hill_climb,2023-01-01/2023-06-30,2023-07-01/2023-12-31,57,159687.SZ|159901.SZ|159920.SZ|159980.SZ|159981.SZ|159985.SZ|164824.SZ|512980.SH|513070.SH|513310.SH|513500.SH|515210.SH|518880.SH,2.7960113363053503,0.9035245733924316,neighbor,515880.SH,515210.SH
rolling_hill_climb,2023-01-01/2023-06-30,2023-07-01/2023-12-31,58,159687.SZ|159901.SZ|159920.SZ|159928.SZ|159980.SZ|159981.SZ|159985.SZ|164824.SZ|512980.SH|513070.SH|513310.SH|513500.SH|518880.SH,2.4578881187652546,0.9035245733924316,neighbor,515880.SH,159928.SZ
rolling_hill_climb,2023-01-01/2023-06-30,2023-07-01/2023-12-31,59,159687.SZ|159901.SZ|159920.SZ|159980.SZ|159981.SZ|159985.SZ|164824.SZ|512980.SH|513070.SH|513080.SH|513500.SH|515880.SH|518880.SH,3.75553094623732,0.9035245733924316,neighbor,513310.SH,513080.SH
rolling_hill_climb,2023-01-01/2023-06-30,2023-07-01/2023-12-31,60,159687.SZ|159920.SZ|159980.SZ|159981.SZ|159985.SZ|164824.SZ|512980.SH|513070.SH|513080.SH|513500.SH|515790.SH|515880.SH|518880.SH,3.346561201274973,0.9035245733924316,neighbor,159901.SZ,515790.SH
rolling_hill_climb,2023-01-01/2023-06-30,2023-07-01/2023-12-31,61,159687.SZ|159901.SZ|159920.SZ|159981.SZ|159985.SZ|164824.SZ|501018.SH|512980.SH|513070.SH|513080.SH|513500.SH|515880.SH|518880.SH,3.4139278436163334,0.9035245733924316,neighbor,159980.SZ,501018.SH
rolling_hill_climb,2023-01-01/2023-06-30,2023-07-01/2023-12-31,62,159687.SZ|159901.SZ|159920.SZ|159980.SZ|159981.SZ|159985.SZ|164824.SZ|512980.SH|513070.SH|513080.SH|513500.SH|518880.SH|588200.SH,2.9055637998009516,0.9035245733924316,neighbor,515880.SH,588200.SH
rolling_hill_climb,2023-01-01/2023-06-30,2023-07-01/2023-12-31,63,159687.SZ|159901.SZ|159920.SZ|159981.SZ|159985.SZ|161226.SZ|164824.SZ|512980.SH|513070.SH|513080.SH|513500.SH|515880.SH|518880.SH,3.245548313832208,0.9035245733924316,neighbor,159980.SZ,161226.SZ
rolling_hill_climb,2023-01-01/2023-06-30,2023-07-01/2023-12-31,64,159687.SZ|159915.SZ|159920.SZ|159980.SZ|159981.SZ|159985.SZ|164824.SZ|512980.SH|513070.SH|513080.SH|513500.SH|515880.SH|518880.SH,3.7563309302025836,0.9035245733924316,neighbor,159901.SZ,159915.SZ
rolling_hill_climb,2023-01-01/2023-06-30,2023-07-01/2023-12-31,65,159687.SZ|159915.SZ|159920.SZ|159980.SZ|159981.SZ|159985.SZ|161226.SZ|164824.SZ|512980.SH|513070.SH|513080.SH|513500.SH|515880.SH,3.0779308570834645,0.9035245733924316,neighbor,518880.SH,161226.SZ
rolling_hill_climb,2023-01-01/2023-06-30,2023-07-01/2023-12-31,66,159687.SZ|159915.SZ|159920.SZ|159980.SZ|159981.SZ|159985.SZ|512980.SH|513070.SH|513080.SH|513100.SH|513500.SH|515880.SH|518880.SH,3.41190957233404,0.9035245733924316,neighbor,164824.SZ,513100.SH
rolling_hill_climb,2023-01-01/2023-06-30,2023-07-01/2023-12-31,67,159687.SZ|159915.SZ|159920.SZ|159980.SZ|159981.SZ|159985.SZ|164824.SZ|501018.SH|512980.SH|513070.SH|513080.SH|513500.SH|515880.SH,2.436404073809746,0.9035245733924316,neighbor,518880.SH,501018.SH
rolling_hill_climb,2023-01-01/2023-06-30,2023-07-01/2023-12-31,68,159687.SZ|159915.SZ|159920.SZ|159980.SZ|159981.SZ|159985.SZ|164824.SZ|512170.SH|512980.SH|513070.SH|513080.SH|513500.SH|518880.SH,2.981817222904172,0.9035245733924316,neighbor,515880.SH,512170.SH
rolling_hill_climb,2023-01-01/2023-06-30,2023-07-01/2023-12-31,69,159687.SZ|159920.SZ|159980.SZ|159981.SZ|159985.SZ|164824.SZ|512800.SH|512980.SH|513070.SH|513080.SH|513500.SH|515880.SH|518880.SH,2.818318059545192,0.9035245733924316,neighbor,159915.SZ,512800.SH
rolling_hill_climb,2023-01-01/2023-06-30,2023-07-01/2023-12-31,70,159687.SZ|159915.SZ|159980.SZ|159981.SZ|159985.SZ|164824.SZ|512980.SH|513070.SH|513080.SH|513120.SH|513500.SH|515880.SH|518880.SH,3.530533440832133,0.6717973155865423,neighbor,159920.SZ,513120.SH
rolling_hill_climb,2023-01-01/2023-06-30,2023-07-01/2023-12-31,71,159687.SZ|159920.SZ|159980.SZ|159981.SZ|159985.SZ|164824.SZ|512880.SH|512980.SH|513070.SH|513080.SH|513500.SH|515880.SH|518880.SH,3.1445216878717765,0.9035245733924316,neighbor,159915.SZ,512880.SH
rolling_hill_climb,2023-01-01/2023-06-30,2023-07-01/2023-12-31,72,159687.SZ|159915.SZ|159920.SZ|159980.SZ|159981.SZ|159985.SZ|164824.SZ|512980.SH|513080.SH|513120.SH|513500.SH|515880.SH|518880.SH,3.4631997800479044,0.6717973155865423,neighbor,513070.SH,513120.SH
rolling_hill_climb,2023-01-01/2023-06-30,2023-07-01/2023-12-31,73,159687.SZ|159920.SZ|159980.SZ|159981.SZ|159985.SZ|164824.SZ|512100.SH|512980.SH|513070.SH|513080.SH|513500.SH|515880.SH|518880.SH,3.863347556610863,0.9035245733924316,neighbor,159915.SZ,512100.SH
rolling_hill_climb,2023-01-01/2023-06-30,2023-07-01/2023-12-31,74,159687.SZ|159920.SZ|159980.SZ|159981.SZ|159985.SZ|164824.SZ|512400.SH|512980.SH|513070.SH|513080.SH|513500.SH|515880.SH|518880.SH,3.215970753908424,0.9035245733924316,neighbor,512100.SH,512400.SH
rolling_hill_climb,2023-01-01/2023-06-30,2023-07-01/2023-12-31,75,159687.SZ|159980.SZ|159981.SZ|159985.SZ|164824.SZ|512100.SH|512980.SH|513070.SH|513080.SH|513120.SH|513500.SH|515880.SH|518880.SH,3.6155020120956114,0.6717973155865423,neighbor,159920.SZ,513120.SH
rolling_hill_climb,2023-01-01/2023-06-30,2023-07-01/2023-12-31,76,159687.SZ|159920.SZ|159980.SZ|159981.SZ|159985.SZ|164824.SZ|512100.SH|512980.SH|513070.SH|513080.SH|513100.SH|515880.SH|518880.SH,3.332731387801955,0.9035245733924316,neighbor,513500.SH,513100.SH
rolling_hill_climb,2023-01-01/2023-06-30,2023-07-01/2023-12-31,77,159687.SZ|159920.SZ|159980.SZ|159981.SZ|159985.SZ|161226.SZ|164824.SZ|512100.SH|512980.SH|513070.SH|513080.SH|513500.SH|515880.SH,3.1562971587184663,0.9035245733924316,neighbor,518880.SH,161226.SZ
rolling_hill_climb,2023-01-01/2023-06-30,2023-07-01/2023-12-31,78,159687.SZ|159920.SZ|159980.SZ|159981.SZ|159985.SZ|512100.SH|512980.SH|513070.SH|513080.SH|513290.SH|513500.SH|515880.SH|518880.SH,3.448776104601631,0.9035245733924316,neighbor,164824.SZ,513290.SH
rolling_hill_climb,2023-01-01/2023-06-30,2023-07-01/2023-12-31,79,159687.SZ|159920.SZ|159980.SZ|159985.SZ|164824.SZ|501018.SH|512100.SH|512980.SH|513070.SH|513080.SH|513500.SH|515880.SH|518880.SH,3.1400344173335353,0.9035245733924316,neighbor,159981.SZ,501018.SH
rolling_hill_climb,2023-01-01/2023-06-30,2023-07-01/2023-12-31,80,159687.SZ|159920.SZ|159980.SZ|159981.SZ|164824.SZ|501018.SH|512100.SH|512980.SH|513070.SH|513080.SH|513500.SH|515880.SH|518880.SH,3.3954900801737278,0.9035245733924316,neighbor,159985.SZ,501018.SH
rolling_hill_climb,2023-01-01/2023-06-30,2023-07-01/2023-12-31,81,159687.SZ|159920.SZ|159980.SZ|159981.SZ|159985.SZ|512100.SH|512980.SH|513070.SH|513080.SH|513500.SH|513880.SH|515880.SH|518880.SH,3.177067055974951,0.9035245733924316,neighbor,164824.SZ,513880.SH
rolling_hill_climb,2023-01-01/2023-06-30,2023-07-01/2023-12-31,82,159687.SZ|159920.SZ|159981.SZ|159985.SZ|164824.SZ|501018.SH|512100.SH|512980.SH|513070.SH|513080.SH|513500.SH|515880.SH|518880.SH,3.5178530481007795,0.9035245733924316,neighbor,159980.SZ,501018.SH
rolling_hill_climb,2023-01-01/2023-06-30,2023-07-01/2023-12-31,83,159687.SZ|159920.SZ|159980.SZ|159981.SZ|159985.SZ|164824.SZ|512100.SH|512980.SH|513070.SH|513080.SH|513880.SH|515880.SH|518880.SH,3.3348354583356024,0.9035245733924316,neighbor,513500.SH,513880.SH
rolling_hill_climb,2023-01-01/2023-06-30,2023-07-01/2023-12-31,84,159920.SZ|159980.SZ|159981.SZ|159985.SZ|164824.SZ|512100.SH|512980.SH|513070.SH|513080.SH|513100.SH|513500.SH|515880.SH|518880.SH,3.561557699282146,0.9035245733924316,neighbor,159687.SZ,513100.SH
rolling_hill_climb,2023-01-01/2023-06-30,2023-07-01/2023-12-31,85,159687.SZ|159920.SZ|159980.SZ|159981.SZ|159985.SZ|164824.SZ|512100.SH|512980.SH|513080.SH|513180.SH|513500.SH|515880.SH|518880.SH,3.648589424071028,0.8931243278220744,neighbor,513070.SH,513180.SH
rolling_hill_climb,2023-01-01/2023-06-30,2023-07-01/2023-12-31,86,159687.SZ|159920.SZ|159980.SZ|159981.SZ|159985.SZ|512100.SH|512980.SH|513030.SH|513070.SH|513080.SH|513500.SH|515880.SH|518880.SH,3.556788595000458,0.9096396735534105,neighbor,164824.SZ,513030.SH
rolling_hill_climb,2023-01-01/2023-06-30,2023-07-01/2023-12-31,87,159687.SZ|159920.SZ|159980.SZ|159981.SZ|159985.SZ|160644.SZ|164824.SZ|512100.SH|512980.SH|513070.SH|513080.SH|515880.SH|518880.SH,3.175710031808965,0.9035245733924316,neighbor,513500.SH,160644.SZ
rolling_hill_climb,2023-01-01/2023-06-30,2023-07-01/2023-12-31,88,159687.SZ|159920.SZ|159980.SZ|159981.SZ|159985.SZ|164824.SZ|510880.SH|512980.SH|513070.SH|513080.SH|513500.SH|515880.SH|518880.SH,3.2215692990504743,0.9035245733924316,neighbor,512100.SH,510880.SH
rolling_hill_climb,2023-01-01/2023-06-30,2023-07-01/2023-12-31,89,159687.SZ|159920.SZ|159980.SZ|159981.SZ|159985.SZ|512100.SH|512980.SH|513070.SH|513080.SH|513310.SH|513500.SH|515880.SH|518880.SH,3.094206638499901,0.9035245733924316,neighbor,164824.SZ,513310.SH
rolling_hill_climb,2023-01-01/2023-06-30,2023-07-01/2023-12-31,90,159687.SZ|159901.SZ|159920.SZ|159980.SZ|159981.SZ|159985.SZ|164824.SZ|512100.SH|512980.SH|513070.SH|513080.SH|513500.SH|518880.SH,3.186659176992471,0.9035245733924316,neighbor,515880.SH,159901.SZ
rolling_hill_climb,2023-01-01/2023-06-30,2023-07-01/2023-12-31,91,159687.SZ|159920.SZ|159980.SZ|159981.SZ|159985.SZ|164824.SZ|512100.SH|512980.SH|513030.SH|513070.SH|513080.SH|515880.SH|518880.SH,3.676886016603322,0.9096396735534105,neighbor,513500.SH,513030.SH
rolling_hill_climb,2023-01-01/2023-06-30,2023-07-01/2023-12-31,92,159687.SZ|159915.SZ|159920.SZ|159980.SZ|159981.SZ|159985.SZ|164824.SZ|512100.SH|513070.SH|513080.SH|513500.SH|515880.SH|518880.SH,3.700154385766163,0.9035245733924316,neighbor,512980.SH,159915.SZ
rolling_hill_climb,2023-01-01/2023-06-30,2023-07-01/2023-12-31,93,159687.SZ|159920.SZ|159981.SZ|159985.SZ|161226.SZ|164824.SZ|512100.SH|512980.SH|513070.SH|513080.SH|513500.SH|515880.SH|518880.SH,3.331136822343007,0.9035245733924316,neighbor,159980.SZ,161226.SZ
rolling_hill_climb,2023-01-01/2023-06-30,2023-07-01/2023-12-31,94,159687.SZ|159920.SZ|159980.SZ|159981.SZ|159985.SZ|512100.SH|512980.SH|513070.SH|513080.SH|513100.SH|513500.SH|515880.SH|518880.SH,3.2073057535934937,0.9035245733924316,neighbor,164824.SZ,513100.SH
rolling_hill_climb,2023-01-01/2023-06-30,2023-07-01/2023-12-31,95,159687.SZ|159920.SZ|159980.SZ|159985.SZ|161226.SZ|164824.SZ|512100.SH|512980.SH|513070.SH|513080.SH|513500.SH|515880.SH|518880.SH,3.4014176492837493,0.9035245733924316,neighbor,159981.SZ,161226.SZ
rolling_hill_climb,2023-01-01/2023-06-30,2023-07-01/2023-12-31,96,159687.SZ|159920.SZ|159980.SZ|159981.SZ|159985.SZ|164824.SZ|512100.SH|513070.SH|513080.SH|513500.SH|515880.SH|518880.SH|562500.SH,3.9596225512157144,0.9035245733924316,neighbor,512980.SH,562500.SH
rolling_hill_climb,2023-01-01/2023-06-30,2023-07-01/2023-12-31,97,159687.SZ|159920.SZ|159980.SZ|159981.SZ|159985.SZ|164824.SZ|512170.SH|513070.SH|513080.SH|513500.SH|515880.SH|518880.SH|562500.SH,3.640919003218805,0.9035245733924316,neighbor,512100.SH,512170.SH
rolling_hill_climb,2023-01-01/2023-06-30,2023-07-01/2023-12-31,98,159687.SZ|159920.SZ|159980.SZ|159981.SZ|159985.SZ|164824.SZ|512100.SH|512660.SH|513070.SH|513080.SH|513500.SH|515880.SH|518880.SH,3.890805361783169,0.9035245733924316,neighbor,562500.SH,512660.SH
rolling_hill_climb,2023-01-01/2023-06-30,2023-07-01/2023-12-31,99,159687.SZ|159920.SZ|159981.SZ|159985.SZ|161226.SZ|164824.SZ|512100.SH|513070.SH|513080.SH|513500.SH|515880.SH|518880.SH|562500.SH,3.891235947070325,0.9035245733924316,neighbor,159980.SZ,161226.SZ
rolling_hill_climb,2023-01-01/2023-06-30,2023-07-01/2023-12-31,100,159687.SZ|159852.SZ|159920.SZ|159980.SZ|159981.SZ|159985.SZ|164824.SZ|512100.SH|513070.SH|513080.SH|513500.SH|515880.SH|518880.SH,3.653531650584217,0.9035245733924316,neighbor,562500.SH,159852.SZ
rolling_hill_climb,2023-07-01/2023-12-31,2024-01-01/2024-06-30,1,159509.SZ|159687.SZ|159796.SZ|159981.SZ|159985.SZ|160644.SZ|161226.SZ|512800.SH|513070.SH|513120.SH|513880.SH|515880.SH|518880.SH,-1.4250577630003611,0.8806115882628334,initial,,
rolling_hill_climb,2023-07-01/2023-12-31,2024-01-01/2024-06-30,2,159687.SZ|159796.SZ|159981.SZ|159985.SZ|160644.SZ|161226.SZ|512800.SH|513070.SH|513120.SH|513500.SH|513880.SH|515880.SH|518880.SH,-1.4423390737978876,0.8806115882628334,neighbor,159509.SZ,513500.SH
rolling_hill_climb,2023-07-01/2023-12-31,2024-01-01/2024-06-30,3,159687.SZ|159796.SZ|159981.SZ|159985.SZ|160644.SZ|161226.SZ|512800.SH|513070.SH|513120.SH|513290.SH|513880.SH|515880.SH|518880.SH,-0.9800296519285527,0.8806115882628334,neighbor,159509.SZ,513290.SH
rolling_hill_climb,2023-07-01/2023-12-31,2024-01-01/2024-06-30,4,159687.SZ|159796.SZ|159981.SZ|159985.SZ|160644.SZ|161226.SZ|164824.SZ|512800.SH|513070.SH|513120.SH|513290.SH|515880.SH|518880.SH,-0.9044571764181484,0.6105698681418325,neighbor,513880.SH,164824.SZ
rolling_hill_climb,2023-07-01/2023-12-31,2024-01-01/2024-06-30,5,159687.SZ|159796.SZ|159980.SZ|159985.SZ|160644.SZ|161226.SZ|164824.SZ|512800.SH|513070.SH|513120.SH|513290.SH|515880.SH|518880.SH,-1.1356112761809916,0.6105698681418325,neighbor,159981.SZ,159980.SZ
rolling_hill_climb,2023-07-01/2023-12-31,2024-01-01/2024-06-30,6,159687.SZ|159796.SZ|159980.SZ|159981.SZ|160644.SZ|161226.SZ|164824.SZ|512800.SH|513070.SH|513120.SH|513290.SH|515880.SH|518880.SH,-1.220635974791288,0.6105698681418325,neighbor,159985.SZ,159980.SZ
rolling_hill_climb,2023-07-01/2023-12-31,2024-01-01/2024-06-30,7,159687.SZ|159796.SZ|159920.SZ|159981.SZ|159985.SZ|160644.SZ|161226.SZ|164824.SZ|512800.SH|513120.SH|513290.SH|515880.SH|518880.SH,-0.6963421541236079,0.6105698681418325,neighbor,513070.SH,159920.SZ
rolling_hill_climb,2023-07-01/2023-12-31,2024-01-01/2024-06-30,8,159687.SZ|159796.SZ|159869.SZ|159920.SZ|159981.SZ|159985.SZ|160644.SZ|161226.SZ|164824.SZ|513120.SH|513290.SH|515880.SH|518880.SH,-1.4890049806394166,0.6237044173386495,neighbor,512800.SH,159869.SZ
rolling_hill_climb,2023-07-01/2023-12-31,2024-01-01/2024-06-30,9,159687.SZ|159796.SZ|159920.SZ|159981.SZ|159985.SZ|160644.SZ|161226.SZ|164824.SZ|510050.SH|512800.SH|513120.SH|513290.SH|518880.SH,-0.18496367144037612,0.7680368368121205,neighbor,515880.SH,510050.SH
rolling_hill_climb,2023-07-01/2023-12-31,2024-01-01/2024-06-30,10,159687.SZ|159796.SZ|159920.SZ|159980.SZ|159981.SZ|159985.SZ|160644.SZ|164824.SZ|510050.SH|512800.SH|513120.SH|513290.SH|518880.SH,0.4476128456093979,0.7680368368121205,neighbor,161226.SZ,159980.SZ
rolling_hill_climb,2023-07-01/2023-12-31,2024-01-01/2024-06-30,11,159687.SZ|159796.SZ|159920.SZ|159980.SZ|159981.SZ|159985.SZ|160644.SZ|510050.SH|512800.SH|513120.SH|513290.SH|513310.SH|518880.SH,0.1257074958684496,0.7680368368121205,neighbor,164824.SZ,513310.SH
rolling_hill_climb,2023-07-01/2023-12-31,2024-01-01/2024-06-30,12,159687.SZ|159796.SZ|159920.SZ|159980.SZ|159985.SZ|160644.SZ|161226.SZ|164824.SZ|510050.SH|512800.SH|513120.SH|513290.SH|518880.SH,-0.9569933275992265,0.7680368368121205,neighbor,159981.SZ,161226.SZ
rolling_hill_climb,2023-07-01/2023-12-31,2024-01-01/2024-06-30,13,159687.SZ|159796.SZ|159920.SZ|159981.SZ|159985.SZ|160644.SZ|164824.SZ|501018.SH|510050.SH|512800.SH|513120.SH|513290.SH|518880.SH,0.7386424557075242,0.7680368368121205,neighbor,159980.SZ,501018.SH
rolling_hill_climb,2023-07-01/2023-12-31,2024-01-01/2024-06-30,14,159687.SZ|159796.SZ|159920.SZ|159981.SZ|159985.SZ|160644.SZ|164824.SZ|501018.SH|512170.SH|512800.SH|513120.SH|513290.SH|518880.SH,0.8136282500647162,0.6019295917804911,neighbor,510050.SH,512170.SH
rolling_hill_climb,2023-07-01/2023-12-31,2024-01-01/2024-06-30,15,159687.SZ|159796.SZ|159920.SZ|159981.SZ|159985.SZ|160644.SZ|161226.SZ|164824.SZ|501018.SH|512170.SH|512800.SH|513120.SH|513290.SH,0.7684943917391625,0.6019295917804911,neighbor,518880.SH,161226.SZ
rolling_hill_climb,2023-07-01/2023-12-31,2024-01-01/2024-06-30,16,159687.SZ|159796.SZ|159920.SZ|159981.SZ|159985.SZ|160644.SZ|164824.SZ|501018.SH|512170.SH|513120.SH|513290.SH|518880.SH|563300.SH,1.127881971201263,0.6220143556427231,neighbor,512800.SH,563300.SH
rolling_hill_climb,2023-07-01/2023-12-31,2024-01-01/2024-06-30,17,159687.SZ|159796.SZ|159920.SZ|159980.SZ|159985.SZ|160644.SZ|164824.SZ|501018.SH|512170.SH|513120.SH|513290.SH|518880.SH|563300.SH,0.4062797433460744,0.6220143556427231,neighbor,159981.SZ,159980.SZ
rolling_hill_climb,2023-07-01/2023-12-31,2024-01-01/2024-06-30,18,159687.SZ|159796.SZ|159920.SZ|159981.SZ|159985.SZ|164824.SZ|501018.SH|512170.SH|513120.SH|513290.SH|513310.SH|518880.SH|563300.SH,1.3219455458893536,0.6527891396861959,neighbor,160644.SZ,513310.SH
rolling_hill_climb,2023-07-01/2023-12-31,2024-01-01/2024-06-30,19,159687.SZ|159796.SZ|159920.SZ|159981.SZ|159985.SZ|501018.SH|512170.SH|513100.SH|513120.SH|513290.SH|513310.SH|518880.SH|563300.SH,0.7211491984002621,0.6800005945881478,neighbor,164824.SZ,513100.SH
rolling_hill_climb,2023-07-01/2023-12-31,2024-01-01/2024-06-30,20,159687.SZ|159796.SZ|159920.SZ|159981.SZ|159985.SZ|164824.SZ|501018.SH|513120.SH|513290.SH|513310.SH|515790.SH|518880.SH|563300.SH,0.738954356589148,0.8846573245149052,neighbor,512170.SH,515790.SH
rolling_hill_climb,2023-07-01/2023-12-31,2024-01-01/2024-06-30,21,159687.SZ|159796.SZ|159869.SZ|159920.SZ|159981.SZ|159985.SZ|164824.SZ|501018.SH|512170.SH|513120.SH|513290.SH|513310.SH|518880.SH,0.16607829108695443,0.6527891396861959,neighbor,563300.SH,159869.SZ
rolling_hill_climb,2023-07-01/2023-12-31,2024-01-01/2024-06-30,22,159687.SZ|159796.SZ|159920.SZ|159981.SZ|159985.SZ|164824.SZ|501018.SH|510500.SH|513120.SH|513290.SH|513310.SH|518880.SH|563300.SH,0.9947742252123736,0.8640350519958893,neighbor,512170.SH,510500.SH
rolling_hill_climb,2023-07-01/2023-12-31,2024-01-01/2024-06-30,23,159687.SZ|159796.SZ|159920.SZ|159981.SZ|161226.SZ|164824.SZ|501018.SH|512170.SH|513120.SH|513290.SH|513310.SH|518880.SH|563300.SH,0.10314592992710563,0.6527891396861959,neighbor,159985.SZ,161226.SZ
rolling_hill_climb,2023-07-01/2023-12-31,2024-01-01/2024-06-30,24,159687.SZ|159796.SZ|159981.SZ|159985.SZ|164824.SZ|501018.SH|512170.SH|513070.SH|513120.SH|513290.SH|513310.SH|518880.SH|563300.SH,0.9668351255138884,0.6527891396861959,neighbor,159920.SZ,513070.SH
rolling_hill_climb,2023-07-01/2023-12-31,2024-01-01/2024-06-30,25,159687.SZ|159796.SZ|159920.SZ|159981.SZ|159985.SZ|161226.SZ|164824.SZ|512170.SH|513120.SH|513290.SH|513310.SH|518880.SH|563300.SH,-0.44131392820349447,0.6527891396861959,neighbor,501018.SH,161226.SZ
rolling_hill_climb,2023-07-01/2023-12-31,2024-01-01/2024-06-30,26,159687.SZ|159796.SZ|159920.SZ|159980.SZ|159981.SZ|159985.SZ|164824.SZ|512170.SH|513120.SH|513290.SH|513310.SH|518880.SH|563300.SH,0.4520043364689957,0.6527891396861959,neighbor,501018.SH,159980.SZ
rolling_hill_climb,2023-07-01/2023-12-31,2024-01-01/2024-06-30,27,159687.SZ|159796.SZ|159981.SZ|159985.SZ|164824.SZ|501018.SH|512170.SH|513120.SH|513180.SH|513290.SH|513310.SH|518880.SH|563300.SH,1.0772231101303646,0.6527891396861959,neighbor,159920.SZ,513180.SH
rolling_hill_climb,2023-07-01/2023-12-31,2024-01-01/2024-06-30,28,159687.SZ|159796.SZ|159920.SZ|159981.SZ|159985.SZ|164824.SZ|501018.SH|512980.SH|513120.SH|513290.SH|513310.SH|518880.SH|563300.SH,0.40752412315894465,0.6596075960809888,neighbor,512170.SH,512980.SH
rolling_hill_climb,2023-07-01/2023-12-31,2024-01-01/2024-06-30,29,159687.SZ|159796.SZ|159920.SZ|159981.SZ|159985.SZ|164824.SZ|501018.SH|512170.SH|513100.SH|513120.SH|513310.SH|518880.SH|563300.SH,0.9744385398141062,0.6800005945881478,neighbor,513290.SH,513100.SH
rolling_hill_climb,2023-07-01/2023-12-31,2024-01-01/2024-06-30,30,159687.SZ|159920.SZ|159981.SZ|159985.SZ|164824.SZ|501018.SH|512170.SH|512880.SH|513120.SH|513290.SH|513310.SH|518880.SH|563300.SH,1.3409845687079371,0.6527891396861959,neighbor,159796.SZ,512880.SH
rolling_hill_climb,2023-07-01/2023-12-31,2024-01-01/2024-06-30,31,159687.SZ|159920.SZ|159981.SZ|159985.SZ|164824.SZ|501018.SH|512170.SH|512890.SH|513120.SH|513290.SH|513310.SH|518880.SH|563300.SH,1.0408961896267905,0.6527891396861959,neighbor,512880.SH,512890.SH
rolling_hill_climb,2023-07-01/2023-12-31,2024-01-01/2024-06-30,32,159687.SZ|159920.SZ|159981.SZ|159985.SZ|161226.SZ|164824.SZ|501018.SH|512170.SH|512880.SH|513120.SH|513290.SH|513310.SH|563300.SH,1.0585782850395227,0.6527891396861959,neighbor,518880.SH,161226.SZ
rolling_hill_climb,2023-07-01/2023-12-31,2024-01-01/2024-06-30,33,159687.SZ|159920.SZ|159981.SZ|159985.SZ|164824.SZ|501018.SH|512170.SH|512880.SH|513120.SH|513290.SH|513310.SH|515220.SH|518880.SH,0.9227688621250779,0.6527891396861959,neighbor,563300.SH,515220.SH
rolling_hill_climb,2023-07-01/2023-12-31,2024-01-01/2024-06-30,34,159687.SZ|159920.SZ|159981.SZ|159985.SZ|161226.SZ|164824.SZ|512170.SH|512880.SH|513120.SH|513290.SH|513310.SH|518880.SH|563300.SH,0.14568028184442453,0.6527891396861959,neighbor,501018.SH,161226.SZ
rolling_hill_climb,2023-07-01/2023-12-31,2024-01-01/2024-06-30,35,159687.SZ|159920.SZ|159981.SZ|159985.SZ|164824.SZ|501018.SH|512170.SH|512880.SH|513120.SH|513290.SH|513880.SH|518880.SH|563300.SH,1.0732431467880719,0.8806115882628334,neighbor,513310.SH,513880.SH
rolling_hill_climb,2023-07-01/2023-12-31,2024-01-01/2024-06-30,36,159920.SZ|159981.SZ|159985.SZ|160644.SZ|164824.SZ|501018.SH|512170.SH|512880.SH|513120.SH|513290.SH|513310.SH|518880.SH|563300.SH,1.2945861018749951,0.6194020430223393,neighbor,159687.SZ,160644.SZ
rolling_hill_climb,2023-07-01/2023-12-31,2024-01-01/2024-06-30,37,159687.SZ|159920.SZ|159980.SZ|159981.SZ|164824.SZ|501018.SH|512170.SH|512880.SH|513120.SH|513290.SH|513310.SH|518880.SH|563300.SH,0.8078202988900066,0.6527891396861959,neighbor,159985.SZ,159980.SZ
rolling_hill_climb,2023-07-01/2023-12-31,2024-01-01/2024-06-30,38,159920.SZ|159981.SZ|159985.SZ|164824.SZ|501018.SH|512170.SH|512880.SH|513120.SH|513290.SH|513310.SH|513880.SH|518880.SH|563300.SH,1.4093161047515481,0.6194020430223393,neighbor,159687.SZ,513880.SH
rolling_hill_climb,2023-07-01/2023-12-31,2024-01-01/2024-06-30,39,159981.SZ|159985.SZ|164824.SZ|501018.SH|512170.SH|512880.SH|513070.SH|513120.SH|513290.SH|513310.SH|513880.SH|518880.SH|563300.SH,1.1816917740340858,0.6194020430223393,neighbor,159920.SZ,513070.SH
rolling_hill_climb,2023-07-01/2023-12-31,2024-01-01/2024-06-30,40,159920.SZ|159981.SZ|159985.SZ|164824.SZ|501018.SH|512170.SH|512800.SH|513120.SH|513290.SH|513310.SH|513880.SH|518880.SH|563300.SH,0.8987419940531807,0.6019295917804911,neighbor,512880.SH,512800.SH
rolling_hill_climb,2023-07-01/2023-12-31,2024-01-01/2024-06-30,41,159920.SZ|159981.SZ|159985.SZ|164824.SZ|501018.SH|512170.SH|512880.SH|512980.SH|513120.SH|513290.SH|513310.SH|513880.SH|518880.SH,0.651662813772377,0.6019295917804911,neighbor,563300.SH,512980.SH
rolling_hill_climb,2023-07-01/2023-12-31,2024-01-01/2024-06-30,42,159920.SZ|159980.SZ|159985.SZ|164824.SZ|501018.SH|512170.SH|512880.SH|513120.SH|513290.SH|513310.SH|513880.SH|518880.SH|563300.SH,1.0737132723144602,0.6194020430223393,neighbor,159981.SZ,159980.SZ
rolling_hill_climb,2023-07-01/2023-12-31,2024-01-01/2024-06-30,43,159870.SZ|159920.SZ|159981.SZ|159985.SZ|164824.SZ|501018.SH|512880.SH|513120.SH|513290.SH|513310.SH|513880.SH|518880.SH|563300.SH,0.9277930937527052,0.6194020430223393,neighbor,512170.SH,159870.SZ
rolling_hill_climb,2023-07-01/2023-12-31,2024-01-01/2024-06-30,44,159920.SZ|159981.SZ|159985.SZ|164824.SZ|501018.SH|512170.SH|513120.SH|513290.SH|513310.SH|513880.SH|515220.SH|518880.SH|563300.SH,0.9482330721758636,0.6019295917804911,neighbor,512880.SH,515220.SH
rolling_hill_climb,2023-07-01/2023-12-31,2024-01-01/2024-06-30,45,159920.SZ|159985.SZ|161226.SZ|164824.SZ|501018.SH|512170.SH|512880.SH|513120.SH|513290.SH|513310.SH|513880.SH|518880.SH|563300.SH,0.74332194127571,0.6194020430223393,neighbor,159981.SZ,161226.SZ
rolling_hill_climb,2023-07-01/2023-12-31,2024-01-01/2024-06-30,46,159920.SZ|159981.SZ|159985.SZ|164824.SZ|501018.SH|512170.SH|512880.SH|513080.SH|513120.SH|513290.SH|513310.SH|518880.SH|563300.SH,1.424992596879818,0.6194020430223393,neighbor,513880.SH,513080.SH
rolling_hill_climb,2023-07-01/2023-12-31,2024-01-01/2024-06-30,47,159920.SZ|159981.SZ|159985.SZ|164824.SZ|501018.SH|512170.SH|512200.SH|512880.SH|513080.SH|513120.SH|513290.SH|513310.SH|518880.SH,0.850119210029487,0.6019295917804911,neighbor,563300.SH,512200.SH
rolling_hill_climb,2023-07-01/2023-12-31,2024-01-01/2024-06-30,48,159920.SZ|159981.SZ|159985.SZ|164824.SZ|501018.SH|510210.SH|512170.SH|513080.SH|513120.SH|513290.SH|513310.SH|518880.SH|563300.SH,1.4974323046487192,0.750272050458132,neighbor,512880.SH,510210.SH
rolling_hill_climb,2023-07-01/2023-12-31,2024-01-01/2024-06-30,49,159920.SZ|159980.SZ|159981.SZ|159985.SZ|164824.SZ|501018.SH|510210.SH|512170.SH|513080.SH|513120.SH|513290.SH|513310.SH|563300.SH,2.2993110821652007,0.750272050458132,neighbor,518880.SH,159980.SZ
rolling_hill_climb,2023-07-01/2023-12-31,2024-01-01/2024-06-30,50,159920.SZ|159980.SZ|159981.SZ|164824.SZ|501018.SH|510210.SH|512170.SH|513080.SH|513120.SH|513290.SH|513310.SH|518880.SH|563300.SH,0.92079131269252,0.750272050458132,neighbor,159985.SZ,518880.SH
rolling_hill_climb,2023-07-01/2023-12-31,2024-01-01/2024-06-30,51,159920.SZ|159980.SZ|159981.SZ|159985.SZ|161226.SZ|164824.SZ|510210.SH|512170.SH|513080.SH|513120.SH|513290.SH|513310.SH|563300.SH,0.47716459887310725,0.750272050458132,neighbor,501018.SH,161226.SZ
rolling_hill_climb,2023-07-01/2023-12-31,2024-01-01/2024-06-30,52,159920.SZ|159980.SZ|159985.SZ|164824.SZ|501018.SH|510210.SH|512170.SH|513080.SH|513120.SH|513290.SH|513310.SH|518880.SH|563300.SH,1.452864246339814,0.750272050458132,neighbor,159981.SZ,518880.SH
rolling_hill_climb,2023-07-01/2023-12-31,2024-01-01/2024-06-30,53,159920.SZ|159980.SZ|159981.SZ|159985.SZ|501018.SH|510210.SH|512170.SH|513080.SH|513100.SH|513120.SH|513290.SH|513310.SH|563300.SH,1.4183442378230111,0.750272050458132,neighbor,164824.SZ,513100.SH
rolling_hill_climb,2023-07-01/2023-12-31,2024-01-01/2024-06-30,54,159851.SZ|159920.SZ|159980.SZ|159981.SZ|159985.SZ|164824.SZ|501018.SH|510210.SH|513080.SH|513120.SH|513290.SH|513310.SH|563300.SH,1.4068174788165901,0.781086247332925,neighbor,512170.SH,159851.SZ
rolling_hill_climb,2023-07-01/2023-12-31,2024-01-01/2024-06-30,55,159920.SZ|159980.SZ|159981.SZ|159985.SZ|160644.SZ|164824.SZ|501018.SH|510210.SH|512170.SH|513080.SH|513120.SH|513310.SH|563300.SH,1.5715246500057065,0.750272050458132,neighbor,513290.SH,160644.SZ
rolling_hill_climb,2023-07-01/2023-12-31,2024-01-01/2024-06-30,56,159509.SZ|159920.SZ|159980.SZ|159981.SZ|159985.SZ|501018.SH|510210.SH|512170.SH|513080.SH|513120.SH|513290.SH|513310.SH|563300.SH,1.8227127641077012,0.750272050458132,neighbor,164824.SZ,159509.SZ
rolling_hill_climb,2023-07-01/2023-12-31,2024-01-01/2024-06-30,57,159920.SZ|159980.SZ|159981.SZ|159985.SZ|164824.SZ|501018.SH|510210.SH|512170.SH|512880.SH|513080.SH|513120.SH|513290.SH|513310.SH,1.7023842137430951,0.7248207629189515,neighbor,563300.SH,512880.SH
rolling_hill_climb,2023-07-01/2023-12-31,2024-01-01/2024-06-30,58,159920.SZ|159981.SZ|159985.SZ|161226.SZ|164824.SZ|501018.SH|510210.SH|512170.SH|513080.SH|513120.SH|513290.SH|513310.SH|563300.SH,1.3817692418073555,0.750272050458132,neighbor,159980.SZ,161226.SZ
rolling_hill_climb,2023-07-01/2023-12-31,2024-01-01/2024-06-30,59,159920.SZ|159980.SZ|159981.SZ|159985.SZ|160644.SZ|501018.SH|510210.SH|512170.SH|513080.SH|513120.SH|513290.SH|513310.SH|563300.SH,1.2214431774752534,0.750272050458132,neighbor,164824.SZ,160644.SZ
rolling_hill_climb,2023-07-01/2023-12-31,2024-01-01/2024-06-30,60,159869.SZ|159920.SZ|159980.SZ|159981.SZ|159985.SZ|164824.SZ|501018.SH|510210.SH|512170.SH|513080.SH|513120.SH|513290.SH|513310.SH,1.1526933367788008,0.6071568132265102,neighbor,563300.SH,159869.SZ
rolling_hill_climb,2023-07-01/2023-12-31,2024-01-01/2024-06-30,61,159687.SZ|159920.SZ|159980.SZ|159981.SZ|159985.SZ|164824.SZ|501018.SH|510210.SH|512170.SH|513120.SH|513290.SH|513310.SH|563300.SH,2.115670039772839,0.750272050458132,neighbor,513080.SH,159687.SZ
rolling_hill_climb,2023-07-01/2023-12-31,2024-01-01/2024-06-30,62,159901.SZ|159920.SZ|159980.SZ|159981.SZ|159985.SZ|164824.SZ|501018.SH|512170.SH|513080.SH|513120.SH|513290.SH|513310.SH|563300.SH,2.095090314952173,0.7254225586323784,neighbor,510210.SH,159901.SZ
rolling_hill_climb,2023-07-01/2023-12-31,2024-01-01/2024-06-30,63,159920.SZ|159980.SZ|159981.SZ|159985.SZ|164824.SZ|501018.SH|510210.SH|512170.SH|513120.SH|513290.SH|513310.SH|513880.SH|563300.SH,2.2889850266598883,0.750272050458132,neighbor,513080.SH,513880.SH
rolling_hill_climb,2023-07-01/2023-12-31,2024-01-01/2024-06-30,64,159920.SZ|159980.SZ|159981.SZ|159985.SZ|164824.SZ|501018.SH|510210.SH|512170.SH|513080.SH|513120.SH|513290.SH|513880.SH|563300.SH,1.9608404744941124,0.7739538917479323,neighbor,513310.SH,513880.SH
rolling_hill_climb,2023-07-01/2023-12-31,2024-01-01/2024-06-30,65,159920.SZ|159980.SZ|159981.SZ|159985.SZ|164824.SZ|501018.SH|510210.SH|512170.SH|513080.SH|513100.SH|513120.SH|513290.SH|563300.SH,2.196766329998404,0.750272050458132,neighbor,513310.SH,513100.SH
rolling_hill_climb,2023-07-01/2023-12-31,2024-01-01/2024-06-30,66,159920.SZ|159980.SZ|159981.SZ|159985.SZ|164824.SZ|501018.SH|510210.SH|512170.SH|513080.SH|513100.SH|513120.SH|513310.SH|563300.SH,1.547285387275041,0.750272050458132,neighbor,513290.SH,513100.SH
rolling_hill_climb,2023-07-01/2023-12-31,2024-01-01/2024-06-30,67,159920.SZ|159980.SZ|159981.SZ|159985.SZ|164824.SZ|501018.SH|510880.SH|512170.SH|513080.SH|513120.SH|513290.SH|513310.SH|563300.SH,1.3419305719003884,0.6019295917804911,neighbor,510210.SH,510880.SH
rolling_hill_climb,2023-07-01/2023-12-31,2024-01-01/2024-06-30,68,159920.SZ|159980.SZ|159981.SZ|159985.SZ|164824.SZ|501018.SH|510210.SH|512170.SH|513080.SH|513120.SH|513290.SH|513310.SH|515790.SH,1.321328238856593,0.6071568132265102,neighbor,563300.SH,515790.SH
rolling_hill_climb,2023-07-01/2023-12-31,2024-01-01/2024-06-30,69,159611.SZ|159920.SZ|159980.SZ|159981.SZ|159985.SZ|164824.SZ|501018.SH|510210.SH|513080.SH|513120.SH|513290.SH|513310.SH|563300.SH,1.3448511707035613,0.750272050458132,neighbor,512170.SH,159611.SZ
rolling_hill_climb,2023-07-01/2023-12-31,2024-01-01/2024-06-30,70,159920.SZ|159980.SZ|159981.SZ|159985.SZ|164824.SZ|501018.SH|510500.SH|512170.SH|513080.SH|513120.SH|513290.SH|513310.SH|563300.SH,2.1432841782608416,0.8640350519958893,neighbor,510210.SH,510500.SH
rolling_hill_climb,2023-07-01/2023-12-31,2024-01-01/2024-06-30,71,159687.SZ|159920.SZ|159980.SZ|159981.SZ|159985.SZ|164824.SZ|501018.SH|510210.SH|512170.SH|513080.SH|513120.SH|513290.SH|563300.SH,1.8236635689086655,0.750272050458132,neighbor,513310.SH,159687.SZ
rolling_hill_climb,2023-07-01/2023-12-31,2024-01-01/2024-06-30,72,159920.SZ|159980.SZ|159981.SZ|159985.SZ|164824.SZ|501018.SH|510210.SH|512040.SH|512170.SH|513080.SH|513120.SH|513290.SH|513310.SH,1.2640885223043634,0.8117251603840803,neighbor,563300.SH,512040.SH
rolling_hill_climb,2023-07-01/2023-12-31,2024-01-01/2024-06-30,73,159920.SZ|159980.SZ|159981.SZ|159985.SZ|164824.SZ|501018.SH|510210.SH|512660.SH|513080.SH|513120.SH|513290.SH|513310.SH|563300.SH,1.4833565489486698,0.750272050458132,neighbor,512170.SH,512660.SH
rolling_hill_climb,2023-07-01/2023-12-31,2024-01-01/2024-06-30,74,159920.SZ|159980.SZ|159981.SZ|159985.SZ|501018.SH|510210.SH|512170.SH|513080.SH|513120.SH|513290.SH|513310.SH|513500.SH|563300.SH,1.767718854341877,0.750272050458132,neighbor,164824.SZ,513500.SH
rolling_hill_climb,2023-07-01/2023-12-31,2024-01-01/2024-06-30,75,159920.SZ|159980.SZ|159981.SZ|159985.SZ|164824.SZ|501018.SH|510210.SH|512170.SH|512200.SH|513080.SH|513120.SH|513290.SH|513310.SH,1.774650910757611,0.6071568132265102,neighbor,563300.SH,512200.SH
rolling_hill_climb,2023-07-01/2023-12-31,2024-01-01/2024-06-30,76,159920.SZ|159980.SZ|159981.SZ|159985.SZ|501018.SH|510210.SH|512170.SH|513080.SH|513120.SH|513290.SH|513310.SH|513880.SH|563300.SH,1.8991407943993637,0.7739538917479323,neighbor,164824.SZ,513880.SH
rolling_hill_climb,2023-07-01/2023-12-31,2024-01-01/2024-06-30,77,159920.SZ|159949.SZ|159980.SZ|159981.SZ|159985.SZ|164824.SZ|501018.SH|512170.SH|513080.SH|513120.SH|513290.SH|513310.SH|563300.SH,2.1145657074874773,0.7619062934652597,neighbor,510210.SH,159949.SZ
rolling_hill_climb,2023-07-01/2023-12-31,2024-01-01/2024-06-30,78,159920.SZ|159980.SZ|159981.SZ|159985.SZ|164824.SZ|510210.SH|512170.SH|513080.SH|513120.SH|513290.SH|513310.SH|518880.SH|563300.SH,0.9779596413091675,0.750272050458132,neighbor,501018.SH,518880.SH
rolling_hill_climb,2023-07-01/2023-12-31,2024-01-01/2024-06-30,79,159766.SZ|159920.SZ|159980.SZ|159981.SZ|159985.SZ|164824.SZ|501018.SH|510210.SH|513080.SH|513120.SH|513290.SH|513310.SH|563300.SH,1.240391074819494,0.750272050458132,neighbor,512170.SH,159766.SZ
rolling_hill_climb,2023-07-01/2023-12-31,2024-01-01/2024-06-30,80,159920.SZ|159980.SZ|159981.SZ|159985.SZ|164824.SZ|501018.SH|510210.SH|512880.SH|513080.SH|513120.SH|513290.SH|513310.SH|563300.SH,1.6508303205164216,0.750272050458132,neighbor,512170.SH,512880.SH
rolling_hill_climb,2023-07-01/2023-12-31,2024-01-01/2024-06-30,81,159920.SZ|159980.SZ|159985.SZ|161226.SZ|164824.SZ|501018.SH|510210.SH|512170.SH|513080.SH|513120.SH|513290.SH|513310.SH|563300.SH,1.0546583793395752,0.750272050458132,neighbor,159981.SZ,161226.SZ
rolling_hill_climb,2023-07-01/2023-12-31,2024-01-01/2024-06-30,82,159920.SZ|159980.SZ|159981.SZ|159985.SZ|164824.SZ|501018.SH|510210.SH|512170.SH|513080.SH|513120.SH|513310.SH|513880.SH|563300.SH,1.9563347571372327,0.7739538917479323,neighbor,513290.SH,513880.SH
rolling_hill_climb,2023-07-01/2023-12-31,2024-01-01/2024-06-30,83,159509.SZ|159920.SZ|159980.SZ|159981.SZ|159985.SZ|164824.SZ|501018.SH|510210.SH|512170.SH|513080.SH|513120.SH|513310.SH|563300.SH,1.8489622011590365,0.750272050458132,neighbor,513290.SH,159509.SZ
rolling_hill_climb,2023-07-01/2023-12-31,2024-01-01/2024-06-30,84,159766.SZ|159920.SZ|159980.SZ|159981.SZ|159985.SZ|164824.SZ|501018.SH|512170.SH|513080.SH|513120.SH|513290.SH|513310.SH|563300.SH,1.6120218197637295,0.6367209735742846,neighbor,510210.SH,159766.SZ
rolling_hill_climb,2023-07-01/2023-12-31,2024-01-01/2024-06-30,85,159980.SZ|159981.SZ|159985.SZ|164824.SZ|501018.SH|510210.SH|512170.SH|513070.SH|513080.SH|513120.SH|513290.SH|513310.SH|563300.SH,1.8877081078755915,0.750272050458132,neighbor,159920.SZ,513070.SH
rolling_hill_climb,2023-07-01/2023-12-31,2024-01-01/2024-06-30,86,159920.SZ|159967.SZ|159980.SZ|159981.SZ|159985.SZ|164824.SZ|501018.SH|512170.SH|513080.SH|513120.SH|513290.SH|513310.SH|563300.SH,1.9106057898151378,0.7133928442562544,neighbor,510210.SH,159967.SZ
rolling_hill_climb,2023-07-01/2023-12-31,2024-01-01/2024-06-30,87,159825.SZ|159920.SZ|159980.SZ|159981.SZ|159985.SZ|164824.SZ|501018.SH|512170.SH|513080.SH|513120.SH|513290.SH|513310.SH|563300.SH,2.054139481317028,0.6019295917804911,neighbor,510210.SH,159825.SZ
rolling_hill_climb,2023-07-01/2023-12-31,2024-01-01/2024-06-30,88,159920.SZ|159980.SZ|159981.SZ|159985.SZ|164824.SZ|501018.SH|512170.SH|513080.SH|513120.SH|513290.SH|513310.SH|563300.SH|588200.SH,1.5117710956980488,0.6937230645543883,neighbor,510210.SH,588200.SH
rolling_hill_climb,2023-07-01/2023-12-31,2024-01-01/2024-06-30,89,159865.SZ|159920.SZ|159980.SZ|159981.SZ|159985.SZ|164824.SZ|501018.SH|512170.SH|513080.SH|513120.SH|513290.SH|513310.SH|563300.SH,2.1823269992786876,0.6019295917804911,neighbor,510210.SH,159865.SZ
rolling_hill_climb,2023-07-01/2023-12-31,2024-01-01/2024-06-30,90,159611.SZ|159920.SZ|159980.SZ|159981.SZ|159985.SZ|164824.SZ|501018.SH|512170.SH|513080.SH|513120.SH|513290.SH|513310.SH|563300.SH,1.6494934333058298,0.6019295917804911,neighbor,510210.SH,159611.SZ
rolling_hill_climb,2023-07-01/2023-12-31,2024-01-01/2024-06-30,91,159870.SZ|159920.SZ|159980.SZ|159981.SZ|159985.SZ|164824.SZ|501018.SH|510210.SH|512170.SH|513080.SH|513120.SH|513290.SH|513310.SH,1.6976788379740273,0.7105837538030632,neighbor,563300.SH,159870.SZ
rolling_hill_climb,2023-07-01/2023-12-31,2024-01-01/2024-06-30,92,159920.SZ|159949.SZ|159980.SZ|159981.SZ|159985.SZ|164824.SZ|501018.SH|510210.SH|512170.SH|513080.SH|513120.SH|513290.SH|513310.SH,1.7302305651306442,0.786819083246723,neighbor,563300.SH,159949.SZ
rolling_hill_climb,2023-07-01/2023-12-31,2024-01-01/2024-06-30,93,159980.SZ|159981.SZ|159985.SZ|164824.SZ|501018.SH|510210.SH|512170.SH|513080.SH|513120.SH|513180.SH|513290.SH|513310.SH|563300.SH,1.8860799650375946,0.750272050458132,neighbor,159920.SZ,513180.SH
rolling_hill_climb,2023-07-01/2023-12-31,2024-01-01/2024-06-30,94,159920.SZ|159980.SZ|159981.SZ|159985.SZ|164824.SZ|501018.SH|510210.SH|512170.SH|513100.SH|513120.SH|513290.SH|513310.SH|563300.SH,2.026127471049443,0.750272050458132,neighbor,513080.SH,513100.SH
rolling_hill_climb,2023-07-01/2023-12-31,2024-01-01/2024-06-30,95,159509.SZ|159920.SZ|159980.SZ|159981.SZ|159985.SZ|164824.SZ|501018.SH|510210.SH|512170.SH|513120.SH|513290.SH|513310.SH|563300.SH,2.3186591303820125,0.750272050458132,neighbor,513080.SH,159509.SZ
rolling_hill_climb,2023-07-01/2023-12-31,2024-01-01/2024-06-30,96,159509.SZ|159920.SZ|159980.SZ|159981.SZ|159985.SZ|164824.SZ|501018.SH|510210.SH|512170.SH|513120.SH|513310.SH|513500.SH|563300.SH,1.739154235167152,0.7799027480940437,neighbor,513290.SH,513500.SH
rolling_hill_climb,2023-07-01/2023-12-31,2024-01-01/2024-06-30,97,159509.SZ|159920.SZ|159980.SZ|159985.SZ|164824.SZ|501018.SH|510210.SH|512170.SH|513120.SH|513290.SH|513310.SH|518880.SH|563300.SH,1.0973246978318871,0.750272050458132,neighbor,159981.SZ,518880.SH
rolling_hill_climb,2023-07-01/2023-12-31,2024-01-01/2024-06-30,98,159509.SZ|159920.SZ|159981.SZ|159985.SZ|164824.SZ|501018.SH|510210.SH|512170.SH|513120.SH|513290.SH|513310.SH|518880.SH|563300.SH,1.4651328751695532,0.750272050458132,neighbor,159980.SZ,518880.SH
rolling_hill_climb,2023-07-01/2023-12-31,2024-01-01/2024-06-30,99,159509.SZ|159920.SZ|159980.SZ|159981.SZ|159985.SZ|160644.SZ|164824.SZ|501018.SH|510210.SH|512170.SH|513120.SH|513310.SH|563300.SH,1.5712043822862045,0.750272050458132,neighbor,513290.SH,160644.SZ
rolling_hill_climb,2023-07-01/2023-12-31,2024-01-01/2024-06-30,100,159509.SZ|159920.SZ|159980.SZ|159981.SZ|159985.SZ|164824.SZ|501018.SH|510210.SH|512170.SH|512890.SH|513120.SH|513290.SH|513310.SH,1.2760059761889193,0.6920783253348067,neighbor,563300.SH,512890.SH
rolling_hill_climb,2024-01-01/2024-06-30,2024-07-01/2024-12-31,1,159529.SZ|159920.SZ|159967.SZ|159980.SZ|159981.SZ|159985.SZ|161226.SZ|164824.SZ|512100.SH|512800.SH|513030.SH|513120.SH|513500.SH,1.5759792094289546,0.7678282446555903,initial,,
rolling_hill_climb,2024-01-01/2024-06-30,2024-07-01/2024-12-31,2,159687.SZ|159920.SZ|159967.SZ|159980.SZ|159981.SZ|159985.SZ|161226.SZ|164824.SZ|512100.SH|512800.SH|513030.SH|513120.SH|513500.SH,1.6551877048415855,0.7678282446555903,neighbor,159529.SZ,159687.SZ
rolling_hill_climb,2024-01-01/2024-06-30,2024-07-01/2024-12-31,3,159687.SZ|159920.SZ|159967.SZ|159980.SZ|159981.SZ|161226.SZ|164824.SZ|512100.SH|512800.SH|513030.SH|513120.SH|513500.SH|518880.SH,1.6943870496304196,0.809756851832685,neighbor,159985.SZ,518880.SH
rolling_hill_climb,2024-01-01/2024-06-30,2024-07-01/2024-12-31,4,159687.SZ|159920.SZ|159967.SZ|159980.SZ|159981.SZ|159985.SZ|164824.SZ|512100.SH|512800.SH|513030.SH|513120.SH|513500.SH|518880.SH,1.2300262507836826,0.7678282446555903,neighbor,161226.SZ,159985.SZ
rolling_hill_climb,2024-01-01/2024-06-30,2024-07-01/2024-12-31,5,159687.SZ|159920.SZ|159967.SZ|159980.SZ|161226.SZ|164824.SZ|501018.SH|512100.SH|512800.SH|513030.SH|513120.SH|513500.SH|518880.SH,2.542460323474616,0.809756851832685,neighbor,159981.SZ,501018.SH
rolling_hill_climb,2024-01-01/2024-06-30,2024-07-01/2024-12-31,6,159687.SZ|159920.SZ|159967.SZ|159980.SZ|159985.SZ|161226.SZ|164824.SZ|512100.SH|512800.SH|513030.SH|513120.SH|513500.SH|518880.SH,2.3892108588110865,0.809756851832685,neighbor,501018.SH,159985.SZ
rolling_hill_climb,2024-01-01/2024-06-30,2024-07-01/2024-12-31,7,159687.SZ|159920.SZ|159967.SZ|159980.SZ|160644.SZ|161226.SZ|164824.SZ|501018.SH|512100.SH|512800.SH|513030.SH|513120.SH|518880.SH,2.0081545087002963,0.809756851832685,neighbor,513500.SH,160644.SZ
rolling_hill_climb,2024-01-01/2024-06-30,2024-07-01/2024-12-31,8,159687.SZ|159967.SZ|159980.SZ|161226.SZ|164824.SZ|501018.SH|512100.SH|512800.SH|513030.SH|513120.SH|513180.SH|513500.SH|518880.SH,2.400817188271751,0.809756851832685,neighbor,159920.SZ,513180.SH
rolling_hill_climb,2024-01-01/2024-06-30,2024-07-01/2024-12-31,9,159687.SZ|159920.SZ|159967.SZ|159980.SZ|161226.SZ|501018.SH|512100.SH|512800.SH|513030.SH|513120.SH|513400.SH|513500.SH|518880.SH,2.1093939320082824,0.809756851832685,neighbor,164824.SZ,513400.SH
rolling_hill_climb,2024-01-01/2024-06-30,2024-07-01/2024-12-31,10,159687.SZ|159920.SZ|159967.SZ|159980.SZ|161226.SZ|164824.SZ|501018.SH|512100.SH|513030.SH|513120.SH|513500.SH|518880.SH|563300.SH,2.0000452589878845,0.8731885849525627,neighbor,512800.SH,563300.SH
rolling_hill_climb,2024-01-01/2024-06-30,2024-07-01/2024-12-31,11,159687.SZ|159920.SZ|159967.SZ|159981.SZ|161226.SZ|164824.SZ|501018.SH|512100.SH|512800.SH|513030.SH|513120.SH|513500.SH|518880.SH,2.767902280239619,0.809756851832685,neighbor,159980.SZ,159981.SZ
rolling_hill_climb,2024-01-01/2024-06-30,2024-07-01/2024-12-31,12,159687.SZ|159920.SZ|159967.SZ|159985.SZ|161226.SZ|164824.SZ|501018.SH|512100.SH|512800.SH|513030.SH|513120.SH|513500.SH|518880.SH,3.2417243892389522,0.809756851832685,neighbor,159981.SZ,159985.SZ
rolling_hill_climb,2024-01-01/2024-06-30,2024-07-01/2024-12-31,13,159687.SZ|159920.SZ|159967.SZ|159980.SZ|159985.SZ|164824.SZ|501018.SH|512100.SH|512800.SH|513030.SH|513120.SH|513500.SH|518880.SH,2.0497889159211313,0.7678282446555903,neighbor,161226.SZ,159980.SZ
rolling_hill_climb,2024-01-01/2024-06-30,2024-07-01/2024-12-31,14,159687.SZ|159920.SZ|159967.SZ|159985.SZ|161226.SZ|164824.SZ|501018.SH|512100.SH|512800.SH|513030.SH|513120.SH|513880.SH|518880.SH,2.5253303640774916,0.8170712656203459,neighbor,513500.SH,513880.SH
rolling_hill_climb,2024-01-01/2024-06-30,2024-07-01/2024-12-31,15,159687.SZ|159920.SZ|159967.SZ|159985.SZ|161226.SZ|164824.SZ|501018.SH|512100.SH|512800.SH|513120.SH|513290.SH|513500.SH|518880.SH,3.264822347043832,0.809756851832685,neighbor,513030.SH,513290.SH
rolling_hill_climb,2024-01-01/2024-06-30,2024-07-01/2024-12-31,16,159687.SZ|159920.SZ|159949.SZ|159967.SZ|159985.SZ|161226.SZ|164824.SZ|501018.SH|512800.SH|513120.SH|513290.SH|513500.SH|518880.SH,3.4063646822101865,0.9117974031991994,neighbor,512100.SH,159949.SZ
rolling_hill_climb,2024-01-01/2024-06-30,2024-07-01/2024-12-31,17,159687.SZ|159920.SZ|159949.SZ|159967.SZ|159980.SZ|159985.SZ|164824.SZ|501018.SH|512800.SH|513120.SH|513290.SH|513500.SH|518880.SH,2.988772581287079,0.9117974031991994,neighbor,161226.SZ,159980.SZ
rolling_hill_climb,2024-01-01/2024-06-30,2024-07-01/2024-12-31,18,159687.SZ|159920.SZ|159949.SZ|159967.SZ|159985.SZ|161226.SZ|501018.SH|512800.SH|513030.SH|513120.SH|513290.SH|513500.SH|518880.SH,2.995005271339252,0.9117974031991994,neighbor,164824.SZ,513030.SH
rolling_hill_climb,2024-01-01/2024-06-30,2024-07-01/2024-12-31,19,159687.SZ|159920.SZ|159949.SZ|159967.SZ|159981.SZ|159985.SZ|161226.SZ|164824.SZ|501018.SH|512800.SH|513120.SH|513290.SH|513500.SH,2.064302739526387,0.9117974031991994,neighbor,518880.SH,159981.SZ
rolling_hill_climb,2024-01-01/2024-06-30,2024-07-01/2024-12-31,20,159687.SZ|159920.SZ|159949.SZ|159985.SZ|161226.SZ|164824.SZ|501018.SH|510050.SH|512800.SH|513120.SH|513290.SH|513500.SH|518880.SH,3.4845839415497726,0.809756851832685,neighbor,159967.SZ,510050.SH
rolling_hill_climb,2024-01-01/2024-06-30,2024-07-01/2024-12-31,21,159687.SZ|159949.SZ|159985.SZ|161226.SZ|164824.SZ|501018.SH|510050.SH|512800.SH|513120.SH|513180.SH|513290.SH|513500.SH|518880.SH,3.307597959719379,0.809756851832685,neighbor,159920.SZ,513180.SH
rolling_hill_climb,2024-01-01/2024-06-30,2024-07-01/2024-12-31,22,159687.SZ|159920.SZ|159949.SZ|159980.SZ|159985.SZ|161226.SZ|164824.SZ|510050.SH|512800.SH|513120.SH|513290.SH|513500.SH|518880.SH,2.9369598052942223,0.809756851832685,neighbor,501018.SH,159980.SZ
rolling_hill_climb,2024-01-01/2024-06-30,2024-07-01/2024-12-31,23,159687.SZ|159920.SZ|159985.SZ|161226.SZ|164824.SZ|501018.SH|510050.SH|512800.SH|513120.SH|513290.SH|513500.SH|515220.SH|518880.SH,2.352755208875812,0.809756851832685,neighbor,159949.SZ,515220.SH
rolling_hill_climb,2024-01-01/2024-06-30,2024-07-01/2024-12-31,24,159687.SZ|159920.SZ|159949.SZ|159985.SZ|161226.SZ|164824.SZ|501018.SH|510050.SH|512800.SH|513180.SH|513290.SH|513500.SH|518880.SH,3.499079326809381,0.9194110626548546,neighbor,513120.SH,513180.SH
rolling_hill_climb,2024-01-01/2024-06-30,2024-07-01/2024-12-31,25,159687.SZ|159920.SZ|159949.SZ|159985.SZ|161226.SZ|164824.SZ|501018.SH|510050.SH|512800.SH|513030.SH|513180.SH|513290.SH|518880.SH,2.6724996716735316,0.9194110626548546,neighbor,513500.SH,513030.SH
rolling_hill_climb,2024-01-01/2024-06-30,2024-07-01/2024-12-31,26,159687.SZ|159869.SZ|159920.SZ|159949.SZ|159985.SZ|161226.SZ|164824.SZ|501018.SH|512800.SH|513180.SH|513290.SH|513500.SH|518880.SH,3.3654582637871067,0.9194110626548546,neighbor,510050.SH,159869.SZ
rolling_hill_climb,2024-01-01/2024-06-30,2024-07-01/2024-12-31,27,159687.SZ|159920.SZ|159928.SZ|159949.SZ|159985.SZ|161226.SZ|164824.SZ|501018.SH|510050.SH|513180.SH|513290.SH|513500.SH|518880.SH,2.288618141314564,0.9194110626548546,neighbor,512800.SH,159928.SZ
rolling_hill_climb,2024-01-01/2024-06-30,2024-07-01/2024-12-31,28,159529.SZ|159687.SZ|159920.SZ|159949.SZ|159985.SZ|161226.SZ|164824.SZ|501018.SH|510050.SH|512800.SH|513180.SH|513290.SH|518880.SH,3.1780282041254124,0.9194110626548546,neighbor,513500.SH,159529.SZ
rolling_hill_climb,2024-01-01/2024-06-30,2024-07-01/2024-12-31,29,159509.SZ|159687.SZ|159920.SZ|159949.SZ|159985.SZ|161226.SZ|164824.SZ|501018.SH|510050.SH|512800.SH|513180.SH|513500.SH|518880.SH,4.203982269983077,0.9194110626548546,neighbor,513290.SH,159509.SZ
rolling_hill_climb,2024-01-01/2024-06-30,2024-07-01/2024-12-31,30,159509.SZ|159687.SZ|159920.SZ|159949.SZ|159981.SZ|161226.SZ|164824.SZ|501018.SH|510050.SH|512800.SH|513180.SH|513500.SH|518880.SH,2.8551283386607813,0.9194110626548546,neighbor,159985.SZ,159981.SZ
rolling_hill_climb,2024-01-01/2024-06-30,2024-07-01/2024-12-31,31,159509.SZ|159687.SZ|159796.SZ|159920.SZ|159985.SZ|161226.SZ|164824.SZ|501018.SH|510050.SH|512800.SH|513180.SH|513500.SH|518880.SH,3.9253802580802377,0.9194110626548546,neighbor,159949.SZ,159796.SZ
rolling_hill_climb,2024-01-01/2024-06-30,2024-07-01/2024-12-31,32,159509.SZ|159687.SZ|159920.SZ|159949.SZ|159981.SZ|159985.SZ|161226.SZ|164824.SZ|501018.SH|510050.SH|512800.SH|513180.SH|513500.SH,2.7482675128191247,0.9194110626548546,neighbor,518880.SH,159981.SZ
rolling_hill_climb,2024-01-01/2024-06-30,2024-07-01/2024-12-31,33,159509.SZ|159687.SZ|159920.SZ|159949.SZ|159985.SZ|161226.SZ|164824.SZ|501018.SH|510050.SH|512800.SH|513120.SH|513500.SH|518880.SH,4.221735589243134,0.809756851832685,neighbor,513180.SH,513120.SH
rolling_hill_climb,2024-01-01/2024-06-30,2024-07-01/2024-12-31,34,159509.SZ|159687.SZ|159920.SZ|159949.SZ|159980.SZ|161226.SZ|164824.SZ|501018.SH|510050.SH|512800.SH|513120.SH|513500.SH|518880.SH,3.1988874006746086,0.809756851832685,neighbor,159985.SZ,159980.SZ
rolling_hill_climb,2024-01-01/2024-06-30,2024-07-01/2024-12-31,35,159509.SZ|159687.SZ|159920.SZ|159949.SZ|159980.SZ|159985.SZ|161226.SZ|164824.SZ|501018.SH|510050.SH|512800.SH|513120.SH|513500.SH,4.106168976450454,0.7250615512984933,neighbor,518880.SH,159980.SZ
rolling_hill_climb,2024-01-01/2024-06-30,2024-07-01/2024-12-31,36,159509.SZ|159687.SZ|159920.SZ|159949.SZ|159985.SZ|161226.SZ|164824.SZ|501018.SH|510300.SH|512800.SH|513120.SH|513500.SH|518880.SH,4.381491098332714,0.8494075347860415,neighbor,510050.SH,510300.SH
rolling_hill_climb,2024-01-01/2024-06-30,2024-07-01/2024-12-31,37,159509.SZ|159687.SZ|159949.SZ|159985.SZ|161226.SZ|164824.SZ|501018.SH|510300.SH|512800.SH|513070.SH|513120.SH|513500.SH|518880.SH,3.455665804027666,0.8494075347860415,neighbor,159920.SZ,513070.SH
rolling_hill_climb,2024-01-01/2024-06-30,2024-07-01/2024-12-31,38,159509.SZ|159687.SZ|159949.SZ|159985.SZ|161226.SZ|164824.SZ|501018.SH|510300.SH|512800.SH|513120.SH|513500.SH|513750.SH|518880.SH,4.38391491908552,0.8494075347860415,neighbor,159920.SZ,513750.SH
rolling_hill_climb,2024-01-01/2024-06-30,2024-07-01/2024-12-31,39,159529.SZ|159687.SZ|159949.SZ|159985.SZ|161226.SZ|164824.SZ|501018.SH|510300.SH|512800.SH|513120.SH|513500.SH|513750.SH|518880.SH,3.2665967335723796,0.8494075347860415,neighbor,159509.SZ,159529.SZ
rolling_hill_climb,2024-01-01/2024-06-30,2024-07-01/2024-12-31,40,159509.SZ|159687.SZ|159949.SZ|159980.SZ|159985.SZ|161226.SZ|164824.SZ|510300.SH|512800.SH|513120.SH|513500.SH|513750.SH|518880.SH,3.4491557717104673,0.8494075347860415,neighbor,501018.SH,159980.SZ
rolling_hill_climb,2024-01-01/2024-06-30,2024-07-01/2024-12-31,41,159509.SZ|159518.SZ|159949.SZ|159985.SZ|161226.SZ|164824.SZ|501018.SH|510300.SH|512800.SH|513120.SH|513500.SH|513750.SH|518880.SH,4.269551345901843,0.8494075347860415,neighbor,159687.SZ,159518.SZ
rolling_hill_climb,2024-01-01/2024-06-30,2024-07-01/2024-12-31,42,159509.SZ|159687.SZ|159949.SZ|159985.SZ|161226.SZ|501018.SH|510300.SH|512800.SH|513080.SH|513120.SH|513500.SH|513750.SH|518880.SH,3.8527425838553593,0.8494075347860415,neighbor,164824.SZ,513080.SH
rolling_hill_climb,2024-01-01/2024-06-30,2024-07-01/2024-12-31,43,159509.SZ|159687.SZ|159949.SZ|159985.SZ|161226.SZ|164824.SZ|501018.SH|510300.SH|512800.SH|513100.SH|513120.SH|513750.SH|518880.SH,4.583617442766618,0.8494075347860415,neighbor,513500.SH,513100.SH
rolling_hill_climb,2024-01-01/2024-06-30,2024-07-01/2024-12-31,44,159687.SZ|159949.SZ|159985.SZ|160644.SZ|161226.SZ|164824.SZ|501018.SH|510300.SH|512800.SH|513100.SH|513120.SH|513750.SH|518880.SH,3.3388973184917567,0.8494075347860415,neighbor,159509.SZ,160644.SZ
rolling_hill_climb,2024-01-01/2024-06-30,2024-07-01/2024-12-31,45,159509.SZ|159949.SZ|159985.SZ|161226.SZ|164824.SZ|501018.SH|510300.SH|512800.SH|513030.SH|513100.SH|513120.SH|513750.SH|518880.SH,4.723939612101922,0.8494075347860415,neighbor,159687.SZ,513030.SH
rolling_hill_climb,2024-01-01/2024-06-30,2024-07-01/2024-12-31,46,159949.SZ|159985.SZ|161226.SZ|164824.SZ|501018.SH|510300.SH|512800.SH|513030.SH|513100.SH|513120.SH|513400.SH|513750.SH|518880.SH,2.5879291405312657,0.8494075347860415,neighbor,159509.SZ,513400.SH
rolling_hill_climb,2024-01-01/2024-06-30,2024-07-01/2024-12-31,47,159509.SZ|159949.SZ|159985.SZ|161226.SZ|164824.SZ|501018.SH|510300.SH|512800.SH|513030.SH|513080.SH|513120.SH|513750.SH|518880.SH,3.670909784675434,0.8794774846866373,neighbor,513100.SH,513080.SH
rolling_hill_climb,2024-01-01/2024-06-30,2024-07-01/2024-12-31,48,159509.SZ|159949.SZ|159981.SZ|159985.SZ|164824.SZ|501018.SH|510300.SH|512800.SH|513030.SH|513100.SH|513120.SH|513750.SH|518880.SH,3.0137329005328892,0.8494075347860415,neighbor,161226.SZ,159981.SZ
rolling_hill_climb,2024-01-01/2024-06-30,2024-07-01/2024-12-31,49,159509.SZ|159949.SZ|159980.SZ|159985.SZ|161226.SZ|164824.SZ|510300.SH|512800.SH|513030.SH|513100.SH|513120.SH|513750.SH|518880.SH,3.98173321405327,0.8494075347860415,neighbor,501018.SH,159980.SZ
rolling_hill_climb,2024-01-01/2024-06-30,2024-07-01/2024-12-31,50,159509.SZ|159825.SZ|159949.SZ|159985.SZ|161226.SZ|164824.SZ|501018.SH|512800.SH|513030.SH|513100.SH|513120.SH|513750.SH|518880.SH,4.750077265903939,0.8174245780531227,neighbor,510300.SH,159825.SZ
rolling_hill_climb,2024-01-01/2024-06-30,2024-07-01/2024-12-31,51,159509.SZ|159825.SZ|159949.SZ|159985.SZ|161226.SZ|501018.SH|512800.SH|513030.SH|513100.SH|513120.SH|513400.SH|513750.SH|518880.SH,3.732179470098433,0.8174245780531227,neighbor,164824.SZ,513400.SH
rolling_hill_climb,2024-01-01/2024-06-30,2024-07-01/2024-12-31,52,159509.SZ|159825.SZ|159949.SZ|159981.SZ|159985.SZ|161226.SZ|164824.SZ|501018.SH|512800.SH|513030.SH|513100.SH|513120.SH|513750.SH,4.041738947819215,0.8174245780531227,neighbor,518880.SH,159981.SZ
rolling_hill_climb,2024-01-01/2024-06-30,2024-07-01/2024-12-31,53,159509.SZ|159529.SZ|159825.SZ|159949.SZ|159985.SZ|161226.SZ|164824.SZ|501018.SH|512800.SH|513100.SH|513120.SH|513750.SH|518880.SH,4.821171086329361,0.8174245780531227,neighbor,513030.SH,159529.SZ
rolling_hill_climb,2024-01-01/2024-06-30,2024-07-01/2024-12-31,54,159509.SZ|159529.SZ|159825.SZ|159869.SZ|159985.SZ|161226.SZ|164824.SZ|501018.SH|512800.SH|513100.SH|513120.SH|513750.SH|518880.SH,4.574992367144797,0.8174245780531227,neighbor,159949.SZ,159869.SZ
rolling_hill_climb,2024-01-01/2024-06-30,2024-07-01/2024-12-31,55,159509.SZ|159529.SZ|159949.SZ|159985.SZ|161226.SZ|164824.SZ|501018.SH|512800.SH|513100.SH|513120.SH|513750.SH|515220.SH|518880.SH,3.532923322596567,0.8174245780531227,neighbor,159825.SZ,515220.SH
rolling_hill_climb,2024-01-01/2024-06-30,2024-07-01/2024-12-31,56,159509.SZ|159529.SZ|159825.SZ|159901.SZ|159985.SZ|161226.SZ|164824.SZ|501018.SH|512800.SH|513100.SH|513120.SH|513750.SH|518880.SH,4.82496109013912,0.8174245780531227,neighbor,159949.SZ,159901.SZ
rolling_hill_climb,2024-01-01/2024-06-30,2024-07-01/2024-12-31,57,159509.SZ|159529.SZ|159825.SZ|159901.SZ|159985.SZ|161226.SZ|164824.SZ|501018.SH|512800.SH|513080.SH|513120.SH|513750.SH|518880.SH,4.17428322018206,0.809756851832685,neighbor,513100.SH,513080.SH
rolling_hill_climb,2024-01-01/2024-06-30,2024-07-01/2024-12-31,58,159529.SZ|159825.SZ|159901.SZ|159985.SZ|161226.SZ|164824.SZ|501018.SH|512800.SH|513100.SH|513120.SH|513400.SH|513750.SH|518880.SH,3.1209045981094126,0.809756851832685,neighbor,159509.SZ,513400.SH
rolling_hill_climb,2024-01-01/2024-06-30,2024-07-01/2024-12-31,59,159509.SZ|159825.SZ|159901.SZ|159985.SZ|161226.SZ|164824.SZ|501018.SH|512800.SH|513100.SH|513120.SH|513730.SH|513750.SH|518880.SH,4.658174296897427,0.8174245780531227,neighbor,159529.SZ,513730.SH
rolling_hill_climb,2024-01-01/2024-06-30,2024-07-01/2024-12-31,60,159509.SZ|159529.SZ|159825.SZ|159901.SZ|159985.SZ|161226.SZ|164824.SZ|501018.SH|512800.SH|513120.SH|513400.SH|513750.SH|518880.SH,3.6733099976344303,0.809756851832685,neighbor,513100.SH,513400.SH
rolling_hill_climb,2024-01-01/2024-06-30,2024-07-01/2024-12-31,61,159509.SZ|159529.SZ|159825.SZ|159901.SZ|159980.SZ|159985.SZ|161226.SZ|164824.SZ|512800.SH|513100.SH|513120.SH|513750.SH|518880.SH,4.3860668597433765,0.8174245780531227,neighbor,501018.SH,159980.SZ
rolling_hill_climb,2024-01-01/2024-06-30,2024-07-01/2024-12-31,62,159509.SZ|159529.SZ|159825.SZ|159985.SZ|161226.SZ|164824.SZ|501018.SH|512800.SH|513100.SH|513120.SH|513750.SH|518880.SH|588220.SH,4.4631559490758095,0.8174245780531227,neighbor,159901.SZ,588220.SH
rolling_hill_climb,2024-01-01/2024-06-30,2024-07-01/2024-12-31,63,159509.SZ|159529.SZ|159825.SZ|159901.SZ|159981.SZ|159985.SZ|161226.SZ|164824.SZ|512800.SH|513100.SH|513120.SH|513750.SH|518880.SH,3.7761544527428015,0.8174245780531227,neighbor,501018.SH,159981.SZ
rolling_hill_climb,2024-01-01/2024-06-30,2024-07-01/2024-12-31,64,159509.SZ|159529.SZ|159901.SZ|159985.SZ|161226.SZ|164824.SZ|501018.SH|510050.SH|512800.SH|513100.SH|513120.SH|513750.SH|518880.SH,4.407638590005323,0.8174245780531227,neighbor,159825.SZ,510050.SH
rolling_hill_climb,2024-01-01/2024-06-30,2024-07-01/2024-12-31,65,159509.SZ|159529.SZ|159825.SZ|159901.SZ|159985.SZ|161226.SZ|164824.SZ|501018.SH|512800.SH|513100.SH|513180.SH|513750.SH|518880.SH,4.72195582755312,0.8174245780531227,neighbor,513120.SH,513180.SH
rolling_hill_climb,2024-01-01/2024-06-30,2024-07-01/2024-12-31,66,159529.SZ|159825.SZ|159901.SZ|159985.SZ|161226.SZ|164824.SZ|501018.SH|512800.SH|513080.SH|513100.SH|513120.SH|513750.SH|518880.SH,3.7635264134063515,0.809756851832685,neighbor,159509.SZ,513080.SH
rolling_hill_climb,2024-01-01/2024-06-30,2024-07-01/2024-12-31,67,159509.SZ|159529.SZ|159825.SZ|159901.SZ|159920.SZ|159985.SZ|161226.SZ|164824.SZ|501018.SH|512800.SH|513100.SH|513120.SH|518880.SH,4.817180971775989,0.8174245780531227,neighbor,513750.SH,159920.SZ
rolling_hill_climb,2024-01-01/2024-06-30,2024-07-01/2024-12-31,68,159509.SZ|159529.SZ|159825.SZ|159901.SZ|159985.SZ|161226.SZ|164824.SZ|501018.SH|512800.SH|513120.SH|513500.SH|513750.SH|518880.SH,4.5569746163132,0.809756851832685,neighbor,513100.SH,513500.SH
rolling_hill_climb,2024-01-01/2024-06-30,2024-07-01/2024-12-31,69,159509.SZ|159529.SZ|159825.SZ|159901.SZ|159981.SZ|161226.SZ|164824.SZ|501018.SH|512800.SH|513100.SH|513120.SH|513750.SH|518880.SH,3.4785319875243292,0.8174245780531227,neighbor,159985.SZ,159981.SZ
rolling_hill_climb,2024-01-01/2024-06-30,2024-07-01/2024-12-31,70,159509.SZ|159529.SZ|159901.SZ|159985.SZ|161226.SZ|164824.SZ|501018.SH|512800.SH|513100.SH|513120.SH|513750.SH|518880.SH|562500.SH,4.674858612489763,0.8174245780531227,neighbor,159825.SZ,562500.SH
rolling_hill_climb,2024-01-01/2024-06-30,2024-07-01/2024-12-31,71,159509.SZ|159825.SZ|159901.SZ|159985.SZ|161226.SZ|164824.SZ|501018.SH|512800.SH|513030.SH|513100.SH|513120.SH|513750.SH|518880.SH,4.8874089442442505,0.8174245780531227,neighbor,159529.SZ,513030.SH
rolling_hill_climb,2024-01-01/2024-06-30,2024-07-01/2024-12-31,72,159509.SZ|159901.SZ|159985.SZ|161226.SZ|164824.SZ|501018.SH|512170.SH|512800.SH|513030.SH|513100.SH|513120.SH|513750.SH|518880.SH,4.701061996341627,0.8174245780531227,neighbor,159825.SZ,512170.SH
rolling_hill_climb,2024-01-01/2024-06-30,2024-07-01/2024-12-31,73,159509.SZ|159865.SZ|159901.SZ|159985.SZ|161226.SZ|164824.SZ|501018.SH|512800.SH|513030.SH|513100.SH|513120.SH|513750.SH|518880.SH,4.86893281128411,0.8174245780531227,neighbor,159825.SZ,159865.SZ
rolling_hill_climb,2024-01-01/2024-06-30,2024-07-01/2024-12-31,74,159509.SZ|159825.SZ|159901.SZ|159920.SZ|159985.SZ|161226.SZ|164824.SZ|501018.SH|512800.SH|513030.SH|513100.SH|513750.SH|518880.SH,4.876667375698204,0.8926225266665948,neighbor,513120.SH,159920.SZ
rolling_hill_climb,2024-01-01/2024-06-30,2024-07-01/2024-12-31,75,159509.SZ|159901.SZ|159985.SZ|161226.SZ|164824.SZ|501018.SH|512800.SH|513030.SH|513100.SH|513120.SH|513750.SH|518880.SH|562500.SH,4.842354012461803,0.8174245780531227,neighbor,159825.SZ,562500.SH
rolling_hill_climb,2024-01-01/2024-06-30,2024-07-01/2024-12-31,76,159509.SZ|159901.SZ|159985.SZ|161226.SZ|164824.SZ|501018.SH|512100.SH|512800.SH|513030.SH|513100.SH|513120.SH|513750.SH|518880.SH,4.692645196985477,0.8174245780531227,neighbor,159825.SZ,512100.SH
rolling_hill_climb,2024-01-01/2024-06-30,2024-07-01/2024-12-31,77,159518.SZ|159825.SZ|159901.SZ|159985.SZ|161226.SZ|164824.SZ|501018.SH|512800.SH|513030.SH|513100.SH|513120.SH|513750.SH|518880.SH,2.959840580623486,0.809756851832685,neighbor,159509.SZ,159518.SZ
rolling_hill_climb,2024-01-01/2024-06-30,2024-07-01/2024-12-31,78,159509.SZ|159825.SZ|159901.SZ|159985.SZ|160644.SZ|161226.SZ|164824.SZ|501018.SH|512800.SH|513030.SH|513120.SH|513750.SH|518880.SH,4.320348525592941,0.809756851832685,neighbor,513100.SH,160644.SZ
rolling_hill_climb,2024-01-01/2024-06-30,2024-07-01/2024-12-31,79,159509.SZ|159529.SZ|159825.SZ|159901.SZ|159985.SZ|161226.SZ|164824.SZ|501018.SH|512800.SH|513030.SH|513120.SH|513750.SH|518880.SH,3.877072728792145,0.809756851832685,neighbor,513100.SH,159529.SZ
rolling_hill_climb,2024-01-01/2024-06-30,2024-07-01/2024-12-31,80,159509.SZ|159825.SZ|159901.SZ|159985.SZ|161226.SZ|164824.SZ|501018.SH|510210.SH|513030.SH|513100.SH|513120.SH|513750.SH|518880.SH,3.194269160279286,0.8174245780531227,neighbor,512800.SH,510210.SH
rolling_hill_climb,2024-01-01/2024-06-30,2024-07-01/2024-12-31,81,159509.SZ|159825.SZ|159901.SZ|159985.SZ|161226.SZ|164824.SZ|501018.SH|513030.SH|513100.SH|513120.SH|513750.SH|516150.SH|518880.SH,2.5953589264774473,0.8174245780531227,neighbor,512800.SH,516150.SH
rolling_hill_climb,2024-01-01/2024-06-30,2024-07-01/2024-12-31,82,159509.SZ|159529.SZ|159825.SZ|159901.SZ|159985.SZ|161226.SZ|501018.SH|512800.SH|513030.SH|513100.SH|513120.SH|513750.SH|518880.SH,4.411574059038878,0.8174245780531227,neighbor,164824.SZ,159529.SZ
rolling_hill_climb,2024-01-01/2024-06-30,2024-07-01/2024-12-31,83,159509.SZ|159901.SZ|159985.SZ|161226.SZ|164824.SZ|501018.SH|510500.SH|512800.SH|513030.SH|513100.SH|513120.SH|513750.SH|518880.SH,4.752159244171299,0.8174245780531227,neighbor,159825.SZ,510500.SH
rolling_hill_climb,2024-01-01/2024-06-30,2024-07-01/2024-12-31,84,159509.SZ|159901.SZ|159985.SZ|161226.SZ|164824.SZ|501018.SH|512800.SH|513030.SH|513100.SH|513120.SH|513750.SH|515210.SH|518880.SH,4.3399448616421115,0.8174245780531227,neighbor,159825.SZ,515210.SH
rolling_hill_climb,2024-01-01/2024-06-30,2024-07-01/2024-12-31,85,159509.SZ|159825.SZ|159901.SZ|159985.SZ|161226.SZ|164824.SZ|501018.SH|512800.SH|513030.SH|513070.SH|513100.SH|513120.SH|518880.SH,4.188034435787745,0.8174245780531227,neighbor,513750.SH,513070.SH
rolling_hill_climb,2024-01-01/2024-06-30,2024-07-01/2024-12-31,86,159509.SZ|159825.SZ|159901.SZ|159985.SZ|161226.SZ|164824.SZ|501018.SH|512880.SH|513030.SH|513100.SH|513120.SH|513750.SH|518880.SH,3.2629181078228444,0.8174245780531227,neighbor,512800.SH,512880.SH
rolling_hill_climb,2024-01-01/2024-06-30,2024-07-01/2024-12-31,87,159509.SZ|159825.SZ|159901.SZ|159985.SZ|161226.SZ|501018.SH|512800.SH|513030.SH|513100.SH|513120.SH|513500.SH|513750.SH|518880.SH,4.921218580662109,0.8284455626917091,neighbor,164824.SZ,513500.SH
rolling_hill_climb,2024-01-01/2024-06-30,2024-07-01/2024-12-31,88,159509.SZ|159611.SZ|159825.SZ|159901.SZ|159985.SZ|161226.SZ|501018.SH|513030.SH|513100.SH|513120.SH|513500.SH|513750.SH|518880.SH,3.0847030911955193,0.8284455626917091,neighbor,512800.SH,159611.SZ
rolling_hill_climb,2024-01-01/2024-06-30,2024-07-01/2024-12-31,89,159509.SZ|159825.SZ|159901.SZ|159980.SZ|159985.SZ|161226.SZ|512800.SH|513030.SH|513100.SH|513120.SH|513500.SH|513750.SH|518880.SH,4.221248430107511,0.8284455626917091,neighbor,501018.SH,159980.SZ
rolling_hill_climb,2024-01-01/2024-06-30,2024-07-01/2024-12-31,90,159509.SZ|159825.SZ|159901.SZ|159980.SZ|161226.SZ|501018.SH|512800.SH|513030.SH|513100.SH|513120.SH|513500.SH|513750.SH|518880.SH,4.1407353957065824,0.8284455626917091,neighbor,159985.SZ,159980.SZ
rolling_hill_climb,2024-01-01/2024-06-30,2024-07-01/2024-12-31,91,159509.SZ|159825.SZ|159901.SZ|159920.SZ|159985.SZ|161226.SZ|501018.SH|512800.SH|513030.SH|513100.SH|513120.SH|513500.SH|518880.SH,4.988899605225841,0.8284455626917091,neighbor,513750.SH,159920.SZ
rolling_hill_climb,2024-01-01/2024-06-30,2024-07-01/2024-12-31,92,159509.SZ|159825.SZ|159901.SZ|159920.SZ|159985.SZ|160644.SZ|161226.SZ|501018.SH|512800.SH|513030.SH|513120.SH|513500.SH|518880.SH,4.616025129397602,0.809756851832685,neighbor,513100.SH,160644.SZ
rolling_hill_climb,2024-01-01/2024-06-30,2024-07-01/2024-12-31,93,159509.SZ|159825.SZ|159901.SZ|159920.SZ|159985.SZ|161226.SZ|501018.SH|512800.SH|513030.SH|513100.SH|513180.SH|513500.SH|518880.SH,4.815618726600785,0.9194110626548546,neighbor,513120.SH,513180.SH
rolling_hill_climb,2024-01-01/2024-06-30,2024-07-01/2024-12-31,94,159687.SZ|159825.SZ|159901.SZ|159920.SZ|159985.SZ|161226.SZ|501018.SH|512800.SH|513030.SH|513100.SH|513120.SH|513500.SH|518880.SH,4.107440904970739,0.8284455626917091,neighbor,159509.SZ,159687.SZ
rolling_hill_climb,2024-01-01/2024-06-30,2024-07-01/2024-12-31,95,159509.SZ|159825.SZ|159901.SZ|159920.SZ|159981.SZ|161226.SZ|501018.SH|512800.SH|513030.SH|513100.SH|513120.SH|513500.SH|518880.SH,3.9972782865530623,0.8284455626917091,neighbor,159985.SZ,159981.SZ
rolling_hill_climb,2024-01-01/2024-06-30,2024-07-01/2024-12-31,96,159509.SZ|159825.SZ|159901.SZ|159920.SZ|159981.SZ|159985.SZ|161226.SZ|501018.SH|512800.SH|513030.SH|513100.SH|513120.SH|513500.SH,3.7390232075335432,0.8284455626917091,neighbor,518880.SH,159981.SZ
rolling_hill_climb,2024-01-01/2024-06-30,2024-07-01/2024-12-31,97,159509.SZ|159825.SZ|159901.SZ|159920.SZ|159985.SZ|161226.SZ|501018.SH|512800.SH|513030.SH|513100.SH|513120.SH|513880.SH|518880.SH,4.509409524616405,0.8174245780531227,neighbor,513500.SH,513880.SH
rolling_hill_climb,2024-01-01/2024-06-30,2024-07-01/2024-12-31,98,159509.SZ|159825.SZ|159901.SZ|159920.SZ|159980.SZ|159985.SZ|161226.SZ|501018.SH|512800.SH|513030.SH|513100.SH|513120.SH|513500.SH,4.812574826924754,0.8284455626917091,neighbor,518880.SH,159980.SZ
rolling_hill_climb,2024-01-01/2024-06-30,2024-07-01/2024-12-31,99,159509.SZ|159901.SZ|159920.SZ|159985.SZ|161226.SZ|501018.SH|512800.SH|513030.SH|513100.SH|513120.SH|513500.SH|518880.SH|588220.SH,4.7919421827685325,0.8284455626917091,neighbor,159825.SZ,588220.SH
rolling_hill_climb,2024-01-01/2024-06-30,2024-07-01/2024-12-31,100,159509.SZ|159825.SZ|159901.SZ|159920.SZ|159981.SZ|159985.SZ|161226.SZ|512800.SH|513030.SH|513100.SH|513120.SH|513500.SH|518880.SH,3.52279570885222,0.8284455626917091,neighbor,501018.SH,159981.SZ
rolling_hill_climb,2024-07-01/2024-12-31,2025-01-01/2025-06-30,1,159529.SZ|159865.SZ|159980.SZ|159981.SZ|501018.SH|510180.SH|512660.SH|513030.SH|513080.SH|513100.SH|513180.SH|513750.SH|518880.SH,0.8290092877214073,0.9050122424256786,initial,,
rolling_hill_climb,2024-07-01/2024-12-31,2025-01-01/2025-06-30,2,159529.SZ|159865.SZ|159980.SZ|159981.SZ|161226.SZ|510180.SH|512660.SH|513030.SH|513080.SH|513100.SH|513180.SH|513750.SH|518880.SH,0.29477307386665225,0.9050122424256786,neighbor,501018.SH,161226.SZ
rolling_hill_climb,2024-07-01/2024-12-31,2025-01-01/2025-06-30,3,159529.SZ|159865.SZ|159981.SZ|159985.SZ|501018.SH|510180.SH|512660.SH|513030.SH|513080.SH|513100.SH|513180.SH|513750.SH|518880.SH,0.5937428010533613,0.9050122424256786,neighbor,159980.SZ,159985.SZ
rolling_hill_climb,2024-07-01/2024-12-31,2025-01-01/2025-06-30,4,159529.SZ|159865.SZ|159980.SZ|159981.SZ|501018.SH|510180.SH|512660.SH|513030.SH|513070.SH|513080.SH|513100.SH|513750.SH|518880.SH,0.7349945634108473,0.9050122424256786,neighbor,513180.SH,513070.SH
rolling_hill_climb,2024-07-01/2024-12-31,2025-01-01/2025-06-30,5,159529.SZ|159865.SZ|159980.SZ|159981.SZ|161226.SZ|501018.SH|510180.SH|512660.SH|513030.SH|513080.SH|513100.SH|513180.SH|513750.SH,0.44776454852382996,0.9050122424256786,neighbor,518880.SH,161226.SZ
rolling_hill_climb,2024-07-01/2024-12-31,2025-01-01/2025-06-30,6,159529.SZ|159865.SZ|159915.SZ|159980.SZ|159981.SZ|501018.SH|512660.SH|513030.SH|513080.SH|513100.SH|513180.SH|513750.SH|518880.SH,0.701718160695501,0.9050122424256786,neighbor,510180.SH,159915.SZ
rolling_hill_climb,2024-07-01/2024-12-31,2025-01-01/2025-06-30,7,159529.SZ|159865.SZ|159980.SZ|159981.SZ|501018.SH|510180.SH|512660.SH|513080.SH|513100.SH|513180.SH|513730.SH|513750.SH|518880.SH,1.4266669823732188,0.8861226651551434,neighbor,513030.SH,513730.SH
rolling_hill_climb,2024-07-01/2024-12-31,2025-01-01/2025-06-30,8,159518.SZ|159865.SZ|159980.SZ|159981.SZ|501018.SH|510180.SH|512660.SH|513080.SH|513100.SH|513180.SH|513730.SH|513750.SH|518880.SH,0.7012183050482779,0.8861226651551434,neighbor,159529.SZ,159518.SZ
rolling_hill_climb,2024-07-01/2024-12-31,2025-01-01/2025-06-30,9,159529.SZ|159865.SZ|159981.SZ|161226.SZ|501018.SH|510180.SH|512660.SH|513080.SH|513100.SH|513180.SH|513730.SH|513750.SH|518880.SH,1.0406479312691816,0.8861226651551434,neighbor,159980.SZ,161226.SZ
rolling_hill_climb,2024-07-01/2024-12-31,2025-01-01/2025-06-30,10,159529.SZ|159865.SZ|159980.SZ|161226.SZ|501018.SH|510180.SH|512660.SH|513080.SH|513100.SH|513180.SH|513730.SH|513750.SH|518880.SH,0.832231070223394,0.8861226651551434,neighbor,159981.SZ,161226.SZ
rolling_hill_climb,2024-07-01/2024-12-31,2025-01-01/2025-06-30,11,159529.SZ|159865.SZ|159980.SZ|159985.SZ|501018.SH|510180.SH|512660.SH|513080.SH|513100.SH|513180.SH|513730.SH|513750.SH|518880.SH,0.9020251770515816,0.8861226651551434,neighbor,159981.SZ,159985.SZ
rolling_hill_climb,2024-07-01/2024-12-31,2025-01-01/2025-06-30,12,159687.SZ|159865.SZ|159980.SZ|159981.SZ|501018.SH|510180.SH|512660.SH|513080.SH|513100.SH|513180.SH|513730.SH|513750.SH|518880.SH,1.0069012000766326,0.8861226651551434,neighbor,159529.SZ,159687.SZ
rolling_hill_climb,2024-07-01/2024-12-31,2025-01-01/2025-06-30,13,159529.SZ|159687.SZ|159865.SZ|159980.SZ|159981.SZ|501018.SH|510180.SH|512660.SH|513080.SH|513180.SH|513730.SH|513750.SH|518880.SH,1.048741667758923,0.8861226651551434,neighbor,513100.SH,159687.SZ
rolling_hill_climb,2024-07-01/2024-12-31,2025-01-01/2025-06-30,14,159509.SZ|159529.SZ|159865.SZ|159980.SZ|159981.SZ|501018.SH|510180.SH|512660.SH|513100.SH|513180.SH|513730.SH|513750.SH|518880.SH,1.5330119983810608,0.9103349868626713,neighbor,513080.SH,159509.SZ
rolling_hill_climb,2024-07-01/2024-12-31,2025-01-01/2025-06-30,15,159509.SZ|159529.SZ|159865.SZ|159980.SZ|159981.SZ|159985.SZ|510180.SH|512660.SH|513100.SH|513180.SH|513730.SH|513750.SH|518880.SH,1.0233651947731193,0.9103349868626713,neighbor,501018.SH,159985.SZ
rolling_hill_climb,2024-07-01/2024-12-31,2025-01-01/2025-06-30,16,159509.SZ|159529.SZ|159865.SZ|159980.SZ|159985.SZ|501018.SH|510180.SH|512660.SH|513100.SH|513180.SH|513730.SH|513750.SH|518880.SH,1.0070545477213508,0.9103349868626713,neighbor,159981.SZ,159985.SZ
rolling_hill_climb,2024-07-01/2024-12-31,2025-01-01/2025-06-30,17,159509.SZ|159529.SZ|159865.SZ|159915.SZ|159980.SZ|159981.SZ|501018.SH|510180.SH|513100.SH|513180.SH|513730.SH|513750.SH|518880.SH,1.3021812659901022,0.9103349868626713,neighbor,512660.SH,159915.SZ
rolling_hill_climb,2024-07-01/2024-12-31,2025-01-01/2025-06-30,18,159509.SZ|159529.SZ|159865.SZ|159967.SZ|159980.SZ|159981.SZ|501018.SH|512660.SH|513100.SH|513180.SH|513730.SH|513750.SH|518880.SH,1.3786746622506436,0.9103349868626713,neighbor,510180.SH,159967.SZ
rolling_hill_climb,2024-07-01/2024-12-31,2025-01-01/2025-06-30,19,159509.SZ|159529.SZ|159865.SZ|159980.SZ|161226.SZ|501018.SH|510180.SH|512660.SH|513100.SH|513180.SH|513730.SH|513750.SH|518880.SH,1.1284463206626412,0.9103349868626713,neighbor,159981.SZ,161226.SZ
rolling_hill_climb,2024-07-01/2024-12-31,2025-01-01/2025-06-30,20,159509.SZ|159529.SZ|159865.SZ|159980.SZ|159981.SZ|159985.SZ|501018.SH|510180.SH|512660.SH|513100.SH|513180.SH|513730.SH|513750.SH,1.321251385600237,0.9103349868626713,neighbor,518880.SH,159985.SZ
rolling_hill_climb,2024-07-01/2024-12-31,2025-01-01/2025-06-30,21,159509.SZ|159529.SZ|159865.SZ|159981.SZ|159985.SZ|501018.SH|510180.SH|512660.SH|513100.SH|513180.SH|513730.SH|513750.SH|518880.SH,1.2387930354811547,0.9103349868626713,neighbor,159980.SZ,159985.SZ
rolling_hill_climb,2024-07-01/2024-12-31,2025-01-01/2025-06-30,22,159509.SZ|159529.SZ|159980.SZ|159981.SZ|501018.SH|510180.SH|512660.SH|513100.SH|513180.SH|513730.SH|513750.SH|516150.SH|518880.SH,1.4504326106947019,0.9103349868626713,neighbor,159865.SZ,516150.SH
rolling_hill_climb,2024-07-01/2024-12-31,2025-01-01/2025-06-30,23,159509.SZ|159529.SZ|159865.SZ|159980.SZ|159981.SZ|501018.SH|510180.SH|510500.SH|513100.SH|513180.SH|513730.SH|513750.SH|518880.SH,1.3400359998234381,0.9103349868626713,neighbor,512660.SH,510500.SH
rolling_hill_climb,2024-07-01/2024-12-31,2025-01-01/2025-06-30,24,159509.SZ|159529.SZ|159865.SZ|159980.SZ|159981.SZ|161226.SZ|501018.SH|510180.SH|512660.SH|513100.SH|513180.SH|513730.SH|513750.SH,1.0127502487137603,0.9103349868626713,neighbor,518880.SH,161226.SZ
rolling_hill_climb,2024-07-01/2024-12-31,2025-01-01/2025-06-30,25,159509.SZ|159529.SZ|159851.SZ|159980.SZ|159981.SZ|501018.SH|510180.SH|512660.SH|513100.SH|513180.SH|513730.SH|513750.SH|518880.SH,2.101236882269848,0.9103349868626713,neighbor,159865.SZ,159851.SZ
rolling_hill_climb,2024-07-01/2024-12-31,2025-01-01/2025-06-30,26,159509.SZ|159529.SZ|159851.SZ|159980.SZ|159981.SZ|159985.SZ|501018.SH|510180.SH|512660.SH|513100.SH|513180.SH|513730.SH|513750.SH,1.799378891932249,0.9103349868626713,neighbor,518880.SH,159985.SZ
rolling_hill_climb,2024-07-01/2024-12-31,2025-01-01/2025-06-30,27,159529.SZ|159851.SZ|159980.SZ|159981.SZ|501018.SH|510180.SH|512660.SH|513080.SH|513100.SH|513180.SH|513730.SH|513750.SH|518880.SH,2.1245821734290153,0.8861226651551434,neighbor,159509.SZ,513080.SH
rolling_hill_climb,2024-07-01/2024-12-31,2025-01-01/2025-06-30,28,159529.SZ|159851.SZ|159980.SZ|159981.SZ|164824.SZ|501018.SH|510180.SH|512660.SH|513100.SH|513180.SH|513730.SH|513750.SH|518880.SH,2.1626813061208487,0.8861226651551434,neighbor,513080.SH,164824.SZ
rolling_hill_climb,2024-07-01/2024-12-31,2025-01-01/2025-06-30,29,159529.SZ|159851.SZ|159980.SZ|159981.SZ|159985.SZ|164824.SZ|501018.SH|510180.SH|512660.SH|513100.SH|513180.SH|513730.SH|513750.SH,2.152172689731227,0.8861226651551434,neighbor,518880.SH,159985.SZ
rolling_hill_climb,2024-07-01/2024-12-31,2025-01-01/2025-06-30,30,159851.SZ|159980.SZ|159981.SZ|164824.SZ|501018.SH|510180.SH|512660.SH|513100.SH|513180.SH|513500.SH|513730.SH|513750.SH|518880.SH,1.752201695540656,0.8861226651551434,neighbor,159529.SZ,513500.SH
rolling_hill_climb,2024-07-01/2024-12-31,2025-01-01/2025-06-30,31,159529.SZ|159851.SZ|159980.SZ|159981.SZ|164824.SZ|501018.SH|510180.SH|510500.SH|513100.SH|513180.SH|513730.SH|513750.SH|518880.SH,2.119843214488825,0.8861226651551434,neighbor,512660.SH,510500.SH
rolling_hill_climb,2024-07-01/2024-12-31,2025-01-01/2025-06-30,32,159529.SZ|159851.SZ|159980.SZ|159981.SZ|164824.SZ|501018.SH|510180.SH|512200.SH|513100.SH|513180.SH|513730.SH|513750.SH|518880.SH,2.1060875652910056,0.8861226651551434,neighbor,512660.SH,512200.SH
rolling_hill_climb,2024-07-01/2024-12-31,2025-01-01/2025-06-30,33,159529.SZ|159851.SZ|159980.SZ|159981.SZ|164824.SZ|501018.SH|510180.SH|512660.SH|513100.SH|513180.SH|513400.SH|513750.SH|518880.SH,2.0980648170263594,0.8861226651551434,neighbor,513730.SH,513400.SH
rolling_hill_climb,2024-07-01/2024-12-31,2025-01-01/2025-06-30,34,159518.SZ|159529.SZ|159851.SZ|159980.SZ|159981.SZ|164824.SZ|501018.SH|510180.SH|512660.SH|513100.SH|513180.SH|513750.SH|518880.SH,1.8665683675393445,0.8861226651551434,neighbor,513730.SH,159518.SZ
rolling_hill_climb,2024-07-01/2024-12-31,2025-01-01/2025-06-30,35,159529.SZ|159851.SZ|159980.SZ|159981.SZ|164824.SZ|501018.SH|510180.SH|512660.SH|513070.SH|513100.SH|513730.SH|513750.SH|518880.SH,2.0513822744927666,0.8406231432114443,neighbor,513180.SH,513070.SH
rolling_hill_climb,2024-07-01/2024-12-31,2025-01-01/2025-06-30,36,159529.SZ|159851.SZ|159981.SZ|159985.SZ|164824.SZ|501018.SH|510180.SH|512660.SH|513100.SH|513180.SH|513730.SH|513750.SH|518880.SH,1.769159725859604,0.8861226651551434,neighbor,159980.SZ,159985.SZ
rolling_hill_climb,2024-07-01/2024-12-31,2025-01-01/2025-06-30,37,159529.SZ|159851.SZ|159980.SZ|159981.SZ|164824.SZ|501018.SH|512660.SH|512800.SH|513100.SH|513180.SH|513730.SH|513750.SH|518880.SH,1.6104117552092565,0.8861226651551434,neighbor,510180.SH,512800.SH
rolling_hill_climb,2024-07-01/2024-12-31,2025-01-01/2025-06-30,38,159851.SZ|159980.SZ|159981.SZ|164824.SZ|501018.SH|510180.SH|512660.SH|513030.SH|513100.SH|513180.SH|513730.SH|513750.SH|518880.SH,1.688235104579886,0.8861226651551434,neighbor,159529.SZ,513030.SH
rolling_hill_climb,2024-07-01/2024-12-31,2025-01-01/2025-06-30,39,159529.SZ|159851.SZ|159980.SZ|159981.SZ|164824.SZ|501018.SH|510180.SH|512660.SH|513100.SH|513120.SH|513180.SH|513730.SH|518880.SH,2.3847548535219145,0.781078061256192,neighbor,513750.SH,513120.SH
rolling_hill_climb,2024-07-01/2024-12-31,2025-01-01/2025-06-30,40,159529.SZ|159851.SZ|159980.SZ|159981.SZ|164824.SZ|501018.SH|510180.SH|512660.SH|513100.SH|513120.SH|513180.SH|513400.SH|518880.SH,2.0672724812473606,0.781078061256192,neighbor,513730.SH,513400.SH
rolling_hill_climb,2024-07-01/2024-12-31,2025-01-01/2025-06-30,41,159529.SZ|159851.SZ|159980.SZ|159981.SZ|164824.SZ|501018.SH|510180.SH|513100.SH|513120.SH|513180.SH|513730.SH|515790.SH|518880.SH,2.354448682891353,0.781078061256192,neighbor,512660.SH,515790.SH
rolling_hill_climb,2024-07-01/2024-12-31,2025-01-01/2025-06-30,42,159851.SZ|159980.SZ|159981.SZ|164824.SZ|501018.SH|510180.SH|512660.SH|513100.SH|513120.SH|513180.SH|513730.SH|513880.SH|518880.SH,1.9425382583727349,0.781078061256192,neighbor,159529.SZ,513880.SH
rolling_hill_climb,2024-07-01/2024-12-31,2025-01-01/2025-06-30,43,159529.SZ|159851.SZ|159980.SZ|159981.SZ|164824.SZ|501018.SH|510180.SH|513100.SH|513120.SH|513180.SH|513730.SH|515880.SH|518880.SH,1.9562523212021778,0.781078061256192,neighbor,512660.SH,515880.SH
rolling_hill_climb,2024-07-01/2024-12-31,2025-01-01/2025-06-30,44,159329.SZ|159529.SZ|159851.SZ|159980.SZ|159981.SZ|164824.SZ|501018.SH|510180.SH|512660.SH|513100.SH|513120.SH|513180.SH|518880.SH,1.8908752758765466,0.781078061256192,neighbor,513730.SH,159329.SZ
rolling_hill_climb,2024-07-01/2024-12-31,2025-01-01/2025-06-30,45,159529.SZ|159851.SZ|159980.SZ|159981.SZ|164824.SZ|501018.SH|510180.SH|512660.SH|513100.SH|513120.SH|513730.SH|513750.SH|518880.SH,2.2034667333429683,0.7622811147106013,neighbor,513180.SH,513750.SH
rolling_hill_climb,2024-07-01/2024-12-31,2025-01-01/2025-06-30,46,159529.SZ|159865.SZ|159980.SZ|159981.SZ|164824.SZ|501018.SH|510180.SH|512660.SH|513100.SH|513120.SH|513180.SH|513730.SH|518880.SH,1.4735795825442244,0.803619639316905,neighbor,159851.SZ,159865.SZ
rolling_hill_climb,2024-07-01/2024-12-31,2025-01-01/2025-06-30,47,159529.SZ|159851.SZ|159980.SZ|159981.SZ|164824.SZ|501018.SH|510180.SH|512660.SH|513120.SH|513180.SH|513290.SH|513730.SH|518880.SH,2.1051737942237536,0.781078061256192,neighbor,513100.SH,513290.SH
rolling_hill_climb,2024-07-01/2024-12-31,2025-01-01/2025-06-30,48,159529.SZ|159851.SZ|159865.SZ|159980.SZ|159981.SZ|164824.SZ|501018.SH|510180.SH|513100.SH|513120.SH|513180.SH|513730.SH|518880.SH,2.105671503625105,0.803619639316905,neighbor,512660.SH,159865.SZ
rolling_hill_climb,2024-07-01/2024-12-31,2025-01-01/2025-06-30,49,159529.SZ|159851.SZ|159981.SZ|161226.SZ|164824.SZ|501018.SH|510180.SH|512660.SH|513100.SH|513120.SH|513180.SH|513730.SH|518880.SH,2.062713572048054,0.781078061256192,neighbor,159980.SZ,161226.SZ
rolling_hill_climb,2024-07-01/2024-12-31,2025-01-01/2025-06-30,50,159529.SZ|159687.SZ|159851.SZ|159980.SZ|159981.SZ|164824.SZ|501018.SH|510180.SH|512660.SH|513100.SH|513120.SH|513180.SH|518880.SH,1.8108091101229258,0.781078061256192,neighbor,513730.SH,159687.SZ
rolling_hill_climb,2024-07-01/2024-12-31,2025-01-01/2025-06-30,51,159529.SZ|159851.SZ|159980.SZ|159981.SZ|501018.SH|510180.SH|512660.SH|513030.SH|513100.SH|513120.SH|513180.SH|513730.SH|518880.SH,2.0939937597656795,0.781078061256192,neighbor,164824.SZ,513030.SH
rolling_hill_climb,2024-07-01/2024-12-31,2025-01-01/2025-06-30,52,159529.SZ|159851.SZ|159981.SZ|159985.SZ|164824.SZ|501018.SH|510180.SH|512660.SH|513100.SH|513120.SH|513180.SH|513730.SH|518880.SH,2.159462174040977,0.781078061256192,neighbor,159980.SZ,159985.SZ
rolling_hill_climb,2024-07-01/2024-12-31,2025-01-01/2025-06-30,53,159529.SZ|159851.SZ|159980.SZ|159981.SZ|164824.SZ|501018.SH|510180.SH|512980.SH|513100.SH|513120.SH|513180.SH|513730.SH|518880.SH,2.0365506715989685,0.781078061256192,neighbor,512660.SH,512980.SH
rolling_hill_climb,2024-07-01/2024-12-31,2025-01-01/2025-06-30,54,159529.SZ|159851.SZ|159980.SZ|159981.SZ|161226.SZ|164824.SZ|501018.SH|510180.SH|512660.SH|513100.SH|513120.SH|513180.SH|513730.SH,2.2054480846205267,0.781078061256192,neighbor,518880.SH,161226.SZ
rolling_hill_climb,2024-07-01/2024-12-31,2025-01-01/2025-06-30,55,159529.SZ|159851.SZ|159980.SZ|159981.SZ|164824.SZ|501018.SH|510180.SH|513100.SH|513120.SH|513180.SH|513730.SH|516150.SH|518880.SH,2.3991661518854466,0.781078061256192,neighbor,512660.SH,516150.SH
rolling_hill_climb,2024-07-01/2024-12-31,2025-01-01/2025-06-30,56,159529.SZ|159851.SZ|159980.SZ|159985.SZ|164824.SZ|501018.SH|510180.SH|513100.SH|513120.SH|513180.SH|513730.SH|516150.SH|518880.SH,2.019533662295914,0.781078061256192,neighbor,159981.SZ,159985.SZ
rolling_hill_climb,2024-07-01/2024-12-31,2025-01-01/2025-06-30,57,159529.SZ|159980.SZ|159981.SZ|164824.SZ|501018.SH|510180.SH|513100.SH|513120.SH|513180.SH|513730.SH|515880.SH|516150.SH|518880.SH,1.4463560325331108,0.781078061256192,neighbor,159851.SZ,515880.SH
rolling_hill_climb,2024-07-01/2024-12-31,2025-01-01/2025-06-30,58,159529.SZ|159851.SZ|159980.SZ|159981.SZ|164824.SZ|501018.SH|510180.SH|513070.SH|513100.SH|513120.SH|513730.SH|516150.SH|518880.SH,2.3583354926050086,0.7601657723782278,neighbor,513180.SH,513070.SH
rolling_hill_climb,2024-07-01/2024-12-31,2025-01-01/2025-06-30,59,159529.SZ|159687.SZ|159851.SZ|159980.SZ|159981.SZ|501018.SH|510180.SH|513100.SH|513120.SH|513180.SH|513730.SH|516150.SH|518880.SH,2.29607833117968,0.781078061256192,neighbor,164824.SZ,159687.SZ
rolling_hill_climb,2024-07-01/2024-12-31,2025-01-01/2025-06-30,60,159529.SZ|159851.SZ|159980.SZ|159981.SZ|160644.SZ|501018.SH|510180.SH|513100.SH|513120.SH|513180.SH|513730.SH|516150.SH|518880.SH,2.1049393336014095,0.781078061256192,neighbor,164824.SZ,160644.SZ
rolling_hill_climb,2024-07-01/2024-12-31,2025-01-01/2025-06-30,61,159851.SZ|159980.SZ|159981.SZ|164824.SZ|501018.SH|510180.SH|513030.SH|513100.SH|513120.SH|513180.SH|513730.SH|516150.SH|518880.SH,1.8233195989522246,0.781078061256192,neighbor,159529.SZ,513030.SH
rolling_hill_climb,2024-07-01/2024-12-31,2025-01-01/2025-06-30,62,159529.SZ|159851.SZ|159981.SZ|159985.SZ|164824.SZ|501018.SH|510180.SH|513100.SH|513120.SH|513180.SH|513730.SH|516150.SH|518880.SH,2.1661456849278475,0.781078061256192,neighbor,159980.SZ,159985.SZ
rolling_hill_climb,2024-07-01/2024-12-31,2025-01-01/2025-06-30,63,159509.SZ|159529.SZ|159851.SZ|159980.SZ|159981.SZ|501018.SH|510180.SH|513100.SH|513120.SH|513180.SH|513730.SH|516150.SH|518880.SH,2.2004896934575267,0.9103349868626713,neighbor,164824.SZ,159509.SZ
rolling_hill_climb,2024-07-01/2024-12-31,2025-01-01/2025-06-30,64,159529.SZ|159851.SZ|159980.SZ|159981.SZ|164824.SZ|501018.SH|513100.SH|513120.SH|513180.SH|513730.SH|515210.SH|516150.SH|518880.SH,2.1144833645425245,0.7989377167515237,neighbor,510180.SH,515210.SH
rolling_hill_climb,2024-07-01/2024-12-31,2025-01-01/2025-06-30,65,159518.SZ|159851.SZ|159980.SZ|159981.SZ|164824.SZ|501018.SH|510180.SH|513100.SH|513120.SH|513180.SH|513730.SH|516150.SH|518880.SH,1.6259473370526722,0.781078061256192,neighbor,159529.SZ,159518.SZ
rolling_hill_climb,2024-07-01/2024-12-31,2025-01-01/2025-06-30,66,159529.SZ|159980.SZ|159981.SZ|164824.SZ|501018.SH|510180.SH|513100.SH|513120.SH|513180.SH|513730.SH|515790.SH|516150.SH|518880.SH,1.623713975428359,0.781078061256192,neighbor,159851.SZ,515790.SH
rolling_hill_climb,2024-07-01/2024-12-31,2025-01-01/2025-06-30,67,159529.SZ|159825.SZ|159980.SZ|159981.SZ|164824.SZ|501018.SH|510180.SH|513100.SH|513120.SH|513180.SH|513730.SH|516150.SH|518880.SH,1.5051661022751155,0.8335956374373306,neighbor,159851.SZ,159825.SZ
rolling_hill_climb,2024-07-01/2024-12-31,2025-01-01/2025-06-30,68,159529.SZ|159851.SZ|159980.SZ|159981.SZ|164824.SZ|501018.SH|510180.SH|512400.SH|513100.SH|513120.SH|513180.SH|513730.SH|518880.SH,2.304490254012097,0.8213752593046367,neighbor,516150.SH,512400.SH
rolling_hill_climb,2024-07-01/2024-12-31,2025-01-01/2025-06-30,69,159529.SZ|159851.SZ|159980.SZ|159981.SZ|164824.SZ|501018.SH|510180.SH|513120.SH|513180.SH|513400.SH|513730.SH|516150.SH|518880.SH,2.3686099383833787,0.781078061256192,neighbor,513100.SH,513400.SH
rolling_hill_climb,2024-07-01/2024-12-31,2025-01-01/2025-06-30,70,159529.SZ|159851.SZ|159980.SZ|159981.SZ|164824.SZ|501018.SH|510180.SH|513100.SH|513120.SH|513730.SH|513750.SH|516150.SH|518880.SH,2.2042817065371465,0.7601657723782278,neighbor,513180.SH,513750.SH
rolling_hill_climb,2024-07-01/2024-12-31,2025-01-01/2025-06-30,71,159529.SZ|159851.SZ|159980.SZ|159981.SZ|164824.SZ|501018.SH|510180.SH|513120.SH|513180.SH|513500.SH|513730.SH|516150.SH|518880.SH,1.991145781210064,0.781078061256192,neighbor,513100.SH,513500.SH
rolling_hill_climb,2024-07-01/2024-12-31,2025-01-01/2025-06-30,72,159529.SZ|159851.SZ|159980.SZ|161226.SZ|164824.SZ|501018.SH|510180.SH|513100.SH|513120.SH|513180.SH|513730.SH|516150.SH|518880.SH,1.8911569341915675,0.781078061256192,neighbor,159981.SZ,161226.SZ
rolling_hill_climb,2024-07-01/2024-12-31,2025-01-01/2025-06-30,73,159529.SZ|159980.SZ|159981.SZ|164824.SZ|501018.SH|510180.SH|513100.SH|513120.SH|513180.SH|513730.SH|516150.SH|518880.SH|588000.SH,1.7390433812628083,0.781078061256192,neighbor,159851.SZ,588000.SH
rolling_hill_climb,2024-07-01/2024-12-31,2025-01-01/2025-06-30,74,159529.SZ|159851.SZ|159980.SZ|159981.SZ|164824.SZ|501018.SH|510180.SH|513100.SH|513120.SH|513180.SH|513880.SH|516150.SH|518880.SH,1.764238679645533,0.781078061256192,neighbor,513730.SH,513880.SH
rolling_hill_climb,2024-07-01/2024-12-31,2025-01-01/2025-06-30,75,159529.SZ|159687.SZ|159851.SZ|159980.SZ|159981.SZ|164824.SZ|501018.SH|510180.SH|513120.SH|513180.SH|513730.SH|516150.SH|518880.SH,2.0841271418079472,0.781078061256192,neighbor,513100.SH,159687.SZ
rolling_hill_climb,2024-07-01/2024-12-31,2025-01-01/2025-06-30,76,159529.SZ|159851.SZ|159980.SZ|159981.SZ|164824.SZ|501018.SH|510180.SH|513030.SH|513120.SH|513180.SH|513730.SH|516150.SH|518880.SH,2.022160724347426,0.781078061256192,neighbor,513100.SH,513030.SH
rolling_hill_climb,2024-07-01/2024-12-31,2025-01-01/2025-06-30,77,159529.SZ|159851.SZ|159980.SZ|159981.SZ|161226.SZ|164824.SZ|510180.SH|513100.SH|513120.SH|513180.SH|513730.SH|516150.SH|518880.SH,1.7979651766592266,0.781078061256192,neighbor,501018.SH,161226.SZ
rolling_hill_climb,2024-07-01/2024-12-31,2025-01-01/2025-06-30,78,159529.SZ|159851.SZ|159980.SZ|159981.SZ|159985.SZ|164824.SZ|510180.SH|513100.SH|513120.SH|513180.SH|513730.SH|516150.SH|518880.SH,1.9336590553177453,0.781078061256192,neighbor,501018.SH,159985.SZ
rolling_hill_climb,2024-07-01/2024-12-31,2025-01-01/2025-06-30,79,159529.SZ|159687.SZ|159851.SZ|159980.SZ|159981.SZ|164824.SZ|501018.SH|510180.SH|513100.SH|513120.SH|513180.SH|516150.SH|518880.SH,1.8009705337119983,0.781078061256192,neighbor,513730.SH,159687.SZ
rolling_hill_climb,2024-07-01/2024-12-31,2025-01-01/2025-06-30,80,159529.SZ|159851.SZ|159980.SZ|159981.SZ|164824.SZ|501018.SH|510180.SH|513080.SH|513100.SH|513120.SH|513180.SH|516150.SH|518880.SH,2.022767515495672,0.781078061256192,neighbor,513730.SH,513080.SH
rolling_hill_climb,2024-07-01/2024-12-31,2025-01-01/2025-06-30,81,159529.SZ|159851.SZ|159980.SZ|159981.SZ|501018.SH|510180.SH|513100.SH|513120.SH|513180.SH|513730.SH|513880.SH|516150.SH|518880.SH,2.1953685932505023,0.781078061256192,neighbor,164824.SZ,513880.SH
rolling_hill_climb,2024-07-01/2024-12-31,2025-01-01/2025-06-30,82,159529.SZ|159851.SZ|159980.SZ|159981.SZ|159985.SZ|164824.SZ|501018.SH|510180.SH|513100.SH|513120.SH|513180.SH|513730.SH|516150.SH,2.1681715365831358,0.781078061256192,neighbor,518880.SH,159985.SZ
rolling_hill_climb,2024-07-01/2024-12-31,2025-01-01/2025-06-30,83,159529.SZ|159851.SZ|159980.SZ|159981.SZ|164824.SZ|501018.SH|510050.SH|513100.SH|513120.SH|513180.SH|513730.SH|516150.SH|518880.SH,2.1518192253284476,0.781078061256192,neighbor,510180.SH,510050.SH
rolling_hill_climb,2024-07-01/2024-12-31,2025-01-01/2025-06-30,84,159529.SZ|159851.SZ|159901.SZ|159980.SZ|159981.SZ|164824.SZ|501018.SH|513100.SH|513120.SH|513180.SH|513730.SH|516150.SH|518880.SH,2.3592826915193466,0.8024893666032176,neighbor,510180.SH,159901.SZ
rolling_hill_climb,2024-07-01/2024-12-31,2025-01-01/2025-06-30,85,159529.SZ|159851.SZ|159980.SZ|159981.SZ|164824.SZ|501018.SH|510180.SH|513100.SH|513120.SH|513180.SH|513730.SH|518880.SH|588000.SH,2.453272515235451,0.781078061256192,neighbor,516150.SH,588000.SH
rolling_hill_climb,2024-07-01/2024-12-31,2025-01-01/2025-06-30,86,159529.SZ|159851.SZ|159980.SZ|159981.SZ|164824.SZ|501018.SH|510180.SH|513080.SH|513100.SH|513120.SH|513180.SH|518880.SH|588000.SH,1.9697170159385278,0.781078061256192,neighbor,513730.SH,513080.SH
rolling_hill_climb,2024-07-01/2024-12-31,2025-01-01/2025-06-30,87,159529.SZ|159687.SZ|159851.SZ|159980.SZ|159981.SZ|501018.SH|510180.SH|513100.SH|513120.SH|513180.SH|513730.SH|518880.SH|588000.SH,2.3549987742614262,0.781078061256192,neighbor,164824.SZ,159687.SZ
rolling_hill_climb,2024-07-01/2024-12-31,2025-01-01/2025-06-30,88,159529.SZ|159980.SZ|159981.SZ|164824.SZ|501018.SH|510180.SH|512660.SH|513100.SH|513120.SH|513180.SH|513730.SH|518880.SH|588000.SH,1.7479243027624956,0.8069924608770991,neighbor,159851.SZ,512660.SH
rolling_hill_climb,2024-07-01/2024-12-31,2025-01-01/2025-06-30,89,159851.SZ|159980.SZ|159981.SZ|164824.SZ|501018.SH|510180.SH|513080.SH|513100.SH|513120.SH|513180.SH|513730.SH|518880.SH|588000.SH,2.044971920875669,0.781078061256192,neighbor,159529.SZ,513080.SH
rolling_hill_climb,2024-07-01/2024-12-31,2025-01-01/2025-06-30,90,159529.SZ|159980.SZ|159981.SZ|164824.SZ|501018.SH|510180.SH|512100.SH|513100.SH|513120.SH|513180.SH|513730.SH|518880.SH|588000.SH,1.8424090756244746,0.8302873224618845,neighbor,159851.SZ,512100.SH
rolling_hill_climb,2024-07-01/2024-12-31,2025-01-01/2025-06-30,91,159529.SZ|159851.SZ|159980.SZ|159981.SZ|164824.SZ|501018.SH|510180.SH|513100.SH|513120.SH|513180.SH|513400.SH|518880.SH|588000.SH,2.017793515732561,0.781078061256192,neighbor,513730.SH,513400.SH
rolling_hill_climb,2024-07-01/2024-12-31,2025-01-01/2025-06-30,92,159529.SZ|159980.SZ|159981.SZ|164824.SZ|501018.SH|510180.SH|513100.SH|513120.SH|513180.SH|513730.SH|515880.SH|518880.SH|588000.SH,1.3926072975342203,0.8341728241575475,neighbor,159851.SZ,515880.SH
rolling_hill_climb,2024-07-01/2024-12-31,2025-01-01/2025-06-30,93,159529.SZ|159851.SZ|159980.SZ|159981.SZ|161226.SZ|164824.SZ|501018.SH|510180.SH|513100.SH|513120.SH|513180.SH|513730.SH|588000.SH,2.2675505757941794,0.781078061256192,neighbor,518880.SH,161226.SZ
rolling_hill_climb,2024-07-01/2024-12-31,2025-01-01/2025-06-30,94,159529.SZ|159851.SZ|159980.SZ|159985.SZ|164824.SZ|501018.SH|510180.SH|513100.SH|513120.SH|513180.SH|513730.SH|518880.SH|588000.SH,2.0735693868912786,0.781078061256192,neighbor,159981.SZ,159985.SZ
rolling_hill_climb,2024-07-01/2024-12-31,2025-01-01/2025-06-30,95,159529.SZ|159851.SZ|159949.SZ|159980.SZ|159981.SZ|164824.SZ|501018.SH|510180.SH|513100.SH|513120.SH|513180.SH|513730.SH|518880.SH,2.377539514932111,0.8647100098359662,neighbor,588000.SH,159949.SZ
rolling_hill_climb,2024-07-01/2024-12-31,2025-01-01/2025-06-30,96,159529.SZ|159766.SZ|159851.SZ|159980.SZ|159981.SZ|164824.SZ|501018.SH|513100.SH|513120.SH|513180.SH|513730.SH|518880.SH|588000.SH,2.064026557923938,0.781078061256192,neighbor,510180.SH,159766.SZ
rolling_hill_climb,2024-07-01/2024-12-31,2025-01-01/2025-06-30,97,159529.SZ|159851.SZ|159980.SZ|159981.SZ|164824.SZ|501018.SH|510180.SH|513100.SH|513180.SH|513730.SH|513750.SH|518880.SH|588000.SH,2.2141460607209424,0.8861226651551434,neighbor,513120.SH,513750.SH
rolling_hill_climb,2024-07-01/2024-12-31,2025-01-01/2025-06-30,98,159509.SZ|159529.SZ|159851.SZ|159980.SZ|159981.SZ|501018.SH|510180.SH|513100.SH|513120.SH|513180.SH|513730.SH|518880.SH|588000.SH,2.4123361211448717,0.9103349868626713,neighbor,164824.SZ,159509.SZ
rolling_hill_climb,2024-07-01/2024-12-31,2025-01-01/2025-06-30,99,159529.SZ|159851.SZ|159980.SZ|159981.SZ|164824.SZ|501018.SH|510180.SH|513100.SH|513120.SH|513730.SH|513750.SH|518880.SH|588000.SH,2.2616073837656487,0.7579535481871515,neighbor,513180.SH,513750.SH
rolling_hill_climb,2024-07-01/2024-12-31,2025-01-01/2025-06-30,100,159518.SZ|159529.SZ|159851.SZ|159980.SZ|159981.SZ|501018.SH|510180.SH|513100.SH|513120.SH|513180.SH|513730.SH|518880.SH|588000.SH,2.30700941086147,0.781078061256192,neighbor,164824.SZ,159518.SZ
rolling_hill_climb,2025-01-01/2025-06-30,2025-07-01/2025-12-31,1,159329.SZ|159509.SZ|159529.SZ|159949.SZ|159980.SZ|159985.SZ|161226.SZ|512100.SH|513120.SH|513180.SH|513880.SH|515790.SH|518880.SH,0.44458949905092526,0.9060925720183077,initial,,
rolling_hill_climb,2025-01-01/2025-06-30,2025-07-01/2025-12-31,2,159329.SZ|159509.SZ|159529.SZ|159949.SZ|159980.SZ|159985.SZ|161226.SZ|512100.SH|512660.SH|513120.SH|513180.SH|513880.SH|518880.SH,0.3641268078027644,0.9060925720183077,neighbor,515790.SH,512660.SH
rolling_hill_climb,2025-01-01/2025-06-30,2025-07-01/2025-12-31,3,159329.SZ|159518.SZ|159529.SZ|159949.SZ|159980.SZ|159985.SZ|161226.SZ|512100.SH|513120.SH|513180.SH|513880.SH|515790.SH|518880.SH,0.5762840187410423,0.9060925720183077,neighbor,159509.SZ,159518.SZ
rolling_hill_climb,2025-01-01/2025-06-30,2025-07-01/2025-12-31,4,159329.SZ|159518.SZ|159529.SZ|159949.SZ|159980.SZ|159981.SZ|159985.SZ|512100.SH|513120.SH|513180.SH|513880.SH|515790.SH|518880.SH,-1.047301662611669,0.9060925720183077,neighbor,161226.SZ,159981.SZ
rolling_hill_climb,2025-01-01/2025-06-30,2025-07-01/2025-12-31,5,159329.SZ|159518.SZ|159529.SZ|159949.SZ|159981.SZ|159985.SZ|161226.SZ|512100.SH|513120.SH|513180.SH|513880.SH|515790.SH|518880.SH,-0.5945836025439395,0.9060925720183077,neighbor,159980.SZ,159981.SZ
rolling_hill_climb,2025-01-01/2025-06-30,2025-07-01/2025-12-31,6,159329.SZ|159509.SZ|159518.SZ|159949.SZ|159980.SZ|159985.SZ|161226.SZ|512100.SH|513120.SH|513180.SH|513880.SH|515790.SH|518880.SH,0.636024531855931,0.9060925720183077,neighbor,159529.SZ,159509.SZ
rolling_hill_climb,2025-01-01/2025-06-30,2025-07-01/2025-12-31,7,159329.SZ|159509.SZ|159518.SZ|159949.SZ|159980.SZ|159985.SZ|161226.SZ|513120.SH|513180.SH|513880.SH|515790.SH|518880.SH|563300.SH,0.6368657522609776,0.8507383796519583,neighbor,512100.SH,563300.SH
rolling_hill_climb,2025-01-01/2025-06-30,2025-07-01/2025-12-31,8,159329.SZ|159509.SZ|159518.SZ|159687.SZ|159949.SZ|159980.SZ|159985.SZ|161226.SZ|513120.SH|513180.SH|515790.SH|518880.SH|563300.SH,0.1757151635322434,0.8507383796519583,neighbor,513880.SH,159687.SZ
rolling_hill_climb,2025-01-01/2025-06-30,2025-07-01/2025-12-31,9,159329.SZ|159509.SZ|159518.SZ|159949.SZ|159980.SZ|159981.SZ|159985.SZ|513120.SH|513180.SH|513880.SH|515790.SH|518880.SH|563300.SH,-1.0202378951217301,0.8507383796519583,neighbor,161226.SZ,159981.SZ
rolling_hill_climb,2025-01-01/2025-06-30,2025-07-01/2025-12-31,10,159329.SZ|159509.SZ|159518.SZ|159949.SZ|159980.SZ|159985.SZ|161226.SZ|510180.SH|513120.SH|513180.SH|513880.SH|515790.SH|518880.SH,0.5519469684813352,0.8847421500630892,neighbor,563300.SH,510180.SH
rolling_hill_climb,2025-01-01/2025-06-30,2025-07-01/2025-12-31,11,159329.SZ|159518.SZ|159949.SZ|159980.SZ|159985.SZ|161226.SZ|513120.SH|513180.SH|513310.SH|513880.SH|515790.SH|518880.SH|563300.SH,1.1956545395306417,0.8507383796519583,neighbor,159509.SZ,513310.SH
rolling_hill_climb,2025-01-01/2025-06-30,2025-07-01/2025-12-31,12,159329.SZ|159518.SZ|159949.SZ|159980.SZ|159981.SZ|159985.SZ|513120.SH|513180.SH|513310.SH|513880.SH|515790.SH|518880.SH|563300.SH,-0.6919422152831375,0.8507383796519583,neighbor,161226.SZ,159981.SZ
rolling_hill_climb,2025-01-01/2025-06-30,2025-07-01/2025-12-31,13,159329.SZ|159518.SZ|159949.SZ|159980.SZ|159985.SZ|161226.SZ|512170.SH|513120.SH|513180.SH|513310.SH|513880.SH|515790.SH|518880.SH,1.1789524544452437,0.8507383796519583,neighbor,563300.SH,512170.SH
rolling_hill_climb,2025-01-01/2025-06-30,2025-07-01/2025-12-31,14,159329.SZ|159518.SZ|159949.SZ|159980.SZ|159985.SZ|161226.SZ|513080.SH|513120.SH|513180.SH|513310.SH|515790.SH|518880.SH|563300.SH,0.6944083882562875,0.8507383796519583,neighbor,513880.SH,513080.SH
rolling_hill_climb,2025-01-01/2025-06-30,2025-07-01/2025-12-31,15,159329.SZ|159518.SZ|159949.SZ|159980.SZ|161226.SZ|501018.SH|513120.SH|513180.SH|513310.SH|513880.SH|515790.SH|518880.SH|563300.SH,1.2607378133543643,0.8507383796519583,neighbor,159985.SZ,501018.SH
rolling_hill_climb,2025-01-01/2025-06-30,2025-07-01/2025-12-31,16,159329.SZ|159518.SZ|159980.SZ|161226.SZ|501018.SH|512200.SH|513120.SH|513180.SH|513310.SH|513880.SH|515790.SH|518880.SH|563300.SH,1.1637317955412276,0.8194457512947163,neighbor,159949.SZ,512200.SH
rolling_hill_climb,2025-01-01/2025-06-30,2025-07-01/2025-12-31,17,159518.SZ|159949.SZ|159980.SZ|161226.SZ|501018.SH|513120.SH|513180.SH|513310.SH|513730.SH|513880.SH|515790.SH|518880.SH|563300.SH,0.1368146125994172,0.8507383796519583,neighbor,159329.SZ,513730.SH
rolling_hill_climb,2025-01-01/2025-06-30,2025-07-01/2025-12-31,18,159329.SZ|159518.SZ|159949.SZ|159980.SZ|161226.SZ|501018.SH|512040.SH|513120.SH|513180.SH|513310.SH|513880.SH|518880.SH|563300.SH,0.875753812120233,0.8076251533040223,neighbor,515790.SH,512040.SH
rolling_hill_climb,2025-01-01/2025-06-30,2025-07-01/2025-12-31,19,159329.SZ|159949.SZ|159980.SZ|161226.SZ|501018.SH|513120.SH|513180.SH|513290.SH|513310.SH|513880.SH|515790.SH|518880.SH|563300.SH,1.6210601663526973,0.8507383796519583,neighbor,159518.SZ,513290.SH
rolling_hill_climb,2025-01-01/2025-06-30,2025-07-01/2025-12-31,20,159329.SZ|159949.SZ|159980.SZ|159985.SZ|501018.SH|513120.SH|513180.SH|513290.SH|513310.SH|513880.SH|515790.SH|518880.SH|563300.SH,0.17182404823929712,0.8507383796519583,neighbor,161226.SZ,159985.SZ
rolling_hill_climb,2025-01-01/2025-06-30,2025-07-01/2025-12-31,21,159329.SZ|159949.SZ|159980.SZ|161226.SZ|501018.SH|513120.SH|513290.SH|513310.SH|513750.SH|513880.SH|515790.SH|518880.SH|563300.SH,1.8614492351609864,0.8507383796519583,neighbor,513180.SH,513750.SH
rolling_hill_climb,2025-01-01/2025-06-30,2025-07-01/2025-12-31,22,159329.SZ|159949.SZ|159980.SZ|159981.SZ|161226.SZ|501018.SH|513120.SH|513290.SH|513310.SH|513750.SH|513880.SH|515790.SH|563300.SH,0.5583736874195772,0.8507383796519583,neighbor,518880.SH,159981.SZ
rolling_hill_climb,2025-01-01/2025-06-30,2025-07-01/2025-12-31,23,159949.SZ|159980.SZ|161226.SZ|164824.SZ|501018.SH|513120.SH|513290.SH|513310.SH|513750.SH|513880.SH|515790.SH|518880.SH|563300.SH,1.5991584670343342,0.8507383796519583,neighbor,159329.SZ,164824.SZ
rolling_hill_climb,2025-01-01/2025-06-30,2025-07-01/2025-12-31,24,159949.SZ|159980.SZ|161226.SZ|501018.SH|513120.SH|513290.SH|513310.SH|513400.SH|513750.SH|513880.SH|515790.SH|518880.SH|563300.SH,1.1023809982143287,0.8507383796519583,neighbor,159329.SZ,513400.SH
rolling_hill_climb,2025-01-01/2025-06-30,2025-07-01/2025-12-31,25,159329.SZ|159949.SZ|159980.SZ|161226.SZ|501018.SH|513030.SH|513120.SH|513290.SH|513310.SH|513750.SH|515790.SH|518880.SH|563300.SH,1.739768057610745,0.8507383796519583,neighbor,513880.SH,513030.SH
rolling_hill_climb,2025-01-01/2025-06-30,2025-07-01/2025-12-31,26,159329.SZ|159949.SZ|159980.SZ|159981.SZ|501018.SH|513120.SH|513290.SH|513310.SH|513750.SH|513880.SH|515790.SH|518880.SH|563300.SH,1.8621659973895444,0.8507383796519583,neighbor,161226.SZ,159981.SZ
rolling_hill_climb,2025-01-01/2025-06-30,2025-07-01/2025-12-31,27,159529.SZ|159949.SZ|159980.SZ|159981.SZ|501018.SH|513120.SH|513290.SH|513310.SH|513750.SH|513880.SH|515790.SH|518880.SH|563300.SH,1.1128381596187549,0.8507383796519583,neighbor,159329.SZ,159529.SZ
rolling_hill_climb,2025-01-01/2025-06-30,2025-07-01/2025-12-31,28,159329.SZ|159949.SZ|159980.SZ|159981.SZ|501018.SH|513120.SH|513290.SH|513310.SH|513400.SH|513750.SH|515790.SH|518880.SH|563300.SH,1.7930246574328004,0.8507383796519583,neighbor,513880.SH,513400.SH
rolling_hill_climb,2025-01-01/2025-06-30,2025-07-01/2025-12-31,29,159329.SZ|159865.SZ|159949.SZ|159980.SZ|159981.SZ|501018.SH|513120.SH|513290.SH|513310.SH|513750.SH|513880.SH|518880.SH|563300.SH,1.6977056020776826,0.8076251533040223,neighbor,515790.SH,159865.SZ
rolling_hill_climb,2025-01-01/2025-06-30,2025-07-01/2025-12-31,30,159949.SZ|159980.SZ|159981.SZ|501018.SH|513030.SH|513120.SH|513290.SH|513310.SH|513750.SH|513880.SH|515790.SH|518880.SH|563300.SH,0.9625778570484457,0.8507383796519583,neighbor,159329.SZ,513030.SH
rolling_hill_climb,2025-01-01/2025-06-30,2025-07-01/2025-12-31,31,159329.SZ|159949.SZ|159980.SZ|159981.SZ|161226.SZ|513120.SH|513290.SH|513310.SH|513750.SH|513880.SH|515790.SH|518880.SH|563300.SH,1.9051379621891038,0.8507383796519583,neighbor,501018.SH,161226.SZ
rolling_hill_climb,2025-01-01/2025-06-30,2025-07-01/2025-12-31,32,159329.SZ|159611.SZ|159949.SZ|159980.SZ|159981.SZ|161226.SZ|513120.SH|513290.SH|513310.SH|513750.SH|513880.SH|515790.SH|518880.SH,1.6053895567313008,0.8507383796519583,neighbor,563300.SH,159611.SZ
rolling_hill_climb,2025-01-01/2025-06-30,2025-07-01/2025-12-31,33,159329.SZ|159949.SZ|159981.SZ|161226.SZ|501018.SH|513120.SH|513290.SH|513310.SH|513750.SH|513880.SH|515790.SH|518880.SH|563300.SH,2.149195048536473,0.8507383796519583,neighbor,159980.SZ,501018.SH
rolling_hill_climb,2025-01-01/2025-06-30,2025-07-01/2025-12-31,34,159329.SZ|159529.SZ|159949.SZ|159981.SZ|161226.SZ|501018.SH|513120.SH|513290.SH|513310.SH|513750.SH|515790.SH|518880.SH|563300.SH,1.292067675427278,0.8507383796519583,neighbor,513880.SH,159529.SZ
rolling_hill_climb,2025-01-01/2025-06-30,2025-07-01/2025-12-31,35,159329.SZ|159949.SZ|159981.SZ|160644.SZ|161226.SZ|501018.SH|513120.SH|513310.SH|513750.SH|513880.SH|515790.SH|518880.SH|563300.SH,1.108451564973353,0.8507383796519583,neighbor,513290.SH,160644.SZ
rolling_hill_climb,2025-01-01/2025-06-30,2025-07-01/2025-12-31,36,159329.SZ|159851.SZ|159949.SZ|159981.SZ|161226.SZ|501018.SH|513120.SH|513290.SH|513310.SH|513750.SH|513880.SH|518880.SH|563300.SH,2.1613752807884894,0.8443183910143117,neighbor,515790.SH,159851.SZ
rolling_hill_climb,2025-01-01/2025-06-30,2025-07-01/2025-12-31,37,159329.SZ|159851.SZ|159949.SZ|159985.SZ|161226.SZ|501018.SH|513120.SH|513290.SH|513310.SH|513750.SH|513880.SH|518880.SH|563300.SH,1.9042252065626393,0.8443183910143117,neighbor,159981.SZ,159985.SZ
rolling_hill_climb,2025-01-01/2025-06-30,2025-07-01/2025-12-31,38,159329.SZ|159687.SZ|159851.SZ|159949.SZ|159981.SZ|161226.SZ|501018.SH|513120.SH|513310.SH|513750.SH|513880.SH|518880.SH|563300.SH,2.2383558154473806,0.8443183910143117,neighbor,513290.SH,159687.SZ
rolling_hill_climb,2025-01-01/2025-06-30,2025-07-01/2025-12-31,39,159329.SZ|159687.SZ|159851.SZ|159949.SZ|159985.SZ|161226.SZ|501018.SH|513120.SH|513310.SH|513750.SH|513880.SH|518880.SH|563300.SH,1.8082580615753805,0.8443183910143117,neighbor,159981.SZ,159985.SZ
rolling_hill_climb,2025-01-01/2025-06-30,2025-07-01/2025-12-31,40,159329.SZ|159687.SZ|159851.SZ|159949.SZ|159980.SZ|159981.SZ|501018.SH|513120.SH|513310.SH|513750.SH|513880.SH|518880.SH|563300.SH,1.9835729797732256,0.8443183910143117,neighbor,161226.SZ,159980.SZ
rolling_hill_climb,2025-01-01/2025-06-30,2025-07-01/2025-12-31,41,159329.SZ|159687.SZ|159851.SZ|159870.SZ|159949.SZ|159981.SZ|161226.SZ|501018.SH|513120.SH|513310.SH|513750.SH|513880.SH|518880.SH,2.190665346240037,0.8314536997705931,neighbor,563300.SH,159870.SZ
rolling_hill_climb,2025-01-01/2025-06-30,2025-07-01/2025-12-31,42,159329.SZ|159687.SZ|159851.SZ|159949.SZ|159981.SZ|161226.SZ|501018.SH|512400.SH|513120.SH|513310.SH|513750.SH|513880.SH|518880.SH,1.9668268911067022,0.8033865522673497,neighbor,563300.SH,512400.SH
rolling_hill_climb,2025-01-01/2025-06-30,2025-07-01/2025-12-31,43,159329.SZ|159687.SZ|159851.SZ|159981.SZ|161226.SZ|501018.SH|510300.SH|513120.SH|513310.SH|513750.SH|513880.SH|518880.SH|563300.SH,2.183258610964536,0.8443183910143117,neighbor,159949.SZ,510300.SH
rolling_hill_climb,2025-01-01/2025-06-30,2025-07-01/2025-12-31,44,159326.SZ|159329.SZ|159687.SZ|159851.SZ|159949.SZ|159981.SZ|161226.SZ|501018.SH|513120.SH|513310.SH|513750.SH|513880.SH|518880.SH,2.1391398883973074,0.8779030394902476,neighbor,563300.SH,159326.SZ
rolling_hill_climb,2025-01-01/2025-06-30,2025-07-01/2025-12-31,45,159329.SZ|159851.SZ|159949.SZ|159981.SZ|161226.SZ|501018.SH|513100.SH|513120.SH|513310.SH|513750.SH|513880.SH|518880.SH|563300.SH,1.2602166719875447,0.8443183910143117,neighbor,159687.SZ,513100.SH
rolling_hill_climb,2025-01-01/2025-06-30,2025-07-01/2025-12-31,46,159329.SZ|159687.SZ|159851.SZ|159981.SZ|161226.SZ|501018.SH|510050.SH|513120.SH|513310.SH|513750.SH|513880.SH|518880.SH|563300.SH,1.364511456706901,0.8443183910143117,neighbor,159949.SZ,510050.SH
rolling_hill_climb,2025-01-01/2025-06-30,2025-07-01/2025-12-31,47,159329.SZ|159687.SZ|159851.SZ|159949.SZ|159981.SZ|159985.SZ|161226.SZ|501018.SH|513120.SH|513310.SH|513750.SH|513880.SH|563300.SH,-0.09852593594236332,0.8443183910143117,neighbor,518880.SH,159985.SZ
rolling_hill_climb,2025-01-01/2025-06-30,2025-07-01/2025-12-31,48,159329.SZ|159687.SZ|159825.SZ|159851.SZ|159949.SZ|159981.SZ|161226.SZ|501018.SH|513120.SH|513310.SH|513750.SH|513880.SH|518880.SH,1.9526091666454417,0.8033865522673497,neighbor,563300.SH,159825.SZ
rolling_hill_climb,2025-01-01/2025-06-30,2025-07-01/2025-12-31,49,159329.SZ|159687.SZ|159851.SZ|159920.SZ|159949.SZ|159981.SZ|161226.SZ|501018.SH|513120.SH|513310.SH|513880.SH|518880.SH|563300.SH,1.2573458828723683,0.8443183910143117,neighbor,513750.SH,159920.SZ
rolling_hill_climb,2025-01-01/2025-06-30,2025-07-01/2025-12-31,50,159329.SZ|159687.SZ|159851.SZ|159949.SZ|159981.SZ|159985.SZ|161226.SZ|513120.SH|513310.SH|513750.SH|513880.SH|518880.SH|563300.SH,1.6929877124990163,0.8443183910143117,neighbor,501018.SH,159985.SZ
rolling_hill_climb,2025-01-01/2025-06-30,2025-07-01/2025-12-31,51,159329.SZ|159529.SZ|159851.SZ|159949.SZ|159981.SZ|161226.SZ|501018.SH|513120.SH|513310.SH|513750.SH|513880.SH|518880.SH|563300.SH,1.4215299574569746,0.8443183910143117,neighbor,159687.SZ,159529.SZ
rolling_hill_climb,2025-01-01/2025-06-30,2025-07-01/2025-12-31,52,159687.SZ|159851.SZ|159949.SZ|159981.SZ|161226.SZ|501018.SH|513120.SH|513310.SH|513500.SH|513750.SH|513880.SH|518880.SH|563300.SH,1.3692313359348163,0.8443183910143117,neighbor,159329.SZ,513500.SH
rolling_hill_climb,2025-01-01/2025-06-30,2025-07-01/2025-12-31,53,159329.SZ|159687.SZ|159851.SZ|159949.SZ|159981.SZ|161226.SZ|501018.SH|513070.SH|513120.SH|513310.SH|513880.SH|518880.SH|563300.SH,1.8365161894617053,0.8443183910143117,neighbor,513750.SH,513070.SH
rolling_hill_climb,2025-01-01/2025-06-30,2025-07-01/2025-12-31,54,159329.SZ|159687.SZ|159851.SZ|159949.SZ|159981.SZ|161226.SZ|501018.SH|513030.SH|513120.SH|513750.SH|513880.SH|518880.SH|563300.SH,1.8660601926493545,0.8443183910143117,neighbor,513310.SH,513030.SH
rolling_hill_climb,2025-01-01/2025-06-30,2025-07-01/2025-12-31,55,159329.SZ|159687.SZ|159851.SZ|159949.SZ|159980.SZ|159981.SZ|161226.SZ|513120.SH|513310.SH|513750.SH|513880.SH|518880.SH|563300.SH,2.0530375845888056,0.8443183910143117,neighbor,501018.SH,159980.SZ
rolling_hill_climb,2025-01-01/2025-06-30,2025-07-01/2025-12-31,56,159329.SZ|159687.SZ|159928.SZ|159949.SZ|159981.SZ|161226.SZ|501018.SH|513120.SH|513310.SH|513750.SH|513880.SH|518880.SH|563300.SH,2.013537272808051,0.8076251533040223,neighbor,159851.SZ,159928.SZ
rolling_hill_climb,2025-01-01/2025-06-30,2025-07-01/2025-12-31,57,159329.SZ|159687.SZ|159851.SZ|159949.SZ|159981.SZ|161226.SZ|501018.SH|513120.SH|513310.SH|513730.SH|513750.SH|518880.SH|563300.SH,2.2002837239287456,0.8443183910143117,neighbor,513880.SH,513730.SH
rolling_hill_climb,2025-01-01/2025-06-30,2025-07-01/2025-12-31,58,159329.SZ|159687.SZ|159851.SZ|159949.SZ|159981.SZ|161226.SZ|501018.SH|513100.SH|513120.SH|513310.SH|513750.SH|518880.SH|563300.SH,1.3644429333894352,0.8443183910143117,neighbor,513880.SH,513100.SH
rolling_hill_climb,2025-01-01/2025-06-30,2025-07-01/2025-12-31,59,159329.SZ|159851.SZ|159949.SZ|159981.SZ|161226.SZ|501018.SH|513080.SH|513120.SH|513310.SH|513750.SH|513880.SH|518880.SH|563300.SH,2.0598854939659015,0.8443183910143117,neighbor,159687.SZ,513080.SH
rolling_hill_climb,2025-01-01/2025-06-30,2025-07-01/2025-12-31,60,159329.SZ|159687.SZ|159851.SZ|159920.SZ|159949.SZ|159981.SZ|161226.SZ|501018.SH|513310.SH|513750.SH|513880.SH|518880.SH|563300.SH,0.861846506042031,0.9042601594691357,neighbor,513120.SH,159920.SZ
rolling_hill_climb,2025-01-01/2025-06-30,2025-07-01/2025-12-31,61,159329.SZ|159687.SZ|159851.SZ|159949.SZ|159981.SZ|161226.SZ|501018.SH|512200.SH|513120.SH|513310.SH|513750.SH|513880.SH|518880.SH,2.1386747749227353,0.8033865522673497,neighbor,563300.SH,512200.SH
rolling_hill_climb,2025-01-01/2025-06-30,2025-07-01/2025-12-31,62,159329.SZ|159687.SZ|159851.SZ|159981.SZ|161226.SZ|501018.SH|513120.SH|513310.SH|513750.SH|513880.SH|516150.SH|518880.SH|563300.SH,2.144992563402134,0.8443183910143117,neighbor,159949.SZ,516150.SH
rolling_hill_climb,2025-01-01/2025-06-30,2025-07-01/2025-12-31,63,159329.SZ|159687.SZ|159851.SZ|159949.SZ|159981.SZ|161226.SZ|501018.SH|513120.SH|513310.SH|513750.SH|513880.SH|515220.SH|518880.SH,2.0176760083803864,0.8033865522673497,neighbor,563300.SH,515220.SH
rolling_hill_climb,2025-01-01/2025-06-30,2025-07-01/2025-12-31,64,159329.SZ|159687.SZ|159851.SZ|159949.SZ|159981.SZ|161226.SZ|501018.SH|513070.SH|513310.SH|513750.SH|513880.SH|518880.SH|563300.SH,1.4594496342920058,0.8443183910143117,neighbor,513120.SH,513070.SH
rolling_hill_climb,2025-01-01/2025-06-30,2025-07-01/2025-12-31,65,159329.SZ|159687.SZ|159851.SZ|159949.SZ|159981.SZ|161226.SZ|501018.SH|513120.SH|513310.SH|513750.SH|513880.SH|518880.SH|562500.SH,2.1811287548460725,0.8033865522673497,neighbor,563300.SH,562500.SH
rolling_hill_climb,2025-01-01/2025-06-30,2025-07-01/2025-12-31,66,159329.SZ|159518.SZ|159687.SZ|159851.SZ|159949.SZ|159981.SZ|161226.SZ|501018.SH|513120.SH|513750.SH|513880.SH|518880.SH|563300.SH,1.2533491181752807,0.8443183910143117,neighbor,513310.SH,159518.SZ
rolling_hill_climb,2025-01-01/2025-06-30,2025-07-01/2025-12-31,67,159329.SZ|159687.SZ|159949.SZ|159981.SZ|161226.SZ|501018.SH|512170.SH|513120.SH|513310.SH|513750.SH|513880.SH|518880.SH|563300.SH,2.0703832898721384,0.8076251533040223,neighbor,159851.SZ,512170.SH
rolling_hill_climb,2025-01-01/2025-06-30,2025-07-01/2025-12-31,68,159329.SZ|159687.SZ|159851.SZ|159949.SZ|159980.SZ|161226.SZ|501018.SH|513120.SH|513310.SH|513750.SH|513880.SH|518880.SH|563300.SH,1.9482741084269428,0.8443183910143117,neighbor,159981.SZ,159980.SZ
rolling_hill_climb,2025-01-01/2025-06-30,2025-07-01/2025-12-31,69,159209.SZ|159329.SZ|159687.SZ|159949.SZ|159981.SZ|161226.SZ|501018.SH|513120.SH|513310.SH|513750.SH|513880.SH|518880.SH|563300.SH,2.090734904466221,0.8692317258318252,neighbor,159851.SZ,159209.SZ
rolling_hill_climb,2025-01-01/2025-06-30,2025-07-01/2025-12-31,70,159329.SZ|159851.SZ|159949.SZ|159981.SZ|161226.SZ|501018.SH|513120.SH|513310.SH|513500.SH|513750.SH|513880.SH|518880.SH|563300.SH,2.1093089827396,0.8443183910143117,neighbor,159687.SZ,513500.SH
rolling_hill_climb,2025-01-01/2025-06-30,2025-07-01/2025-12-31,71,159329.SZ|159687.SZ|159851.SZ|159949.SZ|159981.SZ|161226.SZ|501018.SH|513120.SH|513310.SH|513750.SH|513880.SH|516150.SH|518880.SH,2.0612792030748173,0.8033865522673497,neighbor,563300.SH,516150.SH
rolling_hill_climb,2025-01-01/2025-06-30,2025-07-01/2025-12-31,72,159329.SZ|159611.SZ|159687.SZ|159949.SZ|159981.SZ|161226.SZ|501018.SH|513120.SH|513310.SH|513750.SH|513880.SH|518880.SH|563300.SH,1.9783832243270563,0.8076251533040223,neighbor,159851.SZ,159611.SZ
rolling_hill_climb,2025-01-01/2025-06-30,2025-07-01/2025-12-31,73,159329.SZ|159687.SZ|159851.SZ|159949.SZ|159981.SZ|161226.SZ|501018.SH|510880.SH|513120.SH|513310.SH|513750.SH|513880.SH|518880.SH,1.5163252502339888,0.8033865522673497,neighbor,563300.SH,510880.SH
rolling_hill_climb,2025-01-01/2025-06-30,2025-07-01/2025-12-31,74,159329.SZ|159851.SZ|159949.SZ|159981.SZ|161226.SZ|501018.SH|513120.SH|513310.SH|513400.SH|513750.SH|513880.SH|518880.SH|563300.SH,2.1168736253324636,0.8443183910143117,neighbor,159687.SZ,513400.SH
rolling_hill_climb,2025-01-01/2025-06-30,2025-07-01/2025-12-31,75,159329.SZ|159687.SZ|159851.SZ|159949.SZ|159981.SZ|161226.SZ|501018.SH|510050.SH|513120.SH|513310.SH|513750.SH|513880.SH|518880.SH,1.2058814703534018,0.8033865522673497,neighbor,563300.SH,510050.SH
rolling_hill_climb,2025-01-01/2025-06-30,2025-07-01/2025-12-31,76,159329.SZ|159687.SZ|159825.SZ|159851.SZ|159981.SZ|161226.SZ|501018.SH|513120.SH|513310.SH|513750.SH|513880.SH|518880.SH|563300.SH,2.102220161414198,0.8443183910143117,neighbor,159949.SZ,159825.SZ
rolling_hill_climb,2025-01-01/2025-06-30,2025-07-01/2025-12-31,77,159329.SZ|159687.SZ|159851.SZ|159949.SZ|159981.SZ|161226.SZ|501018.SH|513120.SH|513180.SH|513310.SH|513880.SH|518880.SH|563300.SH,0.8543003807047659,0.8443183910143117,neighbor,513750.SH,513180.SH
rolling_hill_climb,2025-01-01/2025-06-30,2025-07-01/2025-12-31,78,159529.SZ|159687.SZ|159851.SZ|159949.SZ|159981.SZ|161226.SZ|501018.SH|513120.SH|513310.SH|513750.SH|513880.SH|518880.SH|563300.SH,1.560306285421343,0.8443183910143117,neighbor,159329.SZ,159529.SZ
rolling_hill_climb,2025-01-01/2025-06-30,2025-07-01/2025-12-31,79,159329.SZ|159687.SZ|159851.SZ|159949.SZ|159981.SZ|159985.SZ|501018.SH|513120.SH|513310.SH|513750.SH|513880.SH|518880.SH|563300.SH,0.643397110950154,0.8443183910143117,neighbor,161226.SZ,159985.SZ
rolling_hill_climb,2025-01-01/2025-06-30,2025-07-01/2025-12-31,80,159206.SZ|159329.SZ|159687.SZ|159851.SZ|159981.SZ|161226.SZ|501018.SH|513120.SH|513310.SH|513750.SH|513880.SH|518880.SH|563300.SH,2.2802412933674727,0.8747386201532243,neighbor,159949.SZ,159206.SZ
rolling_hill_climb,2025-01-01/2025-06-30,2025-07-01/2025-12-31,81,159206.SZ|159329.SZ|159687.SZ|159851.SZ|159981.SZ|161226.SZ|501018.SH|513120.SH|513290.SH|513750.SH|513880.SH|518880.SH|563300.SH,1.7856270458921455,0.8747386201532243,neighbor,513310.SH,513290.SH
rolling_hill_climb,2025-01-01/2025-06-30,2025-07-01/2025-12-31,82,159206.SZ|159329.SZ|159687.SZ|159851.SZ|159852.SZ|159981.SZ|161226.SZ|501018.SH|513120.SH|513310.SH|513750.SH|513880.SH|518880.SH,2.4473142067841356,0.8936089729693539,neighbor,563300.SH,159852.SZ
rolling_hill_climb,2025-01-01/2025-06-30,2025-07-01/2025-12-31,83,159206.SZ|159329.SZ|159518.SZ|159687.SZ|159851.SZ|159852.SZ|159981.SZ|161226.SZ|501018.SH|513120.SH|513750.SH|513880.SH|518880.SH,1.4858486760179546,0.8936089729693539,neighbor,513310.SH,159518.SZ
rolling_hill_climb,2025-01-01/2025-06-30,2025-07-01/2025-12-31,84,159206.SZ|159329.SZ|159851.SZ|159852.SZ|159981.SZ|161226.SZ|501018.SH|513080.SH|513120.SH|513310.SH|513750.SH|513880.SH|518880.SH,2.2722075736175396,0.8936089729693539,neighbor,159687.SZ,513080.SH
rolling_hill_climb,2025-01-01/2025-06-30,2025-07-01/2025-12-31,85,159206.SZ|159329.SZ|159851.SZ|159852.SZ|159981.SZ|161226.SZ|501018.SH|513120.SH|513310.SH|513500.SH|513750.SH|513880.SH|518880.SH,2.3946432287724937,0.8936089729693539,neighbor,159687.SZ,513500.SH
rolling_hill_climb,2025-01-01/2025-06-30,2025-07-01/2025-12-31,86,159206.SZ|159329.SZ|159687.SZ|159851.SZ|159852.SZ|159981.SZ|159985.SZ|161226.SZ|501018.SH|513120.SH|513310.SH|513750.SH|513880.SH,-0.00981598876146272,0.8936089729693539,neighbor,518880.SH,159985.SZ
rolling_hill_climb,2025-01-01/2025-06-30,2025-07-01/2025-12-31,87,159206.SZ|159329.SZ|159687.SZ|159851.SZ|159852.SZ|159981.SZ|161226.SZ|501018.SH|513120.SH|513400.SH|513750.SH|513880.SH|518880.SH,1.9163491564344686,0.8936089729693539,neighbor,513310.SH,513400.SH
rolling_hill_climb,2025-01-01/2025-06-30,2025-07-01/2025-12-31,88,159329.SZ|159687.SZ|159851.SZ|159852.SZ|159870.SZ|159981.SZ|161226.SZ|501018.SH|513120.SH|513310.SH|513750.SH|513880.SH|518880.SH,2.2563942442723746,0.8936089729693539,neighbor,159206.SZ,159870.SZ
rolling_hill_climb,2025-01-01/2025-06-30,2025-07-01/2025-12-31,89,159206.SZ|159329.SZ|159687.SZ|159851.SZ|159870.SZ|159981.SZ|161226.SZ|501018.SH|513120.SH|513310.SH|513750.SH|513880.SH|518880.SH,2.2919244280634077,0.8069639698402787,neighbor,159852.SZ,159870.SZ
rolling_hill_climb,2025-01-01/2025-06-30,2025-07-01/2025-12-31,90,159329.SZ|159687.SZ|159851.SZ|159852.SZ|159981.SZ|161226.SZ|501018.SH|512890.SH|513120.SH|513310.SH|513750.SH|513880.SH|518880.SH,1.7935999612617355,0.8936089729693539,neighbor,159206.SZ,512890.SH
rolling_hill_climb,2025-01-01/2025-06-30,2025-07-01/2025-12-31,91,159329.SZ|159687.SZ|159851.SZ|159852.SZ|159928.SZ|159981.SZ|161226.SZ|501018.SH|513120.SH|513310.SH|513750.SH|513880.SH|518880.SH,2.102765224614043,0.8936089729693539,neighbor,159206.SZ,159928.SZ
rolling_hill_climb,2025-01-01/2025-06-30,2025-07-01/2025-12-31,92,159206.SZ|159329.SZ|159687.SZ|159851.SZ|159852.SZ|159980.SZ|161226.SZ|501018.SH|513120.SH|513310.SH|513750.SH|513880.SH|518880.SH,2.0812511681328636,0.8936089729693539,neighbor,159981.SZ,159980.SZ
rolling_hill_climb,2025-01-01/2025-06-30,2025-07-01/2025-12-31,93,159206.SZ|159329.SZ|159687.SZ|159851.SZ|159852.SZ|159981.SZ|161226.SZ|501018.SH|513070.SH|513120.SH|513310.SH|513880.SH|518880.SH,2.0194177489866503,0.8936089729693539,neighbor,513750.SH,513070.SH
rolling_hill_climb,2025-01-01/2025-06-30,2025-07-01/2025-12-31,94,159206.SZ|159329.SZ|159509.SZ|159687.SZ|159851.SZ|159852.SZ|159981.SZ|161226.SZ|501018.SH|513120.SH|513750.SH|513880.SH|518880.SH,1.8922503689975516,0.8936089729693539,neighbor,513310.SH,159509.SZ
rolling_hill_climb,2025-01-01/2025-06-30,2025-07-01/2025-12-31,95,159206.SZ|159329.SZ|159509.SZ|159687.SZ|159851.SZ|159852.SZ|159981.SZ|161226.SZ|501018.SH|513120.SH|513310.SH|513750.SH|518880.SH,1.6316068520155202,0.8936089729693539,neighbor,513880.SH,159509.SZ
rolling_hill_climb,2025-01-01/2025-06-30,2025-07-01/2025-12-31,96,159206.SZ|159329.SZ|159509.SZ|159851.SZ|159852.SZ|159981.SZ|161226.SZ|501018.SH|513120.SH|513310.SH|513750.SH|513880.SH|518880.SH,1.6258511240967215,0.8936089729693539,neighbor,159687.SZ,159509.SZ
rolling_hill_climb,2025-01-01/2025-06-30,2025-07-01/2025-12-31,97,159206.SZ|159329.SZ|159687.SZ|159851.SZ|159852.SZ|159981.SZ|160644.SZ|161226.SZ|501018.SH|513120.SH|513310.SH|513750.SH|518880.SH,1.1753438681209762,0.8936089729693539,neighbor,513880.SH,160644.SZ
rolling_hill_climb,2025-01-01/2025-06-30,2025-07-01/2025-12-31,98,159206.SZ|159329.SZ|159687.SZ|159851.SZ|159852.SZ|159981.SZ|161226.SZ|501018.SH|513120.SH|513290.SH|513750.SH|513880.SH|518880.SH,1.922775747291856,0.8936089729693539,neighbor,513310.SH,513290.SH
rolling_hill_climb,2025-01-01/2025-06-30,2025-07-01/2025-12-31,99,159206.SZ|159329.SZ|159687.SZ|159851.SZ|159852.SZ|159920.SZ|159981.SZ|161226.SZ|501018.SH|513120.SH|513310.SH|513880.SH|518880.SH,1.2055569015605971,0.8936089729693539,neighbor,513750.SH,159920.SZ
rolling_hill_climb,2025-01-01/2025-06-30,2025-07-01/2025-12-31,100,159206.SZ|159329.SZ|159687.SZ|159851.SZ|159852.SZ|159981.SZ|161226.SZ|501018.SH|513120.SH|513180.SH|513310.SH|513880.SH|518880.SH,1.0134940560821954,0.8936089729693539,neighbor,513750.SH,513180.SH
rolling_hill_climb,2025-07-01/2025-12-31,2026-01-01/2026-06-30,1,159518.SZ|159529.SZ|159766.SZ|159920.SZ|159980.SZ|159985.SZ|161226.SZ|512660.SH|513070.SH|513400.SH|513880.SH|518880.SH|588200.SH,2.675286475801424,0.8781907596410816,initial,,
rolling_hill_climb,2025-07-01/2025-12-31,2026-01-01/2026-06-30,2,159518.SZ|159529.SZ|159766.SZ|159980.SZ|159985.SZ|161226.SZ|512660.SH|513070.SH|513180.SH|513400.SH|513880.SH|518880.SH|588200.SH,2.3981257309573385,0.830842807816761,neighbor,159920.SZ,513180.SH
rolling_hill_climb,2025-07-01/2025-12-31,2026-01-01/2026-06-30,3,159518.SZ|159529.SZ|159766.SZ|159920.SZ|159980.SZ|159985.SZ|161226.SZ|512660.SH|513180.SH|513400.SH|513880.SH|518880.SH|588200.SH,2.490102557089232,0.896611122646074,neighbor,513070.SH,513180.SH
rolling_hill_climb,2025-07-01/2025-12-31,2026-01-01/2026-06-30,4,159518.SZ|159529.SZ|159766.SZ|159920.SZ|159980.SZ|159985.SZ|161226.SZ|512660.SH|513070.SH|513290.SH|513400.SH|518880.SH|588200.SH,2.232567760548986,0.8781907596410816,neighbor,513880.SH,513290.SH
rolling_hill_climb,2025-07-01/2025-12-31,2026-01-01/2026-06-30,5,159329.SZ|159518.SZ|159766.SZ|159920.SZ|159980.SZ|159985.SZ|161226.SZ|512660.SH|513070.SH|513400.SH|513880.SH|518880.SH|588200.SH,2.592017577790159,0.8781907596410816,neighbor,159529.SZ,159329.SZ
rolling_hill_climb,2025-07-01/2025-12-31,2026-01-01/2026-06-30,6,159529.SZ|159766.SZ|159920.SZ|159980.SZ|159985.SZ|160644.SZ|161226.SZ|512660.SH|513070.SH|513400.SH|513880.SH|518880.SH|588200.SH,2.731047641578464,0.8781907596410816,neighbor,159518.SZ,160644.SZ
rolling_hill_climb,2025-07-01/2025-12-31,2026-01-01/2026-06-30,7,159509.SZ|159529.SZ|159766.SZ|159920.SZ|159980.SZ|159985.SZ|160644.SZ|161226.SZ|512660.SH|513070.SH|513400.SH|518880.SH|588200.SH,3.0444773505338545,0.8781907596410816,neighbor,513880.SH,159509.SZ
rolling_hill_climb,2025-07-01/2025-12-31,2026-01-01/2026-06-30,8,159509.SZ|159529.SZ|159766.SZ|159920.SZ|159980.SZ|159981.SZ|159985.SZ|160644.SZ|161226.SZ|512660.SH|513070.SH|513400.SH|588200.SH,2.8371446505604587,0.8781907596410816,neighbor,518880.SH,159981.SZ
rolling_hill_climb,2025-07-01/2025-12-31,2026-01-01/2026-06-30,9,159509.SZ|159529.SZ|159766.SZ|159920.SZ|159985.SZ|160644.SZ|161226.SZ|501018.SH|512660.SH|513070.SH|513400.SH|518880.SH|588200.SH,3.360520693776507,0.8781907596410816,neighbor,159980.SZ,501018.SH
rolling_hill_climb,2025-07-01/2025-12-31,2026-01-01/2026-06-30,10,159529.SZ|159766.SZ|159920.SZ|159985.SZ|160644.SZ|161226.SZ|501018.SH|512660.SH|513070.SH|513290.SH|513400.SH|518880.SH|588200.SH,3.037607733780544,0.8781907596410816,neighbor,159509.SZ,513290.SH
rolling_hill_climb,2025-07-01/2025-12-31,2026-01-01/2026-06-30,11,159509.SZ|159766.SZ|159920.SZ|159985.SZ|160644.SZ|161226.SZ|501018.SH|512660.SH|513070.SH|513100.SH|513400.SH|518880.SH|588200.SH,2.9267668475732376,0.8781907596410816,neighbor,159529.SZ,513100.SH
rolling_hill_climb,2025-07-01/2025-12-31,2026-01-01/2026-06-30,12,159509.SZ|159529.SZ|159766.SZ|159920.SZ|159985.SZ|160644.SZ|161226.SZ|501018.SH|512660.SH|512880.SH|513070.SH|513400.SH|518880.SH,2.7842181317714907,0.8781907596410816,neighbor,588200.SH,512880.SH
rolling_hill_climb,2025-07-01/2025-12-31,2026-01-01/2026-06-30,13,159509.SZ|159529.SZ|159766.SZ|159920.SZ|159985.SZ|161226.SZ|501018.SH|512660.SH|513070.SH|513400.SH|513500.SH|518880.SH|588200.SH,2.564928206906676,0.8781907596410816,neighbor,160644.SZ,513500.SH
rolling_hill_climb,2025-07-01/2025-12-31,2026-01-01/2026-06-30,14,159509.SZ|159529.SZ|159766.SZ|159920.SZ|159985.SZ|160644.SZ|161226.SZ|501018.SH|512200.SH|513070.SH|513400.SH|518880.SH|588200.SH,2.7004374277362513,0.8781907596410816,neighbor,512660.SH,512200.SH
rolling_hill_climb,2025-07-01/2025-12-31,2026-01-01/2026-06-30,15,159509.SZ|159766.SZ|159920.SZ|159985.SZ|160644.SZ|161226.SZ|164824.SZ|501018.SH|512660.SH|513070.SH|513400.SH|518880.SH|588200.SH,2.836012065602958,0.8781907596410816,neighbor,159529.SZ,164824.SZ
rolling_hill_climb,2025-07-01/2025-12-31,2026-01-01/2026-06-30,16,159509.SZ|159529.SZ|159766.SZ|159920.SZ|159985.SZ|160644.SZ|161226.SZ|501018.SH|513070.SH|513400.SH|518880.SH|588200.SH|588220.SH,3.2483066036074333,0.8781907596410816,neighbor,512660.SH,588220.SH
rolling_hill_climb,2025-07-01/2025-12-31,2026-01-01/2026-06-30,17,159509.SZ|159529.SZ|159766.SZ|159920.SZ|159981.SZ|159985.SZ|160644.SZ|161226.SZ|512660.SH|513070.SH|513400.SH|518880.SH|588200.SH,3.360520693776507,0.8781907596410816,neighbor,501018.SH,159981.SZ
rolling_hill_climb,2025-07-01/2025-12-31,2026-01-01/2026-06-30,18,159509.SZ|159529.SZ|159766.SZ|159920.SZ|159985.SZ|160644.SZ|161226.SZ|501018.SH|512100.SH|513070.SH|513400.SH|518880.SH|588200.SH,3.280892709329247,0.8781907596410816,neighbor,512660.SH,512100.SH
rolling_hill_climb,2025-07-01/2025-12-31,2026-01-01/2026-06-30,19,159509.SZ|159529.SZ|159766.SZ|159920.SZ|159980.SZ|159985.SZ|160644.SZ|161226.SZ|501018.SH|512660.SH|513070.SH|513400.SH|588200.SH,2.8371446505604587,0.8781907596410816,neighbor,518880.SH,159980.SZ
rolling_hill_climb,2025-07-01/2025-12-31,2026-01-01/2026-06-30,20,159518.SZ|159529.SZ|159766.SZ|159920.SZ|159985.SZ|160644.SZ|161226.SZ|501018.SH|512660.SH|513070.SH|513400.SH|518880.SH|588200.SH,2.6587111995712016,0.8781907596410816,neighbor,159509.SZ,159518.SZ
rolling_hill_climb,2025-07-01/2025-12-31,2026-01-01/2026-06-30,21,159509.SZ|159529.SZ|159766.SZ|159920.SZ|159985.SZ|161226.SZ|501018.SH|512660.SH|513070.SH|513310.SH|513400.SH|518880.SH|588200.SH,2.9891798391954394,0.8781907596410816,neighbor,160644.SZ,513310.SH
rolling_hill_climb,2025-07-01/2025-12-31,2026-01-01/2026-06-30,22,159509.SZ|159529.SZ|159766.SZ|159920.SZ|159985.SZ|160644.SZ|161226.SZ|501018.SH|512660.SH|513070.SH|513100.SH|518880.SH|588200.SH,3.295746591772313,0.8781907596410816,neighbor,513400.SH,513100.SH
rolling_hill_climb,2025-07-01/2025-12-31,2026-01-01/2026-06-30,23,159509.SZ|159529.SZ|159766.SZ|159825.SZ|159920.SZ|159985.SZ|160644.SZ|161226.SZ|501018.SH|513070.SH|513400.SH|518880.SH|588200.SH,2.785510138002826,0.8781907596410816,neighbor,512660.SH,159825.SZ
rolling_hill_climb,2025-07-01/2025-12-31,2026-01-01/2026-06-30,24,159509.SZ|159529.SZ|159920.SZ|159985.SZ|160644.SZ|161226.SZ|501018.SH|512660.SH|513070.SH|513400.SH|515880.SH|518880.SH|588200.SH,3.885118845678586,0.8781907596410816,neighbor,159766.SZ,515880.SH
rolling_hill_climb,2025-07-01/2025-12-31,2026-01-01/2026-06-30,25,159509.SZ|159529.SZ|159920.SZ|159985.SZ|161226.SZ|501018.SH|512660.SH|513070.SH|513290.SH|513400.SH|515880.SH|518880.SH|588200.SH,4.093477349958361,0.8781907596410816,neighbor,160644.SZ,513290.SH
rolling_hill_climb,2025-07-01/2025-12-31,2026-01-01/2026-06-30,26,159509.SZ|159529.SZ|159852.SZ|159920.SZ|159985.SZ|161226.SZ|501018.SH|513070.SH|513290.SH|513400.SH|515880.SH|518880.SH|588200.SH,3.56066457585386,0.8781907596410816,neighbor,512660.SH,159852.SZ
rolling_hill_climb,2025-07-01/2025-12-31,2026-01-01/2026-06-30,27,159509.SZ|159920.SZ|159985.SZ|161226.SZ|501018.SH|512660.SH|513070.SH|513290.SH|513310.SH|513400.SH|515880.SH|518880.SH|588200.SH,4.042442614233865,0.8781907596410816,neighbor,159529.SZ,513310.SH
rolling_hill_climb,2025-07-01/2025-12-31,2026-01-01/2026-06-30,28,159509.SZ|159529.SZ|159920.SZ|159985.SZ|161226.SZ|501018.SH|512660.SH|513070.SH|513100.SH|513400.SH|515880.SH|518880.SH|588200.SH,3.704078652905137,0.8781907596410816,neighbor,513290.SH,513100.SH
rolling_hill_climb,2025-07-01/2025-12-31,2026-01-01/2026-06-30,29,159509.SZ|159529.SZ|159920.SZ|159981.SZ|161226.SZ|501018.SH|512660.SH|513070.SH|513290.SH|513400.SH|515880.SH|518880.SH|588200.SH,3.9864974532216184,0.8781907596410816,neighbor,159985.SZ,159981.SZ
rolling_hill_climb,2025-07-01/2025-12-31,2026-01-01/2026-06-30,30,159518.SZ|159529.SZ|159920.SZ|159985.SZ|161226.SZ|501018.SH|512660.SH|513070.SH|513290.SH|513400.SH|515880.SH|518880.SH|588200.SH,2.833551791660997,0.8781907596410816,neighbor,159509.SZ,159518.SZ
rolling_hill_climb,2025-07-01/2025-12-31,2026-01-01/2026-06-30,31,159509.SZ|159529.SZ|159920.SZ|159985.SZ|161226.SZ|501018.SH|512100.SH|512660.SH|513070.SH|513290.SH|513400.SH|518880.SH|588200.SH,3.754557256949887,0.8781907596410816,neighbor,515880.SH,512100.SH
rolling_hill_climb,2025-07-01/2025-12-31,2026-01-01/2026-06-30,32,159509.SZ|159529.SZ|159920.SZ|159985.SZ|161226.SZ|501018.SH|512660.SH|513070.SH|513310.SH|513400.SH|515880.SH|518880.SH|588200.SH,3.670215765135843,0.8781907596410816,neighbor,513290.SH,513310.SH
rolling_hill_climb,2025-07-01/2025-12-31,2026-01-01/2026-06-30,33,159509.SZ|159529.SZ|159920.SZ|159985.SZ|161226.SZ|501018.SH|512660.SH|513180.SH|513290.SH|513400.SH|515880.SH|518880.SH|588200.SH,3.4575841819624666,0.896611122646074,neighbor,513070.SH,513180.SH
rolling_hill_climb,2025-07-01/2025-12-31,2026-01-01/2026-06-30,34,159509.SZ|159529.SZ|159920.SZ|159985.SZ|161226.SZ|501018.SH|512200.SH|512660.SH|513070.SH|513290.SH|513400.SH|518880.SH|588200.SH,3.0944397199281717,0.8781907596410816,neighbor,515880.SH,512200.SH
rolling_hill_climb,2025-07-01/2025-12-31,2026-01-01/2026-06-30,35,159509.SZ|159529.SZ|159920.SZ|159980.SZ|161226.SZ|501018.SH|512660.SH|513070.SH|513290.SH|513400.SH|515880.SH|518880.SH|588200.SH,4.0177229318456495,0.8781907596410816,neighbor,159985.SZ,159980.SZ
rolling_hill_climb,2025-07-01/2025-12-31,2026-01-01/2026-06-30,36,159509.SZ|159529.SZ|159920.SZ|159985.SZ|161226.SZ|501018.SH|512170.SH|512660.SH|513070.SH|513290.SH|513400.SH|515880.SH|518880.SH,4.025187629882705,0.8781907596410816,neighbor,588200.SH,512170.SH
rolling_hill_climb,2025-07-01/2025-12-31,2026-01-01/2026-06-30,37,159509.SZ|159529.SZ|159920.SZ|159980.SZ|159985.SZ|161226.SZ|512660.SH|513070.SH|513290.SH|513400.SH|515880.SH|518880.SH|588200.SH,4.122259416685589,0.8781907596410816,neighbor,501018.SH,159980.SZ
rolling_hill_climb,2025-07-01/2025-12-31,2026-01-01/2026-06-30,38,159509.SZ|159529.SZ|159920.SZ|159980.SZ|159985.SZ|161226.SZ|512980.SH|513070.SH|513290.SH|513400.SH|515880.SH|518880.SH|588200.SH,4.008877858006223,0.8781907596410816,neighbor,512660.SH,512980.SH
rolling_hill_climb,2025-07-01/2025-12-31,2026-01-01/2026-06-30,39,159509.SZ|159529.SZ|159920.SZ|159980.SZ|159985.SZ|160644.SZ|161226.SZ|512660.SH|513070.SH|513290.SH|515880.SH|518880.SH|588200.SH,3.7902854913434516,0.8781907596410816,neighbor,513400.SH,160644.SZ
rolling_hill_climb,2025-07-01/2025-12-31,2026-01-01/2026-06-30,40,159509.SZ|159529.SZ|159920.SZ|159980.SZ|159981.SZ|159985.SZ|161226.SZ|512660.SH|513070.SH|513290.SH|513400.SH|515880.SH|588200.SH,3.9596733365075414,0.8781907596410816,neighbor,518880.SH,159981.SZ
rolling_hill_climb,2025-07-01/2025-12-31,2026-01-01/2026-06-30,41,159329.SZ|159509.SZ|159920.SZ|159980.SZ|159985.SZ|161226.SZ|512660.SH|513070.SH|513290.SH|513400.SH|515880.SH|518880.SH|588200.SH,3.9191019523212614,0.8781907596410816,neighbor,159529.SZ,159329.SZ
rolling_hill_climb,2025-07-01/2025-12-31,2026-01-01/2026-06-30,42,159509.SZ|159529.SZ|159920.SZ|159980.SZ|159985.SZ|161226.SZ|512660.SH|512980.SH|513070.SH|513290.SH|513400.SH|515880.SH|518880.SH,3.9847053754881534,0.8781907596410816,neighbor,588200.SH,512980.SH
rolling_hill_climb,2025-07-01/2025-12-31,2026-01-01/2026-06-30,43,159509.SZ|159529.SZ|159920.SZ|159980.SZ|159985.SZ|161226.SZ|512660.SH|513070.SH|513290.SH|513880.SH|515880.SH|518880.SH|588200.SH,3.9969471778974235,0.8781907596410816,neighbor,513400.SH,513880.SH
rolling_hill_climb,2025-07-01/2025-12-31,2026-01-01/2026-06-30,44,159509.SZ|159529.SZ|159920.SZ|159980.SZ|159985.SZ|161226.SZ|512660.SH|513070.SH|513290.SH|513310.SH|515880.SH|518880.SH|588200.SH,4.085763530952339,0.8781907596410816,neighbor,513400.SH,513310.SH
rolling_hill_climb,2025-07-01/2025-12-31,2026-01-01/2026-06-30,45,159509.SZ|159529.SZ|159920.SZ|159980.SZ|159985.SZ|161226.SZ|512660.SH|513120.SH|513290.SH|513400.SH|515880.SH|518880.SH|588200.SH,3.986058692678154,0.6787521018674327,neighbor,513070.SH,513120.SH
rolling_hill_climb,2025-07-01/2025-12-31,2026-01-01/2026-06-30,46,159509.SZ|159529.SZ|159915.SZ|159920.SZ|159980.SZ|159985.SZ|161226.SZ|512660.SH|513070.SH|513290.SH|513400.SH|518880.SH|588200.SH,3.488740180353103,0.8781907596410816,neighbor,515880.SH,159915.SZ
rolling_hill_climb,2025-07-01/2025-12-31,2026-01-01/2026-06-30,47,159509.SZ|159518.SZ|159529.SZ|159920.SZ|159980.SZ|159985.SZ|161226.SZ|512660.SH|513070.SH|513290.SH|515880.SH|518880.SH|588200.SH,3.8228915224708984,0.8781907596410816,neighbor,513400.SH,159518.SZ
rolling_hill_climb,2025-07-01/2025-12-31,2026-01-01/2026-06-30,48,159509.SZ|159920.SZ|159980.SZ|159985.SZ|161226.SZ|512660.SH|513070.SH|513080.SH|513290.SH|513400.SH|515880.SH|518880.SH|588200.SH,4.083775197723962,0.8781907596410816,neighbor,159529.SZ,513080.SH
rolling_hill_climb,2025-07-01/2025-12-31,2026-01-01/2026-06-30,49,159529.SZ|159920.SZ|159980.SZ|159985.SZ|161226.SZ|512660.SH|513030.SH|513070.SH|513290.SH|513400.SH|515880.SH|518880.SH|588200.SH,2.7657176738468405,0.8781907596410816,neighbor,159509.SZ,513030.SH
rolling_hill_climb,2025-07-01/2025-12-31,2026-01-01/2026-06-30,50,159509.SZ|159920.SZ|159980.SZ|159985.SZ|161226.SZ|512660.SH|513070.SH|513100.SH|513290.SH|513400.SH|515880.SH|518880.SH|588200.SH,3.7524016222073673,0.8781907596410816,neighbor,159529.SZ,513100.SH
rolling_hill_climb,2025-07-01/2025-12-31,2026-01-01/2026-06-30,51,159509.SZ|159529.SZ|159920.SZ|159949.SZ|159980.SZ|159985.SZ|161226.SZ|512660.SH|513070.SH|513290.SH|513400.SH|515880.SH|518880.SH,4.102778162677832,0.8781907596410816,neighbor,588200.SH,159949.SZ
rolling_hill_climb,2025-07-01/2025-12-31,2026-01-01/2026-06-30,52,159529.SZ|159920.SZ|159980.SZ|159985.SZ|160644.SZ|161226.SZ|512660.SH|513070.SH|513290.SH|513400.SH|515880.SH|518880.SH|588200.SH,2.9999294399144194,0.8781907596410816,neighbor,159509.SZ,160644.SZ
rolling_hill_climb,2025-07-01/2025-12-31,2026-01-01/2026-06-30,53,159509.SZ|159529.SZ|159920.SZ|159980.SZ|159985.SZ|161226.SZ|512660.SH|513070.SH|513100.SH|513400.SH|515880.SH|518880.SH|588200.SH,3.598375306583797,0.8781907596410816,neighbor,513290.SH,513100.SH
rolling_hill_climb,2025-07-01/2025-12-31,2026-01-01/2026-06-30,54,159329.SZ|159509.SZ|159529.SZ|159920.SZ|159980.SZ|159985.SZ|161226.SZ|512660.SH|513070.SH|513290.SH|515880.SH|518880.SH|588200.SH,3.7594888211053625,0.8781907596410816,neighbor,513400.SH,159329.SZ
rolling_hill_climb,2025-07-01/2025-12-31,2026-01-01/2026-06-30,55,159509.SZ|159529.SZ|159920.SZ|159980.SZ|159985.SZ|501018.SH|512660.SH|513070.SH|513290.SH|513400.SH|515880.SH|518880.SH|588200.SH,3.4313997709159096,0.8781907596410816,neighbor,161226.SZ,501018.SH
rolling_hill_climb,2025-07-01/2025-12-31,2026-01-01/2026-06-30,56,159509.SZ|159529.SZ|159766.SZ|159920.SZ|159980.SZ|159985.SZ|161226.SZ|512660.SH|513070.SH|513290.SH|513400.SH|518880.SH|588200.SH,2.812817778834493,0.8781907596410816,neighbor,515880.SH,159766.SZ
rolling_hill_climb,2025-07-01/2025-12-31,2026-01-01/2026-06-30,57,159509.SZ|159529.SZ|159915.SZ|159920.SZ|159980.SZ|159985.SZ|161226.SZ|512660.SH|513070.SH|513290.SH|513400.SH|515880.SH|518880.SH,4.087683213223302,0.8781907596410816,neighbor,588200.SH,159915.SZ
rolling_hill_climb,2025-07-01/2025-12-31,2026-01-01/2026-06-30,58,159509.SZ|159529.SZ|159920.SZ|159980.SZ|159985.SZ|161226.SZ|512660.SH|513180.SH|513290.SH|513400.SH|515880.SH|518880.SH|588200.SH,3.486637600613302,0.896611122646074,neighbor,513070.SH,513180.SH
rolling_hill_climb,2025-07-01/2025-12-31,2026-01-01/2026-06-30,59,159509.SZ|159529.SZ|159980.SZ|159985.SZ|161226.SZ|512660.SH|513070.SH|513180.SH|513290.SH|513400.SH|515880.SH|518880.SH|588200.SH,3.60173411775133,0.830842807816761,neighbor,159920.SZ,513180.SH
rolling_hill_climb,2025-07-01/2025-12-31,2026-01-01/2026-06-30,60,159509.SZ|159529.SZ|159920.SZ|159980.SZ|159985.SZ|161226.SZ|512100.SH|512660.SH|513070.SH|513290.SH|513400.SH|515880.SH|518880.SH,3.8564005111659325,0.8781907596410816,neighbor,588200.SH,512100.SH
rolling_hill_climb,2025-07-01/2025-12-31,2026-01-01/2026-06-30,61,159529.SZ|159920.SZ|159980.SZ|159985.SZ|161226.SZ|512660.SH|513070.SH|513290.SH|513400.SH|513500.SH|515880.SH|518880.SH|588200.SH,2.870087998332047,0.8781907596410816,neighbor,159509.SZ,513500.SH
rolling_hill_climb,2025-07-01/2025-12-31,2026-01-01/2026-06-30,62,159509.SZ|159529.SZ|159920.SZ|159980.SZ|159981.SZ|159985.SZ|512660.SH|513070.SH|513290.SH|513400.SH|515880.SH|518880.SH|588200.SH,3.4313997709159096,0.8781907596410816,neighbor,161226.SZ,159981.SZ
rolling_hill_climb,2025-07-01/2025-12-31,2026-01-01/2026-06-30,63,159509.SZ|159529.SZ|159920.SZ|159980.SZ|159985.SZ|161226.SZ|512660.SH|513030.SH|513070.SH|513290.SH|515880.SH|518880.SH|588200.SH,3.95412583786109,0.8781907596410816,neighbor,513400.SH,513030.SH
rolling_hill_climb,2025-07-01/2025-12-31,2026-01-01/2026-06-30,64,159509.SZ|159529.SZ|159920.SZ|159980.SZ|159985.SZ|161226.SZ|510050.SH|512660.SH|513070.SH|513290.SH|513400.SH|518880.SH|588200.SH,3.3057374591543187,0.8781907596410816,neighbor,515880.SH,510050.SH
rolling_hill_climb,2025-07-01/2025-12-31,2026-01-01/2026-06-30,65,159509.SZ|159529.SZ|159920.SZ|159980.SZ|159985.SZ|161226.SZ|510210.SH|512660.SH|513070.SH|513290.SH|513400.SH|518880.SH|588200.SH,3.7842114260704136,0.8781907596410816,neighbor,515880.SH,510210.SH
rolling_hill_climb,2025-07-01/2025-12-31,2026-01-01/2026-06-30,66,159529.SZ|159920.SZ|159980.SZ|159985.SZ|161226.SZ|512660.SH|513070.SH|513290.SH|513400.SH|513880.SH|515880.SH|518880.SH|588200.SH,3.0366382549433917,0.8781907596410816,neighbor,159509.SZ,513880.SH
rolling_hill_climb,2025-07-01/2025-12-31,2026-01-01/2026-06-30,67,159509.SZ|159529.SZ|159611.SZ|159920.SZ|159980.SZ|159985.SZ|161226.SZ|512660.SH|513070.SH|513290.SH|513400.SH|515880.SH|518880.SH,3.3769994822070375,0.8781907596410816,neighbor,588200.SH,159611.SZ
rolling_hill_climb,2025-07-01/2025-12-31,2026-01-01/2026-06-30,68,159509.SZ|159529.SZ|159920.SZ|159980.SZ|159985.SZ|161226.SZ|164824.SZ|512660.SH|513070.SH|513400.SH|515880.SH|518880.SH|588200.SH,3.4854416193753424,0.8781907596410816,neighbor,513290.SH,164824.SZ
rolling_hill_climb,2025-07-01/2025-12-31,2026-01-01/2026-06-30,69,159509.SZ|159529.SZ|159687.SZ|159920.SZ|159980.SZ|159985.SZ|161226.SZ|512660.SH|513070.SH|513400.SH|515880.SH|518880.SH|588200.SH,3.4666020041195282,0.8781907596410816,neighbor,513290.SH,159687.SZ
rolling_hill_climb,2025-07-01/2025-12-31,2026-01-01/2026-06-30,70,159509.SZ|159529.SZ|159920.SZ|159980.SZ|159985.SZ|161226.SZ|512660.SH|513030.SH|513070.SH|513400.SH|515880.SH|518880.SH|588200.SH,3.757532662527215,0.8781907596410816,neighbor,513290.SH,513030.SH
rolling_hill_climb,2025-07-01/2025-12-31,2026-01-01/2026-06-30,71,159509.SZ|159529.SZ|159920.SZ|159980.SZ|159985.SZ|161226.SZ|513070.SH|513290.SH|513400.SH|515220.SH|515880.SH|518880.SH|588200.SH,3.8126624649716176,0.8781907596410816,neighbor,512660.SH,515220.SH
rolling_hill_climb,2025-07-01/2025-12-31,2026-01-01/2026-06-30,72,159509.SZ|159529.SZ|159920.SZ|159980.SZ|159985.SZ|161226.SZ|512660.SH|513070.SH|513290.SH|513500.SH|515880.SH|518880.SH|588200.SH,3.667011086044727,0.8781907596410816,neighbor,513400.SH,513500.SH
rolling_hill_climb,2025-07-01/2025-12-31,2026-01-01/2026-06-30,73,159509.SZ|159529.SZ|159920.SZ|159980.SZ|159985.SZ|161226.SZ|512400.SH|512660.SH|513070.SH|513290.SH|513400.SH|515880.SH|518880.SH,4.08163703126733,0.8781907596410816,neighbor,588200.SH,512400.SH
rolling_hill_climb,2025-07-01/2025-12-31,2026-01-01/2026-06-30,74,159509.SZ|159518.SZ|159920.SZ|159980.SZ|159985.SZ|161226.SZ|512660.SH|513070.SH|513290.SH|513400.SH|515880.SH|518880.SH|588200.SH,3.756962763593204,0.8781907596410816,neighbor,159529.SZ,159518.SZ
rolling_hill_climb,2025-07-01/2025-12-31,2026-01-01/2026-06-30,75,159509.SZ|159529.SZ|159920.SZ|159980.SZ|159985.SZ|161226.SZ|512660.SH|513070.SH|513290.SH|513730.SH|515880.SH|518880.SH|588200.SH,3.981878839271639,0.8781907596410816,neighbor,513400.SH,513730.SH
rolling_hill_climb,2025-07-01/2025-12-31,2026-01-01/2026-06-30,76,159509.SZ|159518.SZ|159529.SZ|159920.SZ|159980.SZ|159985.SZ|161226.SZ|512660.SH|513070.SH|513400.SH|515880.SH|518880.SH|588200.SH,3.69003284417855,0.8781907596410816,neighbor,513290.SH,159518.SZ
rolling_hill_climb,2025-07-01/2025-12-31,2026-01-01/2026-06-30,77,159509.SZ|159529.SZ|159920.SZ|159980.SZ|159985.SZ|161226.SZ|512660.SH|513290.SH|513400.SH|513750.SH|515880.SH|518880.SH|588200.SH,4.216251581444569,0.7241698032373148,neighbor,513070.SH,513750.SH
rolling_hill_climb,2025-07-01/2025-12-31,2026-01-01/2026-06-30,78,159529.SZ|159920.SZ|159980.SZ|159985.SZ|161226.SZ|512660.SH|513100.SH|513290.SH|513400.SH|513750.SH|515880.SH|518880.SH|588200.SH,3.9083527582540007,0.7241698032373148,neighbor,159509.SZ,513100.SH
rolling_hill_climb,2025-07-01/2025-12-31,2026-01-01/2026-06-30,79,159509.SZ|159529.SZ|159920.SZ|159980.SZ|159985.SZ|161226.SZ|512660.SH|513290.SH|513400.SH|513750.SH|515210.SH|518880.SH|588200.SH,3.3836897787047433,0.7241698032373148,neighbor,515880.SH,515210.SH
rolling_hill_climb,2025-07-01/2025-12-31,2026-01-01/2026-06-30,80,159509.SZ|159529.SZ|159687.SZ|159920.SZ|159980.SZ|159985.SZ|161226.SZ|512660.SH|513290.SH|513750.SH|515880.SH|518880.SH|588200.SH,4.297469158553721,0.7241698032373148,neighbor,513400.SH,159687.SZ
rolling_hill_climb,2025-07-01/2025-12-31,2026-01-01/2026-06-30,81,159509.SZ|159529.SZ|159687.SZ|159920.SZ|159980.SZ|159985.SZ|161226.SZ|512400.SH|512660.SH|513290.SH|513750.SH|518880.SH|588200.SH,3.59467038914828,0.7241698032373148,neighbor,515880.SH,512400.SH
rolling_hill_climb,2025-07-01/2025-12-31,2026-01-01/2026-06-30,82,159509.SZ|159687.SZ|159920.SZ|159980.SZ|159985.SZ|161226.SZ|512660.SH|513290.SH|513730.SH|513750.SH|515880.SH|518880.SH|588200.SH,4.1312022967305575,0.7241698032373148,neighbor,159529.SZ,513730.SH
rolling_hill_climb,2025-07-01/2025-12-31,2026-01-01/2026-06-30,83,159509.SZ|159529.SZ|159687.SZ|159865.SZ|159920.SZ|159980.SZ|159985.SZ|161226.SZ|512660.SH|513290.SH|513750.SH|515880.SH|518880.SH,4.027597349878903,0.7241698032373148,neighbor,588200.SH,159865.SZ
rolling_hill_climb,2025-07-01/2025-12-31,2026-01-01/2026-06-30,84,159509.SZ|159529.SZ|159687.SZ|159870.SZ|159920.SZ|159980.SZ|159985.SZ|161226.SZ|513290.SH|513750.SH|515880.SH|518880.SH|588200.SH,3.721176332245004,0.7241698032373148,neighbor,512660.SH,159870.SZ
rolling_hill_climb,2025-07-01/2025-12-31,2026-01-01/2026-06-30,85,159509.SZ|159687.SZ|159920.SZ|159980.SZ|159985.SZ|161226.SZ|512660.SH|513100.SH|513290.SH|513750.SH|515880.SH|518880.SH|588200.SH,3.8800865678765684,0.8496577034190855,neighbor,159529.SZ,513100.SH
rolling_hill_climb,2025-07-01/2025-12-31,2026-01-01/2026-06-30,86,159509.SZ|159529.SZ|159687.SZ|159851.SZ|159920.SZ|159980.SZ|159985.SZ|161226.SZ|513290.SH|513750.SH|515880.SH|518880.SH|588200.SH,3.9527250488881003,0.7241698032373148,neighbor,512660.SH,159851.SZ
rolling_hill_climb,2025-07-01/2025-12-31,2026-01-01/2026-06-30,87,159529.SZ|159687.SZ|159920.SZ|159980.SZ|159985.SZ|161226.SZ|512660.SH|513290.SH|513730.SH|513750.SH|515880.SH|518880.SH|588200.SH,3.6739773470200063,0.7241698032373148,neighbor,159509.SZ,513730.SH
rolling_hill_climb,2025-07-01/2025-12-31,2026-01-01/2026-06-30,88,159509.SZ|159529.SZ|159687.SZ|159920.SZ|159980.SZ|159985.SZ|161226.SZ|513290.SH|513750.SH|515880.SH|518880.SH|563300.SH|588200.SH,3.619142497616463,0.7241698032373148,neighbor,512660.SH,563300.SH
rolling_hill_climb,2025-07-01/2025-12-31,2026-01-01/2026-06-30,89,159529.SZ|159687.SZ|159920.SZ|159980.SZ|159985.SZ|160644.SZ|161226.SZ|512660.SH|513290.SH|513750.SH|515880.SH|518880.SH|588200.SH,3.5022503971248624,0.7241698032373148,neighbor,159509.SZ,160644.SZ
rolling_hill_climb,2025-07-01/2025-12-31,2026-01-01/2026-06-30,90,159509.SZ|159529.SZ|159920.SZ|159980.SZ|159985.SZ|161226.SZ|512660.SH|513080.SH|513290.SH|513750.SH|515880.SH|518880.SH|588200.SH,4.311354923020276,0.7241698032373148,neighbor,159687.SZ,513080.SH
rolling_hill_climb,2025-07-01/2025-12-31,2026-01-01/2026-06-30,91,159509.SZ|159529.SZ|159920.SZ|159980.SZ|159985.SZ|161226.SZ|512660.SH|513080.SH|513290.SH|513750.SH|515210.SH|515880.SH|518880.SH,3.8632057224465375,0.7241698032373148,neighbor,588200.SH,515210.SH
rolling_hill_climb,2025-07-01/2025-12-31,2026-01-01/2026-06-30,92,159509.SZ|159920.SZ|159980.SZ|159985.SZ|161226.SZ|512660.SH|513080.SH|513290.SH|513500.SH|513750.SH|515880.SH|518880.SH|588200.SH,3.7458688345779203,0.7412591912692081,neighbor,159529.SZ,513500.SH
rolling_hill_climb,2025-07-01/2025-12-31,2026-01-01/2026-06-30,93,159509.SZ|159529.SZ|159920.SZ|159980.SZ|159985.SZ|501018.SH|512660.SH|513080.SH|513290.SH|513750.SH|515880.SH|518880.SH|588200.SH,3.5413451188474805,0.7241698032373148,neighbor,161226.SZ,501018.SH
rolling_hill_climb,2025-07-01/2025-12-31,2026-01-01/2026-06-30,94,159509.SZ|159518.SZ|159920.SZ|159980.SZ|159985.SZ|161226.SZ|512660.SH|513080.SH|513290.SH|513750.SH|515880.SH|518880.SH|588200.SH,3.991806960430613,0.7241698032373148,neighbor,159529.SZ,159518.SZ
rolling_hill_climb,2025-07-01/2025-12-31,2026-01-01/2026-06-30,95,159529.SZ|159920.SZ|159980.SZ|159985.SZ|161226.SZ|512660.SH|513080.SH|513290.SH|513500.SH|513750.SH|515880.SH|518880.SH|588200.SH,3.206947529941677,0.7241698032373148,neighbor,159509.SZ,513500.SH
rolling_hill_climb,2025-07-01/2025-12-31,2026-01-01/2026-06-30,96,159509.SZ|159529.SZ|159920.SZ|159980.SZ|159981.SZ|159985.SZ|161226.SZ|512660.SH|513080.SH|513290.SH|513750.SH|515880.SH|588200.SH,4.025362323146667,0.7241698032373148,neighbor,518880.SH,159981.SZ
rolling_hill_climb,2025-07-01/2025-12-31,2026-01-01/2026-06-30,97,159529.SZ|159920.SZ|159980.SZ|159985.SZ|161226.SZ|164824.SZ|512660.SH|513080.SH|513290.SH|513750.SH|515880.SH|518880.SH|588200.SH,3.3042370284589153,0.7241698032373148,neighbor,159509.SZ,164824.SZ
rolling_hill_climb,2025-07-01/2025-12-31,2026-01-01/2026-06-30,98,159509.SZ|159529.SZ|159825.SZ|159920.SZ|159980.SZ|159985.SZ|161226.SZ|513080.SH|513290.SH|513750.SH|515880.SH|518880.SH|588200.SH,3.903284896654036,0.7241698032373148,neighbor,512660.SH,159825.SZ
rolling_hill_climb,2025-07-01/2025-12-31,2026-01-01/2026-06-30,99,159509.SZ|159529.SZ|159869.SZ|159920.SZ|159980.SZ|159985.SZ|161226.SZ|512660.SH|513080.SH|513290.SH|513750.SH|515880.SH|518880.SH,4.320502040798547,0.7241698032373148,neighbor,588200.SH,159869.SZ
rolling_hill_climb,2025-07-01/2025-12-31,2026-01-01/2026-06-30,100,159509.SZ|159529.SZ|159869.SZ|159920.SZ|159980.SZ|159985.SZ|161226.SZ|512660.SH|513290.SH|513750.SH|513880.SH|515880.SH|518880.SH,4.230029020908293,0.7241698032373148,neighbor,513080.SH,513880.SH
rolling_hill_climb,2026-01-01/2026-06-30,2026-07-01/2026-07-26,1,159329.SZ|159509.SZ|159529.SZ|159920.SZ|159928.SZ|159981.SZ|161226.SZ|164824.SZ|501018.SH|512890.SH|513070.SH|518880.SH|588200.SH,0.6177012703054561,0.7170096681479771,initial,,
rolling_hill_climb,2026-01-01/2026-06-30,2026-07-01/2026-07-26,2,159329.SZ|159509.SZ|159529.SZ|159920.SZ|159928.SZ|159980.SZ|159981.SZ|161226.SZ|164824.SZ|501018.SH|512890.SH|513070.SH|588200.SH,-0.3390301607819206,0.7170096681479771,neighbor,518880.SH,159980.SZ
rolling_hill_climb,2026-01-01/2026-06-30,2026-07-01/2026-07-26,3,159329.SZ|159509.SZ|159920.SZ|159928.SZ|159981.SZ|161226.SZ|164824.SZ|501018.SH|512890.SH|513070.SH|513400.SH|518880.SH|588200.SH,0.13173163494207724,0.7252532423263615,neighbor,159529.SZ,513400.SH
rolling_hill_climb,2026-01-01/2026-06-30,2026-07-01/2026-07-26,4,159329.SZ|159509.SZ|159529.SZ|159920.SZ|159928.SZ|159985.SZ|161226.SZ|164824.SZ|501018.SH|512890.SH|513070.SH|518880.SH|588200.SH,0.7865649364225329,0.7170096681479771,neighbor,159981.SZ,159985.SZ
rolling_hill_climb,2026-01-01/2026-06-30,2026-07-01/2026-07-26,5,159329.SZ|159509.SZ|159529.SZ|159920.SZ|159928.SZ|159985.SZ|161226.SZ|164824.SZ|501018.SH|512890.SH|513180.SH|518880.SH|588200.SH,0.5692979831657539,0.8614689435973625,neighbor,513070.SH,513180.SH
rolling_hill_climb,2026-01-01/2026-06-30,2026-07-01/2026-07-26,6,159329.SZ|159509.SZ|159529.SZ|159920.SZ|159928.SZ|159985.SZ|161226.SZ|164824.SZ|501018.SH|512890.SH|513750.SH|518880.SH|588200.SH,0.6535379029897235,0.8225381952022786,neighbor,513070.SH,513750.SH
rolling_hill_climb,2026-01-01/2026-06-30,2026-07-01/2026-07-26,7,159329.SZ|159509.SZ|159529.SZ|159825.SZ|159920.SZ|159928.SZ|159985.SZ|161226.SZ|164824.SZ|501018.SH|512890.SH|513070.SH|518880.SH,-0.11021860079280942,0.7170096681479771,neighbor,588200.SH,159825.SZ
rolling_hill_climb,2026-01-01/2026-06-30,2026-07-01/2026-07-26,8,159329.SZ|159529.SZ|159920.SZ|159928.SZ|159985.SZ|161226.SZ|164824.SZ|501018.SH|512890.SH|513070.SH|513310.SH|518880.SH|588200.SH,1.611732375213112,0.7170096681479771,neighbor,159509.SZ,513310.SH
rolling_hill_climb,2026-01-01/2026-06-30,2026-07-01/2026-07-26,9,159329.SZ|159529.SZ|159920.SZ|159928.SZ|159985.SZ|161226.SZ|164824.SZ|501018.SH|512890.SH|513070.SH|513310.SH|516150.SH|518880.SH,0.7009568264601563,0.7170096681479771,neighbor,588200.SH,516150.SH
rolling_hill_climb,2026-01-01/2026-06-30,2026-07-01/2026-07-26,10,159329.SZ|159529.SZ|159920.SZ|159928.SZ|159985.SZ|161226.SZ|501018.SH|512890.SH|513070.SH|513310.SH|513500.SH|518880.SH|588200.SH,1.537121902547427,0.7170096681479771,neighbor,164824.SZ,513500.SH
rolling_hill_climb,2026-01-01/2026-06-30,2026-07-01/2026-07-26,11,159329.SZ|159529.SZ|159920.SZ|159928.SZ|159981.SZ|159985.SZ|161226.SZ|164824.SZ|512890.SH|513070.SH|513310.SH|518880.SH|588200.SH,0.5808572928868693,0.7170096681479771,neighbor,501018.SH,159981.SZ
rolling_hill_climb,2026-01-01/2026-06-30,2026-07-01/2026-07-26,12,159329.SZ|159529.SZ|159920.SZ|159928.SZ|159980.SZ|159985.SZ|161226.SZ|164824.SZ|501018.SH|512890.SH|513070.SH|513310.SH|588200.SH,1.0203263723747382,0.7170096681479771,neighbor,518880.SH,159980.SZ
rolling_hill_climb,2026-01-01/2026-06-30,2026-07-01/2026-07-26,13,159329.SZ|159529.SZ|159920.SZ|159928.SZ|159985.SZ|161226.SZ|164824.SZ|501018.SH|512890.SH|513120.SH|513310.SH|518880.SH|588200.SH,1.3311284256602598,0.6360380900570977,neighbor,513070.SH,513120.SH
rolling_hill_climb,2026-01-01/2026-06-30,2026-07-01/2026-07-26,14,159509.SZ|159529.SZ|159920.SZ|159928.SZ|159985.SZ|161226.SZ|164824.SZ|501018.SH|512890.SH|513070.SH|513310.SH|518880.SH|588200.SH,1.3459912382592139,0.7170096681479771,neighbor,159329.SZ,159509.SZ
rolling_hill_climb,2026-01-01/2026-06-30,2026-07-01/2026-07-26,15,159329.SZ|159529.SZ|159920.SZ|159928.SZ|159985.SZ|161226.SZ|164824.SZ|501018.SH|512890.SH|513070.SH|513310.SH|518880.SH|588220.SH,1.5697917227681915,0.7170096681479771,neighbor,588200.SH,588220.SH
rolling_hill_climb,2026-01-01/2026-06-30,2026-07-01/2026-07-26,16,159329.SZ|159529.SZ|159920.SZ|159928.SZ|159981.SZ|159985.SZ|161226.SZ|164824.SZ|501018.SH|512890.SH|513070.SH|513310.SH|588200.SH,1.164112187009173,0.7170096681479771,neighbor,518880.SH,159981.SZ
rolling_hill_climb,2026-01-01/2026-06-30,2026-07-01/2026-07-26,17,159329.SZ|159529.SZ|159920.SZ|159928.SZ|159985.SZ|161226.SZ|164824.SZ|501018.SH|512880.SH|513070.SH|513310.SH|518880.SH|588200.SH,1.140610707399601,0.7170096681479771,neighbor,512890.SH,512880.SH
rolling_hill_climb,2026-01-01/2026-06-30,2026-07-01/2026-07-26,18,159518.SZ|159529.SZ|159920.SZ|159928.SZ|159985.SZ|161226.SZ|164824.SZ|501018.SH|512890.SH|513070.SH|513310.SH|518880.SH|588200.SH,0.40612599113889897,0.7170096681479771,neighbor,159329.SZ,159518.SZ
rolling_hill_climb,2026-01-01/2026-06-30,2026-07-01/2026-07-26,19,159326.SZ|159329.SZ|159529.SZ|159920.SZ|159928.SZ|159985.SZ|161226.SZ|164824.SZ|501018.SH|512890.SH|513070.SH|513310.SH|518880.SH,0.7869259341218807,0.7170096681479771,neighbor,588200.SH,159326.SZ
rolling_hill_climb,2026-01-01/2026-06-30,2026-07-01/2026-07-26,20,159329.SZ|159529.SZ|159920.SZ|159928.SZ|159985.SZ|161226.SZ|164824.SZ|501018.SH|512890.SH|513180.SH|513310.SH|518880.SH|588200.SH,1.3493312429404989,0.8614689435973625,neighbor,513070.SH,513180.SH
rolling_hill_climb,2026-01-01/2026-06-30,2026-07-01/2026-07-26,21,159329.SZ|159529.SZ|159920.SZ|159928.SZ|159985.SZ|161226.SZ|164824.SZ|501018.SH|513070.SH|513310.SH|518880.SH|588200.SH|588220.SH,1.1712760146193815,0.8962680546181492,neighbor,512890.SH,588220.SH
rolling_hill_climb,2026-01-01/2026-06-30,2026-07-01/2026-07-26,22,159329.SZ|159529.SZ|159928.SZ|159985.SZ|161226.SZ|164824.SZ|501018.SH|512890.SH|513070.SH|513180.SH|513310.SH|518880.SH|588200.SH,1.4872600942978538,0.6360380900570977,neighbor,159920.SZ,513180.SH
rolling_hill_climb,2026-01-01/2026-06-30,2026-07-01/2026-07-26,23,159329.SZ|159529.SZ|159920.SZ|159928.SZ|159980.SZ|159985.SZ|164824.SZ|501018.SH|512890.SH|513070.SH|513310.SH|518880.SH|588200.SH,0.9598653716011599,0.7522587312090414,neighbor,161226.SZ,159980.SZ
rolling_hill_climb,2026-01-01/2026-06-30,2026-07-01/2026-07-26,24,159329.SZ|159529.SZ|159920.SZ|159928.SZ|159985.SZ|161226.SZ|164824.SZ|501018.SH|512890.SH|513310.SH|513750.SH|518880.SH|588200.SH,1.4004037115242238,0.8225381952022786,neighbor,513070.SH,513750.SH
rolling_hill_climb,2026-01-01/2026-06-30,2026-07-01/2026-07-26,25,159329.SZ|159529.SZ|159920.SZ|159928.SZ|159985.SZ|161226.SZ|164824.SZ|501018.SH|512890.SH|513070.SH|513500.SH|518880.SH|588200.SH,0.5812348628115097,0.7170096681479771,neighbor,513310.SH,513500.SH
rolling_hill_climb,2026-01-01/2026-06-30,2026-07-01/2026-07-26,26,159329.SZ|159529.SZ|159920.SZ|159928.SZ|159985.SZ|161226.SZ|164824.SZ|501018.SH|512890.SH|513070.SH|513310.SH|515880.SH|518880.SH,1.4920314490605462,0.7170096681479771,neighbor,588200.SH,515880.SH
rolling_hill_climb,2026-01-01/2026-06-30,2026-07-01/2026-07-26,27,159329.SZ|159529.SZ|159920.SZ|159928.SZ|159980.SZ|159985.SZ|161226.SZ|164824.SZ|512890.SH|513070.SH|513310.SH|518880.SH|588200.SH,0.30572250487083263,0.7522587312090414,neighbor,501018.SH,159980.SZ
rolling_hill_climb,2026-01-01/2026-06-30,2026-07-01/2026-07-26,28,159529.SZ|159920.SZ|159928.SZ|159985.SZ|161226.SZ|164824.SZ|501018.SH|512890.SH|513030.SH|513070.SH|513310.SH|518880.SH|588200.SH,0.39142643783553716,0.7170096681479771,neighbor,159329.SZ,513030.SH
rolling_hill_climb,2026-01-01/2026-06-30,2026-07-01/2026-07-26,29,159329.SZ|159529.SZ|159920.SZ|159928.SZ|159985.SZ|161226.SZ|501018.SH|512890.SH|513070.SH|513290.SH|513310.SH|518880.SH|588200.SH,2.1428955697765493,0.7170096681479771,neighbor,164824.SZ,513290.SH
rolling_hill_climb,2026-01-01/2026-06-30,2026-07-01/2026-07-26,30,159329.SZ|159529.SZ|159920.SZ|159928.SZ|159980.SZ|161226.SZ|501018.SH|512890.SH|513070.SH|513290.SH|513310.SH|518880.SH|588200.SH,0.811723980641595,0.7522587312090414,neighbor,159985.SZ,159980.SZ
rolling_hill_climb,2026-01-01/2026-06-30,2026-07-01/2026-07-26,31,159329.SZ|159529.SZ|159920.SZ|159928.SZ|159985.SZ|161226.SZ|501018.SH|512890.SH|513030.SH|513070.SH|513310.SH|518880.SH|588200.SH,0.759182920792139,0.7170096681479771,neighbor,513290.SH,513030.SH
rolling_hill_climb,2026-01-01/2026-06-30,2026-07-01/2026-07-26,32,159329.SZ|159529.SZ|159920.SZ|159985.SZ|161226.SZ|501018.SH|512890.SH|513070.SH|513290.SH|513310.SH|518880.SH|563300.SH|588200.SH,1.8894274789300647,0.7170096681479771,neighbor,159928.SZ,563300.SH
rolling_hill_climb,2026-01-01/2026-06-30,2026-07-01/2026-07-26,33,159326.SZ|159329.SZ|159529.SZ|159920.SZ|159928.SZ|159985.SZ|161226.SZ|501018.SH|513070.SH|513290.SH|513310.SH|518880.SH|588200.SH,1.6006251598239691,0.7170096681479771,neighbor,512890.SH,159326.SZ
rolling_hill_climb,2026-01-01/2026-06-30,2026-07-01/2026-07-26,34,159529.SZ|159920.SZ|159928.SZ|159985.SZ|160644.SZ|161226.SZ|501018.SH|512890.SH|513070.SH|513290.SH|513310.SH|518880.SH|588200.SH,1.8272967629060368,0.7170096681479771,neighbor,159329.SZ,160644.SZ
rolling_hill_climb,2026-01-01/2026-06-30,2026-07-01/2026-07-26,35,159329.SZ|159529.SZ|159865.SZ|159920.SZ|159928.SZ|159985.SZ|161226.SZ|501018.SH|513070.SH|513290.SH|513310.SH|518880.SH|588200.SH,2.0017806978707156,0.7170096681479771,neighbor,512890.SH,159865.SZ
rolling_hill_climb,2026-01-01/2026-06-30,2026-07-01/2026-07-26,36,159329.SZ|159529.SZ|159920.SZ|159985.SZ|161226.SZ|501018.SH|512890.SH|512980.SH|513070.SH|513290.SH|513310.SH|518880.SH|588200.SH,2.0907462498709584,0.7170096681479771,neighbor,159928.SZ,512980.SH
rolling_hill_climb,2026-01-01/2026-06-30,2026-07-01/2026-07-26,37,159329.SZ|159529.SZ|159920.SZ|159928.SZ|159980.SZ|159985.SZ|501018.SH|512890.SH|513070.SH|513290.SH|513310.SH|518880.SH|588200.SH,1.33321322482453,0.7522587312090414,neighbor,161226.SZ,159980.SZ
rolling_hill_climb,2026-01-01/2026-06-30,2026-07-01/2026-07-26,38,159329.SZ|159529.SZ|159920.SZ|159928.SZ|159981.SZ|159985.SZ|161226.SZ|501018.SH|512890.SH|513070.SH|513290.SH|513310.SH|588200.SH,1.608149183243884,0.7170096681479771,neighbor,518880.SH,159981.SZ
rolling_hill_climb,2026-01-01/2026-06-30,2026-07-01/2026-07-26,39,159329.SZ|159529.SZ|159825.SZ|159920.SZ|159928.SZ|159985.SZ|161226.SZ|501018.SH|513070.SH|513290.SH|513310.SH|518880.SH|588200.SH,2.1017094756233923,0.7170096681479771,neighbor,512890.SH,159825.SZ
rolling_hill_climb,2026-01-01/2026-06-30,2026-07-01/2026-07-26,40,159329.SZ|159529.SZ|159920.SZ|159928.SZ|159980.SZ|159985.SZ|161226.SZ|512890.SH|513070.SH|513290.SH|513310.SH|518880.SH|588200.SH,1.279128767442149,0.7522587312090414,neighbor,501018.SH,159980.SZ
rolling_hill_climb,2026-01-01/2026-06-30,2026-07-01/2026-07-26,41,159329.SZ|159529.SZ|159920.SZ|159928.SZ|159985.SZ|161226.SZ|501018.SH|512890.SH|513180.SH|513290.SH|513310.SH|518880.SH|588200.SH,2.2396062229727804,0.8614689435973625,neighbor,513070.SH,513180.SH
rolling_hill_climb,2026-01-01/2026-06-30,2026-07-01/2026-07-26,42,159329.SZ|159529.SZ|159928.SZ|159985.SZ|161226.SZ|501018.SH|512890.SH|513180.SH|513290.SH|513310.SH|513750.SH|518880.SH|588200.SH,2.145274422716099,0.6360380900570977,neighbor,159920.SZ,513750.SH
rolling_hill_climb,2026-01-01/2026-06-30,2026-07-01/2026-07-26,43,159329.SZ|159529.SZ|159920.SZ|159928.SZ|159981.SZ|161226.SZ|501018.SH|512890.SH|513180.SH|513290.SH|513310.SH|518880.SH|588200.SH,1.8888019923214598,0.8614689435973625,neighbor,159985.SZ,159981.SZ
rolling_hill_climb,2026-01-01/2026-06-30,2026-07-01/2026-07-26,44,159329.SZ|159529.SZ|159920.SZ|159985.SZ|161226.SZ|501018.SH|512890.SH|512980.SH|513180.SH|513290.SH|513310.SH|518880.SH|588200.SH,2.1887601737037796,0.8614689435973625,neighbor,159928.SZ,512980.SH
rolling_hill_climb,2026-01-01/2026-06-30,2026-07-01/2026-07-26,45,159329.SZ|159529.SZ|159920.SZ|159928.SZ|159985.SZ|161226.SZ|501018.SH|510050.SH|513180.SH|513290.SH|513310.SH|518880.SH|588200.SH,1.1654569749698223,0.8614689435973625,neighbor,512890.SH,510050.SH
rolling_hill_climb,2026-01-01/2026-06-30,2026-07-01/2026-07-26,46,159329.SZ|159529.SZ|159920.SZ|159928.SZ|159980.SZ|161226.SZ|501018.SH|512890.SH|513180.SH|513290.SH|513310.SH|518880.SH|588200.SH,1.065226142600934,0.8614689435973625,neighbor,159985.SZ,159980.SZ
rolling_hill_climb,2026-01-01/2026-06-30,2026-07-01/2026-07-26,47,159329.SZ|159529.SZ|159928.SZ|159985.SZ|161226.SZ|501018.SH|512890.SH|513070.SH|513180.SH|513290.SH|513310.SH|518880.SH|588200.SH,1.9681334214317092,0.6360380900570977,neighbor,159920.SZ,513070.SH
rolling_hill_climb,2026-01-01/2026-06-30,2026-07-01/2026-07-26,48,159329.SZ|159529.SZ|159920.SZ|159928.SZ|159981.SZ|159985.SZ|501018.SH|512890.SH|513180.SH|513290.SH|513310.SH|518880.SH|588200.SH,1.5455303121075932,0.8614689435973625,neighbor,161226.SZ,159981.SZ
rolling_hill_climb,2026-01-01/2026-06-30,2026-07-01/2026-07-26,49,159329.SZ|159509.SZ|159920.SZ|159928.SZ|159985.SZ|161226.SZ|501018.SH|512890.SH|513180.SH|513290.SH|513310.SH|518880.SH|588200.SH,2.766086449575598,0.8614689435973625,neighbor,159529.SZ,159509.SZ
rolling_hill_climb,2026-01-01/2026-06-30,2026-07-01/2026-07-26,50,159329.SZ|159509.SZ|159920.SZ|159928.SZ|159985.SZ|161226.SZ|501018.SH|512890.SH|513120.SH|513290.SH|513310.SH|518880.SH|588200.SH,2.5286385031757344,0.7047547740338291,neighbor,513180.SH,513120.SH
rolling_hill_climb,2026-01-01/2026-06-30,2026-07-01/2026-07-26,51,159329.SZ|159509.SZ|159928.SZ|159985.SZ|161226.SZ|501018.SH|512890.SH|513120.SH|513180.SH|513290.SH|513310.SH|518880.SH|588200.SH,2.324785211397018,0.7047547740338291,neighbor,159920.SZ,513120.SH
rolling_hill_climb,2026-01-01/2026-06-30,2026-07-01/2026-07-26,52,159329.SZ|159509.SZ|159920.SZ|159928.SZ|159985.SZ|161226.SZ|501018.SH|512890.SH|513080.SH|513180.SH|513310.SH|518880.SH|588200.SH,1.881504262461694,0.8614689435973625,neighbor,513290.SH,513080.SH
rolling_hill_climb,2026-01-01/2026-06-30,2026-07-01/2026-07-26,53,159329.SZ|159509.SZ|159920.SZ|159928.SZ|159980.SZ|161226.SZ|501018.SH|512890.SH|513180.SH|513290.SH|513310.SH|518880.SH|588200.SH,1.711382045342863,0.8614689435973625,neighbor,159985.SZ,159980.SZ
rolling_hill_climb,2026-01-01/2026-06-30,2026-07-01/2026-07-26,54,159509.SZ|159518.SZ|159920.SZ|159928.SZ|159985.SZ|161226.SZ|501018.SH|512890.SH|513180.SH|513290.SH|513310.SH|518880.SH|588200.SH,3.0108544906828074,0.8614689435973625,neighbor,159329.SZ,159518.SZ
rolling_hill_climb,2026-01-01/2026-06-30,2026-07-01/2026-07-26,55,159509.SZ|159518.SZ|159611.SZ|159920.SZ|159928.SZ|159985.SZ|161226.SZ|501018.SH|513180.SH|513290.SH|513310.SH|518880.SH|588200.SH,2.884158443905172,0.8614689435973625,neighbor,512890.SH,159611.SZ
rolling_hill_climb,2026-01-01/2026-06-30,2026-07-01/2026-07-26,56,159509.SZ|159518.SZ|159920.SZ|159928.SZ|159981.SZ|159985.SZ|161226.SZ|501018.SH|512890.SH|513180.SH|513290.SH|513310.SH|588200.SH,1.4258692525714518,0.8614689435973625,neighbor,518880.SH,159981.SZ
rolling_hill_climb,2026-01-01/2026-06-30,2026-07-01/2026-07-26,57,159509.SZ|159518.SZ|159920.SZ|159928.SZ|159985.SZ|161226.SZ|501018.SH|512890.SH|513180.SH|513290.SH|513310.SH|518880.SH|588220.SH,2.7278294954296163,0.8614689435973625,neighbor,588200.SH,588220.SH
rolling_hill_climb,2026-01-01/2026-06-30,2026-07-01/2026-07-26,58,159509.SZ|159518.SZ|159928.SZ|159985.SZ|161226.SZ|501018.SH|512890.SH|513120.SH|513180.SH|513290.SH|513310.SH|518880.SH|588200.SH,2.2754594068326925,0.7047547740338291,neighbor,159920.SZ,513120.SH
rolling_hill_climb,2026-01-01/2026-06-30,2026-07-01/2026-07-26,59,159509.SZ|159518.SZ|159920.SZ|159928.SZ|159981.SZ|161226.SZ|501018.SH|512890.SH|513180.SH|513290.SH|513310.SH|518880.SH|588200.SH,2.1636873701716413,0.8614689435973625,neighbor,159985.SZ,159981.SZ
rolling_hill_climb,2026-01-01/2026-06-30,2026-07-01/2026-07-26,60,159509.SZ|159518.SZ|159920.SZ|159928.SZ|159981.SZ|159985.SZ|501018.SH|512890.SH|513180.SH|513290.SH|513310.SH|518880.SH|588200.SH,1.3168454633719844,0.8614689435973625,neighbor,161226.SZ,159981.SZ
rolling_hill_climb,2026-01-01/2026-06-30,2026-07-01/2026-07-26,61,159509.SZ|159518.SZ|159920.SZ|159928.SZ|159985.SZ|161226.SZ|501018.SH|512890.SH|513180.SH|513290.SH|513400.SH|518880.SH|588200.SH,1.3056977654160087,0.8614689435973625,neighbor,513310.SH,513400.SH
rolling_hill_climb,2026-01-01/2026-06-30,2026-07-01/2026-07-26,62,159509.SZ|159518.SZ|159928.SZ|159985.SZ|161226.SZ|501018.SH|512890.SH|513180.SH|513290.SH|513310.SH|513750.SH|518880.SH|588200.SH,3.00885929704135,0.7047547740338291,neighbor,159920.SZ,513750.SH
rolling_hill_climb,2026-01-01/2026-06-30,2026-07-01/2026-07-26,63,159509.SZ|159518.SZ|159920.SZ|159928.SZ|159985.SZ|161226.SZ|501018.SH|512890.SH|513180.SH|513310.SH|513880.SH|518880.SH|588200.SH,2.3830464219681167,0.8614689435973625,neighbor,513290.SH,513880.SH
rolling_hill_climb,2026-01-01/2026-06-30,2026-07-01/2026-07-26,64,159209.SZ|159509.SZ|159518.SZ|159920.SZ|159985.SZ|161226.SZ|501018.SH|512890.SH|513180.SH|513290.SH|513310.SH|518880.SH|588200.SH,3.017305134207584,0.8614689435973625,neighbor,159928.SZ,159209.SZ
rolling_hill_climb,2026-01-01/2026-06-30,2026-07-01/2026-07-26,65,159509.SZ|159518.SZ|159915.SZ|159920.SZ|159985.SZ|161226.SZ|501018.SH|512890.SH|513180.SH|513290.SH|513310.SH|518880.SH|588200.SH,3.1168775194629172,0.8614689435973625,neighbor,159209.SZ,159915.SZ
rolling_hill_climb,2026-01-01/2026-06-30,2026-07-01/2026-07-26,66,159509.SZ|159518.SZ|159915.SZ|159920.SZ|159981.SZ|161226.SZ|501018.SH|512890.SH|513180.SH|513290.SH|513310.SH|518880.SH|588200.SH,2.3087551334201284,0.8614689435973625,neighbor,159985.SZ,159981.SZ
rolling_hill_climb,2026-01-01/2026-06-30,2026-07-01/2026-07-26,67,159509.SZ|159518.SZ|159687.SZ|159915.SZ|159920.SZ|159985.SZ|161226.SZ|501018.SH|512890.SH|513180.SH|513290.SH|518880.SH|588200.SH,1.433353182248172,0.8614689435973625,neighbor,513310.SH,159687.SZ
rolling_hill_climb,2026-01-01/2026-06-30,2026-07-01/2026-07-26,68,159509.SZ|159518.SZ|159915.SZ|159920.SZ|159980.SZ|159985.SZ|161226.SZ|512890.SH|513180.SH|513290.SH|513310.SH|518880.SH|588200.SH,3.03463236364608,0.8614689435973625,neighbor,501018.SH,159980.SZ
rolling_hill_climb,2026-01-01/2026-06-30,2026-07-01/2026-07-26,69,159509.SZ|159518.SZ|159869.SZ|159920.SZ|159985.SZ|161226.SZ|501018.SH|512890.SH|513180.SH|513290.SH|513310.SH|518880.SH|588200.SH,2.7700935324265585,0.8614689435973625,neighbor,159915.SZ,159869.SZ
rolling_hill_climb,2026-01-01/2026-06-30,2026-07-01/2026-07-26,70,159509.SZ|159518.SZ|159915.SZ|159920.SZ|159985.SZ|161226.SZ|501018.SH|512890.SH|513030.SH|513180.SH|513290.SH|518880.SH|588200.SH,1.39570545943728,0.8614689435973625,neighbor,513310.SH,513030.SH
rolling_hill_climb,2026-01-01/2026-06-30,2026-07-01/2026-07-26,71,159509.SZ|159915.SZ|159920.SZ|159985.SZ|161226.SZ|164824.SZ|501018.SH|512890.SH|513180.SH|513290.SH|513310.SH|518880.SH|588200.SH,2.4354821909950948,0.8614689435973625,neighbor,159518.SZ,164824.SZ
rolling_hill_climb,2026-01-01/2026-06-30,2026-07-01/2026-07-26,72,159509.SZ|159518.SZ|159915.SZ|159920.SZ|159985.SZ|160644.SZ|161226.SZ|501018.SH|512890.SH|513180.SH|513310.SH|518880.SH|588200.SH,2.7236022007802427,0.8614689435973625,neighbor,513290.SH,160644.SZ
rolling_hill_climb,2026-01-01/2026-06-30,2026-07-01/2026-07-26,73,159509.SZ|159518.SZ|159920.SZ|159985.SZ|161226.SZ|501018.SH|512890.SH|513180.SH|513290.SH|513310.SH|518880.SH|563300.SH|588200.SH,3.165839126801491,0.8614689435973625,neighbor,159915.SZ,563300.SH
rolling_hill_climb,2026-01-01/2026-06-30,2026-07-01/2026-07-26,74,159509.SZ|159518.SZ|159920.SZ|159949.SZ|159985.SZ|161226.SZ|501018.SH|513180.SH|513290.SH|513310.SH|518880.SH|563300.SH|588200.SH,3.5506175657572783,0.8614689435973625,neighbor,512890.SH,159949.SZ
rolling_hill_climb,2026-01-01/2026-06-30,2026-07-01/2026-07-26,75,159329.SZ|159509.SZ|159518.SZ|159920.SZ|159949.SZ|159985.SZ|161226.SZ|501018.SH|513180.SH|513290.SH|518880.SH|563300.SH|588200.SH,2.092849051853859,0.8614689435973625,neighbor,513310.SH,159329.SZ
rolling_hill_climb,2026-01-01/2026-06-30,2026-07-01/2026-07-26,76,159509.SZ|159518.SZ|159687.SZ|159920.SZ|159949.SZ|159985.SZ|161226.SZ|501018.SH|513180.SH|513310.SH|518880.SH|563300.SH|588200.SH,2.3189223853666188,0.8614689435973625,neighbor,513290.SH,159687.SZ
rolling_hill_climb,2026-01-01/2026-06-30,2026-07-01/2026-07-26,77,159509.SZ|159518.SZ|159949.SZ|159985.SZ|161226.SZ|501018.SH|513180.SH|513290.SH|513310.SH|513750.SH|518880.SH|563300.SH|588200.SH,3.5506175657572783,0.7124574551953751,neighbor,159920.SZ,513750.SH
rolling_hill_climb,2026-01-01/2026-06-30,2026-07-01/2026-07-26,78,159509.SZ|159518.SZ|159851.SZ|159920.SZ|159949.SZ|159985.SZ|161226.SZ|501018.SH|513180.SH|513290.SH|513310.SH|518880.SH|563300.SH,3.021090457816118,0.8614689435973625,neighbor,588200.SH,159851.SZ
rolling_hill_climb,2026-01-01/2026-06-30,2026-07-01/2026-07-26,79,159509.SZ|159518.SZ|159920.SZ|159949.SZ|159980.SZ|159985.SZ|161226.SZ|513180.SH|513290.SH|513310.SH|518880.SH|563300.SH|588200.SH,2.255916176310117,0.8614689435973625,neighbor,501018.SH,159980.SZ
rolling_hill_climb,2026-01-01/2026-06-30,2026-07-01/2026-07-26,80,159509.SZ|159518.SZ|159920.SZ|159949.SZ|159980.SZ|161226.SZ|501018.SH|513180.SH|513290.SH|513310.SH|518880.SH|563300.SH|588200.SH,2.376412903089139,0.8614689435973625,neighbor,159985.SZ,159980.SZ
rolling_hill_climb,2026-01-01/2026-06-30,2026-07-01/2026-07-26,81,159509.SZ|159518.SZ|159920.SZ|159949.SZ|159981.SZ|159985.SZ|501018.SH|513180.SH|513290.SH|513310.SH|518880.SH|563300.SH|588200.SH,2.9424013438423735,0.8614689435973625,neighbor,161226.SZ,159981.SZ
rolling_hill_climb,2026-01-01/2026-06-30,2026-07-01/2026-07-26,82,159509.SZ|159518.SZ|159920.SZ|159949.SZ|159981.SZ|161226.SZ|501018.SH|513180.SH|513290.SH|513310.SH|518880.SH|563300.SH|588200.SH,2.947588613430062,0.8614689435973625,neighbor,159985.SZ,159981.SZ
rolling_hill_climb,2026-01-01/2026-06-30,2026-07-01/2026-07-26,83,159509.SZ|159518.SZ|159869.SZ|159920.SZ|159949.SZ|159985.SZ|161226.SZ|501018.SH|513180.SH|513290.SH|513310.SH|518880.SH|563300.SH,2.889584854727027,0.8614689435973625,neighbor,588200.SH,159869.SZ
rolling_hill_climb,2026-01-01/2026-06-30,2026-07-01/2026-07-26,84,159329.SZ|159509.SZ|159518.SZ|159920.SZ|159949.SZ|159985.SZ|161226.SZ|501018.SH|513180.SH|513310.SH|518880.SH|563300.SH|588200.SH,3.0784295732083358,0.8614689435973625,neighbor,513290.SH,159329.SZ
rolling_hill_climb,2026-01-01/2026-06-30,2026-07-01/2026-07-26,85,159518.SZ|159920.SZ|159949.SZ|159985.SZ|161226.SZ|501018.SH|513180.SH|513290.SH|513310.SH|513500.SH|518880.SH|563300.SH|588200.SH,2.9992351519986076,0.8614689435973625,neighbor,159509.SZ,513500.SH
rolling_hill_climb,2026-01-01/2026-06-30,2026-07-01/2026-07-26,86,159509.SZ|159518.SZ|159949.SZ|159985.SZ|161226.SZ|501018.SH|513070.SH|513180.SH|513290.SH|513310.SH|518880.SH|563300.SH|588200.SH,3.016185131399541,0.7124574551953751,neighbor,159920.SZ,513070.SH
rolling_hill_climb,2026-01-01/2026-06-30,2026-07-01/2026-07-26,87,159509.SZ|159920.SZ|159949.SZ|159985.SZ|161226.SZ|501018.SH|513180.SH|513290.SH|513310.SH|513400.SH|518880.SH|563300.SH|588200.SH,2.399738711111205,0.8614689435973625,neighbor,159518.SZ,513400.SH
rolling_hill_climb,2026-01-01/2026-06-30,2026-07-01/2026-07-26,88,159509.SZ|159518.SZ|159920.SZ|159949.SZ|159980.SZ|159985.SZ|161226.SZ|501018.SH|513180.SH|513290.SH|513310.SH|563300.SH|588200.SH,3.338304819611982,0.8614689435973625,neighbor,518880.SH,159980.SZ
rolling_hill_climb,2026-01-01/2026-06-30,2026-07-01/2026-07-26,89,159509.SZ|159518.SZ|159920.SZ|159985.SZ|161226.SZ|501018.SH|512660.SH|513180.SH|513290.SH|513310.SH|518880.SH|563300.SH|588200.SH,2.375206611736653,0.8614689435973625,neighbor,159949.SZ,512660.SH
rolling_hill_climb,2026-01-01/2026-06-30,2026-07-01/2026-07-26,90,159509.SZ|159518.SZ|159920.SZ|159949.SZ|159980.SZ|159985.SZ|501018.SH|513180.SH|513290.SH|513310.SH|518880.SH|563300.SH|588200.SH,3.0985112444258736,0.8614689435973625,neighbor,161226.SZ,159980.SZ
rolling_hill_climb,2026-01-01/2026-06-30,2026-07-01/2026-07-26,91,159509.SZ|159518.SZ|159949.SZ|159985.SZ|161226.SZ|501018.SH|513120.SH|513180.SH|513290.SH|513310.SH|518880.SH|563300.SH|588200.SH,2.799483858516643,0.7124574551953751,neighbor,159920.SZ,513120.SH
rolling_hill_climb,2026-01-01/2026-06-30,2026-07-01/2026-07-26,92,159509.SZ|159518.SZ|159920.SZ|159928.SZ|159949.SZ|159985.SZ|161226.SZ|501018.SH|513180.SH|513290.SH|513310.SH|518880.SH|563300.SH,3.081475612350001,0.8614689435973625,neighbor,588200.SH,159928.SZ
rolling_hill_climb,2026-01-01/2026-06-30,2026-07-01/2026-07-26,93,159509.SZ|159518.SZ|159611.SZ|159920.SZ|159949.SZ|159985.SZ|161226.SZ|501018.SH|513180.SH|513290.SH|513310.SH|518880.SH|588200.SH,3.204936225486021,0.8614689435973625,neighbor,563300.SH,159611.SZ
rolling_hill_climb,2026-01-01/2026-06-30,2026-07-01/2026-07-26,94,159329.SZ|159518.SZ|159920.SZ|159949.SZ|159985.SZ|161226.SZ|501018.SH|513180.SH|513290.SH|513310.SH|518880.SH|563300.SH|588200.SH,3.0670646341812864,0.8614689435973625,neighbor,159509.SZ,159329.SZ
rolling_hill_climb,2026-01-01/2026-06-30,2026-07-01/2026-07-26,95,159518.SZ|159920.SZ|159949.SZ|159985.SZ|161226.SZ|501018.SH|513180.SH|513290.SH|513310.SH|513730.SH|518880.SH|563300.SH|588200.SH,3.0394200093842634,0.8614689435973625,neighbor,159509.SZ,513730.SH
rolling_hill_climb,2026-01-01/2026-06-30,2026-07-01/2026-07-26,96,159509.SZ|159518.SZ|159920.SZ|159949.SZ|159985.SZ|160644.SZ|161226.SZ|501018.SH|513180.SH|513310.SH|518880.SH|563300.SH|588200.SH,2.7608029109544927,0.8614689435973625,neighbor,513290.SH,160644.SZ
rolling_hill_climb,2026-01-01/2026-06-30,2026-07-01/2026-07-26,97,159509.SZ|159518.SZ|159920.SZ|159949.SZ|159985.SZ|161226.SZ|501018.SH|513180.SH|513290.SH|513400.SH|518880.SH|563300.SH|588200.SH,1.9646404525010983,0.8614689435973625,neighbor,513310.SH,513400.SH
rolling_hill_climb,2026-01-01/2026-06-30,2026-07-01/2026-07-26,98,159509.SZ|159518.SZ|159920.SZ|159949.SZ|159985.SZ|161226.SZ|501018.SH|513290.SH|513310.SH|513750.SH|518880.SH|563300.SH|588200.SH,3.5506175657572783,0.8225381952022786,neighbor,513180.SH,513750.SH
rolling_hill_climb,2026-01-01/2026-06-30,2026-07-01/2026-07-26,99,159509.SZ|159518.SZ|159920.SZ|159949.SZ|159985.SZ|161226.SZ|501018.SH|512980.SH|513180.SH|513290.SH|513310.SH|518880.SH|588200.SH,3.7278687984466172,0.8614689435973625,neighbor,563300.SH,512980.SH
rolling_hill_climb,2026-01-01/2026-06-30,2026-07-01/2026-07-26,100,159509.SZ|159518.SZ|159920.SZ|159985.SZ|161226.SZ|501018.SH|512980.SH|513180.SH|513290.SH|513310.SH|518880.SH|588200.SH|588220.SH,3.423568902596675,0.8962680546181492,neighbor,159949.SZ,588220.SH
