method,training_period,holding_period,evaluation,codes,sharpe,maximum_within_group_correlation,phase,generation
rolling_ant_colony,2021-07-01/2021-12-31,2022-01-01/2022-06-30,1,159920.SZ|159981.SZ|161226.SZ|501018.SH|510210.SH|510880.SH|512800.SH|513080.SH|513100.SH|513180.SH|513500.SH|513880.SH|518880.SH,-0.9098408538853624,0.9194433972050108,ant,0
rolling_ant_colony,2021-07-01/2021-12-31,2022-01-01/2022-06-30,2,159920.SZ|159980.SZ|159981.SZ|159985.SZ|164824.SZ|501018.SH|510210.SH|510880.SH|513030.SH|513100.SH|513180.SH|513880.SH|515210.SH,-0.13653165801646408,0.9194433972050108,ant,0
rolling_ant_colony,2021-07-01/2021-12-31,2022-01-01/2022-06-30,3,159825.SZ|159920.SZ|159980.SZ|159981.SZ|160644.SZ|161226.SZ|164824.SZ|510500.SH|513030.SH|513080.SH|513180.SH|518880.SH|588000.SH,-0.5305422695784249,0.9194433972050108,ant,0
rolling_ant_colony,2021-07-01/2021-12-31,2022-01-01/2022-06-30,4,159920.SZ|159928.SZ|159981.SZ|159985.SZ|160644.SZ|161226.SZ|510880.SH|512040.SH|513080.SH|513100.SH|513180.SH|513880.SH|518880.SH,-0.9152208569953035,0.9194433972050108,ant,0
rolling_ant_colony,2021-07-01/2021-12-31,2022-01-01/2022-06-30,5,159851.SZ|159901.SZ|159920.SZ|159949.SZ|159980.SZ|159985.SZ|160644.SZ|161226.SZ|513080.SH|513100.SH|513180.SH|513500.SH|518880.SH,-1.5543451068742162,0.9194433972050108,ant,0
rolling_ant_colony,2021-07-01/2021-12-31,2022-01-01/2022-06-30,6,159920.SZ|159980.SZ|159985.SZ|160644.SZ|501018.SH|512200.SH|513030.SH|513180.SH|513500.SH|513880.SH|515220.SH|516150.SH|518880.SH,0.0643616914356167,0.9194433972050108,ant,0
rolling_ant_colony,2021-07-01/2021-12-31,2022-01-01/2022-06-30,7,159865.SZ|159920.SZ|159980.SZ|159985.SZ|161226.SZ|501018.SH|512880.SH|513030.SH|513080.SH|513100.SH|513180.SH|513500.SH|515880.SH,0.20875514893779137,0.9194433972050108,ant,0
rolling_ant_colony,2021-07-01/2021-12-31,2022-01-01/2022-06-30,8,159865.SZ|159870.SZ|159920.SZ|159980.SZ|159985.SZ|161226.SZ|164824.SZ|512100.SH|513080.SH|513100.SH|513180.SH|513880.SH|518880.SH,-1.5990641132175718,0.9194433972050108,ant,0
rolling_ant_colony,2021-07-01/2021-12-31,2022-01-01/2022-06-30,9,159870.SZ|159920.SZ|159980.SZ|159985.SZ|160644.SZ|161226.SZ|164824.SZ|510880.SH|513180.SH|513500.SH|513880.SH|515790.SH|518880.SH,-0.5792322809045145,0.9194433972050108,ant,0
rolling_ant_colony,2021-07-01/2021-12-31,2022-01-01/2022-06-30,10,159901.SZ|159920.SZ|159980.SZ|159981.SZ|159985.SZ|160644.SZ|161226.SZ|164824.SZ|513100.SH|513180.SH|513500.SH|515790.SH|516150.SH,0.5174561188631894,0.9194433972050108,ant,0
rolling_ant_colony,2021-07-01/2021-12-31,2022-01-01/2022-06-30,11,159825.SZ|159852.SZ|159870.SZ|159920.SZ|159980.SZ|159981.SZ|160644.SZ|501018.SH|513080.SH|513100.SH|513180.SH|513880.SH|518880.SH,-1.2319783964667546,0.9194433972050108,ant,0
rolling_ant_colony,2021-07-01/2021-12-31,2022-01-01/2022-06-30,12,159851.SZ|159920.SZ|159980.SZ|159985.SZ|161226.SZ|510210.SH|512880.SH|513030.SH|513100.SH|513180.SH|513500.SH|513880.SH|518880.SH,-1.715036950437547,0.9194433972050108,ant,0
rolling_ant_colony,2021-07-01/2021-12-31,2022-01-01/2022-06-30,13,159825.SZ|159852.SZ|159920.SZ|159981.SZ|159985.SZ|501018.SH|513030.SH|513080.SH|513180.SH|513500.SH|513880.SH|515210.SH|518880.SH,-0.9875536676355773,0.9194433972050108,ant,0
rolling_ant_colony,2021-07-01/2021-12-31,2022-01-01/2022-06-30,14,159870.SZ|159920.SZ|159981.SZ|161226.SZ|164824.SZ|501018.SH|510300.SH|510500.SH|513030.SH|513100.SH|513180.SH|513880.SH|518880.SH,-0.7523515739260014,0.9194433972050108,ant,0
rolling_ant_colony,2021-07-01/2021-12-31,2022-01-01/2022-06-30,15,159870.SZ|159920.SZ|159981.SZ|159985.SZ|161226.SZ|164824.SZ|510050.SH|510210.SH|513030.SH|513100.SH|513180.SH|513500.SH|518880.SH,-0.9080773580332897,0.9194433972050108,ant,0
rolling_ant_colony,2021-07-01/2021-12-31,2022-01-01/2022-06-30,16,159920.SZ|159985.SZ|160644.SZ|161226.SZ|164824.SZ|501018.SH|510880.SH|512660.SH|513030.SH|513180.SH|513500.SH|516150.SH|518880.SH,-0.051842555530629705,0.9194433972050108,ant,0
rolling_ant_colony,2021-07-01/2021-12-31,2022-01-01/2022-06-30,17,159920.SZ|159967.SZ|159980.SZ|159985.SZ|160644.SZ|501018.SH|512980.SH|513030.SH|513080.SH|513180.SH|513500.SH|516150.SH|518880.SH,-0.7058354521198628,0.9194433972050108,ant,0
rolling_ant_colony,2021-07-01/2021-12-31,2022-01-01/2022-06-30,18,159869.SZ|159920.SZ|159980.SZ|159981.SZ|161226.SZ|164824.SZ|501018.SH|512040.SH|513080.SH|513180.SH|513500.SH|513880.SH|515880.SH,0.4238362723752683,0.9194433972050108,ant,0
rolling_ant_colony,2021-07-01/2021-12-31,2022-01-01/2022-06-30,19,159766.SZ|159920.SZ|159949.SZ|159980.SZ|159985.SZ|160644.SZ|161226.SZ|164824.SZ|501018.SH|513030.SH|513180.SH|513500.SH|515880.SH,-0.20063318793498994,0.9194433972050108,ant,0
rolling_ant_colony,2021-07-01/2021-12-31,2022-01-01/2022-06-30,20,159766.SZ|159920.SZ|159981.SZ|159985.SZ|160644.SZ|161226.SZ|164824.SZ|510300.SH|512040.SH|513100.SH|513180.SH|513880.SH|518880.SH,-0.40268395338118534,0.9194433972050108,ant,0
rolling_ant_colony,2021-07-01/2021-12-31,2022-01-01/2022-06-30,21,159870.SZ|159920.SZ|159981.SZ|160644.SZ|161226.SZ|164824.SZ|501018.SH|512980.SH|513100.SH|513180.SH|513500.SH|515210.SH|518880.SH,0.2462804296824792,0.9194433972050108,ant,1
rolling_ant_colony,2021-07-01/2021-12-31,2022-01-01/2022-06-30,22,159920.SZ|159980.SZ|159985.SZ|161226.SZ|501018.SH|512040.SH|512880.SH|513030.SH|513080.SH|513100.SH|513180.SH|513500.SH|515880.SH,0.16495547583779574,0.9194433972050108,ant,1
rolling_ant_colony,2021-07-01/2021-12-31,2022-01-01/2022-06-30,23,159851.SZ|159920.SZ|159980.SZ|159985.SZ|160644.SZ|161226.SZ|501018.SH|513080.SH|513180.SH|513500.SH|513880.SH|516150.SH|588000.SH,0.377288452299999,0.9194433972050108,ant,1
rolling_ant_colony,2021-07-01/2021-12-31,2022-01-01/2022-06-30,24,159865.SZ|159901.SZ|159920.SZ|159981.SZ|159985.SZ|164824.SZ|501018.SH|513080.SH|513100.SH|513180.SH|513500.SH|518880.SH|588000.SH,-0.2507862075872176,0.9194433972050108,ant,1
rolling_ant_colony,2021-07-01/2021-12-31,2022-01-01/2022-06-30,25,159865.SZ|159920.SZ|159967.SZ|159980.SZ|159981.SZ|159985.SZ|164824.SZ|501018.SH|510880.SH|513100.SH|513180.SH|513500.SH|513880.SH,0.415076716808908,0.9194433972050108,ant,1
rolling_ant_colony,2021-07-01/2021-12-31,2022-01-01/2022-06-30,26,159920.SZ|159980.SZ|159981.SZ|159985.SZ|160644.SZ|510500.SH|513080.SH|513180.SH|513500.SH|513880.SH|515210.SH|516150.SH|518880.SH,-0.9745131157129774,0.9194433972050108,ant,1
rolling_ant_colony,2021-07-01/2021-12-31,2022-01-01/2022-06-30,27,159920.SZ|159980.SZ|159985.SZ|160644.SZ|161226.SZ|164824.SZ|501018.SH|512660.SH|512890.SH|513180.SH|513500.SH|513880.SH|515880.SH,1.8237185128359839,0.9194433972050108,ant,1
rolling_ant_colony,2021-07-01/2021-12-31,2022-01-01/2022-06-30,28,159920.SZ|159949.SZ|159980.SZ|159981.SZ|160644.SZ|164824.SZ|501018.SH|510300.SH|512980.SH|513030.SH|513180.SH|513500.SH|518880.SH,-0.3666954053809723,0.9194433972050108,ant,1
rolling_ant_colony,2021-07-01/2021-12-31,2022-01-01/2022-06-30,29,159766.SZ|159901.SZ|159920.SZ|159980.SZ|159981.SZ|161226.SZ|164824.SZ|501018.SH|513030.SH|513100.SH|513180.SH|513500.SH|515210.SH,0.6194302593848543,0.9194433972050108,ant,1
rolling_ant_colony,2021-07-01/2021-12-31,2022-01-01/2022-06-30,30,159869.SZ|159901.SZ|159920.SZ|159949.SZ|159981.SZ|161226.SZ|501018.SH|513080.SH|513100.SH|513180.SH|513500.SH|513880.SH|518880.SH,-0.5884020435254377,0.9194433972050108,ant,1
rolling_ant_colony,2021-07-01/2021-12-31,2022-01-01/2022-06-30,31,159920.SZ|159981.SZ|159985.SZ|161226.SZ|501018.SH|512040.SH|512170.SH|512400.SH|513030.SH|513080.SH|513180.SH|513500.SH|513880.SH,-0.14482858047192565,0.9194433972050108,ant,1
rolling_ant_colony,2021-07-01/2021-12-31,2022-01-01/2022-06-30,32,159920.SZ|159980.SZ|159985.SZ|160644.SZ|161226.SZ|512400.SH|512880.SH|513030.SH|513180.SH|513500.SH|513880.SH|516150.SH|518880.SH,-1.7906701667061855,0.9194433972050108,ant,1
rolling_ant_colony,2021-07-01/2021-12-31,2022-01-01/2022-06-30,33,159901.SZ|159920.SZ|159980.SZ|159981.SZ|160644.SZ|161226.SZ|501018.SH|512800.SH|513030.SH|513100.SH|513180.SH|513500.SH|515880.SH,0.28888909109008326,0.9194433972050108,ant,1
rolling_ant_colony,2021-07-01/2021-12-31,2022-01-01/2022-06-30,34,159920.SZ|159980.SZ|159981.SZ|160644.SZ|161226.SZ|164824.SZ|501018.SH|510210.SH|512170.SH|512890.SH|513080.SH|513180.SH|513880.SH,-1.0157130419109397,0.9194433972050108,ant,1
rolling_ant_colony,2021-07-01/2021-12-31,2022-01-01/2022-06-30,35,159920.SZ|159980.SZ|159985.SZ|161226.SZ|501018.SH|512100.SH|512660.SH|513030.SH|513080.SH|513180.SH|513500.SH|513880.SH|515880.SH,0.18748118137398248,0.9194433972050108,ant,1
rolling_ant_colony,2021-07-01/2021-12-31,2022-01-01/2022-06-30,36,159766.SZ|159920.SZ|159980.SZ|159981.SZ|159985.SZ|161226.SZ|510180.SH|513030.SH|513080.SH|513180.SH|513500.SH|513880.SH|515790.SH,-1.0826604981874048,0.9194433972050108,ant,1
rolling_ant_colony,2021-07-01/2021-12-31,2022-01-01/2022-06-30,37,159920.SZ|159981.SZ|159985.SZ|161226.SZ|164824.SZ|501018.SH|510300.SH|512890.SH|513080.SH|513100.SH|513180.SH|513500.SH|516150.SH,0.5135524038352982,0.9194433972050108,ant,1
rolling_ant_colony,2021-07-01/2021-12-31,2022-01-01/2022-06-30,38,159869.SZ|159920.SZ|159980.SZ|159981.SZ|159985.SZ|164824.SZ|501018.SH|512880.SH|513080.SH|513100.SH|513180.SH|513500.SH|516150.SH,0.6799572451583552,0.9194433972050108,ant,1
rolling_ant_colony,2021-07-01/2021-12-31,2022-01-01/2022-06-30,39,159851.SZ|159852.SZ|159920.SZ|159980.SZ|159981.SZ|160644.SZ|161226.SZ|501018.SH|510210.SH|513030.SH|513180.SH|513500.SH|513880.SH,-0.14160862213108574,0.9194433972050108,ant,1
rolling_ant_colony,2021-07-01/2021-12-31,2022-01-01/2022-06-30,40,159766.SZ|159869.SZ|159920.SZ|159980.SZ|159981.SZ|160644.SZ|161226.SZ|501018.SH|512880.SH|513030.SH|513100.SH|513180.SH|513880.SH,0.1399562899385696,0.9194433972050108,ant,1
rolling_ant_colony,2021-07-01/2021-12-31,2022-01-01/2022-06-30,41,159901.SZ|159920.SZ|159928.SZ|159980.SZ|159985.SZ|160644.SZ|161226.SZ|164824.SZ|501018.SH|512980.SH|513030.SH|513100.SH|513180.SH,-0.1280786640522382,0.9194433972050108,ant,2
rolling_ant_colony,2021-07-01/2021-12-31,2022-01-01/2022-06-30,42,159920.SZ|159981.SZ|159985.SZ|161226.SZ|501018.SH|512100.SH|512660.SH|512890.SH|513030.SH|513080.SH|513180.SH|513500.SH|513880.SH,0.05641368182021089,0.9194433972050108,ant,2
rolling_ant_colony,2021-07-01/2021-12-31,2022-01-01/2022-06-30,43,159920.SZ|159928.SZ|159980.SZ|159985.SZ|160644.SZ|164824.SZ|501018.SH|512200.SH|513030.SH|513180.SH|513500.SH|515880.SH|518880.SH,0.2715972137261499,0.9194433972050108,ant,2
rolling_ant_colony,2021-07-01/2021-12-31,2022-01-01/2022-06-30,44,159920.SZ|159980.SZ|159981.SZ|160644.SZ|161226.SZ|164824.SZ|501018.SH|512040.SH|512100.SH|512880.SH|513100.SH|513180.SH|513880.SH,0.8163886762291492,0.9194433972050108,ant,2
rolling_ant_colony,2021-07-01/2021-12-31,2022-01-01/2022-06-30,45,159851.SZ|159915.SZ|159920.SZ|159981.SZ|159985.SZ|164824.SZ|501018.SH|512100.SH|513030.SH|513100.SH|513180.SH|513500.SH|518880.SH,-0.08124395301453974,0.9194433972050108,ant,2
rolling_ant_colony,2021-07-01/2021-12-31,2022-01-01/2022-06-30,46,159869.SZ|159920.SZ|159980.SZ|159981.SZ|161226.SZ|501018.SH|512880.SH|512890.SH|513080.SH|513100.SH|513180.SH|513500.SH|513880.SH,0.18740847390594267,0.9194433972050108,ant,2
rolling_ant_colony,2021-07-01/2021-12-31,2022-01-01/2022-06-30,47,159920.SZ|159980.SZ|159981.SZ|159985.SZ|161226.SZ|512100.SH|512880.SH|513030.SH|513100.SH|513180.SH|513500.SH|513880.SH|515790.SH,-0.12264227365635469,0.9194433972050108,ant,2
rolling_ant_colony,2021-07-01/2021-12-31,2022-01-01/2022-06-30,48,159825.SZ|159869.SZ|159920.SZ|159980.SZ|159981.SZ|159985.SZ|164824.SZ|501018.SH|513030.SH|513100.SH|513180.SH|513500.SH|515790.SH,0.6273923997719445,0.9194433972050108,ant,2
rolling_ant_colony,2021-07-01/2021-12-31,2022-01-01/2022-06-30,49,159825.SZ|159869.SZ|159920.SZ|159980.SZ|159981.SZ|159985.SZ|164824.SZ|501018.SH|513080.SH|513100.SH|513180.SH|513500.SH|515880.SH,0.4730635706383396,0.9194433972050108,ant,2
rolling_ant_colony,2021-07-01/2021-12-31,2022-01-01/2022-06-30,50,159915.SZ|159920.SZ|159980.SZ|159985.SZ|161226.SZ|164824.SZ|501018.SH|510210.SH|512040.SH|513030.SH|513080.SH|513180.SH|513500.SH,0.4001237256300027,0.9194433972050108,ant,2
rolling_ant_colony,2021-07-01/2021-12-31,2022-01-01/2022-06-30,51,159920.SZ|159980.SZ|159981.SZ|161226.SZ|164824.SZ|501018.SH|510300.SH|510880.SH|513030.SH|513080.SH|513180.SH|513880.SH|516150.SH,-0.704778640359228,0.9194433972050108,ant,2
rolling_ant_colony,2021-07-01/2021-12-31,2022-01-01/2022-06-30,52,159851.SZ|159920.SZ|159928.SZ|159985.SZ|160644.SZ|161226.SZ|164824.SZ|501018.SH|510050.SH|513100.SH|513180.SH|513500.SH|518880.SH,-1.0752795266398474,0.9194433972050108,ant,2
rolling_ant_colony,2021-07-01/2021-12-31,2022-01-01/2022-06-30,53,159920.SZ|159980.SZ|159981.SZ|161226.SZ|164824.SZ|501018.SH|512170.SH|512890.SH|513030.SH|513100.SH|513180.SH|513880.SH|515210.SH,-0.04951609671812456,0.9194433972050108,ant,2
rolling_ant_colony,2021-07-01/2021-12-31,2022-01-01/2022-06-30,54,159920.SZ|159980.SZ|159985.SZ|160644.SZ|161226.SZ|164824.SZ|501018.SH|510210.SH|510300.SH|510500.SH|513080.SH|513180.SH|513500.SH,-0.8461365412138738,0.9194433972050108,ant,2
rolling_ant_colony,2021-07-01/2021-12-31,2022-01-01/2022-06-30,55,159920.SZ|159980.SZ|159985.SZ|160644.SZ|161226.SZ|164824.SZ|501018.SH|512400.SH|512880.SH|513080.SH|513180.SH|513500.SH|515220.SH,-0.2358060577819586,0.9194433972050108,ant,2
rolling_ant_colony,2021-07-01/2021-12-31,2022-01-01/2022-06-30,56,159901.SZ|159920.SZ|159981.SZ|159985.SZ|161226.SZ|164824.SZ|501018.SH|512660.SH|513100.SH|513180.SH|513500.SH|513880.SH|515880.SH,0.8810364371085694,0.9194433972050108,ant,2
rolling_ant_colony,2021-07-01/2021-12-31,2022-01-01/2022-06-30,57,159865.SZ|159920.SZ|159981.SZ|159985.SZ|161226.SZ|164824.SZ|501018.SH|510210.SH|513100.SH|513180.SH|513500.SH|513880.SH|515790.SH,0.4255564733617336,0.9194433972050108,ant,2
rolling_ant_colony,2021-07-01/2021-12-31,2022-01-01/2022-06-30,58,159920.SZ|159928.SZ|159980.SZ|159985.SZ|161226.SZ|164824.SZ|501018.SH|512200.SH|512660.SH|513030.SH|513100.SH|513180.SH|513500.SH,0.20452134742776604,0.9194433972050108,ant,2
rolling_ant_colony,2021-07-01/2021-12-31,2022-01-01/2022-06-30,59,159920.SZ|159980.SZ|159985.SZ|160644.SZ|161226.SZ|164824.SZ|501018.SH|512100.SH|512980.SH|513100.SH|513180.SH|513500.SH|515210.SH,-0.24476914583878925,0.9194433972050108,ant,2
rolling_ant_colony,2021-07-01/2021-12-31,2022-01-01/2022-06-30,60,159920.SZ|159980.SZ|159981.SZ|159985.SZ|160644.SZ|164824.SZ|501018.SH|512400.SH|512660.SH|513180.SH|513500.SH|513880.SH|515880.SH,0.563987768789648,0.9194433972050108,ant,2
rolling_ant_colony,2021-07-01/2021-12-31,2022-01-01/2022-06-30,61,159920.SZ|159980.SZ|159981.SZ|159985.SZ|160644.SZ|164824.SZ|510500.SH|513080.SH|513180.SH|513500.SH|515880.SH|516150.SH|518880.SH,-0.17227880041549892,0.9194433972050108,ant,3
rolling_ant_colony,2021-07-01/2021-12-31,2022-01-01/2022-06-30,62,159901.SZ|159920.SZ|159980.SZ|159985.SZ|160644.SZ|161226.SZ|501018.SH|512400.SH|512880.SH|513030.SH|513100.SH|513180.SH|513500.SH,-0.39449351849655023,0.9194433972050108,ant,3
rolling_ant_colony,2021-07-01/2021-12-31,2022-01-01/2022-06-30,63,159920.SZ|159967.SZ|159981.SZ|159985.SZ|161226.SZ|164824.SZ|510880.SH|512200.SH|513080.SH|513100.SH|513180.SH|513500.SH|518880.SH,-0.3257886989460495,0.9194433972050108,ant,3
rolling_ant_colony,2021-07-01/2021-12-31,2022-01-01/2022-06-30,64,159851.SZ|159920.SZ|159980.SZ|159985.SZ|160644.SZ|161226.SZ|501018.SH|512400.SH|513030.SH|513080.SH|513180.SH|513880.SH|515210.SH,-0.432330712709425,0.9194433972050108,ant,3
rolling_ant_colony,2021-07-01/2021-12-31,2022-01-01/2022-06-30,65,159865.SZ|159869.SZ|159920.SZ|159949.SZ|159980.SZ|159981.SZ|161226.SZ|164824.SZ|501018.SH|513030.SH|513100.SH|513180.SH|513880.SH,0.3241115805749525,0.9194433972050108,ant,3
rolling_ant_colony,2021-07-01/2021-12-31,2022-01-01/2022-06-30,66,159825.SZ|159920.SZ|159980.SZ|159981.SZ|161226.SZ|164824.SZ|501018.SH|513080.SH|513180.SH|513500.SH|513880.SH|515790.SH|515880.SH,0.3282517632781641,0.9194433972050108,ant,3
rolling_ant_colony,2021-07-01/2021-12-31,2022-01-01/2022-06-30,67,159920.SZ|159980.SZ|159985.SZ|161226.SZ|164824.SZ|501018.SH|512880.SH|512890.SH|513030.SH|513180.SH|513500.SH|513880.SH|516150.SH,0.19115214119433901,0.9194433972050108,ant,3
rolling_ant_colony,2021-07-01/2021-12-31,2022-01-01/2022-06-30,68,159825.SZ|159920.SZ|159980.SZ|159981.SZ|161226.SZ|501018.SH|512660.SH|513030.SH|513100.SH|513180.SH|513500.SH|513880.SH|516150.SH,-0.276852300732065,0.9194433972050108,ant,3
rolling_ant_colony,2021-07-01/2021-12-31,2022-01-01/2022-06-30,69,159901.SZ|159920.SZ|159981.SZ|159985.SZ|160644.SZ|161226.SZ|164824.SZ|501018.SH|512040.SH|512880.SH|513100.SH|513180.SH|513500.SH,0.759748712840092,0.9194433972050108,ant,3
rolling_ant_colony,2021-07-01/2021-12-31,2022-01-01/2022-06-30,70,159869.SZ|159920.SZ|159980.SZ|159981.SZ|161226.SZ|164824.SZ|501018.SH|513030.SH|513080.SH|513180.SH|513500.SH|515210.SH|515880.SH,1.076106295096121,0.9194433972050108,ant,3
rolling_ant_colony,2021-07-01/2021-12-31,2022-01-01/2022-06-30,71,159852.SZ|159920.SZ|159980.SZ|159981.SZ|159985.SZ|161226.SZ|164824.SZ|510180.SH|512880.SH|513030.SH|513080.SH|513180.SH|513500.SH,-0.5983944955955223,0.9194433972050108,ant,3
rolling_ant_colony,2021-07-01/2021-12-31,2022-01-01/2022-06-30,72,159825.SZ|159869.SZ|159920.SZ|159967.SZ|159980.SZ|159981.SZ|161226.SZ|501018.SH|513080.SH|513100.SH|513180.SH|513500.SH|513880.SH,0.1535583598663834,0.9194433972050108,ant,3
rolling_ant_colony,2021-07-01/2021-12-31,2022-01-01/2022-06-30,73,159901.SZ|159920.SZ|159980.SZ|159981.SZ|161226.SZ|164824.SZ|501018.SH|512880.SH|512890.SH|513100.SH|513180.SH|513500.SH|513880.SH,-0.11231428008841111,0.9194433972050108,ant,3
rolling_ant_colony,2021-07-01/2021-12-31,2022-01-01/2022-06-30,74,159825.SZ|159920.SZ|159980.SZ|159981.SZ|159985.SZ|160644.SZ|501018.SH|512100.SH|513100.SH|513180.SH|513500.SH|513880.SH|515880.SH,-0.2873449485942047,0.9194433972050108,ant,3
rolling_ant_colony,2021-07-01/2021-12-31,2022-01-01/2022-06-30,75,159825.SZ|159920.SZ|159980.SZ|159981.SZ|159985.SZ|160644.SZ|501018.SH|513100.SH|513180.SH|513500.SH|513880.SH|515220.SH|588000.SH,0.34001474192306935,0.9194433972050108,ant,3
rolling_ant_colony,2021-07-01/2021-12-31,2022-01-01/2022-06-30,76,159851.SZ|159920.SZ|159980.SZ|159981.SZ|159985.SZ|164824.SZ|501018.SH|512890.SH|513100.SH|513180.SH|513500.SH|513880.SH|515220.SH,1.1263077269939588,0.9194433972050108,ant,3
rolling_ant_colony,2021-07-01/2021-12-31,2022-01-01/2022-06-30,77,159920.SZ|159980.SZ|159985.SZ|160644.SZ|161226.SZ|164824.SZ|501018.SH|512400.SH|512880.SH|513100.SH|513180.SH|513500.SH|515210.SH,0.24044024984933432,0.9194433972050108,ant,3
rolling_ant_colony,2021-07-01/2021-12-31,2022-01-01/2022-06-30,78,159825.SZ|159920.SZ|159949.SZ|159980.SZ|159985.SZ|160644.SZ|161226.SZ|164824.SZ|501018.SH|512880.SH|513100.SH|513180.SH|513500.SH,-0.10802711700285106,0.9194433972050108,ant,3
rolling_ant_colony,2021-07-01/2021-12-31,2022-01-01/2022-06-30,79,159920.SZ|159980.SZ|159985.SZ|161226.SZ|164824.SZ|501018.SH|510880.SH|512660.SH|513100.SH|513180.SH|513500.SH|513880.SH|516150.SH,0.9096492932699167,0.9194433972050108,ant,3
rolling_ant_colony,2021-07-01/2021-12-31,2022-01-01/2022-06-30,80,159852.SZ|159920.SZ|159980.SZ|159981.SZ|159985.SZ|160644.SZ|501018.SH|512660.SH|513080.SH|513180.SH|513500.SH|513880.SH|515880.SH,-0.07021736342466725,0.9194433972050108,ant,3
rolling_ant_colony,2021-07-01/2021-12-31,2022-01-01/2022-06-30,81,159852.SZ|159901.SZ|159920.SZ|159981.SZ|159985.SZ|161226.SZ|164824.SZ|501018.SH|512800.SH|513100.SH|513180.SH|513500.SH|513880.SH,-0.5984409558618144,0.9194433972050108,ant,4
rolling_ant_colony,2021-07-01/2021-12-31,2022-01-01/2022-06-30,82,159869.SZ|159920.SZ|159980.SZ|159981.SZ|161226.SZ|164824.SZ|501018.SH|512660.SH|513100.SH|513180.SH|513500.SH|513880.SH|516150.SH,0.36886240940003384,0.9194433972050108,ant,4
rolling_ant_colony,2021-07-01/2021-12-31,2022-01-01/2022-06-30,83,159851.SZ|159920.SZ|159980.SZ|159981.SZ|159985.SZ|164824.SZ|501018.SH|512040.SH|513030.SH|513100.SH|513180.SH|513500.SH|516150.SH,1.8424876655191906,0.9194433972050108,ant,4
rolling_ant_colony,2021-07-01/2021-12-31,2022-01-01/2022-06-30,84,159920.SZ|159981.SZ|159985.SZ|161226.SZ|164824.SZ|501018.SH|512890.SH|513030.SH|513100.SH|513180.SH|513500.SH|515790.SH|516150.SH,1.1988960594518472,0.9194433972050108,ant,4
rolling_ant_colony,2021-07-01/2021-12-31,2022-01-01/2022-06-30,85,159825.SZ|159870.SZ|159920.SZ|159949.SZ|159980.SZ|161226.SZ|164824.SZ|501018.SH|513080.SH|513180.SH|513500.SH|513880.SH|518880.SH,-1.6940412964047886,0.9194433972050108,ant,4
rolling_ant_colony,2021-07-01/2021-12-31,2022-01-01/2022-06-30,86,159851.SZ|159869.SZ|159920.SZ|159980.SZ|161226.SZ|164824.SZ|501018.SH|512660.SH|513080.SH|513100.SH|513180.SH|513500.SH|518880.SH,0.44733503773023403,0.9194433972050108,ant,4
rolling_ant_colony,2021-07-01/2021-12-31,2022-01-01/2022-06-30,87,159901.SZ|159920.SZ|159981.SZ|159985.SZ|161226.SZ|164824.SZ|501018.SH|513080.SH|513180.SH|513500.SH|513880.SH|515790.SH|515880.SH,0.8041416829026019,0.9194433972050108,ant,4
rolling_ant_colony,2021-07-01/2021-12-31,2022-01-01/2022-06-30,88,159851.SZ|159920.SZ|159980.SZ|159985.SZ|160644.SZ|164824.SZ|501018.SH|512890.SH|513100.SH|513180.SH|513500.SH|515880.SH|518880.SH,1.1129025890193036,0.9194433972050108,ant,4
rolling_ant_colony,2021-07-01/2021-12-31,2022-01-01/2022-06-30,89,159865.SZ|159870.SZ|159920.SZ|159980.SZ|159985.SZ|160644.SZ|161226.SZ|501018.SH|513080.SH|513100.SH|513180.SH|513880.SH|515880.SH,0.191117774030726,0.9194433972050108,ant,4
rolling_ant_colony,2021-07-01/2021-12-31,2022-01-01/2022-06-30,90,159920.SZ|159980.SZ|159985.SZ|160644.SZ|161226.SZ|501018.SH|510880.SH|512660.SH|512880.SH|513100.SH|513180.SH|513500.SH|513880.SH,0.33633999499084677,0.9194433972050108,ant,4
rolling_ant_colony,2021-07-01/2021-12-31,2022-01-01/2022-06-30,91,159901.SZ|159920.SZ|159980.SZ|159985.SZ|161226.SZ|164824.SZ|501018.SH|513080.SH|513100.SH|513180.SH|513880.SH|515210.SH|516150.SH,-0.6279085616996751,0.9194433972050108,ant,4
rolling_ant_colony,2021-07-01/2021-12-31,2022-01-01/2022-06-30,92,159766.SZ|159920.SZ|159981.SZ|160644.SZ|161226.SZ|501018.SH|512980.SH|513080.SH|513100.SH|513180.SH|513500.SH|515880.SH|518880.SH,-0.3338704298282977,0.9194433972050108,ant,4
rolling_ant_colony,2021-07-01/2021-12-31,2022-01-01/2022-06-30,93,159920.SZ|159928.SZ|159980.SZ|159981.SZ|161226.SZ|164824.SZ|501018.SH|513030.SH|513180.SH|513500.SH|513880.SH|515210.SH|516150.SH,-0.0369001669513335,0.9194433972050108,ant,4
rolling_ant_colony,2021-07-01/2021-12-31,2022-01-01/2022-06-30,94,159865.SZ|159901.SZ|159920.SZ|159980.SZ|159981.SZ|161226.SZ|164824.SZ|512880.SH|513100.SH|513180.SH|513500.SH|513880.SH|518880.SH,-0.31945108753462703,0.9194433972050108,ant,4
rolling_ant_colony,2021-07-01/2021-12-31,2022-01-01/2022-06-30,95,159920.SZ|159980.SZ|159981.SZ|159985.SZ|160644.SZ|501018.SH|512660.SH|512880.SH|513030.SH|513100.SH|513180.SH|513500.SH|515220.SH,0.6231433945866761,0.9194433972050108,ant,4
rolling_ant_colony,2021-07-01/2021-12-31,2022-01-01/2022-06-30,96,159901.SZ|159920.SZ|159967.SZ|159980.SZ|159981.SZ|159985.SZ|160644.SZ|161226.SZ|164824.SZ|513100.SH|513180.SH|513500.SH|516150.SH,0.17168829423329354,0.9194433972050108,ant,4
rolling_ant_colony,2021-07-01/2021-12-31,2022-01-01/2022-06-30,97,159825.SZ|159920.SZ|159980.SZ|159981.SZ|159985.SZ|160644.SZ|161226.SZ|512660.SH|512880.SH|513100.SH|513180.SH|513500.SH|513880.SH,0.7494916139153023,0.9194433972050108,ant,4
rolling_ant_colony,2021-07-01/2021-12-31,2022-01-01/2022-06-30,98,159920.SZ|159980.SZ|159981.SZ|159985.SZ|160644.SZ|161226.SZ|512040.SH|512800.SH|513100.SH|513180.SH|513500.SH|513880.SH|515220.SH,0.29465360711268057,0.9194433972050108,ant,4
rolling_ant_colony,2021-07-01/2021-12-31,2022-01-01/2022-06-30,99,159852.SZ|159869.SZ|159920.SZ|159980.SZ|159985.SZ|161226.SZ|501018.SH|512660.SH|513030.SH|513080.SH|513100.SH|513180.SH|513880.SH,-0.24863107192074652,0.9194433972050108,ant,4
rolling_ant_colony,2021-07-01/2021-12-31,2022-01-01/2022-06-30,100,159766.SZ|159901.SZ|159920.SZ|159980.SZ|159985.SZ|161226.SZ|501018.SH|512100.SH|513030.SH|513100.SH|513180.SH|513500.SH|513880.SH,-0.33509100700190103,0.9194433972050108,ant,4
rolling_ant_colony,2022-01-01/2022-06-30,2022-07-01/2022-12-31,1,159870.SZ|159928.SZ|159949.SZ|159985.SZ|160644.SZ|161226.SZ|164824.SZ|501018.SH|513030.SH|513070.SH|513100.SH|513180.SH|518880.SH,0.5126108637276413,0.9123874319228055,ant,0
rolling_ant_colony,2022-01-01/2022-06-30,2022-07-01/2022-12-31,2,159920.SZ|159980.SZ|159981.SZ|160644.SZ|501018.SH|513030.SH|513070.SH|513100.SH|513880.SH|515210.SH|518880.SH|562500.SH|588000.SH,0.33920239434450844,0.902954449056628,ant,0
rolling_ant_colony,2022-01-01/2022-06-30,2022-07-01/2022-12-31,3,159901.SZ|159920.SZ|159980.SZ|159981.SZ|161226.SZ|164824.SZ|510880.SH|512400.SH|513030.SH|513070.SH|513500.SH|513880.SH|518880.SH,-0.916208327349726,0.902954449056628,ant,0
rolling_ant_colony,2022-01-01/2022-06-30,2022-07-01/2022-12-31,4,159920.SZ|159928.SZ|159980.SZ|159981.SZ|159985.SZ|160644.SZ|501018.SH|512040.SH|512100.SH|513070.SH|513080.SH|513100.SH|513880.SH,0.26299885366031567,0.902954449056628,ant,0
rolling_ant_colony,2022-01-01/2022-06-30,2022-07-01/2022-12-31,5,159852.SZ|159980.SZ|159981.SZ|160644.SZ|164824.SZ|501018.SH|512890.SH|513030.SH|513070.SH|513180.SH|513500.SH|515880.SH|518880.SH,0.37402000413775544,0.9123874319228055,ant,0
rolling_ant_colony,2022-01-01/2022-06-30,2022-07-01/2022-12-31,6,159967.SZ|159980.SZ|159985.SZ|160644.SZ|501018.SH|512040.SH|512200.SH|513030.SH|513070.SH|513180.SH|513500.SH|513880.SH|518880.SH,0.9709799859889744,0.9123874319228055,ant,0
rolling_ant_colony,2022-01-01/2022-06-30,2022-07-01/2022-12-31,7,159920.SZ|159949.SZ|159980.SZ|160644.SZ|161226.SZ|501018.SH|512100.SH|512880.SH|513070.SH|513080.SH|513500.SH|513880.SH|518880.SH,-0.029970451070002402,0.902954449056628,ant,0
rolling_ant_colony,2022-01-01/2022-06-30,2022-07-01/2022-12-31,8,159901.SZ|159920.SZ|159980.SZ|159985.SZ|160644.SZ|161226.SZ|510180.SH|512980.SH|513070.SH|513080.SH|513500.SH|513880.SH|518880.SH,-0.15025518395040088,0.9084235910224081,ant,0
rolling_ant_colony,2022-01-01/2022-06-30,2022-07-01/2022-12-31,9,159869.SZ|159920.SZ|159949.SZ|159980.SZ|160644.SZ|161226.SZ|501018.SH|513070.SH|513080.SH|513500.SH|513880.SH|515210.SH|518880.SH,0.3213831143125896,0.902954449056628,ant,0
rolling_ant_colony,2022-01-01/2022-06-30,2022-07-01/2022-12-31,10,159766.SZ|159825.SZ|159980.SZ|159981.SZ|160644.SZ|161226.SZ|164824.SZ|512660.SH|513070.SH|513080.SH|513100.SH|513180.SH|518880.SH,-0.4356429044591949,0.9123874319228055,ant,0
rolling_ant_colony,2022-01-01/2022-06-30,2022-07-01/2022-12-31,11,159796.SZ|159901.SZ|159980.SZ|159981.SZ|159985.SZ|160644.SZ|161226.SZ|512880.SH|513070.SH|513080.SH|513180.SH|513500.SH|513880.SH,0.28961791375606133,0.9123874319228055,ant,0
rolling_ant_colony,2022-01-01/2022-06-30,2022-07-01/2022-12-31,12,159825.SZ|159870.SZ|159980.SZ|159981.SZ|160644.SZ|161226.SZ|164824.SZ|510050.SH|513030.SH|513070.SH|513180.SH|513500.SH|518880.SH,-0.7812921566636294,0.9123874319228055,ant,0
rolling_ant_colony,2022-01-01/2022-06-30,2022-07-01/2022-12-31,13,159851.SZ|159869.SZ|159870.SZ|159980.SZ|159985.SZ|164824.SZ|501018.SH|513070.SH|513080.SH|513100.SH|513180.SH|513880.SH|518880.SH,0.3115681941206596,0.9123874319228055,ant,0
rolling_ant_colony,2022-01-01/2022-06-30,2022-07-01/2022-12-31,14,159865.SZ|159980.SZ|159981.SZ|160644.SZ|161226.SZ|510500.SH|513030.SH|513070.SH|513100.SH|513180.SH|513880.SH|515210.SH|518880.SH,-1.3380295956561714,0.9123874319228055,ant,0
rolling_ant_colony,2022-01-01/2022-06-30,2022-07-01/2022-12-31,15,159796.SZ|159920.SZ|159981.SZ|160644.SZ|161226.SZ|501018.SH|512040.SH|512800.SH|513030.SH|513070.SH|513100.SH|513880.SH|518880.SH,0.24110957694519644,0.902954449056628,ant,0
rolling_ant_colony,2022-01-01/2022-06-30,2022-07-01/2022-12-31,16,159915.SZ|159920.SZ|159980.SZ|159985.SZ|160644.SZ|161226.SZ|164824.SZ|510050.SH|512170.SH|513070.SH|513080.SH|513500.SH|518880.SH,0.43238795166273564,0.902954449056628,ant,0
rolling_ant_colony,2022-01-01/2022-06-30,2022-07-01/2022-12-31,17,159980.SZ|159981.SZ|160644.SZ|161226.SZ|164824.SZ|501018.SH|510880.SH|512800.SH|513070.SH|513080.SH|513180.SH|513500.SH|515790.SH,0.7951712949249863,0.9123874319228055,ant,0
rolling_ant_colony,2022-01-01/2022-06-30,2022-07-01/2022-12-31,18,159611.SZ|159920.SZ|159980.SZ|159981.SZ|161226.SZ|164824.SZ|512100.SH|513070.SH|513080.SH|513100.SH|513880.SH|516150.SH|518880.SH,-1.0092434105238453,0.9058484940465971,ant,0
rolling_ant_colony,2022-01-01/2022-06-30,2022-07-01/2022-12-31,19,159851.SZ|159915.SZ|159920.SZ|159980.SZ|159981.SZ|160644.SZ|164824.SZ|501018.SH|510180.SH|513070.SH|513100.SH|513880.SH|518880.SH,0.9833049527816009,0.902954449056628,ant,0
rolling_ant_colony,2022-01-01/2022-06-30,2022-07-01/2022-12-31,20,159766.SZ|159852.SZ|159920.SZ|159980.SZ|159981.SZ|161226.SZ|164824.SZ|510180.SH|513030.SH|513070.SH|513500.SH|513880.SH|518880.SH,-0.4009416654599369,0.902954449056628,ant,0
rolling_ant_colony,2022-01-01/2022-06-30,2022-07-01/2022-12-31,21,159796.SZ|159901.SZ|159980.SZ|159981.SZ|159985.SZ|160644.SZ|164824.SZ|512890.SH|513070.SH|513080.SH|513180.SH|513500.SH|518880.SH,0.5717260576996218,0.9123874319228055,ant,1
rolling_ant_colony,2022-01-01/2022-06-30,2022-07-01/2022-12-31,22,159920.SZ|159980.SZ|159981.SZ|160644.SZ|164824.SZ|501018.SH|510880.SH|513070.SH|513080.SH|513500.SH|515210.SH|518880.SH|588000.SH,-0.20002277822633655,0.902954449056628,ant,1
rolling_ant_colony,2022-01-01/2022-06-30,2022-07-01/2022-12-31,23,159851.SZ|159865.SZ|159980.SZ|159981.SZ|159985.SZ|160644.SZ|164824.SZ|501018.SH|510500.SH|513070.SH|513100.SH|513180.SH|513880.SH,-0.17424634077442072,0.9123874319228055,ant,1
rolling_ant_colony,2022-01-01/2022-06-30,2022-07-01/2022-12-31,24,159852.SZ|159949.SZ|159985.SZ|160644.SZ|161226.SZ|164824.SZ|501018.SH|512980.SH|513070.SH|513180.SH|513500.SH|513880.SH|518880.SH,0.691597431223936,0.9123874319228055,ant,1
rolling_ant_colony,2022-01-01/2022-06-30,2022-07-01/2022-12-31,25,159766.SZ|159920.SZ|159980.SZ|159981.SZ|160644.SZ|164824.SZ|501018.SH|510500.SH|512660.SH|513070.SH|513080.SH|513880.SH|518880.SH,-0.21738277134000988,0.902954449056628,ant,1
rolling_ant_colony,2022-01-01/2022-06-30,2022-07-01/2022-12-31,26,159980.SZ|159985.SZ|160644.SZ|161226.SZ|164824.SZ|501018.SH|512040.SH|512890.SH|513030.SH|513070.SH|513180.SH|513500.SH|515790.SH,0.3399834837392847,0.9123874319228055,ant,1
rolling_ant_colony,2022-01-01/2022-06-30,2022-07-01/2022-12-31,27,159851.SZ|159980.SZ|159981.SZ|160644.SZ|501018.SH|512200.SH|512880.SH|513030.SH|513070.SH|513100.SH|513180.SH|513880.SH|518880.SH,0.7131927299048555,0.9123874319228055,ant,1
rolling_ant_colony,2022-01-01/2022-06-30,2022-07-01/2022-12-31,28,159949.SZ|159980.SZ|159985.SZ|164824.SZ|501018.SH|510210.SH|513030.SH|513070.SH|513180.SH|513500.SH|513880.SH|515880.SH|518880.SH,0.578529626309417,0.9123874319228055,ant,1
rolling_ant_colony,2022-01-01/2022-06-30,2022-07-01/2022-12-31,29,159869.SZ|159980.SZ|159981.SZ|160644.SZ|164824.SZ|501018.SH|510050.SH|512100.SH|513070.SH|513080.SH|513180.SH|513880.SH|518880.SH,0.23177579684241698,0.9123874319228055,ant,1
rolling_ant_colony,2022-01-01/2022-06-30,2022-07-01/2022-12-31,30,159967.SZ|159981.SZ|159985.SZ|160644.SZ|161226.SZ|164824.SZ|501018.SH|512170.SH|513030.SH|513070.SH|513180.SH|513880.SH|515790.SH,0.6639391244231962,0.9123874319228055,ant,1
rolling_ant_colony,2022-01-01/2022-06-30,2022-07-01/2022-12-31,31,159920.SZ|159967.SZ|159980.SZ|159981.SZ|160644.SZ|161226.SZ|510180.SH|512800.SH|513070.SH|513080.SH|513100.SH|513880.SH|518880.SH,-0.4264714338487487,0.902954449056628,ant,1
rolling_ant_colony,2022-01-01/2022-06-30,2022-07-01/2022-12-31,32,159852.SZ|159981.SZ|159985.SZ|160644.SZ|161226.SZ|164824.SZ|510880.SH|513030.SH|513070.SH|513180.SH|513500.SH|518880.SH|588000.SH,-0.42427535792851423,0.9123874319228055,ant,1
rolling_ant_colony,2022-01-01/2022-06-30,2022-07-01/2022-12-31,33,159980.SZ|159985.SZ|164824.SZ|501018.SH|512200.SH|512980.SH|513070.SH|513080.SH|513100.SH|513180.SH|513880.SH|518880.SH|562500.SH,1.144826225828583,0.9123874319228055,ant,1
rolling_ant_colony,2022-01-01/2022-06-30,2022-07-01/2022-12-31,34,159870.SZ|159920.SZ|159981.SZ|161226.SZ|164824.SZ|501018.SH|510880.SH|512170.SH|513070.SH|513080.SH|513500.SH|513880.SH|518880.SH,-0.38464024655309187,0.902954449056628,ant,1
rolling_ant_colony,2022-01-01/2022-06-30,2022-07-01/2022-12-31,35,159865.SZ|159915.SZ|159980.SZ|159985.SZ|160644.SZ|164824.SZ|501018.SH|513070.SH|513080.SH|513180.SH|513880.SH|515210.SH|518880.SH,0.6223812430030321,0.9123874319228055,ant,1
rolling_ant_colony,2022-01-01/2022-06-30,2022-07-01/2022-12-31,36,159611.SZ|159869.SZ|159915.SZ|159920.SZ|159980.SZ|159981.SZ|159985.SZ|160644.SZ|161226.SZ|513070.SH|513080.SH|513500.SH|513880.SH,-1.169084606610246,0.902954449056628,ant,1
rolling_ant_colony,2022-01-01/2022-06-30,2022-07-01/2022-12-31,37,159796.SZ|159920.SZ|159980.SZ|159981.SZ|159985.SZ|160644.SZ|164824.SZ|512400.SH|513030.SH|513070.SH|513880.SH|518880.SH|562500.SH,0.43873364047434166,0.902954449056628,ant,1
rolling_ant_colony,2022-01-01/2022-06-30,2022-07-01/2022-12-31,38,159851.SZ|159852.SZ|159980.SZ|159985.SZ|164824.SZ|501018.SH|512170.SH|513070.SH|513080.SH|513180.SH|513500.SH|513880.SH|518880.SH,1.1716666712542823,0.9123874319228055,ant,1
rolling_ant_colony,2022-01-01/2022-06-30,2022-07-01/2022-12-31,39,159870.SZ|159915.SZ|159920.SZ|159980.SZ|159981.SZ|160644.SZ|161226.SZ|501018.SH|512040.SH|513030.SH|513070.SH|513500.SH|513880.SH,-0.44234294591306655,0.902954449056628,ant,1
rolling_ant_colony,2022-01-01/2022-06-30,2022-07-01/2022-12-31,40,159766.SZ|159852.SZ|159920.SZ|159967.SZ|159980.SZ|159981.SZ|159985.SZ|160644.SZ|161226.SZ|164824.SZ|513030.SH|513070.SH|513100.SH,-0.7637012729724345,0.902954449056628,ant,1
rolling_ant_colony,2022-01-01/2022-06-30,2022-07-01/2022-12-31,41,159796.SZ|159981.SZ|161226.SZ|164824.SZ|501018.SH|510210.SH|512400.SH|513030.SH|513070.SH|513100.SH|513180.SH|513880.SH|518880.SH,0.5606981581320011,0.9123874319228055,ant,2
rolling_ant_colony,2022-01-01/2022-06-30,2022-07-01/2022-12-31,42,159920.SZ|159949.SZ|159980.SZ|159981.SZ|160644.SZ|164824.SZ|501018.SH|512980.SH|513030.SH|513070.SH|513100.SH|515220.SH|518880.SH,0.048963289488996746,0.902954449056628,ant,2
rolling_ant_colony,2022-01-01/2022-06-30,2022-07-01/2022-12-31,43,159870.SZ|159985.SZ|160644.SZ|161226.SZ|501018.SH|512170.SH|513070.SH|513080.SH|513100.SH|513180.SH|513880.SH|515790.SH|518880.SH,0.9581012178291455,0.9123874319228055,ant,2
rolling_ant_colony,2022-01-01/2022-06-30,2022-07-01/2022-12-31,44,159851.SZ|159949.SZ|159980.SZ|160644.SZ|161226.SZ|164824.SZ|501018.SH|513070.SH|513080.SH|513180.SH|513880.SH|515790.SH|518880.SH,0.44291865098124583,0.9123874319228055,ant,2
rolling_ant_colony,2022-01-01/2022-06-30,2022-07-01/2022-12-31,45,159949.SZ|159980.SZ|159985.SZ|160644.SZ|164824.SZ|501018.SH|512660.SH|512880.SH|513070.SH|513180.SH|513500.SH|513880.SH|518880.SH,1.1049279048880538,0.9123874319228055,ant,2
rolling_ant_colony,2022-01-01/2022-06-30,2022-07-01/2022-12-31,46,159852.SZ|159901.SZ|159920.SZ|159980.SZ|159985.SZ|160644.SZ|164824.SZ|501018.SH|512880.SH|513030.SH|513070.SH|513880.SH|518880.SH,0.5442558980766716,0.902954449056628,ant,2
rolling_ant_colony,2022-01-01/2022-06-30,2022-07-01/2022-12-31,47,159851.SZ|159980.SZ|159981.SZ|159985.SZ|160644.SZ|512170.SH|512200.SH|513030.SH|513070.SH|513100.SH|513180.SH|513880.SH|518880.SH,0.09248319699020427,0.9123874319228055,ant,2
rolling_ant_colony,2022-01-01/2022-06-30,2022-07-01/2022-12-31,48,159870.SZ|159981.SZ|159985.SZ|160644.SZ|161226.SZ|164824.SZ|501018.SH|512890.SH|513070.SH|513080.SH|513100.SH|513180.SH|562500.SH,0.5005847327051957,0.9123874319228055,ant,2
rolling_ant_colony,2022-01-01/2022-06-30,2022-07-01/2022-12-31,49,159915.SZ|159980.SZ|159985.SZ|160644.SZ|501018.SH|512980.SH|513070.SH|513080.SH|513100.SH|513180.SH|513880.SH|518880.SH|562500.SH,1.3591291342724279,0.9123874319228055,ant,2
rolling_ant_colony,2022-01-01/2022-06-30,2022-07-01/2022-12-31,50,159915.SZ|159980.SZ|159985.SZ|160644.SZ|164824.SZ|501018.SH|510050.SH|512800.SH|513030.SH|513070.SH|513180.SH|513880.SH|518880.SH,0.6987912851824849,0.9123874319228055,ant,2
rolling_ant_colony,2022-01-01/2022-06-30,2022-07-01/2022-12-31,51,159870.SZ|159980.SZ|159985.SZ|160644.SZ|164824.SZ|501018.SH|512170.SH|512200.SH|513070.SH|513080.SH|513180.SH|513880.SH|518880.SH,0.8674386928874079,0.9123874319228055,ant,2
rolling_ant_colony,2022-01-01/2022-06-30,2022-07-01/2022-12-31,52,159980.SZ|159985.SZ|161226.SZ|164824.SZ|501018.SH|510180.SH|512170.SH|512980.SH|513030.SH|513070.SH|513180.SH|513500.SH|513880.SH,0.6986514471631831,0.9123874319228055,ant,2
rolling_ant_colony,2022-01-01/2022-06-30,2022-07-01/2022-12-31,53,159851.SZ|159852.SZ|159915.SZ|159980.SZ|159985.SZ|160644.SZ|164824.SZ|501018.SH|513030.SH|513070.SH|513180.SH|513880.SH|518880.SH,1.3555130713698489,0.9123874319228055,ant,2
rolling_ant_colony,2022-01-01/2022-06-30,2022-07-01/2022-12-31,54,159967.SZ|159980.SZ|159985.SZ|161226.SZ|164824.SZ|501018.SH|513030.SH|513070.SH|513100.SH|513180.SH|513880.SH|515880.SH|562500.SH,0.4669009954075489,0.9123874319228055,ant,2
rolling_ant_colony,2022-01-01/2022-06-30,2022-07-01/2022-12-31,55,159851.SZ|159949.SZ|159980.SZ|159985.SZ|160644.SZ|501018.SH|512800.SH|513030.SH|513070.SH|513180.SH|513500.SH|513880.SH|518880.SH,0.9794118686084768,0.9123874319228055,ant,2
rolling_ant_colony,2022-01-01/2022-06-30,2022-07-01/2022-12-31,56,159980.SZ|159985.SZ|160644.SZ|501018.SH|510880.SH|512400.SH|513070.SH|513080.SH|513100.SH|513180.SH|513880.SH|518880.SH|562500.SH,0.8313751707286748,0.9123874319228055,ant,2
rolling_ant_colony,2022-01-01/2022-06-30,2022-07-01/2022-12-31,57,159981.SZ|159985.SZ|160644.SZ|164824.SZ|501018.SH|512100.SH|512200.SH|512660.SH|513030.SH|513070.SH|513180.SH|513880.SH|518880.SH,0.42832493174623737,0.9123874319228055,ant,2
rolling_ant_colony,2022-01-01/2022-06-30,2022-07-01/2022-12-31,58,159611.SZ|159980.SZ|159985.SZ|160644.SZ|501018.SH|510050.SH|510210.SH|513070.SH|513080.SH|513100.SH|513180.SH|513880.SH|518880.SH,1.2195404005073605,0.9123874319228055,ant,2
rolling_ant_colony,2022-01-01/2022-06-30,2022-07-01/2022-12-31,59,159852.SZ|159869.SZ|159980.SZ|159985.SZ|160644.SZ|501018.SH|512200.SH|513070.SH|513080.SH|513100.SH|513180.SH|513880.SH|518880.SH,0.7701693056754851,0.9123874319228055,ant,2
rolling_ant_colony,2022-01-01/2022-06-30,2022-07-01/2022-12-31,60,159796.SZ|159967.SZ|159980.SZ|159985.SZ|160644.SZ|161226.SZ|164824.SZ|510300.SH|513070.SH|513080.SH|513180.SH|513500.SH|518880.SH,0.8374972445499707,0.9123874319228055,ant,2
rolling_ant_colony,2022-01-01/2022-06-30,2022-07-01/2022-12-31,61,159981.SZ|159985.SZ|160644.SZ|164824.SZ|501018.SH|512400.SH|513070.SH|513080.SH|513180.SH|513880.SH|515220.SH|518880.SH|562500.SH,0.6277953344701203,0.9123874319228055,ant,3
rolling_ant_colony,2022-01-01/2022-06-30,2022-07-01/2022-12-31,62,159915.SZ|159980.SZ|159985.SZ|160644.SZ|161226.SZ|164824.SZ|501018.SH|510210.SH|512100.SH|513070.SH|513080.SH|513180.SH|513880.SH,0.5688901472504881,0.9123874319228055,ant,3
rolling_ant_colony,2022-01-01/2022-06-30,2022-07-01/2022-12-31,63,159766.SZ|159980.SZ|159985.SZ|160644.SZ|501018.SH|512170.SH|512980.SH|513070.SH|513080.SH|513100.SH|513180.SH|513880.SH|518880.SH,0.6120054718456577,0.9123874319228055,ant,3
rolling_ant_colony,2022-01-01/2022-06-30,2022-07-01/2022-12-31,64,159865.SZ|159928.SZ|159980.SZ|159985.SZ|160644.SZ|501018.SH|512170.SH|513030.SH|513070.SH|513180.SH|513500.SH|513880.SH|518880.SH,0.9966578967492762,0.9123874319228055,ant,3
rolling_ant_colony,2022-01-01/2022-06-30,2022-07-01/2022-12-31,65,159967.SZ|159980.SZ|159981.SZ|159985.SZ|160644.SZ|164824.SZ|512170.SH|513030.SH|513070.SH|513100.SH|513180.SH|518880.SH|562500.SH,0.7540370577450013,0.9123874319228055,ant,3
rolling_ant_colony,2022-01-01/2022-06-30,2022-07-01/2022-12-31,66,159611.SZ|159851.SZ|159980.SZ|159981.SZ|160644.SZ|161226.SZ|164824.SZ|501018.SH|510880.SH|513070.SH|513080.SH|513180.SH|513880.SH,-0.19467124897311075,0.9123874319228055,ant,3
rolling_ant_colony,2022-01-01/2022-06-30,2022-07-01/2022-12-31,67,159851.SZ|159852.SZ|159980.SZ|159985.SZ|164824.SZ|501018.SH|512200.SH|513070.SH|513080.SH|513100.SH|513180.SH|513880.SH|518880.SH,1.0026605171364844,0.9123874319228055,ant,3
rolling_ant_colony,2022-01-01/2022-06-30,2022-07-01/2022-12-31,68,159985.SZ|160644.SZ|161226.SZ|164824.SZ|501018.SH|512980.SH|513070.SH|513100.SH|513180.SH|513880.SH|515790.SH|516150.SH|518880.SH,0.5473442209875704,0.9123874319228055,ant,3
rolling_ant_colony,2022-01-01/2022-06-30,2022-07-01/2022-12-31,69,159851.SZ|159980.SZ|159985.SZ|160644.SZ|164824.SZ|501018.SH|510880.SH|512980.SH|513070.SH|513080.SH|513100.SH|513180.SH|518880.SH,0.20203273943040953,0.9123874319228055,ant,3
rolling_ant_colony,2022-01-01/2022-06-30,2022-07-01/2022-12-31,70,159851.SZ|159985.SZ|160644.SZ|161226.SZ|164824.SZ|501018.SH|510180.SH|512660.SH|513070.SH|513080.SH|513180.SH|513880.SH|518880.SH,-0.13350125495337348,0.9123874319228055,ant,3
rolling_ant_colony,2022-01-01/2022-06-30,2022-07-01/2022-12-31,71,159851.SZ|159852.SZ|159920.SZ|159980.SZ|159985.SZ|160644.SZ|501018.SH|512980.SH|513070.SH|513080.SH|513100.SH|513880.SH|518880.SH,0.3876150989415375,0.902954449056628,ant,3
rolling_ant_colony,2022-01-01/2022-06-30,2022-07-01/2022-12-31,72,159980.SZ|159985.SZ|160644.SZ|164824.SZ|501018.SH|512400.SH|512800.SH|513070.SH|513080.SH|513180.SH|513500.SH|518880.SH|562500.SH,0.5613721342968845,0.9123874319228055,ant,3
rolling_ant_colony,2022-01-01/2022-06-30,2022-07-01/2022-12-31,73,159851.SZ|159949.SZ|159980.SZ|159985.SZ|160644.SZ|164824.SZ|501018.SH|512660.SH|513070.SH|513080.SH|513180.SH|513880.SH|518880.SH,1.0899407340144094,0.9123874319228055,ant,3
rolling_ant_colony,2022-01-01/2022-06-30,2022-07-01/2022-12-31,74,159980.SZ|159985.SZ|160644.SZ|501018.SH|510180.SH|512200.SH|512800.SH|513070.SH|513080.SH|513100.SH|513180.SH|513880.SH|518880.SH,0.8379719386183302,0.9123874319228055,ant,3
rolling_ant_colony,2022-01-01/2022-06-30,2022-07-01/2022-12-31,75,159980.SZ|159985.SZ|160644.SZ|164824.SZ|501018.SH|512170.SH|512980.SH|513070.SH|513080.SH|513100.SH|513180.SH|518880.SH|562500.SH,1.2784035441734527,0.9123874319228055,ant,3
rolling_ant_colony,2022-01-01/2022-06-30,2022-07-01/2022-12-31,76,159611.SZ|159852.SZ|159980.SZ|159985.SZ|160644.SZ|164824.SZ|501018.SH|512200.SH|513070.SH|513100.SH|513180.SH|513880.SH|518880.SH,1.1989686415894458,0.9123874319228055,ant,3
rolling_ant_colony,2022-01-01/2022-06-30,2022-07-01/2022-12-31,77,159915.SZ|159920.SZ|159980.SZ|159985.SZ|160644.SZ|164824.SZ|501018.SH|512200.SH|512980.SH|513070.SH|513080.SH|513500.SH|518880.SH,0.7549315799813124,0.902954449056628,ant,3
rolling_ant_colony,2022-01-01/2022-06-30,2022-07-01/2022-12-31,78,159949.SZ|159980.SZ|159981.SZ|159985.SZ|160644.SZ|512800.SH|513030.SH|513070.SH|513100.SH|513180.SH|513880.SH|518880.SH|562500.SH,0.2765080135540834,0.9123874319228055,ant,3
rolling_ant_colony,2022-01-01/2022-06-30,2022-07-01/2022-12-31,79,159611.SZ|159920.SZ|159980.SZ|159985.SZ|160644.SZ|164824.SZ|501018.SH|512040.SH|512170.SH|513070.SH|513500.SH|513880.SH|518880.SH,0.48235998565944394,0.902954449056628,ant,3
rolling_ant_colony,2022-01-01/2022-06-30,2022-07-01/2022-12-31,80,159967.SZ|159980.SZ|159985.SZ|160644.SZ|164824.SZ|501018.SH|510050.SH|512980.SH|513070.SH|513080.SH|513180.SH|513880.SH|518880.SH,1.0951108397551546,0.9123874319228055,ant,3
rolling_ant_colony,2022-01-01/2022-06-30,2022-07-01/2022-12-31,81,159981.SZ|160644.SZ|161226.SZ|164824.SZ|501018.SH|512200.SH|512800.SH|512980.SH|513070.SH|513080.SH|513100.SH|513180.SH|518880.SH,-0.04506920432059146,0.9123874319228055,ant,4
rolling_ant_colony,2022-01-01/2022-06-30,2022-07-01/2022-12-31,82,159852.SZ|159928.SZ|159980.SZ|159985.SZ|160644.SZ|164824.SZ|501018.SH|510180.SH|513030.SH|513070.SH|513100.SH|513180.SH|518880.SH,1.1363931718690483,0.9123874319228055,ant,4
rolling_ant_colony,2022-01-01/2022-06-30,2022-07-01/2022-12-31,83,159852.SZ|159980.SZ|159985.SZ|164824.SZ|501018.SH|512980.SH|513070.SH|513080.SH|513100.SH|513180.SH|513880.SH|518880.SH|562500.SH,1.1121739455689756,0.9123874319228055,ant,4
rolling_ant_colony,2022-01-01/2022-06-30,2022-07-01/2022-12-31,84,159949.SZ|159980.SZ|159985.SZ|164824.SZ|501018.SH|512100.SH|512660.SH|513070.SH|513080.SH|513100.SH|513180.SH|513880.SH|518880.SH,1.086516490070035,0.9123874319228055,ant,4
rolling_ant_colony,2022-01-01/2022-06-30,2022-07-01/2022-12-31,85,159851.SZ|159985.SZ|160644.SZ|161226.SZ|501018.SH|510210.SH|512040.SH|513030.SH|513070.SH|513180.SH|513500.SH|513880.SH|518880.SH,0.2614001603805164,0.9123874319228055,ant,4
rolling_ant_colony,2022-01-01/2022-06-30,2022-07-01/2022-12-31,86,159980.SZ|159985.SZ|164824.SZ|501018.SH|512170.SH|512980.SH|513070.SH|513080.SH|513180.SH|513500.SH|513880.SH|518880.SH|562500.SH,1.287289603775134,0.9123874319228055,ant,4
rolling_ant_colony,2022-01-01/2022-06-30,2022-07-01/2022-12-31,87,159852.SZ|159980.SZ|159985.SZ|160644.SZ|161226.SZ|164824.SZ|512200.SH|513070.SH|513080.SH|513100.SH|513180.SH|515210.SH|518880.SH,0.08033016502434079,0.9123874319228055,ant,4
rolling_ant_colony,2022-01-01/2022-06-30,2022-07-01/2022-12-31,88,159611.SZ|159851.SZ|159985.SZ|161226.SZ|164824.SZ|501018.SH|512980.SH|513070.SH|513080.SH|513100.SH|513180.SH|513880.SH|518880.SH,0.40412243716788343,0.9123874319228055,ant,4
rolling_ant_colony,2022-01-01/2022-06-30,2022-07-01/2022-12-31,89,159967.SZ|159981.SZ|159985.SZ|160644.SZ|164824.SZ|501018.SH|510180.SH|513070.SH|513080.SH|513100.SH|513180.SH|516150.SH|518880.SH,0.759664960636097,0.9123874319228055,ant,4
rolling_ant_colony,2022-01-01/2022-06-30,2022-07-01/2022-12-31,90,159796.SZ|159980.SZ|159985.SZ|160644.SZ|164824.SZ|501018.SH|510180.SH|512980.SH|513070.SH|513180.SH|513500.SH|513880.SH|518880.SH,1.539479288210653,0.9123874319228055,ant,4
rolling_ant_colony,2022-01-01/2022-06-30,2022-07-01/2022-12-31,91,159851.SZ|159980.SZ|159985.SZ|160644.SZ|164824.SZ|501018.SH|510180.SH|513070.SH|513080.SH|513100.SH|513180.SH|518880.SH|562500.SH,1.3492781563070464,0.9123874319228055,ant,4
rolling_ant_colony,2022-01-01/2022-06-30,2022-07-01/2022-12-31,92,159611.SZ|159852.SZ|159981.SZ|159985.SZ|160644.SZ|501018.SH|510180.SH|513070.SH|513080.SH|513180.SH|513500.SH|513880.SH|518880.SH,1.0179028316651877,0.9123874319228055,ant,4
rolling_ant_colony,2022-01-01/2022-06-30,2022-07-01/2022-12-31,93,159851.SZ|159980.SZ|159981.SZ|159985.SZ|164824.SZ|512200.SH|513030.SH|513070.SH|513100.SH|513180.SH|513880.SH|515880.SH|518880.SH,0.04400140733406476,0.9123874319228055,ant,4
rolling_ant_colony,2022-01-01/2022-06-30,2022-07-01/2022-12-31,94,159980.SZ|159985.SZ|160644.SZ|501018.SH|512200.SH|512980.SH|513070.SH|513080.SH|513100.SH|513180.SH|513880.SH|518880.SH|562500.SH,1.1791768824730398,0.9123874319228055,ant,4
rolling_ant_colony,2022-01-01/2022-06-30,2022-07-01/2022-12-31,95,159980.SZ|159985.SZ|160644.SZ|164824.SZ|501018.SH|510500.SH|512040.SH|512800.SH|513070.SH|513100.SH|513180.SH|513880.SH|518880.SH,0.3702181870562235,0.9123874319228055,ant,4
rolling_ant_colony,2022-01-01/2022-06-30,2022-07-01/2022-12-31,96,159851.SZ|159915.SZ|159980.SZ|161226.SZ|164824.SZ|501018.SH|513030.SH|513070.SH|513100.SH|513180.SH|513880.SH|518880.SH|562500.SH,0.6875126065470409,0.9123874319228055,ant,4
rolling_ant_colony,2022-01-01/2022-06-30,2022-07-01/2022-12-31,97,159980.SZ|160644.SZ|161226.SZ|164824.SZ|501018.SH|510300.SH|512800.SH|513070.SH|513180.SH|513500.SH|513880.SH|518880.SH|562500.SH,0.489570198438385,0.9123874319228055,ant,4
rolling_ant_colony,2022-01-01/2022-06-30,2022-07-01/2022-12-31,98,159851.SZ|159949.SZ|159980.SZ|159981.SZ|159985.SZ|160644.SZ|501018.SH|513070.SH|513080.SH|513100.SH|513180.SH|513880.SH|515790.SH,1.0302021774353727,0.9123874319228055,ant,4
rolling_ant_colony,2022-01-01/2022-06-30,2022-07-01/2022-12-31,99,159949.SZ|159980.SZ|159985.SZ|160644.SZ|164824.SZ|501018.SH|512980.SH|513030.SH|513070.SH|513180.SH|513880.SH|515880.SH|518880.SH,0.7447012066335436,0.9123874319228055,ant,4
rolling_ant_colony,2022-01-01/2022-06-30,2022-07-01/2022-12-31,100,159915.SZ|159980.SZ|159981.SZ|160644.SZ|164824.SZ|501018.SH|512980.SH|513030.SH|513070.SH|513100.SH|513180.SH|515210.SH|518880.SH,0.5204115528929644,0.9123874319228055,ant,4
rolling_ant_colony,2022-07-01/2022-12-31,2023-01-01/2023-06-30,1,159928.SZ|159980.SZ|161226.SZ|164824.SZ|501018.SH|510050.SH|512800.SH|513030.SH|513120.SH|513180.SH|513500.SH|513880.SH|518880.SH,-0.2494107027809401,0.84582438159002,ant,0
rolling_ant_colony,2022-07-01/2022-12-31,2023-01-01/2023-06-30,2,159611.SZ|159851.SZ|159852.SZ|159980.SZ|159981.SZ|159985.SZ|160644.SZ|513070.SH|513080.SH|513100.SH|513120.SH|513880.SH|518880.SH,0.5522252649177044,0.8734352753721032,ant,0
rolling_ant_colony,2022-07-01/2022-12-31,2023-01-01/2023-06-30,3,159920.SZ|159980.SZ|161226.SZ|164824.SZ|501018.SH|510880.SH|512400.SH|512800.SH|513100.SH|513120.SH|513290.SH|513880.SH|518880.SH,-0.20562353380211779,0.7599788068936458,ant,0
rolling_ant_colony,2022-07-01/2022-12-31,2023-01-01/2023-06-30,4,159851.SZ|159920.SZ|159980.SZ|159981.SZ|160644.SZ|501018.SH|510880.SH|512880.SH|513030.SH|513120.SH|513500.SH|513880.SH|518880.SH,-0.43572620666105205,0.84582438159002,ant,0
rolling_ant_colony,2022-07-01/2022-12-31,2023-01-01/2023-06-30,5,159796.SZ|159920.SZ|159980.SZ|161226.SZ|501018.SH|510180.SH|512400.SH|513080.SH|513120.SH|513290.SH|513500.SH|513880.SH|518880.SH,-0.7448375440761088,0.8316275404607769,ant,0
rolling_ant_colony,2022-07-01/2022-12-31,2023-01-01/2023-06-30,6,159980.SZ|159981.SZ|160644.SZ|161226.SZ|164824.SZ|510210.SH|513030.SH|513070.SH|513120.SH|513880.SH|515880.SH|516150.SH|518880.SH,-0.005780835346919077,0.7768884409244624,ant,0
rolling_ant_colony,2022-07-01/2022-12-31,2023-01-01/2023-06-30,7,159865.SZ|159870.SZ|159980.SZ|159985.SZ|161226.SZ|164824.SZ|512890.SH|513070.SH|513080.SH|513120.SH|513500.SH|513880.SH|518880.SH,0.5003562076379975,0.8316275404607769,ant,0
rolling_ant_colony,2022-07-01/2022-12-31,2023-01-01/2023-06-30,8,159980.SZ|159981.SZ|160644.SZ|501018.SH|512400.SH|513100.SH|513120.SH|513180.SH|513290.SH|513880.SH|515220.SH|515790.SH|518880.SH,0.161144652264113,0.7599788068936458,ant,0
rolling_ant_colony,2022-07-01/2022-12-31,2023-01-01/2023-06-30,9,159852.SZ|159920.SZ|159981.SZ|159985.SZ|160644.SZ|164824.SZ|501018.SH|513030.SH|513120.SH|513290.SH|515220.SH|515880.SH|518880.SH,0.6738590903720215,0.7050666337742449,ant,0
rolling_ant_colony,2022-07-01/2022-12-31,2023-01-01/2023-06-30,10,159870.SZ|159985.SZ|161226.SZ|164824.SZ|501018.SH|512170.SH|513070.SH|513120.SH|513290.SH|513500.SH|513880.SH|516150.SH|518880.SH,0.5960947235018947,0.8251090976449644,ant,0
rolling_ant_colony,2022-07-01/2022-12-31,2023-01-01/2023-06-30,11,159901.SZ|159980.SZ|159985.SZ|160644.SZ|161226.SZ|164824.SZ|512170.SH|512880.SH|513030.SH|513120.SH|513180.SH|513500.SH|518880.SH,0.9004429753382556,0.84582438159002,ant,0
rolling_ant_colony,2022-07-01/2022-12-31,2023-01-01/2023-06-30,12,159851.SZ|159980.SZ|161226.SZ|164824.SZ|501018.SH|510500.SH|512890.SH|513070.SH|513080.SH|513120.SH|513290.SH|513500.SH|518880.SH,-0.0022787819869922806,0.8316275404607769,ant,0
rolling_ant_colony,2022-07-01/2022-12-31,2023-01-01/2023-06-30,13,159825.SZ|159980.SZ|159985.SZ|164824.SZ|501018.SH|510180.SH|513030.SH|513100.SH|513120.SH|513180.SH|513880.SH|518880.SH|588000.SH,0.5164766389095664,0.7805308310639488,ant,0
rolling_ant_colony,2022-07-01/2022-12-31,2023-01-01/2023-06-30,14,159852.SZ|159980.SZ|159981.SZ|159985.SZ|161226.SZ|164824.SZ|512880.SH|513120.SH|513180.SH|513290.SH|513500.SH|513880.SH|515790.SH,0.43990037539764115,0.8251090976449644,ant,0
rolling_ant_colony,2022-07-01/2022-12-31,2023-01-01/2023-06-30,15,159825.SZ|159980.SZ|159981.SZ|160644.SZ|161226.SZ|510210.SH|512660.SH|513030.SH|513070.SH|513100.SH|513120.SH|513290.SH|518880.SH,-0.43250516849743426,0.7805308310639488,ant,0
rolling_ant_colony,2022-07-01/2022-12-31,2023-01-01/2023-06-30,16,159920.SZ|159980.SZ|159981.SZ|164824.SZ|501018.SH|510050.SH|512100.SH|512200.SH|513080.SH|513120.SH|513290.SH|513880.SH|518880.SH,-0.20815211111663862,0.8020701325811442,ant,0
rolling_ant_colony,2022-07-01/2022-12-31,2023-01-01/2023-06-30,17,159915.SZ|159920.SZ|159980.SZ|159985.SZ|160644.SZ|164824.SZ|501018.SH|512400.SH|512980.SH|513120.SH|513290.SH|513500.SH|518880.SH,0.4646528555727055,0.8066339524114409,ant,0
rolling_ant_colony,2022-07-01/2022-12-31,2023-01-01/2023-06-30,18,159870.SZ|159920.SZ|159981.SZ|159985.SZ|160644.SZ|161226.SZ|513030.SH|513100.SH|513120.SH|513290.SH|515220.SH|518880.SH|562500.SH,0.6029348797160767,0.7805308310639488,ant,0
rolling_ant_colony,2022-07-01/2022-12-31,2023-01-01/2023-06-30,19,159980.SZ|159985.SZ|161226.SZ|164824.SZ|501018.SH|510050.SH|512880.SH|512980.SH|513070.SH|513080.SH|513120.SH|513500.SH|513880.SH,0.4924787395246843,0.8316275404607769,ant,0
rolling_ant_colony,2022-07-01/2022-12-31,2023-01-01/2023-06-30,20,159766.SZ|159980.SZ|159981.SZ|161226.SZ|510180.SH|512890.SH|513030.SH|513120.SH|513180.SH|513290.SH|513500.SH|513880.SH|518880.SH,-0.28840959236501845,0.84582438159002,ant,0
rolling_ant_colony,2022-07-01/2022-12-31,2023-01-01/2023-06-30,21,159920.SZ|159981.SZ|159985.SZ|160644.SZ|161226.SZ|510050.SH|512880.SH|513030.SH|513120.SH|513290.SH|513500.SH|516150.SH|518880.SH,-0.1507999223712426,0.84582438159002,ant,1
rolling_ant_colony,2022-07-01/2022-12-31,2023-01-01/2023-06-30,22,159766.SZ|159851.SZ|159920.SZ|159980.SZ|159981.SZ|501018.SH|510500.SH|513080.SH|513120.SH|513290.SH|513500.SH|513880.SH|518880.SH,-0.09215063097516106,0.8316275404607769,ant,1
rolling_ant_colony,2022-07-01/2022-12-31,2023-01-01/2023-06-30,23,159796.SZ|159825.SZ|159980.SZ|159981.SZ|160644.SZ|161226.SZ|513030.SH|513070.SH|513100.SH|513120.SH|513290.SH|516150.SH|518880.SH,0.0015202065947788237,0.7805308310639488,ant,1
rolling_ant_colony,2022-07-01/2022-12-31,2023-01-01/2023-06-30,24,159949.SZ|159980.SZ|159985.SZ|160644.SZ|161226.SZ|164824.SZ|512890.SH|513030.SH|513120.SH|513180.SH|513290.SH|515210.SH|518880.SH,0.6851714495958885,0.7051191112834191,ant,1
rolling_ant_colony,2022-07-01/2022-12-31,2023-01-01/2023-06-30,25,159920.SZ|159981.SZ|160644.SZ|161226.SZ|501018.SH|510210.SH|512170.SH|513030.SH|513100.SH|513120.SH|513880.SH|515220.SH|518880.SH,-0.3073133067332898,0.7805308310639488,ant,1
rolling_ant_colony,2022-07-01/2022-12-31,2023-01-01/2023-06-30,26,159766.SZ|159865.SZ|159981.SZ|159985.SZ|160644.SZ|501018.SH|512890.SH|513030.SH|513120.SH|513180.SH|513500.SH|513880.SH|518880.SH,0.11840915937587593,0.84582438159002,ant,1
rolling_ant_colony,2022-07-01/2022-12-31,2023-01-01/2023-06-30,27,159920.SZ|159980.SZ|159985.SZ|160644.SZ|164824.SZ|501018.SH|512660.SH|512980.SH|513080.SH|513120.SH|513290.SH|515880.SH|518880.SH,0.08035101120087237,0.7050666337742449,ant,1
rolling_ant_colony,2022-07-01/2022-12-31,2023-01-01/2023-06-30,28,159901.SZ|159915.SZ|159920.SZ|159985.SZ|160644.SZ|161226.SZ|164824.SZ|501018.SH|512200.SH|513030.SH|513120.SH|513880.SH|518880.SH,-0.009427735116653853,0.8923872888052733,ant,1
rolling_ant_colony,2022-07-01/2022-12-31,2023-01-01/2023-06-30,29,159920.SZ|159949.SZ|159981.SZ|159985.SZ|160644.SZ|161226.SZ|164824.SZ|512100.SH|512400.SH|513030.SH|513120.SH|513500.SH|518880.SH,0.9122715005596376,0.84582438159002,ant,1
rolling_ant_colony,2022-07-01/2022-12-31,2023-01-01/2023-06-30,30,159949.SZ|159981.SZ|159985.SZ|160644.SZ|164824.SZ|501018.SH|512880.SH|513030.SH|513070.SH|513120.SH|513290.SH|515210.SH|518880.SH,0.24467593119964012,0.7091623327353709,ant,1
rolling_ant_colony,2022-07-01/2022-12-31,2023-01-01/2023-06-30,31,159852.SZ|159870.SZ|159980.SZ|159981.SZ|160644.SZ|164824.SZ|501018.SH|512100.SH|513030.SH|513070.SH|513120.SH|513500.SH|518880.SH,-0.10414495855452918,0.84582438159002,ant,1
rolling_ant_colony,2022-07-01/2022-12-31,2023-01-01/2023-06-30,32,159851.SZ|159980.SZ|159981.SZ|160644.SZ|161226.SZ|510500.SH|510880.SH|513080.SH|513120.SH|513180.SH|513290.SH|513500.SH|518880.SH,-0.3178782787394395,0.8316275404607769,ant,1
rolling_ant_colony,2022-07-01/2022-12-31,2023-01-01/2023-06-30,33,159967.SZ|159980.SZ|159981.SZ|159985.SZ|164824.SZ|512100.SH|513030.SH|513070.SH|513120.SH|513290.SH|513880.SH|515210.SH|518880.SH,0.5080228648176377,0.8361779346475399,ant,1
rolling_ant_colony,2022-07-01/2022-12-31,2023-01-01/2023-06-30,34,159852.SZ|159980.SZ|159981.SZ|160644.SZ|164824.SZ|501018.SH|510210.SH|513070.SH|513120.SH|513290.SH|513500.SH|515880.SH|518880.SH,0.2761573191554064,0.8066339524114409,ant,1
rolling_ant_colony,2022-07-01/2022-12-31,2023-01-01/2023-06-30,35,159920.SZ|159981.SZ|159985.SZ|164824.SZ|501018.SH|510180.SH|512170.SH|513080.SH|513120.SH|513290.SH|513880.SH|515220.SH|518880.SH,0.73456439614702,0.8020701325811442,ant,1
rolling_ant_colony,2022-07-01/2022-12-31,2023-01-01/2023-06-30,36,159901.SZ|159920.SZ|159981.SZ|159985.SZ|160644.SZ|161226.SZ|510050.SH|513030.SH|513100.SH|513120.SH|513290.SH|515220.SH|518880.SH,0.7559617212876195,0.817481909018948,ant,1
rolling_ant_colony,2022-07-01/2022-12-31,2023-01-01/2023-06-30,37,159901.SZ|159949.SZ|159981.SZ|159985.SZ|160644.SZ|161226.SZ|512100.SH|513030.SH|513070.SH|513100.SH|513120.SH|513290.SH|518880.SH,0.32856833240638045,0.8811439794477753,ant,1
rolling_ant_colony,2022-07-01/2022-12-31,2023-01-01/2023-06-30,38,159852.SZ|159870.SZ|159980.SZ|159981.SZ|159985.SZ|160644.SZ|164824.SZ|510300.SH|513070.SH|513080.SH|513120.SH|513500.SH|518880.SH,0.7106646313319235,0.8316275404607769,ant,1
rolling_ant_colony,2022-07-01/2022-12-31,2023-01-01/2023-06-30,39,159981.SZ|159985.SZ|160644.SZ|164824.SZ|501018.SH|510050.SH|512040.SH|512880.SH|513120.SH|513180.SH|513290.SH|513880.SH|518880.SH,0.5374001873090918,0.8071406709343195,ant,1
rolling_ant_colony,2022-07-01/2022-12-31,2023-01-01/2023-06-30,40,159825.SZ|159949.SZ|159980.SZ|159985.SZ|160644.SZ|161226.SZ|513030.SH|513070.SH|513120.SH|513290.SH|513880.SH|518880.SH|588000.SH,-0.29160579459414054,0.7768884409244624,ant,1
rolling_ant_colony,2022-07-01/2022-12-31,2023-01-01/2023-06-30,41,159949.SZ|159981.SZ|159985.SZ|161226.SZ|164824.SZ|510300.SH|513080.SH|513120.SH|513180.SH|513290.SH|513500.SH|515220.SH|518880.SH,1.1031512112770039,0.8316275404607769,ant,2
rolling_ant_colony,2022-07-01/2022-12-31,2023-01-01/2023-06-30,42,159825.SZ|159865.SZ|159870.SZ|159981.SZ|159985.SZ|160644.SZ|161226.SZ|164824.SZ|501018.SH|513030.SH|513120.SH|513180.SH|513290.SH,0.7244582281630335,0.8659217825984744,ant,2
rolling_ant_colony,2022-07-01/2022-12-31,2023-01-01/2023-06-30,43,159611.SZ|159852.SZ|159920.SZ|159981.SZ|160644.SZ|161226.SZ|164824.SZ|501018.SH|513120.SH|513290.SH|513500.SH|515220.SH|518880.SH,0.13742979089991753,0.8066339524114409,ant,2
rolling_ant_colony,2022-07-01/2022-12-31,2023-01-01/2023-06-30,44,159851.SZ|159981.SZ|159985.SZ|160644.SZ|501018.SH|513030.SH|513120.SH|513180.SH|513290.SH|513500.SH|515210.SH|515220.SH|518880.SH,0.3490253059569185,0.84582438159002,ant,2
rolling_ant_colony,2022-07-01/2022-12-31,2023-01-01/2023-06-30,45,159851.SZ|159980.SZ|160644.SZ|161226.SZ|164824.SZ|501018.SH|512040.SH|513030.SH|513070.SH|513120.SH|513500.SH|515880.SH|518880.SH,-0.08753462023917455,0.84582438159002,ant,2
rolling_ant_colony,2022-07-01/2022-12-31,2023-01-01/2023-06-30,46,159851.SZ|159920.SZ|159981.SZ|159985.SZ|160644.SZ|501018.SH|510210.SH|510500.SH|513030.SH|513100.SH|513120.SH|513290.SH|518880.SH,0.2721462097957663,0.8454082139969015,ant,2
rolling_ant_colony,2022-07-01/2022-12-31,2023-01-01/2023-06-30,47,159980.SZ|159985.SZ|160644.SZ|164824.SZ|501018.SH|510050.SH|510880.SH|512880.SH|513030.SH|513120.SH|513180.SH|513290.SH|518880.SH,0.44477842656605576,0.8009829153645303,ant,2
rolling_ant_colony,2022-07-01/2022-12-31,2023-01-01/2023-06-30,48,159869.SZ|159920.SZ|159949.SZ|159981.SZ|159985.SZ|160644.SZ|161226.SZ|164824.SZ|513030.SH|513120.SH|513290.SH|518880.SH|562500.SH,0.5455715918034185,0.7956949643903755,ant,2
rolling_ant_colony,2022-07-01/2022-12-31,2023-01-01/2023-06-30,49,159825.SZ|159949.SZ|159981.SZ|160644.SZ|161226.SZ|164824.SZ|501018.SH|513030.SH|513070.SH|513120.SH|513500.SH|515220.SH|518880.SH,-0.057338568808375685,0.84582438159002,ant,2
rolling_ant_colony,2022-07-01/2022-12-31,2023-01-01/2023-06-30,50,159920.SZ|159980.SZ|159981.SZ|159985.SZ|160644.SZ|164824.SZ|510180.SH|512880.SH|513100.SH|513120.SH|513290.SH|515880.SH|518880.SH,0.5762119523755062,0.8291768424921696,ant,2
rolling_ant_colony,2022-07-01/2022-12-31,2023-01-01/2023-06-30,51,159920.SZ|159985.SZ|160644.SZ|161226.SZ|501018.SH|510050.SH|510210.SH|513080.SH|513120.SH|513500.SH|513880.SH|515220.SH|518880.SH,-0.6822786536165539,0.860991557710978,ant,2
rolling_ant_colony,2022-07-01/2022-12-31,2023-01-01/2023-06-30,52,159980.SZ|159981.SZ|159985.SZ|160644.SZ|512040.SH|513030.SH|513070.SH|513120.SH|513500.SH|513880.SH|516150.SH|518880.SH|588000.SH,0.018377031425573315,0.84582438159002,ant,2
rolling_ant_colony,2022-07-01/2022-12-31,2023-01-01/2023-06-30,53,159852.SZ|159980.SZ|159985.SZ|160644.SZ|161226.SZ|164824.SZ|510050.SH|513030.SH|513120.SH|513180.SH|513500.SH|515220.SH|518880.SH,1.1127299052041595,0.84582438159002,ant,2
rolling_ant_colony,2022-07-01/2022-12-31,2023-01-01/2023-06-30,54,159852.SZ|159920.SZ|159980.SZ|159981.SZ|159985.SZ|160644.SZ|501018.SH|512880.SH|513030.SH|513120.SH|513290.SH|513500.SH|515880.SH,-0.029464625853956396,0.84582438159002,ant,2
rolling_ant_colony,2022-07-01/2022-12-31,2023-01-01/2023-06-30,55,159852.SZ|159985.SZ|160644.SZ|161226.SZ|164824.SZ|501018.SH|512400.SH|512800.SH|513100.SH|513120.SH|513180.SH|513290.SH|518880.SH,1.0679575801983174,0.7599788068936458,ant,2
rolling_ant_colony,2022-07-01/2022-12-31,2023-01-01/2023-06-30,56,159981.SZ|160644.SZ|161226.SZ|164824.SZ|501018.SH|510500.SH|513070.SH|513120.SH|513290.SH|513500.SH|518880.SH|562500.SH|588000.SH,0.08522094613172752,0.8066339524114409,ant,2
rolling_ant_colony,2022-07-01/2022-12-31,2023-01-01/2023-06-30,57,159981.SZ|159985.SZ|161226.SZ|510300.SH|513030.SH|513070.SH|513120.SH|513290.SH|513500.SH|513880.SH|515220.SH|516150.SH|518880.SH,0.20113313838846325,0.84582438159002,ant,2
rolling_ant_colony,2022-07-01/2022-12-31,2023-01-01/2023-06-30,58,159766.SZ|159920.SZ|159980.SZ|159981.SZ|159985.SZ|160644.SZ|164824.SZ|512880.SH|513030.SH|513120.SH|513880.SH|515220.SH|518880.SH,0.7961835152411796,0.7768884409244624,ant,2
rolling_ant_colony,2022-07-01/2022-12-31,2023-01-01/2023-06-30,59,159852.SZ|159981.SZ|160644.SZ|161226.SZ|164824.SZ|501018.SH|510300.SH|513030.SH|513120.SH|513180.SH|513290.SH|516150.SH|518880.SH,0.2337716183937855,0.7051191112834191,ant,2
rolling_ant_colony,2022-07-01/2022-12-31,2023-01-01/2023-06-30,60,159870.SZ|159920.SZ|159980.SZ|159985.SZ|161226.SZ|164824.SZ|512100.SH|512400.SH|513080.SH|513120.SH|513290.SH|513880.SH|518880.SH,0.5498369056430588,0.8877741788739847,ant,2
rolling_ant_colony,2022-07-01/2022-12-31,2023-01-01/2023-06-30,61,159920.SZ|159980.SZ|159981.SZ|160644.SZ|161226.SZ|164824.SZ|501018.SH|510050.SH|512880.SH|513080.SH|513120.SH|513290.SH|562500.SH,0.1441997498270304,0.8009829153645303,ant,3
rolling_ant_colony,2022-07-01/2022-12-31,2023-01-01/2023-06-30,62,159852.SZ|159980.SZ|159985.SZ|161226.SZ|164824.SZ|513030.SH|513070.SH|513120.SH|513290.SH|513500.SH|515220.SH|518880.SH|562500.SH,1.2040745693447532,0.84582438159002,ant,3
rolling_ant_colony,2022-07-01/2022-12-31,2023-01-01/2023-06-30,63,159870.SZ|159980.SZ|159981.SZ|159985.SZ|164824.SZ|512100.SH|512170.SH|513030.SH|513120.SH|513180.SH|513290.SH|513500.SH|518880.SH,0.6151257777320689,0.84582438159002,ant,3
rolling_ant_colony,2022-07-01/2022-12-31,2023-01-01/2023-06-30,64,159851.SZ|159981.SZ|160644.SZ|161226.SZ|164824.SZ|501018.SH|512100.SH|513030.SH|513070.SH|513120.SH|513290.SH|515880.SH|518880.SH,-0.07692015280259198,0.8300418024117714,ant,3
rolling_ant_colony,2022-07-01/2022-12-31,2023-01-01/2023-06-30,65,159865.SZ|159920.SZ|159981.SZ|159985.SZ|160644.SZ|164824.SZ|501018.SH|510500.SH|512400.SH|513030.SH|513100.SH|513120.SH|518880.SH,0.589095838106371,0.7970660309157028,ant,3
rolling_ant_colony,2022-07-01/2022-12-31,2023-01-01/2023-06-30,66,159852.SZ|159981.SZ|159985.SZ|160644.SZ|161226.SZ|164824.SZ|501018.SH|513100.SH|513120.SH|513180.SH|513290.SH|515220.SH|515880.SH,1.6944838886150528,0.7599788068936458,ant,3
rolling_ant_colony,2022-07-01/2022-12-31,2023-01-01/2023-06-30,67,159920.SZ|159949.SZ|159985.SZ|160644.SZ|161226.SZ|164824.SZ|501018.SH|513030.SH|513100.SH|513120.SH|515220.SH|515880.SH|518880.SH,0.835482019291702,0.7805308310639488,ant,3
rolling_ant_colony,2022-07-01/2022-12-31,2023-01-01/2023-06-30,68,159980.SZ|159985.SZ|160644.SZ|501018.SH|512200.SH|512890.SH|513030.SH|513120.SH|513180.SH|513290.SH|513500.SH|515220.SH|518880.SH,0.34917045342739866,0.84582438159002,ant,3
rolling_ant_colony,2022-07-01/2022-12-31,2023-01-01/2023-06-30,69,159981.SZ|159985.SZ|161226.SZ|512170.SH|512400.SH|512660.SH|513030.SH|513070.SH|513120.SH|513290.SH|513500.SH|513880.SH|518880.SH,0.07311966061001852,0.84582438159002,ant,3
rolling_ant_colony,2022-07-01/2022-12-31,2023-01-01/2023-06-30,70,159865.SZ|159920.SZ|159967.SZ|159981.SZ|159985.SZ|160644.SZ|161226.SZ|164824.SZ|512880.SH|513030.SH|513100.SH|513120.SH|518880.SH,1.313465985801983,0.7805308310639488,ant,3
rolling_ant_colony,2022-07-01/2022-12-31,2023-01-01/2023-06-30,71,159920.SZ|159981.SZ|159985.SZ|160644.SZ|501018.SH|512100.SH|512800.SH|513030.SH|513120.SH|513290.SH|513500.SH|515220.SH|518880.SH,0.2260318985815889,0.84582438159002,ant,3
rolling_ant_colony,2022-07-01/2022-12-31,2023-01-01/2023-06-30,72,159981.SZ|160644.SZ|161226.SZ|501018.SH|512100.SH|512400.SH|512890.SH|513080.SH|513100.SH|513120.SH|513180.SH|513290.SH|518880.SH,-0.6955029676933702,0.7704198147371482,ant,3
rolling_ant_colony,2022-07-01/2022-12-31,2023-01-01/2023-06-30,73,159985.SZ|160644.SZ|161226.SZ|164824.SZ|501018.SH|510300.SH|512880.SH|513030.SH|513120.SH|513180.SH|513880.SH|515220.SH|518880.SH,0.5976016105703291,0.8144788375052159,ant,3
rolling_ant_colony,2022-07-01/2022-12-31,2023-01-01/2023-06-30,74,159766.SZ|159981.SZ|159985.SZ|160644.SZ|161226.SZ|164824.SZ|512170.SH|513070.SH|513100.SH|513120.SH|513880.SH|515220.SH|518880.SH,1.6545500744982768,0.7520854374286099,ant,3
rolling_ant_colony,2022-07-01/2022-12-31,2023-01-01/2023-06-30,75,159980.SZ|159985.SZ|161226.SZ|164824.SZ|510180.SH|512100.SH|513030.SH|513120.SH|513180.SH|513500.SH|513880.SH|515220.SH|518880.SH,1.3722624725030328,0.84582438159002,ant,3
rolling_ant_colony,2022-07-01/2022-12-31,2023-01-01/2023-06-30,76,159920.SZ|159981.SZ|159985.SZ|160644.SZ|161226.SZ|501018.SH|510050.SH|512200.SH|512400.SH|513030.SH|513120.SH|513290.SH|513880.SH,0.50314054614091,0.7768884409244624,ant,3
rolling_ant_colony,2022-07-01/2022-12-31,2023-01-01/2023-06-30,77,159611.SZ|159852.SZ|159920.SZ|159980.SZ|159981.SZ|159985.SZ|160644.SZ|164824.SZ|501018.SH|513080.SH|513120.SH|513500.SH|515220.SH,0.5747653299286853,0.8316275404607769,ant,3
rolling_ant_colony,2022-07-01/2022-12-31,2023-01-01/2023-06-30,78,159980.SZ|159985.SZ|160644.SZ|501018.SH|512100.SH|512800.SH|513030.SH|513070.SH|513120.SH|513500.SH|513880.SH|515220.SH|518880.SH,-0.126923373362281,0.84582438159002,ant,3
rolling_ant_colony,2022-07-01/2022-12-31,2023-01-01/2023-06-30,79,159901.SZ|159920.SZ|159949.SZ|159981.SZ|161226.SZ|164824.SZ|501018.SH|512660.SH|513100.SH|513120.SH|513290.SH|513880.SH|518880.SH,-0.709137017621476,0.8811439794477753,ant,3
rolling_ant_colony,2022-07-01/2022-12-31,2023-01-01/2023-06-30,80,159852.SZ|159920.SZ|159981.SZ|159985.SZ|161226.SZ|164824.SZ|510180.SH|512800.SH|513030.SH|513120.SH|513290.SH|513880.SH|518880.SH,1.0456025401558713,0.7768884409244624,ant,3
rolling_ant_colony,2022-07-01/2022-12-31,2023-01-01/2023-06-30,81,159852.SZ|159980.SZ|159985.SZ|160644.SZ|161226.SZ|164824.SZ|510300.SH|513120.SH|513180.SH|513290.SH|513500.SH|515220.SH|518880.SH,0.9425668720385747,0.8066339524114409,ant,4
rolling_ant_colony,2022-07-01/2022-12-31,2023-01-01/2023-06-30,82,159920.SZ|159949.SZ|159980.SZ|159985.SZ|160644.SZ|501018.SH|513030.SH|513120.SH|513290.SH|513500.SH|515880.SH|516150.SH|518880.SH,-0.08410750349826153,0.84582438159002,ant,4
rolling_ant_colony,2022-07-01/2022-12-31,2023-01-01/2023-06-30,83,159865.SZ|159928.SZ|159980.SZ|159981.SZ|159985.SZ|160644.SZ|161226.SZ|513100.SH|513120.SH|513180.SH|513290.SH|513880.SH|515220.SH,1.1545508030512013,0.7599788068936458,ant,4
rolling_ant_colony,2022-07-01/2022-12-31,2023-01-01/2023-06-30,84,159825.SZ|159949.SZ|159981.SZ|160644.SZ|161226.SZ|501018.SH|512880.SH|513030.SH|513120.SH|513180.SH|513290.SH|513880.SH|518880.SH,-0.649651621968593,0.7768884409244624,ant,4
rolling_ant_colony,2022-07-01/2022-12-31,2023-01-01/2023-06-30,85,159852.SZ|159901.SZ|159980.SZ|161226.SZ|164824.SZ|501018.SH|512400.SH|513030.SH|513070.SH|513120.SH|513290.SH|513500.SH|518880.SH,0.047457213858525575,0.84582438159002,ant,4
rolling_ant_colony,2022-07-01/2022-12-31,2023-01-01/2023-06-30,86,159852.SZ|159920.SZ|159980.SZ|159985.SZ|160644.SZ|161226.SZ|512890.SH|513030.SH|513120.SH|513290.SH|513500.SH|516150.SH|518880.SH,0.09287276481563947,0.84582438159002,ant,4
rolling_ant_colony,2022-07-01/2022-12-31,2023-01-01/2023-06-30,87,159825.SZ|159852.SZ|159920.SZ|159980.SZ|159981.SZ|159985.SZ|164824.SZ|512800.SH|513080.SH|513120.SH|513290.SH|513880.SH|518880.SH,0.7826738090660703,0.8020701325811442,ant,4
rolling_ant_colony,2022-07-01/2022-12-31,2023-01-01/2023-06-30,88,159796.SZ|159825.SZ|159920.SZ|159980.SZ|159981.SZ|159985.SZ|160644.SZ|161226.SZ|512100.SH|513100.SH|513120.SH|513290.SH|513880.SH,0.5727034920816569,0.7599788068936458,ant,4
rolling_ant_colony,2022-07-01/2022-12-31,2023-01-01/2023-06-30,89,159869.SZ|159985.SZ|161226.SZ|164824.SZ|501018.SH|512660.SH|513030.SH|513120.SH|513180.SH|513290.SH|513880.SH|515880.SH|518880.SH,-0.09508827206823214,0.7768884409244624,ant,4
rolling_ant_colony,2022-07-01/2022-12-31,2023-01-01/2023-06-30,90,159865.SZ|159981.SZ|159985.SZ|160644.SZ|161226.SZ|501018.SH|510180.SH|512980.SH|513030.SH|513120.SH|513180.SH|513290.SH|513500.SH,-0.14781598639548232,0.84582438159002,ant,4
rolling_ant_colony,2022-07-01/2022-12-31,2023-01-01/2023-06-30,91,159901.SZ|159920.SZ|159980.SZ|159981.SZ|159985.SZ|160644.SZ|161226.SZ|512170.SH|513100.SH|513120.SH|513290.SH|513880.SH|562500.SH,0.7033860958724417,0.7599788068936458,ant,4
rolling_ant_colony,2022-07-01/2022-12-31,2023-01-01/2023-06-30,92,159766.SZ|159967.SZ|159980.SZ|159981.SZ|159985.SZ|160644.SZ|164824.SZ|513030.SH|513070.SH|513120.SH|513500.SH|515220.SH|518880.SH,1.3732109879580696,0.84582438159002,ant,4
rolling_ant_colony,2022-07-01/2022-12-31,2023-01-01/2023-06-30,93,159870.SZ|159981.SZ|159985.SZ|160644.SZ|161226.SZ|164824.SZ|510500.SH|512400.SH|513030.SH|513120.SH|513180.SH|513880.SH|518880.SH,0.975284469246204,0.8877741788739847,ant,4
rolling_ant_colony,2022-07-01/2022-12-31,2023-01-01/2023-06-30,94,159851.SZ|159981.SZ|159985.SZ|160644.SZ|161226.SZ|164824.SZ|510050.SH|513030.SH|513120.SH|513180.SH|513880.SH|515220.SH|518880.SH,1.1426418863828391,0.7768884409244624,ant,4
rolling_ant_colony,2022-07-01/2022-12-31,2023-01-01/2023-06-30,95,159920.SZ|159980.SZ|159985.SZ|160644.SZ|164824.SZ|501018.SH|512100.SH|512800.SH|513120.SH|513290.SH|513500.SH|515220.SH|518880.SH,0.6182719421201579,0.8066339524114409,ant,4
rolling_ant_colony,2022-07-01/2022-12-31,2023-01-01/2023-06-30,96,159981.SZ|159985.SZ|160644.SZ|501018.SH|510050.SH|512660.SH|513120.SH|513180.SH|513290.SH|513500.SH|513880.SH|515220.SH|518880.SH,0.08806840783520645,0.8251090976449644,ant,4
rolling_ant_colony,2022-07-01/2022-12-31,2023-01-01/2023-06-30,97,159901.SZ|159920.SZ|159981.SZ|159985.SZ|160644.SZ|161226.SZ|164824.SZ|512170.SH|512400.SH|513030.SH|513120.SH|513290.SH|518880.SH,0.6031899960354804,0.7591587062119622,ant,4
rolling_ant_colony,2022-07-01/2022-12-31,2023-01-01/2023-06-30,98,159967.SZ|159980.SZ|159981.SZ|159985.SZ|161226.SZ|510180.SH|513030.SH|513100.SH|513120.SH|513180.SH|513290.SH|513880.SH|515880.SH,0.5371660621724332,0.7805308310639488,ant,4
rolling_ant_colony,2022-07-01/2022-12-31,2023-01-01/2023-06-30,99,159985.SZ|160644.SZ|161226.SZ|164824.SZ|501018.SH|512660.SH|512880.SH|513030.SH|513120.SH|513180.SH|513290.SH|515880.SH|518880.SH,0.3287842372633052,0.7051191112834191,ant,4
rolling_ant_colony,2022-07-01/2022-12-31,2023-01-01/2023-06-30,100,159920.SZ|159981.SZ|159985.SZ|164824.SZ|501018.SH|510050.SH|512100.SH|512170.SH|513030.SH|513120.SH|513290.SH|513880.SH|518880.SH,0.2994867154598875,0.7768884409244624,ant,4
rolling_ant_colony,2023-01-01/2023-06-30,2023-07-01/2023-12-31,1,159766.SZ|159852.SZ|159920.SZ|159980.SZ|159985.SZ|160644.SZ|161226.SZ|501018.SH|512880.SH|513070.SH|513100.SH|513290.SH|513500.SH,0.6158416724592658,0.9035245733924316,ant,0
rolling_ant_colony,2023-01-01/2023-06-30,2023-07-01/2023-12-31,2,159687.SZ|159852.SZ|159920.SZ|159949.SZ|159980.SZ|161226.SZ|164824.SZ|501018.SH|510180.SH|513080.SH|513120.SH|513290.SH|518880.SH,0.6612498309787916,0.6871488226207012,ant,0
rolling_ant_colony,2023-01-01/2023-06-30,2023-07-01/2023-12-31,3,159928.SZ|159980.SZ|159985.SZ|161226.SZ|501018.SH|512660.SH|513070.SH|513120.SH|513290.SH|513310.SH|513500.SH|513880.SH|515220.SH,-0.7527415303067818,0.5716497176954507,ant,0
rolling_ant_colony,2023-01-01/2023-06-30,2023-07-01/2023-12-31,4,159920.SZ|159981.SZ|160644.SZ|161226.SZ|501018.SH|510880.SH|512170.SH|513180.SH|513290.SH|513310.SH|513500.SH|515880.SH|518880.SH,3.0245323050322668,0.8931243278220744,ant,0
rolling_ant_colony,2023-01-01/2023-06-30,2023-07-01/2023-12-31,5,159687.SZ|159870.SZ|159980.SZ|159981.SZ|161226.SZ|501018.SH|512200.SH|513100.SH|513120.SH|513180.SH|513290.SH|513500.SH|515220.SH,-0.12166041170465183,0.8866258135554016,ant,0
rolling_ant_colony,2023-01-01/2023-06-30,2023-07-01/2023-12-31,6,159825.SZ|159920.SZ|159980.SZ|159981.SZ|501018.SH|510880.SH|513030.SH|513070.SH|513080.SH|513100.SH|513500.SH|518880.SH|588200.SH,1.6885344064282652,0.9096396735534105,ant,0
rolling_ant_colony,2023-01-01/2023-06-30,2023-07-01/2023-12-31,7,159980.SZ|159981.SZ|160644.SZ|501018.SH|512400.SH|513080.SH|513100.SH|513120.SH|513180.SH|513290.SH|516150.SH|518880.SH|588200.SH,1.7561893069464172,0.8368456038476373,ant,0
rolling_ant_colony,2023-01-01/2023-06-30,2023-07-01/2023-12-31,8,159687.SZ|159981.SZ|159985.SZ|160644.SZ|161226.SZ|501018.SH|512100.SH|512890.SH|513070.SH|513080.SH|513120.SH|513500.SH|588000.SH,1.2325276236419858,0.7093421844093003,ant,0
rolling_ant_colony,2023-01-01/2023-06-30,2023-07-01/2023-12-31,9,159766.SZ|159980.SZ|159981.SZ|159985.SZ|161226.SZ|164824.SZ|512170.SH|513120.SH|513180.SH|513290.SH|513310.SH|513880.SH|562500.SH,0.01535830051843147,0.6186640087669161,ant,0
rolling_ant_colony,2023-01-01/2023-06-30,2023-07-01/2023-12-31,10,159687.SZ|159915.SZ|159920.SZ|159985.SZ|161226.SZ|164824.SZ|501018.SH|510300.SH|512170.SH|513080.SH|513180.SH|513310.SH|518880.SH,1.0080475655335743,0.8931243278220744,ant,0
rolling_ant_colony,2023-01-01/2023-06-30,2023-07-01/2023-12-31,11,159870.SZ|159920.SZ|159980.SZ|159981.SZ|159985.SZ|160644.SZ|164824.SZ|512800.SH|513100.SH|513120.SH|513880.SH|515880.SH|518880.SH,3.3196425362054787,0.6186640087669161,ant,0
rolling_ant_colony,2023-01-01/2023-06-30,2023-07-01/2023-12-31,12,159687.SZ|159981.SZ|159985.SZ|160644.SZ|161226.SZ|164824.SZ|510050.SH|512170.SH|512400.SH|513070.SH|513100.SH|513120.SH|518880.SH,2.3982692080729806,0.6871488226207012,ant,0
rolling_ant_colony,2023-01-01/2023-06-30,2023-07-01/2023-12-31,13,159949.SZ|159980.SZ|159981.SZ|159985.SZ|160644.SZ|512400.SH|513100.SH|513120.SH|513180.SH|513290.SH|513880.SH|518880.SH|562500.SH,1.792503292232008,0.63492152445045,ant,0
rolling_ant_colony,2023-01-01/2023-06-30,2023-07-01/2023-12-31,14,159766.SZ|159920.SZ|159981.SZ|160644.SZ|161226.SZ|164824.SZ|501018.SH|510050.SH|512200.SH|513120.SH|513310.SH|513500.SH|518880.SH,0.4935626084582931,0.6871488226207012,ant,0
rolling_ant_colony,2023-01-01/2023-06-30,2023-07-01/2023-12-31,15,159852.SZ|159920.SZ|159980.SZ|159981.SZ|159985.SZ|160644.SZ|161226.SZ|164824.SZ|512200.SH|513070.SH|513080.SH|513310.SH|516150.SH,1.2452130393786083,0.9035245733924316,ant,0
rolling_ant_colony,2023-01-01/2023-06-30,2023-07-01/2023-12-31,16,159920.SZ|159980.SZ|159985.SZ|501018.SH|512200.SH|512660.SH|513070.SH|513080.SH|513290.SH|513500.SH|513880.SH|516150.SH|518880.SH,1.2261764375943296,0.9035245733924316,ant,0
rolling_ant_colony,2023-01-01/2023-06-30,2023-07-01/2023-12-31,17,159687.SZ|159980.SZ|159981.SZ|160644.SZ|501018.SH|512170.SH|512880.SH|513070.SH|513100.SH|513120.SH|513500.SH|515220.SH|518880.SH,1.2064604926814495,0.8866258135554016,ant,0
rolling_ant_colony,2023-01-01/2023-06-30,2023-07-01/2023-12-31,18,159766.SZ|159980.SZ|159981.SZ|159985.SZ|160644.SZ|501018.SH|510300.SH|513100.SH|513120.SH|513180.SH|513310.SH|513880.SH|515220.SH,-0.34405921176587195,0.6186640087669161,ant,0
rolling_ant_colony,2023-01-01/2023-06-30,2023-07-01/2023-12-31,19,159687.SZ|159915.SZ|159920.SZ|159967.SZ|159980.SZ|159981.SZ|161226.SZ|501018.SH|510300.SH|513100.SH|513180.SH|513500.SH|513880.SH,1.6223998665101664,0.8931243278220744,ant,0
rolling_ant_colony,2023-01-01/2023-06-30,2023-07-01/2023-12-31,20,159687.SZ|159766.SZ|159980.SZ|159981.SZ|159985.SZ|160644.SZ|510210.SH|513080.SH|513120.SH|513180.SH|513290.SH|515220.SH|518880.SH,0.03218720936970984,0.6186640087669161,ant,0
rolling_ant_colony,2023-01-01/2023-06-30,2023-07-01/2023-12-31,21,159687.SZ|159825.SZ|159981.SZ|159985.SZ|160644.SZ|501018.SH|513120.SH|513180.SH|513290.SH|513310.SH|515880.SH|518880.SH|588200.SH,1.657380178430576,0.6342435780308764,ant,1
rolling_ant_colony,2023-01-01/2023-06-30,2023-07-01/2023-12-31,22,159687.SZ|159920.SZ|159980.SZ|159981.SZ|160644.SZ|501018.SH|512980.SH|513030.SH|513120.SH|513310.SH|515880.SH|518880.SH|562500.SH,2.2326497441274586,0.6611851049753702,ant,1
rolling_ant_colony,2023-01-01/2023-06-30,2023-07-01/2023-12-31,23,159796.SZ|159869.SZ|159981.SZ|159985.SZ|160644.SZ|164824.SZ|501018.SH|513030.SH|513120.SH|513180.SH|513290.SH|518880.SH|562500.SH,1.769843885394604,0.531784850110823,ant,1
rolling_ant_colony,2023-01-01/2023-06-30,2023-07-01/2023-12-31,24,159980.SZ|159981.SZ|159985.SZ|160644.SZ|164824.SZ|512170.SH|512400.SH|512800.SH|513100.SH|513120.SH|513180.SH|513290.SH|518880.SH,0.80670971377976,0.6186640087669161,ant,1
rolling_ant_colony,2023-01-01/2023-06-30,2023-07-01/2023-12-31,25,159928.SZ|159981.SZ|159985.SZ|161226.SZ|164824.SZ|510880.SH|513070.SH|513100.SH|513120.SH|513500.SH|513880.SH|515790.SH|518880.SH,3.1890340157616532,0.8866258135554016,ant,1
rolling_ant_colony,2023-01-01/2023-06-30,2023-07-01/2023-12-31,26,159901.SZ|159928.SZ|159980.SZ|159981.SZ|161226.SZ|164824.SZ|501018.SH|513120.SH|513180.SH|513290.SH|513310.SH|513500.SH|515880.SH,1.0722345004148308,0.6984844399128536,ant,1
rolling_ant_colony,2023-01-01/2023-06-30,2023-07-01/2023-12-31,27,159687.SZ|159852.SZ|159920.SZ|159985.SZ|160644.SZ|161226.SZ|501018.SH|513180.SH|513310.SH|513880.SH|516150.SH|518880.SH|562500.SH,1.8604257288915143,0.8931243278220744,ant,1
rolling_ant_colony,2023-01-01/2023-06-30,2023-07-01/2023-12-31,28,159852.SZ|159869.SZ|159980.SZ|160644.SZ|161226.SZ|501018.SH|512660.SH|513030.SH|513120.SH|513180.SH|513290.SH|513500.SH|518880.SH,1.2138309798888034,0.6871488226207012,ant,1
rolling_ant_colony,2023-01-01/2023-06-30,2023-07-01/2023-12-31,29,159920.SZ|159980.SZ|159985.SZ|161226.SZ|164824.SZ|501018.SH|510050.SH|513100.SH|513120.SH|513500.SH|513880.SH|515880.SH|516150.SH,2.406700931111255,0.8866258135554016,ant,1
rolling_ant_colony,2023-01-01/2023-06-30,2023-07-01/2023-12-31,30,159920.SZ|159981.SZ|159985.SZ|161226.SZ|164824.SZ|512170.SH|512660.SH|513120.SH|513290.SH|513310.SH|513880.SH|515880.SH|518880.SH,2.5914911800247937,0.6871488226207012,ant,1
rolling_ant_colony,2023-01-01/2023-06-30,2023-07-01/2023-12-31,31,159870.SZ|159920.SZ|159980.SZ|159981.SZ|159985.SZ|160644.SZ|164824.SZ|510180.SH|512400.SH|513100.SH|513180.SH|513500.SH|518880.SH,2.3771421359845797,0.8931243278220744,ant,1
rolling_ant_colony,2023-01-01/2023-06-30,2023-07-01/2023-12-31,32,159851.SZ|159981.SZ|159985.SZ|160644.SZ|164824.SZ|501018.SH|512880.SH|513070.SH|513080.SH|513100.SH|513120.SH|518880.SH|588000.SH,1.9682437488661038,0.6325010633491297,ant,1
rolling_ant_colony,2023-01-01/2023-06-30,2023-07-01/2023-12-31,33,159852.SZ|159981.SZ|159985.SZ|501018.SH|510300.SH|512660.SH|513100.SH|513120.SH|513180.SH|513290.SH|513500.SH|513880.SH|518880.SH,2.261546068251584,0.8866258135554016,ant,1
rolling_ant_colony,2023-01-01/2023-06-30,2023-07-01/2023-12-31,34,159920.SZ|159967.SZ|159980.SZ|159981.SZ|160644.SZ|161226.SZ|164824.SZ|512040.SH|512800.SH|513100.SH|513120.SH|513290.SH|518880.SH,1.8661382883588375,0.6871488226207012,ant,1
rolling_ant_colony,2023-01-01/2023-06-30,2023-07-01/2023-12-31,35,159687.SZ|159920.SZ|159928.SZ|159949.SZ|159967.SZ|159980.SZ|159985.SZ|160644.SZ|161226.SZ|513100.SH|513180.SH|513290.SH|518880.SH,1.0461953249242664,0.8931243278220744,ant,1
rolling_ant_colony,2023-01-01/2023-06-30,2023-07-01/2023-12-31,36,159920.SZ|159980.SZ|159981.SZ|160644.SZ|161226.SZ|164824.SZ|512170.SH|512400.SH|513070.SH|513500.SH|513880.SH|515210.SH|518880.SH,2.5343573350790547,0.9035245733924316,ant,1
rolling_ant_colony,2023-01-01/2023-06-30,2023-07-01/2023-12-31,37,159870.SZ|159920.SZ|159981.SZ|161226.SZ|164824.SZ|501018.SH|512170.SH|513080.SH|513120.SH|513290.SH|513880.SH|515210.SH|518880.SH,2.1978855628603657,0.6871488226207012,ant,1
rolling_ant_colony,2023-01-01/2023-06-30,2023-07-01/2023-12-31,38,159870.SZ|159981.SZ|159985.SZ|160644.SZ|501018.SH|513070.SH|513100.SH|513120.SH|513310.SH|513880.SH|515790.SH|518880.SH|588000.SH,1.802779055741673,0.5936672531806048,ant,1
rolling_ant_colony,2023-01-01/2023-06-30,2023-07-01/2023-12-31,39,159611.SZ|159920.SZ|159981.SZ|159985.SZ|160644.SZ|161226.SZ|512040.SH|512200.SH|513080.SH|513100.SH|513180.SH|513310.SH|518880.SH,1.9034403247774783,0.8931243278220744,ant,1
rolling_ant_colony,2023-01-01/2023-06-30,2023-07-01/2023-12-31,40,159852.SZ|159920.SZ|159980.SZ|159981.SZ|160644.SZ|161226.SZ|512100.SH|513030.SH|513180.SH|513310.SH|513880.SH|515220.SH|518880.SH,1.8761871490224937,0.8931243278220744,ant,1
rolling_ant_colony,2023-01-01/2023-06-30,2023-07-01/2023-12-31,41,159687.SZ|159920.SZ|159928.SZ|159980.SZ|159981.SZ|161226.SZ|501018.SH|510210.SH|512800.SH|513120.SH|513290.SH|513500.SH|513880.SH,0.7765694493439194,0.6995802811180952,ant,2
rolling_ant_colony,2023-01-01/2023-06-30,2023-07-01/2023-12-31,42,159980.SZ|159981.SZ|160644.SZ|161226.SZ|512400.SH|513070.SH|513100.SH|513120.SH|513290.SH|513880.SH|515790.SH|515880.SH|518880.SH,2.6358963620029074,0.6871488226207012,ant,2
rolling_ant_colony,2023-01-01/2023-06-30,2023-07-01/2023-12-31,43,159869.SZ|159985.SZ|160644.SZ|161226.SZ|164824.SZ|501018.SH|512170.SH|512660.SH|513100.SH|513120.SH|513180.SH|513880.SH|518880.SH,2.798185745179726,0.6871488226207012,ant,2
rolling_ant_colony,2023-01-01/2023-06-30,2023-07-01/2023-12-31,44,159796.SZ|159870.SZ|159920.SZ|159981.SZ|159985.SZ|161226.SZ|501018.SH|512660.SH|513070.SH|513100.SH|513290.SH|513500.SH|513880.SH,0.7953705592359299,0.9035245733924316,ant,2
rolling_ant_colony,2023-01-01/2023-06-30,2023-07-01/2023-12-31,45,159928.SZ|159980.SZ|159985.SZ|161226.SZ|164824.SZ|501018.SH|512800.SH|513030.SH|513120.SH|513180.SH|513500.SH|513880.SH|515880.SH,2.472065577755117,0.6861192240287576,ant,2
rolling_ant_colony,2023-01-01/2023-06-30,2023-07-01/2023-12-31,46,159687.SZ|159766.SZ|159869.SZ|159920.SZ|159980.SZ|159981.SZ|159985.SZ|501018.SH|510880.SH|513030.SH|513070.SH|513100.SH|513880.SH,1.7030065878202125,0.9035245733924316,ant,2
rolling_ant_colony,2023-01-01/2023-06-30,2023-07-01/2023-12-31,47,159915.SZ|159981.SZ|160644.SZ|161226.SZ|501018.SH|512660.SH|513030.SH|513100.SH|513120.SH|513180.SH|513500.SH|515210.SH|518880.SH,1.8501783196672712,0.8866258135554016,ant,2
rolling_ant_colony,2023-01-01/2023-06-30,2023-07-01/2023-12-31,48,159865.SZ|159920.SZ|159980.SZ|159981.SZ|159985.SZ|160644.SZ|501018.SH|513080.SH|513120.SH|513290.SH|513500.SH|515210.SH|515880.SH,1.3720785950373873,0.6717973155865423,ant,2
rolling_ant_colony,2023-01-01/2023-06-30,2023-07-01/2023-12-31,49,159611.SZ|159870.SZ|159920.SZ|159980.SZ|159985.SZ|160644.SZ|161226.SZ|501018.SH|513070.SH|513100.SH|513500.SH|513880.SH|588000.SH,1.6741225919973544,0.9035245733924316,ant,2
rolling_ant_colony,2023-01-01/2023-06-30,2023-07-01/2023-12-31,50,159981.SZ|159985.SZ|160644.SZ|161226.SZ|164824.SZ|510180.SH|512170.SH|513070.SH|513100.SH|513120.SH|513880.SH|515790.SH|518880.SH,2.2977158050518196,0.6871488226207012,ant,2
rolling_ant_colony,2023-01-01/2023-06-30,2023-07-01/2023-12-31,51,159869.SZ|159920.SZ|159980.SZ|159981.SZ|161226.SZ|164824.SZ|512800.SH|513070.SH|513080.SH|513100.SH|513310.SH|515880.SH|518880.SH,3.2163027492775957,0.9035245733924316,ant,2
rolling_ant_colony,2023-01-01/2023-06-30,2023-07-01/2023-12-31,52,159825.SZ|159915.SZ|159920.SZ|159981.SZ|159985.SZ|160644.SZ|161226.SZ|513080.SH|513100.SH|513180.SH|513880.SH|516150.SH|518880.SH,1.8804872980491762,0.8931243278220744,ant,2
rolling_ant_colony,2023-01-01/2023-06-30,2023-07-01/2023-12-31,53,159687.SZ|159920.SZ|159928.SZ|159980.SZ|159981.SZ|164824.SZ|501018.SH|512170.SH|512980.SH|513120.SH|513500.SH|513880.SH|518880.SH,1.8984299593809244,0.6995802811180952,ant,2
rolling_ant_colony,2023-01-01/2023-06-30,2023-07-01/2023-12-31,54,159920.SZ|159980.SZ|159981.SZ|159985.SZ|160644.SZ|164824.SZ|510050.SH|512170.SH|513070.SH|513100.SH|513500.SH|515790.SH|518880.SH,1.7622312335845924,0.9035245733924316,ant,2
rolling_ant_colony,2023-01-01/2023-06-30,2023-07-01/2023-12-31,55,159920.SZ|159967.SZ|159980.SZ|159981.SZ|159985.SZ|161226.SZ|164824.SZ|510180.SH|513180.SH|513290.SH|513310.SH|513880.SH|515880.SH,1.3356461176764673,0.8931243278220744,ant,2
rolling_ant_colony,2023-01-01/2023-06-30,2023-07-01/2023-12-31,56,159796.SZ|159920.SZ|159981.SZ|159985.SZ|160644.SZ|161226.SZ|164824.SZ|512170.SH|512660.SH|513100.SH|513120.SH|513290.SH|518880.SH,2.2789204900235673,0.6871488226207012,ant,2
rolling_ant_colony,2023-01-01/2023-06-30,2023-07-01/2023-12-31,57,159687.SZ|159981.SZ|159985.SZ|161226.SZ|164824.SZ|510300.SH|513120.SH|513180.SH|513290.SH|513880.SH|515210.SH|515880.SH|518880.SH,3.252170124672881,0.6995802811180952,ant,2
rolling_ant_colony,2023-01-01/2023-06-30,2023-07-01/2023-12-31,58,159687.SZ|159920.SZ|159981.SZ|159985.SZ|160644.SZ|161226.SZ|164824.SZ|512800.SH|512880.SH|513070.SH|513880.SH|515880.SH|518880.SH,2.1937926782985824,0.9035245733924316,ant,2
rolling_ant_colony,2023-01-01/2023-06-30,2023-07-01/2023-12-31,59,159920.SZ|159981.SZ|159985.SZ|160644.SZ|161226.SZ|164824.SZ|510050.SH|512880.SH|513180.SH|513290.SH|513880.SH|518880.SH|562500.SH,1.1566296298801177,0.8931243278220744,ant,2
rolling_ant_colony,2023-01-01/2023-06-30,2023-07-01/2023-12-31,60,159687.SZ|159928.SZ|159980.SZ|159981.SZ|159985.SZ|161226.SZ|510050.SH|513070.SH|513100.SH|513120.SH|513290.SH|513880.SH|515790.SH,0.9215337599094331,0.7151847707081209,ant,2
rolling_ant_colony,2023-01-01/2023-06-30,2023-07-01/2023-12-31,61,159920.SZ|159980.SZ|159981.SZ|161226.SZ|164824.SZ|501018.SH|512170.SH|512980.SH|513100.SH|513120.SH|513500.SH|513880.SH|515790.SH,2.2743189710520704,0.8866258135554016,ant,3
rolling_ant_colony,2023-01-01/2023-06-30,2023-07-01/2023-12-31,62,159687.SZ|159869.SZ|159920.SZ|159981.SZ|159985.SZ|161226.SZ|164824.SZ|512040.SH|513100.SH|513180.SH|513880.SH|515880.SH|518880.SH,3.850192440538418,0.8931243278220744,ant,3
rolling_ant_colony,2023-01-01/2023-06-30,2023-07-01/2023-12-31,63,159967.SZ|159981.SZ|159985.SZ|160644.SZ|164824.SZ|501018.SH|513070.SH|513080.SH|513120.SH|513290.SH|515210.SH|515880.SH|518880.SH,2.5336674820018015,0.5424299402913928,ant,3
rolling_ant_colony,2023-01-01/2023-06-30,2023-07-01/2023-12-31,64,159687.SZ|159865.SZ|159920.SZ|159980.SZ|159981.SZ|159985.SZ|512170.SH|513180.SH|513290.SH|513310.SH|513500.SH|515210.SH|518880.SH,1.1403321721960653,0.8931243278220744,ant,3
rolling_ant_colony,2023-01-01/2023-06-30,2023-07-01/2023-12-31,65,159869.SZ|159981.SZ|161226.SZ|501018.SH|512890.SH|513030.SH|513070.SH|513100.SH|513120.SH|513310.SH|513880.SH|516150.SH|518880.SH,3.616050702188588,0.6871488226207012,ant,3
rolling_ant_colony,2023-01-01/2023-06-30,2023-07-01/2023-12-31,66,159851.SZ|159980.SZ|159985.SZ|161226.SZ|164824.SZ|510880.SH|512170.SH|513100.SH|513120.SH|513180.SH|513290.SH|513310.SH|518880.SH,1.9792757053844003,0.6871488226207012,ant,3
rolling_ant_colony,2023-01-01/2023-06-30,2023-07-01/2023-12-31,67,159980.SZ|161226.SZ|164824.SZ|501018.SH|512170.SH|512400.SH|513070.SH|513100.SH|513120.SH|513290.SH|513880.SH|515880.SH|518880.SH,2.844100352926871,0.6871488226207012,ant,3
rolling_ant_colony,2023-01-01/2023-06-30,2023-07-01/2023-12-31,68,159687.SZ|159928.SZ|159980.SZ|161226.SZ|164824.SZ|501018.SH|512170.SH|512660.SH|513070.SH|513120.SH|513310.SH|513880.SH|518880.SH,1.6183130894549986,0.6995802811180952,ant,3
rolling_ant_colony,2023-01-01/2023-06-30,2023-07-01/2023-12-31,69,159980.SZ|159985.SZ|160644.SZ|161226.SZ|164824.SZ|512170.SH|512400.SH|513070.SH|513120.SH|513290.SH|513500.SH|516150.SH|518880.SH,0.5389652428174438,0.8368456038476373,ant,3
rolling_ant_colony,2023-01-01/2023-06-30,2023-07-01/2023-12-31,70,159687.SZ|159796.SZ|159920.SZ|159980.SZ|159981.SZ|159985.SZ|161226.SZ|164824.SZ|512890.SH|513030.SH|513070.SH|513290.SH|515210.SH,0.814057360630846,0.9035245733924316,ant,3
rolling_ant_colony,2023-01-01/2023-06-30,2023-07-01/2023-12-31,71,159796.SZ|159865.SZ|159920.SZ|159980.SZ|160644.SZ|161226.SZ|501018.SH|512800.SH|513070.SH|513310.SH|513500.SH|513880.SH|518880.SH,0.7061130815429029,0.9035245733924316,ant,3
rolling_ant_colony,2023-01-01/2023-06-30,2023-07-01/2023-12-31,72,159869.SZ|159920.SZ|159980.SZ|159981.SZ|161226.SZ|512800.SH|513070.SH|513080.SH|513100.SH|513500.SH|513880.SH|515880.SH|518880.SH,3.404347656294952,0.9035245733924316,ant,3
rolling_ant_colony,2023-01-01/2023-06-30,2023-07-01/2023-12-31,73,159920.SZ|159981.SZ|159985.SZ|160644.SZ|161226.SZ|164824.SZ|510050.SH|512170.SH|513120.SH|513310.SH|513880.SH|515880.SH|518880.SH,2.385302215588487,0.6871488226207012,ant,3
rolling_ant_colony,2023-01-01/2023-06-30,2023-07-01/2023-12-31,74,159920.SZ|159981.SZ|159985.SZ|161226.SZ|164824.SZ|512040.SH|513180.SH|513290.SH|513310.SH|513880.SH|515880.SH|518880.SH|588000.SH,2.716680301658311,0.8931243278220744,ant,3
rolling_ant_colony,2023-01-01/2023-06-30,2023-07-01/2023-12-31,75,159870.SZ|159901.SZ|159985.SZ|160644.SZ|161226.SZ|164824.SZ|501018.SH|510880.SH|513070.SH|513100.SH|513120.SH|513880.SH|518880.SH,2.9129300511243206,0.7233828930492051,ant,3
rolling_ant_colony,2023-01-01/2023-06-30,2023-07-01/2023-12-31,76,159920.SZ|159980.SZ|159981.SZ|160644.SZ|161226.SZ|510180.SH|512170.SH|513030.SH|513100.SH|513120.SH|513880.SH|515210.SH|518880.SH,2.33532276651877,0.7293587522947999,ant,3
rolling_ant_colony,2023-01-01/2023-06-30,2023-07-01/2023-12-31,77,159967.SZ|159981.SZ|159985.SZ|160644.SZ|161226.SZ|501018.SH|510880.SH|513030.SH|513070.SH|513120.SH|513290.SH|513500.SH|515880.SH,2.002555056192763,0.6861192240287576,ant,3
rolling_ant_colony,2023-01-01/2023-06-30,2023-07-01/2023-12-31,78,159920.SZ|159980.SZ|159981.SZ|159985.SZ|164824.SZ|512170.SH|512800.SH|513180.SH|513290.SH|513500.SH|513880.SH|515790.SH|518880.SH,1.2300627523289687,0.8931243278220744,ant,3
rolling_ant_colony,2023-01-01/2023-06-30,2023-07-01/2023-12-31,79,159869.SZ|159901.SZ|159985.SZ|161226.SZ|164824.SZ|501018.SH|512880.SH|513070.SH|513120.SH|513310.SH|513500.SH|513880.SH|518880.SH,2.707137593052988,0.719108052696672,ant,3
rolling_ant_colony,2023-01-01/2023-06-30,2023-07-01/2023-12-31,80,159687.SZ|159901.SZ|159920.SZ|159981.SZ|160644.SZ|161226.SZ|501018.SH|512100.SH|512400.SH|513070.SH|513100.SH|513880.SH|518880.SH,2.0669805425014403,0.9035245733924316,ant,3
rolling_ant_colony,2023-01-01/2023-06-30,2023-07-01/2023-12-31,81,159870.SZ|159920.SZ|159928.SZ|159980.SZ|159985.SZ|161226.SZ|164824.SZ|510880.SH|513070.SH|513100.SH|513310.SH|513500.SH|518880.SH,2.0012424710671617,0.9035245733924316,ant,4
rolling_ant_colony,2023-01-01/2023-06-30,2023-07-01/2023-12-31,82,159869.SZ|159980.SZ|159985.SZ|160644.SZ|161226.SZ|512040.SH|513100.SH|513120.SH|513180.SH|513310.SH|513880.SH|515880.SH|518880.SH,3.3543612331443966,0.6871488226207012,ant,4
rolling_ant_colony,2023-01-01/2023-06-30,2023-07-01/2023-12-31,83,159920.SZ|159985.SZ|161226.SZ|164824.SZ|501018.SH|512400.SH|512890.SH|513070.SH|513290.SH|513310.SH|513880.SH|515210.SH|518880.SH,1.734889982977715,0.9035245733924316,ant,4
rolling_ant_colony,2023-01-01/2023-06-30,2023-07-01/2023-12-31,84,159687.SZ|159920.SZ|159980.SZ|159981.SZ|159985.SZ|164824.SZ|512890.SH|513030.SH|513070.SH|513100.SH|515210.SH|515880.SH|518880.SH,3.1481176349344815,0.9035245733924316,ant,4
rolling_ant_colony,2023-01-01/2023-06-30,2023-07-01/2023-12-31,85,159869.SZ|159920.SZ|159981.SZ|159985.SZ|160644.SZ|161226.SZ|164824.SZ|513030.SH|513120.SH|513880.SH|515880.SH|518880.SH|588200.SH,3.417784503012706,0.6871488226207012,ant,4
rolling_ant_colony,2023-01-01/2023-06-30,2023-07-01/2023-12-31,86,159920.SZ|159981.SZ|159985.SZ|161226.SZ|164824.SZ|512170.SH|512400.SH|513070.SH|513080.SH|513100.SH|513500.SH|515880.SH|518880.SH,3.480916046282931,0.9035245733924316,ant,4
rolling_ant_colony,2023-01-01/2023-06-30,2023-07-01/2023-12-31,87,159687.SZ|159869.SZ|159915.SZ|159920.SZ|159980.SZ|159981.SZ|159985.SZ|161226.SZ|164824.SZ|513080.SH|513100.SH|513120.SH|515880.SH,3.3838600261182323,0.6314394842544189,ant,4
rolling_ant_colony,2023-01-01/2023-06-30,2023-07-01/2023-12-31,88,159687.SZ|159920.SZ|159981.SZ|159985.SZ|161226.SZ|164824.SZ|510300.SH|510880.SH|512400.SH|513100.SH|513120.SH|513880.SH|518880.SH,2.816259152746221,0.6995802811180952,ant,4
rolling_ant_colony,2023-01-01/2023-06-30,2023-07-01/2023-12-31,89,159825.SZ|159920.SZ|159980.SZ|159981.SZ|160644.SZ|164824.SZ|501018.SH|510180.SH|510880.SH|513070.SH|513290.SH|513880.SH|518880.SH,1.1832028196909143,0.9035245733924316,ant,4
rolling_ant_colony,2023-01-01/2023-06-30,2023-07-01/2023-12-31,90,159687.SZ|159920.SZ|159981.SZ|159985.SZ|161226.SZ|164824.SZ|501018.SH|510880.SH|512890.SH|512980.SH|513030.SH|513100.SH|513180.SH,1.6885358366046086,0.8945765919292531,ant,4
rolling_ant_colony,2023-01-01/2023-06-30,2023-07-01/2023-12-31,91,159825.SZ|159851.SZ|159920.SZ|159981.SZ|159985.SZ|160644.SZ|161226.SZ|510180.SH|513070.SH|513100.SH|513290.SH|513880.SH|518880.SH,1.985547186192172,0.9035245733924316,ant,4
rolling_ant_colony,2023-01-01/2023-06-30,2023-07-01/2023-12-31,92,159687.SZ|159869.SZ|159920.SZ|159981.SZ|161226.SZ|501018.SH|512170.SH|512400.SH|513030.SH|513070.SH|513290.SH|513880.SH|518880.SH,1.8068905673667635,0.9035245733924316,ant,4
rolling_ant_colony,2023-01-01/2023-06-30,2023-07-01/2023-12-31,93,159869.SZ|159920.SZ|159980.SZ|159981.SZ|161226.SZ|164824.SZ|512040.SH|512660.SH|513080.SH|513180.SH|513310.SH|513880.SH|518880.SH,2.1426926146651915,0.8931243278220744,ant,4
rolling_ant_colony,2023-01-01/2023-06-30,2023-07-01/2023-12-31,94,159915.SZ|159920.SZ|159928.SZ|159980.SZ|159981.SZ|161226.SZ|164824.SZ|512800.SH|513030.SH|513100.SH|513180.SH|513500.SH|518880.SH,1.932003092037707,0.8931243278220744,ant,4
rolling_ant_colony,2023-01-01/2023-06-30,2023-07-01/2023-12-31,95,159980.SZ|159981.SZ|161226.SZ|164824.SZ|512170.SH|512400.SH|513070.SH|513100.SH|513120.SH|513290.SH|513880.SH|515210.SH|518880.SH,1.9068898232227425,0.7168982757143557,ant,4
rolling_ant_colony,2023-01-01/2023-06-30,2023-07-01/2023-12-31,96,159687.SZ|159869.SZ|159920.SZ|159981.SZ|159985.SZ|160644.SZ|161226.SZ|510180.SH|513100.SH|513180.SH|513880.SH|515880.SH|518880.SH,2.8740904998802197,0.8931243278220744,ant,4
rolling_ant_colony,2023-01-01/2023-06-30,2023-07-01/2023-12-31,97,159920.SZ|159980.SZ|161226.SZ|164824.SZ|501018.SH|510050.SH|512040.SH|513100.SH|513180.SH|513290.SH|513880.SH|516150.SH|518880.SH,1.7609232728465023,0.8931243278220744,ant,4
rolling_ant_colony,2023-01-01/2023-06-30,2023-07-01/2023-12-31,98,159687.SZ|159920.SZ|159981.SZ|159985.SZ|161226.SZ|164824.SZ|512800.SH|513100.SH|513120.SH|513290.SH|516150.SH|518880.SH|562500.SH,1.5574468975126021,0.6871488226207012,ant,4
rolling_ant_colony,2023-01-01/2023-06-30,2023-07-01/2023-12-31,99,159869.SZ|159920.SZ|159980.SZ|159981.SZ|159985.SZ|164824.SZ|501018.SH|510880.SH|512800.SH|513030.SH|513100.SH|513180.SH|513310.SH,1.5628905520602576,0.8931243278220744,ant,4
rolling_ant_colony,2023-01-01/2023-06-30,2023-07-01/2023-12-31,100,159920.SZ|159981.SZ|160644.SZ|161226.SZ|164824.SZ|501018.SH|510300.SH|512660.SH|513030.SH|513180.SH|513290.SH|516150.SH|518880.SH,1.323997137673381,0.8931243278220744,ant,4
rolling_ant_colony,2023-07-01/2023-12-31,2024-01-01/2024-06-30,1,159687.SZ|159981.SZ|161226.SZ|164824.SZ|501018.SH|512200.SH|512890.SH|513030.SH|513070.SH|513100.SH|513120.SH|518880.SH|563300.SH,-0.3153402484052643,0.7579092133299615,ant,0
rolling_ant_colony,2023-07-01/2023-12-31,2024-01-01/2024-06-30,2,159509.SZ|159687.SZ|159825.SZ|159980.SZ|161226.SZ|501018.SH|512100.SH|513080.SH|513120.SH|513180.SH|513290.SH|516150.SH|518880.SH,-1.0889829710950754,0.79897525868069,ant,0
rolling_ant_colony,2023-07-01/2023-12-31,2024-01-01/2024-06-30,3,159865.SZ|159915.SZ|159981.SZ|159985.SZ|160644.SZ|161226.SZ|501018.SH|513070.SH|513120.SH|513290.SH|513310.SH|513500.SH|588000.SH,-0.07929028756916684,0.8491752636158579,ant,0
rolling_ant_colony,2023-07-01/2023-12-31,2024-01-01/2024-06-30,4,159509.SZ|159687.SZ|159949.SZ|159980.SZ|159985.SZ|501018.SH|512200.SH|513030.SH|513120.SH|513180.SH|513880.SH|518880.SH|563300.SH,0.3492059951664787,0.8806115882628334,ant,0
rolling_ant_colony,2023-07-01/2023-12-31,2024-01-01/2024-06-30,5,159509.SZ|159920.SZ|159980.SZ|159981.SZ|161226.SZ|501018.SH|510500.SH|510880.SH|512400.SH|513080.SH|513120.SH|513310.SH|513500.SH,0.05343145072535457,0.7799027480940437,ant,0
rolling_ant_colony,2023-07-01/2023-12-31,2024-01-01/2024-06-30,6,159949.SZ|159981.SZ|159985.SZ|160644.SZ|161226.SZ|501018.SH|510210.SH|512040.SH|513070.SH|513080.SH|513120.SH|513290.SH|513880.SH,-0.34932522387299103,0.8117251603840803,ant,0
rolling_ant_colony,2023-07-01/2023-12-31,2024-01-01/2024-06-30,7,159509.SZ|159766.SZ|159981.SZ|159985.SZ|161226.SZ|164824.SZ|501018.SH|510300.SH|512400.SH|513030.SH|513070.SH|513120.SH|513500.SH,-0.5026757642435751,0.7799027480940437,ant,0
rolling_ant_colony,2023-07-01/2023-12-31,2024-01-01/2024-06-30,8,159687.SZ|159870.SZ|159980.SZ|159981.SZ|161226.SZ|512170.SH|513080.SH|513100.SH|513120.SH|513180.SH|513500.SH|518880.SH|588220.SH,-0.8881153044683895,0.8909152686603402,ant,0
rolling_ant_colony,2023-07-01/2023-12-31,2024-01-01/2024-06-30,9,159825.SZ|159981.SZ|159985.SZ|161226.SZ|164824.SZ|501018.SH|512400.SH|513030.SH|513120.SH|513180.SH|513290.SH|513880.SH|588220.SH,0.5532597099034885,0.7824059319979025,ant,0
rolling_ant_colony,2023-07-01/2023-12-31,2024-01-01/2024-06-30,10,159796.SZ|159920.SZ|159981.SZ|160644.SZ|161226.SZ|164824.SZ|501018.SH|510050.SH|512040.SH|513100.SH|513120.SH|513500.SH|518880.SH,-1.449114454262896,0.8909152686603402,ant,0
rolling_ant_colony,2023-07-01/2023-12-31,2024-01-01/2024-06-30,11,159980.SZ|159981.SZ|159985.SZ|510880.SH|512040.SH|512980.SH|513080.SH|513100.SH|513120.SH|513180.SH|513290.SH|513880.SH|518880.SH,-0.3863353851557181,0.7739538917479323,ant,0
rolling_ant_colony,2023-07-01/2023-12-31,2024-01-01/2024-06-30,12,159687.SZ|159796.SZ|159852.SZ|159870.SZ|159980.SZ|159981.SZ|159985.SZ|161226.SZ|513030.SH|513120.SH|513180.SH|513290.SH|513310.SH,-1.328886319027161,0.8305587798376518,ant,0
rolling_ant_colony,2023-07-01/2023-12-31,2024-01-01/2024-06-30,13,159687.SZ|159766.SZ|159852.SZ|159901.SZ|159980.SZ|159981.SZ|159985.SZ|161226.SZ|513030.SH|513120.SH|513180.SH|513310.SH|513880.SH,-1.1506359665342163,0.8806115882628334,ant,0
rolling_ant_colony,2023-07-01/2023-12-31,2024-01-01/2024-06-30,14,159509.SZ|159901.SZ|159980.SZ|159981.SZ|159985.SZ|161226.SZ|512040.SH|512800.SH|513030.SH|513120.SH|513180.SH|513290.SH|513500.SH,-0.4632572028125071,0.7799027480940437,ant,0
rolling_ant_colony,2023-07-01/2023-12-31,2024-01-01/2024-06-30,15,159796.SZ|159949.SZ|159980.SZ|159985.SZ|161226.SZ|510500.SH|513070.SH|513100.SH|513120.SH|513310.SH|513500.SH|513880.SH|518880.SH,-1.9595293871923594,0.8909152686603402,ant,0
rolling_ant_colony,2023-07-01/2023-12-31,2024-01-01/2024-06-30,16,159981.SZ|159985.SZ|161226.SZ|501018.SH|510210.SH|513030.SH|513070.SH|513100.SH|513120.SH|513500.SH|513880.SH|515210.SH|588220.SH,-0.578845101334709,0.8909152686603402,ant,0
rolling_ant_colony,2023-07-01/2023-12-31,2024-01-01/2024-06-30,17,159915.SZ|159980.SZ|159981.SZ|501018.SH|512400.SH|513100.SH|513120.SH|513180.SH|513290.SH|513310.SH|513880.SH|518880.SH|588000.SH,-0.010070631937448797,0.8491752636158579,ant,0
rolling_ant_colony,2023-07-01/2023-12-31,2024-01-01/2024-06-30,18,159980.SZ|159985.SZ|164824.SZ|501018.SH|512980.SH|513080.SH|513120.SH|513180.SH|513290.SH|513310.SH|518880.SH|563300.SH|588000.SH,0.46374509211937665,0.7277527523367208,ant,0
rolling_ant_colony,2023-07-01/2023-12-31,2024-01-01/2024-06-30,19,159687.SZ|159949.SZ|159981.SZ|159985.SZ|164824.SZ|501018.SH|512200.SH|513030.SH|513120.SH|513180.SH|513310.SH|515790.SH|518880.SH,0.7325638129022634,0.8113514093982799,ant,0
rolling_ant_colony,2023-07-01/2023-12-31,2024-01-01/2024-06-30,20,159509.SZ|159869.SZ|159980.SZ|159981.SZ|159985.SZ|160644.SZ|164824.SZ|510500.SH|512660.SH|513030.SH|513120.SH|513180.SH|518880.SH,-0.8644117406097679,0.6962642521293337,ant,0
rolling_ant_colony,2023-07-01/2023-12-31,2024-01-01/2024-06-30,21,159509.SZ|159611.SZ|159852.SZ|159980.SZ|159981.SZ|164824.SZ|501018.SH|512400.SH|513120.SH|513180.SH|513290.SH|513880.SH|518880.SH,-1.06533035310466,0.6149005769491303,ant,1
rolling_ant_colony,2023-07-01/2023-12-31,2024-01-01/2024-06-30,22,159687.SZ|159980.SZ|159981.SZ|160644.SZ|501018.SH|510880.SH|512200.SH|513070.SH|513120.SH|513310.SH|513880.SH|518880.SH|588000.SH,-0.5545091395323646,0.8806115882628334,ant,1
rolling_ant_colony,2023-07-01/2023-12-31,2024-01-01/2024-06-30,23,159825.SZ|159928.SZ|159981.SZ|159985.SZ|161226.SZ|164824.SZ|501018.SH|513120.SH|513180.SH|513290.SH|513310.SH|513880.SH|588220.SH,0.4375203737536803,0.654709724701413,ant,1
rolling_ant_colony,2023-07-01/2023-12-31,2024-01-01/2024-06-30,24,159611.SZ|159687.SZ|159949.SZ|159985.SZ|161226.SZ|164824.SZ|501018.SH|513120.SH|513180.SH|513290.SH|513880.SH|518880.SH|588000.SH,-0.9294017679231051,0.8806115882628334,ant,1
rolling_ant_colony,2023-07-01/2023-12-31,2024-01-01/2024-06-30,25,159509.SZ|159687.SZ|159869.SZ|159870.SZ|159981.SZ|159985.SZ|164824.SZ|501018.SH|513030.SH|513070.SH|513120.SH|518880.SH|588000.SH,-0.31118405886930656,0.7579092133299615,ant,1
rolling_ant_colony,2023-07-01/2023-12-31,2024-01-01/2024-06-30,26,159981.SZ|159985.SZ|164824.SZ|501018.SH|510050.SH|513030.SH|513120.SH|513180.SH|513290.SH|513880.SH|518880.SH|563300.SH|588000.SH,0.9810365085864383,0.7824059319979025,ant,1
rolling_ant_colony,2023-07-01/2023-12-31,2024-01-01/2024-06-30,27,159865.SZ|159980.SZ|159981.SZ|159985.SZ|160644.SZ|161226.SZ|164824.SZ|512200.SH|513120.SH|513180.SH|513500.SH|513880.SH|515220.SH,-0.8888501391795096,0.7052814031706758,ant,1
rolling_ant_colony,2023-07-01/2023-12-31,2024-01-01/2024-06-30,28,159687.SZ|159967.SZ|159980.SZ|159981.SZ|159985.SZ|161226.SZ|164824.SZ|512040.SH|513030.SH|513120.SH|513180.SH|513310.SH|515220.SH,-0.4100384671805819,0.7579092133299615,ant,1
rolling_ant_colony,2023-07-01/2023-12-31,2024-01-01/2024-06-30,29,159915.SZ|159928.SZ|159981.SZ|159985.SZ|164824.SZ|501018.SH|512200.SH|513070.SH|513120.SH|513290.SH|513310.SH|513500.SH|518880.SH,0.3066672378552362,0.6953876300254003,ant,1
rolling_ant_colony,2023-07-01/2023-12-31,2024-01-01/2024-06-30,30,159687.SZ|159980.SZ|159985.SZ|161226.SZ|164824.SZ|512880.SH|513120.SH|513180.SH|513290.SH|513880.SH|515220.SH|518880.SH|588200.SH,-0.8829672041207945,0.8806115882628334,ant,1
rolling_ant_colony,2023-07-01/2023-12-31,2024-01-01/2024-06-30,31,159825.SZ|159920.SZ|159928.SZ|159949.SZ|159985.SZ|161226.SZ|501018.SH|513080.SH|513100.SH|513120.SH|513310.SH|513500.SH|518880.SH,-0.7559886626826289,0.8909152686603402,ant,1
rolling_ant_colony,2023-07-01/2023-12-31,2024-01-01/2024-06-30,32,159509.SZ|159766.SZ|159901.SZ|159981.SZ|159985.SZ|501018.SH|513030.SH|513070.SH|513120.SH|513290.SH|513880.SH|518880.SH|563300.SH,0.3221209425882105,0.7824059319979025,ant,1
rolling_ant_colony,2023-07-01/2023-12-31,2024-01-01/2024-06-30,33,159687.SZ|159870.SZ|159981.SZ|159985.SZ|160644.SZ|501018.SH|510210.SH|513070.SH|513080.SH|513120.SH|513310.SH|515790.SH|518880.SH,0.30935328652169963,0.7627999893543073,ant,1
rolling_ant_colony,2023-07-01/2023-12-31,2024-01-01/2024-06-30,34,159687.SZ|159981.SZ|159985.SZ|161226.SZ|501018.SH|512170.SH|512800.SH|513080.SH|513120.SH|513180.SH|513310.SH|513880.SH|562500.SH,-0.18684717463967537,0.8806115882628334,ant,1
rolling_ant_colony,2023-07-01/2023-12-31,2024-01-01/2024-06-30,35,159981.SZ|159985.SZ|164824.SZ|501018.SH|510300.SH|513120.SH|513180.SH|513290.SH|513310.SH|513880.SH|515790.SH|518880.SH|588000.SH,0.3032350429848822,0.690969221897018,ant,1
rolling_ant_colony,2023-07-01/2023-12-31,2024-01-01/2024-06-30,36,159687.SZ|159825.SZ|159980.SZ|159985.SZ|164824.SZ|501018.SH|512200.SH|513080.SH|513120.SH|513180.SH|513500.SH|518880.SH|588200.SH,-0.09534582535453025,0.7408368521193833,ant,1
rolling_ant_colony,2023-07-01/2023-12-31,2024-01-01/2024-06-30,37,159687.SZ|159796.SZ|159980.SZ|159985.SZ|161226.SZ|164824.SZ|510300.SH|513100.SH|513120.SH|513180.SH|513500.SH|518880.SH|563300.SH,-1.7492316459176929,0.8909152686603402,ant,1
rolling_ant_colony,2023-07-01/2023-12-31,2024-01-01/2024-06-30,38,159509.SZ|159687.SZ|159920.SZ|159981.SZ|159985.SZ|161226.SZ|164824.SZ|501018.SH|512200.SH|512660.SH|513030.SH|513120.SH|563300.SH,-0.03141395487086208,0.7579092133299615,ant,1
rolling_ant_colony,2023-07-01/2023-12-31,2024-01-01/2024-06-30,39,159611.SZ|159687.SZ|159981.SZ|159985.SZ|164824.SZ|501018.SH|512660.SH|513030.SH|513120.SH|513180.SH|513310.SH|515880.SH|518880.SH,-0.3100812376345258,0.7579092133299615,ant,1
rolling_ant_colony,2023-07-01/2023-12-31,2024-01-01/2024-06-30,40,159687.SZ|159981.SZ|161226.SZ|164824.SZ|501018.SH|510050.SH|513030.SH|513120.SH|513180.SH|513880.SH|515790.SH|515880.SH|518880.SH,-0.8076249382435943,0.8806115882628334,ant,1
rolling_ant_colony,2023-07-01/2023-12-31,2024-01-01/2024-06-30,41,159796.SZ|159869.SZ|159870.SZ|159980.SZ|161226.SZ|164824.SZ|501018.SH|513030.SH|513070.SH|513120.SH|513310.SH|513500.SH|518880.SH,-1.1124489194660379,0.8305587798376518,ant,2
rolling_ant_colony,2023-07-01/2023-12-31,2024-01-01/2024-06-30,42,159509.SZ|159687.SZ|159870.SZ|159920.SZ|159981.SZ|159985.SZ|160644.SZ|501018.SH|512200.SH|512800.SH|513030.SH|513120.SH|518880.SH,0.7531466764413278,0.7579092133299615,ant,2
rolling_ant_colony,2023-07-01/2023-12-31,2024-01-01/2024-06-30,43,159509.SZ|159870.SZ|159981.SZ|159985.SZ|164824.SZ|501018.SH|510050.SH|513030.SH|513120.SH|513180.SH|513310.SH|516150.SH|518880.SH,0.3173284099447853,0.7513077264902582,ant,2
rolling_ant_colony,2023-07-01/2023-12-31,2024-01-01/2024-06-30,44,159687.SZ|159865.SZ|159981.SZ|161226.SZ|501018.SH|513100.SH|513120.SH|513180.SH|513290.SH|513880.SH|515790.SH|518880.SH|563300.SH,-0.750562423774707,0.8806115882628334,ant,2
rolling_ant_colony,2023-07-01/2023-12-31,2024-01-01/2024-06-30,45,159509.SZ|159796.SZ|159981.SZ|159985.SZ|160644.SZ|501018.SH|513120.SH|513180.SH|513290.SH|513880.SH|515790.SH|518880.SH|588220.SH,-0.07273613053329266,0.8846573245149052,ant,2
rolling_ant_colony,2023-07-01/2023-12-31,2024-01-01/2024-06-30,46,159509.SZ|159980.SZ|159981.SZ|159985.SZ|164824.SZ|501018.SH|512200.SH|512980.SH|513030.SH|513120.SH|513180.SH|513310.SH|563300.SH,1.4531107368207634,0.6596075960809888,ant,2
rolling_ant_colony,2023-07-01/2023-12-31,2024-01-01/2024-06-30,47,159870.SZ|159981.SZ|159985.SZ|164824.SZ|501018.SH|513070.SH|513080.SH|513120.SH|513310.SH|513880.SH|515790.SH|515880.SH|518880.SH,-0.45581126349019296,0.7739538917479323,ant,2
rolling_ant_colony,2023-07-01/2023-12-31,2024-01-01/2024-06-30,48,159825.SZ|159928.SZ|159981.SZ|159985.SZ|164824.SZ|501018.SH|510300.SH|513030.SH|513120.SH|513180.SH|513290.SH|513310.SH|518880.SH,0.882859256149087,0.8324427965201131,ant,2
rolling_ant_colony,2023-07-01/2023-12-31,2024-01-01/2024-06-30,49,159687.SZ|159870.SZ|159949.SZ|159980.SZ|159981.SZ|159985.SZ|160644.SZ|164824.SZ|512400.SH|513030.SH|513120.SH|513180.SH|518880.SH,-0.21397775754127912,0.8183893908598024,ant,2
rolling_ant_colony,2023-07-01/2023-12-31,2024-01-01/2024-06-30,50,159687.SZ|159870.SZ|159967.SZ|159980.SZ|159981.SZ|164824.SZ|501018.SH|513120.SH|513180.SH|513310.SH|513880.SH|518880.SH|588220.SH,-0.06519378076106158,0.8806115882628334,ant,2
rolling_ant_colony,2023-07-01/2023-12-31,2024-01-01/2024-06-30,51,159980.SZ|159981.SZ|159985.SZ|501018.SH|512400.SH|513030.SH|513120.SH|513180.SH|513290.SH|513310.SH|513880.SH|515790.SH|515880.SH,-0.07533190815966449,0.7824059319979025,ant,2
rolling_ant_colony,2023-07-01/2023-12-31,2024-01-01/2024-06-30,52,159980.SZ|159981.SZ|164824.SZ|501018.SH|510300.SH|513080.SH|513120.SH|513180.SH|513290.SH|513310.SH|515790.SH|518880.SH|588220.SH,0.38374386081958184,0.7061895905832899,ant,2
rolling_ant_colony,2023-07-01/2023-12-31,2024-01-01/2024-06-30,53,159687.SZ|159851.SZ|159901.SZ|159981.SZ|159985.SZ|164824.SZ|501018.SH|513070.SH|513120.SH|513290.SH|513310.SH|515790.SH|518880.SH,0.07441122476196779,0.7784538132212265,ant,2
rolling_ant_colony,2023-07-01/2023-12-31,2024-01-01/2024-06-30,54,159851.SZ|159928.SZ|159980.SZ|159981.SZ|159985.SZ|160644.SZ|164824.SZ|501018.SH|513080.SH|513120.SH|513180.SH|513310.SH|588000.SH,1.0129663584846709,0.6970837133629274,ant,2
rolling_ant_colony,2023-07-01/2023-12-31,2024-01-01/2024-06-30,55,159825.SZ|159915.SZ|159980.SZ|159981.SZ|159985.SZ|161226.SZ|513030.SH|513100.SH|513120.SH|513180.SH|513310.SH|513880.SH|516150.SH,-1.1479811183086825,0.7824059319979025,ant,2
rolling_ant_colony,2023-07-01/2023-12-31,2024-01-01/2024-06-30,56,159865.SZ|159980.SZ|159981.SZ|159985.SZ|164824.SZ|501018.SH|513120.SH|513180.SH|513290.SH|513310.SH|513880.SH|515790.SH|563300.SH,1.4927594959021522,0.6149005769491303,ant,2
rolling_ant_colony,2023-07-01/2023-12-31,2024-01-01/2024-06-30,57,159851.SZ|159928.SZ|159981.SZ|159985.SZ|164824.SZ|501018.SH|512200.SH|513030.SH|513070.SH|513120.SH|513290.SH|513880.SH|518880.SH,0.3222112149706989,0.7824059319979025,ant,2
rolling_ant_colony,2023-07-01/2023-12-31,2024-01-01/2024-06-30,58,159981.SZ|159985.SZ|160644.SZ|161226.SZ|501018.SH|510180.SH|513030.SH|513070.SH|513120.SH|513290.SH|513880.SH|563300.SH|588200.SH,0.41198612083491015,0.7824059319979025,ant,2
rolling_ant_colony,2023-07-01/2023-12-31,2024-01-01/2024-06-30,59,159509.SZ|159825.SZ|159928.SZ|159980.SZ|159981.SZ|159985.SZ|512100.SH|513030.SH|513120.SH|513180.SH|513290.SH|513310.SH|518880.SH,-0.16975231686407935,0.654709724701413,ant,2
rolling_ant_colony,2023-07-01/2023-12-31,2024-01-01/2024-06-30,60,159796.SZ|159870.SZ|159985.SZ|161226.SZ|164824.SZ|501018.SH|512980.SH|513080.SH|513120.SH|513180.SH|513310.SH|513880.SH|518880.SH,-1.0322742141238348,0.8305587798376518,ant,2
rolling_ant_colony,2023-07-01/2023-12-31,2024-01-01/2024-06-30,61,159865.SZ|159981.SZ|159985.SZ|160644.SZ|164824.SZ|501018.SH|512800.SH|513030.SH|513120.SH|513180.SH|513290.SH|515210.SH|518880.SH,0.8702641330995481,0.6149005769491303,ant,3
rolling_ant_colony,2023-07-01/2023-12-31,2024-01-01/2024-06-30,62,159870.SZ|159901.SZ|159928.SZ|159981.SZ|159985.SZ|160644.SZ|501018.SH|513030.SH|513120.SH|513180.SH|513290.SH|513880.SH|518880.SH,-0.0020639398077417722,0.8240442777739098,ant,3
rolling_ant_colony,2023-07-01/2023-12-31,2024-01-01/2024-06-30,63,159687.SZ|159985.SZ|161226.SZ|164824.SZ|501018.SH|512200.SH|512660.SH|513120.SH|513180.SH|513310.SH|513880.SH|518880.SH|588220.SH,-0.39032444603891875,0.8806115882628334,ant,3
rolling_ant_colony,2023-07-01/2023-12-31,2024-01-01/2024-06-30,64,159687.SZ|159949.SZ|159980.SZ|159981.SZ|159985.SZ|164824.SZ|501018.SH|510180.SH|513120.SH|513180.SH|513310.SH|513880.SH|588000.SH,1.5301526174425955,0.8806115882628334,ant,3
rolling_ant_colony,2023-07-01/2023-12-31,2024-01-01/2024-06-30,65,159687.SZ|159766.SZ|159980.SZ|159981.SZ|159985.SZ|164824.SZ|513030.SH|513120.SH|513180.SH|513880.SH|515790.SH|515880.SH|518880.SH,-0.5933434192524946,0.8806115882628334,ant,3
rolling_ant_colony,2023-07-01/2023-12-31,2024-01-01/2024-06-30,66,159825.SZ|159981.SZ|159985.SZ|161226.SZ|164824.SZ|501018.SH|510180.SH|513120.SH|513180.SH|513290.SH|513310.SH|513880.SH|563300.SH,0.0028374402683142073,0.6198476413996845,ant,3
rolling_ant_colony,2023-07-01/2023-12-31,2024-01-01/2024-06-30,67,159980.SZ|159985.SZ|160644.SZ|164824.SZ|501018.SH|512890.SH|512980.SH|513080.SH|513120.SH|513180.SH|513290.SH|518880.SH|588000.SH,0.3579426139523503,0.6149005769491303,ant,3
rolling_ant_colony,2023-07-01/2023-12-31,2024-01-01/2024-06-30,68,159509.SZ|159928.SZ|159980.SZ|159985.SZ|164824.SZ|501018.SH|512040.SH|513120.SH|513180.SH|513310.SH|513880.SH|518880.SH|563300.SH,-0.15756524806273756,0.7163515447008343,ant,3
rolling_ant_colony,2023-07-01/2023-12-31,2024-01-01/2024-06-30,69,159687.SZ|159825.SZ|159928.SZ|159981.SZ|159985.SZ|164824.SZ|501018.SH|510300.SH|513030.SH|513120.SH|513180.SH|513310.SH|518880.SH,0.9283908170667114,0.8324427965201131,ant,3
rolling_ant_colony,2023-07-01/2023-12-31,2024-01-01/2024-06-30,70,159509.SZ|159611.SZ|159985.SZ|161226.SZ|501018.SH|512170.SH|513030.SH|513120.SH|513180.SH|513310.SH|513880.SH|518880.SH|563300.SH,-0.4670874498654926,0.7824059319979025,ant,3
rolling_ant_colony,2023-07-01/2023-12-31,2024-01-01/2024-06-30,71,159687.SZ|159980.SZ|159981.SZ|164824.SZ|501018.SH|512400.SH|512980.SH|513120.SH|513180.SH|513290.SH|513880.SH|518880.SH|588000.SH,-0.15786864765042619,0.8806115882628334,ant,3
rolling_ant_colony,2023-07-01/2023-12-31,2024-01-01/2024-06-30,72,159509.SZ|159687.SZ|159865.SZ|159981.SZ|159985.SZ|164824.SZ|501018.SH|513120.SH|513180.SH|513880.SH|515790.SH|518880.SH|588200.SH,0.41813061480054686,0.8806115882628334,ant,3
rolling_ant_colony,2023-07-01/2023-12-31,2024-01-01/2024-06-30,73,159509.SZ|159825.SZ|159949.SZ|159980.SZ|159981.SZ|159985.SZ|161226.SZ|512200.SH|513030.SH|513070.SH|513120.SH|513290.SH|513500.SH,-1.2259972886420807,0.7799027480940437,ant,3
rolling_ant_colony,2023-07-01/2023-12-31,2024-01-01/2024-06-30,74,159766.SZ|159980.SZ|159981.SZ|159985.SZ|164824.SZ|501018.SH|510300.SH|513120.SH|513180.SH|513290.SH|513310.SH|513880.SH|563300.SH,1.7116298555198797,0.6926672571806353,ant,3
rolling_ant_colony,2023-07-01/2023-12-31,2024-01-01/2024-06-30,75,159509.SZ|159796.SZ|159825.SZ|159981.SZ|159985.SZ|160644.SZ|161226.SZ|501018.SH|512200.SH|513120.SH|513180.SH|513290.SH|513880.SH,-0.755525534145576,0.6149005769491303,ant,3
rolling_ant_colony,2023-07-01/2023-12-31,2024-01-01/2024-06-30,76,159509.SZ|159870.SZ|159920.SZ|159949.SZ|159967.SZ|159981.SZ|159985.SZ|160644.SZ|164824.SZ|501018.SH|513120.SH|513310.SH|518880.SH,0.23426721446996168,0.8684960040557146,ant,3
rolling_ant_colony,2023-07-01/2023-12-31,2024-01-01/2024-06-30,77,159980.SZ|159985.SZ|164824.SZ|501018.SH|512660.SH|512800.SH|513120.SH|513180.SH|513290.SH|513310.SH|513880.SH|518880.SH|563300.SH,0.6281617431321028,0.7033487708413335,ant,3
rolling_ant_colony,2023-07-01/2023-12-31,2024-01-01/2024-06-30,78,159796.SZ|159870.SZ|159981.SZ|159985.SZ|160644.SZ|161226.SZ|164824.SZ|513030.SH|513120.SH|513180.SH|513880.SH|518880.SH|563300.SH,-1.119215425690493,0.8305587798376518,ant,3
rolling_ant_colony,2023-07-01/2023-12-31,2024-01-01/2024-06-30,79,159851.SZ|159852.SZ|159870.SZ|159981.SZ|159985.SZ|164824.SZ|501018.SH|513070.SH|513100.SH|513120.SH|513290.SH|513310.SH|518880.SH,0.2968737396046474,0.8647793867976346,ant,3
rolling_ant_colony,2023-07-01/2023-12-31,2024-01-01/2024-06-30,80,159509.SZ|159980.SZ|159985.SZ|161226.SZ|164824.SZ|512400.SH|513030.SH|513120.SH|513180.SH|513310.SH|515790.SH|518880.SH|563300.SH,-1.4607339638377368,0.6394034083873923,ant,3
rolling_ant_colony,2023-07-01/2023-12-31,2024-01-01/2024-06-30,81,159851.SZ|159981.SZ|159985.SZ|161226.SZ|164824.SZ|501018.SH|513030.SH|513120.SH|513180.SH|513290.SH|513310.SH|563300.SH|588220.SH,0.7393933128428648,0.7926587824537802,ant,4
rolling_ant_colony,2023-07-01/2023-12-31,2024-01-01/2024-06-30,82,159865.SZ|159981.SZ|159985.SZ|160644.SZ|164824.SZ|501018.SH|512170.SH|513120.SH|513180.SH|513290.SH|513310.SH|518880.SH|563300.SH,1.323891117957578,0.6149005769491303,ant,4
rolling_ant_colony,2023-07-01/2023-12-31,2024-01-01/2024-06-30,83,159825.SZ|159981.SZ|159985.SZ|160644.SZ|164824.SZ|501018.SH|513080.SH|513120.SH|513180.SH|513290.SH|515790.SH|518880.SH|588000.SH,0.6734718341680618,0.6512458718333202,ant,4
rolling_ant_colony,2023-07-01/2023-12-31,2024-01-01/2024-06-30,84,159865.SZ|159980.SZ|159985.SZ|164824.SZ|501018.SH|510300.SH|512980.SH|513080.SH|513120.SH|513180.SH|513290.SH|513880.SH|518880.SH,0.642445254951303,0.7739538917479323,ant,4
rolling_ant_colony,2023-07-01/2023-12-31,2024-01-01/2024-06-30,85,159509.SZ|159980.SZ|159981.SZ|161226.SZ|164824.SZ|501018.SH|510180.SH|513120.SH|513180.SH|513290.SH|513310.SH|588000.SH|588220.SH,0.785147094722723,0.8741801543755703,ant,4
rolling_ant_colony,2023-07-01/2023-12-31,2024-01-01/2024-06-30,86,159870.SZ|159915.SZ|159980.SZ|159985.SZ|160644.SZ|501018.SH|513120.SH|513180.SH|513290.SH|513310.SH|513880.SH|515790.SH|518880.SH,-0.35425526709903,0.8114885189222423,ant,4
rolling_ant_colony,2023-07-01/2023-12-31,2024-01-01/2024-06-30,87,159928.SZ|159980.SZ|159985.SZ|501018.SH|512200.SH|513030.SH|513100.SH|513120.SH|513180.SH|513310.SH|513500.SH|518880.SH|563300.SH,0.32099833594283467,0.8909152686603402,ant,4
rolling_ant_colony,2023-07-01/2023-12-31,2024-01-01/2024-06-30,88,159687.SZ|159766.SZ|159980.SZ|159985.SZ|164824.SZ|501018.SH|513120.SH|513180.SH|513290.SH|513310.SH|515790.SH|518880.SH|588220.SH,0.14219884857059942,0.6716653382674143,ant,4
rolling_ant_colony,2023-07-01/2023-12-31,2024-01-01/2024-06-30,89,159796.SZ|159869.SZ|159980.SZ|159985.SZ|164824.SZ|501018.SH|512800.SH|513030.SH|513120.SH|513180.SH|513290.SH|513310.SH|518880.SH,-0.11417603289379222,0.6149005769491303,ant,4
rolling_ant_colony,2023-07-01/2023-12-31,2024-01-01/2024-06-30,90,159509.SZ|159949.SZ|159980.SZ|159981.SZ|159985.SZ|501018.SH|512200.SH|512880.SH|513070.SH|513120.SH|513290.SH|513310.SH|513880.SH,0.5421247299220465,0.5941462686090205,ant,4
rolling_ant_colony,2023-07-01/2023-12-31,2024-01-01/2024-06-30,91,159687.SZ|159980.SZ|159985.SZ|161226.SZ|164824.SZ|501018.SH|510300.SH|512200.SH|513030.SH|513120.SH|513180.SH|513880.SH|515210.SH,-0.3947299970132679,0.8806115882628334,ant,4
rolling_ant_colony,2023-07-01/2023-12-31,2024-01-01/2024-06-30,92,159825.SZ|159980.SZ|159981.SZ|159985.SZ|164824.SZ|501018.SH|510300.SH|512400.SH|513120.SH|513180.SH|513290.SH|513310.SH|513880.SH,1.2020082722407464,0.7425425768370436,ant,4
rolling_ant_colony,2023-07-01/2023-12-31,2024-01-01/2024-06-30,93,159980.SZ|159981.SZ|159985.SZ|164824.SZ|501018.SH|510300.SH|512100.SH|512200.SH|513030.SH|513120.SH|513180.SH|513290.SH|513310.SH,2.059099924999105,0.7590411484989237,ant,4
rolling_ant_colony,2023-07-01/2023-12-31,2024-01-01/2024-06-30,94,159687.SZ|159981.SZ|159985.SZ|161226.SZ|164824.SZ|501018.SH|510180.SH|513030.SH|513120.SH|513180.SH|513290.SH|515210.SH|588200.SH,0.07575881993549673,0.7579092133299615,ant,4
rolling_ant_colony,2023-07-01/2023-12-31,2024-01-01/2024-06-30,95,159509.SZ|159766.SZ|159980.SZ|159981.SZ|501018.SH|512880.SH|513030.SH|513120.SH|513180.SH|513290.SH|513310.SH|518880.SH|588220.SH,0.18710049548865584,0.6367968444072951,ant,4
rolling_ant_colony,2023-07-01/2023-12-31,2024-01-01/2024-06-30,96,159766.SZ|159980.SZ|159981.SZ|160644.SZ|164824.SZ|501018.SH|512200.SH|513100.SH|513120.SH|513180.SH|513290.SH|518880.SH|588200.SH,-0.3163843962263044,0.6149005769491303,ant,4
rolling_ant_colony,2023-07-01/2023-12-31,2024-01-01/2024-06-30,97,159687.SZ|159980.SZ|159981.SZ|159985.SZ|501018.SH|510180.SH|513030.SH|513120.SH|513180.SH|513290.SH|513310.SH|515220.SH|563300.SH,1.2599791947165089,0.7579092133299615,ant,4
rolling_ant_colony,2023-07-01/2023-12-31,2024-01-01/2024-06-30,98,159509.SZ|159949.SZ|159980.SZ|159981.SZ|159985.SZ|164824.SZ|501018.SH|512660.SH|513070.SH|513080.SH|513120.SH|513310.SH|563300.SH,1.0713731221948195,0.7033487708413335,ant,4
rolling_ant_colony,2023-07-01/2023-12-31,2024-01-01/2024-06-30,99,159687.SZ|159865.SZ|159915.SZ|159981.SZ|159985.SZ|164824.SZ|501018.SH|513080.SH|513120.SH|513180.SH|513310.SH|518880.SH|563300.SH,0.3917291147819004,0.7366857191376772,ant,4
rolling_ant_colony,2023-07-01/2023-12-31,2024-01-01/2024-06-30,100,159687.SZ|159870.SZ|159980.SZ|159981.SZ|159985.SZ|164824.SZ|501018.SH|512200.SH|513030.SH|513120.SH|513180.SH|513310.SH|563300.SH,1.8540794446897841,0.7579092133299615,ant,4
rolling_ant_colony,2024-01-01/2024-06-30,2024-07-01/2024-12-31,1,159518.SZ|159529.SZ|159766.SZ|159928.SZ|159980.SZ|159981.SZ|161226.SZ|501018.SH|512200.SH|513070.SH|513100.SH|513310.SH|513750.SH,2.0512941484889167,0.7694161263312431,ant,0
rolling_ant_colony,2024-01-01/2024-06-30,2024-07-01/2024-12-31,2,159825.SZ|159870.SZ|159980.SZ|161226.SZ|501018.SH|510500.SH|513070.SH|513100.SH|513290.SH|513500.SH|513750.SH|513880.SH|518880.SH,2.501738019319626,0.8939093618457863,ant,0
rolling_ant_colony,2024-01-01/2024-06-30,2024-07-01/2024-12-31,3,159529.SZ|159901.SZ|159980.SZ|159985.SZ|161226.SZ|164824.SZ|501018.SH|512800.SH|512890.SH|513030.SH|513120.SH|513310.SH|513750.SH,1.3772220206708183,0.7040385672491776,ant,0
rolling_ant_colony,2024-01-01/2024-06-30,2024-07-01/2024-12-31,4,159518.SZ|159766.SZ|159825.SZ|159980.SZ|159985.SZ|160644.SZ|161226.SZ|164824.SZ|501018.SH|513030.SH|513120.SH|513750.SH|562500.SH,1.468897639917269,0.7040385672491776,ant,0
rolling_ant_colony,2024-01-01/2024-06-30,2024-07-01/2024-12-31,5,159529.SZ|159901.SZ|159920.SZ|159967.SZ|159981.SZ|159985.SZ|164824.SZ|501018.SH|510210.SH|513100.SH|513180.SH|513400.SH|518880.SH,0.26271431944966483,0.9194110626548546,ant,0
rolling_ant_colony,2024-01-01/2024-06-30,2024-07-01/2024-12-31,6,159870.SZ|159980.SZ|159981.SZ|159985.SZ|161226.SZ|164824.SZ|513070.SH|513080.SH|513120.SH|513290.SH|513880.SH|515210.SH|562500.SH,0.13331562484119924,0.7761207453046457,ant,0
rolling_ant_colony,2024-01-01/2024-06-30,2024-07-01/2024-12-31,7,159928.SZ|159981.SZ|161226.SZ|164824.SZ|501018.SH|512880.SH|513070.SH|513080.SH|513100.SH|513310.SH|513750.SH|518880.SH|588220.SH,1.7462731062131174,0.809756851832685,ant,0
rolling_ant_colony,2024-01-01/2024-06-30,2024-07-01/2024-12-31,8,159687.SZ|159980.SZ|159981.SZ|159985.SZ|164824.SZ|510300.SH|512400.SH|513100.SH|513120.SH|513180.SH|513730.SH|518880.SH|563300.SH,0.89575536954112,0.763303340072328,ant,0
rolling_ant_colony,2024-01-01/2024-06-30,2024-07-01/2024-12-31,9,159529.SZ|159687.SZ|159865.SZ|159949.SZ|159981.SZ|159985.SZ|161226.SZ|501018.SH|513070.SH|513290.SH|513310.SH|513750.SH|516150.SH,0.7505952902314739,0.7694161263312431,ant,0
rolling_ant_colony,2024-01-01/2024-06-30,2024-07-01/2024-12-31,10,159766.SZ|159920.SZ|159980.SZ|161226.SZ|501018.SH|510880.SH|513030.SH|513120.SH|513290.SH|513310.SH|513730.SH|515220.SH|518880.SH,0.07466814663460587,0.8444124968971655,ant,0
rolling_ant_colony,2024-01-01/2024-06-30,2024-07-01/2024-12-31,11,159518.SZ|159687.SZ|159851.SZ|159980.SZ|159981.SZ|161226.SZ|164824.SZ|512980.SH|513100.SH|513120.SH|513750.SH|515880.SH|518880.SH,1.6094305958080255,0.8923811601593882,ant,0
rolling_ant_colony,2024-01-01/2024-06-30,2024-07-01/2024-12-31,12,159920.SZ|159980.SZ|159985.SZ|160644.SZ|161226.SZ|164824.SZ|512200.SH|513120.SH|513310.SH|513400.SH|515880.SH|518880.SH|562500.SH,1.250250731892932,0.809756851832685,ant,0
rolling_ant_colony,2024-01-01/2024-06-30,2024-07-01/2024-12-31,13,159518.SZ|159529.SZ|159980.SZ|161226.SZ|501018.SH|510210.SH|510880.SH|512660.SH|513120.SH|513180.SH|513310.SH|513880.SH|518880.SH,1.144776878530582,0.809756851832685,ant,0
rolling_ant_colony,2024-01-01/2024-06-30,2024-07-01/2024-12-31,14,159687.SZ|159980.SZ|159981.SZ|159985.SZ|510880.SH|512040.SH|513080.SH|513120.SH|513290.SH|513750.SH|513880.SH|515210.SH|518880.SH,0.04053193600985705,0.8203394005907334,ant,0
rolling_ant_colony,2024-01-01/2024-06-30,2024-07-01/2024-12-31,15,159529.SZ|159852.SZ|159901.SZ|159980.SZ|161226.SZ|501018.SH|513100.SH|513120.SH|513290.SH|513500.SH|513750.SH|516150.SH|518880.SH,1.8790359440029587,0.8284455626917091,ant,0
rolling_ant_colony,2024-01-01/2024-06-30,2024-07-01/2024-12-31,16,159901.SZ|159980.SZ|159981.SZ|501018.SH|510050.SH|513070.SH|513100.SH|513120.SH|513290.SH|513310.SH|513500.SH|515790.SH|518880.SH,1.4288040953936474,0.8284455626917091,ant,0
rolling_ant_colony,2024-01-01/2024-06-30,2024-07-01/2024-12-31,17,159509.SZ|159518.SZ|159967.SZ|159985.SZ|161226.SZ|501018.SH|512100.SH|512170.SH|513080.SH|513100.SH|513120.SH|513750.SH|518880.SH,3.2422272891566326,0.8174245780531227,ant,0
rolling_ant_colony,2024-01-01/2024-06-30,2024-07-01/2024-12-31,18,159852.SZ|159920.SZ|159980.SZ|159981.SZ|159985.SZ|164824.SZ|501018.SH|512660.SH|513030.SH|513730.SH|513750.SH|513880.SH|515220.SH,-0.17791863565091792,0.8926225266665948,ant,0
rolling_ant_colony,2024-01-01/2024-06-30,2024-07-01/2024-12-31,19,159687.SZ|159920.SZ|159980.SZ|159981.SZ|160644.SZ|161226.SZ|164824.SZ|501018.SH|512100.SH|512800.SH|513730.SH|513750.SH|515210.SH,2.1726618418229813,0.8926225266665948,ant,0
rolling_ant_colony,2024-01-01/2024-06-30,2024-07-01/2024-12-31,20,159509.SZ|159920.SZ|159980.SZ|159981.SZ|161226.SZ|512200.SH|512400.SH|512980.SH|513030.SH|513180.SH|513400.SH|513500.SH|518880.SH,1.5716656533772937,0.9194110626548546,ant,0
rolling_ant_colony,2024-01-01/2024-06-30,2024-07-01/2024-12-31,21,159529.SZ|159980.SZ|159985.SZ|160644.SZ|161226.SZ|510300.SH|512800.SH|513070.SH|513080.SH|513310.SH|513750.SH|516150.SH|518880.SH,1.211711226932647,0.809756851832685,ant,1
rolling_ant_colony,2024-01-01/2024-06-30,2024-07-01/2024-12-31,22,159509.SZ|159518.SZ|159980.SZ|159981.SZ|159985.SZ|501018.SH|510880.SH|513120.SH|513500.SH|513730.SH|513750.SH|515880.SH|588200.SH,1.5881312824674485,0.8006600975981333,ant,1
rolling_ant_colony,2024-01-01/2024-06-30,2024-07-01/2024-12-31,23,159852.SZ|159981.SZ|161226.SZ|501018.SH|510500.SH|513030.SH|513070.SH|513080.SH|513100.SH|513750.SH|513880.SH|515210.SH|518880.SH,0.5319598124012346,0.8794774846866373,ant,1
rolling_ant_colony,2024-01-01/2024-06-30,2024-07-01/2024-12-31,24,159518.SZ|159901.SZ|159980.SZ|159981.SZ|161226.SZ|512100.SH|512800.SH|513080.SH|513100.SH|513120.SH|513500.SH|513750.SH|518880.SH,2.2435293411346544,0.8284455626917091,ant,1
rolling_ant_colony,2024-01-01/2024-06-30,2024-07-01/2024-12-31,25,159518.SZ|159611.SZ|159687.SZ|159980.SZ|159985.SZ|161226.SZ|512880.SH|513070.SH|513120.SH|513730.SH|513880.SH|518880.SH|562500.SH,1.0384297544128938,0.8170712656203459,ant,1
rolling_ant_colony,2024-01-01/2024-06-30,2024-07-01/2024-12-31,26,159518.SZ|159529.SZ|159869.SZ|159870.SZ|159980.SZ|159985.SZ|161226.SZ|512800.SH|513070.SH|513120.SH|513400.SH|513880.SH|518880.SH,1.2762143333797829,0.809756851832685,ant,1
rolling_ant_colony,2024-01-01/2024-06-30,2024-07-01/2024-12-31,27,159687.SZ|159920.SZ|159980.SZ|159985.SZ|160644.SZ|161226.SZ|501018.SH|512100.SH|512880.SH|513080.SH|513500.SH|513750.SH|588000.SH,1.9010407173530277,0.8926225266665948,ant,1
rolling_ant_colony,2024-01-01/2024-06-30,2024-07-01/2024-12-31,28,159981.SZ|159985.SZ|161226.SZ|164824.SZ|512100.SH|512800.SH|513070.SH|513120.SH|513290.SH|513400.SH|513880.SH|515790.SH|518880.SH,2.2811089875958226,0.809756851832685,ant,1
rolling_ant_colony,2024-01-01/2024-06-30,2024-07-01/2024-12-31,29,159518.SZ|159687.SZ|159825.SZ|159901.SZ|159980.SZ|159981.SZ|161226.SZ|513100.SH|513120.SH|513500.SH|513750.SH|518880.SH|588200.SH,0.91461060229609,0.8284455626917091,ant,1
rolling_ant_colony,2024-01-01/2024-06-30,2024-07-01/2024-12-31,30,159509.SZ|159915.SZ|159920.SZ|159928.SZ|159981.SZ|161226.SZ|501018.SH|513100.SH|513120.SH|513290.SH|513880.SH|515220.SH|518880.SH,1.8473663067308652,0.8174245780531227,ant,1
rolling_ant_colony,2024-01-01/2024-06-30,2024-07-01/2024-12-31,31,159529.SZ|159766.SZ|159985.SZ|161226.SZ|164824.SZ|501018.SH|512980.SH|513100.SH|513120.SH|513180.SH|513730.SH|518880.SH|563300.SH,1.9151260147061977,0.809756851832685,ant,1
rolling_ant_colony,2024-01-01/2024-06-30,2024-07-01/2024-12-31,32,159529.SZ|159915.SZ|159980.SZ|161226.SZ|501018.SH|512800.SH|512890.SH|513080.SH|513100.SH|513180.SH|513290.SH|513750.SH|518880.SH,2.0807259235537496,0.809756851832685,ant,1
rolling_ant_colony,2024-01-01/2024-06-30,2024-07-01/2024-12-31,33,159796.SZ|159920.SZ|159980.SZ|159985.SZ|160644.SZ|164824.SZ|501018.SH|510300.SH|512880.SH|513290.SH|513500.SH|513750.SH|518880.SH,2.0592582208115187,0.8926225266665948,ant,1
rolling_ant_colony,2024-01-01/2024-06-30,2024-07-01/2024-12-31,34,159509.SZ|159687.SZ|159766.SZ|159920.SZ|159980.SZ|159985.SZ|160644.SZ|161226.SZ|501018.SH|513100.SH|513180.SH|516150.SH|588220.SH,2.382642345812977,0.9194110626548546,ant,1
rolling_ant_colony,2024-01-01/2024-06-30,2024-07-01/2024-12-31,35,159529.SZ|159852.SZ|159870.SZ|159967.SZ|159980.SZ|159981.SZ|501018.SH|513030.SH|513100.SH|513180.SH|513750.SH|513880.SH|518880.SH,0.7119243245831265,0.8400222824708488,ant,1
rolling_ant_colony,2024-01-01/2024-06-30,2024-07-01/2024-12-31,36,159509.SZ|159611.SZ|159967.SZ|159980.SZ|159985.SZ|161226.SZ|513070.SH|513100.SH|513120.SH|513290.SH|513730.SH|515220.SH|518880.SH,2.384764640389771,0.8174245780531227,ant,1
rolling_ant_colony,2024-01-01/2024-06-30,2024-07-01/2024-12-31,37,159509.SZ|159865.SZ|159981.SZ|159985.SZ|501018.SH|510880.SH|512980.SH|513100.SH|513180.SH|513500.SH|513730.SH|513750.SH|518880.SH,2.446989711532477,0.8284455626917091,ant,1
rolling_ant_colony,2024-01-01/2024-06-30,2024-07-01/2024-12-31,38,159509.SZ|159529.SZ|159766.SZ|159980.SZ|159981.SZ|161226.SZ|513080.SH|513180.SH|513310.SH|513750.SH|515220.SH|515880.SH|518880.SH,0.43979528969069576,0.809756851832685,ant,1
rolling_ant_colony,2024-01-01/2024-06-30,2024-07-01/2024-12-31,39,159518.SZ|159611.SZ|159980.SZ|161226.SZ|501018.SH|513080.SH|513100.SH|513120.SH|513180.SH|513500.SH|515880.SH|518880.SH|563300.SH,2.2029031292458323,0.8284455626917091,ant,1
rolling_ant_colony,2024-01-01/2024-06-30,2024-07-01/2024-12-31,40,159518.SZ|159796.SZ|159985.SZ|161226.SZ|501018.SH|512040.SH|513180.SH|513290.SH|513400.SH|513500.SH|513750.SH|515210.SH|518880.SH,1.6883007273002664,0.8203394005907334,ant,1
rolling_ant_colony,2024-01-01/2024-06-30,2024-07-01/2024-12-31,41,159509.SZ|159687.SZ|159949.SZ|159980.SZ|161226.SZ|501018.SH|510180.SH|513070.SH|513310.SH|513750.SH|513880.SH|515790.SH|518880.SH,2.1740108067594095,0.8181908283505608,ant,2
rolling_ant_colony,2024-01-01/2024-06-30,2024-07-01/2024-12-31,42,159518.SZ|159611.SZ|159870.SZ|159920.SZ|159949.SZ|159980.SZ|159981.SZ|159985.SZ|513100.SH|513290.SH|513310.SH|513750.SH|518880.SH,0.8487779344192183,0.8926225266665948,ant,2
rolling_ant_colony,2024-01-01/2024-06-30,2024-07-01/2024-12-31,43,159766.SZ|159920.SZ|159980.SZ|159985.SZ|161226.SZ|513080.SH|513290.SH|513500.SH|513750.SH|513880.SH|518880.SH|562500.SH|563300.SH,1.6630427692013796,0.8926225266665948,ant,2
rolling_ant_colony,2024-01-01/2024-06-30,2024-07-01/2024-12-31,44,159509.SZ|159980.SZ|161226.SZ|501018.SH|512800.SH|513070.SH|513100.SH|513310.SH|513750.SH|513880.SH|515790.SH|518880.SH|588220.SH,3.823174741502487,0.8174245780531227,ant,2
rolling_ant_colony,2024-01-01/2024-06-30,2024-07-01/2024-12-31,45,159509.SZ|159518.SZ|159967.SZ|159980.SZ|159985.SZ|164824.SZ|501018.SH|510180.SH|512800.SH|513180.SH|513500.SH|513750.SH|518880.SH,3.049044312903134,0.7985055969042496,ant,2
rolling_ant_colony,2024-01-01/2024-06-30,2024-07-01/2024-12-31,46,159509.SZ|159852.SZ|159920.SZ|159980.SZ|161226.SZ|501018.SH|512800.SH|513030.SH|513500.SH|513750.SH|513880.SH|518880.SH|588220.SH,3.3758926875540745,0.8926225266665948,ant,2
rolling_ant_colony,2024-01-01/2024-06-30,2024-07-01/2024-12-31,47,159509.SZ|159529.SZ|159825.SZ|159851.SZ|159985.SZ|161226.SZ|501018.SH|512980.SH|513180.SH|513290.SH|513500.SH|513750.SH|518880.SH,2.9709543997302985,0.8923811601593882,ant,2
rolling_ant_colony,2024-01-01/2024-06-30,2024-07-01/2024-12-31,48,159509.SZ|159825.SZ|159980.SZ|161226.SZ|501018.SH|510880.SH|513070.SH|513100.SH|513730.SH|513750.SH|513880.SH|518880.SH|588000.SH,2.4966849100839106,0.8174245780531227,ant,2
rolling_ant_colony,2024-01-01/2024-06-30,2024-07-01/2024-12-31,49,159509.SZ|159920.SZ|159980.SZ|161226.SZ|164824.SZ|501018.SH|512100.SH|513080.SH|513730.SH|513750.SH|515220.SH|516150.SH|518880.SH,1.3700794387047128,0.8926225266665948,ant,2
rolling_ant_colony,2024-01-01/2024-06-30,2024-07-01/2024-12-31,50,159509.SZ|159611.SZ|159980.SZ|159981.SZ|161226.SZ|164824.SZ|512980.SH|513080.SH|513120.SH|513180.SH|513730.SH|515790.SH|518880.SH,1.603175049680772,0.809756851832685,ant,2
rolling_ant_colony,2024-01-01/2024-06-30,2024-07-01/2024-12-31,51,159967.SZ|159985.SZ|161226.SZ|164824.SZ|501018.SH|512890.SH|513070.SH|513100.SH|513120.SH|513290.SH|513880.SH|515210.SH|518880.SH,2.5091511021592745,0.809756851832685,ant,2
rolling_ant_colony,2024-01-01/2024-06-30,2024-07-01/2024-12-31,52,159509.SZ|159852.SZ|159980.SZ|159981.SZ|159985.SZ|161226.SZ|510180.SH|512170.SH|513080.SH|513120.SH|513400.SH|513730.SH|513750.SH,0.776444708444449,0.7040385672491776,ant,2
rolling_ant_colony,2024-01-01/2024-06-30,2024-07-01/2024-12-31,53,159518.SZ|159865.SZ|159915.SZ|159920.SZ|159981.SZ|159985.SZ|164824.SZ|501018.SH|513030.SH|513120.SH|513730.SH|516150.SH|518880.SH,-0.46984904165227065,0.7250615512984933,ant,2
rolling_ant_colony,2024-01-01/2024-06-30,2024-07-01/2024-12-31,54,159509.SZ|159687.SZ|159865.SZ|159980.SZ|159981.SZ|161226.SZ|501018.SH|510180.SH|513030.SH|513070.SH|513730.SH|513750.SH|588220.SH,1.1290282304479358,0.7694161263312431,ant,2
rolling_ant_colony,2024-01-01/2024-06-30,2024-07-01/2024-12-31,55,159518.SZ|159687.SZ|159985.SZ|161226.SZ|501018.SH|510050.SH|510210.SH|512170.SH|513120.SH|513290.SH|513310.SH|513750.SH|518880.SH,2.077438982310238,0.8244624884107091,ant,2
rolling_ant_colony,2024-01-01/2024-06-30,2024-07-01/2024-12-31,56,159509.SZ|159869.SZ|159920.SZ|159980.SZ|159981.SZ|159985.SZ|160644.SZ|161226.SZ|512100.SH|512880.SH|513080.SH|513310.SH|513750.SH,0.17946723223392932,0.8926225266665948,ant,2
rolling_ant_colony,2024-01-01/2024-06-30,2024-07-01/2024-12-31,57,159509.SZ|159611.SZ|159980.SZ|159985.SZ|161226.SZ|501018.SH|510880.SH|513070.SH|513080.SH|513100.SH|513730.SH|513750.SH|516150.SH,1.9431700936934946,0.8174245780531227,ant,2
rolling_ant_colony,2024-01-01/2024-06-30,2024-07-01/2024-12-31,58,159509.SZ|159518.SZ|159851.SZ|159980.SZ|161226.SZ|501018.SH|512100.SH|513100.SH|513180.SH|513730.SH|513750.SH|518880.SH|588200.SH,1.8729426022377915,0.9169724669206432,ant,2
rolling_ant_colony,2024-01-01/2024-06-30,2024-07-01/2024-12-31,59,159980.SZ|159981.SZ|159985.SZ|160644.SZ|164824.SZ|501018.SH|512100.SH|513180.SH|513500.SH|513730.SH|513750.SH|515790.SH|515880.SH,0.5190339467146456,0.7985055969042496,ant,2
rolling_ant_colony,2024-01-01/2024-06-30,2024-07-01/2024-12-31,60,159980.SZ|160644.SZ|161226.SZ|501018.SH|510300.SH|513080.SH|513120.SH|513290.SH|513750.SH|513880.SH|515880.SH|518880.SH|588220.SH,1.087274762707418,0.809756851832685,ant,2
rolling_ant_colony,2024-01-01/2024-06-30,2024-07-01/2024-12-31,61,159518.SZ|159851.SZ|159967.SZ|159981.SZ|160644.SZ|161226.SZ|501018.SH|510300.SH|513100.SH|513180.SH|513730.SH|513750.SH|518880.SH,1.6892944842896143,0.809756851832685,ant,3
rolling_ant_colony,2024-01-01/2024-06-30,2024-07-01/2024-12-31,62,159611.SZ|159901.SZ|159980.SZ|159981.SZ|501018.SH|512800.SH|513030.SH|513080.SH|513100.SH|513180.SH|513750.SH|513880.SH|518880.SH,1.420958640256134,0.8794774846866373,ant,3
rolling_ant_colony,2024-01-01/2024-06-30,2024-07-01/2024-12-31,63,159509.SZ|159611.SZ|159980.SZ|161226.SZ|501018.SH|512800.SH|513080.SH|513120.SH|513290.SH|513500.SH|513750.SH|516150.SH|518880.SH,2.5396228725226893,0.809756851832685,ant,3
rolling_ant_colony,2024-01-01/2024-06-30,2024-07-01/2024-12-31,64,159949.SZ|159981.SZ|161226.SZ|501018.SH|513100.SH|513120.SH|513290.SH|513400.SH|513750.SH|513880.SH|518880.SH|563300.SH|588220.SH,0.1600440830080539,0.809756851832685,ant,3
rolling_ant_colony,2024-01-01/2024-06-30,2024-07-01/2024-12-31,65,159509.SZ|159967.SZ|159980.SZ|159985.SZ|160644.SZ|161226.SZ|501018.SH|512100.SH|513070.SH|513100.SH|513290.SH|513750.SH|515880.SH,2.603186051208993,0.9040103347669102,ant,3
rolling_ant_colony,2024-01-01/2024-06-30,2024-07-01/2024-12-31,66,159920.SZ|159980.SZ|159985.SZ|160644.SZ|501018.SH|512100.SH|512200.SH|513180.SH|513290.SH|513310.SH|513500.SH|515210.SH|518880.SH,1.8555243008080502,0.9194110626548546,ant,3
rolling_ant_colony,2024-01-01/2024-06-30,2024-07-01/2024-12-31,67,159509.SZ|159529.SZ|159920.SZ|159967.SZ|159981.SZ|159985.SZ|501018.SH|510880.SH|513100.SH|513180.SH|513500.SH|515790.SH|518880.SH,2.3817038855262997,0.9194110626548546,ant,3
rolling_ant_colony,2024-01-01/2024-06-30,2024-07-01/2024-12-31,68,159509.SZ|159518.SZ|159825.SZ|159949.SZ|159967.SZ|159980.SZ|159981.SZ|161226.SZ|501018.SH|513100.SH|513180.SH|513400.SH|513750.SH,1.758774305613287,0.9117974031991994,ant,3
rolling_ant_colony,2024-01-01/2024-06-30,2024-07-01/2024-12-31,69,159509.SZ|159518.SZ|159985.SZ|161226.SZ|501018.SH|512040.SH|512980.SH|513180.SH|513290.SH|513750.SH|513880.SH|515790.SH|518880.SH,2.4415325319698393,0.809756851832685,ant,3
rolling_ant_colony,2024-01-01/2024-06-30,2024-07-01/2024-12-31,70,159518.SZ|159928.SZ|159967.SZ|159980.SZ|159985.SZ|161226.SZ|501018.SH|512200.SH|513070.SH|513500.SH|513730.SH|513750.SH|513880.SH,2.4775119893173447,0.7694161263312431,ant,3
rolling_ant_colony,2024-01-01/2024-06-30,2024-07-01/2024-12-31,71,159509.SZ|159518.SZ|159611.SZ|159687.SZ|159920.SZ|159980.SZ|161226.SZ|501018.SH|512200.SH|513290.SH|513750.SH|516150.SH|518880.SH,1.5238531912581947,0.8926225266665948,ant,3
rolling_ant_colony,2024-01-01/2024-06-30,2024-07-01/2024-12-31,72,159509.SZ|159687.SZ|159796.SZ|159825.SZ|159920.SZ|159980.SZ|159981.SZ|159985.SZ|510500.SH|513100.SH|513180.SH|513500.SH|518880.SH,2.1098186726174624,0.9194110626548546,ant,3
rolling_ant_colony,2024-01-01/2024-06-30,2024-07-01/2024-12-31,73,159687.SZ|159920.SZ|159967.SZ|159980.SZ|161226.SZ|501018.SH|512040.SH|512880.SH|513100.SH|513290.SH|513310.SH|513750.SH|518880.SH,1.6374064654329366,0.8926225266665948,ant,3
rolling_ant_colony,2024-01-01/2024-06-30,2024-07-01/2024-12-31,74,159981.SZ|159985.SZ|164824.SZ|501018.SH|512200.SH|512800.SH|513100.SH|513180.SH|513290.SH|513500.SH|513750.SH|518880.SH|588220.SH,2.543513692751627,0.8284455626917091,ant,3
rolling_ant_colony,2024-01-01/2024-06-30,2024-07-01/2024-12-31,75,159509.SZ|159851.SZ|159980.SZ|159981.SZ|161226.SZ|512100.SH|513030.SH|513120.SH|513500.SH|513750.SH|513880.SH|516150.SH|518880.SH,1.312164528142912,0.9169724669206432,ant,3
rolling_ant_colony,2024-01-01/2024-06-30,2024-07-01/2024-12-31,76,159920.SZ|159980.SZ|161226.SZ|164824.SZ|501018.SH|510880.SH|512400.SH|513100.SH|513310.SH|513750.SH|513880.SH|518880.SH|588220.SH,1.9615913588703193,0.8926225266665948,ant,3
rolling_ant_colony,2024-01-01/2024-06-30,2024-07-01/2024-12-31,77,159509.SZ|159865.SZ|159920.SZ|159985.SZ|161226.SZ|164824.SZ|501018.SH|512800.SH|513100.SH|513180.SH|513500.SH|515220.SH|518880.SH,3.417576789861505,0.9194110626548546,ant,3
rolling_ant_colony,2024-01-01/2024-06-30,2024-07-01/2024-12-31,78,159509.SZ|159981.SZ|159985.SZ|164824.SZ|501018.SH|510500.SH|512100.SH|513120.SH|513290.SH|513500.SH|513750.SH|515790.SH|518880.SH,1.621185409083645,0.9157665419928737,ant,3
rolling_ant_colony,2024-01-01/2024-06-30,2024-07-01/2024-12-31,79,159509.SZ|159518.SZ|159869.SZ|159981.SZ|159985.SZ|161226.SZ|501018.SH|510180.SH|513180.SH|513290.SH|513750.SH|513880.SH|588220.SH,2.0555565764132075,0.7985055969042496,ant,3
rolling_ant_colony,2024-01-01/2024-06-30,2024-07-01/2024-12-31,80,159509.SZ|159851.SZ|159980.SZ|160644.SZ|161226.SZ|501018.SH|512800.SH|513070.SH|513500.SH|513730.SH|513750.SH|518880.SH|563300.SH,3.5314834013222476,0.8658408941068982,ant,3
rolling_ant_colony,2024-01-01/2024-06-30,2024-07-01/2024-12-31,81,159518.SZ|159865.SZ|159980.SZ|159985.SZ|160644.SZ|161226.SZ|501018.SH|510180.SH|510880.SH|513070.SH|513290.SH|513500.SH|513750.SH,1.3391125719294938,0.7694161263312431,ant,4
rolling_ant_colony,2024-01-01/2024-06-30,2024-07-01/2024-12-31,82,159870.SZ|159967.SZ|159981.SZ|160644.SZ|161226.SZ|501018.SH|512200.SH|513070.SH|513310.SH|513500.SH|513730.SH|513750.SH|518880.SH,1.6306837982696096,0.809756851832685,ant,4
rolling_ant_colony,2024-01-01/2024-06-30,2024-07-01/2024-12-31,83,159509.SZ|159518.SZ|159529.SZ|159870.SZ|159967.SZ|159980.SZ|159985.SZ|161226.SZ|501018.SH|512800.SH|513180.SH|513500.SH|513750.SH,3.261956462540846,0.7985055969042496,ant,4
rolling_ant_colony,2024-01-01/2024-06-30,2024-07-01/2024-12-31,84,159518.SZ|159851.SZ|159915.SZ|159985.SZ|161226.SZ|501018.SH|512040.SH|513100.SH|513120.SH|513290.SH|513500.SH|513750.SH|518880.SH,2.6685402683518693,0.8284455626917091,ant,4
rolling_ant_colony,2024-01-01/2024-06-30,2024-07-01/2024-12-31,85,159509.SZ|159967.SZ|159980.SZ|159985.SZ|161226.SZ|512100.SH|512800.SH|513080.SH|513100.SH|513180.SH|513500.SH|513750.SH|518880.SH,3.7472683821918418,0.8284455626917091,ant,4
rolling_ant_colony,2024-01-01/2024-06-30,2024-07-01/2024-12-31,86,159509.SZ|159901.SZ|159980.SZ|159981.SZ|160644.SZ|501018.SH|512100.SH|512170.SH|513120.SH|513290.SH|513750.SH|513880.SH|518880.SH,1.5606768214863158,0.7782058688102909,ant,4
rolling_ant_colony,2024-01-01/2024-06-30,2024-07-01/2024-12-31,87,159852.SZ|159981.SZ|159985.SZ|164824.SZ|501018.SH|513120.SH|513290.SH|513500.SH|513750.SH|513880.SH|515790.SH|518880.SH|588220.SH,1.2036859647941296,0.8612733265844393,ant,4
rolling_ant_colony,2024-01-01/2024-06-30,2024-07-01/2024-12-31,88,159509.SZ|159611.SZ|159967.SZ|159980.SZ|159981.SZ|159985.SZ|161226.SZ|164824.SZ|510500.SH|513070.SH|513100.SH|513500.SH|513750.SH,1.9110615609717827,0.8284455626917091,ant,4
rolling_ant_colony,2024-01-01/2024-06-30,2024-07-01/2024-12-31,89,159509.SZ|159687.SZ|159915.SZ|159980.SZ|159981.SZ|161226.SZ|501018.SH|512800.SH|513180.SH|513310.SH|513730.SH|513750.SH|515880.SH,3.2408191952446055,0.7985055969042496,ant,4
rolling_ant_colony,2024-01-01/2024-06-30,2024-07-01/2024-12-31,90,159509.SZ|159980.SZ|159985.SZ|161226.SZ|501018.SH|510210.SH|510300.SH|512800.SH|513100.SH|513180.SH|513730.SH|513750.SH|513880.SH,4.61083854843462,0.8868076120943026,ant,4
rolling_ant_colony,2024-01-01/2024-06-30,2024-07-01/2024-12-31,91,159509.SZ|159920.SZ|159980.SZ|159981.SZ|159985.SZ|164824.SZ|501018.SH|512200.SH|513730.SH|513750.SH|513880.SH|563300.SH|588000.SH,1.5342897033611043,0.8926225266665948,ant,4
rolling_ant_colony,2024-01-01/2024-06-30,2024-07-01/2024-12-31,92,159509.SZ|159687.SZ|159766.SZ|159851.SZ|159949.SZ|159980.SZ|159985.SZ|161226.SZ|164824.SZ|501018.SH|513070.SH|513500.SH|513750.SH,2.90273733444997,0.7694161263312431,ant,4
rolling_ant_colony,2024-01-01/2024-06-30,2024-07-01/2024-12-31,93,159509.SZ|159980.SZ|159981.SZ|161226.SZ|501018.SH|513100.SH|513180.SH|513290.SH|513730.SH|513750.SH|515220.SH|515790.SH|516150.SH,1.5533590856245918,0.8174245780531227,ant,4
rolling_ant_colony,2024-01-01/2024-06-30,2024-07-01/2024-12-31,94,159865.SZ|159980.SZ|159981.SZ|160644.SZ|161226.SZ|501018.SH|512100.SH|512800.SH|513080.SH|513100.SH|513120.SH|513500.SH|513750.SH,3.406690084700277,0.8284455626917091,ant,4
rolling_ant_colony,2024-01-01/2024-06-30,2024-07-01/2024-12-31,95,159518.SZ|159796.SZ|159901.SZ|159981.SZ|159985.SZ|161226.SZ|164824.SZ|501018.SH|512800.SH|513180.SH|513500.SH|513730.SH|513750.SH,2.2124294638867212,0.8354662566121864,ant,4
rolling_ant_colony,2024-01-01/2024-06-30,2024-07-01/2024-12-31,96,159825.SZ|159851.SZ|159980.SZ|159981.SZ|159985.SZ|160644.SZ|161226.SZ|164824.SZ|512980.SH|513030.SH|513070.SH|513750.SH|513880.SH,0.9527351742158421,0.8923811601593882,ant,4
rolling_ant_colony,2024-01-01/2024-06-30,2024-07-01/2024-12-31,97,159980.SZ|159985.SZ|161226.SZ|510210.SH|512100.SH|513100.SH|513180.SH|513290.SH|513500.SH|513750.SH|513880.SH|515790.SH|518880.SH,1.9493764335608732,0.8506100887121022,ant,4
rolling_ant_colony,2024-01-01/2024-06-30,2024-07-01/2024-12-31,98,159509.SZ|159529.SZ|159967.SZ|159980.SZ|161226.SZ|164824.SZ|501018.SH|510500.SH|513120.SH|513500.SH|513750.SH|518880.SH|588000.SH,2.495190772827813,0.898174323683349,ant,4
rolling_ant_colony,2024-01-01/2024-06-30,2024-07-01/2024-12-31,99,159509.SZ|159611.SZ|159981.SZ|159985.SZ|164824.SZ|501018.SH|510500.SH|512100.SH|513080.SH|513180.SH|513290.SH|513750.SH|518880.SH,1.6563552252575293,0.9157665419928737,ant,4
rolling_ant_colony,2024-01-01/2024-06-30,2024-07-01/2024-12-31,100,159509.SZ|159825.SZ|159985.SZ|160644.SZ|161226.SZ|501018.SH|513100.SH|513180.SH|513750.SH|513880.SH|518880.SH|588200.SH|588220.SH,2.5582313553825027,0.8676890084362138,ant,4
rolling_ant_colony,2024-07-01/2024-12-31,2025-01-01/2025-06-30,1,159329.SZ|159529.SZ|159687.SZ|159870.SZ|159981.SZ|159985.SZ|161226.SZ|512660.SH|513120.SH|513180.SH|513730.SH|515220.SH|518880.SH,-0.0697506859770947,0.781078061256192,ant,0
rolling_ant_colony,2024-07-01/2024-12-31,2025-01-01/2025-06-30,2,159509.SZ|159529.SZ|159981.SZ|160644.SZ|161226.SZ|501018.SH|512200.SH|512660.SH|512980.SH|513120.SH|513180.SH|513730.SH|518880.SH,0.5843151000907872,0.7855633203173891,ant,0
rolling_ant_colony,2024-07-01/2024-12-31,2025-01-01/2025-06-30,3,159611.SZ|159920.SZ|159980.SZ|160644.SZ|161226.SZ|501018.SH|510210.SH|513030.SH|513080.SH|513120.SH|513880.SH|518880.SH|588200.SH,-0.7571448376984347,0.9050122424256786,ant,0
rolling_ant_colony,2024-07-01/2024-12-31,2025-01-01/2025-06-30,4,159509.SZ|159529.SZ|159915.SZ|159920.SZ|159980.SZ|161226.SZ|501018.SH|512170.SH|513080.SH|513120.SH|513500.SH|515220.SH|518880.SH,0.15089651784136204,0.8895541084924888,ant,0
rolling_ant_colony,2024-07-01/2024-12-31,2025-01-01/2025-06-30,5,159518.SZ|159865.SZ|159928.SZ|159981.SZ|159985.SZ|161226.SZ|501018.SH|513100.SH|513120.SH|513500.SH|513750.SH|513880.SH|515790.SH,-0.492728481342867,0.9065986069931544,ant,0
rolling_ant_colony,2024-07-01/2024-12-31,2025-01-01/2025-06-30,6,159509.SZ|159865.SZ|159869.SZ|159870.SZ|159980.SZ|159985.SZ|160644.SZ|161226.SZ|513120.SH|513180.SH|513500.SH|513880.SH|518880.SH,-0.5790483527311209,0.8595913101513809,ant,0
rolling_ant_colony,2024-07-01/2024-12-31,2025-01-01/2025-06-30,7,159518.SZ|159869.SZ|159949.SZ|159980.SZ|159981.SZ|160644.SZ|161226.SZ|513070.SH|513120.SH|513400.SH|513730.SH|515220.SH|518880.SH,0.2520939212011946,0.7703390842413431,ant,0
rolling_ant_colony,2024-07-01/2024-12-31,2025-01-01/2025-06-30,8,159518.SZ|159687.SZ|159920.SZ|159981.SZ|159985.SZ|501018.SH|510050.SH|512040.SH|513120.SH|513400.SH|513730.SH|515220.SH|518880.SH,-0.3324248255110128,0.8917169256490942,ant,0
rolling_ant_colony,2024-07-01/2024-12-31,2025-01-01/2025-06-30,9,159518.SZ|159529.SZ|159980.SZ|159981.SZ|159985.SZ|160644.SZ|501018.SH|512100.SH|513120.SH|513180.SH|513400.SH|516150.SH|588200.SH,0.43109004053012,0.8019146475104755,ant,0
rolling_ant_colony,2024-07-01/2024-12-31,2025-01-01/2025-06-30,10,159518.SZ|159529.SZ|159796.SZ|159920.SZ|159980.SZ|161226.SZ|164824.SZ|501018.SH|513400.SH|513750.SH|515210.SH|515790.SH|518880.SH,-0.35686678464576965,0.904348770174615,ant,0
rolling_ant_colony,2024-07-01/2024-12-31,2025-01-01/2025-06-30,11,159509.SZ|159529.SZ|159980.SZ|159981.SZ|161226.SZ|164824.SZ|501018.SH|512400.SH|512980.SH|513180.SH|513290.SH|513750.SH|516150.SH,0.7467266581193636,0.8861226651551434,ant,0
rolling_ant_colony,2024-07-01/2024-12-31,2025-01-01/2025-06-30,12,159980.SZ|159981.SZ|159985.SZ|510300.SH|513070.SH|513080.SH|513310.SH|513400.SH|513500.SH|513750.SH|515210.SH|518880.SH|588220.SH,0.2554106522692644,0.8443920612889306,ant,0
rolling_ant_colony,2024-07-01/2024-12-31,2025-01-01/2025-06-30,13,159509.SZ|159687.SZ|159766.SZ|159980.SZ|159981.SZ|501018.SH|512040.SH|512200.SH|513070.SH|513290.SH|513750.SH|513880.SH|518880.SH,0.47634868228824456,0.8406231432114443,ant,0
rolling_ant_colony,2024-07-01/2024-12-31,2025-01-01/2025-06-30,14,159529.SZ|159852.SZ|159980.SZ|159981.SZ|161226.SZ|164824.SZ|501018.SH|510050.SH|513100.SH|513120.SH|513290.SH|513750.SH|515880.SH,1.587241458971623,0.7579535481871515,ant,0
rolling_ant_colony,2024-07-01/2024-12-31,2025-01-01/2025-06-30,15,159329.SZ|159611.SZ|159687.SZ|159967.SZ|159980.SZ|159981.SZ|161226.SZ|510500.SH|513030.SH|513180.SH|513500.SH|513750.SH|518880.SH,-0.8527634866954806,0.8861226651551434,ant,0
rolling_ant_colony,2024-07-01/2024-12-31,2025-01-01/2025-06-30,16,159329.SZ|159687.SZ|159766.SZ|159870.SZ|159981.SZ|159985.SZ|161226.SZ|501018.SH|512880.SH|513120.SH|513500.SH|513730.SH|513750.SH,1.2121551496309035,0.8252250484217049,ant,0
rolling_ant_colony,2024-07-01/2024-12-31,2025-01-01/2025-06-30,17,159920.SZ|159981.SZ|161226.SZ|501018.SH|512100.SH|513030.SH|513080.SH|513290.SH|513750.SH|513880.SH|518880.SH|562500.SH|588220.SH,0.00608261165072178,0.9060446296384473,ant,0
rolling_ant_colony,2024-07-01/2024-12-31,2025-01-01/2025-06-30,18,159509.SZ|159529.SZ|159901.SZ|159980.SZ|159981.SZ|161226.SZ|513100.SH|513120.SH|513180.SH|513500.SH|515790.SH|518880.SH|588200.SH,0.1130575896174229,0.9103349868626713,ant,0
rolling_ant_colony,2024-07-01/2024-12-31,2025-01-01/2025-06-30,19,159529.SZ|159766.SZ|159796.SZ|159981.SZ|159985.SZ|161226.SZ|512660.SH|513080.SH|513100.SH|513180.SH|513400.SH|513750.SH|518880.SH,-0.2341584623233935,0.8861226651551434,ant,0
rolling_ant_colony,2024-07-01/2024-12-31,2025-01-01/2025-06-30,20,159509.SZ|159980.SZ|159981.SZ|161226.SZ|501018.SH|512800.SH|513030.SH|513070.SH|513080.SH|513100.SH|513120.SH|516150.SH|563300.SH,-0.4437317337470112,0.9103349868626713,ant,0
rolling_ant_colony,2024-07-01/2024-12-31,2025-01-01/2025-06-30,21,159509.SZ|159928.SZ|159985.SZ|161226.SZ|501018.SH|510210.SH|512200.SH|513100.SH|513180.SH|513500.SH|513730.SH|513750.SH|518880.SH,0.3346276557994189,0.9103349868626713,ant,1
rolling_ant_colony,2024-07-01/2024-12-31,2025-01-01/2025-06-30,22,159509.SZ|159529.SZ|159611.SZ|159980.SZ|159981.SZ|501018.SH|510050.SH|510210.SH|513070.SH|513400.SH|513730.SH|513750.SH|518880.SH,1.107940539617321,0.8937313353094611,ant,1
rolling_ant_colony,2024-07-01/2024-12-31,2025-01-01/2025-06-30,23,159509.SZ|159529.SZ|159611.SZ|159766.SZ|159852.SZ|159981.SZ|161226.SZ|501018.SH|513080.SH|513180.SH|513290.SH|513750.SH|518880.SH,0.442513623284083,0.8861226651551434,ant,1
rolling_ant_colony,2024-07-01/2024-12-31,2025-01-01/2025-06-30,24,159329.SZ|159980.SZ|159981.SZ|161226.SZ|164824.SZ|501018.SH|510180.SH|512200.SH|513070.SH|513080.SH|513120.SH|513880.SH|562500.SH,-0.38915605990075613,0.7524634248673596,ant,1
rolling_ant_colony,2024-07-01/2024-12-31,2025-01-01/2025-06-30,25,159687.SZ|159766.SZ|159981.SZ|161226.SZ|164824.SZ|501018.SH|512100.SH|512980.SH|513120.SH|513290.SH|513500.SH|513750.SH|518880.SH,0.06969513307275263,0.8747723536343764,ant,1
rolling_ant_colony,2024-07-01/2024-12-31,2025-01-01/2025-06-30,26,159509.SZ|159518.SZ|159529.SZ|159870.SZ|159980.SZ|159981.SZ|161226.SZ|501018.SH|512880.SH|512890.SH|513070.SH|513500.SH|513750.SH,1.0699626910741151,0.8406231432114443,ant,1
rolling_ant_colony,2024-07-01/2024-12-31,2025-01-01/2025-06-30,27,159329.SZ|159509.SZ|159949.SZ|159981.SZ|161226.SZ|501018.SH|512980.SH|513180.SH|513290.SH|513310.SH|513750.SH|516150.SH|518880.SH,0.043371215679563487,0.8861226651551434,ant,1
rolling_ant_colony,2024-07-01/2024-12-31,2025-01-01/2025-06-30,28,159518.SZ|159687.SZ|159766.SZ|159852.SZ|159920.SZ|159980.SZ|159981.SZ|159985.SZ|164824.SZ|501018.SH|512880.SH|513100.SH|513120.SH,0.6421691564120062,0.7837149643736099,ant,1
rolling_ant_colony,2024-07-01/2024-12-31,2025-01-01/2025-06-30,29,159329.SZ|159980.SZ|161226.SZ|501018.SH|510050.SH|512200.SH|512660.SH|513100.SH|513180.SH|513400.SH|513500.SH|513750.SH|518880.SH,0.624962804269299,0.8861226651551434,ant,1
rolling_ant_colony,2024-07-01/2024-12-31,2025-01-01/2025-06-30,30,159329.SZ|159687.SZ|159852.SZ|159981.SZ|161226.SZ|501018.SH|512200.SH|513180.SH|513290.SH|513730.SH|513750.SH|515880.SH|518880.SH,1.054523532399571,0.8861226651551434,ant,1
rolling_ant_colony,2024-07-01/2024-12-31,2025-01-01/2025-06-30,31,159509.SZ|159529.SZ|159980.SZ|159985.SZ|160644.SZ|161226.SZ|501018.SH|512040.SH|512880.SH|513070.SH|513310.SH|513750.SH|563300.SH,0.5115296376991952,0.8406231432114443,ant,1
rolling_ant_colony,2024-07-01/2024-12-31,2025-01-01/2025-06-30,32,159329.SZ|159509.SZ|159796.SZ|159949.SZ|159981.SZ|159985.SZ|161226.SZ|501018.SH|512660.SH|513120.SH|513290.SH|513500.SH|513750.SH,0.5994501307791621,0.8778177607813756,ant,1
rolling_ant_colony,2024-07-01/2024-12-31,2025-01-01/2025-06-30,33,159509.SZ|159687.SZ|159981.SZ|159985.SZ|161226.SZ|501018.SH|512040.SH|513070.SH|513120.SH|513290.SH|513500.SH|516150.SH|563300.SH,-0.029262996957791096,0.8042605341192945,ant,1
rolling_ant_colony,2024-07-01/2024-12-31,2025-01-01/2025-06-30,34,159509.SZ|159529.SZ|159687.SZ|159980.SZ|159981.SZ|159985.SZ|161226.SZ|164824.SZ|510880.SH|513070.SH|513750.SH|515790.SH|515880.SH,0.5245826493057232,0.8406231432114443,ant,1
rolling_ant_colony,2024-07-01/2024-12-31,2025-01-01/2025-06-30,35,159509.SZ|159518.SZ|159980.SZ|159981.SZ|161226.SZ|501018.SH|510180.SH|513030.SH|513070.SH|513120.SH|513500.SH|515880.SH|563300.SH,-0.32368933195658767,0.8042605341192945,ant,1
rolling_ant_colony,2024-07-01/2024-12-31,2025-01-01/2025-06-30,36,159529.SZ|159967.SZ|159980.SZ|159985.SZ|161226.SZ|164824.SZ|512100.SH|512660.SH|513100.SH|513120.SH|513180.SH|513290.SH|518880.SH,0.4776027683348909,0.8690923800017913,ant,1
rolling_ant_colony,2024-07-01/2024-12-31,2025-01-01/2025-06-30,37,159329.SZ|159509.SZ|159687.SZ|159766.SZ|159981.SZ|159985.SZ|161226.SZ|501018.SH|512400.SH|513180.SH|513290.SH|513750.SH|588200.SH,-0.1236312233440357,0.8861226651551434,ant,1
rolling_ant_colony,2024-07-01/2024-12-31,2025-01-01/2025-06-30,38,159518.SZ|159529.SZ|159611.SZ|159980.SZ|159981.SZ|159985.SZ|501018.SH|512980.SH|513100.SH|513120.SH|513730.SH|513750.SH|515880.SH,0.4657832934820792,0.7579535481871515,ant,1
rolling_ant_colony,2024-07-01/2024-12-31,2025-01-01/2025-06-30,39,159329.SZ|159509.SZ|159687.SZ|159915.SZ|159985.SZ|161226.SZ|501018.SH|510300.SH|513120.SH|513400.SH|513750.SH|515880.SH|518880.SH,0.4963745015740393,0.8995131352729698,ant,1
rolling_ant_colony,2024-07-01/2024-12-31,2025-01-01/2025-06-30,40,159509.SZ|159766.SZ|159920.SZ|159981.SZ|161226.SZ|501018.SH|512200.SH|513100.SH|513290.SH|513310.SH|513750.SH|516150.SH|518880.SH,-0.017422270538254615,0.9103349868626713,ant,1
rolling_ant_colony,2024-07-01/2024-12-31,2025-01-01/2025-06-30,41,159518.SZ|159611.SZ|159980.SZ|159981.SZ|161226.SZ|501018.SH|512040.SH|513070.SH|513100.SH|513120.SH|513290.SH|513400.SH|588000.SH,0.11068446412371491,0.7348062857444708,ant,2
rolling_ant_colony,2024-07-01/2024-12-31,2025-01-01/2025-06-30,42,159329.SZ|159529.SZ|159981.SZ|159985.SZ|501018.SH|512170.SH|512660.SH|513120.SH|513400.SH|513730.SH|513750.SH|515880.SH|518880.SH,1.3339182811590815,0.7902340438075824,ant,2
rolling_ant_colony,2024-07-01/2024-12-31,2025-01-01/2025-06-30,43,159329.SZ|159687.SZ|159870.SZ|159981.SZ|159985.SZ|161226.SZ|501018.SH|512170.SH|513120.SH|513290.SH|513400.SH|513750.SH|588200.SH,0.3670457746134423,0.8658913733368083,ant,2
rolling_ant_colony,2024-07-01/2024-12-31,2025-01-01/2025-06-30,44,159509.SZ|159518.SZ|159920.SZ|159980.SZ|159985.SZ|501018.SH|512980.SH|513290.SH|513310.SH|513750.SH|515880.SH|518880.SH|588000.SH,-0.45389365840774987,0.8958197259318315,ant,2
rolling_ant_colony,2024-07-01/2024-12-31,2025-01-01/2025-06-30,45,159329.SZ|159509.SZ|159529.SZ|159766.SZ|159981.SZ|159985.SZ|161226.SZ|501018.SH|513100.SH|513120.SH|513180.SH|515880.SH|588000.SH,0.48509443705637517,0.9103349868626713,ant,2
rolling_ant_colony,2024-07-01/2024-12-31,2025-01-01/2025-06-30,46,159329.SZ|159509.SZ|159870.SZ|159901.SZ|159980.SZ|159981.SZ|161226.SZ|501018.SH|513120.SH|513290.SH|513730.SH|513750.SH|515880.SH,0.6535414759416569,0.9041988391426051,ant,2
rolling_ant_colony,2024-07-01/2024-12-31,2025-01-01/2025-06-30,47,159509.SZ|159518.SZ|159611.SZ|159687.SZ|159980.SZ|159981.SZ|161226.SZ|501018.SH|510050.SH|512200.SH|513120.SH|513180.SH|513500.SH,-0.24368468741402224,0.8042605341192945,ant,2
rolling_ant_colony,2024-07-01/2024-12-31,2025-01-01/2025-06-30,48,159329.SZ|159509.SZ|159687.SZ|159766.SZ|159870.SZ|159920.SZ|159980.SZ|159981.SZ|161226.SZ|164824.SZ|513750.SH|516150.SH|518880.SH,-0.9655150133167758,0.8958197259318315,ant,2
rolling_ant_colony,2024-07-01/2024-12-31,2025-01-01/2025-06-30,49,159518.SZ|159980.SZ|161226.SZ|164824.SZ|501018.SH|512100.SH|512890.SH|513070.SH|513290.SH|513500.SH|513750.SH|518880.SH|588200.SH,-0.22336471732673716,0.8406231432114443,ant,2
rolling_ant_colony,2024-07-01/2024-12-31,2025-01-01/2025-06-30,50,159509.SZ|159611.SZ|159852.SZ|159981.SZ|161226.SZ|501018.SH|510050.SH|513120.SH|513400.SH|513500.SH|513730.SH|513750.SH|518880.SH,1.2506979564878102,0.8042605341192945,ant,2
rolling_ant_colony,2024-07-01/2024-12-31,2025-01-01/2025-06-30,51,159509.SZ|159529.SZ|159980.SZ|159981.SZ|161226.SZ|510880.SH|513180.SH|513290.SH|513400.SH|513750.SH|515210.SH|518880.SH|588200.SH,1.1947808731034748,0.8861226651551434,ant,2
rolling_ant_colony,2024-07-01/2024-12-31,2025-01-01/2025-06-30,52,159329.SZ|159529.SZ|159980.SZ|159985.SZ|161226.SZ|512200.SH|513070.SH|513290.SH|513400.SH|513750.SH|515880.SH|518880.SH|588220.SH,0.5513823388028976,0.8406231432114443,ant,2
rolling_ant_colony,2024-07-01/2024-12-31,2025-01-01/2025-06-30,53,159518.SZ|159980.SZ|159981.SZ|161226.SZ|501018.SH|512890.SH|512980.SH|513080.SH|513120.SH|513290.SH|513500.SH|513750.SH|515880.SH,0.245387905798319,0.7579535481871515,ant,2
rolling_ant_colony,2024-07-01/2024-12-31,2025-01-01/2025-06-30,54,159329.SZ|159509.SZ|159529.SZ|159870.SZ|159980.SZ|159981.SZ|161226.SZ|512880.SH|513120.SH|513500.SH|513750.SH|515880.SH|518880.SH,0.3962945714215364,0.8042605341192945,ant,2
rolling_ant_colony,2024-07-01/2024-12-31,2025-01-01/2025-06-30,55,159329.SZ|159980.SZ|159981.SZ|161226.SZ|501018.SH|510050.SH|510880.SH|512880.SH|513030.SH|513100.SH|513120.SH|513730.SH|513750.SH,1.377130481156698,0.8362252375143582,ant,2
rolling_ant_colony,2024-07-01/2024-12-31,2025-01-01/2025-06-30,56,159509.SZ|159529.SZ|159687.SZ|159766.SZ|159980.SZ|159981.SZ|161226.SZ|510210.SH|512200.SH|513080.SH|513120.SH|513180.SH|518880.SH,0.17271267475126148,0.8138100763747664,ant,2
rolling_ant_colony,2024-07-01/2024-12-31,2025-01-01/2025-06-30,57,159329.SZ|159509.SZ|159529.SZ|159865.SZ|159901.SZ|159980.SZ|159981.SZ|501018.SH|510050.SH|513100.SH|513120.SH|513750.SH|518880.SH,1.0348746072212232,0.9103349868626713,ant,2
rolling_ant_colony,2024-07-01/2024-12-31,2025-01-01/2025-06-30,58,159509.SZ|159687.SZ|159766.SZ|159870.SZ|159949.SZ|159980.SZ|159981.SZ|161226.SZ|501018.SH|513070.SH|513400.SH|513500.SH|513750.SH,0.44002353414993733,0.8447531318822762,ant,2
rolling_ant_colony,2024-07-01/2024-12-31,2025-01-01/2025-06-30,59,159529.SZ|159687.SZ|159980.SZ|159981.SZ|501018.SH|510050.SH|510880.SH|512880.SH|513180.SH|513290.SH|513730.SH|513750.SH|518880.SH,2.198891049996176,0.8861226651551434,ant,2
rolling_ant_colony,2024-07-01/2024-12-31,2025-01-01/2025-06-30,60,159518.SZ|159529.SZ|159766.SZ|159980.SZ|159981.SZ|159985.SZ|161226.SZ|512880.SH|513120.SH|513290.SH|513400.SH|513750.SH|515880.SH,1.329717798630516,0.7579535481871515,ant,2
rolling_ant_colony,2024-07-01/2024-12-31,2025-01-01/2025-06-30,61,159329.SZ|159518.SZ|159529.SZ|159852.SZ|159901.SZ|159980.SZ|159981.SZ|501018.SH|512890.SH|513070.SH|513100.SH|513750.SH|518880.SH,0.7875047893610303,0.8406231432114443,ant,3
rolling_ant_colony,2024-07-01/2024-12-31,2025-01-01/2025-06-30,62,159529.SZ|159981.SZ|161226.SZ|501018.SH|510210.SH|512660.SH|512880.SH|513080.SH|513120.SH|513310.SH|513500.SH|513750.SH|518880.SH,0.5406466299244258,0.7983617958655785,ant,3
rolling_ant_colony,2024-07-01/2024-12-31,2025-01-01/2025-06-30,63,159766.SZ|159980.SZ|159981.SZ|164824.SZ|501018.SH|512200.SH|513080.SH|513180.SH|513290.SH|513730.SH|513750.SH|515880.SH|518880.SH,1.0353772822689697,0.8861226651551434,ant,3
rolling_ant_colony,2024-07-01/2024-12-31,2025-01-01/2025-06-30,64,159518.SZ|159529.SZ|159980.SZ|159981.SZ|160644.SZ|501018.SH|512040.SH|512880.SH|513180.SH|513500.SH|513750.SH|515210.SH|518880.SH,0.7428130863251157,0.8861226651551434,ant,3
rolling_ant_colony,2024-07-01/2024-12-31,2025-01-01/2025-06-30,65,159509.SZ|159529.SZ|159870.SZ|159980.SZ|159981.SZ|161226.SZ|501018.SH|512660.SH|512880.SH|513070.SH|513290.SH|513400.SH|513750.SH,1.4204026180029945,0.8406231432114443,ant,3
rolling_ant_colony,2024-07-01/2024-12-31,2025-01-01/2025-06-30,66,159509.SZ|159529.SZ|159928.SZ|159980.SZ|159981.SZ|501018.SH|512880.SH|513180.SH|513290.SH|513730.SH|513750.SH|515880.SH|518880.SH,1.4247892439594847,0.8861226651551434,ant,3
rolling_ant_colony,2024-07-01/2024-12-31,2025-01-01/2025-06-30,67,159509.SZ|159687.SZ|159928.SZ|159981.SZ|161226.SZ|501018.SH|512040.SH|512400.SH|513120.SH|513290.SH|513730.SH|513750.SH|518880.SH,0.5539447609248425,0.8718566993306884,ant,3
rolling_ant_colony,2024-07-01/2024-12-31,2025-01-01/2025-06-30,68,159509.SZ|159687.SZ|159967.SZ|159981.SZ|159985.SZ|161226.SZ|501018.SH|512890.SH|513120.SH|513180.SH|513400.SH|513730.SH|515880.SH,1.008473470880647,0.8769205438302886,ant,3
rolling_ant_colony,2024-07-01/2024-12-31,2025-01-01/2025-06-30,69,159980.SZ|159981.SZ|164824.SZ|501018.SH|510050.SH|510880.SH|512980.SH|513120.SH|513180.SH|513290.SH|513400.SH|513500.SH|518880.SH,1.050356568136064,0.8362252375143582,ant,3
rolling_ant_colony,2024-07-01/2024-12-31,2025-01-01/2025-06-30,70,159611.SZ|159980.SZ|159981.SZ|161226.SZ|164824.SZ|510050.SH|510880.SH|513120.SH|513290.SH|513500.SH|513730.SH|513750.SH|518880.SH,0.33061641538810227,0.8362252375143582,ant,3
rolling_ant_colony,2024-07-01/2024-12-31,2025-01-01/2025-06-30,71,159329.SZ|159518.SZ|159852.SZ|159981.SZ|161226.SZ|501018.SH|510210.SH|513120.SH|513290.SH|513730.SH|513750.SH|515880.SH|518880.SH,1.2692909714772822,0.7703390842413431,ant,3
rolling_ant_colony,2024-07-01/2024-12-31,2025-01-01/2025-06-30,72,159326.SZ|159509.SZ|159529.SZ|159920.SZ|159980.SZ|159981.SZ|160644.SZ|161226.SZ|501018.SH|513120.SH|513400.SH|515880.SH|563300.SH,0.18430951861274347,0.7842957019992716,ant,3
rolling_ant_colony,2024-07-01/2024-12-31,2025-01-01/2025-06-30,73,159329.SZ|159509.SZ|159611.SZ|159870.SZ|159980.SZ|161226.SZ|501018.SH|513120.SH|513500.SH|513730.SH|513750.SH|516150.SH|518880.SH,0.2755257839276832,0.8327507793326487,ant,3
rolling_ant_colony,2024-07-01/2024-12-31,2025-01-01/2025-06-30,74,159509.SZ|159518.SZ|159529.SZ|159852.SZ|159870.SZ|159980.SZ|159981.SZ|161226.SZ|501018.SH|512660.SH|513180.SH|513730.SH|513750.SH,0.7544446765614724,0.8861226651551434,ant,3
rolling_ant_colony,2024-07-01/2024-12-31,2025-01-01/2025-06-30,75,159329.SZ|159518.SZ|159529.SZ|159980.SZ|159981.SZ|161226.SZ|501018.SH|512400.SH|512800.SH|512980.SH|513120.SH|513500.SH|513750.SH,0.6254709742092033,0.7579535481871515,ant,3
rolling_ant_colony,2024-07-01/2024-12-31,2025-01-01/2025-06-30,76,159329.SZ|159687.SZ|159980.SZ|159981.SZ|161226.SZ|510050.SH|512200.SH|513100.SH|513120.SH|513180.SH|513730.SH|515880.SH|518880.SH,0.5570049021399818,0.781078061256192,ant,3
rolling_ant_colony,2024-07-01/2024-12-31,2025-01-01/2025-06-30,77,159509.SZ|159529.SZ|159980.SZ|159981.SZ|501018.SH|510050.SH|512880.SH|513180.SH|513290.SH|513730.SH|513750.SH|515880.SH|518880.SH,1.069753919466399,0.8861226651551434,ant,3
rolling_ant_colony,2024-07-01/2024-12-31,2025-01-01/2025-06-30,78,159509.SZ|159901.SZ|159980.SZ|161226.SZ|501018.SH|510050.SH|513070.SH|513120.SH|513290.SH|513500.SH|513880.SH|515880.SH|518880.SH,-0.18014257214690577,0.8457058777188947,ant,3
rolling_ant_colony,2024-07-01/2024-12-31,2025-01-01/2025-06-30,79,159529.SZ|159687.SZ|159852.SZ|159981.SZ|161226.SZ|501018.SH|510880.SH|512660.SH|513180.SH|513400.SH|513730.SH|513750.SH|518880.SH,1.6903452761140818,0.8861226651551434,ant,3
rolling_ant_colony,2024-07-01/2024-12-31,2025-01-01/2025-06-30,80,159326.SZ|159529.SZ|159870.SZ|159980.SZ|159981.SZ|161226.SZ|512880.SH|513030.SH|513070.SH|513400.SH|513730.SH|513750.SH|518880.SH,1.5033260265965604,0.8716694719859102,ant,3
rolling_ant_colony,2024-07-01/2024-12-31,2025-01-01/2025-06-30,81,159509.SZ|159611.SZ|159687.SZ|159920.SZ|159980.SZ|159981.SZ|161226.SZ|501018.SH|512660.SH|513120.SH|513400.SH|513730.SH|515790.SH,0.3888715109338893,0.8031764902663862,ant,4
rolling_ant_colony,2024-07-01/2024-12-31,2025-01-01/2025-06-30,82,159329.SZ|159529.SZ|159687.SZ|159766.SZ|159870.SZ|159980.SZ|159981.SZ|501018.SH|512200.SH|513180.SH|513730.SH|513750.SH|518880.SH,1.0626946119428942,0.8861226651551434,ant,4
rolling_ant_colony,2024-07-01/2024-12-31,2025-01-01/2025-06-30,83,159329.SZ|159509.SZ|159687.SZ|159852.SZ|159981.SZ|161226.SZ|501018.SH|513180.SH|513400.SH|513750.SH|515880.SH|518880.SH|588000.SH,0.8541207768249918,0.8861226651551434,ant,4
rolling_ant_colony,2024-07-01/2024-12-31,2025-01-01/2025-06-30,84,159329.SZ|159518.SZ|159529.SZ|159852.SZ|159981.SZ|161226.SZ|501018.SH|512660.SH|512880.SH|513120.SH|513500.SH|513750.SH|518880.SH,0.8366710577967524,0.7837149643736099,ant,4
rolling_ant_colony,2024-07-01/2024-12-31,2025-01-01/2025-06-30,85,159329.SZ|159687.SZ|159796.SZ|159981.SZ|159985.SZ|161226.SZ|164824.SZ|510880.SH|513070.SH|513120.SH|513730.SH|518880.SH|588000.SH,-0.1370741884659234,0.8518678882060505,ant,4
rolling_ant_colony,2024-07-01/2024-12-31,2025-01-01/2025-06-30,86,159980.SZ|159981.SZ|164824.SZ|501018.SH|510210.SH|512880.SH|513070.SH|513290.SH|513400.SH|513730.SH|513750.SH|518880.SH|588000.SH,2.1151718595943776,0.8406231432114443,ant,4
rolling_ant_colony,2024-07-01/2024-12-31,2025-01-01/2025-06-30,87,159329.SZ|159529.SZ|159796.SZ|159852.SZ|159980.SZ|159981.SZ|161226.SZ|501018.SH|512800.SH|513180.SH|513290.SH|513730.SH|513750.SH,1.1779962961920476,0.8861226651551434,ant,4
rolling_ant_colony,2024-07-01/2024-12-31,2025-01-01/2025-06-30,88,159329.SZ|159865.SZ|159870.SZ|159985.SZ|160644.SZ|161226.SZ|501018.SH|513100.SH|513120.SH|513180.SH|513400.SH|515880.SH|518880.SH,0.12225232069509441,0.8595913101513809,ant,4
rolling_ant_colony,2024-07-01/2024-12-31,2025-01-01/2025-06-30,89,159611.SZ|159687.SZ|159980.SZ|159981.SZ|161226.SZ|164824.SZ|501018.SH|510880.SH|512660.SH|513070.SH|513290.SH|513730.SH|513750.SH,0.5281307515783524,0.8406231432114443,ant,4
rolling_ant_colony,2024-07-01/2024-12-31,2025-01-01/2025-06-30,90,159529.SZ|159687.SZ|159766.SZ|159852.SZ|159920.SZ|159980.SZ|159981.SZ|161226.SZ|501018.SH|510050.SH|513100.SH|513730.SH|513750.SH,0.9630565762341754,0.8958197259318315,ant,4
rolling_ant_colony,2024-07-01/2024-12-31,2025-01-01/2025-06-30,91,159687.SZ|159980.SZ|159981.SZ|161226.SZ|164824.SZ|501018.SH|512660.SH|512800.SH|512880.SH|513120.SH|513730.SH|513750.SH|513880.SH,1.194354146965431,0.7595593342356317,ant,4
rolling_ant_colony,2024-07-01/2024-12-31,2025-01-01/2025-06-30,92,159509.SZ|159529.SZ|159981.SZ|159985.SZ|501018.SH|510880.SH|512980.SH|513180.SH|513400.SH|513500.SH|513750.SH|518880.SH|588000.SH,0.7748481332845175,0.8861226651551434,ant,4
rolling_ant_colony,2024-07-01/2024-12-31,2025-01-01/2025-06-30,93,159509.SZ|159766.SZ|159915.SZ|159981.SZ|159985.SZ|161226.SZ|501018.SH|512880.SH|513070.SH|513120.SH|513310.SH|513400.SH|513500.SH,1.0075806360288964,0.8218628534531423,ant,4
rolling_ant_colony,2024-07-01/2024-12-31,2025-01-01/2025-06-30,94,159509.SZ|159518.SZ|159870.SZ|159967.SZ|159980.SZ|159981.SZ|501018.SH|512880.SH|513030.SH|513180.SH|513400.SH|513750.SH|518880.SH,1.2254975184757706,0.8861226651551434,ant,4
rolling_ant_colony,2024-07-01/2024-12-31,2025-01-01/2025-06-30,95,159329.SZ|159687.SZ|159920.SZ|159980.SZ|159981.SZ|501018.SH|510880.SH|513120.SH|513290.SH|513730.SH|515880.SH|518880.SH|563300.SH,0.9470978580839939,0.7709254050678166,ant,4
rolling_ant_colony,2024-07-01/2024-12-31,2025-01-01/2025-06-30,96,159326.SZ|159509.SZ|159518.SZ|159980.SZ|161226.SZ|501018.SH|512880.SH|513070.SH|513400.SH|513730.SH|513750.SH|515880.SH|518880.SH,1.3151850937022729,0.8406231432114443,ant,4
rolling_ant_colony,2024-07-01/2024-12-31,2025-01-01/2025-06-30,97,159518.SZ|159687.SZ|159851.SZ|159980.SZ|159981.SZ|159985.SZ|501018.SH|510050.SH|512660.SH|513180.SH|513290.SH|513730.SH|513750.SH,1.250246692964536,0.8861226651551434,ant,4
rolling_ant_colony,2024-07-01/2024-12-31,2025-01-01/2025-06-30,98,159529.SZ|159852.SZ|159949.SZ|159980.SZ|159985.SZ|161226.SZ|501018.SH|512880.SH|513100.SH|513180.SH|513500.SH|513730.SH|513750.SH,1.4902214204510276,0.8861226651551434,ant,4
rolling_ant_colony,2024-07-01/2024-12-31,2025-01-01/2025-06-30,99,159529.SZ|159852.SZ|159981.SZ|161226.SZ|501018.SH|510050.SH|512890.SH|513030.SH|513120.SH|513180.SH|513400.SH|513730.SH|518880.SH,1.4493192694064283,0.8291880578738284,ant,4
rolling_ant_colony,2024-07-01/2024-12-31,2025-01-01/2025-06-30,100,159518.SZ|159529.SZ|159865.SZ|159870.SZ|159981.SZ|159985.SZ|161226.SZ|510050.SH|513180.SH|513290.SH|513730.SH|513750.SH|518880.SH,-0.038921637491754556,0.8861226651551434,ant,4
rolling_ant_colony,2025-01-01/2025-06-30,2025-07-01/2025-12-31,1,159529.SZ|159766.SZ|159825.SZ|159920.SZ|159980.SZ|159985.SZ|161226.SZ|164824.SZ|512170.SH|513400.SH|513750.SH|513880.SH|518880.SH,1.1484801358482615,0.9042601594691357,ant,0
rolling_ant_colony,2025-01-01/2025-06-30,2025-07-01/2025-12-31,2,159766.SZ|159980.SZ|159981.SZ|159985.SZ|160644.SZ|164824.SZ|510300.SH|513070.SH|513730.SH|513750.SH|513880.SH|515210.SH|518880.SH,0.20896464306335125,0.8346945255088569,ant,0
rolling_ant_colony,2025-01-01/2025-06-30,2025-07-01/2025-12-31,3,159206.SZ|159980.SZ|159981.SZ|159985.SZ|501018.SH|510180.SH|513070.SH|513100.SH|513120.SH|513290.SH|513310.SH|513880.SH|563300.SH,-0.8579987217896345,0.8747386201532243,ant,0
rolling_ant_colony,2025-01-01/2025-06-30,2025-07-01/2025-12-31,4,159865.SZ|159870.SZ|159920.SZ|159981.SZ|161226.SZ|164824.SZ|501018.SH|513080.SH|513120.SH|513400.SH|513730.SH|518880.SH|588220.SH,0.8765159190913965,0.7844473400812552,ant,0
rolling_ant_colony,2025-01-01/2025-06-30,2025-07-01/2025-12-31,5,159206.SZ|159329.SZ|159509.SZ|159920.SZ|159980.SZ|159985.SZ|501018.SH|510210.SH|512400.SH|513400.SH|513730.SH|513750.SH|518880.SH,-0.3265891658123177,0.9042601594691357,ant,0
rolling_ant_colony,2025-01-01/2025-06-30,2025-07-01/2025-12-31,6,159201.SZ|159865.SZ|159949.SZ|159980.SZ|160644.SZ|161226.SZ|164824.SZ|501018.SH|513070.SH|513080.SH|513100.SH|513120.SH|518880.SH,0.5811047299730272,0.8497395659696947,ant,0
rolling_ant_colony,2025-01-01/2025-06-30,2025-07-01/2025-12-31,7,159201.SZ|159206.SZ|159329.SZ|159687.SZ|159920.SZ|159980.SZ|159981.SZ|159985.SZ|501018.SH|512880.SH|513290.SH|513750.SH|513880.SH,-0.5821467507695084,0.9042601594691357,ant,0
rolling_ant_colony,2025-01-01/2025-06-30,2025-07-01/2025-12-31,8,159529.SZ|159949.SZ|159980.SZ|160644.SZ|161226.SZ|501018.SH|512800.SH|513070.SH|513290.SH|513730.SH|513750.SH|515880.SH|518880.SH,0.9051450811531736,0.8346945255088569,ant,0
rolling_ant_colony,2025-01-01/2025-06-30,2025-07-01/2025-12-31,9,159529.SZ|159687.SZ|159766.SZ|159980.SZ|159981.SZ|161226.SZ|512880.SH|513070.SH|513120.SH|513290.SH|513880.SH|518880.SH|588220.SH,0.8365573476278135,0.7989655392839966,ant,0
rolling_ant_colony,2025-01-01/2025-06-30,2025-07-01/2025-12-31,10,159209.SZ|159529.SZ|159980.SZ|159981.SZ|501018.SH|512200.SH|512890.SH|513030.SH|513100.SH|513120.SH|513180.SH|513730.SH|518880.SH,0.6298037196582335,0.8627541750814681,ant,0
rolling_ant_colony,2025-01-01/2025-06-30,2025-07-01/2025-12-31,11,159509.SZ|159687.SZ|159901.SZ|159980.SZ|159985.SZ|161226.SZ|164824.SZ|501018.SH|512880.SH|513070.SH|513080.SH|513120.SH|588200.SH,-0.5505012236408537,0.8934117695834313,ant,0
rolling_ant_colony,2025-01-01/2025-06-30,2025-07-01/2025-12-31,12,159518.SZ|159687.SZ|159920.SZ|159981.SZ|159985.SZ|161226.SZ|501018.SH|512100.SH|512200.SH|513030.SH|513750.SH|513880.SH|588000.SH,-0.7120584168592825,0.9042601594691357,ant,0
rolling_ant_colony,2025-01-01/2025-06-30,2025-07-01/2025-12-31,13,159529.SZ|159825.SZ|159981.SZ|159985.SZ|164824.SZ|501018.SH|512100.SH|513070.SH|513120.SH|513500.SH|513880.SH|515210.SH|518880.SH,0.9112669982447652,0.8221534939092613,ant,0
rolling_ant_colony,2025-01-01/2025-06-30,2025-07-01/2025-12-31,14,159329.SZ|159687.SZ|159920.SZ|159980.SZ|159985.SZ|161226.SZ|501018.SH|510500.SH|512890.SH|513080.SH|513500.SH|513750.SH|515790.SH,-0.8314863211530914,0.9042601594691357,ant,0
rolling_ant_colony,2025-01-01/2025-06-30,2025-07-01/2025-12-31,15,159201.SZ|159529.SZ|159920.SZ|159980.SZ|159981.SZ|159985.SZ|161226.SZ|510050.SH|513120.SH|513400.SH|513730.SH|513880.SH|515880.SH,-0.5501345505287633,0.8081858331791523,ant,0
rolling_ant_colony,2025-01-01/2025-06-30,2025-07-01/2025-12-31,16,159529.SZ|159611.SZ|159687.SZ|159980.SZ|159981.SZ|161226.SZ|501018.SH|513180.SH|513290.SH|513730.SH|513750.SH|515210.SH|588200.SH,-0.3772776781433588,0.829117026530356,ant,0
rolling_ant_colony,2025-01-01/2025-06-30,2025-07-01/2025-12-31,17,159687.SZ|159766.SZ|159980.SZ|159985.SZ|160644.SZ|501018.SH|510210.SH|512660.SH|513030.SH|513070.SH|513400.SH|513750.SH|518880.SH,0.31135638286114564,0.8346945255088569,ant,0
rolling_ant_colony,2025-01-01/2025-06-30,2025-07-01/2025-12-31,18,159329.SZ|159529.SZ|159870.SZ|159980.SZ|159985.SZ|501018.SH|512040.SH|512660.SH|513120.SH|513180.SH|513730.SH|513880.SH|518880.SH,0.4150795974961459,0.8876244756569097,ant,0
rolling_ant_colony,2025-01-01/2025-06-30,2025-07-01/2025-12-31,19,159329.SZ|159518.SZ|159611.SZ|159949.SZ|159980.SZ|159981.SZ|161226.SZ|513030.SH|513180.SH|513400.SH|513750.SH|518880.SH|588220.SH,0.18550660135423416,0.8622502001179988,ant,0
rolling_ant_colony,2025-01-01/2025-06-30,2025-07-01/2025-12-31,20,159206.SZ|159509.SZ|159851.SZ|159920.SZ|159980.SZ|159981.SZ|159985.SZ|513030.SH|513120.SH|513290.SH|513500.SH|518880.SH|588220.SH,0.6899846542039848,0.9127168100554361,ant,0
rolling_ant_colony,2025-01-01/2025-06-30,2025-07-01/2025-12-31,21,159201.SZ|159852.SZ|159901.SZ|159920.SZ|159981.SZ|159985.SZ|161226.SZ|513030.SH|513080.SH|513290.SH|513750.SH|513880.SH|518880.SH,0.3756848347581048,0.9042601594691357,ant,1
rolling_ant_colony,2025-01-01/2025-06-30,2025-07-01/2025-12-31,22,159529.SZ|159687.SZ|159920.SZ|159980.SZ|159981.SZ|501018.SH|512200.SH|513120.SH|513310.SH|513880.SH|515880.SH|518880.SH|588200.SH,1.036573545500233,0.6690906029707654,ant,1
rolling_ant_colony,2025-01-01/2025-06-30,2025-07-01/2025-12-31,23,159529.SZ|159766.SZ|159980.SZ|161226.SZ|164824.SZ|501018.SH|510180.SH|512100.SH|513070.SH|513290.SH|513750.SH|513880.SH|518880.SH,0.9887498213447778,0.8403395213152203,ant,1
rolling_ant_colony,2025-01-01/2025-06-30,2025-07-01/2025-12-31,24,159529.SZ|159766.SZ|159851.SZ|159920.SZ|159985.SZ|161226.SZ|501018.SH|512980.SH|513030.SH|513120.SH|513730.SH|513880.SH|518880.SH,0.3060310243212337,0.832730832055089,ant,1
rolling_ant_colony,2025-01-01/2025-06-30,2025-07-01/2025-12-31,25,159329.SZ|159920.SZ|159980.SZ|159981.SZ|159985.SZ|164824.SZ|512200.SH|512890.SH|513080.SH|513500.SH|513750.SH|518880.SH|562500.SH,0.057193588216232216,0.9042601594691357,ant,1
rolling_ant_colony,2025-01-01/2025-06-30,2025-07-01/2025-12-31,26,159509.SZ|159928.SZ|159949.SZ|159981.SZ|159985.SZ|161226.SZ|501018.SH|512660.SH|513120.SH|513290.SH|513310.SH|513730.SH|513750.SH,0.5018943820208027,0.8348181381191616,ant,1
rolling_ant_colony,2025-01-01/2025-06-30,2025-07-01/2025-12-31,27,159326.SZ|159518.SZ|159529.SZ|159796.SZ|159980.SZ|159981.SZ|161226.SZ|164824.SZ|501018.SH|512170.SH|513120.SH|513500.SH|513750.SH,-0.6274021544225077,0.7475177247737204,ant,1
rolling_ant_colony,2025-01-01/2025-06-30,2025-07-01/2025-12-31,28,159509.SZ|159967.SZ|159980.SZ|159981.SZ|161226.SZ|164824.SZ|501018.SH|513120.SH|513290.SH|513400.SH|513750.SH|515880.SH|562500.SH,-0.24417602475516348,0.8507863450277371,ant,1
rolling_ant_colony,2025-01-01/2025-06-30,2025-07-01/2025-12-31,29,159509.SZ|159518.SZ|159529.SZ|159985.SZ|161226.SZ|501018.SH|512100.SH|512200.SH|512400.SH|513120.SH|513500.SH|513750.SH|518880.SH,-0.01660830216360236,0.9127168100554361,ant,1
rolling_ant_colony,2025-01-01/2025-06-30,2025-07-01/2025-12-31,30,159329.SZ|159529.SZ|159980.SZ|159981.SZ|159985.SZ|512200.SH|512880.SH|513180.SH|513400.SH|513730.SH|513750.SH|516150.SH|518880.SH,0.38738624680656997,0.829117026530356,ant,1
rolling_ant_colony,2025-01-01/2025-06-30,2025-07-01/2025-12-31,31,159329.SZ|159518.SZ|159985.SZ|161226.SZ|164824.SZ|501018.SH|512170.SH|512660.SH|512980.SH|513070.SH|513120.SH|513400.SH|518880.SH,0.6269337521592881,0.6979676141689363,ant,1
rolling_ant_colony,2025-01-01/2025-06-30,2025-07-01/2025-12-31,32,159529.SZ|159980.SZ|159985.SZ|164824.SZ|501018.SH|512170.SH|512880.SH|513030.SH|513070.SH|513100.SH|513750.SH|518880.SH|588220.SH,0.17910949326713096,0.8346945255088569,ant,1
rolling_ant_colony,2025-01-01/2025-06-30,2025-07-01/2025-12-31,33,159209.SZ|159509.SZ|159981.SZ|159985.SZ|161226.SZ|164824.SZ|512400.SH|512800.SH|513120.SH|513730.SH|513750.SH|513880.SH|518880.SH,1.1318513886005581,0.8348181381191616,ant,1
rolling_ant_colony,2025-01-01/2025-06-30,2025-07-01/2025-12-31,34,159825.SZ|159949.SZ|159985.SZ|161226.SZ|164824.SZ|501018.SH|512100.SH|513070.SH|513080.SH|513400.SH|513730.SH|513750.SH|518880.SH,0.44804715143480733,0.9060925720183077,ant,1
rolling_ant_colony,2025-01-01/2025-06-30,2025-07-01/2025-12-31,35,159518.SZ|159529.SZ|159980.SZ|159981.SZ|160644.SZ|161226.SZ|510050.SH|512400.SH|513070.SH|513120.SH|513400.SH|515880.SH|518880.SH,0.28650731301285925,0.6690906029707654,ant,1
rolling_ant_colony,2025-01-01/2025-06-30,2025-07-01/2025-12-31,36,159329.SZ|159518.SZ|159870.SZ|159981.SZ|159985.SZ|161226.SZ|164824.SZ|501018.SH|512400.SH|513080.SH|513180.SH|513750.SH|515220.SH,-1.2845805230048744,0.829117026530356,ant,1
rolling_ant_colony,2025-01-01/2025-06-30,2025-07-01/2025-12-31,37,159201.SZ|159529.SZ|159766.SZ|159980.SZ|161226.SZ|164824.SZ|501018.SH|512880.SH|513030.SH|513070.SH|513080.SH|513120.SH|518880.SH,1.2180793856579106,0.8248864925491514,ant,1
rolling_ant_colony,2025-01-01/2025-06-30,2025-07-01/2025-12-31,38,159869.SZ|159920.SZ|159985.SZ|161226.SZ|501018.SH|513080.SH|513100.SH|513400.SH|513730.SH|513750.SH|515210.SH|518880.SH|562500.SH,0.7454902583951993,0.9042601594691357,ant,1
rolling_ant_colony,2025-01-01/2025-06-30,2025-07-01/2025-12-31,39,159825.SZ|159967.SZ|159980.SZ|159985.SZ|161226.SZ|164824.SZ|513030.SH|513120.SH|513310.SH|513750.SH|513880.SH|515880.SH|518880.SH,1.7625815453450304,0.8507863450277371,ant,1
rolling_ant_colony,2025-01-01/2025-06-30,2025-07-01/2025-12-31,40,159518.SZ|159825.SZ|159981.SZ|159985.SZ|161226.SZ|164824.SZ|501018.SH|512170.SH|513070.SH|513100.SH|513120.SH|513730.SH|588000.SH,-0.4787264729117626,0.8627541750814681,ant,1
rolling_ant_colony,2025-01-01/2025-06-30,2025-07-01/2025-12-31,41,159201.SZ|159920.SZ|159928.SZ|159981.SZ|159985.SZ|160644.SZ|164824.SZ|501018.SH|512200.SH|513080.SH|513730.SH|513750.SH|518880.SH,-0.011934681218477275,0.9042601594691357,ant,2
rolling_ant_colony,2025-01-01/2025-06-30,2025-07-01/2025-12-31,42,159509.SZ|159529.SZ|159766.SZ|159980.SZ|159985.SZ|161226.SZ|510050.SH|512170.SH|513030.SH|513120.SH|513400.SH|513750.SH|518880.SH,0.830191005464816,0.8208512885877406,ant,2
rolling_ant_colony,2025-01-01/2025-06-30,2025-07-01/2025-12-31,43,159529.SZ|159687.SZ|159980.SZ|159985.SZ|164824.SZ|501018.SH|512170.SH|512200.SH|513070.SH|513120.SH|513880.SH|515220.SH|518880.SH,0.4388451076321422,0.7078661670253201,ant,2
rolling_ant_colony,2025-01-01/2025-06-30,2025-07-01/2025-12-31,44,159329.SZ|159529.SZ|159825.SZ|159980.SZ|159981.SZ|501018.SH|513070.SH|513080.SH|513290.SH|513750.SH|515210.SH|515880.SH|518880.SH,0.4364354814613968,0.8346945255088569,ant,2
rolling_ant_colony,2025-01-01/2025-06-30,2025-07-01/2025-12-31,45,159509.SZ|159766.SZ|159985.SZ|161226.SZ|164824.SZ|501018.SH|512800.SH|513070.SH|513120.SH|513310.SH|513880.SH|515220.SH|518880.SH,0.8767676389565736,0.7500392681675007,ant,2
rolling_ant_colony,2025-01-01/2025-06-30,2025-07-01/2025-12-31,46,159209.SZ|159529.SZ|159766.SZ|159901.SZ|159920.SZ|159980.SZ|161226.SZ|501018.SH|513030.SH|513120.SH|513290.SH|513880.SH|518880.SH,0.654339748838145,0.9177162184007993,ant,2
rolling_ant_colony,2025-01-01/2025-06-30,2025-07-01/2025-12-31,47,159509.SZ|159920.SZ|159949.SZ|159981.SZ|159985.SZ|160644.SZ|164824.SZ|501018.SH|512890.SH|513080.SH|513750.SH|518880.SH|563300.SH,0.013693154175694605,0.9042601594691357,ant,2
rolling_ant_colony,2025-01-01/2025-06-30,2025-07-01/2025-12-31,48,159209.SZ|159518.SZ|159980.SZ|159981.SZ|161226.SZ|510300.SH|512100.SH|513070.SH|513080.SH|513310.SH|513750.SH|513880.SH|518880.SH,-0.10179357801843886,0.9194632618772121,ant,2
rolling_ant_colony,2025-01-01/2025-06-30,2025-07-01/2025-12-31,49,159529.SZ|159766.SZ|159981.SZ|159985.SZ|161226.SZ|512400.SH|513070.SH|513080.SH|513120.SH|513500.SH|513880.SH|515210.SH|518880.SH,0.6089870638986675,0.8221534939092613,ant,2
rolling_ant_colony,2025-01-01/2025-06-30,2025-07-01/2025-12-31,50,159529.SZ|159766.SZ|159980.SZ|159985.SZ|164824.SZ|501018.SH|513070.SH|513080.SH|513750.SH|513880.SH|515210.SH|518880.SH|588200.SH,0.75418680122165,0.8346945255088569,ant,2
rolling_ant_colony,2025-01-01/2025-06-30,2025-07-01/2025-12-31,51,159326.SZ|159766.SZ|159865.SZ|159920.SZ|159981.SZ|160644.SZ|161226.SZ|164824.SZ|501018.SH|513080.SH|513120.SH|513400.SH|518880.SH,0.5888160074977289,0.6794286496243014,ant,2
rolling_ant_colony,2025-01-01/2025-06-30,2025-07-01/2025-12-31,52,159209.SZ|159825.SZ|159980.SZ|159985.SZ|164824.SZ|501018.SH|513030.SH|513070.SH|513120.SH|513500.SH|513880.SH|518880.SH|588000.SH,0.3606643368216924,0.8221534939092613,ant,2
rolling_ant_colony,2025-01-01/2025-06-30,2025-07-01/2025-12-31,53,159509.SZ|159825.SZ|159980.SZ|159985.SZ|161226.SZ|164824.SZ|501018.SH|512170.SH|512890.SH|513120.SH|513400.SH|513730.SH|513750.SH,0.1814618816230767,0.8348181381191616,ant,2
rolling_ant_colony,2025-01-01/2025-06-30,2025-07-01/2025-12-31,54,159766.SZ|159865.SZ|159920.SZ|159980.SZ|159985.SZ|161226.SZ|512200.SH|513080.SH|513400.SH|513730.SH|513750.SH|513880.SH|518880.SH,1.4049542734708662,0.9042601594691357,ant,2
rolling_ant_colony,2025-01-01/2025-06-30,2025-07-01/2025-12-31,55,159509.SZ|159529.SZ|159928.SZ|159967.SZ|159981.SZ|159985.SZ|164824.SZ|501018.SH|513070.SH|513120.SH|513880.SH|518880.SH|562500.SH,0.9017588767889491,0.7782269117847752,ant,2
rolling_ant_colony,2025-01-01/2025-06-30,2025-07-01/2025-12-31,56,159326.SZ|159529.SZ|159920.SZ|159980.SZ|159981.SZ|159985.SZ|513120.SH|513500.SH|513730.SH|513880.SH|515880.SH|518880.SH|588000.SH,0.8840151548995986,0.8489591242734664,ant,2
rolling_ant_colony,2025-01-01/2025-06-30,2025-07-01/2025-12-31,57,159529.SZ|159852.SZ|159920.SZ|159980.SZ|159981.SZ|159985.SZ|160644.SZ|161226.SZ|512800.SH|513030.SH|513120.SH|513880.SH|588220.SH,-0.41923934435569404,0.8108036913336725,ant,2
rolling_ant_colony,2025-01-01/2025-06-30,2025-07-01/2025-12-31,58,159509.SZ|159518.SZ|159870.SZ|159920.SZ|159980.SZ|159981.SZ|160644.SZ|501018.SH|512200.SH|513030.SH|513750.SH|515220.SH|518880.SH,-0.36774293956172976,0.9042601594691357,ant,2
rolling_ant_colony,2025-01-01/2025-06-30,2025-07-01/2025-12-31,59,159509.SZ|159529.SZ|159869.SZ|159980.SZ|161226.SZ|501018.SH|512100.SH|512660.SH|513070.SH|513080.SH|513120.SH|513310.SH|518880.SH,0.7753244477508356,0.7921281739008286,ant,2
rolling_ant_colony,2025-01-01/2025-06-30,2025-07-01/2025-12-31,60,159529.SZ|159981.SZ|159985.SZ|161226.SZ|164824.SZ|501018.SH|510210.SH|512880.SH|513070.SH|513120.SH|513310.SH|513400.SH|563300.SH,0.33332010339458307,0.8739691547258938,ant,2
rolling_ant_colony,2025-01-01/2025-06-30,2025-07-01/2025-12-31,61,159509.SZ|159611.SZ|159985.SZ|161226.SZ|501018.SH|513080.SH|513120.SH|513310.SH|513500.SH|513750.SH|515220.SH|515880.SH|518880.SH,1.4352731800279226,0.9127168100554361,ant,3
rolling_ant_colony,2025-01-01/2025-06-30,2025-07-01/2025-12-31,62,159529.SZ|159920.SZ|159949.SZ|159981.SZ|159985.SZ|161226.SZ|164824.SZ|512170.SH|513120.SH|513310.SH|513400.SH|515880.SH|518880.SH,1.7777856936581526,0.8028527403415398,ant,3
rolling_ant_colony,2025-01-01/2025-06-30,2025-07-01/2025-12-31,63,159766.SZ|159928.SZ|159967.SZ|159980.SZ|159981.SZ|161226.SZ|513030.SH|513070.SH|513080.SH|513310.SH|513750.SH|513880.SH|518880.SH,1.1997949123127614,0.8346945255088569,ant,3
rolling_ant_colony,2025-01-01/2025-06-30,2025-07-01/2025-12-31,64,159529.SZ|159825.SZ|159920.SZ|159980.SZ|159985.SZ|501018.SH|513120.SH|513310.SH|513400.SH|513730.SH|515880.SH|516150.SH|518880.SH,0.48976178698132844,0.7844473400812552,ant,3
rolling_ant_colony,2025-01-01/2025-06-30,2025-07-01/2025-12-31,65,159529.SZ|159766.SZ|159920.SZ|159980.SZ|159981.SZ|161226.SZ|164824.SZ|512100.SH|512890.SH|513730.SH|513750.SH|513880.SH|518880.SH,1.4338540313107928,0.9042601594691357,ant,3
rolling_ant_colony,2025-01-01/2025-06-30,2025-07-01/2025-12-31,66,159529.SZ|159980.SZ|159985.SZ|161226.SZ|164824.SZ|512800.SH|513080.SH|513120.SH|513750.SH|513880.SH|515220.SH|518880.SH|588200.SH,1.1199960476601318,0.7078661670253201,ant,3
rolling_ant_colony,2025-01-01/2025-06-30,2025-07-01/2025-12-31,67,159687.SZ|159901.SZ|159920.SZ|159985.SZ|160644.SZ|161226.SZ|501018.SH|513080.SH|513120.SH|513400.SH|515220.SH|518880.SH|588220.SH,0.1576463777628985,0.8647084358319821,ant,3
rolling_ant_colony,2025-01-01/2025-06-30,2025-07-01/2025-12-31,68,159687.SZ|159766.SZ|159980.SZ|159981.SZ|161226.SZ|164824.SZ|513030.SH|513070.SH|513120.SH|513880.SH|518880.SH|562500.SH|588220.SH,1.1875936425472418,0.8479989391840228,ant,3
rolling_ant_colony,2025-01-01/2025-06-30,2025-07-01/2025-12-31,69,159529.SZ|159796.SZ|159980.SZ|159981.SZ|164824.SZ|501018.SH|512100.SH|512400.SH|513120.SH|513400.SH|513730.SH|513750.SH|518880.SH,1.246639821983442,0.8277925397101841,ant,3
rolling_ant_colony,2025-01-01/2025-06-30,2025-07-01/2025-12-31,70,159825.SZ|159981.SZ|159985.SZ|161226.SZ|501018.SH|510210.SH|513080.SH|513100.SH|513120.SH|513400.SH|513750.SH|513880.SH|515880.SH,0.03177630730122288,0.8896514833819045,ant,3
rolling_ant_colony,2025-01-01/2025-06-30,2025-07-01/2025-12-31,71,159529.SZ|159980.SZ|159985.SZ|161226.SZ|501018.SH|510050.SH|513030.SH|513070.SH|513080.SH|513750.SH|513880.SH|515790.SH|588220.SH,-0.5372760889516521,0.8346945255088569,ant,3
rolling_ant_colony,2025-01-01/2025-06-30,2025-07-01/2025-12-31,72,159518.SZ|159949.SZ|159980.SZ|159985.SZ|161226.SZ|164824.SZ|510880.SH|513070.SH|513310.SH|513500.SH|513750.SH|518880.SH|562500.SH,0.07863743349320425,0.8346945255088569,ant,3
rolling_ant_colony,2025-01-01/2025-06-30,2025-07-01/2025-12-31,73,159509.SZ|159529.SZ|159920.SZ|159981.SZ|161226.SZ|164824.SZ|501018.SH|512100.SH|512800.SH|513120.SH|513500.SH|518880.SH|588000.SH,0.9434149679509293,0.9127168100554361,ant,3
rolling_ant_colony,2025-01-01/2025-06-30,2025-07-01/2025-12-31,74,159509.SZ|159928.SZ|159980.SZ|159985.SZ|501018.SH|513030.SH|513120.SH|513500.SH|513750.SH|513880.SH|515880.SH|518880.SH|588000.SH,0.7866038921813084,0.9127168100554361,ant,3
rolling_ant_colony,2025-01-01/2025-06-30,2025-07-01/2025-12-31,75,159329.SZ|159509.SZ|159529.SZ|159766.SZ|159928.SZ|159980.SZ|159985.SZ|161226.SZ|164824.SZ|501018.SH|512660.SH|513070.SH|513120.SH,-1.106283466619596,0.7363223063144765,ant,3
rolling_ant_colony,2025-01-01/2025-06-30,2025-07-01/2025-12-31,76,159201.SZ|159329.SZ|159509.SZ|159865.SZ|159920.SZ|159985.SZ|161226.SZ|501018.SH|513120.SH|513500.SH|513880.SH|515790.SH|518880.SH,-0.10459943630078083,0.9127168100554361,ant,3
rolling_ant_colony,2025-01-01/2025-06-30,2025-07-01/2025-12-31,77,159529.SZ|159980.SZ|159981.SZ|159985.SZ|164824.SZ|512200.SH|513030.SH|513120.SH|513730.SH|513750.SH|515880.SH|518880.SH|588220.SH,1.1813380849317985,0.7230558730364214,ant,3
rolling_ant_colony,2025-01-01/2025-06-30,2025-07-01/2025-12-31,78,159529.SZ|159825.SZ|159920.SZ|159980.SZ|159981.SZ|161226.SZ|510180.SH|512880.SH|513080.SH|513500.SH|513730.SH|513750.SH|518880.SH,1.4160264230980155,0.9042601594691357,ant,3
rolling_ant_colony,2025-01-01/2025-06-30,2025-07-01/2025-12-31,79,159687.SZ|159825.SZ|159928.SZ|159980.SZ|159981.SZ|501018.SH|510210.SH|513030.SH|513120.SH|513730.SH|513750.SH|513880.SH|518880.SH,0.33462647226844544,0.7647445077056443,ant,3
rolling_ant_colony,2025-01-01/2025-06-30,2025-07-01/2025-12-31,80,159869.SZ|159980.SZ|159985.SZ|161226.SZ|164824.SZ|510500.SH|513080.SH|513120.SH|513310.SH|513750.SH|513880.SH|518880.SH|562500.SH,1.9161079732618607,0.8004708774924835,ant,3
rolling_ant_colony,2025-01-01/2025-06-30,2025-07-01/2025-12-31,81,159980.SZ|159981.SZ|161226.SZ|164824.SZ|510500.SH|513070.SH|513310.SH|513730.SH|513750.SH|513880.SH|515880.SH|518880.SH|562500.SH,1.0278711130571923,0.8346945255088569,ant,4
rolling_ant_colony,2025-01-01/2025-06-30,2025-07-01/2025-12-31,82,159326.SZ|159529.SZ|159928.SZ|159980.SZ|159985.SZ|161226.SZ|513080.SH|513120.SH|513310.SH|513500.SH|513750.SH|515210.SH|518880.SH,1.2926316984869421,0.7293753740945512,ant,4
rolling_ant_colony,2025-01-01/2025-06-30,2025-07-01/2025-12-31,83,159201.SZ|159981.SZ|159985.SZ|161226.SZ|501018.SH|512400.SH|513080.SH|513120.SH|513500.SH|513730.SH|513750.SH|513880.SH|563300.SH,-0.25061143872748615,0.8489591242734664,ant,4
rolling_ant_colony,2025-01-01/2025-06-30,2025-07-01/2025-12-31,84,159529.SZ|159766.SZ|159865.SZ|159920.SZ|159980.SZ|159985.SZ|161226.SZ|513310.SH|513400.SH|513730.SH|513750.SH|518880.SH|562500.SH,1.6928819023066826,0.9042601594691357,ant,4
rolling_ant_colony,2025-01-01/2025-06-30,2025-07-01/2025-12-31,85,159766.SZ|159920.SZ|159980.SZ|159985.SZ|164824.SZ|501018.SH|512100.SH|512800.SH|513080.SH|513730.SH|513750.SH|513880.SH|518880.SH,0.5553933381608605,0.9042601594691357,ant,4
rolling_ant_colony,2025-01-01/2025-06-30,2025-07-01/2025-12-31,86,159529.SZ|159766.SZ|159980.SZ|159985.SZ|164824.SZ|501018.SH|512100.SH|512200.SH|513080.SH|513180.SH|513310.SH|513750.SH|518880.SH,0.5803168114942525,0.829117026530356,ant,4
rolling_ant_colony,2025-01-01/2025-06-30,2025-07-01/2025-12-31,87,159529.SZ|159766.SZ|159928.SZ|159981.SZ|159985.SZ|501018.SH|513030.SH|513070.SH|513120.SH|513730.SH|513880.SH|518880.SH|588220.SH,0.48638014052273243,0.7647445077056443,ant,4
rolling_ant_colony,2025-01-01/2025-06-30,2025-07-01/2025-12-31,88,159201.SZ|159529.SZ|159980.SZ|159985.SZ|161226.SZ|510210.SH|513070.SH|513080.SH|513310.SH|513400.SH|513750.SH|518880.SH|562500.SH,0.48847281019102967,0.9116707235721396,ant,4
rolling_ant_colony,2025-01-01/2025-06-30,2025-07-01/2025-12-31,89,159209.SZ|159509.SZ|159825.SZ|159985.SZ|161226.SZ|164824.SZ|501018.SH|510880.SH|513120.SH|513290.SH|513310.SH|513750.SH|518880.SH,1.0937929236693034,0.8259898742661069,ant,4
rolling_ant_colony,2025-01-01/2025-06-30,2025-07-01/2025-12-31,90,159329.SZ|159518.SZ|159766.SZ|159920.SZ|159980.SZ|159981.SZ|159985.SZ|161226.SZ|513080.SH|513120.SH|513500.SH|515220.SH|588000.SH,-1.660119364376645,0.6690906029707654,ant,4
rolling_ant_colony,2025-01-01/2025-06-30,2025-07-01/2025-12-31,91,159687.SZ|159869.SZ|159967.SZ|159980.SZ|161226.SZ|164824.SZ|501018.SH|513120.SH|513400.SH|513750.SH|513880.SH|515880.SH|518880.SH,1.4951728124356394,0.8507863450277371,ant,4
rolling_ant_colony,2025-01-01/2025-06-30,2025-07-01/2025-12-31,92,159920.SZ|159980.SZ|159981.SZ|159985.SZ|160644.SZ|501018.SH|512170.SH|513120.SH|513310.SH|513400.SH|513730.SH|515790.SH|515880.SH,-0.39073769745253095,0.7844473400812552,ant,4
rolling_ant_colony,2025-01-01/2025-06-30,2025-07-01/2025-12-31,93,159529.SZ|159766.SZ|159980.SZ|159981.SZ|161226.SZ|512040.SH|512880.SH|513120.SH|513310.SH|513730.SH|513750.SH|513880.SH|518880.SH,1.6063303570011043,0.7647445077056443,ant,4
rolling_ant_colony,2025-01-01/2025-06-30,2025-07-01/2025-12-31,94,159326.SZ|159509.SZ|159766.SZ|159967.SZ|159980.SZ|159981.SZ|159985.SZ|161226.SZ|164824.SZ|513080.SH|513120.SH|513750.SH|513880.SH,-0.12742535857753232,0.866907837337517,ant,4
rolling_ant_colony,2025-01-01/2025-06-30,2025-07-01/2025-12-31,95,159509.SZ|159611.SZ|159825.SZ|159980.SZ|159981.SZ|159985.SZ|164824.SZ|513030.SH|513070.SH|513120.SH|513880.SH|515880.SH|518880.SH,1.0715243122170366,0.7500392681675007,ant,4
rolling_ant_colony,2025-01-01/2025-06-30,2025-07-01/2025-12-31,96,159611.SZ|159981.SZ|159985.SZ|161226.SZ|164824.SZ|512100.SH|512890.SH|513120.SH|513310.SH|513400.SH|513750.SH|513880.SH|518880.SH,1.0773329719159557,0.8081858331791523,ant,4
rolling_ant_colony,2025-01-01/2025-06-30,2025-07-01/2025-12-31,97,159326.SZ|159981.SZ|161226.SZ|164824.SZ|501018.SH|512400.SH|513120.SH|513400.SH|513730.SH|513750.SH|513880.SH|518880.SH|588000.SH,1.2217710414417196,0.8081858331791523,ant,4
rolling_ant_colony,2025-01-01/2025-06-30,2025-07-01/2025-12-31,98,159870.SZ|159920.SZ|159967.SZ|159985.SZ|161226.SZ|164824.SZ|501018.SH|513030.SH|513310.SH|513750.SH|513880.SH|515880.SH|518880.SH,0.9331291256780793,0.9042601594691357,ant,4
rolling_ant_colony,2025-01-01/2025-06-30,2025-07-01/2025-12-31,99,159209.SZ|159687.SZ|159980.SZ|159985.SZ|161226.SZ|164824.SZ|510180.SH|510880.SH|513070.SH|513310.SH|513730.SH|513750.SH|518880.SH,1.291835417878234,0.9020602151513956,ant,4
rolling_ant_colony,2025-01-01/2025-06-30,2025-07-01/2025-12-31,100,159201.SZ|159509.SZ|159529.SZ|159920.SZ|159949.SZ|159980.SZ|159981.SZ|159985.SZ|510050.SH|513120.SH|513310.SH|513730.SH|518880.SH,0.7985389128227723,0.8497395659696947,ant,4
rolling_ant_colony,2025-07-01/2025-12-31,2026-01-01/2026-06-30,1,159326.SZ|159518.SZ|159920.SZ|159980.SZ|159985.SZ|160644.SZ|161226.SZ|512980.SH|513070.SH|513310.SH|513400.SH|518880.SH|588000.SH,1.6157584441254509,0.8781907596410816,ant,0
rolling_ant_colony,2025-07-01/2025-12-31,2026-01-01/2026-06-30,2,159509.SZ|159518.SZ|159852.SZ|159920.SZ|159980.SZ|161226.SZ|501018.SH|510180.SH|512200.SH|513070.SH|513080.SH|513310.SH|518880.SH,2.3690756165940514,0.8781907596410816,ant,0
rolling_ant_colony,2025-07-01/2025-12-31,2026-01-01/2026-06-30,3,159509.SZ|159518.SZ|159529.SZ|159687.SZ|159852.SZ|159865.SZ|159980.SZ|159981.SZ|161226.SZ|501018.SH|513070.SH|513120.SH|516150.SH,2.1568648559878003,0.5905742863054085,ant,0
rolling_ant_colony,2025-07-01/2025-12-31,2026-01-01/2026-06-30,4,159509.SZ|159870.SZ|159967.SZ|159980.SZ|159981.SZ|161226.SZ|513030.SH|513080.SH|513120.SH|513180.SH|513730.SH|515220.SH|518880.SH,1.9403786368370446,0.8206353307771239,ant,0
rolling_ant_colony,2025-07-01/2025-12-31,2026-01-01/2026-06-30,5,159329.SZ|159687.SZ|159901.SZ|159980.SZ|159981.SZ|159985.SZ|160644.SZ|501018.SH|513180.SH|513750.SH|513880.SH|515220.SH|588200.SH,1.3151897983694263,0.737180084993402,ant,0
rolling_ant_colony,2025-07-01/2025-12-31,2026-01-01/2026-06-30,6,159206.SZ|159980.SZ|159981.SZ|161226.SZ|164824.SZ|501018.SH|512040.SH|513070.SH|513100.SH|513180.SH|513290.SH|513310.SH|588220.SH,3.2704419419681767,0.830842807816761,ant,0
rolling_ant_colony,2025-07-01/2025-12-31,2026-01-01/2026-06-30,7,159329.SZ|159901.SZ|159981.SZ|160644.SZ|161226.SZ|501018.SH|510180.SH|513070.SH|513180.SH|513290.SH|513400.SH|518880.SH|588000.SH,2.329595319598903,0.8685083157546747,ant,0
rolling_ant_colony,2025-07-01/2025-12-31,2026-01-01/2026-06-30,8,159329.SZ|159852.SZ|159901.SZ|159920.SZ|159980.SZ|159981.SZ|159985.SZ|501018.SH|512980.SH|513100.SH|513290.SH|513400.SH|513750.SH,1.405179225369081,0.7241698032373148,ant,0
rolling_ant_colony,2025-07-01/2025-12-31,2026-01-01/2026-06-30,9,159980.SZ|161226.SZ|501018.SH|512170.SH|512400.SH|513030.SH|513080.SH|513180.SH|513290.SH|513500.SH|513750.SH|518880.SH|563300.SH,1.7608266810643842,0.8206353307771239,ant,0
rolling_ant_colony,2025-07-01/2025-12-31,2026-01-01/2026-06-30,10,159326.SZ|159518.SZ|159529.SZ|159687.SZ|159852.SZ|159920.SZ|159980.SZ|159981.SZ|159985.SZ|161226.SZ|510210.SH|513310.SH|513750.SH,1.7943791703758563,0.7241698032373148,ant,0
rolling_ant_colony,2025-07-01/2025-12-31,2026-01-01/2026-06-30,11,159518.SZ|159529.SZ|159920.SZ|159980.SZ|159985.SZ|164824.SZ|501018.SH|512040.SH|512800.SH|512980.SH|513180.SH|513290.SH|518880.SH,1.3431355780223877,0.896611122646074,ant,0
rolling_ant_colony,2025-07-01/2025-12-31,2026-01-01/2026-06-30,12,159329.SZ|159518.SZ|159687.SZ|159825.SZ|159920.SZ|159980.SZ|159981.SZ|501018.SH|510300.SH|512800.SH|513120.SH|513880.SH|518880.SH,1.5018053259248354,0.6572220276880232,ant,0
rolling_ant_colony,2025-07-01/2025-12-31,2026-01-01/2026-06-30,13,159529.SZ|159687.SZ|159796.SZ|159865.SZ|159928.SZ|159980.SZ|159981.SZ|159985.SZ|161226.SZ|164824.SZ|513120.SH|513290.SH|513750.SH,2.413131870720513,0.7330429667090336,ant,0
rolling_ant_colony,2025-07-01/2025-12-31,2026-01-01/2026-06-30,14,159529.SZ|159851.SZ|159869.SZ|159981.SZ|159985.SZ|160644.SZ|161226.SZ|513080.SH|513120.SH|513180.SH|513500.SH|518880.SH|562500.SH,1.5821466879861592,0.6513373641085943,ant,0
rolling_ant_colony,2025-07-01/2025-12-31,2026-01-01/2026-06-30,15,159329.SZ|159766.SZ|159796.SZ|159870.SZ|159980.SZ|159981.SZ|159985.SZ|164824.SZ|501018.SH|513070.SH|513120.SH|513730.SH|513880.SH,1.490726267523749,0.661127020462311,ant,0
rolling_ant_colony,2025-07-01/2025-12-31,2026-01-01/2026-06-30,16,159201.SZ|159518.SZ|159529.SZ|159901.SZ|159981.SZ|159985.SZ|161226.SZ|501018.SH|510180.SH|513070.SH|513080.SH|513100.SH|513180.SH,2.204661394410406,0.8685083157546747,ant,0
rolling_ant_colony,2025-07-01/2025-12-31,2026-01-01/2026-06-30,17,159869.SZ|159928.SZ|159985.SZ|161226.SZ|501018.SH|512170.SH|513030.SH|513180.SH|513310.SH|513500.SH|513750.SH|513880.SH|518880.SH,1.396688797605532,0.6642110535784537,ant,0
rolling_ant_colony,2025-07-01/2025-12-31,2026-01-01/2026-06-30,18,159329.SZ|159796.SZ|159920.SZ|159981.SZ|159985.SZ|160644.SZ|161226.SZ|501018.SH|512100.SH|513120.SH|513290.SH|513880.SH|515210.SH,3.4084489752355775,0.7035669847357374,ant,0
rolling_ant_colony,2025-07-01/2025-12-31,2026-01-01/2026-06-30,19,159329.SZ|159928.SZ|159981.SZ|159985.SZ|160644.SZ|164824.SZ|501018.SH|512040.SH|513070.SH|513180.SH|513500.SH|515210.SH|518880.SH,0.40994671656196596,0.830842807816761,ant,0
rolling_ant_colony,2025-07-01/2025-12-31,2026-01-01/2026-06-30,20,159201.SZ|159518.SZ|159529.SZ|159611.SZ|159920.SZ|159980.SZ|159985.SZ|161226.SZ|513030.SH|513180.SH|513500.SH|516150.SH|518880.SH,1.0983728950242726,0.896611122646074,ant,0
rolling_ant_colony,2025-07-01/2025-12-31,2026-01-01/2026-06-30,21,159201.SZ|159509.SZ|159796.SZ|159915.SZ|159980.SZ|161226.SZ|164824.SZ|501018.SH|513120.SH|513180.SH|513290.SH|513400.SH|518880.SH,3.1840755220801875,0.7905316454889175,ant,1
rolling_ant_colony,2025-07-01/2025-12-31,2026-01-01/2026-06-30,22,159329.SZ|159611.SZ|159901.SZ|159967.SZ|159980.SZ|159981.SZ|501018.SH|513080.SH|513100.SH|513180.SH|513500.SH|513750.SH|518880.SH,1.2380143860524375,0.8968013597071375,ant,1
rolling_ant_colony,2025-07-01/2025-12-31,2026-01-01/2026-06-30,23,159329.SZ|159529.SZ|159870.SZ|159981.SZ|159985.SZ|161226.SZ|501018.SH|512040.SH|512170.SH|513120.SH|513310.SH|513500.SH|513750.SH,2.508609171658422,0.766243763184542,ant,1
rolling_ant_colony,2025-07-01/2025-12-31,2026-01-01/2026-06-30,24,159206.SZ|159518.SZ|159687.SZ|159852.SZ|159920.SZ|159980.SZ|159985.SZ|164824.SZ|501018.SH|512170.SH|513120.SH|513880.SH|518880.SH,1.3889714463257565,0.6572220276880232,ant,1
rolling_ant_colony,2025-07-01/2025-12-31,2026-01-01/2026-06-30,25,159206.SZ|159509.SZ|159529.SZ|159981.SZ|159985.SZ|161226.SZ|501018.SH|512800.SH|513070.SH|513100.SH|513120.SH|513290.SH|588220.SH,3.8073941745714253,0.8496577034190855,ant,1
rolling_ant_colony,2025-07-01/2025-12-31,2026-01-01/2026-06-30,26,159949.SZ|159967.SZ|159981.SZ|159985.SZ|161226.SZ|164824.SZ|501018.SH|512040.SH|513070.SH|513180.SH|513290.SH|513310.SH|513500.SH,2.1598213127010673,0.919503894301262,ant,1
rolling_ant_colony,2025-07-01/2025-12-31,2026-01-01/2026-06-30,27,159901.SZ|159981.SZ|159985.SZ|160644.SZ|161226.SZ|501018.SH|513070.SH|513080.SH|513290.SH|513750.SH|513880.SH|515790.SH|588220.SH,2.219732048585773,0.8145437116320704,ant,1
rolling_ant_colony,2025-07-01/2025-12-31,2026-01-01/2026-06-30,28,159611.SZ|159980.SZ|159981.SZ|159985.SZ|161226.SZ|164824.SZ|510880.SH|512100.SH|513030.SH|513120.SH|513180.SH|513290.SH|513500.SH,1.2101231236459165,0.6546092645179226,ant,1
rolling_ant_colony,2025-07-01/2025-12-31,2026-01-01/2026-06-30,29,159852.SZ|159949.SZ|159981.SZ|159985.SZ|161226.SZ|512890.SH|513080.SH|513120.SH|513290.SH|513310.SH|513750.SH|513880.SH|518880.SH,1.9311860468915047,0.6264552722582525,ant,1
rolling_ant_colony,2025-07-01/2025-12-31,2026-01-01/2026-06-30,30,159529.SZ|159920.SZ|159980.SZ|159981.SZ|160644.SZ|161226.SZ|501018.SH|510210.SH|512980.SH|513120.SH|513500.SH|513730.SH|515790.SH,2.5593286320124107,0.6653098842098846,ant,1
rolling_ant_colony,2025-07-01/2025-12-31,2026-01-01/2026-06-30,31,159329.SZ|159980.SZ|159981.SZ|161226.SZ|510180.SH|510880.SH|513070.SH|513120.SH|513290.SH|513310.SH|513730.SH|515880.SH|518880.SH,3.062939564234194,0.611794456701124,ant,1
rolling_ant_colony,2025-07-01/2025-12-31,2026-01-01/2026-06-30,32,159326.SZ|159329.SZ|159687.SZ|159981.SZ|159985.SZ|501018.SH|512880.SH|513120.SH|513290.SH|513400.SH|513750.SH|516150.SH|518880.SH,2.0420850904329724,0.5921036013344809,ant,1
rolling_ant_colony,2025-07-01/2025-12-31,2026-01-01/2026-06-30,33,159687.SZ|159920.SZ|159980.SZ|159981.SZ|160644.SZ|161226.SZ|164824.SZ|501018.SH|510180.SH|513070.SH|513310.SH|516150.SH|588000.SH,2.0477547411675263,0.8781907596410816,ant,1
rolling_ant_colony,2025-07-01/2025-12-31,2026-01-01/2026-06-30,34,159981.SZ|159985.SZ|160644.SZ|161226.SZ|501018.SH|512100.SH|512170.SH|512980.SH|513080.SH|513120.SH|513290.SH|513750.SH|513880.SH,2.8417502659782197,0.7258714443485212,ant,1
rolling_ant_colony,2025-07-01/2025-12-31,2026-01-01/2026-06-30,35,159329.SZ|159687.SZ|159869.SZ|159980.SZ|159981.SZ|161226.SZ|501018.SH|512200.SH|512800.SH|513120.SH|513180.SH|513290.SH|513310.SH,1.3511402238677903,0.512640248956539,ant,1
rolling_ant_colony,2025-07-01/2025-12-31,2026-01-01/2026-06-30,36,159206.SZ|159329.SZ|159687.SZ|159766.SZ|159920.SZ|159980.SZ|159981.SZ|159985.SZ|501018.SH|512100.SH|513070.SH|513500.SH|513880.SH,2.113735181742645,0.8781907596410816,ant,1
rolling_ant_colony,2025-07-01/2025-12-31,2026-01-01/2026-06-30,37,159329.SZ|159509.SZ|159869.SZ|159920.SZ|159928.SZ|159981.SZ|161226.SZ|501018.SH|513100.SH|513120.SH|513310.SH|518880.SH|588220.SH,1.8900274632488423,0.8496577034190855,ant,1
rolling_ant_colony,2025-07-01/2025-12-31,2026-01-01/2026-06-30,38,159529.SZ|159611.SZ|159980.SZ|160644.SZ|161226.SZ|501018.SH|512040.SH|512660.SH|513070.SH|513100.SH|513120.SH|513290.SH|518880.SH,2.982105615789937,0.6905699079687241,ant,1
rolling_ant_colony,2025-07-01/2025-12-31,2026-01-01/2026-06-30,39,159329.SZ|159518.SZ|159869.SZ|159920.SZ|159980.SZ|159985.SZ|161226.SZ|510500.SH|512170.SH|513180.SH|513290.SH|513880.SH|518880.SH,2.4292344677779503,0.896611122646074,ant,1
rolling_ant_colony,2025-07-01/2025-12-31,2026-01-01/2026-06-30,40,159329.SZ|159509.SZ|159529.SZ|159796.SZ|159920.SZ|159980.SZ|159981.SZ|159985.SZ|161226.SZ|512040.SH|513180.SH|513290.SH|588200.SH,3.2027395905980347,0.896611122646074,ant,1
rolling_ant_colony,2025-07-01/2025-12-31,2026-01-01/2026-06-30,41,159326.SZ|159329.SZ|159529.SZ|159611.SZ|159981.SZ|160644.SZ|161226.SZ|501018.SH|512040.SH|513070.SH|513180.SH|513290.SH|518880.SH,2.1057085842025516,0.830842807816761,ant,2
rolling_ant_colony,2025-07-01/2025-12-31,2026-01-01/2026-06-30,42,159529.SZ|159865.SZ|159920.SZ|159980.SZ|159985.SZ|164824.SZ|501018.SH|512100.SH|512170.SH|513100.SH|513120.SH|513290.SH|518880.SH,1.6775006947202709,0.7258714443485212,ant,2
rolling_ant_colony,2025-07-01/2025-12-31,2026-01-01/2026-06-30,43,159329.SZ|159529.SZ|159611.SZ|159920.SZ|159980.SZ|161226.SZ|501018.SH|510050.SH|512980.SH|513080.SH|513120.SH|513290.SH|518880.SH,2.3759964935952,0.5489078219078787,ant,2
rolling_ant_colony,2025-07-01/2025-12-31,2026-01-01/2026-06-30,44,159518.SZ|159981.SZ|161226.SZ|501018.SH|512040.SH|512800.SH|513070.SH|513100.SH|513120.SH|513290.SH|513400.SH|518880.SH|588200.SH,3.2229190354547064,0.7210958925798221,ant,2
rolling_ant_colony,2025-07-01/2025-12-31,2026-01-01/2026-06-30,45,159209.SZ|159509.SZ|159529.SZ|159851.SZ|159928.SZ|159980.SZ|159981.SZ|159985.SZ|161226.SZ|513070.SH|513120.SH|513310.SH|513400.SH,3.3032882824313154,0.5672778172369838,ant,2
rolling_ant_colony,2025-07-01/2025-12-31,2026-01-01/2026-06-30,46,159201.SZ|159329.SZ|159920.SZ|159980.SZ|159981.SZ|159985.SZ|161226.SZ|164824.SZ|512170.SH|512800.SH|513070.SH|513100.SH|513880.SH,1.919838140926944,0.8781907596410816,ant,2
rolling_ant_colony,2025-07-01/2025-12-31,2026-01-01/2026-06-30,47,159509.SZ|159529.SZ|159920.SZ|159980.SZ|159981.SZ|161226.SZ|501018.SH|512040.SH|512200.SH|513070.SH|513290.SH|513880.SH|563300.SH,2.9091709756302593,0.8781907596410816,ant,2
rolling_ant_colony,2025-07-01/2025-12-31,2026-01-01/2026-06-30,48,159509.SZ|159518.SZ|159920.SZ|159928.SZ|159980.SZ|159981.SZ|159985.SZ|161226.SZ|512980.SH|513120.SH|513290.SH|513880.SH|588200.SH,2.734153877176234,0.5808373895737946,ant,2
rolling_ant_colony,2025-07-01/2025-12-31,2026-01-01/2026-06-30,49,159206.SZ|159509.SZ|159529.SZ|159611.SZ|159865.SZ|159920.SZ|159981.SZ|161226.SZ|501018.SH|513030.SH|513100.SH|513120.SH|518880.SH,2.7112163742850193,0.8496577034190855,ant,2
rolling_ant_colony,2025-07-01/2025-12-31,2026-01-01/2026-06-30,50,159981.SZ|161226.SZ|501018.SH|512040.SH|512170.SH|513100.SH|513120.SH|513180.SH|513500.SH|513730.SH|513880.SH|515220.SH|518880.SH,1.4778203267716101,0.8694020646184932,ant,2
rolling_ant_colony,2025-07-01/2025-12-31,2026-01-01/2026-06-30,51,159209.SZ|159509.SZ|159920.SZ|159980.SZ|159985.SZ|161226.SZ|501018.SH|510210.SH|513070.SH|513290.SH|513310.SH|513730.SH|588220.SH,3.426058633379668,0.8781907596410816,ant,2
rolling_ant_colony,2025-07-01/2025-12-31,2026-01-01/2026-06-30,52,159206.SZ|159329.SZ|159509.SZ|159852.SZ|159980.SZ|159981.SZ|159985.SZ|501018.SH|512800.SH|513100.SH|513120.SH|513730.SH|513750.SH,2.4644372177500506,0.8496577034190855,ant,2
rolling_ant_colony,2025-07-01/2025-12-31,2026-01-01/2026-06-30,53,159329.SZ|159870.SZ|159920.SZ|159980.SZ|159981.SZ|159985.SZ|161226.SZ|164824.SZ|512800.SH|513100.SH|513180.SH|513290.SH|588000.SH,2.3492613880303854,0.896611122646074,ant,2
rolling_ant_colony,2025-07-01/2025-12-31,2026-01-01/2026-06-30,54,159329.SZ|159509.SZ|159687.SZ|159920.SZ|159980.SZ|159985.SZ|161226.SZ|501018.SH|512800.SH|513180.SH|513880.SH|515210.SH|515880.SH,3.313750330887508,0.896611122646074,ant,2
rolling_ant_colony,2025-07-01/2025-12-31,2026-01-01/2026-06-30,55,159329.SZ|159509.SZ|159518.SZ|159529.SZ|159865.SZ|159980.SZ|161226.SZ|501018.SH|513120.SH|513180.SH|515210.SH|518880.SH|588200.SH,2.39653945438029,0.5489078219078787,ant,2
rolling_ant_colony,2025-07-01/2025-12-31,2026-01-01/2026-06-30,56,159509.SZ|159518.SZ|159928.SZ|159980.SZ|159985.SZ|160644.SZ|161226.SZ|501018.SH|512200.SH|513120.SH|513290.SH|513750.SH|516150.SH,3.0752607330925787,0.5188950868485037,ant,2
rolling_ant_colony,2025-07-01/2025-12-31,2026-01-01/2026-06-30,57,159206.SZ|159329.SZ|159509.SZ|159529.SZ|159915.SZ|159920.SZ|159980.SZ|159981.SZ|159985.SZ|161226.SZ|164824.SZ|512980.SH|513070.SH,3.0044035028590232,0.8781907596410816,ant,2
rolling_ant_colony,2025-07-01/2025-12-31,2026-01-01/2026-06-30,58,159201.SZ|159981.SZ|159985.SZ|161226.SZ|164824.SZ|501018.SH|510300.SH|512800.SH|513120.SH|513180.SH|513290.SH|513310.SH|513400.SH,2.5159170741953654,0.7611879085077661,ant,2
rolling_ant_colony,2025-07-01/2025-12-31,2026-01-01/2026-06-30,59,159509.SZ|159518.SZ|159611.SZ|159687.SZ|159865.SZ|159920.SZ|159981.SZ|159985.SZ|501018.SH|513070.SH|513100.SH|515880.SH|518880.SH,2.1906813833893035,0.8781907596410816,ant,2
rolling_ant_colony,2025-07-01/2025-12-31,2026-01-01/2026-06-30,60,159329.SZ|159509.SZ|159865.SZ|159870.SZ|159981.SZ|159985.SZ|161226.SZ|501018.SH|510180.SH|513030.SH|513070.SH|513100.SH|513750.SH,2.5153711044647076,0.8496577034190855,ant,2
rolling_ant_colony,2025-07-01/2025-12-31,2026-01-01/2026-06-30,61,159206.SZ|159509.SZ|159529.SZ|159852.SZ|159985.SZ|161226.SZ|501018.SH|510210.SH|513120.SH|513290.SH|513400.SH|513750.SH|518880.SH,3.459931307593984,0.6217638747343746,ant,3
rolling_ant_colony,2025-07-01/2025-12-31,2026-01-01/2026-06-30,62,159206.SZ|159509.SZ|159901.SZ|159980.SZ|159981.SZ|161226.SZ|513070.SH|513100.SH|513120.SH|513400.SH|513880.SH|516150.SH|518880.SH,3.9531786897643455,0.8496577034190855,ant,3
rolling_ant_colony,2025-07-01/2025-12-31,2026-01-01/2026-06-30,63,159529.SZ|159870.SZ|159980.SZ|159981.SZ|160644.SZ|161226.SZ|501018.SH|510180.SH|510500.SH|513070.SH|513120.SH|513310.SH|513730.SH,2.764016078632516,0.868522686947789,ant,3
rolling_ant_colony,2025-07-01/2025-12-31,2026-01-01/2026-06-30,64,159329.SZ|159509.SZ|159796.SZ|159865.SZ|159980.SZ|159985.SZ|161226.SZ|501018.SH|512200.SH|513120.SH|513290.SH|513310.SH|513750.SH,3.4407503799767856,0.5188950868485037,ant,3
rolling_ant_colony,2025-07-01/2025-12-31,2026-01-01/2026-06-30,65,159518.SZ|159529.SZ|159901.SZ|159920.SZ|159980.SZ|159981.SZ|159985.SZ|512800.SH|513120.SH|513290.SH|513400.SH|518880.SH|588220.SH,2.0400037148478907,0.8145437116320704,ant,3
rolling_ant_colony,2025-07-01/2025-12-31,2026-01-01/2026-06-30,66,159518.SZ|159920.SZ|159980.SZ|159981.SZ|159985.SZ|161226.SZ|164824.SZ|510500.SH|512400.SH|513180.SH|513290.SH|513730.SH|588000.SH,3.0748267251932817,0.896611122646074,ant,3
rolling_ant_colony,2025-07-01/2025-12-31,2026-01-01/2026-06-30,67,159329.SZ|159852.SZ|159920.SZ|159980.SZ|161226.SZ|501018.SH|513030.SH|513100.SH|513180.SH|513880.SH|515880.SH|516150.SH|518880.SH,3.0061033965217936,0.896611122646074,ant,3
rolling_ant_colony,2025-07-01/2025-12-31,2026-01-01/2026-06-30,68,159509.SZ|159980.SZ|159981.SZ|161226.SZ|501018.SH|512100.SH|512660.SH|513120.SH|513180.SH|513290.SH|513730.SH|513880.SH|563300.SH,3.074961877468211,0.9160990971620192,ant,3
rolling_ant_colony,2025-07-01/2025-12-31,2026-01-01/2026-06-30,69,159209.SZ|159329.SZ|159529.SZ|159796.SZ|159920.SZ|159981.SZ|159985.SZ|161226.SZ|501018.SH|510300.SH|513180.SH|513290.SH|513730.SH,2.944248455413095,0.896611122646074,ant,3
rolling_ant_colony,2025-07-01/2025-12-31,2026-01-01/2026-06-30,70,159206.SZ|159329.SZ|159529.SZ|159687.SZ|159981.SZ|159985.SZ|161226.SZ|512040.SH|513070.SH|513100.SH|513120.SH|518880.SH|562500.SH,3.41337779874371,0.6217724618329225,ant,3
rolling_ant_colony,2025-07-01/2025-12-31,2026-01-01/2026-06-30,71,159206.SZ|159509.SZ|159687.SZ|159796.SZ|159851.SZ|159981.SZ|159985.SZ|161226.SZ|501018.SH|513070.SH|513120.SH|513310.SH|513880.SH,3.2141205088378686,0.6572220276880232,ant,3
rolling_ant_colony,2025-07-01/2025-12-31,2026-01-01/2026-06-30,72,159329.SZ|159825.SZ|159949.SZ|159985.SZ|161226.SZ|501018.SH|513100.SH|513120.SH|513290.SH|513730.SH|513750.SH|518880.SH|562500.SH,2.882751982634135,0.690607802228965,ant,3
rolling_ant_colony,2025-07-01/2025-12-31,2026-01-01/2026-06-30,73,159209.SZ|159329.SZ|159509.SZ|159529.SZ|159687.SZ|159920.SZ|159980.SZ|159981.SZ|161226.SZ|501018.SH|512800.SH|513120.SH|515210.SH,2.9832925945792326,0.5970888776865212,ant,3
rolling_ant_colony,2025-07-01/2025-12-31,2026-01-01/2026-06-30,74,159329.SZ|159687.SZ|159796.SZ|159980.SZ|159981.SZ|161226.SZ|510210.SH|512040.SH|513070.SH|513290.SH|513400.SH|513750.SH|518880.SH,3.293386343200426,0.8495613101616063,ant,3
rolling_ant_colony,2025-07-01/2025-12-31,2026-01-01/2026-06-30,75,159509.SZ|159920.SZ|159980.SZ|159985.SZ|161226.SZ|501018.SH|510050.SH|512100.SH|513070.SH|513290.SH|513310.SH|513400.SH|588200.SH,3.444939855211412,0.8781907596410816,ant,3
rolling_ant_colony,2025-07-01/2025-12-31,2026-01-01/2026-06-30,76,159509.SZ|159518.SZ|159928.SZ|159980.SZ|159981.SZ|159985.SZ|161226.SZ|510180.SH|513070.SH|513400.SH|513750.SH|513880.SH|515790.SH,2.3259402392446873,0.6574226887978946,ant,3
rolling_ant_colony,2025-07-01/2025-12-31,2026-01-01/2026-06-30,77,159509.SZ|159766.SZ|159920.SZ|159980.SZ|159981.SZ|159985.SZ|160644.SZ|513100.SH|513180.SH|513880.SH|518880.SH|588200.SH|588220.SH,2.445779312146865,0.896611122646074,ant,3
rolling_ant_colony,2025-07-01/2025-12-31,2026-01-01/2026-06-30,78,159206.SZ|159326.SZ|159509.SZ|159687.SZ|159980.SZ|159981.SZ|161226.SZ|501018.SH|513070.SH|513100.SH|513180.SH|513290.SH|515880.SH,3.675920749180561,0.8496577034190855,ant,3
rolling_ant_colony,2025-07-01/2025-12-31,2026-01-01/2026-06-30,79,159209.SZ|159901.SZ|159920.SZ|159980.SZ|159981.SZ|159985.SZ|164824.SZ|501018.SH|513070.SH|513100.SH|513730.SH|513880.SH|588220.SH,1.3025095390311126,0.8781907596410816,ant,3
rolling_ant_colony,2025-07-01/2025-12-31,2026-01-01/2026-06-30,80,159206.SZ|159509.SZ|159920.SZ|159967.SZ|159981.SZ|159985.SZ|161226.SZ|501018.SH|513070.SH|513100.SH|513290.SH|513400.SH|588200.SH,4.205730488165523,0.8781907596410816,ant,3
rolling_ant_colony,2025-07-01/2025-12-31,2026-01-01/2026-06-30,81,159509.SZ|159529.SZ|159611.SZ|159980.SZ|159981.SZ|159985.SZ|161226.SZ|510500.SH|513070.SH|513120.SH|513290.SH|513500.SH|516150.SH,3.4559683211395833,0.7412591912692081,ant,4
rolling_ant_colony,2025-07-01/2025-12-31,2026-01-01/2026-06-30,82,159509.SZ|159529.SZ|159796.SZ|159851.SZ|159980.SZ|159981.SZ|161226.SZ|164824.SZ|501018.SH|513070.SH|513180.SH|513400.SH|516150.SH,2.8736507754345713,0.830842807816761,ant,4
rolling_ant_colony,2025-07-01/2025-12-31,2026-01-01/2026-06-30,83,159518.SZ|159766.SZ|159796.SZ|159920.SZ|159981.SZ|159985.SZ|161226.SZ|501018.SH|513070.SH|513290.SH|513310.SH|513400.SH|515210.SH,2.658326272201922,0.8781907596410816,ant,4
rolling_ant_colony,2025-07-01/2025-12-31,2026-01-01/2026-06-30,84,159509.SZ|159851.SZ|159920.SZ|159981.SZ|161226.SZ|501018.SH|513100.SH|513290.SH|513400.SH|513750.SH|515880.SH|516150.SH|518880.SH,4.130115800874729,0.8496577034190855,ant,4
rolling_ant_colony,2025-07-01/2025-12-31,2026-01-01/2026-06-30,85,159206.SZ|159329.SZ|159509.SZ|159981.SZ|159985.SZ|161226.SZ|501018.SH|512040.SH|513070.SH|513120.SH|513290.SH|513400.SH|515210.SH,4.011818954580421,0.6829839888831436,ant,4
rolling_ant_colony,2025-07-01/2025-12-31,2026-01-01/2026-06-30,86,159209.SZ|159329.SZ|159980.SZ|159981.SZ|159985.SZ|161226.SZ|513100.SH|513120.SH|513400.SH|513730.SH|513750.SH|563300.SH|588200.SH,2.8271414744115537,0.7210958925798221,ant,4
rolling_ant_colony,2025-07-01/2025-12-31,2026-01-01/2026-06-30,87,159326.SZ|159509.SZ|159980.SZ|160644.SZ|161226.SZ|164824.SZ|501018.SH|512040.SH|513070.SH|513100.SH|513120.SH|518880.SH|588200.SH,2.339034078292426,0.8496577034190855,ant,4
rolling_ant_colony,2025-07-01/2025-12-31,2026-01-01/2026-06-30,88,159529.SZ|159611.SZ|159766.SZ|159920.SZ|159981.SZ|159985.SZ|161226.SZ|164824.SZ|501018.SH|513070.SH|513290.SH|513400.SH|588220.SH,1.3322051990218988,0.8781907596410816,ant,4
rolling_ant_colony,2025-07-01/2025-12-31,2026-01-01/2026-06-30,89,159509.SZ|159920.SZ|159980.SZ|159981.SZ|161226.SZ|501018.SH|510210.SH|512980.SH|513070.SH|513080.SH|513100.SH|513290.SH|588200.SH,3.8165840642845703,0.8781907596410816,ant,4
rolling_ant_colony,2025-07-01/2025-12-31,2026-01-01/2026-06-30,90,159329.SZ|159509.SZ|159529.SZ|159825.SZ|159920.SZ|159928.SZ|159980.SZ|159985.SZ|161226.SZ|501018.SH|513180.SH|513290.SH|588220.SH,2.721244151997232,0.896611122646074,ant,4
rolling_ant_colony,2025-07-01/2025-12-31,2026-01-01/2026-06-30,91,159329.SZ|159687.SZ|159852.SZ|159967.SZ|159980.SZ|159985.SZ|161226.SZ|501018.SH|513070.SH|513120.SH|513310.SH|513880.SH|516150.SH,2.287346260261941,0.6572220276880232,ant,4
rolling_ant_colony,2025-07-01/2025-12-31,2026-01-01/2026-06-30,92,159687.SZ|159920.SZ|159980.SZ|159981.SZ|159985.SZ|164824.SZ|501018.SH|512040.SH|513180.SH|513290.SH|513400.SH|515220.SH|588220.SH,0.47638049570370006,0.896611122646074,ant,4
rolling_ant_colony,2025-07-01/2025-12-31,2026-01-01/2026-06-30,93,159981.SZ|161226.SZ|164824.SZ|501018.SH|512100.SH|512800.SH|513070.SH|513100.SH|513120.SH|513290.SH|513400.SH|518880.SH|588220.SH,2.8627730777797455,0.8820759359846061,ant,4
rolling_ant_colony,2025-07-01/2025-12-31,2026-01-01/2026-06-30,94,159201.SZ|159981.SZ|159985.SZ|160644.SZ|161226.SZ|501018.SH|510180.SH|513070.SH|513100.SH|513120.SH|513290.SH|513880.SH|562500.SH,2.8761056482498164,0.7883493202217188,ant,4
rolling_ant_colony,2025-07-01/2025-12-31,2026-01-01/2026-06-30,95,159206.SZ|159329.SZ|159509.SZ|159529.SZ|159980.SZ|161226.SZ|501018.SH|512800.SH|513070.SH|513080.SH|513180.SH|518880.SH|588220.SH,2.481149067672664,0.830842807816761,ant,4
rolling_ant_colony,2025-07-01/2025-12-31,2026-01-01/2026-06-30,96,159687.SZ|159920.SZ|159985.SZ|161226.SZ|164824.SZ|501018.SH|512100.SH|512800.SH|513180.SH|513290.SH|513310.SH|518880.SH|563300.SH,2.707945404574227,0.9160990971620192,ant,4
rolling_ant_colony,2025-07-01/2025-12-31,2026-01-01/2026-06-30,97,159611.SZ|159980.SZ|159981.SZ|159985.SZ|161226.SZ|164824.SZ|512040.SH|513070.SH|513120.SH|513290.SH|513730.SH|513880.SH|588200.SH,2.4838773153667764,0.6905699079687241,ant,4
rolling_ant_colony,2025-07-01/2025-12-31,2026-01-01/2026-06-30,98,159206.SZ|159329.SZ|159509.SZ|159518.SZ|159687.SZ|159852.SZ|159920.SZ|159980.SZ|159985.SZ|161226.SZ|501018.SH|513120.SH|588000.SH,2.770257829492532,0.7295698082371033,ant,4
rolling_ant_colony,2025-07-01/2025-12-31,2026-01-01/2026-06-30,99,159529.SZ|159920.SZ|159980.SZ|161226.SZ|501018.SH|510180.SH|510880.SH|513070.SH|513100.SH|513290.SH|513310.SH|515210.SH|518880.SH,3.0142886679375436,0.8781907596410816,ant,4
rolling_ant_colony,2025-07-01/2025-12-31,2026-01-01/2026-06-30,100,159518.SZ|159851.SZ|159980.SZ|159985.SZ|161226.SZ|512040.SH|513070.SH|513100.SH|513180.SH|513400.SH|513730.SH|518880.SH|588200.SH,2.1138098685621607,0.830842807816761,ant,4
rolling_ant_colony,2026-01-01/2026-06-30,2026-07-01/2026-07-26,1,159329.SZ|159509.SZ|159920.SZ|159980.SZ|159981.SZ|159985.SZ|510050.SH|512400.SH|513070.SH|513290.SH|513880.SH|518880.SH|562500.SH,0.4996251819959846,0.7921734576246972,ant,0
rolling_ant_colony,2026-01-01/2026-06-30,2026-07-01/2026-07-26,2,159329.SZ|159851.SZ|159920.SZ|159981.SZ|160644.SZ|161226.SZ|501018.SH|512400.SH|512980.SH|513030.SH|513180.SH|513730.SH|518880.SH,-1.8209034913146178,0.8614689435973625,ant,0
rolling_ant_colony,2026-01-01/2026-06-30,2026-07-01/2026-07-26,3,159209.SZ|159329.SZ|159518.SZ|159796.SZ|159980.SZ|159985.SZ|161226.SZ|513180.SH|513500.SH|513730.SH|513750.SH|518880.SH|588200.SH,0.5825151778880363,0.7802658508638117,ant,0
rolling_ant_colony,2026-01-01/2026-06-30,2026-07-01/2026-07-26,4,159509.SZ|159687.SZ|159920.SZ|159928.SZ|159949.SZ|159980.SZ|159981.SZ|161226.SZ|512200.SH|513070.SH|513100.SH|513730.SH|518880.SH,0.0801066552968513,0.8901497039450326,ant,0
rolling_ant_colony,2026-01-01/2026-06-30,2026-07-01/2026-07-26,5,159206.SZ|159870.SZ|159901.SZ|159980.SZ|159985.SZ|501018.SH|513120.SH|513290.SH|513310.SH|513500.SH|513730.SH|513750.SH|518880.SH,2.4885539795540796,0.7802658508638117,ant,0
rolling_ant_colony,2026-01-01/2026-06-30,2026-07-01/2026-07-26,6,159329.SZ|159870.SZ|159981.SZ|159985.SZ|161226.SZ|164824.SZ|512100.SH|512200.SH|513080.SH|513180.SH|513750.SH|518880.SH|520870.SH,-1.0292885426266942,0.6444837059254083,ant,0
rolling_ant_colony,2026-01-01/2026-06-30,2026-07-01/2026-07-26,7,159509.SZ|159529.SZ|159611.SZ|159869.SZ|159980.SZ|159981.SZ|159985.SZ|501018.SH|513070.SH|513180.SH|513730.SH|520870.SH|588220.SH,0.6495609093000457,0.75732479050478,ant,0
rolling_ant_colony,2026-01-01/2026-06-30,2026-07-01/2026-07-26,8,159509.SZ|159825.SZ|159869.SZ|159980.SZ|159985.SZ|160644.SZ|161226.SZ|513120.SH|513290.SH|513500.SH|513750.SH|518880.SH|588200.SH,1.3306699023163346,0.8077971362532227,ant,0
rolling_ant_colony,2026-01-01/2026-06-30,2026-07-01/2026-07-26,9,159206.SZ|159687.SZ|159796.SZ|159920.SZ|159980.SZ|159981.SZ|159985.SZ|512200.SH|513290.SH|513310.SH|513500.SH|513750.SH|518880.SH,1.0992367763933926,0.8225381952022786,ant,0
rolling_ant_colony,2026-01-01/2026-06-30,2026-07-01/2026-07-26,10,159851.SZ|159980.SZ|161226.SZ|501018.SH|512100.SH|512890.SH|513080.SH|513120.SH|513310.SH|513500.SH|513750.SH|518880.SH|520870.SH,0.30601466334414484,0.7522587312090414,ant,0
rolling_ant_colony,2026-01-01/2026-06-30,2026-07-01/2026-07-26,11,159329.SZ|159766.SZ|159851.SZ|159920.SZ|159980.SZ|159981.SZ|161226.SZ|501018.SH|510300.SH|513180.SH|513290.SH|513400.SH|513500.SH,0.12123137267498618,0.8614689435973625,ant,0
rolling_ant_colony,2026-01-01/2026-06-30,2026-07-01/2026-07-26,12,159796.SZ|159920.SZ|159928.SZ|159980.SZ|159985.SZ|161226.SZ|501018.SH|512100.SH|513290.SH|513400.SH|513500.SH|513750.SH|513880.SH,1.115486523557283,0.8225381952022786,ant,0
rolling_ant_colony,2026-01-01/2026-06-30,2026-07-01/2026-07-26,13,159329.SZ|159687.SZ|159870.SZ|159980.SZ|159985.SZ|161226.SZ|501018.SH|510880.SH|513100.SH|513180.SH|513750.SH|513880.SH|588000.SH,1.3722967211848482,0.8411201594101444,ant,0
rolling_ant_colony,2026-01-01/2026-06-30,2026-07-01/2026-07-26,14,159529.SZ|159766.SZ|159920.SZ|159981.SZ|161226.SZ|501018.SH|510180.SH|512980.SH|513030.SH|513070.SH|513400.SH|518880.SH|520870.SH,-0.001481336004406151,0.7904299779342615,ant,0
rolling_ant_colony,2026-01-01/2026-06-30,2026-07-01/2026-07-26,15,159825.SZ|159852.SZ|159980.SZ|159981.SZ|159985.SZ|161226.SZ|164824.SZ|513030.SH|513070.SH|513100.SH|513310.SH|513750.SH|563300.SH,0.5856213840157223,0.7112151155719311,ant,0
rolling_ant_colony,2026-01-01/2026-06-30,2026-07-01/2026-07-26,16,159206.SZ|159509.SZ|159518.SZ|159529.SZ|159920.SZ|159981.SZ|159985.SZ|161226.SZ|164824.SZ|510210.SH|513180.SH|518880.SH|563300.SH,-0.6591977386281391,0.8614689435973625,ant,0
rolling_ant_colony,2026-01-01/2026-06-30,2026-07-01/2026-07-26,17,159209.SZ|159529.SZ|159796.SZ|159920.SZ|159980.SZ|159981.SZ|161226.SZ|501018.SH|510180.SH|513030.SH|513180.SH|513400.SH|513730.SH,-1.1903900360874464,0.8614689435973625,ant,0
rolling_ant_colony,2026-01-01/2026-06-30,2026-07-01/2026-07-26,18,159201.SZ|159326.SZ|159518.SZ|159980.SZ|159981.SZ|159985.SZ|501018.SH|512200.SH|513030.SH|513070.SH|513120.SH|513400.SH|513500.SH,-0.19851410714843695,0.7904299779342615,ant,0
rolling_ant_colony,2026-01-01/2026-06-30,2026-07-01/2026-07-26,19,159206.SZ|159329.SZ|159509.SZ|159529.SZ|159796.SZ|159920.SZ|159980.SZ|159985.SZ|161226.SZ|501018.SH|513400.SH|513750.SH|588220.SH,1.166836265852353,0.8225381952022786,ant,0
rolling_ant_colony,2026-01-01/2026-06-30,2026-07-01/2026-07-26,20,159201.SZ|159509.SZ|159529.SZ|159687.SZ|159920.SZ|159981.SZ|159985.SZ|164824.SZ|501018.SH|512880.SH|513750.SH|518880.SH|562500.SH,0.7672082942243625,0.8225381952022786,ant,0
rolling_ant_colony,2026-01-01/2026-06-30,2026-07-01/2026-07-26,21,159326.SZ|159980.SZ|159985.SZ|160644.SZ|501018.SH|513100.SH|513180.SH|513500.SH|513750.SH|513880.SH|515790.SH|518880.SH|588000.SH,2.040085252670643,0.8950356736682759,ant,1
rolling_ant_colony,2026-01-01/2026-06-30,2026-07-01/2026-07-26,22,159509.SZ|159529.SZ|159825.SZ|159980.SZ|159981.SZ|161226.SZ|512980.SH|513070.SH|513730.SH|513750.SH|513880.SH|518880.SH|588200.SH,0.5077592152799826,0.7921734576246972,ant,1
rolling_ant_colony,2026-01-01/2026-06-30,2026-07-01/2026-07-26,23,159201.SZ|159980.SZ|159981.SZ|159985.SZ|501018.SH|513070.SH|513290.SH|513310.SH|513500.SH|513730.SH|513750.SH|515220.SH|515880.SH,1.9197782608129672,0.7802658508638117,ant,1
rolling_ant_colony,2026-01-01/2026-06-30,2026-07-01/2026-07-26,24,159509.SZ|159529.SZ|159825.SZ|159901.SZ|159980.SZ|159985.SZ|161226.SZ|501018.SH|512660.SH|513180.SH|513310.SH|513500.SH|513750.SH,1.2785461360029717,0.8077971362532227,ant,1
rolling_ant_colony,2026-01-01/2026-06-30,2026-07-01/2026-07-26,25,159206.SZ|159687.SZ|159825.SZ|159980.SZ|159981.SZ|159985.SZ|160644.SZ|164824.SZ|501018.SH|513070.SH|513100.SH|513120.SH|588220.SH,1.9430063150538275,0.8329328713285479,ant,1
rolling_ant_colony,2026-01-01/2026-06-30,2026-07-01/2026-07-26,26,159201.SZ|159509.SZ|159518.SZ|159869.SZ|159920.SZ|159980.SZ|159981.SZ|159985.SZ|161226.SZ|510500.SH|513180.SH|513310.SH|513500.SH,1.842069661515844,0.8614689435973625,ant,1
rolling_ant_colony,2026-01-01/2026-06-30,2026-07-01/2026-07-26,27,159206.SZ|159687.SZ|159980.SZ|159981.SZ|161226.SZ|501018.SH|512200.SH|512980.SH|513100.SH|513180.SH|513500.SH|513750.SH|520870.SH,0.6482877036017733,0.8950356736682759,ant,1
rolling_ant_colony,2026-01-01/2026-06-30,2026-07-01/2026-07-26,28,159518.SZ|159796.SZ|159920.SZ|159980.SZ|159985.SZ|161226.SZ|501018.SH|512200.SH|513100.SH|513400.SH|513730.SH|513750.SH|562500.SH,0.33702954243367794,0.8225381952022786,ant,1
rolling_ant_colony,2026-01-01/2026-06-30,2026-07-01/2026-07-26,29,159206.SZ|159870.SZ|159920.SZ|159980.SZ|159985.SZ|161226.SZ|501018.SH|510500.SH|513080.SH|513180.SH|513290.SH|513310.SH|513400.SH,0.5416336365007894,0.8614689435973625,ant,1
rolling_ant_colony,2026-01-01/2026-06-30,2026-07-01/2026-07-26,30,159326.SZ|159865.SZ|159985.SZ|161226.SZ|501018.SH|510180.SH|513030.SH|513100.SH|513120.SH|513310.SH|513400.SH|513750.SH|518880.SH,1.485482199696767,0.7904299779342615,ant,1
rolling_ant_colony,2026-01-01/2026-06-30,2026-07-01/2026-07-26,31,159329.SZ|159869.SZ|159980.SZ|160644.SZ|161226.SZ|501018.SH|510880.SH|512660.SH|513120.SH|513180.SH|513880.SH|518880.SH|520870.SH,0.3559386278133436,0.7522587312090414,ant,1
rolling_ant_colony,2026-01-01/2026-06-30,2026-07-01/2026-07-26,32,159326.SZ|159980.SZ|159985.SZ|160644.SZ|161226.SZ|513030.SH|513180.SH|513290.SH|513310.SH|513750.SH|515210.SH|518880.SH|588220.SH,1.7761910171597595,0.7522587312090414,ant,1
rolling_ant_colony,2026-01-01/2026-06-30,2026-07-01/2026-07-26,33,159766.SZ|159920.SZ|159980.SZ|159985.SZ|161226.SZ|512890.SH|513030.SH|513100.SH|513120.SH|513310.SH|513730.SH|518880.SH|588220.SH,0.7850565358343735,0.7965634434938876,ant,1
rolling_ant_colony,2026-01-01/2026-06-30,2026-07-01/2026-07-26,34,159869.SZ|159920.SZ|159967.SZ|159980.SZ|160644.SZ|161226.SZ|501018.SH|512800.SH|513100.SH|513120.SH|513400.SH|513880.SH|518880.SH,1.8298161213459552,0.8137662027812319,ant,1
rolling_ant_colony,2026-01-01/2026-06-30,2026-07-01/2026-07-26,35,159206.SZ|159518.SZ|159611.SZ|159869.SZ|159920.SZ|159980.SZ|159985.SZ|161226.SZ|501018.SH|513070.SH|513100.SH|513400.SH|513500.SH,0.664987180139211,0.8950356736682759,ant,1
rolling_ant_colony,2026-01-01/2026-06-30,2026-07-01/2026-07-26,36,159329.SZ|159529.SZ|159825.SZ|159865.SZ|159980.SZ|159985.SZ|161226.SZ|512980.SH|513120.SH|513290.SH|513750.SH|513880.SH|518880.SH,0.024043320110184924,0.8913364150715531,ant,1
rolling_ant_colony,2026-01-01/2026-06-30,2026-07-01/2026-07-26,37,159509.SZ|159529.SZ|159915.SZ|159920.SZ|159981.SZ|159985.SZ|501018.SH|513100.SH|513310.SH|513750.SH|515220.SH|515790.SH|518880.SH,1.5956591073140742,0.8901497039450326,ant,1
rolling_ant_colony,2026-01-01/2026-06-30,2026-07-01/2026-07-26,38,159687.SZ|159851.SZ|159920.SZ|159980.SZ|159985.SZ|161226.SZ|501018.SH|513070.SH|513290.SH|513500.SH|513880.SH|588200.SH|588220.SH,1.311607317924394,0.8962680546181492,ant,1
rolling_ant_colony,2026-01-01/2026-06-30,2026-07-01/2026-07-26,39,159796.SZ|159870.SZ|159920.SZ|159981.SZ|159985.SZ|160644.SZ|501018.SH|513070.SH|513310.SH|513500.SH|515210.SH|518880.SH|520870.SH,1.9775511581352772,0.7170096681479771,ant,1
rolling_ant_colony,2026-01-01/2026-06-30,2026-07-01/2026-07-26,40,159329.SZ|159509.SZ|159980.SZ|159985.SZ|160644.SZ|161226.SZ|501018.SH|513180.SH|513730.SH|513750.SH|562500.SH|563300.SH|588000.SH,1.1222146859320605,0.8036981079911343,ant,1
rolling_ant_colony,2026-01-01/2026-06-30,2026-07-01/2026-07-26,41,159687.SZ|159980.SZ|160644.SZ|161226.SZ|501018.SH|510210.SH|512040.SH|513120.SH|513310.SH|513730.SH|513750.SH|515220.SH|518880.SH,0.9561304222535354,0.8591512581365628,ant,2
rolling_ant_colony,2026-01-01/2026-06-30,2026-07-01/2026-07-26,42,159209.SZ|159509.SZ|159518.SZ|159920.SZ|159980.SZ|159981.SZ|159985.SZ|161226.SZ|510300.SH|513180.SH|513290.SH|513310.SH|515790.SH,1.5958278574398832,0.8614689435973625,ant,2
rolling_ant_colony,2026-01-01/2026-06-30,2026-07-01/2026-07-26,43,159329.SZ|159851.SZ|159980.SZ|159985.SZ|160644.SZ|501018.SH|513100.SH|513120.SH|513400.SH|513750.SH|516150.SH|518880.SH|562500.SH,0.7276951393300702,0.7522587312090414,ant,2
rolling_ant_colony,2026-01-01/2026-06-30,2026-07-01/2026-07-26,44,159209.SZ|159509.SZ|159915.SZ|159920.SZ|159981.SZ|159985.SZ|161226.SZ|501018.SH|513310.SH|513400.SH|513750.SH|513880.SH|562500.SH,2.1045735410885458,0.8225381952022786,ant,2
rolling_ant_colony,2026-01-01/2026-06-30,2026-07-01/2026-07-26,45,159209.SZ|159329.SZ|159920.SZ|159980.SZ|159981.SZ|159985.SZ|513120.SH|513290.SH|513310.SH|518880.SH|520870.SH|588000.SH|588220.SH,2.333199680544228,0.8945536332445877,ant,2
rolling_ant_colony,2026-01-01/2026-06-30,2026-07-01/2026-07-26,46,159949.SZ|159985.SZ|160644.SZ|161226.SZ|164824.SZ|501018.SH|512100.SH|512200.SH|513070.SH|513180.SH|513400.SH|513880.SH|518880.SH,0.5543917238214001,0.7778148332376759,ant,2
rolling_ant_colony,2026-01-01/2026-06-30,2026-07-01/2026-07-26,47,159529.SZ|159852.SZ|159870.SZ|159901.SZ|159920.SZ|159985.SZ|161226.SZ|164824.SZ|501018.SH|513080.SH|513100.SH|513750.SH|518880.SH,0.6527897126649375,0.8225381952022786,ant,2
rolling_ant_colony,2026-01-01/2026-06-30,2026-07-01/2026-07-26,48,159980.SZ|159981.SZ|159985.SZ|160644.SZ|164824.SZ|501018.SH|510210.SH|513180.SH|513500.SH|513750.SH|513880.SH|515880.SH|563300.SH,2.0710459285101757,0.8001806038239063,ant,2
rolling_ant_colony,2026-01-01/2026-06-30,2026-07-01/2026-07-26,49,159206.SZ|159901.SZ|159920.SZ|159980.SZ|159985.SZ|160644.SZ|501018.SH|513180.SH|513310.SH|513500.SH|513730.SH|518880.SH|562500.SH,1.5742537638654914,0.8614689435973625,ant,2
rolling_ant_colony,2026-01-01/2026-06-30,2026-07-01/2026-07-26,50,159206.SZ|159980.SZ|159981.SZ|159985.SZ|501018.SH|510300.SH|513070.SH|513080.SH|513290.SH|513310.SH|513500.SH|513750.SH|515880.SH,2.0197965036558987,0.6956925465657011,ant,2
rolling_ant_colony,2026-01-01/2026-06-30,2026-07-01/2026-07-26,51,159529.SZ|159687.SZ|159796.SZ|159825.SZ|159865.SZ|159981.SZ|159985.SZ|160644.SZ|161226.SZ|501018.SH|513180.SH|513730.SH|513750.SH,0.14260235568482205,0.8913364150715531,ant,2
rolling_ant_colony,2026-01-01/2026-06-30,2026-07-01/2026-07-26,52,159529.SZ|159920.SZ|159980.SZ|159981.SZ|159985.SZ|164824.SZ|501018.SH|510500.SH|513310.SH|513500.SH|513750.SH|515790.SH|588000.SH,1.561329582889369,0.8225381952022786,ant,2
rolling_ant_colony,2026-01-01/2026-06-30,2026-07-01/2026-07-26,53,159518.SZ|159687.SZ|159852.SZ|159980.SZ|159985.SZ|501018.SH|512170.SH|513120.SH|513180.SH|513290.SH|513880.SH|518880.SH|562500.SH,0.7843239441759382,0.8411201594101444,ant,2
rolling_ant_colony,2026-01-01/2026-06-30,2026-07-01/2026-07-26,54,159980.SZ|159985.SZ|160644.SZ|501018.SH|512170.SH|513070.SH|513180.SH|513310.SH|513730.SH|513880.SH|515210.SH|518880.SH|588220.SH,1.033754303896221,0.7609825374948022,ant,2
rolling_ant_colony,2026-01-01/2026-06-30,2026-07-01/2026-07-26,55,159329.SZ|159509.SZ|159980.SZ|159981.SZ|159985.SZ|512040.SH|512800.SH|513070.SH|513100.SH|513180.SH|513730.SH|518880.SH|588000.SH,0.08631174750179062,0.8901497039450326,ant,2
rolling_ant_colony,2026-01-01/2026-06-30,2026-07-01/2026-07-26,56,159825.SZ|159980.SZ|159981.SZ|159985.SZ|160644.SZ|501018.SH|510050.SH|513030.SH|513070.SH|513100.SH|513500.SH|513750.SH|515790.SH,1.059614914549898,0.8950356736682759,ant,2
rolling_ant_colony,2026-01-01/2026-06-30,2026-07-01/2026-07-26,57,159329.SZ|159529.SZ|159611.SZ|159870.SZ|159980.SZ|159985.SZ|160644.SZ|501018.SH|513070.SH|513310.SH|513750.SH|515210.SH|518880.SH,1.4147151661401625,0.7522587312090414,ant,2
rolling_ant_colony,2026-01-01/2026-06-30,2026-07-01/2026-07-26,58,159326.SZ|159329.SZ|159509.SZ|159920.SZ|159980.SZ|159985.SZ|161226.SZ|501018.SH|512980.SH|513500.SH|513750.SH|513880.SH|516150.SH,1.8259204126138011,0.8225381952022786,ant,2
rolling_ant_colony,2026-01-01/2026-06-30,2026-07-01/2026-07-26,59,159870.SZ|159967.SZ|159980.SZ|159985.SZ|160644.SZ|501018.SH|512100.SH|513070.SH|513120.SH|513400.SH|513500.SH|513880.SH|518880.SH,1.2173839648157017,0.7824809592486331,ant,2
rolling_ant_colony,2026-01-01/2026-06-30,2026-07-01/2026-07-26,60,159869.SZ|159981.SZ|159985.SZ|160644.SZ|164824.SZ|501018.SH|510210.SH|512800.SH|513070.SH|513180.SH|513310.SH|513500.SH|518880.SH,1.313902438325449,0.665760968479371,ant,2
rolling_ant_colony,2026-01-01/2026-06-30,2026-07-01/2026-07-26,61,159206.SZ|159518.SZ|159928.SZ|159980.SZ|159985.SZ|501018.SH|513100.SH|513120.SH|513310.SH|513400.SH|513750.SH|515880.SH|518880.SH,1.821415374163398,0.7522587312090414,ant,3
rolling_ant_colony,2026-01-01/2026-06-30,2026-07-01/2026-07-26,62,159326.SZ|159329.SZ|159529.SZ|159611.SZ|159825.SZ|159920.SZ|159980.SZ|159981.SZ|159985.SZ|501018.SH|513120.SH|513310.SH|520870.SH,-0.06818187980165205,0.665760968479371,ant,3
rolling_ant_colony,2026-01-01/2026-06-30,2026-07-01/2026-07-26,63,159870.SZ|159915.SZ|159980.SZ|159985.SZ|161226.SZ|501018.SH|512880.SH|513180.SH|513290.SH|513310.SH|513730.SH|513750.SH|520870.SH,2.30486665803808,0.6347501798009353,ant,3
rolling_ant_colony,2026-01-01/2026-06-30,2026-07-01/2026-07-26,64,159201.SZ|159509.SZ|159529.SZ|159869.SZ|159985.SZ|161226.SZ|501018.SH|513070.SH|513120.SH|513310.SH|513880.SH|518880.SH|588200.SH,2.3895865066294015,0.7921734576246972,ant,3
rolling_ant_colony,2026-01-01/2026-06-30,2026-07-01/2026-07-26,65,159326.SZ|159920.SZ|159981.SZ|159985.SZ|161226.SZ|510210.SH|513100.SH|513180.SH|513310.SH|513880.SH|518880.SH|520870.SH|588220.SH,1.2830253643817444,0.8614689435973625,ant,3
rolling_ant_colony,2026-01-01/2026-06-30,2026-07-01/2026-07-26,66,159825.SZ|159920.SZ|159980.SZ|159981.SZ|159985.SZ|160644.SZ|161226.SZ|510300.SH|513100.SH|513750.SH|513880.SH|515790.SH|520870.SH,1.3628242031735864,0.8225381952022786,ant,3
rolling_ant_colony,2026-01-01/2026-06-30,2026-07-01/2026-07-26,67,159509.SZ|159920.SZ|159980.SZ|159985.SZ|160644.SZ|501018.SH|510210.SH|513500.SH|513750.SH|513880.SH|518880.SH|562500.SH|588220.SH,1.3367768022706343,0.8225381952022786,ant,3
rolling_ant_colony,2026-01-01/2026-06-30,2026-07-01/2026-07-26,68,159329.SZ|159901.SZ|159920.SZ|159980.SZ|161226.SZ|501018.SH|512400.SH|513070.SH|513310.SH|513880.SH|515790.SH|518880.SH|520870.SH,0.58250205123432,0.7522587312090414,ant,3
rolling_ant_colony,2026-01-01/2026-06-30,2026-07-01/2026-07-26,69,159329.SZ|159611.SZ|159687.SZ|159851.SZ|159865.SZ|159980.SZ|159981.SZ|159985.SZ|160644.SZ|501018.SH|513070.SH|513080.SH|513180.SH,0.3181151214850355,0.6814283671685154,ant,3
rolling_ant_colony,2026-01-01/2026-06-30,2026-07-01/2026-07-26,70,159509.SZ|159796.SZ|159869.SZ|159980.SZ|161226.SZ|501018.SH|513100.SH|513120.SH|513180.SH|513500.SH|513880.SH|518880.SH|588220.SH,1.271908312523268,0.8950356736682759,ant,3
rolling_ant_colony,2026-01-01/2026-06-30,2026-07-01/2026-07-26,71,159509.SZ|159920.SZ|159949.SZ|159980.SZ|159985.SZ|161226.SZ|501018.SH|510210.SH|512400.SH|513070.SH|513290.SH|513400.SH|513500.SH,0.5574030546516282,0.8077971362532227,ant,3
rolling_ant_colony,2026-01-01/2026-06-30,2026-07-01/2026-07-26,72,159687.SZ|159870.SZ|159920.SZ|159980.SZ|159981.SZ|159985.SZ|160644.SZ|501018.SH|513500.SH|513750.SH|513880.SH|516150.SH|563300.SH,1.467554453702357,0.8411201594101444,ant,3
rolling_ant_colony,2026-01-01/2026-06-30,2026-07-01/2026-07-26,73,159509.SZ|159529.SZ|159796.SZ|159980.SZ|159981.SZ|501018.SH|510500.SH|513030.SH|513120.SH|513730.SH|513750.SH|518880.SH|588000.SH,-0.02989445458748287,0.8007597017843449,ant,3
rolling_ant_colony,2026-01-01/2026-06-30,2026-07-01/2026-07-26,74,159509.SZ|159852.SZ|159967.SZ|159981.SZ|159985.SZ|501018.SH|513120.SH|513290.SH|513310.SH|513750.SH|513880.SH|515210.SH|518880.SH,2.471250778542694,0.7921734576246972,ant,3
rolling_ant_colony,2026-01-01/2026-06-30,2026-07-01/2026-07-26,75,159329.SZ|159796.SZ|159915.SZ|159920.SZ|159980.SZ|159981.SZ|160644.SZ|501018.SH|510180.SH|513070.SH|513880.SH|518880.SH|520870.SH,0.4033404297073429,0.7522587312090414,ant,3
rolling_ant_colony,2026-01-01/2026-06-30,2026-07-01/2026-07-26,76,159825.SZ|159920.SZ|159980.SZ|161226.SZ|501018.SH|512400.SH|512800.SH|513030.SH|513100.SH|513120.SH|513290.SH|513310.SH|518880.SH,0.22483813602454705,0.7522587312090414,ant,3
rolling_ant_colony,2026-01-01/2026-06-30,2026-07-01/2026-07-26,77,159209.SZ|159869.SZ|159870.SZ|159920.SZ|159980.SZ|159981.SZ|159985.SZ|164824.SZ|501018.SH|513100.SH|513120.SH|513310.SH|513500.SH,2.475554920143479,0.8950356736682759,ant,3
rolling_ant_colony,2026-01-01/2026-06-30,2026-07-01/2026-07-26,78,159796.SZ|159915.SZ|159920.SZ|159981.SZ|159985.SZ|161226.SZ|501018.SH|510500.SH|513100.SH|513180.SH|513290.SH|513310.SH|520870.SH,3.08769244551205,0.8614689435973625,ant,3
rolling_ant_colony,2026-01-01/2026-06-30,2026-07-01/2026-07-26,79,159201.SZ|159329.SZ|159509.SZ|159611.SZ|159870.SZ|159980.SZ|159981.SZ|159985.SZ|501018.SH|513180.SH|513290.SH|513750.SH|513880.SH,1.3298555057157968,0.7921734576246972,ant,3
rolling_ant_colony,2026-01-01/2026-06-30,2026-07-01/2026-07-26,80,159201.SZ|159980.SZ|159981.SZ|164824.SZ|501018.SH|510500.SH|513080.SH|513120.SH|513400.SH|513500.SH|513750.SH|515880.SH|518880.SH,0.9751481554324408,0.7798084311997701,ant,3
rolling_ant_colony,2026-01-01/2026-06-30,2026-07-01/2026-07-26,81,159206.SZ|159509.SZ|159611.SZ|159920.SZ|159980.SZ|159981.SZ|159985.SZ|501018.SH|513030.SH|513290.SH|513310.SH|513750.SH|562500.SH,0.9402307107304209,0.8225381952022786,ant,4
rolling_ant_colony,2026-01-01/2026-06-30,2026-07-01/2026-07-26,82,159209.SZ|159529.SZ|159796.SZ|159920.SZ|159981.SZ|159985.SZ|501018.SH|513120.SH|513310.SH|513400.SH|513730.SH|515210.SH|518880.SH,1.0045416293728207,0.7894230253883981,ant,4
rolling_ant_colony,2026-01-01/2026-06-30,2026-07-01/2026-07-26,83,159825.SZ|159852.SZ|159920.SZ|159980.SZ|159981.SZ|159985.SZ|501018.SH|513100.SH|513120.SH|513310.SH|513400.SH|513500.SH|516150.SH,1.800651833747995,0.8950356736682759,ant,4
rolling_ant_colony,2026-01-01/2026-06-30,2026-07-01/2026-07-26,84,159509.SZ|159870.SZ|159920.SZ|159981.SZ|159985.SZ|501018.SH|510300.SH|513290.SH|513310.SH|513500.SH|513750.SH|518880.SH|562500.SH,2.1638749765583123,0.8225381952022786,ant,4
rolling_ant_colony,2026-01-01/2026-06-30,2026-07-01/2026-07-26,85,159796.SZ|159825.SZ|159920.SZ|159981.SZ|159985.SZ|160644.SZ|161226.SZ|501018.SH|510500.SH|513030.SH|513070.SH|513100.SH|513500.SH,0.8760475319229842,0.8950356736682759,ant,4
rolling_ant_colony,2026-01-01/2026-06-30,2026-07-01/2026-07-26,86,159201.SZ|159329.SZ|159687.SZ|159851.SZ|159928.SZ|159980.SZ|159981.SZ|161226.SZ|513030.SH|513180.SH|513750.SH|518880.SH|520870.SH,-1.3683259531622733,0.7522587312090414,ant,4
rolling_ant_colony,2026-01-01/2026-06-30,2026-07-01/2026-07-26,87,159209.SZ|159509.SZ|159529.SZ|159915.SZ|159920.SZ|159980.SZ|159985.SZ|161226.SZ|510500.SH|513100.SH|513180.SH|513310.SH|518880.SH,1.4082915148357014,0.8901497039450326,ant,4
rolling_ant_colony,2026-01-01/2026-06-30,2026-07-01/2026-07-26,88,159870.SZ|159980.SZ|159981.SZ|159985.SZ|501018.SH|512100.SH|513070.SH|513100.SH|513120.SH|513310.SH|513500.SH|520870.SH|588200.SH,2.4109268193296103,0.8950356736682759,ant,4
rolling_ant_colony,2026-01-01/2026-06-30,2026-07-01/2026-07-26,89,159326.SZ|159329.SZ|159901.SZ|159980.SZ|159981.SZ|159985.SZ|160644.SZ|501018.SH|513100.SH|513120.SH|513180.SH|513290.SH|588000.SH,2.099162583851509,0.7194956759552422,ant,4
rolling_ant_colony,2026-01-01/2026-06-30,2026-07-01/2026-07-26,90,159796.SZ|159869.SZ|159980.SZ|159981.SZ|161226.SZ|501018.SH|510500.SH|513180.SH|513290.SH|513310.SH|513400.SH|513730.SH|513750.SH,1.1995975970828265,0.7894230253883981,ant,4
rolling_ant_colony,2026-01-01/2026-06-30,2026-07-01/2026-07-26,91,159518.SZ|159920.SZ|159980.SZ|159985.SZ|161226.SZ|501018.SH|513080.SH|513120.SH|513290.SH|515880.SH|520870.SH|562500.SH|588200.SH,2.3855043035547503,0.6860734152483863,ant,4
rolling_ant_colony,2026-01-01/2026-06-30,2026-07-01/2026-07-26,92,159870.SZ|159980.SZ|159981.SZ|159985.SZ|160644.SZ|161226.SZ|512040.SH|513070.SH|513310.SH|513500.SH|513750.SH|520870.SH|588220.SH,1.2607562743900482,0.7083752800603123,ant,4
rolling_ant_colony,2026-01-01/2026-06-30,2026-07-01/2026-07-26,93,159825.SZ|159981.SZ|159985.SZ|160644.SZ|161226.SZ|164824.SZ|501018.SH|510300.SH|513120.SH|513180.SH|513400.SH|513500.SH|562500.SH,1.3505302112510345,0.7798084311997701,ant,4
rolling_ant_colony,2026-01-01/2026-06-30,2026-07-01/2026-07-26,94,159206.SZ|159529.SZ|159980.SZ|159981.SZ|160644.SZ|161226.SZ|510500.SH|510880.SH|513120.SH|513180.SH|513310.SH|513500.SH|518880.SH,-0.10599572935226236,0.7522587312090414,ant,4
rolling_ant_colony,2026-01-01/2026-06-30,2026-07-01/2026-07-26,95,159201.SZ|159870.SZ|159920.SZ|159980.SZ|159981.SZ|159985.SZ|161226.SZ|512040.SH|513120.SH|513290.SH|513500.SH|513880.SH|520870.SH,0.6853705373586387,0.8632166599306768,ant,4
rolling_ant_colony,2026-01-01/2026-06-30,2026-07-01/2026-07-26,96,159201.SZ|159329.SZ|159869.SZ|159981.SZ|159985.SZ|501018.SH|512170.SH|513100.SH|513120.SH|513310.SH|513730.SH|513750.SH|518880.SH,0.09367748155484626,0.7965634434938876,ant,4
rolling_ant_colony,2026-01-01/2026-06-30,2026-07-01/2026-07-26,97,159201.SZ|159869.SZ|159870.SZ|159920.SZ|159980.SZ|159985.SZ|501018.SH|513120.SH|513290.SH|513400.SH|513500.SH|513880.SH|518880.SH,0.9267430423819425,0.7824809592486331,ant,4
rolling_ant_colony,2026-01-01/2026-06-30,2026-07-01/2026-07-26,98,159206.SZ|159796.SZ|159870.SZ|159980.SZ|159981.SZ|159985.SZ|160644.SZ|501018.SH|513120.SH|513180.SH|513290.SH|513310.SH|513500.SH,2.1462859098364633,0.665760968479371,ant,4
rolling_ant_colony,2026-01-01/2026-06-30,2026-07-01/2026-07-26,99,159206.SZ|159509.SZ|159687.SZ|159920.SZ|159981.SZ|159985.SZ|501018.SH|512040.SH|513290.SH|513310.SH|513750.SH|515790.SH|518880.SH,1.9661569212189534,0.8225381952022786,ant,4
rolling_ant_colony,2026-01-01/2026-06-30,2026-07-01/2026-07-26,100,159865.SZ|159920.SZ|159980.SZ|159981.SZ|160644.SZ|161226.SZ|164824.SZ|510050.SH|512800.SH|513120.SH|513310.SH|513500.SH|518880.SH,-0.570966127796994,0.7522587312090414,ant,4
