method,training_period,holding_period,code,eligible,posterior_mean_sharpe,observations,posterior_standard_error,rank,group,selected
rolling_thompson_sampling,2021-07-01/2021-12-31,2022-01-01/2022-06-30,159851.SZ,True,0.7267025628255251,21.0,0.1614525008744827,1,a_share,True
rolling_thompson_sampling,2021-07-01/2021-12-31,2022-01-01/2022-06-30,512040.SH,True,0.629075196436096,24.0,0.15102498562753364,2,a_share,True
rolling_thompson_sampling,2021-07-01/2021-12-31,2022-01-01/2022-06-30,510880.SH,True,0.6253820976335391,16.0,0.18496707659931025,3,a_share,True
rolling_thompson_sampling,2021-07-01/2021-12-31,2022-01-01/2022-06-30,512660.SH,True,0.6074602958707817,29.0,0.1373900953629183,4,a_share,False
rolling_thompson_sampling,2021-07-01/2021-12-31,2022-01-01/2022-06-30,588000.SH,True,0.5783222099416201,16.0,0.18496707659931025,5,a_share,False
rolling_thompson_sampling,2021-07-01/2021-12-31,2022-01-01/2022-06-30,512890.SH,True,0.5524551193293624,17.0,0.17944442213662795,6,a_share,False
rolling_thompson_sampling,2021-07-01/2021-12-31,2022-01-01/2022-06-30,159869.SZ,True,0.46706019262193493,12.0,0.21358158293165982,7,a_share,False
rolling_thompson_sampling,2021-07-01/2021-12-31,2022-01-01/2022-06-30,512100.SH,True,0.4614546233711073,16.0,0.18496707659931025,8,a_share,False
rolling_thompson_sampling,2021-07-01/2021-12-31,2022-01-01/2022-06-30,159981.SZ,True,0.4130428082551542,81.0,0.08220758959969345,9,commodity,True
rolling_thompson_sampling,2021-07-01/2021-12-31,2022-01-01/2022-06-30,513100.SH,True,0.4043537397327272,80.0,0.08271979137509367,10,global,True
rolling_thompson_sampling,2021-07-01/2021-12-31,2022-01-01/2022-06-30,513500.SH,True,0.3849660529174113,74.0,0.08600794360006787,11,global,True
rolling_thompson_sampling,2021-07-01/2021-12-31,2022-01-01/2022-06-30,164824.SZ,True,0.35972875284640354,68.0,0.08972221106831398,12,global,True
rolling_thompson_sampling,2021-07-01/2021-12-31,2022-01-01/2022-06-30,501018.SH,True,0.3531325856722113,80.0,0.08271979137509367,13,commodity,True
rolling_thompson_sampling,2021-07-01/2021-12-31,2022-01-01/2022-06-30,159928.SZ,True,0.33239261390211355,9.0,0.24662276879908032,14,a_share,False
rolling_thompson_sampling,2021-07-01/2021-12-31,2022-01-01/2022-06-30,515790.SH,True,0.3256027473110839,17.0,0.17944442213662795,15,a_share,False
rolling_thompson_sampling,2021-07-01/2021-12-31,2022-01-01/2022-06-30,160644.SZ,True,0.2989785181481766,52.0,0.10260127368484438,16,global,True
rolling_thompson_sampling,2021-07-01/2021-12-31,2022-01-01/2022-06-30,159985.SZ,True,0.2869836954789916,76.0,0.08486871523984633,17,commodity,True
rolling_thompson_sampling,2021-07-01/2021-12-31,2022-01-01/2022-06-30,159920.SZ,True,0.27500433982038597,100.0,0.0739868306397241,18,hong_kong,True
rolling_thompson_sampling,2021-07-01/2021-12-31,2022-01-01/2022-06-30,513180.SH,True,0.27500433982038597,100.0,0.0739868306397241,19,hong_kong,True
rolling_thompson_sampling,2021-07-01/2021-12-31,2022-01-01/2022-06-30,512980.SH,True,0.25914706135119786,9.0,0.24662276879908032,20,a_share,False
rolling_thompson_sampling,2021-07-01/2021-12-31,2022-01-01/2022-06-30,161226.SZ,True,0.2558502905791522,78.0,0.0837735891625053,21,commodity,True
rolling_thompson_sampling,2021-07-01/2021-12-31,2022-01-01/2022-06-30,510210.SH,True,0.24509700335586293,13.0,0.20520254736968876,22,a_share,False
rolling_thompson_sampling,2021-07-01/2021-12-31,2022-01-01/2022-06-30,159980.SZ,True,0.2445395754445958,71.0,0.08780621355111956,23,commodity,False
rolling_thompson_sampling,2021-07-01/2021-12-31,2022-01-01/2022-06-30,159915.SZ,True,0.20425326067323296,9.0,0.24662276879908032,24,a_share,False
rolling_thompson_sampling,2021-07-01/2021-12-31,2022-01-01/2022-06-30,159967.SZ,True,0.1618919280075523,5.0,0.33087916550037466,25,a_share,False
rolling_thompson_sampling,2021-07-01/2021-12-31,2022-01-01/2022-06-30,515220.SH,True,0.15638095338740313,9.0,0.24662276879908032,26,a_share,False
rolling_thompson_sampling,2021-07-01/2021-12-31,2022-01-01/2022-06-30,513880.SH,True,0.1540258057978304,56.0,0.09886906120968438,27,global,False
rolling_thompson_sampling,2021-07-01/2021-12-31,2022-01-01/2022-06-30,510300.SH,True,0.13610708865500265,5.0,0.33087916550037466,28,a_share,False
rolling_thompson_sampling,2021-07-01/2021-12-31,2022-01-01/2022-06-30,159865.SZ,True,0.11133451418661078,5.0,0.33087916550037466,29,a_share,False
rolling_thompson_sampling,2021-07-01/2021-12-31,2022-01-01/2022-06-30,510050.SH,True,0.0919485046011315,7.0,0.27964393452366265,30,a_share,False
rolling_thompson_sampling,2021-07-01/2021-12-31,2022-01-01/2022-06-30,515210.SH,True,0.09097680344355141,8.0,0.26158294831924767,31,a_share,False
rolling_thompson_sampling,2021-07-01/2021-12-31,2022-01-01/2022-06-30,512880.SH,True,0.08399155658915257,6.0,0.3020499712550673,32,a_share,False
rolling_thompson_sampling,2021-07-01/2021-12-31,2022-01-01/2022-06-30,513030.SH,True,0.027186322281824764,32.0,0.13079147415962383,33,global,False
rolling_thompson_sampling,2021-07-01/2021-12-31,2022-01-01/2022-06-30,513080.SH,True,-0.008892019508151196,38.0,0.12002248811337089,34,global,False
rolling_thompson_sampling,2021-07-01/2021-12-31,2022-01-01/2022-06-30,159949.SZ,True,-0.10355986871057736,6.0,0.3020499712550673,35,a_share,False
rolling_thompson_sampling,2021-07-01/2021-12-31,2022-01-01/2022-06-30,159766.SZ,True,-0.22823776896001532,5.0,0.33087916550037466,36,a_share,False
rolling_thompson_sampling,2021-07-01/2021-12-31,2022-01-01/2022-06-30,516150.SH,True,-0.2841983530914063,5.0,0.33087916550037466,37,a_share,False
rolling_thompson_sampling,2021-07-01/2021-12-31,2022-01-01/2022-06-30,159870.SZ,True,-0.31888946620766406,6.0,0.3020499712550673,38,a_share,False
rolling_thompson_sampling,2021-07-01/2021-12-31,2022-01-01/2022-06-30,515880.SH,True,-0.42370527605918046,4.0,0.3699341531986205,39,a_share,False
rolling_thompson_sampling,2021-07-01/2021-12-31,2022-01-01/2022-06-30,512800.SH,True,-0.5924576731017098,3.0,0.42716316586331965,40,a_share,False
rolling_thompson_sampling,2021-07-01/2021-12-31,2022-01-01/2022-06-30,518880.SH,True,-0.7739094123166813,14.0,0.19773812241936875,41,commodity,False
rolling_thompson_sampling,2021-07-01/2021-12-31,2022-01-01/2022-06-30,510180.SH,True,-0.8560978935328796,4.0,0.3699341531986205,42,a_share,False
rolling_thompson_sampling,2021-07-01/2021-12-31,2022-01-01/2022-06-30,510500.SH,True,-0.9416849495333046,1.0,0.739868306397241,43,a_share,False
rolling_thompson_sampling,2021-07-01/2021-12-31,2022-01-01/2022-06-30,159825.SZ,True,-1.0328951492070937,3.0,0.42716316586331965,44,a_share,False
rolling_thompson_sampling,2021-07-01/2021-12-31,2022-01-01/2022-06-30,512400.SH,True,-1.0791623985898466,3.0,0.42716316586331965,45,a_share,False
rolling_thompson_sampling,2021-07-01/2021-12-31,2022-01-01/2022-06-30,512200.SH,True,-1.1214549906010782,3.0,0.42716316586331965,46,a_share,False
rolling_thompson_sampling,2021-07-01/2021-12-31,2022-01-01/2022-06-30,159901.SZ,True,-1.3809150180987266,1.0,0.739868306397241,47,a_share,False
rolling_thompson_sampling,2021-07-01/2021-12-31,2022-01-01/2022-06-30,159852.SZ,True,-1.398498745857617,2.0,0.5231658966384953,48,a_share,False
rolling_thompson_sampling,2021-07-01/2021-12-31,2022-01-01/2022-06-30,512170.SH,True,-1.512153716437847,1.0,0.739868306397241,49,a_share,False
rolling_thompson_sampling,2021-07-01/2021-12-31,2022-01-01/2022-06-30,159201.SZ,False,,,,,a_share,False
rolling_thompson_sampling,2021-07-01/2021-12-31,2022-01-01/2022-06-30,159206.SZ,False,,,,,a_share,False
rolling_thompson_sampling,2021-07-01/2021-12-31,2022-01-01/2022-06-30,159209.SZ,False,,,,,a_share,False
rolling_thompson_sampling,2021-07-01/2021-12-31,2022-01-01/2022-06-30,159326.SZ,False,,,,,a_share,False
rolling_thompson_sampling,2021-07-01/2021-12-31,2022-01-01/2022-06-30,159329.SZ,False,,,,,global,False
rolling_thompson_sampling,2021-07-01/2021-12-31,2022-01-01/2022-06-30,159509.SZ,False,,,,,global,False
rolling_thompson_sampling,2021-07-01/2021-12-31,2022-01-01/2022-06-30,159518.SZ,False,,,,,global,False
rolling_thompson_sampling,2021-07-01/2021-12-31,2022-01-01/2022-06-30,159529.SZ,False,,,,,global,False
rolling_thompson_sampling,2021-07-01/2021-12-31,2022-01-01/2022-06-30,159611.SZ,False,,,,,a_share,False
rolling_thompson_sampling,2021-07-01/2021-12-31,2022-01-01/2022-06-30,159687.SZ,False,,,,,global,False
rolling_thompson_sampling,2021-07-01/2021-12-31,2022-01-01/2022-06-30,159796.SZ,False,,,,,a_share,False
rolling_thompson_sampling,2021-07-01/2021-12-31,2022-01-01/2022-06-30,513070.SH,False,,,,,hong_kong,False
rolling_thompson_sampling,2021-07-01/2021-12-31,2022-01-01/2022-06-30,513120.SH,False,,,,,hong_kong,False
rolling_thompson_sampling,2021-07-01/2021-12-31,2022-01-01/2022-06-30,513290.SH,False,,,,,global,False
rolling_thompson_sampling,2021-07-01/2021-12-31,2022-01-01/2022-06-30,513310.SH,False,,,,,global,False
rolling_thompson_sampling,2021-07-01/2021-12-31,2022-01-01/2022-06-30,513400.SH,False,,,,,global,False
rolling_thompson_sampling,2021-07-01/2021-12-31,2022-01-01/2022-06-30,513730.SH,False,,,,,global,False
rolling_thompson_sampling,2021-07-01/2021-12-31,2022-01-01/2022-06-30,513750.SH,False,,,,,hong_kong,False
rolling_thompson_sampling,2021-07-01/2021-12-31,2022-01-01/2022-06-30,520870.SH,False,,,,,global,False
rolling_thompson_sampling,2021-07-01/2021-12-31,2022-01-01/2022-06-30,562500.SH,False,,,,,a_share,False
rolling_thompson_sampling,2021-07-01/2021-12-31,2022-01-01/2022-06-30,563300.SH,False,,,,,a_share,False
rolling_thompson_sampling,2021-07-01/2021-12-31,2022-01-01/2022-06-30,588200.SH,False,,,,,a_share,False
rolling_thompson_sampling,2021-07-01/2021-12-31,2022-01-01/2022-06-30,588220.SH,False,,,,,a_share,False
rolling_thompson_sampling,2022-01-01/2022-06-30,2022-07-01/2022-12-31,159796.SZ,True,0.9817850278027962,16.0,0.14370602958363576,1,a_share,True
rolling_thompson_sampling,2022-01-01/2022-06-30,2022-07-01/2022-12-31,562500.SH,True,0.7912984204340519,20.0,0.12853458037024215,2,a_share,True
rolling_thompson_sampling,2022-01-01/2022-06-30,2022-07-01/2022-12-31,515790.SH,True,0.7675319590972849,18.0,0.1354873440213113,3,a_share,True
rolling_thompson_sampling,2022-01-01/2022-06-30,2022-07-01/2022-12-31,159915.SZ,True,0.6909543870824121,9.0,0.1916080394448477,4,a_share,False
rolling_thompson_sampling,2022-01-01/2022-06-30,2022-07-01/2022-12-31,510500.SH,True,0.6608383987785272,12.0,0.16593742972856887,5,a_share,False
rolling_thompson_sampling,2022-01-01/2022-06-30,2022-07-01/2022-12-31,501018.SH,True,0.6445864762100965,77.0,0.06550728788830766,6,commodity,True
rolling_thompson_sampling,2022-01-01/2022-06-30,2022-07-01/2022-12-31,510180.SH,True,0.6368409324000007,4.0,0.2874120591672715,7,a_share,False
rolling_thompson_sampling,2022-01-01/2022-06-30,2022-07-01/2022-12-31,159870.SZ,True,0.6358849305682084,14.0,0.15362820774730437,8,a_share,False
rolling_thompson_sampling,2022-01-01/2022-06-30,2022-07-01/2022-12-31,513500.SH,True,0.6158279606234905,63.0,0.07242103165310307,9,global,True
rolling_thompson_sampling,2022-01-01/2022-06-30,2022-07-01/2022-12-31,512170.SH,True,0.590275842012242,15.0,0.14841894915386977,10,a_share,False
rolling_thompson_sampling,2022-01-01/2022-06-30,2022-07-01/2022-12-31,513180.SH,True,0.5887319350609396,67.0,0.07022594313953416,11,hong_kong,True
rolling_thompson_sampling,2022-01-01/2022-06-30,2022-07-01/2022-12-31,159766.SZ,True,0.5777236513622994,10.0,0.18177534679353102,12,a_share,False
rolling_thompson_sampling,2022-01-01/2022-06-30,2022-07-01/2022-12-31,510050.SH,True,0.5541469076541077,13.0,0.1594275256175827,13,a_share,False
rolling_thompson_sampling,2022-01-01/2022-06-30,2022-07-01/2022-12-31,159985.SZ,True,0.550071618776162,74.0,0.06682194644938838,14,commodity,True
rolling_thompson_sampling,2022-01-01/2022-06-30,2022-07-01/2022-12-31,159852.SZ,True,0.5469258261275646,15.0,0.14841894915386977,15,a_share,False
rolling_thompson_sampling,2022-01-01/2022-06-30,2022-07-01/2022-12-31,164824.SZ,True,0.5175253735010673,79.0,0.06467276606986634,16,global,True
rolling_thompson_sampling,2022-01-01/2022-06-30,2022-07-01/2022-12-31,513080.SH,True,0.5136386020574262,56.0,0.07681410387365219,17,global,True
rolling_thompson_sampling,2022-01-01/2022-06-30,2022-07-01/2022-12-31,518880.SH,True,0.5045401144312718,65.0,0.07129815695310081,18,commodity,True
rolling_thompson_sampling,2022-01-01/2022-06-30,2022-07-01/2022-12-31,159980.SZ,True,0.4956528442100866,80.0,0.06426729018512108,19,commodity,True
rolling_thompson_sampling,2022-01-01/2022-06-30,2022-07-01/2022-12-31,159928.SZ,True,0.49502624087583363,13.0,0.1594275256175827,20,a_share,False
rolling_thompson_sampling,2022-01-01/2022-06-30,2022-07-01/2022-12-31,160644.SZ,True,0.48908291559371414,77.0,0.06550728788830766,21,global,True
rolling_thompson_sampling,2022-01-01/2022-06-30,2022-07-01/2022-12-31,513880.SH,True,0.48619220138667607,74.0,0.06682194644938838,22,global,False
rolling_thompson_sampling,2022-01-01/2022-06-30,2022-07-01/2022-12-31,513070.SH,True,0.48382017051968423,100.0,0.0574824118334543,23,hong_kong,True
rolling_thompson_sampling,2022-01-01/2022-06-30,2022-07-01/2022-12-31,510210.SH,True,0.48315508812492214,10.0,0.18177534679353102,24,a_share,False
rolling_thompson_sampling,2022-01-01/2022-06-30,2022-07-01/2022-12-31,512200.SH,True,0.48040980676822936,9.0,0.1916080394448477,25,a_share,False
rolling_thompson_sampling,2022-01-01/2022-06-30,2022-07-01/2022-12-31,512660.SH,True,0.47628352778786964,8.0,0.20323101603196692,26,a_share,False
rolling_thompson_sampling,2022-01-01/2022-06-30,2022-07-01/2022-12-31,159611.SZ,True,0.4559335972243689,11.0,0.17331599281477558,27,a_share,False
rolling_thompson_sampling,2022-01-01/2022-06-30,2022-07-01/2022-12-31,515220.SH,True,0.43805586521343187,8.0,0.20323101603196692,28,a_share,False
rolling_thompson_sampling,2022-01-01/2022-06-30,2022-07-01/2022-12-31,159851.SZ,True,0.41430837750652677,5.0,0.2570691607404843,29,a_share,False
rolling_thompson_sampling,2022-01-01/2022-06-30,2022-07-01/2022-12-31,159949.SZ,True,0.36258377240750317,7.0,0.21726309495930923,30,a_share,False
rolling_thompson_sampling,2022-01-01/2022-06-30,2022-07-01/2022-12-31,159981.SZ,True,0.3528050804266486,61.0,0.07359868662173268,31,commodity,False
rolling_thompson_sampling,2022-01-01/2022-06-30,2022-07-01/2022-12-31,512880.SH,True,0.34880464056986754,6.0,0.23467096362747453,32,a_share,False
rolling_thompson_sampling,2022-01-01/2022-06-30,2022-07-01/2022-12-31,512400.SH,True,0.3078080830053274,5.0,0.2570691607404843,33,a_share,False
rolling_thompson_sampling,2022-01-01/2022-06-30,2022-07-01/2022-12-31,512040.SH,True,0.28187843094943016,11.0,0.17331599281477558,34,a_share,False
rolling_thompson_sampling,2022-01-01/2022-06-30,2022-07-01/2022-12-31,512100.SH,True,0.2776759743771205,6.0,0.23467096362747453,35,a_share,False
rolling_thompson_sampling,2022-01-01/2022-06-30,2022-07-01/2022-12-31,159920.SZ,True,0.27081749705713576,33.0,0.10006403510647793,36,hong_kong,False
rolling_thompson_sampling,2022-01-01/2022-06-30,2022-07-01/2022-12-31,159967.SZ,True,0.2691607557940508,8.0,0.20323101603196692,37,a_share,False
rolling_thompson_sampling,2022-01-01/2022-06-30,2022-07-01/2022-12-31,513100.SH,True,0.26835654236324513,28.0,0.10863154747965462,38,global,False
rolling_thompson_sampling,2022-01-01/2022-06-30,2022-07-01/2022-12-31,512890.SH,True,0.24027681842982967,8.0,0.20323101603196692,39,a_share,False
rolling_thompson_sampling,2022-01-01/2022-06-30,2022-07-01/2022-12-31,588000.SH,True,0.2183866618474209,4.0,0.2874120591672715,40,a_share,False
rolling_thompson_sampling,2022-01-01/2022-06-30,2022-07-01/2022-12-31,161226.SZ,True,0.21444569463709662,43.0,0.08765985623871779,41,commodity,False
rolling_thompson_sampling,2022-01-01/2022-06-30,2022-07-01/2022-12-31,515210.SH,True,0.2069945070719616,5.0,0.2570691607404843,42,a_share,False
rolling_thompson_sampling,2022-01-01/2022-06-30,2022-07-01/2022-12-31,159825.SZ,True,0.18304721645098226,7.0,0.21726309495930923,43,a_share,False
rolling_thompson_sampling,2022-01-01/2022-06-30,2022-07-01/2022-12-31,513030.SH,True,0.17091521205620672,23.0,0.11985911422040187,44,global,False
rolling_thompson_sampling,2022-01-01/2022-06-30,2022-07-01/2022-12-31,159869.SZ,True,0.07769246045364817,4.0,0.2874120591672715,45,a_share,False
rolling_thompson_sampling,2022-01-01/2022-06-30,2022-07-01/2022-12-31,512800.SH,True,-0.0064459149204110664,5.0,0.2570691607404843,46,a_share,False
rolling_thompson_sampling,2022-01-01/2022-06-30,2022-07-01/2022-12-31,512980.SH,True,-0.052746507821695876,2.0,0.40646203206393383,47,a_share,False
rolling_thompson_sampling,2022-01-01/2022-06-30,2022-07-01/2022-12-31,516150.SH,True,-0.08347565295610004,5.0,0.2570691607404843,48,a_share,False
rolling_thompson_sampling,2022-01-01/2022-06-30,2022-07-01/2022-12-31,159865.SZ,True,-0.3696535798685679,2.0,0.40646203206393383,49,a_share,False
rolling_thompson_sampling,2022-01-01/2022-06-30,2022-07-01/2022-12-31,159901.SZ,True,-0.37432406422883086,1.0,0.574824118334543,50,a_share,False
rolling_thompson_sampling,2022-01-01/2022-06-30,2022-07-01/2022-12-31,510880.SH,True,-0.6008198188929039,2.0,0.40646203206393383,51,a_share,False
rolling_thompson_sampling,2022-01-01/2022-06-30,2022-07-01/2022-12-31,515880.SH,True,-0.6399543222035569,1.0,0.574824118334543,52,a_share,False
rolling_thompson_sampling,2022-01-01/2022-06-30,2022-07-01/2022-12-31,510300.SH,True,-0.8362015443298279,1.0,0.574824118334543,53,a_share,False
rolling_thompson_sampling,2022-01-01/2022-06-30,2022-07-01/2022-12-31,159201.SZ,False,,,,,a_share,False
rolling_thompson_sampling,2022-01-01/2022-06-30,2022-07-01/2022-12-31,159206.SZ,False,,,,,a_share,False
rolling_thompson_sampling,2022-01-01/2022-06-30,2022-07-01/2022-12-31,159209.SZ,False,,,,,a_share,False
rolling_thompson_sampling,2022-01-01/2022-06-30,2022-07-01/2022-12-31,159326.SZ,False,,,,,a_share,False
rolling_thompson_sampling,2022-01-01/2022-06-30,2022-07-01/2022-12-31,159329.SZ,False,,,,,global,False
rolling_thompson_sampling,2022-01-01/2022-06-30,2022-07-01/2022-12-31,159509.SZ,False,,,,,global,False
rolling_thompson_sampling,2022-01-01/2022-06-30,2022-07-01/2022-12-31,159518.SZ,False,,,,,global,False
rolling_thompson_sampling,2022-01-01/2022-06-30,2022-07-01/2022-12-31,159529.SZ,False,,,,,global,False
rolling_thompson_sampling,2022-01-01/2022-06-30,2022-07-01/2022-12-31,159687.SZ,False,,,,,global,False
rolling_thompson_sampling,2022-01-01/2022-06-30,2022-07-01/2022-12-31,513120.SH,False,,,,,hong_kong,False
rolling_thompson_sampling,2022-01-01/2022-06-30,2022-07-01/2022-12-31,513290.SH,False,,,,,global,False
rolling_thompson_sampling,2022-01-01/2022-06-30,2022-07-01/2022-12-31,513310.SH,False,,,,,global,False
rolling_thompson_sampling,2022-01-01/2022-06-30,2022-07-01/2022-12-31,513400.SH,False,,,,,global,False
rolling_thompson_sampling,2022-01-01/2022-06-30,2022-07-01/2022-12-31,513730.SH,False,,,,,global,False
rolling_thompson_sampling,2022-01-01/2022-06-30,2022-07-01/2022-12-31,513750.SH,False,,,,,hong_kong,False
rolling_thompson_sampling,2022-01-01/2022-06-30,2022-07-01/2022-12-31,520870.SH,False,,,,,global,False
rolling_thompson_sampling,2022-01-01/2022-06-30,2022-07-01/2022-12-31,563300.SH,False,,,,,a_share,False
rolling_thompson_sampling,2022-01-01/2022-06-30,2022-07-01/2022-12-31,588200.SH,False,,,,,a_share,False
rolling_thompson_sampling,2022-01-01/2022-06-30,2022-07-01/2022-12-31,588220.SH,False,,,,,a_share,False
rolling_thompson_sampling,2022-07-01/2022-12-31,2023-01-01/2023-06-30,159796.SZ,True,0.6868850190466718,10.0,0.16383645186097562,1,a_share,True
rolling_thompson_sampling,2022-07-01/2022-12-31,2023-01-01/2023-06-30,159865.SZ,True,0.6436312148706941,12.0,0.14956153404310937,2,a_share,True
rolling_thompson_sampling,2022-07-01/2022-12-31,2023-01-01/2023-06-30,512200.SH,True,0.6172700075182976,14.0,0.13846707436992736,3,a_share,True
rolling_thompson_sampling,2022-07-01/2022-12-31,2023-01-01/2023-06-30,159901.SZ,True,0.6052882994256287,18.0,0.1221164811845045,4,a_share,False
rolling_thompson_sampling,2022-07-01/2022-12-31,2023-01-01/2023-06-30,159985.SZ,True,0.6039017792622219,77.0,0.05904255889466819,5,commodity,True
rolling_thompson_sampling,2022-07-01/2022-12-31,2023-01-01/2023-06-30,510210.SH,True,0.5987358748242361,6.0,0.21151194985309063,6,a_share,False
rolling_thompson_sampling,2022-07-01/2022-12-31,2023-01-01/2023-06-30,516150.SH,True,0.5987000187071408,12.0,0.14956153404310937,7,a_share,False
rolling_thompson_sampling,2022-07-01/2022-12-31,2023-01-01/2023-06-30,515220.SH,True,0.5760009731015588,11.0,0.15621192760417668,8,a_share,False
rolling_thompson_sampling,2022-07-01/2022-12-31,2023-01-01/2023-06-30,164824.SZ,True,0.5721035287804518,67.0,0.0632955434030362,9,global,True
rolling_thompson_sampling,2022-07-01/2022-12-31,2023-01-01/2023-06-30,588000.SH,True,0.5712050501090417,11.0,0.15621192760417668,10,a_share,False
rolling_thompson_sampling,2022-07-01/2022-12-31,2023-01-01/2023-06-30,513100.SH,True,0.5527487014407355,60.0,0.06688595138790829,11,global,True
rolling_thompson_sampling,2022-07-01/2022-12-31,2023-01-01/2023-06-30,562500.SH,True,0.5517864141239213,12.0,0.14956153404310937,12,a_share,False
rolling_thompson_sampling,2022-07-01/2022-12-31,2023-01-01/2023-06-30,159967.SZ,True,0.5500542484630601,9.0,0.17269878388040513,13,a_share,False
rolling_thompson_sampling,2022-07-01/2022-12-31,2023-01-01/2023-06-30,513180.SH,True,0.5183516030124118,49.0,0.07401376452017362,14,hong_kong,True
rolling_thompson_sampling,2022-07-01/2022-12-31,2023-01-01/2023-06-30,510050.SH,True,0.5144694275420588,12.0,0.14956153404310937,15,a_share,False
rolling_thompson_sampling,2022-07-01/2022-12-31,2023-01-01/2023-06-30,510300.SH,True,0.503651074858448,6.0,0.21151194985309063,16,a_share,False
rolling_thompson_sampling,2022-07-01/2022-12-31,2023-01-01/2023-06-30,159851.SZ,True,0.4945302392717269,10.0,0.16383645186097562,17,a_share,False
rolling_thompson_sampling,2022-07-01/2022-12-31,2023-01-01/2023-06-30,159928.SZ,True,0.4912466026086953,8.0,0.18317472177675673,18,a_share,False
rolling_thompson_sampling,2022-07-01/2022-12-31,2023-01-01/2023-06-30,515880.SH,True,0.4670738318439256,8.0,0.18317472177675673,19,a_share,False
rolling_thompson_sampling,2022-07-01/2022-12-31,2023-01-01/2023-06-30,513080.SH,True,0.46450628251233733,50.0,0.07326988871070268,20,global,True
rolling_thompson_sampling,2022-07-01/2022-12-31,2023-01-01/2023-06-30,159852.SZ,True,0.46130351103090017,4.0,0.2590481758206077,21,a_share,False
rolling_thompson_sampling,2022-07-01/2022-12-31,2023-01-01/2023-06-30,159870.SZ,True,0.45692000125681587,15.0,0.13377190277581658,22,a_share,False
rolling_thompson_sampling,2022-07-01/2022-12-31,2023-01-01/2023-06-30,512100.SH,True,0.4485863149603663,14.0,0.13846707436992736,23,a_share,False
rolling_thompson_sampling,2022-07-01/2022-12-31,2023-01-01/2023-06-30,159981.SZ,True,0.44808750063484126,71.0,0.06148672473049473,24,commodity,True
rolling_thompson_sampling,2022-07-01/2022-12-31,2023-01-01/2023-06-30,512170.SH,True,0.44235837973062103,6.0,0.21151194985309063,25,a_share,False
rolling_thompson_sampling,2022-07-01/2022-12-31,2023-01-01/2023-06-30,161226.SZ,True,0.4321326009197686,73.0,0.060638591354217716,26,commodity,True
rolling_thompson_sampling,2022-07-01/2022-12-31,2023-01-01/2023-06-30,513120.SH,True,0.4302467924886589,100.0,0.051809635164121536,27,hong_kong,True
rolling_thompson_sampling,2022-07-01/2022-12-31,2023-01-01/2023-06-30,513290.SH,True,0.42750108952045507,57.0,0.06862353818261388,28,global,True
rolling_thompson_sampling,2022-07-01/2022-12-31,2023-01-01/2023-06-30,160644.SZ,True,0.4038431094166911,64.0,0.06476204395515192,29,global,False
rolling_thompson_sampling,2022-07-01/2022-12-31,2023-01-01/2023-06-30,510500.SH,True,0.3857818348996521,5.0,0.23169973223287846,30,a_share,False
rolling_thompson_sampling,2022-07-01/2022-12-31,2023-01-01/2023-06-30,518880.SH,True,0.38297688240418415,61.0,0.06633544036875774,31,commodity,True
rolling_thompson_sampling,2022-07-01/2022-12-31,2023-01-01/2023-06-30,513070.SH,True,0.3646236678523846,20.0,0.11584986611643923,32,hong_kong,False
rolling_thompson_sampling,2022-07-01/2022-12-31,2023-01-01/2023-06-30,512880.SH,True,0.34872501876509,13.0,0.14369407395947875,33,a_share,False
rolling_thompson_sampling,2022-07-01/2022-12-31,2023-01-01/2023-06-30,159980.SZ,True,0.3465727616061068,62.0,0.06579830245676971,34,commodity,False
rolling_thompson_sampling,2022-07-01/2022-12-31,2023-01-01/2023-06-30,159920.SZ,True,0.3333218498132266,31.0,0.09305285171549067,35,hong_kong,False
rolling_thompson_sampling,2022-07-01/2022-12-31,2023-01-01/2023-06-30,513880.SH,True,0.3311905932036029,55.0,0.06986009780384299,36,global,False
rolling_thompson_sampling,2022-07-01/2022-12-31,2023-01-01/2023-06-30,513030.SH,True,0.32793858682618093,29.0,0.09620807722631228,37,global,False
rolling_thompson_sampling,2022-07-01/2022-12-31,2023-01-01/2023-06-30,510880.SH,True,0.32371611493132757,9.0,0.17269878388040513,38,a_share,False
rolling_thompson_sampling,2022-07-01/2022-12-31,2023-01-01/2023-06-30,501018.SH,True,0.3105229738182462,56.0,0.06923353718496368,39,commodity,False
rolling_thompson_sampling,2022-07-01/2022-12-31,2023-01-01/2023-06-30,159825.SZ,True,0.3104710250125355,9.0,0.17269878388040513,40,a_share,False
rolling_thompson_sampling,2022-07-01/2022-12-31,2023-01-01/2023-06-30,512800.SH,True,0.2860702472137381,9.0,0.17269878388040513,41,a_share,False
rolling_thompson_sampling,2022-07-01/2022-12-31,2023-01-01/2023-06-30,512890.SH,True,0.2834596360777371,6.0,0.21151194985309063,42,a_share,False
rolling_thompson_sampling,2022-07-01/2022-12-31,2023-01-01/2023-06-30,159869.SZ,True,0.26998595710483053,5.0,0.23169973223287846,43,a_share,False
rolling_thompson_sampling,2022-07-01/2022-12-31,2023-01-01/2023-06-30,159949.SZ,True,0.26484089175710085,4.0,0.2590481758206077,44,a_share,False
rolling_thompson_sampling,2022-07-01/2022-12-31,2023-01-01/2023-06-30,159915.SZ,True,0.26242725001669553,5.0,0.23169973223287846,45,a_share,False
rolling_thompson_sampling,2022-07-01/2022-12-31,2023-01-01/2023-06-30,512660.SH,True,0.1504231145912359,6.0,0.21151194985309063,46,a_share,False
rolling_thompson_sampling,2022-07-01/2022-12-31,2023-01-01/2023-06-30,512040.SH,True,0.13870115735414762,5.0,0.23169973223287846,47,a_share,False
rolling_thompson_sampling,2022-07-01/2022-12-31,2023-01-01/2023-06-30,515790.SH,True,0.07900545045406157,5.0,0.23169973223287846,48,a_share,False
rolling_thompson_sampling,2022-07-01/2022-12-31,2023-01-01/2023-06-30,159766.SZ,True,0.03614009732757551,7.0,0.19582201451607523,49,a_share,False
rolling_thompson_sampling,2022-07-01/2022-12-31,2023-01-01/2023-06-30,510180.SH,True,-0.029348000118034234,4.0,0.2590481758206077,50,a_share,False
rolling_thompson_sampling,2022-07-01/2022-12-31,2023-01-01/2023-06-30,513500.SH,True,-0.031204355243292778,18.0,0.1221164811845045,51,global,False
rolling_thompson_sampling,2022-07-01/2022-12-31,2023-01-01/2023-06-30,159611.SZ,True,-0.11783226877349937,2.0,0.36634944355351345,52,a_share,False
rolling_thompson_sampling,2022-07-01/2022-12-31,2023-01-01/2023-06-30,512400.SH,True,-0.13195677143108542,4.0,0.2590481758206077,53,a_share,False
rolling_thompson_sampling,2022-07-01/2022-12-31,2023-01-01/2023-06-30,515210.SH,True,-0.1720548433656363,2.0,0.36634944355351345,54,a_share,False
rolling_thompson_sampling,2022-07-01/2022-12-31,2023-01-01/2023-06-30,512980.SH,True,-0.3250195349037595,2.0,0.36634944355351345,55,a_share,False
rolling_thompson_sampling,2022-07-01/2022-12-31,2023-01-01/2023-06-30,159201.SZ,False,,,,,a_share,False
rolling_thompson_sampling,2022-07-01/2022-12-31,2023-01-01/2023-06-30,159206.SZ,False,,,,,a_share,False
rolling_thompson_sampling,2022-07-01/2022-12-31,2023-01-01/2023-06-30,159209.SZ,False,,,,,a_share,False
rolling_thompson_sampling,2022-07-01/2022-12-31,2023-01-01/2023-06-30,159326.SZ,False,,,,,a_share,False
rolling_thompson_sampling,2022-07-01/2022-12-31,2023-01-01/2023-06-30,159329.SZ,False,,,,,global,False
rolling_thompson_sampling,2022-07-01/2022-12-31,2023-01-01/2023-06-30,159509.SZ,False,,,,,global,False
rolling_thompson_sampling,2022-07-01/2022-12-31,2023-01-01/2023-06-30,159518.SZ,False,,,,,global,False
rolling_thompson_sampling,2022-07-01/2022-12-31,2023-01-01/2023-06-30,159529.SZ,False,,,,,global,False
rolling_thompson_sampling,2022-07-01/2022-12-31,2023-01-01/2023-06-30,159687.SZ,False,,,,,global,False
rolling_thompson_sampling,2022-07-01/2022-12-31,2023-01-01/2023-06-30,513310.SH,False,,,,,global,False
rolling_thompson_sampling,2022-07-01/2022-12-31,2023-01-01/2023-06-30,513400.SH,False,,,,,global,False
rolling_thompson_sampling,2022-07-01/2022-12-31,2023-01-01/2023-06-30,513730.SH,False,,,,,global,False
rolling_thompson_sampling,2022-07-01/2022-12-31,2023-01-01/2023-06-30,513750.SH,False,,,,,hong_kong,False
rolling_thompson_sampling,2022-07-01/2022-12-31,2023-01-01/2023-06-30,520870.SH,False,,,,,global,False
rolling_thompson_sampling,2022-07-01/2022-12-31,2023-01-01/2023-06-30,563300.SH,False,,,,,a_share,False
rolling_thompson_sampling,2022-07-01/2022-12-31,2023-01-01/2023-06-30,588200.SH,False,,,,,a_share,False
rolling_thompson_sampling,2022-07-01/2022-12-31,2023-01-01/2023-06-30,588220.SH,False,,,,,a_share,False
rolling_thompson_sampling,2023-01-01/2023-06-30,2023-07-01/2023-12-31,515880.SH,True,2.8309660297287,33.0,0.13356584588788445,1,a_share,True
rolling_thompson_sampling,2023-01-01/2023-06-30,2023-07-01/2023-12-31,510880.SH,True,2.4621044018215112,13.0,0.21280445361078856,2,a_share,True
rolling_thompson_sampling,2023-01-01/2023-06-30,2023-07-01/2023-12-31,512980.SH,True,2.4479548320990183,18.0,0.18084901025681024,3,a_share,True
rolling_thompson_sampling,2023-01-01/2023-06-30,2023-07-01/2023-12-31,159869.SZ,True,2.416295765255483,13.0,0.21280445361078856,4,a_share,False
rolling_thompson_sampling,2023-01-01/2023-06-30,2023-07-01/2023-12-31,159852.SZ,True,2.3532074990273752,16.0,0.191819342285199,5,a_share,False
rolling_thompson_sampling,2023-01-01/2023-06-30,2023-07-01/2023-12-31,518880.SH,True,2.3219112720706687,82.0,0.08473161079691147,6,commodity,True
rolling_thompson_sampling,2023-01-01/2023-06-30,2023-07-01/2023-12-31,513880.SH,True,2.27470589298642,64.0,0.0959096711425995,7,global,True
rolling_thompson_sampling,2023-01-01/2023-06-30,2023-07-01/2023-12-31,513100.SH,True,2.2645387595240853,49.0,0.10961105273439943,8,global,True
rolling_thompson_sampling,2023-01-01/2023-06-30,2023-07-01/2023-12-31,510180.SH,True,2.257593682747574,8.0,0.2712735153852153,9,a_share,False
rolling_thompson_sampling,2023-01-01/2023-06-30,2023-07-01/2023-12-31,159611.SZ,True,2.242219311935208,13.0,0.21280445361078856,10,a_share,False
rolling_thompson_sampling,2023-01-01/2023-06-30,2023-07-01/2023-12-31,513500.SH,True,2.231195761271463,48.0,0.11074694890413661,11,global,True
rolling_thompson_sampling,2023-01-01/2023-06-30,2023-07-01/2023-12-31,513180.SH,True,2.2301844371031003,42.0,0.11839346840852542,12,hong_kong,True
rolling_thompson_sampling,2023-01-01/2023-06-30,2023-07-01/2023-12-31,159825.SZ,True,2.2202146842389068,8.0,0.2712735153852153,13,a_share,False
rolling_thompson_sampling,2023-01-01/2023-06-30,2023-07-01/2023-12-31,513120.SH,True,2.1993223306565497,72.0,0.09042450512840512,14,hong_kong,True
rolling_thompson_sampling,2023-01-01/2023-06-30,2023-07-01/2023-12-31,513080.SH,True,2.1891642502917903,47.0,0.11191890692624912,15,global,True
rolling_thompson_sampling,2023-01-01/2023-06-30,2023-07-01/2023-12-31,159985.SZ,True,2.1841877095985898,77.0,0.08743937129171953,16,commodity,True
rolling_thompson_sampling,2023-01-01/2023-06-30,2023-07-01/2023-12-31,510210.SH,True,2.18313109656356,10.0,0.24263440835867062,17,a_share,False
rolling_thompson_sampling,2023-01-01/2023-06-30,2023-07-01/2023-12-31,513030.SH,True,2.1821021585770923,46.0,0.11312887621950207,18,global,False
rolling_thompson_sampling,2023-01-01/2023-06-30,2023-07-01/2023-12-31,510500.SH,True,2.1733088833969543,11.0,0.23134283123373048,19,a_share,False
rolling_thompson_sampling,2023-01-01/2023-06-30,2023-07-01/2023-12-31,161226.SZ,True,2.157682322167119,74.0,0.08919418242418733,20,commodity,True
rolling_thompson_sampling,2023-01-01/2023-06-30,2023-07-01/2023-12-31,512100.SH,True,2.1153855601090643,12.0,0.22149389780827322,21,a_share,False
rolling_thompson_sampling,2023-01-01/2023-06-30,2023-07-01/2023-12-31,164824.SZ,True,2.105290683106777,35.0,0.12969354661724927,22,global,False
rolling_thompson_sampling,2023-01-01/2023-06-30,2023-07-01/2023-12-31,515210.SH,True,2.0851017140608366,7.0,0.29000358647920726,23,a_share,False
rolling_thompson_sampling,2023-01-01/2023-06-30,2023-07-01/2023-12-31,512880.SH,True,2.0788217810376834,14.0,0.20506350256786685,24,a_share,False
rolling_thompson_sampling,2023-01-01/2023-06-30,2023-07-01/2023-12-31,159920.SZ,True,2.071078729637297,46.0,0.11312887621950207,25,hong_kong,False
rolling_thompson_sampling,2023-01-01/2023-06-30,2023-07-01/2023-12-31,513070.SH,True,2.070049798188671,40.0,0.12131720417933531,26,hong_kong,False
rolling_thompson_sampling,2023-01-01/2023-06-30,2023-07-01/2023-12-31,159981.SZ,True,2.0658242027467932,63.0,0.09666786215973576,27,commodity,True
rolling_thompson_sampling,2023-01-01/2023-06-30,2023-07-01/2023-12-31,160644.SZ,True,2.0582652541955206,28.0,0.14500179323960363,28,global,False
rolling_thompson_sampling,2023-01-01/2023-06-30,2023-07-01/2023-12-31,512170.SH,True,2.047514633029285,12.0,0.22149389780827322,29,a_share,False
rolling_thompson_sampling,2023-01-01/2023-06-30,2023-07-01/2023-12-31,159980.SZ,True,2.0459027943109316,48.0,0.11074694890413661,30,commodity,False
rolling_thompson_sampling,2023-01-01/2023-06-30,2023-07-01/2023-12-31,510050.SH,True,2.0450513366853507,5.0,0.34313687099920387,31,a_share,False
rolling_thompson_sampling,2023-01-01/2023-06-30,2023-07-01/2023-12-31,159687.SZ,True,2.039632950394109,33.0,0.13356584588788445,32,global,False
rolling_thompson_sampling,2023-01-01/2023-06-30,2023-07-01/2023-12-31,501018.SH,True,2.028271546851836,56.0,0.10253175128393342,33,commodity,False
rolling_thompson_sampling,2023-01-01/2023-06-30,2023-07-01/2023-12-31,515790.SH,True,2.0003303814240505,7.0,0.29000358647920726,34,a_share,False
rolling_thompson_sampling,2023-01-01/2023-06-30,2023-07-01/2023-12-31,513310.SH,True,1.991685703969609,21.0,0.16743364871972724,35,global,False
rolling_thompson_sampling,2023-01-01/2023-06-30,2023-07-01/2023-12-31,159766.SZ,True,1.9824351368435302,3.0,0.44298779561654644,36,a_share,False
rolling_thompson_sampling,2023-01-01/2023-06-30,2023-07-01/2023-12-31,512890.SH,True,1.977994497133368,4.0,0.383638684570398,37,a_share,False
rolling_thompson_sampling,2023-01-01/2023-06-30,2023-07-01/2023-12-31,159865.SZ,True,1.9586674688285337,7.0,0.29000358647920726,38,a_share,False
rolling_thompson_sampling,2023-01-01/2023-06-30,2023-07-01/2023-12-31,159901.SZ,True,1.9320256865417615,5.0,0.34313687099920387,39,a_share,False
rolling_thompson_sampling,2023-01-01/2023-06-30,2023-07-01/2023-12-31,512660.SH,True,1.929848238177215,7.0,0.29000358647920726,40,a_share,False
rolling_thompson_sampling,2023-01-01/2023-06-30,2023-07-01/2023-12-31,159915.SZ,True,1.9267432008895637,4.0,0.383638684570398,41,a_share,False
rolling_thompson_sampling,2023-01-01/2023-06-30,2023-07-01/2023-12-31,512400.SH,True,1.9251340047221248,7.0,0.29000358647920726,42,a_share,False
rolling_thompson_sampling,2023-01-01/2023-06-30,2023-07-01/2023-12-31,588200.SH,True,1.907212901398653,7.0,0.29000358647920726,43,a_share,False
rolling_thompson_sampling,2023-01-01/2023-06-30,2023-07-01/2023-12-31,512800.SH,True,1.9025244389595855,6.0,0.3132396742633404,44,a_share,False
rolling_thompson_sampling,2023-01-01/2023-06-30,2023-07-01/2023-12-31,512200.SH,True,1.8808351176666778,4.0,0.383638684570398,45,a_share,False
rolling_thompson_sampling,2023-01-01/2023-06-30,2023-07-01/2023-12-31,515220.SH,True,1.8688056663707096,7.0,0.29000358647920726,46,a_share,False
rolling_thompson_sampling,2023-01-01/2023-06-30,2023-07-01/2023-12-31,513290.SH,True,1.8214777645947482,29.0,0.1424798305381988,47,global,False
rolling_thompson_sampling,2023-01-01/2023-06-30,2023-07-01/2023-12-31,159967.SZ,True,1.7346298540140563,4.0,0.383638684570398,48,a_share,False
rolling_thompson_sampling,2023-01-01/2023-06-30,2023-07-01/2023-12-31,562500.SH,True,1.7199567623026586,5.0,0.34313687099920387,49,a_share,False
rolling_thompson_sampling,2023-01-01/2023-06-30,2023-07-01/2023-12-31,159928.SZ,True,1.6590747076988412,6.0,0.3132396742633404,50,a_share,False
rolling_thompson_sampling,2023-01-01/2023-06-30,2023-07-01/2023-12-31,159870.SZ,True,1.642141762150884,3.0,0.44298779561654644,51,a_share,False
rolling_thompson_sampling,2023-01-01/2023-06-30,2023-07-01/2023-12-31,510300.SH,True,1.6273388861526679,3.0,0.44298779561654644,52,a_share,False
rolling_thompson_sampling,2023-01-01/2023-06-30,2023-07-01/2023-12-31,516150.SH,True,1.5857189703322856,3.0,0.44298779561654644,53,a_share,False
rolling_thompson_sampling,2023-01-01/2023-06-30,2023-07-01/2023-12-31,512040.SH,True,1.5608978656897843,5.0,0.34313687099920387,54,a_share,False
rolling_thompson_sampling,2023-01-01/2023-06-30,2023-07-01/2023-12-31,159796.SZ,True,1.480333408325139,3.0,0.44298779561654644,55,a_share,False
rolling_thompson_sampling,2023-01-01/2023-06-30,2023-07-01/2023-12-31,159851.SZ,True,1.4057820159540053,3.0,0.44298779561654644,56,a_share,False
rolling_thompson_sampling,2023-01-01/2023-06-30,2023-07-01/2023-12-31,159949.SZ,True,1.0981192513866396,3.0,0.44298779561654644,57,a_share,False
rolling_thompson_sampling,2023-01-01/2023-06-30,2023-07-01/2023-12-31,588000.SH,True,0.8815547100152937,1.0,0.767277369140796,58,a_share,False
rolling_thompson_sampling,2023-01-01/2023-06-30,2023-07-01/2023-12-31,159201.SZ,False,,,,,a_share,False
rolling_thompson_sampling,2023-01-01/2023-06-30,2023-07-01/2023-12-31,159206.SZ,False,,,,,a_share,False
rolling_thompson_sampling,2023-01-01/2023-06-30,2023-07-01/2023-12-31,159209.SZ,False,,,,,a_share,False
rolling_thompson_sampling,2023-01-01/2023-06-30,2023-07-01/2023-12-31,159326.SZ,False,,,,,a_share,False
rolling_thompson_sampling,2023-01-01/2023-06-30,2023-07-01/2023-12-31,159329.SZ,False,,,,,global,False
rolling_thompson_sampling,2023-01-01/2023-06-30,2023-07-01/2023-12-31,159509.SZ,False,,,,,global,False
rolling_thompson_sampling,2023-01-01/2023-06-30,2023-07-01/2023-12-31,159518.SZ,False,,,,,global,False
rolling_thompson_sampling,2023-01-01/2023-06-30,2023-07-01/2023-12-31,159529.SZ,False,,,,,global,False
rolling_thompson_sampling,2023-01-01/2023-06-30,2023-07-01/2023-12-31,513400.SH,False,,,,,global,False
rolling_thompson_sampling,2023-01-01/2023-06-30,2023-07-01/2023-12-31,513730.SH,False,,,,,global,False
rolling_thompson_sampling,2023-01-01/2023-06-30,2023-07-01/2023-12-31,513750.SH,False,,,,,hong_kong,False
rolling_thompson_sampling,2023-01-01/2023-06-30,2023-07-01/2023-12-31,520870.SH,False,,,,,global,False
rolling_thompson_sampling,2023-01-01/2023-06-30,2023-07-01/2023-12-31,563300.SH,False,,,,,a_share,False
rolling_thompson_sampling,2023-01-01/2023-06-30,2023-07-01/2023-12-31,588220.SH,False,,,,,a_share,False
rolling_thompson_sampling,2023-07-01/2023-12-31,2024-01-01/2024-06-30,512170.SH,True,0.5090196503867531,6.0,0.31690029698541916,1,a_share,True
rolling_thompson_sampling,2023-07-01/2023-12-31,2024-01-01/2024-06-30,159851.SZ,True,0.4938000832298975,11.0,0.23404638028637148,2,a_share,True
rolling_thompson_sampling,2023-07-01/2023-12-31,2024-01-01/2024-06-30,159870.SZ,True,0.4936908812948356,17.0,0.18826683025721466,3,a_share,True
rolling_thompson_sampling,2023-07-01/2023-12-31,2024-01-01/2024-06-30,512200.SH,True,0.42887011633083694,18.0,0.1829624717708041,4,a_share,False
rolling_thompson_sampling,2023-07-01/2023-12-31,2024-01-01/2024-06-30,515880.SH,True,0.4109363954999064,8.0,0.2744437076562061,5,a_share,False
rolling_thompson_sampling,2023-07-01/2023-12-31,2024-01-01/2024-06-30,510180.SH,True,0.3954865417257671,10.0,0.24546991452654254,6,a_share,False
rolling_thompson_sampling,2023-07-01/2023-12-31,2024-01-01/2024-06-30,563300.SH,True,0.3649687694557165,6.0,0.31690029698541916,7,a_share,False
rolling_thompson_sampling,2023-07-01/2023-12-31,2024-01-01/2024-06-30,512800.SH,True,0.3642129025201065,11.0,0.23404638028637148,8,a_share,False
rolling_thompson_sampling,2023-07-01/2023-12-31,2024-01-01/2024-06-30,159967.SZ,True,0.3331042165559632,17.0,0.18826683025721466,9,a_share,False
rolling_thompson_sampling,2023-07-01/2023-12-31,2024-01-01/2024-06-30,516150.SH,True,0.3226311700353525,14.0,0.20745994266995274,10,a_share,False
rolling_thompson_sampling,2023-07-01/2023-12-31,2024-01-01/2024-06-30,512400.SH,True,0.28123831885671,17.0,0.18826683025721466,11,a_share,False
rolling_thompson_sampling,2023-07-01/2023-12-31,2024-01-01/2024-06-30,164824.SZ,True,0.2731882711804519,56.0,0.10372997133497637,12,global,True
rolling_thompson_sampling,2023-07-01/2023-12-31,2024-01-01/2024-06-30,159985.SZ,True,0.25360196883418923,77.0,0.08846121678465559,13,commodity,True
rolling_thompson_sampling,2023-07-01/2023-12-31,2024-01-01/2024-06-30,159509.SZ,True,0.24031512815931674,51.0,0.10869590512848047,14,global,True
rolling_thompson_sampling,2023-07-01/2023-12-31,2024-01-01/2024-06-30,501018.SH,True,0.23715758222186706,84.0,0.08469516693473923,15,commodity,True
rolling_thompson_sampling,2023-07-01/2023-12-31,2024-01-01/2024-06-30,159825.SZ,True,0.22596044317252875,6.0,0.31690029698541916,16,a_share,False
rolling_thompson_sampling,2023-07-01/2023-12-31,2024-01-01/2024-06-30,159796.SZ,True,0.22405423589665285,12.0,0.2240823489584207,17,a_share,False
rolling_thompson_sampling,2023-07-01/2023-12-31,2024-01-01/2024-06-30,513080.SH,True,0.21468787547186025,33.0,0.1351267406611941,18,global,True
rolling_thompson_sampling,2023-07-01/2023-12-31,2024-01-01/2024-06-30,159980.SZ,True,0.2075433487787807,81.0,0.08624933632785856,19,commodity,True
rolling_thompson_sampling,2023-07-01/2023-12-31,2024-01-01/2024-06-30,510050.SH,True,0.20445948795357916,11.0,0.23404638028637148,20,a_share,False
rolling_thompson_sampling,2023-07-01/2023-12-31,2024-01-01/2024-06-30,159981.SZ,True,0.1898662917118627,75.0,0.08963293958336827,21,commodity,True
rolling_thompson_sampling,2023-07-01/2023-12-31,2024-01-01/2024-06-30,588000.SH,True,0.1676259544797225,7.0,0.2933926645729919,22,a_share,False
rolling_thompson_sampling,2023-07-01/2023-12-31,2024-01-01/2024-06-30,513290.SH,True,0.15989280311366677,45.0,0.11571562742600029,23,global,True
rolling_thompson_sampling,2023-07-01/2023-12-31,2024-01-01/2024-06-30,513880.SH,True,0.14036434653641894,44.0,0.11702319014318574,24,global,False
rolling_thompson_sampling,2023-07-01/2023-12-31,2024-01-01/2024-06-30,513500.SH,True,0.12683929172004074,41.0,0.12122894983245555,25,global,False
rolling_thompson_sampling,2023-07-01/2023-12-31,2024-01-01/2024-06-30,513070.SH,True,0.12595305431716639,27.0,0.14938823263894713,26,hong_kong,True
rolling_thompson_sampling,2023-07-01/2023-12-31,2024-01-01/2024-06-30,588220.SH,True,0.10947539284433105,10.0,0.24546991452654254,27,a_share,False
rolling_thompson_sampling,2023-07-01/2023-12-31,2024-01-01/2024-06-30,159920.SZ,True,0.10722059968958297,40.0,0.12273495726327127,28,hong_kong,False
rolling_thompson_sampling,2023-07-01/2023-12-31,2024-01-01/2024-06-30,159865.SZ,True,0.10431986641596147,16.0,0.19406100673768176,29,a_share,False
rolling_thompson_sampling,2023-07-01/2023-12-31,2024-01-01/2024-06-30,513120.SH,True,0.09564159835281842,100.0,0.0776244026950727,30,hong_kong,True
rolling_thompson_sampling,2023-07-01/2023-12-31,2024-01-01/2024-06-30,159869.SZ,True,0.0836431764763184,9.0,0.2587480089835757,31,a_share,False
rolling_thompson_sampling,2023-07-01/2023-12-31,2024-01-01/2024-06-30,513310.SH,True,0.06919819947029004,49.0,0.11089200385010387,32,global,False
rolling_thompson_sampling,2023-07-01/2023-12-31,2024-01-01/2024-06-30,513180.SH,True,0.05680616306469786,33.0,0.1351267406611941,33,hong_kong,False
rolling_thompson_sampling,2023-07-01/2023-12-31,2024-01-01/2024-06-30,512880.SH,True,0.054229982406781785,5.0,0.3471468822780009,34,a_share,False
rolling_thompson_sampling,2023-07-01/2023-12-31,2024-01-01/2024-06-30,159949.SZ,True,0.046175889386072415,11.0,0.23404638028637148,35,a_share,False
rolling_thompson_sampling,2023-07-01/2023-12-31,2024-01-01/2024-06-30,513030.SH,True,0.04232643596496033,35.0,0.13120918841700085,36,global,False
rolling_thompson_sampling,2023-07-01/2023-12-31,2024-01-01/2024-06-30,159901.SZ,True,0.026783063289747836,11.0,0.23404638028637148,37,a_share,False
rolling_thompson_sampling,2023-07-01/2023-12-31,2024-01-01/2024-06-30,588200.SH,True,-0.003853141171759357,7.0,0.2933926645729919,38,a_share,False
rolling_thompson_sampling,2023-07-01/2023-12-31,2024-01-01/2024-06-30,512890.SH,True,-0.02622627714946276,5.0,0.3471468822780009,39,a_share,False
rolling_thompson_sampling,2023-07-01/2023-12-31,2024-01-01/2024-06-30,562500.SH,True,-0.07847766013251564,7.0,0.2933926645729919,40,a_share,False
rolling_thompson_sampling,2023-07-01/2023-12-31,2024-01-01/2024-06-30,518880.SH,True,-0.20160493667930465,45.0,0.11571562742600029,41,commodity,False
rolling_thompson_sampling,2023-07-01/2023-12-31,2024-01-01/2024-06-30,160644.SZ,True,-0.23122836260242532,20.0,0.17357344113900045,42,global,False
rolling_thompson_sampling,2023-07-01/2023-12-31,2024-01-01/2024-06-30,159928.SZ,True,-0.3342467378288925,4.0,0.3881220134753635,43,a_share,False
rolling_thompson_sampling,2023-07-01/2023-12-31,2024-01-01/2024-06-30,510880.SH,True,-0.3375059718131021,3.0,0.4481646979168414,44,a_share,False
rolling_thompson_sampling,2023-07-01/2023-12-31,2024-01-01/2024-06-30,159687.SZ,True,-0.3961766908584653,17.0,0.18826683025721466,45,global,False
rolling_thompson_sampling,2023-07-01/2023-12-31,2024-01-01/2024-06-30,159915.SZ,True,-0.4049778889650264,2.0,0.5488874153124123,46,a_share,False
rolling_thompson_sampling,2023-07-01/2023-12-31,2024-01-01/2024-06-30,510210.SH,True,-0.43378837488071587,4.0,0.3881220134753635,47,a_share,False
rolling_thompson_sampling,2023-07-01/2023-12-31,2024-01-01/2024-06-30,515790.SH,True,-0.4810762044985795,5.0,0.3471468822780009,48,a_share,False
rolling_thompson_sampling,2023-07-01/2023-12-31,2024-01-01/2024-06-30,515220.SH,True,-0.5919159994654073,5.0,0.3471468822780009,49,a_share,False
rolling_thompson_sampling,2023-07-01/2023-12-31,2024-01-01/2024-06-30,161226.SZ,True,-0.6097555301222177,38.0,0.1259234091962129,50,commodity,False
rolling_thompson_sampling,2023-07-01/2023-12-31,2024-01-01/2024-06-30,159766.SZ,True,-0.6788857961140943,2.0,0.5488874153124123,51,a_share,False
rolling_thompson_sampling,2023-07-01/2023-12-31,2024-01-01/2024-06-30,159611.SZ,True,-0.715258949404366,2.0,0.5488874153124123,52,a_share,False
rolling_thompson_sampling,2023-07-01/2023-12-31,2024-01-01/2024-06-30,159852.SZ,True,-0.7435904792133273,6.0,0.31690029698541916,53,a_share,False
rolling_thompson_sampling,2023-07-01/2023-12-31,2024-01-01/2024-06-30,512660.SH,True,-0.7843999077556373,3.0,0.4481646979168414,54,a_share,False
rolling_thompson_sampling,2023-07-01/2023-12-31,2024-01-01/2024-06-30,512100.SH,True,-0.8260404435899001,3.0,0.4481646979168414,55,a_share,False
rolling_thompson_sampling,2023-07-01/2023-12-31,2024-01-01/2024-06-30,513100.SH,True,-0.940762184009889,9.0,0.2587480089835757,56,global,False
rolling_thompson_sampling,2023-07-01/2023-12-31,2024-01-01/2024-06-30,510500.SH,True,-1.303981105526137,2.0,0.5488874153124123,57,a_share,False
rolling_thompson_sampling,2023-07-01/2023-12-31,2024-01-01/2024-06-30,512040.SH,True,-1.4252941847183205,2.0,0.5488874153124123,58,a_share,False
rolling_thompson_sampling,2023-07-01/2023-12-31,2024-01-01/2024-06-30,512980.SH,True,-1.4850890144884548,1.0,0.776244026950727,59,a_share,False
rolling_thompson_sampling,2023-07-01/2023-12-31,2024-01-01/2024-06-30,515210.SH,True,-1.5471926189936032,3.0,0.4481646979168414,60,a_share,False
rolling_thompson_sampling,2023-07-01/2023-12-31,2024-01-01/2024-06-30,510300.SH,True,-1.7288322744731948,1.0,0.776244026950727,61,a_share,False
rolling_thompson_sampling,2023-07-01/2023-12-31,2024-01-01/2024-06-30,159201.SZ,False,,,,,a_share,False
rolling_thompson_sampling,2023-07-01/2023-12-31,2024-01-01/2024-06-30,159206.SZ,False,,,,,a_share,False
rolling_thompson_sampling,2023-07-01/2023-12-31,2024-01-01/2024-06-30,159209.SZ,False,,,,,a_share,False
rolling_thompson_sampling,2023-07-01/2023-12-31,2024-01-01/2024-06-30,159326.SZ,False,,,,,a_share,False
rolling_thompson_sampling,2023-07-01/2023-12-31,2024-01-01/2024-06-30,159329.SZ,False,,,,,global,False
rolling_thompson_sampling,2023-07-01/2023-12-31,2024-01-01/2024-06-30,159518.SZ,False,,,,,global,False
rolling_thompson_sampling,2023-07-01/2023-12-31,2024-01-01/2024-06-30,159529.SZ,False,,,,,global,False
rolling_thompson_sampling,2023-07-01/2023-12-31,2024-01-01/2024-06-30,513400.SH,False,,,,,global,False
rolling_thompson_sampling,2023-07-01/2023-12-31,2024-01-01/2024-06-30,513730.SH,False,,,,,global,False
rolling_thompson_sampling,2023-07-01/2023-12-31,2024-01-01/2024-06-30,513750.SH,False,,,,,hong_kong,False
rolling_thompson_sampling,2023-07-01/2023-12-31,2024-01-01/2024-06-30,520870.SH,False,,,,,global,False
rolling_thompson_sampling,2024-01-01/2024-06-30,2024-07-01/2024-12-31,512800.SH,True,2.8675668867736643,13.0,0.2875791487389064,1,a_share,True
rolling_thompson_sampling,2024-01-01/2024-06-30,2024-07-01/2024-12-31,159825.SZ,True,2.8631765677105805,19.0,0.23787689963974426,2,a_share,True
rolling_thompson_sampling,2024-01-01/2024-06-30,2024-07-01/2024-12-31,159870.SZ,True,2.837513503889211,5.0,0.46370744403386976,3,a_share,True
rolling_thompson_sampling,2024-01-01/2024-06-30,2024-07-01/2024-12-31,562500.SH,True,2.8226313136457493,23.0,0.2162047105892049,4,a_share,False
rolling_thompson_sampling,2024-01-01/2024-06-30,2024-07-01/2024-12-31,159928.SZ,True,2.7520470695678427,29.0,0.19254403600771994,5,a_share,False
rolling_thompson_sampling,2024-01-01/2024-06-30,2024-07-01/2024-12-31,512880.SH,True,2.718117403362194,19.0,0.23787689963974426,6,a_share,False
rolling_thompson_sampling,2024-01-01/2024-06-30,2024-07-01/2024-12-31,159509.SZ,True,2.7066625976153373,56.0,0.13855910086765208,7,global,True
rolling_thompson_sampling,2024-01-01/2024-06-30,2024-07-01/2024-12-31,159901.SZ,True,2.676342024713731,23.0,0.2162047105892049,8,a_share,False
rolling_thompson_sampling,2024-01-01/2024-06-30,2024-07-01/2024-12-31,513100.SH,True,2.667150085364732,55.0,0.13981305494137014,9,global,True
rolling_thompson_sampling,2024-01-01/2024-06-30,2024-07-01/2024-12-31,513500.SH,True,2.63861556938277,51.0,0.14519243270550836,10,global,True
rolling_thompson_sampling,2024-01-01/2024-06-30,2024-07-01/2024-12-31,588220.SH,True,2.6038964132403617,13.0,0.2875791487389064,11,a_share,False
rolling_thompson_sampling,2024-01-01/2024-06-30,2024-07-01/2024-12-31,159967.SZ,True,2.5839210498143608,17.0,0.2514806703204656,12,a_share,False
rolling_thompson_sampling,2024-01-01/2024-06-30,2024-07-01/2024-12-31,512400.SH,True,2.5673323696616968,14.0,0.27711820173530416,13,a_share,False
rolling_thompson_sampling,2024-01-01/2024-06-30,2024-07-01/2024-12-31,159865.SZ,True,2.557248671352655,15.0,0.267721617638188,14,a_share,False
rolling_thompson_sampling,2024-01-01/2024-06-30,2024-07-01/2024-12-31,164824.SZ,True,2.528746846309334,49.0,0.1481259095046303,15,global,True
rolling_thompson_sampling,2024-01-01/2024-06-30,2024-07-01/2024-12-31,513070.SH,True,2.524690282412817,49.0,0.1481259095046303,16,hong_kong,True
rolling_thompson_sampling,2024-01-01/2024-06-30,2024-07-01/2024-12-31,159985.SZ,True,2.4820255812030387,78.0,0.1174036958457115,17,commodity,True
rolling_thompson_sampling,2024-01-01/2024-06-30,2024-07-01/2024-12-31,515210.SH,True,2.4708884666556257,12.0,0.2993218680425976,18,a_share,False
rolling_thompson_sampling,2024-01-01/2024-06-30,2024-07-01/2024-12-31,513750.SH,True,2.4685905778205335,78.0,0.1174036958457115,19,hong_kong,True
rolling_thompson_sampling,2024-01-01/2024-06-30,2024-07-01/2024-12-31,513880.SH,True,2.4590579681607037,27.0,0.1995479120283984,20,global,False
rolling_thompson_sampling,2024-01-01/2024-06-30,2024-07-01/2024-12-31,501018.SH,True,2.4334033903346293,86.0,0.1118097932361609,21,commodity,True
rolling_thompson_sampling,2024-01-01/2024-06-30,2024-07-01/2024-12-31,510500.SH,True,2.366632480622552,12.0,0.2993218680425976,22,a_share,False
rolling_thompson_sampling,2024-01-01/2024-06-30,2024-07-01/2024-12-31,510050.SH,True,2.356813613877712,9.0,0.3456271221774707,23,a_share,False
rolling_thompson_sampling,2024-01-01/2024-06-30,2024-07-01/2024-12-31,161226.SZ,True,2.354481463848814,78.0,0.1174036958457115,24,commodity,True
rolling_thompson_sampling,2024-01-01/2024-06-30,2024-07-01/2024-12-31,518880.SH,True,2.3258732136201035,75.0,0.11972874721703902,25,commodity,True
rolling_thompson_sampling,2024-01-01/2024-06-30,2024-07-01/2024-12-31,512660.SH,True,2.29886362311349,6.0,0.42330504530069146,26,a_share,False
rolling_thompson_sampling,2024-01-01/2024-06-30,2024-07-01/2024-12-31,160644.SZ,True,2.249776513362615,33.0,0.18049787779010307,27,global,False
rolling_thompson_sampling,2024-01-01/2024-06-30,2024-07-01/2024-12-31,159980.SZ,True,2.2304195611925146,63.0,0.1306347730915035,28,commodity,False
rolling_thompson_sampling,2024-01-01/2024-06-30,2024-07-01/2024-12-31,513310.SH,True,2.211358502657105,31.0,0.186229391001989,29,global,False
rolling_thompson_sampling,2024-01-01/2024-06-30,2024-07-01/2024-12-31,159920.SZ,True,2.201896600620732,29.0,0.19254403600771994,30,hong_kong,False
rolling_thompson_sampling,2024-01-01/2024-06-30,2024-07-01/2024-12-31,159611.SZ,True,2.1483728196947336,9.0,0.3456271221774707,31,a_share,False
rolling_thompson_sampling,2024-01-01/2024-06-30,2024-07-01/2024-12-31,159518.SZ,True,2.108378758363537,25.0,0.20737627330648242,32,global,False
rolling_thompson_sampling,2024-01-01/2024-06-30,2024-07-01/2024-12-31,512890.SH,True,2.0360377378539587,3.0,0.5986437360851952,33,a_share,False
rolling_thompson_sampling,2024-01-01/2024-06-30,2024-07-01/2024-12-31,513120.SH,True,1.8986000546977098,30.0,0.18930777130219478,34,hong_kong,False
rolling_thompson_sampling,2024-01-01/2024-06-30,2024-07-01/2024-12-31,513290.SH,True,1.8911596514645976,12.0,0.2993218680425976,35,global,False
rolling_thompson_sampling,2024-01-01/2024-06-30,2024-07-01/2024-12-31,515220.SH,True,1.8503741852087947,6.0,0.42330504530069146,36,a_share,False
rolling_thompson_sampling,2024-01-01/2024-06-30,2024-07-01/2024-12-31,513400.SH,True,1.7274325798010695,23.0,0.2162047105892049,37,global,False
rolling_thompson_sampling,2024-01-01/2024-06-30,2024-07-01/2024-12-31,159851.SZ,True,1.6884867223105373,4.0,0.5184406832662061,38,a_share,False
rolling_thompson_sampling,2024-01-01/2024-06-30,2024-07-01/2024-12-31,512980.SH,True,1.6881702935130005,2.0,0.7331858455610427,39,a_share,False
rolling_thompson_sampling,2024-01-01/2024-06-30,2024-07-01/2024-12-31,513180.SH,True,1.667577368617599,14.0,0.27711820173530416,40,hong_kong,False
rolling_thompson_sampling,2024-01-01/2024-06-30,2024-07-01/2024-12-31,513080.SH,True,1.4578132820289127,11.0,0.31263149499081655,41,global,False
rolling_thompson_sampling,2024-01-01/2024-06-30,2024-07-01/2024-12-31,159529.SZ,True,1.3146097546654585,8.0,0.36659292278052136,42,global,False
rolling_thompson_sampling,2024-01-01/2024-06-30,2024-07-01/2024-12-31,513730.SH,True,1.26699931836639,6.0,0.42330504530069146,43,global,False
rolling_thompson_sampling,2024-01-01/2024-06-30,2024-07-01/2024-12-31,510300.SH,True,1.1945007083492327,3.0,0.5986437360851952,44,a_share,False
rolling_thompson_sampling,2024-01-01/2024-06-30,2024-07-01/2024-12-31,510210.SH,True,1.08236262036841,3.0,0.5986437360851952,45,a_share,False
rolling_thompson_sampling,2024-01-01/2024-06-30,2024-07-01/2024-12-31,159915.SZ,True,1.080370541880239,3.0,0.5986437360851952,46,a_share,False
rolling_thompson_sampling,2024-01-01/2024-06-30,2024-07-01/2024-12-31,512200.SH,True,0.9900911439947894,2.0,0.7331858455610427,47,a_share,False
rolling_thompson_sampling,2024-01-01/2024-06-30,2024-07-01/2024-12-31,159852.SZ,True,0.9852129751290082,2.0,0.7331858455610427,48,a_share,False
rolling_thompson_sampling,2024-01-01/2024-06-30,2024-07-01/2024-12-31,510180.SH,True,0.9681435120237686,3.0,0.5986437360851952,49,a_share,False
rolling_thompson_sampling,2024-01-01/2024-06-30,2024-07-01/2024-12-31,159981.SZ,True,0.9680392898079175,20.0,0.23185372201693488,50,commodity,False
rolling_thompson_sampling,2024-01-01/2024-06-30,2024-07-01/2024-12-31,159949.SZ,True,0.9540700234350653,2.0,0.7331858455610427,51,a_share,False
rolling_thompson_sampling,2024-01-01/2024-06-30,2024-07-01/2024-12-31,512040.SH,True,0.9221040274169642,5.0,0.46370744403386976,52,a_share,False
rolling_thompson_sampling,2024-01-01/2024-06-30,2024-07-01/2024-12-31,516150.SH,True,0.8815141651725649,2.0,0.7331858455610427,53,a_share,False
rolling_thompson_sampling,2024-01-01/2024-06-30,2024-07-01/2024-12-31,159766.SZ,True,0.8427259149153468,5.0,0.46370744403386976,54,a_share,False
rolling_thompson_sampling,2024-01-01/2024-06-30,2024-07-01/2024-12-31,563300.SH,True,0.6545935341537825,3.0,0.5986437360851952,55,a_share,False
rolling_thompson_sampling,2024-01-01/2024-06-30,2024-07-01/2024-12-31,588200.SH,True,0.6381460007611895,2.0,0.7331858455610427,56,a_share,False
rolling_thompson_sampling,2024-01-01/2024-06-30,2024-07-01/2024-12-31,513030.SH,True,0.4794948320919021,6.0,0.42330504530069146,57,global,False
rolling_thompson_sampling,2024-01-01/2024-06-30,2024-07-01/2024-12-31,510880.SH,True,0.40360810472457403,1.0,1.0368813665324121,58,a_share,False
rolling_thompson_sampling,2024-01-01/2024-06-30,2024-07-01/2024-12-31,159687.SZ,True,0.39116768118059136,7.0,0.3919043192745105,59,global,False
rolling_thompson_sampling,2024-01-01/2024-06-30,2024-07-01/2024-12-31,588000.SH,True,0.38187444086188116,2.0,0.7331858455610427,60,a_share,False
rolling_thompson_sampling,2024-01-01/2024-06-30,2024-07-01/2024-12-31,515880.SH,True,0.36053913662430537,2.0,0.7331858455610427,61,a_share,False
rolling_thompson_sampling,2024-01-01/2024-06-30,2024-07-01/2024-12-31,512100.SH,True,0.23616270608758505,2.0,0.7331858455610427,62,a_share,False
rolling_thompson_sampling,2024-01-01/2024-06-30,2024-07-01/2024-12-31,515790.SH,True,0.0781917798090791,2.0,0.7331858455610427,63,a_share,False
rolling_thompson_sampling,2024-01-01/2024-06-30,2024-07-01/2024-12-31,159796.SZ,True,0.016314468005377714,1.0,1.0368813665324121,64,a_share,False
rolling_thompson_sampling,2024-01-01/2024-06-30,2024-07-01/2024-12-31,159869.SZ,True,-0.0864263290770429,1.0,1.0368813665324121,65,a_share,False
rolling_thompson_sampling,2024-01-01/2024-06-30,2024-07-01/2024-12-31,512170.SH,True,-0.0864263290770429,1.0,1.0368813665324121,66,a_share,False
rolling_thompson_sampling,2024-01-01/2024-06-30,2024-07-01/2024-12-31,159201.SZ,False,,,,,a_share,False
rolling_thompson_sampling,2024-01-01/2024-06-30,2024-07-01/2024-12-31,159206.SZ,False,,,,,a_share,False
rolling_thompson_sampling,2024-01-01/2024-06-30,2024-07-01/2024-12-31,159209.SZ,False,,,,,a_share,False
rolling_thompson_sampling,2024-01-01/2024-06-30,2024-07-01/2024-12-31,159326.SZ,False,,,,,a_share,False
rolling_thompson_sampling,2024-01-01/2024-06-30,2024-07-01/2024-12-31,159329.SZ,False,,,,,global,False
rolling_thompson_sampling,2024-01-01/2024-06-30,2024-07-01/2024-12-31,520870.SH,False,,,,,global,False
rolling_thompson_sampling,2024-07-01/2024-12-31,2025-01-01/2025-06-30,159851.SZ,True,1.5447141537662976,24.0,0.1562082863788576,1,a_share,True
rolling_thompson_sampling,2024-07-01/2024-12-31,2025-01-01/2025-06-30,562500.SH,True,1.4521898191419345,11.0,0.23073493048440208,2,a_share,True
rolling_thompson_sampling,2024-07-01/2024-12-31,2025-01-01/2025-06-30,512880.SH,True,1.4117594790832408,26.0,0.15008006704141685,3,a_share,True
rolling_thompson_sampling,2024-07-01/2024-12-31,2025-01-01/2025-06-30,513730.SH,True,1.2600279879322533,59.0,0.09962852099998822,4,global,True
rolling_thompson_sampling,2024-07-01/2024-12-31,2025-01-01/2025-06-30,513400.SH,True,1.235837546349562,62.0,0.09718826837489519,5,global,True
rolling_thompson_sampling,2024-07-01/2024-12-31,2025-01-01/2025-06-30,159529.SZ,True,1.2335126033845574,60.0,0.09879479486980917,6,global,True
rolling_thompson_sampling,2024-07-01/2024-12-31,2025-01-01/2025-06-30,159852.SZ,True,1.211418819234129,17.0,0.18560310114074705,7,a_share,False
rolling_thompson_sampling,2024-07-01/2024-12-31,2025-01-01/2025-06-30,159901.SZ,True,1.2018664033086004,11.0,0.23073493048440208,8,a_share,False
rolling_thompson_sampling,2024-07-01/2024-12-31,2025-01-01/2025-06-30,588220.SH,True,1.1718613930368131,12.0,0.22091187715204083,9,a_share,False
rolling_thompson_sampling,2024-07-01/2024-12-31,2025-01-01/2025-06-30,515790.SH,True,1.154650050594717,16.0,0.19131529761137445,10,a_share,False
rolling_thompson_sampling,2024-07-01/2024-12-31,2025-01-01/2025-06-30,588000.SH,True,1.1526358858999137,9.0,0.2550870634818326,11,a_share,False
rolling_thompson_sampling,2024-07-01/2024-12-31,2025-01-01/2025-06-30,512800.SH,True,1.1249912400498316,21.0,0.1669936824585005,12,a_share,False
rolling_thompson_sampling,2024-07-01/2024-12-31,2025-01-01/2025-06-30,512040.SH,True,1.0970573363579132,10.0,0.2419968366739657,13,a_share,False
rolling_thompson_sampling,2024-07-01/2024-12-31,2025-01-01/2025-06-30,515880.SH,True,1.0900724596303142,2.0,0.5411213771429014,14,a_share,False
rolling_thompson_sampling,2024-07-01/2024-12-31,2025-01-01/2025-06-30,513120.SH,True,1.0771152537159179,77.0,0.0872096064053577,15,hong_kong,True
rolling_thompson_sampling,2024-07-01/2024-12-31,2025-01-01/2025-06-30,159981.SZ,True,1.0691663520919619,65.0,0.09491896864832904,16,commodity,True
rolling_thompson_sampling,2024-07-01/2024-12-31,2025-01-01/2025-06-30,159509.SZ,True,1.0143281973444538,46.0,0.11283160688870947,17,global,True
rolling_thompson_sampling,2024-07-01/2024-12-31,2025-01-01/2025-06-30,501018.SH,True,1.0130952449826787,74.0,0.08895980641157332,18,commodity,True
rolling_thompson_sampling,2024-07-01/2024-12-31,2025-01-01/2025-06-30,512660.SH,True,1.0003620033284115,15.0,0.19758958973961835,19,a_share,False
rolling_thompson_sampling,2024-07-01/2024-12-31,2025-01-01/2025-06-30,513180.SH,True,0.9971785581439564,24.0,0.1562082863788576,20,hong_kong,True
rolling_thompson_sampling,2024-07-01/2024-12-31,2025-01-01/2025-06-30,159920.SZ,True,0.9641116136451324,36.0,0.1275435317409163,21,hong_kong,False
rolling_thompson_sampling,2024-07-01/2024-12-31,2025-01-01/2025-06-30,159915.SZ,True,0.9569968009099062,9.0,0.2550870634818326,22,a_share,False
rolling_thompson_sampling,2024-07-01/2024-12-31,2025-01-01/2025-06-30,513100.SH,True,0.9462114424099307,31.0,0.13744496723933294,23,global,False
rolling_thompson_sampling,2024-07-01/2024-12-31,2025-01-01/2025-06-30,159967.SZ,True,0.918757212821418,5.0,0.3422352084757091,24,a_share,False
rolling_thompson_sampling,2024-07-01/2024-12-31,2025-01-01/2025-06-30,159980.SZ,True,0.9080455526911442,75.0,0.08836475086081631,25,commodity,True
rolling_thompson_sampling,2024-07-01/2024-12-31,2025-01-01/2025-06-30,513290.SH,True,0.8965161426048854,31.0,0.13744496723933294,26,global,False
rolling_thompson_sampling,2024-07-01/2024-12-31,2025-01-01/2025-06-30,159985.SZ,True,0.8878144147455634,69.0,0.09212662124521254,27,commodity,True
rolling_thompson_sampling,2024-07-01/2024-12-31,2025-01-01/2025-06-30,510300.SH,True,0.8489904741607173,11.0,0.23073493048440208,28,a_share,False
rolling_thompson_sampling,2024-07-01/2024-12-31,2025-01-01/2025-06-30,518880.SH,True,0.8489374502312255,53.0,0.10511670868763869,29,commodity,False
rolling_thompson_sampling,2024-07-01/2024-12-31,2025-01-01/2025-06-30,513070.SH,True,0.8408047115617189,31.0,0.13744496723933294,30,hong_kong,False
rolling_thompson_sampling,2024-07-01/2024-12-31,2025-01-01/2025-06-30,512200.SH,True,0.8050411401211254,9.0,0.2550870634818326,31,a_share,False
rolling_thompson_sampling,2024-07-01/2024-12-31,2025-01-01/2025-06-30,161226.SZ,True,0.8032931694997322,64.0,0.09565764880568722,32,commodity,False
rolling_thompson_sampling,2024-07-01/2024-12-31,2025-01-01/2025-06-30,516150.SH,True,0.7941188062797576,6.0,0.3124165727577152,33,a_share,False
rolling_thompson_sampling,2024-07-01/2024-12-31,2025-01-01/2025-06-30,512400.SH,True,0.7647161764536404,7.0,0.2892415425611464,34,a_share,False
rolling_thompson_sampling,2024-07-01/2024-12-31,2025-01-01/2025-06-30,160644.SZ,True,0.6775321041004113,14.0,0.20452465614584406,35,global,False
rolling_thompson_sampling,2024-07-01/2024-12-31,2025-01-01/2025-06-30,512890.SH,True,0.6372752683111589,7.0,0.2892415425611464,36,a_share,False
rolling_thompson_sampling,2024-07-01/2024-12-31,2025-01-01/2025-06-30,159766.SZ,True,0.6075501089061072,6.0,0.3124165727577152,37,a_share,False
rolling_thompson_sampling,2024-07-01/2024-12-31,2025-01-01/2025-06-30,588200.SH,True,0.598656625575444,8.0,0.2705606885714507,38,a_share,False
rolling_thompson_sampling,2024-07-01/2024-12-31,2025-01-01/2025-06-30,510180.SH,True,0.5975168170630848,5.0,0.3422352084757091,39,a_share,False
rolling_thompson_sampling,2024-07-01/2024-12-31,2025-01-01/2025-06-30,159518.SZ,True,0.5724198658988447,12.0,0.22091187715204083,40,global,False
rolling_thompson_sampling,2024-07-01/2024-12-31,2025-01-01/2025-06-30,513750.SH,True,0.5460261192464984,32.0,0.13528034428572536,41,hong_kong,False
rolling_thompson_sampling,2024-07-01/2024-12-31,2025-01-01/2025-06-30,159796.SZ,True,0.5456738982226306,2.0,0.5411213771429014,42,a_share,False
rolling_thompson_sampling,2024-07-01/2024-12-31,2025-01-01/2025-06-30,563300.SH,True,0.5159034256608104,5.0,0.3422352084757091,43,a_share,False
rolling_thompson_sampling,2024-07-01/2024-12-31,2025-01-01/2025-06-30,513310.SH,True,0.5146177576786705,11.0,0.23073493048440208,44,global,False
rolling_thompson_sampling,2024-07-01/2024-12-31,2025-01-01/2025-06-30,159611.SZ,True,0.511530631030157,7.0,0.2892415425611464,45,a_share,False
rolling_thompson_sampling,2024-07-01/2024-12-31,2025-01-01/2025-06-30,513030.SH,True,0.4744302614415249,11.0,0.23073493048440208,46,global,False
rolling_thompson_sampling,2024-07-01/2024-12-31,2025-01-01/2025-06-30,159825.SZ,True,0.44853437706808186,2.0,0.5411213771429014,47,a_share,False
rolling_thompson_sampling,2024-07-01/2024-12-31,2025-01-01/2025-06-30,513080.SH,True,0.4035408230544292,15.0,0.19758958973961835,48,global,False
rolling_thompson_sampling,2024-07-01/2024-12-31,2025-01-01/2025-06-30,513500.SH,True,0.38354236854807144,14.0,0.20452465614584406,49,global,False
rolling_thompson_sampling,2024-07-01/2024-12-31,2025-01-01/2025-06-30,159870.SZ,True,0.34870444260097083,4.0,0.3826305952227489,50,a_share,False
rolling_thompson_sampling,2024-07-01/2024-12-31,2025-01-01/2025-06-30,159869.SZ,True,0.33166370351978264,3.0,0.44182375430408166,51,a_share,False
rolling_thompson_sampling,2024-07-01/2024-12-31,2025-01-01/2025-06-30,510880.SH,True,0.22043800539033193,4.0,0.3826305952227489,52,a_share,False
rolling_thompson_sampling,2024-07-01/2024-12-31,2025-01-01/2025-06-30,159329.SZ,True,0.1839681985069245,7.0,0.2892415425611464,53,global,False
rolling_thompson_sampling,2024-07-01/2024-12-31,2025-01-01/2025-06-30,512980.SH,True,0.17464816449009699,3.0,0.44182375430408166,54,a_share,False
rolling_thompson_sampling,2024-07-01/2024-12-31,2025-01-01/2025-06-30,164824.SZ,True,0.16330216290743363,6.0,0.3124165727577152,55,global,False
rolling_thompson_sampling,2024-07-01/2024-12-31,2025-01-01/2025-06-30,513880.SH,True,0.1417620435711114,12.0,0.22091187715204083,56,global,False
rolling_thompson_sampling,2024-07-01/2024-12-31,2025-01-01/2025-06-30,512100.SH,True,0.10162670113135713,2.0,0.5411213771429014,57,a_share,False
rolling_thompson_sampling,2024-07-01/2024-12-31,2025-01-01/2025-06-30,159949.SZ,True,0.049626456015391916,4.0,0.3826305952227489,58,a_share,False
rolling_thompson_sampling,2024-07-01/2024-12-31,2025-01-01/2025-06-30,159687.SZ,True,-0.12794713752111375,9.0,0.2550870634818326,59,global,False
rolling_thompson_sampling,2024-07-01/2024-12-31,2025-01-01/2025-06-30,510210.SH,True,-0.21602515024379923,3.0,0.44182375430408166,60,a_share,False
rolling_thompson_sampling,2024-07-01/2024-12-31,2025-01-01/2025-06-30,515210.SH,True,-0.26997330321017443,2.0,0.5411213771429014,61,a_share,False
rolling_thompson_sampling,2024-07-01/2024-12-31,2025-01-01/2025-06-30,510050.SH,True,-0.2983978257133806,1.0,0.7652611904454978,62,a_share,False
rolling_thompson_sampling,2024-07-01/2024-12-31,2025-01-01/2025-06-30,159865.SZ,True,-0.35682492840665264,4.0,0.3826305952227489,63,a_share,False
rolling_thompson_sampling,2024-07-01/2024-12-31,2025-01-01/2025-06-30,510500.SH,True,-0.43472044480809235,3.0,0.44182375430408166,64,a_share,False
rolling_thompson_sampling,2024-07-01/2024-12-31,2025-01-01/2025-06-30,159928.SZ,True,-0.8612420630864361,1.0,0.7652611904454978,65,a_share,False
rolling_thompson_sampling,2024-07-01/2024-12-31,2025-01-01/2025-06-30,512170.SH,True,-1.1792305230496667,1.0,0.7652611904454978,66,a_share,False
rolling_thompson_sampling,2024-07-01/2024-12-31,2025-01-01/2025-06-30,515220.SH,True,-1.1792305230496667,1.0,0.7652611904454978,67,a_share,False
rolling_thompson_sampling,2024-07-01/2024-12-31,2025-01-01/2025-06-30,159326.SZ,True,-1.2852516695563523,1.0,0.7652611904454978,68,a_share,False
rolling_thompson_sampling,2024-07-01/2024-12-31,2025-01-01/2025-06-30,159201.SZ,False,,,,,a_share,False
rolling_thompson_sampling,2024-07-01/2024-12-31,2025-01-01/2025-06-30,159206.SZ,False,,,,,a_share,False
rolling_thompson_sampling,2024-07-01/2024-12-31,2025-01-01/2025-06-30,159209.SZ,False,,,,,a_share,False
rolling_thompson_sampling,2024-07-01/2024-12-31,2025-01-01/2025-06-30,520870.SH,False,,,,,global,False
rolling_thompson_sampling,2025-01-01/2025-06-30,2025-07-01/2025-12-31,159326.SZ,True,0.9062919297975869,10.0,0.20808646708667158,1,a_share,True
rolling_thompson_sampling,2025-01-01/2025-06-30,2025-07-01/2025-12-31,512980.SH,True,0.8691849466396827,17.0,0.15959503490841778,2,a_share,True
rolling_thompson_sampling,2025-01-01/2025-06-30,2025-07-01/2025-12-31,512040.SH,True,0.8610886068170269,12.0,0.18995608655821059,3,a_share,True
rolling_thompson_sampling,2025-01-01/2025-06-30,2025-07-01/2025-12-31,513730.SH,True,0.8589338445947976,43.0,0.1003482051433471,4,global,True
rolling_thompson_sampling,2025-01-01/2025-06-30,2025-07-01/2025-12-31,159949.SZ,True,0.8384808242504918,10.0,0.20808646708667158,5,a_share,False
rolling_thompson_sampling,2025-01-01/2025-06-30,2025-07-01/2025-12-31,562500.SH,True,0.8364490056377415,12.0,0.18995608655821059,6,a_share,False
rolling_thompson_sampling,2025-01-01/2025-06-30,2025-07-01/2025-12-31,515790.SH,True,0.8280339337968047,11.0,0.19840266169542561,7,a_share,False
rolling_thompson_sampling,2025-01-01/2025-06-30,2025-07-01/2025-12-31,510500.SH,True,0.8246454332154887,12.0,0.18995608655821059,8,a_share,False
rolling_thompson_sampling,2025-01-01/2025-06-30,2025-07-01/2025-12-31,159825.SZ,True,0.8110428489071345,11.0,0.19840266169542561,9,a_share,False
rolling_thompson_sampling,2025-01-01/2025-06-30,2025-07-01/2025-12-31,159928.SZ,True,0.8072864262435478,13.0,0.18250390466763353,10,a_share,False
rolling_thompson_sampling,2025-01-01/2025-06-30,2025-07-01/2025-12-31,159209.SZ,True,0.8065002022987198,7.0,0.24871089867730956,11,a_share,False
rolling_thompson_sampling,2025-01-01/2025-06-30,2025-07-01/2025-12-31,164824.SZ,True,0.804634233618981,54.0,0.08954615795531298,12,global,True
rolling_thompson_sampling,2025-01-01/2025-06-30,2025-07-01/2025-12-31,510880.SH,True,0.7889058116778548,8.0,0.23264774280178513,13,a_share,False
rolling_thompson_sampling,2025-01-01/2025-06-30,2025-07-01/2025-12-31,159865.SZ,True,0.7886560431450949,15.0,0.16990188891359714,14,a_share,False
rolling_thompson_sampling,2025-01-01/2025-06-30,2025-07-01/2025-12-31,159529.SZ,True,0.7805331192968571,41.0,0.10276658110187813,15,global,True
rolling_thompson_sampling,2025-01-01/2025-06-30,2025-07-01/2025-12-31,518880.SH,True,0.7745491871693867,87.0,0.0705479194644325,16,commodity,True
rolling_thompson_sampling,2025-01-01/2025-06-30,2025-07-01/2025-12-31,512890.SH,True,0.7739045748261925,5.0,0.2942787039002736,17,a_share,False
rolling_thompson_sampling,2025-01-01/2025-06-30,2025-07-01/2025-12-31,515880.SH,True,0.7325533547019144,7.0,0.24871089867730956,18,a_share,False
rolling_thompson_sampling,2025-01-01/2025-06-30,2025-07-01/2025-12-31,512200.SH,True,0.7131913926904339,11.0,0.19840266169542561,19,a_share,False
rolling_thompson_sampling,2025-01-01/2025-06-30,2025-07-01/2025-12-31,510300.SH,True,0.7045286643020581,9.0,0.21934239541718145,20,a_share,False
rolling_thompson_sampling,2025-01-01/2025-06-30,2025-07-01/2025-12-31,159901.SZ,True,0.6949808649816399,6.0,0.268638473865939,21,a_share,False
rolling_thompson_sampling,2025-01-01/2025-06-30,2025-07-01/2025-12-31,159201.SZ,True,0.6923355730519188,11.0,0.19840266169542561,22,a_share,False
rolling_thompson_sampling,2025-01-01/2025-06-30,2025-07-01/2025-12-31,588200.SH,True,0.6922420642209762,7.0,0.24871089867730956,23,a_share,False
rolling_thompson_sampling,2025-01-01/2025-06-30,2025-07-01/2025-12-31,161226.SZ,True,0.6898681313619773,82.0,0.07266694637649532,24,commodity,True
rolling_thompson_sampling,2025-01-01/2025-06-30,2025-07-01/2025-12-31,512170.SH,True,0.6825382844456768,11.0,0.19840266169542561,25,a_share,False
rolling_thompson_sampling,2025-01-01/2025-06-30,2025-07-01/2025-12-31,513750.SH,True,0.673105832958773,65.0,0.08161822739919394,26,hong_kong,True
rolling_thompson_sampling,2025-01-01/2025-06-30,2025-07-01/2025-12-31,513500.SH,True,0.6706579928848387,19.0,0.15096178984067884,27,global,True
rolling_thompson_sampling,2025-01-01/2025-06-30,2025-07-01/2025-12-31,513880.SH,True,0.6673722525791194,38.0,0.1067461052964025,28,global,False
rolling_thompson_sampling,2025-01-01/2025-06-30,2025-07-01/2025-12-31,513120.SH,True,0.664893448440805,52.0,0.09125195233381676,29,hong_kong,True
rolling_thompson_sampling,2025-01-01/2025-06-30,2025-07-01/2025-12-31,513070.SH,True,0.6420964306233298,37.0,0.10817900303914761,30,hong_kong,False
rolling_thompson_sampling,2025-01-01/2025-06-30,2025-07-01/2025-12-31,513100.SH,True,0.6315511745356936,25.0,0.13160543725030888,31,global,False
rolling_thompson_sampling,2025-01-01/2025-06-30,2025-07-01/2025-12-31,513080.SH,True,0.629520066439856,23.0,0.13720815317486637,32,global,False
rolling_thompson_sampling,2025-01-01/2025-06-30,2025-07-01/2025-12-31,159981.SZ,True,0.5941938322248804,75.0,0.07598243462328422,33,commodity,True
rolling_thompson_sampling,2025-01-01/2025-06-30,2025-07-01/2025-12-31,512880.SH,True,0.5936957321564073,6.0,0.268638473865939,34,a_share,False
rolling_thompson_sampling,2025-01-01/2025-06-30,2025-07-01/2025-12-31,159980.SZ,True,0.593204132954434,58.0,0.08640320255141055,35,commodity,True
rolling_thompson_sampling,2025-01-01/2025-06-30,2025-07-01/2025-12-31,515210.SH,True,0.5864431933025496,8.0,0.23264774280178513,36,a_share,False
rolling_thompson_sampling,2025-01-01/2025-06-30,2025-07-01/2025-12-31,513310.SH,True,0.5758235660883905,19.0,0.15096178984067884,37,global,False
rolling_thompson_sampling,2025-01-01/2025-06-30,2025-07-01/2025-12-31,159206.SZ,True,0.5687338261073843,10.0,0.20808646708667158,38,a_share,False
rolling_thompson_sampling,2025-01-01/2025-06-30,2025-07-01/2025-12-31,160644.SZ,True,0.5525823649163637,20.0,0.1471393519501368,39,global,False
rolling_thompson_sampling,2025-01-01/2025-06-30,2025-07-01/2025-12-31,513030.SH,True,0.5431924186359696,28.0,0.12435544933865478,40,global,False
rolling_thompson_sampling,2025-01-01/2025-06-30,2025-07-01/2025-12-31,563300.SH,True,0.5428266946960307,8.0,0.23264774280178513,41,a_share,False
rolling_thompson_sampling,2025-01-01/2025-06-30,2025-07-01/2025-12-31,510180.SH,True,0.5392458510462279,3.0,0.37991217311642117,42,a_share,False
rolling_thompson_sampling,2025-01-01/2025-06-30,2025-07-01/2025-12-31,159509.SZ,True,0.45279282639361507,17.0,0.15959503490841778,43,global,False
rolling_thompson_sampling,2025-01-01/2025-06-30,2025-07-01/2025-12-31,501018.SH,True,0.4424785363541384,60.0,0.08495094445679857,44,commodity,False
rolling_thompson_sampling,2025-01-01/2025-06-30,2025-07-01/2025-12-31,159851.SZ,True,0.4416295277673622,7.0,0.24871089867730956,45,a_share,False
rolling_thompson_sampling,2025-01-01/2025-06-30,2025-07-01/2025-12-31,159611.SZ,True,0.42739540286342603,4.0,0.32901359312577216,46,a_share,False
rolling_thompson_sampling,2025-01-01/2025-06-30,2025-07-01/2025-12-31,513180.SH,True,0.4272627897523677,24.0,0.1343192369329695,47,hong_kong,False
rolling_thompson_sampling,2025-01-01/2025-06-30,2025-07-01/2025-12-31,159920.SZ,True,0.4182350031336492,22.0,0.14029186749029593,48,hong_kong,False
rolling_thompson_sampling,2025-01-01/2025-06-30,2025-07-01/2025-12-31,513400.SH,True,0.39401558857414604,18.0,0.15509849520119012,49,global,False
rolling_thompson_sampling,2025-01-01/2025-06-30,2025-07-01/2025-12-31,512400.SH,True,0.38850584268270183,8.0,0.23264774280178513,50,a_share,False
rolling_thompson_sampling,2025-01-01/2025-06-30,2025-07-01/2025-12-31,513290.SH,True,0.38095401059970496,14.0,0.17586516300972593,51,global,False
rolling_thompson_sampling,2025-01-01/2025-06-30,2025-07-01/2025-12-31,510050.SH,True,0.3782673095365041,8.0,0.23264774280178513,52,a_share,False
rolling_thompson_sampling,2025-01-01/2025-06-30,2025-07-01/2025-12-31,159985.SZ,True,0.35801872288722547,38.0,0.1067461052964025,53,commodity,False
rolling_thompson_sampling,2025-01-01/2025-06-30,2025-07-01/2025-12-31,159687.SZ,True,0.22422401208956355,18.0,0.15509849520119012,54,global,False
rolling_thompson_sampling,2025-01-01/2025-06-30,2025-07-01/2025-12-31,159329.SZ,True,0.16570008327865465,11.0,0.19840266169542561,55,global,False
rolling_thompson_sampling,2025-01-01/2025-06-30,2025-07-01/2025-12-31,159869.SZ,True,0.09390264378862814,4.0,0.32901359312577216,56,a_share,False
rolling_thompson_sampling,2025-01-01/2025-06-30,2025-07-01/2025-12-31,516150.SH,True,-0.06603517188711006,2.0,0.46529548560357026,57,a_share,False
rolling_thompson_sampling,2025-01-01/2025-06-30,2025-07-01/2025-12-31,159796.SZ,True,-0.0679767201390779,2.0,0.46529548560357026,58,a_share,False
rolling_thompson_sampling,2025-01-01/2025-06-30,2025-07-01/2025-12-31,159915.SZ,True,-0.06821346238902068,2.0,0.46529548560357026,59,a_share,False
rolling_thompson_sampling,2025-01-01/2025-06-30,2025-07-01/2025-12-31,159518.SZ,True,-0.07178450373401746,12.0,0.18995608655821059,60,global,False
rolling_thompson_sampling,2025-01-01/2025-06-30,2025-07-01/2025-12-31,588220.SH,True,-0.07465505290309475,2.0,0.46529548560357026,61,a_share,False
rolling_thompson_sampling,2025-01-01/2025-06-30,2025-07-01/2025-12-31,159852.SZ,True,-0.08255215768330582,3.0,0.37991217311642117,62,a_share,False
rolling_thompson_sampling,2025-01-01/2025-06-30,2025-07-01/2025-12-31,510210.SH,True,-0.25062247850383873,6.0,0.268638473865939,63,a_share,False
rolling_thompson_sampling,2025-01-01/2025-06-30,2025-07-01/2025-12-31,512800.SH,True,-0.46794827930748245,1.0,0.6580271862515443,64,a_share,False
rolling_thompson_sampling,2025-01-01/2025-06-30,2025-07-01/2025-12-31,588000.SH,True,-0.5220049819404213,2.0,0.46529548560357026,65,a_share,False
rolling_thompson_sampling,2025-01-01/2025-06-30,2025-07-01/2025-12-31,159967.SZ,True,-0.5950327816379696,2.0,0.46529548560357026,66,a_share,False
rolling_thompson_sampling,2025-01-01/2025-06-30,2025-07-01/2025-12-31,159766.SZ,True,-0.62743127241196,1.0,0.6580271862515443,67,a_share,False
rolling_thompson_sampling,2025-01-01/2025-06-30,2025-07-01/2025-12-31,512660.SH,True,-0.7616282082740197,3.0,0.37991217311642117,68,a_share,False
rolling_thompson_sampling,2025-01-01/2025-06-30,2025-07-01/2025-12-31,512100.SH,True,-0.8731800893323524,1.0,0.6580271862515443,69,a_share,False
rolling_thompson_sampling,2025-01-01/2025-06-30,2025-07-01/2025-12-31,159870.SZ,True,-1.1170614742226472,1.0,0.6580271862515443,70,a_share,False
rolling_thompson_sampling,2025-01-01/2025-06-30,2025-07-01/2025-12-31,515220.SH,True,-1.1170614742226472,1.0,0.6580271862515443,71,a_share,False
rolling_thompson_sampling,2025-01-01/2025-06-30,2025-07-01/2025-12-31,520870.SH,False,,,,,global,False
rolling_thompson_sampling,2025-07-01/2025-12-31,2026-01-01/2026-06-30,515880.SH,True,3.34644567266824,22.0,0.1680420507271396,1,a_share,True
rolling_thompson_sampling,2025-07-01/2025-12-31,2026-01-01/2026-06-30,159206.SZ,True,3.1490891901143767,13.0,0.21860376481324456,2,a_share,True
rolling_thompson_sampling,2025-07-01/2025-12-31,2026-01-01/2026-06-30,159209.SZ,True,3.100285236285781,21.0,0.17199652237304053,3,a_share,True
rolling_thompson_sampling,2025-07-01/2025-12-31,2026-01-01/2026-06-30,510500.SH,True,3.082345331802612,18.0,0.1857774770879303,4,a_share,False
rolling_thompson_sampling,2025-07-01/2025-12-31,2026-01-01/2026-06-30,159509.SZ,True,3.074258654186959,51.0,0.11036826748741174,5,global,True
rolling_thompson_sampling,2025-07-01/2025-12-31,2026-01-01/2026-06-30,512040.SH,True,3.0318561127280934,17.0,0.1911634468315494,6,a_share,False
rolling_thompson_sampling,2025-07-01/2025-12-31,2026-01-01/2026-06-30,159852.SZ,True,3.004028116152239,4.0,0.3940935415218119,7,a_share,False
rolling_thompson_sampling,2025-07-01/2025-12-31,2026-01-01/2026-06-30,513290.SH,True,3.0007469916987994,45.0,0.11749599311152098,8,global,True
rolling_thompson_sampling,2025-07-01/2025-12-31,2026-01-01/2026-06-30,510180.SH,True,2.9839567802658937,8.0,0.2786662156318954,9,a_share,False
rolling_thompson_sampling,2025-07-01/2025-12-31,2026-01-01/2026-06-30,512980.SH,True,2.9346736062537246,14.0,0.21065185867357009,10,a_share,False
rolling_thompson_sampling,2025-07-01/2025-12-31,2026-01-01/2026-06-30,588200.SH,True,2.9051189939552833,10.0,0.24924664047421308,11,a_share,False
rolling_thompson_sampling,2025-07-01/2025-12-31,2026-01-01/2026-06-30,515220.SH,True,2.885695847278011,16.0,0.19704677076090596,12,a_share,False
rolling_thompson_sampling,2025-07-01/2025-12-31,2026-01-01/2026-06-30,513070.SH,True,2.8844312806768326,56.0,0.10532592933678504,13,hong_kong,True
rolling_thompson_sampling,2025-07-01/2025-12-31,2026-01-01/2026-06-30,159329.SZ,True,2.8752221545898697,46.0,0.11621184533997425,14,global,True
rolling_thompson_sampling,2025-07-01/2025-12-31,2026-01-01/2026-06-30,161226.SZ,True,2.8455561480606244,82.0,0.08704070241298918,15,commodity,True
rolling_thompson_sampling,2025-07-01/2025-12-31,2026-01-01/2026-06-30,159949.SZ,True,2.8225483042168173,7.0,0.29790671547526326,16,a_share,False
rolling_thompson_sampling,2025-07-01/2025-12-31,2026-01-01/2026-06-30,510300.SH,True,2.8218973935947296,5.0,0.35248797933456294,17,a_share,False
rolling_thompson_sampling,2025-07-01/2025-12-31,2026-01-01/2026-06-30,513120.SH,True,2.803027542048163,56.0,0.10532592933678504,18,hong_kong,True
rolling_thompson_sampling,2025-07-01/2025-12-31,2026-01-01/2026-06-30,159967.SZ,True,2.790557926147917,10.0,0.24924664047421308,19,a_share,False
rolling_thompson_sampling,2025-07-01/2025-12-31,2026-01-01/2026-06-30,513080.SH,True,2.7776617803802686,38.0,0.12786082872824703,20,global,True
rolling_thompson_sampling,2025-07-01/2025-12-31,2026-01-01/2026-06-30,513880.SH,True,2.758356050532242,43.0,0.1201974033187786,21,global,False
rolling_thompson_sampling,2025-07-01/2025-12-31,2026-01-01/2026-06-30,510050.SH,True,2.7553524389558803,6.0,0.3217760292182583,22,a_share,False
rolling_thompson_sampling,2025-07-01/2025-12-31,2026-01-01/2026-06-30,513030.SH,True,2.738188965335184,37.0,0.1295771582595353,23,global,False
rolling_thompson_sampling,2025-07-01/2025-12-31,2026-01-01/2026-06-30,160644.SZ,True,2.7215187599813695,32.0,0.1393331078159477,24,global,False
rolling_thompson_sampling,2025-07-01/2025-12-31,2026-01-01/2026-06-30,510210.SH,True,2.713497994674575,5.0,0.35248797933456294,25,a_share,False
rolling_thompson_sampling,2025-07-01/2025-12-31,2026-01-01/2026-06-30,159687.SZ,True,2.6981431404495972,21.0,0.17199652237304053,26,global,False
rolling_thompson_sampling,2025-07-01/2025-12-31,2026-01-01/2026-06-30,159766.SZ,True,2.6848467862176597,6.0,0.3217760292182583,27,a_share,False
rolling_thompson_sampling,2025-07-01/2025-12-31,2026-01-01/2026-06-30,159980.SZ,True,2.6766629903811934,62.0,0.10009985964644992,28,commodity,True
rolling_thompson_sampling,2025-07-01/2025-12-31,2026-01-01/2026-06-30,513310.SH,True,2.667576531406511,31.0,0.14156257910365277,29,global,False
rolling_thompson_sampling,2025-07-01/2025-12-31,2026-01-01/2026-06-30,518880.SH,True,2.6618193671165233,72.0,0.09288873854396515,30,commodity,True
rolling_thompson_sampling,2025-07-01/2025-12-31,2026-01-01/2026-06-30,512880.SH,True,2.6474697036478667,13.0,0.21860376481324456,31,a_share,False
rolling_thompson_sampling,2025-07-01/2025-12-31,2026-01-01/2026-06-30,588220.SH,True,2.639152123821451,6.0,0.3217760292182583,32,a_share,False
rolling_thompson_sampling,2025-07-01/2025-12-31,2026-01-01/2026-06-30,159901.SZ,True,2.638999273526934,3.0,0.45506002456702216,33,a_share,False
rolling_thompson_sampling,2025-07-01/2025-12-31,2026-01-01/2026-06-30,159985.SZ,True,2.612120894605678,66.0,0.0970191232224908,34,commodity,True
rolling_thompson_sampling,2025-07-01/2025-12-31,2026-01-01/2026-06-30,512400.SH,True,2.6056103648117372,6.0,0.3217760292182583,35,a_share,False
rolling_thompson_sampling,2025-07-01/2025-12-31,2026-01-01/2026-06-30,501018.SH,True,2.603306006348486,59.0,0.10261321799060158,36,commodity,False
rolling_thompson_sampling,2025-07-01/2025-12-31,2026-01-01/2026-06-30,563300.SH,True,2.5994219183444565,5.0,0.35248797933456294,37,a_share,False
rolling_thompson_sampling,2025-07-01/2025-12-31,2026-01-01/2026-06-30,159920.SZ,True,2.597577183227699,38.0,0.12786082872824703,38,hong_kong,False
rolling_thompson_sampling,2025-07-01/2025-12-31,2026-01-01/2026-06-30,159981.SZ,True,2.578472896772417,59.0,0.10261321799060158,39,commodity,False
rolling_thompson_sampling,2025-07-01/2025-12-31,2026-01-01/2026-06-30,159865.SZ,True,2.574081651938438,8.0,0.2786662156318954,40,a_share,False
rolling_thompson_sampling,2025-07-01/2025-12-31,2026-01-01/2026-06-30,159825.SZ,True,2.549794867942228,5.0,0.35248797933456294,41,a_share,False
rolling_thompson_sampling,2025-07-01/2025-12-31,2026-01-01/2026-06-30,159915.SZ,True,2.54448727900186,4.0,0.3940935415218119,42,a_share,False
rolling_thompson_sampling,2025-07-01/2025-12-31,2026-01-01/2026-06-30,159870.SZ,True,2.5080718366399157,5.0,0.35248797933456294,43,a_share,False
rolling_thompson_sampling,2025-07-01/2025-12-31,2026-01-01/2026-06-30,513180.SH,True,2.4622169910446705,26.0,0.15457620449235443,44,hong_kong,False
rolling_thompson_sampling,2025-07-01/2025-12-31,2026-01-01/2026-06-30,515790.SH,True,2.367518430187727,5.0,0.35248797933456294,45,a_share,False
rolling_thompson_sampling,2025-07-01/2025-12-31,2026-01-01/2026-06-30,159796.SZ,True,2.2899357965862435,4.0,0.3940935415218119,46,a_share,False
rolling_thompson_sampling,2025-07-01/2025-12-31,2026-01-01/2026-06-30,513750.SH,True,2.221210431255735,24.0,0.16088801460912916,47,hong_kong,False
rolling_thompson_sampling,2025-07-01/2025-12-31,2026-01-01/2026-06-30,159326.SZ,True,2.216556440166935,4.0,0.3940935415218119,48,a_share,False
rolling_thompson_sampling,2025-07-01/2025-12-31,2026-01-01/2026-06-30,512660.SH,True,2.213670862594737,5.0,0.35248797933456294,49,a_share,False
rolling_thompson_sampling,2025-07-01/2025-12-31,2026-01-01/2026-06-30,588000.SH,True,2.1475727054867866,5.0,0.35248797933456294,50,a_share,False
rolling_thompson_sampling,2025-07-01/2025-12-31,2026-01-01/2026-06-30,159869.SZ,True,2.0705851939154942,6.0,0.3217760292182583,51,a_share,False
rolling_thompson_sampling,2025-07-01/2025-12-31,2026-01-01/2026-06-30,159518.SZ,True,2.040995469517817,12.0,0.22753001228351108,52,global,False
rolling_thompson_sampling,2025-07-01/2025-12-31,2026-01-01/2026-06-30,513730.SH,True,2.021130125221316,10.0,0.24924664047421308,53,global,False
rolling_thompson_sampling,2025-07-01/2025-12-31,2026-01-01/2026-06-30,512100.SH,True,1.9631003091326977,3.0,0.45506002456702216,54,a_share,False
rolling_thompson_sampling,2025-07-01/2025-12-31,2026-01-01/2026-06-30,515210.SH,True,1.8205569703503706,4.0,0.3940935415218119,55,a_share,False
rolling_thompson_sampling,2025-07-01/2025-12-31,2026-01-01/2026-06-30,512800.SH,True,1.804613248879107,2.0,0.5573324312637908,56,a_share,False
rolling_thompson_sampling,2025-07-01/2025-12-31,2026-01-01/2026-06-30,512170.SH,True,1.746388104807507,3.0,0.45506002456702216,57,a_share,False
rolling_thompson_sampling,2025-07-01/2025-12-31,2026-01-01/2026-06-30,164824.SZ,True,1.6421043791904508,9.0,0.2627290276812079,58,global,False
rolling_thompson_sampling,2025-07-01/2025-12-31,2026-01-01/2026-06-30,562500.SH,True,1.5654597093918048,2.0,0.5573324312637908,59,a_share,False
rolling_thompson_sampling,2025-07-01/2025-12-31,2026-01-01/2026-06-30,159529.SZ,True,1.5152599688311672,5.0,0.35248797933456294,60,global,False
rolling_thompson_sampling,2025-07-01/2025-12-31,2026-01-01/2026-06-30,159201.SZ,True,1.4525065055295294,2.0,0.5573324312637908,61,a_share,False
rolling_thompson_sampling,2025-07-01/2025-12-31,2026-01-01/2026-06-30,159928.SZ,True,1.4455773880104765,3.0,0.45506002456702216,62,a_share,False
rolling_thompson_sampling,2025-07-01/2025-12-31,2026-01-01/2026-06-30,513100.SH,True,1.4305644354871834,7.0,0.29790671547526326,63,global,False
rolling_thompson_sampling,2025-07-01/2025-12-31,2026-01-01/2026-06-30,516150.SH,True,1.3286019525048358,3.0,0.45506002456702216,64,a_share,False
rolling_thompson_sampling,2025-07-01/2025-12-31,2026-01-01/2026-06-30,513500.SH,True,1.2555945043111845,8.0,0.2786662156318954,65,global,False
rolling_thompson_sampling,2025-07-01/2025-12-31,2026-01-01/2026-06-30,513400.SH,True,1.1896983381211483,5.0,0.35248797933456294,66,global,False
rolling_thompson_sampling,2025-07-01/2025-12-31,2026-01-01/2026-06-30,512200.SH,True,1.1576665348448187,5.0,0.35248797933456294,67,a_share,False
rolling_thompson_sampling,2025-07-01/2025-12-31,2026-01-01/2026-06-30,510880.SH,True,0.8497988527731477,2.0,0.5573324312637908,68,a_share,False
rolling_thompson_sampling,2025-07-01/2025-12-31,2026-01-01/2026-06-30,159851.SZ,True,0.8293748273738006,1.0,0.7881870830436238,69,a_share,False
rolling_thompson_sampling,2025-07-01/2025-12-31,2026-01-01/2026-06-30,512890.SH,True,0.8293748273738006,1.0,0.7881870830436238,70,a_share,False
rolling_thompson_sampling,2025-07-01/2025-12-31,2026-01-01/2026-06-30,159611.SZ,True,0.8178532264833449,3.0,0.45506002456702216,71,a_share,False
rolling_thompson_sampling,2025-07-01/2025-12-31,2026-01-01/2026-06-30,520870.SH,False,,,,,global,False
rolling_thompson_sampling,2026-01-01/2026-06-30,2026-07-01/2026-07-26,159967.SZ,True,2.161002615862286,28.0,0.15936387695616888,1,a_share,True
rolling_thompson_sampling,2026-01-01/2026-06-30,2026-07-01/2026-07-26,515880.SH,True,2.122096111912476,29.0,0.1565921198305821,2,a_share,True
rolling_thompson_sampling,2026-01-01/2026-06-30,2026-07-01/2026-07-26,516150.SH,True,2.0921848759799118,12.0,0.2434323430644242,3,a_share,True
rolling_thompson_sampling,2026-01-01/2026-06-30,2026-07-01/2026-07-26,159852.SZ,True,1.9998591911751533,23.0,0.17583486173087004,4,a_share,False
rolling_thompson_sampling,2026-01-01/2026-06-30,2026-07-01/2026-07-26,159509.SZ,True,1.8845740694763484,40.0,0.1333333855227214,5,global,True
rolling_thompson_sampling,2026-01-01/2026-06-30,2026-07-01/2026-07-26,513310.SH,True,1.8783839236061879,52.0,0.11694111501405857,6,global,True
rolling_thompson_sampling,2026-01-01/2026-06-30,2026-07-01/2026-07-26,512200.SH,True,1.853275772034649,7.0,0.31872775391233776,7,a_share,False
rolling_thompson_sampling,2026-01-01/2026-06-30,2026-07-01/2026-07-26,513100.SH,True,1.8207758902489803,37.0,0.1386334529066182,8,global,True
rolling_thompson_sampling,2026-01-01/2026-06-30,2026-07-01/2026-07-26,512880.SH,True,1.8169616577058305,13.0,0.23388223002811714,9,a_share,False
rolling_thompson_sampling,2026-01-01/2026-06-30,2026-07-01/2026-07-26,159851.SZ,True,1.8073988015357099,6.0,0.3442653210819688,10,a_share,False
rolling_thompson_sampling,2026-01-01/2026-06-30,2026-07-01/2026-07-26,160644.SZ,True,1.7868963660464146,42.0,0.13012006065809872,11,global,True
rolling_thompson_sampling,2026-01-01/2026-06-30,2026-07-01/2026-07-26,159611.SZ,True,1.7587189686139821,11.0,0.25425678998674944,12,a_share,False
rolling_thompson_sampling,2026-01-01/2026-06-30,2026-07-01/2026-07-26,159949.SZ,True,1.7434822658942897,8.0,0.29814251369899136,13,a_share,False
rolling_thompson_sampling,2026-01-01/2026-06-30,2026-07-01/2026-07-26,513750.SH,True,1.7085894455344273,45.0,0.12570792141556872,14,hong_kong,True
rolling_thompson_sampling,2026-01-01/2026-06-30,2026-07-01/2026-07-26,588220.SH,True,1.7033774572489533,9.0,0.28109145759541326,15,a_share,False
rolling_thompson_sampling,2026-01-01/2026-06-30,2026-07-01/2026-07-26,501018.SH,True,1.7017138677552546,76.0,0.09673020454349644,16,commodity,True
rolling_thompson_sampling,2026-01-01/2026-06-30,2026-07-01/2026-07-26,159920.SZ,True,1.6743815256670465,59.0,0.10978497225107786,17,hong_kong,True
rolling_thompson_sampling,2026-01-01/2026-06-30,2026-07-01/2026-07-26,513180.SH,True,1.6658469223286438,52.0,0.11694111501405857,18,hong_kong,False
rolling_thompson_sampling,2026-01-01/2026-06-30,2026-07-01/2026-07-26,159766.SZ,True,1.6184878335739348,11.0,0.25425678998674944,19,a_share,False
rolling_thompson_sampling,2026-01-01/2026-06-30,2026-07-01/2026-07-26,518880.SH,True,1.6067373902760345,70.0,0.10079056558726304,20,commodity,True
rolling_thompson_sampling,2026-01-01/2026-06-30,2026-07-01/2026-07-26,159206.SZ,True,1.6058597133140036,7.0,0.31872775391233776,21,a_share,False
rolling_thompson_sampling,2026-01-01/2026-06-30,2026-07-01/2026-07-26,159529.SZ,True,1.584585988074589,31.0,0.1514565484157118,22,global,False
rolling_thompson_sampling,2026-01-01/2026-06-30,2026-07-01/2026-07-26,159985.SZ,True,1.5794137327334505,78.0,0.09548202057885477,23,commodity,True
rolling_thompson_sampling,2026-01-01/2026-06-30,2026-07-01/2026-07-26,510210.SH,True,1.5598173408353708,10.0,0.2666667710454428,24,a_share,False
rolling_thompson_sampling,2026-01-01/2026-06-30,2026-07-01/2026-07-26,513880.SH,True,1.547070711642065,33.0,0.14679522614213994,25,global,False
rolling_thompson_sampling,2026-01-01/2026-06-30,2026-07-01/2026-07-26,159981.SZ,True,1.518898989551977,52.0,0.11694111501405857,26,commodity,True
rolling_thompson_sampling,2026-01-01/2026-06-30,2026-07-01/2026-07-26,513730.SH,True,1.499307122024924,17.0,0.20452407708083234,27,global,False
rolling_thompson_sampling,2026-01-01/2026-06-30,2026-07-01/2026-07-26,161226.SZ,True,1.4701876669476353,59.0,0.10978497225107786,28,commodity,False
rolling_thompson_sampling,2026-01-01/2026-06-30,2026-07-01/2026-07-26,513030.SH,True,1.4636154445857696,16.0,0.21081859319655996,29,global,False
rolling_thompson_sampling,2026-01-01/2026-06-30,2026-07-01/2026-07-26,159518.SZ,True,1.4461439067172686,22.0,0.17978670036235442,30,global,False
rolling_thompson_sampling,2026-01-01/2026-06-30,2026-07-01/2026-07-26,159980.SZ,True,1.4453877347964814,65.0,0.1045953130144225,31,commodity,False
rolling_thompson_sampling,2026-01-01/2026-06-30,2026-07-01/2026-07-26,159201.SZ,True,1.4342771652210735,4.0,0.4216371863931199,32,a_share,False
rolling_thompson_sampling,2026-01-01/2026-06-30,2026-07-01/2026-07-26,510880.SH,True,1.4126550807096745,8.0,0.29814251369899136,33,a_share,False
rolling_thompson_sampling,2026-01-01/2026-06-30,2026-07-01/2026-07-26,159326.SZ,True,1.4100937483795233,14.0,0.2253745561437712,34,a_share,False
rolling_thompson_sampling,2026-01-01/2026-06-30,2026-07-01/2026-07-26,159687.SZ,True,1.3931991380041329,24.0,0.1721326605409844,35,global,False
rolling_thompson_sampling,2026-01-01/2026-06-30,2026-07-01/2026-07-26,159928.SZ,True,1.3653114713092527,8.0,0.29814251369899136,36,a_share,False
rolling_thompson_sampling,2026-01-01/2026-06-30,2026-07-01/2026-07-26,159869.SZ,True,1.360454316330515,7.0,0.31872775391233776,37,a_share,False
rolling_thompson_sampling,2026-01-01/2026-06-30,2026-07-01/2026-07-26,562500.SH,True,1.3574734971265245,4.0,0.4216371863931199,38,a_share,False
rolling_thompson_sampling,2026-01-01/2026-06-30,2026-07-01/2026-07-26,513120.SH,True,1.3331865376160799,38.0,0.13679716715653625,39,hong_kong,False
rolling_thompson_sampling,2026-01-01/2026-06-30,2026-07-01/2026-07-26,513290.SH,True,1.3287406302324782,20.0,0.1885618821233531,40,global,False
rolling_thompson_sampling,2026-01-01/2026-06-30,2026-07-01/2026-07-26,159825.SZ,True,1.3191957849069893,7.0,0.31872775391233776,41,a_share,False
rolling_thompson_sampling,2026-01-01/2026-06-30,2026-07-01/2026-07-26,513500.SH,True,1.3005550909308576,22.0,0.17978670036235442,42,global,False
rolling_thompson_sampling,2026-01-01/2026-06-30,2026-07-01/2026-07-26,159915.SZ,True,1.2999150567036741,4.0,0.4216371863931199,43,a_share,False
rolling_thompson_sampling,2026-01-01/2026-06-30,2026-07-01/2026-07-26,513080.SH,True,1.298617144136096,12.0,0.2434323430644242,44,global,False
rolling_thompson_sampling,2026-01-01/2026-06-30,2026-07-01/2026-07-26,563300.SH,True,1.2946676513203044,7.0,0.31872775391233776,45,a_share,False
rolling_thompson_sampling,2026-01-01/2026-06-30,2026-07-01/2026-07-26,510300.SH,True,1.2882354700327983,4.0,0.4216371863931199,46,a_share,False
rolling_thompson_sampling,2026-01-01/2026-06-30,2026-07-01/2026-07-26,512980.SH,True,1.2398203235062089,4.0,0.4216371863931199,47,a_share,False
rolling_thompson_sampling,2026-01-01/2026-06-30,2026-07-01/2026-07-26,159901.SZ,True,1.1887213486981683,5.0,0.3771237642467062,48,a_share,False
rolling_thompson_sampling,2026-01-01/2026-06-30,2026-07-01/2026-07-26,512660.SH,True,1.147071959735925,4.0,0.4216371863931199,49,a_share,False
rolling_thompson_sampling,2026-01-01/2026-06-30,2026-07-01/2026-07-26,588000.SH,True,1.1204253518200908,4.0,0.4216371863931199,50,a_share,False
rolling_thompson_sampling,2026-01-01/2026-06-30,2026-07-01/2026-07-26,510180.SH,True,1.0307332614614615,4.0,0.4216371863931199,51,a_share,False
rolling_thompson_sampling,2026-01-01/2026-06-30,2026-07-01/2026-07-26,515790.SH,True,1.007896555758208,6.0,0.3442653210819688,52,a_share,False
rolling_thompson_sampling,2026-01-01/2026-06-30,2026-07-01/2026-07-26,515210.SH,True,0.988215475079801,3.0,0.4868646861288484,53,a_share,False
rolling_thompson_sampling,2026-01-01/2026-06-30,2026-07-01/2026-07-26,159870.SZ,True,0.9832358120937745,4.0,0.4216371863931199,54,a_share,False
rolling_thompson_sampling,2026-01-01/2026-06-30,2026-07-01/2026-07-26,513400.SH,True,0.9796047930063274,10.0,0.2666667710454428,55,global,False
rolling_thompson_sampling,2026-01-01/2026-06-30,2026-07-01/2026-07-26,159209.SZ,True,0.8731614450677853,3.0,0.4868646861288484,56,a_share,False
rolling_thompson_sampling,2026-01-01/2026-06-30,2026-07-01/2026-07-26,159329.SZ,True,0.8177477799514805,11.0,0.25425678998674944,57,global,False
rolling_thompson_sampling,2026-01-01/2026-06-30,2026-07-01/2026-07-26,520870.SH,True,0.7468788503810478,5.0,0.3771237642467062,58,global,False
rolling_thompson_sampling,2026-01-01/2026-06-30,2026-07-01/2026-07-26,512170.SH,True,0.7135325069931846,2.0,0.5962850273979827,59,a_share,False
rolling_thompson_sampling,2026-01-01/2026-06-30,2026-07-01/2026-07-26,512100.SH,True,0.619949994114349,2.0,0.5962850273979827,60,a_share,False
rolling_thompson_sampling,2026-01-01/2026-06-30,2026-07-01/2026-07-26,512040.SH,True,0.5952853561845601,3.0,0.4868646861288484,61,a_share,False
rolling_thompson_sampling,2026-01-01/2026-06-30,2026-07-01/2026-07-26,510500.SH,True,0.5557077252642163,3.0,0.4868646861288484,62,a_share,False
rolling_thompson_sampling,2026-01-01/2026-06-30,2026-07-01/2026-07-26,164824.SZ,True,0.2605453687010364,6.0,0.3442653210819688,63,global,False
rolling_thompson_sampling,2026-01-01/2026-06-30,2026-07-01/2026-07-26,510050.SH,True,0.16707110101606965,4.0,0.4216371863931199,64,a_share,False
rolling_thompson_sampling,2026-01-01/2026-06-30,2026-07-01/2026-07-26,512890.SH,True,0.15281490064476255,2.0,0.5962850273979827,65,a_share,False
rolling_thompson_sampling,2026-01-01/2026-06-30,2026-07-01/2026-07-26,515220.SH,True,0.10302525949448936,1.0,0.8432743727862398,66,a_share,False
rolling_thompson_sampling,2026-01-01/2026-06-30,2026-07-01/2026-07-26,513070.SH,True,-0.10418015979129046,6.0,0.3442653210819688,67,hong_kong,False
rolling_thompson_sampling,2026-01-01/2026-06-30,2026-07-01/2026-07-26,159796.SZ,True,-0.32633841500457006,1.0,0.8432743727862398,68,a_share,False
rolling_thompson_sampling,2026-01-01/2026-06-30,2026-07-01/2026-07-26,159865.SZ,True,-0.32633841500457006,1.0,0.8432743727862398,69,a_share,False
rolling_thompson_sampling,2026-01-01/2026-06-30,2026-07-01/2026-07-26,512400.SH,True,-0.8070861460262019,1.0,0.8432743727862398,70,a_share,False
rolling_thompson_sampling,2026-01-01/2026-06-30,2026-07-01/2026-07-26,588200.SH,True,-0.8070861460262019,1.0,0.8432743727862398,71,a_share,False
rolling_thompson_sampling,2026-01-01/2026-06-30,2026-07-01/2026-07-26,512800.SH,True,-1.2489350673094357,1.0,0.8432743727862398,72,a_share,False
