method,training_year,holding_year,evaluation,codes,sharpe,maximum_within_group_correlation,phase
rolling_ucb_sampling,2021,2022,1,159865.SZ|159901.SZ|159920.SZ|159980.SZ|159985.SZ|501018.SH|513030.SH|513080.SH|513180.SH|513500.SH|513880.SH|515210.SH|518880.SH,-0.04141558142205041,0.910284859375849,warmup
rolling_ucb_sampling,2021,2022,2,159869.SZ|159920.SZ|159949.SZ|159980.SZ|159981.SZ|159985.SZ|160644.SZ|161226.SZ|164824.SZ|512660.SH|513030.SH|513100.SH|513180.SH,0.5792789991411761,0.910284859375849,warmup
rolling_ucb_sampling,2021,2022,3,159920.SZ|159980.SZ|159985.SZ|160644.SZ|161226.SZ|501018.SH|510180.SH|512800.SH|512880.SH|513030.SH|513100.SH|513180.SH|513500.SH,0.4639849103247611,0.910284859375849,warmup
rolling_ucb_sampling,2021,2022,4,159825.SZ|159920.SZ|159980.SZ|159981.SZ|160644.SZ|161226.SZ|164824.SZ|512040.SH|512400.SH|513080.SH|513180.SH|513880.SH|518880.SH,-0.4830060470827395,0.910284859375849,warmup
rolling_ucb_sampling,2021,2022,5,159920.SZ|159980.SZ|159981.SZ|159985.SZ|164824.SZ|501018.SH|510210.SH|512100.SH|512980.SH|513030.SH|513080.SH|513180.SH|513500.SH,1.3954882682134913,0.910284859375849,warmup
rolling_ucb_sampling,2021,2022,6,159870.SZ|159920.SZ|159967.SZ|159981.SZ|159985.SZ|161226.SZ|164824.SZ|510880.SH|513030.SH|513080.SH|513180.SH|513880.SH|518880.SH,-0.24604472652473744,0.910284859375849,warmup
rolling_ucb_sampling,2021,2022,7,159920.SZ|159980.SZ|160644.SZ|161226.SZ|164824.SZ|501018.SH|512200.SH|513180.SH|513500.SH|513880.SH|515210.SH|518880.SH|588000.SH,0.3759751358098472,0.910284859375849,warmup
rolling_ucb_sampling,2021,2022,8,159869.SZ|159920.SZ|159980.SZ|159985.SZ|160644.SZ|161226.SZ|164824.SZ|512980.SH|513030.SH|513180.SH|513880.SH|515220.SH|518880.SH,-0.5120980498510609,0.910284859375849,warmup
rolling_ucb_sampling,2021,2022,9,159920.SZ|159980.SZ|159985.SZ|160644.SZ|164824.SZ|501018.SH|510180.SH|513080.SH|513180.SH|513880.SH|515880.SH|516150.SH|518880.SH,0.14992775701918234,0.910284859375849,warmup
rolling_ucb_sampling,2021,2022,10,159852.SZ|159920.SZ|159980.SZ|159985.SZ|160644.SZ|161226.SZ|513030.SH|513080.SH|513100.SH|513180.SH|515210.SH|518880.SH|588000.SH,-0.7684624636808436,0.910284859375849,warmup
rolling_ucb_sampling,2021,2022,11,159920.SZ|159928.SZ|159981.SZ|159985.SZ|160644.SZ|161226.SZ|164824.SZ|501018.SH|512200.SH|512400.SH|513030.SH|513180.SH|513500.SH,0.33345553737924344,0.910284859375849,warmup
rolling_ucb_sampling,2021,2022,12,159852.SZ|159920.SZ|159980.SZ|159981.SZ|161226.SZ|164824.SZ|513030.SH|513080.SH|513100.SH|513180.SH|515220.SH|518880.SH|588000.SH,0.2038216108056168,0.910284859375849,warmup
rolling_ucb_sampling,2021,2022,13,159825.SZ|159852.SZ|159920.SZ|159980.SZ|159981.SZ|159985.SZ|160644.SZ|161226.SZ|510180.SH|513080.SH|513100.SH|513180.SH|513500.SH,0.2047927948590405,0.910284859375849,warmup
rolling_ucb_sampling,2021,2022,14,159920.SZ|159928.SZ|159980.SZ|159985.SZ|160644.SZ|161226.SZ|164824.SZ|501018.SH|512800.SH|513100.SH|513180.SH|513880.SH|516150.SH,-0.30047909498608455,0.910284859375849,warmup
rolling_ucb_sampling,2021,2022,15,159920.SZ|159980.SZ|159981.SZ|159985.SZ|161226.SZ|164824.SZ|510180.SH|510500.SH|513030.SH|513080.SH|513180.SH|513500.SH|516150.SH,-0.2294158582879856,0.910284859375849,warmup
rolling_ucb_sampling,2021,2022,16,159869.SZ|159870.SZ|159920.SZ|159980.SZ|159981.SZ|159985.SZ|164824.SZ|501018.SH|513030.SH|513100.SH|513180.SH|513500.SH|515210.SH,0.90369039351012,0.910284859375849,warmup
rolling_ucb_sampling,2021,2022,17,159870.SZ|159915.SZ|159920.SZ|159981.SZ|159985.SZ|160644.SZ|161226.SZ|164824.SZ|513030.SH|513180.SH|513880.SH|515880.SH|518880.SH,-0.2769895943956601,0.910284859375849,warmup
rolling_ucb_sampling,2021,2022,18,159920.SZ|159928.SZ|159980.SZ|159981.SZ|159985.SZ|164824.SZ|501018.SH|510210.SH|512100.SH|513030.SH|513180.SH|513500.SH|513880.SH,0.8441350599837124,0.910284859375849,warmup
rolling_ucb_sampling,2021,2022,19,159870.SZ|159920.SZ|159967.SZ|159980.SZ|159981.SZ|161226.SZ|164824.SZ|501018.SH|512400.SH|513030.SH|513080.SH|513180.SH|513500.SH,0.4887972347938275,0.910284859375849,warmup
rolling_ucb_sampling,2021,2022,20,159869.SZ|159920.SZ|159980.SZ|159981.SZ|160644.SZ|161226.SZ|164824.SZ|501018.SH|510050.SH|512880.SH|513100.SH|513180.SH|513880.SH,0.5390819970945087,0.910284859375849,warmup
rolling_ucb_sampling,2021,2022,21,159851.SZ|159920.SZ|159949.SZ|159980.SZ|159985.SZ|161226.SZ|164824.SZ|501018.SH|510500.SH|513100.SH|513180.SH|513500.SH|513880.SH,0.7525990057667209,0.910284859375849,ucb
rolling_ucb_sampling,2021,2022,22,159851.SZ|159920.SZ|159949.SZ|159980.SZ|159981.SZ|164824.SZ|501018.SH|512880.SH|513100.SH|513180.SH|513500.SH|513880.SH|518880.SH,0.560412344920939,0.910284859375849,ucb
rolling_ucb_sampling,2021,2022,23,159920.SZ|159981.SZ|159985.SZ|160644.SZ|161226.SZ|501018.SH|510210.SH|512660.SH|512800.SH|513030.SH|513100.SH|513180.SH|513500.SH,0.6536860379081241,0.910284859375849,ucb
rolling_ucb_sampling,2021,2022,24,159851.SZ|159920.SZ|159980.SZ|159981.SZ|159985.SZ|164824.SZ|510880.SH|512100.SH|513030.SH|513080.SH|513180.SH|513500.SH|518880.SH,0.598182003314583,0.910284859375849,ucb
rolling_ucb_sampling,2021,2022,25,159920.SZ|159928.SZ|159980.SZ|159981.SZ|159985.SZ|160644.SZ|164824.SZ|501018.SH|512040.SH|512100.SH|513100.SH|513180.SH|513500.SH,1.0687198591512377,0.910284859375849,ucb
rolling_ucb_sampling,2021,2022,26,159825.SZ|159920.SZ|159980.SZ|159981.SZ|160644.SZ|161226.SZ|501018.SH|512100.SH|512880.SH|513030.SH|513080.SH|513100.SH|513180.SH,1.2810528004295165,0.910284859375849,ucb
rolling_ucb_sampling,2021,2022,27,159920.SZ|159985.SZ|161226.SZ|164824.SZ|501018.SH|510050.SH|512100.SH|512980.SH|513080.SH|513100.SH|513180.SH|513500.SH|518880.SH,-0.17905441073355494,0.910284859375849,ucb
rolling_ucb_sampling,2021,2022,28,159920.SZ|159980.SZ|159981.SZ|160644.SZ|164824.SZ|501018.SH|510500.SH|512200.SH|513030.SH|513180.SH|513500.SH|515790.SH|518880.SH,0.6422437545074454,0.910284859375849,ucb
rolling_ucb_sampling,2021,2022,29,159915.SZ|159920.SZ|159981.SZ|159985.SZ|160644.SZ|161226.SZ|501018.SH|512660.SH|513030.SH|513080.SH|513180.SH|513500.SH|515790.SH,0.24601332198409814,0.910284859375849,ucb
rolling_ucb_sampling,2021,2022,30,159851.SZ|159869.SZ|159920.SZ|159980.SZ|159985.SZ|161226.SZ|501018.SH|510300.SH|513030.SH|513100.SH|513180.SH|513500.SH|513880.SH,1.0387256923368386,0.910284859375849,ucb
rolling_ucb_sampling,2021,2022,31,159920.SZ|159980.SZ|159985.SZ|501018.SH|510300.SH|512890.SH|512980.SH|513030.SH|513080.SH|513100.SH|513180.SH|513500.SH|518880.SH,-0.2767296860601473,0.910284859375849,ucb
rolling_ucb_sampling,2021,2022,32,159920.SZ|159928.SZ|159980.SZ|159981.SZ|160644.SZ|161226.SZ|510210.SH|513080.SH|513100.SH|513180.SH|513880.SH|515790.SH|518880.SH,-0.1966787173327763,0.910284859375849,ucb
rolling_ucb_sampling,2021,2022,33,159865.SZ|159920.SZ|159980.SZ|159985.SZ|160644.SZ|164824.SZ|501018.SH|510210.SH|512170.SH|513030.SH|513080.SH|513180.SH|518880.SH,-0.04552335736142976,0.910284859375849,ucb
rolling_ucb_sampling,2021,2022,34,159851.SZ|159920.SZ|159981.SZ|160644.SZ|161226.SZ|501018.SH|512100.SH|512890.SH|513100.SH|513180.SH|513500.SH|513880.SH|518880.SH,0.46780177925936933,0.910284859375849,ucb
rolling_ucb_sampling,2021,2022,35,159901.SZ|159920.SZ|159949.SZ|159980.SZ|159981.SZ|160644.SZ|164824.SZ|501018.SH|512040.SH|513080.SH|513180.SH|513500.SH|518880.SH,0.3134987496829186,0.910284859375849,ucb
rolling_ucb_sampling,2021,2022,36,159920.SZ|159981.SZ|159985.SZ|160644.SZ|501018.SH|510300.SH|512170.SH|512660.SH|513080.SH|513100.SH|513180.SH|513500.SH|518880.SH,-0.10095995026641147,0.910284859375849,ucb
rolling_ucb_sampling,2021,2022,37,159920.SZ|159981.SZ|159985.SZ|164824.SZ|501018.SH|510210.SH|512200.SH|513030.SH|513180.SH|513500.SH|513880.SH|515220.SH|518880.SH,0.317600170756117,0.910284859375849,ucb
rolling_ucb_sampling,2021,2022,38,159920.SZ|159981.SZ|159985.SZ|161226.SZ|501018.SH|510210.SH|512800.SH|512880.SH|513030.SH|513100.SH|513180.SH|513500.SH|513880.SH,0.4715972268993722,0.910284859375849,ucb
rolling_ucb_sampling,2021,2022,39,159920.SZ|159949.SZ|159980.SZ|159981.SZ|159985.SZ|160644.SZ|501018.SH|510180.SH|512100.SH|513030.SH|513100.SH|513180.SH|513500.SH,0.6291300773961652,0.910284859375849,ucb
rolling_ucb_sampling,2021,2022,40,159920.SZ|159981.SZ|161226.SZ|164824.SZ|501018.SH|510050.SH|512890.SH|513080.SH|513180.SH|513500.SH|513880.SH|518880.SH|588000.SH,-0.07235960285672421,0.910284859375849,ucb
rolling_ucb_sampling,2021,2022,41,159901.SZ|159920.SZ|159949.SZ|159980.SZ|159981.SZ|161226.SZ|501018.SH|510500.SH|513030.SH|513080.SH|513100.SH|513180.SH|513500.SH,0.6391544222072156,0.910284859375849,ucb
rolling_ucb_sampling,2021,2022,42,159851.SZ|159920.SZ|159928.SZ|159980.SZ|159981.SZ|161226.SZ|164824.SZ|501018.SH|512100.SH|513030.SH|513080.SH|513100.SH|513180.SH,0.8119567678968757,0.910284859375849,ucb
rolling_ucb_sampling,2021,2022,43,159851.SZ|159920.SZ|159967.SZ|159980.SZ|159981.SZ|161226.SZ|164824.SZ|501018.SH|512880.SH|513080.SH|513100.SH|513180.SH|513500.SH,1.2374489997568243,0.910284859375849,ucb
rolling_ucb_sampling,2021,2022,44,159869.SZ|159920.SZ|159980.SZ|159981.SZ|164824.SZ|501018.SH|510500.SH|512880.SH|513080.SH|513100.SH|513180.SH|513500.SH|518880.SH,0.7158695001887608,0.910284859375849,ucb
rolling_ucb_sampling,2021,2022,45,159825.SZ|159920.SZ|159981.SZ|159985.SZ|161226.SZ|164824.SZ|501018.SH|510880.SH|512100.SH|513030.SH|513100.SH|513180.SH|513880.SH,1.1715015712581307,0.910284859375849,ucb
rolling_ucb_sampling,2021,2022,46,159901.SZ|159920.SZ|159980.SZ|159981.SZ|161226.SZ|501018.SH|510880.SH|512880.SH|513030.SH|513100.SH|513180.SH|513500.SH|513880.SH,0.6634156184437338,0.910284859375849,ucb
rolling_ucb_sampling,2021,2022,47,159920.SZ|159980.SZ|159985.SZ|160644.SZ|161226.SZ|510050.SH|510880.SH|512170.SH|513030.SH|513100.SH|513180.SH|513880.SH|518880.SH,-0.8806881529258516,0.910284859375849,ucb
rolling_ucb_sampling,2021,2022,48,159851.SZ|159915.SZ|159920.SZ|159980.SZ|159981.SZ|159985.SZ|501018.SH|512100.SH|513080.SH|513100.SH|513180.SH|513500.SH|513880.SH,1.0221818687134994,0.910284859375849,ucb
rolling_ucb_sampling,2021,2022,49,159915.SZ|159920.SZ|159980.SZ|159985.SZ|160644.SZ|161226.SZ|501018.SH|510500.SH|512400.SH|513080.SH|513100.SH|513180.SH|513500.SH,0.4430568981194865,0.910284859375849,ucb
rolling_ucb_sampling,2021,2022,50,159920.SZ|159949.SZ|159981.SZ|159985.SZ|161226.SZ|164824.SZ|510180.SH|512200.SH|513030.SH|513100.SH|513180.SH|513500.SH|518880.SH,-0.2893730179404726,0.910284859375849,ucb
rolling_ucb_sampling,2021,2022,51,159915.SZ|159920.SZ|159980.SZ|159981.SZ|160644.SZ|161226.SZ|164824.SZ|501018.SH|512100.SH|513100.SH|513180.SH|513500.SH|515220.SH,0.9322294374448418,0.910284859375849,ucb
rolling_ucb_sampling,2021,2022,52,159865.SZ|159920.SZ|159980.SZ|159981.SZ|501018.SH|510880.SH|513030.SH|513080.SH|513100.SH|513180.SH|513880.SH|515220.SH|518880.SH,0.5961494050496897,0.910284859375849,ucb
rolling_ucb_sampling,2021,2022,53,159920.SZ|159980.SZ|159981.SZ|160644.SZ|501018.SH|512980.SH|513030.SH|513080.SH|513180.SH|513500.SH|515790.SH|515880.SH|518880.SH,0.7923285290828812,0.910284859375849,ucb
rolling_ucb_sampling,2021,2022,54,159825.SZ|159869.SZ|159920.SZ|159928.SZ|159980.SZ|159981.SZ|161226.SZ|164824.SZ|501018.SH|513030.SH|513100.SH|513180.SH|513500.SH,0.5287664977392773,0.910284859375849,ucb
rolling_ucb_sampling,2021,2022,55,159825.SZ|159869.SZ|159915.SZ|159920.SZ|159980.SZ|159981.SZ|159985.SZ|164824.SZ|501018.SH|513080.SH|513100.SH|513180.SH|513500.SH,0.9292587818973648,0.910284859375849,ucb
rolling_ucb_sampling,2021,2022,56,159901.SZ|159920.SZ|159980.SZ|159981.SZ|159985.SZ|164824.SZ|501018.SH|512100.SH|512890.SH|513030.SH|513080.SH|513180.SH|513500.SH,1.0138922302368867,0.910284859375849,ucb
rolling_ucb_sampling,2021,2022,57,159865.SZ|159920.SZ|159949.SZ|159980.SZ|159981.SZ|159985.SZ|164824.SZ|501018.SH|510880.SH|513030.SH|513100.SH|513180.SH|513500.SH,1.3486815197011084,0.910284859375849,ucb
rolling_ucb_sampling,2021,2022,58,159901.SZ|159920.SZ|159949.SZ|159985.SZ|161226.SZ|164824.SZ|501018.SH|512100.SH|513030.SH|513100.SH|513180.SH|513500.SH|518880.SH,0.10459707255955153,0.910284859375849,ucb
rolling_ucb_sampling,2021,2022,59,159851.SZ|159920.SZ|159967.SZ|159981.SZ|160644.SZ|161226.SZ|501018.SH|512170.SH|513080.SH|513180.SH|513500.SH|513880.SH|518880.SH,0.30623087655662723,0.910284859375849,ucb
rolling_ucb_sampling,2021,2022,60,159825.SZ|159901.SZ|159920.SZ|159980.SZ|159981.SZ|159985.SZ|160644.SZ|161226.SZ|513080.SH|513100.SH|513180.SH|513500.SH|516150.SH,0.17796803867156316,0.910284859375849,ucb
rolling_ucb_sampling,2021,2022,61,159851.SZ|159869.SZ|159920.SZ|159980.SZ|159985.SZ|501018.SH|512040.SH|513030.SH|513080.SH|513100.SH|513180.SH|513880.SH|518880.SH,0.6562316204710887,0.910284859375849,ucb
rolling_ucb_sampling,2021,2022,62,159901.SZ|159920.SZ|159967.SZ|159980.SZ|159981.SZ|160644.SZ|501018.SH|512880.SH|513080.SH|513100.SH|513180.SH|513500.SH|518880.SH,0.5839966664020919,0.910284859375849,ucb
rolling_ucb_sampling,2021,2022,63,159852.SZ|159920.SZ|159981.SZ|159985.SZ|160644.SZ|501018.SH|510210.SH|510300.SH|513080.SH|513100.SH|513180.SH|513880.SH|518880.SH,0.0007424137078944196,0.910284859375849,ucb
rolling_ucb_sampling,2021,2022,64,159851.SZ|159865.SZ|159920.SZ|159981.SZ|159985.SZ|164824.SZ|501018.SH|512100.SH|513030.SH|513180.SH|513500.SH|513880.SH|518880.SH,0.8815330892061083,0.910284859375849,ucb
rolling_ucb_sampling,2021,2022,65,159825.SZ|159920.SZ|159980.SZ|159981.SZ|161226.SZ|501018.SH|510500.SH|512660.SH|513080.SH|513100.SH|513180.SH|513500.SH|513880.SH,0.352747013159987,0.910284859375849,ucb
rolling_ucb_sampling,2021,2022,66,159865.SZ|159915.SZ|159920.SZ|159980.SZ|159981.SZ|159985.SZ|164824.SZ|513080.SH|513180.SH|513500.SH|513880.SH|515220.SH|518880.SH,-0.02133128703330036,0.910284859375849,ucb
rolling_ucb_sampling,2021,2022,67,159825.SZ|159920.SZ|159928.SZ|159981.SZ|161226.SZ|164824.SZ|501018.SH|510500.SH|513080.SH|513100.SH|513180.SH|513500.SH|518880.SH,0.2178665082689339,0.910284859375849,ucb
rolling_ucb_sampling,2021,2022,68,159920.SZ|159980.SZ|159985.SZ|164824.SZ|501018.SH|510300.SH|512890.SH|513030.SH|513080.SH|513100.SH|513180.SH|515210.SH|518880.SH,0.13242853136282917,0.910284859375849,ucb
rolling_ucb_sampling,2021,2022,69,159869.SZ|159920.SZ|159967.SZ|159980.SZ|159985.SZ|160644.SZ|164824.SZ|501018.SH|512200.SH|513030.SH|513100.SH|513180.SH|518880.SH,0.31475799579170155,0.910284859375849,ucb
rolling_ucb_sampling,2021,2022,70,159920.SZ|159967.SZ|159980.SZ|159981.SZ|160644.SZ|161226.SZ|164824.SZ|501018.SH|510880.SH|513080.SH|513180.SH|513500.SH|515210.SH,1.331322507413892,0.910284859375849,ucb
rolling_ucb_sampling,2021,2022,71,159920.SZ|159949.SZ|159980.SZ|159981.SZ|159985.SZ|160644.SZ|501018.SH|512100.SH|512880.SH|513030.SH|513180.SH|513500.SH|513880.SH,1.1432698319176713,0.910284859375849,ucb
rolling_ucb_sampling,2021,2022,72,159920.SZ|159967.SZ|159980.SZ|159981.SZ|159985.SZ|160644.SZ|501018.SH|512890.SH|513030.SH|513180.SH|513500.SH|513880.SH|588000.SH,1.4181982953411592,0.910284859375849,ucb
rolling_ucb_sampling,2021,2022,73,159920.SZ|159967.SZ|159980.SZ|159981.SZ|159985.SZ|160644.SZ|501018.SH|512890.SH|513030.SH|513080.SH|513180.SH|513500.SH|515790.SH,1.1872607249621796,0.910284859375849,ucb
rolling_ucb_sampling,2021,2022,74,159920.SZ|159967.SZ|159980.SZ|159981.SZ|160644.SZ|501018.SH|512890.SH|512980.SH|513030.SH|513180.SH|513500.SH|513880.SH|518880.SH,0.8101321550028526,0.910284859375849,ucb
rolling_ucb_sampling,2021,2022,75,159870.SZ|159920.SZ|159967.SZ|159980.SZ|159981.SZ|161226.SZ|501018.SH|510210.SH|513030.SH|513080.SH|513100.SH|513180.SH|513500.SH,1.0126966833071198,0.910284859375849,ucb
rolling_ucb_sampling,2021,2022,76,159870.SZ|159920.SZ|159967.SZ|159980.SZ|159981.SZ|159985.SZ|501018.SH|513030.SH|513080.SH|513180.SH|513500.SH|513880.SH|515210.SH,0.6703738411522675,0.910284859375849,ucb
rolling_ucb_sampling,2021,2022,77,159920.SZ|159981.SZ|161226.SZ|501018.SH|510180.SH|512660.SH|513080.SH|513100.SH|513180.SH|513500.SH|513880.SH|515790.SH|518880.SH,0.3193790218141289,0.910284859375849,ucb
rolling_ucb_sampling,2021,2022,78,159920.SZ|159980.SZ|159985.SZ|161226.SZ|501018.SH|510300.SH|512880.SH|512890.SH|513080.SH|513100.SH|513180.SH|513500.SH|513880.SH,0.4029709108242982,0.910284859375849,ucb
rolling_ucb_sampling,2021,2022,79,159852.SZ|159920.SZ|159980.SZ|159981.SZ|161226.SZ|501018.SH|510300.SH|513030.SH|513100.SH|513180.SH|513500.SH|513880.SH|588000.SH,0.7271274167013305,0.910284859375849,ucb
rolling_ucb_sampling,2021,2022,80,159920.SZ|159981.SZ|159985.SZ|501018.SH|512100.SH|512660.SH|513030.SH|513100.SH|513180.SH|513500.SH|513880.SH|516150.SH|518880.SH,0.4019728648533389,0.910284859375849,ucb
rolling_ucb_sampling,2021,2022,81,159851.SZ|159920.SZ|159949.SZ|159980.SZ|159981.SZ|161226.SZ|501018.SH|513030.SH|513100.SH|513180.SH|513500.SH|513880.SH|515790.SH,0.9872656011296717,0.910284859375849,ucb
rolling_ucb_sampling,2021,2022,82,159915.SZ|159920.SZ|159928.SZ|159981.SZ|159985.SZ|164824.SZ|501018.SH|510880.SH|513080.SH|513100.SH|513180.SH|513500.SH|518880.SH,0.44957270986392256,0.910284859375849,ucb
rolling_ucb_sampling,2021,2022,83,159920.SZ|159928.SZ|159967.SZ|159980.SZ|159981.SZ|161226.SZ|501018.SH|510500.SH|513030.SH|513080.SH|513100.SH|513180.SH|513500.SH,0.6735734068000142,0.910284859375849,ucb
rolling_ucb_sampling,2021,2022,84,159865.SZ|159920.SZ|159980.SZ|159981.SZ|161226.SZ|164824.SZ|501018.SH|510880.SH|513080.SH|513100.SH|513180.SH|513880.SH|515880.SH,0.8982186611679168,0.910284859375849,ucb
rolling_ucb_sampling,2021,2022,85,159920.SZ|159981.SZ|159985.SZ|160644.SZ|161226.SZ|501018.SH|512660.SH|512980.SH|513100.SH|513180.SH|513500.SH|513880.SH|588000.SH,0.9043749022428516,0.910284859375849,ucb
rolling_ucb_sampling,2021,2022,86,159852.SZ|159870.SZ|159920.SZ|159981.SZ|159985.SZ|161226.SZ|164824.SZ|501018.SH|510210.SH|513100.SH|513180.SH|513500.SH|513880.SH,0.33331170621513756,0.910284859375849,ucb
rolling_ucb_sampling,2021,2022,87,159851.SZ|159920.SZ|159980.SZ|159981.SZ|161226.SZ|164824.SZ|501018.SH|512660.SH|512880.SH|513030.SH|513100.SH|513180.SH|513500.SH,1.234485056624167,0.910284859375849,ucb
rolling_ucb_sampling,2021,2022,88,159851.SZ|159920.SZ|159980.SZ|159981.SZ|159985.SZ|160644.SZ|164824.SZ|501018.SH|510050.SH|512040.SH|513030.SH|513100.SH|513180.SH,1.5504576730352848,0.910284859375849,ucb
rolling_ucb_sampling,2021,2022,89,159851.SZ|159920.SZ|159980.SZ|159981.SZ|160644.SZ|161226.SZ|164824.SZ|501018.SH|510210.SH|510300.SH|513030.SH|513100.SH|513180.SH,0.9639165626043483,0.910284859375849,ucb
rolling_ucb_sampling,2021,2022,90,159825.SZ|159920.SZ|159980.SZ|159985.SZ|161226.SZ|164824.SZ|501018.SH|510210.SH|513030.SH|513080.SH|513180.SH|513500.SH|515220.SH,0.7861844214576866,0.910284859375849,ucb
rolling_ucb_sampling,2021,2022,91,159825.SZ|159920.SZ|159980.SZ|159985.SZ|160644.SZ|501018.SH|510880.SH|512660.SH|513030.SH|513080.SH|513180.SH|513500.SH|518880.SH,0.8530762214476395,0.910284859375849,ucb
rolling_ucb_sampling,2021,2022,92,159920.SZ|159949.SZ|159981.SZ|159985.SZ|164824.SZ|501018.SH|512170.SH|512800.SH|513030.SH|513080.SH|513180.SH|513880.SH|518880.SH,0.12569742487506155,0.910284859375849,ucb
rolling_ucb_sampling,2021,2022,93,159920.SZ|159980.SZ|159981.SZ|159985.SZ|160644.SZ|501018.SH|510300.SH|512040.SH|513080.SH|513100.SH|513180.SH|513500.SH|515880.SH,1.0870953983400506,0.910284859375849,ucb
rolling_ucb_sampling,2021,2022,94,159901.SZ|159920.SZ|159980.SZ|159985.SZ|160644.SZ|161226.SZ|501018.SH|510050.SH|512400.SH|513100.SH|513180.SH|513500.SH|513880.SH,0.28702957100753446,0.910284859375849,ucb
rolling_ucb_sampling,2021,2022,95,159920.SZ|159980.SZ|159981.SZ|159985.SZ|160644.SZ|164824.SZ|501018.SH|512660.SH|512880.SH|513100.SH|513180.SH|513500.SH|588000.SH,1.5156915683695313,0.910284859375849,ucb
rolling_ucb_sampling,2021,2022,96,159825.SZ|159920.SZ|159967.SZ|159980.SZ|159985.SZ|160644.SZ|161226.SZ|501018.SH|510050.SH|513030.SH|513080.SH|513180.SH|513500.SH,0.45247689624063386,0.910284859375849,ucb
rolling_ucb_sampling,2021,2022,97,159865.SZ|159920.SZ|159980.SZ|159985.SZ|160644.SZ|161226.SZ|501018.SH|510300.SH|513080.SH|513100.SH|513180.SH|513500.SH|588000.SH,0.6253474150816161,0.910284859375849,ucb
rolling_ucb_sampling,2021,2022,98,159920.SZ|159928.SZ|159981.SZ|159985.SZ|160644.SZ|164824.SZ|501018.SH|512800.SH|513100.SH|513180.SH|513500.SH|515790.SH|518880.SH,0.4796204638248999,0.910284859375849,ucb
rolling_ucb_sampling,2021,2022,99,159901.SZ|159920.SZ|159980.SZ|159981.SZ|159985.SZ|160644.SZ|161226.SZ|510880.SH|512890.SH|513030.SH|513080.SH|513180.SH|513500.SH,0.11301728049972738,0.910284859375849,ucb
rolling_ucb_sampling,2021,2022,100,159901.SZ|159920.SZ|159980.SZ|159985.SZ|160644.SZ|164824.SZ|501018.SH|512170.SH|512880.SH|513030.SH|513100.SH|513180.SH|518880.SH,0.3191911523335568,0.910284859375849,ucb
rolling_ucb_sampling,2022,2023,1,159611.SZ|159825.SZ|159920.SZ|159980.SZ|159981.SZ|159985.SZ|164824.SZ|510880.SH|513030.SH|513070.SH|513100.SH|513880.SH|518880.SH,-0.5610427835166383,0.9184217642745492,warmup
rolling_ucb_sampling,2022,2023,2,159869.SZ|159901.SZ|159920.SZ|159980.SZ|159985.SZ|160644.SZ|164824.SZ|501018.SH|512880.SH|513030.SH|513070.SH|513100.SH|518880.SH,0.16457764450689827,0.9184217642745492,warmup
rolling_ucb_sampling,2022,2023,3,159920.SZ|159949.SZ|159981.SZ|159985.SZ|161226.SZ|164824.SZ|510210.SH|512800.SH|513030.SH|513070.SH|513100.SH|513880.SH|518880.SH,-0.4527258028653325,0.9184217642745492,warmup
rolling_ucb_sampling,2022,2023,4,159920.SZ|159981.SZ|159985.SZ|160644.SZ|161226.SZ|164824.SZ|501018.SH|510300.SH|512400.SH|513030.SH|513070.SH|513880.SH|562500.SH,0.22864524901292455,0.9184217642745492,warmup
rolling_ucb_sampling,2022,2023,5,159920.SZ|159928.SZ|159980.SZ|159981.SZ|160644.SZ|161226.SZ|164824.SZ|501018.SH|510300.SH|513030.SH|513070.SH|513500.SH|515880.SH,-0.3276465440526138,0.9184217642745492,warmup
rolling_ucb_sampling,2022,2023,6,159766.SZ|159870.SZ|159920.SZ|159980.SZ|159981.SZ|159985.SZ|160644.SZ|512100.SH|513030.SH|513070.SH|513100.SH|513880.SH|518880.SH,-0.1301541854817491,0.9184217642745492,warmup
rolling_ucb_sampling,2022,2023,7,159865.SZ|159920.SZ|159949.SZ|159980.SZ|159981.SZ|159985.SZ|164824.SZ|512200.SH|513030.SH|513070.SH|513500.SH|513880.SH|518880.SH,-0.27017584117919935,0.9184217642745492,warmup
rolling_ucb_sampling,2022,2023,8,159852.SZ|159920.SZ|159980.SZ|161226.SZ|164824.SZ|501018.SH|510210.SH|512880.SH|513030.SH|513070.SH|513500.SH|513880.SH|518880.SH,0.009338833744748098,0.9184217642745492,warmup
rolling_ucb_sampling,2022,2023,9,159796.SZ|159825.SZ|159920.SZ|159980.SZ|159981.SZ|160644.SZ|501018.SH|510880.SH|513070.SH|513080.SH|513100.SH|513880.SH|518880.SH,-0.4576522464490405,0.9184217642745492,warmup
rolling_ucb_sampling,2022,2023,10,159901.SZ|159920.SZ|159981.SZ|159985.SZ|160644.SZ|161226.SZ|164824.SZ|501018.SH|510180.SH|512200.SH|513030.SH|513070.SH|513100.SH,0.1836562090557503,0.9184217642745492,warmup
rolling_ucb_sampling,2022,2023,11,159611.SZ|159870.SZ|159920.SZ|159985.SZ|160644.SZ|161226.SZ|164824.SZ|501018.SH|512200.SH|513030.SH|513070.SH|513100.SH|518880.SH,0.2464985632121032,0.9184217642745492,warmup
rolling_ucb_sampling,2022,2023,12,159852.SZ|159920.SZ|159981.SZ|159985.SZ|160644.SZ|161226.SZ|164824.SZ|501018.SH|512040.SH|512660.SH|513070.SH|513080.SH|513500.SH,-0.3322405305886718,0.9184217642745492,warmup
rolling_ucb_sampling,2022,2023,13,159920.SZ|159967.SZ|159980.SZ|159981.SZ|159985.SZ|160644.SZ|161226.SZ|164824.SZ|513030.SH|513070.SH|513500.SH|515210.SH|515220.SH,0.06798249720155856,0.9184217642745492,warmup
rolling_ucb_sampling,2022,2023,14,159611.SZ|159920.SZ|159949.SZ|159980.SZ|159981.SZ|159985.SZ|160644.SZ|164824.SZ|513070.SH|513080.SH|513500.SH|515220.SH|518880.SH,0.018476832909210015,0.9184217642745492,warmup
rolling_ucb_sampling,2022,2023,15,159825.SZ|159920.SZ|159949.SZ|159980.SZ|159981.SZ|160644.SZ|501018.SH|512880.SH|513030.SH|513070.SH|513100.SH|513880.SH|518880.SH,-0.8794721895058447,0.9184217642745492,warmup
rolling_ucb_sampling,2022,2023,16,159851.SZ|159920.SZ|159949.SZ|159980.SZ|159981.SZ|161226.SZ|164824.SZ|501018.SH|512100.SH|513030.SH|513070.SH|513500.SH|513880.SH,-0.021542943895417298,0.9184217642745492,warmup
rolling_ucb_sampling,2022,2023,17,159920.SZ|159981.SZ|159985.SZ|160644.SZ|161226.SZ|164824.SZ|501018.SH|510210.SH|512040.SH|513070.SH|513100.SH|513880.SH|516150.SH,-0.003996917956052298,0.9184217642745492,warmup
rolling_ucb_sampling,2022,2023,18,159920.SZ|159981.SZ|159985.SZ|160644.SZ|161226.SZ|501018.SH|510050.SH|513070.SH|513080.SH|513500.SH|513880.SH|515790.SH|516150.SH,-0.5329854671475083,0.9184217642745492,warmup
rolling_ucb_sampling,2022,2023,19,159825.SZ|159920.SZ|159980.SZ|160644.SZ|161226.SZ|164824.SZ|501018.SH|512980.SH|513030.SH|513070.SH|513100.SH|518880.SH|562500.SH,-0.3687509536929777,0.9184217642745492,warmup
rolling_ucb_sampling,2022,2023,20,159870.SZ|159920.SZ|159967.SZ|159981.SZ|161226.SZ|164824.SZ|501018.SH|512980.SH|513030.SH|513070.SH|513500.SH|513880.SH|518880.SH,-0.5464033146439741,0.9184217642745492,warmup
rolling_ucb_sampling,2022,2023,21,159920.SZ|159980.SZ|160644.SZ|161226.SZ|164824.SZ|501018.SH|512400.SH|513030.SH|513070.SH|513500.SH|515210.SH|518880.SH|588000.SH,-0.15352089564150045,0.9184217642745492,ucb
rolling_ucb_sampling,2022,2023,22,159869.SZ|159920.SZ|159981.SZ|159985.SZ|161226.SZ|164824.SZ|501018.SH|510500.SH|512890.SH|513070.SH|513080.SH|513100.SH|513880.SH,-0.5050873562988857,0.9184217642745492,ucb
rolling_ucb_sampling,2022,2023,23,159851.SZ|159920.SZ|159980.SZ|159985.SZ|160644.SZ|161226.SZ|164824.SZ|510180.SH|512400.SH|513070.SH|513080.SH|513500.SH|518880.SH,0.25706085157545483,0.9184217642745492,ucb
rolling_ucb_sampling,2022,2023,24,159851.SZ|159920.SZ|159980.SZ|159981.SZ|159985.SZ|160644.SZ|161226.SZ|164824.SZ|512170.SH|513030.SH|513070.SH|513100.SH|515790.SH,0.03628617489751771,0.9184217642745492,ucb
rolling_ucb_sampling,2022,2023,25,159870.SZ|159915.SZ|159920.SZ|159980.SZ|159981.SZ|161226.SZ|164824.SZ|501018.SH|513070.SH|513080.SH|513500.SH|513880.SH|588000.SH,-0.03194911652928024,0.9184217642745492,ucb
rolling_ucb_sampling,2022,2023,26,159920.SZ|159967.SZ|159980.SZ|159981.SZ|159985.SZ|160644.SZ|164824.SZ|512170.SH|512400.SH|513030.SH|513070.SH|513500.SH|518880.SH,0.15935732258074156,0.9184217642745492,ucb
rolling_ucb_sampling,2022,2023,27,159915.SZ|159920.SZ|159980.SZ|159985.SZ|160644.SZ|161226.SZ|510300.SH|512660.SH|513030.SH|513070.SH|513100.SH|513880.SH|518880.SH,-0.2067706140069358,0.9184217642745492,ucb
rolling_ucb_sampling,2022,2023,28,159766.SZ|159920.SZ|159980.SZ|159981.SZ|159985.SZ|164824.SZ|501018.SH|510180.SH|512170.SH|513030.SH|513070.SH|513100.SH|513880.SH,0.3147769134560457,0.9184217642745492,ucb
rolling_ucb_sampling,2022,2023,29,159796.SZ|159852.SZ|159865.SZ|159920.SZ|159980.SZ|159985.SZ|161226.SZ|164824.SZ|513030.SH|513070.SH|513500.SH|513880.SH|518880.SH,0.2529499056523072,0.9184217642745492,ucb
rolling_ucb_sampling,2022,2023,30,159796.SZ|159920.SZ|159980.SZ|159985.SZ|160644.SZ|164824.SZ|501018.SH|512800.SH|513030.SH|513070.SH|513500.SH|515790.SH|518880.SH,0.4123515897196637,0.9184217642745492,ucb
rolling_ucb_sampling,2022,2023,31,159825.SZ|159920.SZ|159928.SZ|159980.SZ|159985.SZ|160644.SZ|164824.SZ|501018.SH|512890.SH|513030.SH|513070.SH|513500.SH|518880.SH,0.1508017246923822,0.9184217642745492,ucb
rolling_ucb_sampling,2022,2023,32,159920.SZ|159928.SZ|159981.SZ|159985.SZ|160644.SZ|161226.SZ|164824.SZ|501018.SH|510180.SH|512200.SH|513070.SH|513500.SH|513880.SH,0.02473693981516723,0.9184217642745492,ucb
rolling_ucb_sampling,2022,2023,33,159915.SZ|159920.SZ|159980.SZ|159981.SZ|160644.SZ|164824.SZ|501018.SH|513070.SH|513080.SH|513500.SH|515220.SH|515880.SH|518880.SH,-0.23703067076921494,0.9184217642745492,ucb
rolling_ucb_sampling,2022,2023,34,159865.SZ|159869.SZ|159920.SZ|159980.SZ|159981.SZ|160644.SZ|164824.SZ|501018.SH|513070.SH|513080.SH|513500.SH|518880.SH|588000.SH,-0.31607586706771373,0.9184217642745492,ucb
rolling_ucb_sampling,2022,2023,35,159611.SZ|159796.SZ|159901.SZ|159920.SZ|159985.SZ|161226.SZ|164824.SZ|501018.SH|513070.SH|513080.SH|513500.SH|513880.SH|518880.SH,0.1417611995717722,0.9184217642745492,ucb
rolling_ucb_sampling,2022,2023,36,159825.SZ|159920.SZ|159980.SZ|159981.SZ|159985.SZ|161226.SZ|164824.SZ|512200.SH|512800.SH|513030.SH|513070.SH|513500.SH|513880.SH,-0.9373660677855022,0.9184217642745492,ucb
rolling_ucb_sampling,2022,2023,37,159865.SZ|159920.SZ|159980.SZ|159981.SZ|159985.SZ|160644.SZ|501018.SH|512660.SH|512880.SH|513030.SH|513070.SH|513500.SH|513880.SH,-0.34866056704475823,0.9184217642745492,ucb
rolling_ucb_sampling,2022,2023,38,159611.SZ|159920.SZ|159928.SZ|159980.SZ|159985.SZ|160644.SZ|164824.SZ|501018.SH|510300.SH|513070.SH|513080.SH|513100.SH|518880.SH,0.1018972305165705,0.9184217642745492,ucb
rolling_ucb_sampling,2022,2023,39,159920.SZ|159980.SZ|159981.SZ|160644.SZ|161226.SZ|164824.SZ|510210.SH|512100.SH|513070.SH|513080.SH|513100.SH|515790.SH|518880.SH,-0.12655605915587115,0.9184217642745492,ucb
rolling_ucb_sampling,2022,2023,40,159920.SZ|159985.SZ|160644.SZ|161226.SZ|164824.SZ|501018.SH|512040.SH|512100.SH|513070.SH|513080.SH|513500.SH|515210.SH|518880.SH,0.04043237618709927,0.9184217642745492,ucb
rolling_ucb_sampling,2022,2023,41,159920.SZ|159980.SZ|161226.SZ|164824.SZ|501018.SH|510300.SH|512800.SH|512890.SH|513070.SH|513080.SH|513100.SH|513880.SH|518880.SH,-0.33273599898020806,0.9184217642745492,ucb
rolling_ucb_sampling,2022,2023,42,159851.SZ|159852.SZ|159920.SZ|159980.SZ|159985.SZ|160644.SZ|161226.SZ|164824.SZ|510050.SH|513030.SH|513070.SH|513880.SH|518880.SH,0.0779336877987837,0.9184217642745492,ucb
rolling_ucb_sampling,2022,2023,43,159766.SZ|159920.SZ|159980.SZ|159981.SZ|160644.SZ|164824.SZ|501018.SH|510500.SH|510880.SH|513030.SH|513070.SH|513880.SH|518880.SH,-0.5089888501212864,0.9184217642745492,ucb
rolling_ucb_sampling,2022,2023,44,159851.SZ|159852.SZ|159920.SZ|159980.SZ|159985.SZ|160644.SZ|161226.SZ|164824.SZ|501018.SH|512040.SH|513070.SH|513080.SH|513100.SH,0.13457530246684996,0.9184217642745492,ucb
rolling_ucb_sampling,2022,2023,45,159851.SZ|159920.SZ|159985.SZ|160644.SZ|161226.SZ|164824.SZ|501018.SH|510880.SH|512100.SH|513070.SH|513080.SH|513500.SH|518880.SH,0.21997833111083592,0.9184217642745492,ucb
rolling_ucb_sampling,2022,2023,46,159920.SZ|159980.SZ|159981.SZ|159985.SZ|160644.SZ|161226.SZ|512170.SH|513030.SH|513070.SH|513100.SH|513880.SH|515880.SH|562500.SH,-0.3274660519793638,0.9184217642745492,ucb
rolling_ucb_sampling,2022,2023,47,159901.SZ|159920.SZ|159981.SZ|161226.SZ|164824.SZ|501018.SH|512100.SH|513070.SH|513080.SH|513100.SH|513880.SH|518880.SH|588000.SH,-0.23057336903574263,0.9184217642745492,ucb
rolling_ucb_sampling,2022,2023,48,159920.SZ|159981.SZ|159985.SZ|160644.SZ|161226.SZ|164824.SZ|512170.SH|512660.SH|513030.SH|513070.SH|513500.SH|515210.SH|518880.SH,-0.1378925318494512,0.9184217642745492,ucb
rolling_ucb_sampling,2022,2023,49,159796.SZ|159920.SZ|159980.SZ|159981.SZ|159985.SZ|160644.SZ|161226.SZ|510050.SH|512100.SH|513070.SH|513080.SH|513500.SH|513880.SH,-0.40515905475230596,0.9184217642745492,ucb
rolling_ucb_sampling,2022,2023,50,159920.SZ|159980.SZ|159985.SZ|160644.SZ|161226.SZ|164824.SZ|512100.SH|512400.SH|513030.SH|513070.SH|513500.SH|518880.SH|588000.SH,0.1797758286176265,0.9184217642745492,ucb
rolling_ucb_sampling,2022,2023,51,159796.SZ|159901.SZ|159920.SZ|159980.SZ|159985.SZ|160644.SZ|161226.SZ|164824.SZ|513030.SH|513070.SH|513500.SH|518880.SH|562500.SH,0.46306357433337636,0.9184217642745492,ucb
rolling_ucb_sampling,2022,2023,52,159870.SZ|159920.SZ|159980.SZ|159981.SZ|159985.SZ|160644.SZ|161226.SZ|164824.SZ|510180.SH|513070.SH|513100.SH|513880.SH|516150.SH,0.12124156830563458,0.9184217642745492,ucb
rolling_ucb_sampling,2022,2023,53,159920.SZ|159985.SZ|160644.SZ|161226.SZ|501018.SH|510300.SH|510500.SH|512170.SH|513070.SH|513080.SH|513100.SH|513880.SH|518880.SH,0.16507479487410967,0.9184217642745492,ucb
rolling_ucb_sampling,2022,2023,54,159901.SZ|159920.SZ|159980.SZ|159981.SZ|160644.SZ|164824.SZ|501018.SH|512980.SH|513030.SH|513070.SH|513880.SH|515790.SH|518880.SH,0.10748749379657095,0.9184217642745492,ucb
rolling_ucb_sampling,2022,2023,55,159920.SZ|159985.SZ|160644.SZ|161226.SZ|501018.SH|512170.SH|512890.SH|512980.SH|513070.SH|513080.SH|513500.SH|513880.SH|518880.SH,-0.20845157474862158,0.9184217642745492,ucb
rolling_ucb_sampling,2022,2023,56,159851.SZ|159852.SZ|159920.SZ|159980.SZ|160644.SZ|161226.SZ|164824.SZ|501018.SH|513070.SH|513080.SH|513100.SH|518880.SH|588000.SH,0.005846444963593729,0.9184217642745492,ucb
rolling_ucb_sampling,2022,2023,57,159920.SZ|159928.SZ|159981.SZ|159985.SZ|160644.SZ|161226.SZ|512040.SH|513070.SH|513080.SH|513100.SH|513880.SH|515880.SH|518880.SH,-0.49475188779017343,0.9184217642745492,ucb
rolling_ucb_sampling,2022,2023,58,159865.SZ|159920.SZ|159949.SZ|159980.SZ|159981.SZ|160644.SZ|161226.SZ|501018.SH|513070.SH|513080.SH|513500.SH|513880.SH|562500.SH,-0.24024208708086753,0.9184217642745492,ucb
rolling_ucb_sampling,2022,2023,59,159796.SZ|159920.SZ|159981.SZ|159985.SZ|161226.SZ|164824.SZ|513070.SH|513080.SH|513100.SH|513880.SH|515210.SH|516150.SH|518880.SH,0.21282566190700547,0.9184217642745492,ucb
rolling_ucb_sampling,2022,2023,60,159865.SZ|159869.SZ|159920.SZ|159981.SZ|160644.SZ|161226.SZ|501018.SH|513070.SH|513080.SH|513500.SH|513880.SH|516150.SH|518880.SH,-0.5768604983956513,0.9184217642745492,ucb
rolling_ucb_sampling,2022,2023,61,159796.SZ|159920.SZ|159981.SZ|159985.SZ|160644.SZ|164824.SZ|501018.SH|512170.SH|513030.SH|513070.SH|513100.SH|515210.SH|518880.SH,0.5953405723608863,0.9184217642745492,ucb
rolling_ucb_sampling,2022,2023,62,159766.SZ|159851.SZ|159920.SZ|159980.SZ|159981.SZ|161226.SZ|164824.SZ|513030.SH|513070.SH|513500.SH|513880.SH|515220.SH|518880.SH,-0.5612975511541413,0.9184217642745492,ucb
rolling_ucb_sampling,2022,2023,63,159851.SZ|159915.SZ|159920.SZ|159981.SZ|159985.SZ|160644.SZ|164824.SZ|501018.SH|510180.SH|513030.SH|513070.SH|513500.SH|518880.SH,0.4124322568872525,0.9184217642745492,ucb
rolling_ucb_sampling,2022,2023,64,159870.SZ|159920.SZ|159980.SZ|160644.SZ|161226.SZ|501018.SH|510180.SH|512040.SH|513070.SH|513080.SH|513500.SH|513880.SH|518880.SH,-0.6041405969551,0.9184217642745492,ucb
rolling_ucb_sampling,2022,2023,65,159920.SZ|159928.SZ|159981.SZ|159985.SZ|160644.SZ|501018.SH|512200.SH|513030.SH|513070.SH|513100.SH|513880.SH|515220.SH|518880.SH,0.3851468223004484,0.9184217642745492,ucb
rolling_ucb_sampling,2022,2023,66,159611.SZ|159920.SZ|159980.SZ|161226.SZ|164824.SZ|501018.SH|512100.SH|513030.SH|513070.SH|513500.SH|513880.SH|515790.SH|518880.SH,-0.40184880449461297,0.9184217642745492,ucb
rolling_ucb_sampling,2022,2023,67,159796.SZ|159869.SZ|159920.SZ|159980.SZ|160644.SZ|161226.SZ|164824.SZ|501018.SH|512100.SH|513070.SH|513100.SH|513880.SH|518880.SH,-0.1744719258939427,0.9184217642745492,ucb
rolling_ucb_sampling,2022,2023,68,159901.SZ|159920.SZ|159980.SZ|159985.SZ|160644.SZ|164824.SZ|501018.SH|510050.SH|512040.SH|513030.SH|513070.SH|513100.SH|518880.SH,0.06309111313612771,0.9184217642745492,ucb
rolling_ucb_sampling,2022,2023,69,159920.SZ|159928.SZ|159981.SZ|160644.SZ|161226.SZ|164824.SZ|501018.SH|510180.SH|512660.SH|513030.SH|513070.SH|513100.SH|518880.SH,-0.684274268202373,0.9184217642745492,ucb
rolling_ucb_sampling,2022,2023,70,159869.SZ|159901.SZ|159920.SZ|159980.SZ|159985.SZ|161226.SZ|164824.SZ|512100.SH|513070.SH|513080.SH|513100.SH|513880.SH|518880.SH,-0.12391711126436435,0.9184217642745492,ucb
rolling_ucb_sampling,2022,2023,71,159920.SZ|159981.SZ|159985.SZ|160644.SZ|161226.SZ|164824.SZ|512200.SH|512800.SH|512980.SH|513030.SH|513070.SH|513100.SH|518880.SH,-0.33500809211148586,0.9184217642745492,ucb
rolling_ucb_sampling,2022,2023,72,159920.SZ|159980.SZ|159981.SZ|159985.SZ|161226.SZ|164824.SZ|512170.SH|513070.SH|513080.SH|513100.SH|513880.SH|516150.SH|562500.SH,0.11720211594443272,0.9184217642745492,ucb
rolling_ucb_sampling,2022,2023,73,159870.SZ|159920.SZ|159981.SZ|159985.SZ|160644.SZ|161226.SZ|164824.SZ|512040.SH|513030.SH|513070.SH|513100.SH|518880.SH|588000.SH,-0.2112226775605841,0.9184217642745492,ucb
rolling_ucb_sampling,2022,2023,74,159852.SZ|159920.SZ|159981.SZ|159985.SZ|160644.SZ|164824.SZ|501018.SH|510210.SH|513030.SH|513070.SH|513880.SH|516150.SH|518880.SH,0.3930428440067724,0.9184217642745492,ucb
rolling_ucb_sampling,2022,2023,75,159920.SZ|159981.SZ|159985.SZ|160644.SZ|164824.SZ|501018.SH|510880.SH|512040.SH|513070.SH|513080.SH|513880.SH|515220.SH|518880.SH,-0.1416479525550881,0.9184217642745492,ucb
rolling_ucb_sampling,2022,2023,76,159920.SZ|159967.SZ|159981.SZ|160644.SZ|161226.SZ|501018.SH|510300.SH|510880.SH|513030.SH|513070.SH|513500.SH|513880.SH|518880.SH,-0.4375823475961731,0.9184217642745492,ucb
rolling_ucb_sampling,2022,2023,77,159901.SZ|159920.SZ|159980.SZ|159985.SZ|160644.SZ|161226.SZ|510210.SH|512880.SH|513070.SH|513080.SH|513500.SH|513880.SH|518880.SH,-0.16626255488396868,0.9184217642745492,ucb
rolling_ucb_sampling,2022,2023,78,159920.SZ|159980.SZ|159985.SZ|160644.SZ|164824.SZ|501018.SH|513070.SH|513080.SH|513100.SH|515220.SH|515790.SH|518880.SH|588000.SH,0.42563393448327747,0.9184217642745492,ucb
rolling_ucb_sampling,2022,2023,79,159920.SZ|159980.SZ|159985.SZ|160644.SZ|161226.SZ|164824.SZ|510210.SH|510500.SH|513030.SH|513070.SH|513880.SH|518880.SH|562500.SH,0.37648351971906063,0.9184217642745492,ucb
rolling_ucb_sampling,2022,2023,80,159920.SZ|159928.SZ|159980.SZ|159985.SZ|160644.SZ|161226.SZ|512400.SH|512660.SH|513030.SH|513070.SH|513500.SH|513880.SH|518880.SH,-0.36375622552871395,0.9184217642745492,ucb
rolling_ucb_sampling,2022,2023,81,159851.SZ|159920.SZ|159980.SZ|159981.SZ|160644.SZ|161226.SZ|164824.SZ|512400.SH|512890.SH|513070.SH|513080.SH|513500.SH|518880.SH,-0.2549095111888027,0.9184217642745492,ucb
rolling_ucb_sampling,2022,2023,82,159796.SZ|159920.SZ|159967.SZ|159981.SZ|161226.SZ|164824.SZ|501018.SH|513070.SH|513080.SH|513500.SH|513880.SH|518880.SH|562500.SH,0.31849638841853645,0.9184217642745492,ucb
rolling_ucb_sampling,2022,2023,83,159825.SZ|159920.SZ|159981.SZ|159985.SZ|160644.SZ|164824.SZ|501018.SH|510180.SH|512200.SH|513030.SH|513070.SH|513500.SH|518880.SH,0.13138092139468144,0.9184217642745492,ucb
rolling_ucb_sampling,2022,2023,84,159870.SZ|159920.SZ|159981.SZ|160644.SZ|161226.SZ|501018.SH|510050.SH|512200.SH|513070.SH|513080.SH|513100.SH|513880.SH|518880.SH,-0.6790903722034516,0.9184217642745492,ucb
rolling_ucb_sampling,2022,2023,85,159852.SZ|159920.SZ|159985.SZ|161226.SZ|164824.SZ|501018.SH|512660.SH|512980.SH|513070.SH|513080.SH|513100.SH|513880.SH|518880.SH,0.05438978093834323,0.9184217642745492,ucb
rolling_ucb_sampling,2022,2023,86,159825.SZ|159915.SZ|159920.SZ|159980.SZ|159985.SZ|160644.SZ|164824.SZ|501018.SH|512400.SH|513030.SH|513070.SH|513100.SH|518880.SH,-0.14648496419060558,0.9184217642745492,ucb
rolling_ucb_sampling,2022,2023,87,159920.SZ|159967.SZ|159980.SZ|159985.SZ|160644.SZ|161226.SZ|164824.SZ|510300.SH|513030.SH|513070.SH|513500.SH|515880.SH|518880.SH,0.06573648760294885,0.9184217642745492,ucb
rolling_ucb_sampling,2022,2023,88,159920.SZ|159980.SZ|159981.SZ|159985.SZ|160644.SZ|164824.SZ|510050.SH|510500.SH|513030.SH|513070.SH|513880.SH|515790.SH|518880.SH,0.3394887224734179,0.9184217642745492,ucb
rolling_ucb_sampling,2022,2023,89,159920.SZ|159980.SZ|159985.SZ|160644.SZ|161226.SZ|501018.SH|513070.SH|513080.SH|513500.SH|513880.SH|515790.SH|516150.SH|588000.SH,-0.19033197240112756,0.9184217642745492,ucb
rolling_ucb_sampling,2022,2023,90,159796.SZ|159865.SZ|159915.SZ|159920.SZ|159980.SZ|160644.SZ|161226.SZ|164824.SZ|501018.SH|513030.SH|513070.SH|513100.SH|518880.SH,-0.10208008837279563,0.9184217642745492,ucb
rolling_ucb_sampling,2022,2023,91,159852.SZ|159920.SZ|159985.SZ|160644.SZ|161226.SZ|164824.SZ|501018.SH|510300.SH|510880.SH|513070.SH|513080.SH|513500.SH|518880.SH,0.413128818296988,0.9184217642745492,ucb
rolling_ucb_sampling,2022,2023,92,159920.SZ|159985.SZ|160644.SZ|161226.SZ|501018.SH|510300.SH|510500.SH|510880.SH|513070.SH|513080.SH|513100.SH|513880.SH|518880.SH,0.14933299180467838,0.9184217642745492,ucb
rolling_ucb_sampling,2022,2023,93,159865.SZ|159920.SZ|159981.SZ|159985.SZ|160644.SZ|501018.SH|513030.SH|513070.SH|513500.SH|513880.SH|515880.SH|518880.SH|588000.SH,-0.46960705624933574,0.9184217642745492,ucb
rolling_ucb_sampling,2022,2023,94,159920.SZ|159980.SZ|160644.SZ|161226.SZ|164824.SZ|501018.SH|510180.SH|513030.SH|513070.SH|513100.SH|515220.SH|515790.SH|518880.SH,0.053037593281468766,0.9184217642745492,ucb
rolling_ucb_sampling,2022,2023,95,159915.SZ|159920.SZ|159985.SZ|160644.SZ|161226.SZ|164824.SZ|501018.SH|510050.SH|513030.SH|513070.SH|513500.SH|515210.SH|518880.SH,0.30628612288450496,0.9184217642745492,ucb
rolling_ucb_sampling,2022,2023,96,159766.SZ|159920.SZ|159981.SZ|159985.SZ|160644.SZ|161226.SZ|164824.SZ|501018.SH|512400.SH|513070.SH|513080.SH|513100.SH|515210.SH,0.21299866399810366,0.9184217642745492,ucb
rolling_ucb_sampling,2022,2023,97,159796.SZ|159920.SZ|159980.SZ|159981.SZ|159985.SZ|160644.SZ|164824.SZ|510300.SH|513070.SH|513080.SH|513880.SH|518880.SH|562500.SH,0.7166633069833576,0.9184217642745492,ucb
rolling_ucb_sampling,2022,2023,98,159920.SZ|159980.SZ|159985.SZ|160644.SZ|161226.SZ|164824.SZ|512200.SH|513070.SH|513500.SH|513880.SH|515220.SH|518880.SH|588000.SH,-0.29886227651489117,0.9184217642745492,ucb
rolling_ucb_sampling,2022,2023,99,159920.SZ|159967.SZ|159981.SZ|160644.SZ|161226.SZ|164824.SZ|501018.SH|510880.SH|513070.SH|513080.SH|513880.SH|518880.SH|562500.SH,-0.06648747488518672,0.9184217642745492,ucb
rolling_ucb_sampling,2022,2023,100,159920.SZ|159981.SZ|159985.SZ|160644.SZ|501018.SH|510180.SH|513070.SH|513080.SH|513500.SH|513880.SH|515220.SH|515790.SH|518880.SH,0.1824767529930376,0.9184217642745492,ucb
rolling_ucb_sampling,2023,2024,1,159687.SZ|159869.SZ|159920.SZ|159980.SZ|159985.SZ|160644.SZ|161226.SZ|512170.SH|513030.SH|513070.SH|513100.SH|515880.SH|518880.SH,0.942780602503151,0.9196494911995831,warmup
rolling_ucb_sampling,2023,2024,2,159766.SZ|159920.SZ|159980.SZ|159985.SZ|161226.SZ|512660.SH|513070.SH|513080.SH|513290.SH|513310.SH|513880.SH|516150.SH|518880.SH,-0.4838018309131816,0.9196494911995831,warmup
rolling_ucb_sampling,2023,2024,3,159920.SZ|159928.SZ|159980.SZ|159985.SZ|160644.SZ|161226.SZ|164824.SZ|501018.SH|512100.SH|513030.SH|513180.SH|513500.SH|562500.SH,-0.2994689881599041,0.9130217366562248,warmup
rolling_ucb_sampling,2023,2024,4,159825.SZ|159920.SZ|159981.SZ|159985.SZ|161226.SZ|164824.SZ|501018.SH|513030.SH|513100.SH|513120.SH|513880.SH|588000.SH|588200.SH,0.9013760337847745,0.9016880112355453,warmup
rolling_ucb_sampling,2023,2024,5,159920.SZ|159967.SZ|159980.SZ|159985.SZ|164824.SZ|501018.SH|512400.SH|513180.SH|513290.SH|513310.SH|513500.SH|515880.SH|518880.SH,1.2533105110766474,0.9130217366562248,warmup
rolling_ucb_sampling,2023,2024,6,159687.SZ|159980.SZ|159981.SZ|160644.SZ|161226.SZ|512100.SH|512660.SH|512880.SH|513030.SH|513080.SH|513120.SH|513180.SH|518880.SH,-0.08591021729440382,0.9172474776669125,warmup
rolling_ucb_sampling,2023,2024,7,159687.SZ|159920.SZ|159980.SZ|159981.SZ|159985.SZ|160644.SZ|510180.SH|512660.SH|513070.SH|513100.SH|513880.SH|518880.SH|562500.SH,0.18289549939728408,0.9196494911995831,warmup
rolling_ucb_sampling,2023,2024,8,159915.SZ|159920.SZ|159980.SZ|159981.SZ|159985.SZ|160644.SZ|501018.SH|512980.SH|513030.SH|513100.SH|513120.SH|513880.SH|588000.SH,1.260682935654202,0.7203534100294369,warmup
rolling_ucb_sampling,2023,2024,9,159687.SZ|159825.SZ|159980.SZ|160644.SZ|161226.SZ|501018.SH|513030.SH|513070.SH|513120.SH|513290.SH|515880.SH|518880.SH|588200.SH,0.44948553808218616,0.6755480123658768,warmup
rolling_ucb_sampling,2023,2024,10,159920.SZ|159928.SZ|159980.SZ|159985.SZ|160644.SZ|164824.SZ|501018.SH|512890.SH|513100.SH|513180.SH|513290.SH|518880.SH|588000.SH,1.1546669849274258,0.9130217366562248,warmup
rolling_ucb_sampling,2023,2024,11,159865.SZ|159980.SZ|159981.SZ|160644.SZ|161226.SZ|164824.SZ|510300.SH|513120.SH|513180.SH|513290.SH|513310.SH|515210.SH|518880.SH,0.15030449937632873,0.6565224325624922,warmup
rolling_ucb_sampling,2023,2024,12,159869.SZ|159920.SZ|159985.SZ|161226.SZ|501018.SH|510180.SH|512040.SH|513030.SH|513080.SH|513100.SH|513120.SH|513310.SH|518880.SH,0.7585260420749333,0.9172474776669125,warmup
rolling_ucb_sampling,2023,2024,13,159852.SZ|159920.SZ|159981.SZ|161226.SZ|501018.SH|510210.SH|513080.SH|513100.SH|513120.SH|513290.SH|513500.SH|515880.SH|518880.SH,1.0669736561363972,0.8876334498348947,warmup
rolling_ucb_sampling,2023,2024,14,159825.SZ|159920.SZ|159980.SZ|159981.SZ|160644.SZ|164824.SZ|501018.SH|513030.SH|513180.SH|513290.SH|515220.SH|518880.SH|588200.SH,0.16450348295528885,0.9130217366562248,warmup
rolling_ucb_sampling,2023,2024,15,159687.SZ|159920.SZ|159980.SZ|159981.SZ|159985.SZ|160644.SZ|501018.SH|512980.SH|513100.SH|513120.SH|513310.SH|515790.SH|516150.SH,0.3375520524511875,0.6464045202816908,warmup
rolling_ucb_sampling,2023,2024,16,159870.SZ|159920.SZ|159980.SZ|159985.SZ|161226.SZ|164824.SZ|512170.SH|513180.SH|513290.SH|513310.SH|513880.SH|516150.SH|518880.SH,0.48392310887379286,0.9130217366562248,warmup
rolling_ucb_sampling,2023,2024,17,159611.SZ|159687.SZ|159981.SZ|159985.SZ|501018.SH|510880.SH|513120.SH|513180.SH|513310.SH|513500.SH|513880.SH|515880.SH|518880.SH,0.9683594548110084,0.8055829520541524,warmup
rolling_ucb_sampling,2023,2024,18,159687.SZ|159825.SZ|159851.SZ|159920.SZ|159980.SZ|159985.SZ|501018.SH|512200.SH|513030.SH|513080.SH|513120.SH|513500.SH|518880.SH,1.0997773499282013,0.9172474776669125,warmup
rolling_ucb_sampling,2023,2024,19,159687.SZ|159920.SZ|159981.SZ|159985.SZ|160644.SZ|161226.SZ|501018.SH|510050.SH|512880.SH|513030.SH|513120.SH|513310.SH|588200.SH,0.4263431000378271,0.7281298277017437,warmup
rolling_ucb_sampling,2023,2024,20,159980.SZ|159981.SZ|160644.SZ|161226.SZ|510300.SH|512660.SH|513030.SH|513070.SH|513120.SH|513500.SH|513880.SH|515880.SH|518880.SH,0.6003855918815699,0.7197588332800243,warmup
rolling_ucb_sampling,2023,2024,21,159687.SZ|159870.SZ|159915.SZ|159981.SZ|161226.SZ|501018.SH|510050.SH|513080.SH|513100.SH|513120.SH|513180.SH|513500.SH|518880.SH,0.1671024787096407,0.8876334498348947,ucb
rolling_ucb_sampling,2023,2024,22,159687.SZ|159920.SZ|159967.SZ|159981.SZ|159985.SZ|161226.SZ|164824.SZ|501018.SH|510210.SH|512400.SH|513070.SH|513290.SH|513310.SH,-0.08057777473847413,0.9196494911995831,ucb
rolling_ucb_sampling,2023,2024,23,159611.SZ|159687.SZ|159869.SZ|159920.SZ|159980.SZ|159985.SZ|501018.SH|512200.SH|513120.SH|513310.SH|513500.SH|513880.SH|518880.SH,1.0459943558814657,0.8055829520541524,ucb
rolling_ucb_sampling,2023,2024,24,159687.SZ|159920.SZ|159981.SZ|161226.SZ|501018.SH|510210.SH|510880.SH|512890.SH|513030.SH|513100.SH|513180.SH|513880.SH|518880.SH,1.1138613856977142,0.9130217366562248,ucb
rolling_ucb_sampling,2023,2024,25,159687.SZ|159851.SZ|159852.SZ|159920.SZ|159967.SZ|159980.SZ|159981.SZ|159985.SZ|501018.SH|513030.SH|513070.SH|513080.SH|513100.SH,0.6088101560729838,0.9196494911995831,ucb
rolling_ucb_sampling,2023,2024,26,159687.SZ|159980.SZ|159985.SZ|501018.SH|512040.SH|512890.SH|512980.SH|513070.SH|513080.SH|513120.SH|513500.SH|513880.SH|518880.SH,1.2866364096427167,0.8055829520541524,ucb
rolling_ucb_sampling,2023,2024,27,159611.SZ|159981.SZ|159985.SZ|160644.SZ|161226.SZ|501018.SH|512400.SH|512880.SH|513080.SH|513100.SH|513120.SH|513180.SH|513500.SH,0.1233505303407648,0.8876334498348947,ucb
rolling_ucb_sampling,2023,2024,28,159920.SZ|159980.SZ|159985.SZ|164824.SZ|501018.SH|512200.SH|512890.SH|513030.SH|513180.SH|513310.SH|513500.SH|518880.SH|588000.SH,1.1116354445482097,0.9130217366562248,ucb
rolling_ucb_sampling,2023,2024,29,159611.SZ|159869.SZ|159870.SZ|159980.SZ|159981.SZ|159985.SZ|513070.SH|513080.SH|513100.SH|513120.SH|513310.SH|513500.SH|518880.SH,0.5132645641852766,0.8876334498348947,ucb
rolling_ucb_sampling,2023,2024,30,159825.SZ|159851.SZ|159981.SZ|159985.SZ|501018.SH|512660.SH|513030.SH|513070.SH|513080.SH|513120.SH|513290.SH|513500.SH|518880.SH,0.5319869932122957,0.9172474776669125,ucb
rolling_ucb_sampling,2023,2024,31,159920.SZ|159980.SZ|159981.SZ|159985.SZ|164824.SZ|501018.SH|510180.SH|512200.SH|512890.SH|513030.SH|513070.SH|513100.SH|513290.SH,0.6021349184405489,0.9196494911995831,ucb
rolling_ucb_sampling,2023,2024,32,159852.SZ|159920.SZ|159981.SZ|159985.SZ|160644.SZ|501018.SH|510050.SH|510880.SH|513030.SH|513100.SH|513120.SH|513500.SH|518880.SH,1.1604143389401658,0.8876334498348947,ucb
rolling_ucb_sampling,2023,2024,33,159852.SZ|159869.SZ|159915.SZ|159980.SZ|159985.SZ|160644.SZ|161226.SZ|164824.SZ|513100.SH|513120.SH|513180.SH|513500.SH|518880.SH,0.5016531481406109,0.8876334498348947,ucb
rolling_ucb_sampling,2023,2024,34,159980.SZ|161226.SZ|501018.SH|510050.SH|510880.SH|513070.SH|513080.SH|513100.SH|513120.SH|513310.SH|513500.SH|515880.SH|518880.SH,0.8091728765625301,0.8876334498348947,ucb
rolling_ucb_sampling,2023,2024,35,159852.SZ|159920.SZ|159928.SZ|159980.SZ|159981.SZ|164824.SZ|501018.SH|510500.SH|513030.SH|513070.SH|513310.SH|513880.SH|518880.SH,0.6096280044726393,0.9196494911995831,ucb
rolling_ucb_sampling,2023,2024,36,159920.SZ|159980.SZ|159985.SZ|160644.SZ|501018.SH|510500.SH|510880.SH|513070.SH|513100.SH|513500.SH|513880.SH|515880.SH|518880.SH,1.0415594135200108,0.9196494911995831,ucb
rolling_ucb_sampling,2023,2024,37,159920.SZ|159985.SZ|161226.SZ|501018.SH|512400.SH|512890.SH|512980.SH|513030.SH|513080.SH|513120.SH|513500.SH|513880.SH|518880.SH,1.3008949530971787,0.9172474776669125,ucb
rolling_ucb_sampling,2023,2024,38,159687.SZ|159981.SZ|159985.SZ|161226.SZ|501018.SH|510500.SH|512040.SH|513070.SH|513080.SH|513120.SH|513310.SH|513500.SH|588000.SH,0.4205337793160505,0.7574952332694557,ucb
rolling_ucb_sampling,2023,2024,39,159687.SZ|159980.SZ|159981.SZ|159985.SZ|501018.SH|512200.SH|513030.SH|513100.SH|513120.SH|513180.SH|513880.SH|515210.SH|588200.SH,0.8431283060323559,0.8055829520541524,ucb
rolling_ucb_sampling,2023,2024,40,159920.SZ|159980.SZ|159981.SZ|159985.SZ|161226.SZ|510300.SH|512400.SH|513080.SH|513120.SH|513290.SH|513500.SH|513880.SH|515220.SH,0.2722325415326357,0.7097953543808768,ucb
rolling_ucb_sampling,2023,2024,41,159687.SZ|159796.SZ|159865.SZ|159869.SZ|159920.SZ|159980.SZ|161226.SZ|501018.SH|513030.SH|513070.SH|513100.SH|513310.SH|518880.SH,0.534546198539831,0.9196494911995831,ucb
rolling_ucb_sampling,2023,2024,42,159980.SZ|159981.SZ|159985.SZ|160644.SZ|510210.SH|510500.SH|510880.SH|513100.SH|513120.SH|513180.SH|513310.SH|513500.SH|518880.SH,1.2198034847458328,0.8876334498348947,ucb
rolling_ucb_sampling,2023,2024,43,159687.SZ|159796.SZ|159920.SZ|159980.SZ|159985.SZ|161226.SZ|512170.SH|512800.SH|513070.SH|513100.SH|513290.SH|513500.SH|518880.SH,-0.10766247565777434,0.9196494911995831,ucb
rolling_ucb_sampling,2023,2024,44,159851.SZ|159920.SZ|159980.SZ|159985.SZ|160644.SZ|161226.SZ|501018.SH|510300.SH|512200.SH|513030.SH|513100.SH|513180.SH|513880.SH,-0.3182673575098843,0.9130217366562248,ucb
rolling_ucb_sampling,2023,2024,45,159796.SZ|159915.SZ|159980.SZ|159981.SZ|159985.SZ|501018.SH|513100.SH|513120.SH|513180.SH|513290.SH|513310.SH|513880.SH|515790.SH,0.09760390952872743,0.8662974705596554,ucb
rolling_ucb_sampling,2023,2024,46,159825.SZ|159869.SZ|159920.SZ|159985.SZ|161226.SZ|164824.SZ|501018.SH|512170.SH|513080.SH|513120.SH|513500.SH|513880.SH|518880.SH,1.3002218717163103,0.7040106538277557,ucb
rolling_ucb_sampling,2023,2024,47,159687.SZ|159920.SZ|159980.SZ|161226.SZ|501018.SH|510180.SH|512980.SH|513070.SH|513290.SH|513310.SH|513500.SH|518880.SH|588200.SH,0.7940812831073852,0.9196494911995831,ucb
rolling_ucb_sampling,2023,2024,48,159920.SZ|159967.SZ|159980.SZ|159981.SZ|160644.SZ|161226.SZ|164824.SZ|513180.SH|513290.SH|513880.SH|515220.SH|518880.SH|588200.SH,-0.06100467564994819,0.9130217366562248,ucb
rolling_ucb_sampling,2023,2024,49,159949.SZ|159980.SZ|159985.SZ|161226.SZ|164824.SZ|501018.SH|510880.SH|513030.SH|513120.SH|513180.SH|513290.SH|513310.SH|515210.SH,0.4306927780794657,0.6107253981976856,ucb
rolling_ucb_sampling,2023,2024,50,159611.SZ|159949.SZ|159981.SZ|159985.SZ|160644.SZ|161226.SZ|501018.SH|512040.SH|513070.SH|513080.SH|513120.SH|513290.SH|513500.SH,-0.0013060838050252697,0.7040106538277557,ucb
rolling_ucb_sampling,2023,2024,51,159687.SZ|159851.SZ|159920.SZ|159980.SZ|159981.SZ|160644.SZ|501018.SH|510880.SH|512200.SH|513070.SH|513080.SH|513880.SH|518880.SH,0.8253044286117941,0.9196494911995831,ucb
rolling_ucb_sampling,2023,2024,52,159687.SZ|159920.SZ|159981.SZ|161226.SZ|501018.SH|510500.SH|512890.SH|513080.SH|513120.SH|513290.SH|513880.SH|518880.SH|588000.SH,0.8514208168648043,0.8055829520541524,ucb
rolling_ucb_sampling,2023,2024,53,159920.SZ|159980.SZ|159985.SZ|161226.SZ|501018.SH|510500.SH|512170.SH|512980.SH|513080.SH|513120.SH|513310.SH|513500.SH|513880.SH,0.5514901267799784,0.7040106538277557,ucb
rolling_ucb_sampling,2023,2024,54,159865.SZ|159869.SZ|159920.SZ|159980.SZ|159981.SZ|159985.SZ|164824.SZ|501018.SH|513070.SH|513080.SH|513100.SH|513500.SH|515210.SH,0.9727655231155321,0.9196494911995831,ucb
rolling_ucb_sampling,2023,2024,55,159687.SZ|159869.SZ|159901.SZ|159920.SZ|159980.SZ|159981.SZ|159985.SZ|510210.SH|513030.SH|513100.SH|513180.SH|513500.SH|518880.SH,1.0489271234553648,0.9130217366562248,ucb
rolling_ucb_sampling,2023,2024,56,159851.SZ|159865.SZ|159901.SZ|159981.SZ|161226.SZ|164824.SZ|501018.SH|513030.SH|513120.SH|513180.SH|513500.SH|513880.SH|518880.SH,0.29356211267380944,0.7197588332800243,ucb
rolling_ucb_sampling,2023,2024,57,159920.SZ|159967.SZ|159985.SZ|161226.SZ|501018.SH|512400.SH|513030.SH|513100.SH|513120.SH|513500.SH|513880.SH|518880.SH|562500.SH,0.5604746605792991,0.8876334498348947,ucb
rolling_ucb_sampling,2023,2024,58,159687.SZ|159920.SZ|159981.SZ|161226.SZ|164824.SZ|501018.SH|512890.SH|513030.SH|513120.SH|513500.SH|515210.SH|518880.SH|588000.SH,0.8953593546695162,0.7197588332800243,ucb
rolling_ucb_sampling,2023,2024,59,159920.SZ|159981.SZ|160644.SZ|161226.SZ|501018.SH|512890.SH|513030.SH|513180.SH|513310.SH|513500.SH|515220.SH|515790.SH|518880.SH,-0.19581723327810596,0.9130217366562248,ucb
rolling_ucb_sampling,2023,2024,60,159980.SZ|159985.SZ|501018.SH|510180.SH|512170.SH|512980.SH|513080.SH|513100.SH|513120.SH|513180.SH|513310.SH|513880.SH|518880.SH,0.7454792537865944,0.6264589958121686,ucb
rolling_ucb_sampling,2023,2024,61,159981.SZ|159985.SZ|161226.SZ|164824.SZ|501018.SH|510180.SH|512170.SH|513030.SH|513070.SH|513100.SH|513120.SH|513880.SH|515880.SH,1.3015700685425422,0.6550899267519877,ucb
rolling_ucb_sampling,2023,2024,62,159687.SZ|159869.SZ|159901.SZ|159949.SZ|159980.SZ|159985.SZ|161226.SZ|164824.SZ|501018.SH|513070.SH|513120.SH|513290.SH|513500.SH,0.35673550144777616,0.9001097245401373,ucb
rolling_ucb_sampling,2023,2024,63,159928.SZ|159980.SZ|159981.SZ|159985.SZ|160644.SZ|501018.SH|512040.SH|513030.SH|513120.SH|513180.SH|513310.SH|513500.SH|515790.SH,0.15348412840166506,0.7197588332800243,ucb
rolling_ucb_sampling,2023,2024,64,159981.SZ|159985.SZ|160644.SZ|161226.SZ|164824.SZ|510500.SH|510880.SH|513070.SH|513080.SH|513120.SH|513310.SH|515210.SH|518880.SH,0.5093499155814132,0.6565224325624922,ucb
rolling_ucb_sampling,2023,2024,65,159687.SZ|159852.SZ|159920.SZ|159949.SZ|159980.SZ|159981.SZ|501018.SH|512170.SH|513030.SH|513100.SH|513180.SH|513500.SH|518880.SH,0.8804007959838223,0.9130217366562248,ucb
rolling_ucb_sampling,2023,2024,66,159687.SZ|159920.SZ|159980.SZ|159981.SZ|160644.SZ|164824.SZ|501018.SH|510210.SH|512200.SH|513070.SH|513080.SH|518880.SH|588000.SH,-0.03103558559769978,0.9196494911995831,ucb
rolling_ucb_sampling,2023,2024,67,159796.SZ|159825.SZ|159920.SZ|159981.SZ|159985.SZ|501018.SH|510300.SH|513080.SH|513120.SH|513310.SH|513500.SH|513880.SH|518880.SH,0.8605618076698285,0.7040106538277557,ucb
rolling_ucb_sampling,2023,2024,68,159915.SZ|159920.SZ|159980.SZ|159981.SZ|160644.SZ|501018.SH|513070.SH|513100.SH|513290.SH|513880.SH|515880.SH|516150.SH|518880.SH,0.6885178998905211,0.9196494911995831,ucb
rolling_ucb_sampling,2023,2024,69,159852.SZ|159980.SZ|159985.SZ|501018.SH|510300.SH|510500.SH|513030.SH|513080.SH|513100.SH|513120.SH|513180.SH|513310.SH|518880.SH,0.7872279299707035,0.9172474776669125,ucb
rolling_ucb_sampling,2023,2024,70,159687.SZ|159865.SZ|159870.SZ|159920.SZ|159981.SZ|159985.SZ|501018.SH|512100.SH|513030.SH|513080.SH|513180.SH|513500.SH|518880.SH,0.5926245402790223,0.9172474776669125,ucb
rolling_ucb_sampling,2023,2024,71,159687.SZ|159870.SZ|159920.SZ|159981.SZ|159985.SZ|164824.SZ|501018.SH|510210.SH|512400.SH|513100.SH|513180.SH|513310.SH|518880.SH,1.0054347323489057,0.9130217366562248,ucb
rolling_ucb_sampling,2023,2024,72,159852.SZ|159920.SZ|159981.SZ|161226.SZ|164824.SZ|501018.SH|510210.SH|512400.SH|513100.SH|513120.SH|513310.SH|513880.SH|518880.SH,0.8203215757268897,0.6685974844014401,ucb
rolling_ucb_sampling,2023,2024,73,159687.SZ|159825.SZ|159980.SZ|159981.SZ|161226.SZ|512800.SH|512980.SH|513030.SH|513070.SH|513080.SH|513100.SH|513120.SH|518880.SH,0.6835957419326911,0.9172474776669125,ucb
rolling_ucb_sampling,2023,2024,74,159687.SZ|159851.SZ|159852.SZ|159920.SZ|159980.SZ|159985.SZ|501018.SH|512170.SH|513030.SH|513120.SH|513290.SH|513880.SH|518880.SH,1.2008197249538086,0.8962154498663868,ucb
rolling_ucb_sampling,2023,2024,75,159687.SZ|159766.SZ|159901.SZ|159980.SZ|159981.SZ|161226.SZ|164824.SZ|512880.SH|513070.SH|513080.SH|513120.SH|513880.SH|518880.SH,-0.0983258662741049,0.8055829520541524,ucb
rolling_ucb_sampling,2023,2024,76,159687.SZ|159980.SZ|159981.SZ|159985.SZ|164824.SZ|501018.SH|512800.SH|513100.SH|513120.SH|513180.SH|513500.SH|515210.SH|516150.SH,0.8947549148440774,0.8876334498348947,ucb
rolling_ucb_sampling,2023,2024,77,159687.SZ|159851.SZ|159920.SZ|159928.SZ|159980.SZ|159981.SZ|159985.SZ|160644.SZ|501018.SH|513070.SH|513290.SH|513500.SH|515880.SH,0.013358931853990378,0.9196494911995831,ucb
rolling_ucb_sampling,2023,2024,78,159852.SZ|159920.SZ|159980.SZ|159985.SZ|161226.SZ|512200.SH|512800.SH|513030.SH|513100.SH|513120.SH|513500.SH|513880.SH|518880.SH,0.9567539498092068,0.8876334498348947,ucb
rolling_ucb_sampling,2023,2024,79,159901.SZ|159920.SZ|159980.SZ|161226.SZ|501018.SH|510050.SH|510210.SH|513030.SH|513100.SH|513120.SH|513290.SH|513310.SH|518880.SH,0.1647478890150249,0.8745287894626734,ucb
rolling_ucb_sampling,2023,2024,80,159981.SZ|161226.SZ|501018.SH|512800.SH|512980.SH|513070.SH|513080.SH|513100.SH|513120.SH|513290.SH|513500.SH|515210.SH|518880.SH,0.4504855572003521,0.8876334498348947,ucb
rolling_ucb_sampling,2023,2024,81,159865.SZ|159920.SZ|159980.SZ|159981.SZ|161226.SZ|164824.SZ|501018.SH|510050.SH|513100.SH|513120.SH|513290.SH|513310.SH|515220.SH,0.13730742636157914,0.5732432207873639,ucb
rolling_ucb_sampling,2023,2024,82,159687.SZ|159870.SZ|159920.SZ|159980.SZ|159985.SZ|501018.SH|512040.SH|512100.SH|513030.SH|513180.SH|513310.SH|513880.SH|518880.SH,0.6339920530241291,0.9130217366562248,ucb
rolling_ucb_sampling,2023,2024,83,159766.SZ|159920.SZ|159980.SZ|161226.SZ|501018.SH|512660.SH|512980.SH|513030.SH|513080.SH|513100.SH|513180.SH|513310.SH|518880.SH,-0.47724668896261413,0.9172474776669125,ucb
rolling_ucb_sampling,2023,2024,84,159687.SZ|159915.SZ|159920.SZ|159981.SZ|161226.SZ|164824.SZ|501018.SH|512400.SH|512890.SH|513070.SH|513500.SH|513880.SH|518880.SH,0.2933087998066187,0.9196494911995831,ucb
rolling_ucb_sampling,2023,2024,85,159870.SZ|159920.SZ|159980.SZ|159981.SZ|159985.SZ|160644.SZ|164824.SZ|501018.SH|512980.SH|513180.SH|513290.SH|513880.SH|588000.SH,0.8610336919126794,0.9130217366562248,ucb
rolling_ucb_sampling,2023,2024,86,159687.SZ|159870.SZ|159901.SZ|159920.SZ|159981.SZ|159985.SZ|501018.SH|512800.SH|513100.SH|513180.SH|513290.SH|513310.SH|518880.SH,0.6658375710990198,0.9130217366562248,ucb
rolling_ucb_sampling,2023,2024,87,159980.SZ|159981.SZ|159985.SZ|160644.SZ|501018.SH|510180.SH|513100.SH|513120.SH|513180.SH|513290.SH|513880.SH|515210.SH|588000.SH,0.6517839356733158,0.6815337755523048,ucb
rolling_ucb_sampling,2023,2024,88,159687.SZ|159825.SZ|159980.SZ|159981.SZ|501018.SH|510180.SH|512170.SH|513070.SH|513080.SH|513120.SH|513310.SH|513880.SH|518880.SH,0.5553056967438851,0.8055829520541524,ucb
rolling_ucb_sampling,2023,2024,89,159687.SZ|159920.SZ|159949.SZ|159981.SZ|159985.SZ|501018.SH|510050.SH|512890.SH|513030.SH|513120.SH|513500.SH|513880.SH|518880.SH,1.4274064920749459,0.8055829520541524,ucb
rolling_ucb_sampling,2023,2024,90,159980.SZ|159981.SZ|501018.SH|510050.SH|512890.SH|512980.SH|513070.SH|513080.SH|513120.SH|513290.SH|513310.SH|513500.SH|518880.SH,1.0863169840897808,0.7040106538277557,ucb
rolling_ucb_sampling,2023,2024,91,159796.SZ|159870.SZ|159920.SZ|159928.SZ|159980.SZ|159981.SZ|159985.SZ|513030.SH|513080.SH|513100.SH|513120.SH|513310.SH|518880.SH,0.1162803765869868,0.9172474776669125,ucb
rolling_ucb_sampling,2023,2024,92,159920.SZ|159980.SZ|160644.SZ|161226.SZ|501018.SH|510050.SH|512400.SH|513030.SH|513100.SH|513180.SH|513880.SH|518880.SH|562500.SH,-0.39985482978103803,0.9130217366562248,ucb
rolling_ucb_sampling,2023,2024,93,159687.SZ|159920.SZ|159980.SZ|159981.SZ|159985.SZ|160644.SZ|501018.SH|510210.SH|512170.SH|512880.SH|513080.SH|513120.SH|513500.SH,0.5455331102630305,0.7450126639270123,ucb
rolling_ucb_sampling,2023,2024,94,159611.SZ|159920.SZ|159981.SZ|159985.SZ|160644.SZ|161226.SZ|510500.SH|513100.SH|513120.SH|513290.SH|513500.SH|515880.SH|518880.SH,0.77072993523277,0.8876334498348947,ucb
rolling_ucb_sampling,2023,2024,95,159687.SZ|159796.SZ|159920.SZ|159928.SZ|159981.SZ|159985.SZ|161226.SZ|164824.SZ|501018.SH|512890.SH|513030.SH|513070.SH|513310.SH,0.47237959119054174,0.9196494911995831,ucb
rolling_ucb_sampling,2023,2024,96,159851.SZ|159870.SZ|159980.SZ|159985.SZ|164824.SZ|501018.SH|513030.SH|513070.SH|513120.SH|513290.SH|513880.SH|516150.SH|518880.SH,1.0717969823458962,0.7302885844752116,ucb
rolling_ucb_sampling,2023,2024,97,159870.SZ|159920.SZ|159980.SZ|159981.SZ|159985.SZ|160644.SZ|510210.SH|512170.SH|513080.SH|513120.SH|513290.SH|513500.SH|518880.SH,0.9678969154468336,0.7040106538277557,ucb
rolling_ucb_sampling,2023,2024,98,159949.SZ|159980.SZ|161226.SZ|164824.SZ|501018.SH|512170.SH|512800.SH|513070.SH|513080.SH|513120.SH|513500.SH|513880.SH|518880.SH,0.23017198765746122,0.7460415072595704,ucb
rolling_ucb_sampling,2023,2024,99,159980.SZ|159981.SZ|501018.SH|510210.SH|512800.SH|513030.SH|513120.SH|513180.SH|513290.SH|513310.SH|513880.SH|518880.SH|588000.SH,0.5997189101186952,0.6457164455868383,ucb
rolling_ucb_sampling,2023,2024,100,159825.SZ|159920.SZ|159980.SZ|159985.SZ|164824.SZ|501018.SH|513070.SH|513080.SH|513290.SH|513310.SH|515210.SH|515880.SH|518880.SH,0.6549194672140265,0.9196494911995831,ucb
rolling_ucb_sampling,2024,2025,1,159518.SZ|159529.SZ|159796.SZ|159980.SZ|159981.SZ|159985.SZ|164824.SZ|510210.SH|510880.SH|513120.SH|513290.SH|513750.SH|518880.SH,0.3202699182134887,0.7161117109251165,warmup
rolling_ucb_sampling,2024,2025,2,159509.SZ|159687.SZ|159796.SZ|159920.SZ|159981.SZ|159985.SZ|501018.SH|510500.SH|512890.SH|513030.SH|513100.SH|513750.SH|518880.SH,0.9764846337198341,0.8920130717054932,warmup
rolling_ucb_sampling,2024,2025,3,159509.SZ|159865.SZ|159980.SZ|159981.SZ|159985.SZ|160644.SZ|513120.SH|513180.SH|513400.SH|513500.SH|515220.SH|518880.SH|588220.SH,-0.041295578911842046,0.7718796702394679,warmup
rolling_ucb_sampling,2024,2025,4,159687.SZ|159851.SZ|159928.SZ|159967.SZ|159981.SZ|159985.SZ|160644.SZ|161226.SZ|513070.SH|513080.SH|513310.SH|513750.SH|518880.SH,-0.341480265023431,0.8109949251878138,warmup
rolling_ucb_sampling,2024,2025,5,159518.SZ|159852.SZ|159949.SZ|159985.SZ|160644.SZ|161226.SZ|501018.SH|510210.SH|513180.SH|513290.SH|513750.SH|513880.SH|518880.SH,1.2030561313297357,0.884253794732396,warmup
rolling_ucb_sampling,2024,2025,6,159509.SZ|159920.SZ|159981.SZ|159985.SZ|501018.SH|513310.SH|513400.SH|513500.SH|513750.SH|515210.SH|516150.SH|518880.SH|588220.SH,0.8063108881477697,0.8920130717054932,warmup
rolling_ucb_sampling,2024,2025,7,159518.SZ|159529.SZ|159687.SZ|159796.SZ|159865.SZ|159981.SZ|161226.SZ|164824.SZ|501018.SH|512880.SH|513070.SH|513120.SH|518880.SH,0.7588626794888103,0.7889425391722841,warmup
rolling_ucb_sampling,2024,2025,8,159687.SZ|159901.SZ|159980.SZ|159981.SZ|159985.SZ|160644.SZ|501018.SH|510880.SH|512040.SH|513180.SH|513500.SH|513730.SH|513750.SH,0.972047723842063,0.8415836756152468,warmup
rolling_ucb_sampling,2024,2025,9,159509.SZ|159825.SZ|159901.SZ|159920.SZ|159981.SZ|159985.SZ|501018.SH|513100.SH|513310.SH|513500.SH|513750.SH|515210.SH|518880.SH,0.8658618537339219,0.8920130717054932,warmup
rolling_ucb_sampling,2024,2025,10,159509.SZ|159611.SZ|159980.SZ|161226.SZ|164824.SZ|501018.SH|510180.SH|512980.SH|513070.SH|513290.SH|513500.SH|513750.SH|518880.SH,0.744503264741481,0.8109949251878138,warmup
rolling_ucb_sampling,2024,2025,11,159687.SZ|159901.SZ|159981.SZ|161226.SZ|501018.SH|513070.SH|513120.SH|513400.SH|513500.SH|513730.SH|515790.SH|518880.SH|588000.SH,0.9096240940976681,0.877624795153347,warmup
rolling_ucb_sampling,2024,2025,12,159928.SZ|159980.SZ|159981.SZ|160644.SZ|161226.SZ|164824.SZ|510180.SH|513080.SH|513180.SH|513730.SH|513750.SH|518880.SH|588000.SH,-0.19170060358106344,0.8415836756152468,warmup
rolling_ucb_sampling,2024,2025,13,159509.SZ|159981.SZ|159985.SZ|160644.SZ|501018.SH|512800.SH|513030.SH|513100.SH|513120.SH|513180.SH|515220.SH|516150.SH|518880.SH,1.004363003757545,0.8598122919060952,warmup
rolling_ucb_sampling,2024,2025,14,159949.SZ|159980.SZ|159981.SZ|161226.SZ|501018.SH|510500.SH|513030.SH|513070.SH|513080.SH|513310.SH|513400.SH|513750.SH|515220.SH,-0.28549210766916255,0.8934888117483807,warmup
rolling_ucb_sampling,2024,2025,15,159509.SZ|159870.SZ|159980.SZ|159981.SZ|159985.SZ|160644.SZ|501018.SH|512890.SH|512980.SH|513080.SH|513180.SH|513730.SH|513750.SH,1.0680767975216965,0.8415836756152468,warmup
rolling_ucb_sampling,2024,2025,16,159687.SZ|159825.SZ|159980.SZ|159985.SZ|161226.SZ|501018.SH|510300.SH|513030.SH|513120.SH|513290.SH|513400.SH|513750.SH|516150.SH,0.4692011602673122,0.8001016030694887,warmup
rolling_ucb_sampling,2024,2025,17,159920.SZ|159980.SZ|159981.SZ|161226.SZ|510500.SH|513100.SH|513310.SH|513500.SH|513750.SH|513880.SH|518880.SH|562500.SH|563300.SH,0.5135644285203376,0.8920130717054932,warmup
rolling_ucb_sampling,2024,2025,18,159518.SZ|159529.SZ|159825.SZ|159980.SZ|159981.SZ|159985.SZ|501018.SH|510210.SH|513080.SH|513120.SH|513180.SH|513290.SH|515880.SH,0.0028171598462777884,0.781006282992034,warmup
rolling_ucb_sampling,2024,2025,19,159509.SZ|159687.SZ|159870.SZ|159967.SZ|159980.SZ|159985.SZ|161226.SZ|501018.SH|510300.SH|513120.SH|513500.SH|513750.SH|513880.SH,1.1072465207426128,0.8767541730677924,warmup
rolling_ucb_sampling,2024,2025,20,159869.SZ|159980.SZ|159981.SZ|160644.SZ|164824.SZ|501018.SH|510500.SH|510880.SH|513080.SH|513120.SH|513180.SH|513500.SH|518880.SH,0.5936050153738169,0.7718796702394679,warmup
rolling_ucb_sampling,2024,2025,21,159852.SZ|159920.SZ|159981.SZ|159985.SZ|161226.SZ|512800.SH|513030.SH|513100.SH|513120.SH|513500.SH|513880.SH|515210.SH|518880.SH,1.7608859152713272,0.8532903457695046,ucb
rolling_ucb_sampling,2024,2025,22,159518.SZ|159529.SZ|159852.SZ|159869.SZ|159980.SZ|159981.SZ|161226.SZ|501018.SH|512040.SH|513070.SH|513100.SH|513750.SH|513880.SH,1.4801750877207673,0.8109949251878138,ucb
rolling_ucb_sampling,2024,2025,23,159509.SZ|159529.SZ|159825.SZ|159869.SZ|159920.SZ|159981.SZ|159985.SZ|161226.SZ|501018.SH|513100.SH|513120.SH|513500.SH|588220.SH,1.2360323001121263,0.8598122919060952,ucb
rolling_ucb_sampling,2024,2025,24,159901.SZ|159920.SZ|159980.SZ|159985.SZ|161226.SZ|512040.SH|513030.SH|513100.SH|513500.SH|513750.SH|513880.SH|515790.SH|518880.SH,0.8436818429939852,0.8920130717054932,ucb
rolling_ucb_sampling,2024,2025,25,159611.SZ|159980.SZ|159985.SZ|160644.SZ|161226.SZ|512040.SH|512800.SH|513030.SH|513120.SH|513730.SH|513750.SH|513880.SH|518880.SH,1.1711402182711952,0.7889425391722841,ucb
rolling_ucb_sampling,2024,2025,26,159509.SZ|159518.SZ|159851.SZ|159869.SZ|159920.SZ|159980.SZ|159985.SZ|161226.SZ|501018.SH|512200.SH|513080.SH|513120.SH|513880.SH,0.8402151207966747,0.7251138829934614,ucb
rolling_ucb_sampling,2024,2025,27,159518.SZ|159529.SZ|159920.SZ|159980.SZ|159981.SZ|159985.SZ|161226.SZ|512040.SH|512800.SH|513290.SH|513500.SH|513750.SH|562500.SH,1.2639521526050865,0.8920130717054932,ucb
rolling_ucb_sampling,2024,2025,28,159518.SZ|159865.SZ|159920.SZ|159985.SZ|161226.SZ|501018.SH|512200.SH|513100.SH|513120.SH|513290.SH|513730.SH|516150.SH|518880.SH,1.1288920171185592,0.7889425391722841,ucb
rolling_ucb_sampling,2024,2025,29,159529.SZ|159981.SZ|159985.SZ|501018.SH|512200.SH|512890.SH|513070.SH|513310.SH|513500.SH|513750.SH|513880.SH|515790.SH|518880.SH,1.2573942928215462,0.8109949251878138,ucb
rolling_ucb_sampling,2024,2025,30,159766.SZ|159852.SZ|159920.SZ|159981.SZ|159985.SZ|161226.SZ|512890.SH|513030.SH|513100.SH|513400.SH|513730.SH|513750.SH|518880.SH,0.6570600535271183,0.8920130717054932,ucb
rolling_ucb_sampling,2024,2025,31,159529.SZ|159766.SZ|159920.SZ|159980.SZ|159985.SZ|501018.SH|510210.SH|513100.SH|513120.SH|513500.SH|513880.SH|518880.SH|563300.SH,0.7722719333071245,0.8532903457695046,ucb
rolling_ucb_sampling,2024,2025,32,159687.SZ|159870.SZ|159920.SZ|159985.SZ|161226.SZ|501018.SH|512040.SH|513030.SH|513100.SH|513120.SH|513880.SH|518880.SH|588200.SH,0.8764352532228042,0.8763009085985883,ucb
rolling_ucb_sampling,2024,2025,33,159687.SZ|159852.SZ|159980.SZ|159985.SZ|501018.SH|510300.SH|513030.SH|513070.SH|513100.SH|513290.SH|513750.SH|515210.SH|518880.SH,0.8144818708483028,0.8109949251878138,ucb
rolling_ucb_sampling,2024,2025,34,159518.SZ|159529.SZ|159687.SZ|159981.SZ|160644.SZ|161226.SZ|501018.SH|512980.SH|513120.SH|513180.SH|518880.SH|562500.SH|588200.SH,-0.019926122552102715,0.8243628293116229,ucb
rolling_ucb_sampling,2024,2025,35,159529.SZ|159796.SZ|159870.SZ|159980.SZ|159981.SZ|501018.SH|510300.SH|513070.SH|513290.SH|513310.SH|513750.SH|513880.SH|518880.SH,0.7683689006589646,0.8767541730677924,ucb
rolling_ucb_sampling,2024,2025,36,159518.SZ|159529.SZ|159766.SZ|159920.SZ|159981.SZ|159985.SZ|501018.SH|512200.SH|512800.SH|513080.SH|513120.SH|513290.SH|518880.SH,0.6948246168506073,0.771424719139213,ucb
rolling_ucb_sampling,2024,2025,37,159509.SZ|159852.SZ|159980.SZ|159981.SZ|159985.SZ|164824.SZ|501018.SH|510500.SH|512880.SH|513120.SH|513310.SH|513750.SH|513880.SH,1.189550075425492,0.8067597999989639,ucb
rolling_ucb_sampling,2024,2025,38,159509.SZ|159518.SZ|159687.SZ|159870.SZ|159920.SZ|159981.SZ|161226.SZ|501018.SH|510300.SH|512170.SH|513730.SH|513750.SH|518880.SH,1.085821540520423,0.8920130717054932,ucb
rolling_ucb_sampling,2024,2025,39,159852.SZ|159920.SZ|159980.SZ|159985.SZ|160644.SZ|161226.SZ|512170.SH|513030.SH|513100.SH|513120.SH|513310.SH|515880.SH|518880.SH,0.6128178340418277,0.7889425391722841,ucb
rolling_ucb_sampling,2024,2025,40,159509.SZ|159611.SZ|159920.SZ|159980.SZ|159981.SZ|159985.SZ|501018.SH|512880.SH|512890.SH|513080.SH|513100.SH|513120.SH|513290.SH,1.1763754489752498,0.8598122919060952,ucb
rolling_ucb_sampling,2024,2025,41,159509.SZ|159980.SZ|159985.SZ|161226.SZ|512170.SH|512890.SH|513030.SH|513100.SH|513120.SH|513290.SH|513750.SH|518880.SH|588220.SH,1.2060259993869082,0.8692141127809152,ucb
rolling_ucb_sampling,2024,2025,42,159509.SZ|159869.SZ|159920.SZ|159967.SZ|159980.SZ|159985.SZ|164824.SZ|501018.SH|512170.SH|513080.SH|513100.SH|513750.SH|518880.SH,1.060727301626668,0.8920130717054932,ucb
rolling_ucb_sampling,2024,2025,43,159518.SZ|159865.SZ|159901.SZ|159920.SZ|159980.SZ|159981.SZ|159985.SZ|513030.SH|513100.SH|513120.SH|513500.SH|518880.SH|588220.SH,-0.13944274839748583,0.8921388593985533,ucb
rolling_ucb_sampling,2024,2025,44,159509.SZ|159611.SZ|159870.SZ|159980.SZ|161226.SZ|501018.SH|513070.SH|513120.SH|513290.SH|513400.SH|513730.SH|515210.SH|518880.SH,1.0271199319800566,0.8101225633621676,ucb
rolling_ucb_sampling,2024,2025,45,159509.SZ|159518.SZ|159920.SZ|159980.SZ|159985.SZ|161226.SZ|164824.SZ|510880.SH|512800.SH|513120.SH|513290.SH|518880.SH|563300.SH,0.9925282199952348,0.7889425391722841,ucb
rolling_ucb_sampling,2024,2025,46,159852.SZ|159915.SZ|159985.SZ|161226.SZ|501018.SH|512040.SH|513070.SH|513100.SH|513120.SH|513400.SH|513500.SH|513730.SH|518880.SH,2.0032571424769254,0.8532903457695046,ucb
rolling_ucb_sampling,2024,2025,47,159509.SZ|159870.SZ|159915.SZ|159980.SZ|159981.SZ|161226.SZ|512170.SH|513030.SH|513120.SH|513400.SH|513750.SH|513880.SH|518880.SH,0.3098918657906642,0.8642570806669024,ucb
rolling_ucb_sampling,2024,2025,48,159529.SZ|159796.SZ|159920.SZ|159980.SZ|159981.SZ|159985.SZ|164824.SZ|510500.SH|513100.SH|513730.SH|513750.SH|515220.SH|518880.SH,0.19330880484954502,0.8920130717054932,ucb
rolling_ucb_sampling,2024,2025,49,159529.SZ|159870.SZ|159915.SZ|159920.SZ|159980.SZ|161226.SZ|501018.SH|512040.SH|513100.SH|513290.SH|513750.SH|513880.SH|518880.SH,1.2053028801758814,0.8920130717054932,ucb
rolling_ucb_sampling,2024,2025,50,159509.SZ|159825.SZ|159980.SZ|159981.SZ|159985.SZ|512040.SH|513070.SH|513120.SH|513290.SH|513500.SH|513880.SH|515790.SH|518880.SH,0.5131808785876164,0.8200735354037079,ucb
rolling_ucb_sampling,2024,2025,51,159687.SZ|159980.SZ|159981.SZ|159985.SZ|164824.SZ|501018.SH|512800.SH|512880.SH|513080.SH|513180.SH|513290.SH|513750.SH|588220.SH,1.2367367586987488,0.8415836756152468,ucb
rolling_ucb_sampling,2024,2025,52,159687.SZ|159869.SZ|159920.SZ|159981.SZ|159985.SZ|501018.SH|510880.SH|513080.SH|513120.SH|513290.SH|513730.SH|515790.SH|518880.SH,0.6316238368280664,0.7251138829934614,ucb
rolling_ucb_sampling,2024,2025,53,159509.SZ|159529.SZ|159611.SZ|159915.SZ|159920.SZ|159981.SZ|159985.SZ|161226.SZ|501018.SH|513730.SH|513750.SH|513880.SH|515880.SH,0.9177789373736625,0.8920130717054932,ucb
rolling_ucb_sampling,2024,2025,54,159509.SZ|159518.SZ|159766.SZ|159870.SZ|159980.SZ|159981.SZ|161226.SZ|501018.SH|513100.SH|513120.SH|513290.SH|513750.SH|563300.SH,1.075193517744197,0.8598122919060952,ucb
rolling_ucb_sampling,2024,2025,55,159529.SZ|159796.SZ|159981.SZ|159985.SZ|161226.SZ|501018.SH|512040.SH|512400.SH|513120.SH|513180.SH|513290.SH|513310.SH|513730.SH,0.3818887979535674,0.8255205373847176,ucb
rolling_ucb_sampling,2024,2025,56,159509.SZ|159518.SZ|159611.SZ|159687.SZ|159980.SZ|159981.SZ|159985.SZ|501018.SH|512880.SH|513070.SH|513100.SH|513120.SH|562500.SH,1.3286326296908955,0.8598122919060952,ucb
rolling_ucb_sampling,2024,2025,57,159980.SZ|161226.SZ|164824.SZ|501018.SH|512660.SH|512890.SH|513070.SH|513120.SH|513310.SH|513500.SH|513730.SH|518880.SH|588000.SH,1.0765943239011713,0.7889425391722841,ucb
rolling_ucb_sampling,2024,2025,58,159687.SZ|159981.SZ|161226.SZ|501018.SH|512660.SH|513120.SH|513180.SH|513290.SH|513400.SH|513500.SH|515210.SH|518880.SH|563300.SH,0.6891576713227879,0.7889425391722841,ucb
rolling_ucb_sampling,2024,2025,59,159687.SZ|159981.SZ|159985.SZ|161226.SZ|164824.SZ|501018.SH|510300.SH|512400.SH|512880.SH|513070.SH|513080.SH|513290.SH|513750.SH,0.8589791110865974,0.8109949251878138,ucb
rolling_ucb_sampling,2024,2025,60,159509.SZ|159980.SZ|159985.SZ|501018.SH|510050.SH|512980.SH|513100.SH|513120.SH|513290.SH|513500.SH|513750.SH|518880.SH|563300.SH,1.4236732872289215,0.8598122919060952,ucb
rolling_ucb_sampling,2024,2025,61,159509.SZ|159985.SZ|161226.SZ|501018.SH|510050.SH|513180.SH|513290.SH|513400.SH|513500.SH|513750.SH|515220.SH|518880.SH|588000.SH,0.81943973799129,0.8415836756152468,ucb
rolling_ucb_sampling,2024,2025,62,159687.SZ|159980.SZ|159985.SZ|161226.SZ|501018.SH|510050.SH|513100.SH|513180.SH|513310.SH|513750.SH|513880.SH|515210.SH|588220.SH,1.054717585538772,0.8415836756152468,ucb
rolling_ucb_sampling,2024,2025,63,159518.SZ|159529.SZ|159915.SZ|159980.SZ|159985.SZ|161226.SZ|512040.SH|513120.SH|513310.SH|513750.SH|513880.SH|518880.SH|588000.SH,-0.00016737389337404576,0.9151949428895042,ucb
rolling_ucb_sampling,2024,2025,64,159509.SZ|159529.SZ|159611.SZ|159985.SZ|161226.SZ|501018.SH|510210.SH|512890.SH|513030.SH|513070.SH|513120.SH|513730.SH|518880.SH,1.095464088740287,0.7889425391722841,ucb
rolling_ucb_sampling,2024,2025,65,159687.SZ|159870.SZ|159949.SZ|159981.SZ|159985.SZ|161226.SZ|164824.SZ|501018.SH|512660.SH|513120.SH|513400.SH|513500.SH|513750.SH,1.202924876487918,0.7974834951277506,ucb
rolling_ucb_sampling,2024,2025,66,159915.SZ|159980.SZ|159985.SZ|160644.SZ|501018.SH|512890.SH|513070.SH|513100.SH|513310.SH|513500.SH|513750.SH|518880.SH|562500.SH,1.175279798973113,0.8532903457695046,ucb
rolling_ucb_sampling,2024,2025,67,159518.SZ|159870.SZ|159920.SZ|159981.SZ|159985.SZ|160644.SZ|501018.SH|512100.SH|512800.SH|513030.SH|513100.SH|513750.SH|518880.SH,0.9426270427420314,0.8920130717054932,ucb
rolling_ucb_sampling,2024,2025,68,159509.SZ|159518.SZ|159980.SZ|159981.SZ|159985.SZ|160644.SZ|501018.SH|512100.SH|512400.SH|512980.SH|513070.SH|513100.SH|513750.SH,1.1553714463641864,0.8651170986109297,ucb
rolling_ucb_sampling,2024,2025,69,159687.SZ|159980.SZ|159981.SZ|159985.SZ|161226.SZ|513030.SH|513070.SH|513100.SH|513120.SH|513500.SH|516150.SH|562500.SH|588000.SH,0.5886994763170618,0.8532903457695046,ucb
rolling_ucb_sampling,2024,2025,70,159518.SZ|159611.SZ|159920.SZ|159980.SZ|161226.SZ|501018.SH|510050.SH|512100.SH|513030.SH|513120.SH|513400.SH|513880.SH|518880.SH,0.12069727226793824,0.7889425391722841,ucb
rolling_ucb_sampling,2024,2025,71,159518.SZ|159949.SZ|159980.SZ|159985.SZ|161226.SZ|512170.SH|512880.SH|513120.SH|513180.SH|513400.SH|513500.SH|513730.SH|518880.SH,0.9632525281823363,0.8535330255579524,ucb
rolling_ucb_sampling,2024,2025,72,159518.SZ|159687.SZ|159980.SZ|159981.SZ|501018.SH|510500.SH|512890.SH|513070.SH|513080.SH|513730.SH|513750.SH|515790.SH|518880.SH,0.26218916704490464,0.8109949251878138,ucb
rolling_ucb_sampling,2024,2025,73,159509.SZ|159852.SZ|159870.SZ|159985.SZ|161226.SZ|501018.SH|513070.SH|513080.SH|513100.SH|513120.SH|513880.SH|518880.SH|562500.SH,1.5396444134528262,0.8598122919060952,ucb
rolling_ucb_sampling,2024,2025,74,159518.SZ|159981.SZ|159985.SZ|501018.SH|512040.SH|512100.SH|512170.SH|513180.SH|513290.SH|513400.SH|513750.SH|513880.SH|518880.SH,0.7622629329729845,0.8415836756152468,ucb
rolling_ucb_sampling,2024,2025,75,159529.SZ|159687.SZ|159766.SZ|159852.SZ|159980.SZ|159981.SZ|159985.SZ|512880.SH|513070.SH|513730.SH|513750.SH|513880.SH|518880.SH,1.088494244149194,0.8109949251878138,ucb
rolling_ucb_sampling,2024,2025,76,159509.SZ|159518.SZ|159529.SZ|159870.SZ|159980.SZ|159985.SZ|161226.SZ|501018.SH|512100.SH|513120.SH|513400.SH|513750.SH|515210.SH,0.931206523762595,0.8647525731352239,ucb
rolling_ucb_sampling,2024,2025,77,159509.SZ|159529.SZ|159870.SZ|159980.SZ|159981.SZ|159985.SZ|161226.SZ|164824.SZ|512200.SH|513080.SH|513120.SH|513180.SH|588200.SH,0.46707624915367424,0.7718796702394679,ucb
rolling_ucb_sampling,2024,2025,78,159509.SZ|159687.SZ|159928.SZ|159980.SZ|159985.SZ|161226.SZ|501018.SH|510050.SH|512200.SH|513120.SH|513180.SH|513500.SH|513880.SH,1.2957796304500602,0.8676691903435128,ucb
rolling_ucb_sampling,2024,2025,79,159518.SZ|159687.SZ|159949.SZ|159981.SZ|161226.SZ|501018.SH|510050.SH|512200.SH|513180.SH|513290.SH|513750.SH|513880.SH|518880.SH,0.8556709712432601,0.8415836756152468,ucb
rolling_ucb_sampling,2024,2025,80,159687.SZ|159901.SZ|159920.SZ|159967.SZ|159980.SZ|159981.SZ|159985.SZ|160644.SZ|510500.SH|513030.SH|513500.SH|513750.SH|518880.SH,0.2991922247447033,0.9199793683104046,ucb
rolling_ucb_sampling,2024,2025,81,159980.SZ|159981.SZ|501018.SH|512040.SH|512980.SH|513100.SH|513120.SH|513500.SH|513730.SH|513750.SH|513880.SH|515210.SH|518880.SH,1.7175453839358539,0.8533419882286508,ucb
rolling_ucb_sampling,2024,2025,82,159509.SZ|159529.SZ|159687.SZ|159865.SZ|159920.SZ|159980.SZ|159985.SZ|501018.SH|512980.SH|513120.SH|513730.SH|518880.SH|563300.SH,0.7842157127377387,0.8394669346919392,ucb
rolling_ucb_sampling,2024,2025,83,159687.SZ|159766.SZ|159869.SZ|159980.SZ|159981.SZ|159985.SZ|501018.SH|512170.SH|513100.SH|513180.SH|513310.SH|513750.SH|513880.SH,1.0004708693199353,0.8415836756152468,ucb
rolling_ucb_sampling,2024,2025,84,159518.SZ|159529.SZ|159851.SZ|159981.SZ|161226.SZ|164824.SZ|501018.SH|513070.SH|513120.SH|513500.SH|518880.SH|562500.SH|563300.SH,1.4352854542495583,0.8707396443847765,ucb
rolling_ucb_sampling,2024,2025,85,159509.SZ|159852.SZ|159915.SZ|159980.SZ|159981.SZ|161226.SZ|501018.SH|512660.SH|513030.SH|513070.SH|513080.SH|513100.SH|513750.SH,0.8703436297680429,0.8934888117483807,ucb
rolling_ucb_sampling,2024,2025,86,159796.SZ|159981.SZ|159985.SZ|161226.SZ|164824.SZ|512200.SH|513030.SH|513070.SH|513120.SH|513400.SH|513500.SH|515210.SH|518880.SH,0.2266827201519438,0.7889425391722841,ucb
rolling_ucb_sampling,2024,2025,87,159529.SZ|159852.SZ|159981.SZ|159985.SZ|160644.SZ|161226.SZ|501018.SH|512800.SH|513180.SH|513400.SH|513730.SH|513750.SH|515790.SH,1.6376240674253184,0.8415836756152468,ucb
rolling_ucb_sampling,2024,2025,88,159687.SZ|159869.SZ|159980.SZ|159981.SZ|161226.SZ|501018.SH|510210.SH|512400.SH|513070.SH|513100.SH|513500.SH|513750.SH|513880.SH,1.3079258592302858,0.8532903457695046,ucb
rolling_ucb_sampling,2024,2025,89,159518.SZ|159529.SZ|159865.SZ|159985.SZ|161226.SZ|501018.SH|512660.SH|513070.SH|513120.SH|513310.SH|513500.SH|515790.SH|518880.SH,0.8462123359220562,0.7889425391722841,ucb
rolling_ucb_sampling,2024,2025,90,159981.SZ|159985.SZ|160644.SZ|161226.SZ|512200.SH|512660.SH|513030.SH|513070.SH|513080.SH|513120.SH|513500.SH|518880.SH|562500.SH,0.23978757922819913,0.8934888117483807,ucb
rolling_ucb_sampling,2024,2025,91,159687.SZ|159967.SZ|159980.SZ|159985.SZ|161226.SZ|501018.SH|510300.SH|513120.SH|513180.SH|513290.SH|513500.SH|513880.SH|516150.SH,1.002986159486107,0.8364056403865993,ucb
rolling_ucb_sampling,2024,2025,92,159509.SZ|159518.SZ|159852.SZ|159920.SZ|159980.SZ|159985.SZ|164824.SZ|501018.SH|512660.SH|513310.SH|513750.SH|516150.SH|518880.SH,0.49129166402957997,0.8920130717054932,ucb
rolling_ucb_sampling,2024,2025,93,159611.SZ|159687.SZ|159949.SZ|159980.SZ|159981.SZ|159985.SZ|164824.SZ|501018.SH|512660.SH|513070.SH|513100.SH|513120.SH|513400.SH,0.8649461173424045,0.7679630677426399,ucb
rolling_ucb_sampling,2024,2025,94,159529.SZ|159869.SZ|159981.SZ|159985.SZ|164824.SZ|501018.SH|512100.SH|512890.SH|513070.SH|513080.SH|513120.SH|513730.SH|518880.SH,1.0060115472729736,0.8435460483265624,ucb
rolling_ucb_sampling,2024,2025,95,159766.SZ|159920.SZ|159928.SZ|159980.SZ|159981.SZ|501018.SH|512400.SH|513030.SH|513100.SH|513290.SH|513730.SH|513750.SH|518880.SH,0.6173154212381101,0.8920130717054932,ucb
rolling_ucb_sampling,2024,2025,96,159980.SZ|159985.SZ|501018.SH|512100.SH|512800.SH|513120.SH|513180.SH|513290.SH|513310.SH|513400.SH|513730.SH|515790.SH|518880.SH,1.1927951175303824,0.8045157599069155,ucb
rolling_ucb_sampling,2024,2025,97,159529.SZ|159851.SZ|159980.SZ|161226.SZ|501018.SH|513030.SH|513180.SH|513290.SH|513750.SH|513880.SH|515880.SH|518880.SH|588200.SH,0.7540417778340361,0.8415836756152468,ucb
rolling_ucb_sampling,2024,2025,98,159869.SZ|159928.SZ|159980.SZ|159985.SZ|160644.SZ|161226.SZ|164824.SZ|513070.SH|513730.SH|513750.SH|513880.SH|518880.SH|562500.SH,1.1094543109027304,0.8109949251878138,ucb
rolling_ucb_sampling,2024,2025,99,159687.SZ|159766.SZ|159949.SZ|159980.SZ|159985.SZ|160644.SZ|501018.SH|510050.SH|513070.SH|513080.SH|513100.SH|513750.SH|518880.SH,1.0882473368442978,0.8109949251878138,ucb
rolling_ucb_sampling,2024,2025,100,159509.SZ|159611.SZ|159687.SZ|159980.SZ|159985.SZ|160644.SZ|161226.SZ|501018.SH|512100.SH|512980.SH|513120.SH|513180.SH|513880.SH,0.9084330837131324,0.8651170986109297,ucb
rolling_ucb_sampling,2025,2026,1,159611.SZ|159687.SZ|159851.SZ|159980.SZ|159981.SZ|161226.SZ|510300.SH|513070.SH|513080.SH|513180.SH|513500.SH|513730.SH|518880.SH,0.8638017090685521,0.9189240922360594,warmup
rolling_ucb_sampling,2025,2026,2,159509.SZ|159687.SZ|159825.SZ|159920.SZ|159980.SZ|159981.SZ|159985.SZ|510210.SH|513030.SH|513120.SH|513730.SH|518880.SH|588220.SH,1.6693214801461347,0.7700255446396679,warmup
rolling_ucb_sampling,2025,2026,3,159509.SZ|159980.SZ|159981.SZ|159985.SZ|164824.SZ|501018.SH|510300.SH|513030.SH|513070.SH|513080.SH|513750.SH|516150.SH|588000.SH,0.10072543308623441,0.8203596986693006,warmup
rolling_ucb_sampling,2025,2026,4,159329.SZ|159920.SZ|159980.SZ|159981.SZ|159985.SZ|161226.SZ|164824.SZ|512200.SH|512980.SH|513080.SH|513180.SH|513730.SH|563300.SH,-0.1246415385787505,0.9154186634947195,warmup
rolling_ucb_sampling,2025,2026,5,159329.SZ|159687.SZ|159920.SZ|159967.SZ|159981.SZ|159985.SZ|161226.SZ|501018.SH|513100.SH|513180.SH|513730.SH|515880.SH|588220.SH,0.5684961176096656,0.9154186634947195,warmup
rolling_ucb_sampling,2025,2026,6,159687.SZ|159869.SZ|159980.SZ|159985.SZ|501018.SH|512040.SH|512880.SH|513030.SH|513070.SH|513180.SH|513400.SH|513500.SH|518880.SH,0.4003453418053766,0.9189240922360594,warmup
rolling_ucb_sampling,2025,2026,7,159518.SZ|159529.SZ|159611.SZ|159869.SZ|159980.SZ|159981.SZ|159985.SZ|161226.SZ|512200.SH|513080.SH|513120.SH|513290.SH|513750.SH,0.1261517050902,0.5323319070661051,warmup
rolling_ucb_sampling,2025,2026,8,159209.SZ|159509.SZ|159981.SZ|159985.SZ|501018.SH|513070.SH|513080.SH|513290.SH|513730.SH|513750.SH|518880.SH|563300.SH|588220.SH,0.7859083696604783,0.7983041696190969,warmup
rolling_ucb_sampling,2025,2026,9,159518.SZ|159529.SZ|159687.SZ|159865.SZ|159980.SZ|159981.SZ|161226.SZ|510210.SH|513030.SH|513180.SH|513750.SH|518880.SH|588220.SH,1.386251000749805,0.7479559685362611,warmup
rolling_ucb_sampling,2025,2026,10,159206.SZ|159687.SZ|159825.SZ|159920.SZ|159980.SZ|159985.SZ|161226.SZ|164824.SZ|510880.SH|513080.SH|513400.SH|513750.SH|518880.SH,1.1937342871372951,0.8342956687363152,warmup
rolling_ucb_sampling,2025,2026,11,159509.SZ|159529.SZ|159928.SZ|159981.SZ|161226.SZ|501018.SH|510180.SH|512880.SH|513070.SH|513080.SH|513120.SH|513400.SH|518880.SH,1.6192633254460103,0.7888006022039933,warmup
rolling_ucb_sampling,2025,2026,12,159509.SZ|159518.SZ|159529.SZ|159870.SZ|159967.SZ|159981.SZ|159985.SZ|161226.SZ|501018.SH|512980.SH|513070.SH|513080.SH|513120.SH,0.33847023382624897,0.6021838222518995,warmup
rolling_ucb_sampling,2025,2026,13,159518.SZ|159529.SZ|159980.SZ|159981.SZ|159985.SZ|161226.SZ|510210.SH|510500.SH|513070.SH|513290.SH|513310.SH|513750.SH|588220.SH,0.7760636934859941,0.9067792029279489,warmup
rolling_ucb_sampling,2025,2026,14,159509.SZ|159851.SZ|159980.SZ|159985.SZ|161226.SZ|513030.SH|513080.SH|513120.SH|513180.SH|513290.SH|515210.SH|518880.SH|588200.SH,1.5546666048647224,0.8203596986693006,warmup
rolling_ucb_sampling,2025,2026,15,159329.SZ|159518.SZ|159766.SZ|159901.SZ|159981.SZ|159985.SZ|501018.SH|513030.SH|513070.SH|513750.SH|513880.SH|515880.SH|518880.SH,1.040650340369613,0.7563077770511324,warmup
rolling_ucb_sampling,2025,2026,16,159529.SZ|159851.SZ|159920.SZ|159949.SZ|159980.SZ|159985.SZ|164824.SZ|501018.SH|512100.SH|513030.SH|513080.SH|513180.SH|518880.SH,0.44564337158118944,0.9154186634947195,warmup
rolling_ucb_sampling,2025,2026,17,159509.SZ|159611.SZ|159870.SZ|159980.SZ|159981.SZ|159985.SZ|513070.SH|513080.SH|513120.SH|513290.SH|513400.SH|515880.SH|518880.SH,1.840380846792564,0.7390702798506157,warmup
rolling_ucb_sampling,2025,2026,18,159209.SZ|159329.SZ|159687.SZ|159980.SZ|159981.SZ|501018.SH|510500.SH|513030.SH|513180.SH|513750.SH|513880.SH|518880.SH|588220.SH,1.4299795170190408,0.9067792029279489,warmup
rolling_ucb_sampling,2025,2026,19,159518.SZ|159529.SZ|159915.SZ|159985.SZ|161226.SZ|501018.SH|510050.SH|510500.SH|513180.SH|513310.SH|513730.SH|513750.SH|518880.SH,0.9027500638713823,0.9160599717887877,warmup
rolling_ucb_sampling,2025,2026,20,159206.SZ|159529.SZ|159920.SZ|159980.SZ|159985.SZ|160644.SZ|161226.SZ|501018.SH|510180.SH|512100.SH|513080.SH|513100.SH|513120.SH,0.8582871178800423,0.806735165553091,warmup
rolling_ucb_sampling,2025,2026,21,159901.SZ|159928.SZ|159980.SZ|159985.SZ|160644.SZ|161226.SZ|513070.SH|513120.SH|513310.SH|513730.SH|513880.SH|515210.SH|518880.SH,1.3053168092079452,0.6688529783989702,ucb
rolling_ucb_sampling,2025,2026,22,159870.SZ|159920.SZ|159967.SZ|159980.SZ|159981.SZ|160644.SZ|501018.SH|513180.SH|513310.SH|513400.SH|513880.SH|518880.SH|588200.SH,1.1078452913382304,0.9154186634947195,ucb
rolling_ucb_sampling,2025,2026,23,159796.SZ|159865.SZ|159928.SZ|159981.SZ|161226.SZ|501018.SH|513180.SH|513290.SH|513310.SH|513400.SH|513750.SH|513880.SH|518880.SH,1.678252351280491,0.7369415508190277,ucb
rolling_ucb_sampling,2025,2026,24,159796.SZ|159915.SZ|159980.SZ|159985.SZ|160644.SZ|501018.SH|510880.SH|513070.SH|513100.SH|513120.SH|513310.SH|513880.SH|518880.SH,1.339596117031727,0.8121607274328089,ucb
rolling_ucb_sampling,2025,2026,25,159206.SZ|159529.SZ|159796.SZ|159825.SZ|159980.SZ|159985.SZ|501018.SH|513120.SH|513400.SH|513500.SH|513750.SH|513880.SH|518880.SH,1.7047918657428462,0.9181393430680445,ucb
rolling_ucb_sampling,2025,2026,26,159509.SZ|159920.SZ|159980.SZ|160644.SZ|161226.SZ|164824.SZ|501018.SH|510180.SH|512880.SH|512890.SH|513120.SH|513400.SH|518880.SH,1.8128424843370337,0.7888006022039933,ucb
rolling_ucb_sampling,2025,2026,27,159518.SZ|159687.SZ|159825.SZ|159928.SZ|159981.SZ|161226.SZ|501018.SH|512400.SH|513120.SH|513290.SH|513750.SH|513880.SH|518880.SH,1.0908777762644724,0.7193123250760916,ucb
rolling_ucb_sampling,2025,2026,28,159518.SZ|159949.SZ|159980.SZ|159985.SZ|501018.SH|512400.SH|512890.SH|513120.SH|513290.SH|513400.SH|513750.SH|513880.SH|518880.SH,1.558937721682817,0.6998965492931684,ucb
rolling_ucb_sampling,2025,2026,29,159851.SZ|159967.SZ|159980.SZ|159981.SZ|501018.SH|512400.SH|513070.SH|513290.SH|513400.SH|513730.SH|513750.SH|513880.SH|518880.SH,1.1899155834826471,0.7410296767805958,ucb
rolling_ucb_sampling,2025,2026,30,159509.SZ|159865.SZ|159980.SZ|159981.SZ|160644.SZ|501018.SH|512660.SH|512880.SH|513080.SH|513120.SH|513310.SH|513750.SH|518880.SH,1.527073025332011,0.6687372370154023,ucb
rolling_ucb_sampling,2025,2026,31,159687.SZ|159920.SZ|159980.SZ|159981.SZ|159985.SZ|160644.SZ|501018.SH|510880.SH|512660.SH|513030.SH|513180.SH|513290.SH|588200.SH,0.13172296418967464,0.9154186634947195,ucb
rolling_ucb_sampling,2025,2026,32,159766.SZ|159980.SZ|159985.SZ|160644.SZ|501018.SH|510180.SH|512890.SH|513070.SH|513100.SH|513120.SH|513400.SH|513880.SH|518880.SH,0.9061670737082809,0.8435159933897625,ucb
rolling_ucb_sampling,2025,2026,33,159209.SZ|159687.SZ|159928.SZ|159980.SZ|161226.SZ|501018.SH|512660.SH|513030.SH|513100.SH|513120.SH|513750.SH|513880.SH|518880.SH,1.64179427011604,0.7221670969211322,ucb
rolling_ucb_sampling,2025,2026,34,159509.SZ|159529.SZ|159865.SZ|159981.SZ|159985.SZ|160644.SZ|161226.SZ|510180.SH|512890.SH|513070.SH|513120.SH|513310.SH|518880.SH,2.0104499202331323,0.6687372370154023,ucb
rolling_ucb_sampling,2025,2026,35,159766.SZ|159985.SZ|161226.SZ|164824.SZ|501018.SH|512400.SH|513070.SH|513080.SH|513400.SH|513750.SH|513880.SH|515210.SH|518880.SH,0.9303675821552074,0.7410296767805958,ucb
rolling_ucb_sampling,2025,2026,36,159529.SZ|159796.SZ|159901.SZ|159985.SZ|161226.SZ|501018.SH|512890.SH|513030.SH|513070.SH|513120.SH|513400.SH|513880.SH|518880.SH,1.8326742676527206,0.7922774630150109,ucb
rolling_ucb_sampling,2025,2026,37,159529.SZ|159980.SZ|159981.SZ|161226.SZ|512890.SH|513070.SH|513100.SH|513120.SH|513290.SH|513310.SH|515880.SH|518880.SH|588220.SH,2.5869308016898853,0.6836733990479096,ucb
rolling_ucb_sampling,2025,2026,38,159687.SZ|159796.SZ|159920.SZ|159928.SZ|159980.SZ|159981.SZ|501018.SH|510050.SH|513080.SH|513120.SH|513400.SH|513880.SH|518880.SH,0.995206426764142,0.6998965492931684,ucb
rolling_ucb_sampling,2025,2026,39,159329.SZ|159687.SZ|159865.SZ|159870.SZ|159920.SZ|159980.SZ|159981.SZ|161226.SZ|501018.SH|510210.SH|513310.SH|513500.SH|513750.SH,0.7929592930216761,0.8342956687363152,ucb
rolling_ucb_sampling,2025,2026,40,159509.SZ|159865.SZ|159980.SZ|159981.SZ|501018.SH|510300.SH|513080.SH|513120.SH|513310.SH|513500.SH|513750.SH|515210.SH|518880.SH,1.5398678145189892,0.8555362044200798,ucb
rolling_ucb_sampling,2025,2026,41,159509.SZ|159611.SZ|159687.SZ|159870.SZ|159980.SZ|159981.SZ|159985.SZ|161226.SZ|510180.SH|513070.SH|513310.SH|513500.SH|513750.SH,1.0486286587158322,0.8555362044200798,ucb
rolling_ucb_sampling,2025,2026,42,159329.SZ|159687.SZ|159825.SZ|159851.SZ|159980.SZ|159981.SZ|161226.SZ|512660.SH|513070.SH|513080.SH|513100.SH|513120.SH|518880.SH,1.3596118020216228,0.6736212140701615,ucb
rolling_ucb_sampling,2025,2026,43,159796.SZ|159851.SZ|159915.SZ|159920.SZ|159980.SZ|159981.SZ|161226.SZ|501018.SH|513030.SH|513100.SH|513120.SH|513290.SH|513730.SH,0.7743012807060524,0.8121607274328089,ucb
rolling_ucb_sampling,2025,2026,44,159201.SZ|159206.SZ|159509.SZ|159915.SZ|159920.SZ|159981.SZ|161226.SZ|501018.SH|513120.SH|513290.SH|513400.SH|513500.SH|518880.SH,1.853777315768742,0.9181393430680445,ucb
rolling_ucb_sampling,2025,2026,45,159201.SZ|159209.SZ|159329.SZ|159529.SZ|159980.SZ|159985.SZ|161226.SZ|513070.SH|513120.SH|513310.SH|513880.SH|515790.SH|518880.SH,2.0628886791244647,0.8525784147324128,ucb
rolling_ucb_sampling,2025,2026,46,159201.SZ|159981.SZ|159985.SZ|160644.SZ|501018.SH|510500.SH|513030.SH|513070.SH|513120.SH|513290.SH|513310.SH|515790.SH|518880.SH,1.1132300645669821,0.8043257441990549,ucb
rolling_ucb_sampling,2025,2026,47,159985.SZ|160644.SZ|161226.SZ|501018.SH|512890.SH|513070.SH|513120.SH|513310.SH|513500.SH|513880.SH|515210.SH|515880.SH|518880.SH,1.8616312698776922,0.7199131004091246,ucb
rolling_ucb_sampling,2025,2026,48,159920.SZ|159980.SZ|160644.SZ|161226.SZ|501018.SH|510300.SH|512880.SH|513290.SH|513310.SH|513730.SH|513750.SH|515790.SH|518880.SH,1.4358474254436746,0.8342956687363152,ucb
rolling_ucb_sampling,2025,2026,49,159201.SZ|159920.SZ|159980.SZ|159981.SZ|501018.SH|513100.SH|513310.SH|513400.SH|513750.SH|513880.SH|515790.SH|515880.SH|518880.SH,1.8895119903817081,0.8435159933897625,ucb
rolling_ucb_sampling,2025,2026,50,159206.SZ|159920.SZ|159980.SZ|159985.SZ|161226.SZ|510210.SH|512890.SH|513030.SH|513180.SH|513310.SH|513400.SH|513880.SH|518880.SH,1.8496419615631838,0.9154186634947195,ucb
rolling_ucb_sampling,2025,2026,51,159687.SZ|159920.SZ|159981.SZ|159985.SZ|161226.SZ|164824.SZ|512100.SH|513100.SH|513120.SH|513310.SH|515790.SH|518880.SH|588200.SH,1.8108991462694815,0.7356952182661278,ucb
rolling_ucb_sampling,2025,2026,52,159329.SZ|159901.SZ|159980.SZ|159985.SZ|164824.SZ|501018.SH|510880.SH|512890.SH|513180.SH|513310.SH|513500.SH|513750.SH|518880.SH,0.49071474330694365,0.8983814081391552,ucb
rolling_ucb_sampling,2025,2026,53,159201.SZ|159529.SZ|159865.SZ|159920.SZ|159928.SZ|159981.SZ|160644.SZ|161226.SZ|501018.SH|513310.SH|513400.SH|513750.SH|518880.SH,1.4237824813597209,0.8342956687363152,ucb
rolling_ucb_sampling,2025,2026,54,159509.SZ|159687.SZ|159766.SZ|159980.SZ|159981.SZ|161226.SZ|510210.SH|512100.SH|513030.SH|513120.SH|513500.SH|513750.SH|518880.SH,1.6623882193949144,0.8555362044200798,ucb
rolling_ucb_sampling,2025,2026,55,159529.SZ|159687.SZ|159980.SZ|159985.SZ|164824.SZ|501018.SH|510180.SH|512170.SH|513120.SH|513180.SH|513400.SH|515880.SH|518880.SH,1.383707318665022,0.7166889230797147,ucb
rolling_ucb_sampling,2025,2026,56,159209.SZ|159796.SZ|159980.SZ|159985.SZ|161226.SZ|164824.SZ|501018.SH|512170.SH|513070.SH|513100.SH|513120.SH|513400.SH|513730.SH,0.7308158598523449,0.8435159933897625,ucb
rolling_ucb_sampling,2025,2026,57,159980.SZ|159985.SZ|501018.SH|512040.SH|512170.SH|513030.SH|513070.SH|513100.SH|513120.SH|513310.SH|513730.SH|515880.SH|518880.SH,1.711383461287303,0.8121121546849319,ucb
rolling_ucb_sampling,2025,2026,58,159985.SZ|160644.SZ|161226.SZ|164824.SZ|501018.SH|510300.SH|513030.SH|513070.SH|513500.SH|513750.SH|515880.SH|518880.SH|588000.SH,1.7449040834825886,0.7874327031732767,ucb
rolling_ucb_sampling,2025,2026,59,159201.SZ|159518.SZ|159529.SZ|159865.SZ|159980.SZ|159985.SZ|501018.SH|513070.SH|513100.SH|513120.SH|513880.SH|515790.SH|518880.SH,0.46620048254026875,0.7221670969211322,ucb
rolling_ucb_sampling,2025,2026,60,159206.SZ|159529.SZ|159796.SZ|159980.SZ|160644.SZ|161226.SZ|501018.SH|510500.SH|513070.SH|513290.SH|513750.SH|513880.SH|518880.SH,1.87025018831549,0.7707026304495602,ucb
rolling_ucb_sampling,2025,2026,61,159201.SZ|159518.SZ|159687.SZ|159980.SZ|159985.SZ|160644.SZ|161226.SZ|510210.SH|513120.SH|513180.SH|513500.SH|518880.SH|588220.SH,0.7208311154546786,0.8705173495660071,ucb
rolling_ucb_sampling,2025,2026,62,159206.SZ|159509.SZ|159981.SZ|159985.SZ|161226.SZ|501018.SH|512040.SH|512170.SH|513070.SH|513120.SH|513310.SH|513500.SH|513880.SH,1.0470636442768098,0.8555362044200798,ucb
rolling_ucb_sampling,2025,2026,63,159529.SZ|159920.SZ|159981.SZ|159985.SZ|501018.SH|510180.SH|512040.SH|512890.SH|513080.SH|513100.SH|513120.SH|513400.SH|518880.SH,0.8333161166115907,0.8435159933897625,ucb
rolling_ucb_sampling,2025,2026,64,159329.SZ|159980.SZ|159981.SZ|159985.SZ|512100.SH|512170.SH|512890.SH|513030.SH|513100.SH|513120.SH|513180.SH|513310.SH|518880.SH,0.9181548507197181,0.7632661354605174,ucb
rolling_ucb_sampling,2025,2026,65,159915.SZ|159981.SZ|159985.SZ|160644.SZ|161226.SZ|501018.SH|512890.SH|513030.SH|513070.SH|513290.SH|513400.SH|513750.SH|515790.SH,0.7950414942954196,0.7606387935357058,ucb
rolling_ucb_sampling,2025,2026,66,159915.SZ|159920.SZ|159981.SZ|159985.SZ|161226.SZ|501018.SH|512400.SH|512880.SH|513100.SH|513400.SH|513730.SH|513750.SH|513880.SH,0.6139255846940607,0.8435159933897625,ucb
rolling_ucb_sampling,2025,2026,67,159329.SZ|159920.SZ|159967.SZ|159980.SZ|159985.SZ|160644.SZ|161226.SZ|513100.SH|513120.SH|513290.SH|515880.SH|516150.SH|518880.SH,1.9086801368291075,0.8251378443044752,ucb
rolling_ucb_sampling,2025,2026,68,159687.SZ|159920.SZ|159980.SZ|161226.SZ|501018.SH|512400.SH|512880.SH|512890.SH|513290.SH|513400.SH|513730.SH|513750.SH|518880.SH,1.641244985532226,0.8342956687363152,ucb
rolling_ucb_sampling,2025,2026,69,159529.SZ|159865.SZ|159920.SZ|159980.SZ|159981.SZ|161226.SZ|501018.SH|510050.SH|512660.SH|513080.SH|513120.SH|513400.SH|513500.SH,0.31096243901871157,0.9181393430680445,ucb
rolling_ucb_sampling,2025,2026,70,159509.SZ|159949.SZ|159985.SZ|161226.SZ|501018.SH|510500.SH|513030.SH|513070.SH|513310.SH|513500.SH|513750.SH|515210.SH|518880.SH,1.2998223321123805,0.8851812860555432,ucb
rolling_ucb_sampling,2025,2026,71,159529.SZ|159915.SZ|159920.SZ|159928.SZ|159980.SZ|159981.SZ|160644.SZ|161226.SZ|513120.SH|513310.SH|513880.SH|515880.SH|518880.SH,1.9577008804744829,0.7990265061867076,ucb
rolling_ucb_sampling,2025,2026,72,159920.SZ|159980.SZ|159985.SZ|160644.SZ|161226.SZ|510210.SH|510500.SH|513030.SH|513180.SH|513290.SH|513880.SH|515220.SH|518880.SH,1.4940385134217622,0.9154186634947195,ucb
rolling_ucb_sampling,2025,2026,73,159509.SZ|159687.SZ|159851.SZ|159915.SZ|159920.SZ|159980.SZ|159985.SZ|501018.SH|513120.SH|513730.SH|513880.SH|515220.SH|518880.SH,1.1620566538985448,0.7700255446396679,ucb
rolling_ucb_sampling,2025,2026,74,159509.SZ|159985.SZ|161226.SZ|501018.SH|512660.SH|513030.SH|513070.SH|513120.SH|513310.SH|513880.SH|515790.SH|515880.SH|518880.SH,2.22014158329322,0.6559960328867108,ucb
rolling_ucb_sampling,2025,2026,75,159201.SZ|159509.SZ|159870.SZ|159985.SZ|161226.SZ|501018.SH|512170.SH|513080.SH|513120.SH|513180.SH|513290.SH|513730.SH|518880.SH,1.3389664685679297,0.8015173888522723,ucb
rolling_ucb_sampling,2025,2026,76,159209.SZ|159329.SZ|159611.SZ|159981.SZ|159985.SZ|501018.SH|510500.SH|513120.SH|513180.SH|513310.SH|513400.SH|513730.SH|518880.SH,1.0822280302250138,0.8100157343830297,ucb
rolling_ucb_sampling,2025,2026,77,159201.SZ|159825.SZ|159915.SZ|159920.SZ|159980.SZ|159981.SZ|159985.SZ|160644.SZ|513120.SH|513400.SH|513730.SH|513880.SH|518880.SH,0.7272144306513074,0.7149329360815625,ucb
rolling_ucb_sampling,2025,2026,78,159865.SZ|159980.SZ|159981.SZ|160644.SZ|501018.SH|510300.SH|513120.SH|513290.SH|513310.SH|513730.SH|513750.SH|518880.SH|588200.SH,1.8341359580140104,0.7132401373112867,ucb
rolling_ucb_sampling,2025,2026,79,159201.SZ|159329.SZ|159509.SZ|159766.SZ|159796.SZ|159980.SZ|159981.SZ|161226.SZ|513030.SH|513070.SH|513120.SH|513400.SH|518880.SH,1.8690257488743918,0.7390702798506157,ucb
rolling_ucb_sampling,2025,2026,80,159201.SZ|159206.SZ|159529.SZ|159766.SZ|159920.SZ|159980.SZ|159981.SZ|160644.SZ|161226.SZ|513100.SH|513120.SH|513880.SH|518880.SH,1.607214113435887,0.7221670969211322,ucb
rolling_ucb_sampling,2025,2026,81,159209.SZ|159529.SZ|159687.SZ|159980.SZ|159981.SZ|161226.SZ|512170.SH|513120.SH|513400.SH|513750.SH|513880.SH|515210.SH|518880.SH,1.8609784000504153,0.7299524520511864,ucb
rolling_ucb_sampling,2025,2026,82,159201.SZ|159687.SZ|159870.SZ|159920.SZ|159967.SZ|159981.SZ|159985.SZ|160644.SZ|161226.SZ|501018.SH|513100.SH|513750.SH|513880.SH,0.11393689483113832,0.8342956687363152,ucb
rolling_ucb_sampling,2025,2026,83,159206.SZ|159329.SZ|159509.SZ|159611.SZ|159985.SZ|161226.SZ|501018.SH|512100.SH|513070.SH|513120.SH|513310.SH|513400.SH|518880.SH,1.6582347493249834,0.7716331615155185,ucb
rolling_ucb_sampling,2025,2026,84,159209.SZ|159529.SZ|159687.SZ|159920.SZ|159980.SZ|159981.SZ|160644.SZ|161226.SZ|513180.SH|513500.SH|515220.SH|515790.SH|518880.SH,0.9797388353085538,0.9154186634947195,ucb
rolling_ucb_sampling,2025,2026,85,159687.SZ|159980.SZ|159981.SZ|160644.SZ|161226.SZ|510050.SH|512200.SH|513070.SH|513100.SH|513180.SH|513880.SH|515220.SH|518880.SH,0.3903869269395964,0.9189240922360594,ucb
rolling_ucb_sampling,2025,2026,86,159209.SZ|159329.SZ|159981.SZ|159985.SZ|161226.SZ|164824.SZ|512400.SH|513070.SH|513290.SH|513400.SH|513750.SH|515880.SH|518880.SH,2.578811167253062,0.7410296767805958,ucb
rolling_ucb_sampling,2025,2026,87,159518.SZ|159865.SZ|159980.SZ|159985.SZ|161226.SZ|513070.SH|513290.SH|513310.SH|513400.SH|513750.SH|515210.SH|516150.SH|518880.SH,1.4218937700327559,0.7410296767805958,ucb
rolling_ucb_sampling,2025,2026,88,159209.SZ|159518.SZ|159980.SZ|159981.SZ|161226.SZ|513030.SH|513070.SH|513290.SH|513750.SH|513880.SH|515880.SH|516150.SH|518880.SH,1.6235422331357245,0.7410296767805958,ucb
rolling_ucb_sampling,2025,2026,89,159206.SZ|159509.SZ|159529.SZ|159980.SZ|159985.SZ|161226.SZ|164824.SZ|510500.SH|513120.SH|513310.SH|513750.SH|515210.SH|518880.SH,2.272290202827494,0.7459287489465269,ucb
rolling_ucb_sampling,2025,2026,90,159329.SZ|159509.SZ|159529.SZ|159980.SZ|159985.SZ|501018.SH|510210.SH|513030.SH|513070.SH|513750.SH|515880.SH|518880.SH|562500.SH,1.4254047234907585,0.7410296767805958,ucb
rolling_ucb_sampling,2025,2026,91,159529.SZ|159825.SZ|159981.SZ|159985.SZ|161226.SZ|513080.SH|513120.SH|513180.SH|513310.SH|513500.SH|518880.SH|562500.SH|588200.SH,1.5413723279283496,0.6967976977990241,ucb
rolling_ucb_sampling,2025,2026,92,159766.SZ|159949.SZ|159981.SZ|159985.SZ|160644.SZ|161226.SZ|501018.SH|513070.SH|513120.SH|513310.SH|513730.SH|513880.SH|515210.SH,1.0514878706057604,0.6688529783989702,ucb
rolling_ucb_sampling,2025,2026,93,159329.SZ|159529.SZ|159687.SZ|159865.SZ|159967.SZ|159980.SZ|159981.SZ|159985.SZ|164824.SZ|513070.SH|513750.SH|518880.SH|588000.SH,0.8055452542357316,0.7417560367646421,ucb
rolling_ucb_sampling,2025,2026,94,159509.SZ|159518.SZ|159870.SZ|159980.SZ|159981.SZ|160644.SZ|161226.SZ|501018.SH|513120.SH|513400.SH|513750.SH|515220.SH|562500.SH,0.13678622418123867,0.7390702798506157,ucb
rolling_ucb_sampling,2025,2026,95,159206.SZ|159518.SZ|159985.SZ|161226.SZ|164824.SZ|501018.SH|512400.SH|513030.SH|513070.SH|513100.SH|513750.SH|515790.SH|518880.SH,1.1513894348247742,0.7410296767805958,ucb
rolling_ucb_sampling,2025,2026,96,159928.SZ|159980.SZ|161226.SZ|164824.SZ|501018.SH|513080.SH|513120.SH|513730.SH|513750.SH|513880.SH|516150.SH|518880.SH|562500.SH,1.5641199551868332,0.6633214241297003,ucb
rolling_ucb_sampling,2025,2026,97,159209.SZ|159981.SZ|160644.SZ|161226.SZ|501018.SH|512660.SH|513120.SH|513180.SH|513310.SH|513500.SH|513880.SH|515880.SH|518880.SH,1.2702647018226942,0.7199131004091246,ucb
rolling_ucb_sampling,2025,2026,98,159985.SZ|161226.SZ|501018.SH|510500.SH|512170.SH|513070.SH|513100.SH|513120.SH|513310.SH|513400.SH|513880.SH|518880.SH|588200.SH,1.6210434020680888,0.8435159933897625,ucb
rolling_ucb_sampling,2025,2026,99,159529.SZ|159611.SZ|159687.SZ|159928.SZ|159981.SZ|161226.SZ|164824.SZ|501018.SH|510880.SH|513100.SH|513120.SH|513750.SH|518880.SH,1.3591816438491915,0.6364427154363599,ucb
rolling_ucb_sampling,2025,2026,100,159928.SZ|159967.SZ|159980.SZ|159985.SZ|160644.SZ|161226.SZ|501018.SH|513070.SH|513180.SH|513310.SH|513400.SH|513880.SH|516150.SH,0.12091963476390517,0.9189240922360594,ucb
